Experiment,Seed,Loss,Conf,Alpha,Beta,N,Y_do,MSE Y,MAE Y,"HSIC(Y,X)",MSE Z,MAE Z,"HSIC(Z,X)","HSIC(Z,Y)",dHSIC Total,MMD,RF Acc
1,42,hsic,HSIC,0.0,1.0,50,1.0,0.87567,0.83444,0.10829,0.66803,0.69412,0.31168,,0.01767,0.10579,0.725
1,42,hsic,HSIC,0.0,1.0,50,0.0,0.87567,0.83444,0.10829,1.43674,0.7986,0.2328,,0.01769,0.04679,0.7
1,42,hsic,HSIC,0.0,1.0,100,1.0,1.09725,0.94574,0.13459,0.55739,0.63216,0.35699,,0.02724,0.16978,0.775
1,42,hsic,HSIC,0.0,1.0,100,0.0,1.09725,0.94574,0.13459,0.91913,0.66612,0.05812,,0.01113,0.11066,0.775
1,42,hsic,HSIC,0.0,1.0,300,1.0,0.49895,0.57506,0.09994,0.4322,0.56419,0.12162,,0.01463,0.17473,0.85
1,42,hsic,HSIC,0.0,1.0,300,0.0,0.49895,0.57506,0.09994,0.86866,0.6894,0.05689,,0.011,0.11689,0.8
1,42,hsic,HSIC,0.0,1.0,500,1.0,0.41996,0.51471,0.07006,1.27566,1.06205,0.0535,,0.00818,0.21787,0.825
1,42,hsic,HSIC,0.0,1.0,500,0.0,0.41996,0.51471,0.07006,1.28689,0.98891,0.04345,,0.00782,0.15667,0.775
1,42,hybrid,HYBRID_ALPHA0.1_BETA0.9,0.1,0.9,50,1.0,0.29495,0.35663,0.14637,0.64352,0.72067,0.08581,,0.01246,0.04826,0.625
1,42,hybrid,HYBRID_ALPHA0.2_BETA0.8,0.2,0.8,50,1.0,0.29754,0.35841,0.14986,0.43589,0.56179,0.25438,,0.02209,0.07607,0.725
1,42,hybrid,HYBRID_ALPHA0.3_BETA0.7,0.3,0.7,50,1.0,0.29514,0.35772,0.14951,0.41908,0.54184,0.29076,,0.02436,0.07283,0.675
1,42,hybrid,HYBRID_ALPHA0.4_BETA0.6,0.4,0.6,50,1.0,0.29995,0.35545,0.14917,0.41277,0.5317,0.3136,,0.02558,0.07083,0.675
1,42,hybrid,HYBRID_ALPHA0.5_BETA0.5,0.5,0.5,50,1.0,0.30166,0.35679,0.14695,0.41156,0.52794,0.32688,,0.02615,0.07028,0.675
1,42,hybrid,HYBRID_ALPHA0.6_BETA0.4,0.6,0.4,50,1.0,0.30482,0.35718,0.14537,0.41499,0.52984,0.33358,,0.02647,0.06934,0.7
1,42,hybrid,HYBRID_ALPHA0.7_BETA0.3,0.7,0.3,50,1.0,0.30648,0.35763,0.1459,0.40992,0.52776,0.32073,,0.02592,0.0688,0.7
1,42,hybrid,HYBRID_ALPHA0.8_BETA0.2,0.8,0.2,50,1.0,0.30832,0.36099,0.15453,0.38111,0.51131,0.2611,,0.02276,0.06626,0.725
1,42,hybrid,HYBRID_ALPHA0.9_BETA0.1,0.9,0.1,50,1.0,0.30954,0.3625,0.15747,0.36736,0.5137,0.15051,,0.01539,0.0745,0.775
1,42,hybrid,HYBRID_ALPHA0.1_BETA0.9,0.1,0.9,50,0.0,0.29495,0.35663,0.14637,0.99011,0.81683,0.04666,,0.01028,0.02232,0.575
1,42,hybrid,HYBRID_ALPHA0.2_BETA0.8,0.2,0.8,50,0.0,0.29754,0.35841,0.14986,1.05121,0.75517,0.20907,,0.01918,0.02874,0.75
1,42,hybrid,HYBRID_ALPHA0.3_BETA0.7,0.3,0.7,50,0.0,0.29514,0.35772,0.14951,1.05883,0.75562,0.2154,,0.0195,0.02852,0.65
1,42,hybrid,HYBRID_ALPHA0.4_BETA0.6,0.4,0.6,50,0.0,0.29995,0.35545,0.14917,1.06694,0.75384,0.21976,,0.01964,0.02915,0.675
1,42,hybrid,HYBRID_ALPHA0.5_BETA0.5,0.5,0.5,50,0.0,0.30166,0.35679,0.14695,1.06633,0.75149,0.21849,,0.0195,0.02962,0.7
1,42,hybrid,HYBRID_ALPHA0.6_BETA0.4,0.6,0.4,50,0.0,0.30482,0.35718,0.14537,1.0518,0.74738,0.20887,,0.01887,0.02916,0.7
1,42,hybrid,HYBRID_ALPHA0.7_BETA0.3,0.7,0.3,50,0.0,0.30648,0.35763,0.1459,1.03624,0.73874,0.19611,,0.018,0.02874,0.65
1,42,hybrid,HYBRID_ALPHA0.8_BETA0.2,0.8,0.2,50,0.0,0.30832,0.36099,0.15453,0.99676,0.71978,0.16525,,0.01642,0.02783,0.65
1,42,hybrid,HYBRID_ALPHA0.9_BETA0.1,0.9,0.1,50,0.0,0.30954,0.3625,0.15747,0.88728,0.66404,0.07201,,0.01108,0.02431,0.6
1,42,hybrid,HYBRID_ALPHA0.1_BETA0.9,0.1,0.9,100,1.0,0.27183,0.34122,0.16006,0.48083,0.59458,0.23644,,0.0194,0.08851,0.75
1,42,hybrid,HYBRID_ALPHA0.2_BETA0.8,0.2,0.8,100,1.0,0.264,0.3361,0.18129,0.38457,0.52904,0.16127,,0.015,0.0984,0.775
1,42,hybrid,HYBRID_ALPHA0.3_BETA0.7,0.3,0.7,100,1.0,0.2614,0.34062,0.19498,0.35297,0.50537,0.12656,,0.01346,0.08189,0.825
1,42,hybrid,HYBRID_ALPHA0.4_BETA0.6,0.4,0.6,100,1.0,0.26316,0.3348,0.19248,0.36656,0.5163,0.137,,0.01489,0.07641,0.8
1,42,hybrid,HYBRID_ALPHA0.5_BETA0.5,0.5,0.5,100,1.0,0.26204,0.33638,0.19507,0.33087,0.48928,0.08327,,0.01256,0.06073,0.7
1,42,hybrid,HYBRID_ALPHA0.6_BETA0.4,0.6,0.4,100,1.0,0.26007,0.33698,0.19797,0.30621,0.46843,0.06275,,0.00909,0.05573,0.7
1,42,hybrid,HYBRID_ALPHA0.7_BETA0.3,0.7,0.3,100,1.0,0.26998,0.35023,0.21696,0.30747,0.47009,0.06079,,0.00906,0.05704,0.675
1,42,hybrid,HYBRID_ALPHA0.8_BETA0.2,0.8,0.2,100,1.0,0.27047,0.35303,0.22137,0.31222,0.47404,0.06203,,0.00954,0.0583,0.725
1,42,hybrid,HYBRID_ALPHA0.9_BETA0.1,0.9,0.1,100,1.0,0.27372,0.3581,0.22741,0.3218,0.47901,0.09147,,0.01222,0.06069,0.75
1,42,hybrid,HYBRID_ALPHA0.1_BETA0.9,0.1,0.9,100,0.0,0.27183,0.34122,0.16006,0.92379,0.70685,0.09999,,0.01259,0.02824,0.575
1,42,hybrid,HYBRID_ALPHA0.2_BETA0.8,0.2,0.8,100,0.0,0.264,0.3361,0.18129,0.92979,0.68572,0.09551,,0.01231,0.03227,0.625
1,42,hybrid,HYBRID_ALPHA0.3_BETA0.7,0.3,0.7,100,0.0,0.2614,0.34062,0.19498,0.9318,0.7009,0.11886,,0.01466,0.03481,0.7
1,42,hybrid,HYBRID_ALPHA0.4_BETA0.6,0.4,0.6,100,0.0,0.26316,0.3348,0.19248,0.94177,0.73089,0.13408,,0.01569,0.0377,0.75
1,42,hybrid,HYBRID_ALPHA0.5_BETA0.5,0.5,0.5,100,0.0,0.26204,0.33638,0.19507,0.93209,0.74832,0.10913,,0.01455,0.03853,0.675
1,42,hybrid,HYBRID_ALPHA0.6_BETA0.4,0.6,0.4,100,0.0,0.26007,0.33698,0.19797,0.92258,0.73325,0.09889,,0.01241,0.03537,0.7
1,42,hybrid,HYBRID_ALPHA0.7_BETA0.3,0.7,0.3,100,0.0,0.26998,0.35023,0.21696,0.91069,0.72393,0.09082,,0.01192,0.03394,0.7
1,42,hybrid,HYBRID_ALPHA0.8_BETA0.2,0.8,0.2,100,0.0,0.27047,0.35303,0.22137,0.89834,0.71684,0.08002,,0.01139,0.03252,0.65
1,42,hybrid,HYBRID_ALPHA0.9_BETA0.1,0.9,0.1,100,0.0,0.27372,0.3581,0.22741,0.90193,0.71872,0.0857,,0.012,0.03335,0.65
1,42,hybrid,HYBRID_ALPHA0.1_BETA0.9,0.1,0.9,300,1.0,0.35704,0.46522,0.07228,0.27315,0.41152,0.06667,,0.00821,0.05393,0.65
1,42,hybrid,HYBRID_ALPHA0.2_BETA0.8,0.2,0.8,300,1.0,0.3065,0.39665,0.09415,0.25283,0.38513,0.04655,,0.00735,0.04946,0.8
1,42,hybrid,HYBRID_ALPHA0.3_BETA0.7,0.3,0.7,300,1.0,0.24381,0.31549,0.17102,0.2469,0.376,0.04245,,0.00779,0.04916,0.8
1,42,hybrid,HYBRID_ALPHA0.4_BETA0.6,0.4,0.6,300,1.0,0.26548,0.33476,0.12886,0.24672,0.36673,0.04438,,0.00837,0.04914,0.75
1,42,hybrid,HYBRID_ALPHA0.5_BETA0.5,0.5,0.5,300,1.0,0.25039,0.31921,0.17105,0.27063,0.38594,0.08849,,0.00983,0.05269,0.675
1,42,hybrid,HYBRID_ALPHA0.6_BETA0.4,0.6,0.4,300,1.0,0.28149,0.33129,0.14949,0.26306,0.36256,0.03645,,0.00744,0.05075,0.775
1,42,hybrid,HYBRID_ALPHA0.7_BETA0.3,0.7,0.3,300,1.0,0.27913,0.33254,0.15011,0.26212,0.36016,0.03836,,0.00811,0.05124,0.725
1,42,hybrid,HYBRID_ALPHA0.8_BETA0.2,0.8,0.2,300,1.0,0.25194,0.3298,0.18891,0.24712,0.35757,0.04083,,0.00883,0.05355,0.675
1,42,hybrid,HYBRID_ALPHA0.9_BETA0.1,0.9,0.1,300,1.0,0.25418,0.33791,0.20211,0.24278,0.35474,0.03771,,0.00871,0.05895,0.7
1,42,hybrid,HYBRID_ALPHA0.1_BETA0.9,0.1,0.9,300,0.0,0.35704,0.46522,0.07228,0.90186,0.66718,0.06576,,0.01032,0.02792,0.65
1,42,hybrid,HYBRID_ALPHA0.2_BETA0.8,0.2,0.8,300,0.0,0.3065,0.39665,0.09415,0.87606,0.66161,0.05577,,0.01019,0.02751,0.675
1,42,hybrid,HYBRID_ALPHA0.3_BETA0.7,0.3,0.7,300,0.0,0.24381,0.31549,0.17102,0.88493,0.66353,0.0661,,0.01134,0.02886,0.675
1,42,hybrid,HYBRID_ALPHA0.4_BETA0.6,0.4,0.6,300,0.0,0.26548,0.33476,0.12886,0.89723,0.66298,0.0716,,0.01186,0.02918,0.675
1,42,hybrid,HYBRID_ALPHA0.5_BETA0.5,0.5,0.5,300,0.0,0.25039,0.31921,0.17105,0.96024,0.70794,0.12855,,0.01397,0.03491,0.675
1,42,hybrid,HYBRID_ALPHA0.6_BETA0.4,0.6,0.4,300,0.0,0.28149,0.33129,0.14949,0.91106,0.67827,0.07367,,0.01044,0.02976,0.7
1,42,hybrid,HYBRID_ALPHA0.7_BETA0.3,0.7,0.3,300,0.0,0.27913,0.33254,0.15011,0.90312,0.67723,0.07089,,0.01041,0.02957,0.675
1,42,hybrid,HYBRID_ALPHA0.8_BETA0.2,0.8,0.2,300,0.0,0.25194,0.3298,0.18891,0.8271,0.66814,0.03493,,0.0081,0.02621,0.65
1,42,hybrid,HYBRID_ALPHA0.9_BETA0.1,0.9,0.1,300,0.0,0.25418,0.33791,0.20211,0.81669,0.66604,0.0344,,0.00815,0.02784,0.625
1,42,hybrid,HYBRID_ALPHA0.1_BETA0.9,0.1,0.9,500,1.0,0.27696,0.38199,0.09763,0.27218,0.42321,0.05566,,0.00822,0.07834,0.75
1,42,hybrid,HYBRID_ALPHA0.2_BETA0.8,0.2,0.8,500,1.0,0.2878,0.39109,0.06976,0.25764,0.4056,0.0449,,0.00815,0.07448,0.725
1,42,hybrid,HYBRID_ALPHA0.3_BETA0.7,0.3,0.7,500,1.0,0.25166,0.3487,0.0866,0.25425,0.39741,0.04557,,0.00808,0.07391,0.75
1,42,hybrid,HYBRID_ALPHA0.4_BETA0.6,0.4,0.6,500,1.0,0.23043,0.30724,0.16726,0.24496,0.37165,0.03554,,0.00789,0.07111,0.8
1,42,hybrid,HYBRID_ALPHA0.5_BETA0.5,0.5,0.5,500,1.0,0.23134,0.30757,0.17274,0.25665,0.3947,0.05436,,0.00894,0.07261,0.725
1,42,hybrid,HYBRID_ALPHA0.6_BETA0.4,0.6,0.4,500,1.0,0.23477,0.31164,0.17296,0.26203,0.40357,0.05198,,0.01015,0.06767,0.75
1,42,hybrid,HYBRID_ALPHA0.7_BETA0.3,0.7,0.3,500,1.0,0.23833,0.31388,0.1859,0.26052,0.39966,0.05311,,0.01034,0.06727,0.725
1,42,hybrid,HYBRID_ALPHA0.8_BETA0.2,0.8,0.2,500,1.0,0.2374,0.31767,0.19278,0.26101,0.36539,0.05789,,0.00926,0.07227,0.75
1,42,hybrid,HYBRID_ALPHA0.9_BETA0.1,0.9,0.1,500,1.0,0.23656,0.32117,0.20075,0.2737,0.3711,0.08716,,0.01073,0.07293,0.7
1,42,hybrid,HYBRID_ALPHA0.1_BETA0.9,0.1,0.9,500,0.0,0.27696,0.38199,0.09763,0.89632,0.67288,0.07597,,0.01107,0.03565,0.575
1,42,hybrid,HYBRID_ALPHA0.2_BETA0.8,0.2,0.8,500,0.0,0.2878,0.39109,0.06976,0.89087,0.67116,0.07347,,0.01143,0.03545,0.6
1,42,hybrid,HYBRID_ALPHA0.3_BETA0.7,0.3,0.7,500,0.0,0.25166,0.3487,0.0866,0.90473,0.67517,0.08049,,0.01159,0.03598,0.625
1,42,hybrid,HYBRID_ALPHA0.4_BETA0.6,0.4,0.6,500,0.0,0.23043,0.30724,0.16726,0.9086,0.67771,0.07789,,0.01112,0.03597,0.65
1,42,hybrid,HYBRID_ALPHA0.5_BETA0.5,0.5,0.5,500,0.0,0.23134,0.30757,0.17274,0.91783,0.69428,0.09975,,0.01285,0.03806,0.625
1,42,hybrid,HYBRID_ALPHA0.6_BETA0.4,0.6,0.4,500,0.0,0.23477,0.31164,0.17296,0.87378,0.67662,0.04827,,0.00931,0.03257,0.6
1,42,hybrid,HYBRID_ALPHA0.7_BETA0.3,0.7,0.3,500,0.0,0.23833,0.31388,0.1859,0.87279,0.67763,0.04925,,0.00948,0.03292,0.6
1,42,hybrid,HYBRID_ALPHA0.8_BETA0.2,0.8,0.2,500,0.0,0.2374,0.31767,0.19278,0.93433,0.70037,0.10685,,0.01292,0.03951,0.625
1,42,hybrid,HYBRID_ALPHA0.9_BETA0.1,0.9,0.1,500,0.0,0.23656,0.32117,0.20075,0.9483,0.70993,0.12123,,0.01383,0.04082,0.625
1,42,mse,MSE,1.0,0.0,50,1.0,0.3113,0.36454,0.16039,0.57928,0.65687,0.1805,,0.0173,0.10876,0.775
1,42,mse,MSE,1.0,0.0,50,0.0,0.3113,0.36454,0.16039,0.89183,0.66974,0.05436,,0.00966,0.02317,0.6
1,42,mse,MSE,1.0,0.0,100,1.0,0.28148,0.36777,0.23646,0.33354,0.48112,0.15552,,0.01747,0.06157,0.75
1,42,mse,MSE,1.0,0.0,100,0.0,0.28148,0.36777,0.23646,0.92534,0.73715,0.10738,,0.01373,0.03683,0.675
1,42,mse,MSE,1.0,0.0,300,1.0,0.26398,0.35254,0.22291,0.37955,0.46188,0.37137,,0.02844,0.06884,0.675
1,42,mse,MSE,1.0,0.0,300,0.0,0.26398,0.35254,0.22291,1.12425,0.75046,0.2403,,0.02084,0.04066,0.725
1,42,mse,MSE,1.0,0.0,500,1.0,0.23605,0.32634,0.21213,0.26623,0.37223,0.08903,,0.01151,0.06705,0.7
1,42,mse,MSE,1.0,0.0,500,0.0,0.23605,0.32634,0.21213,0.88429,0.69547,0.07052,,0.01104,0.03791,0.625
2,43,hsic,HSIC,0.0,1.0,50,1.0,0.57525,0.51729,0.2572,0.47258,0.5576,0.36479,,0.02213,0.35183,0.925
2,43,hsic,HSIC,0.0,1.0,50,0.0,0.57525,0.51729,0.2572,0.98008,0.73303,0.15364,,0.01622,0.30426,0.85
2,43,hsic,HSIC,0.0,1.0,100,1.0,1.18059,1.00117,0.23442,0.52983,0.64399,0.09636,,0.01213,0.45915,0.95
2,43,hsic,HSIC,0.0,1.0,100,0.0,1.18059,1.00117,0.23442,1.21196,0.93248,0.08558,,0.01354,0.43289,0.95
2,43,hsic,HSIC,0.0,1.0,300,1.0,0.9012,0.75985,0.06246,10.38323,3.16075,0.09226,,0.01361,0.43974,0.95
2,43,hsic,HSIC,0.0,1.0,300,0.0,0.9012,0.75985,0.06246,10.9102,3.16927,0.06016,,0.01064,0.41488,0.925
2,43,hsic,HSIC,0.0,1.0,500,1.0,0.58556,0.61504,0.08207,7.36955,2.66231,0.1045,,0.01155,0.42026,0.95
2,43,hsic,HSIC,0.0,1.0,500,0.0,0.58556,0.61504,0.08207,6.68456,2.44953,0.06939,,0.00976,0.3995,0.95
2,43,hybrid,HYBRID_ALPHA0.1_BETA0.9,0.1,0.9,50,1.0,0.49334,0.4489,0.2603,0.34983,0.48063,0.26216,,0.02186,0.08599,0.7
2,43,hybrid,HYBRID_ALPHA0.2_BETA0.8,0.2,0.8,50,1.0,0.48489,0.44575,0.26049,0.33951,0.46748,0.26386,,0.02212,0.08504,0.7
2,43,hybrid,HYBRID_ALPHA0.3_BETA0.7,0.3,0.7,50,1.0,0.45524,0.43169,0.26039,0.33224,0.4554,0.26681,,0.02249,0.08452,0.7
2,43,hybrid,HYBRID_ALPHA0.4_BETA0.6,0.4,0.6,50,1.0,0.4419,0.42534,0.25966,0.32915,0.4418,0.27622,,0.02307,0.08466,0.7
2,43,hybrid,HYBRID_ALPHA0.5_BETA0.5,0.5,0.5,50,1.0,0.44006,0.42413,0.25899,0.33075,0.42988,0.27935,,0.02328,0.08501,0.7
2,43,hybrid,HYBRID_ALPHA0.6_BETA0.4,0.6,0.4,50,1.0,0.43961,0.42386,0.25879,0.34289,0.42756,0.29615,,0.02441,0.085,0.725
2,43,hybrid,HYBRID_ALPHA0.7_BETA0.3,0.7,0.3,50,1.0,0.43932,0.42384,0.25886,0.37996,0.44385,0.34119,,0.02747,0.08611,0.675
2,43,hybrid,HYBRID_ALPHA0.8_BETA0.2,0.8,0.2,50,1.0,0.43877,0.42338,0.25862,0.33995,0.40257,0.22891,,0.01961,0.0748,0.675
2,43,hybrid,HYBRID_ALPHA0.9_BETA0.1,0.9,0.1,50,1.0,0.44275,0.42448,0.25874,0.39677,0.448,0.33579,,0.02711,0.08237,0.675
2,43,hybrid,HYBRID_ALPHA0.1_BETA0.9,0.1,0.9,50,0.0,0.49334,0.4489,0.2603,1.0057,0.74999,0.18107,,0.01783,0.05631,0.675
2,43,hybrid,HYBRID_ALPHA0.2_BETA0.8,0.2,0.8,50,0.0,0.48489,0.44575,0.26049,1.00833,0.74344,0.1811,,0.01778,0.05618,0.65
2,43,hybrid,HYBRID_ALPHA0.3_BETA0.7,0.3,0.7,50,0.0,0.45524,0.43169,0.26039,1.01299,0.73875,0.18226,,0.0179,0.05605,0.65
2,43,hybrid,HYBRID_ALPHA0.4_BETA0.6,0.4,0.6,50,0.0,0.4419,0.42534,0.25966,1.02363,0.72921,0.1828,,0.01782,0.05669,0.65
2,43,hybrid,HYBRID_ALPHA0.5_BETA0.5,0.5,0.5,50,0.0,0.44006,0.42413,0.25899,1.03732,0.72089,0.18263,,0.01791,0.05647,0.65
2,43,hybrid,HYBRID_ALPHA0.6_BETA0.4,0.6,0.4,50,0.0,0.43961,0.42386,0.25879,1.05174,0.72041,0.18745,,0.0183,0.0556,0.65
2,43,hybrid,HYBRID_ALPHA0.7_BETA0.3,0.7,0.3,50,0.0,0.43932,0.42384,0.25886,1.14919,0.73686,0.22252,,0.02014,0.05731,0.675
2,43,hybrid,HYBRID_ALPHA0.8_BETA0.2,0.8,0.2,50,0.0,0.43877,0.42338,0.25862,1.09262,0.70363,0.16016,,0.01636,0.05535,0.65
2,43,hybrid,HYBRID_ALPHA0.9_BETA0.1,0.9,0.1,50,0.0,0.44275,0.42448,0.25874,1.1651,0.73703,0.2223,,0.02013,0.05808,0.625
2,43,hybrid,HYBRID_ALPHA0.1_BETA0.9,0.1,0.9,100,1.0,0.27905,0.3938,0.22972,0.30157,0.43229,0.17896,,0.01705,0.11038,0.8
2,43,hybrid,HYBRID_ALPHA0.2_BETA0.8,0.2,0.8,100,1.0,0.25449,0.36418,0.23091,0.29638,0.42104,0.17286,,0.01665,0.14261,0.775
2,43,hybrid,HYBRID_ALPHA0.3_BETA0.7,0.3,0.7,100,1.0,0.27301,0.36187,0.17714,0.29779,0.4045,0.17604,,0.01691,0.16572,0.8
2,43,hybrid,HYBRID_ALPHA0.4_BETA0.6,0.4,0.6,100,1.0,0.24829,0.35023,0.19673,0.30935,0.39932,0.1909,,0.018,0.18579,0.825
2,43,hybrid,HYBRID_ALPHA0.5_BETA0.5,0.5,0.5,100,1.0,0.24649,0.34977,0.21686,0.33463,0.39734,0.19156,,0.01782,0.16934,0.775
2,43,hybrid,HYBRID_ALPHA0.6_BETA0.4,0.6,0.4,100,1.0,0.24499,0.34681,0.22095,0.37006,0.41535,0.18828,,0.01741,0.13324,0.8
2,43,hybrid,HYBRID_ALPHA0.7_BETA0.3,0.7,0.3,100,1.0,0.24361,0.34468,0.22432,0.43836,0.45944,0.21085,,0.01885,0.12217,0.8
2,43,hybrid,HYBRID_ALPHA0.8_BETA0.2,0.8,0.2,100,1.0,0.24507,0.34568,0.22069,0.40204,0.43615,0.22794,,0.01975,0.10453,0.775
2,43,hybrid,HYBRID_ALPHA0.9_BETA0.1,0.9,0.1,100,1.0,0.24209,0.344,0.2311,0.40691,0.44106,0.24351,,0.02099,0.10735,0.775
2,43,hybrid,HYBRID_ALPHA0.1_BETA0.9,0.1,0.9,100,0.0,0.27905,0.3938,0.22972,0.92334,0.71278,0.1086,,0.0136,0.05741,0.725
2,43,hybrid,HYBRID_ALPHA0.2_BETA0.8,0.2,0.8,100,0.0,0.25449,0.36418,0.23091,0.92168,0.70682,0.10541,,0.01338,0.07896,0.7
2,43,hybrid,HYBRID_ALPHA0.3_BETA0.7,0.3,0.7,100,0.0,0.27301,0.36187,0.17714,0.93494,0.69705,0.11123,,0.01384,0.09738,0.75
2,43,hybrid,HYBRID_ALPHA0.4_BETA0.6,0.4,0.6,100,0.0,0.24829,0.35023,0.19673,0.97768,0.69836,0.13735,,0.01554,0.11512,0.7
2,43,hybrid,HYBRID_ALPHA0.5_BETA0.5,0.5,0.5,100,0.0,0.24649,0.34977,0.21686,1.02186,0.69777,0.15352,,0.01643,0.10115,0.725
2,43,hybrid,HYBRID_ALPHA0.6_BETA0.4,0.6,0.4,100,0.0,0.24499,0.34681,0.22095,1.07627,0.70522,0.1683,,0.01715,0.07421,0.7
2,43,hybrid,HYBRID_ALPHA0.7_BETA0.3,0.7,0.3,100,0.0,0.24361,0.34468,0.22432,1.17904,0.72716,0.19091,,0.01829,0.06843,0.7
2,43,hybrid,HYBRID_ALPHA0.8_BETA0.2,0.8,0.2,100,0.0,0.24507,0.34568,0.22069,1.12668,0.72652,0.20364,,0.01868,0.06181,0.7
2,43,hybrid,HYBRID_ALPHA0.9_BETA0.1,0.9,0.1,100,0.0,0.24209,0.344,0.2311,1.13415,0.72786,0.20608,,0.01888,0.062,0.7
2,43,hybrid,HYBRID_ALPHA0.1_BETA0.9,0.1,0.9,300,1.0,0.46728,0.56865,0.08167,0.64488,0.62914,0.11067,,0.01922,0.10683,0.775
2,43,hybrid,HYBRID_ALPHA0.2_BETA0.8,0.2,0.8,300,1.0,0.40968,0.51641,0.05836,0.35644,0.40036,0.08346,,0.01631,0.07499,0.625
2,43,hybrid,HYBRID_ALPHA0.3_BETA0.7,0.3,0.7,300,1.0,0.35339,0.46547,0.06858,0.29362,0.3631,0.08376,,0.0163,0.0746,0.6
2,43,hybrid,HYBRID_ALPHA0.4_BETA0.6,0.4,0.6,300,1.0,0.31347,0.42606,0.0833,0.25836,0.36287,0.08914,,0.01684,0.07458,0.6
2,43,hybrid,HYBRID_ALPHA0.5_BETA0.5,0.5,0.5,300,1.0,0.29656,0.41686,0.05764,0.26124,0.36092,0.09054,,0.01693,0.07441,0.625
2,43,hybrid,HYBRID_ALPHA0.6_BETA0.4,0.6,0.4,300,1.0,0.28244,0.37925,0.08332,0.25804,0.36463,0.08752,,0.01656,0.07422,0.65
2,43,hybrid,HYBRID_ALPHA0.7_BETA0.3,0.7,0.3,300,1.0,0.24119,0.31655,0.17832,0.25973,0.36493,0.08581,,0.01635,0.07417,0.65
2,43,hybrid,HYBRID_ALPHA0.8_BETA0.2,0.8,0.2,300,1.0,0.24053,0.31331,0.18455,0.35085,0.43414,0.28423,,0.02375,0.09787,0.725
2,43,hybrid,HYBRID_ALPHA0.9_BETA0.1,0.9,0.1,300,1.0,0.24905,0.32173,0.19674,0.36471,0.44215,0.31383,,0.02575,0.09708,0.725
2,43,hybrid,HYBRID_ALPHA0.1_BETA0.9,0.1,0.9,300,0.0,0.46728,0.56865,0.08167,1.27227,0.73379,0.06299,,0.01209,0.05356,0.675
2,43,hybrid,HYBRID_ALPHA0.2_BETA0.8,0.2,0.8,300,0.0,0.40968,0.51641,0.05836,0.98326,0.65544,0.056,,0.01167,0.04267,0.7
2,43,hybrid,HYBRID_ALPHA0.3_BETA0.7,0.3,0.7,300,0.0,0.35339,0.46547,0.06858,0.91282,0.65276,0.05588,,0.01165,0.04275,0.675
2,43,hybrid,HYBRID_ALPHA0.4_BETA0.6,0.4,0.6,300,0.0,0.31347,0.42606,0.0833,0.87397,0.66913,0.05747,,0.0117,0.04282,0.725
2,43,hybrid,HYBRID_ALPHA0.5_BETA0.5,0.5,0.5,300,0.0,0.29656,0.41686,0.05764,0.87501,0.66769,0.05742,,0.01168,0.04288,0.7
2,43,hybrid,HYBRID_ALPHA0.6_BETA0.4,0.6,0.4,300,0.0,0.28244,0.37925,0.08332,0.87054,0.67497,0.05676,,0.01164,0.04303,0.7
2,43,hybrid,HYBRID_ALPHA0.7_BETA0.3,0.7,0.3,300,0.0,0.24119,0.31655,0.17832,0.87097,0.67832,0.0571,,0.01171,0.04339,0.675
2,43,hybrid,HYBRID_ALPHA0.8_BETA0.2,0.8,0.2,300,0.0,0.24053,0.31331,0.18455,1.09994,0.74204,0.22563,,0.01999,0.06082,0.7
2,43,hybrid,HYBRID_ALPHA0.9_BETA0.1,0.9,0.1,300,0.0,0.24905,0.32173,0.19674,1.10876,0.7466,0.2329,,0.02042,0.0609,0.675
2,43,hybrid,HYBRID_ALPHA0.1_BETA0.9,0.1,0.9,500,1.0,0.3365,0.45731,0.12731,0.26207,0.37215,0.06409,,0.00882,0.13526,0.825
2,43,hybrid,HYBRID_ALPHA0.2_BETA0.8,0.2,0.8,500,1.0,0.25906,0.32994,0.15707,0.27334,0.38166,0.08459,,0.0097,0.09288,0.8
2,43,hybrid,HYBRID_ALPHA0.3_BETA0.7,0.3,0.7,500,1.0,0.24621,0.33423,0.1589,0.28004,0.37581,0.08845,,0.01013,0.09254,0.775
2,43,hybrid,HYBRID_ALPHA0.4_BETA0.6,0.4,0.6,500,1.0,0.26402,0.33171,0.1552,0.29215,0.37316,0.09528,,0.0113,0.09456,0.75
2,43,hybrid,HYBRID_ALPHA0.5_BETA0.5,0.5,0.5,500,1.0,0.28311,0.36566,0.09597,0.26977,0.36434,0.06559,,0.01249,0.06801,0.675
2,43,hybrid,HYBRID_ALPHA0.6_BETA0.4,0.6,0.4,500,1.0,0.27632,0.36474,0.09352,0.27887,0.36491,0.0748,,0.0138,0.06914,0.675
2,43,hybrid,HYBRID_ALPHA0.7_BETA0.3,0.7,0.3,500,1.0,0.27481,0.36102,0.10438,0.25799,0.36858,0.05764,,0.01124,0.06716,0.675
2,43,hybrid,HYBRID_ALPHA0.8_BETA0.2,0.8,0.2,500,1.0,0.27125,0.3558,0.1148,0.25593,0.37116,0.0569,,0.01076,0.06752,0.675
2,43,hybrid,HYBRID_ALPHA0.9_BETA0.1,0.9,0.1,500,1.0,0.26622,0.35164,0.11914,0.25854,0.3765,0.07376,,0.01283,0.06771,0.65
2,43,hybrid,HYBRID_ALPHA0.1_BETA0.9,0.1,0.9,500,0.0,0.3365,0.45731,0.12731,0.94198,0.66355,0.07891,,0.01196,0.0751,0.7
2,43,hybrid,HYBRID_ALPHA0.2_BETA0.8,0.2,0.8,500,0.0,0.25906,0.32994,0.15707,0.97657,0.67776,0.10429,,0.01309,0.04813,0.625
2,43,hybrid,HYBRID_ALPHA0.3_BETA0.7,0.3,0.7,500,0.0,0.24621,0.33423,0.1589,0.9905,0.67842,0.10623,,0.01322,0.04839,0.65
2,43,hybrid,HYBRID_ALPHA0.4_BETA0.6,0.4,0.6,500,0.0,0.26402,0.33171,0.1552,1.05847,0.68899,0.12909,,0.01481,0.05005,0.625
2,43,hybrid,HYBRID_ALPHA0.5_BETA0.5,0.5,0.5,500,0.0,0.28311,0.36566,0.09597,0.89235,0.67049,0.05768,,0.0106,0.04069,0.7
2,43,hybrid,HYBRID_ALPHA0.6_BETA0.4,0.6,0.4,500,0.0,0.27632,0.36474,0.09352,0.89669,0.66954,0.06084,,0.011,0.041,0.65
2,43,hybrid,HYBRID_ALPHA0.7_BETA0.3,0.7,0.3,500,0.0,0.27481,0.36102,0.10438,0.87823,0.6742,0.05469,,0.01057,0.03977,0.675
2,43,hybrid,HYBRID_ALPHA0.8_BETA0.2,0.8,0.2,500,0.0,0.27125,0.3558,0.1148,0.87812,0.66782,0.05372,,0.01056,0.03915,0.625
2,43,hybrid,HYBRID_ALPHA0.9_BETA0.1,0.9,0.1,500,0.0,0.26622,0.35164,0.11914,0.8772,0.6669,0.05949,,0.01159,0.03949,0.675
2,43,mse,MSE,1.0,0.0,50,1.0,0.44261,0.4244,0.25873,0.63594,0.61493,0.54595,,0.02874,0.30578,0.85
2,43,mse,MSE,1.0,0.0,50,0.0,0.44261,0.4244,0.25873,1.25675,0.82062,0.32357,,0.02087,0.24668,0.8
2,43,mse,MSE,1.0,0.0,100,1.0,0.24706,0.35677,0.25698,0.42191,0.47783,0.41725,,0.03007,0.17647,0.825
2,43,mse,MSE,1.0,0.0,100,0.0,0.24706,0.35677,0.25698,1.18074,0.76176,0.26068,,0.02157,0.10969,0.7
2,43,mse,MSE,1.0,0.0,300,1.0,0.25103,0.33811,0.2388,0.42384,0.49185,0.43364,,0.03147,0.10065,0.725
2,43,mse,MSE,1.0,0.0,300,0.0,0.25103,0.33811,0.2388,1.13297,0.77332,0.26457,,0.0218,0.06179,0.7
2,43,mse,MSE,1.0,0.0,500,1.0,0.25807,0.35321,0.15682,0.39187,0.5044,0.29563,,0.0241,0.08226,0.675
2,43,mse,MSE,1.0,0.0,500,0.0,0.25807,0.35321,0.15682,0.99422,0.71764,0.13845,,0.01705,0.0431,0.65
3,44,hsic,HSIC,0.0,1.0,50,1.0,1.43826,1.13337,0.18085,0.90929,0.88764,0.0448,,0.00982,0.31362,0.85
3,44,hsic,HSIC,0.0,1.0,50,0.0,1.43826,1.13337,0.18085,1.93045,1.24643,0.04745,,0.00937,0.23221,0.825
3,44,hsic,HSIC,0.0,1.0,100,1.0,0.91591,0.83589,0.14123,0.41846,0.56164,0.13882,,0.01481,0.22968,0.8
3,44,hsic,HSIC,0.0,1.0,100,0.0,0.91591,0.83589,0.14123,0.90067,0.66537,0.04094,,0.0078,0.17943,0.8
3,44,hsic,HSIC,0.0,1.0,300,1.0,0.67404,0.62156,0.12155,0.4536,0.58411,0.15622,,0.01462,0.28701,0.9
3,44,hsic,HSIC,0.0,1.0,300,0.0,0.67404,0.62156,0.12155,0.93228,0.68158,0.03898,,0.00569,0.24353,0.875
3,44,hsic,HSIC,0.0,1.0,500,1.0,2.76316,1.43231,0.09428,0.99778,0.92191,0.13919,,0.0189,0.33715,0.925
3,44,hsic,HSIC,0.0,1.0,500,0.0,2.76316,1.43231,0.09428,1.03059,0.84967,0.08432,,0.01391,0.29057,0.9
3,44,hybrid,HYBRID_ALPHA0.1_BETA0.9,0.1,0.9,50,1.0,0.27219,0.33443,0.17925,0.36563,0.50761,0.1919,,0.01783,0.09244,0.775
3,44,hybrid,HYBRID_ALPHA0.2_BETA0.8,0.2,0.8,50,1.0,0.27947,0.33355,0.16449,0.37189,0.51196,0.19397,,0.0177,0.09569,0.75
3,44,hybrid,HYBRID_ALPHA0.3_BETA0.7,0.3,0.7,50,1.0,0.28492,0.33724,0.15912,0.37117,0.50489,0.20756,,0.01791,0.09486,0.75
3,44,hybrid,HYBRID_ALPHA0.4_BETA0.6,0.4,0.6,50,1.0,0.28404,0.33601,0.16233,0.3634,0.47922,0.21588,,0.01822,0.0957,0.8
3,44,hybrid,HYBRID_ALPHA0.5_BETA0.5,0.5,0.5,50,1.0,0.27713,0.33199,0.16816,0.33649,0.45154,0.20166,,0.01774,0.09157,0.75
3,44,hybrid,HYBRID_ALPHA0.6_BETA0.4,0.6,0.4,50,1.0,0.27508,0.33049,0.17572,0.31546,0.41263,0.17993,,0.01707,0.09279,0.75
3,44,hybrid,HYBRID_ALPHA0.7_BETA0.3,0.7,0.3,50,1.0,0.27307,0.32953,0.1815,0.33844,0.39693,0.21394,,0.02052,0.0973,0.7
3,44,hybrid,HYBRID_ALPHA0.8_BETA0.2,0.8,0.2,50,1.0,0.26961,0.32917,0.18672,0.39353,0.43375,0.28809,,0.02536,0.09649,0.725
3,44,hybrid,HYBRID_ALPHA0.9_BETA0.1,0.9,0.1,50,1.0,0.26964,0.33,0.19088,0.4609,0.51153,0.4735,,0.03023,0.13635,0.775
3,44,hybrid,HYBRID_ALPHA0.1_BETA0.9,0.1,0.9,50,0.0,0.27219,0.33443,0.17925,1.02629,0.73696,0.06085,,0.00564,0.0447,0.75
3,44,hybrid,HYBRID_ALPHA0.2_BETA0.8,0.2,0.8,50,0.0,0.27947,0.33355,0.16449,1.15781,0.7639,0.06512,,0.00393,0.04656,0.725
3,44,hybrid,HYBRID_ALPHA0.3_BETA0.7,0.3,0.7,50,0.0,0.28492,0.33724,0.15912,1.252,0.78137,0.06889,,0.00331,0.04677,0.675
3,44,hybrid,HYBRID_ALPHA0.4_BETA0.6,0.4,0.6,50,0.0,0.28404,0.33601,0.16233,1.27739,0.78076,0.06992,,0.00313,0.04779,0.725
3,44,hybrid,HYBRID_ALPHA0.5_BETA0.5,0.5,0.5,50,0.0,0.27713,0.33199,0.16816,1.11387,0.75356,0.05884,,0.00356,0.04938,0.675
3,44,hybrid,HYBRID_ALPHA0.6_BETA0.4,0.6,0.4,50,0.0,0.27508,0.33049,0.17572,1.0449,0.71194,0.0578,,0.00595,0.049,0.7
3,44,hybrid,HYBRID_ALPHA0.7_BETA0.3,0.7,0.3,50,0.0,0.27307,0.32953,0.1815,1.02096,0.69294,0.14729,,0.01676,0.0551,0.675
3,44,hybrid,HYBRID_ALPHA0.8_BETA0.2,0.8,0.2,50,0.0,0.26961,0.32917,0.18672,1.09531,0.71873,0.19573,,0.01925,0.05737,0.725
3,44,hybrid,HYBRID_ALPHA0.9_BETA0.1,0.9,0.1,50,0.0,0.26964,0.33,0.19088,1.2147,0.77644,0.27562,,0.02125,0.08112,0.65
3,44,hybrid,HYBRID_ALPHA0.1_BETA0.9,0.1,0.9,100,1.0,0.31256,0.41766,0.13829,0.28736,0.41672,0.04545,,0.00377,0.08441,0.775
3,44,hybrid,HYBRID_ALPHA0.2_BETA0.8,0.2,0.8,100,1.0,0.29399,0.3809,0.15416,0.27808,0.42117,0.04582,,0.00438,0.08003,0.75
3,44,hybrid,HYBRID_ALPHA0.3_BETA0.7,0.3,0.7,100,1.0,0.27633,0.3482,0.15952,0.27886,0.42715,0.04651,,0.0048,0.07934,0.7
3,44,hybrid,HYBRID_ALPHA0.4_BETA0.6,0.4,0.6,100,1.0,0.283,0.334,0.16624,0.28454,0.43546,0.05072,,0.00554,0.08037,0.75
3,44,hybrid,HYBRID_ALPHA0.5_BETA0.5,0.5,0.5,100,1.0,0.28152,0.33031,0.16915,0.28652,0.44013,0.05208,,0.006,0.07885,0.7
3,44,hybrid,HYBRID_ALPHA0.6_BETA0.4,0.6,0.4,100,1.0,0.27463,0.31972,0.16082,0.25626,0.4025,0.04083,,0.00624,0.063,0.7
3,44,hybrid,HYBRID_ALPHA0.7_BETA0.3,0.7,0.3,100,1.0,0.27514,0.32105,0.16464,0.26075,0.36791,0.03419,,0.00586,0.06066,0.725
3,44,hybrid,HYBRID_ALPHA0.8_BETA0.2,0.8,0.2,100,1.0,0.27623,0.32519,0.17443,0.29165,0.45132,0.0475,,0.0053,0.07503,0.7
3,44,hybrid,HYBRID_ALPHA0.9_BETA0.1,0.9,0.1,100,1.0,0.27514,0.32906,0.18421,0.27964,0.43881,0.04546,,0.00571,0.07183,0.8
3,44,hybrid,HYBRID_ALPHA0.1_BETA0.9,0.1,0.9,100,0.0,0.31256,0.41766,0.13829,1.04229,0.69413,0.03498,,0.00563,0.02776,0.675
3,44,hybrid,HYBRID_ALPHA0.2_BETA0.8,0.2,0.8,100,0.0,0.29399,0.3809,0.15416,0.96842,0.67943,0.03454,,0.00612,0.02752,0.625
3,44,hybrid,HYBRID_ALPHA0.3_BETA0.7,0.3,0.7,100,0.0,0.27633,0.3482,0.15952,0.94113,0.67382,0.0346,,0.00639,0.02758,0.675
3,44,hybrid,HYBRID_ALPHA0.4_BETA0.6,0.4,0.6,100,0.0,0.283,0.334,0.16624,0.92148,0.6695,0.03586,,0.00692,0.02761,0.7
3,44,hybrid,HYBRID_ALPHA0.5_BETA0.5,0.5,0.5,100,0.0,0.28152,0.33031,0.16915,0.88837,0.65672,0.04049,,0.00877,0.02813,0.65
3,44,hybrid,HYBRID_ALPHA0.6_BETA0.4,0.6,0.4,100,0.0,0.27463,0.31972,0.16082,0.84547,0.65203,0.04163,,0.00946,0.02863,0.675
3,44,hybrid,HYBRID_ALPHA0.7_BETA0.3,0.7,0.3,100,0.0,0.27514,0.32105,0.16464,0.93056,0.67337,0.07301,,0.01029,0.03496,0.65
3,44,hybrid,HYBRID_ALPHA0.8_BETA0.2,0.8,0.2,100,0.0,0.27623,0.32519,0.17443,0.89193,0.66769,0.03695,,0.00718,0.02721,0.675
3,44,hybrid,HYBRID_ALPHA0.9_BETA0.1,0.9,0.1,100,0.0,0.27514,0.32906,0.18421,0.88962,0.66514,0.03678,,0.00745,0.02721,0.725
3,44,hybrid,HYBRID_ALPHA0.1_BETA0.9,0.1,0.9,300,1.0,0.30087,0.38924,0.19051,0.29468,0.42742,0.05442,,0.00574,0.08433,0.75
3,44,hybrid,HYBRID_ALPHA0.2_BETA0.8,0.2,0.8,300,1.0,0.27109,0.35225,0.19695,0.25604,0.37168,0.05,,0.00763,0.07866,0.775
3,44,hybrid,HYBRID_ALPHA0.3_BETA0.7,0.3,0.7,300,1.0,0.26162,0.33612,0.19894,0.24857,0.38054,0.0475,,0.0095,0.06695,0.8
3,44,hybrid,HYBRID_ALPHA0.4_BETA0.6,0.4,0.6,300,1.0,0.2593,0.33396,0.19925,0.24791,0.37838,0.04736,,0.01,0.0663,0.775
3,44,hybrid,HYBRID_ALPHA0.5_BETA0.5,0.5,0.5,300,1.0,0.28781,0.34291,0.16277,0.24762,0.37202,0.04746,,0.01026,0.06556,0.775
3,44,hybrid,HYBRID_ALPHA0.6_BETA0.4,0.6,0.4,300,1.0,0.28504,0.3424,0.17114,0.24458,0.37957,0.05278,,0.01057,0.05876,0.85
3,44,hybrid,HYBRID_ALPHA0.7_BETA0.3,0.7,0.3,300,1.0,0.2705,0.33948,0.16838,0.2416,0.37154,0.05371,,0.01106,0.05842,0.775
3,44,hybrid,HYBRID_ALPHA0.8_BETA0.2,0.8,0.2,300,1.0,0.26143,0.33921,0.18797,0.24258,0.3695,0.05439,,0.01111,0.0592,0.8
3,44,hybrid,HYBRID_ALPHA0.9_BETA0.1,0.9,0.1,300,1.0,0.26252,0.34456,0.19806,0.24162,0.36793,0.04598,,0.01137,0.05954,0.775
3,44,hybrid,HYBRID_ALPHA0.1_BETA0.9,0.1,0.9,300,0.0,0.30087,0.38924,0.19051,0.99992,0.68882,0.03707,,0.00608,0.02874,0.7
3,44,hybrid,HYBRID_ALPHA0.2_BETA0.8,0.2,0.8,300,0.0,0.27109,0.35225,0.19695,1.00453,0.6693,0.04077,,0.00914,0.02874,0.675
3,44,hybrid,HYBRID_ALPHA0.3_BETA0.7,0.3,0.7,300,0.0,0.26162,0.33612,0.19894,0.86336,0.64555,0.04341,,0.01045,0.02844,0.65
3,44,hybrid,HYBRID_ALPHA0.4_BETA0.6,0.4,0.6,300,0.0,0.2593,0.33396,0.19925,0.85865,0.64533,0.04441,,0.01073,0.02852,0.65
3,44,hybrid,HYBRID_ALPHA0.5_BETA0.5,0.5,0.5,300,0.0,0.28781,0.34291,0.16277,0.86778,0.64883,0.04645,,0.0109,0.02911,0.625
3,44,hybrid,HYBRID_ALPHA0.6_BETA0.4,0.6,0.4,300,0.0,0.28504,0.3424,0.17114,0.83429,0.67578,0.03875,,0.00894,0.02805,0.675
3,44,hybrid,HYBRID_ALPHA0.7_BETA0.3,0.7,0.3,300,0.0,0.2705,0.33948,0.16838,0.83131,0.67345,0.03939,,0.0093,0.0285,0.675
3,44,hybrid,HYBRID_ALPHA0.8_BETA0.2,0.8,0.2,300,0.0,0.26143,0.33921,0.18797,0.83498,0.67336,0.0393,,0.00941,0.02962,0.65
3,44,hybrid,HYBRID_ALPHA0.9_BETA0.1,0.9,0.1,300,0.0,0.26252,0.34456,0.19806,0.83478,0.67073,0.03911,,0.01002,0.03101,0.625
3,44,hybrid,HYBRID_ALPHA0.1_BETA0.9,0.1,0.9,500,1.0,0.35182,0.47266,0.1505,0.32,0.37352,0.05357,,0.01013,0.07027,0.725
3,44,hybrid,HYBRID_ALPHA0.2_BETA0.8,0.2,0.8,500,1.0,0.31481,0.4401,0.08853,0.31746,0.36717,0.04187,,0.0105,0.06124,0.7
3,44,hybrid,HYBRID_ALPHA0.3_BETA0.7,0.3,0.7,500,1.0,0.24734,0.33901,0.21346,0.2735,0.35984,0.06908,,0.01081,0.06693,0.775
3,44,hybrid,HYBRID_ALPHA0.4_BETA0.6,0.4,0.6,500,1.0,0.24598,0.33223,0.21286,0.26088,0.41135,0.0703,,0.01108,0.06452,0.65
3,44,hybrid,HYBRID_ALPHA0.5_BETA0.5,0.5,0.5,500,1.0,0.2349,0.32793,0.20829,0.25797,0.40561,0.06409,,0.01066,0.06103,0.65
3,44,hybrid,HYBRID_ALPHA0.6_BETA0.4,0.6,0.4,500,1.0,0.24355,0.33007,0.20417,0.25239,0.3905,0.05359,,0.00984,0.0575,0.65
3,44,hybrid,HYBRID_ALPHA0.7_BETA0.3,0.7,0.3,500,1.0,0.24391,0.33168,0.21101,0.25822,0.40113,0.06486,,0.01129,0.05875,0.65
3,44,hybrid,HYBRID_ALPHA0.8_BETA0.2,0.8,0.2,500,1.0,0.2449,0.33556,0.21957,0.25226,0.37944,0.05934,,0.01126,0.05572,0.575
3,44,hybrid,HYBRID_ALPHA0.9_BETA0.1,0.9,0.1,500,1.0,0.26136,0.34905,0.2429,0.2672,0.40057,0.08119,,0.01291,0.05817,0.675
3,44,hybrid,HYBRID_ALPHA0.1_BETA0.9,0.1,0.9,500,0.0,0.35182,0.47266,0.1505,1.08151,0.67313,0.07161,,0.01243,0.03487,0.625
3,44,hybrid,HYBRID_ALPHA0.2_BETA0.8,0.2,0.8,500,0.0,0.31481,0.4401,0.08853,1.00801,0.65668,0.06298,,0.01196,0.0329,0.65
3,44,hybrid,HYBRID_ALPHA0.3_BETA0.7,0.3,0.7,500,0.0,0.24734,0.33901,0.21346,0.99589,0.66583,0.09066,,0.01323,0.03473,0.625
3,44,hybrid,HYBRID_ALPHA0.4_BETA0.6,0.4,0.6,500,0.0,0.24598,0.33223,0.21286,0.86545,0.65669,0.04918,,0.00941,0.03249,0.7
3,44,hybrid,HYBRID_ALPHA0.5_BETA0.5,0.5,0.5,500,0.0,0.2349,0.32793,0.20829,0.86279,0.65707,0.04735,,0.00935,0.03095,0.675
3,44,hybrid,HYBRID_ALPHA0.6_BETA0.4,0.6,0.4,500,0.0,0.24355,0.33007,0.20417,0.86435,0.6582,0.04467,,0.00928,0.02996,0.65
3,44,hybrid,HYBRID_ALPHA0.7_BETA0.3,0.7,0.3,500,0.0,0.24391,0.33168,0.21101,0.8648,0.65697,0.04728,,0.00974,0.02975,0.675
3,44,hybrid,HYBRID_ALPHA0.8_BETA0.2,0.8,0.2,500,0.0,0.2449,0.33556,0.21957,0.8587,0.65877,0.04719,,0.01027,0.03087,0.6
3,44,hybrid,HYBRID_ALPHA0.9_BETA0.1,0.9,0.1,500,0.0,0.26136,0.34905,0.2429,0.87001,0.66346,0.05275,,0.01112,0.03128,0.65
3,44,mse,MSE,1.0,0.0,50,1.0,0.26867,0.33196,0.19906,0.43796,0.47449,0.37041,,0.02866,0.10362,0.7
3,44,mse,MSE,1.0,0.0,50,0.0,0.26867,0.33196,0.19906,1.16278,0.74454,0.23373,,0.02058,0.0607,0.775
3,44,mse,MSE,1.0,0.0,100,1.0,0.27271,0.33281,0.19385,0.24746,0.38446,0.03513,,0.00732,0.06197,0.7
3,44,mse,MSE,1.0,0.0,100,0.0,0.27271,0.33281,0.19385,0.89782,0.66041,0.0466,,0.009,0.0294,0.7
3,44,mse,MSE,1.0,0.0,300,1.0,0.26804,0.35256,0.21304,0.25909,0.38788,0.05082,,0.01155,0.06081,0.675
3,44,mse,MSE,1.0,0.0,300,0.0,0.26804,0.35256,0.21304,0.85312,0.68564,0.04381,,0.01125,0.03131,0.6
3,44,mse,MSE,1.0,0.0,500,1.0,0.24449,0.35273,0.258,0.41609,0.48233,0.42092,,0.03106,0.07703,0.7
3,44,mse,MSE,1.0,0.0,500,0.0,0.24449,0.35273,0.258,1.1212,0.7694,0.25683,,0.02155,0.05067,0.7
4,45,hsic,HSIC,0.0,1.0,50,1.0,0.5571,0.47482,0.25924,0.45809,0.58545,0.08294,,0.00811,0.35581,0.925
4,45,hsic,HSIC,0.0,1.0,50,0.0,0.5571,0.47482,0.25924,1.36573,0.87991,0.35325,,0.03755,0.31827,0.875
4,45,hsic,HSIC,0.0,1.0,100,1.0,0.69033,0.66017,0.24048,3.88326,1.64095,0.11119,,0.0186,0.39439,0.925
4,45,hsic,HSIC,0.0,1.0,100,0.0,0.69033,0.66017,0.24048,2.02459,1.10389,0.11911,,0.00941,0.32408,0.85
4,45,hsic,HSIC,0.0,1.0,300,1.0,0.76492,0.70482,0.10016,0.26839,0.39448,0.06314,,0.00654,0.35944,0.9
4,45,hsic,HSIC,0.0,1.0,300,0.0,0.76492,0.70482,0.10016,1.04048,0.69553,0.0425,,0.00629,0.31888,0.875
4,45,hsic,HSIC,0.0,1.0,500,1.0,0.56454,0.47574,0.25944,0.27654,0.42567,0.06427,,0.01042,0.32505,0.9
4,45,hsic,HSIC,0.0,1.0,500,0.0,0.56454,0.47574,0.25944,0.88005,0.67185,0.05212,,0.00962,0.27403,0.9
4,45,hybrid,HYBRID_ALPHA0.1_BETA0.9,0.1,0.9,50,1.0,0.54403,0.46717,0.25952,0.24979,0.38872,0.05161,,0.00996,0.05015,0.675
4,45,hybrid,HYBRID_ALPHA0.2_BETA0.8,0.2,0.8,50,1.0,0.5363,0.46265,0.26063,0.244,0.34798,0.04699,,0.01098,0.05124,0.725
4,45,hybrid,HYBRID_ALPHA0.3_BETA0.7,0.3,0.7,50,1.0,0.5282,0.45958,0.26094,0.25465,0.35238,0.05278,,0.01004,0.05231,0.65
4,45,hybrid,HYBRID_ALPHA0.4_BETA0.6,0.4,0.6,50,1.0,0.50845,0.45158,0.26175,0.29112,0.3618,0.05884,,0.01246,0.059,0.675
4,45,hybrid,HYBRID_ALPHA0.5_BETA0.5,0.5,0.5,50,1.0,0.48601,0.44385,0.26346,0.34557,0.41672,0.26152,,0.02247,0.064,0.7
4,45,hybrid,HYBRID_ALPHA0.6_BETA0.4,0.6,0.4,50,1.0,0.46517,0.43767,0.26446,0.26059,0.35383,0.0744,,0.01301,0.05764,0.65
4,45,hybrid,HYBRID_ALPHA0.7_BETA0.3,0.7,0.3,50,1.0,0.46401,0.43704,0.26376,0.27731,0.3672,0.10396,,0.01236,0.06367,0.575
4,45,hybrid,HYBRID_ALPHA0.8_BETA0.2,0.8,0.2,50,1.0,0.44569,0.43299,0.26532,0.41658,0.44178,0.26481,,0.02181,0.068,0.675
4,45,hybrid,HYBRID_ALPHA0.9_BETA0.1,0.9,0.1,50,1.0,0.43014,0.43299,0.26674,0.42838,0.46092,0.32563,,0.02587,0.06817,0.725
4,45,hybrid,HYBRID_ALPHA0.1_BETA0.9,0.1,0.9,50,0.0,0.54403,0.46717,0.25952,0.90516,0.67681,0.09265,,0.01275,0.03168,0.625
4,45,hybrid,HYBRID_ALPHA0.2_BETA0.8,0.2,0.8,50,0.0,0.5363,0.46265,0.26063,0.95461,0.66184,0.08187,,0.01215,0.03031,0.675
4,45,hybrid,HYBRID_ALPHA0.3_BETA0.7,0.3,0.7,50,0.0,0.5282,0.45958,0.26094,1.01157,0.67097,0.09593,,0.01286,0.03088,0.575
4,45,hybrid,HYBRID_ALPHA0.4_BETA0.6,0.4,0.6,50,0.0,0.50845,0.45158,0.26175,0.99259,0.66717,0.09002,,0.01219,0.03382,0.65
4,45,hybrid,HYBRID_ALPHA0.5_BETA0.5,0.5,0.5,50,0.0,0.48601,0.44385,0.26346,1.07462,0.73987,0.2161,,0.01992,0.04174,0.725
4,45,hybrid,HYBRID_ALPHA0.6_BETA0.4,0.6,0.4,50,0.0,0.46517,0.43767,0.26446,0.93839,0.6509,0.05612,,0.01102,0.03125,0.7
4,45,hybrid,HYBRID_ALPHA0.7_BETA0.3,0.7,0.3,50,0.0,0.46401,0.43704,0.26376,0.93296,0.65135,0.06645,,0.01152,0.0359,0.7
4,45,hybrid,HYBRID_ALPHA0.8_BETA0.2,0.8,0.2,50,0.0,0.44569,0.43299,0.26532,1.08766,0.71896,0.19367,,0.01842,0.03749,0.625
4,45,hybrid,HYBRID_ALPHA0.9_BETA0.1,0.9,0.1,50,0.0,0.43014,0.43299,0.26674,1.12881,0.73449,0.22013,,0.01984,0.03903,0.7
4,45,hybrid,HYBRID_ALPHA0.1_BETA0.9,0.1,0.9,100,1.0,0.78019,0.77297,0.13045,0.65873,0.72097,0.13014,,0.01365,0.08711,0.775
4,45,hybrid,HYBRID_ALPHA0.2_BETA0.8,0.2,0.8,100,1.0,0.38086,0.49192,0.11256,0.35917,0.50758,0.14381,,0.01442,0.08945,0.75
4,45,hybrid,HYBRID_ALPHA0.3_BETA0.7,0.3,0.7,100,1.0,0.29013,0.38684,0.11267,0.33036,0.47881,0.14308,,0.01471,0.08834,0.775
4,45,hybrid,HYBRID_ALPHA0.4_BETA0.6,0.4,0.6,100,1.0,0.23438,0.3343,0.18491,0.30671,0.45011,0.1553,,0.01517,0.08849,0.775
4,45,hybrid,HYBRID_ALPHA0.5_BETA0.5,0.5,0.5,100,1.0,0.23628,0.33515,0.18735,0.3034,0.43974,0.17427,,0.0164,0.08465,0.75
4,45,hybrid,HYBRID_ALPHA0.6_BETA0.4,0.6,0.4,100,1.0,0.24054,0.34227,0.18982,0.31487,0.44348,0.21721,,0.01881,0.08338,0.8
4,45,hybrid,HYBRID_ALPHA0.7_BETA0.3,0.7,0.3,100,1.0,0.24643,0.34856,0.1957,0.3177,0.4424,0.23016,,0.01966,0.08197,0.75
4,45,hybrid,HYBRID_ALPHA0.8_BETA0.2,0.8,0.2,100,1.0,0.32791,0.38166,0.18833,0.32283,0.44382,0.2472,,0.02094,0.08147,0.725
4,45,hybrid,HYBRID_ALPHA0.9_BETA0.1,0.9,0.1,100,1.0,0.30574,0.37613,0.21352,0.33744,0.45647,0.28061,,0.02325,0.08206,0.725
4,45,hybrid,HYBRID_ALPHA0.1_BETA0.9,0.1,0.9,100,0.0,0.78019,0.77297,0.13045,1.02143,0.82554,0.10576,,0.01294,0.04435,0.625
4,45,hybrid,HYBRID_ALPHA0.2_BETA0.8,0.2,0.8,100,0.0,0.38086,0.49192,0.11256,0.92609,0.7076,0.11208,,0.01355,0.04505,0.675
4,45,hybrid,HYBRID_ALPHA0.3_BETA0.7,0.3,0.7,100,0.0,0.29013,0.38684,0.11267,0.94072,0.70534,0.12725,,0.01486,0.04773,0.65
4,45,hybrid,HYBRID_ALPHA0.4_BETA0.6,0.4,0.6,100,0.0,0.23438,0.3343,0.18491,0.97471,0.70069,0.13841,,0.01541,0.04881,0.675
4,45,hybrid,HYBRID_ALPHA0.5_BETA0.5,0.5,0.5,100,0.0,0.23628,0.33515,0.18735,0.99521,0.7225,0.16458,,0.01668,0.05363,0.625
4,45,hybrid,HYBRID_ALPHA0.6_BETA0.4,0.6,0.4,100,0.0,0.24054,0.34227,0.18982,1.02237,0.74433,0.19034,,0.018,0.05795,0.675
4,45,hybrid,HYBRID_ALPHA0.7_BETA0.3,0.7,0.3,100,0.0,0.24643,0.34856,0.1957,1.03211,0.75447,0.19978,,0.01851,0.05988,0.7
4,45,hybrid,HYBRID_ALPHA0.8_BETA0.2,0.8,0.2,100,0.0,0.32791,0.38166,0.18833,1.03765,0.76142,0.2053,,0.01889,0.06127,0.75
4,45,hybrid,HYBRID_ALPHA0.9_BETA0.1,0.9,0.1,100,0.0,0.30574,0.37613,0.21352,1.04985,0.77528,0.21609,,0.01955,0.06266,0.725
4,45,hybrid,HYBRID_ALPHA0.1_BETA0.9,0.1,0.9,300,1.0,0.32294,0.43067,0.06305,0.31037,0.46058,0.07472,,0.00755,0.08659,0.7
4,45,hybrid,HYBRID_ALPHA0.2_BETA0.8,0.2,0.8,300,1.0,0.26226,0.3409,0.12504,0.26396,0.37603,0.05939,,0.00734,0.0834,0.675
4,45,hybrid,HYBRID_ALPHA0.3_BETA0.7,0.3,0.7,300,1.0,0.24148,0.32018,0.15761,0.27817,0.3706,0.10831,,0.0172,0.0746,0.725
4,45,hybrid,HYBRID_ALPHA0.4_BETA0.6,0.4,0.6,300,1.0,0.23755,0.32565,0.13925,0.25649,0.35511,0.07657,,0.01414,0.0736,0.7
4,45,hybrid,HYBRID_ALPHA0.5_BETA0.5,0.5,0.5,300,1.0,0.22852,0.30819,0.17887,0.2627,0.35383,0.06049,,0.01226,0.07424,0.725
4,45,hybrid,HYBRID_ALPHA0.6_BETA0.4,0.6,0.4,300,1.0,0.22606,0.31219,0.18652,0.25506,0.36929,0.09317,,0.01547,0.07185,0.675
4,45,hybrid,HYBRID_ALPHA0.7_BETA0.3,0.7,0.3,300,1.0,0.22555,0.30837,0.19368,0.25355,0.36588,0.08668,,0.01498,0.07166,0.675
4,45,hybrid,HYBRID_ALPHA0.8_BETA0.2,0.8,0.2,300,1.0,0.22394,0.31022,0.20631,0.25534,0.35827,0.07843,,0.0145,0.0718,0.675
4,45,hybrid,HYBRID_ALPHA0.9_BETA0.1,0.9,0.1,300,1.0,0.23393,0.31847,0.199,0.25135,0.35088,0.05718,,0.01273,0.0718,0.65
4,45,hybrid,HYBRID_ALPHA0.1_BETA0.9,0.1,0.9,300,0.0,0.32294,0.43067,0.06305,0.95477,0.68323,0.04585,,0.007,0.03644,0.625
4,45,hybrid,HYBRID_ALPHA0.2_BETA0.8,0.2,0.8,300,0.0,0.26226,0.3409,0.12504,1.02454,0.6768,0.04331,,0.0083,0.03691,0.625
4,45,hybrid,HYBRID_ALPHA0.3_BETA0.7,0.3,0.7,300,0.0,0.24148,0.32018,0.15761,0.89275,0.65091,0.04478,,0.01048,0.03576,0.65
4,45,hybrid,HYBRID_ALPHA0.4_BETA0.6,0.4,0.6,300,0.0,0.23755,0.32565,0.13925,0.89057,0.64319,0.04622,,0.01072,0.03714,0.675
4,45,hybrid,HYBRID_ALPHA0.5_BETA0.5,0.5,0.5,300,0.0,0.22852,0.30819,0.17887,0.90257,0.64695,0.04996,,0.01077,0.03708,0.65
4,45,hybrid,HYBRID_ALPHA0.6_BETA0.4,0.6,0.4,300,0.0,0.22606,0.31219,0.18652,0.8675,0.65576,0.04325,,0.01013,0.03528,0.65
4,45,hybrid,HYBRID_ALPHA0.7_BETA0.3,0.7,0.3,300,0.0,0.22555,0.30837,0.19368,0.8615,0.65562,0.04259,,0.01013,0.03522,0.65
4,45,hybrid,HYBRID_ALPHA0.8_BETA0.2,0.8,0.2,300,0.0,0.22394,0.31022,0.20631,0.85982,0.65447,0.04253,,0.01026,0.03537,0.625
4,45,hybrid,HYBRID_ALPHA0.9_BETA0.1,0.9,0.1,300,0.0,0.23393,0.31847,0.199,0.85206,0.65472,0.04157,,0.01034,0.03595,0.675
4,45,hybrid,HYBRID_ALPHA0.1_BETA0.9,0.1,0.9,500,1.0,0.28363,0.35309,0.1118,0.27741,0.36445,0.06909,,0.00944,0.07241,0.725
4,45,hybrid,HYBRID_ALPHA0.2_BETA0.8,0.2,0.8,500,1.0,0.25405,0.33546,0.12485,0.30663,0.36491,0.04436,,0.01025,0.06566,0.7
4,45,hybrid,HYBRID_ALPHA0.3_BETA0.7,0.3,0.7,500,1.0,0.24378,0.31943,0.15764,0.27415,0.35103,0.04561,,0.01044,0.06439,0.675
4,45,hybrid,HYBRID_ALPHA0.4_BETA0.6,0.4,0.6,500,1.0,0.24056,0.31518,0.16859,0.2482,0.39268,0.05299,,0.00917,0.06303,0.7
4,45,hybrid,HYBRID_ALPHA0.5_BETA0.5,0.5,0.5,500,1.0,0.23386,0.31093,0.17728,0.24701,0.39295,0.05485,,0.00959,0.06504,0.725
4,45,hybrid,HYBRID_ALPHA0.6_BETA0.4,0.6,0.4,500,1.0,0.23972,0.31216,0.17045,0.24527,0.39117,0.05485,,0.0099,0.06541,0.725
4,45,hybrid,HYBRID_ALPHA0.7_BETA0.3,0.7,0.3,500,1.0,0.23922,0.31379,0.1731,0.25025,0.40224,0.06584,,0.01054,0.0758,0.725
4,45,hybrid,HYBRID_ALPHA0.8_BETA0.2,0.8,0.2,500,1.0,0.23894,0.31601,0.1782,0.35492,0.44618,0.31472,,0.02577,0.08001,0.725
4,45,hybrid,HYBRID_ALPHA0.9_BETA0.1,0.9,0.1,500,1.0,0.23906,0.31937,0.18347,0.36364,0.45403,0.33509,,0.02704,0.0802,0.725
4,45,hybrid,HYBRID_ALPHA0.1_BETA0.9,0.1,0.9,500,0.0,0.28363,0.35309,0.1118,1.00081,0.67247,0.09377,,0.01269,0.03721,0.625
4,45,hybrid,HYBRID_ALPHA0.2_BETA0.8,0.2,0.8,500,0.0,0.25405,0.33546,0.12485,0.95607,0.65789,0.07232,,0.01186,0.03538,0.625
4,45,hybrid,HYBRID_ALPHA0.3_BETA0.7,0.3,0.7,500,0.0,0.24378,0.31943,0.15764,0.91973,0.66323,0.07657,,0.01214,0.03598,0.7
4,45,hybrid,HYBRID_ALPHA0.4_BETA0.6,0.4,0.6,500,0.0,0.24056,0.31518,0.16859,0.84238,0.65914,0.04283,,0.00863,0.03355,0.675
4,45,hybrid,HYBRID_ALPHA0.5_BETA0.5,0.5,0.5,500,0.0,0.23386,0.31093,0.17728,0.83481,0.65788,0.04305,,0.00879,0.03495,0.675
4,45,hybrid,HYBRID_ALPHA0.6_BETA0.4,0.6,0.4,500,0.0,0.23972,0.31216,0.17045,0.829,0.65717,0.04297,,0.009,0.03535,0.675
4,45,hybrid,HYBRID_ALPHA0.7_BETA0.3,0.7,0.3,500,0.0,0.23922,0.31379,0.1731,0.81702,0.6574,0.04441,,0.00905,0.04328,0.625
4,45,hybrid,HYBRID_ALPHA0.8_BETA0.2,0.8,0.2,500,0.0,0.23894,0.31601,0.1782,1.09992,0.74687,0.23012,,0.02041,0.04855,0.75
4,45,hybrid,HYBRID_ALPHA0.9_BETA0.1,0.9,0.1,500,0.0,0.23906,0.31937,0.18347,1.1024,0.75123,0.23503,,0.02066,0.04867,0.725
4,45,mse,MSE,1.0,0.0,50,1.0,0.4156,0.43272,0.26801,0.52685,0.56325,0.5123,,0.02969,0.24453,0.825
4,45,mse,MSE,1.0,0.0,50,0.0,0.4156,0.43272,0.26801,1.2193,0.79783,0.30198,,0.0213,0.18226,0.85
4,45,mse,MSE,1.0,0.0,100,1.0,0.26959,0.37708,0.25674,0.38132,0.48526,0.36516,,0.02807,0.08847,0.7
4,45,mse,MSE,1.0,0.0,100,0.0,0.26959,0.37708,0.25674,1.08997,0.77972,0.24561,,0.02101,0.06146,0.725
4,45,mse,MSE,1.0,0.0,300,1.0,0.22226,0.32333,0.22115,0.39972,0.4657,0.38726,,0.02878,0.09228,0.75
4,45,mse,MSE,1.0,0.0,300,0.0,0.22226,0.32333,0.22115,1.12919,0.754,0.24564,,0.021,0.05416,0.725
4,45,mse,MSE,1.0,0.0,500,1.0,0.24071,0.32438,0.19256,0.38725,0.47486,0.38329,,0.02956,0.08256,0.7
4,45,mse,MSE,1.0,0.0,500,0.0,0.24071,0.32438,0.19256,1.11302,0.76362,0.24928,,0.02132,0.04934,0.75
5,46,hsic,HSIC,0.0,1.0,50,1.0,0.58342,0.56971,0.22815,0.71399,0.75609,0.15322,,0.01955,0.27643,0.925
5,46,hsic,HSIC,0.0,1.0,50,0.0,0.58342,0.56971,0.22815,0.82053,0.68103,0.04069,,0.0103,0.22862,0.8
5,46,hsic,HSIC,0.0,1.0,100,1.0,0.60668,0.50929,0.24859,0.6158,0.6468,0.15395,,0.02046,0.24525,0.85
5,46,hsic,HSIC,0.0,1.0,100,0.0,0.60668,0.50929,0.24859,1.28549,0.92374,0.09335,,0.01535,0.16697,0.775
5,46,hsic,HSIC,0.0,1.0,300,1.0,0.61398,0.63494,0.06147,0.39135,0.52869,0.11252,,0.00773,0.43784,0.95
5,46,hsic,HSIC,0.0,1.0,300,0.0,0.61398,0.63494,0.06147,1.00725,0.72978,0.05659,,0.00477,0.43307,0.95
5,46,hsic,HSIC,0.0,1.0,500,1.0,1.15037,0.88316,0.06124,0.91485,0.89071,0.04316,,0.01036,0.43472,0.95
5,46,hsic,HSIC,0.0,1.0,500,0.0,1.15037,0.88316,0.06124,1.4212,1.05175,0.05509,,0.01161,0.41316,0.95
5,46,hybrid,HYBRID_ALPHA0.1_BETA0.9,0.1,0.9,50,1.0,0.54827,0.46828,0.25757,0.54928,0.65845,0.07169,,0.00804,0.09745,0.725
5,46,hybrid,HYBRID_ALPHA0.2_BETA0.8,0.2,0.8,50,1.0,0.34816,0.38588,0.20638,0.28139,0.43537,0.0499,,0.00675,0.08922,0.725
5,46,hybrid,HYBRID_ALPHA0.3_BETA0.7,0.3,0.7,50,1.0,0.34034,0.36721,0.21471,0.26936,0.42074,0.04451,,0.007,0.08705,0.775
5,46,hybrid,HYBRID_ALPHA0.4_BETA0.6,0.4,0.6,50,1.0,0.33628,0.36228,0.21826,0.33883,0.50015,0.04635,,0.00698,0.09147,0.725
5,46,hybrid,HYBRID_ALPHA0.5_BETA0.5,0.5,0.5,50,1.0,0.33046,0.36652,0.21188,0.24407,0.38853,0.06687,,0.01055,0.07767,0.75
5,46,hybrid,HYBRID_ALPHA0.6_BETA0.4,0.6,0.4,50,1.0,0.32506,0.3624,0.21654,0.27785,0.43062,0.04658,,0.00741,0.08405,0.75
5,46,hybrid,HYBRID_ALPHA0.7_BETA0.3,0.7,0.3,50,1.0,0.32092,0.36356,0.22297,0.26267,0.41407,0.04483,,0.00834,0.08117,0.8
5,46,hybrid,HYBRID_ALPHA0.8_BETA0.2,0.8,0.2,50,1.0,0.29306,0.3577,0.22227,0.26313,0.41039,0.07853,,0.01263,0.07788,0.7
5,46,hybrid,HYBRID_ALPHA0.9_BETA0.1,0.9,0.1,50,1.0,0.38318,0.4083,0.25022,0.26115,0.40993,0.07487,,0.01299,0.07759,0.65
5,46,hybrid,HYBRID_ALPHA0.1_BETA0.9,0.1,0.9,50,0.0,0.54827,0.46828,0.25757,0.84518,0.69176,0.03593,,0.00784,0.03219,0.7
5,46,hybrid,HYBRID_ALPHA0.2_BETA0.8,0.2,0.8,50,0.0,0.34816,0.38588,0.20638,0.90856,0.65863,0.03777,,0.00847,0.03227,0.675
5,46,hybrid,HYBRID_ALPHA0.3_BETA0.7,0.3,0.7,50,0.0,0.34034,0.36721,0.21471,0.90097,0.65578,0.03864,,0.00876,0.03242,0.675
5,46,hybrid,HYBRID_ALPHA0.4_BETA0.6,0.4,0.6,50,0.0,0.33628,0.36228,0.21826,0.87623,0.65642,0.04134,,0.00906,0.03255,0.625
5,46,hybrid,HYBRID_ALPHA0.5_BETA0.5,0.5,0.5,50,0.0,0.33046,0.36652,0.21188,0.84274,0.65238,0.0365,,0.00899,0.03198,0.725
5,46,hybrid,HYBRID_ALPHA0.6_BETA0.4,0.6,0.4,50,0.0,0.32506,0.3624,0.21654,0.84815,0.64923,0.0397,,0.00946,0.03314,0.65
5,46,hybrid,HYBRID_ALPHA0.7_BETA0.3,0.7,0.3,50,0.0,0.32092,0.36356,0.22297,0.84781,0.64821,0.04435,,0.01014,0.03397,0.65
5,46,hybrid,HYBRID_ALPHA0.8_BETA0.2,0.8,0.2,50,0.0,0.29306,0.3577,0.22227,0.85861,0.65977,0.03953,,0.00932,0.03103,0.625
5,46,hybrid,HYBRID_ALPHA0.9_BETA0.1,0.9,0.1,50,0.0,0.38318,0.4083,0.25022,0.85375,0.6559,0.03961,,0.00958,0.03099,0.7
5,46,hybrid,HYBRID_ALPHA0.1_BETA0.9,0.1,0.9,100,1.0,0.48328,0.43709,0.24136,0.5705,0.53523,0.20574,,0.02523,0.06113,0.75
5,46,hybrid,HYBRID_ALPHA0.2_BETA0.8,0.2,0.8,100,1.0,0.46936,0.42741,0.25256,0.53031,0.52275,0.22141,,0.02566,0.05989,0.775
5,46,hybrid,HYBRID_ALPHA0.3_BETA0.7,0.3,0.7,100,1.0,0.39966,0.39028,0.23938,0.47965,0.49542,0.23192,,0.02492,0.05359,0.825
5,46,hybrid,HYBRID_ALPHA0.4_BETA0.6,0.4,0.6,100,1.0,0.3782,0.38759,0.23907,0.4069,0.45006,0.24986,,0.02294,0.04572,0.725
5,46,hybrid,HYBRID_ALPHA0.5_BETA0.5,0.5,0.5,100,1.0,0.26449,0.33069,0.14769,0.35913,0.43654,0.28003,,0.02208,0.04281,0.75
5,46,hybrid,HYBRID_ALPHA0.6_BETA0.4,0.6,0.4,100,1.0,0.28063,0.33749,0.18337,0.35307,0.44335,0.31057,,0.02498,0.08516,0.775
5,46,hybrid,HYBRID_ALPHA0.7_BETA0.3,0.7,0.3,100,1.0,0.48625,0.4383,0.25657,0.36076,0.45096,0.33027,,0.0262,0.08508,0.775
5,46,hybrid,HYBRID_ALPHA0.8_BETA0.2,0.8,0.2,100,1.0,0.30293,0.37883,0.23584,0.37185,0.46384,0.35487,,0.02759,0.08569,0.775
5,46,hybrid,HYBRID_ALPHA0.9_BETA0.1,0.9,0.1,100,1.0,0.29162,0.37661,0.23724,0.39255,0.49319,0.38656,,0.02643,0.05251,0.725
5,46,hybrid,HYBRID_ALPHA0.1_BETA0.9,0.1,0.9,100,0.0,0.48328,0.43709,0.24136,1.14722,0.78461,0.12029,,0.01609,0.04104,0.7
5,46,hybrid,HYBRID_ALPHA0.2_BETA0.8,0.2,0.8,100,0.0,0.46936,0.42741,0.25256,1.11446,0.78854,0.12789,,0.01648,0.04138,0.7
5,46,hybrid,HYBRID_ALPHA0.3_BETA0.7,0.3,0.7,100,0.0,0.39966,0.39028,0.23938,1.08109,0.77687,0.13303,,0.01627,0.04058,0.725
5,46,hybrid,HYBRID_ALPHA0.4_BETA0.6,0.4,0.6,100,0.0,0.3782,0.38759,0.23907,1.04058,0.75543,0.13929,,0.01572,0.03804,0.75
5,46,hybrid,HYBRID_ALPHA0.5_BETA0.5,0.5,0.5,100,0.0,0.26449,0.33069,0.14769,1.01058,0.73946,0.14949,,0.01565,0.03532,0.75
5,46,hybrid,HYBRID_ALPHA0.6_BETA0.4,0.6,0.4,100,0.0,0.28063,0.33749,0.18337,1.10164,0.73922,0.22233,,0.01987,0.03867,0.625
5,46,hybrid,HYBRID_ALPHA0.7_BETA0.3,0.7,0.3,100,0.0,0.48625,0.4383,0.25657,1.10756,0.74323,0.22829,,0.02021,0.03851,0.6
5,46,hybrid,HYBRID_ALPHA0.8_BETA0.2,0.8,0.2,100,0.0,0.30293,0.37883,0.23584,1.11226,0.75086,0.23775,,0.02066,0.03896,0.6
5,46,hybrid,HYBRID_ALPHA0.9_BETA0.1,0.9,0.1,100,0.0,0.29162,0.37661,0.23724,1.02105,0.75192,0.19479,,0.01817,0.03385,0.8
5,46,hybrid,HYBRID_ALPHA0.1_BETA0.9,0.1,0.9,300,1.0,0.32834,0.38235,0.0863,0.27961,0.43161,0.06057,,0.00787,0.08533,0.75
5,46,hybrid,HYBRID_ALPHA0.2_BETA0.8,0.2,0.8,300,1.0,0.30356,0.34544,0.09218,0.28218,0.43112,0.05528,,0.00681,0.09649,0.725
5,46,hybrid,HYBRID_ALPHA0.3_BETA0.7,0.3,0.7,300,1.0,0.29183,0.32877,0.1133,0.26311,0.38778,0.04485,,0.00637,0.08903,0.75
5,46,hybrid,HYBRID_ALPHA0.4_BETA0.6,0.4,0.6,300,1.0,0.28859,0.32405,0.12844,0.26604,0.39003,0.04867,,0.00671,0.0846,0.675
5,46,hybrid,HYBRID_ALPHA0.5_BETA0.5,0.5,0.5,300,1.0,0.27586,0.32025,0.1402,0.34727,0.38997,0.03495,,0.00739,0.07434,0.75
5,46,hybrid,HYBRID_ALPHA0.6_BETA0.4,0.6,0.4,300,1.0,0.26766,0.3148,0.14808,0.26693,0.36218,0.03961,,0.00736,0.07707,0.725
5,46,hybrid,HYBRID_ALPHA0.7_BETA0.3,0.7,0.3,300,1.0,0.26176,0.31376,0.16463,0.47858,0.49041,0.04412,,0.00873,0.07257,0.75
5,46,hybrid,HYBRID_ALPHA0.8_BETA0.2,0.8,0.2,300,1.0,0.2554,0.31616,0.17942,0.46163,0.47324,0.04735,,0.00875,0.05657,0.725
5,46,hybrid,HYBRID_ALPHA0.9_BETA0.1,0.9,0.1,300,1.0,0.25352,0.31337,0.1828,0.43373,0.44666,0.08657,,0.01186,0.05507,0.65
5,46,hybrid,HYBRID_ALPHA0.1_BETA0.9,0.1,0.9,300,0.0,0.32834,0.38235,0.0863,0.95495,0.66948,0.06331,,0.00966,0.02941,0.65
5,46,hybrid,HYBRID_ALPHA0.2_BETA0.8,0.2,0.8,300,0.0,0.30356,0.34544,0.09218,0.9771,0.67277,0.06991,,0.01001,0.03682,0.675
5,46,hybrid,HYBRID_ALPHA0.3_BETA0.7,0.3,0.7,300,0.0,0.29183,0.32877,0.1133,1.00507,0.67395,0.07177,,0.0104,0.03457,0.625
5,46,hybrid,HYBRID_ALPHA0.4_BETA0.6,0.4,0.6,300,0.0,0.28859,0.32405,0.12844,0.99002,0.67495,0.07735,,0.01059,0.03354,0.625
5,46,hybrid,HYBRID_ALPHA0.5_BETA0.5,0.5,0.5,300,0.0,0.27586,0.32025,0.1402,1.17935,0.70932,0.06321,,0.01071,0.03141,0.65
5,46,hybrid,HYBRID_ALPHA0.6_BETA0.4,0.6,0.4,300,0.0,0.26766,0.3148,0.14808,0.99779,0.67123,0.07748,,0.01121,0.03421,0.6
5,46,hybrid,HYBRID_ALPHA0.7_BETA0.3,0.7,0.3,300,0.0,0.26176,0.31376,0.16463,1.07587,0.68734,0.08118,,0.01093,0.03699,0.65
5,46,hybrid,HYBRID_ALPHA0.8_BETA0.2,0.8,0.2,300,0.0,0.2554,0.31616,0.17942,1.05645,0.68297,0.08471,,0.01128,0.0367,0.675
5,46,hybrid,HYBRID_ALPHA0.9_BETA0.1,0.9,0.1,300,0.0,0.25352,0.31337,0.1828,1.01918,0.67548,0.08922,,0.01213,0.0354,0.7
5,46,hybrid,HYBRID_ALPHA0.1_BETA0.9,0.1,0.9,500,1.0,0.44058,0.53897,0.04993,0.26425,0.35298,0.0458,,0.00935,0.14234,0.7
5,46,hybrid,HYBRID_ALPHA0.2_BETA0.8,0.2,0.8,500,1.0,0.38846,0.4949,0.05246,0.34299,0.3827,0.03958,,0.00951,0.11882,0.75
5,46,hybrid,HYBRID_ALPHA0.3_BETA0.7,0.3,0.7,500,1.0,0.33112,0.44436,0.06187,0.35662,0.38872,0.05964,,0.01269,0.07848,0.775
5,46,hybrid,HYBRID_ALPHA0.4_BETA0.6,0.4,0.6,500,1.0,0.29637,0.39613,0.09574,0.31297,0.36395,0.06482,,0.01287,0.06781,0.75
5,46,hybrid,HYBRID_ALPHA0.5_BETA0.5,0.5,0.5,500,1.0,0.2707,0.36079,0.13793,0.31497,0.37336,0.09317,,0.01594,0.05388,0.725
5,46,hybrid,HYBRID_ALPHA0.6_BETA0.4,0.6,0.4,500,1.0,0.25474,0.33772,0.17596,0.28662,0.36577,0.09224,,0.01557,0.04942,0.675
5,46,hybrid,HYBRID_ALPHA0.7_BETA0.3,0.7,0.3,500,1.0,0.24718,0.3265,0.20764,0.27669,0.36405,0.08764,,0.01486,0.04879,0.675
5,46,hybrid,HYBRID_ALPHA0.8_BETA0.2,0.8,0.2,500,1.0,0.24419,0.32797,0.22175,0.27206,0.36668,0.08858,,0.01434,0.04836,0.7
5,46,hybrid,HYBRID_ALPHA0.9_BETA0.1,0.9,0.1,500,1.0,0.2438,0.33398,0.23722,0.26074,0.37494,0.08278,,0.00937,0.05035,0.7
5,46,hybrid,HYBRID_ALPHA0.1_BETA0.9,0.1,0.9,500,0.0,0.44058,0.53897,0.04993,0.98383,0.66402,0.08519,,0.01269,0.08006,0.725
5,46,hybrid,HYBRID_ALPHA0.2_BETA0.8,0.2,0.8,500,0.0,0.38846,0.4949,0.05246,1.0719,0.67197,0.07402,,0.01213,0.0613,0.65
5,46,hybrid,HYBRID_ALPHA0.3_BETA0.7,0.3,0.7,500,0.0,0.33112,0.44436,0.06187,0.99784,0.65589,0.0657,,0.01194,0.03542,0.65
5,46,hybrid,HYBRID_ALPHA0.4_BETA0.6,0.4,0.6,500,0.0,0.29637,0.39613,0.09574,0.94507,0.65246,0.06855,,0.01204,0.03109,0.625
5,46,hybrid,HYBRID_ALPHA0.5_BETA0.5,0.5,0.5,500,0.0,0.2707,0.36079,0.13793,0.88492,0.6645,0.0527,,0.01125,0.02772,0.6
5,46,hybrid,HYBRID_ALPHA0.6_BETA0.4,0.6,0.4,500,0.0,0.25474,0.33772,0.17596,0.8666,0.67386,0.05304,,0.01152,0.02868,0.6
5,46,hybrid,HYBRID_ALPHA0.7_BETA0.3,0.7,0.3,500,0.0,0.24718,0.3265,0.20764,0.86331,0.67505,0.05199,,0.01146,0.02925,0.65
5,46,hybrid,HYBRID_ALPHA0.8_BETA0.2,0.8,0.2,500,0.0,0.24419,0.32797,0.22175,0.8608,0.67732,0.05243,,0.0116,0.02976,0.625
5,46,hybrid,HYBRID_ALPHA0.9_BETA0.1,0.9,0.1,500,0.0,0.2438,0.33398,0.23722,0.83617,0.6836,0.04893,,0.01167,0.02817,0.575
5,46,mse,MSE,1.0,0.0,50,1.0,0.37594,0.40809,0.25032,0.38127,0.48764,0.36101,,0.02777,0.10096,0.75
5,46,mse,MSE,1.0,0.0,50,0.0,0.37594,0.40809,0.25032,1.08679,0.76833,0.23907,,0.02072,0.05116,0.65
5,46,mse,MSE,1.0,0.0,100,1.0,0.482,0.43809,0.25865,0.4647,0.52612,0.48418,,0.03025,0.0585,0.75
5,46,mse,MSE,1.0,0.0,100,0.0,0.482,0.43809,0.25865,1.10434,0.78265,0.25244,,0.02056,0.03854,0.75
5,46,mse,MSE,1.0,0.0,300,1.0,0.26039,0.33304,0.19276,0.44656,0.50225,0.45803,,0.03255,0.08101,0.675
5,46,mse,MSE,1.0,0.0,300,0.0,0.26039,0.33304,0.19276,1.13781,0.77435,0.26724,,0.0219,0.04751,0.675
5,46,mse,MSE,1.0,0.0,500,1.0,0.27216,0.36129,0.25894,0.48527,0.53512,0.4615,,0.02494,0.07327,0.725
5,46,mse,MSE,1.0,0.0,500,0.0,0.27216,0.36129,0.25894,1.10028,0.78528,0.24371,,0.01885,0.04037,0.7
6,47,hsic,HSIC,0.0,1.0,50,1.0,0.52517,0.49212,0.25424,0.79428,0.68969,0.63143,,0.04259,0.19487,0.8
6,47,hsic,HSIC,0.0,1.0,50,0.0,0.52517,0.49212,0.25424,2.62057,1.28818,0.40099,,0.02404,0.15968,0.775
6,47,hsic,HSIC,0.0,1.0,100,1.0,0.73107,0.69746,0.26607,0.40896,0.53274,0.10412,,0.01767,0.16972,0.85
6,47,hsic,HSIC,0.0,1.0,100,0.0,0.73107,0.69746,0.26607,1.01052,0.8161,0.09901,,0.01438,0.10011,0.675
6,47,hsic,HSIC,0.0,1.0,300,1.0,0.5652,0.4768,0.25904,0.59419,0.6824,0.08742,,0.01292,0.32982,0.925
6,47,hsic,HSIC,0.0,1.0,300,0.0,0.5652,0.4768,0.25904,0.95161,0.78987,0.07645,,0.01372,0.27837,0.9
6,47,hsic,HSIC,0.0,1.0,500,1.0,0.45394,0.53912,0.08279,0.59411,0.6784,0.09781,,0.01005,0.30991,0.9
6,47,hsic,HSIC,0.0,1.0,500,0.0,0.45394,0.53912,0.08279,0.98855,0.80974,0.06575,,0.01135,0.25122,0.875
6,47,hybrid,HYBRID_ALPHA0.1_BETA0.9,0.1,0.9,50,1.0,0.32764,0.41127,0.25594,0.25147,0.38414,0.09387,,0.01362,0.05777,0.725
6,47,hybrid,HYBRID_ALPHA0.2_BETA0.8,0.2,0.8,50,1.0,0.31696,0.39825,0.26084,0.4558,0.56691,0.2922,,0.02427,0.08538,0.75
6,47,hybrid,HYBRID_ALPHA0.3_BETA0.7,0.3,0.7,50,1.0,0.31736,0.40315,0.26293,0.28821,0.43262,0.09939,,0.01183,0.0615,0.725
6,47,hybrid,HYBRID_ALPHA0.4_BETA0.6,0.4,0.6,50,1.0,0.31626,0.40227,0.26685,0.28514,0.42951,0.09857,,0.01211,0.06032,0.775
6,47,hybrid,HYBRID_ALPHA0.5_BETA0.5,0.5,0.5,50,1.0,0.31514,0.40139,0.26822,0.2803,0.42426,0.09764,,0.01234,0.05935,0.825
6,47,hybrid,HYBRID_ALPHA0.6_BETA0.4,0.6,0.4,50,1.0,0.31079,0.39875,0.26898,0.2754,0.41891,0.0963,,0.0125,0.05855,0.825
6,47,hybrid,HYBRID_ALPHA0.7_BETA0.3,0.7,0.3,50,1.0,0.30767,0.39824,0.27047,0.27165,0.41507,0.0934,,0.01255,0.05788,0.8
6,47,hybrid,HYBRID_ALPHA0.8_BETA0.2,0.8,0.2,50,1.0,0.2977,0.39134,0.27248,0.26968,0.41359,0.08894,,0.0124,0.05575,0.775
6,47,hybrid,HYBRID_ALPHA0.9_BETA0.1,0.9,0.1,50,1.0,0.27121,0.37833,0.27131,0.27243,0.41774,0.08225,,0.01214,0.05638,0.8
6,47,hybrid,HYBRID_ALPHA0.1_BETA0.9,0.1,0.9,50,0.0,0.32764,0.41127,0.25594,0.91188,0.66404,0.07989,,0.01239,0.02803,0.725
6,47,hybrid,HYBRID_ALPHA0.2_BETA0.8,0.2,0.8,50,0.0,0.31696,0.39825,0.26084,1.04499,0.78832,0.2074,,0.01887,0.04537,0.7
6,47,hybrid,HYBRID_ALPHA0.3_BETA0.7,0.3,0.7,50,0.0,0.31736,0.40315,0.26293,0.88898,0.68339,0.0687,,0.00985,0.02743,0.75
6,47,hybrid,HYBRID_ALPHA0.4_BETA0.6,0.4,0.6,50,0.0,0.31626,0.40227,0.26685,0.87554,0.68186,0.0673,,0.00993,0.02741,0.7
6,47,hybrid,HYBRID_ALPHA0.5_BETA0.5,0.5,0.5,50,0.0,0.31514,0.40139,0.26822,0.86547,0.68005,0.0656,,0.00996,0.02755,0.725
6,47,hybrid,HYBRID_ALPHA0.6_BETA0.4,0.6,0.4,50,0.0,0.31079,0.39875,0.26898,0.85571,0.67865,0.06344,,0.00993,0.0275,0.725
6,47,hybrid,HYBRID_ALPHA0.7_BETA0.3,0.7,0.3,50,0.0,0.30767,0.39824,0.27047,0.84593,0.6767,0.06074,,0.00985,0.02745,0.65
6,47,hybrid,HYBRID_ALPHA0.8_BETA0.2,0.8,0.2,50,0.0,0.2977,0.39134,0.27248,0.83523,0.67485,0.05712,,0.00963,0.02648,0.675
6,47,hybrid,HYBRID_ALPHA0.9_BETA0.1,0.9,0.1,50,0.0,0.27121,0.37833,0.27131,0.82516,0.67186,0.05295,,0.00939,0.02592,0.675
6,47,hybrid,HYBRID_ALPHA0.1_BETA0.9,0.1,0.9,100,1.0,0.36226,0.42496,0.26036,0.44108,0.56529,0.23533,,0.01975,0.08846,0.7
6,47,hybrid,HYBRID_ALPHA0.2_BETA0.8,0.2,0.8,100,1.0,0.34702,0.40344,0.26136,0.42545,0.55191,0.24184,,0.02022,0.08782,0.725
6,47,hybrid,HYBRID_ALPHA0.3_BETA0.7,0.3,0.7,100,1.0,0.33928,0.40151,0.26343,0.40115,0.53101,0.24394,,0.02042,0.08884,0.725
6,47,hybrid,HYBRID_ALPHA0.4_BETA0.6,0.4,0.6,100,1.0,0.35337,0.40487,0.25946,0.37709,0.50702,0.25338,,0.02136,0.09039,0.75
6,47,hybrid,HYBRID_ALPHA0.5_BETA0.5,0.5,0.5,100,1.0,0.33761,0.39973,0.25504,0.36301,0.49024,0.27103,,0.02282,0.09091,0.75
6,47,hybrid,HYBRID_ALPHA0.6_BETA0.4,0.6,0.4,100,1.0,0.32646,0.39438,0.25151,0.35294,0.47869,0.27663,,0.0233,0.09126,0.75
6,47,hybrid,HYBRID_ALPHA0.7_BETA0.3,0.7,0.3,100,1.0,0.32326,0.39216,0.24959,0.35317,0.47809,0.27963,,0.02353,0.09048,0.75
6,47,hybrid,HYBRID_ALPHA0.8_BETA0.2,0.8,0.2,100,1.0,0.31727,0.38843,0.2468,0.35986,0.48249,0.2938,,0.02448,0.09079,0.75
6,47,hybrid,HYBRID_ALPHA0.9_BETA0.1,0.9,0.1,100,1.0,0.45123,0.42737,0.25775,0.36744,0.48905,0.30102,,0.02479,0.09095,0.75
6,47,hybrid,HYBRID_ALPHA0.1_BETA0.9,0.1,0.9,100,0.0,0.36226,0.42496,0.26036,1.04855,0.80509,0.19786,,0.01818,0.05015,0.65
6,47,hybrid,HYBRID_ALPHA0.2_BETA0.8,0.2,0.8,100,0.0,0.34702,0.40344,0.26136,1.04284,0.79791,0.1997,,0.01831,0.04904,0.7
6,47,hybrid,HYBRID_ALPHA0.3_BETA0.7,0.3,0.7,100,0.0,0.33928,0.40151,0.26343,1.03596,0.78576,0.2023,,0.01845,0.0488,0.7
6,47,hybrid,HYBRID_ALPHA0.4_BETA0.6,0.4,0.6,100,0.0,0.35337,0.40487,0.25946,1.04706,0.78137,0.21552,,0.01923,0.0507,0.625
6,47,hybrid,HYBRID_ALPHA0.5_BETA0.5,0.5,0.5,100,0.0,0.33761,0.39973,0.25504,1.04923,0.77217,0.21752,,0.01956,0.05106,0.675
6,47,hybrid,HYBRID_ALPHA0.6_BETA0.4,0.6,0.4,100,0.0,0.32646,0.39438,0.25151,1.0631,0.77408,0.22563,,0.02015,0.05386,0.65
6,47,hybrid,HYBRID_ALPHA0.7_BETA0.3,0.7,0.3,100,0.0,0.32326,0.39216,0.24959,1.06262,0.77546,0.22514,,0.02015,0.054,0.675
6,47,hybrid,HYBRID_ALPHA0.8_BETA0.2,0.8,0.2,100,0.0,0.31727,0.38843,0.2468,1.06659,0.77764,0.22856,,0.02035,0.0537,0.675
6,47,hybrid,HYBRID_ALPHA0.9_BETA0.1,0.9,0.1,100,0.0,0.45123,0.42737,0.25775,1.06643,0.7824,0.22828,,0.02029,0.05388,0.65
6,47,hybrid,HYBRID_ALPHA0.1_BETA0.9,0.1,0.9,300,1.0,0.25208,0.33906,0.19046,0.24726,0.35907,0.03978,,0.00877,0.10575,0.775
6,47,hybrid,HYBRID_ALPHA0.2_BETA0.8,0.2,0.8,300,1.0,0.2663,0.35866,0.12958,0.30974,0.43649,0.19795,,0.01648,0.09866,0.8
6,47,hybrid,HYBRID_ALPHA0.3_BETA0.7,0.3,0.7,300,1.0,0.24556,0.33789,0.1817,0.30781,0.41377,0.20335,,0.01704,0.10096,0.825
6,47,hybrid,HYBRID_ALPHA0.4_BETA0.6,0.4,0.6,300,1.0,0.24195,0.32785,0.19801,0.30862,0.41781,0.21129,,0.01766,0.10318,0.775
6,47,hybrid,HYBRID_ALPHA0.5_BETA0.5,0.5,0.5,300,1.0,0.24317,0.33911,0.19105,0.31872,0.42752,0.24019,,0.01976,0.10543,0.8
6,47,hybrid,HYBRID_ALPHA0.6_BETA0.4,0.6,0.4,300,1.0,0.25908,0.35066,0.2149,0.32947,0.43762,0.26621,,0.02178,0.10683,0.725
6,47,hybrid,HYBRID_ALPHA0.7_BETA0.3,0.7,0.3,300,1.0,0.39425,0.42308,0.26722,0.33873,0.44386,0.28827,,0.02321,0.10883,0.8
6,47,hybrid,HYBRID_ALPHA0.8_BETA0.2,0.8,0.2,300,1.0,0.39136,0.42033,0.26448,0.34561,0.45065,0.30479,,0.02423,0.1101,0.8
6,47,hybrid,HYBRID_ALPHA0.9_BETA0.1,0.9,0.1,300,1.0,0.38723,0.41613,0.26104,0.35835,0.46267,0.33135,,0.02581,0.11183,0.8
6,47,hybrid,HYBRID_ALPHA0.1_BETA0.9,0.1,0.9,300,0.0,0.25208,0.33906,0.19046,0.93357,0.66133,0.06206,,0.0107,0.05289,0.725
6,47,hybrid,HYBRID_ALPHA0.2_BETA0.8,0.2,0.8,300,0.0,0.2663,0.35866,0.12958,0.99837,0.72517,0.16508,,0.01617,0.05316,0.7
6,47,hybrid,HYBRID_ALPHA0.3_BETA0.7,0.3,0.7,300,0.0,0.24556,0.33789,0.1817,1.02512,0.7142,0.1719,,0.0167,0.05501,0.675
6,47,hybrid,HYBRID_ALPHA0.4_BETA0.6,0.4,0.6,300,0.0,0.24195,0.32785,0.19801,1.02442,0.71816,0.17626,,0.01698,0.05606,0.625
6,47,hybrid,HYBRID_ALPHA0.5_BETA0.5,0.5,0.5,300,0.0,0.24317,0.33911,0.19105,1.03992,0.72877,0.19089,,0.01789,0.05783,0.65
6,47,hybrid,HYBRID_ALPHA0.6_BETA0.4,0.6,0.4,300,0.0,0.25908,0.35066,0.2149,1.05835,0.73647,0.2051,,0.01878,0.0591,0.675
6,47,hybrid,HYBRID_ALPHA0.7_BETA0.3,0.7,0.3,300,0.0,0.39425,0.42308,0.26722,1.0675,0.74605,0.21576,,0.01941,0.06046,0.65
6,47,hybrid,HYBRID_ALPHA0.8_BETA0.2,0.8,0.2,300,0.0,0.39136,0.42033,0.26448,1.06949,0.75175,0.22054,,0.01967,0.06113,0.7
6,47,hybrid,HYBRID_ALPHA0.9_BETA0.1,0.9,0.1,300,0.0,0.38723,0.41613,0.26104,1.07459,0.76076,0.22853,,0.0201,0.06177,0.7
6,47,hybrid,HYBRID_ALPHA0.1_BETA0.9,0.1,0.9,500,1.0,0.32548,0.46847,0.08767,0.25545,0.40485,0.03898,,0.00701,0.0748,0.8
6,47,hybrid,HYBRID_ALPHA0.2_BETA0.8,0.2,0.8,500,1.0,0.26094,0.38251,0.22887,0.24529,0.38307,0.03311,,0.00634,0.0751,0.775
6,47,hybrid,HYBRID_ALPHA0.3_BETA0.7,0.3,0.7,500,1.0,0.22509,0.32273,0.2092,0.23589,0.37769,0.04549,,0.00842,0.06954,0.7
6,47,hybrid,HYBRID_ALPHA0.4_BETA0.6,0.4,0.6,500,1.0,0.21321,0.31774,0.23358,0.23463,0.37534,0.04373,,0.00848,0.06961,0.7
6,47,hybrid,HYBRID_ALPHA0.5_BETA0.5,0.5,0.5,500,1.0,0.21741,0.31501,0.22662,0.23694,0.37944,0.04273,,0.00854,0.06947,0.7
6,47,hybrid,HYBRID_ALPHA0.6_BETA0.4,0.6,0.4,500,1.0,0.21796,0.31889,0.22851,0.23484,0.37576,0.04212,,0.00897,0.06937,0.725
6,47,hybrid,HYBRID_ALPHA0.7_BETA0.3,0.7,0.3,500,1.0,0.21701,0.31968,0.23006,0.23323,0.37279,0.04011,,0.00928,0.06928,0.725
6,47,hybrid,HYBRID_ALPHA0.8_BETA0.2,0.8,0.2,500,1.0,0.22641,0.33256,0.20639,0.34137,0.43066,0.28324,,0.02297,0.08385,0.7
6,47,hybrid,HYBRID_ALPHA0.9_BETA0.1,0.9,0.1,500,1.0,0.22797,0.33811,0.20961,0.35459,0.43994,0.31452,,0.02493,0.08516,0.75
6,47,hybrid,HYBRID_ALPHA0.1_BETA0.9,0.1,0.9,500,0.0,0.32548,0.46847,0.08767,0.83649,0.65974,0.04381,,0.00958,0.03849,0.675
6,47,hybrid,HYBRID_ALPHA0.2_BETA0.8,0.2,0.8,500,0.0,0.26094,0.38251,0.22887,0.86577,0.65223,0.04203,,0.00909,0.0379,0.65
6,47,hybrid,HYBRID_ALPHA0.3_BETA0.7,0.3,0.7,500,0.0,0.22509,0.32273,0.2092,0.83339,0.6556,0.03571,,0.00846,0.03627,0.65
6,47,hybrid,HYBRID_ALPHA0.4_BETA0.6,0.4,0.6,500,0.0,0.21321,0.31774,0.23358,0.83267,0.65478,0.03592,,0.00856,0.03633,0.65
6,47,hybrid,HYBRID_ALPHA0.5_BETA0.5,0.5,0.5,500,0.0,0.21741,0.31501,0.22662,0.83184,0.65597,0.036,,0.00859,0.03624,0.625
6,47,hybrid,HYBRID_ALPHA0.6_BETA0.4,0.6,0.4,500,0.0,0.21796,0.31889,0.22851,0.82844,0.65483,0.03645,,0.00886,0.03629,0.625
6,47,hybrid,HYBRID_ALPHA0.7_BETA0.3,0.7,0.3,500,0.0,0.21701,0.31968,0.23006,0.82574,0.65409,0.03701,,0.00912,0.03645,0.65
6,47,hybrid,HYBRID_ALPHA0.8_BETA0.2,0.8,0.2,500,0.0,0.22641,0.33256,0.20639,1.07068,0.73789,0.2115,,0.01917,0.05497,0.7
6,47,hybrid,HYBRID_ALPHA0.9_BETA0.1,0.9,0.1,500,0.0,0.22797,0.33811,0.20961,1.07923,0.74426,0.22041,,0.0197,0.05502,0.725
6,47,mse,MSE,1.0,0.0,50,1.0,0.26749,0.37961,0.27122,0.31313,0.47619,0.06408,,0.00921,0.06797,0.8
6,47,mse,MSE,1.0,0.0,50,0.0,0.26749,0.37961,0.27122,0.879,0.67389,0.06424,,0.00981,0.02767,0.65
6,47,mse,MSE,1.0,0.0,100,1.0,0.47372,0.43607,0.25808,0.37941,0.49619,0.32328,,0.02615,0.0923,0.7
6,47,mse,MSE,1.0,0.0,100,0.0,0.47372,0.43607,0.25808,1.07389,0.78599,0.23423,,0.0206,0.05386,0.675
6,47,mse,MSE,1.0,0.0,300,1.0,0.38476,0.41359,0.25771,0.36305,0.45642,0.34496,,0.02589,0.11257,0.8
6,47,mse,MSE,1.0,0.0,300,0.0,0.38476,0.41359,0.25771,1.06631,0.76405,0.22517,,0.01982,0.06175,0.7
6,47,mse,MSE,1.0,0.0,500,1.0,0.23746,0.3403,0.23718,0.24913,0.37777,0.05025,,0.01027,0.06874,0.7
6,47,mse,MSE,1.0,0.0,500,0.0,0.23746,0.3403,0.23718,0.84614,0.672,0.04219,,0.00935,0.0384,0.625
7,48,hsic,HSIC,0.0,1.0,50,1.0,0.59856,0.53283,0.26304,0.71734,0.68302,0.51428,,0.02905,0.09385,0.725
7,48,hsic,HSIC,0.0,1.0,50,0.0,0.59856,0.53283,0.26304,1.13982,0.81545,0.26787,,0.01979,0.03555,0.65
7,48,hsic,HSIC,0.0,1.0,100,1.0,0.5703,0.47644,0.25869,0.65643,0.62941,0.54384,,0.0289,0.20765,0.825
7,48,hsic,HSIC,0.0,1.0,100,0.0,0.5703,0.47644,0.25869,1.23458,0.81793,0.31608,,0.02103,0.14611,0.775
7,48,hsic,HSIC,0.0,1.0,300,1.0,0.56511,0.4766,0.25895,0.39869,0.53615,0.0805,,0.01249,0.30165,0.925
7,48,hsic,HSIC,0.0,1.0,300,0.0,0.56511,0.4766,0.25895,0.86269,0.70887,0.06146,,0.01268,0.24426,0.875
7,48,hsic,HSIC,0.0,1.0,500,1.0,0.46797,0.55578,0.05352,0.26549,0.38774,0.07284,,0.00737,0.37132,0.925
7,48,hsic,HSIC,0.0,1.0,500,0.0,0.46797,0.55578,0.05352,0.98572,0.68784,0.06595,,0.00997,0.33471,0.9
7,48,hybrid,HYBRID_ALPHA0.1_BETA0.9,0.1,0.9,50,1.0,0.45147,0.43202,0.25845,0.66957,0.6628,0.49883,,0.02904,0.09062,0.725
7,48,hybrid,HYBRID_ALPHA0.2_BETA0.8,0.2,0.8,50,1.0,0.40946,0.41233,0.2556,0.59479,0.62302,0.48745,,0.03,0.08424,0.7
7,48,hybrid,HYBRID_ALPHA0.3_BETA0.7,0.3,0.7,50,1.0,0.48211,0.43205,0.25824,0.59668,0.61883,0.50133,,0.02996,0.08526,0.725
7,48,hybrid,HYBRID_ALPHA0.4_BETA0.6,0.4,0.6,50,1.0,0.48061,0.43155,0.25832,0.57043,0.61199,0.47903,,0.03055,0.0826,0.725
7,48,hybrid,HYBRID_ALPHA0.5_BETA0.5,0.5,0.5,50,1.0,0.48112,0.43137,0.25829,0.57148,0.61291,0.4791,,0.03064,0.08294,0.725
7,48,hybrid,HYBRID_ALPHA0.6_BETA0.4,0.6,0.4,50,1.0,0.47993,0.43096,0.25821,0.57277,0.61405,0.47847,,0.03067,0.08306,0.675
7,48,hybrid,HYBRID_ALPHA0.7_BETA0.3,0.7,0.3,50,1.0,0.47984,0.43093,0.25824,0.57509,0.61454,0.47856,,0.03033,0.08287,0.675
7,48,hybrid,HYBRID_ALPHA0.8_BETA0.2,0.8,0.2,50,1.0,0.48074,0.43104,0.25825,0.57396,0.61407,0.47722,,0.03024,0.08261,0.675
7,48,hybrid,HYBRID_ALPHA0.9_BETA0.1,0.9,0.1,50,1.0,0.48038,0.43102,0.25858,0.57427,0.61255,0.47589,,0.02951,0.08263,0.65
7,48,hybrid,HYBRID_ALPHA0.1_BETA0.9,0.1,0.9,50,0.0,0.45147,0.43202,0.25845,1.13323,0.81513,0.26692,,0.02025,0.03423,0.675
7,48,hybrid,HYBRID_ALPHA0.2_BETA0.8,0.2,0.8,50,0.0,0.40946,0.41233,0.2556,1.15165,0.81655,0.2821,,0.02128,0.03305,0.65
7,48,hybrid,HYBRID_ALPHA0.3_BETA0.7,0.3,0.7,50,0.0,0.48211,0.43205,0.25824,1.17608,0.81796,0.2958,,0.02152,0.03311,0.65
7,48,hybrid,HYBRID_ALPHA0.4_BETA0.6,0.4,0.6,50,0.0,0.48061,0.43155,0.25832,1.14962,0.81665,0.28302,,0.02164,0.03291,0.65
7,48,hybrid,HYBRID_ALPHA0.5_BETA0.5,0.5,0.5,50,0.0,0.48112,0.43137,0.25829,1.14945,0.817,0.28306,,0.02167,0.03291,0.65
7,48,hybrid,HYBRID_ALPHA0.6_BETA0.4,0.6,0.4,50,0.0,0.47993,0.43096,0.25821,1.15054,0.81803,0.28369,,0.0217,0.03301,0.675
7,48,hybrid,HYBRID_ALPHA0.7_BETA0.3,0.7,0.3,50,0.0,0.47984,0.43093,0.25824,1.15572,0.82061,0.28613,,0.02165,0.03306,0.7
7,48,hybrid,HYBRID_ALPHA0.8_BETA0.2,0.8,0.2,50,0.0,0.48074,0.43104,0.25825,1.15467,0.82031,0.28598,,0.02174,0.0329,0.675
7,48,hybrid,HYBRID_ALPHA0.9_BETA0.1,0.9,0.1,50,0.0,0.48038,0.43102,0.25858,1.18524,0.83068,0.29275,,0.02049,0.03328,0.675
7,48,hybrid,HYBRID_ALPHA0.1_BETA0.9,0.1,0.9,100,1.0,0.24976,0.34173,0.12141,0.43031,0.56485,0.17839,,0.0154,0.08039,0.75
7,48,hybrid,HYBRID_ALPHA0.2_BETA0.8,0.2,0.8,100,1.0,0.24328,0.33404,0.12982,0.39859,0.5409,0.16578,,0.01478,0.07782,0.725
7,48,hybrid,HYBRID_ALPHA0.3_BETA0.7,0.3,0.7,100,1.0,0.23506,0.33145,0.14038,0.38157,0.52689,0.15923,,0.01455,0.07728,0.75
7,48,hybrid,HYBRID_ALPHA0.4_BETA0.6,0.4,0.6,100,1.0,0.23261,0.34002,0.13854,0.34784,0.49731,0.14292,,0.01352,0.07585,0.7
7,48,hybrid,HYBRID_ALPHA0.5_BETA0.5,0.5,0.5,100,1.0,0.23851,0.33842,0.11295,0.32613,0.47662,0.13788,,0.01348,0.07221,0.725
7,48,hybrid,HYBRID_ALPHA0.6_BETA0.4,0.6,0.4,100,1.0,0.24229,0.34726,0.10666,0.30951,0.44518,0.18577,,0.01786,0.05875,0.725
7,48,hybrid,HYBRID_ALPHA0.7_BETA0.3,0.7,0.3,100,1.0,0.24043,0.3478,0.10654,0.33258,0.45378,0.26494,,0.02252,0.05986,0.725
7,48,hybrid,HYBRID_ALPHA0.8_BETA0.2,0.8,0.2,100,1.0,0.23594,0.34646,0.11323,0.30061,0.41876,0.18946,,0.0169,0.05069,0.625
7,48,hybrid,HYBRID_ALPHA0.9_BETA0.1,0.9,0.1,100,1.0,0.23391,0.34874,0.12199,0.29843,0.40978,0.19021,,0.01712,0.04974,0.65
7,48,hybrid,HYBRID_ALPHA0.1_BETA0.9,0.1,0.9,100,0.0,0.24976,0.34173,0.12141,0.98644,0.70173,0.04439,,0.00555,0.01962,0.675
7,48,hybrid,HYBRID_ALPHA0.2_BETA0.8,0.2,0.8,100,0.0,0.24328,0.33404,0.12982,0.96799,0.69299,0.04247,,0.0059,0.01944,0.675
7,48,hybrid,HYBRID_ALPHA0.3_BETA0.7,0.3,0.7,100,0.0,0.23506,0.33145,0.14038,0.9578,0.6855,0.04212,,0.00652,0.01947,0.7
7,48,hybrid,HYBRID_ALPHA0.4_BETA0.6,0.4,0.6,100,0.0,0.23261,0.34002,0.13854,0.95599,0.67608,0.03875,,0.0072,0.01918,0.65
7,48,hybrid,HYBRID_ALPHA0.5_BETA0.5,0.5,0.5,100,0.0,0.23851,0.33842,0.11295,0.95149,0.67078,0.03899,,0.0077,0.01936,0.675
7,48,hybrid,HYBRID_ALPHA0.6_BETA0.4,0.6,0.4,100,0.0,0.24229,0.34726,0.10666,1.00322,0.68127,0.11885,,0.01447,0.02654,0.6
7,48,hybrid,HYBRID_ALPHA0.7_BETA0.3,0.7,0.3,100,0.0,0.24043,0.3478,0.10654,1.04568,0.70921,0.17276,,0.01711,0.03151,0.725
7,48,hybrid,HYBRID_ALPHA0.8_BETA0.2,0.8,0.2,100,0.0,0.23594,0.34646,0.11323,1.01739,0.71597,0.16683,,0.01656,0.03241,0.825
7,48,hybrid,HYBRID_ALPHA0.9_BETA0.1,0.9,0.1,100,0.0,0.23391,0.34874,0.12199,1.01844,0.7135,0.16589,,0.01663,0.03209,0.7
7,48,hybrid,HYBRID_ALPHA0.1_BETA0.9,0.1,0.9,300,1.0,0.56271,0.47467,0.25905,0.26031,0.35499,0.04949,,0.00899,0.06716,0.75
7,48,hybrid,HYBRID_ALPHA0.2_BETA0.8,0.2,0.8,300,1.0,0.56155,0.47365,0.25922,0.251,0.36876,0.04577,,0.00766,0.06421,0.75
7,48,hybrid,HYBRID_ALPHA0.3_BETA0.7,0.3,0.7,300,1.0,0.56126,0.47333,0.25929,0.25104,0.37825,0.04695,,0.00782,0.06365,0.75
7,48,hybrid,HYBRID_ALPHA0.4_BETA0.6,0.4,0.6,300,1.0,0.56062,0.47268,0.25932,0.33691,0.43276,0.27494,,0.02214,0.08114,0.8
7,48,hybrid,HYBRID_ALPHA0.5_BETA0.5,0.5,0.5,300,1.0,0.56014,0.47226,0.25915,0.24834,0.37912,0.04787,,0.00849,0.06244,0.7
7,48,hybrid,HYBRID_ALPHA0.6_BETA0.4,0.6,0.4,300,1.0,0.50839,0.45079,0.26085,0.24671,0.37935,0.05039,,0.00893,0.06256,0.725
7,48,hybrid,HYBRID_ALPHA0.7_BETA0.3,0.7,0.3,300,1.0,0.46046,0.43152,0.25979,0.23758,0.36558,0.05115,,0.01025,0.06593,0.725
7,48,hybrid,HYBRID_ALPHA0.8_BETA0.2,0.8,0.2,300,1.0,0.44088,0.42483,0.25887,0.46197,0.52342,0.47789,,0.03068,0.15771,0.825
7,48,hybrid,HYBRID_ALPHA0.9_BETA0.1,0.9,0.1,300,1.0,0.43966,0.4239,0.25786,0.57116,0.58749,0.52581,,0.02933,0.22084,0.9
7,48,hybrid,HYBRID_ALPHA0.1_BETA0.9,0.1,0.9,300,0.0,0.56271,0.47467,0.25905,0.97391,0.66549,0.08558,,0.01233,0.03401,0.65
7,48,hybrid,HYBRID_ALPHA0.2_BETA0.8,0.2,0.8,300,0.0,0.56155,0.47365,0.25922,0.89972,0.66114,0.04485,,0.00832,0.02956,0.725
7,48,hybrid,HYBRID_ALPHA0.3_BETA0.7,0.3,0.7,300,0.0,0.56126,0.47333,0.25929,0.88449,0.66086,0.04477,,0.00838,0.02939,0.7
7,48,hybrid,HYBRID_ALPHA0.4_BETA0.6,0.4,0.6,300,0.0,0.56062,0.47268,0.25932,1.08027,0.73,0.20696,,0.01884,0.04755,0.725
7,48,hybrid,HYBRID_ALPHA0.5_BETA0.5,0.5,0.5,300,0.0,0.56014,0.47226,0.25915,0.86986,0.65859,0.04486,,0.00881,0.02924,0.675
7,48,hybrid,HYBRID_ALPHA0.6_BETA0.4,0.6,0.4,300,0.0,0.50839,0.45079,0.26085,0.86006,0.65683,0.04413,,0.00893,0.02949,0.7
7,48,hybrid,HYBRID_ALPHA0.7_BETA0.3,0.7,0.3,300,0.0,0.46046,0.43152,0.25979,0.83456,0.64822,0.04197,,0.00956,0.03149,0.65
7,48,hybrid,HYBRID_ALPHA0.8_BETA0.2,0.8,0.2,300,0.0,0.44088,0.42483,0.25887,1.19456,0.77911,0.28179,,0.02163,0.09502,0.725
7,48,hybrid,HYBRID_ALPHA0.9_BETA0.1,0.9,0.1,300,0.0,0.43966,0.4239,0.25786,1.22655,0.80814,0.31032,,0.02118,0.15682,0.8
7,48,hybrid,HYBRID_ALPHA0.1_BETA0.9,0.1,0.9,500,1.0,0.40806,0.4977,0.04349,0.25993,0.40014,0.04512,,0.00665,0.07767,0.825
7,48,hybrid,HYBRID_ALPHA0.2_BETA0.8,0.2,0.8,500,1.0,0.32493,0.43959,0.03794,0.26617,0.40668,0.0552,,0.00731,0.07648,0.75
7,48,hybrid,HYBRID_ALPHA0.3_BETA0.7,0.3,0.7,500,1.0,0.29408,0.38131,0.08253,0.29611,0.4433,0.11905,,0.01198,0.07889,0.725
7,48,hybrid,HYBRID_ALPHA0.4_BETA0.6,0.4,0.6,500,1.0,0.28835,0.34315,0.13686,0.3091,0.44882,0.16502,,0.01508,0.07987,0.75
7,48,hybrid,HYBRID_ALPHA0.5_BETA0.5,0.5,0.5,500,1.0,0.26319,0.32234,0.15662,0.31419,0.44656,0.19426,,0.01681,0.08022,0.775
7,48,hybrid,HYBRID_ALPHA0.6_BETA0.4,0.6,0.4,500,1.0,0.26886,0.32949,0.15278,0.31998,0.44493,0.22451,,0.01881,0.08062,0.8
7,48,hybrid,HYBRID_ALPHA0.7_BETA0.3,0.7,0.3,500,1.0,0.27539,0.33713,0.1542,0.3236,0.44546,0.23996,,0.01998,0.08226,0.8
7,48,hybrid,HYBRID_ALPHA0.8_BETA0.2,0.8,0.2,500,1.0,0.27403,0.33935,0.16481,0.33217,0.44909,0.26656,,0.02181,0.08397,0.75
7,48,hybrid,HYBRID_ALPHA0.9_BETA0.1,0.9,0.1,500,1.0,0.26359,0.33051,0.18248,0.34668,0.45739,0.30323,,0.02425,0.08697,0.75
7,48,hybrid,HYBRID_ALPHA0.1_BETA0.9,0.1,0.9,500,0.0,0.40806,0.4977,0.04349,0.88426,0.67067,0.06644,,0.01049,0.03607,0.6
7,48,hybrid,HYBRID_ALPHA0.2_BETA0.8,0.2,0.8,500,0.0,0.32493,0.43959,0.03794,0.90377,0.67004,0.07251,,0.01092,0.03552,0.625
7,48,hybrid,HYBRID_ALPHA0.3_BETA0.7,0.3,0.7,500,0.0,0.29408,0.38131,0.08253,0.9536,0.70895,0.12918,,0.01418,0.04161,0.625
7,48,hybrid,HYBRID_ALPHA0.4_BETA0.6,0.4,0.6,500,0.0,0.28835,0.34315,0.13686,0.97634,0.72443,0.15135,,0.01552,0.04345,0.7
7,48,hybrid,HYBRID_ALPHA0.5_BETA0.5,0.5,0.5,500,0.0,0.26319,0.32234,0.15662,1.00157,0.73678,0.17264,,0.01676,0.04489,0.725
7,48,hybrid,HYBRID_ALPHA0.6_BETA0.4,0.6,0.4,500,0.0,0.26886,0.32949,0.15278,1.03358,0.75179,0.19908,,0.01833,0.0472,0.75
7,48,hybrid,HYBRID_ALPHA0.7_BETA0.3,0.7,0.3,500,0.0,0.27539,0.33713,0.1542,1.04055,0.76044,0.2063,,0.0188,0.04819,0.725
7,48,hybrid,HYBRID_ALPHA0.8_BETA0.2,0.8,0.2,500,0.0,0.27403,0.33935,0.16481,1.04882,0.76419,0.21317,,0.01923,0.04867,0.75
7,48,hybrid,HYBRID_ALPHA0.9_BETA0.1,0.9,0.1,500,0.0,0.26359,0.33051,0.18248,1.06122,0.76899,0.22329,,0.01983,0.04943,0.75
7,48,mse,MSE,1.0,0.0,50,1.0,0.47997,0.43126,0.25859,0.57371,0.61216,0.47525,,0.02948,0.08247,0.625
7,48,mse,MSE,1.0,0.0,50,0.0,0.47997,0.43126,0.25859,1.18149,0.82979,0.29225,,0.0207,0.03354,0.675
7,48,mse,MSE,1.0,0.0,100,1.0,0.23151,0.35188,0.13298,0.32723,0.42993,0.27378,,0.02253,0.05306,0.65
7,48,mse,MSE,1.0,0.0,100,0.0,0.23151,0.35188,0.13298,1.04264,0.72474,0.18907,,0.01812,0.03336,0.725
7,48,mse,MSE,1.0,0.0,300,1.0,0.43501,0.42318,0.25787,0.63551,0.61735,0.54382,,0.029,0.24933,0.9
7,48,mse,MSE,1.0,0.0,300,0.0,0.43501,0.42318,0.25787,1.24769,0.81913,0.31978,,0.02094,0.18721,0.825
7,48,mse,MSE,1.0,0.0,500,1.0,0.2647,0.3398,0.19913,0.30105,0.44905,0.10057,,0.01231,0.07696,0.7
7,48,mse,MSE,1.0,0.0,500,0.0,0.2647,0.3398,0.19913,0.89063,0.69976,0.057,,0.00894,0.03842,0.675
8,49,hsic,HSIC,0.0,1.0,50,1.0,1.80337,1.27058,0.22696,0.40368,0.51177,0.33419,,0.02417,0.26899,0.85
8,49,hsic,HSIC,0.0,1.0,50,0.0,1.80337,1.27058,0.22696,1.30647,0.99203,0.04867,,0.01232,0.16954,0.8
8,49,hsic,HSIC,0.0,1.0,100,1.0,0.49408,0.56336,0.14036,6.11274,2.41552,0.05995,,0.00665,0.246,0.85
8,49,hsic,HSIC,0.0,1.0,100,0.0,0.49408,0.56336,0.14036,5.98367,2.31927,0.07007,,0.00841,0.17704,0.8
8,49,hsic,HSIC,0.0,1.0,300,1.0,1.16038,0.97128,0.24358,0.25672,0.37667,0.08359,,0.01182,0.30507,0.925
8,49,hsic,HSIC,0.0,1.0,300,0.0,1.16038,0.97128,0.24358,0.96066,0.67998,0.06938,,0.01138,0.24558,0.85
8,49,hsic,HSIC,0.0,1.0,500,1.0,0.56298,0.47427,0.25944,0.24766,0.39188,0.05146,,0.01194,0.38419,0.925
8,49,hsic,HSIC,0.0,1.0,500,0.0,0.56298,0.47427,0.25944,0.85718,0.71553,0.05097,,0.01024,0.33675,0.9
8,49,hybrid,HYBRID_ALPHA0.1_BETA0.9,0.1,0.9,50,1.0,0.24668,0.33803,0.22442,0.31379,0.42154,0.24037,,0.02216,0.09717,0.7
8,49,hybrid,HYBRID_ALPHA0.2_BETA0.8,0.2,0.8,50,1.0,0.24837,0.33857,0.21528,0.33218,0.41794,0.26753,,0.02386,0.10045,0.675
8,49,hybrid,HYBRID_ALPHA0.3_BETA0.7,0.3,0.7,50,1.0,0.25494,0.34177,0.20655,0.34965,0.4195,0.28429,,0.02494,0.10417,0.65
8,49,hybrid,HYBRID_ALPHA0.4_BETA0.6,0.4,0.6,50,1.0,0.23927,0.34396,0.21379,0.37997,0.43033,0.2992,,0.02597,0.1069,0.7
8,49,hybrid,HYBRID_ALPHA0.5_BETA0.5,0.5,0.5,50,1.0,0.2449,0.3378,0.21248,0.46548,0.47594,0.3042,,0.02618,0.10607,0.625
8,49,hybrid,HYBRID_ALPHA0.6_BETA0.4,0.6,0.4,50,1.0,0.35342,0.39486,0.15575,0.41699,0.45368,0.32079,,0.02708,0.12655,0.75
8,49,hybrid,HYBRID_ALPHA0.7_BETA0.3,0.7,0.3,50,1.0,0.25964,0.34515,0.20261,0.42558,0.45208,0.29516,,0.02609,0.11724,0.675
8,49,hybrid,HYBRID_ALPHA0.8_BETA0.2,0.8,0.2,50,1.0,0.26543,0.3485,0.20236,0.40184,0.43261,0.24941,,0.02377,0.09445,0.675
8,49,hybrid,HYBRID_ALPHA0.9_BETA0.1,0.9,0.1,50,1.0,0.27398,0.35899,0.21116,0.44742,0.46725,0.3123,,0.02671,0.09786,0.7
8,49,hybrid,HYBRID_ALPHA0.1_BETA0.9,0.1,0.9,50,0.0,0.24668,0.33803,0.22442,0.90469,0.76333,0.0682,,0.01193,0.06273,0.65
8,49,hybrid,HYBRID_ALPHA0.2_BETA0.8,0.2,0.8,50,0.0,0.24837,0.33857,0.21528,0.89462,0.7469,0.07328,,0.01236,0.0634,0.7
8,49,hybrid,HYBRID_ALPHA0.3_BETA0.7,0.3,0.7,50,0.0,0.25494,0.34177,0.20655,0.87953,0.73327,0.06964,,0.01229,0.06228,0.675
8,49,hybrid,HYBRID_ALPHA0.4_BETA0.6,0.4,0.6,50,0.0,0.23927,0.34396,0.21379,0.87954,0.72324,0.07733,,0.01283,0.06062,0.675
8,49,hybrid,HYBRID_ALPHA0.5_BETA0.5,0.5,0.5,50,0.0,0.2449,0.3378,0.21248,0.87287,0.69663,0.05484,,0.01178,0.06343,0.7
8,49,hybrid,HYBRID_ALPHA0.6_BETA0.4,0.6,0.4,50,0.0,0.35342,0.39486,0.15575,0.88418,0.74596,0.05478,,0.01214,0.05921,0.625
8,49,hybrid,HYBRID_ALPHA0.7_BETA0.3,0.7,0.3,50,0.0,0.25964,0.34515,0.20261,0.89703,0.72037,0.09281,,0.01436,0.06414,0.65
8,49,hybrid,HYBRID_ALPHA0.8_BETA0.2,0.8,0.2,50,0.0,0.26543,0.3485,0.20236,0.97635,0.70344,0.14246,,0.01677,0.06986,0.625
8,49,hybrid,HYBRID_ALPHA0.9_BETA0.1,0.9,0.1,50,0.0,0.27398,0.35899,0.21116,1.05142,0.71693,0.18545,,0.01878,0.07412,0.675
8,49,hybrid,HYBRID_ALPHA0.1_BETA0.9,0.1,0.9,100,1.0,0.39979,0.529,0.12277,0.36438,0.51269,0.14772,,0.01391,0.0898,0.775
8,49,hybrid,HYBRID_ALPHA0.2_BETA0.8,0.2,0.8,100,1.0,0.27185,0.35262,0.2079,0.33208,0.47884,0.16302,,0.01478,0.08803,0.8
8,49,hybrid,HYBRID_ALPHA0.3_BETA0.7,0.3,0.7,100,1.0,0.26793,0.35432,0.21998,0.29949,0.43931,0.15165,,0.01421,0.08671,0.8
8,49,hybrid,HYBRID_ALPHA0.4_BETA0.6,0.4,0.6,100,1.0,0.26368,0.33611,0.17818,0.28606,0.41441,0.14388,,0.01374,0.08597,0.775
8,49,hybrid,HYBRID_ALPHA0.5_BETA0.5,0.5,0.5,100,1.0,0.26582,0.33958,0.20051,0.27452,0.40833,0.10785,,0.01196,0.0824,0.8
8,49,hybrid,HYBRID_ALPHA0.6_BETA0.4,0.6,0.4,100,1.0,0.26161,0.33735,0.2043,0.25391,0.37321,0.05711,,0.00868,0.07882,0.7
8,49,hybrid,HYBRID_ALPHA0.7_BETA0.3,0.7,0.3,100,1.0,0.25813,0.33783,0.20916,0.25567,0.37521,0.06277,,0.00915,0.07883,0.725
8,49,hybrid,HYBRID_ALPHA0.8_BETA0.2,0.8,0.2,100,1.0,0.25694,0.34036,0.21382,0.25966,0.38116,0.07517,,0.01005,0.07919,0.725
8,49,hybrid,HYBRID_ALPHA0.9_BETA0.1,0.9,0.1,100,1.0,0.25747,0.34537,0.22297,0.26623,0.38177,0.09748,,0.01166,0.0799,0.7
8,49,hybrid,HYBRID_ALPHA0.1_BETA0.9,0.1,0.9,100,0.0,0.39979,0.529,0.12277,0.95611,0.75254,0.12559,,0.01358,0.05551,0.775
8,49,hybrid,HYBRID_ALPHA0.2_BETA0.8,0.2,0.8,100,0.0,0.27185,0.35262,0.2079,0.96592,0.74515,0.14209,,0.01484,0.05698,0.8
8,49,hybrid,HYBRID_ALPHA0.3_BETA0.7,0.3,0.7,100,0.0,0.26793,0.35432,0.21998,0.96362,0.72366,0.14049,,0.01499,0.05642,0.75
8,49,hybrid,HYBRID_ALPHA0.4_BETA0.6,0.4,0.6,100,0.0,0.26368,0.33611,0.17818,0.97007,0.70789,0.13839,,0.01486,0.05605,0.8
8,49,hybrid,HYBRID_ALPHA0.5_BETA0.5,0.5,0.5,100,0.0,0.26582,0.33958,0.20051,0.95813,0.71165,0.13175,,0.01448,0.05394,0.75
8,49,hybrid,HYBRID_ALPHA0.6_BETA0.4,0.6,0.4,100,0.0,0.26161,0.33735,0.2043,0.92884,0.70129,0.10569,,0.01282,0.05146,0.725
8,49,hybrid,HYBRID_ALPHA0.7_BETA0.3,0.7,0.3,100,0.0,0.25813,0.33783,0.20916,0.92767,0.70508,0.10684,,0.01297,0.05176,0.75
8,49,hybrid,HYBRID_ALPHA0.8_BETA0.2,0.8,0.2,100,0.0,0.25694,0.34036,0.21382,0.92737,0.71289,0.10892,,0.01317,0.05223,0.7
8,49,hybrid,HYBRID_ALPHA0.9_BETA0.1,0.9,0.1,100,0.0,0.25747,0.34537,0.22297,0.92722,0.71453,0.10971,,0.01331,0.05269,0.675
8,49,hybrid,HYBRID_ALPHA0.1_BETA0.9,0.1,0.9,300,1.0,0.27508,0.34972,0.21881,0.24738,0.35733,0.03622,,0.00759,0.07478,0.8
8,49,hybrid,HYBRID_ALPHA0.2_BETA0.8,0.2,0.8,300,1.0,0.25334,0.35488,0.11616,0.24653,0.35539,0.0368,,0.00794,0.07331,0.725
8,49,hybrid,HYBRID_ALPHA0.3_BETA0.7,0.3,0.7,300,1.0,0.22768,0.34208,0.12219,0.25807,0.35538,0.04185,,0.00854,0.0729,0.775
8,49,hybrid,HYBRID_ALPHA0.4_BETA0.6,0.4,0.6,300,1.0,0.2137,0.31333,0.21595,0.2503,0.35216,0.04044,,0.00924,0.07347,0.725
8,49,hybrid,HYBRID_ALPHA0.5_BETA0.5,0.5,0.5,300,1.0,0.21094,0.31002,0.21858,0.24542,0.35268,0.03521,,0.00832,0.07106,0.75
8,49,hybrid,HYBRID_ALPHA0.6_BETA0.4,0.6,0.4,300,1.0,0.21693,0.30892,0.21952,0.24357,0.34983,0.03534,,0.00854,0.07225,0.75
8,49,hybrid,HYBRID_ALPHA0.7_BETA0.3,0.7,0.3,300,1.0,0.20961,0.31045,0.22495,0.24363,0.34808,0.03711,,0.00888,0.07351,0.675
8,49,hybrid,HYBRID_ALPHA0.8_BETA0.2,0.8,0.2,300,1.0,0.20617,0.31033,0.21946,0.24382,0.34755,0.0443,,0.00988,0.07478,0.675
8,49,hybrid,HYBRID_ALPHA0.9_BETA0.1,0.9,0.1,300,1.0,0.20945,0.31338,0.23227,0.25589,0.34975,0.06659,,0.01221,0.07562,0.65
8,49,hybrid,HYBRID_ALPHA0.1_BETA0.9,0.1,0.9,300,0.0,0.27508,0.34972,0.21881,0.87175,0.65938,0.06143,,0.01109,0.03775,0.65
8,49,hybrid,HYBRID_ALPHA0.2_BETA0.8,0.2,0.8,300,0.0,0.25334,0.35488,0.11616,0.8721,0.66096,0.06347,,0.01135,0.03752,0.675
8,49,hybrid,HYBRID_ALPHA0.3_BETA0.7,0.3,0.7,300,0.0,0.22768,0.34208,0.12219,0.89475,0.65826,0.07031,,0.01189,0.03826,0.625
8,49,hybrid,HYBRID_ALPHA0.4_BETA0.6,0.4,0.6,300,0.0,0.2137,0.31333,0.21595,0.84328,0.67705,0.04312,,0.00891,0.03599,0.65
8,49,hybrid,HYBRID_ALPHA0.5_BETA0.5,0.5,0.5,300,0.0,0.21094,0.31002,0.21858,0.84447,0.67254,0.04342,,0.00884,0.03588,0.6
8,49,hybrid,HYBRID_ALPHA0.6_BETA0.4,0.6,0.4,300,0.0,0.21693,0.30892,0.21952,0.83976,0.67424,0.0438,,0.00908,0.03627,0.65
8,49,hybrid,HYBRID_ALPHA0.7_BETA0.3,0.7,0.3,300,0.0,0.20961,0.31045,0.22495,0.83597,0.67296,0.04475,,0.00935,0.03685,0.675
8,49,hybrid,HYBRID_ALPHA0.8_BETA0.2,0.8,0.2,300,0.0,0.20617,0.31033,0.21946,0.83367,0.67882,0.04676,,0.00981,0.03761,0.675
8,49,hybrid,HYBRID_ALPHA0.9_BETA0.1,0.9,0.1,300,0.0,0.20945,0.31338,0.23227,0.83918,0.68169,0.05442,,0.01082,0.0391,0.625
8,49,hybrid,HYBRID_ALPHA0.1_BETA0.9,0.1,0.9,500,1.0,0.34991,0.47952,0.14856,0.34177,0.45505,0.30128,,0.02575,0.1204,0.75
8,49,hybrid,HYBRID_ALPHA0.2_BETA0.8,0.2,0.8,500,1.0,0.27672,0.39287,0.18198,0.35247,0.46034,0.32258,,0.02679,0.12931,0.775
8,49,hybrid,HYBRID_ALPHA0.3_BETA0.7,0.3,0.7,500,1.0,0.25466,0.35478,0.19039,0.35372,0.45516,0.32591,,0.02704,0.12824,0.775
8,49,hybrid,HYBRID_ALPHA0.4_BETA0.6,0.4,0.6,500,1.0,0.26296,0.35933,0.17771,0.35706,0.44967,0.32964,,0.02732,0.12742,0.75
8,49,hybrid,HYBRID_ALPHA0.5_BETA0.5,0.5,0.5,500,1.0,0.24899,0.33456,0.19476,0.36291,0.44797,0.33632,,0.02778,0.12817,0.75
8,49,hybrid,HYBRID_ALPHA0.6_BETA0.4,0.6,0.4,500,1.0,0.24488,0.32825,0.20351,0.33066,0.43437,0.27391,,0.02535,0.12672,0.775
8,49,hybrid,HYBRID_ALPHA0.7_BETA0.3,0.7,0.3,500,1.0,0.24203,0.32682,0.20558,0.31234,0.42198,0.23003,,0.02282,0.11999,0.8
8,49,hybrid,HYBRID_ALPHA0.8_BETA0.2,0.8,0.2,500,1.0,0.24786,0.33265,0.20977,0.34693,0.43644,0.30736,,0.02602,0.11289,0.75
8,49,hybrid,HYBRID_ALPHA0.9_BETA0.1,0.9,0.1,500,1.0,0.25838,0.34188,0.22053,0.34611,0.43246,0.29976,,0.02548,0.10329,0.775
8,49,hybrid,HYBRID_ALPHA0.1_BETA0.9,0.1,0.9,500,0.0,0.34991,0.47952,0.14856,1.06438,0.73771,0.20832,,0.01951,0.06459,0.625
8,49,hybrid,HYBRID_ALPHA0.2_BETA0.8,0.2,0.8,500,0.0,0.27672,0.39287,0.18198,1.08637,0.74409,0.22255,,0.0202,0.07154,0.65
8,49,hybrid,HYBRID_ALPHA0.3_BETA0.7,0.3,0.7,500,0.0,0.25466,0.35478,0.19039,1.09999,0.7426,0.22542,,0.02042,0.07073,0.65
8,49,hybrid,HYBRID_ALPHA0.4_BETA0.6,0.4,0.6,500,0.0,0.26296,0.35933,0.17771,1.11921,0.74149,0.22862,,0.02062,0.07026,0.65
8,49,hybrid,HYBRID_ALPHA0.5_BETA0.5,0.5,0.5,500,0.0,0.24899,0.33456,0.19476,1.13235,0.74263,0.23181,,0.0208,0.07078,0.65
8,49,hybrid,HYBRID_ALPHA0.6_BETA0.4,0.6,0.4,500,0.0,0.24488,0.32825,0.20351,1.0798,0.72226,0.19785,,0.01943,0.06918,0.675
8,49,hybrid,HYBRID_ALPHA0.7_BETA0.3,0.7,0.3,500,0.0,0.24203,0.32682,0.20558,1.06433,0.713,0.18195,,0.0187,0.06438,0.675
8,49,hybrid,HYBRID_ALPHA0.8_BETA0.2,0.8,0.2,500,0.0,0.24786,0.33265,0.20977,1.08914,0.73465,0.21398,,0.01994,0.0611,0.65
8,49,hybrid,HYBRID_ALPHA0.9_BETA0.1,0.9,0.1,500,0.0,0.25838,0.34188,0.22053,1.08239,0.73273,0.21021,,0.01975,0.05618,0.675
8,49,mse,MSE,1.0,0.0,50,1.0,0.28183,0.36728,0.21931,0.40953,0.45914,0.35514,,0.02785,0.09282,0.7
8,49,mse,MSE,1.0,0.0,50,0.0,0.28183,0.36728,0.21931,1.09767,0.73171,0.21388,,0.01948,0.07409,0.625
8,49,mse,MSE,1.0,0.0,100,1.0,0.25435,0.34563,0.22843,0.25225,0.37222,0.07881,,0.0127,0.0885,0.7
8,49,mse,MSE,1.0,0.0,100,0.0,0.25435,0.34563,0.22843,0.85668,0.69784,0.06125,,0.01139,0.05242,0.7
8,49,mse,MSE,1.0,0.0,300,1.0,0.21321,0.32226,0.24138,0.36721,0.4408,0.33029,,0.0267,0.08347,0.7
8,49,mse,MSE,1.0,0.0,300,0.0,0.21321,0.32226,0.24138,1.05526,0.76971,0.22083,,0.02006,0.05187,0.725
8,49,mse,MSE,1.0,0.0,500,1.0,0.26066,0.35259,0.23816,0.40656,0.48194,0.411,,0.03056,0.10096,0.75
8,49,mse,MSE,1.0,0.0,500,0.0,0.26066,0.35259,0.23816,1.13024,0.76456,0.25652,,0.02151,0.05667,0.725
9,50,hsic,HSIC,0.0,1.0,50,1.0,0.63535,0.55727,0.25753,2.22486,1.4251,0.06753,,0.01355,0.395,0.925
9,50,hsic,HSIC,0.0,1.0,50,0.0,0.63535,0.55727,0.25753,1.79027,1.19448,0.0495,,0.01177,0.36083,0.925
9,50,hsic,HSIC,0.0,1.0,100,1.0,0.54207,0.60234,0.05928,0.59493,0.65689,0.3418,,0.02452,0.39101,0.925
9,50,hsic,HSIC,0.0,1.0,100,0.0,0.54207,0.60234,0.05928,2.9611,1.52999,0.23866,,0.02559,0.3078,0.825
9,50,hsic,HSIC,0.0,1.0,300,1.0,0.54938,0.61324,0.07325,3.82615,1.85346,0.18175,,0.01557,0.28864,0.925
9,50,hsic,HSIC,0.0,1.0,300,0.0,0.54938,0.61324,0.07325,2.84342,1.53544,0.09166,,0.01109,0.24088,0.85
9,50,hsic,HSIC,0.0,1.0,500,1.0,0.44543,0.52011,0.11291,0.25877,0.37175,0.06796,,0.0103,0.24573,0.875
9,50,hsic,HSIC,0.0,1.0,500,0.0,0.44543,0.52011,0.11291,1.04048,0.689,0.05856,,0.00985,0.18388,0.825
9,50,hybrid,HYBRID_ALPHA0.1_BETA0.9,0.1,0.9,50,1.0,0.63207,0.55451,0.25767,0.33695,0.48604,0.11793,,0.01539,0.20602,0.8
9,50,hybrid,HYBRID_ALPHA0.2_BETA0.8,0.2,0.8,50,1.0,0.63214,0.5545,0.25762,0.28718,0.43923,0.10368,,0.01516,0.1603,0.8
9,50,hybrid,HYBRID_ALPHA0.3_BETA0.7,0.3,0.7,50,1.0,0.631,0.55331,0.25773,0.26792,0.41708,0.09749,,0.01539,0.13697,0.775
9,50,hybrid,HYBRID_ALPHA0.4_BETA0.6,0.4,0.6,50,1.0,0.63011,0.55236,0.2579,0.2678,0.41851,0.08563,,0.01479,0.1194,0.775
9,50,hybrid,HYBRID_ALPHA0.5_BETA0.5,0.5,0.5,50,1.0,0.62958,0.55186,0.25776,0.24986,0.38218,0.0745,,0.0137,0.10448,0.75
9,50,hybrid,HYBRID_ALPHA0.6_BETA0.4,0.6,0.4,50,1.0,0.5965,0.53259,0.2604,0.28194,0.35954,0.04072,,0.00904,0.08179,0.7
9,50,hybrid,HYBRID_ALPHA0.7_BETA0.3,0.7,0.3,50,1.0,0.52672,0.48294,0.26534,0.36244,0.42655,0.28408,,0.02361,0.13311,0.775
9,50,hybrid,HYBRID_ALPHA0.8_BETA0.2,0.8,0.2,50,1.0,0.49102,0.45698,0.26388,0.38755,0.43889,0.30088,,0.02489,0.12976,0.8
9,50,hybrid,HYBRID_ALPHA0.9_BETA0.1,0.9,0.1,50,1.0,0.44413,0.43633,0.26589,0.4238,0.45814,0.30064,,0.02484,0.11881,0.75
9,50,hybrid,HYBRID_ALPHA0.1_BETA0.9,0.1,0.9,50,0.0,0.63207,0.55451,0.25767,0.82982,0.66986,0.04365,,0.01087,0.14492,0.75
9,50,hybrid,HYBRID_ALPHA0.2_BETA0.8,0.2,0.8,50,0.0,0.63214,0.5545,0.25762,0.8407,0.66104,0.04633,,0.01097,0.10176,0.75
9,50,hybrid,HYBRID_ALPHA0.3_BETA0.7,0.3,0.7,50,0.0,0.631,0.55331,0.25773,0.85364,0.6569,0.0497,,0.01134,0.08274,0.7
9,50,hybrid,HYBRID_ALPHA0.4_BETA0.6,0.4,0.6,50,0.0,0.63011,0.55236,0.2579,0.85442,0.66143,0.05229,,0.01164,0.07023,0.7
9,50,hybrid,HYBRID_ALPHA0.5_BETA0.5,0.5,0.5,50,0.0,0.62958,0.55186,0.25776,0.87132,0.65484,0.05316,,0.01167,0.05929,0.75
9,50,hybrid,HYBRID_ALPHA0.6_BETA0.4,0.6,0.4,50,0.0,0.5965,0.53259,0.2604,1.01146,0.66469,0.04231,,0.00929,0.05148,0.85
9,50,hybrid,HYBRID_ALPHA0.7_BETA0.3,0.7,0.3,50,0.0,0.52672,0.48294,0.26534,1.07118,0.72794,0.20255,,0.01893,0.07388,0.725
9,50,hybrid,HYBRID_ALPHA0.8_BETA0.2,0.8,0.2,50,0.0,0.49102,0.45698,0.26388,1.09868,0.73107,0.2135,,0.01961,0.07261,0.725
9,50,hybrid,HYBRID_ALPHA0.9_BETA0.1,0.9,0.1,50,0.0,0.44413,0.43633,0.26589,1.1414,0.73107,0.21596,,0.01976,0.06725,0.75
9,50,hybrid,HYBRID_ALPHA0.1_BETA0.9,0.1,0.9,100,1.0,0.33804,0.45474,0.1138,0.37119,0.50486,0.24241,,0.02137,0.09493,0.725
9,50,hybrid,HYBRID_ALPHA0.2_BETA0.8,0.2,0.8,100,1.0,0.31383,0.40972,0.13587,0.35628,0.48988,0.24579,,0.02172,0.10381,0.7
9,50,hybrid,HYBRID_ALPHA0.3_BETA0.7,0.3,0.7,100,1.0,0.2971,0.38736,0.15072,0.33441,0.46814,0.24238,,0.02148,0.09806,0.75
9,50,hybrid,HYBRID_ALPHA0.4_BETA0.6,0.4,0.6,100,1.0,0.26583,0.36391,0.17818,0.3266,0.44375,0.26957,,0.02309,0.09473,0.7
9,50,hybrid,HYBRID_ALPHA0.5_BETA0.5,0.5,0.5,100,1.0,0.2636,0.35487,0.18528,0.3463,0.43062,0.29603,,0.02452,0.09141,0.7
9,50,hybrid,HYBRID_ALPHA0.6_BETA0.4,0.6,0.4,100,1.0,0.26582,0.35666,0.18883,0.37243,0.43719,0.31718,,0.02578,0.0902,0.7
9,50,hybrid,HYBRID_ALPHA0.7_BETA0.3,0.7,0.3,100,1.0,0.26439,0.35504,0.18984,0.37855,0.44075,0.3228,,0.02606,0.08786,0.675
9,50,hybrid,HYBRID_ALPHA0.8_BETA0.2,0.8,0.2,100,1.0,0.2671,0.35596,0.1929,0.39306,0.44913,0.33834,,0.02689,0.08817,0.675
9,50,hybrid,HYBRID_ALPHA0.9_BETA0.1,0.9,0.1,100,1.0,0.27159,0.36257,0.20186,0.40856,0.46238,0.36899,,0.02829,0.09045,0.7
9,50,hybrid,HYBRID_ALPHA0.1_BETA0.9,0.1,0.9,100,0.0,0.33804,0.45474,0.1138,0.97422,0.82773,0.06135,,0.01164,0.04538,0.625
9,50,hybrid,HYBRID_ALPHA0.2_BETA0.8,0.2,0.8,100,0.0,0.31383,0.40972,0.13587,0.94025,0.79364,0.08447,,0.01295,0.04976,0.65
9,50,hybrid,HYBRID_ALPHA0.3_BETA0.7,0.3,0.7,100,0.0,0.2971,0.38736,0.15072,0.98475,0.75758,0.16503,,0.01773,0.05155,0.7
9,50,hybrid,HYBRID_ALPHA0.4_BETA0.6,0.4,0.6,100,0.0,0.26583,0.36391,0.17818,1.01657,0.74281,0.18841,,0.01869,0.05141,0.675
9,50,hybrid,HYBRID_ALPHA0.5_BETA0.5,0.5,0.5,100,0.0,0.2636,0.35487,0.18528,1.08936,0.73576,0.21585,,0.01983,0.05201,0.7
9,50,hybrid,HYBRID_ALPHA0.6_BETA0.4,0.6,0.4,100,0.0,0.26582,0.35666,0.18883,1.13837,0.73826,0.22669,,0.02034,0.05216,0.65
9,50,hybrid,HYBRID_ALPHA0.7_BETA0.3,0.7,0.3,100,0.0,0.26439,0.35504,0.18984,1.15402,0.73971,0.22883,,0.02041,0.05178,0.725
9,50,hybrid,HYBRID_ALPHA0.8_BETA0.2,0.8,0.2,100,0.0,0.2671,0.35596,0.1929,1.17389,0.74404,0.23367,,0.02063,0.05199,0.725
9,50,hybrid,HYBRID_ALPHA0.9_BETA0.1,0.9,0.1,100,0.0,0.27159,0.36257,0.20186,1.19167,0.75109,0.24312,,0.021,0.05308,0.725
9,50,hybrid,HYBRID_ALPHA0.1_BETA0.9,0.1,0.9,300,1.0,0.33363,0.44532,0.0657,0.29938,0.43778,0.15055,,0.01322,0.06805,0.7
9,50,hybrid,HYBRID_ALPHA0.2_BETA0.8,0.2,0.8,300,1.0,0.30573,0.38794,0.10229,0.32009,0.4567,0.195,,0.01647,0.07261,0.7
9,50,hybrid,HYBRID_ALPHA0.3_BETA0.7,0.3,0.7,300,1.0,0.27627,0.32828,0.15946,0.32375,0.45997,0.2007,,0.01707,0.0744,0.65
9,50,hybrid,HYBRID_ALPHA0.4_BETA0.6,0.4,0.6,300,1.0,0.26428,0.32238,0.16802,0.33019,0.46683,0.2097,,0.01805,0.07297,0.7
9,50,hybrid,HYBRID_ALPHA0.5_BETA0.5,0.5,0.5,300,1.0,0.2662,0.32025,0.17212,0.33487,0.46906,0.22833,,0.01975,0.07242,0.7
9,50,hybrid,HYBRID_ALPHA0.6_BETA0.4,0.6,0.4,300,1.0,0.26526,0.32207,0.17542,0.34232,0.47359,0.24881,,0.02129,0.0722,0.675
9,50,hybrid,HYBRID_ALPHA0.7_BETA0.3,0.7,0.3,300,1.0,0.26562,0.32278,0.18122,0.34551,0.47279,0.26631,,0.02222,0.07146,0.65
9,50,hybrid,HYBRID_ALPHA0.8_BETA0.2,0.8,0.2,300,1.0,0.26566,0.32475,0.18689,0.34743,0.47107,0.28039,,0.02319,0.07088,0.675
9,50,hybrid,HYBRID_ALPHA0.9_BETA0.1,0.9,0.1,300,1.0,0.26541,0.32682,0.1929,0.35272,0.47431,0.29343,,0.02419,0.07153,0.725
9,50,hybrid,HYBRID_ALPHA0.1_BETA0.9,0.1,0.9,300,0.0,0.33363,0.44532,0.0657,0.98281,0.72595,0.15144,,0.01503,0.04177,0.725
9,50,hybrid,HYBRID_ALPHA0.2_BETA0.8,0.2,0.8,300,0.0,0.30573,0.38794,0.10229,0.99655,0.73529,0.16856,,0.01634,0.04313,0.675
9,50,hybrid,HYBRID_ALPHA0.3_BETA0.7,0.3,0.7,300,0.0,0.27627,0.32828,0.15946,0.99547,0.73102,0.16741,,0.01639,0.04259,0.675
9,50,hybrid,HYBRID_ALPHA0.4_BETA0.6,0.4,0.6,300,0.0,0.26428,0.32238,0.16802,0.99244,0.73667,0.16853,,0.01659,0.04197,0.675
9,50,hybrid,HYBRID_ALPHA0.5_BETA0.5,0.5,0.5,300,0.0,0.2662,0.32025,0.17212,1.00596,0.7478,0.18149,,0.01759,0.04236,0.675
9,50,hybrid,HYBRID_ALPHA0.6_BETA0.4,0.6,0.4,300,0.0,0.26526,0.32207,0.17542,1.02059,0.75693,0.19357,,0.01834,0.04314,0.725
9,50,hybrid,HYBRID_ALPHA0.7_BETA0.3,0.7,0.3,300,0.0,0.26562,0.32278,0.18122,1.0407,0.76795,0.20861,,0.01913,0.04429,0.675
9,50,hybrid,HYBRID_ALPHA0.8_BETA0.2,0.8,0.2,300,0.0,0.26566,0.32475,0.18689,1.04707,0.77433,0.21356,,0.01941,0.04519,0.625
9,50,hybrid,HYBRID_ALPHA0.9_BETA0.1,0.9,0.1,300,0.0,0.26541,0.32682,0.1929,1.05156,0.77682,0.21724,,0.01964,0.04494,0.6
9,50,hybrid,HYBRID_ALPHA0.1_BETA0.9,0.1,0.9,500,1.0,0.26275,0.34337,0.15291,0.2608,0.36324,0.03795,,0.00727,0.0654,0.725
9,50,hybrid,HYBRID_ALPHA0.2_BETA0.8,0.2,0.8,500,1.0,0.24666,0.3038,0.15776,0.25267,0.38347,0.04209,,0.00816,0.06182,0.675
9,50,hybrid,HYBRID_ALPHA0.3_BETA0.7,0.3,0.7,500,1.0,0.24857,0.30945,0.14289,0.25257,0.39409,0.03778,,0.00821,0.05847,0.7
9,50,hybrid,HYBRID_ALPHA0.4_BETA0.6,0.4,0.6,500,1.0,0.25047,0.31066,0.14408,0.267,0.42176,0.03714,,0.00863,0.05713,0.675
9,50,hybrid,HYBRID_ALPHA0.5_BETA0.5,0.5,0.5,500,1.0,0.25118,0.30909,0.15468,0.27433,0.43205,0.0386,,0.00909,0.05725,0.675
9,50,hybrid,HYBRID_ALPHA0.6_BETA0.4,0.6,0.4,500,1.0,0.25672,0.31278,0.15214,0.26881,0.42315,0.03994,,0.00949,0.05707,0.675
9,50,hybrid,HYBRID_ALPHA0.7_BETA0.3,0.7,0.3,500,1.0,0.25474,0.31392,0.1579,0.27842,0.43802,0.04242,,0.0101,0.05669,0.7
9,50,hybrid,HYBRID_ALPHA0.8_BETA0.2,0.8,0.2,500,1.0,0.2551,0.31471,0.16243,0.27848,0.43729,0.04774,,0.01085,0.05643,0.7
9,50,hybrid,HYBRID_ALPHA0.9_BETA0.1,0.9,0.1,500,1.0,0.25466,0.31933,0.17096,0.28575,0.44294,0.06674,,0.01222,0.05716,0.675
9,50,hybrid,HYBRID_ALPHA0.1_BETA0.9,0.1,0.9,500,0.0,0.26275,0.34337,0.15291,0.93252,0.65687,0.05964,,0.01058,0.02855,0.575
9,50,hybrid,HYBRID_ALPHA0.2_BETA0.8,0.2,0.8,500,0.0,0.24666,0.3038,0.15776,0.88325,0.65874,0.06712,,0.01164,0.02878,0.675
9,50,hybrid,HYBRID_ALPHA0.3_BETA0.7,0.3,0.7,500,0.0,0.24857,0.30945,0.14289,0.87577,0.67299,0.06926,,0.01175,0.02886,0.7
9,50,hybrid,HYBRID_ALPHA0.4_BETA0.6,0.4,0.6,500,0.0,0.25047,0.31066,0.14408,0.85871,0.671,0.04606,,0.00975,0.02688,0.7
9,50,hybrid,HYBRID_ALPHA0.5_BETA0.5,0.5,0.5,500,0.0,0.25118,0.30909,0.15468,0.85699,0.67464,0.0463,,0.00989,0.02703,0.7
9,50,hybrid,HYBRID_ALPHA0.6_BETA0.4,0.6,0.4,500,0.0,0.25672,0.31278,0.15214,0.85947,0.67117,0.04712,,0.01007,0.02715,0.675
9,50,hybrid,HYBRID_ALPHA0.7_BETA0.3,0.7,0.3,500,0.0,0.25474,0.31392,0.1579,0.85974,0.67762,0.04859,,0.01035,0.02735,0.725
9,50,hybrid,HYBRID_ALPHA0.8_BETA0.2,0.8,0.2,500,0.0,0.2551,0.31471,0.16243,0.86453,0.67907,0.05174,,0.01076,0.02784,0.725
9,50,hybrid,HYBRID_ALPHA0.9_BETA0.1,0.9,0.1,500,0.0,0.25466,0.31933,0.17096,0.87604,0.68619,0.05994,,0.01152,0.029,0.7
9,50,mse,MSE,1.0,0.0,50,1.0,0.32132,0.40107,0.2706,0.44148,0.49115,0.4424,,0.03077,0.15236,0.85
9,50,mse,MSE,1.0,0.0,50,0.0,0.32132,0.40107,0.2706,1.23122,0.76825,0.2652,,0.02173,0.09334,0.75
9,50,mse,MSE,1.0,0.0,100,1.0,0.27799,0.36975,0.21128,0.43107,0.49163,0.44395,,0.0315,0.12169,0.775
9,50,mse,MSE,1.0,0.0,100,0.0,0.27799,0.36975,0.21128,1.21766,0.77007,0.26954,,0.02193,0.06929,0.65
9,50,mse,MSE,1.0,0.0,300,1.0,0.26588,0.33058,0.19647,0.36051,0.47904,0.31142,,0.02552,0.07246,0.725
9,50,mse,MSE,1.0,0.0,300,0.0,0.26588,0.33058,0.19647,1.05646,0.7829,0.22092,,0.01985,0.04522,0.65
9,50,mse,MSE,1.0,0.0,500,1.0,0.25536,0.32784,0.1847,0.393,0.4964,0.37834,,0.02933,0.07925,0.7
9,50,mse,MSE,1.0,0.0,500,0.0,0.25536,0.32784,0.1847,1.10237,0.77754,0.25203,,0.02143,0.0428,0.7
10,51,hsic,HSIC,0.0,1.0,50,1.0,0.51909,0.48565,0.21054,0.55892,0.62734,0.32543,,0.02311,0.10461,0.8
10,51,hsic,HSIC,0.0,1.0,50,0.0,0.51909,0.48565,0.21054,0.87636,0.67274,0.0408,,0.00864,0.02202,0.625
10,51,hsic,HSIC,0.0,1.0,100,1.0,0.4857,0.51072,0.09893,1.02099,0.91574,0.10728,,0.01367,0.05537,0.725
10,51,hsic,HSIC,0.0,1.0,100,0.0,0.4857,0.51072,0.09893,1.10572,0.88023,0.05723,,0.01161,0.01942,0.65
10,51,hsic,HSIC,0.0,1.0,300,1.0,0.49689,0.56935,0.07324,0.31629,0.4334,0.08405,,0.00448,0.34965,0.925
10,51,hsic,HSIC,0.0,1.0,300,0.0,0.49689,0.56935,0.07324,1.05809,0.70895,0.05328,,0.00569,0.30911,0.925
10,51,hsic,HSIC,0.0,1.0,500,1.0,0.46962,0.54067,0.05838,0.34401,0.48412,0.11277,,0.01422,0.32118,0.9
10,51,hsic,HSIC,0.0,1.0,500,0.0,0.46962,0.54067,0.05838,0.90118,0.69319,0.07306,,0.01207,0.27089,0.825
10,51,hybrid,HYBRID_ALPHA0.1_BETA0.9,0.1,0.9,50,1.0,0.34456,0.35528,0.15682,0.56634,0.63559,0.11961,,0.0161,0.08381,0.7
10,51,hybrid,HYBRID_ALPHA0.2_BETA0.8,0.2,0.8,50,1.0,0.37623,0.34416,0.14186,0.47245,0.54689,0.2043,,0.02509,0.09994,0.725
10,51,hybrid,HYBRID_ALPHA0.3_BETA0.7,0.3,0.7,50,1.0,0.39141,0.3444,0.14678,0.5822,0.60401,0.25424,,0.03042,0.10303,0.75
10,51,hybrid,HYBRID_ALPHA0.4_BETA0.6,0.4,0.6,50,1.0,0.38446,0.34395,0.14446,3.58709,1.20633,0.21475,,0.03921,0.09445,0.725
10,51,hybrid,HYBRID_ALPHA0.5_BETA0.5,0.5,0.5,50,1.0,0.38084,0.33866,0.14916,27.04915,2.86888,0.24051,,0.04654,0.13079,0.85
10,51,hybrid,HYBRID_ALPHA0.6_BETA0.4,0.6,0.4,50,1.0,0.37999,0.33707,0.15916,0.49044,0.54558,0.23103,,0.0255,0.10128,0.725
10,51,hybrid,HYBRID_ALPHA0.7_BETA0.3,0.7,0.3,50,1.0,0.37445,0.34046,0.14511,0.50973,0.55027,0.22396,,0.02447,0.09986,0.75
10,51,hybrid,HYBRID_ALPHA0.8_BETA0.2,0.8,0.2,50,1.0,0.36955,0.33992,0.14854,0.49217,0.54575,0.22797,,0.02516,0.10634,0.7
10,51,hybrid,HYBRID_ALPHA0.9_BETA0.1,0.9,0.1,50,1.0,0.37118,0.33908,0.15915,0.51968,0.57175,0.23198,,0.0245,0.11559,0.7
10,51,hybrid,HYBRID_ALPHA0.1_BETA0.9,0.1,0.9,50,0.0,0.34456,0.35528,0.15682,0.90614,0.72707,0.05575,,0.01037,0.02647,0.6
10,51,hybrid,HYBRID_ALPHA0.2_BETA0.8,0.2,0.8,50,0.0,0.37623,0.34416,0.14186,0.90644,0.72298,0.1078,,0.01677,0.03566,0.7
10,51,hybrid,HYBRID_ALPHA0.3_BETA0.7,0.3,0.7,50,0.0,0.39141,0.3444,0.14678,0.94504,0.74653,0.14588,,0.01924,0.038,0.65
10,51,hybrid,HYBRID_ALPHA0.4_BETA0.6,0.4,0.6,50,0.0,0.38446,0.34395,0.14446,0.98817,0.7637,0.15742,,0.01826,0.03831,0.675
10,51,hybrid,HYBRID_ALPHA0.5_BETA0.5,0.5,0.5,50,0.0,0.38084,0.33866,0.14916,1.03437,0.77893,0.15081,,0.01492,0.03791,0.6
10,51,hybrid,HYBRID_ALPHA0.6_BETA0.4,0.6,0.4,50,0.0,0.37999,0.33707,0.15916,0.94705,0.7452,0.13935,,0.01758,0.03777,0.65
10,51,hybrid,HYBRID_ALPHA0.7_BETA0.3,0.7,0.3,50,0.0,0.37445,0.34046,0.14511,0.97831,0.75759,0.14333,,0.01778,0.03802,0.6
10,51,hybrid,HYBRID_ALPHA0.8_BETA0.2,0.8,0.2,50,0.0,0.36955,0.33992,0.14854,0.94417,0.74163,0.14383,,0.01928,0.03683,0.65
10,51,hybrid,HYBRID_ALPHA0.9_BETA0.1,0.9,0.1,50,0.0,0.37118,0.33908,0.15915,0.9772,0.75541,0.15458,,0.02069,0.03843,0.7
10,51,hybrid,HYBRID_ALPHA0.1_BETA0.9,0.1,0.9,100,1.0,0.40817,0.41613,0.22754,0.62863,0.65128,0.31659,,0.02211,0.05533,0.625
10,51,hybrid,HYBRID_ALPHA0.2_BETA0.8,0.2,0.8,100,1.0,0.58034,0.47461,0.25892,0.58924,0.60581,0.48886,,0.02689,0.05736,0.675
10,51,hybrid,HYBRID_ALPHA0.3_BETA0.7,0.3,0.7,100,1.0,0.57981,0.47401,0.25901,0.56514,0.59634,0.49295,,0.02811,0.05762,0.65
10,51,hybrid,HYBRID_ALPHA0.4_BETA0.6,0.4,0.6,100,1.0,0.5795,0.47384,0.25911,0.55465,0.59191,0.48798,,0.02822,0.05725,0.65
10,51,hybrid,HYBRID_ALPHA0.5_BETA0.5,0.5,0.5,100,1.0,0.57944,0.47376,0.25918,0.5611,0.59433,0.49713,,0.02878,0.05825,0.675
10,51,hybrid,HYBRID_ALPHA0.6_BETA0.4,0.6,0.4,100,1.0,0.57909,0.47351,0.25933,0.66233,0.62958,0.55138,,0.0292,0.06513,0.7
10,51,hybrid,HYBRID_ALPHA0.7_BETA0.3,0.7,0.3,100,1.0,0.57927,0.47351,0.25938,0.66151,0.62929,0.55121,,0.02921,0.06506,0.7
10,51,hybrid,HYBRID_ALPHA0.8_BETA0.2,0.8,0.2,100,1.0,0.57924,0.47347,0.25939,0.66149,0.62928,0.55124,,0.02921,0.06506,0.7
10,51,hybrid,HYBRID_ALPHA0.9_BETA0.1,0.9,0.1,100,1.0,0.57924,0.47347,0.25939,0.66148,0.62928,0.55123,,0.02921,0.06506,0.7
10,51,hybrid,HYBRID_ALPHA0.1_BETA0.9,0.1,0.9,100,0.0,0.40817,0.41613,0.22754,0.98709,0.7571,0.12794,,0.01338,0.02267,0.6
10,51,hybrid,HYBRID_ALPHA0.2_BETA0.8,0.2,0.8,100,0.0,0.58034,0.47461,0.25892,1.10167,0.7841,0.24054,,0.01858,0.02707,0.575
10,51,hybrid,HYBRID_ALPHA0.3_BETA0.7,0.3,0.7,100,0.0,0.57981,0.47401,0.25901,1.10854,0.78366,0.2483,,0.01956,0.02763,0.575
10,51,hybrid,HYBRID_ALPHA0.4_BETA0.6,0.4,0.6,100,0.0,0.5795,0.47384,0.25911,1.10235,0.78063,0.24436,,0.01952,0.02744,0.575
10,51,hybrid,HYBRID_ALPHA0.5_BETA0.5,0.5,0.5,100,0.0,0.57944,0.47376,0.25918,1.12031,0.78559,0.25647,,0.02007,0.02804,0.6
10,51,hybrid,HYBRID_ALPHA0.6_BETA0.4,0.6,0.4,100,0.0,0.57909,0.47351,0.25933,1.24887,0.82177,0.32228,,0.02112,0.03095,0.6
10,51,hybrid,HYBRID_ALPHA0.7_BETA0.3,0.7,0.3,100,0.0,0.57927,0.47351,0.25938,1.24836,0.82171,0.32208,,0.02113,0.03093,0.6
10,51,hybrid,HYBRID_ALPHA0.8_BETA0.2,0.8,0.2,100,0.0,0.57924,0.47347,0.25939,1.24841,0.82172,0.32211,,0.02113,0.03094,0.6
10,51,hybrid,HYBRID_ALPHA0.9_BETA0.1,0.9,0.1,100,0.0,0.57924,0.47347,0.25939,1.2484,0.82171,0.3221,,0.02113,0.03094,0.6
10,51,hybrid,HYBRID_ALPHA0.1_BETA0.9,0.1,0.9,300,1.0,0.33308,0.45253,0.09073,0.26863,0.36341,0.03892,,0.00711,0.08204,0.725
10,51,hybrid,HYBRID_ALPHA0.2_BETA0.8,0.2,0.8,300,1.0,0.26809,0.35394,0.136,0.26466,0.35452,0.03598,,0.00856,0.06588,0.7
10,51,hybrid,HYBRID_ALPHA0.3_BETA0.7,0.3,0.7,300,1.0,0.25607,0.32211,0.16023,0.24864,0.37815,0.06543,,0.01219,0.05312,0.775
10,51,hybrid,HYBRID_ALPHA0.4_BETA0.6,0.4,0.6,300,1.0,0.24921,0.31211,0.17633,0.2492,0.38365,0.05906,,0.01124,0.05321,0.75
10,51,hybrid,HYBRID_ALPHA0.5_BETA0.5,0.5,0.5,300,1.0,0.24115,0.31225,0.17953,0.25058,0.39302,0.053,,0.01049,0.05277,0.725
10,51,hybrid,HYBRID_ALPHA0.6_BETA0.4,0.6,0.4,300,1.0,0.2471,0.3142,0.18558,0.24657,0.38648,0.05319,,0.01106,0.05241,0.725
10,51,hybrid,HYBRID_ALPHA0.7_BETA0.3,0.7,0.3,300,1.0,0.24587,0.31556,0.19098,0.24497,0.38516,0.05245,,0.01151,0.05219,0.7
10,51,hybrid,HYBRID_ALPHA0.8_BETA0.2,0.8,0.2,300,1.0,0.23829,0.31952,0.19561,0.35208,0.4487,0.31449,,0.02521,0.08014,0.725
10,51,hybrid,HYBRID_ALPHA0.9_BETA0.1,0.9,0.1,300,1.0,0.23799,0.32337,0.19915,0.36183,0.45694,0.33726,,0.02666,0.08214,0.75
10,51,hybrid,HYBRID_ALPHA0.1_BETA0.9,0.1,0.9,300,0.0,0.33308,0.45253,0.09073,1.05981,0.67223,0.0622,,0.01121,0.03326,0.65
10,51,hybrid,HYBRID_ALPHA0.2_BETA0.8,0.2,0.8,300,0.0,0.26809,0.35394,0.136,0.99226,0.65497,0.05023,,0.01123,0.02766,0.625
10,51,hybrid,HYBRID_ALPHA0.3_BETA0.7,0.3,0.7,300,0.0,0.25607,0.32211,0.16023,0.84524,0.66628,0.0397,,0.00915,0.02611,0.65
10,51,hybrid,HYBRID_ALPHA0.4_BETA0.6,0.4,0.6,300,0.0,0.24921,0.31211,0.17633,0.84526,0.66809,0.03876,,0.00891,0.02598,0.675
10,51,hybrid,HYBRID_ALPHA0.5_BETA0.5,0.5,0.5,300,0.0,0.24115,0.31225,0.17953,0.84015,0.67229,0.03791,,0.00877,0.02594,0.65
10,51,hybrid,HYBRID_ALPHA0.6_BETA0.4,0.6,0.4,300,0.0,0.2471,0.3142,0.18558,0.83652,0.66927,0.03878,,0.0092,0.02596,0.625
10,51,hybrid,HYBRID_ALPHA0.7_BETA0.3,0.7,0.3,300,0.0,0.24587,0.31556,0.19098,0.83229,0.66907,0.03932,,0.00959,0.02613,0.625
10,51,hybrid,HYBRID_ALPHA0.8_BETA0.2,0.8,0.2,300,0.0,0.23829,0.31952,0.19561,1.0916,0.75363,0.23278,,0.0204,0.04478,0.725
10,51,hybrid,HYBRID_ALPHA0.9_BETA0.1,0.9,0.1,300,0.0,0.23799,0.32337,0.19915,1.09934,0.75723,0.23898,,0.02074,0.04476,0.7
10,51,hybrid,HYBRID_ALPHA0.1_BETA0.9,0.1,0.9,500,1.0,0.26316,0.38042,0.0748,0.33612,0.48541,0.1412,,0.01367,0.09532,0.7
10,51,hybrid,HYBRID_ALPHA0.2_BETA0.8,0.2,0.8,500,1.0,0.23167,0.33462,0.10983,0.32283,0.46748,0.15816,,0.01488,0.09623,0.75
10,51,hybrid,HYBRID_ALPHA0.3_BETA0.7,0.3,0.7,500,1.0,0.22733,0.32762,0.14879,0.31453,0.454,0.17001,,0.01563,0.09711,0.75
10,51,hybrid,HYBRID_ALPHA0.4_BETA0.6,0.4,0.6,500,1.0,0.22301,0.32362,0.17136,0.32248,0.45613,0.2051,,0.01785,0.10076,0.75
10,51,hybrid,HYBRID_ALPHA0.5_BETA0.5,0.5,0.5,500,1.0,0.39021,0.41386,0.25824,0.33178,0.45951,0.23848,,0.02019,0.10205,0.75
10,51,hybrid,HYBRID_ALPHA0.6_BETA0.4,0.6,0.4,500,1.0,0.28631,0.37287,0.24785,0.33349,0.45379,0.25948,,0.02163,0.103,0.75
10,51,hybrid,HYBRID_ALPHA0.7_BETA0.3,0.7,0.3,500,1.0,0.38577,0.41505,0.25796,0.33815,0.45622,0.27452,,0.02271,0.10407,0.775
10,51,hybrid,HYBRID_ALPHA0.8_BETA0.2,0.8,0.2,500,1.0,0.38514,0.41486,0.25721,0.34871,0.4655,0.29665,,0.02424,0.10516,0.775
10,51,hybrid,HYBRID_ALPHA0.9_BETA0.1,0.9,0.1,500,1.0,0.38463,0.41479,0.25702,0.36129,0.47223,0.32692,,0.02618,0.10699,0.75
10,51,hybrid,HYBRID_ALPHA0.1_BETA0.9,0.1,0.9,500,0.0,0.26316,0.38042,0.0748,0.95784,0.71196,0.1274,,0.01399,0.04143,0.675
10,51,hybrid,HYBRID_ALPHA0.2_BETA0.8,0.2,0.8,500,0.0,0.23167,0.33462,0.10983,0.97319,0.71647,0.14136,,0.01489,0.04436,0.65
10,51,hybrid,HYBRID_ALPHA0.3_BETA0.7,0.3,0.7,500,0.0,0.22733,0.32762,0.14879,0.98347,0.72073,0.15063,,0.01544,0.04693,0.65
10,51,hybrid,HYBRID_ALPHA0.4_BETA0.6,0.4,0.6,500,0.0,0.22301,0.32362,0.17136,1.00304,0.73632,0.17198,,0.01686,0.05037,0.7
10,51,hybrid,HYBRID_ALPHA0.5_BETA0.5,0.5,0.5,500,0.0,0.39021,0.41386,0.25824,1.02686,0.74726,0.19245,,0.0181,0.05197,0.675
10,51,hybrid,HYBRID_ALPHA0.6_BETA0.4,0.6,0.4,500,0.0,0.28631,0.37287,0.24785,1.04459,0.75203,0.20583,,0.01889,0.05344,0.7
10,51,hybrid,HYBRID_ALPHA0.7_BETA0.3,0.7,0.3,500,0.0,0.38577,0.41505,0.25796,1.05042,0.75639,0.21148,,0.01924,0.05407,0.7
10,51,hybrid,HYBRID_ALPHA0.8_BETA0.2,0.8,0.2,500,0.0,0.38514,0.41486,0.25721,1.05566,0.76366,0.21777,,0.01964,0.05469,0.7
10,51,hybrid,HYBRID_ALPHA0.9_BETA0.1,0.9,0.1,500,0.0,0.38463,0.41479,0.25702,1.06615,0.76807,0.22626,,0.02013,0.05549,0.7
10,51,mse,MSE,1.0,0.0,50,1.0,0.37055,0.33949,0.1603,0.45964,0.54895,0.24111,,0.02645,0.10626,0.725
10,51,mse,MSE,1.0,0.0,50,0.0,0.37055,0.33949,0.1603,0.91571,0.72105,0.13939,,0.01919,0.03745,0.625
10,51,mse,MSE,1.0,0.0,100,1.0,0.57899,0.47343,0.25936,0.661,0.62906,0.55114,,0.02921,0.06506,0.7
10,51,mse,MSE,1.0,0.0,100,0.0,0.57899,0.47343,0.25936,1.24891,0.82172,0.32229,,0.02114,0.03094,0.6
10,51,mse,MSE,1.0,0.0,300,1.0,0.23298,0.32881,0.21392,0.40858,0.49292,0.41686,,0.03033,0.08938,0.725
10,51,mse,MSE,1.0,0.0,300,0.0,0.23298,0.32881,0.21392,1.12774,0.77081,0.26072,,0.02162,0.04526,0.7
10,51,mse,MSE,1.0,0.0,500,1.0,0.38428,0.41487,0.25673,0.35377,0.45686,0.32469,,0.02572,0.10532,0.75
10,51,mse,MSE,1.0,0.0,500,0.0,0.38428,0.41487,0.25673,1.04974,0.76234,0.21339,,0.01943,0.05446,0.675
