Experiment,Seed,Loss,Conf,Alpha,Beta,N,MSE Y,MAE Y,"HSIC(Y,X)",MSE Z,MAE Z,"HSIC(Z,X)","HSIC(Z,Y)",dHSIC Total,MMD,RF Acc
1,42,hsic,HSIC,0.0,1.0,50,4.94277,1.5006,0.14863,20.39249,2.21201,0.37091,0.52601,0.00821,0.05349,0.6
1,42,hsic,HSIC,0.0,1.0,100,3.95732,1.32692,0.11648,33.19742,2.46264,0.33885,0.50375,0.00813,0.08764,0.525
1,42,hsic,HSIC,0.0,1.0,300,1.84787,0.93431,0.02123,29.70911,2.46318,0.34001,0.51355,0.00636,0.10143,0.75
1,42,hsic,HSIC,0.0,1.0,500,4.40166,1.44703,0.09866,33.68348,2.76047,0.18082,0.25028,0.00419,0.09276,0.675
1,42,hybrid,HYBRID_ALPHA0.1_BETA0.9,0.1,0.9,50,2.35084,1.09717,0.09368,1.17021,0.89547,0.11889,0.08401,0.00412,0.02753,0.6
1,42,hybrid,HYBRID_ALPHA0.2_BETA0.8,0.2,0.8,50,2.50075,1.13346,0.09713,1.31031,0.91902,0.12033,0.09326,0.00432,0.03097,0.55
1,42,hybrid,HYBRID_ALPHA0.3_BETA0.7,0.3,0.7,50,2.59612,1.14768,0.10774,1.42527,0.93571,0.11428,0.10916,0.0046,0.03405,0.575
1,42,hybrid,HYBRID_ALPHA0.4_BETA0.6,0.4,0.6,50,3.3244,1.21401,0.14527,1.45975,0.94867,0.11443,0.11513,0.00541,0.03979,0.625
1,42,hybrid,HYBRID_ALPHA0.5_BETA0.5,0.5,0.5,50,2.93303,1.17805,0.13446,1.29325,0.77173,0.04834,0.08339,0.0033,0.03607,0.575
1,42,hybrid,HYBRID_ALPHA0.6_BETA0.4,0.6,0.4,50,2.74022,1.16963,0.12688,1.44193,0.88149,0.0971,0.11715,0.00373,0.03531,0.55
1,42,hybrid,HYBRID_ALPHA0.7_BETA0.3,0.7,0.3,50,2.76703,1.16226,0.12857,3.24763,0.95294,0.07052,0.09369,0.00363,0.04127,0.6
1,42,hybrid,HYBRID_ALPHA0.8_BETA0.2,0.8,0.2,50,2.70917,1.13025,0.1116,2.10691,0.887,0.04896,0.07084,0.00357,0.04074,0.625
1,42,hybrid,HYBRID_ALPHA0.9_BETA0.1,0.9,0.1,50,2.77129,1.14293,0.12141,1.81668,0.84435,0.03319,0.05787,0.00343,0.04535,0.575
1,42,hybrid,HYBRID_ALPHA0.1_BETA0.9,0.1,0.9,100,3.00661,1.21982,0.1591,6.61585,1.17258,0.10855,0.09762,0.00569,0.02812,0.575
1,42,hybrid,HYBRID_ALPHA0.2_BETA0.8,0.2,0.8,100,4.2808,1.14304,0.05778,16.80405,1.08468,0.01593,0.07678,0.00387,0.02592,0.8
1,42,hybrid,HYBRID_ALPHA0.3_BETA0.7,0.3,0.7,100,3.06145,1.10071,0.05511,15.73644,1.07034,0.01634,0.07709,0.00394,0.02617,0.75
1,42,hybrid,HYBRID_ALPHA0.4_BETA0.6,0.4,0.6,100,2.73889,1.10296,0.06248,3.06846,0.99145,0.11275,0.09107,0.00481,0.02705,0.575
1,42,hybrid,HYBRID_ALPHA0.5_BETA0.5,0.5,0.5,100,2.52209,1.10681,0.07221,6.3428,0.88141,0.04441,0.07725,0.00309,0.02743,0.65
1,42,hybrid,HYBRID_ALPHA0.6_BETA0.4,0.6,0.4,100,2.71041,1.13853,0.09047,3.67912,0.82168,0.03744,0.07298,0.00354,0.02827,0.65
1,42,hybrid,HYBRID_ALPHA0.7_BETA0.3,0.7,0.3,100,2.90986,1.15475,0.10075,3.1322,0.8027,0.0328,0.06608,0.00388,0.0271,0.675
1,42,hybrid,HYBRID_ALPHA0.8_BETA0.2,0.8,0.2,100,3.2915,1.17113,0.09114,2.41404,0.77704,0.02718,0.05948,0.00429,0.02664,0.625
1,42,hybrid,HYBRID_ALPHA0.9_BETA0.1,0.9,0.1,100,2.33892,1.06835,0.06235,0.98317,0.71966,0.01405,0.06533,0.00437,0.02715,0.675
1,42,hybrid,HYBRID_ALPHA0.1_BETA0.9,0.1,0.9,300,1.62368,0.93422,0.02603,4.04344,1.32986,0.15238,0.10673,0.00444,0.0189,0.7
1,42,hybrid,HYBRID_ALPHA0.2_BETA0.8,0.2,0.8,300,1.61738,0.92644,0.02362,2.49986,1.14176,0.15087,0.15604,0.00518,0.02581,0.6
1,42,hybrid,HYBRID_ALPHA0.3_BETA0.7,0.3,0.7,300,1.59929,0.92408,0.02672,0.84161,0.75824,0.08168,0.03288,0.00306,0.02067,0.65
1,42,hybrid,HYBRID_ALPHA0.4_BETA0.6,0.4,0.6,300,1.61374,0.92799,0.02676,0.8072,0.74236,0.08145,0.03252,0.0031,0.02092,0.7
1,42,hybrid,HYBRID_ALPHA0.5_BETA0.5,0.5,0.5,300,1.5845,0.92915,0.02116,0.77383,0.72526,0.0803,0.03166,0.00265,0.02108,0.7
1,42,hybrid,HYBRID_ALPHA0.6_BETA0.4,0.6,0.4,300,1.62323,0.93483,0.0233,0.74882,0.7116,0.07882,0.03039,0.0028,0.02166,0.65
1,42,hybrid,HYBRID_ALPHA0.7_BETA0.3,0.7,0.3,300,1.63678,0.93729,0.02446,0.73179,0.70159,0.07749,0.02882,0.00269,0.02222,0.7
1,42,hybrid,HYBRID_ALPHA0.8_BETA0.2,0.8,0.2,300,1.63828,0.93831,0.02496,0.71995,0.69411,0.07581,0.02726,0.00257,0.02285,0.65
1,42,hybrid,HYBRID_ALPHA0.9_BETA0.1,0.9,0.1,300,1.65193,0.94048,0.02766,0.72297,0.69722,0.07623,0.02599,0.00252,0.02352,0.725
1,42,hybrid,HYBRID_ALPHA0.1_BETA0.9,0.1,0.9,500,1.64505,0.98,0.03378,14.40166,1.08579,0.05822,0.05459,0.00328,0.01815,0.65
1,42,hybrid,HYBRID_ALPHA0.2_BETA0.8,0.2,0.8,500,1.60658,0.9647,0.02818,10.01191,1.01317,0.06254,0.05725,0.0028,0.01895,0.65
1,42,hybrid,HYBRID_ALPHA0.3_BETA0.7,0.3,0.7,500,1.51839,0.95502,0.02535,12.31777,1.06646,0.05869,0.0506,0.00282,0.0181,0.575
1,42,hybrid,HYBRID_ALPHA0.4_BETA0.6,0.4,0.6,500,1.47928,0.95606,0.02319,22.12434,1.10966,0.01623,0.05299,0.00331,0.02052,0.675
1,42,hybrid,HYBRID_ALPHA0.5_BETA0.5,0.5,0.5,500,1.46548,0.95457,0.02249,22.70969,1.11403,0.01667,0.05239,0.0033,0.02101,0.725
1,42,hybrid,HYBRID_ALPHA0.6_BETA0.4,0.6,0.4,500,1.56811,0.96542,0.02834,22.58916,1.1072,0.01653,0.04848,0.00326,0.02208,0.6
1,42,hybrid,HYBRID_ALPHA0.7_BETA0.3,0.7,0.3,500,1.59238,0.96844,0.03143,22.64771,1.10123,0.01671,0.0455,0.00323,0.02245,0.575
1,42,hybrid,HYBRID_ALPHA0.8_BETA0.2,0.8,0.2,500,1.56194,0.9643,0.02892,12.7958,1.1528,0.0942,0.05938,0.00369,0.02822,0.625
1,42,hybrid,HYBRID_ALPHA0.9_BETA0.1,0.9,0.1,500,1.54815,0.96284,0.02916,22.64549,1.10004,0.01741,0.04301,0.00311,0.02308,0.55
1,42,mse,MSE,1.0,0.0,50,2.73865,1.13135,0.121,1.87126,0.82813,0.04709,0.08222,0.00341,0.04813,0.65
1,42,mse,MSE,1.0,0.0,100,1.51978,0.99066,0.04613,1.46975,0.76132,0.01914,0.07648,0.00431,0.0248,0.625
1,42,mse,MSE,1.0,0.0,300,1.65163,0.941,0.02878,0.73919,0.71068,0.07632,0.02742,0.00249,0.02444,0.625
1,42,mse,MSE,1.0,0.0,500,1.53836,0.96135,0.03065,22.70646,1.09265,0.01888,0.03432,0.00296,0.02335,0.575
2,43,hsic,HSIC,0.0,1.0,50,5.67418,1.77058,0.11688,28.7723,2.4044,0.32919,0.47593,0.00604,0.11436,0.625
2,43,hsic,HSIC,0.0,1.0,100,3.30286,1.24042,0.04472,30.71112,2.47477,0.34227,0.52391,0.00624,0.12897,0.775
2,43,hsic,HSIC,0.0,1.0,300,3.61601,1.27206,0.10021,30.58208,2.20258,0.20864,0.26097,0.00392,0.14563,0.75
2,43,hsic,HSIC,0.0,1.0,500,4.10617,1.35905,0.12584,30.55031,2.23194,0.25676,0.25685,0.00404,0.13025,0.575
2,43,hybrid,HYBRID_ALPHA0.1_BETA0.9,0.1,0.9,50,2.06488,1.07402,0.05761,1.52521,1.02729,0.12999,0.08091,0.00324,0.01835,0.5
2,43,hybrid,HYBRID_ALPHA0.2_BETA0.8,0.2,0.8,50,1.94576,1.05156,0.05192,1.328,0.97019,0.09872,0.09329,0.00294,0.02679,0.55
2,43,hybrid,HYBRID_ALPHA0.3_BETA0.7,0.3,0.7,50,1.76502,1.03351,0.04289,1.25138,0.94775,0.09827,0.09124,0.00289,0.0266,0.575
2,43,hybrid,HYBRID_ALPHA0.4_BETA0.6,0.4,0.6,50,1.76717,1.02945,0.04226,1.21505,0.93587,0.09901,0.09203,0.00298,0.0275,0.525
2,43,hybrid,HYBRID_ALPHA0.5_BETA0.5,0.5,0.5,50,1.81502,1.03284,0.04196,1.19776,0.92739,0.10184,0.09503,0.00319,0.0289,0.525
2,43,hybrid,HYBRID_ALPHA0.6_BETA0.4,0.6,0.4,50,1.84714,1.0399,0.0437,1.1901,0.9198,0.10577,0.09899,0.0033,0.02956,0.525
2,43,hybrid,HYBRID_ALPHA0.7_BETA0.3,0.7,0.3,50,1.89348,1.05765,0.04445,1.20228,0.91927,0.11043,0.10342,0.00341,0.02983,0.525
2,43,hybrid,HYBRID_ALPHA0.8_BETA0.2,0.8,0.2,50,2.31568,1.14475,0.05352,0.8959,0.73991,0.11384,0.04285,0.00316,0.01339,0.5
2,43,hybrid,HYBRID_ALPHA0.9_BETA0.1,0.9,0.1,50,2.41058,1.13454,0.05918,0.90614,0.73958,0.11882,0.04092,0.00288,0.01776,0.55
2,43,hybrid,HYBRID_ALPHA0.1_BETA0.9,0.1,0.9,100,1.2756,0.913,0.02586,2.87412,1.24963,0.12424,0.10052,0.00342,0.0214,0.6
2,43,hybrid,HYBRID_ALPHA0.2_BETA0.8,0.2,0.8,100,1.99591,0.98308,0.02875,1.83282,1.1073,0.13495,0.15643,0.00377,0.02156,0.625
2,43,hybrid,HYBRID_ALPHA0.3_BETA0.7,0.3,0.7,100,4.76757,1.09079,0.02823,9.29904,1.28355,0.1388,0.14575,0.00394,0.02025,0.6
2,43,hybrid,HYBRID_ALPHA0.4_BETA0.6,0.4,0.6,100,5.42753,1.11151,0.02763,14.37594,1.2994,0.12937,0.11656,0.00357,0.02087,0.625
2,43,hybrid,HYBRID_ALPHA0.5_BETA0.5,0.5,0.5,100,2.74076,1.03022,0.02935,15.36965,1.29399,0.1304,0.11114,0.00344,0.02022,0.65
2,43,hybrid,HYBRID_ALPHA0.6_BETA0.4,0.6,0.4,100,2.31001,1.018,0.03,13.85905,1.2704,0.12494,0.10339,0.00341,0.02098,0.625
2,43,hybrid,HYBRID_ALPHA0.7_BETA0.3,0.7,0.3,100,2.05607,1.0053,0.0309,0.75727,0.71961,0.02594,0.0635,0.00347,0.02587,0.725
2,43,hybrid,HYBRID_ALPHA0.8_BETA0.2,0.8,0.2,100,2.05615,1.0101,0.03445,0.74274,0.71359,0.02071,0.05776,0.00338,0.02589,0.725
2,43,hybrid,HYBRID_ALPHA0.9_BETA0.1,0.9,0.1,100,2.23863,1.01884,0.03722,0.74149,0.71423,0.02026,0.05952,0.00359,0.02575,0.75
2,43,hybrid,HYBRID_ALPHA0.1_BETA0.9,0.1,0.9,300,1.77144,1.02406,0.05033,2.73366,1.27403,0.17239,0.12768,0.00499,0.0255,0.575
2,43,hybrid,HYBRID_ALPHA0.2_BETA0.8,0.2,0.8,300,1.63206,0.99485,0.03765,2.34435,1.21838,0.17435,0.13528,0.00433,0.02595,0.6
2,43,hybrid,HYBRID_ALPHA0.3_BETA0.7,0.3,0.7,300,1.58529,0.98543,0.03463,1.91527,1.12941,0.16108,0.11716,0.00363,0.02688,0.575
2,43,hybrid,HYBRID_ALPHA0.4_BETA0.6,0.4,0.6,300,1.50019,0.97259,0.02644,1.49864,1.00906,0.14903,0.09889,0.00256,0.02482,0.65
2,43,hybrid,HYBRID_ALPHA0.5_BETA0.5,0.5,0.5,300,1.48026,0.96916,0.02493,1.42395,0.98309,0.14843,0.09875,0.00249,0.02517,0.625
2,43,hybrid,HYBRID_ALPHA0.6_BETA0.4,0.6,0.4,300,1.49258,0.97141,0.02605,1.42074,0.9909,0.13647,0.09212,0.00267,0.02724,0.625
2,43,hybrid,HYBRID_ALPHA0.7_BETA0.3,0.7,0.3,300,1.4738,0.96885,0.02467,1.52961,1.02914,0.13027,0.09924,0.00329,0.02836,0.575
2,43,hybrid,HYBRID_ALPHA0.8_BETA0.2,0.8,0.2,300,1.39779,0.95963,0.01997,1.37883,0.99042,0.11114,0.0804,0.00265,0.02855,0.625
2,43,hybrid,HYBRID_ALPHA0.9_BETA0.1,0.9,0.1,300,1.80342,1.02316,0.05251,1.16321,0.91464,0.09815,0.06336,0.00348,0.03328,0.55
2,43,hybrid,HYBRID_ALPHA0.1_BETA0.9,0.1,0.9,500,1.64369,0.9726,0.03532,1.51022,1.0208,0.10637,0.07263,0.00406,0.02676,0.6
2,43,hybrid,HYBRID_ALPHA0.2_BETA0.8,0.2,0.8,500,1.54035,0.9577,0.0293,1.43779,1.00311,0.10822,0.08101,0.00388,0.02807,0.575
2,43,hybrid,HYBRID_ALPHA0.3_BETA0.7,0.3,0.7,500,1.49072,0.95077,0.0265,0.87876,0.77453,0.08518,0.06466,0.00162,0.02004,0.55
2,43,hybrid,HYBRID_ALPHA0.4_BETA0.6,0.4,0.6,500,1.48115,0.94872,0.02586,0.86464,0.77059,0.08805,0.06608,0.00186,0.02444,0.525
2,43,hybrid,HYBRID_ALPHA0.5_BETA0.5,0.5,0.5,500,1.45661,0.94448,0.02507,1.26311,0.94278,0.11374,0.08069,0.00381,0.02679,0.6
2,43,hybrid,HYBRID_ALPHA0.6_BETA0.4,0.6,0.4,500,1.47606,0.95147,0.0282,0.94276,0.78742,0.11166,0.09358,0.00238,0.0222,0.5
2,43,hybrid,HYBRID_ALPHA0.7_BETA0.3,0.7,0.3,500,1.46662,0.94874,0.02746,1.08043,0.86534,0.11952,0.07412,0.00318,0.02549,0.575
2,43,hybrid,HYBRID_ALPHA0.8_BETA0.2,0.8,0.2,500,1.41511,0.93921,0.02683,1.05342,0.86326,0.1055,0.06708,0.0033,0.02789,0.625
2,43,hybrid,HYBRID_ALPHA0.9_BETA0.1,0.9,0.1,500,1.39999,0.93633,0.02534,1.06731,0.87259,0.09981,0.07624,0.0037,0.03032,0.6
2,43,mse,MSE,1.0,0.0,50,2.07375,1.06567,0.05269,0.93712,0.74492,0.12148,0.04288,0.00242,0.01973,0.55
2,43,mse,MSE,1.0,0.0,100,2.64901,1.03605,0.03977,0.7688,0.72331,0.0253,0.07488,0.00411,0.02936,0.75
2,43,mse,MSE,1.0,0.0,300,1.2934,0.94165,0.0183,0.79608,0.72919,0.06439,0.03629,0.0017,0.02584,0.625
2,43,mse,MSE,1.0,0.0,500,1.39237,0.93568,0.02514,0.89484,0.79416,0.0874,0.0474,0.00298,0.02669,0.575
3,44,hsic,HSIC,0.0,1.0,50,4.53581,1.33186,0.20131,34.20733,2.43419,0.3257,0.46679,0.00704,0.11584,0.6
3,44,hsic,HSIC,0.0,1.0,100,3.47168,1.33879,0.0917,30.90459,2.06185,0.22494,0.30664,0.00473,0.14099,0.825
3,44,hsic,HSIC,0.0,1.0,300,3.8178,1.34262,0.11072,28.77298,2.44066,0.34191,0.5139,0.00757,0.15034,0.75
3,44,hsic,HSIC,0.0,1.0,500,5.01724,1.74892,0.0813,30.74361,2.52051,0.3383,0.50985,0.0077,0.15278,0.825
3,44,hybrid,HYBRID_ALPHA0.1_BETA0.9,0.1,0.9,50,4.80739,1.33144,0.20856,20.33988,1.86557,0.33045,0.46418,0.00607,0.06425,0.625
3,44,hybrid,HYBRID_ALPHA0.2_BETA0.8,0.2,0.8,50,5.47954,1.34735,0.2137,16.25509,1.68412,0.29544,0.44134,0.00539,0.05414,0.625
3,44,hybrid,HYBRID_ALPHA0.3_BETA0.7,0.3,0.7,50,5.95458,1.35278,0.2112,16.5793,1.65226,0.29232,0.42953,0.00526,0.04499,0.6
3,44,hybrid,HYBRID_ALPHA0.4_BETA0.6,0.4,0.6,50,6.78077,1.37389,0.2134,17.34464,1.66772,0.29478,0.42607,0.00517,0.04106,0.625
3,44,hybrid,HYBRID_ALPHA0.5_BETA0.5,0.5,0.5,50,9.27629,1.43058,0.21643,16.67557,1.57458,0.2764,0.39612,0.00471,0.03937,0.575
3,44,hybrid,HYBRID_ALPHA0.6_BETA0.4,0.6,0.4,50,16.03559,1.54718,0.22295,15.16824,1.32734,0.20624,0.30294,0.00374,0.03799,0.55
3,44,hybrid,HYBRID_ALPHA0.7_BETA0.3,0.7,0.3,50,32.03864,1.69534,0.18813,14.29766,1.28983,0.15971,0.1252,0.00578,0.01711,0.55
3,44,hybrid,HYBRID_ALPHA0.8_BETA0.2,0.8,0.2,50,19.1735,1.58259,0.1952,15.62719,1.28037,0.14672,0.11057,0.00572,0.01751,0.525
3,44,hybrid,HYBRID_ALPHA0.9_BETA0.1,0.9,0.1,50,23.25114,1.54096,0.1606,18.47842,1.52807,0.27301,0.38876,0.00373,0.02977,0.6
3,44,hybrid,HYBRID_ALPHA0.1_BETA0.9,0.1,0.9,100,1.81715,0.9839,0.07106,1.5904,1.00859,0.10192,0.10922,0.0034,0.03321,0.575
3,44,hybrid,HYBRID_ALPHA0.2_BETA0.8,0.2,0.8,100,5.58418,1.19427,0.09259,1.67344,1.07083,0.11643,0.11625,0.00583,0.02886,0.675
3,44,hybrid,HYBRID_ALPHA0.3_BETA0.7,0.3,0.7,100,5.14306,1.16373,0.0805,1.63671,1.0639,0.1179,0.11535,0.00591,0.02921,0.675
3,44,hybrid,HYBRID_ALPHA0.4_BETA0.6,0.4,0.6,100,5.40981,1.18731,0.09462,1.55372,1.04703,0.10729,0.10006,0.00621,0.03253,0.65
3,44,hybrid,HYBRID_ALPHA0.5_BETA0.5,0.5,0.5,100,5.43642,1.18853,0.09409,1.4703,0.99056,0.0702,0.0828,0.00555,0.03974,0.675
3,44,hybrid,HYBRID_ALPHA0.6_BETA0.4,0.6,0.4,100,6.13505,1.22555,0.10904,1.40331,0.99582,0.08376,0.07954,0.00595,0.03708,0.65
3,44,hybrid,HYBRID_ALPHA0.7_BETA0.3,0.7,0.3,100,6.40584,1.2414,0.1126,1.3284,0.9659,0.07631,0.07922,0.00567,0.0397,0.625
3,44,hybrid,HYBRID_ALPHA0.8_BETA0.2,0.8,0.2,100,6.87266,1.266,0.1229,1.34551,0.96875,0.08562,0.08371,0.00588,0.03919,0.575
3,44,hybrid,HYBRID_ALPHA0.9_BETA0.1,0.9,0.1,100,7.42533,1.2902,0.13229,1.40571,0.93479,0.10363,0.0646,0.00555,0.03598,0.625
3,44,hybrid,HYBRID_ALPHA0.1_BETA0.9,0.1,0.9,300,1.51083,0.94951,0.0307,3.73561,1.36039,0.17465,0.18097,0.00492,0.02413,0.65
3,44,hybrid,HYBRID_ALPHA0.2_BETA0.8,0.2,0.8,300,1.43815,0.94318,0.02749,2.65394,1.25477,0.14877,0.16392,0.0048,0.02455,0.575
3,44,hybrid,HYBRID_ALPHA0.3_BETA0.7,0.3,0.7,300,1.39017,0.93431,0.02676,0.72806,0.70498,0.02804,0.04617,0.00324,0.02582,0.675
3,44,hybrid,HYBRID_ALPHA0.4_BETA0.6,0.4,0.6,300,1.41911,0.93922,0.02725,0.71881,0.70117,0.02707,0.04581,0.00325,0.02665,0.6
3,44,hybrid,HYBRID_ALPHA0.5_BETA0.5,0.5,0.5,300,1.45101,0.94212,0.03131,0.7073,0.69453,0.02825,0.04716,0.00318,0.02756,0.65
3,44,hybrid,HYBRID_ALPHA0.6_BETA0.4,0.6,0.4,300,1.43644,0.9405,0.03083,0.70493,0.69309,0.02826,0.04768,0.00311,0.02761,0.625
3,44,hybrid,HYBRID_ALPHA0.7_BETA0.3,0.7,0.3,300,1.43709,0.94069,0.03174,0.69731,0.68897,0.02595,0.04569,0.00299,0.02787,0.625
3,44,hybrid,HYBRID_ALPHA0.8_BETA0.2,0.8,0.2,300,1.44558,0.94259,0.03351,0.69726,0.68884,0.02357,0.04256,0.00286,0.02819,0.575
3,44,hybrid,HYBRID_ALPHA0.9_BETA0.1,0.9,0.1,300,1.3677,0.93248,0.03912,0.70025,0.68817,0.0212,0.03723,0.00267,0.0267,0.65
3,44,hybrid,HYBRID_ALPHA0.1_BETA0.9,0.1,0.9,500,1.46635,0.9736,0.03464,4.502,1.48612,0.18033,0.17003,0.00484,0.0219,0.625
3,44,hybrid,HYBRID_ALPHA0.2_BETA0.8,0.2,0.8,500,1.33632,0.91675,0.01976,0.86368,0.73681,0.02935,0.06662,0.00358,0.02413,0.625
3,44,hybrid,HYBRID_ALPHA0.3_BETA0.7,0.3,0.7,500,1.30072,0.91421,0.01946,0.73778,0.7025,0.03065,0.0674,0.00347,0.02389,0.675
3,44,hybrid,HYBRID_ALPHA0.4_BETA0.6,0.4,0.6,500,1.27129,0.91241,0.02061,0.70785,0.68928,0.03013,0.06621,0.00323,0.02435,0.65
3,44,hybrid,HYBRID_ALPHA0.5_BETA0.5,0.5,0.5,500,1.24042,0.90905,0.02185,0.69491,0.684,0.02845,0.063,0.0029,0.02449,0.625
3,44,hybrid,HYBRID_ALPHA0.6_BETA0.4,0.6,0.4,500,1.28736,0.91704,0.02136,0.678,0.67459,0.02714,0.06038,0.00303,0.02502,0.625
3,44,hybrid,HYBRID_ALPHA0.7_BETA0.3,0.7,0.3,500,1.22369,0.90443,0.0223,0.67256,0.67288,0.02651,0.05908,0.00271,0.02497,0.65
3,44,hybrid,HYBRID_ALPHA0.8_BETA0.2,0.8,0.2,500,1.22132,0.90489,0.02257,0.65686,0.66301,0.02514,0.05545,0.00264,0.0249,0.675
3,44,hybrid,HYBRID_ALPHA0.9_BETA0.1,0.9,0.1,500,1.21433,0.90476,0.02455,0.65294,0.66113,0.02489,0.05106,0.00243,0.02448,0.625
3,44,mse,MSE,1.0,0.0,50,5.50153,1.51982,0.33887,19.59039,1.58031,0.28913,0.41086,0.00406,0.03503,0.6
3,44,mse,MSE,1.0,0.0,100,8.27691,1.32895,0.1519,1.34364,0.91199,0.09941,0.06019,0.00515,0.03966,0.675
3,44,mse,MSE,1.0,0.0,300,1.36922,0.93416,0.04231,0.74847,0.70308,0.03723,0.04233,0.00284,0.02729,0.625
3,44,mse,MSE,1.0,0.0,500,1.21534,0.90576,0.02381,0.6387,0.65032,0.02572,0.04009,0.00239,0.02385,0.675
4,45,hsic,HSIC,0.0,1.0,50,4.90574,1.47032,0.32812,27.3119,2.42628,0.35387,0.54212,0.00473,0.05844,0.55
4,45,hsic,HSIC,0.0,1.0,100,3.4975,1.25489,0.2084,20.77105,2.23078,0.35685,0.51291,0.00724,0.1661,0.7
4,45,hsic,HSIC,0.0,1.0,300,4.62582,1.49345,0.11764,30.15403,2.46636,0.33973,0.51203,0.00759,0.15093,0.75
4,45,hsic,HSIC,0.0,1.0,500,5.42645,1.79005,0.0786,27.91733,2.41429,0.3425,0.51376,0.00823,0.1405,0.75
4,45,hybrid,HYBRID_ALPHA0.1_BETA0.9,0.1,0.9,50,4.89886,1.46952,0.32784,20.35646,2.22808,0.36528,0.52802,0.00484,0.05028,0.575
4,45,hybrid,HYBRID_ALPHA0.2_BETA0.8,0.2,0.8,50,4.89638,1.46873,0.32725,19.46359,2.19517,0.36684,0.52584,0.00485,0.04969,0.575
4,45,hybrid,HYBRID_ALPHA0.3_BETA0.7,0.3,0.7,50,4.89567,1.46817,0.32668,20.35789,2.23284,0.36706,0.52595,0.00488,0.05031,0.575
4,45,hybrid,HYBRID_ALPHA0.4_BETA0.6,0.4,0.6,50,4.89591,1.46739,0.32623,19.64651,2.19956,0.36682,0.5236,0.00488,0.0497,0.575
4,45,hybrid,HYBRID_ALPHA0.5_BETA0.5,0.5,0.5,50,4.89666,1.46649,0.32554,20.34993,2.23185,0.36693,0.52543,0.00489,0.05031,0.575
4,45,hybrid,HYBRID_ALPHA0.6_BETA0.4,0.6,0.4,50,5.01852,1.48348,0.33434,20.34838,2.23139,0.36675,0.52506,0.00481,0.05036,0.6
4,45,hybrid,HYBRID_ALPHA0.7_BETA0.3,0.7,0.3,50,5.01761,1.48336,0.33432,20.34078,2.23106,0.36673,0.52497,0.00481,0.05035,0.6
4,45,hybrid,HYBRID_ALPHA0.8_BETA0.2,0.8,0.2,50,5.01736,1.48333,0.33434,20.34021,2.23101,0.36674,0.52497,0.00481,0.05035,0.6
4,45,hybrid,HYBRID_ALPHA0.9_BETA0.1,0.9,0.1,50,5.01768,1.48337,0.33446,20.34018,2.231,0.36673,0.52497,0.00481,0.05036,0.6
4,45,hybrid,HYBRID_ALPHA0.1_BETA0.9,0.1,0.9,100,3.36649,1.24423,0.20594,5.91881,1.51947,0.32558,0.44758,0.0062,0.08317,0.625
4,45,hybrid,HYBRID_ALPHA0.2_BETA0.8,0.2,0.8,100,3.27813,1.23864,0.20543,3.33793,1.28001,0.2691,0.39114,0.0053,0.05809,0.625
4,45,hybrid,HYBRID_ALPHA0.3_BETA0.7,0.3,0.7,100,3.14249,1.22363,0.20027,3.36961,1.27114,0.26472,0.38297,0.00523,0.05762,0.575
4,45,hybrid,HYBRID_ALPHA0.4_BETA0.6,0.4,0.6,100,3.13234,1.22615,0.20226,3.02104,1.23092,0.25018,0.36225,0.00502,0.05319,0.625
4,45,hybrid,HYBRID_ALPHA0.5_BETA0.5,0.5,0.5,100,3.14609,1.23055,0.20513,4.26016,1.37297,0.28598,0.41967,0.00531,0.05437,0.6
4,45,hybrid,HYBRID_ALPHA0.6_BETA0.4,0.6,0.4,100,3.12984,1.2277,0.20344,3.69663,1.31866,0.27532,0.40577,0.00519,0.04641,0.6
4,45,hybrid,HYBRID_ALPHA0.7_BETA0.3,0.7,0.3,100,2.37153,1.11706,0.13436,1.27035,0.95288,0.09389,0.09083,0.00541,0.02705,0.525
4,45,hybrid,HYBRID_ALPHA0.8_BETA0.2,0.8,0.2,100,2.44562,1.1354,0.14061,1.20917,0.90366,0.10203,0.10611,0.00514,0.0296,0.525
4,45,hybrid,HYBRID_ALPHA0.9_BETA0.1,0.9,0.1,100,2.30656,1.12114,0.12885,1.22477,0.90127,0.10854,0.11886,0.00498,0.02844,0.575
4,45,hybrid,HYBRID_ALPHA0.1_BETA0.9,0.1,0.9,300,1.43878,0.91654,0.02074,1.5588,1.07498,0.06281,0.06604,0.0034,0.01479,0.625
4,45,hybrid,HYBRID_ALPHA0.2_BETA0.8,0.2,0.8,300,1.26481,0.88765,0.02408,1.03839,0.83782,0.06796,0.06991,0.00218,0.01545,0.625
4,45,hybrid,HYBRID_ALPHA0.3_BETA0.7,0.3,0.7,300,1.35672,0.90978,0.02008,0.85494,0.75781,0.06864,0.06526,0.00231,0.01531,0.675
4,45,hybrid,HYBRID_ALPHA0.4_BETA0.6,0.4,0.6,300,1.31525,0.90421,0.0201,1.10599,0.8644,0.11899,0.09027,0.00279,0.01626,0.525
4,45,hybrid,HYBRID_ALPHA0.5_BETA0.5,0.5,0.5,300,1.29084,0.8996,0.02074,0.74576,0.68716,0.04641,0.06468,0.00352,0.02477,0.575
4,45,hybrid,HYBRID_ALPHA0.6_BETA0.4,0.6,0.4,300,1.27135,0.89601,0.02222,0.72706,0.68252,0.04234,0.0637,0.00324,0.02419,0.575
4,45,hybrid,HYBRID_ALPHA0.7_BETA0.3,0.7,0.3,300,1.259,0.88908,0.02302,0.7216,0.68201,0.03852,0.06075,0.00301,0.0241,0.5
4,45,hybrid,HYBRID_ALPHA0.8_BETA0.2,0.8,0.2,300,1.24569,0.88264,0.02192,0.71368,0.67935,0.03373,0.05693,0.00291,0.02371,0.65
4,45,hybrid,HYBRID_ALPHA0.9_BETA0.1,0.9,0.1,300,1.26279,0.89298,0.02274,0.71133,0.67865,0.02968,0.05313,0.00265,0.02275,0.6
4,45,hybrid,HYBRID_ALPHA0.1_BETA0.9,0.1,0.9,500,1.48377,0.925,0.02004,1.7222,1.08757,0.10664,0.11251,0.00509,0.0221,0.525
4,45,hybrid,HYBRID_ALPHA0.2_BETA0.8,0.2,0.8,500,1.39587,0.91416,0.01749,1.93789,1.10361,0.1258,0.13729,0.00485,0.02102,0.525
4,45,hybrid,HYBRID_ALPHA0.3_BETA0.7,0.3,0.7,500,1.40178,0.91443,0.01767,1.85121,1.06812,0.13395,0.13907,0.00483,0.02013,0.5
4,45,hybrid,HYBRID_ALPHA0.4_BETA0.6,0.4,0.6,500,1.39101,0.91251,0.01771,1.75632,1.03762,0.13773,0.13958,0.00479,0.0199,0.525
4,45,hybrid,HYBRID_ALPHA0.5_BETA0.5,0.5,0.5,500,1.42844,0.91645,0.02054,1.64992,1.00965,0.13857,0.13766,0.00498,0.01993,0.5
4,45,hybrid,HYBRID_ALPHA0.6_BETA0.4,0.6,0.4,500,1.40054,0.91332,0.01801,1.51553,0.97602,0.13839,0.13222,0.00466,0.0198,0.525
4,45,hybrid,HYBRID_ALPHA0.7_BETA0.3,0.7,0.3,500,1.3954,0.91065,0.01875,1.35621,0.94527,0.13128,0.12359,0.00471,0.02046,0.575
4,45,hybrid,HYBRID_ALPHA0.8_BETA0.2,0.8,0.2,500,1.30747,0.89862,0.01714,1.31741,0.9549,0.1126,0.12175,0.00509,0.02369,0.525
4,45,hybrid,HYBRID_ALPHA0.9_BETA0.1,0.9,0.1,500,1.38546,0.90842,0.0203,1.26613,0.94415,0.10488,0.12048,0.00527,0.0243,0.625
4,45,mse,MSE,1.0,0.0,50,5.01795,1.48346,0.33469,20.34012,2.23099,0.36673,0.52496,0.00481,0.05037,0.6
4,45,mse,MSE,1.0,0.0,100,2.28242,1.12913,0.13781,0.70864,0.67177,0.05847,0.08035,0.00388,0.02585,0.625
4,45,mse,MSE,1.0,0.0,300,1.25409,0.89015,0.02103,0.72197,0.68053,0.0302,0.05137,0.00277,0.02062,0.6
4,45,mse,MSE,1.0,0.0,500,1.37877,0.90797,0.02083,1.22799,0.93213,0.10101,0.12166,0.00515,0.02547,0.55
5,46,hsic,HSIC,0.0,1.0,50,3.62276,1.24621,0.0858,24.52828,2.32015,0.35285,0.51559,0.00756,0.05697,0.7
5,46,hsic,HSIC,0.0,1.0,100,3.418,1.34434,0.02629,31.1846,2.13749,0.19108,0.25444,0.00432,0.08252,0.875
5,46,hsic,HSIC,0.0,1.0,300,3.56711,1.42527,0.04021,29.60467,2.4419,0.34228,0.51954,0.00671,0.11296,0.725
5,46,hsic,HSIC,0.0,1.0,500,4.68555,1.48628,0.11879,30.49995,2.47042,0.33746,0.49475,0.0078,0.11464,0.65
5,46,hybrid,HYBRID_ALPHA0.1_BETA0.9,0.1,0.9,50,2.96159,1.152,0.08383,1.16914,0.85311,0.11054,0.03996,0.00289,0.0114,0.575
5,46,hybrid,HYBRID_ALPHA0.2_BETA0.8,0.2,0.8,50,2.69286,1.09276,0.06808,1.15008,0.90737,0.08794,0.08357,0.00498,0.02174,0.55
5,46,hybrid,HYBRID_ALPHA0.3_BETA0.7,0.3,0.7,50,2.87383,1.08252,0.05058,1.08671,0.88041,0.08954,0.07572,0.00465,0.022,0.5
5,46,hybrid,HYBRID_ALPHA0.4_BETA0.6,0.4,0.6,50,2.60608,1.05395,0.04443,0.82579,0.67961,0.06336,0.03674,0.00222,0.01371,0.575
5,46,hybrid,HYBRID_ALPHA0.5_BETA0.5,0.5,0.5,50,2.57479,1.04513,0.05127,0.73195,0.70689,0.08444,0.01779,0.00181,0.01518,0.6
5,46,hybrid,HYBRID_ALPHA0.6_BETA0.4,0.6,0.4,50,2.67401,1.05387,0.05264,0.72754,0.67248,0.0548,0.0188,0.00197,0.01631,0.6
5,46,hybrid,HYBRID_ALPHA0.7_BETA0.3,0.7,0.3,50,2.76675,1.06703,0.05612,1.02788,0.73397,0.07363,0.06523,0.00301,0.02344,0.55
5,46,hybrid,HYBRID_ALPHA0.8_BETA0.2,0.8,0.2,50,2.81197,1.07231,0.05902,0.77517,0.66964,0.06273,0.02896,0.00187,0.01723,0.5
5,46,hybrid,HYBRID_ALPHA0.9_BETA0.1,0.9,0.1,50,2.8601,1.08141,0.06328,0.82141,0.67514,0.04498,0.05451,0.00257,0.01843,0.6
5,46,hybrid,HYBRID_ALPHA0.1_BETA0.9,0.1,0.9,100,1.73438,0.95269,0.0239,2.30141,1.13365,0.15528,0.13505,0.00361,0.0109,0.625
5,46,hybrid,HYBRID_ALPHA0.2_BETA0.8,0.2,0.8,100,1.99742,0.99478,0.03985,1.30327,0.96207,0.09934,0.07439,0.00306,0.01289,0.7
5,46,hybrid,HYBRID_ALPHA0.3_BETA0.7,0.3,0.7,100,1.87774,0.98503,0.03375,1.54099,0.99021,0.15668,0.1303,0.00373,0.01183,0.65
5,46,hybrid,HYBRID_ALPHA0.4_BETA0.6,0.4,0.6,100,1.86571,0.98414,0.03251,1.27231,0.92739,0.13787,0.10451,0.00301,0.01275,0.625
5,46,hybrid,HYBRID_ALPHA0.5_BETA0.5,0.5,0.5,100,1.8986,0.9866,0.03401,1.14047,0.88572,0.12369,0.08532,0.00263,0.01375,0.6
5,46,hybrid,HYBRID_ALPHA0.6_BETA0.4,0.6,0.4,100,1.91922,0.99421,0.03554,0.74913,0.71982,0.03722,0.04153,0.00201,0.01624,0.6
5,46,hybrid,HYBRID_ALPHA0.7_BETA0.3,0.7,0.3,100,1.92487,0.99298,0.03455,0.75481,0.67962,0.0489,0.04867,0.00343,0.02233,0.625
5,46,hybrid,HYBRID_ALPHA0.8_BETA0.2,0.8,0.2,100,1.88328,0.98458,0.02873,0.81976,0.69278,0.05457,0.05384,0.00373,0.0233,0.65
5,46,hybrid,HYBRID_ALPHA0.9_BETA0.1,0.9,0.1,100,1.97759,0.99964,0.03766,0.85869,0.70071,0.05636,0.05664,0.00392,0.0251,0.55
5,46,hybrid,HYBRID_ALPHA0.1_BETA0.9,0.1,0.9,300,1.24381,0.88131,0.02558,1.20227,0.92737,0.03183,0.0284,0.00282,0.02277,0.725
5,46,hybrid,HYBRID_ALPHA0.2_BETA0.8,0.2,0.8,300,1.30772,0.89574,0.02808,0.97918,0.8279,0.03965,0.02996,0.00256,0.02266,0.675
5,46,hybrid,HYBRID_ALPHA0.3_BETA0.7,0.3,0.7,300,1.22749,0.87434,0.02737,1.07991,0.7492,0.02169,0.02213,0.00208,0.0227,0.7
5,46,hybrid,HYBRID_ALPHA0.4_BETA0.6,0.4,0.6,300,1.19729,0.85858,0.02188,0.92157,0.73803,0.02099,0.02703,0.00238,0.02227,0.675
5,46,hybrid,HYBRID_ALPHA0.5_BETA0.5,0.5,0.5,300,1.30444,0.88286,0.02279,0.89167,0.73473,0.02191,0.02746,0.00288,0.02217,0.65
5,46,hybrid,HYBRID_ALPHA0.6_BETA0.4,0.6,0.4,300,2.21131,0.95252,0.02184,0.83828,0.72175,0.02358,0.02841,0.00279,0.02204,0.75
5,46,hybrid,HYBRID_ALPHA0.7_BETA0.3,0.7,0.3,300,3.15736,0.99405,0.02131,0.81429,0.71829,0.02629,0.02973,0.00274,0.02229,0.725
5,46,hybrid,HYBRID_ALPHA0.8_BETA0.2,0.8,0.2,300,4.17569,1.03005,0.01983,0.82152,0.71741,0.02968,0.03023,0.00267,0.02259,0.7
5,46,hybrid,HYBRID_ALPHA0.9_BETA0.1,0.9,0.1,300,4.52946,1.03952,0.02182,0.85866,0.72255,0.03512,0.03208,0.0027,0.02179,0.625
5,46,hybrid,HYBRID_ALPHA0.1_BETA0.9,0.1,0.9,500,1.45083,0.9288,0.02703,4.0673,1.36979,0.19023,0.146,0.00447,0.01527,0.6
5,46,hybrid,HYBRID_ALPHA0.2_BETA0.8,0.2,0.8,500,1.42047,0.94028,0.02387,0.80411,0.68561,0.012,0.04419,0.00303,0.02571,0.5
5,46,hybrid,HYBRID_ALPHA0.3_BETA0.7,0.3,0.7,500,1.43267,0.94287,0.02686,1.26411,0.94499,0.11785,0.07501,0.00314,0.02135,0.65
5,46,hybrid,HYBRID_ALPHA0.4_BETA0.6,0.4,0.6,500,1.39728,0.93833,0.02616,1.10393,0.71198,0.01558,0.04289,0.00302,0.02384,0.525
5,46,hybrid,HYBRID_ALPHA0.5_BETA0.5,0.5,0.5,500,1.36024,0.93233,0.02388,1.00756,0.69774,0.01618,0.04451,0.00302,0.02358,0.55
5,46,hybrid,HYBRID_ALPHA0.6_BETA0.4,0.6,0.4,500,1.33675,0.93138,0.021,0.97848,0.70019,0.01639,0.0457,0.00313,0.02319,0.525
5,46,hybrid,HYBRID_ALPHA0.7_BETA0.3,0.7,0.3,500,1.33327,0.92925,0.02201,0.91099,0.69768,0.01704,0.04662,0.00313,0.02359,0.525
5,46,hybrid,HYBRID_ALPHA0.8_BETA0.2,0.8,0.2,500,1.32333,0.9305,0.02226,0.85518,0.68976,0.01819,0.04826,0.00314,0.02373,0.525
5,46,hybrid,HYBRID_ALPHA0.9_BETA0.1,0.9,0.1,500,1.32297,0.93117,0.02401,0.82007,0.68729,0.02052,0.05173,0.00315,0.02415,0.55
5,46,mse,MSE,1.0,0.0,50,2.91329,1.09052,0.06817,0.95444,0.69159,0.03785,0.07971,0.00242,0.01997,0.675
5,46,mse,MSE,1.0,0.0,100,1.99889,1.00198,0.04096,0.83187,0.69733,0.06105,0.06633,0.00388,0.02511,0.6
5,46,mse,MSE,1.0,0.0,300,4.70924,1.04587,0.02272,0.8852,0.72863,0.0487,0.04094,0.00274,0.02533,0.675
5,46,mse,MSE,1.0,0.0,500,1.32786,0.93367,0.02622,0.8362,0.69481,0.02471,0.06559,0.00336,0.02487,0.525
6,47,hsic,HSIC,0.0,1.0,50,3.98185,1.4039,0.07813,40.62863,2.57261,0.33184,0.49717,0.00665,0.12112,0.625
6,47,hsic,HSIC,0.0,1.0,100,3.30049,1.2188,0.03118,31.55118,2.54109,0.3384,0.51306,0.00486,0.22701,0.9
6,47,hsic,HSIC,0.0,1.0,300,2.63687,1.11378,0.01865,29.00297,2.43947,0.33655,0.50313,0.00652,0.1362,0.8
6,47,hsic,HSIC,0.0,1.0,500,4.42367,1.54141,0.07663,27.35526,2.4168,0.33811,0.49962,0.00765,0.12388,0.7
6,47,hybrid,HYBRID_ALPHA0.1_BETA0.9,0.1,0.9,50,2.18332,1.04973,0.06077,31.26873,2.22354,0.33696,0.48011,0.00633,0.09518,0.6
6,47,hybrid,HYBRID_ALPHA0.2_BETA0.8,0.2,0.8,50,2.10235,1.05572,0.05785,31.21874,2.20152,0.32836,0.47947,0.0061,0.08507,0.625
6,47,hybrid,HYBRID_ALPHA0.3_BETA0.7,0.3,0.7,50,2.08208,1.06306,0.05689,29.6028,2.1556,0.31947,0.47776,0.00595,0.07387,0.65
6,47,hybrid,HYBRID_ALPHA0.4_BETA0.6,0.4,0.6,50,2.13952,1.07773,0.06284,17.66064,1.19148,0.05632,0.03291,0.00245,0.01939,0.625
6,47,hybrid,HYBRID_ALPHA0.5_BETA0.5,0.5,0.5,50,2.14411,1.07912,0.06457,17.6464,1.19912,0.07377,0.04212,0.00305,0.0199,0.625
6,47,hybrid,HYBRID_ALPHA0.6_BETA0.4,0.6,0.4,50,2.03739,1.06853,0.05832,15.49877,1.2317,0.09813,0.0566,0.00314,0.02122,0.65
6,47,hybrid,HYBRID_ALPHA0.7_BETA0.3,0.7,0.3,50,1.90728,1.043,0.04641,14.70697,1.25026,0.11476,0.07504,0.00347,0.02268,0.625
6,47,hybrid,HYBRID_ALPHA0.8_BETA0.2,0.8,0.2,50,1.9322,1.0484,0.04846,13.90856,1.27138,0.13399,0.10354,0.00391,0.02409,0.65
6,47,hybrid,HYBRID_ALPHA0.9_BETA0.1,0.9,0.1,50,2.07089,1.08108,0.05742,13.87557,1.26764,0.1273,0.10336,0.00334,0.02667,0.55
6,47,hybrid,HYBRID_ALPHA0.1_BETA0.9,0.1,0.9,100,2.85749,1.14252,0.11739,1.90059,1.15834,0.1085,0.0895,0.00582,0.03545,0.575
6,47,hybrid,HYBRID_ALPHA0.2_BETA0.8,0.2,0.8,100,2.677,1.12942,0.11323,1.96375,1.12453,0.13564,0.13625,0.0067,0.03709,0.575
6,47,hybrid,HYBRID_ALPHA0.3_BETA0.7,0.3,0.7,100,2.68489,1.14048,0.12385,1.71891,1.07408,0.12856,0.11945,0.00631,0.03955,0.575
6,47,hybrid,HYBRID_ALPHA0.4_BETA0.6,0.4,0.6,100,2.68847,1.14327,0.12616,1.38548,0.98939,0.10476,0.08714,0.00517,0.042,0.525
6,47,hybrid,HYBRID_ALPHA0.5_BETA0.5,0.5,0.5,100,2.80823,1.17804,0.15477,1.24867,0.94249,0.09342,0.0876,0.00495,0.04742,0.525
6,47,hybrid,HYBRID_ALPHA0.6_BETA0.4,0.6,0.4,100,2.85812,1.18495,0.15802,1.04227,0.85376,0.10256,0.07016,0.00406,0.04921,0.625
6,47,hybrid,HYBRID_ALPHA0.7_BETA0.3,0.7,0.3,100,2.92098,1.19296,0.16035,1.02397,0.83959,0.10507,0.07336,0.00399,0.04976,0.575
6,47,hybrid,HYBRID_ALPHA0.8_BETA0.2,0.8,0.2,100,2.97828,1.20478,0.16919,1.01654,0.8294,0.1074,0.07723,0.0039,0.05108,0.575
6,47,hybrid,HYBRID_ALPHA0.9_BETA0.1,0.9,0.1,100,2.94413,1.20153,0.16945,1.02581,0.82838,0.10958,0.08424,0.00389,0.04974,0.55
6,47,hybrid,HYBRID_ALPHA0.1_BETA0.9,0.1,0.9,300,1.75312,0.92424,0.02485,0.84078,0.73331,0.02663,0.03879,0.00279,0.02606,0.7
6,47,hybrid,HYBRID_ALPHA0.2_BETA0.8,0.2,0.8,300,1.71705,0.91518,0.02264,0.95482,0.80929,0.05942,0.09008,0.00198,0.02557,0.7
6,47,hybrid,HYBRID_ALPHA0.3_BETA0.7,0.3,0.7,300,1.68151,0.91096,0.02074,0.84839,0.76719,0.04759,0.06615,0.00236,0.02503,0.7
6,47,hybrid,HYBRID_ALPHA0.4_BETA0.6,0.4,0.6,300,1.68103,0.91032,0.02076,1.44252,1.00964,0.10621,0.10572,0.00396,0.02911,0.625
6,47,hybrid,HYBRID_ALPHA0.5_BETA0.5,0.5,0.5,300,1.68897,0.91113,0.02068,1.326,0.97022,0.1016,0.10232,0.00386,0.03,0.625
6,47,hybrid,HYBRID_ALPHA0.6_BETA0.4,0.6,0.4,300,1.70191,0.91344,0.02017,1.25245,0.93828,0.09876,0.10372,0.00409,0.03158,0.65
6,47,hybrid,HYBRID_ALPHA0.7_BETA0.3,0.7,0.3,300,1.72729,0.91952,0.01922,1.21664,0.92993,0.09882,0.10808,0.00433,0.03467,0.6
6,47,hybrid,HYBRID_ALPHA0.8_BETA0.2,0.8,0.2,300,1.75174,0.92567,0.01954,1.20285,0.92452,0.10152,0.11467,0.00448,0.03826,0.6
6,47,hybrid,HYBRID_ALPHA0.9_BETA0.1,0.9,0.1,300,1.76541,0.92937,0.01957,1.2089,0.92296,0.10573,0.12433,0.00463,0.03932,0.65
6,47,hybrid,HYBRID_ALPHA0.1_BETA0.9,0.1,0.9,500,1.45964,0.93138,0.02593,5.72093,1.53383,0.17852,0.14975,0.0051,0.01953,0.65
6,47,hybrid,HYBRID_ALPHA0.2_BETA0.8,0.2,0.8,500,1.39731,0.92325,0.0234,1.08096,0.76896,0.05805,0.09073,0.004,0.02151,0.65
6,47,hybrid,HYBRID_ALPHA0.3_BETA0.7,0.3,0.7,500,1.47065,0.94297,0.02808,0.90268,0.73227,0.05764,0.08908,0.00399,0.02254,0.65
6,47,hybrid,HYBRID_ALPHA0.4_BETA0.6,0.4,0.6,500,1.47707,0.94021,0.03115,0.80853,0.70972,0.05627,0.0864,0.00389,0.02234,0.575
6,47,hybrid,HYBRID_ALPHA0.5_BETA0.5,0.5,0.5,500,1.38201,0.91942,0.02647,0.75677,0.69907,0.05279,0.0821,0.00373,0.02093,0.6
6,47,hybrid,HYBRID_ALPHA0.6_BETA0.4,0.6,0.4,500,1.38653,0.91962,0.02723,0.63335,0.65625,0.02027,0.03832,0.00276,0.02125,0.575
6,47,hybrid,HYBRID_ALPHA0.7_BETA0.3,0.7,0.3,500,1.49869,0.94387,0.0345,0.59232,0.62929,0.0185,0.02877,0.00261,0.02116,0.55
6,47,hybrid,HYBRID_ALPHA0.8_BETA0.2,0.8,0.2,500,1.51563,0.94626,0.0369,0.58287,0.62304,0.01632,0.02596,0.00255,0.02137,0.575
6,47,hybrid,HYBRID_ALPHA0.9_BETA0.1,0.9,0.1,500,1.5189,0.94615,0.03783,0.56949,0.61474,0.01459,0.02348,0.00244,0.02202,0.575
6,47,mse,MSE,1.0,0.0,50,2.09318,1.08342,0.05806,14.43275,1.27403,0.11283,0.0981,0.00344,0.03031,0.575
6,47,mse,MSE,1.0,0.0,100,2.73356,1.15587,0.14361,1.03757,0.82967,0.11202,0.09203,0.00402,0.0482,0.525
6,47,mse,MSE,1.0,0.0,300,1.74625,0.92677,0.01892,1.2334,0.92629,0.11048,0.1366,0.00484,0.04046,0.6
6,47,mse,MSE,1.0,0.0,500,1.47751,0.93908,0.03155,0.56525,0.60544,0.01415,0.01771,0.00222,0.02147,0.55
7,48,hsic,HSIC,0.0,1.0,50,4.10412,1.33097,0.1431,21.9894,2.28806,0.35453,0.52016,0.00807,0.11145,0.575
7,48,hsic,HSIC,0.0,1.0,100,3.14264,1.29769,0.06697,32.35437,2.38811,0.22744,0.25725,0.00484,0.13437,0.65
7,48,hsic,HSIC,0.0,1.0,300,3.59013,1.27654,0.09302,21.19598,2.27294,0.36219,0.52666,0.00782,0.42825,0.925
7,48,hsic,HSIC,0.0,1.0,500,4.80635,1.68969,0.06292,29.05489,2.47362,0.33456,0.49425,0.00702,0.44146,0.9
7,48,hybrid,HYBRID_ALPHA0.1_BETA0.9,0.1,0.9,50,2.21433,1.0279,0.06831,4.92277,1.40688,0.30996,0.3493,0.00607,0.08079,0.675
7,48,hybrid,HYBRID_ALPHA0.2_BETA0.8,0.2,0.8,50,1.82914,0.93867,0.05255,4.13341,1.3283,0.26686,0.36227,0.00642,0.07683,0.65
7,48,hybrid,HYBRID_ALPHA0.3_BETA0.7,0.3,0.7,50,1.83858,0.94541,0.04425,3.02065,1.21217,0.22453,0.32796,0.00595,0.07297,0.55
7,48,hybrid,HYBRID_ALPHA0.4_BETA0.6,0.4,0.6,50,2.18366,1.0159,0.04896,2.09894,1.03041,0.13179,0.1771,0.00598,0.06782,0.625
7,48,hybrid,HYBRID_ALPHA0.5_BETA0.5,0.5,0.5,50,1.84758,0.95799,0.04193,1.3311,0.92998,0.09945,0.08376,0.00458,0.06053,0.775
7,48,hybrid,HYBRID_ALPHA0.6_BETA0.4,0.6,0.4,50,2.04554,0.98856,0.0341,1.26297,0.90936,0.0972,0.06818,0.00403,0.05805,0.75
7,48,hybrid,HYBRID_ALPHA0.7_BETA0.3,0.7,0.3,50,1.95823,0.97191,0.04355,1.25961,0.9055,0.09808,0.06633,0.00399,0.05476,0.75
7,48,hybrid,HYBRID_ALPHA0.8_BETA0.2,0.8,0.2,50,1.56251,0.96648,0.02763,1.26342,0.90162,0.10136,0.07188,0.00297,0.05417,0.775
7,48,hybrid,HYBRID_ALPHA0.9_BETA0.1,0.9,0.1,50,1.80085,0.99997,0.0316,1.43143,0.91951,0.10748,0.08648,0.00303,0.05385,0.825
7,48,hybrid,HYBRID_ALPHA0.1_BETA0.9,0.1,0.9,100,1.92744,1.04868,0.07693,2.48752,1.19668,0.16727,0.08668,0.00417,0.02294,0.55
7,48,hybrid,HYBRID_ALPHA0.2_BETA0.8,0.2,0.8,100,1.97428,1.0628,0.07663,2.16591,1.15957,0.17972,0.0961,0.00421,0.02379,0.525
7,48,hybrid,HYBRID_ALPHA0.3_BETA0.7,0.3,0.7,100,2.01201,1.06389,0.07688,1.83904,1.11202,0.15219,0.08752,0.00461,0.03342,0.525
7,48,hybrid,HYBRID_ALPHA0.4_BETA0.6,0.4,0.6,100,1.99043,1.057,0.07513,1.77445,1.09726,0.1363,0.09905,0.00522,0.0418,0.525
7,48,hybrid,HYBRID_ALPHA0.5_BETA0.5,0.5,0.5,100,1.96367,1.04438,0.07487,1.78209,1.10387,0.13571,0.10587,0.00548,0.04434,0.5
7,48,hybrid,HYBRID_ALPHA0.6_BETA0.4,0.6,0.4,100,1.91881,1.03298,0.06984,1.75515,1.09855,0.1309,0.1099,0.00565,0.04589,0.55
7,48,hybrid,HYBRID_ALPHA0.7_BETA0.3,0.7,0.3,100,1.94279,1.0415,0.07171,1.75766,1.09636,0.13408,0.11702,0.00596,0.04525,0.525
7,48,hybrid,HYBRID_ALPHA0.8_BETA0.2,0.8,0.2,100,1.97729,1.05028,0.07738,1.91084,1.11899,0.14875,0.13549,0.00666,0.03909,0.575
7,48,hybrid,HYBRID_ALPHA0.9_BETA0.1,0.9,0.1,100,2.02358,1.06796,0.09025,0.98605,0.80586,0.09234,0.08025,0.00384,0.02557,0.525
7,48,hybrid,HYBRID_ALPHA0.1_BETA0.9,0.1,0.9,300,1.70094,1.06381,0.04367,3.32648,1.38788,0.14649,0.09641,0.00508,0.0508,0.575
7,48,hybrid,HYBRID_ALPHA0.2_BETA0.8,0.2,0.8,300,1.73392,1.03864,0.04659,4.53492,1.54586,0.17133,0.1309,0.00561,0.03348,0.6
7,48,hybrid,HYBRID_ALPHA0.3_BETA0.7,0.3,0.7,300,1.58423,1.00664,0.03875,5.35233,1.6193,0.19713,0.17508,0.00542,0.04533,0.65
7,48,hybrid,HYBRID_ALPHA0.4_BETA0.6,0.4,0.6,300,1.54067,0.98584,0.03626,5.60416,1.65289,0.19674,0.17618,0.00533,0.04034,0.6
7,48,hybrid,HYBRID_ALPHA0.5_BETA0.5,0.5,0.5,300,1.52551,0.97751,0.03414,5.94818,1.69877,0.19695,0.17857,0.0051,0.03801,0.6
7,48,hybrid,HYBRID_ALPHA0.6_BETA0.4,0.6,0.4,300,1.5207,0.97946,0.03441,5.92221,1.72725,0.19559,0.1858,0.00516,0.04025,0.65
7,48,hybrid,HYBRID_ALPHA0.7_BETA0.3,0.7,0.3,300,1.52516,0.98257,0.03698,5.45453,1.61741,0.19188,0.18648,0.00536,0.03998,0.675
7,48,hybrid,HYBRID_ALPHA0.8_BETA0.2,0.8,0.2,300,1.42731,0.96785,0.02589,4.94611,1.51916,0.18943,0.17814,0.00482,0.03853,0.675
7,48,hybrid,HYBRID_ALPHA0.9_BETA0.1,0.9,0.1,300,1.45253,0.9699,0.03025,4.05968,1.39271,0.17655,0.15204,0.0047,0.03547,0.625
7,48,hybrid,HYBRID_ALPHA0.1_BETA0.9,0.1,0.9,500,1.47839,0.99484,0.03033,11.12645,3.18844,0.07874,0.11152,0.00386,0.07336,0.65
7,48,hybrid,HYBRID_ALPHA0.2_BETA0.8,0.2,0.8,500,1.48819,0.98975,0.03228,6.84944,1.92842,0.19419,0.17089,0.00523,0.03875,0.575
7,48,hybrid,HYBRID_ALPHA0.3_BETA0.7,0.3,0.7,500,1.45049,0.9778,0.02992,5.36095,1.67062,0.19924,0.1895,0.00518,0.05443,0.6
7,48,hybrid,HYBRID_ALPHA0.4_BETA0.6,0.4,0.6,500,1.42441,0.96604,0.02814,5.66109,1.72606,0.19892,0.19427,0.00525,0.05116,0.6
7,48,hybrid,HYBRID_ALPHA0.5_BETA0.5,0.5,0.5,500,1.42998,0.95963,0.02842,6.08748,1.75007,0.19516,0.19891,0.00546,0.04398,0.625
7,48,hybrid,HYBRID_ALPHA0.6_BETA0.4,0.6,0.4,500,1.47817,0.95822,0.03208,5.7435,1.67324,0.19449,0.19436,0.00543,0.04564,0.6
7,48,hybrid,HYBRID_ALPHA0.7_BETA0.3,0.7,0.3,500,1.40142,0.93881,0.02691,5.41735,1.61159,0.19333,0.18902,0.00514,0.04449,0.625
7,48,hybrid,HYBRID_ALPHA0.8_BETA0.2,0.8,0.2,500,1.39677,0.93844,0.02745,5.08263,1.53663,0.19299,0.18189,0.00509,0.04314,0.575
7,48,hybrid,HYBRID_ALPHA0.9_BETA0.1,0.9,0.1,500,1.36075,0.93508,0.02595,4.23974,1.40618,0.18335,0.15358,0.00473,0.03934,0.575
7,48,mse,MSE,1.0,0.0,50,1.44624,0.95488,0.03364,1.63274,0.93461,0.10323,0.08659,0.00265,0.05188,0.825
7,48,mse,MSE,1.0,0.0,100,2.06449,1.0858,0.11104,1.82761,1.10607,0.13735,0.13521,0.00674,0.03976,0.625
7,48,mse,MSE,1.0,0.0,300,1.44941,0.97106,0.03758,2.17887,1.17009,0.11988,0.16313,0.006,0.0565,0.625
7,48,mse,MSE,1.0,0.0,500,1.31762,0.92944,0.02658,2.00004,1.11071,0.12862,0.15681,0.00547,0.04502,0.525
8,49,hsic,HSIC,0.0,1.0,50,4.53911,1.43984,0.11147,30.83902,2.19822,0.21971,0.29602,0.00465,0.09103,0.675
8,49,hsic,HSIC,0.0,1.0,100,3.17217,1.33351,0.06563,20.74814,2.25279,0.36232,0.52513,0.00683,0.12767,0.85
8,49,hsic,HSIC,0.0,1.0,300,3.49794,1.24289,0.11769,31.62175,2.57548,0.3309,0.49589,0.00777,0.16264,0.775
8,49,hsic,HSIC,0.0,1.0,500,5.62121,1.63687,0.12412,30.85285,2.52231,0.3334,0.49906,0.0076,0.1405,0.725
8,49,hybrid,HYBRID_ALPHA0.1_BETA0.9,0.1,0.9,50,2.83866,1.14695,0.10915,2.53302,1.18559,0.15861,0.15234,0.00502,0.02183,0.6
8,49,hybrid,HYBRID_ALPHA0.2_BETA0.8,0.2,0.8,50,2.87716,1.16148,0.10505,1.26344,0.88612,0.05845,0.08541,0.00392,0.02614,0.625
8,49,hybrid,HYBRID_ALPHA0.3_BETA0.7,0.3,0.7,50,2.4916,1.11874,0.09499,1.07458,0.83697,0.04884,0.07428,0.00361,0.02608,0.625
8,49,hybrid,HYBRID_ALPHA0.4_BETA0.6,0.4,0.6,50,2.38934,1.10759,0.08818,0.98917,0.79101,0.04838,0.06794,0.00313,0.0244,0.6
8,49,hybrid,HYBRID_ALPHA0.5_BETA0.5,0.5,0.5,50,2.34317,1.10309,0.08136,0.91779,0.76509,0.05354,0.07475,0.00296,0.02396,0.575
8,49,hybrid,HYBRID_ALPHA0.6_BETA0.4,0.6,0.4,50,2.1554,1.08431,0.04796,1.09032,0.80178,0.06494,0.09322,0.00263,0.02265,0.675
8,49,hybrid,HYBRID_ALPHA0.7_BETA0.3,0.7,0.3,50,2.17141,1.08471,0.04748,1.10418,0.7661,0.07711,0.10727,0.00225,0.02657,0.7
8,49,hybrid,HYBRID_ALPHA0.8_BETA0.2,0.8,0.2,50,2.18806,1.08612,0.0469,1.05947,0.76572,0.07986,0.1123,0.00216,0.02823,0.725
8,49,hybrid,HYBRID_ALPHA0.9_BETA0.1,0.9,0.1,50,2.62774,1.14662,0.12365,1.01522,0.76683,0.07767,0.11537,0.00294,0.03055,0.525
8,49,hybrid,HYBRID_ALPHA0.1_BETA0.9,0.1,0.9,100,1.9182,1.03378,0.05875,20.21096,2.23885,0.36266,0.52517,0.00726,0.12572,0.825
8,49,hybrid,HYBRID_ALPHA0.2_BETA0.8,0.2,0.8,100,3.86555,1.14645,0.0697,20.11786,2.23512,0.36249,0.52521,0.00759,0.12491,0.775
8,49,hybrid,HYBRID_ALPHA0.3_BETA0.7,0.3,0.7,100,5.16933,1.17157,0.07326,18.44976,2.16994,0.36017,0.52081,0.00762,0.12086,0.825
8,49,hybrid,HYBRID_ALPHA0.4_BETA0.6,0.4,0.6,100,4.79482,1.16537,0.0821,1.93044,1.08005,0.18995,0.26991,0.00502,0.03877,0.625
8,49,hybrid,HYBRID_ALPHA0.5_BETA0.5,0.5,0.5,100,4.3562,1.11973,0.06312,1.65421,1.01405,0.1643,0.23251,0.00527,0.03476,0.65
8,49,hybrid,HYBRID_ALPHA0.6_BETA0.4,0.6,0.4,100,4.18286,1.08916,0.05348,1.46501,0.97323,0.13969,0.19939,0.00568,0.03227,0.6
8,49,hybrid,HYBRID_ALPHA0.7_BETA0.3,0.7,0.3,100,4.20137,1.09461,0.0617,5.30815,1.11085,0.1457,0.2029,0.00579,0.03129,0.6
8,49,hybrid,HYBRID_ALPHA0.8_BETA0.2,0.8,0.2,100,4.27913,1.10115,0.06885,6.2578,1.12389,0.11615,0.1551,0.00616,0.02984,0.65
8,49,hybrid,HYBRID_ALPHA0.9_BETA0.1,0.9,0.1,100,4.6173,1.13095,0.08518,2.54401,1.03804,0.10535,0.09548,0.00686,0.02561,0.55
8,49,hybrid,HYBRID_ALPHA0.1_BETA0.9,0.1,0.9,300,1.91131,1.03828,0.06464,1.61246,1.04707,0.03713,0.03775,0.00317,0.03149,0.6
8,49,hybrid,HYBRID_ALPHA0.2_BETA0.8,0.2,0.8,300,1.31406,0.91846,0.03061,0.93573,0.80512,0.06085,0.0543,0.00145,0.02109,0.625
8,49,hybrid,HYBRID_ALPHA0.3_BETA0.7,0.3,0.7,300,1.29594,0.9096,0.03053,0.85914,0.77311,0.06201,0.09578,0.00216,0.0231,0.65
8,49,hybrid,HYBRID_ALPHA0.4_BETA0.6,0.4,0.6,300,1.29155,0.90766,0.03116,0.70118,0.69703,0.02726,0.06834,0.00215,0.02339,0.675
8,49,hybrid,HYBRID_ALPHA0.5_BETA0.5,0.5,0.5,300,1.30837,0.91388,0.02609,0.77398,0.72154,0.0682,0.10052,0.00232,0.02196,0.75
8,49,hybrid,HYBRID_ALPHA0.6_BETA0.4,0.6,0.4,300,1.31102,0.91057,0.03346,0.75949,0.71042,0.07112,0.10033,0.00197,0.02186,0.725
8,49,hybrid,HYBRID_ALPHA0.7_BETA0.3,0.7,0.3,300,1.30977,0.91089,0.03306,0.69341,0.68477,0.03965,0.07593,0.00198,0.02255,0.7
8,49,hybrid,HYBRID_ALPHA0.8_BETA0.2,0.8,0.2,300,1.28932,0.90291,0.02184,0.69469,0.67978,0.0469,0.07753,0.00239,0.02233,0.675
8,49,hybrid,HYBRID_ALPHA0.9_BETA0.1,0.9,0.1,300,1.33469,0.91309,0.02252,0.67533,0.67069,0.03911,0.06443,0.00228,0.02277,0.7
8,49,hybrid,HYBRID_ALPHA0.1_BETA0.9,0.1,0.9,500,1.3249,0.9316,0.01649,3.06411,1.39094,0.14353,0.11244,0.00386,0.01757,0.6
8,49,hybrid,HYBRID_ALPHA0.2_BETA0.8,0.2,0.8,500,1.30849,0.9036,0.01912,0.70552,0.69327,0.01678,0.02794,0.00286,0.02347,0.675
8,49,hybrid,HYBRID_ALPHA0.3_BETA0.7,0.3,0.7,500,1.30471,0.90215,0.01797,0.66111,0.66728,0.01567,0.0302,0.00285,0.0227,0.65
8,49,hybrid,HYBRID_ALPHA0.4_BETA0.6,0.4,0.6,500,1.28681,0.89948,0.01808,1.29385,0.94229,0.11705,0.08976,0.00287,0.01863,0.6
8,49,hybrid,HYBRID_ALPHA0.5_BETA0.5,0.5,0.5,500,1.28244,0.89862,0.01815,0.60905,0.62257,0.01264,0.01776,0.00238,0.02428,0.65
8,49,hybrid,HYBRID_ALPHA0.6_BETA0.4,0.6,0.4,500,1.25402,0.89169,0.01748,0.62373,0.63353,0.0147,0.01678,0.00237,0.02488,0.6
8,49,hybrid,HYBRID_ALPHA0.7_BETA0.3,0.7,0.3,500,1.22569,0.88565,0.01794,0.61445,0.6245,0.01469,0.01684,0.00237,0.02492,0.6
8,49,hybrid,HYBRID_ALPHA0.8_BETA0.2,0.8,0.2,500,1.20888,0.8818,0.01797,0.6109,0.6224,0.01388,0.01761,0.00232,0.02483,0.675
8,49,hybrid,HYBRID_ALPHA0.9_BETA0.1,0.9,0.1,500,1.20733,0.88201,0.01773,0.61605,0.62335,0.01224,0.01799,0.00233,0.02435,0.65
8,49,mse,MSE,1.0,0.0,50,2.67329,1.15588,0.13425,0.83378,0.73592,0.06539,0.11791,0.0018,0.03104,0.525
8,49,mse,MSE,1.0,0.0,100,4.77989,1.14271,0.09132,1.00212,0.76216,0.13331,0.08804,0.00433,0.01875,0.625
8,49,mse,MSE,1.0,0.0,300,1.31643,0.91165,0.02361,0.71512,0.68372,0.05042,0.04616,0.0021,0.02263,0.6
8,49,mse,MSE,1.0,0.0,500,1.19464,0.8781,0.01827,0.61257,0.62554,0.01138,0.02152,0.00245,0.02465,0.65
9,50,hsic,HSIC,0.0,1.0,50,5.90295,1.37769,0.1072,30.33153,2.32134,0.30487,0.45774,0.00669,0.05701,0.575
9,50,hsic,HSIC,0.0,1.0,100,3.63268,1.24459,0.12197,28.4584,2.42786,0.33917,0.50473,0.00812,0.06449,0.675
9,50,hsic,HSIC,0.0,1.0,300,4.52159,1.46583,0.11232,28.16273,2.42108,0.34007,0.50311,0.00793,0.09028,0.525
9,50,hsic,HSIC,0.0,1.0,500,1.6977,0.936,0.02841,28.57236,2.43671,0.3427,0.51671,0.006,0.09339,0.725
9,50,hybrid,HYBRID_ALPHA0.1_BETA0.9,0.1,0.9,50,3.13565,1.2059,0.08355,22.83681,2.23932,0.34149,0.48752,0.00683,0.05646,0.625
9,50,hybrid,HYBRID_ALPHA0.2_BETA0.8,0.2,0.8,50,3.05704,1.21033,0.07732,3.75177,1.11604,0.09471,0.18362,0.00423,0.01656,0.725
9,50,hybrid,HYBRID_ALPHA0.3_BETA0.7,0.3,0.7,50,2.80549,1.19782,0.09772,3.85516,1.12923,0.09852,0.18161,0.00405,0.017,0.75
9,50,hybrid,HYBRID_ALPHA0.4_BETA0.6,0.4,0.6,50,2.56327,1.15517,0.08203,4.80868,1.23265,0.09884,0.1802,0.00357,0.01791,0.675
9,50,hybrid,HYBRID_ALPHA0.5_BETA0.5,0.5,0.5,50,2.51017,1.15274,0.07965,4.22015,1.13454,0.10549,0.19005,0.00351,0.01863,0.575
9,50,hybrid,HYBRID_ALPHA0.6_BETA0.4,0.6,0.4,50,2.57035,1.15706,0.08266,3.47357,1.10411,0.09938,0.18811,0.00355,0.0212,0.675
9,50,hybrid,HYBRID_ALPHA0.7_BETA0.3,0.7,0.3,50,2.62248,1.15769,0.09674,3.9524,1.12261,0.11853,0.1898,0.00338,0.02061,0.7
9,50,hybrid,HYBRID_ALPHA0.8_BETA0.2,0.8,0.2,50,2.83537,1.21674,0.10785,2.96721,1.07394,0.11256,0.17318,0.00402,0.0222,0.6
9,50,hybrid,HYBRID_ALPHA0.9_BETA0.1,0.9,0.1,50,2.73752,1.18497,0.07784,3.20853,1.06205,0.11894,0.17567,0.00297,0.01828,0.725
9,50,hybrid,HYBRID_ALPHA0.1_BETA0.9,0.1,0.9,100,2.95596,1.14174,0.11531,1.24001,0.8833,0.15401,0.15111,0.00445,0.02261,0.55
9,50,hybrid,HYBRID_ALPHA0.2_BETA0.8,0.2,0.8,100,2.81669,1.14005,0.11329,2.10385,1.03711,0.19453,0.26213,0.00504,0.02661,0.55
9,50,hybrid,HYBRID_ALPHA0.3_BETA0.7,0.3,0.7,100,1.54835,0.93424,0.02705,3.35306,1.19325,0.2405,0.34666,0.00557,0.02851,0.525
9,50,hybrid,HYBRID_ALPHA0.4_BETA0.6,0.4,0.6,100,1.66835,0.96542,0.03227,1.61715,0.92868,0.15622,0.18237,0.00404,0.02432,0.5
9,50,hybrid,HYBRID_ALPHA0.5_BETA0.5,0.5,0.5,100,1.94722,1.0218,0.06075,1.49625,0.91446,0.15676,0.18016,0.00409,0.02396,0.525
9,50,hybrid,HYBRID_ALPHA0.6_BETA0.4,0.6,0.4,100,2.00298,1.02982,0.06517,1.62835,0.9248,0.16213,0.18763,0.0042,0.02522,0.525
9,50,hybrid,HYBRID_ALPHA0.7_BETA0.3,0.7,0.3,100,2.07129,1.05378,0.06886,1.66953,0.92544,0.16345,0.18976,0.00393,0.02518,0.525
9,50,hybrid,HYBRID_ALPHA0.8_BETA0.2,0.8,0.2,100,2.1041,1.05812,0.0715,1.67611,0.92319,0.16392,0.1914,0.00388,0.02542,0.525
9,50,hybrid,HYBRID_ALPHA0.9_BETA0.1,0.9,0.1,100,2.18049,1.07434,0.08204,1.76155,0.93424,0.17125,0.20685,0.00385,0.0256,0.5
9,50,hybrid,HYBRID_ALPHA0.1_BETA0.9,0.1,0.9,300,1.77063,0.96752,0.0385,0.94294,0.80146,0.04368,0.04603,0.00299,0.0128,0.575
9,50,hybrid,HYBRID_ALPHA0.2_BETA0.8,0.2,0.8,300,1.7863,0.97003,0.03963,0.87633,0.77018,0.04916,0.04628,0.00271,0.01391,0.675
9,50,hybrid,HYBRID_ALPHA0.3_BETA0.7,0.3,0.7,300,1.7383,0.96417,0.03626,0.9926,0.82779,0.09773,0.06834,0.00294,0.01536,0.525
9,50,hybrid,HYBRID_ALPHA0.4_BETA0.6,0.4,0.6,300,1.64724,0.96205,0.03192,1.063,0.74077,0.0489,0.05802,0.00253,0.01674,0.575
9,50,hybrid,HYBRID_ALPHA0.5_BETA0.5,0.5,0.5,300,1.63959,0.96168,0.0312,1.05634,0.74908,0.06385,0.06426,0.00246,0.01623,0.525
9,50,hybrid,HYBRID_ALPHA0.6_BETA0.4,0.6,0.4,300,1.65398,0.9629,0.03182,1.06481,0.75069,0.06844,0.06777,0.00249,0.01627,0.525
9,50,hybrid,HYBRID_ALPHA0.7_BETA0.3,0.7,0.3,300,1.66067,0.95939,0.03269,1.06365,0.74748,0.07141,0.07142,0.00256,0.0164,0.525
9,50,hybrid,HYBRID_ALPHA0.8_BETA0.2,0.8,0.2,300,1.66007,0.96126,0.0304,1.06541,0.75027,0.07344,0.07286,0.00253,0.01562,0.6
9,50,hybrid,HYBRID_ALPHA0.9_BETA0.1,0.9,0.1,300,1.79798,0.97539,0.04042,1.0567,0.74458,0.07317,0.07626,0.0027,0.01471,0.65
9,50,hybrid,HYBRID_ALPHA0.1_BETA0.9,0.1,0.9,500,1.62837,0.94701,0.0327,0.74271,0.72037,0.02003,0.04997,0.00307,0.02436,0.65
9,50,hybrid,HYBRID_ALPHA0.2_BETA0.8,0.2,0.8,500,1.54008,0.94349,0.03609,0.70355,0.69879,0.01924,0.04929,0.00288,0.02496,0.625
9,50,hybrid,HYBRID_ALPHA0.3_BETA0.7,0.3,0.7,500,1.52031,0.94152,0.03622,0.68445,0.68452,0.01797,0.04671,0.00261,0.0251,0.6
9,50,hybrid,HYBRID_ALPHA0.4_BETA0.6,0.4,0.6,500,1.47207,0.93518,0.02826,0.68702,0.68636,0.0186,0.04781,0.00257,0.02497,0.7
9,50,hybrid,HYBRID_ALPHA0.5_BETA0.5,0.5,0.5,500,1.46593,0.93573,0.02748,0.67323,0.67957,0.01858,0.04648,0.00241,0.0251,0.65
9,50,hybrid,HYBRID_ALPHA0.6_BETA0.4,0.6,0.4,500,1.22824,0.90126,0.02576,0.67089,0.67816,0.01759,0.04507,0.00253,0.0257,0.625
9,50,hybrid,HYBRID_ALPHA0.7_BETA0.3,0.7,0.3,500,4.88076,1.08318,0.02863,0.66343,0.6739,0.01697,0.04276,0.00219,0.02617,0.7
9,50,hybrid,HYBRID_ALPHA0.8_BETA0.2,0.8,0.2,500,6.31937,1.11803,0.02778,0.67556,0.68018,0.01526,0.04221,0.00224,0.02642,0.6
9,50,hybrid,HYBRID_ALPHA0.9_BETA0.1,0.9,0.1,500,6.12711,1.1151,0.02804,0.66495,0.67251,0.01449,0.04077,0.00207,0.02697,0.675
9,50,mse,MSE,1.0,0.0,50,2.51509,1.13311,0.05769,2.78114,1.03045,0.20126,0.14717,0.00359,0.02494,0.6
9,50,mse,MSE,1.0,0.0,100,2.2389,1.08076,0.08369,1.88169,0.95371,0.18124,0.22577,0.00379,0.02616,0.525
9,50,mse,MSE,1.0,0.0,300,1.78877,0.97264,0.03907,1.21704,0.92406,0.10803,0.11202,0.00513,0.0305,0.575
9,50,mse,MSE,1.0,0.0,500,5.825,1.10993,0.02872,0.66681,0.66965,0.01487,0.04064,0.00212,0.0278,0.675
10,51,hsic,HSIC,0.0,1.0,50,5.16749,1.49806,0.33638,21.45839,2.26729,0.3613,0.52382,0.0048,0.13175,0.725
10,51,hsic,HSIC,0.0,1.0,100,3.41328,1.2567,0.19128,20.29824,2.22758,0.35655,0.50918,0.0083,0.1191,0.6
10,51,hsic,HSIC,0.0,1.0,300,3.96869,1.30885,0.13234,28.68447,2.41866,0.33939,0.50524,0.00768,0.11005,0.65
10,51,hsic,HSIC,0.0,1.0,500,4.6971,1.49112,0.11036,40.32405,3.99269,0.09386,0.13008,0.00382,0.12607,0.775
10,51,hybrid,HYBRID_ALPHA0.1_BETA0.9,0.1,0.9,50,5.14944,1.49622,0.33578,21.02174,2.25382,0.3616,0.52405,0.00479,0.13032,0.725
10,51,hybrid,HYBRID_ALPHA0.2_BETA0.8,0.2,0.8,50,5.1493,1.49621,0.33578,20.97465,2.25137,0.36164,0.52414,0.00479,0.12991,0.725
10,51,hybrid,HYBRID_ALPHA0.3_BETA0.7,0.3,0.7,50,5.14714,1.496,0.33571,20.96345,2.25056,0.36166,0.52412,0.00479,0.12983,0.725
10,51,hybrid,HYBRID_ALPHA0.4_BETA0.6,0.4,0.6,50,5.14706,1.49592,0.33569,20.94929,2.25,0.36168,0.52405,0.00479,0.12978,0.725
10,51,hybrid,HYBRID_ALPHA0.5_BETA0.5,0.5,0.5,50,5.14706,1.49592,0.33569,20.94774,2.24964,0.3617,0.52404,0.00479,0.12978,0.725
10,51,hybrid,HYBRID_ALPHA0.6_BETA0.4,0.6,0.4,50,4.48392,1.42516,0.30849,20.948,2.24964,0.36173,0.52403,0.00495,0.12893,0.7
10,51,hybrid,HYBRID_ALPHA0.7_BETA0.3,0.7,0.3,50,3.52433,1.34854,0.28795,13.20675,1.90423,0.3479,0.49975,0.00487,0.05164,0.675
10,51,hybrid,HYBRID_ALPHA0.8_BETA0.2,0.8,0.2,50,2.91613,1.26875,0.25789,8.81825,1.6392,0.32998,0.47355,0.00457,0.0353,0.625
10,51,hybrid,HYBRID_ALPHA0.9_BETA0.1,0.9,0.1,50,2.55715,1.18954,0.21224,7.66749,1.57157,0.32398,0.47212,0.00519,0.03431,0.65
10,51,hybrid,HYBRID_ALPHA0.1_BETA0.9,0.1,0.9,100,3.28141,1.24414,0.18546,1.51527,1.0233,0.12482,0.15689,0.00523,0.04632,0.525
10,51,hybrid,HYBRID_ALPHA0.2_BETA0.8,0.2,0.8,100,3.35492,1.26738,0.19111,1.75259,1.11312,0.10281,0.10583,0.00637,0.03964,0.6
10,51,hybrid,HYBRID_ALPHA0.3_BETA0.7,0.3,0.7,100,3.66115,1.30425,0.24115,1.7331,1.10392,0.10474,0.10489,0.00546,0.0407,0.575
10,51,hybrid,HYBRID_ALPHA0.4_BETA0.6,0.4,0.6,100,3.67773,1.3059,0.23919,1.68794,1.08636,0.10586,0.10368,0.0056,0.0402,0.6
10,51,hybrid,HYBRID_ALPHA0.5_BETA0.5,0.5,0.5,100,3.68973,1.30781,0.23726,1.61806,1.06417,0.10421,0.09767,0.00563,0.04005,0.6
10,51,hybrid,HYBRID_ALPHA0.6_BETA0.4,0.6,0.4,100,3.69382,1.30826,0.23652,1.36132,0.98965,0.09587,0.07804,0.00463,0.04167,0.5
10,51,hybrid,HYBRID_ALPHA0.7_BETA0.3,0.7,0.3,100,3.68963,1.3043,0.24274,1.1762,0.90808,0.10173,0.07509,0.00448,0.04269,0.575
10,51,hybrid,HYBRID_ALPHA0.8_BETA0.2,0.8,0.2,100,3.22415,1.22958,0.19413,1.1686,0.87916,0.11781,0.04428,0.00444,0.0411,0.525
10,51,hybrid,HYBRID_ALPHA0.9_BETA0.1,0.9,0.1,100,2.314,1.05612,0.10168,1.08324,0.87637,0.12096,0.04062,0.00377,0.03667,0.525
10,51,hybrid,HYBRID_ALPHA0.1_BETA0.9,0.1,0.9,300,1.64163,0.97183,0.0266,2.09396,1.15097,0.14136,0.10424,0.0043,0.01476,0.55
10,51,hybrid,HYBRID_ALPHA0.2_BETA0.8,0.2,0.8,300,1.66988,0.965,0.02827,1.69506,1.04675,0.15601,0.13038,0.00418,0.01671,0.6
10,51,hybrid,HYBRID_ALPHA0.3_BETA0.7,0.3,0.7,300,1.60466,0.95908,0.02449,1.38366,0.95189,0.14398,0.11445,0.00366,0.01775,0.65
10,51,hybrid,HYBRID_ALPHA0.4_BETA0.6,0.4,0.6,300,1.53669,0.95119,0.0249,1.26033,0.90915,0.1435,0.11211,0.00351,0.01869,0.625
10,51,hybrid,HYBRID_ALPHA0.5_BETA0.5,0.5,0.5,300,1.51567,0.9473,0.02347,1.13999,0.88213,0.12856,0.09835,0.00385,0.01961,0.625
10,51,hybrid,HYBRID_ALPHA0.6_BETA0.4,0.6,0.4,300,1.52442,0.94571,0.02408,1.09806,0.87162,0.11849,0.08843,0.00425,0.02075,0.6
10,51,hybrid,HYBRID_ALPHA0.7_BETA0.3,0.7,0.3,300,1.52346,0.94479,0.02407,1.10403,0.87076,0.11161,0.08513,0.00447,0.02224,0.65
10,51,hybrid,HYBRID_ALPHA0.8_BETA0.2,0.8,0.2,300,1.61112,0.9576,0.02855,1.15046,0.88378,0.10807,0.093,0.00487,0.0252,0.525
10,51,hybrid,HYBRID_ALPHA0.9_BETA0.1,0.9,0.1,300,1.59258,0.95448,0.0275,1.19269,0.89367,0.1087,0.10555,0.00509,0.02684,0.575
10,51,hybrid,HYBRID_ALPHA0.1_BETA0.9,0.1,0.9,500,1.47455,0.91672,0.01811,0.90954,0.73145,0.02595,0.04788,0.00293,0.02248,0.7
10,51,hybrid,HYBRID_ALPHA0.2_BETA0.8,0.2,0.8,500,1.43361,0.92161,0.01808,0.76061,0.71691,0.03691,0.06101,0.00314,0.01911,0.625
10,51,hybrid,HYBRID_ALPHA0.3_BETA0.7,0.3,0.7,500,1.45079,0.92582,0.01828,0.70192,0.68597,0.03866,0.06076,0.00239,0.01831,0.625
10,51,hybrid,HYBRID_ALPHA0.4_BETA0.6,0.4,0.6,500,1.43032,0.91918,0.01897,0.68865,0.66045,0.02826,0.0445,0.00285,0.01894,0.65
10,51,hybrid,HYBRID_ALPHA0.5_BETA0.5,0.5,0.5,500,1.44056,0.92046,0.01966,0.67279,0.65631,0.02781,0.04435,0.00287,0.01883,0.675
10,51,hybrid,HYBRID_ALPHA0.6_BETA0.4,0.6,0.4,500,1.44885,0.92261,0.02063,0.65316,0.64871,0.02659,0.04602,0.00291,0.01883,0.725
10,51,hybrid,HYBRID_ALPHA0.7_BETA0.3,0.7,0.3,500,1.45155,0.9243,0.02164,0.64202,0.64549,0.02526,0.04541,0.00287,0.01871,0.725
10,51,hybrid,HYBRID_ALPHA0.8_BETA0.2,0.8,0.2,500,1.36412,0.90461,0.01764,0.64997,0.64631,0.02747,0.03797,0.00267,0.01808,0.7
10,51,hybrid,HYBRID_ALPHA0.9_BETA0.1,0.9,0.1,500,1.35654,0.90389,0.01838,0.63701,0.64047,0.02793,0.0407,0.00269,0.01784,0.7
10,51,mse,MSE,1.0,0.0,50,2.831,1.20842,0.20147,4.35059,1.34526,0.29502,0.43553,0.00534,0.03259,0.575
10,51,mse,MSE,1.0,0.0,100,1.79875,0.95292,0.04394,0.93337,0.79996,0.11899,0.03713,0.00236,0.0297,0.65
10,51,mse,MSE,1.0,0.0,300,1.56914,0.95028,0.02563,1.23224,0.90071,0.11086,0.11799,0.00526,0.02777,0.6
10,51,mse,MSE,1.0,0.0,500,1.36478,0.90837,0.01992,0.66284,0.65295,0.04086,0.04236,0.00285,0.01721,0.65
11,52,hsic,HSIC,0.0,1.0,50,2.99782,1.16314,0.09058,31.76018,2.57272,0.32819,0.51078,0.00733,0.07146,0.55
11,52,hsic,HSIC,0.0,1.0,100,5.0825,1.42955,0.12225,24.5836,2.30633,0.36194,0.52425,0.00912,0.09069,0.7
11,52,hsic,HSIC,0.0,1.0,300,4.33512,1.57876,0.08095,37.33146,3.57837,0.18573,0.21314,0.00426,0.19296,0.9
11,52,hsic,HSIC,0.0,1.0,500,4.4453,1.43122,0.1169,31.73674,2.50928,0.31819,0.46883,0.00748,0.14264,0.8
11,52,hybrid,HYBRID_ALPHA0.1_BETA0.9,0.1,0.9,50,2.75664,1.1873,0.11828,26.08456,2.4343,0.32459,0.49222,0.00741,0.07047,0.6
11,52,hybrid,HYBRID_ALPHA0.2_BETA0.8,0.2,0.8,50,2.81884,1.22569,0.12887,4.08975,1.18402,0.14721,0.15187,0.00479,0.04386,0.6
11,52,hybrid,HYBRID_ALPHA0.3_BETA0.7,0.3,0.7,50,2.29536,1.1564,0.09599,3.95653,1.2026,0.14967,0.17907,0.00501,0.04437,0.575
11,52,hybrid,HYBRID_ALPHA0.4_BETA0.6,0.4,0.6,50,2.44229,1.1911,0.10894,4.02016,1.20621,0.15151,0.17746,0.00477,0.04488,0.525
11,52,hybrid,HYBRID_ALPHA0.5_BETA0.5,0.5,0.5,50,2.86212,1.24682,0.14511,4.15516,1.2033,0.16021,0.17385,0.00477,0.04872,0.5
11,52,hybrid,HYBRID_ALPHA0.6_BETA0.4,0.6,0.4,50,2.96088,1.26818,0.15641,5.30882,1.36345,0.23765,0.24879,0.00499,0.04745,0.6
11,52,hybrid,HYBRID_ALPHA0.7_BETA0.3,0.7,0.3,50,3.62617,1.30986,0.21994,4.97552,1.33747,0.235,0.25315,0.00528,0.05385,0.625
11,52,hybrid,HYBRID_ALPHA0.8_BETA0.2,0.8,0.2,50,3.26406,1.26292,0.20228,5.08909,1.34111,0.23109,0.25393,0.0053,0.05504,0.65
11,52,hybrid,HYBRID_ALPHA0.9_BETA0.1,0.9,0.1,50,3.28892,1.26409,0.19743,5.09972,1.33198,0.21874,0.25652,0.005,0.05415,0.6
11,52,hybrid,HYBRID_ALPHA0.1_BETA0.9,0.1,0.9,100,1.36534,0.93334,0.04153,6.74524,1.61652,0.18864,0.17085,0.00488,0.02574,0.625
11,52,hybrid,HYBRID_ALPHA0.2_BETA0.8,0.2,0.8,100,8.19888,1.1728,0.03798,4.20845,1.41392,0.19866,0.19922,0.00551,0.02438,0.6
11,52,hybrid,HYBRID_ALPHA0.3_BETA0.7,0.3,0.7,100,7.63418,1.1609,0.03982,2.82529,1.24259,0.20088,0.19629,0.0053,0.02617,0.625
11,52,hybrid,HYBRID_ALPHA0.4_BETA0.6,0.4,0.6,100,7.78179,1.16968,0.04435,1.96207,1.08026,0.17947,0.16375,0.00477,0.02705,0.625
11,52,hybrid,HYBRID_ALPHA0.5_BETA0.5,0.5,0.5,100,7.97101,1.1813,0.05141,2.05823,0.81012,0.03274,0.04996,0.00224,0.02344,0.725
11,52,hybrid,HYBRID_ALPHA0.6_BETA0.4,0.6,0.4,100,5.50315,1.12645,0.05344,1.40588,0.98361,0.11228,0.09302,0.00525,0.03165,0.6
11,52,hybrid,HYBRID_ALPHA0.7_BETA0.3,0.7,0.3,100,4.41267,1.07692,0.0401,1.5384,0.95611,0.08927,0.06823,0.00394,0.02935,0.65
11,52,hybrid,HYBRID_ALPHA0.8_BETA0.2,0.8,0.2,100,6.75017,1.14616,0.04418,1.29943,0.91307,0.07993,0.05617,0.00389,0.03013,0.675
11,52,hybrid,HYBRID_ALPHA0.9_BETA0.1,0.9,0.1,100,6.0425,1.16424,0.06023,1.26511,0.85375,0.06577,0.04309,0.00333,0.02795,0.675
11,52,hybrid,HYBRID_ALPHA0.1_BETA0.9,0.1,0.9,300,1.46156,0.9567,0.02939,5.16737,1.56384,0.19526,0.1738,0.00467,0.01934,0.575
11,52,hybrid,HYBRID_ALPHA0.2_BETA0.8,0.2,0.8,300,1.32827,0.92894,0.02839,3.82375,1.42731,0.19225,0.18284,0.0043,0.01853,0.525
11,52,hybrid,HYBRID_ALPHA0.3_BETA0.7,0.3,0.7,300,1.26806,0.91955,0.02646,3.93062,1.40711,0.19458,0.19061,0.00415,0.01871,0.575
11,52,hybrid,HYBRID_ALPHA0.4_BETA0.6,0.4,0.6,300,1.24914,0.91463,0.02682,0.71809,0.6957,0.06105,0.08728,0.00243,0.02423,0.625
11,52,hybrid,HYBRID_ALPHA0.5_BETA0.5,0.5,0.5,300,1.24627,0.91424,0.02702,2.21441,1.08825,0.18061,0.16976,0.00377,0.02008,0.525
11,52,hybrid,HYBRID_ALPHA0.6_BETA0.4,0.6,0.4,300,1.24672,0.91483,0.02713,2.05546,1.04134,0.18198,0.16518,0.00365,0.02013,0.525
11,52,hybrid,HYBRID_ALPHA0.7_BETA0.3,0.7,0.3,300,1.2502,0.91899,0.02638,1.97349,1.02446,0.17695,0.1584,0.00363,0.0211,0.525
11,52,hybrid,HYBRID_ALPHA0.8_BETA0.2,0.8,0.2,300,1.28368,0.92108,0.0292,0.74399,0.6951,0.08046,0.10663,0.00253,0.02464,0.65
11,52,hybrid,HYBRID_ALPHA0.9_BETA0.1,0.9,0.1,300,1.27058,0.91893,0.02855,1.2845,0.96114,0.09437,0.1069,0.00423,0.03227,0.625
11,52,hybrid,HYBRID_ALPHA0.1_BETA0.9,0.1,0.9,500,1.44164,0.91844,0.03914,3.7589,1.29739,0.19122,0.16986,0.00531,0.017,0.7
11,52,hybrid,HYBRID_ALPHA0.2_BETA0.8,0.2,0.8,500,1.31908,0.89382,0.02667,2.6962,1.14858,0.1867,0.1693,0.00472,0.01779,0.625
11,52,hybrid,HYBRID_ALPHA0.3_BETA0.7,0.3,0.7,500,1.36018,0.90182,0.02455,0.87563,0.73607,0.08985,0.09867,0.00374,0.01895,0.725
11,52,hybrid,HYBRID_ALPHA0.4_BETA0.6,0.4,0.6,500,1.3939,0.90667,0.02608,0.78847,0.69811,0.07317,0.08377,0.00357,0.01904,0.65
11,52,hybrid,HYBRID_ALPHA0.5_BETA0.5,0.5,0.5,500,1.41552,0.90856,0.02788,0.75296,0.68073,0.04487,0.05856,0.00312,0.0193,0.625
11,52,hybrid,HYBRID_ALPHA0.6_BETA0.4,0.6,0.4,500,1.48035,0.92078,0.02908,0.81068,0.65388,0.01978,0.02935,0.00281,0.02029,0.75
11,52,hybrid,HYBRID_ALPHA0.7_BETA0.3,0.7,0.3,500,1.4885,0.92221,0.03039,0.81526,0.64653,0.02002,0.02747,0.00275,0.02042,0.75
11,52,hybrid,HYBRID_ALPHA0.8_BETA0.2,0.8,0.2,500,1.49738,0.92302,0.03238,1.11822,0.88006,0.11536,0.08563,0.00423,0.02379,0.7
11,52,hybrid,HYBRID_ALPHA0.9_BETA0.1,0.9,0.1,500,1.50628,0.92363,0.03493,1.07457,0.8768,0.10087,0.0751,0.00427,0.02646,0.65
11,52,mse,MSE,1.0,0.0,50,3.36614,1.28578,0.22064,5.07312,1.32446,0.21414,0.25036,0.00479,0.05728,0.65
11,52,mse,MSE,1.0,0.0,100,6.36108,1.17429,0.06133,1.18407,0.85877,0.07047,0.0518,0.00357,0.03189,0.65
11,52,mse,MSE,1.0,0.0,300,1.27412,0.92051,0.02972,1.43225,0.97161,0.151,0.22198,0.00436,0.03939,0.525
11,52,mse,MSE,1.0,0.0,500,1.4734,0.91706,0.0374,1.05451,0.87027,0.09751,0.08096,0.00427,0.02976,0.675
12,53,hsic,HSIC,0.0,1.0,50,3.60059,1.26565,0.20157,28.7778,2.23649,0.27629,0.3574,0.0067,0.18167,0.675
12,53,hsic,HSIC,0.0,1.0,100,3.73461,1.13057,0.07131,29.58066,2.45412,0.33887,0.51155,0.0065,0.11439,0.675
12,53,hsic,HSIC,0.0,1.0,300,3.74666,1.47231,0.04462,36.22547,3.70576,0.18084,0.14888,0.00419,0.30426,0.9
12,53,hsic,HSIC,0.0,1.0,500,4.23866,1.50416,0.07437,41.20946,4.4633,0.12665,0.15191,0.00401,0.37072,0.925
12,53,hybrid,HYBRID_ALPHA0.1_BETA0.9,0.1,0.9,50,2.90133,1.20231,0.18994,2.94024,1.19046,0.22335,0.30184,0.00506,0.09048,0.65
12,53,hybrid,HYBRID_ALPHA0.2_BETA0.8,0.2,0.8,50,2.9096,1.18854,0.178,1.17397,0.8867,0.10119,0.07472,0.00329,0.06828,0.6
12,53,hybrid,HYBRID_ALPHA0.3_BETA0.7,0.3,0.7,50,3.61342,1.30444,0.23767,1.14553,0.87473,0.09867,0.0815,0.00294,0.06167,0.525
12,53,hybrid,HYBRID_ALPHA0.4_BETA0.6,0.4,0.6,50,3.75255,1.32585,0.24922,1.07702,0.84853,0.0909,0.07305,0.00279,0.06315,0.525
12,53,hybrid,HYBRID_ALPHA0.5_BETA0.5,0.5,0.5,50,3.736,1.32281,0.24739,1.09212,0.86918,0.08872,0.06933,0.00274,0.05992,0.55
12,53,hybrid,HYBRID_ALPHA0.6_BETA0.4,0.6,0.4,50,3.74323,1.32373,0.24776,1.06559,0.84968,0.09104,0.07591,0.00274,0.06069,0.5
12,53,hybrid,HYBRID_ALPHA0.7_BETA0.3,0.7,0.3,50,3.74847,1.32452,0.24811,1.08784,0.84667,0.10136,0.09338,0.00287,0.06306,0.525
12,53,hybrid,HYBRID_ALPHA0.8_BETA0.2,0.8,0.2,50,3.75259,1.32529,0.24851,1.41354,0.96062,0.14875,0.17423,0.00369,0.06346,0.55
12,53,hybrid,HYBRID_ALPHA0.9_BETA0.1,0.9,0.1,50,3.73123,1.32391,0.24833,1.2229,0.87799,0.14218,0.14256,0.00346,0.06,0.6
12,53,hybrid,HYBRID_ALPHA0.1_BETA0.9,0.1,0.9,100,1.89628,1.0152,0.06248,1.95149,1.16832,0.11859,0.10766,0.00551,0.0305,0.6
12,53,hybrid,HYBRID_ALPHA0.2_BETA0.8,0.2,0.8,100,1.53285,0.96929,0.04002,1.86709,1.1208,0.13205,0.1312,0.00452,0.03095,0.625
12,53,hybrid,HYBRID_ALPHA0.3_BETA0.7,0.3,0.7,100,1.37491,0.95147,0.03743,1.41218,0.99295,0.09945,0.09335,0.00374,0.03247,0.6
12,53,hybrid,HYBRID_ALPHA0.4_BETA0.6,0.4,0.6,100,1.44266,0.96066,0.03885,1.40663,0.91504,0.1095,0.06598,0.00291,0.03147,0.6
12,53,hybrid,HYBRID_ALPHA0.5_BETA0.5,0.5,0.5,100,1.60145,0.9805,0.04899,1.36895,0.88813,0.11315,0.06597,0.00316,0.03211,0.6
12,53,hybrid,HYBRID_ALPHA0.6_BETA0.4,0.6,0.4,100,1.68232,0.98574,0.05038,1.36573,0.88834,0.11755,0.07269,0.00322,0.03343,0.625
12,53,hybrid,HYBRID_ALPHA0.7_BETA0.3,0.7,0.3,100,1.58944,0.9669,0.05195,1.34698,0.87997,0.12344,0.07893,0.00335,0.03416,0.575
12,53,hybrid,HYBRID_ALPHA0.8_BETA0.2,0.8,0.2,100,1.69267,0.98288,0.05913,1.33205,0.87153,0.13134,0.08602,0.00343,0.03626,0.6
12,53,hybrid,HYBRID_ALPHA0.9_BETA0.1,0.9,0.1,100,1.71883,0.99023,0.06566,1.35491,0.86946,0.14474,0.09923,0.00343,0.0374,0.55
12,53,hybrid,HYBRID_ALPHA0.1_BETA0.9,0.1,0.9,300,1.40117,0.98246,0.02228,4.30661,1.51691,0.1631,0.11888,0.00466,0.03135,0.55
12,53,hybrid,HYBRID_ALPHA0.2_BETA0.8,0.2,0.8,300,1.38452,0.96594,0.02261,4.34743,1.78216,0.12895,0.1271,0.00426,0.0193,0.525
12,53,hybrid,HYBRID_ALPHA0.3_BETA0.7,0.3,0.7,300,1.33647,0.95205,0.02029,3.9862,1.47721,0.18805,0.16797,0.00473,0.01919,0.6
12,53,hybrid,HYBRID_ALPHA0.4_BETA0.6,0.4,0.6,300,1.33192,0.94604,0.01978,3.8728,1.48176,0.18412,0.17091,0.0049,0.0191,0.6
12,53,hybrid,HYBRID_ALPHA0.5_BETA0.5,0.5,0.5,300,1.24964,0.92611,0.01625,1.54391,0.95643,0.13075,0.12268,0.00378,0.01892,0.525
12,53,hybrid,HYBRID_ALPHA0.6_BETA0.4,0.6,0.4,300,1.45613,0.95314,0.03266,1.38346,0.91181,0.12713,0.11375,0.00401,0.02157,0.525
12,53,hybrid,HYBRID_ALPHA0.7_BETA0.3,0.7,0.3,300,1.43573,0.94661,0.0329,1.16763,0.84362,0.11766,0.10192,0.00393,0.0215,0.55
12,53,hybrid,HYBRID_ALPHA0.8_BETA0.2,0.8,0.2,300,1.42136,0.94495,0.0345,1.00133,0.79667,0.09959,0.08136,0.00383,0.02138,0.55
12,53,hybrid,HYBRID_ALPHA0.9_BETA0.1,0.9,0.1,300,1.43124,0.94765,0.03884,0.88267,0.76943,0.06879,0.04724,0.00341,0.02274,0.525
12,53,hybrid,HYBRID_ALPHA0.1_BETA0.9,0.1,0.9,500,1.36033,0.94303,0.02835,6.2529,2.36998,0.03711,0.04369,0.00312,0.02543,0.575
12,53,hybrid,HYBRID_ALPHA0.2_BETA0.8,0.2,0.8,500,1.26238,0.90127,0.02834,4.45729,1.72722,0.15688,0.15598,0.00357,0.02373,0.575
12,53,hybrid,HYBRID_ALPHA0.3_BETA0.7,0.3,0.7,500,1.28905,0.90722,0.02802,4.00913,1.61659,0.15938,0.15997,0.00418,0.02455,0.675
12,53,hybrid,HYBRID_ALPHA0.4_BETA0.6,0.4,0.6,500,1.29978,0.91367,0.02658,3.33438,1.48384,0.13178,0.12707,0.00422,0.02458,0.625
12,53,hybrid,HYBRID_ALPHA0.5_BETA0.5,0.5,0.5,500,1.33916,0.92641,0.02669,2.94193,1.36751,0.13455,0.127,0.00442,0.02491,0.6
12,53,hybrid,HYBRID_ALPHA0.6_BETA0.4,0.6,0.4,500,1.25003,0.89638,0.02648,2.67861,1.28842,0.13595,0.12568,0.00372,0.02611,0.625
12,53,hybrid,HYBRID_ALPHA0.7_BETA0.3,0.7,0.3,500,1.26051,0.90122,0.02483,0.97524,0.75893,0.02874,0.05047,0.0024,0.02723,0.675
12,53,hybrid,HYBRID_ALPHA0.8_BETA0.2,0.8,0.2,500,1.27184,0.90464,0.02461,1.87193,1.08053,0.11977,0.09807,0.00394,0.02646,0.65
12,53,hybrid,HYBRID_ALPHA0.9_BETA0.1,0.9,0.1,500,1.31199,0.91022,0.0271,0.95576,0.76912,0.0451,0.07494,0.0031,0.02818,0.675
12,53,mse,MSE,1.0,0.0,50,3.73331,1.32462,0.2488,1.80836,1.05311,0.18415,0.27326,0.00372,0.06768,0.6
12,53,mse,MSE,1.0,0.0,100,1.91197,1.02251,0.08083,1.43697,0.8842,0.16687,0.12086,0.00333,0.0407,0.575
12,53,mse,MSE,1.0,0.0,300,1.43946,0.94415,0.04124,1.04859,0.80748,0.16154,0.06587,0.00435,0.01872,0.65
12,53,mse,MSE,1.0,0.0,500,1.31415,0.90804,0.02829,1.72115,1.05133,0.13662,0.20053,0.00485,0.03962,0.6
13,54,hsic,HSIC,0.0,1.0,50,5.75327,1.51796,0.33611,22.45187,2.28866,0.35869,0.52347,0.00478,0.09904,0.7
13,54,hsic,HSIC,0.0,1.0,100,4.10809,1.4376,0.08124,31.61742,2.16565,0.23672,0.28003,0.00476,0.10801,0.75
13,54,hsic,HSIC,0.0,1.0,300,3.69014,1.29195,0.0979,31.15918,2.75662,0.15139,0.11707,0.00491,0.16781,0.8
13,54,hsic,HSIC,0.0,1.0,500,4.26058,1.44548,0.09133,25.21281,2.33912,0.34336,0.49647,0.00781,0.10811,0.675
13,54,hybrid,HYBRID_ALPHA0.1_BETA0.9,0.1,0.9,50,5.27487,1.41573,0.27972,1.56707,1.00719,0.20461,0.24677,0.00342,0.04449,0.625
13,54,hybrid,HYBRID_ALPHA0.2_BETA0.8,0.2,0.8,50,3.02771,1.02533,0.04043,2.13387,1.08049,0.2151,0.32175,0.0065,0.03592,0.5
13,54,hybrid,HYBRID_ALPHA0.3_BETA0.7,0.3,0.7,50,2.77277,1.00823,0.02889,1.99485,1.03012,0.2033,0.28608,0.00576,0.03086,0.625
13,54,hybrid,HYBRID_ALPHA0.4_BETA0.6,0.4,0.6,50,2.38429,0.96896,0.02925,1.96665,1.00991,0.19923,0.27387,0.00526,0.03046,0.575
13,54,hybrid,HYBRID_ALPHA0.5_BETA0.5,0.5,0.5,50,2.38971,0.99055,0.02491,1.79059,0.83241,0.13818,0.18884,0.00271,0.01961,0.575
13,54,hybrid,HYBRID_ALPHA0.6_BETA0.4,0.6,0.4,50,2.33642,0.9902,0.02939,1.72638,0.84815,0.15321,0.20977,0.00301,0.02553,0.525
13,54,hybrid,HYBRID_ALPHA0.7_BETA0.3,0.7,0.3,50,2.35965,0.98658,0.0277,1.72701,0.84597,0.14947,0.19645,0.00342,0.02391,0.55
13,54,hybrid,HYBRID_ALPHA0.8_BETA0.2,0.8,0.2,50,2.17092,0.96275,0.02577,1.69731,0.85319,0.15244,0.19427,0.00355,0.02439,0.525
13,54,hybrid,HYBRID_ALPHA0.9_BETA0.1,0.9,0.1,50,2.10757,0.96275,0.02246,1.72738,0.8683,0.16074,0.20382,0.00346,0.02944,0.55
13,54,hybrid,HYBRID_ALPHA0.1_BETA0.9,0.1,0.9,100,2.02658,1.05416,0.06303,1.65337,1.07278,0.09224,0.06489,0.00378,0.01698,0.625
13,54,hybrid,HYBRID_ALPHA0.2_BETA0.8,0.2,0.8,100,1.60299,0.97032,0.02982,0.74434,0.69114,0.02237,0.0269,0.00275,0.01851,0.7
13,54,hybrid,HYBRID_ALPHA0.3_BETA0.7,0.3,0.7,100,1.59707,0.9631,0.02954,0.83532,0.71929,0.03529,0.03159,0.00254,0.01852,0.6
13,54,hybrid,HYBRID_ALPHA0.4_BETA0.6,0.4,0.6,100,1.61602,0.97238,0.03429,0.75976,0.68927,0.03543,0.05636,0.00373,0.02238,0.55
13,54,hybrid,HYBRID_ALPHA0.5_BETA0.5,0.5,0.5,100,1.6227,0.97786,0.03506,0.74071,0.68071,0.03642,0.05501,0.00366,0.02234,0.625
13,54,hybrid,HYBRID_ALPHA0.6_BETA0.4,0.6,0.4,100,1.62011,0.98317,0.03554,0.73172,0.67411,0.03726,0.05307,0.00357,0.02231,0.65
13,54,hybrid,HYBRID_ALPHA0.7_BETA0.3,0.7,0.3,100,1.72771,1.01643,0.03295,0.7138,0.66656,0.03897,0.04752,0.00364,0.02493,0.6
13,54,hybrid,HYBRID_ALPHA0.8_BETA0.2,0.8,0.2,100,1.72954,1.03241,0.03516,0.68972,0.65568,0.03715,0.04057,0.00333,0.02104,0.625
13,54,hybrid,HYBRID_ALPHA0.9_BETA0.1,0.9,0.1,100,1.71895,1.03851,0.03573,1.08926,0.71204,0.04045,0.04151,0.00373,0.02241,0.7
13,54,hybrid,HYBRID_ALPHA0.1_BETA0.9,0.1,0.9,300,2.27954,1.07278,0.06886,2.51314,1.2643,0.1425,0.09597,0.00493,0.02126,0.55
13,54,hybrid,HYBRID_ALPHA0.2_BETA0.8,0.2,0.8,300,1.78571,1.00918,0.04165,1.12056,0.86648,0.03952,0.03114,0.0025,0.02253,0.6
13,54,hybrid,HYBRID_ALPHA0.3_BETA0.7,0.3,0.7,300,1.647,0.98334,0.03135,0.72235,0.6861,0.04069,0.06665,0.00336,0.02444,0.6
13,54,hybrid,HYBRID_ALPHA0.4_BETA0.6,0.4,0.6,300,1.62674,0.98235,0.02875,0.67291,0.66381,0.04131,0.06782,0.00328,0.02332,0.575
13,54,hybrid,HYBRID_ALPHA0.5_BETA0.5,0.5,0.5,300,1.55477,0.97537,0.02246,1.34103,0.95056,0.12079,0.10347,0.00363,0.0202,0.525
13,54,hybrid,HYBRID_ALPHA0.6_BETA0.4,0.6,0.4,300,1.52361,0.97077,0.02043,1.30482,0.94126,0.11114,0.09598,0.00359,0.02067,0.5
13,54,hybrid,HYBRID_ALPHA0.7_BETA0.3,0.7,0.3,300,1.63973,0.96636,0.02993,0.64076,0.65001,0.03148,0.05708,0.00206,0.02101,0.575
13,54,hybrid,HYBRID_ALPHA0.8_BETA0.2,0.8,0.2,300,1.62648,0.96552,0.02975,0.65833,0.65931,0.03334,0.05432,0.00191,0.02076,0.6
13,54,hybrid,HYBRID_ALPHA0.9_BETA0.1,0.9,0.1,300,1.60002,0.96322,0.02809,0.641,0.64092,0.03553,0.04602,0.00188,0.02014,0.65
13,54,hybrid,HYBRID_ALPHA0.1_BETA0.9,0.1,0.9,500,1.67986,0.94235,0.02965,1.22959,0.75696,0.02312,0.03291,0.00273,0.02151,0.625
13,54,hybrid,HYBRID_ALPHA0.2_BETA0.8,0.2,0.8,500,1.61968,0.93558,0.02826,1.05651,0.72471,0.02512,0.03535,0.00271,0.02105,0.625
13,54,hybrid,HYBRID_ALPHA0.3_BETA0.7,0.3,0.7,500,1.57443,0.92905,0.02761,0.63398,0.64287,0.01164,0.02815,0.00221,0.0208,0.65
13,54,hybrid,HYBRID_ALPHA0.4_BETA0.6,0.4,0.6,500,1.5581,0.92727,0.02763,1.1162,0.78641,0.08759,0.03592,0.00284,0.01923,0.625
13,54,hybrid,HYBRID_ALPHA0.5_BETA0.5,0.5,0.5,500,1.5503,0.92721,0.02778,1.08541,0.78323,0.0897,0.03388,0.00284,0.01962,0.65
13,54,hybrid,HYBRID_ALPHA0.6_BETA0.4,0.6,0.4,500,1.54707,0.92816,0.02796,1.05672,0.78748,0.09152,0.03175,0.00279,0.02044,0.6
13,54,hybrid,HYBRID_ALPHA0.7_BETA0.3,0.7,0.3,500,1.54665,0.9306,0.02746,0.99106,0.80749,0.09253,0.04607,0.00307,0.02352,0.6
13,54,hybrid,HYBRID_ALPHA0.8_BETA0.2,0.8,0.2,500,1.53424,0.93034,0.02712,0.98371,0.8136,0.09269,0.05253,0.00317,0.02469,0.55
13,54,hybrid,HYBRID_ALPHA0.9_BETA0.1,0.9,0.1,500,1.5208,0.92885,0.02703,0.97804,0.80973,0.09387,0.05344,0.00311,0.02472,0.6
13,54,mse,MSE,1.0,0.0,50,2.38751,0.98382,0.03772,1.81593,0.88475,0.17174,0.21868,0.00411,0.02787,0.525
13,54,mse,MSE,1.0,0.0,100,1.73495,1.03917,0.0366,0.83819,0.75798,0.07897,0.04349,0.00207,0.01845,0.55
13,54,mse,MSE,1.0,0.0,300,1.5704,0.96316,0.0263,0.69577,0.65528,0.06291,0.03558,0.00214,0.0198,0.575
13,54,mse,MSE,1.0,0.0,500,1.49312,0.92517,0.02998,1.11813,0.88312,0.11026,0.12437,0.00456,0.0299,0.6
14,55,hsic,HSIC,0.0,1.0,50,3.79254,1.2531,0.16322,34.23306,2.49508,0.34299,0.51921,0.00809,0.08785,0.6
14,55,hsic,HSIC,0.0,1.0,100,3.13737,1.13197,0.09078,31.134,2.06929,0.19191,0.26557,0.00402,0.08461,0.7
14,55,hsic,HSIC,0.0,1.0,300,3.67633,1.34436,0.07153,38.1212,3.71494,0.20402,0.24905,0.00421,0.24283,0.875
14,55,hsic,HSIC,0.0,1.0,500,2.31096,1.07602,0.02704,37.26748,3.83596,0.16788,0.19344,0.00344,0.24764,0.875
14,55,hybrid,HYBRID_ALPHA0.1_BETA0.9,0.1,0.9,50,3.34236,1.17827,0.13978,1.58369,0.94185,0.15983,0.19321,0.00522,0.03362,0.5
14,55,hybrid,HYBRID_ALPHA0.2_BETA0.8,0.2,0.8,50,3.26014,1.15126,0.12286,1.12703,0.8448,0.29871,0.19009,0.00261,0.04046,0.625
14,55,hybrid,HYBRID_ALPHA0.3_BETA0.7,0.3,0.7,50,3.39496,1.13426,0.08784,1.69092,0.90722,0.17106,0.19045,0.00477,0.03222,0.575
14,55,hybrid,HYBRID_ALPHA0.4_BETA0.6,0.4,0.6,50,3.36519,1.12892,0.08562,12.68694,1.74234,0.29344,0.4488,0.00613,0.0514,0.525
14,55,hybrid,HYBRID_ALPHA0.5_BETA0.5,0.5,0.5,50,3.38474,1.13374,0.08894,14.57401,1.83679,0.33275,0.48387,0.00609,0.05841,0.5
14,55,hybrid,HYBRID_ALPHA0.6_BETA0.4,0.6,0.4,50,3.40607,1.14914,0.10247,20.96057,2.14825,0.36244,0.51611,0.00696,0.06943,0.6
14,55,hybrid,HYBRID_ALPHA0.7_BETA0.3,0.7,0.3,50,3.42159,1.16087,0.11286,23.71954,2.24956,0.36262,0.52123,0.007,0.07356,0.575
14,55,hybrid,HYBRID_ALPHA0.8_BETA0.2,0.8,0.2,50,3.43597,1.17407,0.12683,25.10779,2.29753,0.36321,0.52398,0.00695,0.07609,0.6
14,55,hybrid,HYBRID_ALPHA0.9_BETA0.1,0.9,0.1,50,3.48085,1.19351,0.14393,25.10654,2.29752,0.36322,0.52396,0.00679,0.07717,0.575
14,55,hybrid,HYBRID_ALPHA0.1_BETA0.9,0.1,0.9,100,2.14487,1.02542,0.06595,0.85941,0.76259,0.0249,0.05846,0.00282,0.02486,0.625
14,55,hybrid,HYBRID_ALPHA0.2_BETA0.8,0.2,0.8,100,2.13687,1.01788,0.06371,0.95462,0.74574,0.03799,0.09717,0.0023,0.02533,0.6
14,55,hybrid,HYBRID_ALPHA0.3_BETA0.7,0.3,0.7,100,2.29606,1.01918,0.06364,0.84184,0.73146,0.03627,0.05453,0.00262,0.02064,0.625
14,55,hybrid,HYBRID_ALPHA0.4_BETA0.6,0.4,0.6,100,2.2031,1.02053,0.07123,0.82787,0.70438,0.01823,0.04941,0.00284,0.02523,0.6
14,55,hybrid,HYBRID_ALPHA0.5_BETA0.5,0.5,0.5,100,2.28521,1.03267,0.08822,0.82571,0.70267,0.01899,0.04485,0.00284,0.02684,0.575
14,55,hybrid,HYBRID_ALPHA0.6_BETA0.4,0.6,0.4,100,2.26329,1.03026,0.09013,0.8604,0.75952,0.06647,0.04641,0.00366,0.02409,0.55
14,55,hybrid,HYBRID_ALPHA0.7_BETA0.3,0.7,0.3,100,2.15173,1.02387,0.09133,0.8739,0.75889,0.07593,0.05029,0.00358,0.0248,0.55
14,55,hybrid,HYBRID_ALPHA0.8_BETA0.2,0.8,0.2,100,2.24354,1.02903,0.09305,0.92978,0.78154,0.09419,0.07069,0.00386,0.0262,0.575
14,55,hybrid,HYBRID_ALPHA0.9_BETA0.1,0.9,0.1,100,2.31466,1.04514,0.10199,0.9747,0.78964,0.1106,0.08713,0.00393,0.02732,0.575
14,55,hybrid,HYBRID_ALPHA0.1_BETA0.9,0.1,0.9,300,1.425,0.96353,0.02082,2.16467,1.26854,0.11119,0.06794,0.00354,0.01781,0.55
14,55,hybrid,HYBRID_ALPHA0.2_BETA0.8,0.2,0.8,300,1.2595,0.91911,0.02665,2.57272,1.23191,0.19242,0.14546,0.00255,0.01466,0.65
14,55,hybrid,HYBRID_ALPHA0.3_BETA0.7,0.3,0.7,300,1.2862,0.92673,0.02295,2.09469,1.17682,0.12518,0.12872,0.00407,0.0226,0.525
14,55,hybrid,HYBRID_ALPHA0.4_BETA0.6,0.4,0.6,300,1.24425,0.91188,0.02327,1.99694,1.15264,0.12375,0.12926,0.00395,0.02296,0.575
14,55,hybrid,HYBRID_ALPHA0.5_BETA0.5,0.5,0.5,300,1.23719,0.90798,0.02283,1.94047,1.13941,0.12022,0.12684,0.00394,0.02364,0.625
14,55,hybrid,HYBRID_ALPHA0.6_BETA0.4,0.6,0.4,300,1.22975,0.90399,0.02244,1.741,1.08879,0.11645,0.11556,0.00385,0.02333,0.6
14,55,hybrid,HYBRID_ALPHA0.7_BETA0.3,0.7,0.3,300,1.23323,0.90633,0.02186,1.58302,1.04982,0.11038,0.10568,0.00378,0.02388,0.65
14,55,hybrid,HYBRID_ALPHA0.8_BETA0.2,0.8,0.2,300,1.23509,0.90741,0.0218,0.87647,0.74328,0.04626,0.07143,0.00325,0.01768,0.675
14,55,hybrid,HYBRID_ALPHA0.9_BETA0.1,0.9,0.1,300,1.23089,0.9068,0.02125,1.35075,0.96264,0.12251,0.16432,0.00376,0.03311,0.725
14,55,hybrid,HYBRID_ALPHA0.1_BETA0.9,0.1,0.9,500,1.34398,0.92429,0.02304,3.71839,1.4832,0.13492,0.09273,0.00467,0.01677,0.6
14,55,hybrid,HYBRID_ALPHA0.2_BETA0.8,0.2,0.8,500,1.24406,0.90851,0.02061,4.21817,1.51997,0.17993,0.15896,0.00412,0.01715,0.6
14,55,hybrid,HYBRID_ALPHA0.3_BETA0.7,0.3,0.7,500,1.204,0.8986,0.02264,4.21154,1.48643,0.18252,0.1627,0.00393,0.01808,0.6
14,55,hybrid,HYBRID_ALPHA0.4_BETA0.6,0.4,0.6,500,1.24282,0.9082,0.02099,3.72963,1.41973,0.17439,0.16202,0.00433,0.01844,0.6
14,55,hybrid,HYBRID_ALPHA0.5_BETA0.5,0.5,0.5,500,1.22207,0.90171,0.02239,2.83602,1.26379,0.15992,0.14611,0.00426,0.02027,0.65
14,55,hybrid,HYBRID_ALPHA0.6_BETA0.4,0.6,0.4,500,1.18838,0.88614,0.02603,1.77386,1.10426,0.10783,0.10406,0.00411,0.03,0.575
14,55,hybrid,HYBRID_ALPHA0.7_BETA0.3,0.7,0.3,500,1.18884,0.88845,0.02759,1.60958,1.05495,0.10861,0.09977,0.00382,0.02789,0.675
14,55,hybrid,HYBRID_ALPHA0.8_BETA0.2,0.8,0.2,500,1.19091,0.88945,0.02791,1.49672,1.02288,0.10421,0.09163,0.0038,0.02835,0.675
14,55,hybrid,HYBRID_ALPHA0.9_BETA0.1,0.9,0.1,500,1.18993,0.88802,0.02997,1.41125,0.99726,0.09704,0.08379,0.0039,0.03054,0.675
14,55,mse,MSE,1.0,0.0,50,3.50279,1.20627,0.15656,25.10631,2.29731,0.36323,0.52399,0.00657,0.08081,0.55
14,55,mse,MSE,1.0,0.0,100,2.38227,1.06075,0.111,1.05143,0.80667,0.13258,0.10958,0.00399,0.02944,0.525
14,55,mse,MSE,1.0,0.0,300,1.23322,0.90831,0.02084,1.3775,0.97107,0.1444,0.19385,0.00391,0.03457,0.575
14,55,mse,MSE,1.0,0.0,500,1.20054,0.8971,0.03317,1.38471,0.97961,0.12719,0.14726,0.00412,0.03755,0.625
15,56,hsic,HSIC,0.0,1.0,50,2.47169,1.01965,0.02918,22.36839,2.30815,0.35143,0.51917,0.00639,0.07671,0.55
15,56,hsic,HSIC,0.0,1.0,100,2.62372,1.08739,0.04772,21.36362,2.27233,0.3593,0.52259,0.00683,0.08465,0.7
15,56,hsic,HSIC,0.0,1.0,300,3.44461,1.22761,0.1386,30.1477,1.98099,0.23154,0.25464,0.00442,0.17195,0.8
15,56,hsic,HSIC,0.0,1.0,500,4.89341,1.53943,0.1223,30.79467,2.52673,0.33482,0.50193,0.00745,0.13643,0.7
15,56,hybrid,HYBRID_ALPHA0.1_BETA0.9,0.1,0.9,50,2.11497,0.9769,0.03136,11.41204,1.8739,0.32995,0.49885,0.00613,0.06943,0.55
15,56,hybrid,HYBRID_ALPHA0.2_BETA0.8,0.2,0.8,50,1.81906,1.04514,0.0875,0.97337,0.81848,0.06162,0.07855,0.00228,0.03586,0.625
15,56,hybrid,HYBRID_ALPHA0.3_BETA0.7,0.3,0.7,50,1.77039,1.02062,0.09744,0.88878,0.78705,0.06444,0.07377,0.00184,0.03837,0.675
15,56,hybrid,HYBRID_ALPHA0.4_BETA0.6,0.4,0.6,50,1.79936,1.02051,0.09622,0.86215,0.77244,0.0699,0.08316,0.00146,0.03995,0.65
15,56,hybrid,HYBRID_ALPHA0.5_BETA0.5,0.5,0.5,50,1.81428,1.02349,0.09607,0.84601,0.7619,0.07223,0.09229,0.00179,0.04219,0.675
15,56,hybrid,HYBRID_ALPHA0.6_BETA0.4,0.6,0.4,50,1.84801,1.02903,0.09566,0.88379,0.77879,0.07507,0.1009,0.00232,0.04462,0.65
15,56,hybrid,HYBRID_ALPHA0.7_BETA0.3,0.7,0.3,50,1.87402,1.03477,0.09607,0.94713,0.79636,0.08129,0.10873,0.00254,0.04716,0.65
15,56,hybrid,HYBRID_ALPHA0.8_BETA0.2,0.8,0.2,50,1.87708,1.03992,0.09839,1.02451,0.80969,0.08261,0.11603,0.00272,0.04992,0.65
15,56,hybrid,HYBRID_ALPHA0.9_BETA0.1,0.9,0.1,50,1.8625,1.04371,0.10183,1.13347,0.83198,0.088,0.12473,0.00286,0.0522,0.675
15,56,hybrid,HYBRID_ALPHA0.1_BETA0.9,0.1,0.9,100,1.88923,1.03928,0.05856,3.99049,1.31734,0.13075,0.07383,0.00454,0.01515,0.625
15,56,hybrid,HYBRID_ALPHA0.2_BETA0.8,0.2,0.8,100,2.12676,1.08116,0.07967,1.33691,0.77703,0.04175,0.05778,0.00397,0.02038,0.575
15,56,hybrid,HYBRID_ALPHA0.3_BETA0.7,0.3,0.7,100,1.91678,1.03674,0.0671,1.32033,0.97585,0.0948,0.09176,0.00514,0.03176,0.675
15,56,hybrid,HYBRID_ALPHA0.4_BETA0.6,0.4,0.6,100,1.85013,1.01609,0.05997,1.24699,0.94441,0.09896,0.09068,0.00519,0.03152,0.575
15,56,hybrid,HYBRID_ALPHA0.5_BETA0.5,0.5,0.5,100,1.84693,1.01343,0.06317,1.21445,0.93121,0.10148,0.08687,0.0053,0.03079,0.575
15,56,hybrid,HYBRID_ALPHA0.6_BETA0.4,0.6,0.4,100,1.8687,1.01721,0.06729,1.18712,0.91954,0.10674,0.08351,0.00524,0.02939,0.625
15,56,hybrid,HYBRID_ALPHA0.7_BETA0.3,0.7,0.3,100,1.89719,1.02199,0.071,1.18558,0.91323,0.11442,0.08536,0.00518,0.02845,0.5
15,56,hybrid,HYBRID_ALPHA0.8_BETA0.2,0.8,0.2,100,1.93809,1.02913,0.0756,1.19875,0.86234,0.1503,0.08466,0.00436,0.01947,0.525
15,56,hybrid,HYBRID_ALPHA0.9_BETA0.1,0.9,0.1,100,1.95109,1.02937,0.07676,1.12153,0.84124,0.14122,0.07495,0.00426,0.02057,0.525
15,56,hybrid,HYBRID_ALPHA0.1_BETA0.9,0.1,0.9,300,1.39595,0.92999,0.01991,2.56853,1.37022,0.12296,0.08392,0.00385,0.01533,0.65
15,56,hybrid,HYBRID_ALPHA0.2_BETA0.8,0.2,0.8,300,1.41509,0.93721,0.01898,1.35497,0.97029,0.1028,0.06657,0.00258,0.0171,0.6
15,56,hybrid,HYBRID_ALPHA0.3_BETA0.7,0.3,0.7,300,1.37964,0.92952,0.01803,1.11587,0.85851,0.10476,0.06772,0.0026,0.01722,0.575
15,56,hybrid,HYBRID_ALPHA0.4_BETA0.6,0.4,0.6,300,1.36193,0.92227,0.01763,1.01039,0.80974,0.11335,0.06993,0.00259,0.01704,0.625
15,56,hybrid,HYBRID_ALPHA0.5_BETA0.5,0.5,0.5,300,1.33299,0.91405,0.01761,0.78536,0.71269,0.07501,0.07499,0.0028,0.01953,0.575
15,56,hybrid,HYBRID_ALPHA0.6_BETA0.4,0.6,0.4,300,1.26607,0.89418,0.0171,0.80604,0.71881,0.08317,0.07756,0.00293,0.01948,0.65
15,56,hybrid,HYBRID_ALPHA0.7_BETA0.3,0.7,0.3,300,1.45464,0.91773,0.01835,0.79253,0.71581,0.07969,0.07142,0.0027,0.01891,0.725
15,56,hybrid,HYBRID_ALPHA0.8_BETA0.2,0.8,0.2,300,1.337,0.89932,0.01944,0.78469,0.71293,0.08135,0.06564,0.00268,0.01878,0.65
15,56,hybrid,HYBRID_ALPHA0.9_BETA0.1,0.9,0.1,300,1.28377,0.89149,0.02088,0.65236,0.65172,0.04452,0.0543,0.0026,0.01896,0.625
15,56,hybrid,HYBRID_ALPHA0.1_BETA0.9,0.1,0.9,500,1.42765,0.92996,0.02201,1.19245,0.88159,0.04012,0.03592,0.00318,0.01658,0.725
15,56,hybrid,HYBRID_ALPHA0.2_BETA0.8,0.2,0.8,500,1.39952,0.92291,0.01827,0.93639,0.78002,0.04655,0.03662,0.00284,0.0165,0.625
15,56,hybrid,HYBRID_ALPHA0.3_BETA0.7,0.3,0.7,500,1.36966,0.92167,0.01939,0.87112,0.75892,0.05253,0.04078,0.00276,0.01704,0.65
15,56,hybrid,HYBRID_ALPHA0.4_BETA0.6,0.4,0.6,500,1.36495,0.92354,0.02123,0.63757,0.65186,0.01893,0.03814,0.00241,0.02089,0.65
15,56,hybrid,HYBRID_ALPHA0.5_BETA0.5,0.5,0.5,500,1.40316,0.93303,0.02112,0.63766,0.65171,0.019,0.03781,0.00214,0.02064,0.675
15,56,hybrid,HYBRID_ALPHA0.6_BETA0.4,0.6,0.4,500,1.38,0.92561,0.02263,0.63176,0.64635,0.01987,0.03763,0.002,0.0209,0.65
15,56,hybrid,HYBRID_ALPHA0.7_BETA0.3,0.7,0.3,500,1.39401,0.93035,0.02289,0.62993,0.64404,0.02014,0.03705,0.002,0.02111,0.625
15,56,hybrid,HYBRID_ALPHA0.8_BETA0.2,0.8,0.2,500,1.39205,0.93128,0.02356,0.6445,0.64792,0.02339,0.03848,0.00185,0.021,0.625
15,56,hybrid,HYBRID_ALPHA0.9_BETA0.1,0.9,0.1,500,1.39011,0.93261,0.02426,0.63857,0.64184,0.02559,0.0385,0.00183,0.02067,0.575
15,56,mse,MSE,1.0,0.0,50,2.69533,1.08138,0.10788,1.19003,0.85081,0.10155,0.13618,0.00306,0.05373,0.6
15,56,mse,MSE,1.0,0.0,100,1.97198,1.03221,0.07893,1.2604,0.90364,0.16366,0.10797,0.00516,0.02506,0.525
15,56,mse,MSE,1.0,0.0,300,1.55078,0.91973,0.02255,0.62965,0.64244,0.03081,0.04035,0.00246,0.01962,0.675
15,56,mse,MSE,1.0,0.0,500,1.3887,0.93383,0.0256,0.66437,0.65029,0.03655,0.04096,0.00188,0.02012,0.7
16,57,hsic,HSIC,0.0,1.0,50,5.79005,1.8228,0.08732,32.23364,2.57869,0.24325,0.34756,0.00664,0.10981,0.625
16,57,hsic,HSIC,0.0,1.0,100,2.45869,1.11378,0.02383,31.77012,2.54379,0.3425,0.52681,0.00652,0.11879,0.85
16,57,hsic,HSIC,0.0,1.0,300,4.20808,1.44561,0.09831,29.93385,2.47425,0.34124,0.5177,0.00761,0.16149,0.775
16,57,hsic,HSIC,0.0,1.0,500,4.19389,1.44479,0.08975,29.64787,2.45364,0.34212,0.52185,0.00775,0.16022,0.825
16,57,hybrid,HYBRID_ALPHA0.1_BETA0.9,0.1,0.9,50,1.92972,0.99668,0.04106,1.97984,1.07151,0.1405,0.10996,0.00399,0.01468,0.65
16,57,hybrid,HYBRID_ALPHA0.2_BETA0.8,0.2,0.8,50,1.9566,0.99807,0.03136,1.50713,0.96952,0.1662,0.13359,0.0036,0.01531,0.6
16,57,hybrid,HYBRID_ALPHA0.3_BETA0.7,0.3,0.7,50,1.90386,0.98223,0.03442,1.10974,0.87022,0.12529,0.08315,0.00266,0.01376,0.625
16,57,hybrid,HYBRID_ALPHA0.4_BETA0.6,0.4,0.6,50,1.94365,0.99119,0.03534,0.87,0.74232,0.09,0.04491,0.00243,0.0146,0.7
16,57,hybrid,HYBRID_ALPHA0.5_BETA0.5,0.5,0.5,50,1.9537,0.99316,0.03442,0.87147,0.73415,0.09303,0.04225,0.00229,0.01491,0.7
16,57,hybrid,HYBRID_ALPHA0.6_BETA0.4,0.6,0.4,50,2.00659,0.99435,0.03649,0.91228,0.73895,0.09603,0.04435,0.00237,0.01633,0.65
16,57,hybrid,HYBRID_ALPHA0.7_BETA0.3,0.7,0.3,50,1.95367,0.97821,0.03232,0.76751,0.6607,0.07626,0.06158,0.00218,0.01552,0.6
16,57,hybrid,HYBRID_ALPHA0.8_BETA0.2,0.8,0.2,50,1.97914,0.9771,0.03275,0.73088,0.62354,0.0841,0.06304,0.00178,0.01542,0.6
16,57,hybrid,HYBRID_ALPHA0.9_BETA0.1,0.9,0.1,50,1.9992,0.97956,0.03602,0.7068,0.62821,0.09342,0.0789,0.00169,0.01671,0.675
16,57,hybrid,HYBRID_ALPHA0.1_BETA0.9,0.1,0.9,100,1.79386,0.95809,0.02995,1.89316,1.07319,0.20757,0.23695,0.0054,0.03055,0.65
16,57,hybrid,HYBRID_ALPHA0.2_BETA0.8,0.2,0.8,100,1.7192,0.95262,0.0265,2.67082,1.18789,0.16583,0.19675,0.0045,0.03214,0.725
16,57,hybrid,HYBRID_ALPHA0.3_BETA0.7,0.3,0.7,100,1.79682,0.95726,0.0291,2.33462,1.14215,0.16059,0.1923,0.0045,0.0343,0.675
16,57,hybrid,HYBRID_ALPHA0.4_BETA0.6,0.4,0.6,100,1.83863,0.96422,0.03249,2.15042,1.10613,0.16237,0.19864,0.00463,0.03546,0.7
16,57,hybrid,HYBRID_ALPHA0.5_BETA0.5,0.5,0.5,100,1.86901,0.97539,0.03462,1.99491,1.0806,0.1599,0.18961,0.00455,0.03402,0.7
16,57,hybrid,HYBRID_ALPHA0.6_BETA0.4,0.6,0.4,100,1.92221,0.98614,0.03961,1.80928,1.04983,0.15632,0.17912,0.00459,0.03372,0.7
16,57,hybrid,HYBRID_ALPHA0.7_BETA0.3,0.7,0.3,100,2.00209,0.99496,0.04502,1.63161,1.01686,0.15803,0.1736,0.00494,0.03842,0.725
16,57,hybrid,HYBRID_ALPHA0.8_BETA0.2,0.8,0.2,100,2.05125,1.00262,0.04806,1.48547,0.98983,0.14921,0.15952,0.005,0.03695,0.775
16,57,hybrid,HYBRID_ALPHA0.9_BETA0.1,0.9,0.1,100,2.08013,1.00542,0.05116,1.41701,0.97701,0.13938,0.14479,0.00523,0.03654,0.7
16,57,hybrid,HYBRID_ALPHA0.1_BETA0.9,0.1,0.9,300,1.54214,0.93285,0.02773,1.45497,1.0396,0.03072,0.03165,0.0033,0.0222,0.625
16,57,hybrid,HYBRID_ALPHA0.2_BETA0.8,0.2,0.8,300,1.2431,0.88395,0.02371,1.17309,0.88255,0.06701,0.06213,0.0026,0.0211,0.625
16,57,hybrid,HYBRID_ALPHA0.3_BETA0.7,0.3,0.7,300,2.28873,0.97501,0.02592,0.92062,0.78898,0.05838,0.05079,0.00229,0.02184,0.6
16,57,hybrid,HYBRID_ALPHA0.4_BETA0.6,0.4,0.6,300,2.95824,1.00537,0.02649,0.73723,0.70106,0.02153,0.04507,0.0031,0.02439,0.65
16,57,hybrid,HYBRID_ALPHA0.5_BETA0.5,0.5,0.5,300,3.37299,1.02,0.02759,0.71538,0.69453,0.02154,0.04448,0.00308,0.02428,0.65
16,57,hybrid,HYBRID_ALPHA0.6_BETA0.4,0.6,0.4,300,3.67419,1.02892,0.02919,0.70229,0.68704,0.02141,0.04263,0.00302,0.02451,0.65
16,57,hybrid,HYBRID_ALPHA0.7_BETA0.3,0.7,0.3,300,3.91207,1.03617,0.03158,0.69864,0.68447,0.0228,0.04166,0.00294,0.02437,0.65
16,57,hybrid,HYBRID_ALPHA0.8_BETA0.2,0.8,0.2,300,4.12038,1.04394,0.03447,0.71624,0.6885,0.02449,0.04236,0.00282,0.02475,0.7
16,57,hybrid,HYBRID_ALPHA0.9_BETA0.1,0.9,0.1,300,4.24423,1.04998,0.03881,0.73244,0.68996,0.0345,0.04127,0.00258,0.02464,0.6
16,57,hybrid,HYBRID_ALPHA0.1_BETA0.9,0.1,0.9,500,1.37173,0.93286,0.01828,5.74069,1.51367,0.16561,0.11907,0.0048,0.02627,0.675
16,57,hybrid,HYBRID_ALPHA0.2_BETA0.8,0.2,0.8,500,1.36116,0.92354,0.0181,3.45321,1.29679,0.17338,0.19095,0.00526,0.0197,0.7
16,57,hybrid,HYBRID_ALPHA0.3_BETA0.7,0.3,0.7,500,1.31154,0.91276,0.01697,0.85764,0.72341,0.01631,0.05551,0.00345,0.0207,0.7
16,57,hybrid,HYBRID_ALPHA0.4_BETA0.6,0.4,0.6,500,1.29385,0.90786,0.0168,0.75806,0.69853,0.0171,0.05542,0.00343,0.0199,0.7
16,57,hybrid,HYBRID_ALPHA0.5_BETA0.5,0.5,0.5,500,1.27559,0.90257,0.01666,0.7444,0.69723,0.01786,0.0555,0.00341,0.01964,0.725
16,57,hybrid,HYBRID_ALPHA0.6_BETA0.4,0.6,0.4,500,1.26832,0.90019,0.01686,0.72901,0.69336,0.01877,0.05571,0.00342,0.01971,0.75
16,57,hybrid,HYBRID_ALPHA0.7_BETA0.3,0.7,0.3,500,1.26136,0.89768,0.01702,0.70549,0.68348,0.01964,0.05531,0.00339,0.0196,0.725
16,57,hybrid,HYBRID_ALPHA0.8_BETA0.2,0.8,0.2,500,1.26682,0.8989,0.0174,0.69606,0.6813,0.02006,0.05429,0.00336,0.02023,0.675
16,57,hybrid,HYBRID_ALPHA0.9_BETA0.1,0.9,0.1,500,1.39998,0.92543,0.02062,0.67606,0.67156,0.02129,0.05394,0.0034,0.02196,0.675
16,57,mse,MSE,1.0,0.0,50,1.99986,0.97798,0.03735,0.93677,0.68535,0.05668,0.07615,0.00129,0.01922,0.625
16,57,mse,MSE,1.0,0.0,100,2.08743,1.00688,0.05371,1.37311,0.97409,0.12742,0.13214,0.00542,0.03614,0.725
16,57,mse,MSE,1.0,0.0,300,4.33787,1.05519,0.04892,1.15831,0.89725,0.10807,0.12296,0.00461,0.03156,0.65
16,57,mse,MSE,1.0,0.0,500,1.39867,0.92424,0.02135,0.693,0.68462,0.03182,0.07009,0.00369,0.02552,0.65
17,58,hsic,HSIC,0.0,1.0,50,3.25166,1.23472,0.09381,32.43439,2.50484,0.31694,0.44498,0.00765,0.07029,0.725
17,58,hsic,HSIC,0.0,1.0,100,4.65064,1.48803,0.12016,26.76302,2.37743,0.34386,0.50666,0.00738,0.05972,0.65
17,58,hsic,HSIC,0.0,1.0,300,2.11792,0.97838,0.02557,28.51188,2.42932,0.34002,0.51005,0.00651,0.07343,0.7
17,58,hsic,HSIC,0.0,1.0,500,2.76161,1.12236,0.06162,29.45388,2.45906,0.342,0.52164,0.00684,0.08476,0.7
17,58,hybrid,HYBRID_ALPHA0.1_BETA0.9,0.1,0.9,50,2.98703,1.12673,0.10519,2.19189,0.97693,0.10297,0.08075,0.0059,0.03168,0.55
17,58,hybrid,HYBRID_ALPHA0.2_BETA0.8,0.2,0.8,50,2.69518,1.11355,0.10467,11.62217,1.814,0.31152,0.45799,0.00756,0.04211,0.6
17,58,hybrid,HYBRID_ALPHA0.3_BETA0.7,0.3,0.7,50,2.33056,1.07162,0.09673,5.21764,1.34942,0.19946,0.31228,0.00683,0.03523,0.625
17,58,hybrid,HYBRID_ALPHA0.4_BETA0.6,0.4,0.6,50,2.29194,1.06413,0.08784,16.08816,1.95013,0.28217,0.39744,0.00703,0.03767,0.575
17,58,hybrid,HYBRID_ALPHA0.5_BETA0.5,0.5,0.5,50,5.18336,1.21368,0.0878,12.07629,1.7228,0.24397,0.335,0.00692,0.03673,0.6
17,58,hybrid,HYBRID_ALPHA0.6_BETA0.4,0.6,0.4,50,26.89264,1.56832,0.09258,8.51237,1.5214,0.21536,0.28344,0.0072,0.03832,0.625
17,58,hybrid,HYBRID_ALPHA0.7_BETA0.3,0.7,0.3,50,22.3809,1.49433,0.08989,7.94355,1.48142,0.21019,0.282,0.00712,0.03638,0.55
17,58,hybrid,HYBRID_ALPHA0.8_BETA0.2,0.8,0.2,50,107.02749,2.05044,0.08916,7.59214,1.45409,0.19455,0.26976,0.00724,0.04106,0.525
17,58,hybrid,HYBRID_ALPHA0.9_BETA0.1,0.9,0.1,50,85.87114,1.94296,0.08388,7.51793,1.4503,0.19097,0.26831,0.00784,0.04657,0.6
17,58,hybrid,HYBRID_ALPHA0.1_BETA0.9,0.1,0.9,100,2.19827,1.05367,0.07067,1.54019,0.98716,0.13716,0.09364,0.00504,0.0353,0.65
17,58,hybrid,HYBRID_ALPHA0.2_BETA0.8,0.2,0.8,100,2.19967,1.04014,0.06893,1.49112,0.97597,0.16575,0.13711,0.00508,0.03686,0.5
17,58,hybrid,HYBRID_ALPHA0.3_BETA0.7,0.3,0.7,100,2.06443,1.00701,0.05483,1.26941,0.92312,0.14827,0.11321,0.00396,0.03712,0.575
17,58,hybrid,HYBRID_ALPHA0.4_BETA0.6,0.4,0.6,100,2.04465,1.00419,0.04988,1.02181,0.8309,0.1337,0.08811,0.00308,0.03534,0.525
17,58,hybrid,HYBRID_ALPHA0.5_BETA0.5,0.5,0.5,100,2.11989,1.04248,0.05077,0.93069,0.79724,0.11898,0.07857,0.00315,0.03625,0.625
17,58,hybrid,HYBRID_ALPHA0.6_BETA0.4,0.6,0.4,100,2.15495,1.04599,0.05473,0.9298,0.77473,0.11837,0.10141,0.00255,0.03247,0.65
17,58,hybrid,HYBRID_ALPHA0.7_BETA0.3,0.7,0.3,100,2.14896,1.043,0.05081,0.88102,0.75225,0.10366,0.09168,0.00238,0.03193,0.575
17,58,hybrid,HYBRID_ALPHA0.8_BETA0.2,0.8,0.2,100,2.14519,1.04218,0.05418,0.84515,0.74352,0.08891,0.08554,0.00266,0.02893,0.675
17,58,hybrid,HYBRID_ALPHA0.9_BETA0.1,0.9,0.1,100,2.15289,1.04289,0.05319,0.8351,0.73976,0.08079,0.08398,0.00281,0.02961,0.7
17,58,hybrid,HYBRID_ALPHA0.1_BETA0.9,0.1,0.9,300,1.74961,0.93883,0.03244,4.20518,1.35332,0.17118,0.131,0.0051,0.01641,0.7
17,58,hybrid,HYBRID_ALPHA0.2_BETA0.8,0.2,0.8,300,1.72392,0.93428,0.02911,1.10973,0.69202,0.00971,0.036,0.00302,0.02209,0.65
17,58,hybrid,HYBRID_ALPHA0.3_BETA0.7,0.3,0.7,300,1.65265,0.92626,0.02448,1.00151,0.69775,0.0292,0.02329,0.00264,0.01927,0.65
17,58,hybrid,HYBRID_ALPHA0.4_BETA0.6,0.4,0.6,300,1.65405,0.93157,0.02344,1.03465,0.67089,0.00935,0.03137,0.0029,0.02151,0.65
17,58,hybrid,HYBRID_ALPHA0.5_BETA0.5,0.5,0.5,300,1.65972,0.93335,0.02319,1.01577,0.68614,0.03314,0.02265,0.00233,0.01983,0.675
17,58,hybrid,HYBRID_ALPHA0.6_BETA0.4,0.6,0.4,300,1.68115,0.93659,0.0232,0.93821,0.6621,0.0094,0.03002,0.00282,0.0224,0.6
17,58,hybrid,HYBRID_ALPHA0.7_BETA0.3,0.7,0.3,300,1.38059,0.90797,0.02228,1.00542,0.78336,0.08834,0.04957,0.00297,0.02247,0.6
17,58,hybrid,HYBRID_ALPHA0.8_BETA0.2,0.8,0.2,300,6.92467,1.11428,0.02302,1.03629,0.78615,0.09154,0.0534,0.0031,0.02308,0.6
17,58,hybrid,HYBRID_ALPHA0.9_BETA0.1,0.9,0.1,300,1.62615,0.93669,0.02351,0.99367,0.66444,0.01136,0.03011,0.00278,0.02334,0.6
17,58,hybrid,HYBRID_ALPHA0.1_BETA0.9,0.1,0.9,500,1.68382,0.94091,0.03272,0.86424,0.72132,0.01823,0.06297,0.00356,0.02318,0.7
17,58,hybrid,HYBRID_ALPHA0.2_BETA0.8,0.2,0.8,500,1.6179,0.93691,0.02855,1.30149,0.74378,0.02041,0.06296,0.00355,0.02199,0.625
17,58,hybrid,HYBRID_ALPHA0.3_BETA0.7,0.3,0.7,500,1.58211,0.93275,0.02749,1.19637,0.73417,0.02246,0.06456,0.00356,0.02207,0.575
17,58,hybrid,HYBRID_ALPHA0.4_BETA0.6,0.4,0.6,500,1.57722,0.93349,0.02763,1.11793,0.72273,0.02369,0.06471,0.00357,0.0221,0.65
17,58,hybrid,HYBRID_ALPHA0.5_BETA0.5,0.5,0.5,500,1.56878,0.933,0.02736,1.07083,0.71752,0.02339,0.06307,0.00355,0.02226,0.65
17,58,hybrid,HYBRID_ALPHA0.6_BETA0.4,0.6,0.4,500,1.57626,0.93254,0.02836,1.03734,0.71402,0.02288,0.06212,0.00351,0.02228,0.6
17,58,hybrid,HYBRID_ALPHA0.7_BETA0.3,0.7,0.3,500,1.58017,0.93291,0.02966,1.02405,0.70763,0.02168,0.05845,0.00348,0.02242,0.625
17,58,hybrid,HYBRID_ALPHA0.8_BETA0.2,0.8,0.2,500,1.57599,0.93187,0.03006,0.99428,0.70296,0.02335,0.056,0.00348,0.02255,0.625
17,58,hybrid,HYBRID_ALPHA0.9_BETA0.1,0.9,0.1,500,1.58854,0.93339,0.03242,0.93648,0.69802,0.02606,0.05683,0.00349,0.0231,0.65
17,58,mse,MSE,1.0,0.0,50,69.08753,1.83226,0.06279,7.66137,1.46839,0.20131,0.28292,0.0076,0.04564,0.575
17,58,mse,MSE,1.0,0.0,100,2.15661,1.04356,0.05232,0.83814,0.7403,0.0779,0.08503,0.00288,0.03018,0.7
17,58,mse,MSE,1.0,0.0,300,1.72928,0.94551,0.02454,0.99268,0.66382,0.01235,0.03081,0.00276,0.02373,0.625
17,58,mse,MSE,1.0,0.0,500,1.58362,0.93219,0.03265,0.91228,0.69704,0.03382,0.06191,0.00347,0.02406,0.65
18,59,hsic,HSIC,0.0,1.0,50,3.88483,1.29391,0.20727,32.41359,2.48669,0.34133,0.50021,0.00713,0.10791,0.6
18,59,hsic,HSIC,0.0,1.0,100,4.49,1.48222,0.08928,25.22323,2.3297,0.34538,0.50013,0.00766,0.1091,0.7
18,59,hsic,HSIC,0.0,1.0,300,5.31837,1.86061,0.05564,23.20663,2.28451,0.34559,0.49776,0.00729,0.12008,0.675
18,59,hsic,HSIC,0.0,1.0,500,2.07926,0.95991,0.03312,34.56209,3.33221,0.15233,0.124,0.00434,0.11164,0.9
18,59,hybrid,HYBRID_ALPHA0.1_BETA0.9,0.1,0.9,50,3.16182,1.20057,0.17183,2.29624,1.09374,0.11554,0.07724,0.00597,0.03066,0.525
18,59,hybrid,HYBRID_ALPHA0.2_BETA0.8,0.2,0.8,50,2.50075,1.09453,0.11069,5.1803,0.84789,0.01797,0.03361,0.00311,0.02753,0.7
18,59,hybrid,HYBRID_ALPHA0.3_BETA0.7,0.3,0.7,50,1.90274,1.02068,0.04712,5.18505,0.89889,0.0374,0.05753,0.00259,0.01796,0.575
18,59,hybrid,HYBRID_ALPHA0.4_BETA0.6,0.4,0.6,50,1.97635,1.0238,0.04931,4.52551,0.85712,0.02341,0.05074,0.00359,0.02646,0.575
18,59,hybrid,HYBRID_ALPHA0.5_BETA0.5,0.5,0.5,50,1.92526,1.01582,0.04926,4.73933,0.86431,0.02584,0.05466,0.00351,0.02445,0.6
18,59,hybrid,HYBRID_ALPHA0.6_BETA0.4,0.6,0.4,50,2.02416,1.03086,0.05028,5.1933,0.86895,0.02771,0.05824,0.00315,0.02332,0.575
18,59,hybrid,HYBRID_ALPHA0.7_BETA0.3,0.7,0.3,50,2.14102,1.04636,0.04814,5.29075,0.87535,0.03935,0.06384,0.00255,0.01972,0.575
18,59,hybrid,HYBRID_ALPHA0.8_BETA0.2,0.8,0.2,50,2.06139,1.04235,0.05697,5.431,0.89133,0.04349,0.07221,0.00258,0.02092,0.6
18,59,hybrid,HYBRID_ALPHA0.9_BETA0.1,0.9,0.1,50,2.11325,1.05029,0.05569,5.52121,0.90526,0.04946,0.07613,0.00243,0.02073,0.575
18,59,hybrid,HYBRID_ALPHA0.1_BETA0.9,0.1,0.9,100,2.65103,1.11251,0.10089,4.1453,1.35835,0.19234,0.16982,0.0061,0.02291,0.6
18,59,hybrid,HYBRID_ALPHA0.2_BETA0.8,0.2,0.8,100,6.63359,1.23565,0.10456,2.5285,1.18666,0.18397,0.171,0.00606,0.02129,0.625
18,59,hybrid,HYBRID_ALPHA0.3_BETA0.7,0.3,0.7,100,9.12955,1.27937,0.1114,1.61395,1.0375,0.13635,0.12012,0.00506,0.0224,0.65
18,59,hybrid,HYBRID_ALPHA0.4_BETA0.6,0.4,0.6,100,9.41271,1.28478,0.11993,1.39975,0.97023,0.12172,0.10876,0.00527,0.02426,0.675
18,59,hybrid,HYBRID_ALPHA0.5_BETA0.5,0.5,0.5,100,10.9137,1.20613,0.04099,1.41403,0.97781,0.12972,0.11368,0.00374,0.02061,0.625
18,59,hybrid,HYBRID_ALPHA0.6_BETA0.4,0.6,0.4,100,7.83594,1.14414,0.03128,1.37079,0.97212,0.11203,0.1029,0.00353,0.02283,0.6
18,59,hybrid,HYBRID_ALPHA0.7_BETA0.3,0.7,0.3,100,8.99019,1.16491,0.03398,0.8485,0.71964,0.08661,0.07017,0.00269,0.01971,0.575
18,59,hybrid,HYBRID_ALPHA0.8_BETA0.2,0.8,0.2,100,17.94416,1.29503,0.03783,0.88169,0.72198,0.08311,0.07072,0.00279,0.02029,0.7
18,59,hybrid,HYBRID_ALPHA0.9_BETA0.1,0.9,0.1,100,16.39188,1.27623,0.04216,0.9076,0.72201,0.0747,0.06936,0.00295,0.02103,0.625
18,59,hybrid,HYBRID_ALPHA0.1_BETA0.9,0.1,0.9,300,1.74807,1.03005,0.04773,2.10599,1.19615,0.11366,0.07753,0.0048,0.02144,0.575
18,59,hybrid,HYBRID_ALPHA0.2_BETA0.8,0.2,0.8,300,1.58014,0.99479,0.03312,1.99951,1.16163,0.11229,0.1159,0.00448,0.0247,0.6
18,59,hybrid,HYBRID_ALPHA0.3_BETA0.7,0.3,0.7,300,1.52774,0.99278,0.02734,1.88539,1.1277,0.11368,0.11502,0.00427,0.02524,0.6
18,59,hybrid,HYBRID_ALPHA0.4_BETA0.6,0.4,0.6,300,1.52714,0.98926,0.0279,1.79864,1.09694,0.11701,0.11833,0.00437,0.02591,0.55
18,59,hybrid,HYBRID_ALPHA0.5_BETA0.5,0.5,0.5,300,1.52042,0.98812,0.02842,1.74141,1.07432,0.12117,0.12185,0.00442,0.02587,0.525
18,59,hybrid,HYBRID_ALPHA0.6_BETA0.4,0.6,0.4,300,1.50721,0.98608,0.02899,1.65062,1.05214,0.11887,0.12016,0.00447,0.0261,0.5
18,59,hybrid,HYBRID_ALPHA0.7_BETA0.3,0.7,0.3,300,1.50032,0.98518,0.02928,1.51851,1.01085,0.11798,0.11279,0.00438,0.02601,0.575
18,59,hybrid,HYBRID_ALPHA0.8_BETA0.2,0.8,0.2,300,1.47531,0.98689,0.02821,0.65643,0.65097,0.03336,0.03948,0.00288,0.02423,0.625
18,59,hybrid,HYBRID_ALPHA0.9_BETA0.1,0.9,0.1,300,1.47473,0.98819,0.02745,0.64589,0.64264,0.02428,0.03091,0.00276,0.02441,0.55
18,59,hybrid,HYBRID_ALPHA0.1_BETA0.9,0.1,0.9,500,1.53958,0.93685,0.02128,1.85772,1.13261,0.13253,0.09829,0.00363,0.01533,0.675
18,59,hybrid,HYBRID_ALPHA0.2_BETA0.8,0.2,0.8,500,1.47884,0.92723,0.01982,0.64006,0.64862,0.02225,0.03886,0.00256,0.0182,0.675
18,59,hybrid,HYBRID_ALPHA0.3_BETA0.7,0.3,0.7,500,1.43542,0.91872,0.01986,0.61341,0.63105,0.01665,0.03295,0.0027,0.01926,0.65
18,59,hybrid,HYBRID_ALPHA0.4_BETA0.6,0.4,0.6,500,1.41866,0.91587,0.02063,0.59897,0.62808,0.01637,0.03376,0.00252,0.02009,0.65
18,59,hybrid,HYBRID_ALPHA0.5_BETA0.5,0.5,0.5,500,1.39965,0.91537,0.01851,0.59943,0.62657,0.01549,0.0324,0.00257,0.02077,0.7
18,59,hybrid,HYBRID_ALPHA0.6_BETA0.4,0.6,0.4,500,1.37969,0.91361,0.01853,0.59119,0.62226,0.01463,0.03242,0.00248,0.02019,0.65
18,59,hybrid,HYBRID_ALPHA0.7_BETA0.3,0.7,0.3,500,1.36528,0.91212,0.01883,0.58192,0.6206,0.01408,0.03181,0.002,0.02,0.7
18,59,hybrid,HYBRID_ALPHA0.8_BETA0.2,0.8,0.2,500,1.40863,0.919,0.02053,0.57517,0.61589,0.01256,0.02911,0.00175,0.02021,0.675
18,59,hybrid,HYBRID_ALPHA0.9_BETA0.1,0.9,0.1,500,1.40429,0.91595,0.02122,0.57304,0.61136,0.01252,0.02526,0.00177,0.02043,0.675
18,59,mse,MSE,1.0,0.0,50,2.18412,1.05601,0.05449,5.88951,0.88754,0.03489,0.05328,0.00202,0.02047,0.575
18,59,mse,MSE,1.0,0.0,100,13.46049,1.23738,0.04637,0.695,0.68147,0.05689,0.05097,0.00295,0.02254,0.7
18,59,mse,MSE,1.0,0.0,300,1.46324,0.98774,0.02666,0.6452,0.64341,0.0151,0.02318,0.00248,0.02465,0.65
18,59,mse,MSE,1.0,0.0,500,1.41127,0.9182,0.02214,0.5728,0.60913,0.01665,0.02564,0.00169,0.02232,0.675
19,60,hsic,HSIC,0.0,1.0,50,3.42811,1.23307,0.0712,30.69698,2.20833,0.26796,0.34911,0.00525,0.13052,0.675
19,60,hsic,HSIC,0.0,1.0,100,4.38498,1.33976,0.14734,31.50372,2.47485,0.3395,0.51531,0.00779,0.13415,0.65
19,60,hsic,HSIC,0.0,1.0,300,2.55286,1.11354,0.02561,27.01433,2.38771,0.34333,0.50902,0.0065,0.40421,0.9
19,60,hsic,HSIC,0.0,1.0,500,1.90094,0.93019,0.02137,30.85726,2.52911,0.33489,0.51693,0.00654,0.34107,0.925
19,60,hybrid,HYBRID_ALPHA0.1_BETA0.9,0.1,0.9,50,2.24887,1.0474,0.07194,1.5239,1.04445,0.11163,0.06544,0.00391,0.03053,0.525
19,60,hybrid,HYBRID_ALPHA0.2_BETA0.8,0.2,0.8,50,2.0607,1.02742,0.07133,1.58403,1.05884,0.1166,0.08617,0.00452,0.03264,0.55
19,60,hybrid,HYBRID_ALPHA0.3_BETA0.7,0.3,0.7,50,1.44353,0.94599,0.02613,1.43822,1.0101,0.10531,0.07746,0.00295,0.02507,0.7
19,60,hybrid,HYBRID_ALPHA0.4_BETA0.6,0.4,0.6,50,1.51225,0.95191,0.02476,1.30882,0.97475,0.09743,0.07415,0.00314,0.02694,0.675
19,60,hybrid,HYBRID_ALPHA0.5_BETA0.5,0.5,0.5,50,1.54309,0.94548,0.02065,1.19564,0.92604,0.09319,0.06836,0.00353,0.02787,0.625
19,60,hybrid,HYBRID_ALPHA0.6_BETA0.4,0.6,0.4,50,1.70927,0.95183,0.03489,1.1652,0.86702,0.09666,0.06936,0.00364,0.03372,0.625
19,60,hybrid,HYBRID_ALPHA0.7_BETA0.3,0.7,0.3,50,1.70355,0.9505,0.03744,1.14203,0.88765,0.1018,0.07719,0.00423,0.03352,0.575
19,60,hybrid,HYBRID_ALPHA0.8_BETA0.2,0.8,0.2,50,1.67783,0.94749,0.03589,1.29636,0.96484,0.10039,0.11041,0.00518,0.03437,0.575
19,60,hybrid,HYBRID_ALPHA0.9_BETA0.1,0.9,0.1,50,1.72073,0.95515,0.04185,1.08268,0.88057,0.10354,0.08228,0.00474,0.0344,0.5
19,60,hybrid,HYBRID_ALPHA0.1_BETA0.9,0.1,0.9,100,1.7414,0.97258,0.04484,1.79147,1.05382,0.13146,0.15993,0.00434,0.02904,0.525
19,60,hybrid,HYBRID_ALPHA0.2_BETA0.8,0.2,0.8,100,1.56473,0.94585,0.04054,1.86158,1.02473,0.14053,0.20677,0.00423,0.033,0.5
19,60,hybrid,HYBRID_ALPHA0.3_BETA0.7,0.3,0.7,100,1.23814,0.89294,0.01616,2.05148,1.00387,0.13036,0.18297,0.00465,0.02946,0.575
19,60,hybrid,HYBRID_ALPHA0.4_BETA0.6,0.4,0.6,100,1.20256,0.88244,0.01608,1.9012,0.97624,0.13438,0.18792,0.0047,0.02916,0.525
19,60,hybrid,HYBRID_ALPHA0.5_BETA0.5,0.5,0.5,100,1.71818,0.935,0.018,1.85043,0.97192,0.13,0.18123,0.00509,0.02877,0.575
19,60,hybrid,HYBRID_ALPHA0.6_BETA0.4,0.6,0.4,100,2.67029,0.98385,0.01819,1.97109,0.98252,0.14256,0.20364,0.00519,0.03023,0.55
19,60,hybrid,HYBRID_ALPHA0.7_BETA0.3,0.7,0.3,100,2.98092,0.99611,0.01913,1.97124,0.98278,0.14391,0.20798,0.00532,0.03108,0.575
19,60,hybrid,HYBRID_ALPHA0.8_BETA0.2,0.8,0.2,100,2.4891,0.97982,0.02384,2.13148,1.00634,0.15899,0.23379,0.00552,0.0328,0.6
19,60,hybrid,HYBRID_ALPHA0.9_BETA0.1,0.9,0.1,100,1.53719,0.9334,0.03551,2.41176,1.04907,0.18343,0.27214,0.00538,0.03737,0.525
19,60,hybrid,HYBRID_ALPHA0.1_BETA0.9,0.1,0.9,300,1.37761,0.94185,0.02452,4.34343,1.40067,0.19755,0.18393,0.00456,0.03053,0.65
19,60,hybrid,HYBRID_ALPHA0.2_BETA0.8,0.2,0.8,300,1.30867,0.93545,0.02237,3.17469,1.27928,0.18025,0.18483,0.00402,0.05664,0.725
19,60,hybrid,HYBRID_ALPHA0.3_BETA0.7,0.3,0.7,300,1.30972,0.93593,0.02312,2.46106,1.19294,0.14988,0.16159,0.0041,0.08528,0.65
19,60,hybrid,HYBRID_ALPHA0.4_BETA0.6,0.4,0.6,300,1.29064,0.93156,0.02189,2.01672,1.1306,0.12666,0.1413,0.00411,0.10991,0.75
19,60,hybrid,HYBRID_ALPHA0.5_BETA0.5,0.5,0.5,300,1.27011,0.92746,0.02217,1.77908,1.08943,0.11231,0.12963,0.00407,0.12295,0.725
19,60,hybrid,HYBRID_ALPHA0.6_BETA0.4,0.6,0.4,300,1.25204,0.92095,0.02218,1.84287,1.04943,0.10768,0.11086,0.00374,0.14007,0.825
19,60,hybrid,HYBRID_ALPHA0.7_BETA0.3,0.7,0.3,300,1.25367,0.921,0.02085,1.63043,0.96995,0.10467,0.08612,0.00304,0.15789,0.8
19,60,hybrid,HYBRID_ALPHA0.8_BETA0.2,0.8,0.2,300,1.24935,0.91781,0.02049,1.44898,0.93685,0.09917,0.08408,0.00295,0.15086,0.8
19,60,hybrid,HYBRID_ALPHA0.9_BETA0.1,0.9,0.1,300,1.23647,0.91246,0.02236,1.34141,0.91075,0.10265,0.09529,0.0028,0.16208,0.875
19,60,hybrid,HYBRID_ALPHA0.1_BETA0.9,0.1,0.9,500,1.27671,0.90499,0.01721,20.75288,2.25799,0.36235,0.52638,0.00655,0.30224,0.875
19,60,hybrid,HYBRID_ALPHA0.2_BETA0.8,0.2,0.8,500,1.28307,0.90367,0.01711,5.18021,1.6098,0.18916,0.1964,0.0048,0.02105,0.65
19,60,hybrid,HYBRID_ALPHA0.3_BETA0.7,0.3,0.7,500,1.2958,0.90398,0.01723,4.80843,1.53264,0.18561,0.19381,0.00474,0.02127,0.65
19,60,hybrid,HYBRID_ALPHA0.4_BETA0.6,0.4,0.6,500,1.27959,0.90215,0.01733,4.27201,1.45954,0.17954,0.18167,0.00457,0.02197,0.625
19,60,hybrid,HYBRID_ALPHA0.5_BETA0.5,0.5,0.5,500,1.27657,0.9013,0.01751,3.88483,1.39816,0.17482,0.17381,0.00449,0.02233,0.625
19,60,hybrid,HYBRID_ALPHA0.6_BETA0.4,0.6,0.4,500,1.29681,0.90514,0.01784,3.56645,1.34605,0.17001,0.16604,0.00447,0.02255,0.575
19,60,hybrid,HYBRID_ALPHA0.7_BETA0.3,0.7,0.3,500,1.35357,0.91151,0.02179,3.25026,1.294,0.1631,0.15691,0.00478,0.02394,0.625
19,60,hybrid,HYBRID_ALPHA0.8_BETA0.2,0.8,0.2,500,1.34225,0.91162,0.02171,2.83584,1.22834,0.14871,0.13883,0.0048,0.02552,0.65
19,60,hybrid,HYBRID_ALPHA0.9_BETA0.1,0.9,0.1,500,1.28356,0.90644,0.01848,1.0174,0.77561,0.03713,0.06482,0.00297,0.02358,0.625
19,60,mse,MSE,1.0,0.0,50,1.77153,0.9672,0.05568,0.97692,0.77037,0.14087,0.09865,0.00397,0.03568,0.6
19,60,mse,MSE,1.0,0.0,100,1.56405,0.94435,0.05429,2.57748,1.07795,0.19693,0.29322,0.00521,0.04044,0.575
19,60,mse,MSE,1.0,0.0,300,1.23388,0.91461,0.02424,1.30331,0.89718,0.11856,0.11884,0.00266,0.16532,0.875
19,60,mse,MSE,1.0,0.0,500,1.30126,0.90862,0.0192,1.76208,1.06083,0.1767,0.21707,0.00434,0.03772,0.625
20,61,hsic,HSIC,0.0,1.0,50,5.97142,1.52529,0.26542,19.67468,2.17905,0.37747,0.53171,0.00462,0.05003,0.575
20,61,hsic,HSIC,0.0,1.0,100,5.5808,1.78639,0.096,31.56685,2.16793,0.29203,0.2464,0.0041,0.0663,0.65
20,61,hsic,HSIC,0.0,1.0,300,3.90737,1.33758,0.10803,31.88054,2.33936,0.22372,0.24589,0.00437,0.08195,0.625
20,61,hsic,HSIC,0.0,1.0,500,4.95854,1.56825,0.10827,27.49748,2.38517,0.33809,0.50116,0.00782,0.09858,0.65
20,61,hybrid,HYBRID_ALPHA0.1_BETA0.9,0.1,0.9,50,6.52541,1.56557,0.26865,19.46987,2.17096,0.37741,0.53116,0.00459,0.05017,0.625
20,61,hybrid,HYBRID_ALPHA0.2_BETA0.8,0.2,0.8,50,5.76203,1.53457,0.31154,1.79307,1.00302,0.11942,0.14763,0.00414,0.02764,0.625
20,61,hybrid,HYBRID_ALPHA0.3_BETA0.7,0.3,0.7,50,5.17543,1.48113,0.30991,2.3936,1.02383,0.12713,0.17666,0.00397,0.0291,0.65
20,61,hybrid,HYBRID_ALPHA0.4_BETA0.6,0.4,0.6,50,5.20071,1.48247,0.30969,2.62266,1.02681,0.135,0.1937,0.00394,0.03034,0.675
20,61,hybrid,HYBRID_ALPHA0.5_BETA0.5,0.5,0.5,50,4.34585,1.37364,0.26078,7.65811,1.47271,0.27143,0.39729,0.00415,0.03348,0.625
20,61,hybrid,HYBRID_ALPHA0.6_BETA0.4,0.6,0.4,50,4.15041,1.35294,0.25711,8.4343,1.52221,0.28466,0.41535,0.00416,0.03435,0.575
20,61,hybrid,HYBRID_ALPHA0.7_BETA0.3,0.7,0.3,50,3.98177,1.33197,0.24888,8.8752,1.5557,0.29537,0.42818,0.00426,0.03531,0.6
20,61,hybrid,HYBRID_ALPHA0.8_BETA0.2,0.8,0.2,50,3.70107,1.28463,0.22448,9.06756,1.56422,0.29556,0.42532,0.00482,0.03573,0.6
20,61,hybrid,HYBRID_ALPHA0.9_BETA0.1,0.9,0.1,50,2.49195,1.10259,0.09271,9.39377,1.59668,0.30225,0.43765,0.0053,0.03618,0.675
20,61,hybrid,HYBRID_ALPHA0.1_BETA0.9,0.1,0.9,100,2.21105,1.02869,0.06563,0.9562,0.80197,0.1263,0.05482,0.00271,0.01663,0.575
20,61,hybrid,HYBRID_ALPHA0.2_BETA0.8,0.2,0.8,100,2.15525,1.03073,0.06623,0.85478,0.74665,0.09588,0.04662,0.00316,0.01663,0.525
20,61,hybrid,HYBRID_ALPHA0.3_BETA0.7,0.3,0.7,100,2.05573,1.01946,0.06066,0.82826,0.7251,0.07854,0.04096,0.00282,0.01397,0.6
20,61,hybrid,HYBRID_ALPHA0.4_BETA0.6,0.4,0.6,100,1.98421,1.00158,0.05394,0.8437,0.72845,0.08314,0.04568,0.00304,0.01415,0.575
20,61,hybrid,HYBRID_ALPHA0.5_BETA0.5,0.5,0.5,100,1.95543,0.98576,0.0503,0.84541,0.72878,0.08071,0.04655,0.00306,0.01489,0.55
20,61,hybrid,HYBRID_ALPHA0.6_BETA0.4,0.6,0.4,100,1.97967,0.98522,0.05087,0.84533,0.72932,0.07781,0.04705,0.00307,0.01527,0.575
20,61,hybrid,HYBRID_ALPHA0.7_BETA0.3,0.7,0.3,100,1.98921,0.98122,0.05107,0.92156,0.77795,0.10125,0.0443,0.00282,0.01872,0.625
20,61,hybrid,HYBRID_ALPHA0.8_BETA0.2,0.8,0.2,100,2.01409,0.98396,0.05305,0.95514,0.78744,0.08528,0.04488,0.00278,0.01847,0.5
20,61,hybrid,HYBRID_ALPHA0.9_BETA0.1,0.9,0.1,100,2.03998,0.98921,0.0555,1.03816,0.80879,0.09575,0.05454,0.00314,0.02102,0.525
20,61,hybrid,HYBRID_ALPHA0.1_BETA0.9,0.1,0.9,300,1.561,0.93779,0.03144,1.55228,1.05348,0.11012,0.08031,0.00384,0.01846,0.55
20,61,hybrid,HYBRID_ALPHA0.2_BETA0.8,0.2,0.8,300,1.49057,0.93064,0.02731,1.02316,0.72476,0.02975,0.03023,0.00288,0.01381,0.55
20,61,hybrid,HYBRID_ALPHA0.3_BETA0.7,0.3,0.7,300,1.47061,0.92915,0.02758,0.86815,0.7005,0.03318,0.03408,0.00293,0.01475,0.6
20,61,hybrid,HYBRID_ALPHA0.4_BETA0.6,0.4,0.6,300,1.46834,0.92916,0.02742,0.7278,0.65455,0.02999,0.04385,0.00298,0.01656,0.575
20,61,hybrid,HYBRID_ALPHA0.5_BETA0.5,0.5,0.5,300,1.4609,0.92838,0.03088,0.80152,0.67303,0.04285,0.04337,0.00294,0.01537,0.6
20,61,hybrid,HYBRID_ALPHA0.6_BETA0.4,0.6,0.4,300,1.41448,0.92609,0.02693,0.76571,0.66865,0.04607,0.04406,0.00285,0.01577,0.6
20,61,hybrid,HYBRID_ALPHA0.7_BETA0.3,0.7,0.3,300,1.28572,0.91182,0.02475,0.74291,0.66476,0.04859,0.04375,0.00264,0.01641,0.575
20,61,hybrid,HYBRID_ALPHA0.8_BETA0.2,0.8,0.2,300,1.25911,0.91011,0.02518,0.72747,0.66185,0.04949,0.04138,0.00242,0.01691,0.525
20,61,hybrid,HYBRID_ALPHA0.9_BETA0.1,0.9,0.1,300,1.2475,0.90468,0.02385,0.72243,0.66289,0.05173,0.03672,0.00259,0.0187,0.55
20,61,hybrid,HYBRID_ALPHA0.1_BETA0.9,0.1,0.9,500,1.49626,0.9289,0.02381,0.94446,0.72383,0.03537,0.02729,0.00299,0.01403,0.65
20,61,hybrid,HYBRID_ALPHA0.2_BETA0.8,0.2,0.8,500,1.48025,0.92633,0.02064,0.92193,0.69043,0.03392,0.0283,0.00284,0.01493,0.6
20,61,hybrid,HYBRID_ALPHA0.3_BETA0.7,0.3,0.7,500,1.44345,0.92184,0.02052,0.92794,0.67577,0.02575,0.03658,0.00278,0.0163,0.625
20,61,hybrid,HYBRID_ALPHA0.4_BETA0.6,0.4,0.6,500,1.375,0.91046,0.01968,0.88509,0.65949,0.02016,0.03261,0.00256,0.01695,0.6
20,61,hybrid,HYBRID_ALPHA0.5_BETA0.5,0.5,0.5,500,1.37526,0.91143,0.02027,0.85205,0.65307,0.02111,0.03208,0.00246,0.01713,0.7
20,61,hybrid,HYBRID_ALPHA0.6_BETA0.4,0.6,0.4,500,1.37394,0.91332,0.02041,0.82837,0.64617,0.02109,0.03158,0.0024,0.01747,0.625
20,61,hybrid,HYBRID_ALPHA0.7_BETA0.3,0.7,0.3,500,1.36694,0.91357,0.02044,0.88262,0.65463,0.02568,0.03253,0.00233,0.01835,0.55
20,61,hybrid,HYBRID_ALPHA0.8_BETA0.2,0.8,0.2,500,1.36221,0.91392,0.02058,0.87713,0.65608,0.02571,0.0279,0.0022,0.01872,0.6
20,61,hybrid,HYBRID_ALPHA0.9_BETA0.1,0.9,0.1,500,1.35951,0.91496,0.02068,0.80796,0.64371,0.0277,0.02804,0.00214,0.01945,0.525
20,61,mse,MSE,1.0,0.0,50,2.5182,1.10255,0.08721,9.45744,1.59982,0.30037,0.43268,0.00543,0.03452,0.675
20,61,mse,MSE,1.0,0.0,100,2.17033,1.01683,0.0693,1.0579,0.8114,0.09366,0.05462,0.00337,0.02269,0.6
20,61,mse,MSE,1.0,0.0,300,2.07543,0.98476,0.04309,0.723,0.66574,0.05849,0.03108,0.00284,0.01771,0.6
20,61,mse,MSE,1.0,0.0,500,1.35623,0.91574,0.02095,0.57294,0.59716,0.02781,0.03522,0.00185,0.0218,0.625
