Experiment,Seed,Loss,Conf,Alpha,Beta,N,MSE Y,MAE Y,"HSIC(Y,X)",MSE Z,MAE Z,"HSIC(Z,X)","HSIC(Z,Y)",dHSIC Total,MMD,RF Acc
1,42,hsic,HSIC,0.0,1.0,50,3.87085,1.33489,0.04482,10.91928,2.01487,0.18227,0.37049,0.00574,0.0199,0.625
1,42,hsic,HSIC,0.0,1.0,100,2.4303,1.23774,0.0209,9.69856,1.9701,0.18697,0.37862,0.00683,0.02993,0.6
1,42,hsic,HSIC,0.0,1.0,300,2.89583,1.34874,0.01494,9.05678,1.93822,0.18302,0.37293,0.00672,0.03867,0.675
1,42,hsic,HSIC,0.0,1.0,500,2.35719,1.22339,0.00856,8.87029,1.93231,0.1835,0.3702,0.00557,0.04756,0.575
1,42,hybrid,HYBRID_ALPHA0.1_BETA0.9,0.1,0.9,50,3.57656,1.20232,0.04626,10.2667,1.95468,0.18007,0.35564,0.00574,0.01989,0.575
1,42,hybrid,HYBRID_ALPHA0.2_BETA0.8,0.2,0.8,50,4.41309,1.23031,0.02012,3.22721,1.21716,0.02761,0.11959,0.00337,0.0163,0.625
1,42,hybrid,HYBRID_ALPHA0.3_BETA0.7,0.3,0.7,50,5.67447,1.32266,0.02963,3.13994,1.1952,0.0269,0.11621,0.00334,0.01718,0.65
1,42,hybrid,HYBRID_ALPHA0.4_BETA0.6,0.4,0.6,50,2.40309,1.20037,0.04529,3.24239,1.19146,0.02869,0.1105,0.00326,0.01745,0.65
1,42,hybrid,HYBRID_ALPHA0.5_BETA0.5,0.5,0.5,50,1.88401,1.10499,0.02246,3.34449,1.19396,0.03008,0.10626,0.00299,0.01787,0.675
1,42,hybrid,HYBRID_ALPHA0.6_BETA0.4,0.6,0.4,50,4.05818,1.28271,0.04026,3.46165,1.19379,0.03136,0.09789,0.00307,0.01784,0.65
1,42,hybrid,HYBRID_ALPHA0.7_BETA0.3,0.7,0.3,50,31.97963,1.81215,0.04649,9.40581,1.87553,0.1771,0.3377,0.00605,0.01854,0.575
1,42,hybrid,HYBRID_ALPHA0.8_BETA0.2,0.8,0.2,50,65.199,2.1284,0.04956,9.39759,1.8749,0.17711,0.33772,0.00605,0.01852,0.525
1,42,hybrid,HYBRID_ALPHA0.9_BETA0.1,0.9,0.1,50,76.02782,2.29757,0.0397,9.3859,1.8741,0.17692,0.33742,0.00639,0.01765,0.575
1,42,hybrid,HYBRID_ALPHA0.1_BETA0.9,0.1,0.9,100,1.71565,1.06023,0.0179,1.35744,0.9653,0.0677,0.02686,0.00263,0.0126,0.6
1,42,hybrid,HYBRID_ALPHA0.2_BETA0.8,0.2,0.8,100,1.63009,1.04755,0.01386,2.11306,1.13819,0.03885,0.08952,0.00392,0.01474,0.5
1,42,hybrid,HYBRID_ALPHA0.3_BETA0.7,0.3,0.7,100,1.76354,1.06907,0.01719,2.0484,1.11953,0.03783,0.08794,0.00413,0.0168,0.55
1,42,hybrid,HYBRID_ALPHA0.4_BETA0.6,0.4,0.6,100,3.03754,1.14729,0.01916,1.96948,1.09944,0.03697,0.0857,0.00412,0.01665,0.575
1,42,hybrid,HYBRID_ALPHA0.5_BETA0.5,0.5,0.5,100,3.1862,1.15411,0.01922,1.61772,1.00706,0.0817,0.03016,0.00272,0.01651,0.55
1,42,hybrid,HYBRID_ALPHA0.6_BETA0.4,0.6,0.4,100,2.75664,1.14107,0.01876,1.3952,0.97008,0.06396,0.03185,0.00226,0.0172,0.575
1,42,hybrid,HYBRID_ALPHA0.7_BETA0.3,0.7,0.3,100,1.67346,1.05118,0.01807,1.45285,0.97873,0.06331,0.03225,0.00144,0.01656,0.575
1,42,hybrid,HYBRID_ALPHA0.8_BETA0.2,0.8,0.2,100,1.89105,1.09874,0.02007,1.53164,0.98988,0.06676,0.03318,0.00226,0.01608,0.55
1,42,hybrid,HYBRID_ALPHA0.9_BETA0.1,0.9,0.1,100,1.89485,1.10421,0.02019,1.63667,1.01131,0.07428,0.03543,0.00224,0.0157,0.525
1,42,hybrid,HYBRID_ALPHA0.1_BETA0.9,0.1,0.9,300,1.52794,1.01018,0.00912,1.05061,0.84649,0.03732,0.01747,0.00151,0.00938,0.55
1,42,hybrid,HYBRID_ALPHA0.2_BETA0.8,0.2,0.8,300,1.4919,0.99898,0.00842,1.03204,0.83697,0.0386,0.01851,0.00154,0.00999,0.55
1,42,hybrid,HYBRID_ALPHA0.3_BETA0.7,0.3,0.7,300,1.44734,0.9888,0.00856,1.02685,0.83489,0.03894,0.01821,0.00151,0.01017,0.55
1,42,hybrid,HYBRID_ALPHA0.4_BETA0.6,0.4,0.6,300,1.42168,0.98178,0.00981,1.02512,0.83318,0.03828,0.01828,0.00147,0.01038,0.55
1,42,hybrid,HYBRID_ALPHA0.5_BETA0.5,0.5,0.5,300,1.40291,0.97669,0.00984,1.02452,0.83218,0.03711,0.01848,0.00143,0.01063,0.525
1,42,hybrid,HYBRID_ALPHA0.6_BETA0.4,0.6,0.4,300,1.4109,0.97793,0.00929,1.68583,1.01964,0.03796,0.10702,0.00298,0.01481,0.6
1,42,hybrid,HYBRID_ALPHA0.7_BETA0.3,0.7,0.3,300,1.40739,0.97846,0.00955,1.57975,0.99689,0.0355,0.10283,0.00256,0.01388,0.65
1,42,hybrid,HYBRID_ALPHA0.8_BETA0.2,0.8,0.2,300,1.48594,1.00239,0.01865,1.56864,0.99186,0.0371,0.10322,0.00248,0.01539,0.625
1,42,hybrid,HYBRID_ALPHA0.9_BETA0.1,0.9,0.1,300,1.48615,1.00167,0.01803,1.02297,0.82821,0.03159,0.01978,0.00139,0.01295,0.6
1,42,hybrid,HYBRID_ALPHA0.1_BETA0.9,0.1,0.9,500,1.45705,0.98815,0.00823,2.62585,1.23262,0.04898,0.10885,0.00326,0.00938,0.55
1,42,hybrid,HYBRID_ALPHA0.2_BETA0.8,0.2,0.8,500,1.47204,0.99291,0.00851,2.25883,1.15394,0.0469,0.09757,0.00315,0.01024,0.525
1,42,hybrid,HYBRID_ALPHA0.3_BETA0.7,0.3,0.7,500,1.46509,0.99126,0.00837,1.93067,1.08703,0.03989,0.09075,0.00297,0.01146,0.575
1,42,hybrid,HYBRID_ALPHA0.4_BETA0.6,0.4,0.6,500,1.45449,0.98951,0.00829,1.07051,0.8447,0.02448,0.02463,0.00167,0.01141,0.575
1,42,hybrid,HYBRID_ALPHA0.5_BETA0.5,0.5,0.5,500,1.46216,0.99141,0.00839,1.071,0.84966,0.02466,0.02466,0.00167,0.01163,0.525
1,42,hybrid,HYBRID_ALPHA0.6_BETA0.4,0.6,0.4,500,1.46468,0.99087,0.00831,1.07923,0.84587,0.02394,0.02447,0.00168,0.01122,0.575
1,42,hybrid,HYBRID_ALPHA0.7_BETA0.3,0.7,0.3,500,1.47844,0.99617,0.0089,1.87477,1.05643,0.04332,0.10352,0.00316,0.01475,0.575
1,42,hybrid,HYBRID_ALPHA0.8_BETA0.2,0.8,0.2,500,1.48959,0.99996,0.00918,1.85325,1.05133,0.04534,0.10639,0.00317,0.01544,0.575
1,42,hybrid,HYBRID_ALPHA0.9_BETA0.1,0.9,0.1,500,1.49378,1.00143,0.0094,1.83989,1.04834,0.04897,0.11425,0.00326,0.01627,0.525
1,42,mse,MSE,1.0,0.0,50,58.06969,2.17022,0.03492,9.37907,1.87379,0.17722,0.33763,0.00661,0.01754,0.55
1,42,mse,MSE,1.0,0.0,100,1.70748,1.06789,0.01831,1.77042,1.03459,0.07243,0.03072,0.0017,0.01624,0.6
1,42,mse,MSE,1.0,0.0,300,1.421,0.99038,0.01773,1.02368,0.82763,0.03037,0.02004,0.00153,0.01237,0.625
1,42,mse,MSE,1.0,0.0,500,1.53775,1.01333,0.00964,1.84309,1.04968,0.05222,0.12214,0.0034,0.01656,0.5
2,43,hsic,HSIC,0.0,1.0,50,3.80038,1.59968,0.01659,9.25641,1.95103,0.18703,0.37973,0.00651,0.04389,0.55
2,43,hsic,HSIC,0.0,1.0,100,2.87216,1.30298,0.15209,9.5387,1.94996,0.18417,0.37132,0.00363,0.03443,0.6
2,43,hsic,HSIC,0.0,1.0,300,2.27483,1.20924,0.01431,9.03699,1.91844,0.18738,0.3668,0.00652,0.03526,0.6
2,43,hsic,HSIC,0.0,1.0,500,2.35313,1.24087,0.00804,9.02257,1.93906,0.18764,0.37828,0.00578,0.03861,0.575
2,43,hybrid,HYBRID_ALPHA0.1_BETA0.9,0.1,0.9,50,1.73121,1.07405,0.01372,2.02472,1.1281,0.11126,0.19023,0.00391,0.02438,0.575
2,43,hybrid,HYBRID_ALPHA0.2_BETA0.8,0.2,0.8,50,1.75455,1.08696,0.01454,2.01305,1.10875,0.08337,0.18552,0.00419,0.02849,0.6
2,43,hybrid,HYBRID_ALPHA0.3_BETA0.7,0.3,0.7,50,1.75583,1.08278,0.01323,1.93692,1.08453,0.08211,0.16889,0.00413,0.02398,0.6
2,43,hybrid,HYBRID_ALPHA0.4_BETA0.6,0.4,0.6,50,1.77287,1.09282,0.01237,1.9266,1.08402,0.0818,0.16707,0.004,0.02509,0.575
2,43,hybrid,HYBRID_ALPHA0.5_BETA0.5,0.5,0.5,50,1.81535,1.11453,0.0145,1.91345,1.08066,0.08051,0.16365,0.00387,0.03095,0.55
2,43,hybrid,HYBRID_ALPHA0.6_BETA0.4,0.6,0.4,50,1.83895,1.11729,0.01272,1.89437,1.07479,0.079,0.15896,0.00387,0.03496,0.6
2,43,hybrid,HYBRID_ALPHA0.7_BETA0.3,0.7,0.3,50,1.71129,1.07347,0.01478,1.86051,1.06302,0.07602,0.15078,0.00342,0.03301,0.575
2,43,hybrid,HYBRID_ALPHA0.8_BETA0.2,0.8,0.2,50,2.1942,1.17392,0.03239,1.85036,1.05987,0.07516,0.14946,0.00394,0.03499,0.6
2,43,hybrid,HYBRID_ALPHA0.9_BETA0.1,0.9,0.1,50,2.06939,1.1498,0.03042,1.79536,1.042,0.07183,0.13981,0.00368,0.03315,0.6
2,43,hybrid,HYBRID_ALPHA0.1_BETA0.9,0.1,0.9,100,2.68194,1.26402,0.15312,1.71115,1.04209,0.03925,0.09887,0.00191,0.02164,0.55
2,43,hybrid,HYBRID_ALPHA0.2_BETA0.8,0.2,0.8,100,2.51149,1.22782,0.13759,1.79876,1.04057,0.03927,0.11886,0.00177,0.02413,0.6
2,43,hybrid,HYBRID_ALPHA0.3_BETA0.7,0.3,0.7,100,2.42015,1.20641,0.1327,1.8015,1.03618,0.04035,0.12124,0.0018,0.02428,0.55
2,43,hybrid,HYBRID_ALPHA0.4_BETA0.6,0.4,0.6,100,2.36008,1.19066,0.12953,1.79777,1.03422,0.04094,0.12149,0.00182,0.02435,0.6
2,43,hybrid,HYBRID_ALPHA0.5_BETA0.5,0.5,0.5,100,2.31151,1.17705,0.12606,1.79666,1.03223,0.04152,0.12105,0.00184,0.02437,0.625
2,43,hybrid,HYBRID_ALPHA0.6_BETA0.4,0.6,0.4,100,2.2556,1.1624,0.1205,1.79587,1.02869,0.04274,0.11834,0.00187,0.02439,0.625
2,43,hybrid,HYBRID_ALPHA0.7_BETA0.3,0.7,0.3,100,2.19476,1.14688,0.11113,1.78339,1.02175,0.0432,0.11385,0.0019,0.02429,0.65
2,43,hybrid,HYBRID_ALPHA0.8_BETA0.2,0.8,0.2,100,2.11122,1.12736,0.09655,1.79253,1.02702,0.04481,0.11783,0.00197,0.0241,0.65
2,43,hybrid,HYBRID_ALPHA0.9_BETA0.1,0.9,0.1,100,2.09907,1.12535,0.09418,1.77611,1.02292,0.046,0.1155,0.00197,0.02437,0.675
2,43,hybrid,HYBRID_ALPHA0.1_BETA0.9,0.1,0.9,300,1.59911,1.02781,0.01411,1.76145,1.07513,0.03384,0.08365,0.00268,0.00989,0.6
2,43,hybrid,HYBRID_ALPHA0.2_BETA0.8,0.2,0.8,300,1.56889,1.02102,0.01447,1.69756,1.03936,0.03782,0.08189,0.00236,0.01062,0.55
2,43,hybrid,HYBRID_ALPHA0.3_BETA0.7,0.3,0.7,300,1.55532,1.01021,0.01452,1.61708,1.0079,0.03497,0.07899,0.00211,0.01164,0.5
2,43,hybrid,HYBRID_ALPHA0.4_BETA0.6,0.4,0.6,300,1.55187,1.00965,0.01467,1.58807,0.98365,0.0314,0.09443,0.0022,0.01155,0.55
2,43,hybrid,HYBRID_ALPHA0.5_BETA0.5,0.5,0.5,300,1.55209,1.00968,0.01484,1.53621,0.96716,0.03145,0.09236,0.00219,0.01174,0.525
2,43,hybrid,HYBRID_ALPHA0.6_BETA0.4,0.6,0.4,300,1.55215,1.00944,0.01499,1.49341,0.95397,0.03229,0.08316,0.002,0.01225,0.575
2,43,hybrid,HYBRID_ALPHA0.7_BETA0.3,0.7,0.3,300,1.55354,1.00935,0.01507,1.48909,0.95094,0.03264,0.0832,0.002,0.01239,0.55
2,43,hybrid,HYBRID_ALPHA0.8_BETA0.2,0.8,0.2,300,1.55624,1.00949,0.01518,1.48254,0.94832,0.03337,0.08242,0.00197,0.0125,0.525
2,43,hybrid,HYBRID_ALPHA0.9_BETA0.1,0.9,0.1,300,1.55581,1.00905,0.01512,1.47469,0.94526,0.03425,0.08148,0.00196,0.01267,0.55
2,43,hybrid,HYBRID_ALPHA0.1_BETA0.9,0.1,0.9,500,1.53151,1.0117,0.00902,1.0195,0.83396,0.02184,0.02502,0.00168,0.00966,0.6
2,43,hybrid,HYBRID_ALPHA0.2_BETA0.8,0.2,0.8,500,1.49258,1.0046,0.00852,1.00717,0.82649,0.02385,0.02352,0.0016,0.01061,0.6
2,43,hybrid,HYBRID_ALPHA0.3_BETA0.7,0.3,0.7,500,1.47608,1.00158,0.00954,0.99853,0.82284,0.02392,0.02227,0.00156,0.01106,0.525
2,43,hybrid,HYBRID_ALPHA0.4_BETA0.6,0.4,0.6,500,1.4751,1.00146,0.00974,1.04564,0.84625,0.01831,0.02926,0.00208,0.01182,0.575
2,43,hybrid,HYBRID_ALPHA0.5_BETA0.5,0.5,0.5,500,1.47824,1.00224,0.00998,1.0458,0.84626,0.01863,0.02882,0.00205,0.01195,0.575
2,43,hybrid,HYBRID_ALPHA0.6_BETA0.4,0.6,0.4,500,1.47957,1.00261,0.01008,1.04553,0.84541,0.01919,0.02798,0.00201,0.01208,0.575
2,43,hybrid,HYBRID_ALPHA0.7_BETA0.3,0.7,0.3,500,1.48837,1.00258,0.00964,1.6022,0.99631,0.03158,0.08298,0.00295,0.01371,0.55
2,43,hybrid,HYBRID_ALPHA0.8_BETA0.2,0.8,0.2,500,1.48758,1.00185,0.00947,1.04423,0.84395,0.01964,0.02629,0.00197,0.01231,0.525
2,43,hybrid,HYBRID_ALPHA0.9_BETA0.1,0.9,0.1,500,1.49375,1.00302,0.00916,1.04553,0.84364,0.02021,0.02487,0.00193,0.01257,0.625
2,43,mse,MSE,1.0,0.0,50,2.03511,1.15461,0.0288,1.7768,1.03668,0.07074,0.13778,0.00394,0.03332,0.625
2,43,mse,MSE,1.0,0.0,100,2.07536,1.1203,0.08961,1.75631,1.01677,0.04698,0.11219,0.00199,0.0246,0.65
2,43,mse,MSE,1.0,0.0,300,1.54952,1.00703,0.01472,1.46989,0.94277,0.03539,0.08123,0.00197,0.01296,0.525
2,43,mse,MSE,1.0,0.0,500,1.4967,1.00423,0.00945,1.04468,0.84199,0.02047,0.02336,0.00188,0.01267,0.575
3,44,hsic,HSIC,0.0,1.0,50,2.94941,1.31842,0.17838,7.73261,1.85408,0.19923,0.36788,0.00286,0.03848,0.55
3,44,hsic,HSIC,0.0,1.0,100,3.51528,1.47966,0.06962,9.04301,1.90071,0.19897,0.36602,0.00551,0.02596,0.625
3,44,hsic,HSIC,0.0,1.0,300,1.86058,1.09951,0.01175,8.6532,1.91472,0.18759,0.37205,0.00616,0.03466,0.575
3,44,hsic,HSIC,0.0,1.0,500,3.87863,1.62163,0.01201,8.70269,1.91792,0.18724,0.37072,0.00648,0.03577,0.6
3,44,hybrid,HYBRID_ALPHA0.1_BETA0.9,0.1,0.9,50,2.87488,1.29226,0.17117,2.13953,1.13557,0.04766,0.08303,0.00255,0.00982,0.525
3,44,hybrid,HYBRID_ALPHA0.2_BETA0.8,0.2,0.8,50,3.83303,1.34491,0.16574,2.02398,1.09795,0.03843,0.08777,0.00236,0.01151,0.55
3,44,hybrid,HYBRID_ALPHA0.3_BETA0.7,0.3,0.7,50,2.68999,1.24617,0.16998,1.93508,1.07885,0.03845,0.09525,0.00226,0.01258,0.575
3,44,hybrid,HYBRID_ALPHA0.4_BETA0.6,0.4,0.6,50,2.64146,1.22985,0.15711,1.90325,1.06899,0.03833,0.0918,0.00226,0.01259,0.575
3,44,hybrid,HYBRID_ALPHA0.5_BETA0.5,0.5,0.5,50,4.49134,1.28765,0.06651,1.86811,1.05964,0.038,0.08891,0.00389,0.01542,0.6
3,44,hybrid,HYBRID_ALPHA0.6_BETA0.4,0.6,0.4,50,4.54254,1.28982,0.07071,1.71482,1.00738,0.04007,0.06853,0.00334,0.01635,0.65
3,44,hybrid,HYBRID_ALPHA0.7_BETA0.3,0.7,0.3,50,28.68988,1.61692,0.04582,1.66507,0.99621,0.0411,0.06915,0.00338,0.01287,0.575
3,44,hybrid,HYBRID_ALPHA0.8_BETA0.2,0.8,0.2,50,54.87887,1.99518,0.0365,1.63707,0.98949,0.04221,0.0719,0.00328,0.01279,0.55
3,44,hybrid,HYBRID_ALPHA0.9_BETA0.1,0.9,0.1,50,40.02484,1.7225,0.03408,1.59791,0.98269,0.04236,0.07767,0.00329,0.01319,0.525
3,44,hybrid,HYBRID_ALPHA0.1_BETA0.9,0.1,0.9,100,2.00528,1.09889,0.03651,8.84544,1.88563,0.19556,0.36342,0.00618,0.02519,0.65
3,44,hybrid,HYBRID_ALPHA0.2_BETA0.8,0.2,0.8,100,1.83978,1.05626,0.02613,2.22451,1.03155,0.04921,0.08948,0.00266,0.01355,0.5
3,44,hybrid,HYBRID_ALPHA0.3_BETA0.7,0.3,0.7,100,2.0008,1.10872,0.04217,1.853,1.08759,0.0508,0.10041,0.00253,0.01396,0.525
3,44,hybrid,HYBRID_ALPHA0.4_BETA0.6,0.4,0.6,100,2.0543,1.10767,0.03664,1.73425,1.05323,0.04728,0.09387,0.00207,0.01521,0.55
3,44,hybrid,HYBRID_ALPHA0.5_BETA0.5,0.5,0.5,100,2.04217,1.10214,0.03923,1.64705,1.02492,0.03954,0.08883,0.00198,0.0141,0.625
3,44,hybrid,HYBRID_ALPHA0.6_BETA0.4,0.6,0.4,100,1.90135,1.06969,0.03502,1.6158,1.01933,0.03462,0.08737,0.00272,0.01349,0.625
3,44,hybrid,HYBRID_ALPHA0.7_BETA0.3,0.7,0.3,100,1.8802,1.05345,0.02553,2.07588,1.01604,0.03835,0.07867,0.0032,0.01376,0.525
3,44,hybrid,HYBRID_ALPHA0.8_BETA0.2,0.8,0.2,100,1.90779,1.05721,0.02953,2.02265,1.00926,0.03511,0.07514,0.00252,0.01705,0.525
3,44,hybrid,HYBRID_ALPHA0.9_BETA0.1,0.9,0.1,100,1.89133,1.05608,0.02315,1.41446,0.94676,0.03877,0.06352,0.00228,0.01527,0.5
3,44,hybrid,HYBRID_ALPHA0.1_BETA0.9,0.1,0.9,300,1.50534,1.00458,0.01116,1.18574,0.90057,0.03673,0.02949,0.00274,0.00914,0.55
3,44,hybrid,HYBRID_ALPHA0.2_BETA0.8,0.2,0.8,300,1.48159,0.99466,0.00968,1.19359,0.90432,0.03478,0.03062,0.00306,0.00844,0.55
3,44,hybrid,HYBRID_ALPHA0.3_BETA0.7,0.3,0.7,300,1.46947,0.99173,0.00977,1.17484,0.90224,0.03425,0.03125,0.00301,0.00839,0.625
3,44,hybrid,HYBRID_ALPHA0.4_BETA0.6,0.4,0.6,300,1.46097,0.99067,0.0104,1.15592,0.89904,0.03372,0.03122,0.00281,0.00838,0.6
3,44,hybrid,HYBRID_ALPHA0.5_BETA0.5,0.5,0.5,300,1.47738,0.99663,0.01094,1.14725,0.89681,0.0333,0.03062,0.00268,0.00804,0.625
3,44,hybrid,HYBRID_ALPHA0.6_BETA0.4,0.6,0.4,300,1.45634,0.98864,0.01153,1.13089,0.88985,0.03281,0.02828,0.00249,0.00833,0.525
3,44,hybrid,HYBRID_ALPHA0.7_BETA0.3,0.7,0.3,300,1.43756,0.9827,0.0106,1.12887,0.88782,0.03261,0.02702,0.00248,0.00871,0.575
3,44,hybrid,HYBRID_ALPHA0.8_BETA0.2,0.8,0.2,300,1.41767,0.98246,0.01607,1.12917,0.88605,0.03249,0.02574,0.00223,0.01029,0.575
3,44,hybrid,HYBRID_ALPHA0.9_BETA0.1,0.9,0.1,300,1.44828,0.99208,0.01318,1.12559,0.88313,0.03268,0.02434,0.00226,0.00993,0.55
3,44,hybrid,HYBRID_ALPHA0.1_BETA0.9,0.1,0.9,500,1.50074,1.01492,0.0095,1.22269,0.89814,0.03614,0.05829,0.00184,0.01098,0.65
3,44,hybrid,HYBRID_ALPHA0.2_BETA0.8,0.2,0.8,500,1.47394,1.00578,0.01021,1.21483,0.89066,0.03605,0.06215,0.00199,0.01144,0.625
3,44,hybrid,HYBRID_ALPHA0.3_BETA0.7,0.3,0.7,500,1.46131,0.99968,0.01072,1.181,0.88758,0.03374,0.06194,0.00206,0.01186,0.625
3,44,hybrid,HYBRID_ALPHA0.4_BETA0.6,0.4,0.6,500,1.4757,0.99637,0.00799,1.05328,0.85116,0.03012,0.04341,0.0019,0.01086,0.625
3,44,hybrid,HYBRID_ALPHA0.5_BETA0.5,0.5,0.5,500,1.45435,0.99611,0.0114,1.12177,0.87419,0.02915,0.05239,0.00198,0.01207,0.625
3,44,hybrid,HYBRID_ALPHA0.6_BETA0.4,0.6,0.4,500,1.45449,0.99583,0.01153,1.0952,0.86911,0.02759,0.04891,0.00192,0.01221,0.625
3,44,hybrid,HYBRID_ALPHA0.7_BETA0.3,0.7,0.3,500,1.46988,0.99267,0.00795,1.092,0.86735,0.02737,0.04769,0.00209,0.01136,0.6
3,44,hybrid,HYBRID_ALPHA0.8_BETA0.2,0.8,0.2,500,1.44863,0.99376,0.01177,1.00708,0.83653,0.02763,0.03308,0.0016,0.01187,0.625
3,44,hybrid,HYBRID_ALPHA0.9_BETA0.1,0.9,0.1,500,1.45535,0.99678,0.01175,1.00143,0.8351,0.02579,0.02971,0.00154,0.01163,0.65
3,44,mse,MSE,1.0,0.0,50,1.91721,1.09215,0.0283,1.58772,0.98207,0.04496,0.08648,0.00339,0.01372,0.55
3,44,mse,MSE,1.0,0.0,100,2.00052,1.07555,0.03169,1.36161,0.93497,0.03664,0.05873,0.00208,0.01548,0.5
3,44,mse,MSE,1.0,0.0,300,1.44654,0.99336,0.01184,1.1328,0.88389,0.0328,0.02414,0.00228,0.01056,0.575
3,44,mse,MSE,1.0,0.0,500,1.45749,0.99744,0.01177,0.99104,0.82896,0.02491,0.02469,0.00151,0.0114,0.65
4,45,hsic,HSIC,0.0,1.0,50,3.28819,1.36438,0.21235,9.72227,1.96441,0.1867,0.37717,0.00295,0.03492,0.55
4,45,hsic,HSIC,0.0,1.0,100,2.13268,1.15631,0.01826,8.8606,1.91918,0.19117,0.37238,0.00677,0.03382,0.55
4,45,hsic,HSIC,0.0,1.0,300,3.22638,1.45456,0.0341,9.07831,1.9132,0.17762,0.3571,0.00603,0.03258,0.525
4,45,hsic,HSIC,0.0,1.0,500,2.88137,1.35137,0.0132,8.57163,1.90692,0.18734,0.36835,0.00639,0.03409,0.575
4,45,hybrid,HYBRID_ALPHA0.1_BETA0.9,0.1,0.9,50,2.8679,1.29303,0.17754,8.13728,1.84089,0.18969,0.35587,0.00341,0.02876,0.55
4,45,hybrid,HYBRID_ALPHA0.2_BETA0.8,0.2,0.8,50,2.59933,1.2311,0.15576,1.68622,1.03825,0.0352,0.09247,0.00193,0.01247,0.575
4,45,hybrid,HYBRID_ALPHA0.3_BETA0.7,0.3,0.7,50,2.0582,1.10476,0.06382,1.62526,1.00288,0.03215,0.08607,0.00196,0.01505,0.575
4,45,hybrid,HYBRID_ALPHA0.4_BETA0.6,0.4,0.6,50,13.0507,1.54446,0.04556,1.60263,0.98584,0.03392,0.08759,0.00265,0.01615,0.7
4,45,hybrid,HYBRID_ALPHA0.5_BETA0.5,0.5,0.5,50,2.1779,1.15539,0.05959,1.60577,0.98263,0.03638,0.09286,0.00232,0.01496,0.55
4,45,hybrid,HYBRID_ALPHA0.6_BETA0.4,0.6,0.4,50,12.06399,1.72393,0.12619,1.63974,0.98968,0.03835,0.09398,0.00295,0.02042,0.75
4,45,hybrid,HYBRID_ALPHA0.7_BETA0.3,0.7,0.3,50,12.13152,1.78092,0.12336,1.60355,0.98407,0.02757,0.09259,0.00267,0.0212,0.65
4,45,hybrid,HYBRID_ALPHA0.8_BETA0.2,0.8,0.2,50,10.15354,1.64342,0.10287,1.63472,0.99808,0.02601,0.10456,0.00235,0.02161,0.775
4,45,hybrid,HYBRID_ALPHA0.9_BETA0.1,0.9,0.1,50,9.06403,1.58606,0.09782,1.62535,0.99081,0.02512,0.10075,0.00214,0.02162,0.8
4,45,hybrid,HYBRID_ALPHA0.1_BETA0.9,0.1,0.9,100,1.71449,1.04575,0.0179,7.66618,1.82235,0.18549,0.35446,0.00675,0.0316,0.6
4,45,hybrid,HYBRID_ALPHA0.2_BETA0.8,0.2,0.8,100,1.70538,1.03431,0.01712,2.12566,1.18725,0.04389,0.09757,0.00379,0.01358,0.5
4,45,hybrid,HYBRID_ALPHA0.3_BETA0.7,0.3,0.7,100,1.63809,1.02553,0.01624,1.98291,1.12845,0.04189,0.09021,0.00368,0.01402,0.525
4,45,hybrid,HYBRID_ALPHA0.4_BETA0.6,0.4,0.6,100,1.75288,1.04242,0.01489,1.84835,1.08948,0.04145,0.08388,0.00373,0.01399,0.575
4,45,hybrid,HYBRID_ALPHA0.5_BETA0.5,0.5,0.5,100,1.72876,1.03826,0.01638,1.75957,1.06365,0.0408,0.07938,0.00343,0.01379,0.5
4,45,hybrid,HYBRID_ALPHA0.6_BETA0.4,0.6,0.4,100,1.71411,1.03846,0.01617,1.59349,1.01496,0.04082,0.06648,0.00301,0.01366,0.55
4,45,hybrid,HYBRID_ALPHA0.7_BETA0.3,0.7,0.3,100,1.72478,1.03833,0.01568,1.25281,0.93194,0.02488,0.02009,0.00263,0.00932,0.65
4,45,hybrid,HYBRID_ALPHA0.8_BETA0.2,0.8,0.2,100,1.71594,1.03855,0.0148,1.16674,0.90134,0.02282,0.0183,0.00256,0.01052,0.575
4,45,hybrid,HYBRID_ALPHA0.9_BETA0.1,0.9,0.1,100,1.74386,1.04297,0.01448,1.0933,0.8667,0.01768,0.01748,0.0025,0.01226,0.575
4,45,hybrid,HYBRID_ALPHA0.1_BETA0.9,0.1,0.9,300,1.51882,1.01851,0.01578,1.86156,1.08496,0.03884,0.0915,0.00298,0.01351,0.5
4,45,hybrid,HYBRID_ALPHA0.2_BETA0.8,0.2,0.8,300,1.52329,1.0194,0.01705,1.78146,1.04883,0.0399,0.09509,0.00308,0.01439,0.625
4,45,hybrid,HYBRID_ALPHA0.3_BETA0.7,0.3,0.7,300,1.53066,1.02096,0.01773,1.66983,1.0084,0.04073,0.09767,0.00309,0.01504,0.65
4,45,hybrid,HYBRID_ALPHA0.4_BETA0.6,0.4,0.6,300,1.53747,1.022,0.018,1.51232,0.96824,0.03574,0.09671,0.00282,0.01459,0.625
4,45,hybrid,HYBRID_ALPHA0.5_BETA0.5,0.5,0.5,300,1.46626,0.99847,0.01305,1.46886,0.95659,0.03462,0.09503,0.00275,0.01361,0.6
4,45,hybrid,HYBRID_ALPHA0.6_BETA0.4,0.6,0.4,300,1.46197,0.99616,0.01301,1.10056,0.87385,0.01762,0.04162,0.00271,0.01255,0.55
4,45,hybrid,HYBRID_ALPHA0.7_BETA0.3,0.7,0.3,300,1.49929,1.00882,0.01383,1.10048,0.87417,0.0179,0.04132,0.00269,0.0129,0.55
4,45,hybrid,HYBRID_ALPHA0.8_BETA0.2,0.8,0.2,300,1.48959,1.00382,0.0135,1.09872,0.87365,0.01883,0.04096,0.00259,0.01289,0.55
4,45,hybrid,HYBRID_ALPHA0.9_BETA0.1,0.9,0.1,300,1.51816,1.01423,0.01423,1.09695,0.87301,0.01973,0.04039,0.00251,0.01267,0.575
4,45,hybrid,HYBRID_ALPHA0.1_BETA0.9,0.1,0.9,500,1.54341,1.01571,0.0099,2.19585,1.18641,0.03504,0.08737,0.00345,0.01031,0.525
4,45,hybrid,HYBRID_ALPHA0.2_BETA0.8,0.2,0.8,500,1.52938,1.01289,0.01054,1.00263,0.83387,0.02833,0.024,0.00179,0.01037,0.6
4,45,hybrid,HYBRID_ALPHA0.3_BETA0.7,0.3,0.7,500,1.50201,1.00642,0.01076,1.59987,1.00603,0.03347,0.0894,0.00291,0.01121,0.625
4,45,hybrid,HYBRID_ALPHA0.4_BETA0.6,0.4,0.6,500,1.47559,1.00135,0.01001,1.67376,1.02505,0.03413,0.08611,0.00288,0.01172,0.675
4,45,hybrid,HYBRID_ALPHA0.5_BETA0.5,0.5,0.5,500,1.46351,0.99828,0.01025,1.52854,0.98118,0.03159,0.08309,0.00277,0.01153,0.625
4,45,hybrid,HYBRID_ALPHA0.6_BETA0.4,0.6,0.4,500,1.45824,0.99649,0.01037,0.9993,0.83053,0.02709,0.02222,0.00168,0.01045,0.575
4,45,hybrid,HYBRID_ALPHA0.7_BETA0.3,0.7,0.3,500,1.46449,0.9986,0.01055,1.10186,0.86503,0.02883,0.03246,0.0022,0.01161,0.55
4,45,hybrid,HYBRID_ALPHA0.8_BETA0.2,0.8,0.2,500,1.46791,0.99821,0.01036,1.10098,0.86502,0.02958,0.032,0.00216,0.01181,0.575
4,45,hybrid,HYBRID_ALPHA0.9_BETA0.1,0.9,0.1,500,1.47884,0.99827,0.00887,1.10654,0.86768,0.02811,0.03298,0.00222,0.01198,0.625
4,45,mse,MSE,1.0,0.0,50,8.5356,1.5852,0.10261,1.67167,1.00161,0.02586,0.10162,0.00258,0.02165,0.725
4,45,mse,MSE,1.0,0.0,100,1.75526,1.04924,0.01521,1.13296,0.88317,0.01919,0.01717,0.00256,0.01091,0.5
4,45,mse,MSE,1.0,0.0,300,1.52977,1.01994,0.01452,1.09523,0.87214,0.0209,0.03975,0.00244,0.01284,0.55
4,45,mse,MSE,1.0,0.0,500,1.4742,0.99717,0.00911,1.10675,0.86772,0.02878,0.03267,0.00218,0.01212,0.6
5,46,hsic,HSIC,0.0,1.0,50,2.85323,1.29346,0.13095,11.01289,1.98881,0.17051,0.32458,0.00445,0.02386,0.675
5,46,hsic,HSIC,0.0,1.0,100,2.66937,1.2791,0.04388,8.19254,1.87785,0.19289,0.36768,0.00631,0.03476,0.55
5,46,hsic,HSIC,0.0,1.0,300,2.22905,1.18937,0.01069,9.0319,1.93724,0.18645,0.37592,0.00654,0.0378,0.6
5,46,hsic,HSIC,0.0,1.0,500,2.31355,1.20363,0.01694,9.24379,1.95161,0.1878,0.37938,0.00606,0.04177,0.675
5,46,hybrid,HYBRID_ALPHA0.1_BETA0.9,0.1,0.9,50,2.50561,1.21269,0.11398,6.5152,1.4519,0.08621,0.16292,0.00304,0.02946,0.625
5,46,hybrid,HYBRID_ALPHA0.2_BETA0.8,0.2,0.8,50,2.34971,1.17913,0.1172,3.71568,1.28061,0.0763,0.14145,0.00281,0.0315,0.575
5,46,hybrid,HYBRID_ALPHA0.3_BETA0.7,0.3,0.7,50,2.24245,1.15209,0.10481,3.32136,1.2191,0.05881,0.1228,0.00297,0.03134,0.575
5,46,hybrid,HYBRID_ALPHA0.4_BETA0.6,0.4,0.6,50,2.15532,1.12934,0.0935,2.79053,1.09596,0.02966,0.09627,0.00264,0.03253,0.625
5,46,hybrid,HYBRID_ALPHA0.5_BETA0.5,0.5,0.5,50,2.08259,1.10501,0.08342,3.09514,1.13392,0.03475,0.11173,0.00336,0.034,0.65
5,46,hybrid,HYBRID_ALPHA0.6_BETA0.4,0.6,0.4,50,2.03727,1.09401,0.07264,3.21807,1.12948,0.04752,0.1055,0.00321,0.0349,0.65
5,46,hybrid,HYBRID_ALPHA0.7_BETA0.3,0.7,0.3,50,2.10743,1.10838,0.08665,3.39988,1.13429,0.05826,0.1085,0.00318,0.03571,0.675
5,46,hybrid,HYBRID_ALPHA0.8_BETA0.2,0.8,0.2,50,2.09035,1.1078,0.08388,6.55126,1.25539,0.08669,0.10416,0.00276,0.0395,0.575
5,46,hybrid,HYBRID_ALPHA0.9_BETA0.1,0.9,0.1,50,2.16775,1.12529,0.1022,6.74569,1.26623,0.08416,0.10698,0.00279,0.03893,0.625
5,46,hybrid,HYBRID_ALPHA0.1_BETA0.9,0.1,0.9,100,1.82439,1.0646,0.03127,1.57017,1.00503,0.03905,0.07331,0.00265,0.01064,0.5
5,46,hybrid,HYBRID_ALPHA0.2_BETA0.8,0.2,0.8,100,1.87617,1.06975,0.0257,1.40827,0.9515,0.03525,0.07211,0.00254,0.01228,0.525
5,46,hybrid,HYBRID_ALPHA0.3_BETA0.7,0.3,0.7,100,1.80509,1.05795,0.02216,1.4024,0.9363,0.03791,0.07335,0.00257,0.01158,0.6
5,46,hybrid,HYBRID_ALPHA0.4_BETA0.6,0.4,0.6,100,1.75237,1.04829,0.01832,1.39405,0.93555,0.0385,0.07126,0.00258,0.01233,0.525
5,46,hybrid,HYBRID_ALPHA0.5_BETA0.5,0.5,0.5,100,1.74851,1.06162,0.0125,1.36464,0.92577,0.03945,0.06898,0.00255,0.01445,0.5
5,46,hybrid,HYBRID_ALPHA0.6_BETA0.4,0.6,0.4,100,1.76585,1.05601,0.01335,1.35423,0.92391,0.0413,0.06869,0.00242,0.01378,0.625
5,46,hybrid,HYBRID_ALPHA0.7_BETA0.3,0.7,0.3,100,1.80415,1.0767,0.0125,1.35816,0.92844,0.04303,0.06945,0.00228,0.01491,0.575
5,46,hybrid,HYBRID_ALPHA0.8_BETA0.2,0.8,0.2,100,1.81302,1.08182,0.01296,1.37062,0.93398,0.0442,0.07021,0.00223,0.01525,0.525
5,46,hybrid,HYBRID_ALPHA0.9_BETA0.1,0.9,0.1,100,1.81311,1.08505,0.01374,1.3248,0.91847,0.04607,0.06468,0.0021,0.01502,0.525
5,46,hybrid,HYBRID_ALPHA0.1_BETA0.9,0.1,0.9,300,1.53151,1.00724,0.00977,2.81373,1.28247,0.04435,0.11328,0.00417,0.00761,0.575
5,46,hybrid,HYBRID_ALPHA0.2_BETA0.8,0.2,0.8,300,1.5857,1.02545,0.00921,2.42359,1.18209,0.04427,0.1035,0.00393,0.00781,0.575
5,46,hybrid,HYBRID_ALPHA0.3_BETA0.7,0.3,0.7,300,1.58887,1.02631,0.00907,2.18826,1.13329,0.04141,0.09682,0.00382,0.00808,0.625
5,46,hybrid,HYBRID_ALPHA0.4_BETA0.6,0.4,0.6,300,1.59358,1.02675,0.00903,2.03579,1.09746,0.03903,0.0903,0.0037,0.00847,0.575
5,46,hybrid,HYBRID_ALPHA0.5_BETA0.5,0.5,0.5,300,1.59388,1.02705,0.00981,1.92593,1.06914,0.03707,0.08493,0.00368,0.00886,0.575
5,46,hybrid,HYBRID_ALPHA0.6_BETA0.4,0.6,0.4,300,1.62597,1.03584,0.01123,1.84361,1.04991,0.03566,0.08072,0.00364,0.00923,0.55
5,46,hybrid,HYBRID_ALPHA0.7_BETA0.3,0.7,0.3,300,1.62042,1.0361,0.01045,1.78989,1.03597,0.03483,0.07815,0.00361,0.00975,0.55
5,46,hybrid,HYBRID_ALPHA0.8_BETA0.2,0.8,0.2,300,1.63085,1.03971,0.01073,1.75449,1.02423,0.03376,0.07748,0.00357,0.01031,0.575
5,46,hybrid,HYBRID_ALPHA0.9_BETA0.1,0.9,0.1,300,1.62759,1.04094,0.01119,1.73073,1.01695,0.03296,0.07736,0.00356,0.01064,0.6
5,46,hybrid,HYBRID_ALPHA0.1_BETA0.9,0.1,0.9,500,1.64671,1.03477,0.01922,2.98322,1.30539,0.04392,0.11213,0.00389,0.00857,0.6
5,46,hybrid,HYBRID_ALPHA0.2_BETA0.8,0.2,0.8,500,1.599,1.0305,0.01656,1.07852,0.87541,0.04781,0.02166,0.002,0.0106,0.55
5,46,hybrid,HYBRID_ALPHA0.3_BETA0.7,0.3,0.7,500,1.60642,1.03318,0.0163,1.07104,0.86802,0.05225,0.02066,0.00185,0.0106,0.625
5,46,hybrid,HYBRID_ALPHA0.4_BETA0.6,0.4,0.6,500,1.60262,1.03185,0.01546,1.07539,0.86867,0.05001,0.02096,0.00191,0.01071,0.55
5,46,hybrid,HYBRID_ALPHA0.5_BETA0.5,0.5,0.5,500,1.59893,1.03047,0.01471,1.07902,0.86904,0.04855,0.02116,0.00195,0.01085,0.6
5,46,hybrid,HYBRID_ALPHA0.6_BETA0.4,0.6,0.4,500,1.60057,1.03059,0.01481,0.99535,0.83914,0.0483,0.01846,0.00145,0.00993,0.525
5,46,hybrid,HYBRID_ALPHA0.7_BETA0.3,0.7,0.3,500,1.59816,1.02976,0.0146,0.9919,0.83615,0.04523,0.01835,0.00146,0.01,0.5
5,46,hybrid,HYBRID_ALPHA0.8_BETA0.2,0.8,0.2,500,1.5948,1.02865,0.01431,1.03135,0.85209,0.05711,0.01306,0.0014,0.01036,0.575
5,46,hybrid,HYBRID_ALPHA0.9_BETA0.1,0.9,0.1,500,1.59544,1.02858,0.01445,1.03149,0.85143,0.05477,0.01243,0.00142,0.0105,0.55
5,46,mse,MSE,1.0,0.0,50,2.17627,1.13066,0.10349,6.66595,1.29773,0.0784,0.10646,0.00313,0.04374,0.575
5,46,mse,MSE,1.0,0.0,100,1.81892,1.0898,0.01496,1.34137,0.92462,0.04672,0.06527,0.00209,0.01525,0.5
5,46,mse,MSE,1.0,0.0,300,1.62601,1.04201,0.01117,1.70423,1.00911,0.03276,0.07703,0.00352,0.01085,0.55
5,46,mse,MSE,1.0,0.0,500,1.59473,1.02823,0.01448,1.02456,0.8472,0.04918,0.01146,0.00142,0.01057,0.525
6,47,hsic,HSIC,0.0,1.0,50,2.68499,1.25783,0.12909,8.76671,1.89859,0.19498,0.37274,0.00409,0.04346,0.575
6,47,hsic,HSIC,0.0,1.0,100,2.39616,1.22906,0.0279,8.41291,1.88169,0.18793,0.36053,0.00661,0.02937,0.525
6,47,hsic,HSIC,0.0,1.0,300,2.74165,1.31278,0.0305,8.93567,1.92751,0.18374,0.36996,0.00608,0.03896,0.6
6,47,hsic,HSIC,0.0,1.0,500,2.21546,1.18243,0.01346,8.6677,1.91386,0.18673,0.37039,0.00604,0.03542,0.625
6,47,hybrid,HYBRID_ALPHA0.1_BETA0.9,0.1,0.9,50,2.55377,1.22603,0.13516,8.71854,1.89508,0.19462,0.37203,0.00399,0.04412,0.575
6,47,hybrid,HYBRID_ALPHA0.2_BETA0.8,0.2,0.8,50,1.99813,1.09748,0.07562,8.65208,1.89004,0.19453,0.37152,0.00517,0.04357,0.625
6,47,hybrid,HYBRID_ALPHA0.3_BETA0.7,0.3,0.7,50,2.07176,1.11288,0.08752,8.6363,1.88905,0.19443,0.37147,0.00499,0.04394,0.625
6,47,hybrid,HYBRID_ALPHA0.4_BETA0.6,0.4,0.6,50,2.01907,1.10307,0.07105,8.63537,1.88894,0.19444,0.37141,0.00529,0.04367,0.625
6,47,hybrid,HYBRID_ALPHA0.5_BETA0.5,0.5,0.5,50,1.96363,1.09225,0.05973,8.29078,1.86364,0.19178,0.36792,0.00547,0.04238,0.575
6,47,hybrid,HYBRID_ALPHA0.6_BETA0.4,0.6,0.4,50,1.99344,1.09621,0.06746,6.58323,1.72566,0.17791,0.34604,0.00501,0.03788,0.625
6,47,hybrid,HYBRID_ALPHA0.7_BETA0.3,0.7,0.3,50,1.97385,1.09185,0.07012,2.11107,1.07959,0.06583,0.01284,0.00276,0.00957,0.625
6,47,hybrid,HYBRID_ALPHA0.8_BETA0.2,0.8,0.2,50,1.9908,1.09729,0.08067,1.4621,0.96099,0.04476,0.01977,0.00263,0.01044,0.55
6,47,hybrid,HYBRID_ALPHA0.9_BETA0.1,0.9,0.1,50,2.06026,1.1142,0.09904,1.46654,0.9591,0.04103,0.02169,0.0026,0.01038,0.55
6,47,hybrid,HYBRID_ALPHA0.1_BETA0.9,0.1,0.9,100,1.65289,1.02645,0.02179,1.74334,1.04095,0.04288,0.08409,0.00319,0.01344,0.55
6,47,hybrid,HYBRID_ALPHA0.2_BETA0.8,0.2,0.8,100,1.60293,1.01668,0.02005,1.73951,1.03364,0.04057,0.08601,0.00296,0.01361,0.6
6,47,hybrid,HYBRID_ALPHA0.3_BETA0.7,0.3,0.7,100,1.57938,1.01021,0.01825,1.12593,0.8419,0.0293,0.03181,0.00271,0.01297,0.575
6,47,hybrid,HYBRID_ALPHA0.4_BETA0.6,0.4,0.6,100,1.53058,1.01594,0.01329,1.08581,0.83168,0.026,0.02623,0.00253,0.01498,0.575
6,47,hybrid,HYBRID_ALPHA0.5_BETA0.5,0.5,0.5,100,1.51867,1.0157,0.01404,1.0761,0.82906,0.02344,0.02273,0.00265,0.01304,0.575
6,47,hybrid,HYBRID_ALPHA0.6_BETA0.4,0.6,0.4,100,1.53102,1.01855,0.01494,1.21983,0.89013,0.03453,0.06074,0.00269,0.01393,0.55
6,47,hybrid,HYBRID_ALPHA0.7_BETA0.3,0.7,0.3,100,1.63404,1.04662,0.01457,1.28946,0.91361,0.03814,0.07695,0.00289,0.0179,0.55
6,47,hybrid,HYBRID_ALPHA0.8_BETA0.2,0.8,0.2,100,1.60116,1.03127,0.01444,1.31786,0.9224,0.03805,0.07771,0.00275,0.01732,0.625
6,47,hybrid,HYBRID_ALPHA0.9_BETA0.1,0.9,0.1,100,1.59175,1.03619,0.01343,1.37348,0.93399,0.03857,0.08019,0.00285,0.01742,0.625
6,47,hybrid,HYBRID_ALPHA0.1_BETA0.9,0.1,0.9,300,1.44409,0.97351,0.00876,1.7954,1.07351,0.03735,0.09,0.00256,0.01243,0.525
6,47,hybrid,HYBRID_ALPHA0.2_BETA0.8,0.2,0.8,300,1.42063,0.96792,0.00812,1.71653,1.03391,0.03371,0.08645,0.00268,0.01288,0.55
6,47,hybrid,HYBRID_ALPHA0.3_BETA0.7,0.3,0.7,300,1.4127,0.96638,0.0075,1.72173,1.0348,0.03349,0.08841,0.00273,0.01256,0.55
6,47,hybrid,HYBRID_ALPHA0.4_BETA0.6,0.4,0.6,300,1.40803,0.96508,0.00738,1.6924,1.02218,0.03388,0.08747,0.00271,0.01247,0.575
6,47,hybrid,HYBRID_ALPHA0.5_BETA0.5,0.5,0.5,300,1.41017,0.96606,0.0075,1.59779,0.99639,0.03252,0.08064,0.00261,0.01219,0.5
6,47,hybrid,HYBRID_ALPHA0.6_BETA0.4,0.6,0.4,300,1.41639,0.96819,0.00755,1.54432,0.97876,0.03106,0.07913,0.00259,0.01208,0.5
6,47,hybrid,HYBRID_ALPHA0.7_BETA0.3,0.7,0.3,300,1.39801,0.96283,0.00687,1.41671,0.94544,0.02948,0.0731,0.00249,0.01244,0.575
6,47,hybrid,HYBRID_ALPHA0.8_BETA0.2,0.8,0.2,300,1.40408,0.96308,0.00724,1.40927,0.93941,0.02849,0.07506,0.00249,0.01272,0.6
6,47,hybrid,HYBRID_ALPHA0.9_BETA0.1,0.9,0.1,300,1.42459,0.96947,0.00797,1.41795,0.93642,0.03196,0.07549,0.00245,0.01231,0.575
6,47,hybrid,HYBRID_ALPHA0.1_BETA0.9,0.1,0.9,500,1.55783,1.01771,0.01107,1.19157,0.90887,0.04151,0.03037,0.0028,0.0107,0.6
6,47,hybrid,HYBRID_ALPHA0.2_BETA0.8,0.2,0.8,500,1.54084,1.01328,0.01093,1.0941,0.88351,0.03392,0.0293,0.00253,0.01154,0.525
6,47,hybrid,HYBRID_ALPHA0.3_BETA0.7,0.3,0.7,500,1.55149,1.01671,0.01157,1.08173,0.87972,0.03316,0.03493,0.00229,0.01121,0.5
6,47,hybrid,HYBRID_ALPHA0.4_BETA0.6,0.4,0.6,500,1.53824,1.01385,0.01157,1.08022,0.87789,0.04114,0.02432,0.0022,0.0112,0.55
6,47,hybrid,HYBRID_ALPHA0.5_BETA0.5,0.5,0.5,500,1.51065,1.00365,0.00923,1.06347,0.86585,0.03242,0.03166,0.00215,0.01174,0.55
6,47,hybrid,HYBRID_ALPHA0.6_BETA0.4,0.6,0.4,500,1.49809,0.99753,0.00882,1.06035,0.86205,0.03141,0.03165,0.00212,0.01196,0.55
6,47,hybrid,HYBRID_ALPHA0.7_BETA0.3,0.7,0.3,500,1.50035,0.99809,0.00894,1.08995,0.87323,0.02884,0.04142,0.00224,0.01212,0.6
6,47,hybrid,HYBRID_ALPHA0.8_BETA0.2,0.8,0.2,500,1.46079,0.98969,0.00767,1.08591,0.87038,0.0281,0.03983,0.00213,0.01132,0.575
6,47,hybrid,HYBRID_ALPHA0.9_BETA0.1,0.9,0.1,500,1.50505,0.99901,0.00913,1.07763,0.86607,0.02803,0.03709,0.00217,0.01228,0.575
6,47,mse,MSE,1.0,0.0,50,2.17463,1.14771,0.1342,1.55769,0.96651,0.0313,0.02358,0.00239,0.01146,0.525
6,47,mse,MSE,1.0,0.0,100,1.55851,1.02182,0.01391,1.34983,0.92683,0.03767,0.07553,0.00277,0.0175,0.525
6,47,mse,MSE,1.0,0.0,300,1.42283,0.96922,0.00775,0.99797,0.82532,0.03586,0.02862,0.00164,0.01181,0.55
6,47,mse,MSE,1.0,0.0,500,1.52771,1.0072,0.00998,1.06891,0.86214,0.02786,0.03472,0.00216,0.01207,0.525
7,48,hsic,HSIC,0.0,1.0,50,3.62057,1.5141,0.02028,7.96776,1.88047,0.19324,0.36905,0.00575,0.05144,0.7
7,48,hsic,HSIC,0.0,1.0,100,2.30542,1.19201,0.02869,8.63747,1.90183,0.18801,0.36636,0.00621,0.04703,0.7
7,48,hsic,HSIC,0.0,1.0,300,2.20517,1.18838,0.01722,14.68953,3.2274,0.0695,0.08245,0.00321,0.13709,0.725
7,48,hsic,HSIC,0.0,1.0,500,2.30091,1.19379,0.02247,8.39907,1.89804,0.1887,0.36806,0.00637,0.0843,0.675
7,48,hybrid,HYBRID_ALPHA0.1_BETA0.9,0.1,0.9,50,1.93121,1.09005,0.0262,1.93254,1.09682,0.04352,0.10248,0.00314,0.01773,0.6
7,48,hybrid,HYBRID_ALPHA0.2_BETA0.8,0.2,0.8,50,1.94591,1.10108,0.03416,1.98561,1.09265,0.03688,0.09334,0.00362,0.02151,0.6
7,48,hybrid,HYBRID_ALPHA0.3_BETA0.7,0.3,0.7,50,1.99602,1.10873,0.03564,1.88073,1.06475,0.03794,0.08766,0.00334,0.02159,0.55
7,48,hybrid,HYBRID_ALPHA0.4_BETA0.6,0.4,0.6,50,2.04595,1.11498,0.04184,1.85199,1.05638,0.03814,0.08724,0.00334,0.02305,0.575
7,48,hybrid,HYBRID_ALPHA0.5_BETA0.5,0.5,0.5,50,2.06286,1.11555,0.0422,1.83565,1.05158,0.03815,0.08666,0.00334,0.02296,0.625
7,48,hybrid,HYBRID_ALPHA0.6_BETA0.4,0.6,0.4,50,2.11036,1.12169,0.04507,1.84698,1.05114,0.03841,0.08583,0.00336,0.02354,0.65
7,48,hybrid,HYBRID_ALPHA0.7_BETA0.3,0.7,0.3,50,2.1331,1.12742,0.04543,1.78972,1.03324,0.03765,0.08318,0.00319,0.02324,0.65
7,48,hybrid,HYBRID_ALPHA0.8_BETA0.2,0.8,0.2,50,1.94158,1.08861,0.02196,1.767,1.02609,0.03671,0.08006,0.00278,0.0176,0.6
7,48,hybrid,HYBRID_ALPHA0.9_BETA0.1,0.9,0.1,50,1.99793,1.09827,0.02838,1.7715,1.03124,0.03577,0.07724,0.00291,0.01957,0.625
7,48,hybrid,HYBRID_ALPHA0.1_BETA0.9,0.1,0.9,100,1.42333,0.97704,0.01777,2.01244,1.16678,0.04714,0.09542,0.00288,0.01312,0.6
7,48,hybrid,HYBRID_ALPHA0.2_BETA0.8,0.2,0.8,100,1.48133,1.00245,0.01895,1.94142,1.1289,0.04046,0.09924,0.00323,0.01244,0.525
7,48,hybrid,HYBRID_ALPHA0.3_BETA0.7,0.3,0.7,100,1.47796,0.99897,0.0152,1.82704,1.09115,0.03935,0.09153,0.00298,0.01213,0.625
7,48,hybrid,HYBRID_ALPHA0.4_BETA0.6,0.4,0.6,100,1.47225,1.00445,0.02058,1.73824,1.05952,0.03873,0.08603,0.00295,0.01154,0.575
7,48,hybrid,HYBRID_ALPHA0.5_BETA0.5,0.5,0.5,100,1.47563,1.00319,0.01867,1.38785,0.96038,0.03862,0.07029,0.00238,0.00958,0.575
7,48,hybrid,HYBRID_ALPHA0.6_BETA0.4,0.6,0.4,100,1.52049,1.02065,0.02271,1.28913,0.91466,0.03397,0.06467,0.00247,0.00977,0.525
7,48,hybrid,HYBRID_ALPHA0.7_BETA0.3,0.7,0.3,100,1.53318,1.02531,0.02267,1.37678,0.94784,0.03675,0.06691,0.0027,0.01003,0.525
7,48,hybrid,HYBRID_ALPHA0.8_BETA0.2,0.8,0.2,100,1.53304,1.02791,0.02336,1.22325,0.88139,0.02442,0.05622,0.00255,0.00945,0.55
7,48,hybrid,HYBRID_ALPHA0.9_BETA0.1,0.9,0.1,100,1.52588,1.02684,0.02164,1.31996,0.91933,0.0328,0.06614,0.00288,0.00962,0.55
7,48,hybrid,HYBRID_ALPHA0.1_BETA0.9,0.1,0.9,300,1.55577,1.01439,0.0153,2.49508,1.28812,0.03517,0.12659,0.00313,0.00572,0.6
7,48,hybrid,HYBRID_ALPHA0.2_BETA0.8,0.2,0.8,300,1.53057,1.00661,0.01396,2.46333,1.27898,0.03944,0.12247,0.00298,0.00604,0.575
7,48,hybrid,HYBRID_ALPHA0.3_BETA0.7,0.3,0.7,300,1.54323,1.01201,0.01437,1.10829,0.89743,0.04962,0.03581,0.00201,0.00519,0.5
7,48,hybrid,HYBRID_ALPHA0.4_BETA0.6,0.4,0.6,300,1.53367,1.0087,0.01319,1.09427,0.89265,0.04464,0.03515,0.00195,0.00501,0.575
7,48,hybrid,HYBRID_ALPHA0.5_BETA0.5,0.5,0.5,300,1.53513,1.00584,0.01221,1.08885,0.89085,0.04455,0.03449,0.00183,0.00491,0.6
7,48,hybrid,HYBRID_ALPHA0.6_BETA0.4,0.6,0.4,300,1.50441,1.00084,0.01184,1.07143,0.88413,0.04683,0.03213,0.00161,0.00491,0.575
7,48,hybrid,HYBRID_ALPHA0.7_BETA0.3,0.7,0.3,300,1.51256,1.00313,0.01212,1.06573,0.88019,0.04127,0.03258,0.00155,0.00478,0.525
7,48,hybrid,HYBRID_ALPHA0.8_BETA0.2,0.8,0.2,300,1.51071,1.00001,0.01101,1.05442,0.8726,0.03686,0.03127,0.00147,0.00462,0.525
7,48,hybrid,HYBRID_ALPHA0.9_BETA0.1,0.9,0.1,300,1.56288,1.01644,0.01281,1.78429,1.04481,0.03871,0.10837,0.00298,0.0057,0.625
7,48,hybrid,HYBRID_ALPHA0.1_BETA0.9,0.1,0.9,500,1.56659,1.01601,0.01589,2.05247,1.16065,0.03495,0.09409,0.00314,0.00747,0.625
7,48,hybrid,HYBRID_ALPHA0.2_BETA0.8,0.2,0.8,500,1.5715,1.02006,0.01734,1.68187,1.03658,0.03425,0.09282,0.00256,0.00836,0.625
7,48,hybrid,HYBRID_ALPHA0.3_BETA0.7,0.3,0.7,500,1.55567,1.01681,0.01626,1.62409,1.00496,0.0342,0.09187,0.00252,0.00864,0.625
7,48,hybrid,HYBRID_ALPHA0.4_BETA0.6,0.4,0.6,500,1.54836,1.01512,0.01555,1.61266,0.99593,0.03399,0.09246,0.00255,0.00905,0.55
7,48,hybrid,HYBRID_ALPHA0.5_BETA0.5,0.5,0.5,500,1.60141,1.02561,0.02034,1.6108,0.9921,0.03385,0.09361,0.00244,0.00988,0.525
7,48,hybrid,HYBRID_ALPHA0.6_BETA0.4,0.6,0.4,500,1.5911,1.02365,0.01827,1.60976,0.99082,0.03394,0.0949,0.0025,0.01034,0.575
7,48,hybrid,HYBRID_ALPHA0.7_BETA0.3,0.7,0.3,500,1.58402,1.02206,0.01735,1.61392,0.9906,0.03436,0.09677,0.00254,0.01099,0.55
7,48,hybrid,HYBRID_ALPHA0.8_BETA0.2,0.8,0.2,500,1.5703,1.02018,0.01592,1.60657,0.9877,0.03516,0.09769,0.00258,0.01161,0.5
7,48,hybrid,HYBRID_ALPHA0.9_BETA0.1,0.9,0.1,500,1.53686,1.01239,0.01203,1.54669,0.97133,0.03663,0.09145,0.00258,0.01217,0.55
7,48,mse,MSE,1.0,0.0,50,1.95662,1.08961,0.02447,1.76737,1.0356,0.0357,0.0776,0.00275,0.01868,0.6
7,48,mse,MSE,1.0,0.0,100,1.52109,1.0269,0.02204,1.29167,0.90956,0.03549,0.05915,0.00278,0.00955,0.55
7,48,mse,MSE,1.0,0.0,300,1.57044,1.01843,0.01221,1.04774,0.84828,0.02333,0.02501,0.00187,0.00451,0.575
7,48,mse,MSE,1.0,0.0,500,1.5299,1.0102,0.01117,1.50651,0.95967,0.03828,0.08762,0.00255,0.01289,0.55
8,49,hsic,HSIC,0.0,1.0,50,2.39172,1.21604,0.03,9.76596,1.97369,0.18246,0.3758,0.0055,0.0343,0.625
8,49,hsic,HSIC,0.0,1.0,100,3.08943,1.3824,0.02707,10.25952,2.00775,0.17746,0.35743,0.00686,0.0392,0.6
8,49,hsic,HSIC,0.0,1.0,300,3.24843,1.46315,0.03413,8.96572,1.93643,0.18601,0.37437,0.00597,0.03511,0.575
8,49,hsic,HSIC,0.0,1.0,500,2.41225,1.2281,0.01828,8.88546,1.93189,0.18738,0.37737,0.00629,0.03342,0.55
8,49,hybrid,HYBRID_ALPHA0.1_BETA0.9,0.1,0.9,50,1.77159,1.06901,0.02028,8.05142,1.86566,0.18851,0.36774,0.00593,0.02977,0.525
8,49,hybrid,HYBRID_ALPHA0.2_BETA0.8,0.2,0.8,50,2.61821,1.1528,0.02774,1.7171,1.03721,0.03104,0.10828,0.00312,0.01641,0.5
8,49,hybrid,HYBRID_ALPHA0.3_BETA0.7,0.3,0.7,50,2.48909,1.12657,0.02894,1.77024,1.04859,0.02993,0.10566,0.0032,0.01876,0.525
8,49,hybrid,HYBRID_ALPHA0.4_BETA0.6,0.4,0.6,50,1.85005,1.06699,0.03227,1.89286,1.05755,0.02663,0.10659,0.00275,0.01905,0.525
8,49,hybrid,HYBRID_ALPHA0.5_BETA0.5,0.5,0.5,50,1.72194,1.04242,0.01857,3.22962,1.15227,0.02636,0.08982,0.00258,0.01851,0.6
8,49,hybrid,HYBRID_ALPHA0.6_BETA0.4,0.6,0.4,50,1.80371,1.06399,0.02361,4.04378,1.23653,0.02662,0.081,0.0026,0.01904,0.625
8,49,hybrid,HYBRID_ALPHA0.7_BETA0.3,0.7,0.3,50,1.73086,1.05298,0.02092,3.99675,1.24157,0.02326,0.08204,0.00256,0.02072,0.625
8,49,hybrid,HYBRID_ALPHA0.8_BETA0.2,0.8,0.2,50,1.86691,1.08465,0.0246,3.76992,1.25125,0.02463,0.08909,0.0018,0.02097,0.625
8,49,hybrid,HYBRID_ALPHA0.9_BETA0.1,0.9,0.1,50,1.82233,1.07789,0.03399,2.96994,1.20806,0.02728,0.09811,0.00193,0.02128,0.55
8,49,hybrid,HYBRID_ALPHA0.1_BETA0.9,0.1,0.9,100,2.95647,1.21906,0.02701,2.31871,1.27265,0.03108,0.16634,0.00302,0.01105,0.625
8,49,hybrid,HYBRID_ALPHA0.2_BETA0.8,0.2,0.8,100,2.38587,1.12741,0.01969,2.20146,1.21078,0.05032,0.13545,0.00329,0.01093,0.625
8,49,hybrid,HYBRID_ALPHA0.3_BETA0.7,0.3,0.7,100,2.85647,1.14741,0.01827,1.78118,1.10493,0.03845,0.12641,0.00319,0.01128,0.625
8,49,hybrid,HYBRID_ALPHA0.4_BETA0.6,0.4,0.6,100,2.02704,1.09104,0.01732,1.62647,1.06178,0.0321,0.12554,0.00293,0.01135,0.65
8,49,hybrid,HYBRID_ALPHA0.5_BETA0.5,0.5,0.5,100,2.14768,1.10922,0.02479,1.74069,1.11558,0.02895,0.11574,0.00285,0.01071,0.575
8,49,hybrid,HYBRID_ALPHA0.6_BETA0.4,0.6,0.4,100,2.11484,1.10581,0.02424,1.5857,1.05071,0.02904,0.12429,0.00264,0.01122,0.575
8,49,hybrid,HYBRID_ALPHA0.7_BETA0.3,0.7,0.3,100,2.02382,1.09172,0.0209,1.57223,1.04274,0.02719,0.11063,0.00265,0.01149,0.575
8,49,hybrid,HYBRID_ALPHA0.8_BETA0.2,0.8,0.2,100,1.79991,1.05636,0.01887,1.56095,1.03673,0.02777,0.10613,0.00259,0.0121,0.6
8,49,hybrid,HYBRID_ALPHA0.9_BETA0.1,0.9,0.1,100,1.84337,1.06386,0.02021,1.5467,1.02634,0.02825,0.10002,0.00253,0.01228,0.575
8,49,hybrid,HYBRID_ALPHA0.1_BETA0.9,0.1,0.9,300,1.54581,1.01642,0.01334,1.9081,1.08623,0.0424,0.09682,0.00309,0.01045,0.7
8,49,hybrid,HYBRID_ALPHA0.2_BETA0.8,0.2,0.8,300,1.48329,1.00249,0.01256,1.86884,1.065,0.0391,0.09724,0.00307,0.01089,0.625
8,49,hybrid,HYBRID_ALPHA0.3_BETA0.7,0.3,0.7,300,1.46104,0.99737,0.01225,1.82347,1.04618,0.0401,0.10045,0.00308,0.01118,0.6
8,49,hybrid,HYBRID_ALPHA0.4_BETA0.6,0.4,0.6,300,1.44807,0.99636,0.01538,1.79055,1.03428,0.04015,0.09915,0.00315,0.01154,0.625
8,49,hybrid,HYBRID_ALPHA0.5_BETA0.5,0.5,0.5,300,1.47707,0.99745,0.01245,1.75803,1.0237,0.04015,0.09615,0.00299,0.01147,0.6
8,49,hybrid,HYBRID_ALPHA0.6_BETA0.4,0.6,0.4,300,1.47684,0.99812,0.01228,1.60856,0.99874,0.03664,0.07859,0.00262,0.01086,0.6
8,49,hybrid,HYBRID_ALPHA0.7_BETA0.3,0.7,0.3,300,1.48211,0.99923,0.01178,1.58052,0.98672,0.03683,0.07769,0.00254,0.01086,0.55
8,49,hybrid,HYBRID_ALPHA0.8_BETA0.2,0.8,0.2,300,1.47685,0.99836,0.01181,1.56796,0.97825,0.037,0.07756,0.00253,0.01098,0.6
8,49,hybrid,HYBRID_ALPHA0.9_BETA0.1,0.9,0.1,300,1.4761,0.99878,0.012,1.54723,0.96825,0.03727,0.07716,0.00254,0.01115,0.65
8,49,hybrid,HYBRID_ALPHA0.1_BETA0.9,0.1,0.9,500,1.53627,1.01009,0.01182,1.08236,0.87622,0.03842,0.02391,0.0018,0.00993,0.525
8,49,hybrid,HYBRID_ALPHA0.2_BETA0.8,0.2,0.8,500,1.51731,1.00392,0.01049,1.09109,0.87794,0.04152,0.02281,0.00209,0.01076,0.525
8,49,hybrid,HYBRID_ALPHA0.3_BETA0.7,0.3,0.7,500,1.49445,0.99612,0.00976,1.09925,0.88001,0.04064,0.02272,0.00212,0.01102,0.525
8,49,hybrid,HYBRID_ALPHA0.4_BETA0.6,0.4,0.6,500,1.48286,0.99401,0.00956,1.97242,1.08823,0.04243,0.09337,0.00329,0.01034,0.6
8,49,hybrid,HYBRID_ALPHA0.5_BETA0.5,0.5,0.5,500,1.49075,0.99616,0.00985,1.76534,1.0445,0.03943,0.08721,0.00307,0.01083,0.525
8,49,hybrid,HYBRID_ALPHA0.6_BETA0.4,0.6,0.4,500,1.51942,1.00321,0.01059,1.11234,0.88269,0.03762,0.0225,0.00209,0.01192,0.525
8,49,hybrid,HYBRID_ALPHA0.7_BETA0.3,0.7,0.3,500,1.52611,1.00456,0.01096,1.11451,0.88237,0.03653,0.02242,0.00208,0.01168,0.525
8,49,hybrid,HYBRID_ALPHA0.8_BETA0.2,0.8,0.2,500,1.52936,1.0056,0.0111,1.11297,0.88041,0.0355,0.02195,0.00205,0.0115,0.525
8,49,hybrid,HYBRID_ALPHA0.9_BETA0.1,0.9,0.1,500,1.52446,1.00393,0.01079,1.11275,0.87918,0.03386,0.02149,0.00204,0.01161,0.55
8,49,mse,MSE,1.0,0.0,50,1.81121,1.07354,0.03247,2.46477,1.16014,0.02966,0.10869,0.00183,0.02043,0.55
8,49,mse,MSE,1.0,0.0,100,1.98486,1.08643,0.0211,1.53867,1.01682,0.02919,0.09416,0.00256,0.01267,0.65
8,49,mse,MSE,1.0,0.0,300,1.46624,0.99717,0.01212,1.00516,0.82993,0.02004,0.0231,0.0018,0.01033,0.6
8,49,mse,MSE,1.0,0.0,500,1.49428,0.99644,0.0087,1.10953,0.87632,0.03217,0.0206,0.002,0.01175,0.525
9,50,hsic,HSIC,0.0,1.0,50,2.84396,1.35723,0.04561,8.2738,1.7486,0.0921,0.17213,0.00324,0.03569,0.55
9,50,hsic,HSIC,0.0,1.0,100,2.9214,1.35404,0.09656,1.74472,1.07199,0.03849,0.14713,0.00232,0.01173,0.525
9,50,hsic,HSIC,0.0,1.0,300,3.43177,1.4982,0.01316,9.09643,1.94341,0.18636,0.37775,0.00684,0.0389,0.575
9,50,hsic,HSIC,0.0,1.0,500,3.16947,1.44264,0.01777,8.5343,1.90057,0.18442,0.3633,0.00633,0.03278,0.575
9,50,hybrid,HYBRID_ALPHA0.1_BETA0.9,0.1,0.9,50,2.36225,1.21697,0.1036,1.42084,0.94594,0.03499,0.02304,0.00301,0.01154,0.55
9,50,hybrid,HYBRID_ALPHA0.2_BETA0.8,0.2,0.8,50,1.75946,1.0734,0.0133,1.34555,0.93406,0.03178,0.02912,0.00312,0.00814,0.5
9,50,hybrid,HYBRID_ALPHA0.3_BETA0.7,0.3,0.7,50,1.53391,1.01534,0.01003,1.36654,0.94407,0.03423,0.02719,0.00298,0.0082,0.6
9,50,hybrid,HYBRID_ALPHA0.4_BETA0.6,0.4,0.6,50,1.62313,1.03856,0.01066,1.35604,0.9453,0.02396,0.07149,0.0034,0.00812,0.525
9,50,hybrid,HYBRID_ALPHA0.5_BETA0.5,0.5,0.5,50,1.67661,1.05004,0.01014,1.35432,0.94617,0.0239,0.06678,0.00354,0.00815,0.525
9,50,hybrid,HYBRID_ALPHA0.6_BETA0.4,0.6,0.4,50,1.63027,1.03881,0.00954,1.33452,0.94196,0.0246,0.06485,0.00339,0.00783,0.525
9,50,hybrid,HYBRID_ALPHA0.7_BETA0.3,0.7,0.3,50,1.64822,1.04356,0.01727,1.31315,0.92381,0.03038,0.06528,0.00297,0.00876,0.575
9,50,hybrid,HYBRID_ALPHA0.8_BETA0.2,0.8,0.2,50,1.6511,1.0444,0.01594,1.29965,0.91302,0.03319,0.05876,0.00287,0.00895,0.5
9,50,hybrid,HYBRID_ALPHA0.9_BETA0.1,0.9,0.1,50,1.63321,1.03972,0.01172,1.33449,0.91433,0.04044,0.0633,0.00302,0.0094,0.575
9,50,hybrid,HYBRID_ALPHA0.1_BETA0.9,0.1,0.9,100,1.50259,0.98392,0.01244,1.99542,1.11719,0.06064,0.17889,0.00315,0.0137,0.575
9,50,hybrid,HYBRID_ALPHA0.2_BETA0.8,0.2,0.8,100,1.44605,0.97857,0.00895,2.0565,1.13099,0.06255,0.18621,0.00359,0.01674,0.625
9,50,hybrid,HYBRID_ALPHA0.3_BETA0.7,0.3,0.7,100,1.52946,1.00069,0.01286,2.74759,1.18512,0.05773,0.1781,0.00399,0.01502,0.575
9,50,hybrid,HYBRID_ALPHA0.4_BETA0.6,0.4,0.6,100,1.47187,0.98765,0.00865,4.14222,1.24627,0.06187,0.18133,0.00392,0.01664,0.6
9,50,hybrid,HYBRID_ALPHA0.5_BETA0.5,0.5,0.5,100,1.503,0.99007,0.01096,5.56683,1.29321,0.06211,0.1836,0.00395,0.01575,0.575
9,50,hybrid,HYBRID_ALPHA0.6_BETA0.4,0.6,0.4,100,1.48102,0.98816,0.01043,6.64393,1.32363,0.06332,0.18499,0.00401,0.01561,0.525
9,50,hybrid,HYBRID_ALPHA0.7_BETA0.3,0.7,0.3,100,1.50378,0.99551,0.01081,6.87454,1.32943,0.06494,0.18546,0.00408,0.01552,0.55
9,50,hybrid,HYBRID_ALPHA0.8_BETA0.2,0.8,0.2,100,1.54525,1.00564,0.01007,6.37942,1.32026,0.06792,0.18802,0.00415,0.0157,0.55
9,50,hybrid,HYBRID_ALPHA0.9_BETA0.1,0.9,0.1,100,1.55212,1.00085,0.0087,3.09426,1.22023,0.07343,0.19295,0.00395,0.01596,0.525
9,50,hybrid,HYBRID_ALPHA0.1_BETA0.9,0.1,0.9,300,1.50129,1.01301,0.01325,1.14002,0.88654,0.03696,0.04243,0.00201,0.00826,0.575
9,50,hybrid,HYBRID_ALPHA0.2_BETA0.8,0.2,0.8,300,1.50368,1.01729,0.013,1.08265,0.86762,0.03612,0.03971,0.00183,0.00791,0.625
9,50,hybrid,HYBRID_ALPHA0.3_BETA0.7,0.3,0.7,300,1.50904,1.03254,0.01879,1.06277,0.86137,0.03417,0.03671,0.00156,0.00953,0.675
9,50,hybrid,HYBRID_ALPHA0.4_BETA0.6,0.4,0.6,300,1.52019,1.03519,0.01833,1.04792,0.85598,0.03369,0.03366,0.00149,0.00943,0.6
9,50,hybrid,HYBRID_ALPHA0.5_BETA0.5,0.5,0.5,300,1.50433,1.02977,0.01673,1.02905,0.84905,0.03327,0.03016,0.00148,0.0094,0.625
9,50,hybrid,HYBRID_ALPHA0.6_BETA0.4,0.6,0.4,300,1.5147,1.03161,0.01652,1.02774,0.84924,0.03306,0.02872,0.00148,0.00935,0.6
9,50,hybrid,HYBRID_ALPHA0.7_BETA0.3,0.7,0.3,300,1.51555,1.02982,0.01606,1.02622,0.84746,0.03274,0.02738,0.00145,0.00922,0.575
9,50,hybrid,HYBRID_ALPHA0.8_BETA0.2,0.8,0.2,300,1.53892,1.02713,0.01347,1.02689,0.84637,0.03205,0.02666,0.00165,0.00796,0.6
9,50,hybrid,HYBRID_ALPHA0.9_BETA0.1,0.9,0.1,300,1.54155,1.02738,0.01372,1.03671,0.85152,0.03317,0.02613,0.00172,0.00793,0.575
9,50,hybrid,HYBRID_ALPHA0.1_BETA0.9,0.1,0.9,500,1.48541,0.98877,0.01041,2.44121,1.20549,0.03556,0.09927,0.00328,0.00962,0.55
9,50,hybrid,HYBRID_ALPHA0.2_BETA0.8,0.2,0.8,500,1.44673,0.97719,0.00937,2.21959,1.13537,0.04353,0.09155,0.0029,0.00982,0.575
9,50,hybrid,HYBRID_ALPHA0.3_BETA0.7,0.3,0.7,500,1.4371,0.97697,0.00911,2.12313,1.11616,0.03932,0.08771,0.00306,0.00974,0.625
9,50,hybrid,HYBRID_ALPHA0.4_BETA0.6,0.4,0.6,500,1.42671,0.97295,0.0089,2.01149,1.08529,0.03754,0.08553,0.00298,0.01012,0.6
9,50,hybrid,HYBRID_ALPHA0.5_BETA0.5,0.5,0.5,500,1.42814,0.9737,0.0089,1.91043,1.05862,0.03772,0.08226,0.00286,0.01055,0.55
9,50,hybrid,HYBRID_ALPHA0.6_BETA0.4,0.6,0.4,500,1.44172,0.97817,0.00954,1.82271,1.04042,0.03814,0.08138,0.00267,0.01136,0.55
9,50,hybrid,HYBRID_ALPHA0.7_BETA0.3,0.7,0.3,500,1.4495,0.982,0.00929,1.7931,1.03295,0.03847,0.08205,0.00272,0.01153,0.6
9,50,hybrid,HYBRID_ALPHA0.8_BETA0.2,0.8,0.2,500,1.44358,0.97954,0.00899,1.75286,1.02204,0.03869,0.08222,0.00266,0.01186,0.525
9,50,hybrid,HYBRID_ALPHA0.9_BETA0.1,0.9,0.1,500,1.45319,0.98329,0.00942,1.09315,0.85626,0.02729,0.02374,0.00218,0.0094,0.525
9,50,mse,MSE,1.0,0.0,50,1.67013,1.04804,0.01864,1.36153,0.91756,0.04766,0.06577,0.00301,0.01093,0.55
9,50,mse,MSE,1.0,0.0,100,1.65344,1.03196,0.01521,2.06185,1.12229,0.07619,0.18523,0.00348,0.01395,0.675
9,50,mse,MSE,1.0,0.0,300,1.56921,1.0399,0.01471,1.04914,0.8575,0.03355,0.02759,0.00158,0.00857,0.65
9,50,mse,MSE,1.0,0.0,500,1.45582,0.9811,0.00972,1.09795,0.85547,0.0275,0.02286,0.0022,0.00981,0.525
10,51,hsic,HSIC,0.0,1.0,50,3.16956,1.34725,0.21115,9.3957,1.98466,0.18339,0.39432,0.00285,0.03072,0.625
10,51,hsic,HSIC,0.0,1.0,100,1.8747,1.10079,0.00842,8.96409,1.93007,0.1879,0.3739,0.00539,0.03212,0.6
10,51,hsic,HSIC,0.0,1.0,300,3.8849,1.59756,0.01787,8.2978,1.89044,0.19015,0.37057,0.00618,0.02997,0.55
10,51,hsic,HSIC,0.0,1.0,500,3.45402,1.51071,0.02205,8.86356,1.92456,0.18389,0.36775,0.00646,0.04256,0.625
10,51,hybrid,HYBRID_ALPHA0.1_BETA0.9,0.1,0.9,50,2.72214,1.26512,0.17743,7.60478,1.85173,0.18635,0.37704,0.00315,0.02664,0.6
10,51,hybrid,HYBRID_ALPHA0.2_BETA0.8,0.2,0.8,50,2.54392,1.23013,0.17334,1.74949,1.02448,0.04934,0.11683,0.00121,0.01853,0.675
10,51,hybrid,HYBRID_ALPHA0.3_BETA0.7,0.3,0.7,50,2.45739,1.21415,0.16488,1.72777,1.0149,0.04567,0.11348,0.00119,0.01873,0.675
10,51,hybrid,HYBRID_ALPHA0.4_BETA0.6,0.4,0.6,50,2.40282,1.2035,0.15962,1.69076,1.00466,0.04233,0.09848,0.00131,0.01897,0.725
10,51,hybrid,HYBRID_ALPHA0.5_BETA0.5,0.5,0.5,50,2.44873,1.21742,0.15949,1.74934,1.04552,0.03089,0.08134,0.00258,0.0194,0.7
10,51,hybrid,HYBRID_ALPHA0.6_BETA0.4,0.6,0.4,50,17.46493,1.63792,0.1265,1.4945,0.97962,0.04782,0.08653,0.00213,0.01884,0.525
10,51,hybrid,HYBRID_ALPHA0.7_BETA0.3,0.7,0.3,50,2.0437,1.12057,0.105,1.49542,0.98743,0.04942,0.09517,0.00174,0.02021,0.65
10,51,hybrid,HYBRID_ALPHA0.8_BETA0.2,0.8,0.2,50,2.08756,1.13177,0.10624,1.46384,0.98095,0.04527,0.0927,0.00192,0.02204,0.675
10,51,hybrid,HYBRID_ALPHA0.9_BETA0.1,0.9,0.1,50,1.90217,1.09244,0.07371,1.31089,0.91662,0.02514,0.06489,0.00238,0.02456,0.6
10,51,hybrid,HYBRID_ALPHA0.1_BETA0.9,0.1,0.9,100,1.51688,1.00675,0.01397,1.36443,0.94758,0.04262,0.04597,0.00263,0.01223,0.55
10,51,hybrid,HYBRID_ALPHA0.2_BETA0.8,0.2,0.8,100,1.50718,1.01727,0.02275,1.99202,1.09048,0.0382,0.08662,0.00247,0.01113,0.525
10,51,hybrid,HYBRID_ALPHA0.3_BETA0.7,0.3,0.7,100,1.46497,0.99802,0.0161,1.86597,1.05532,0.03808,0.08253,0.00296,0.01065,0.6
10,51,hybrid,HYBRID_ALPHA0.4_BETA0.6,0.4,0.6,100,1.45318,1.00097,0.0197,1.23894,0.87844,0.03544,0.02957,0.00165,0.01262,0.625
10,51,hybrid,HYBRID_ALPHA0.5_BETA0.5,0.5,0.5,100,1.47986,1.01062,0.02942,1.16868,0.87673,0.04141,0.01156,0.00218,0.01683,0.6
10,51,hybrid,HYBRID_ALPHA0.6_BETA0.4,0.6,0.4,100,1.48898,1.01709,0.03089,1.18073,0.88227,0.04285,0.01226,0.00231,0.01486,0.575
10,51,hybrid,HYBRID_ALPHA0.7_BETA0.3,0.7,0.3,100,1.48021,1.01376,0.0288,1.18756,0.88448,0.04322,0.013,0.00248,0.01394,0.65
10,51,hybrid,HYBRID_ALPHA0.8_BETA0.2,0.8,0.2,100,1.48508,1.01421,0.0292,1.19403,0.88511,0.04298,0.0142,0.00266,0.01419,0.625
10,51,hybrid,HYBRID_ALPHA0.9_BETA0.1,0.9,0.1,100,1.62295,1.03001,0.01402,1.2327,0.89661,0.04611,0.01741,0.00256,0.01367,0.7
10,51,hybrid,HYBRID_ALPHA0.1_BETA0.9,0.1,0.9,300,1.52754,1.00248,0.01085,1.06947,0.86298,0.02038,0.0143,0.00219,0.00874,0.55
10,51,hybrid,HYBRID_ALPHA0.2_BETA0.8,0.2,0.8,300,1.49608,0.99514,0.00967,1.0611,0.85452,0.0177,0.02528,0.00212,0.00921,0.55
10,51,hybrid,HYBRID_ALPHA0.3_BETA0.7,0.3,0.7,300,1.47309,0.99022,0.00868,1.05663,0.85314,0.01795,0.02539,0.00213,0.00945,0.55
10,51,hybrid,HYBRID_ALPHA0.4_BETA0.6,0.4,0.6,300,1.4504,0.98467,0.0083,2.00763,1.09599,0.04796,0.10514,0.00298,0.00918,0.525
10,51,hybrid,HYBRID_ALPHA0.5_BETA0.5,0.5,0.5,300,1.44991,0.98475,0.00838,1.05091,0.84808,0.01587,0.02408,0.0021,0.00935,0.575
10,51,hybrid,HYBRID_ALPHA0.6_BETA0.4,0.6,0.4,300,1.45604,0.98703,0.00872,1.04791,0.8459,0.01482,0.02293,0.00213,0.00938,0.525
10,51,hybrid,HYBRID_ALPHA0.7_BETA0.3,0.7,0.3,300,1.46863,0.99028,0.00899,1.04776,0.84434,0.01413,0.02223,0.00218,0.0095,0.525
10,51,hybrid,HYBRID_ALPHA0.8_BETA0.2,0.8,0.2,300,1.47487,0.99242,0.00919,1.06355,0.85893,0.01445,0.01629,0.0022,0.00939,0.525
10,51,hybrid,HYBRID_ALPHA0.9_BETA0.1,0.9,0.1,300,1.48424,0.99425,0.00952,1.06561,0.85882,0.01347,0.01685,0.00223,0.00999,0.575
10,51,hybrid,HYBRID_ALPHA0.1_BETA0.9,0.1,0.9,500,1.49663,0.99666,0.01046,2.19027,1.16747,0.03512,0.09194,0.00327,0.00764,0.55
10,51,hybrid,HYBRID_ALPHA0.2_BETA0.8,0.2,0.8,500,1.50565,0.99892,0.00954,1.04791,0.85045,0.02735,0.02327,0.00221,0.00781,0.525
10,51,hybrid,HYBRID_ALPHA0.3_BETA0.7,0.3,0.7,500,1.48461,0.9942,0.00914,1.05533,0.85126,0.02604,0.02448,0.00223,0.00792,0.55
10,51,hybrid,HYBRID_ALPHA0.4_BETA0.6,0.4,0.6,500,1.49477,0.99562,0.00912,1.04571,0.84625,0.02533,0.02126,0.00227,0.0077,0.6
10,51,hybrid,HYBRID_ALPHA0.5_BETA0.5,0.5,0.5,500,1.48997,0.99531,0.00916,1.85874,1.06097,0.03907,0.09819,0.00314,0.00762,0.575
10,51,hybrid,HYBRID_ALPHA0.6_BETA0.4,0.6,0.4,500,1.47629,0.99428,0.0092,1.78139,1.03858,0.03771,0.09779,0.00305,0.00796,0.6
10,51,hybrid,HYBRID_ALPHA0.7_BETA0.3,0.7,0.3,500,1.47642,0.99328,0.00884,1.77197,1.03245,0.03663,0.09588,0.00302,0.00803,0.6
10,51,hybrid,HYBRID_ALPHA0.8_BETA0.2,0.8,0.2,500,1.50622,0.99862,0.00898,1.04439,0.83988,0.02138,0.01527,0.00235,0.00772,0.55
10,51,hybrid,HYBRID_ALPHA0.9_BETA0.1,0.9,0.1,500,1.50814,0.99977,0.00919,1.04612,0.83734,0.01976,0.01534,0.00235,0.00788,0.5
10,51,mse,MSE,1.0,0.0,50,1.92987,1.09649,0.07961,1.30426,0.90509,0.02052,0.05086,0.00261,0.02546,0.6
10,51,mse,MSE,1.0,0.0,100,1.61433,1.04458,0.03251,1.38177,0.9427,0.05215,0.02077,0.0022,0.01743,0.7
10,51,mse,MSE,1.0,0.0,300,1.48971,0.99575,0.00966,1.06491,0.8561,0.01217,0.01728,0.00223,0.01032,0.575
10,51,mse,MSE,1.0,0.0,500,1.51071,1.00142,0.00925,1.04605,0.83726,0.0203,0.01413,0.00234,0.00786,0.55
11,52,hsic,HSIC,0.0,1.0,50,3.13424,1.43253,0.02302,8.23639,1.74774,0.07597,0.14927,0.00405,0.02046,0.65
11,52,hsic,HSIC,0.0,1.0,100,2.80793,1.29668,0.14225,8.78075,1.78719,0.12866,0.2769,0.0037,0.04208,0.675
11,52,hsic,HSIC,0.0,1.0,300,3.72976,1.57997,0.0199,9.00482,1.91767,0.1843,0.36409,0.00677,0.03292,0.55
11,52,hsic,HSIC,0.0,1.0,500,2.44155,1.23913,0.01583,9.12717,1.94489,0.18698,0.37772,0.00683,0.03676,0.625
11,52,hybrid,HYBRID_ALPHA0.1_BETA0.9,0.1,0.9,50,1.968,1.11193,0.02395,9.61721,1.43846,0.04291,0.11742,0.00411,0.01695,0.575
11,52,hybrid,HYBRID_ALPHA0.2_BETA0.8,0.2,0.8,50,6.98839,1.4073,0.03282,4.17411,1.27912,0.03779,0.11421,0.00313,0.02334,0.55
11,52,hybrid,HYBRID_ALPHA0.3_BETA0.7,0.3,0.7,50,7.84161,1.31289,0.0351,2.20612,1.12804,0.03662,0.10261,0.00381,0.01907,0.6
11,52,hybrid,HYBRID_ALPHA0.4_BETA0.6,0.4,0.6,50,8.47864,1.32769,0.02453,2.06394,1.08695,0.03431,0.09614,0.00262,0.01986,0.6
11,52,hybrid,HYBRID_ALPHA0.5_BETA0.5,0.5,0.5,50,6.35405,1.297,0.02291,2.017,1.07357,0.03115,0.09286,0.00153,0.02265,0.6
11,52,hybrid,HYBRID_ALPHA0.6_BETA0.4,0.6,0.4,50,5.92023,1.24271,0.031,2.02594,1.07203,0.02865,0.09158,0.00297,0.02114,0.55
11,52,hybrid,HYBRID_ALPHA0.7_BETA0.3,0.7,0.3,50,5.46244,1.22863,0.03041,2.09864,1.07879,0.02811,0.09289,0.00293,0.02187,0.55
11,52,hybrid,HYBRID_ALPHA0.8_BETA0.2,0.8,0.2,50,5.09249,1.21425,0.02833,2.21711,1.08824,0.0292,0.09458,0.00294,0.0222,0.55
11,52,hybrid,HYBRID_ALPHA0.9_BETA0.1,0.9,0.1,50,5.0054,1.20649,0.02499,2.0347,1.06416,0.02773,0.0826,0.00307,0.02241,0.55
11,52,hybrid,HYBRID_ALPHA0.1_BETA0.9,0.1,0.9,100,2.61434,1.25351,0.14203,1.67848,1.02681,0.03562,0.12751,0.00169,0.02826,0.65
11,52,hybrid,HYBRID_ALPHA0.2_BETA0.8,0.2,0.8,100,2.56237,1.24274,0.14057,1.71461,1.03626,0.03737,0.13295,0.00167,0.02901,0.625
11,52,hybrid,HYBRID_ALPHA0.3_BETA0.7,0.3,0.7,100,2.52692,1.2352,0.13807,1.54208,0.97389,0.0364,0.09225,0.00118,0.0267,0.6
11,52,hybrid,HYBRID_ALPHA0.4_BETA0.6,0.4,0.6,100,2.4813,1.22763,0.13068,1.54681,0.97619,0.03583,0.09395,0.00124,0.02638,0.625
11,52,hybrid,HYBRID_ALPHA0.5_BETA0.5,0.5,0.5,100,2.43713,1.2168,0.12309,1.644,0.9964,0.05086,0.12029,0.00126,0.02662,0.575
11,52,hybrid,HYBRID_ALPHA0.6_BETA0.4,0.6,0.4,100,2.39268,1.20507,0.11789,1.51478,0.96012,0.04185,0.07765,0.00133,0.0251,0.6
11,52,hybrid,HYBRID_ALPHA0.7_BETA0.3,0.7,0.3,100,2.23853,1.16861,0.09797,1.48022,0.94564,0.04247,0.07715,0.00133,0.02514,0.625
11,52,hybrid,HYBRID_ALPHA0.8_BETA0.2,0.8,0.2,100,2.12045,1.1423,0.08212,1.52392,0.95426,0.04576,0.08281,0.00152,0.0257,0.575
11,52,hybrid,HYBRID_ALPHA0.9_BETA0.1,0.9,0.1,100,2.09696,1.13735,0.08127,1.49254,0.94057,0.04832,0.08065,0.00147,0.02659,0.65
11,52,hybrid,HYBRID_ALPHA0.1_BETA0.9,0.1,0.9,300,1.93338,1.11207,0.02441,1.99513,1.14563,0.05307,0.11733,0.00325,0.01096,0.55
11,52,hybrid,HYBRID_ALPHA0.2_BETA0.8,0.2,0.8,300,1.78004,1.06276,0.03112,2.07348,1.13798,0.05349,0.11306,0.00326,0.01288,0.525
11,52,hybrid,HYBRID_ALPHA0.3_BETA0.7,0.3,0.7,300,1.73038,1.05093,0.03263,1.89635,1.09336,0.04949,0.1023,0.00309,0.01363,0.55
11,52,hybrid,HYBRID_ALPHA0.4_BETA0.6,0.4,0.6,300,1.72459,1.04912,0.03422,1.76588,1.05674,0.04632,0.09203,0.00294,0.01402,0.525
11,52,hybrid,HYBRID_ALPHA0.5_BETA0.5,0.5,0.5,300,1.71654,1.04862,0.03224,1.11775,0.87045,0.02366,0.02314,0.00284,0.01416,0.6
11,52,hybrid,HYBRID_ALPHA0.6_BETA0.4,0.6,0.4,300,1.70453,1.04434,0.03189,1.12334,0.87034,0.02438,0.02329,0.0027,0.01438,0.575
11,52,hybrid,HYBRID_ALPHA0.7_BETA0.3,0.7,0.3,300,1.70312,1.04411,0.03254,1.14596,0.87234,0.03018,0.01958,0.00276,0.01456,0.525
11,52,hybrid,HYBRID_ALPHA0.8_BETA0.2,0.8,0.2,300,1.68104,1.04003,0.03086,1.18677,0.88076,0.03533,0.01993,0.00284,0.01457,0.575
11,52,hybrid,HYBRID_ALPHA0.9_BETA0.1,0.9,0.1,300,1.67333,1.03858,0.03094,1.16013,0.87963,0.03221,0.01909,0.00281,0.01464,0.575
11,52,hybrid,HYBRID_ALPHA0.1_BETA0.9,0.1,0.9,500,1.56032,1.02551,0.01028,2.84324,1.32808,0.04202,0.11979,0.00409,0.01159,0.675
11,52,hybrid,HYBRID_ALPHA0.2_BETA0.8,0.2,0.8,500,1.56547,1.03305,0.01029,2.45947,1.20283,0.04556,0.1003,0.00382,0.0119,0.65
11,52,hybrid,HYBRID_ALPHA0.3_BETA0.7,0.3,0.7,500,1.50785,1.01087,0.00835,1.12069,0.88802,0.01928,0.0446,0.003,0.01299,0.625
11,52,hybrid,HYBRID_ALPHA0.4_BETA0.6,0.4,0.6,500,1.57269,1.03008,0.00995,1.04741,0.86586,0.02524,0.03242,0.00231,0.01265,0.55
11,52,hybrid,HYBRID_ALPHA0.5_BETA0.5,0.5,0.5,500,1.52986,1.01756,0.00856,1.03508,0.86063,0.02476,0.03185,0.00221,0.01273,0.575
11,52,hybrid,HYBRID_ALPHA0.6_BETA0.4,0.6,0.4,500,1.55251,1.02223,0.00875,1.13886,0.89187,0.02084,0.04519,0.00277,0.01358,0.6
11,52,hybrid,HYBRID_ALPHA0.7_BETA0.3,0.7,0.3,500,1.59599,1.03526,0.00983,1.14005,0.89177,0.0223,0.04367,0.00277,0.01338,0.55
11,52,hybrid,HYBRID_ALPHA0.8_BETA0.2,0.8,0.2,500,1.54162,1.0181,0.00888,1.13937,0.89177,0.023,0.04295,0.00267,0.01379,0.575
11,52,hybrid,HYBRID_ALPHA0.9_BETA0.1,0.9,0.1,500,1.59736,1.03544,0.01,1.00949,0.84336,0.0196,0.02698,0.00188,0.01313,0.55
11,52,mse,MSE,1.0,0.0,50,4.87237,1.20247,0.02438,2.21108,1.08904,0.033,0.08761,0.00303,0.02355,0.575
11,52,mse,MSE,1.0,0.0,100,2.00777,1.11667,0.06866,1.47769,0.93354,0.05129,0.08173,0.00157,0.02681,0.625
11,52,mse,MSE,1.0,0.0,300,1.6748,1.03907,0.03172,1.15253,0.8803,0.03126,0.0189,0.0028,0.01483,0.6
11,52,mse,MSE,1.0,0.0,500,1.60762,1.03644,0.01058,1.00922,0.84266,0.01848,0.02587,0.00191,0.01331,0.575
12,53,hsic,HSIC,0.0,1.0,50,3.31149,1.3724,0.23203,9.15158,1.93642,0.18405,0.37408,0.00284,0.0727,0.725
12,53,hsic,HSIC,0.0,1.0,100,3.11246,1.41385,0.05346,7.60047,1.84768,0.20093,0.36771,0.00685,0.04473,0.6
12,53,hsic,HSIC,0.0,1.0,300,2.60369,1.27452,0.01766,8.99564,1.93536,0.1873,0.37678,0.00675,0.04147,0.6
12,53,hsic,HSIC,0.0,1.0,500,2.37694,1.21742,0.01386,8.4936,1.90354,0.18961,0.37304,0.00626,0.03861,0.625
12,53,hybrid,HYBRID_ALPHA0.1_BETA0.9,0.1,0.9,50,3.30571,1.37152,0.2315,7.48985,1.83858,0.19882,0.36655,0.00297,0.06429,0.7
12,53,hybrid,HYBRID_ALPHA0.2_BETA0.8,0.2,0.8,50,3.30433,1.37129,0.2314,7.46483,1.8367,0.19858,0.36639,0.00297,0.06416,0.7
12,53,hybrid,HYBRID_ALPHA0.3_BETA0.7,0.3,0.7,50,3.30294,1.37103,0.23156,7.45575,1.83614,0.19858,0.36631,0.00297,0.0641,0.7
12,53,hybrid,HYBRID_ALPHA0.4_BETA0.6,0.4,0.6,50,3.30245,1.37092,0.2318,7.45345,1.83595,0.19859,0.3663,0.00297,0.06412,0.7
12,53,hybrid,HYBRID_ALPHA0.5_BETA0.5,0.5,0.5,50,3.30239,1.37091,0.23186,7.45302,1.83593,0.19859,0.3663,0.00297,0.06412,0.7
12,53,hybrid,HYBRID_ALPHA0.6_BETA0.4,0.6,0.4,50,3.30211,1.3708,0.23201,7.4509,1.83577,0.19861,0.36635,0.00297,0.06411,0.7
12,53,hybrid,HYBRID_ALPHA0.7_BETA0.3,0.7,0.3,50,3.30192,1.37073,0.2321,7.4503,1.83562,0.19855,0.3662,0.00297,0.06411,0.675
12,53,hybrid,HYBRID_ALPHA0.8_BETA0.2,0.8,0.2,50,3.30183,1.37067,0.23231,7.44949,1.83551,0.19856,0.36613,0.00297,0.06412,0.7
12,53,hybrid,HYBRID_ALPHA0.9_BETA0.1,0.9,0.1,50,3.30186,1.37068,0.23231,7.44941,1.83549,0.19856,0.36612,0.00297,0.06412,0.7
12,53,hybrid,HYBRID_ALPHA0.1_BETA0.9,0.1,0.9,100,1.63892,1.0383,0.03986,1.31133,0.9217,0.03574,0.05506,0.00295,0.0071,0.675
12,53,hybrid,HYBRID_ALPHA0.2_BETA0.8,0.2,0.8,100,1.6743,1.04057,0.01797,1.16824,0.87938,0.03183,0.04861,0.00244,0.00676,0.625
12,53,hybrid,HYBRID_ALPHA0.3_BETA0.7,0.3,0.7,100,1.69145,1.03817,0.02152,1.13866,0.86811,0.03358,0.0449,0.00243,0.00731,0.6
12,53,hybrid,HYBRID_ALPHA0.4_BETA0.6,0.4,0.6,100,1.64962,1.02814,0.02146,1.12125,0.85943,0.03521,0.04216,0.0023,0.00698,0.575
12,53,hybrid,HYBRID_ALPHA0.5_BETA0.5,0.5,0.5,100,1.65169,1.02694,0.02286,1.11594,0.85977,0.03678,0.04293,0.00224,0.00724,0.525
12,53,hybrid,HYBRID_ALPHA0.6_BETA0.4,0.6,0.4,100,1.66628,1.02935,0.02343,1.07727,0.84656,0.03296,0.03769,0.00216,0.00711,0.6
12,53,hybrid,HYBRID_ALPHA0.7_BETA0.3,0.7,0.3,100,1.6743,1.0302,0.0243,1.07071,0.8419,0.03252,0.03628,0.00202,0.00719,0.575
12,53,hybrid,HYBRID_ALPHA0.8_BETA0.2,0.8,0.2,100,1.68966,1.03235,0.02581,1.06818,0.83888,0.03287,0.03475,0.00197,0.00751,0.575
12,53,hybrid,HYBRID_ALPHA0.9_BETA0.1,0.9,0.1,100,1.68851,1.03259,0.02735,1.08255,0.84408,0.03476,0.03677,0.00222,0.0076,0.575
12,53,hybrid,HYBRID_ALPHA0.1_BETA0.9,0.1,0.9,300,1.64849,1.04218,0.01627,1.17007,0.88883,0.0345,0.04267,0.0033,0.00689,0.575
12,53,hybrid,HYBRID_ALPHA0.2_BETA0.8,0.2,0.8,300,1.59332,1.03442,0.01317,1.19029,0.89367,0.03536,0.0418,0.00335,0.00701,0.575
12,53,hybrid,HYBRID_ALPHA0.3_BETA0.7,0.3,0.7,300,1.54121,1.02229,0.01119,1.15714,0.89884,0.02949,0.04032,0.00317,0.00726,0.575
12,53,hybrid,HYBRID_ALPHA0.4_BETA0.6,0.4,0.6,300,1.53601,1.01994,0.01093,1.14591,0.89149,0.03107,0.03565,0.00297,0.00739,0.625
12,53,hybrid,HYBRID_ALPHA0.5_BETA0.5,0.5,0.5,300,1.54175,1.02165,0.011,1.02672,0.85631,0.02582,0.02862,0.00227,0.00723,0.6
12,53,hybrid,HYBRID_ALPHA0.6_BETA0.4,0.6,0.4,300,1.54799,1.02318,0.01111,1.01997,0.85094,0.02825,0.02798,0.00225,0.00721,0.55
12,53,hybrid,HYBRID_ALPHA0.7_BETA0.3,0.7,0.3,300,1.56119,1.02845,0.01081,1.02981,0.85306,0.02827,0.02713,0.00231,0.00716,0.55
12,53,hybrid,HYBRID_ALPHA0.8_BETA0.2,0.8,0.2,300,1.56723,1.02926,0.01031,1.04538,0.85961,0.02767,0.02784,0.00248,0.00716,0.6
12,53,hybrid,HYBRID_ALPHA0.9_BETA0.1,0.9,0.1,300,1.57196,1.03141,0.01045,1.04331,0.86013,0.02573,0.02686,0.00245,0.0071,0.575
12,53,hybrid,HYBRID_ALPHA0.1_BETA0.9,0.1,0.9,500,1.50373,1.00335,0.01002,1.14946,0.90283,0.04082,0.02347,0.00299,0.00804,0.55
12,53,hybrid,HYBRID_ALPHA0.2_BETA0.8,0.2,0.8,500,1.45799,0.99059,0.00909,1.18463,0.90532,0.04517,0.0227,0.00269,0.00853,0.625
12,53,hybrid,HYBRID_ALPHA0.3_BETA0.7,0.3,0.7,500,1.46082,0.99061,0.009,1.17213,0.90143,0.04343,0.02301,0.0027,0.0087,0.65
12,53,hybrid,HYBRID_ALPHA0.4_BETA0.6,0.4,0.6,500,1.44961,0.98399,0.00905,1.16852,0.8997,0.04255,0.02326,0.00264,0.00845,0.525
12,53,hybrid,HYBRID_ALPHA0.5_BETA0.5,0.5,0.5,500,1.45237,0.98398,0.00912,1.16654,0.89798,0.04136,0.02343,0.00263,0.00843,0.55
12,53,hybrid,HYBRID_ALPHA0.6_BETA0.4,0.6,0.4,500,1.44274,0.98107,0.00882,1.16536,0.89647,0.04085,0.02348,0.00262,0.00854,0.525
12,53,hybrid,HYBRID_ALPHA0.7_BETA0.3,0.7,0.3,500,1.46152,0.98677,0.00941,1.02567,0.85814,0.03752,0.01501,0.00182,0.00711,0.55
12,53,hybrid,HYBRID_ALPHA0.8_BETA0.2,0.8,0.2,500,1.43789,0.98053,0.00863,1.0173,0.85303,0.03414,0.01476,0.00177,0.00723,0.525
12,53,hybrid,HYBRID_ALPHA0.9_BETA0.1,0.9,0.1,500,1.44304,0.98418,0.00831,1.01841,0.85356,0.03059,0.01445,0.00182,0.00718,0.5
12,53,mse,MSE,1.0,0.0,50,3.30202,1.37071,0.23236,7.44941,1.83549,0.19856,0.36612,0.00296,0.06412,0.7
12,53,mse,MSE,1.0,0.0,100,1.65691,1.0315,0.02977,1.09965,0.84116,0.03725,0.04107,0.00196,0.00827,0.625
12,53,mse,MSE,1.0,0.0,300,1.57957,1.0351,0.01054,1.04488,0.85953,0.02644,0.02567,0.00242,0.0071,0.55
12,53,mse,MSE,1.0,0.0,500,1.44489,0.98512,0.00852,1.01007,0.84763,0.02607,0.0146,0.00182,0.0071,0.525
13,54,hsic,HSIC,0.0,1.0,50,4.11172,1.63754,0.02232,9.31418,1.9633,0.18619,0.38231,0.00489,0.02305,0.55
13,54,hsic,HSIC,0.0,1.0,100,2.60779,1.29065,0.01215,10.20892,1.94143,0.19224,0.36454,0.00634,0.02836,0.65
13,54,hsic,HSIC,0.0,1.0,300,3.18484,1.44657,0.04538,9.00704,1.93498,0.18693,0.37572,0.00614,0.03532,0.575
13,54,hsic,HSIC,0.0,1.0,500,2.50336,1.24623,0.02236,8.61625,1.90614,0.18659,0.36758,0.00636,0.03231,0.6
13,54,hybrid,HYBRID_ALPHA0.1_BETA0.9,0.1,0.9,50,1.99394,1.09654,0.0403,7.51769,1.82413,0.18505,0.36337,0.00472,0.02595,0.55
13,54,hybrid,HYBRID_ALPHA0.2_BETA0.8,0.2,0.8,50,1.72491,1.04611,0.01561,1.5557,0.98572,0.0266,0.07881,0.00225,0.02616,0.7
13,54,hybrid,HYBRID_ALPHA0.3_BETA0.7,0.3,0.7,50,3.50538,1.2326,0.04786,1.4972,0.95805,0.02396,0.08255,0.00244,0.02782,0.625
13,54,hybrid,HYBRID_ALPHA0.4_BETA0.6,0.4,0.6,50,4.44569,1.26452,0.05398,1.51263,0.96956,0.02327,0.09849,0.00207,0.02725,0.575
13,54,hybrid,HYBRID_ALPHA0.5_BETA0.5,0.5,0.5,50,4.32015,1.25296,0.05011,1.50633,0.95892,0.02813,0.1024,0.00207,0.02734,0.5
13,54,hybrid,HYBRID_ALPHA0.6_BETA0.4,0.6,0.4,50,3.53781,1.19673,0.03838,1.48263,0.95248,0.03005,0.11184,0.00217,0.02925,0.575
13,54,hybrid,HYBRID_ALPHA0.7_BETA0.3,0.7,0.3,50,2.85523,1.15845,0.03977,1.50722,0.96622,0.0294,0.1169,0.00219,0.02921,0.575
13,54,hybrid,HYBRID_ALPHA0.8_BETA0.2,0.8,0.2,50,2.49098,1.14881,0.05184,1.57382,0.98019,0.05479,0.13598,0.00249,0.02971,0.55
13,54,hybrid,HYBRID_ALPHA0.9_BETA0.1,0.9,0.1,50,2.18337,1.12087,0.04862,1.61296,0.9843,0.06254,0.14002,0.00252,0.0299,0.575
13,54,hybrid,HYBRID_ALPHA0.1_BETA0.9,0.1,0.9,100,1.63266,1.03596,0.01455,9.32919,1.87692,0.18403,0.35157,0.00644,0.02657,0.675
13,54,hybrid,HYBRID_ALPHA0.2_BETA0.8,0.2,0.8,100,1.66241,1.04254,0.01562,4.26093,1.16955,0.06571,0.10601,0.00319,0.01235,0.575
13,54,hybrid,HYBRID_ALPHA0.3_BETA0.7,0.3,0.7,100,1.65416,1.04217,0.01655,4.03974,1.0909,0.04642,0.06308,0.00389,0.01329,0.675
13,54,hybrid,HYBRID_ALPHA0.4_BETA0.6,0.4,0.6,100,1.74219,1.06736,0.02086,4.0079,1.0899,0.04511,0.0619,0.00382,0.01391,0.625
13,54,hybrid,HYBRID_ALPHA0.5_BETA0.5,0.5,0.5,100,1.78626,1.09702,0.01789,3.97007,1.08597,0.04188,0.05996,0.00374,0.01141,0.625
13,54,hybrid,HYBRID_ALPHA0.6_BETA0.4,0.6,0.4,100,1.72444,1.06856,0.01598,3.94732,1.08752,0.04139,0.06004,0.00379,0.01304,0.625
13,54,hybrid,HYBRID_ALPHA0.7_BETA0.3,0.7,0.3,100,1.79599,1.09821,0.01632,3.97038,1.09322,0.04192,0.05912,0.00379,0.01081,0.625
13,54,hybrid,HYBRID_ALPHA0.8_BETA0.2,0.8,0.2,100,1.83473,1.11002,0.01789,3.99024,1.09997,0.04333,0.05842,0.00387,0.01073,0.7
13,54,hybrid,HYBRID_ALPHA0.9_BETA0.1,0.9,0.1,100,1.95731,1.13383,0.02137,4.12573,1.11291,0.04459,0.05868,0.00397,0.01152,0.55
13,54,hybrid,HYBRID_ALPHA0.1_BETA0.9,0.1,0.9,300,1.60384,1.02668,0.01605,2.63086,1.27422,0.04534,0.1131,0.00344,0.00997,0.625
13,54,hybrid,HYBRID_ALPHA0.2_BETA0.8,0.2,0.8,300,1.61176,1.03392,0.01698,2.11579,1.14656,0.03942,0.09143,0.00306,0.01072,0.65
13,54,hybrid,HYBRID_ALPHA0.3_BETA0.7,0.3,0.7,300,1.5972,1.02592,0.01431,1.09828,0.86861,0.01481,0.03521,0.00299,0.01155,0.6
13,54,hybrid,HYBRID_ALPHA0.4_BETA0.6,0.4,0.6,300,1.53681,1.00677,0.01526,1.12512,0.87431,0.01445,0.0384,0.00287,0.01174,0.525
13,54,hybrid,HYBRID_ALPHA0.5_BETA0.5,0.5,0.5,300,1.54494,1.01013,0.01202,1.12577,0.8734,0.0154,0.0368,0.0028,0.01227,0.575
13,54,hybrid,HYBRID_ALPHA0.6_BETA0.4,0.6,0.4,300,1.54802,1.01143,0.01145,1.15577,0.87985,0.01552,0.03665,0.00293,0.01233,0.6
13,54,hybrid,HYBRID_ALPHA0.7_BETA0.3,0.7,0.3,300,1.54151,1.00914,0.01093,1.16862,0.88169,0.01599,0.03539,0.00297,0.01238,0.5
13,54,hybrid,HYBRID_ALPHA0.8_BETA0.2,0.8,0.2,300,1.53024,1.0048,0.01045,1.17357,0.88151,0.01667,0.03373,0.00297,0.01248,0.55
13,54,hybrid,HYBRID_ALPHA0.9_BETA0.1,0.9,0.1,300,1.52532,1.00243,0.01004,1.19114,0.88463,0.01697,0.03224,0.00306,0.01263,0.55
13,54,hybrid,HYBRID_ALPHA0.1_BETA0.9,0.1,0.9,500,1.60112,1.02771,0.01135,2.23686,1.16345,0.04044,0.0948,0.00383,0.00764,0.525
13,54,hybrid,HYBRID_ALPHA0.2_BETA0.8,0.2,0.8,500,1.54334,1.01511,0.00924,2.11235,1.12745,0.03938,0.09212,0.00358,0.0082,0.55
13,54,hybrid,HYBRID_ALPHA0.3_BETA0.7,0.3,0.7,500,1.52438,1.01038,0.00865,1.95936,1.08704,0.03796,0.08838,0.00338,0.00852,0.525
13,54,hybrid,HYBRID_ALPHA0.4_BETA0.6,0.4,0.6,500,1.51773,1.00954,0.00883,1.10033,0.85266,0.04411,0.01847,0.00216,0.00908,0.525
13,54,hybrid,HYBRID_ALPHA0.5_BETA0.5,0.5,0.5,500,1.49002,1.00989,0.01086,1.08482,0.84816,0.04304,0.01693,0.00178,0.0088,0.675
13,54,hybrid,HYBRID_ALPHA0.6_BETA0.4,0.6,0.4,500,1.50651,1.00977,0.01282,1.08469,0.84796,0.04255,0.01687,0.00185,0.01037,0.6
13,54,hybrid,HYBRID_ALPHA0.7_BETA0.3,0.7,0.3,500,1.50253,1.01335,0.01126,1.08226,0.84674,0.04174,0.01649,0.00178,0.00894,0.65
13,54,hybrid,HYBRID_ALPHA0.8_BETA0.2,0.8,0.2,500,1.50038,1.01006,0.01041,1.07476,0.84421,0.0406,0.01583,0.00179,0.0086,0.55
13,54,hybrid,HYBRID_ALPHA0.9_BETA0.1,0.9,0.1,500,1.47864,1.01403,0.01386,1.07235,0.84285,0.0393,0.01549,0.00149,0.00984,0.6
13,54,mse,MSE,1.0,0.0,50,2.1391,1.13087,0.06682,2.1149,1.08561,0.10637,0.19623,0.00214,0.03158,0.65
13,54,mse,MSE,1.0,0.0,100,1.95439,1.13258,0.02169,4.21315,1.13518,0.04336,0.05717,0.0043,0.01157,0.675
13,54,mse,MSE,1.0,0.0,300,1.52312,1.00107,0.00987,1.18313,0.88063,0.01791,0.0295,0.00298,0.01272,0.525
13,54,mse,MSE,1.0,0.0,500,1.47231,1.01393,0.01403,1.0675,0.84039,0.03765,0.01501,0.00138,0.00993,0.6
14,55,hsic,HSIC,0.0,1.0,50,2.0837,1.14776,0.05967,8.36831,1.87597,0.19906,0.36704,0.00404,0.03998,0.625
14,55,hsic,HSIC,0.0,1.0,100,4.53643,1.71154,0.02166,8.79816,1.92343,0.18766,0.37495,0.00622,0.04795,0.7
14,55,hsic,HSIC,0.0,1.0,300,2.60237,1.29028,0.0128,8.92931,1.92574,0.18404,0.36953,0.00677,0.06881,0.6
14,55,hsic,HSIC,0.0,1.0,500,2.65918,1.30153,0.0095,8.9577,1.9361,0.18558,0.37449,0.00601,0.05704,0.65
14,55,hybrid,HYBRID_ALPHA0.1_BETA0.9,0.1,0.9,50,2.10152,1.09774,0.03373,5.15949,1.60263,0.16634,0.30745,0.00596,0.0305,0.625
14,55,hybrid,HYBRID_ALPHA0.2_BETA0.8,0.2,0.8,50,2.65446,1.17397,0.03673,4.71963,1.56159,0.15368,0.31179,0.00577,0.03115,0.7
14,55,hybrid,HYBRID_ALPHA0.3_BETA0.7,0.3,0.7,50,3.8885,1.28535,0.03497,1.971,1.14427,0.04071,0.09417,0.00382,0.01528,0.6
14,55,hybrid,HYBRID_ALPHA0.4_BETA0.6,0.4,0.6,50,10.26397,1.4772,0.04241,1.88657,1.11431,0.03856,0.09152,0.00372,0.01595,0.7
14,55,hybrid,HYBRID_ALPHA0.5_BETA0.5,0.5,0.5,50,9.94171,1.49987,0.03846,1.79263,1.07962,0.03713,0.08543,0.00376,0.01641,0.75
14,55,hybrid,HYBRID_ALPHA0.6_BETA0.4,0.6,0.4,50,8.29966,1.45078,0.03906,1.75727,1.06662,0.03911,0.08256,0.00342,0.01539,0.725
14,55,hybrid,HYBRID_ALPHA0.7_BETA0.3,0.7,0.3,50,8.33881,1.45838,0.03048,1.6886,1.04323,0.03928,0.07814,0.00361,0.01561,0.725
14,55,hybrid,HYBRID_ALPHA0.8_BETA0.2,0.8,0.2,50,3.82946,1.27698,0.06031,1.6464,1.0301,0.03788,0.07494,0.00272,0.01757,0.75
14,55,hybrid,HYBRID_ALPHA0.9_BETA0.1,0.9,0.1,50,3.81654,1.24742,0.04887,1.60631,1.01665,0.03674,0.07149,0.0028,0.01668,0.625
14,55,hybrid,HYBRID_ALPHA0.1_BETA0.9,0.1,0.9,100,1.85885,1.07602,0.01449,2.32218,1.19317,0.03832,0.09785,0.00402,0.0063,0.575
14,55,hybrid,HYBRID_ALPHA0.2_BETA0.8,0.2,0.8,100,1.74299,1.0553,0.01435,2.10868,1.13371,0.03748,0.09179,0.00363,0.00658,0.6
14,55,hybrid,HYBRID_ALPHA0.3_BETA0.7,0.3,0.7,100,1.69295,1.04757,0.01579,1.87663,1.07505,0.03546,0.08592,0.00332,0.00709,0.575
14,55,hybrid,HYBRID_ALPHA0.4_BETA0.6,0.4,0.6,100,1.72243,1.05446,0.02367,1.23807,0.92286,0.08651,0.03742,0.00201,0.00945,0.525
14,55,hybrid,HYBRID_ALPHA0.5_BETA0.5,0.5,0.5,100,1.75104,1.06133,0.03712,1.20394,0.90846,0.07849,0.03674,0.00166,0.01005,0.6
14,55,hybrid,HYBRID_ALPHA0.6_BETA0.4,0.6,0.4,100,1.8341,1.0782,0.06132,1.208,0.90956,0.07459,0.03867,0.00151,0.01081,0.55
14,55,hybrid,HYBRID_ALPHA0.7_BETA0.3,0.7,0.3,100,1.88175,1.09049,0.07431,1.19152,0.90401,0.07375,0.03767,0.00161,0.01221,0.55
14,55,hybrid,HYBRID_ALPHA0.8_BETA0.2,0.8,0.2,100,1.88984,1.09339,0.07633,1.16966,0.89338,0.06628,0.03747,0.00157,0.01254,0.575
14,55,hybrid,HYBRID_ALPHA0.9_BETA0.1,0.9,0.1,100,1.90591,1.09712,0.07934,1.14744,0.87966,0.05696,0.03791,0.00151,0.01299,0.575
14,55,hybrid,HYBRID_ALPHA0.1_BETA0.9,0.1,0.9,300,1.52662,1.00849,0.01012,1.99315,1.16617,0.03643,0.09321,0.00295,0.00818,0.625
14,55,hybrid,HYBRID_ALPHA0.2_BETA0.8,0.2,0.8,300,1.51389,1.00787,0.00988,1.73678,1.05976,0.03712,0.07832,0.00268,0.00827,0.55
14,55,hybrid,HYBRID_ALPHA0.3_BETA0.7,0.3,0.7,300,1.4913,1.00281,0.00958,1.49862,0.98246,0.03372,0.07492,0.00257,0.00842,0.575
14,55,hybrid,HYBRID_ALPHA0.4_BETA0.6,0.4,0.6,300,1.48538,1.00181,0.00943,1.6172,1.01206,0.03703,0.08488,0.0027,0.00969,0.65
14,55,hybrid,HYBRID_ALPHA0.5_BETA0.5,0.5,0.5,300,1.53924,1.02044,0.01049,1.58848,0.99756,0.03756,0.08803,0.00256,0.01,0.6
14,55,hybrid,HYBRID_ALPHA0.6_BETA0.4,0.6,0.4,300,1.5409,1.02135,0.01047,1.57252,0.99106,0.03857,0.08923,0.0026,0.01016,0.55
14,55,hybrid,HYBRID_ALPHA0.7_BETA0.3,0.7,0.3,300,1.53734,1.01912,0.01037,1.56548,0.98884,0.04006,0.09102,0.00266,0.01039,0.625
14,55,hybrid,HYBRID_ALPHA0.8_BETA0.2,0.8,0.2,300,1.56844,1.02068,0.0088,1.55592,0.98476,0.0417,0.0922,0.00282,0.01075,0.575
14,55,hybrid,HYBRID_ALPHA0.9_BETA0.1,0.9,0.1,300,1.56051,1.02148,0.00885,1.55314,0.98139,0.04417,0.09364,0.00281,0.01107,0.575
14,55,hybrid,HYBRID_ALPHA0.1_BETA0.9,0.1,0.9,500,1.49456,0.99896,0.00806,3.22833,1.37754,0.04723,0.11599,0.00375,0.00638,0.6
14,55,hybrid,HYBRID_ALPHA0.2_BETA0.8,0.2,0.8,500,1.44383,0.98806,0.0082,1.02414,0.85308,0.03535,0.02004,0.00167,0.00822,0.6
14,55,hybrid,HYBRID_ALPHA0.3_BETA0.7,0.3,0.7,500,1.44035,0.9866,0.00808,1.02261,0.85124,0.03418,0.01989,0.00165,0.00854,0.6
14,55,hybrid,HYBRID_ALPHA0.4_BETA0.6,0.4,0.6,500,1.42646,0.98321,0.0081,1.01626,0.84779,0.03304,0.01916,0.00158,0.00872,0.55
14,55,hybrid,HYBRID_ALPHA0.5_BETA0.5,0.5,0.5,500,1.41913,0.98163,0.0081,1.0136,0.84526,0.03152,0.01814,0.00158,0.00881,0.525
14,55,hybrid,HYBRID_ALPHA0.6_BETA0.4,0.6,0.4,500,1.41848,0.98173,0.00811,1.01374,0.84306,0.0298,0.01773,0.00159,0.00883,0.525
14,55,hybrid,HYBRID_ALPHA0.7_BETA0.3,0.7,0.3,500,1.41169,0.97914,0.00796,1.0123,0.83982,0.02786,0.0168,0.00159,0.00893,0.6
14,55,hybrid,HYBRID_ALPHA0.8_BETA0.2,0.8,0.2,500,1.44721,0.98758,0.00802,1.00923,0.83526,0.0261,0.01629,0.0016,0.00868,0.6
14,55,hybrid,HYBRID_ALPHA0.9_BETA0.1,0.9,0.1,500,1.44514,0.98837,0.0081,1.01096,0.83323,0.02449,0.01598,0.00163,0.00888,0.6
14,55,mse,MSE,1.0,0.0,50,6.32368,1.29386,0.02481,1.81349,1.05081,0.02976,0.07931,0.00358,0.01592,0.65
14,55,mse,MSE,1.0,0.0,100,1.90712,1.09777,0.07952,1.12095,0.86107,0.04882,0.03732,0.00142,0.01359,0.525
14,55,mse,MSE,1.0,0.0,300,1.52293,1.01614,0.01119,1.54895,0.9775,0.04719,0.09473,0.00285,0.01104,0.575
14,55,mse,MSE,1.0,0.0,500,1.44306,0.99008,0.00853,1.02037,0.83753,0.02406,0.01722,0.00166,0.00887,0.6
15,56,hsic,HSIC,0.0,1.0,50,65.47796,3.00138,0.11858,38.80037,2.81062,0.21899,0.33296,0.0048,0.0929,0.725
15,56,hsic,HSIC,0.0,1.0,100,2.34922,1.20225,0.0588,9.0407,1.93853,0.18365,0.3748,0.00519,0.04229,0.65
15,56,hsic,HSIC,0.0,1.0,300,3.31775,1.47982,0.03302,9.83431,2.01191,0.08311,0.13925,0.00415,0.02756,0.675
15,56,hsic,HSIC,0.0,1.0,500,2.47168,1.2836,0.00939,8.48277,1.9053,0.18967,0.37245,0.00589,0.0384,0.6
15,56,hybrid,HYBRID_ALPHA0.1_BETA0.9,0.1,0.9,50,41.22708,2.56006,0.13086,12.81694,1.50983,0.03849,0.10806,0.00329,0.0377,0.575
15,56,hybrid,HYBRID_ALPHA0.2_BETA0.8,0.2,0.8,50,41.16688,2.55765,0.13131,10.71627,1.50503,0.04205,0.11921,0.00302,0.03701,0.625
15,56,hybrid,HYBRID_ALPHA0.3_BETA0.7,0.3,0.7,50,41.07306,2.55422,0.13034,10.49482,1.47767,0.03878,0.11744,0.00291,0.03715,0.6
15,56,hybrid,HYBRID_ALPHA0.4_BETA0.6,0.4,0.6,50,40.94296,2.54978,0.12927,10.72634,1.40952,0.03533,0.10468,0.00284,0.03707,0.625
15,56,hybrid,HYBRID_ALPHA0.5_BETA0.5,0.5,0.5,50,40.82036,2.54539,0.1289,10.88009,1.33239,0.0295,0.07988,0.00276,0.03749,0.55
15,56,hybrid,HYBRID_ALPHA0.6_BETA0.4,0.6,0.4,50,40.70466,2.54156,0.12864,11.13543,1.27551,0.02526,0.05667,0.00264,0.03859,0.55
15,56,hybrid,HYBRID_ALPHA0.7_BETA0.3,0.7,0.3,50,40.58088,2.53772,0.12803,11.4707,1.23701,0.02525,0.041,0.00259,0.04081,0.525
15,56,hybrid,HYBRID_ALPHA0.8_BETA0.2,0.8,0.2,50,40.44872,2.53458,0.12768,12.04469,1.20222,0.02262,0.03108,0.00235,0.04435,0.575
15,56,hybrid,HYBRID_ALPHA0.9_BETA0.1,0.9,0.1,50,40.27881,2.52637,0.1261,12.18818,1.19515,0.02419,0.02064,0.00244,0.04652,0.575
15,56,hybrid,HYBRID_ALPHA0.1_BETA0.9,0.1,0.9,100,1.6841,1.03671,0.04516,1.8598,1.10696,0.0384,0.11241,0.00247,0.01576,0.625
15,56,hybrid,HYBRID_ALPHA0.2_BETA0.8,0.2,0.8,100,1.61736,1.02656,0.03347,1.95234,1.11995,0.03056,0.09455,0.00273,0.01426,0.6
15,56,hybrid,HYBRID_ALPHA0.3_BETA0.7,0.3,0.7,100,1.55216,1.01264,0.02969,1.77518,1.06049,0.03006,0.09016,0.00246,0.0139,0.65
15,56,hybrid,HYBRID_ALPHA0.4_BETA0.6,0.4,0.6,100,1.54631,1.00701,0.027,1.71535,1.03614,0.03091,0.08736,0.00244,0.01393,0.55
15,56,hybrid,HYBRID_ALPHA0.5_BETA0.5,0.5,0.5,100,1.49939,0.99289,0.02338,1.66816,1.0233,0.03203,0.08389,0.00235,0.01386,0.625
15,56,hybrid,HYBRID_ALPHA0.6_BETA0.4,0.6,0.4,100,1.47018,0.97669,0.01458,1.47543,0.97644,0.03422,0.07677,0.00241,0.01231,0.625
15,56,hybrid,HYBRID_ALPHA0.7_BETA0.3,0.7,0.3,100,1.45871,0.97306,0.01349,1.4336,0.95976,0.03107,0.07512,0.00239,0.01255,0.675
15,56,hybrid,HYBRID_ALPHA0.8_BETA0.2,0.8,0.2,100,1.4905,0.98411,0.01607,1.41278,0.94926,0.02913,0.07527,0.00234,0.0129,0.7
15,56,hybrid,HYBRID_ALPHA0.9_BETA0.1,0.9,0.1,100,1.5266,0.99478,0.01642,1.07046,0.85085,0.02141,0.0464,0.00214,0.01263,0.575
15,56,hybrid,HYBRID_ALPHA0.1_BETA0.9,0.1,0.9,300,1.524,1.01034,0.01056,1.44738,0.96473,0.04083,0.06637,0.00287,0.01018,0.7
15,56,hybrid,HYBRID_ALPHA0.2_BETA0.8,0.2,0.8,300,1.50322,1.00668,0.01014,1.41995,0.95539,0.03769,0.06254,0.00279,0.01066,0.65
15,56,hybrid,HYBRID_ALPHA0.3_BETA0.7,0.3,0.7,300,1.48694,1.00104,0.00961,1.70275,1.0265,0.03444,0.09072,0.00314,0.0105,0.7
15,56,hybrid,HYBRID_ALPHA0.4_BETA0.6,0.4,0.6,300,1.44998,0.98945,0.01013,1.60722,0.99121,0.03385,0.08643,0.00302,0.01085,0.675
15,56,hybrid,HYBRID_ALPHA0.5_BETA0.5,0.5,0.5,300,1.44848,0.98932,0.01069,1.55575,0.97145,0.03338,0.08335,0.00294,0.0111,0.7
15,56,hybrid,HYBRID_ALPHA0.6_BETA0.4,0.6,0.4,300,1.44838,0.98942,0.011,1.51147,0.96248,0.03294,0.08582,0.0028,0.01129,0.7
15,56,hybrid,HYBRID_ALPHA0.7_BETA0.3,0.7,0.3,300,1.44704,0.98868,0.01113,1.03041,0.83837,0.03297,0.01863,0.00169,0.01033,0.625
15,56,hybrid,HYBRID_ALPHA0.8_BETA0.2,0.8,0.2,300,1.43758,0.98593,0.01202,1.03919,0.84026,0.03116,0.01966,0.00185,0.01043,0.625
15,56,hybrid,HYBRID_ALPHA0.9_BETA0.1,0.9,0.1,300,1.44702,0.98202,0.01065,1.0444,0.84036,0.02921,0.01993,0.00191,0.01005,0.65
15,56,hybrid,HYBRID_ALPHA0.1_BETA0.9,0.1,0.9,500,1.5589,1.022,0.01052,2.71356,1.29824,0.03863,0.10324,0.00401,0.00903,0.625
15,56,hybrid,HYBRID_ALPHA0.2_BETA0.8,0.2,0.8,500,1.50653,1.01132,0.01326,1.01176,0.84386,0.02654,0.02047,0.00184,0.00902,0.625
15,56,hybrid,HYBRID_ALPHA0.3_BETA0.7,0.3,0.7,500,1.46816,1.00581,0.01358,1.00697,0.84145,0.02761,0.01971,0.00177,0.00943,0.625
15,56,hybrid,HYBRID_ALPHA0.4_BETA0.6,0.4,0.6,500,1.45865,1.00532,0.01436,1.01977,0.85082,0.02462,0.02043,0.00175,0.00945,0.65
15,56,hybrid,HYBRID_ALPHA0.5_BETA0.5,0.5,0.5,500,1.47004,1.00889,0.01483,1.02034,0.85185,0.02401,0.01996,0.00169,0.00931,0.575
15,56,hybrid,HYBRID_ALPHA0.6_BETA0.4,0.6,0.4,500,1.47403,1.01561,0.01781,1.01671,0.85094,0.02322,0.01945,0.00161,0.00941,0.6
15,56,hybrid,HYBRID_ALPHA0.7_BETA0.3,0.7,0.3,500,1.48299,1.01909,0.01843,1.02203,0.85317,0.0228,0.02007,0.00162,0.00941,0.575
15,56,hybrid,HYBRID_ALPHA0.8_BETA0.2,0.8,0.2,500,1.48552,1.02029,0.01813,1.02604,0.85424,0.0222,0.02015,0.00169,0.00941,0.625
15,56,hybrid,HYBRID_ALPHA0.9_BETA0.1,0.9,0.1,500,1.49192,1.01137,0.01232,1.03336,0.85592,0.02182,0.02057,0.0018,0.00989,0.65
15,56,mse,MSE,1.0,0.0,50,40.10996,2.52162,0.12665,12.75105,1.2748,0.03271,0.02713,0.00307,0.04038,0.525
15,56,mse,MSE,1.0,0.0,100,1.52116,0.99335,0.01572,1.1015,0.85482,0.02103,0.04664,0.00181,0.01269,0.6
15,56,mse,MSE,1.0,0.0,300,1.45343,0.98607,0.01062,1.02647,0.83131,0.02771,0.01704,0.00179,0.01009,0.575
15,56,mse,MSE,1.0,0.0,500,1.49429,1.01258,0.01243,1.04427,0.8582,0.02174,0.02107,0.00187,0.01016,0.6
16,57,hsic,HSIC,0.0,1.0,50,2.92446,1.32164,0.15559,7.8101,1.90645,0.18312,0.37477,0.00359,0.04727,0.675
16,57,hsic,HSIC,0.0,1.0,100,2.47519,1.24653,0.02333,9.10834,1.84655,0.08928,0.19644,0.00466,0.01391,0.55
16,57,hsic,HSIC,0.0,1.0,300,2.28194,1.20468,0.01067,8.40629,1.90111,0.19045,0.37226,0.00655,0.03508,0.625
16,57,hsic,HSIC,0.0,1.0,500,2.35763,1.21964,0.01034,8.56827,1.90985,0.18825,0.37197,0.00623,0.04051,0.625
16,57,hybrid,HYBRID_ALPHA0.1_BETA0.9,0.1,0.9,50,2.55117,1.22878,0.16754,2.25989,1.16545,0.03772,0.11927,0.0021,0.01611,0.6
16,57,hybrid,HYBRID_ALPHA0.2_BETA0.8,0.2,0.8,50,2.27188,1.18194,0.15329,2.31191,1.13427,0.03536,0.11092,0.00203,0.01623,0.675
16,57,hybrid,HYBRID_ALPHA0.3_BETA0.7,0.3,0.7,50,2.3439,1.19564,0.1628,1.98439,1.08964,0.03702,0.1098,0.00224,0.01689,0.625
16,57,hybrid,HYBRID_ALPHA0.4_BETA0.6,0.4,0.6,50,2.32625,1.19398,0.16095,1.94894,1.06841,0.03695,0.10709,0.00217,0.01696,0.575
16,57,hybrid,HYBRID_ALPHA0.5_BETA0.5,0.5,0.5,50,2.34026,1.19628,0.16309,1.94705,1.05773,0.03724,0.1051,0.00213,0.01722,0.55
16,57,hybrid,HYBRID_ALPHA0.6_BETA0.4,0.6,0.4,50,2.31799,1.19504,0.16071,1.97935,1.05766,0.03854,0.10516,0.00212,0.01787,0.575
16,57,hybrid,HYBRID_ALPHA0.7_BETA0.3,0.7,0.3,50,1.84725,1.09099,0.04398,1.99691,1.05455,0.0406,0.10367,0.00237,0.01559,0.625
16,57,hybrid,HYBRID_ALPHA0.8_BETA0.2,0.8,0.2,50,1.84034,1.08774,0.0406,1.96704,1.04889,0.04323,0.10449,0.00238,0.01607,0.6
16,57,hybrid,HYBRID_ALPHA0.9_BETA0.1,0.9,0.1,50,1.82166,1.0814,0.03744,1.95503,1.05136,0.04673,0.10869,0.0024,0.01677,0.55
16,57,hybrid,HYBRID_ALPHA0.1_BETA0.9,0.1,0.9,100,1.6576,1.04734,0.01807,1.95843,1.1077,0.04473,0.1556,0.00331,0.01229,0.65
16,57,hybrid,HYBRID_ALPHA0.2_BETA0.8,0.2,0.8,100,1.61461,1.03645,0.01579,2.12245,1.15838,0.04553,0.18884,0.00439,0.01384,0.575
16,57,hybrid,HYBRID_ALPHA0.3_BETA0.7,0.3,0.7,100,1.59665,1.03068,0.01453,2.49128,1.24324,0.05942,0.21959,0.00542,0.01624,0.65
16,57,hybrid,HYBRID_ALPHA0.4_BETA0.6,0.4,0.6,100,1.59566,1.03,0.01435,3.02815,1.34046,0.07397,0.24365,0.00595,0.01888,0.675
16,57,hybrid,HYBRID_ALPHA0.5_BETA0.5,0.5,0.5,100,1.608,1.03389,0.01481,2.70057,1.2552,0.03456,0.20002,0.00515,0.01648,0.55
16,57,hybrid,HYBRID_ALPHA0.6_BETA0.4,0.6,0.4,100,1.63864,1.04196,0.01545,3.07526,1.33942,0.06737,0.23922,0.0057,0.01942,0.625
16,57,hybrid,HYBRID_ALPHA0.7_BETA0.3,0.7,0.3,100,1.65138,1.04494,0.01581,1.59732,1.02442,0.02596,0.13775,0.00318,0.0116,0.65
16,57,hybrid,HYBRID_ALPHA0.8_BETA0.2,0.8,0.2,100,1.67041,1.046,0.01766,1.59597,1.02069,0.02593,0.1364,0.00317,0.01188,0.6
16,57,hybrid,HYBRID_ALPHA0.9_BETA0.1,0.9,0.1,100,1.67685,1.04924,0.01844,1.59149,1.01572,0.02626,0.13337,0.00322,0.01186,0.6
16,57,hybrid,HYBRID_ALPHA0.1_BETA0.9,0.1,0.9,300,1.54617,1.01654,0.00943,1.07671,0.86916,0.0364,0.03266,0.00199,0.00745,0.5
16,57,hybrid,HYBRID_ALPHA0.2_BETA0.8,0.2,0.8,300,1.50816,1.00535,0.00855,1.0607,0.86326,0.03549,0.02946,0.00189,0.00784,0.5
16,57,hybrid,HYBRID_ALPHA0.3_BETA0.7,0.3,0.7,300,1.48047,0.99647,0.00841,1.05342,0.85603,0.03511,0.0261,0.00191,0.00805,0.525
16,57,hybrid,HYBRID_ALPHA0.4_BETA0.6,0.4,0.6,300,1.47442,0.99436,0.00869,1.05329,0.85111,0.03516,0.0242,0.00188,0.00823,0.55
16,57,hybrid,HYBRID_ALPHA0.5_BETA0.5,0.5,0.5,300,1.47394,0.994,0.0088,1.05405,0.84978,0.03533,0.02331,0.00185,0.00837,0.525
16,57,hybrid,HYBRID_ALPHA0.6_BETA0.4,0.6,0.4,300,1.47209,0.99337,0.00867,1.05285,0.84933,0.03541,0.02265,0.00182,0.00847,0.55
16,57,hybrid,HYBRID_ALPHA0.7_BETA0.3,0.7,0.3,300,1.46824,0.99195,0.00858,1.05753,0.85025,0.03538,0.02202,0.00181,0.00855,0.525
16,57,hybrid,HYBRID_ALPHA0.8_BETA0.2,0.8,0.2,300,1.46397,0.99078,0.00852,1.1276,0.87486,0.02977,0.03866,0.00233,0.00945,0.525
16,57,hybrid,HYBRID_ALPHA0.9_BETA0.1,0.9,0.1,300,1.4602,0.9898,0.00845,1.12819,0.87453,0.02957,0.03829,0.00231,0.00952,0.525
16,57,hybrid,HYBRID_ALPHA0.1_BETA0.9,0.1,0.9,500,1.557,1.01446,0.0096,2.85122,1.28715,0.05241,0.11696,0.00384,0.00702,0.625
16,57,hybrid,HYBRID_ALPHA0.2_BETA0.8,0.2,0.8,500,1.53261,1.01004,0.00956,1.06464,0.86113,0.02987,0.04567,0.00219,0.00787,0.625
16,57,hybrid,HYBRID_ALPHA0.3_BETA0.7,0.3,0.7,500,1.49448,1.00079,0.00944,1.06216,0.8597,0.03029,0.04514,0.00217,0.00829,0.575
16,57,hybrid,HYBRID_ALPHA0.4_BETA0.6,0.4,0.6,500,1.52416,1.00761,0.00942,1.06687,0.86066,0.02993,0.04564,0.00213,0.00808,0.575
16,57,hybrid,HYBRID_ALPHA0.5_BETA0.5,0.5,0.5,500,1.5063,1.0051,0.00994,1.70834,1.03525,0.03626,0.09147,0.00298,0.0089,0.6
16,57,hybrid,HYBRID_ALPHA0.6_BETA0.4,0.6,0.4,500,1.48854,1.00187,0.01092,1.62817,1.00963,0.03547,0.09055,0.00293,0.00933,0.6
16,57,hybrid,HYBRID_ALPHA0.7_BETA0.3,0.7,0.3,500,1.48509,1.00085,0.01113,1.58242,0.99356,0.03421,0.08906,0.00288,0.00952,0.6
16,57,hybrid,HYBRID_ALPHA0.8_BETA0.2,0.8,0.2,500,1.48188,0.99991,0.01123,1.57621,0.98692,0.03317,0.08948,0.00286,0.00987,0.575
16,57,hybrid,HYBRID_ALPHA0.9_BETA0.1,0.9,0.1,500,1.48661,1.00067,0.01156,1.57865,0.98164,0.03275,0.0902,0.00287,0.01022,0.575
16,57,mse,MSE,1.0,0.0,50,1.85122,1.08687,0.04128,1.93955,1.04844,0.05103,0.11276,0.00229,0.01685,0.6
16,57,mse,MSE,1.0,0.0,100,1.68352,1.05039,0.01897,1.5959,1.01105,0.02737,0.13069,0.00315,0.01204,0.6
16,57,mse,MSE,1.0,0.0,300,1.47201,0.99108,0.00835,1.1304,0.87422,0.02951,0.03827,0.00231,0.00981,0.575
16,57,mse,MSE,1.0,0.0,500,1.48428,0.99885,0.01147,1.59995,0.98007,0.03399,0.09199,0.00294,0.01063,0.6
17,58,hsic,HSIC,0.0,1.0,50,2.93687,1.33535,0.03711,11.12277,2.17408,0.10507,0.24093,0.0055,0.04561,0.725
17,58,hsic,HSIC,0.0,1.0,100,3.97533,1.62956,0.02991,8.58245,1.83391,0.10839,0.07149,0.00393,0.02126,0.575
17,58,hsic,HSIC,0.0,1.0,300,2.52862,1.23352,0.02438,9.87369,1.97315,0.18634,0.37752,0.00636,0.02584,0.625
17,58,hsic,HSIC,0.0,1.0,500,2.70341,1.29822,0.03748,9.27584,1.95489,0.18743,0.37919,0.00619,0.02852,0.525
17,58,hybrid,HYBRID_ALPHA0.1_BETA0.9,0.1,0.9,50,2.06471,1.10351,0.03099,2.55799,1.19542,0.06968,0.05528,0.00191,0.01495,0.575
17,58,hybrid,HYBRID_ALPHA0.2_BETA0.8,0.2,0.8,50,2.07388,1.09502,0.03351,2.53221,1.16893,0.06968,0.05492,0.00196,0.01577,0.5
17,58,hybrid,HYBRID_ALPHA0.3_BETA0.7,0.3,0.7,50,1.95719,1.07309,0.03372,2.56022,1.16546,0.06972,0.05516,0.00207,0.01566,0.6
17,58,hybrid,HYBRID_ALPHA0.4_BETA0.6,0.4,0.6,50,1.91057,1.0596,0.02629,2.93287,1.19518,0.04463,0.07744,0.00252,0.01642,0.65
17,58,hybrid,HYBRID_ALPHA0.5_BETA0.5,0.5,0.5,50,1.81791,1.03913,0.02032,2.71454,1.17181,0.04705,0.07261,0.00255,0.01684,0.625
17,58,hybrid,HYBRID_ALPHA0.6_BETA0.4,0.6,0.4,50,1.83531,1.04467,0.02374,2.78209,1.17338,0.04559,0.07474,0.00239,0.01797,0.675
17,58,hybrid,HYBRID_ALPHA0.7_BETA0.3,0.7,0.3,50,1.80684,1.04176,0.02361,2.92628,1.18635,0.04003,0.08113,0.00252,0.01876,0.65
17,58,hybrid,HYBRID_ALPHA0.8_BETA0.2,0.8,0.2,50,1.80272,1.04094,0.02299,3.07498,1.20048,0.03372,0.08723,0.00261,0.0201,0.675
17,58,hybrid,HYBRID_ALPHA0.9_BETA0.1,0.9,0.1,50,1.81785,1.04349,0.02346,3.21161,1.21905,0.0302,0.09783,0.00271,0.02276,0.675
17,58,hybrid,HYBRID_ALPHA0.1_BETA0.9,0.1,0.9,100,1.84873,1.10579,0.02091,1.72503,1.0673,0.04496,0.09484,0.0028,0.01841,0.625
17,58,hybrid,HYBRID_ALPHA0.2_BETA0.8,0.2,0.8,100,2.19825,1.14815,0.09807,1.53012,0.97076,0.0367,0.07996,0.00132,0.0249,0.525
17,58,hybrid,HYBRID_ALPHA0.3_BETA0.7,0.3,0.7,100,1.73285,1.07708,0.01717,1.54558,0.96619,0.03522,0.08043,0.00235,0.02021,0.65
17,58,hybrid,HYBRID_ALPHA0.4_BETA0.6,0.4,0.6,100,1.73867,1.07316,0.01634,1.55001,0.9627,0.03242,0.08501,0.00254,0.02142,0.7
17,58,hybrid,HYBRID_ALPHA0.5_BETA0.5,0.5,0.5,100,1.68664,1.06721,0.01429,1.54765,0.95602,0.03081,0.07943,0.00229,0.02182,0.65
17,58,hybrid,HYBRID_ALPHA0.6_BETA0.4,0.6,0.4,100,1.68315,1.06223,0.01392,1.56045,0.95782,0.0308,0.08033,0.0023,0.02252,0.725
17,58,hybrid,HYBRID_ALPHA0.7_BETA0.3,0.7,0.3,100,1.69932,1.06212,0.01355,1.5784,0.96224,0.03097,0.08395,0.00234,0.02327,0.625
17,58,hybrid,HYBRID_ALPHA0.8_BETA0.2,0.8,0.2,100,1.68942,1.05918,0.01373,1.65084,0.93016,0.0216,0.02954,0.00301,0.02698,0.7
17,58,hybrid,HYBRID_ALPHA0.9_BETA0.1,0.9,0.1,100,1.68451,1.05593,0.01374,1.69344,0.939,0.02171,0.03146,0.00304,0.02795,0.725
17,58,hybrid,HYBRID_ALPHA0.1_BETA0.9,0.1,0.9,300,1.82531,1.07115,0.02077,2.0903,0.9453,0.02893,0.01574,0.00232,0.01293,0.55
17,58,hybrid,HYBRID_ALPHA0.2_BETA0.8,0.2,0.8,300,1.79767,1.06472,0.01992,1.93599,1.1263,0.03864,0.08662,0.00299,0.0139,0.525
17,58,hybrid,HYBRID_ALPHA0.3_BETA0.7,0.3,0.7,300,1.74653,1.05832,0.01574,1.78917,1.07141,0.03514,0.08332,0.00278,0.01413,0.625
17,58,hybrid,HYBRID_ALPHA0.4_BETA0.6,0.4,0.6,300,1.72941,1.05472,0.01462,1.55074,0.9112,0.02971,0.02358,0.00201,0.01559,0.55
17,58,hybrid,HYBRID_ALPHA0.5_BETA0.5,0.5,0.5,300,1.73031,1.05594,0.01372,1.41047,0.8947,0.03295,0.02197,0.00196,0.01567,0.6
17,58,hybrid,HYBRID_ALPHA0.6_BETA0.4,0.6,0.4,300,1.77123,1.06413,0.01442,1.38893,0.89053,0.03075,0.02259,0.00197,0.01604,0.575
17,58,hybrid,HYBRID_ALPHA0.7_BETA0.3,0.7,0.3,300,1.77393,1.06378,0.01463,1.38466,0.89418,0.02739,0.02454,0.00205,0.01652,0.525
17,58,hybrid,HYBRID_ALPHA0.8_BETA0.2,0.8,0.2,300,1.81257,1.07875,0.01348,1.37458,0.89959,0.03061,0.02693,0.00205,0.01598,0.6
17,58,hybrid,HYBRID_ALPHA0.9_BETA0.1,0.9,0.1,300,1.81929,1.07334,0.0167,1.44656,0.90743,0.0328,0.02779,0.00202,0.01695,0.6
17,58,hybrid,HYBRID_ALPHA0.1_BETA0.9,0.1,0.9,500,1.57217,1.02063,0.00901,1.10268,0.84299,0.02334,0.0237,0.0018,0.01254,0.55
17,58,hybrid,HYBRID_ALPHA0.2_BETA0.8,0.2,0.8,500,1.52849,1.01516,0.00747,1.12508,0.86025,0.01981,0.02494,0.00209,0.01228,0.5
17,58,hybrid,HYBRID_ALPHA0.3_BETA0.7,0.3,0.7,500,1.55766,1.01333,0.01088,1.11543,0.85274,0.02176,0.02317,0.0024,0.01345,0.55
17,58,hybrid,HYBRID_ALPHA0.4_BETA0.6,0.4,0.6,500,1.53008,1.00532,0.00957,1.11446,0.85214,0.02158,0.02299,0.00237,0.01344,0.55
17,58,hybrid,HYBRID_ALPHA0.5_BETA0.5,0.5,0.5,500,1.59211,1.02287,0.00848,1.10131,0.84716,0.02208,0.02173,0.00219,0.01238,0.6
17,58,hybrid,HYBRID_ALPHA0.6_BETA0.4,0.6,0.4,500,1.59831,1.0244,0.00873,1.09518,0.84527,0.02219,0.02122,0.00219,0.01222,0.65
17,58,hybrid,HYBRID_ALPHA0.7_BETA0.3,0.7,0.3,500,1.57873,1.02186,0.00858,1.08728,0.84345,0.02232,0.02062,0.00209,0.012,0.625
17,58,hybrid,HYBRID_ALPHA0.8_BETA0.2,0.8,0.2,500,1.59606,1.02456,0.00902,1.09338,0.84462,0.02204,0.02086,0.00219,0.01181,0.575
17,58,hybrid,HYBRID_ALPHA0.9_BETA0.1,0.9,0.1,500,1.56995,1.01925,0.00921,1.08966,0.84341,0.02205,0.02032,0.00215,0.01165,0.525
17,58,mse,MSE,1.0,0.0,50,1.78302,1.03525,0.01914,3.07918,1.21595,0.06379,0.0646,0.0024,0.01741,0.675
17,58,mse,MSE,1.0,0.0,100,1.69779,1.05692,0.01431,1.71396,0.9375,0.02229,0.03275,0.00309,0.02919,0.75
17,58,mse,MSE,1.0,0.0,300,1.7787,1.06478,0.01501,1.58168,0.92913,0.03195,0.02729,0.00202,0.01588,0.575
17,58,mse,MSE,1.0,0.0,500,1.56339,1.01785,0.00939,1.08131,0.8408,0.02204,0.0193,0.00208,0.01135,0.525
18,59,hsic,HSIC,0.0,1.0,50,2.0733,1.15704,0.04747,9.75437,1.9325,0.19659,0.36485,0.00638,0.04319,0.575
18,59,hsic,HSIC,0.0,1.0,100,3.36053,1.49416,0.03118,9.77039,1.96523,0.18454,0.37352,0.00644,0.04803,0.625
18,59,hsic,HSIC,0.0,1.0,300,2.81574,1.33979,0.01672,9.13051,1.92959,0.18413,0.36799,0.0063,0.04231,0.6
18,59,hsic,HSIC,0.0,1.0,500,2.15989,1.17213,0.01039,8.53753,1.90457,0.18772,0.36777,0.00614,0.03676,0.6
18,59,hybrid,HYBRID_ALPHA0.1_BETA0.9,0.1,0.9,50,1.96087,1.10306,0.02903,9.75148,1.93193,0.19648,0.36466,0.00715,0.04295,0.625
18,59,hybrid,HYBRID_ALPHA0.2_BETA0.8,0.2,0.8,50,2.03474,1.12471,0.02711,1.99317,1.13042,0.0338,0.12445,0.00358,0.01353,0.525
18,59,hybrid,HYBRID_ALPHA0.3_BETA0.7,0.3,0.7,50,2.05161,1.12299,0.02793,1.97316,1.12784,0.02927,0.12254,0.00339,0.01328,0.525
18,59,hybrid,HYBRID_ALPHA0.4_BETA0.6,0.4,0.6,50,2.017,1.11317,0.02618,1.89397,1.09517,0.02674,0.11391,0.00335,0.01232,0.575
18,59,hybrid,HYBRID_ALPHA0.5_BETA0.5,0.5,0.5,50,6.07826,1.35255,0.02626,1.79136,1.0627,0.0255,0.10237,0.00307,0.01031,0.525
18,59,hybrid,HYBRID_ALPHA0.6_BETA0.4,0.6,0.4,50,2.16377,1.14632,0.02896,1.36938,0.94745,0.04734,0.06839,0.0026,0.01083,0.525
18,59,hybrid,HYBRID_ALPHA0.7_BETA0.3,0.7,0.3,50,2.02682,1.11654,0.02668,1.36403,0.93994,0.04549,0.06504,0.00235,0.01214,0.625
18,59,hybrid,HYBRID_ALPHA0.8_BETA0.2,0.8,0.2,50,2.07925,1.13769,0.02658,1.37935,0.93613,0.03969,0.06793,0.00212,0.01004,0.65
18,59,hybrid,HYBRID_ALPHA0.9_BETA0.1,0.9,0.1,50,2.65082,1.20485,0.02274,1.41566,0.93453,0.03519,0.06687,0.00202,0.00907,0.65
18,59,hybrid,HYBRID_ALPHA0.1_BETA0.9,0.1,0.9,100,1.91439,1.09245,0.04247,1.25931,0.93641,0.01436,0.08056,0.00354,0.01332,0.65
18,59,hybrid,HYBRID_ALPHA0.2_BETA0.8,0.2,0.8,100,1.9702,1.10036,0.04051,2.02595,1.1531,0.04251,0.09276,0.00419,0.00919,0.65
18,59,hybrid,HYBRID_ALPHA0.3_BETA0.7,0.3,0.7,100,1.93435,1.09861,0.03988,1.1724,0.90987,0.01374,0.08091,0.00279,0.0127,0.65
18,59,hybrid,HYBRID_ALPHA0.4_BETA0.6,0.4,0.6,100,1.92365,1.09864,0.03928,1.3795,0.95895,0.04801,0.09883,0.00303,0.01284,0.65
18,59,hybrid,HYBRID_ALPHA0.5_BETA0.5,0.5,0.5,100,1.88753,1.08895,0.04133,1.18305,0.91547,0.01276,0.0837,0.00301,0.01156,0.65
18,59,hybrid,HYBRID_ALPHA0.6_BETA0.4,0.6,0.4,100,1.88925,1.08886,0.04075,1.18113,0.91593,0.01245,0.08324,0.00303,0.01127,0.6
18,59,hybrid,HYBRID_ALPHA0.7_BETA0.3,0.7,0.3,100,1.88024,1.08617,0.03837,1.16735,0.91048,0.01291,0.08184,0.00292,0.01133,0.675
18,59,hybrid,HYBRID_ALPHA0.8_BETA0.2,0.8,0.2,100,1.86922,1.08339,0.03658,1.16282,0.90643,0.01349,0.08289,0.00291,0.01148,0.65
18,59,hybrid,HYBRID_ALPHA0.9_BETA0.1,0.9,0.1,100,1.87443,1.08601,0.03687,1.17307,0.91012,0.0131,0.08412,0.00289,0.01145,0.65
18,59,hybrid,HYBRID_ALPHA0.1_BETA0.9,0.1,0.9,300,1.63451,1.03716,0.01315,2.17496,1.2111,0.03599,0.08698,0.00387,0.01075,0.6
18,59,hybrid,HYBRID_ALPHA0.2_BETA0.8,0.2,0.8,300,1.59025,1.02395,0.01051,2.22699,1.19224,0.04005,0.09432,0.0039,0.01118,0.55
18,59,hybrid,HYBRID_ALPHA0.3_BETA0.7,0.3,0.7,300,1.59031,1.02343,0.00976,1.13033,0.88741,0.01858,0.03239,0.00259,0.0092,0.5
18,59,hybrid,HYBRID_ALPHA0.4_BETA0.6,0.4,0.6,300,1.6204,1.03127,0.01114,1.16322,0.89755,0.01769,0.03433,0.00291,0.00913,0.55
18,59,hybrid,HYBRID_ALPHA0.5_BETA0.5,0.5,0.5,300,1.63467,1.03494,0.01173,1.18533,0.90328,0.017,0.03588,0.00305,0.00919,0.575
18,59,hybrid,HYBRID_ALPHA0.6_BETA0.4,0.6,0.4,300,1.64752,1.03827,0.01212,1.20291,0.90756,0.01649,0.03739,0.00311,0.00927,0.525
18,59,hybrid,HYBRID_ALPHA0.7_BETA0.3,0.7,0.3,300,1.65645,1.04065,0.01242,1.21745,0.91122,0.01589,0.03863,0.00316,0.00933,0.575
18,59,hybrid,HYBRID_ALPHA0.8_BETA0.2,0.8,0.2,300,1.66135,1.04119,0.01243,1.23114,0.91423,0.01525,0.0396,0.00321,0.0094,0.575
18,59,hybrid,HYBRID_ALPHA0.9_BETA0.1,0.9,0.1,300,1.67013,1.04267,0.01271,1.24323,0.91705,0.01482,0.04105,0.00325,0.00951,0.55
18,59,hybrid,HYBRID_ALPHA0.1_BETA0.9,0.1,0.9,500,1.56917,1.0174,0.01087,2.55427,1.21677,0.05183,0.1179,0.00399,0.00876,0.675
18,59,hybrid,HYBRID_ALPHA0.2_BETA0.8,0.2,0.8,500,1.48478,0.99718,0.00932,1.54859,0.99648,0.03858,0.0919,0.00292,0.00899,0.625
18,59,hybrid,HYBRID_ALPHA0.3_BETA0.7,0.3,0.7,500,1.48055,0.99576,0.00933,1.21785,0.8954,0.03259,0.05612,0.00249,0.00857,0.6
18,59,hybrid,HYBRID_ALPHA0.4_BETA0.6,0.4,0.6,500,1.48353,0.99649,0.00929,1.51819,0.97871,0.03713,0.09022,0.00298,0.00889,0.625
18,59,hybrid,HYBRID_ALPHA0.5_BETA0.5,0.5,0.5,500,1.50791,1.00987,0.01034,1.05523,0.84726,0.02641,0.03136,0.00158,0.00943,0.5
18,59,hybrid,HYBRID_ALPHA0.6_BETA0.4,0.6,0.4,500,1.49488,1.00674,0.01027,1.04693,0.84301,0.02505,0.02896,0.00165,0.00961,0.5
18,59,hybrid,HYBRID_ALPHA0.7_BETA0.3,0.7,0.3,500,1.48332,1.00327,0.01002,1.044,0.84027,0.02399,0.02735,0.00168,0.00965,0.525
18,59,hybrid,HYBRID_ALPHA0.8_BETA0.2,0.8,0.2,500,1.4775,0.99887,0.00915,1.03804,0.83531,0.02303,0.02485,0.00182,0.00978,0.525
18,59,hybrid,HYBRID_ALPHA0.9_BETA0.1,0.9,0.1,500,1.50009,1.00474,0.00975,1.53224,0.97469,0.03678,0.07709,0.00279,0.01194,0.525
18,59,mse,MSE,1.0,0.0,50,2.50523,1.19987,0.02059,1.46547,0.93757,0.03282,0.06613,0.00203,0.00861,0.625
18,59,mse,MSE,1.0,0.0,100,1.87738,1.08726,0.03646,1.18327,0.91257,0.01296,0.08451,0.00284,0.01121,0.65
18,59,mse,MSE,1.0,0.0,300,1.67712,1.04464,0.01296,1.25197,0.91882,0.01446,0.04231,0.00328,0.00959,0.5
18,59,mse,MSE,1.0,0.0,500,1.4763,0.99939,0.00911,1.03071,0.82345,0.02266,0.01978,0.00174,0.01008,0.55
19,60,hsic,HSIC,0.0,1.0,50,2.40385,1.21563,0.0661,7.34213,1.85148,0.1923,0.37213,0.00586,0.04818,0.65
19,60,hsic,HSIC,0.0,1.0,100,3.58425,1.55107,0.02,9.44101,2.1208,0.06392,0.12144,0.00471,0.04752,0.725
19,60,hsic,HSIC,0.0,1.0,300,2.89639,1.38413,0.00995,9.13393,1.94489,0.18595,0.37682,0.00612,0.04507,0.65
19,60,hsic,HSIC,0.0,1.0,500,2.29204,1.20545,0.01077,8.44937,1.90623,0.19078,0.37315,0.0061,0.03919,0.575
19,60,hybrid,HYBRID_ALPHA0.1_BETA0.9,0.1,0.9,50,1.89434,1.08642,0.07266,6.85932,1.81341,0.19059,0.36761,0.00552,0.04695,0.675
19,60,hybrid,HYBRID_ALPHA0.2_BETA0.8,0.2,0.8,50,2.07004,1.1111,0.06951,5.58094,1.70379,0.18423,0.35575,0.00511,0.04213,0.65
19,60,hybrid,HYBRID_ALPHA0.3_BETA0.7,0.3,0.7,50,2.05856,1.10397,0.06121,7.78354,1.74662,0.16379,0.33627,0.00549,0.03354,0.6
19,60,hybrid,HYBRID_ALPHA0.4_BETA0.6,0.4,0.6,50,1.75376,1.04381,0.0386,5.69332,1.61379,0.14674,0.31103,0.00515,0.03229,0.65
19,60,hybrid,HYBRID_ALPHA0.5_BETA0.5,0.5,0.5,50,1.97897,1.09279,0.04954,1.51974,0.98394,0.03874,0.11903,0.00263,0.01533,0.575
19,60,hybrid,HYBRID_ALPHA0.6_BETA0.4,0.6,0.4,50,1.98149,1.09366,0.05393,1.49619,0.96514,0.03072,0.1055,0.00237,0.01541,0.525
19,60,hybrid,HYBRID_ALPHA0.7_BETA0.3,0.7,0.3,50,2.49582,1.2227,0.17036,1.53869,0.97468,0.02897,0.10172,0.00162,0.01694,0.525
19,60,hybrid,HYBRID_ALPHA0.8_BETA0.2,0.8,0.2,50,2.42207,1.20927,0.16575,1.61485,0.99588,0.03273,0.10173,0.00199,0.01826,0.6
19,60,hybrid,HYBRID_ALPHA0.9_BETA0.1,0.9,0.1,50,2.37655,1.19831,0.15938,1.56442,0.97681,0.02586,0.09002,0.00173,0.01681,0.525
19,60,hybrid,HYBRID_ALPHA0.1_BETA0.9,0.1,0.9,100,1.77468,1.06747,0.01665,1.80176,1.09501,0.04513,0.08732,0.00295,0.01169,0.5
19,60,hybrid,HYBRID_ALPHA0.2_BETA0.8,0.2,0.8,100,1.69268,1.04778,0.01813,1.68754,1.04354,0.04323,0.08384,0.00296,0.01204,0.575
19,60,hybrid,HYBRID_ALPHA0.3_BETA0.7,0.3,0.7,100,1.69236,1.04831,0.01966,1.64352,1.02601,0.0437,0.08155,0.00276,0.01222,0.55
19,60,hybrid,HYBRID_ALPHA0.4_BETA0.6,0.4,0.6,100,1.7353,1.05508,0.02203,1.68765,1.03212,0.04274,0.07907,0.00275,0.01261,0.625
19,60,hybrid,HYBRID_ALPHA0.5_BETA0.5,0.5,0.5,100,1.76192,1.05854,0.02753,1.62288,1.00775,0.04358,0.07525,0.00246,0.0132,0.65
19,60,hybrid,HYBRID_ALPHA0.6_BETA0.4,0.6,0.4,100,1.77689,1.06175,0.02941,1.57426,0.98842,0.04429,0.07262,0.00232,0.01354,0.6
19,60,hybrid,HYBRID_ALPHA0.7_BETA0.3,0.7,0.3,100,1.79041,1.06479,0.03255,1.54647,0.9748,0.04539,0.07124,0.00219,0.01409,0.65
19,60,hybrid,HYBRID_ALPHA0.8_BETA0.2,0.8,0.2,100,1.79993,1.06711,0.03462,1.54265,0.973,0.04292,0.07221,0.00241,0.01458,0.65
19,60,hybrid,HYBRID_ALPHA0.9_BETA0.1,0.9,0.1,100,1.81288,1.06957,0.03711,1.54055,0.96959,0.04393,0.07293,0.00234,0.01501,0.65
19,60,hybrid,HYBRID_ALPHA0.1_BETA0.9,0.1,0.9,300,1.57227,1.02884,0.01184,1.05902,0.85432,0.03041,0.02173,0.00183,0.00759,0.525
19,60,hybrid,HYBRID_ALPHA0.2_BETA0.8,0.2,0.8,300,1.59599,1.03073,0.01191,2.42175,1.23321,0.03895,0.09404,0.00378,0.00742,0.625
19,60,hybrid,HYBRID_ALPHA0.3_BETA0.7,0.3,0.7,300,1.58503,1.02792,0.01186,2.12052,1.15625,0.03737,0.08591,0.00347,0.0078,0.625
19,60,hybrid,HYBRID_ALPHA0.4_BETA0.6,0.4,0.6,300,1.5853,1.03302,0.01052,1.04188,0.84744,0.03046,0.02252,0.0018,0.00755,0.6
19,60,hybrid,HYBRID_ALPHA0.5_BETA0.5,0.5,0.5,300,1.58764,1.0327,0.0105,1.04797,0.85049,0.02875,0.02433,0.00201,0.00747,0.6
19,60,hybrid,HYBRID_ALPHA0.6_BETA0.4,0.6,0.4,300,1.59123,1.03289,0.01042,1.04607,0.84912,0.02992,0.02387,0.00195,0.0075,0.675
19,60,hybrid,HYBRID_ALPHA0.7_BETA0.3,0.7,0.3,300,1.61723,1.04133,0.01067,1.04482,0.84849,0.0307,0.02344,0.00184,0.00738,0.7
19,60,hybrid,HYBRID_ALPHA0.8_BETA0.2,0.8,0.2,300,1.60801,1.0382,0.01149,1.04964,0.85148,0.03033,0.0239,0.0019,0.00749,0.675
19,60,hybrid,HYBRID_ALPHA0.9_BETA0.1,0.9,0.1,300,1.61603,1.04097,0.01082,1.04642,0.84933,0.03166,0.02289,0.00181,0.00739,0.65
19,60,hybrid,HYBRID_ALPHA0.1_BETA0.9,0.1,0.9,500,1.4809,1.00013,0.0095,1.01499,0.84122,0.03306,0.02251,0.00166,0.00748,0.6
19,60,hybrid,HYBRID_ALPHA0.2_BETA0.8,0.2,0.8,500,1.44705,0.98999,0.00935,1.0272,0.84689,0.03038,0.02381,0.00172,0.00762,0.6
19,60,hybrid,HYBRID_ALPHA0.3_BETA0.7,0.3,0.7,500,1.43136,0.98381,0.00918,1.02224,0.84319,0.02928,0.02312,0.00168,0.0076,0.625
19,60,hybrid,HYBRID_ALPHA0.4_BETA0.6,0.4,0.6,500,1.42929,0.98194,0.00906,1.01651,0.83925,0.02914,0.02203,0.00159,0.00777,0.6
19,60,hybrid,HYBRID_ALPHA0.5_BETA0.5,0.5,0.5,500,1.43952,0.98845,0.01062,1.01377,0.8377,0.02758,0.02207,0.00161,0.00805,0.6
19,60,hybrid,HYBRID_ALPHA0.6_BETA0.4,0.6,0.4,500,1.44329,0.99094,0.01128,1.01292,0.83636,0.02623,0.02236,0.00162,0.00807,0.575
19,60,hybrid,HYBRID_ALPHA0.7_BETA0.3,0.7,0.3,500,1.44088,0.99051,0.01172,1.02054,0.83938,0.02582,0.02354,0.00166,0.00813,0.575
19,60,hybrid,HYBRID_ALPHA0.8_BETA0.2,0.8,0.2,500,1.44916,0.99093,0.01091,1.02423,0.84085,0.02527,0.02442,0.00163,0.00751,0.525
19,60,hybrid,HYBRID_ALPHA0.9_BETA0.1,0.9,0.1,500,1.4514,0.99265,0.01133,1.02393,0.83928,0.02419,0.02468,0.00161,0.00749,0.55
19,60,mse,MSE,1.0,0.0,50,2.12738,1.12807,0.11305,1.55098,0.97177,0.02596,0.08162,0.00185,0.01766,0.55
19,60,mse,MSE,1.0,0.0,100,1.83188,1.07383,0.03901,1.54627,0.96747,0.04514,0.07305,0.00226,0.01547,0.6
19,60,mse,MSE,1.0,0.0,300,1.60114,1.03612,0.011,1.02924,0.82858,0.02239,0.0209,0.00186,0.00759,0.625
19,60,mse,MSE,1.0,0.0,500,1.45228,0.9935,0.0117,1.02669,0.83867,0.02384,0.02521,0.0016,0.00747,0.5
20,61,hsic,HSIC,0.0,1.0,50,3.11254,1.34302,0.20037,11.87634,2.06194,0.18802,0.38077,0.00305,0.02975,0.55
20,61,hsic,HSIC,0.0,1.0,100,2.03854,1.14803,0.0421,8.66242,1.88982,0.19883,0.36564,0.00522,0.02327,0.6
20,61,hsic,HSIC,0.0,1.0,300,3.21948,1.47771,0.01788,9.16457,1.94902,0.18695,0.37849,0.00641,0.03729,0.625
20,61,hsic,HSIC,0.0,1.0,500,4.47795,1.71861,0.03037,8.67663,1.91773,0.1899,0.37576,0.00645,0.03257,0.625
20,61,hybrid,HYBRID_ALPHA0.1_BETA0.9,0.1,0.9,50,1.82669,1.06952,0.04782,9.21806,1.60605,0.08038,0.20171,0.00481,0.01713,0.55
20,61,hybrid,HYBRID_ALPHA0.2_BETA0.8,0.2,0.8,50,1.79956,1.05044,0.03813,5.63212,1.38458,0.03662,0.13636,0.00393,0.0155,0.575
20,61,hybrid,HYBRID_ALPHA0.3_BETA0.7,0.3,0.7,50,1.86149,1.0645,0.04868,5.99272,1.3811,0.04205,0.14014,0.00405,0.01615,0.625
20,61,hybrid,HYBRID_ALPHA0.4_BETA0.6,0.4,0.6,50,1.87325,1.06014,0.04725,5.91831,1.36343,0.03888,0.12886,0.00409,0.015,0.55
20,61,hybrid,HYBRID_ALPHA0.5_BETA0.5,0.5,0.5,50,1.83064,1.05044,0.04509,5.84564,1.34609,0.03708,0.1198,0.00402,0.01488,0.6
20,61,hybrid,HYBRID_ALPHA0.6_BETA0.4,0.6,0.4,50,3.68278,1.16029,0.04343,6.16542,1.35974,0.04152,0.11662,0.00442,0.01496,0.625
20,61,hybrid,HYBRID_ALPHA0.7_BETA0.3,0.7,0.3,50,34.43147,1.81801,0.04354,7.59577,1.35901,0.04056,0.12831,0.00418,0.01974,0.575
20,61,hybrid,HYBRID_ALPHA0.8_BETA0.2,0.8,0.2,50,1.86357,1.06256,0.04255,7.70803,1.36866,0.03782,0.12561,0.00413,0.02624,0.6
20,61,hybrid,HYBRID_ALPHA0.9_BETA0.1,0.9,0.1,50,1.89525,1.07831,0.04823,7.67051,1.38486,0.04033,0.13025,0.00445,0.02324,0.5
20,61,hybrid,HYBRID_ALPHA0.1_BETA0.9,0.1,0.9,100,1.65265,1.03818,0.02255,2.03502,1.04921,0.04466,0.06994,0.00261,0.01551,0.625
20,61,hybrid,HYBRID_ALPHA0.2_BETA0.8,0.2,0.8,100,1.63234,1.02968,0.02512,2.8359,1.26639,0.05896,0.12308,0.00371,0.01447,0.5
20,61,hybrid,HYBRID_ALPHA0.3_BETA0.7,0.3,0.7,100,1.63929,1.02255,0.02048,2.26268,1.1689,0.05374,0.11043,0.00355,0.01503,0.5
20,61,hybrid,HYBRID_ALPHA0.4_BETA0.6,0.4,0.6,100,1.65013,1.01537,0.01766,1.9634,1.10628,0.05195,0.09924,0.00329,0.01603,0.55
20,61,hybrid,HYBRID_ALPHA0.5_BETA0.5,0.5,0.5,100,1.6505,1.00719,0.01576,1.80904,1.0681,0.05296,0.09551,0.003,0.01718,0.525
20,61,hybrid,HYBRID_ALPHA0.6_BETA0.4,0.6,0.4,100,1.64439,1.00495,0.01596,1.64806,0.97947,0.03312,0.06594,0.00334,0.02068,0.6
20,61,hybrid,HYBRID_ALPHA0.7_BETA0.3,0.7,0.3,100,1.63917,1.00928,0.0147,1.48621,0.95528,0.03072,0.05629,0.00265,0.02188,0.55
20,61,hybrid,HYBRID_ALPHA0.8_BETA0.2,0.8,0.2,100,1.64047,1.0005,0.01506,1.43487,0.94671,0.02906,0.05188,0.00276,0.02037,0.625
20,61,hybrid,HYBRID_ALPHA0.9_BETA0.1,0.9,0.1,100,1.63933,1.00838,0.01386,1.23243,0.90932,0.03204,0.03874,0.00196,0.02149,0.575
20,61,hybrid,HYBRID_ALPHA0.1_BETA0.9,0.1,0.9,300,1.58178,1.02614,0.01015,2.47321,1.26307,0.03731,0.10356,0.00356,0.00955,0.575
20,61,hybrid,HYBRID_ALPHA0.2_BETA0.8,0.2,0.8,300,1.55504,1.02866,0.01413,2.46005,1.2348,0.03981,0.09685,0.00357,0.01145,0.6
20,61,hybrid,HYBRID_ALPHA0.3_BETA0.7,0.3,0.7,300,1.55645,1.03712,0.01607,2.06557,1.12685,0.03609,0.08999,0.00324,0.01221,0.625
20,61,hybrid,HYBRID_ALPHA0.4_BETA0.6,0.4,0.6,300,1.45434,0.9918,0.0094,1.02198,0.85146,0.04693,0.01744,0.00144,0.01027,0.6
20,61,hybrid,HYBRID_ALPHA0.5_BETA0.5,0.5,0.5,300,1.53667,1.02212,0.01216,1.01337,0.84843,0.04528,0.01492,0.00142,0.01136,0.575
20,61,hybrid,HYBRID_ALPHA0.6_BETA0.4,0.6,0.4,300,1.4992,1.00983,0.01284,1.01348,0.84752,0.04314,0.01553,0.00132,0.01082,0.7
20,61,hybrid,HYBRID_ALPHA0.7_BETA0.3,0.7,0.3,300,1.51227,1.0168,0.01342,1.01196,0.84671,0.03967,0.01601,0.00132,0.01082,0.65
20,61,hybrid,HYBRID_ALPHA0.8_BETA0.2,0.8,0.2,300,1.51826,1.01972,0.01402,1.01462,0.84578,0.0394,0.01637,0.00129,0.0108,0.625
20,61,hybrid,HYBRID_ALPHA0.9_BETA0.1,0.9,0.1,300,1.48625,0.99924,0.01092,1.02109,0.8465,0.04126,0.01542,0.00149,0.01065,0.55
20,61,hybrid,HYBRID_ALPHA0.1_BETA0.9,0.1,0.9,500,1.57845,1.02501,0.01124,1.14305,0.89309,0.02688,0.03466,0.00278,0.00882,0.525
20,61,hybrid,HYBRID_ALPHA0.2_BETA0.8,0.2,0.8,500,1.52571,1.00988,0.0088,1.11606,0.88769,0.02681,0.03326,0.00264,0.00915,0.575
20,61,hybrid,HYBRID_ALPHA0.3_BETA0.7,0.3,0.7,500,1.46901,0.99444,0.0079,1.0966,0.87971,0.02635,0.03009,0.00246,0.00946,0.6
20,61,hybrid,HYBRID_ALPHA0.4_BETA0.6,0.4,0.6,500,1.45327,0.99082,0.00786,1.04569,0.85735,0.02789,0.02305,0.00205,0.00954,0.55
20,61,hybrid,HYBRID_ALPHA0.5_BETA0.5,0.5,0.5,500,1.447,0.98901,0.00818,1.03331,0.85204,0.02872,0.02114,0.00194,0.00953,0.5
20,61,hybrid,HYBRID_ALPHA0.6_BETA0.4,0.6,0.4,500,1.44216,0.98782,0.00815,1.03512,0.85124,0.02909,0.02061,0.00189,0.00961,0.525
20,61,hybrid,HYBRID_ALPHA0.7_BETA0.3,0.7,0.3,500,1.44299,0.98799,0.00913,1.03894,0.85133,0.02936,0.02024,0.00187,0.00973,0.55
20,61,hybrid,HYBRID_ALPHA0.8_BETA0.2,0.8,0.2,500,1.44323,0.98837,0.0096,1.044,0.8521,0.02976,0.02021,0.00187,0.00986,0.55
20,61,hybrid,HYBRID_ALPHA0.9_BETA0.1,0.9,0.1,500,1.44289,0.98838,0.00979,1.04859,0.85308,0.03001,0.02008,0.00187,0.00991,0.55
20,61,mse,MSE,1.0,0.0,50,1.80286,1.05647,0.04447,6.8863,1.3559,0.03925,0.1252,0.00445,0.02355,0.525
20,61,mse,MSE,1.0,0.0,100,1.64244,1.00566,0.01407,1.28068,0.93188,0.02416,0.0433,0.00236,0.02158,0.525
20,61,mse,MSE,1.0,0.0,300,1.49016,1.00042,0.01135,1.11894,0.89299,0.04853,0.01529,0.00192,0.01115,0.575
20,61,mse,MSE,1.0,0.0,500,1.44037,0.98796,0.00996,1.05182,0.85412,0.02967,0.02004,0.00188,0.0099,0.525
