Experiment,Seed,Loss,Conf,Alpha,Beta,N,MSE Y,MAE Y,"HSIC(Y,X)",MSE Z,MAE Z,"HSIC(Z,X)","HSIC(Z,Y)",dHSIC Total,MMD,RF Acc
1,42,hsic,HSIC,0.0,1.0,50,4.6626,1.11291,0.17264,4.3125,1.36744,0.27455,0.13298,0.00381,0.03171,0.6
1,42,hsic,HSIC,0.0,1.0,100,1.82937,0.90152,0.25225,4.33066,1.3681,0.24399,0.14396,0.00552,0.01606,0.6
1,42,hsic,HSIC,0.0,1.0,300,1.73401,0.97157,0.10371,4.38807,1.20699,0.05302,0.07037,0.0043,0.05637,0.675
1,42,hsic,HSIC,0.0,1.0,500,1.33947,0.90658,0.06699,4.12804,1.35641,0.24492,0.14451,0.00435,0.0284,0.675
1,42,hybrid,HYBRID_ALPHA0.1_BETA0.9,0.1,0.9,50,51.29452,1.84191,0.22031,3.93046,1.33176,0.24052,0.15276,0.00283,0.03095,0.65
1,42,hybrid,HYBRID_ALPHA0.2_BETA0.8,0.2,0.8,50,23.68631,1.45197,0.21508,1.40027,0.85059,0.09125,0.0902,0.00181,0.03264,0.65
1,42,hybrid,HYBRID_ALPHA0.3_BETA0.7,0.3,0.7,50,17.79406,1.27968,0.22362,1.72386,0.87805,0.11552,0.09647,0.00164,0.03206,0.65
1,42,hybrid,HYBRID_ALPHA0.4_BETA0.6,0.4,0.6,50,1.13571,0.68725,0.15179,11.26103,1.38486,0.13993,0.09852,0.00212,0.03602,0.625
1,42,hybrid,HYBRID_ALPHA0.5_BETA0.5,0.5,0.5,50,0.95163,0.65952,0.13928,2.41039,1.12536,0.27436,0.08102,0.00226,0.03699,0.7
1,42,hybrid,HYBRID_ALPHA0.6_BETA0.4,0.6,0.4,50,0.92843,0.66286,0.14086,2.73635,1.16932,0.27629,0.07456,0.00204,0.03698,0.675
1,42,hybrid,HYBRID_ALPHA0.7_BETA0.3,0.7,0.3,50,1.03566,0.7046,0.18125,166.313,2.46797,0.29405,0.0819,0.00222,0.03862,0.65
1,42,hybrid,HYBRID_ALPHA0.8_BETA0.2,0.8,0.2,50,1.04084,0.71425,0.1816,315.67583,2.94205,0.29107,0.08401,0.00211,0.03943,0.725
1,42,hybrid,HYBRID_ALPHA0.9_BETA0.1,0.9,0.1,50,1.00524,0.69433,0.17439,223.9081,2.65383,0.29881,0.07681,0.00198,0.0396,0.7
1,42,hybrid,HYBRID_ALPHA0.1_BETA0.9,0.1,0.9,100,1.26558,0.74006,0.22718,3.62489,1.29925,0.24274,0.12537,0.0053,0.01626,0.675
1,42,hybrid,HYBRID_ALPHA0.2_BETA0.8,0.2,0.8,100,1.05617,0.70353,0.22376,1.14578,0.83374,0.05066,0.05276,0.00422,0.01865,0.525
1,42,hybrid,HYBRID_ALPHA0.3_BETA0.7,0.3,0.7,100,1.37954,0.7672,0.24109,1.12496,0.83798,0.04793,0.0496,0.00451,0.01887,0.65
1,42,hybrid,HYBRID_ALPHA0.4_BETA0.6,0.4,0.6,100,1.32095,0.76381,0.23515,1.14711,0.84468,0.04583,0.04878,0.00444,0.01948,0.65
1,42,hybrid,HYBRID_ALPHA0.5_BETA0.5,0.5,0.5,100,1.30764,0.75996,0.23285,1.14794,0.83462,0.04725,0.04556,0.00432,0.01999,0.55
1,42,hybrid,HYBRID_ALPHA0.6_BETA0.4,0.6,0.4,100,1.3043,0.75895,0.23007,1.13534,0.82162,0.04867,0.0433,0.00426,0.02053,0.575
1,42,hybrid,HYBRID_ALPHA0.7_BETA0.3,0.7,0.3,100,1.29607,0.75819,0.22784,1.16477,0.82108,0.05008,0.0432,0.00426,0.02105,0.525
1,42,hybrid,HYBRID_ALPHA0.8_BETA0.2,0.8,0.2,100,1.28555,0.75636,0.22497,1.03439,0.82714,0.03545,0.02425,0.00408,0.022,0.625
1,42,hybrid,HYBRID_ALPHA0.9_BETA0.1,0.9,0.1,100,1.27961,0.75511,0.22256,1.07352,0.82643,0.04033,0.0415,0.00432,0.02356,0.6
1,42,hybrid,HYBRID_ALPHA0.1_BETA0.9,0.1,0.9,300,0.77353,0.6209,0.14173,0.98374,0.80361,0.04902,0.03996,0.00242,0.01245,0.65
1,42,hybrid,HYBRID_ALPHA0.2_BETA0.8,0.2,0.8,300,0.74725,0.61695,0.13977,0.93164,0.78962,0.04546,0.04351,0.00235,0.01255,0.625
1,42,hybrid,HYBRID_ALPHA0.3_BETA0.7,0.3,0.7,300,0.73539,0.61011,0.14034,0.87866,0.76941,0.04974,0.05371,0.00201,0.0138,0.575
1,42,hybrid,HYBRID_ALPHA0.4_BETA0.6,0.4,0.6,300,0.71706,0.60134,0.13653,0.86934,0.76833,0.05099,0.05704,0.0019,0.01401,0.575
1,42,hybrid,HYBRID_ALPHA0.5_BETA0.5,0.5,0.5,300,0.69391,0.58924,0.12663,0.82174,0.73496,0.0519,0.05124,0.00153,0.01252,0.575
1,42,hybrid,HYBRID_ALPHA0.6_BETA0.4,0.6,0.4,300,0.68152,0.58191,0.12402,0.81286,0.73268,0.05542,0.05688,0.00163,0.01306,0.6
1,42,hybrid,HYBRID_ALPHA0.7_BETA0.3,0.7,0.3,300,0.67521,0.57976,0.12411,0.81382,0.73431,0.05674,0.06175,0.00165,0.0136,0.575
1,42,hybrid,HYBRID_ALPHA0.8_BETA0.2,0.8,0.2,300,0.6699,0.57506,0.12322,0.81409,0.73687,0.06168,0.0667,0.00163,0.01439,0.55
1,42,hybrid,HYBRID_ALPHA0.9_BETA0.1,0.9,0.1,300,0.66399,0.57216,0.11931,0.812,0.73843,0.07173,0.06887,0.00153,0.01511,0.525
1,42,hybrid,HYBRID_ALPHA0.1_BETA0.9,0.1,0.9,500,0.79428,0.66273,0.13924,0.8517,0.74703,0.03469,0.04495,0.00167,0.00926,0.575
1,42,hybrid,HYBRID_ALPHA0.2_BETA0.8,0.2,0.8,500,0.69083,0.60088,0.1135,0.81197,0.73102,0.04425,0.04893,0.00128,0.01039,0.525
1,42,hybrid,HYBRID_ALPHA0.3_BETA0.7,0.3,0.7,500,0.66089,0.57395,0.11323,0.78273,0.71909,0.03779,0.0592,0.00152,0.01022,0.575
1,42,hybrid,HYBRID_ALPHA0.4_BETA0.6,0.4,0.6,500,0.65383,0.56556,0.11419,0.77013,0.71131,0.04253,0.06191,0.00151,0.01072,0.575
1,42,hybrid,HYBRID_ALPHA0.5_BETA0.5,0.5,0.5,500,0.66722,0.56762,0.12143,0.76061,0.70529,0.04746,0.06436,0.00173,0.01151,0.675
1,42,hybrid,HYBRID_ALPHA0.6_BETA0.4,0.6,0.4,500,0.66662,0.57177,0.12489,0.75468,0.70082,0.05115,0.06662,0.00176,0.01169,0.625
1,42,hybrid,HYBRID_ALPHA0.7_BETA0.3,0.7,0.3,500,0.66709,0.57263,0.12315,0.75244,0.69853,0.05639,0.0682,0.00167,0.0121,0.575
1,42,hybrid,HYBRID_ALPHA0.8_BETA0.2,0.8,0.2,500,0.66192,0.56791,0.12122,0.74491,0.69422,0.04722,0.06672,0.00185,0.01196,0.6
1,42,hybrid,HYBRID_ALPHA0.9_BETA0.1,0.9,0.1,500,0.66272,0.56841,0.12039,0.74442,0.69355,0.04825,0.06698,0.00184,0.01215,0.575
1,42,mse,MSE,1.0,0.0,50,1.03061,0.69556,0.17079,127.07363,2.32498,0.30064,0.08214,0.00276,0.03893,0.7
1,42,mse,MSE,1.0,0.0,100,1.24346,0.74785,0.21708,1.4102,0.89021,0.04016,0.04394,0.00422,0.02324,0.625
1,42,mse,MSE,1.0,0.0,300,0.6718,0.58044,0.12337,0.81443,0.74427,0.08673,0.06682,0.00133,0.01572,0.6
1,42,mse,MSE,1.0,0.0,500,0.66258,0.56828,0.11998,0.74236,0.69237,0.05155,0.06793,0.00181,0.01243,0.575
2,43,hsic,HSIC,0.0,1.0,50,1.8062,0.91122,0.24884,4.2536,1.35582,0.13108,0.12701,0.00491,0.02819,0.65
2,43,hsic,HSIC,0.0,1.0,100,1.64443,0.94802,0.16858,4.11907,1.31344,0.10202,0.09308,0.00473,0.01557,0.65
2,43,hsic,HSIC,0.0,1.0,300,1.2084,0.87918,0.05816,4.17404,1.28174,0.05503,0.05565,0.00403,0.03424,0.7
2,43,hsic,HSIC,0.0,1.0,500,1.25582,0.88637,0.08319,3.77378,1.18299,0.03655,0.06364,0.00325,0.03212,0.75
2,43,hybrid,HYBRID_ALPHA0.1_BETA0.9,0.1,0.9,50,0.76654,0.6223,0.14186,0.94204,0.78146,0.04104,0.05623,0.00189,0.02311,0.725
2,43,hybrid,HYBRID_ALPHA0.2_BETA0.8,0.2,0.8,50,1.01718,0.7011,0.17884,0.83458,0.74481,0.04527,0.05697,0.00214,0.02204,0.625
2,43,hybrid,HYBRID_ALPHA0.3_BETA0.7,0.3,0.7,50,1.00307,0.69382,0.16936,0.80291,0.7179,0.04519,0.06852,0.00208,0.02243,0.7
2,43,hybrid,HYBRID_ALPHA0.4_BETA0.6,0.4,0.6,50,0.98957,0.69608,0.17028,0.83343,0.73927,0.07308,0.08225,0.00182,0.02523,0.675
2,43,hybrid,HYBRID_ALPHA0.5_BETA0.5,0.5,0.5,50,1.03946,0.69501,0.18363,0.82769,0.74128,0.07157,0.0941,0.00202,0.02548,0.675
2,43,hybrid,HYBRID_ALPHA0.6_BETA0.4,0.6,0.4,50,1.02281,0.69424,0.1746,0.83216,0.74262,0.06414,0.09986,0.00233,0.02436,0.625
2,43,hybrid,HYBRID_ALPHA0.7_BETA0.3,0.7,0.3,50,1.03033,0.69781,0.17273,0.84793,0.74525,0.06668,0.11009,0.00267,0.02388,0.625
2,43,hybrid,HYBRID_ALPHA0.8_BETA0.2,0.8,0.2,50,1.03077,0.69813,0.17212,0.83166,0.73706,0.06893,0.1097,0.00274,0.02339,0.65
2,43,hybrid,HYBRID_ALPHA0.9_BETA0.1,0.9,0.1,50,1.02978,0.69813,0.17159,0.8993,0.73215,0.04628,0.07427,0.00346,0.02298,0.625
2,43,hybrid,HYBRID_ALPHA0.1_BETA0.9,0.1,0.9,100,1.50113,0.74681,0.16608,0.94194,0.79119,0.03737,0.03607,0.0029,0.01781,0.625
2,43,hybrid,HYBRID_ALPHA0.2_BETA0.8,0.2,0.8,100,0.96757,0.67508,0.16633,0.90371,0.7761,0.0355,0.02945,0.00264,0.02016,0.7
2,43,hybrid,HYBRID_ALPHA0.3_BETA0.7,0.3,0.7,100,0.93005,0.66854,0.16248,0.86086,0.74462,0.04622,0.04203,0.00232,0.02065,0.625
2,43,hybrid,HYBRID_ALPHA0.4_BETA0.6,0.4,0.6,100,0.92637,0.67263,0.16475,0.83284,0.73112,0.04846,0.04544,0.00229,0.02141,0.6
2,43,hybrid,HYBRID_ALPHA0.5_BETA0.5,0.5,0.5,100,0.92332,0.66782,0.16519,0.8189,0.72961,0.05719,0.05307,0.00252,0.02078,0.675
2,43,hybrid,HYBRID_ALPHA0.6_BETA0.4,0.6,0.4,100,0.92837,0.66674,0.16414,0.81725,0.7301,0.06227,0.05491,0.00256,0.02087,0.65
2,43,hybrid,HYBRID_ALPHA0.7_BETA0.3,0.7,0.3,100,0.91829,0.65944,0.15816,0.81686,0.72985,0.0658,0.05598,0.00253,0.02103,0.55
2,43,hybrid,HYBRID_ALPHA0.8_BETA0.2,0.8,0.2,100,0.91507,0.65646,0.15565,0.81608,0.72898,0.06816,0.05733,0.00253,0.02117,0.6
2,43,hybrid,HYBRID_ALPHA0.9_BETA0.1,0.9,0.1,100,0.91047,0.6545,0.15464,0.81234,0.72754,0.06877,0.05822,0.00259,0.02114,0.575
2,43,hybrid,HYBRID_ALPHA0.1_BETA0.9,0.1,0.9,300,0.81691,0.65828,0.13181,0.95216,0.79388,0.09207,0.05024,0.0016,0.01588,0.6
2,43,hybrid,HYBRID_ALPHA0.2_BETA0.8,0.2,0.8,300,0.77705,0.6266,0.13847,0.91517,0.77295,0.08867,0.05453,0.00161,0.01587,0.575
2,43,hybrid,HYBRID_ALPHA0.3_BETA0.7,0.3,0.7,300,0.73282,0.60673,0.12977,0.8879,0.76197,0.08781,0.05751,0.00149,0.01586,0.6
2,43,hybrid,HYBRID_ALPHA0.4_BETA0.6,0.4,0.6,300,0.73683,0.60619,0.12996,0.82194,0.73649,0.05715,0.04991,0.0018,0.01385,0.65
2,43,hybrid,HYBRID_ALPHA0.5_BETA0.5,0.5,0.5,300,0.72417,0.59681,0.12881,0.81057,0.72876,0.06095,0.05435,0.00205,0.01416,0.65
2,43,hybrid,HYBRID_ALPHA0.6_BETA0.4,0.6,0.4,300,0.72246,0.59528,0.12791,0.80306,0.72274,0.06442,0.06279,0.00209,0.01406,0.575
2,43,hybrid,HYBRID_ALPHA0.7_BETA0.3,0.7,0.3,300,0.74967,0.60097,0.13146,0.79882,0.71912,0.06649,0.06727,0.00228,0.01379,0.65
2,43,hybrid,HYBRID_ALPHA0.8_BETA0.2,0.8,0.2,300,0.724,0.59282,0.12734,0.79842,0.71813,0.06746,0.06987,0.00244,0.01459,0.625
2,43,hybrid,HYBRID_ALPHA0.9_BETA0.1,0.9,0.1,300,0.72671,0.5903,0.1279,0.80118,0.72143,0.06876,0.07064,0.00245,0.01464,0.6
2,43,hybrid,HYBRID_ALPHA0.1_BETA0.9,0.1,0.9,500,0.77044,0.69245,0.06794,0.93436,0.7816,0.03648,0.03333,0.00122,0.00957,0.575
2,43,hybrid,HYBRID_ALPHA0.2_BETA0.8,0.2,0.8,500,0.67937,0.58657,0.12428,0.83614,0.74478,0.04989,0.03814,0.00145,0.01103,0.575
2,43,hybrid,HYBRID_ALPHA0.3_BETA0.7,0.3,0.7,500,0.67924,0.58572,0.13284,0.79705,0.72436,0.06163,0.04606,0.00121,0.01177,0.65
2,43,hybrid,HYBRID_ALPHA0.4_BETA0.6,0.4,0.6,500,0.67524,0.58259,0.12914,0.77919,0.71526,0.06843,0.05198,0.00116,0.01215,0.575
2,43,hybrid,HYBRID_ALPHA0.5_BETA0.5,0.5,0.5,500,0.67395,0.5815,0.12485,0.76772,0.70811,0.07228,0.05654,0.00119,0.01252,0.6
2,43,hybrid,HYBRID_ALPHA0.6_BETA0.4,0.6,0.4,500,0.66711,0.57625,0.12223,0.75895,0.7018,0.0751,0.06034,0.00124,0.01284,0.525
2,43,hybrid,HYBRID_ALPHA0.7_BETA0.3,0.7,0.3,500,0.66264,0.57295,0.12168,0.74987,0.69483,0.07822,0.0657,0.00136,0.01353,0.5
2,43,hybrid,HYBRID_ALPHA0.8_BETA0.2,0.8,0.2,500,0.66067,0.57253,0.12137,0.74485,0.68958,0.08265,0.06919,0.0014,0.01396,0.575
2,43,hybrid,HYBRID_ALPHA0.9_BETA0.1,0.9,0.1,500,0.65958,0.57223,0.12017,0.74319,0.6866,0.08526,0.07114,0.00144,0.01429,0.55
2,43,mse,MSE,1.0,0.0,50,1.03711,0.69866,0.17074,1.3266,0.83389,0.07374,0.08125,0.00378,0.02345,0.675
2,43,mse,MSE,1.0,0.0,100,0.90719,0.65305,0.15426,0.80669,0.72324,0.07148,0.06278,0.00272,0.02161,0.625
2,43,mse,MSE,1.0,0.0,300,0.71696,0.58775,0.12496,0.81532,0.73436,0.07629,0.06967,0.00224,0.01583,0.625
2,43,mse,MSE,1.0,0.0,500,0.65866,0.5725,0.11913,0.74334,0.68549,0.08924,0.07368,0.00147,0.01458,0.6
3,44,hsic,HSIC,0.0,1.0,50,1.49471,0.95667,0.18905,4.29487,1.37093,0.24504,0.15886,0.00503,0.02683,0.65
3,44,hsic,HSIC,0.0,1.0,100,1.24052,0.8599,0.16076,4.37999,1.36304,0.24015,0.14834,0.00386,0.01939,0.675
3,44,hsic,HSIC,0.0,1.0,300,1.95338,0.88041,0.2881,4.46188,1.4146,0.07686,0.07827,0.00485,0.01467,0.575
3,44,hsic,HSIC,0.0,1.0,500,1.57865,0.97188,0.07542,4.12214,1.30289,0.06181,0.09141,0.00473,0.03386,0.725
3,44,hybrid,HYBRID_ALPHA0.1_BETA0.9,0.1,0.9,50,7.38389,0.96077,0.19523,3.02088,1.25281,0.248,0.12985,0.00537,0.0187,0.7
3,44,hybrid,HYBRID_ALPHA0.2_BETA0.8,0.2,0.8,50,1.24039,0.75579,0.19182,2.34565,1.16462,0.24128,0.11251,0.00495,0.01573,0.55
3,44,hybrid,HYBRID_ALPHA0.3_BETA0.7,0.3,0.7,50,1.33255,0.77902,0.18666,2.52973,1.19359,0.25191,0.11917,0.00513,0.01609,0.625
3,44,hybrid,HYBRID_ALPHA0.4_BETA0.6,0.4,0.6,50,1.16944,0.76709,0.20549,2.52112,1.19044,0.25023,0.11238,0.00516,0.01709,0.6
3,44,hybrid,HYBRID_ALPHA0.5_BETA0.5,0.5,0.5,50,1.14441,0.77254,0.20196,2.78757,1.23114,0.2561,0.12187,0.00524,0.01758,0.6
3,44,hybrid,HYBRID_ALPHA0.6_BETA0.4,0.6,0.4,50,1.15974,0.76637,0.20725,2.98999,1.25213,0.26268,0.12066,0.00534,0.01913,0.6
3,44,hybrid,HYBRID_ALPHA0.7_BETA0.3,0.7,0.3,50,1.11669,0.7497,0.1916,3.26728,1.28711,0.26983,0.12753,0.00541,0.01964,0.65
3,44,hybrid,HYBRID_ALPHA0.8_BETA0.2,0.8,0.2,50,1.11187,0.74955,0.19195,3.26728,1.28701,0.26989,0.12737,0.00545,0.01984,0.675
3,44,hybrid,HYBRID_ALPHA0.9_BETA0.1,0.9,0.1,50,0.9847,0.67554,0.14482,3.26665,1.28664,0.26989,0.12701,0.00435,0.01824,0.65
3,44,hybrid,HYBRID_ALPHA0.1_BETA0.9,0.1,0.9,100,0.95846,0.6404,0.15239,1.05618,0.83958,0.04111,0.04476,0.00338,0.01493,0.575
3,44,hybrid,HYBRID_ALPHA0.2_BETA0.8,0.2,0.8,100,1.30048,0.75191,0.23785,1.05015,0.82392,0.05022,0.03928,0.00416,0.01702,0.6
3,44,hybrid,HYBRID_ALPHA0.3_BETA0.7,0.3,0.7,100,1.29821,0.76275,0.23871,0.9931,0.80129,0.04142,0.03936,0.00409,0.01601,0.575
3,44,hybrid,HYBRID_ALPHA0.4_BETA0.6,0.4,0.6,100,1.31706,0.77376,0.24312,0.95213,0.79332,0.04599,0.04029,0.00382,0.01629,0.625
3,44,hybrid,HYBRID_ALPHA0.5_BETA0.5,0.5,0.5,100,1.28485,0.76681,0.23631,0.98802,0.7986,0.04126,0.04046,0.00411,0.01577,0.55
3,44,hybrid,HYBRID_ALPHA0.6_BETA0.4,0.6,0.4,100,1.2578,0.75892,0.23094,0.94711,0.78714,0.04207,0.04242,0.00397,0.0159,0.55
3,44,hybrid,HYBRID_ALPHA0.7_BETA0.3,0.7,0.3,100,1.23156,0.7497,0.22371,0.92674,0.78056,0.04336,0.04561,0.0039,0.01606,0.6
3,44,hybrid,HYBRID_ALPHA0.8_BETA0.2,0.8,0.2,100,1.2241,0.74812,0.22163,0.90834,0.7749,0.04533,0.04806,0.00378,0.01612,0.55
3,44,hybrid,HYBRID_ALPHA0.9_BETA0.1,0.9,0.1,100,1.1619,0.72481,0.2047,0.9563,0.75794,0.05261,0.06356,0.00371,0.0162,0.575
3,44,hybrid,HYBRID_ALPHA0.1_BETA0.9,0.1,0.9,300,0.73522,0.66319,0.12097,0.90588,0.76869,0.05063,0.07044,0.00174,0.0108,0.525
3,44,hybrid,HYBRID_ALPHA0.2_BETA0.8,0.2,0.8,300,0.67689,0.59637,0.13414,0.86592,0.75466,0.05326,0.07251,0.00158,0.01359,0.575
3,44,hybrid,HYBRID_ALPHA0.3_BETA0.7,0.3,0.7,300,0.65746,0.57761,0.13852,0.85027,0.74761,0.05543,0.07469,0.00159,0.01427,0.6
3,44,hybrid,HYBRID_ALPHA0.4_BETA0.6,0.4,0.6,300,0.66463,0.58325,0.14252,0.84216,0.74442,0.05878,0.07541,0.00149,0.01418,0.6
3,44,hybrid,HYBRID_ALPHA0.5_BETA0.5,0.5,0.5,300,0.64895,0.56977,0.13328,0.82864,0.7419,0.07212,0.07074,0.00133,0.01467,0.575
3,44,hybrid,HYBRID_ALPHA0.6_BETA0.4,0.6,0.4,300,0.64968,0.56995,0.1357,0.82613,0.74053,0.0728,0.07149,0.00128,0.01502,0.525
3,44,hybrid,HYBRID_ALPHA0.7_BETA0.3,0.7,0.3,300,0.65165,0.57149,0.13499,0.82531,0.74049,0.07484,0.07173,0.00125,0.01576,0.525
3,44,hybrid,HYBRID_ALPHA0.8_BETA0.2,0.8,0.2,300,0.6509,0.57131,0.13438,0.80726,0.72499,0.05754,0.08345,0.0018,0.01599,0.55
3,44,hybrid,HYBRID_ALPHA0.9_BETA0.1,0.9,0.1,300,0.65044,0.57132,0.13474,0.8028,0.72334,0.05867,0.08411,0.00182,0.01613,0.625
3,44,hybrid,HYBRID_ALPHA0.1_BETA0.9,0.1,0.9,500,0.72495,0.61713,0.12066,0.98253,0.79669,0.05606,0.04791,0.002,0.01502,0.625
3,44,hybrid,HYBRID_ALPHA0.2_BETA0.8,0.2,0.8,500,0.72916,0.60335,0.12511,0.94242,0.78078,0.05947,0.05337,0.00192,0.01506,0.6
3,44,hybrid,HYBRID_ALPHA0.3_BETA0.7,0.3,0.7,500,0.69527,0.58903,0.1153,0.90182,0.76378,0.06038,0.05825,0.00183,0.01549,0.65
3,44,hybrid,HYBRID_ALPHA0.4_BETA0.6,0.4,0.6,500,0.68392,0.58359,0.10988,0.79515,0.7221,0.06163,0.06331,0.00134,0.01417,0.575
3,44,hybrid,HYBRID_ALPHA0.5_BETA0.5,0.5,0.5,500,0.68929,0.58664,0.11151,0.7919,0.71895,0.06535,0.06483,0.00133,0.01426,0.625
3,44,hybrid,HYBRID_ALPHA0.6_BETA0.4,0.6,0.4,500,0.68698,0.58477,0.11159,0.78788,0.71595,0.06885,0.06625,0.00136,0.0145,0.55
3,44,hybrid,HYBRID_ALPHA0.7_BETA0.3,0.7,0.3,500,0.67424,0.57774,0.10952,0.78471,0.71341,0.07147,0.06745,0.00132,0.01513,0.625
3,44,hybrid,HYBRID_ALPHA0.8_BETA0.2,0.8,0.2,500,0.66996,0.57643,0.10907,0.78292,0.71141,0.07373,0.06855,0.0013,0.01548,0.525
3,44,hybrid,HYBRID_ALPHA0.9_BETA0.1,0.9,0.1,500,0.66614,0.57497,0.10836,0.78762,0.71421,0.07576,0.06896,0.0013,0.01568,0.675
3,44,mse,MSE,1.0,0.0,50,0.97244,0.66413,0.13606,3.04081,1.25814,0.2648,0.1201,0.00426,0.01666,0.65
3,44,mse,MSE,1.0,0.0,100,1.15795,0.72534,0.20404,0.90885,0.74544,0.05098,0.06455,0.0037,0.01624,0.6
3,44,mse,MSE,1.0,0.0,300,0.65123,0.57189,0.13531,0.79901,0.7219,0.05961,0.0842,0.00184,0.01629,0.55
3,44,mse,MSE,1.0,0.0,500,0.66303,0.57389,0.10794,0.78837,0.71434,0.08005,0.06967,0.00127,0.01616,0.6
4,45,hsic,HSIC,0.0,1.0,50,2.04757,0.89366,0.27966,3.71387,1.33401,0.25903,0.14643,0.0052,0.02433,0.65
4,45,hsic,HSIC,0.0,1.0,100,1.9175,0.91654,0.25514,4.15589,1.35732,0.24136,0.14838,0.00544,0.01739,0.675
4,45,hsic,HSIC,0.0,1.0,300,1.49727,0.93176,0.06103,4.01007,1.25458,0.08029,0.07319,0.00383,0.02134,0.75
4,45,hsic,HSIC,0.0,1.0,500,1.04287,0.82566,0.05853,4.09046,1.32015,0.05625,0.05476,0.00455,0.01468,0.6
4,45,hybrid,HYBRID_ALPHA0.1_BETA0.9,0.1,0.9,50,1.34593,0.81415,0.22497,0.90478,0.78743,0.05064,0.07145,0.00331,0.0188,0.575
4,45,hybrid,HYBRID_ALPHA0.2_BETA0.8,0.2,0.8,50,1.14478,0.69832,0.20173,0.9057,0.79682,0.11402,0.07685,0.00163,0.02004,0.55
4,45,hybrid,HYBRID_ALPHA0.3_BETA0.7,0.3,0.7,50,1.22176,0.74336,0.2049,1.00163,0.8407,0.13044,0.07297,0.00202,0.02035,0.675
4,45,hybrid,HYBRID_ALPHA0.4_BETA0.6,0.4,0.6,50,0.99501,0.67702,0.22991,2.11083,1.12841,0.2755,0.08062,0.00384,0.02734,0.65
4,45,hybrid,HYBRID_ALPHA0.5_BETA0.5,0.5,0.5,50,1.05993,0.71414,0.26122,2.10317,1.12288,0.27804,0.07467,0.00224,0.02654,0.575
4,45,hybrid,HYBRID_ALPHA0.6_BETA0.4,0.6,0.4,50,0.85374,0.67569,0.18598,2.11295,1.12292,0.27887,0.07296,0.00378,0.02898,0.575
4,45,hybrid,HYBRID_ALPHA0.7_BETA0.3,0.7,0.3,50,0.86548,0.68094,0.18646,2.00042,1.11755,0.28531,0.07144,0.00387,0.03032,0.6
4,45,hybrid,HYBRID_ALPHA0.8_BETA0.2,0.8,0.2,50,0.84232,0.67413,0.15803,2.32182,1.14736,0.2812,0.06774,0.00366,0.0294,0.6
4,45,hybrid,HYBRID_ALPHA0.9_BETA0.1,0.9,0.1,50,0.77438,0.6512,0.14623,2.12907,1.10817,0.25977,0.06646,0.00355,0.02779,0.6
4,45,hybrid,HYBRID_ALPHA0.1_BETA0.9,0.1,0.9,100,1.07934,0.72668,0.20271,3.5081,1.29258,0.23856,0.13497,0.005,0.01571,0.6
4,45,hybrid,HYBRID_ALPHA0.2_BETA0.8,0.2,0.8,100,1.01608,0.69331,0.18022,1.03726,0.8146,0.04995,0.04546,0.00357,0.01919,0.525
4,45,hybrid,HYBRID_ALPHA0.3_BETA0.7,0.3,0.7,100,0.97651,0.66854,0.1538,0.98531,0.78465,0.04847,0.04551,0.00302,0.0191,0.525
4,45,hybrid,HYBRID_ALPHA0.4_BETA0.6,0.4,0.6,100,0.9821,0.66201,0.14761,0.95183,0.79071,0.04788,0.05186,0.00295,0.01895,0.525
4,45,hybrid,HYBRID_ALPHA0.5_BETA0.5,0.5,0.5,100,0.97647,0.65765,0.14603,0.92806,0.77704,0.0456,0.04997,0.00301,0.01903,0.525
4,45,hybrid,HYBRID_ALPHA0.6_BETA0.4,0.6,0.4,100,0.9469,0.6491,0.14468,0.9182,0.77376,0.04677,0.05148,0.00296,0.01948,0.525
4,45,hybrid,HYBRID_ALPHA0.7_BETA0.3,0.7,0.3,100,0.94367,0.6446,0.14463,0.90555,0.77086,0.04717,0.05013,0.00291,0.01945,0.55
4,45,hybrid,HYBRID_ALPHA0.8_BETA0.2,0.8,0.2,100,0.94179,0.64106,0.14321,0.89111,0.76529,0.0476,0.04923,0.00284,0.01955,0.55
4,45,hybrid,HYBRID_ALPHA0.9_BETA0.1,0.9,0.1,100,0.93305,0.63117,0.13735,1.1892,0.80071,0.04664,0.05787,0.00215,0.02294,0.625
4,45,hybrid,HYBRID_ALPHA0.1_BETA0.9,0.1,0.9,300,0.71333,0.61887,0.11515,1.0008,0.8025,0.03348,0.06277,0.0022,0.01317,0.625
4,45,hybrid,HYBRID_ALPHA0.2_BETA0.8,0.2,0.8,300,0.71117,0.59935,0.1241,0.92682,0.77627,0.03951,0.06494,0.00209,0.0131,0.7
4,45,hybrid,HYBRID_ALPHA0.3_BETA0.7,0.3,0.7,300,0.69063,0.58215,0.11303,0.8705,0.75484,0.05112,0.06807,0.00204,0.01116,0.675
4,45,hybrid,HYBRID_ALPHA0.4_BETA0.6,0.4,0.6,300,0.69041,0.58487,0.11332,0.86666,0.75084,0.05128,0.06728,0.00182,0.01308,0.675
4,45,hybrid,HYBRID_ALPHA0.5_BETA0.5,0.5,0.5,300,0.68621,0.58504,0.11368,0.85113,0.74379,0.05615,0.06967,0.00174,0.01306,0.575
4,45,hybrid,HYBRID_ALPHA0.6_BETA0.4,0.6,0.4,300,0.68407,0.58182,0.11367,0.83923,0.73805,0.06077,0.07229,0.00171,0.01315,0.625
4,45,hybrid,HYBRID_ALPHA0.7_BETA0.3,0.7,0.3,300,0.68307,0.58091,0.1144,0.83249,0.73497,0.06529,0.07412,0.00171,0.01327,0.575
4,45,hybrid,HYBRID_ALPHA0.8_BETA0.2,0.8,0.2,300,0.68173,0.58061,0.11506,0.82702,0.73309,0.06885,0.07479,0.00171,0.01332,0.575
4,45,hybrid,HYBRID_ALPHA0.9_BETA0.1,0.9,0.1,300,0.67648,0.57831,0.116,0.82325,0.73189,0.07233,0.07555,0.0017,0.01339,0.55
4,45,hybrid,HYBRID_ALPHA0.1_BETA0.9,0.1,0.9,500,0.69815,0.6618,0.07406,0.87063,0.75637,0.04301,0.04675,0.00158,0.01136,0.65
4,45,hybrid,HYBRID_ALPHA0.2_BETA0.8,0.2,0.8,500,0.74221,0.62104,0.13862,0.84041,0.74718,0.04959,0.05505,0.00113,0.01171,0.625
4,45,hybrid,HYBRID_ALPHA0.3_BETA0.7,0.3,0.7,500,0.72526,0.61597,0.13426,0.82669,0.74577,0.05488,0.0601,0.00118,0.01207,0.625
4,45,hybrid,HYBRID_ALPHA0.4_BETA0.6,0.4,0.6,500,0.7081,0.60821,0.13645,0.81474,0.74225,0.059,0.06388,0.00118,0.01245,0.6
4,45,hybrid,HYBRID_ALPHA0.5_BETA0.5,0.5,0.5,500,0.69171,0.59893,0.13568,0.80278,0.73673,0.06277,0.06846,0.00127,0.01301,0.65
4,45,hybrid,HYBRID_ALPHA0.6_BETA0.4,0.6,0.4,500,0.69072,0.59898,0.13676,0.795,0.73127,0.0654,0.07314,0.00133,0.01333,0.65
4,45,hybrid,HYBRID_ALPHA0.7_BETA0.3,0.7,0.3,500,0.68694,0.59741,0.13526,0.78719,0.72585,0.07116,0.07508,0.00136,0.01356,0.575
4,45,hybrid,HYBRID_ALPHA0.8_BETA0.2,0.8,0.2,500,0.68237,0.59596,0.13344,0.78193,0.72271,0.07504,0.07644,0.00137,0.01375,0.575
4,45,hybrid,HYBRID_ALPHA0.9_BETA0.1,0.9,0.1,500,0.6779,0.59418,0.13123,0.77795,0.71983,0.07919,0.07806,0.00139,0.01403,0.625
4,45,mse,MSE,1.0,0.0,50,0.81045,0.66336,0.16985,1.67801,1.06047,0.29224,0.06904,0.00314,0.02854,0.65
4,45,mse,MSE,1.0,0.0,100,0.87759,0.62636,0.135,1.09178,0.78756,0.04759,0.06377,0.00217,0.01815,0.625
4,45,mse,MSE,1.0,0.0,300,0.6815,0.58314,0.11911,0.82133,0.7315,0.0757,0.07575,0.00167,0.01338,0.6
4,45,mse,MSE,1.0,0.0,500,0.67528,0.59326,0.12989,0.77545,0.71762,0.08418,0.07932,0.00141,0.01433,0.55
5,46,hsic,HSIC,0.0,1.0,50,2.12573,0.8978,0.28505,4.22418,1.259,0.1277,0.11374,0.00484,0.01605,0.6
5,46,hsic,HSIC,0.0,1.0,100,1.90812,0.90481,0.25595,4.37165,1.37108,0.23801,0.15169,0.00549,0.02915,0.75
5,46,hsic,HSIC,0.0,1.0,300,1.31725,0.88409,0.14561,4.0963,1.30851,0.06723,0.0636,0.00457,0.00883,0.65
5,46,hsic,HSIC,0.0,1.0,500,1.61541,1.01206,0.16474,4.57025,1.50045,0.04811,0.06518,0.00487,0.03245,0.725
5,46,hybrid,HYBRID_ALPHA0.1_BETA0.9,0.1,0.9,50,2.12539,0.89764,0.28504,0.93727,0.77685,0.06682,0.06429,0.0012,0.01499,0.625
5,46,hybrid,HYBRID_ALPHA0.2_BETA0.8,0.2,0.8,50,2.12271,0.89675,0.2852,0.91218,0.76558,0.05738,0.06474,0.00161,0.01528,0.625
5,46,hybrid,HYBRID_ALPHA0.3_BETA0.7,0.3,0.7,50,2.12189,0.89623,0.28529,0.94933,0.80287,0.04055,0.07523,0.00177,0.01484,0.6
5,46,hybrid,HYBRID_ALPHA0.4_BETA0.6,0.4,0.6,50,1.26492,0.74164,0.20773,1.07107,0.84301,0.0513,0.07533,0.00234,0.02445,0.6
5,46,hybrid,HYBRID_ALPHA0.5_BETA0.5,0.5,0.5,50,1.14423,0.69703,0.17402,1.28793,0.84605,0.07972,0.06514,0.00228,0.02976,0.65
5,46,hybrid,HYBRID_ALPHA0.6_BETA0.4,0.6,0.4,50,1.11445,0.67454,0.15437,1.59935,0.84966,0.07708,0.05897,0.00202,0.03034,0.6
5,46,hybrid,HYBRID_ALPHA0.7_BETA0.3,0.7,0.3,50,1.10525,0.66988,0.14995,2.68833,1.20095,0.25412,0.10894,0.004,0.02526,0.6
5,46,hybrid,HYBRID_ALPHA0.8_BETA0.2,0.8,0.2,50,1.1008,0.668,0.14958,3.20431,1.27977,0.2708,0.12806,0.00409,0.02396,0.6
5,46,hybrid,HYBRID_ALPHA0.9_BETA0.1,0.9,0.1,50,1.10725,0.67238,0.1531,3.40679,1.30614,0.27529,0.13277,0.00422,0.0234,0.525
5,46,hybrid,HYBRID_ALPHA0.1_BETA0.9,0.1,0.9,100,1.4867,0.77878,0.23768,0.96045,0.8182,0.14847,0.05051,0.00214,0.01973,0.675
5,46,hybrid,HYBRID_ALPHA0.2_BETA0.8,0.2,0.8,100,1.40106,0.76742,0.23372,0.99321,0.82076,0.14331,0.05433,0.00232,0.01988,0.675
5,46,hybrid,HYBRID_ALPHA0.3_BETA0.7,0.3,0.7,100,1.37622,0.7746,0.23666,0.99107,0.81742,0.14147,0.05496,0.00225,0.0198,0.675
5,46,hybrid,HYBRID_ALPHA0.4_BETA0.6,0.4,0.6,100,1.35261,0.77758,0.23532,0.91864,0.78389,0.09428,0.05103,0.00213,0.01881,0.675
5,46,hybrid,HYBRID_ALPHA0.5_BETA0.5,0.5,0.5,100,1.3563,0.78049,0.23655,1.00151,0.79538,0.12927,0.05217,0.00167,0.01935,0.625
5,46,hybrid,HYBRID_ALPHA0.6_BETA0.4,0.6,0.4,100,1.03439,0.70111,0.17328,1.0896,0.80022,0.12925,0.05425,0.00143,0.01975,0.55
5,46,hybrid,HYBRID_ALPHA0.7_BETA0.3,0.7,0.3,100,1.01287,0.68929,0.16515,1.08776,0.80154,0.12721,0.05476,0.00161,0.01974,0.6
5,46,hybrid,HYBRID_ALPHA0.8_BETA0.2,0.8,0.2,100,1.00905,0.68656,0.16282,0.94198,0.75684,0.07175,0.0468,0.00144,0.01647,0.575
5,46,hybrid,HYBRID_ALPHA0.9_BETA0.1,0.9,0.1,100,0.9074,0.65537,0.14843,0.90205,0.7514,0.08484,0.04911,0.00087,0.0183,0.6
5,46,hybrid,HYBRID_ALPHA0.1_BETA0.9,0.1,0.9,300,0.74823,0.63225,0.1062,0.98589,0.81951,0.0279,0.02957,0.00164,0.01122,0.6
5,46,hybrid,HYBRID_ALPHA0.2_BETA0.8,0.2,0.8,300,0.78826,0.63136,0.14275,0.93953,0.80394,0.03101,0.02834,0.00147,0.01298,0.55
5,46,hybrid,HYBRID_ALPHA0.3_BETA0.7,0.3,0.7,300,0.88087,0.65351,0.15469,0.8899,0.78366,0.0346,0.03164,0.00214,0.01323,0.575
5,46,hybrid,HYBRID_ALPHA0.4_BETA0.6,0.4,0.6,300,0.87647,0.65286,0.15329,0.86672,0.77255,0.0393,0.0374,0.00217,0.01368,0.55
5,46,hybrid,HYBRID_ALPHA0.5_BETA0.5,0.5,0.5,300,0.87973,0.65515,0.15846,0.84186,0.75643,0.0462,0.04601,0.00239,0.01394,0.525
5,46,hybrid,HYBRID_ALPHA0.6_BETA0.4,0.6,0.4,300,0.8601,0.64628,0.15556,0.8284,0.74605,0.05189,0.05391,0.00249,0.01368,0.525
5,46,hybrid,HYBRID_ALPHA0.7_BETA0.3,0.7,0.3,300,0.8549,0.64422,0.15528,0.84773,0.74906,0.05157,0.06016,0.00264,0.01392,0.525
5,46,hybrid,HYBRID_ALPHA0.8_BETA0.2,0.8,0.2,300,0.85184,0.64254,0.15434,0.87029,0.75246,0.05273,0.06375,0.0027,0.01402,0.55
5,46,hybrid,HYBRID_ALPHA0.9_BETA0.1,0.9,0.1,300,0.8044,0.6343,0.14947,0.88836,0.75448,0.05311,0.06615,0.0027,0.01432,0.575
5,46,hybrid,HYBRID_ALPHA0.1_BETA0.9,0.1,0.9,500,0.92325,0.65766,0.16623,1.00169,0.82433,0.0389,0.02777,0.00269,0.01083,0.675
5,46,hybrid,HYBRID_ALPHA0.2_BETA0.8,0.2,0.8,500,0.88377,0.65789,0.16658,0.95452,0.81243,0.04122,0.02963,0.00255,0.01106,0.6
5,46,hybrid,HYBRID_ALPHA0.3_BETA0.7,0.3,0.7,500,0.86177,0.65512,0.1652,0.91915,0.79481,0.04379,0.03408,0.00248,0.01145,0.55
5,46,hybrid,HYBRID_ALPHA0.4_BETA0.6,0.4,0.6,500,0.8601,0.65381,0.16433,0.89171,0.77986,0.04694,0.03887,0.0024,0.01171,0.625
5,46,hybrid,HYBRID_ALPHA0.5_BETA0.5,0.5,0.5,500,0.8636,0.65557,0.16511,0.86737,0.76559,0.05058,0.04376,0.00232,0.01183,0.625
5,46,hybrid,HYBRID_ALPHA0.6_BETA0.4,0.6,0.4,500,0.86583,0.65833,0.1663,0.85615,0.75733,0.05421,0.0481,0.00232,0.01209,0.575
5,46,hybrid,HYBRID_ALPHA0.7_BETA0.3,0.7,0.3,500,0.87002,0.66225,0.1684,0.84272,0.74913,0.05909,0.05313,0.0023,0.01231,0.55
5,46,hybrid,HYBRID_ALPHA0.8_BETA0.2,0.8,0.2,500,0.78658,0.6234,0.13761,0.83713,0.74671,0.06513,0.05889,0.00202,0.01372,0.575
5,46,hybrid,HYBRID_ALPHA0.9_BETA0.1,0.9,0.1,500,0.86365,0.65234,0.15963,0.83602,0.74552,0.07357,0.06486,0.00237,0.0137,0.55
5,46,mse,MSE,1.0,0.0,50,1.11924,0.67737,0.15721,3.40689,1.30613,0.2754,0.13294,0.00434,0.02295,0.525
5,46,mse,MSE,1.0,0.0,100,0.90849,0.6536,0.14761,0.88703,0.74839,0.09063,0.0492,0.00086,0.01872,0.55
5,46,mse,MSE,1.0,0.0,300,0.80066,0.6307,0.1487,0.9024,0.75617,0.05329,0.06811,0.00276,0.01439,0.55
5,46,mse,MSE,1.0,0.0,500,0.86497,0.65367,0.16042,0.83684,0.74632,0.08592,0.0708,0.00235,0.01419,0.525
6,47,hsic,HSIC,0.0,1.0,50,1.91128,0.86645,0.28469,3.9809,1.22251,0.15067,0.06129,0.00446,0.02173,0.625
6,47,hsic,HSIC,0.0,1.0,100,1.64283,0.92415,0.15618,4.25869,1.35522,0.24201,0.15331,0.00447,0.02635,0.7
6,47,hsic,HSIC,0.0,1.0,300,1.43659,0.90249,0.06385,4.96154,1.43712,0.08055,0.11297,0.00409,0.02613,0.75
6,47,hsic,HSIC,0.0,1.0,500,1.56743,0.95788,0.06241,4.27299,1.33677,0.07027,0.06228,0.00475,0.01466,0.625
6,47,hybrid,HYBRID_ALPHA0.1_BETA0.9,0.1,0.9,50,1.90971,0.86598,0.2847,3.45384,1.13542,0.18486,0.05606,0.00407,0.02649,0.625
6,47,hybrid,HYBRID_ALPHA0.2_BETA0.8,0.2,0.8,50,0.99033,0.67681,0.22471,2.32498,0.98122,0.18553,0.05142,0.003,0.019,0.625
6,47,hybrid,HYBRID_ALPHA0.3_BETA0.7,0.3,0.7,50,0.99513,0.67409,0.21391,0.93219,0.77436,0.08528,0.07928,0.0027,0.01828,0.6
6,47,hybrid,HYBRID_ALPHA0.4_BETA0.6,0.4,0.6,50,1.01581,0.66811,0.21019,0.95601,0.78367,0.08378,0.0816,0.00279,0.01776,0.675
6,47,hybrid,HYBRID_ALPHA0.5_BETA0.5,0.5,0.5,50,0.96637,0.66952,0.21516,0.94048,0.79996,0.17372,0.06389,0.00242,0.02036,0.65
6,47,hybrid,HYBRID_ALPHA0.6_BETA0.4,0.6,0.4,50,1.18534,0.7399,0.26738,0.94035,0.80109,0.14684,0.06561,0.00156,0.02077,0.6
6,47,hybrid,HYBRID_ALPHA0.7_BETA0.3,0.7,0.3,50,1.12928,0.70505,0.23645,0.95272,0.80711,0.14776,0.06396,0.00214,0.01968,0.625
6,47,hybrid,HYBRID_ALPHA0.8_BETA0.2,0.8,0.2,50,1.43017,0.79282,0.26333,0.97232,0.81763,0.15811,0.06461,0.00192,0.02771,0.675
6,47,hybrid,HYBRID_ALPHA0.9_BETA0.1,0.9,0.1,50,1.32058,0.77723,0.2527,0.99439,0.82653,0.16225,0.06393,0.00228,0.02575,0.6
6,47,hybrid,HYBRID_ALPHA0.1_BETA0.9,0.1,0.9,100,0.9304,0.67655,0.15502,1.36139,0.91883,0.02957,0.10752,0.00285,0.01327,0.575
6,47,hybrid,HYBRID_ALPHA0.2_BETA0.8,0.2,0.8,100,0.92976,0.66761,0.1555,1.08678,0.84231,0.03125,0.09057,0.00233,0.013,0.55
6,47,hybrid,HYBRID_ALPHA0.3_BETA0.7,0.3,0.7,100,0.75836,0.61316,0.13541,0.95597,0.79968,0.04611,0.05823,0.00234,0.01241,0.65
6,47,hybrid,HYBRID_ALPHA0.4_BETA0.6,0.4,0.6,100,0.72717,0.60067,0.13148,0.89503,0.77635,0.04974,0.05706,0.00214,0.01233,0.625
6,47,hybrid,HYBRID_ALPHA0.5_BETA0.5,0.5,0.5,100,0.75399,0.60014,0.1474,0.85656,0.75528,0.04928,0.06407,0.00204,0.01389,0.575
6,47,hybrid,HYBRID_ALPHA0.6_BETA0.4,0.6,0.4,100,0.78244,0.61648,0.13849,0.83754,0.7495,0.04877,0.07516,0.00219,0.01381,0.575
6,47,hybrid,HYBRID_ALPHA0.7_BETA0.3,0.7,0.3,100,0.76288,0.6124,0.13814,0.84351,0.73031,0.03488,0.09061,0.00282,0.01534,0.525
6,47,hybrid,HYBRID_ALPHA0.8_BETA0.2,0.8,0.2,100,0.88885,0.67184,0.15337,0.81218,0.7121,0.04442,0.09089,0.00286,0.0156,0.55
6,47,hybrid,HYBRID_ALPHA0.9_BETA0.1,0.9,0.1,100,0.77142,0.60959,0.14252,0.79556,0.70606,0.04667,0.09016,0.00263,0.01544,0.6
6,47,hybrid,HYBRID_ALPHA0.1_BETA0.9,0.1,0.9,300,0.7062,0.60082,0.12178,0.91162,0.77399,0.04625,0.05035,0.00238,0.01366,0.55
6,47,hybrid,HYBRID_ALPHA0.2_BETA0.8,0.2,0.8,300,0.64699,0.56065,0.12314,0.88044,0.78308,0.03667,0.05612,0.00241,0.01372,0.525
6,47,hybrid,HYBRID_ALPHA0.3_BETA0.7,0.3,0.7,300,0.63345,0.55529,0.10737,0.83722,0.75823,0.04427,0.06216,0.0023,0.01414,0.575
6,47,hybrid,HYBRID_ALPHA0.4_BETA0.6,0.4,0.6,300,0.63158,0.55403,0.10936,0.84486,0.75243,0.05816,0.06774,0.00193,0.01554,0.625
6,47,hybrid,HYBRID_ALPHA0.5_BETA0.5,0.5,0.5,300,0.62496,0.55384,0.11066,0.83943,0.75215,0.06203,0.06887,0.00172,0.01588,0.55
6,47,hybrid,HYBRID_ALPHA0.6_BETA0.4,0.6,0.4,300,0.62127,0.55308,0.11026,0.79927,0.73318,0.05557,0.07088,0.00161,0.01464,0.6
6,47,hybrid,HYBRID_ALPHA0.7_BETA0.3,0.7,0.3,300,0.61991,0.55087,0.10903,0.79264,0.72968,0.05839,0.07238,0.00149,0.01459,0.6
6,47,hybrid,HYBRID_ALPHA0.8_BETA0.2,0.8,0.2,300,0.63485,0.56179,0.12245,0.78626,0.72741,0.06096,0.07331,0.00112,0.01421,0.575
6,47,hybrid,HYBRID_ALPHA0.9_BETA0.1,0.9,0.1,300,0.63381,0.56141,0.12136,0.78245,0.72573,0.06307,0.0736,0.00104,0.01434,0.6
6,47,hybrid,HYBRID_ALPHA0.1_BETA0.9,0.1,0.9,500,0.74886,0.6156,0.11953,0.90004,0.78489,0.04499,0.06195,0.00162,0.01433,0.625
6,47,hybrid,HYBRID_ALPHA0.2_BETA0.8,0.2,0.8,500,0.70121,0.59601,0.11699,0.84411,0.75497,0.0601,0.06034,0.00132,0.01476,0.625
6,47,hybrid,HYBRID_ALPHA0.3_BETA0.7,0.3,0.7,500,0.71016,0.59486,0.12577,0.82474,0.74811,0.06892,0.06197,0.00141,0.01494,0.625
6,47,hybrid,HYBRID_ALPHA0.4_BETA0.6,0.4,0.6,500,0.71363,0.59459,0.12789,0.81243,0.74366,0.07557,0.06272,0.0014,0.01487,0.575
6,47,hybrid,HYBRID_ALPHA0.5_BETA0.5,0.5,0.5,500,0.73766,0.60753,0.13386,0.83419,0.75765,0.08738,0.06401,0.00156,0.01561,0.625
6,47,hybrid,HYBRID_ALPHA0.6_BETA0.4,0.6,0.4,500,0.72046,0.59963,0.13323,0.83097,0.75571,0.09121,0.0643,0.00149,0.01576,0.55
6,47,hybrid,HYBRID_ALPHA0.7_BETA0.3,0.7,0.3,500,0.71664,0.59725,0.13288,0.83144,0.75502,0.0942,0.06491,0.00146,0.01594,0.625
6,47,hybrid,HYBRID_ALPHA0.8_BETA0.2,0.8,0.2,500,0.72511,0.6013,0.1352,0.8144,0.74702,0.09769,0.06666,0.00165,0.0159,0.625
6,47,hybrid,HYBRID_ALPHA0.9_BETA0.1,0.9,0.1,500,0.72795,0.60122,0.13696,0.81695,0.74775,0.10093,0.06626,0.00164,0.01595,0.625
6,47,mse,MSE,1.0,0.0,50,1.19132,0.74254,0.22096,1.02338,0.83791,0.1647,0.06274,0.00278,0.0254,0.65
6,47,mse,MSE,1.0,0.0,100,0.78921,0.61644,0.14647,0.82639,0.71341,0.05115,0.0913,0.00265,0.01593,0.575
6,47,mse,MSE,1.0,0.0,300,0.66427,0.58104,0.1313,0.77999,0.72417,0.06509,0.07376,0.00113,0.01445,0.55
6,47,mse,MSE,1.0,0.0,500,0.72131,0.59785,0.13638,0.83662,0.75846,0.10632,0.06412,0.00148,0.01626,0.575
7,48,hsic,HSIC,0.0,1.0,50,3.60013,1.28491,0.15621,0.97209,0.81391,0.08757,0.05936,0.00219,0.01157,0.625
7,48,hsic,HSIC,0.0,1.0,100,1.8464,1.0008,0.18566,4.01241,1.26123,0.12617,0.1286,0.00484,0.02397,0.65
7,48,hsic,HSIC,0.0,1.0,300,1.00061,0.84636,0.03004,5.3759,1.60378,0.05574,0.12547,0.00276,0.2099,0.8
7,48,hsic,HSIC,0.0,1.0,500,1.32963,0.90232,0.14766,4.89099,1.4498,0.04457,0.0633,0.00463,0.10656,0.65
7,48,hybrid,HYBRID_ALPHA0.1_BETA0.9,0.1,0.9,50,2.37845,0.80516,0.15002,0.94394,0.80835,0.11257,0.05802,0.0015,0.01275,0.675
7,48,hybrid,HYBRID_ALPHA0.2_BETA0.8,0.2,0.8,50,1.03546,0.68076,0.1447,0.92841,0.80293,0.10226,0.05219,0.0016,0.01262,0.625
7,48,hybrid,HYBRID_ALPHA0.3_BETA0.7,0.3,0.7,50,0.93727,0.65056,0.14463,0.93304,0.8074,0.07962,0.04624,0.00199,0.01185,0.7
7,48,hybrid,HYBRID_ALPHA0.4_BETA0.6,0.4,0.6,50,0.86121,0.63416,0.13556,0.91173,0.7971,0.08098,0.04605,0.00243,0.0125,0.65
7,48,hybrid,HYBRID_ALPHA0.5_BETA0.5,0.5,0.5,50,0.78823,0.61408,0.13238,0.89151,0.78653,0.08066,0.04567,0.00178,0.01209,0.65
7,48,hybrid,HYBRID_ALPHA0.6_BETA0.4,0.6,0.4,50,0.8617,0.62022,0.12666,0.91469,0.78111,0.08675,0.04769,0.00196,0.0131,0.525
7,48,hybrid,HYBRID_ALPHA0.7_BETA0.3,0.7,0.3,50,0.83954,0.62737,0.13263,0.92676,0.79379,0.07958,0.04279,0.00208,0.01282,0.625
7,48,hybrid,HYBRID_ALPHA0.8_BETA0.2,0.8,0.2,50,0.92109,0.63906,0.135,0.92716,0.79549,0.08093,0.04391,0.002,0.01246,0.55
7,48,hybrid,HYBRID_ALPHA0.9_BETA0.1,0.9,0.1,50,1.00701,0.65422,0.13289,0.92644,0.79565,0.08358,0.0445,0.002,0.01266,0.6
7,48,hybrid,HYBRID_ALPHA0.1_BETA0.9,0.1,0.9,100,1.09612,0.75361,0.20682,0.77944,0.69597,0.03691,0.04563,0.00314,0.01069,0.725
7,48,hybrid,HYBRID_ALPHA0.2_BETA0.8,0.2,0.8,100,1.03047,0.74372,0.20137,0.93794,0.80392,0.10722,0.05074,0.00245,0.01053,0.6
7,48,hybrid,HYBRID_ALPHA0.3_BETA0.7,0.3,0.7,100,0.84092,0.66481,0.17909,0.9313,0.79808,0.10811,0.05202,0.00181,0.01184,0.65
7,48,hybrid,HYBRID_ALPHA0.4_BETA0.6,0.4,0.6,100,0.82503,0.66395,0.17409,0.94309,0.79831,0.10632,0.05393,0.00183,0.0115,0.575
7,48,hybrid,HYBRID_ALPHA0.5_BETA0.5,0.5,0.5,100,0.82694,0.6546,0.17723,1.00444,0.80969,0.10413,0.05857,0.00184,0.01221,0.625
7,48,hybrid,HYBRID_ALPHA0.6_BETA0.4,0.6,0.4,100,0.8114,0.65128,0.17681,0.86565,0.72451,0.05307,0.0775,0.00165,0.0112,0.625
7,48,hybrid,HYBRID_ALPHA0.7_BETA0.3,0.7,0.3,100,0.78911,0.64145,0.17197,0.80237,0.72035,0.0552,0.07303,0.00165,0.01118,0.575
7,48,hybrid,HYBRID_ALPHA0.8_BETA0.2,0.8,0.2,100,0.77329,0.64242,0.16852,0.77091,0.70397,0.05429,0.07767,0.00154,0.01109,0.625
7,48,hybrid,HYBRID_ALPHA0.9_BETA0.1,0.9,0.1,100,0.76825,0.6355,0.16788,0.88136,0.77477,0.12158,0.06688,0.0018,0.01221,0.65
7,48,hybrid,HYBRID_ALPHA0.1_BETA0.9,0.1,0.9,300,0.82856,0.72177,0.04369,1.12258,0.84312,0.05635,0.07155,0.00254,0.01565,0.725
7,48,hybrid,HYBRID_ALPHA0.2_BETA0.8,0.2,0.8,300,0.74528,0.59891,0.12729,0.90637,0.75442,0.06289,0.07983,0.00188,0.00759,0.675
7,48,hybrid,HYBRID_ALPHA0.3_BETA0.7,0.3,0.7,300,0.71299,0.59415,0.1127,0.84286,0.73245,0.06859,0.0843,0.00199,0.00651,0.675
7,48,hybrid,HYBRID_ALPHA0.4_BETA0.6,0.4,0.6,300,0.69705,0.58786,0.11247,0.82056,0.72623,0.07552,0.08478,0.00201,0.00635,0.65
7,48,hybrid,HYBRID_ALPHA0.5_BETA0.5,0.5,0.5,300,0.69524,0.58568,0.11256,0.81683,0.72724,0.08087,0.08099,0.0021,0.00642,0.575
7,48,hybrid,HYBRID_ALPHA0.6_BETA0.4,0.6,0.4,300,0.73026,0.59566,0.12618,0.81901,0.73261,0.08712,0.07787,0.00216,0.00674,0.625
7,48,hybrid,HYBRID_ALPHA0.7_BETA0.3,0.7,0.3,300,0.73185,0.59777,0.12845,0.80568,0.74588,0.08267,0.05056,0.00107,0.0096,0.675
7,48,hybrid,HYBRID_ALPHA0.8_BETA0.2,0.8,0.2,300,0.69717,0.58288,0.11764,0.7759,0.71434,0.09473,0.06356,0.00103,0.00885,0.65
7,48,hybrid,HYBRID_ALPHA0.9_BETA0.1,0.9,0.1,300,0.69539,0.58113,0.11935,0.98532,0.82734,0.18352,0.04808,0.0012,0.00838,0.675
7,48,hybrid,HYBRID_ALPHA0.1_BETA0.9,0.1,0.9,500,0.89433,0.66692,0.17707,0.85727,0.74754,0.05248,0.05283,0.00249,0.00646,0.7
7,48,hybrid,HYBRID_ALPHA0.2_BETA0.8,0.2,0.8,500,0.87103,0.66754,0.17937,0.85285,0.76182,0.02924,0.04403,0.00238,0.00768,0.65
7,48,hybrid,HYBRID_ALPHA0.3_BETA0.7,0.3,0.7,500,0.89404,0.68431,0.18542,0.82369,0.74134,0.03799,0.04829,0.00241,0.00796,0.675
7,48,hybrid,HYBRID_ALPHA0.4_BETA0.6,0.4,0.6,500,0.86423,0.67489,0.18075,0.80964,0.72998,0.04377,0.05407,0.00225,0.00814,0.6
7,48,hybrid,HYBRID_ALPHA0.5_BETA0.5,0.5,0.5,500,0.82722,0.65379,0.17132,0.80713,0.72413,0.04688,0.06005,0.00202,0.00826,0.625
7,48,hybrid,HYBRID_ALPHA0.6_BETA0.4,0.6,0.4,500,0.85437,0.66311,0.1745,0.80103,0.7221,0.05096,0.06342,0.00215,0.00862,0.65
7,48,hybrid,HYBRID_ALPHA0.7_BETA0.3,0.7,0.3,500,0.83695,0.65371,0.17018,0.79526,0.72152,0.0554,0.06572,0.0021,0.00876,0.65
7,48,hybrid,HYBRID_ALPHA0.8_BETA0.2,0.8,0.2,500,0.82922,0.6467,0.16773,0.79053,0.72103,0.06108,0.0676,0.00209,0.0088,0.6
7,48,hybrid,HYBRID_ALPHA0.9_BETA0.1,0.9,0.1,500,0.81689,0.63706,0.16579,0.78792,0.72091,0.06823,0.06919,0.00205,0.00867,0.625
7,48,mse,MSE,1.0,0.0,50,1.0722,0.66961,0.13577,0.92308,0.79262,0.08689,0.04499,0.00203,0.01328,0.5
7,48,mse,MSE,1.0,0.0,100,0.76608,0.63281,0.1672,0.79519,0.70956,0.04593,0.0775,0.00171,0.01163,0.575
7,48,mse,MSE,1.0,0.0,300,0.69429,0.58008,0.12021,1.02617,0.85201,0.21072,0.03951,0.00109,0.00937,0.625
7,48,mse,MSE,1.0,0.0,500,0.79929,0.62925,0.16145,0.78945,0.72307,0.07818,0.06988,0.00201,0.00909,0.65
8,49,hsic,HSIC,0.0,1.0,50,1.37381,0.92744,0.16817,4.13002,1.35411,0.2583,0.13451,0.00427,0.02864,0.75
8,49,hsic,HSIC,0.0,1.0,100,1.18062,0.88256,0.13113,4.40012,1.36831,0.23787,0.14603,0.00358,0.02489,0.6
8,49,hsic,HSIC,0.0,1.0,300,1.31842,0.87874,0.06151,4.98877,1.44402,0.05057,0.0621,0.00376,0.02922,0.7
8,49,hsic,HSIC,0.0,1.0,500,1.29284,0.87688,0.0718,3.55439,1.13293,0.06941,0.10185,0.00436,0.02146,0.65
8,49,hybrid,HYBRID_ALPHA0.1_BETA0.9,0.1,0.9,50,0.91065,0.64273,0.15224,1.25384,0.8776,0.04921,0.10067,0.00275,0.01892,0.75
8,49,hybrid,HYBRID_ALPHA0.2_BETA0.8,0.2,0.8,50,0.8649,0.63655,0.14834,1.06453,0.82451,0.05335,0.08201,0.00324,0.0236,0.625
8,49,hybrid,HYBRID_ALPHA0.3_BETA0.7,0.3,0.7,50,0.83479,0.622,0.15556,0.99884,0.80408,0.05387,0.07582,0.00276,0.02491,0.725
8,49,hybrid,HYBRID_ALPHA0.4_BETA0.6,0.4,0.6,50,0.84134,0.62519,0.15083,0.94766,0.78522,0.0656,0.07456,0.00278,0.02594,0.65
8,49,hybrid,HYBRID_ALPHA0.5_BETA0.5,0.5,0.5,50,0.86349,0.63328,0.14269,0.96563,0.80083,0.06392,0.07128,0.00244,0.02643,0.725
8,49,hybrid,HYBRID_ALPHA0.6_BETA0.4,0.6,0.4,50,0.88656,0.65338,0.15349,0.95396,0.79463,0.06822,0.07181,0.00243,0.02758,0.8
8,49,hybrid,HYBRID_ALPHA0.7_BETA0.3,0.7,0.3,50,0.89425,0.65349,0.15651,0.9264,0.78407,0.07578,0.06965,0.00228,0.0264,0.725
8,49,hybrid,HYBRID_ALPHA0.8_BETA0.2,0.8,0.2,50,0.89205,0.64961,0.15607,0.93887,0.7946,0.08552,0.06786,0.00216,0.02668,0.725
8,49,hybrid,HYBRID_ALPHA0.9_BETA0.1,0.9,0.1,50,0.89722,0.65374,0.15658,0.9533,0.8029,0.09027,0.0676,0.00219,0.02687,0.775
8,49,hybrid,HYBRID_ALPHA0.1_BETA0.9,0.1,0.9,100,22.19369,1.23985,0.13706,1.51053,0.90355,0.0566,0.04042,0.00296,0.01574,0.6
8,49,hybrid,HYBRID_ALPHA0.2_BETA0.8,0.2,0.8,100,1.02091,0.65961,0.15825,1.43997,0.88865,0.06176,0.03765,0.00347,0.01789,0.525
8,49,hybrid,HYBRID_ALPHA0.3_BETA0.7,0.3,0.7,100,1.08562,0.67077,0.14189,1.43566,0.88695,0.06681,0.0401,0.00406,0.01683,0.65
8,49,hybrid,HYBRID_ALPHA0.4_BETA0.6,0.4,0.6,100,1.00388,0.64386,0.13229,1.42997,0.88513,0.06998,0.04288,0.00387,0.01724,0.65
8,49,hybrid,HYBRID_ALPHA0.5_BETA0.5,0.5,0.5,100,0.99235,0.64532,0.13393,1.41149,0.88294,0.07646,0.04588,0.00399,0.01739,0.625
8,49,hybrid,HYBRID_ALPHA0.6_BETA0.4,0.6,0.4,100,0.98293,0.64357,0.13105,1.40877,0.88054,0.0843,0.04934,0.00395,0.01758,0.625
8,49,hybrid,HYBRID_ALPHA0.7_BETA0.3,0.7,0.3,100,1.09909,0.66741,0.14383,1.37897,0.87644,0.09,0.05173,0.00403,0.01814,0.675
8,49,hybrid,HYBRID_ALPHA0.8_BETA0.2,0.8,0.2,100,1.09245,0.66618,0.1413,1.00418,0.80651,0.0895,0.05083,0.00375,0.01978,0.65
8,49,hybrid,HYBRID_ALPHA0.9_BETA0.1,0.9,0.1,100,1.09855,0.6702,0.1432,1.03488,0.81506,0.09227,0.05,0.00393,0.01958,0.65
8,49,hybrid,HYBRID_ALPHA0.1_BETA0.9,0.1,0.9,300,0.74788,0.61821,0.12487,0.94114,0.78993,0.0277,0.04342,0.00149,0.0113,0.625
8,49,hybrid,HYBRID_ALPHA0.2_BETA0.8,0.2,0.8,300,0.705,0.59772,0.12422,0.89323,0.77471,0.03866,0.0346,0.00111,0.01152,0.55
8,49,hybrid,HYBRID_ALPHA0.3_BETA0.7,0.3,0.7,300,0.68798,0.58831,0.11643,0.96228,0.81232,0.02979,0.02247,0.00144,0.01029,0.625
8,49,hybrid,HYBRID_ALPHA0.4_BETA0.6,0.4,0.6,300,0.68822,0.58829,0.11657,0.89847,0.78674,0.03569,0.02656,0.0013,0.01064,0.6
8,49,hybrid,HYBRID_ALPHA0.5_BETA0.5,0.5,0.5,300,0.67826,0.58225,0.1153,0.8483,0.76357,0.04469,0.03361,0.00131,0.01108,0.675
8,49,hybrid,HYBRID_ALPHA0.6_BETA0.4,0.6,0.4,300,0.67983,0.58524,0.11368,0.81875,0.74628,0.05325,0.03984,0.00119,0.01136,0.65
8,49,hybrid,HYBRID_ALPHA0.7_BETA0.3,0.7,0.3,300,0.68132,0.58684,0.11314,0.80189,0.73276,0.06092,0.04531,0.00109,0.01162,0.575
8,49,hybrid,HYBRID_ALPHA0.8_BETA0.2,0.8,0.2,300,0.67965,0.58661,0.1124,0.79295,0.72186,0.06704,0.05011,0.00105,0.01193,0.625
8,49,hybrid,HYBRID_ALPHA0.9_BETA0.1,0.9,0.1,300,0.67614,0.58412,0.11168,0.78739,0.71235,0.07133,0.05477,0.00105,0.01224,0.65
8,49,hybrid,HYBRID_ALPHA0.1_BETA0.9,0.1,0.9,500,0.83545,0.64114,0.15249,0.88256,0.75166,0.04457,0.05871,0.00218,0.01245,0.575
8,49,hybrid,HYBRID_ALPHA0.2_BETA0.8,0.2,0.8,500,0.78366,0.62719,0.15001,0.86212,0.74733,0.04886,0.06393,0.00189,0.01303,0.55
8,49,hybrid,HYBRID_ALPHA0.3_BETA0.7,0.3,0.7,500,0.77075,0.62187,0.15247,0.84818,0.75203,0.02922,0.048,0.00234,0.01248,0.625
8,49,hybrid,HYBRID_ALPHA0.4_BETA0.6,0.4,0.6,500,0.76554,0.61972,0.15319,0.81071,0.7334,0.03277,0.05283,0.00246,0.01287,0.6
8,49,hybrid,HYBRID_ALPHA0.5_BETA0.5,0.5,0.5,500,0.75809,0.61585,0.15488,0.78601,0.71783,0.03685,0.05667,0.00244,0.01301,0.625
8,49,hybrid,HYBRID_ALPHA0.6_BETA0.4,0.6,0.4,500,0.76787,0.62178,0.15604,0.78872,0.71643,0.06283,0.07194,0.00213,0.01384,0.55
8,49,hybrid,HYBRID_ALPHA0.7_BETA0.3,0.7,0.3,500,0.76831,0.62364,0.15711,0.7781,0.71027,0.06639,0.07348,0.00219,0.01399,0.525
8,49,hybrid,HYBRID_ALPHA0.8_BETA0.2,0.8,0.2,500,0.76924,0.62443,0.15713,0.77279,0.70618,0.06865,0.07482,0.00219,0.01412,0.525
8,49,hybrid,HYBRID_ALPHA0.9_BETA0.1,0.9,0.1,500,0.75083,0.61706,0.15447,0.76763,0.702,0.07071,0.07595,0.0021,0.0144,0.575
8,49,mse,MSE,1.0,0.0,50,0.89251,0.65263,0.15088,0.9501,0.8061,0.09823,0.06844,0.00213,0.0272,0.725
8,49,mse,MSE,1.0,0.0,100,1.07882,0.66885,0.14387,1.05344,0.82073,0.09566,0.05082,0.00394,0.01969,0.6
8,49,mse,MSE,1.0,0.0,300,0.67388,0.58397,0.11087,0.78453,0.70642,0.07416,0.05901,0.00108,0.01256,0.6
8,49,mse,MSE,1.0,0.0,500,0.73551,0.61085,0.15275,0.76235,0.69762,0.07263,0.07734,0.00203,0.01462,0.525
9,50,hsic,HSIC,0.0,1.0,50,1.68729,0.8324,0.28122,3.91097,1.27517,0.11469,0.06439,0.00438,0.07306,0.65
9,50,hsic,HSIC,0.0,1.0,100,1.43497,1.00801,0.10304,3.89482,1.24959,0.06696,0.07003,0.00375,0.08821,0.7
9,50,hsic,HSIC,0.0,1.0,300,1.62392,0.94326,0.06288,4.11595,1.35489,0.24397,0.14677,0.00478,0.04359,0.675
9,50,hsic,HSIC,0.0,1.0,500,1.67388,0.95597,0.09319,4.27583,1.36465,0.06244,0.07555,0.00467,0.02322,0.6
9,50,hybrid,HYBRID_ALPHA0.1_BETA0.9,0.1,0.9,50,1.27796,0.93794,0.12204,0.93919,0.80267,0.05996,0.05821,0.00169,0.01418,0.75
9,50,hybrid,HYBRID_ALPHA0.2_BETA0.8,0.2,0.8,50,0.96776,0.68917,0.18839,0.90889,0.7888,0.0847,0.06436,0.00203,0.01199,0.75
9,50,hybrid,HYBRID_ALPHA0.3_BETA0.7,0.3,0.7,50,0.91271,0.67166,0.19251,0.91352,0.79215,0.08646,0.0665,0.00202,0.01202,0.65
9,50,hybrid,HYBRID_ALPHA0.4_BETA0.6,0.4,0.6,50,0.91828,0.67697,0.19063,0.90322,0.78911,0.07769,0.06626,0.00187,0.01212,0.7
9,50,hybrid,HYBRID_ALPHA0.5_BETA0.5,0.5,0.5,50,0.95147,0.69221,0.19395,1.07452,0.84079,0.10175,0.03791,0.00146,0.00991,0.625
9,50,hybrid,HYBRID_ALPHA0.6_BETA0.4,0.6,0.4,50,0.94748,0.69573,0.19105,0.97724,0.8128,0.0958,0.04423,0.00117,0.00922,0.65
9,50,hybrid,HYBRID_ALPHA0.7_BETA0.3,0.7,0.3,50,0.94681,0.69658,0.18766,0.92242,0.78805,0.08549,0.04586,0.00118,0.00913,0.65
9,50,hybrid,HYBRID_ALPHA0.8_BETA0.2,0.8,0.2,50,0.88744,0.66251,0.16771,0.88584,0.77124,0.08009,0.04515,0.00086,0.00823,0.725
9,50,hybrid,HYBRID_ALPHA0.9_BETA0.1,0.9,0.1,50,0.91076,0.67158,0.17353,0.85456,0.76162,0.07445,0.04145,0.00136,0.00833,0.7
9,50,hybrid,HYBRID_ALPHA0.1_BETA0.9,0.1,0.9,100,0.8544,0.72784,0.07698,0.99171,0.82138,0.14088,0.05423,0.0015,0.02049,0.625
9,50,hybrid,HYBRID_ALPHA0.2_BETA0.8,0.2,0.8,100,0.8127,0.68559,0.1054,1.00947,0.82296,0.12256,0.0534,0.00176,0.01806,0.525
9,50,hybrid,HYBRID_ALPHA0.3_BETA0.7,0.3,0.7,100,1.21554,0.77136,0.24078,0.97061,0.80127,0.04816,0.03689,0.00312,0.01441,0.65
9,50,hybrid,HYBRID_ALPHA0.4_BETA0.6,0.4,0.6,100,0.76502,0.61444,0.12834,0.90067,0.77705,0.05409,0.03253,0.00224,0.01529,0.725
9,50,hybrid,HYBRID_ALPHA0.5_BETA0.5,0.5,0.5,100,0.80708,0.61319,0.12747,0.89016,0.77284,0.05587,0.03308,0.00257,0.01633,0.65
9,50,hybrid,HYBRID_ALPHA0.6_BETA0.4,0.6,0.4,100,0.768,0.6106,0.13033,0.87385,0.76854,0.05915,0.03326,0.00216,0.0169,0.65
9,50,hybrid,HYBRID_ALPHA0.7_BETA0.3,0.7,0.3,100,0.82792,0.61787,0.12865,0.86937,0.76542,0.06217,0.0364,0.00257,0.01757,0.65
9,50,hybrid,HYBRID_ALPHA0.8_BETA0.2,0.8,0.2,100,0.86902,0.62672,0.13104,0.87994,0.76675,0.06818,0.041,0.00246,0.01795,0.675
9,50,hybrid,HYBRID_ALPHA0.9_BETA0.1,0.9,0.1,100,1.0188,0.66554,0.13101,0.90214,0.7774,0.07983,0.04527,0.00201,0.01924,0.6
9,50,hybrid,HYBRID_ALPHA0.1_BETA0.9,0.1,0.9,300,0.81999,0.72325,0.07913,0.9712,0.83118,0.03642,0.02789,0.00122,0.009,0.575
9,50,hybrid,HYBRID_ALPHA0.2_BETA0.8,0.2,0.8,300,0.76801,0.6521,0.13531,0.87557,0.77602,0.04732,0.037,0.0019,0.01092,0.55
9,50,hybrid,HYBRID_ALPHA0.3_BETA0.7,0.3,0.7,300,0.71551,0.60484,0.10512,0.83658,0.75073,0.05619,0.04947,0.00088,0.01119,0.6
9,50,hybrid,HYBRID_ALPHA0.4_BETA0.6,0.4,0.6,300,0.71454,0.60649,0.10563,0.80079,0.73105,0.07867,0.06566,0.0016,0.01084,0.575
9,50,hybrid,HYBRID_ALPHA0.5_BETA0.5,0.5,0.5,300,0.70306,0.59085,0.10932,0.78928,0.72599,0.06906,0.06659,0.00181,0.01102,0.525
9,50,hybrid,HYBRID_ALPHA0.6_BETA0.4,0.6,0.4,300,0.70784,0.59662,0.10568,0.78619,0.72414,0.0559,0.06598,0.00197,0.01114,0.6
9,50,hybrid,HYBRID_ALPHA0.7_BETA0.3,0.7,0.3,300,0.71107,0.59739,0.10562,0.78813,0.72164,0.05018,0.06766,0.00218,0.01133,0.55
9,50,hybrid,HYBRID_ALPHA0.8_BETA0.2,0.8,0.2,300,0.7074,0.59103,0.10406,0.78438,0.71629,0.04872,0.07042,0.00216,0.01192,0.55
9,50,hybrid,HYBRID_ALPHA0.9_BETA0.1,0.9,0.1,300,0.74021,0.6091,0.12936,0.80279,0.72094,0.04192,0.06863,0.00206,0.0121,0.575
9,50,hybrid,HYBRID_ALPHA0.1_BETA0.9,0.1,0.9,500,0.89647,0.74846,0.09317,0.94128,0.8131,0.03288,0.04603,0.00195,0.00731,0.6
9,50,hybrid,HYBRID_ALPHA0.2_BETA0.8,0.2,0.8,500,0.81366,0.63319,0.13054,0.89668,0.79538,0.03431,0.04305,0.00209,0.00866,0.55
9,50,hybrid,HYBRID_ALPHA0.3_BETA0.7,0.3,0.7,500,0.75439,0.61959,0.13237,0.81941,0.74088,0.0616,0.06362,0.00175,0.01117,0.525
9,50,hybrid,HYBRID_ALPHA0.4_BETA0.6,0.4,0.6,500,0.73414,0.61068,0.13094,0.81204,0.73877,0.06596,0.06572,0.00163,0.0113,0.525
9,50,hybrid,HYBRID_ALPHA0.5_BETA0.5,0.5,0.5,500,0.73491,0.61342,0.13509,0.78579,0.72127,0.07215,0.07467,0.00185,0.01184,0.525
9,50,hybrid,HYBRID_ALPHA0.6_BETA0.4,0.6,0.4,500,0.73751,0.61462,0.13671,0.78087,0.71822,0.07548,0.07621,0.00192,0.01198,0.55
9,50,hybrid,HYBRID_ALPHA0.7_BETA0.3,0.7,0.3,500,0.73899,0.61627,0.13775,0.77355,0.71499,0.07176,0.07544,0.00235,0.01102,0.5
9,50,hybrid,HYBRID_ALPHA0.8_BETA0.2,0.8,0.2,500,0.73918,0.61684,0.1382,0.76633,0.71122,0.07539,0.0773,0.00231,0.01129,0.5
9,50,hybrid,HYBRID_ALPHA0.9_BETA0.1,0.9,0.1,500,0.74089,0.61769,0.13935,0.76055,0.70938,0.07727,0.07805,0.00234,0.0116,0.525
9,50,mse,MSE,1.0,0.0,50,0.89166,0.66378,0.17054,0.83404,0.7506,0.07076,0.03912,0.00151,0.00919,0.675
9,50,mse,MSE,1.0,0.0,100,0.83269,0.61132,0.12578,0.99248,0.82228,0.11032,0.04716,0.00193,0.01893,0.625
9,50,mse,MSE,1.0,0.0,300,0.74543,0.61253,0.12975,0.7978,0.71618,0.04379,0.07193,0.00221,0.01206,0.55
9,50,mse,MSE,1.0,0.0,500,0.74204,0.61809,0.14063,0.75572,0.70654,0.0798,0.08013,0.00233,0.01184,0.525
10,51,hsic,HSIC,0.0,1.0,50,1.81852,0.83802,0.24754,3.01229,1.21564,0.12294,0.07075,0.004,0.02599,0.6
10,51,hsic,HSIC,0.0,1.0,100,1.54929,0.9956,0.14379,4.10083,1.29753,0.06702,0.09508,0.00363,0.03288,0.55
10,51,hsic,HSIC,0.0,1.0,300,1.95924,1.15224,0.14833,4.00221,1.2665,0.04453,0.08413,0.00364,0.01197,0.575
10,51,hsic,HSIC,0.0,1.0,500,1.25807,0.83723,0.11309,4.25773,1.33663,0.05718,0.08959,0.00428,0.02358,0.675
10,51,hybrid,HYBRID_ALPHA0.1_BETA0.9,0.1,0.9,50,0.96872,0.66894,0.14769,0.94222,0.78747,0.05119,0.10113,0.00184,0.01095,0.625
10,51,hybrid,HYBRID_ALPHA0.2_BETA0.8,0.2,0.8,50,1.33068,0.73256,0.19348,0.84089,0.73775,0.03958,0.10306,0.00142,0.01583,0.55
10,51,hybrid,HYBRID_ALPHA0.3_BETA0.7,0.3,0.7,50,1.35084,0.74221,0.20182,1.33872,0.80205,0.03526,0.07021,0.00219,0.02149,0.625
10,51,hybrid,HYBRID_ALPHA0.4_BETA0.6,0.4,0.6,50,1.34215,0.7429,0.20252,1.18809,0.84304,0.05157,0.07503,0.00216,0.02342,0.7
10,51,hybrid,HYBRID_ALPHA0.5_BETA0.5,0.5,0.5,50,1.35307,0.74864,0.20787,3.45994,1.01218,0.05186,0.07715,0.00246,0.02468,0.675
10,51,hybrid,HYBRID_ALPHA0.6_BETA0.4,0.6,0.4,50,1.34809,0.75432,0.21213,2.65651,1.20448,0.26185,0.13,0.00486,0.01798,0.575
10,51,hybrid,HYBRID_ALPHA0.7_BETA0.3,0.7,0.3,50,1.26729,0.73691,0.2086,2.59409,1.19177,0.26017,0.12607,0.00478,0.01818,0.575
10,51,hybrid,HYBRID_ALPHA0.8_BETA0.2,0.8,0.2,50,1.00938,0.68215,0.17993,2.58847,1.19108,0.25978,0.12629,0.00469,0.01884,0.65
10,51,hybrid,HYBRID_ALPHA0.9_BETA0.1,0.9,0.1,50,0.99734,0.66869,0.16663,1.85653,1.0576,0.25403,0.10343,0.00314,0.01781,0.575
10,51,hybrid,HYBRID_ALPHA0.1_BETA0.9,0.1,0.9,100,0.97345,0.74593,0.15289,1.00527,0.84106,0.02859,0.04072,0.00181,0.01152,0.625
10,51,hybrid,HYBRID_ALPHA0.2_BETA0.8,0.2,0.8,100,0.82303,0.65159,0.15242,1.04252,0.82855,0.15195,0.05915,0.00126,0.02186,0.6
10,51,hybrid,HYBRID_ALPHA0.3_BETA0.7,0.3,0.7,100,0.77796,0.62524,0.15317,1.04837,0.82852,0.15279,0.05886,0.00148,0.02173,0.7
10,51,hybrid,HYBRID_ALPHA0.4_BETA0.6,0.4,0.6,100,0.83873,0.65948,0.14757,1.04714,0.82823,0.15573,0.05778,0.00158,0.02206,0.65
10,51,hybrid,HYBRID_ALPHA0.5_BETA0.5,0.5,0.5,100,0.81899,0.65273,0.1468,0.99036,0.80438,0.13979,0.06235,0.00172,0.02239,0.625
10,51,hybrid,HYBRID_ALPHA0.6_BETA0.4,0.6,0.4,100,0.7678,0.62247,0.14265,0.97916,0.80189,0.13116,0.06128,0.00172,0.0231,0.625
10,51,hybrid,HYBRID_ALPHA0.7_BETA0.3,0.7,0.3,100,0.76133,0.62554,0.15547,1.4671,0.87372,0.13257,0.06565,0.00253,0.02129,0.65
10,51,hybrid,HYBRID_ALPHA0.8_BETA0.2,0.8,0.2,100,0.75423,0.62137,0.15273,0.94984,0.79105,0.13509,0.06255,0.00157,0.02338,0.55
10,51,hybrid,HYBRID_ALPHA0.9_BETA0.1,0.9,0.1,100,0.74951,0.62094,0.15412,0.97318,0.80972,0.14155,0.05336,0.00129,0.02306,0.575
10,51,hybrid,HYBRID_ALPHA0.1_BETA0.9,0.1,0.9,300,0.8769,0.62635,0.13676,0.97977,0.79523,0.04293,0.04654,0.00269,0.01216,0.575
10,51,hybrid,HYBRID_ALPHA0.2_BETA0.8,0.2,0.8,300,0.87943,0.62537,0.13521,0.88949,0.76227,0.0448,0.04703,0.00286,0.01278,0.55
10,51,hybrid,HYBRID_ALPHA0.3_BETA0.7,0.3,0.7,300,0.78539,0.60968,0.12736,0.86452,0.75306,0.04984,0.05358,0.00222,0.01356,0.55
10,51,hybrid,HYBRID_ALPHA0.4_BETA0.6,0.4,0.6,300,0.79727,0.61809,0.13647,0.84894,0.74684,0.05587,0.06004,0.0021,0.01331,0.525
10,51,hybrid,HYBRID_ALPHA0.5_BETA0.5,0.5,0.5,300,0.786,0.61804,0.13881,0.80362,0.72182,0.0681,0.07363,0.00216,0.01297,0.5
10,51,hybrid,HYBRID_ALPHA0.6_BETA0.4,0.6,0.4,300,0.78852,0.6205,0.13924,0.79768,0.7179,0.06973,0.07499,0.00218,0.01307,0.575
10,51,hybrid,HYBRID_ALPHA0.7_BETA0.3,0.7,0.3,300,0.80454,0.62693,0.14478,0.79122,0.71376,0.0709,0.07661,0.00229,0.01331,0.525
10,51,hybrid,HYBRID_ALPHA0.8_BETA0.2,0.8,0.2,300,0.80284,0.62687,0.14521,0.78574,0.71278,0.07358,0.07511,0.00234,0.01325,0.55
10,51,hybrid,HYBRID_ALPHA0.9_BETA0.1,0.9,0.1,300,0.80077,0.62779,0.14591,0.77254,0.70409,0.06818,0.08046,0.00254,0.01378,0.575
10,51,hybrid,HYBRID_ALPHA0.1_BETA0.9,0.1,0.9,500,0.74976,0.65673,0.11698,0.94829,0.7747,0.04317,0.05386,0.00155,0.00986,0.65
10,51,hybrid,HYBRID_ALPHA0.2_BETA0.8,0.2,0.8,500,0.71497,0.61001,0.12342,0.85127,0.73535,0.05349,0.05828,0.00198,0.0108,0.575
10,51,hybrid,HYBRID_ALPHA0.3_BETA0.7,0.3,0.7,500,0.69061,0.59077,0.11921,0.82695,0.72362,0.05723,0.06456,0.00202,0.01085,0.625
10,51,hybrid,HYBRID_ALPHA0.4_BETA0.6,0.4,0.6,500,0.7035,0.59323,0.12479,0.8091,0.71701,0.06132,0.0696,0.00218,0.0109,0.55
10,51,hybrid,HYBRID_ALPHA0.5_BETA0.5,0.5,0.5,500,0.69995,0.58899,0.12247,0.76804,0.70954,0.04008,0.05886,0.00159,0.0114,0.525
10,51,hybrid,HYBRID_ALPHA0.6_BETA0.4,0.6,0.4,500,0.71202,0.59351,0.12854,0.75414,0.69947,0.04709,0.06422,0.00181,0.01151,0.5
10,51,hybrid,HYBRID_ALPHA0.7_BETA0.3,0.7,0.3,500,0.7079,0.59021,0.12855,0.74638,0.69555,0.05178,0.0676,0.00189,0.01164,0.525
10,51,hybrid,HYBRID_ALPHA0.8_BETA0.2,0.8,0.2,500,0.70215,0.58671,0.12716,0.74256,0.69271,0.0551,0.07012,0.00196,0.01173,0.5
10,51,hybrid,HYBRID_ALPHA0.9_BETA0.1,0.9,0.1,500,0.69351,0.5817,0.12356,0.74034,0.69046,0.05796,0.07199,0.00203,0.01184,0.525
10,51,mse,MSE,1.0,0.0,50,0.99407,0.66729,0.16753,1.94681,1.06863,0.25138,0.10297,0.00311,0.01782,0.55
10,51,mse,MSE,1.0,0.0,100,0.74324,0.61916,0.15391,1.00851,0.82548,0.13865,0.04114,0.0011,0.02328,0.6
10,51,mse,MSE,1.0,0.0,300,0.79,0.6222,0.14354,0.76716,0.70239,0.06757,0.08078,0.00256,0.01391,0.525
10,51,mse,MSE,1.0,0.0,500,0.6739,0.5795,0.12703,0.73899,0.68843,0.06116,0.07403,0.00204,0.01212,0.5
11,52,hsic,HSIC,0.0,1.0,50,1.756,0.87931,0.26397,3.89493,1.28512,0.07016,0.07106,0.00443,0.03848,0.675
11,52,hsic,HSIC,0.0,1.0,100,1.8685,0.91097,0.25384,4.08965,1.27073,0.08998,0.13612,0.00474,0.01821,0.625
11,52,hsic,HSIC,0.0,1.0,300,1.96705,0.8819,0.28774,1.35964,0.88755,0.07573,0.08444,0.00417,0.0176,0.6
11,52,hsic,HSIC,0.0,1.0,500,1.17591,0.85827,0.06668,4.24555,1.3459,0.07261,0.08745,0.00389,0.01476,0.725
11,52,hybrid,HYBRID_ALPHA0.1_BETA0.9,0.1,0.9,50,1.39059,0.9003,0.1595,0.87955,0.74124,0.0444,0.05623,0.0027,0.02096,0.75
11,52,hybrid,HYBRID_ALPHA0.2_BETA0.8,0.2,0.8,50,1.25515,0.76577,0.21608,0.84337,0.73183,0.04304,0.05539,0.00312,0.02286,0.625
11,52,hybrid,HYBRID_ALPHA0.3_BETA0.7,0.3,0.7,50,15.33303,1.09007,0.16012,0.83025,0.72994,0.04805,0.06404,0.00214,0.0229,0.725
11,52,hybrid,HYBRID_ALPHA0.4_BETA0.6,0.4,0.6,50,9.74999,0.98929,0.19355,0.83946,0.74148,0.04814,0.05899,0.00166,0.02266,0.725
11,52,hybrid,HYBRID_ALPHA0.5_BETA0.5,0.5,0.5,50,1.12462,0.69531,0.18951,0.83863,0.74141,0.04959,0.05642,0.00144,0.02389,0.675
11,52,hybrid,HYBRID_ALPHA0.6_BETA0.4,0.6,0.4,50,1.13409,0.68747,0.18874,0.83732,0.74207,0.05255,0.05528,0.00165,0.02472,0.625
11,52,hybrid,HYBRID_ALPHA0.7_BETA0.3,0.7,0.3,50,1.65256,0.74569,0.2063,0.83359,0.74157,0.05643,0.05446,0.0015,0.02592,0.675
11,52,hybrid,HYBRID_ALPHA0.8_BETA0.2,0.8,0.2,50,1.9412,0.75547,0.19977,1.16573,0.81473,0.05291,0.0413,0.00167,0.02521,0.725
11,52,hybrid,HYBRID_ALPHA0.9_BETA0.1,0.9,0.1,50,1.52113,0.7277,0.19795,1.07968,0.81139,0.07337,0.04501,0.0013,0.02715,0.65
11,52,hybrid,HYBRID_ALPHA0.1_BETA0.9,0.1,0.9,100,1.5707,0.80502,0.26094,0.99846,0.80904,0.03518,0.04238,0.00327,0.01798,0.7
11,52,hybrid,HYBRID_ALPHA0.2_BETA0.8,0.2,0.8,100,1.49898,0.79778,0.25902,0.93603,0.789,0.03776,0.046,0.00313,0.01811,0.65
11,52,hybrid,HYBRID_ALPHA0.3_BETA0.7,0.3,0.7,100,1.42341,0.79202,0.2551,0.9109,0.77265,0.04024,0.05132,0.00299,0.01827,0.675
11,52,hybrid,HYBRID_ALPHA0.4_BETA0.6,0.4,0.6,100,1.35666,0.78817,0.25122,0.89376,0.75925,0.04161,0.05709,0.00287,0.0184,0.675
11,52,hybrid,HYBRID_ALPHA0.5_BETA0.5,0.5,0.5,100,1.31551,0.78522,0.24788,0.875,0.74249,0.04093,0.05969,0.0028,0.0188,0.7
11,52,hybrid,HYBRID_ALPHA0.6_BETA0.4,0.6,0.4,100,1.65069,0.82849,0.27618,0.85753,0.72974,0.04716,0.07041,0.0028,0.0195,0.7
11,52,hybrid,HYBRID_ALPHA0.7_BETA0.3,0.7,0.3,100,1.71841,0.83606,0.27925,0.85407,0.72579,0.05108,0.07407,0.00264,0.01975,0.725
11,52,hybrid,HYBRID_ALPHA0.8_BETA0.2,0.8,0.2,100,1.79168,0.84703,0.28239,2.96134,1.24905,0.26546,0.12673,0.00511,0.02189,0.65
11,52,hybrid,HYBRID_ALPHA0.9_BETA0.1,0.9,0.1,100,1.7918,0.84708,0.28242,3.35403,1.30096,0.27386,0.13284,0.0052,0.02279,0.7
11,52,hybrid,HYBRID_ALPHA0.1_BETA0.9,0.1,0.9,300,1.90635,0.86811,0.28384,0.96055,0.80354,0.07296,0.04459,0.00292,0.01791,0.625
11,52,hybrid,HYBRID_ALPHA0.2_BETA0.8,0.2,0.8,300,1.27087,0.77592,0.24092,0.8516,0.75687,0.07682,0.05527,0.00239,0.01498,0.65
11,52,hybrid,HYBRID_ALPHA0.3_BETA0.7,0.3,0.7,300,1.19855,0.77865,0.2337,0.83473,0.74969,0.08501,0.0591,0.00223,0.0151,0.65
11,52,hybrid,HYBRID_ALPHA0.4_BETA0.6,0.4,0.6,300,0.69882,0.59668,0.15616,0.83506,0.74994,0.0969,0.05885,0.00102,0.01352,0.675
11,52,hybrid,HYBRID_ALPHA0.5_BETA0.5,0.5,0.5,300,0.70084,0.59763,0.15309,0.83151,0.74814,0.0961,0.05975,0.00118,0.01396,0.55
11,52,hybrid,HYBRID_ALPHA0.6_BETA0.4,0.6,0.4,300,0.70333,0.5982,0.1553,0.82955,0.74726,0.09717,0.06114,0.00121,0.01432,0.575
11,52,hybrid,HYBRID_ALPHA0.7_BETA0.3,0.7,0.3,300,0.69417,0.59633,0.15028,0.8318,0.74715,0.10302,0.06278,0.00109,0.01467,0.625
11,52,hybrid,HYBRID_ALPHA0.8_BETA0.2,0.8,0.2,300,0.67945,0.59119,0.1516,0.8335,0.74712,0.10544,0.0643,0.00116,0.01579,0.625
11,52,hybrid,HYBRID_ALPHA0.9_BETA0.1,0.9,0.1,300,0.69072,0.5974,0.15083,0.83064,0.7458,0.10492,0.06542,0.00127,0.01578,0.625
11,52,hybrid,HYBRID_ALPHA0.1_BETA0.9,0.1,0.9,500,0.8244,0.70571,0.07989,0.88872,0.76584,0.06305,0.05887,0.00107,0.01337,0.625
11,52,hybrid,HYBRID_ALPHA0.2_BETA0.8,0.2,0.8,500,0.80545,0.63656,0.14611,0.87472,0.77614,0.04406,0.05099,0.00211,0.01789,0.675
11,52,hybrid,HYBRID_ALPHA0.3_BETA0.7,0.3,0.7,500,0.72997,0.61377,0.12752,0.86986,0.75826,0.06329,0.0697,0.00179,0.01836,0.625
11,52,hybrid,HYBRID_ALPHA0.4_BETA0.6,0.4,0.6,500,0.76758,0.62645,0.14202,0.84475,0.74676,0.07304,0.07468,0.00245,0.01848,0.65
11,52,hybrid,HYBRID_ALPHA0.5_BETA0.5,0.5,0.5,500,0.74333,0.6176,0.1385,0.82997,0.73826,0.0796,0.0787,0.00248,0.01852,0.65
11,52,hybrid,HYBRID_ALPHA0.6_BETA0.4,0.6,0.4,500,0.73483,0.61412,0.13735,0.82095,0.7315,0.08344,0.08073,0.00251,0.01857,0.625
11,52,hybrid,HYBRID_ALPHA0.7_BETA0.3,0.7,0.3,500,0.72308,0.60809,0.1323,0.81713,0.72694,0.08548,0.08153,0.00247,0.0186,0.65
11,52,hybrid,HYBRID_ALPHA0.8_BETA0.2,0.8,0.2,500,0.7181,0.60472,0.13163,0.81597,0.72568,0.08722,0.082,0.00245,0.01858,0.65
11,52,hybrid,HYBRID_ALPHA0.9_BETA0.1,0.9,0.1,500,0.70943,0.59956,0.13101,0.8185,0.73001,0.08918,0.08136,0.00236,0.01841,0.65
11,52,mse,MSE,1.0,0.0,50,1.38481,0.75117,0.18943,1.26907,0.83148,0.09277,0.05098,0.00143,0.03056,0.625
11,52,mse,MSE,1.0,0.0,100,1.79209,0.84713,0.28243,3.4045,1.30758,0.27485,0.13345,0.00521,0.02291,0.725
11,52,mse,MSE,1.0,0.0,300,0.67789,0.59118,0.14743,0.83118,0.74684,0.10732,0.06629,0.00121,0.01603,0.6
11,52,mse,MSE,1.0,0.0,500,0.7071,0.599,0.13045,0.81726,0.73005,0.09088,0.08126,0.00231,0.01859,0.675
12,53,hsic,HSIC,0.0,1.0,50,1.99673,0.88488,0.28728,3.52551,1.32395,0.2664,0.13402,0.00516,0.03918,0.7
12,53,hsic,HSIC,0.0,1.0,100,2.06357,0.89079,0.28663,3.68781,1.32371,0.25968,0.13225,0.00521,0.03924,0.7
12,53,hsic,HSIC,0.0,1.0,300,1.63961,0.92451,0.09315,4.11753,1.29184,0.09856,0.07107,0.00351,0.01634,0.725
12,53,hsic,HSIC,0.0,1.0,500,1.39174,0.9185,0.05124,4.50286,1.42882,0.06338,0.08035,0.00395,0.03158,0.675
12,53,hybrid,HYBRID_ALPHA0.1_BETA0.9,0.1,0.9,50,1.99108,0.88319,0.28745,1.02811,0.83758,0.13346,0.05708,0.00216,0.01677,0.625
12,53,hybrid,HYBRID_ALPHA0.2_BETA0.8,0.2,0.8,50,0.90791,0.65304,0.16346,1.02052,0.82964,0.13005,0.05915,0.0021,0.00983,0.55
12,53,hybrid,HYBRID_ALPHA0.3_BETA0.7,0.3,0.7,50,0.88823,0.66095,0.16568,1.01352,0.82499,0.12805,0.06082,0.00219,0.01035,0.5
12,53,hybrid,HYBRID_ALPHA0.4_BETA0.6,0.4,0.6,50,0.77902,0.62261,0.16871,1.00209,0.82174,0.12462,0.06178,0.002,0.01111,0.5
12,53,hybrid,HYBRID_ALPHA0.5_BETA0.5,0.5,0.5,50,0.81896,0.63217,0.17358,1.00882,0.82657,0.12839,0.06074,0.00194,0.01135,0.6
12,53,hybrid,HYBRID_ALPHA0.6_BETA0.4,0.6,0.4,50,0.83835,0.63501,0.16608,1.00396,0.82715,0.12827,0.06029,0.00205,0.01105,0.575
12,53,hybrid,HYBRID_ALPHA0.7_BETA0.3,0.7,0.3,50,0.83553,0.63772,0.16626,1.00312,0.82846,0.12845,0.05965,0.00209,0.01148,0.625
12,53,hybrid,HYBRID_ALPHA0.8_BETA0.2,0.8,0.2,50,0.81933,0.63617,0.17221,1.00516,0.83085,0.13055,0.05859,0.00204,0.01208,0.575
12,53,hybrid,HYBRID_ALPHA0.9_BETA0.1,0.9,0.1,50,0.81822,0.63818,0.17173,1.96441,1.09645,0.24032,0.10254,0.00386,0.01556,0.625
12,53,hybrid,HYBRID_ALPHA0.1_BETA0.9,0.1,0.9,100,1.38856,0.93145,0.2665,1.87311,1.07644,0.24387,0.09095,0.00474,0.02891,0.625
12,53,hybrid,HYBRID_ALPHA0.2_BETA0.8,0.2,0.8,100,1.0174,0.69755,0.1224,1.65766,1.03444,0.23793,0.08975,0.0028,0.01617,0.65
12,53,hybrid,HYBRID_ALPHA0.3_BETA0.7,0.3,0.7,100,0.85435,0.66583,0.16621,1.52009,0.99668,0.2386,0.0849,0.00308,0.01721,0.65
12,53,hybrid,HYBRID_ALPHA0.4_BETA0.6,0.4,0.6,100,0.88406,0.64593,0.13917,1.44799,0.97762,0.23537,0.08183,0.00286,0.01639,0.675
12,53,hybrid,HYBRID_ALPHA0.5_BETA0.5,0.5,0.5,100,0.88056,0.64511,0.14361,1.36805,0.95415,0.22739,0.07878,0.00285,0.01572,0.625
12,53,hybrid,HYBRID_ALPHA0.6_BETA0.4,0.6,0.4,100,0.86425,0.63761,0.14211,0.87833,0.77515,0.1339,0.0546,0.00138,0.01169,0.65
12,53,hybrid,HYBRID_ALPHA0.7_BETA0.3,0.7,0.3,100,0.84107,0.63043,0.13944,0.88817,0.78222,0.13785,0.05315,0.00136,0.01201,0.625
12,53,hybrid,HYBRID_ALPHA0.8_BETA0.2,0.8,0.2,100,0.80937,0.62127,0.13976,0.89778,0.78797,0.13984,0.05321,0.00134,0.01203,0.575
12,53,hybrid,HYBRID_ALPHA0.9_BETA0.1,0.9,0.1,100,0.83729,0.66036,0.1361,0.82477,0.71609,0.05582,0.07326,0.00282,0.01359,0.65
12,53,hybrid,HYBRID_ALPHA0.1_BETA0.9,0.1,0.9,300,0.78817,0.66613,0.11323,1.01605,0.8484,0.18243,0.05404,0.00185,0.0156,0.675
12,53,hybrid,HYBRID_ALPHA0.2_BETA0.8,0.2,0.8,300,0.79042,0.63074,0.12736,0.97418,0.82127,0.16085,0.0543,0.00156,0.0152,0.6
12,53,hybrid,HYBRID_ALPHA0.3_BETA0.7,0.3,0.7,300,0.77111,0.62942,0.1254,0.94903,0.80679,0.15334,0.05383,0.00138,0.01462,0.625
12,53,hybrid,HYBRID_ALPHA0.4_BETA0.6,0.4,0.6,300,0.77106,0.62963,0.1251,0.94609,0.80847,0.15558,0.05378,0.00136,0.01453,0.625
12,53,hybrid,HYBRID_ALPHA0.5_BETA0.5,0.5,0.5,300,0.76671,0.62823,0.12528,0.93892,0.80665,0.15481,0.05399,0.0013,0.01427,0.6
12,53,hybrid,HYBRID_ALPHA0.6_BETA0.4,0.6,0.4,300,0.76265,0.624,0.12529,0.92049,0.79693,0.14872,0.05533,0.00109,0.01397,0.575
12,53,hybrid,HYBRID_ALPHA0.7_BETA0.3,0.7,0.3,300,0.76108,0.62301,0.12657,0.91758,0.79603,0.14817,0.0558,0.00104,0.01408,0.55
12,53,hybrid,HYBRID_ALPHA0.8_BETA0.2,0.8,0.2,300,0.77073,0.62373,0.12722,0.8997,0.78843,0.13831,0.05726,0.00105,0.01373,0.575
12,53,hybrid,HYBRID_ALPHA0.9_BETA0.1,0.9,0.1,300,0.76315,0.62276,0.12528,0.88529,0.78311,0.12656,0.05773,0.00087,0.01376,0.575
12,53,hybrid,HYBRID_ALPHA0.1_BETA0.9,0.1,0.9,500,0.7506,0.6261,0.13302,0.88279,0.76826,0.04645,0.04773,0.00167,0.00979,0.75
12,53,hybrid,HYBRID_ALPHA0.2_BETA0.8,0.2,0.8,500,0.69317,0.59371,0.12389,0.84437,0.75221,0.05842,0.05188,0.00119,0.01001,0.625
12,53,hybrid,HYBRID_ALPHA0.3_BETA0.7,0.3,0.7,500,0.66386,0.57724,0.11215,0.82852,0.7436,0.06461,0.05562,0.0015,0.0102,0.625
12,53,hybrid,HYBRID_ALPHA0.4_BETA0.6,0.4,0.6,500,0.67234,0.58222,0.11883,0.81143,0.73694,0.07013,0.05798,0.0013,0.01015,0.6
12,53,hybrid,HYBRID_ALPHA0.5_BETA0.5,0.5,0.5,500,0.6702,0.5793,0.11844,0.80081,0.73128,0.07503,0.06049,0.00134,0.0103,0.65
12,53,hybrid,HYBRID_ALPHA0.6_BETA0.4,0.6,0.4,500,0.65091,0.57292,0.11214,0.79648,0.72913,0.07915,0.06338,0.00149,0.01077,0.6
12,53,hybrid,HYBRID_ALPHA0.7_BETA0.3,0.7,0.3,500,0.64884,0.57235,0.11209,0.78718,0.72276,0.08241,0.06578,0.00149,0.01089,0.575
12,53,hybrid,HYBRID_ALPHA0.8_BETA0.2,0.8,0.2,500,0.64606,0.57066,0.11199,0.79071,0.7253,0.0862,0.068,0.00151,0.011,0.6
12,53,hybrid,HYBRID_ALPHA0.9_BETA0.1,0.9,0.1,500,0.64521,0.56935,0.11127,0.78618,0.72163,0.09004,0.06977,0.00154,0.01123,0.6
12,53,mse,MSE,1.0,0.0,50,0.81965,0.64343,0.16323,1.00581,0.83057,0.12236,0.05878,0.00223,0.01252,0.6
12,53,mse,MSE,1.0,0.0,100,0.84082,0.65505,0.13252,0.84538,0.73201,0.06726,0.07635,0.00251,0.01362,0.625
12,53,mse,MSE,1.0,0.0,300,0.76659,0.62408,0.12779,0.8817,0.7821,0.12529,0.05815,0.0009,0.01382,0.55
12,53,mse,MSE,1.0,0.0,500,0.64383,0.56836,0.11057,0.7382,0.69337,0.0846,0.07575,0.00153,0.0119,0.65
13,54,hsic,HSIC,0.0,1.0,50,2.23907,0.95833,0.23157,4.18681,1.33997,0.23247,0.14236,0.00411,0.01866,0.6
13,54,hsic,HSIC,0.0,1.0,100,1.65512,1.02441,0.18197,3.83457,1.25055,0.06841,0.15712,0.00379,0.01545,0.65
13,54,hsic,HSIC,0.0,1.0,300,1.37081,0.95491,0.06944,3.90798,1.23728,0.07184,0.06924,0.00415,0.02295,0.6
13,54,hsic,HSIC,0.0,1.0,500,1.3644,0.91517,0.0794,4.00865,1.27174,0.07513,0.08479,0.00447,0.01567,0.575
13,54,hybrid,HYBRID_ALPHA0.1_BETA0.9,0.1,0.9,50,1.29815,0.75726,0.23984,4.03757,1.25738,0.14536,0.10198,0.00371,0.01931,0.575
13,54,hybrid,HYBRID_ALPHA0.2_BETA0.8,0.2,0.8,50,1.45481,0.77116,0.25215,1.68899,0.89144,0.09431,0.08045,0.00243,0.02666,0.6
13,54,hybrid,HYBRID_ALPHA0.3_BETA0.7,0.3,0.7,50,1.38743,0.75802,0.23949,2.76685,0.9536,0.08174,0.09458,0.00333,0.02403,0.625
13,54,hybrid,HYBRID_ALPHA0.4_BETA0.6,0.4,0.6,50,1.37941,0.75344,0.22922,3.59449,1.16271,0.07468,0.09072,0.00325,0.01865,0.65
13,54,hybrid,HYBRID_ALPHA0.5_BETA0.5,0.5,0.5,50,1.31214,0.74,0.22165,1.48523,0.89794,0.08728,0.09068,0.00373,0.02508,0.525
13,54,hybrid,HYBRID_ALPHA0.6_BETA0.4,0.6,0.4,50,1.3274,0.74249,0.2203,1.36966,0.90178,0.09323,0.07846,0.0036,0.02392,0.6
13,54,hybrid,HYBRID_ALPHA0.7_BETA0.3,0.7,0.3,50,1.24108,0.73101,0.21714,1.09764,0.85954,0.13263,0.07031,0.00295,0.02815,0.625
13,54,hybrid,HYBRID_ALPHA0.8_BETA0.2,0.8,0.2,50,1.23729,0.72454,0.20904,4.46311,1.09482,0.09005,0.09006,0.00386,0.0229,0.625
13,54,hybrid,HYBRID_ALPHA0.9_BETA0.1,0.9,0.1,50,1.20136,0.72481,0.21214,2.46697,0.95763,0.10391,0.07464,0.00294,0.02419,0.625
13,54,hybrid,HYBRID_ALPHA0.1_BETA0.9,0.1,0.9,100,1.02095,0.68853,0.18028,1.18128,0.87361,0.07408,0.10848,0.00386,0.0223,0.55
13,54,hybrid,HYBRID_ALPHA0.2_BETA0.8,0.2,0.8,100,0.96031,0.67021,0.17903,0.92735,0.79343,0.0913,0.07167,0.00249,0.02429,0.7
13,54,hybrid,HYBRID_ALPHA0.3_BETA0.7,0.3,0.7,100,0.98269,0.67503,0.18018,0.90213,0.78405,0.09341,0.0746,0.00259,0.02525,0.625
13,54,hybrid,HYBRID_ALPHA0.4_BETA0.6,0.4,0.6,100,0.99325,0.67776,0.18013,0.88977,0.78054,0.09354,0.07579,0.00252,0.02472,0.6
13,54,hybrid,HYBRID_ALPHA0.5_BETA0.5,0.5,0.5,100,0.9918,0.67738,0.17873,0.8839,0.77993,0.09401,0.07576,0.00249,0.02447,0.625
13,54,hybrid,HYBRID_ALPHA0.6_BETA0.4,0.6,0.4,100,0.98285,0.6726,0.17707,0.87816,0.77841,0.09384,0.07547,0.00251,0.02416,0.6
13,54,hybrid,HYBRID_ALPHA0.7_BETA0.3,0.7,0.3,100,0.9794,0.67207,0.17588,0.88215,0.78138,0.08969,0.0777,0.00262,0.02371,0.65
13,54,hybrid,HYBRID_ALPHA0.8_BETA0.2,0.8,0.2,100,0.96912,0.66358,0.17368,0.88625,0.78618,0.08681,0.07935,0.00254,0.02354,0.525
13,54,hybrid,HYBRID_ALPHA0.9_BETA0.1,0.9,0.1,100,0.97352,0.66458,0.17311,0.89365,0.79132,0.08861,0.07758,0.00257,0.02358,0.55
13,54,hybrid,HYBRID_ALPHA0.1_BETA0.9,0.1,0.9,300,0.86126,0.65339,0.13819,0.86359,0.75034,0.04022,0.05179,0.00225,0.01415,0.575
13,54,hybrid,HYBRID_ALPHA0.2_BETA0.8,0.2,0.8,300,0.8205,0.64085,0.13737,0.83763,0.74014,0.04864,0.05326,0.0021,0.01436,0.55
13,54,hybrid,HYBRID_ALPHA0.3_BETA0.7,0.3,0.7,300,0.79342,0.62329,0.13797,0.81578,0.73388,0.05506,0.05807,0.0022,0.01489,0.575
13,54,hybrid,HYBRID_ALPHA0.4_BETA0.6,0.4,0.6,300,0.80495,0.62671,0.13798,0.80489,0.72991,0.0594,0.06173,0.00231,0.01489,0.525
13,54,hybrid,HYBRID_ALPHA0.5_BETA0.5,0.5,0.5,300,0.76386,0.60927,0.12567,0.79979,0.72809,0.06399,0.06378,0.002,0.01473,0.5
13,54,hybrid,HYBRID_ALPHA0.6_BETA0.4,0.6,0.4,300,0.76015,0.6101,0.12567,0.77766,0.71795,0.0686,0.05772,0.00188,0.01521,0.55
13,54,hybrid,HYBRID_ALPHA0.7_BETA0.3,0.7,0.3,300,0.77744,0.61804,0.13168,0.7691,0.71137,0.07242,0.06429,0.00233,0.01591,0.575
13,54,hybrid,HYBRID_ALPHA0.8_BETA0.2,0.8,0.2,300,0.76427,0.61093,0.12941,0.76647,0.70738,0.07353,0.06803,0.0024,0.01618,0.625
13,54,hybrid,HYBRID_ALPHA0.9_BETA0.1,0.9,0.1,300,0.77413,0.6142,0.13084,0.76112,0.70272,0.07287,0.07083,0.0026,0.01615,0.6
13,54,hybrid,HYBRID_ALPHA0.1_BETA0.9,0.1,0.9,500,0.81384,0.71427,0.08759,0.88784,0.75246,0.0434,0.05936,0.00103,0.0094,0.65
13,54,hybrid,HYBRID_ALPHA0.2_BETA0.8,0.2,0.8,500,0.7316,0.61199,0.14083,0.87865,0.75249,0.04238,0.06734,0.00163,0.01278,0.575
13,54,hybrid,HYBRID_ALPHA0.3_BETA0.7,0.3,0.7,500,0.7056,0.5941,0.13041,0.85395,0.75138,0.06311,0.06243,0.00144,0.01394,0.575
13,54,hybrid,HYBRID_ALPHA0.4_BETA0.6,0.4,0.6,500,0.70862,0.59484,0.13153,0.84546,0.74927,0.06613,0.06407,0.00154,0.01416,0.575
13,54,hybrid,HYBRID_ALPHA0.5_BETA0.5,0.5,0.5,500,0.7036,0.5941,0.12968,0.84122,0.74863,0.06976,0.06483,0.00162,0.01445,0.6
13,54,hybrid,HYBRID_ALPHA0.6_BETA0.4,0.6,0.4,500,0.70061,0.58971,0.12673,0.82289,0.73792,0.0653,0.07278,0.00171,0.01338,0.575
13,54,hybrid,HYBRID_ALPHA0.7_BETA0.3,0.7,0.3,500,0.69732,0.58697,0.12512,0.81992,0.73726,0.06849,0.07268,0.00178,0.01361,0.6
13,54,hybrid,HYBRID_ALPHA0.8_BETA0.2,0.8,0.2,500,0.69207,0.58379,0.12043,0.81685,0.73605,0.07147,0.07298,0.00184,0.01379,0.525
13,54,hybrid,HYBRID_ALPHA0.9_BETA0.1,0.9,0.1,500,0.69235,0.58357,0.11984,0.81629,0.73622,0.0744,0.07324,0.00192,0.01409,0.65
13,54,mse,MSE,1.0,0.0,50,1.17023,0.72288,0.21153,2.35626,0.97879,0.10233,0.08261,0.00378,0.02671,0.5
13,54,mse,MSE,1.0,0.0,100,0.96719,0.66299,0.17173,0.90743,0.79992,0.08604,0.08167,0.00265,0.0233,0.6
13,54,mse,MSE,1.0,0.0,300,0.88626,0.66591,0.16172,0.75899,0.70049,0.07239,0.07156,0.00277,0.01623,0.575
13,54,mse,MSE,1.0,0.0,500,0.69172,0.58293,0.11863,0.84556,0.75235,0.09647,0.06875,0.00176,0.01612,0.575
14,55,hsic,HSIC,0.0,1.0,50,1.50526,0.81821,0.17695,3.93937,1.33338,0.23943,0.13055,0.00414,0.01742,0.6
14,55,hsic,HSIC,0.0,1.0,100,1.38829,0.94642,0.13393,3.44488,1.314,0.27133,0.13392,0.00455,0.03466,0.65
14,55,hsic,HSIC,0.0,1.0,300,1.83334,1.04598,0.0674,4.3463,1.3166,0.06992,0.0544,0.00362,0.16602,0.775
14,55,hsic,HSIC,0.0,1.0,500,2.79402,1.35822,0.06373,3.54832,1.16863,0.06301,0.0766,0.00407,0.10459,0.7
14,55,hybrid,HYBRID_ALPHA0.1_BETA0.9,0.1,0.9,50,9.54168,1.0545,0.20616,7.13737,1.13495,0.17453,0.08945,0.00258,0.01235,0.6
14,55,hybrid,HYBRID_ALPHA0.2_BETA0.8,0.2,0.8,50,6.63789,1.02796,0.20184,3.75689,1.04533,0.14338,0.0617,0.00283,0.01257,0.6
14,55,hybrid,HYBRID_ALPHA0.3_BETA0.7,0.3,0.7,50,4.78655,0.95955,0.19448,1.68398,0.89381,0.10418,0.05975,0.00341,0.01161,0.575
14,55,hybrid,HYBRID_ALPHA0.4_BETA0.6,0.4,0.6,50,1.85262,0.79744,0.16468,2.13496,0.91676,0.11427,0.06845,0.00342,0.01059,0.55
14,55,hybrid,HYBRID_ALPHA0.5_BETA0.5,0.5,0.5,50,1.2517,0.74621,0.18408,2.13598,0.92162,0.11705,0.06572,0.00307,0.01121,0.575
14,55,hybrid,HYBRID_ALPHA0.6_BETA0.4,0.6,0.4,50,1.15968,0.72157,0.17534,2.13933,0.92127,0.11742,0.06672,0.00325,0.01124,0.55
14,55,hybrid,HYBRID_ALPHA0.7_BETA0.3,0.7,0.3,50,1.11056,0.68948,0.15589,0.83368,0.73056,0.05998,0.02727,0.00247,0.01489,0.575
14,55,hybrid,HYBRID_ALPHA0.8_BETA0.2,0.8,0.2,50,1.10858,0.69106,0.15799,1.9648,0.86671,0.13009,0.06415,0.00307,0.0127,0.575
14,55,hybrid,HYBRID_ALPHA0.9_BETA0.1,0.9,0.1,50,0.99125,0.67531,0.15593,2.03488,0.87405,0.1473,0.06046,0.00289,0.01305,0.575
14,55,hybrid,HYBRID_ALPHA0.1_BETA0.9,0.1,0.9,100,1.03964,0.68578,0.14262,0.97004,0.79596,0.05192,0.05702,0.00296,0.01479,0.625
14,55,hybrid,HYBRID_ALPHA0.2_BETA0.8,0.2,0.8,100,0.88067,0.66652,0.14726,0.94992,0.78591,0.05157,0.0623,0.0022,0.01501,0.7
14,55,hybrid,HYBRID_ALPHA0.3_BETA0.7,0.3,0.7,100,0.80619,0.63177,0.14742,0.93704,0.78237,0.05292,0.06614,0.00216,0.01666,0.625
14,55,hybrid,HYBRID_ALPHA0.4_BETA0.6,0.4,0.6,100,0.80191,0.62379,0.13646,0.93588,0.78099,0.05458,0.06941,0.00248,0.01601,0.65
14,55,hybrid,HYBRID_ALPHA0.5_BETA0.5,0.5,0.5,100,0.79788,0.61814,0.13662,0.94803,0.78553,0.06123,0.07156,0.00248,0.01713,0.65
14,55,hybrid,HYBRID_ALPHA0.6_BETA0.4,0.6,0.4,100,0.78226,0.6159,0.1358,0.94495,0.78355,0.05982,0.07357,0.00214,0.01644,0.625
14,55,hybrid,HYBRID_ALPHA0.7_BETA0.3,0.7,0.3,100,0.77882,0.61294,0.13585,0.93779,0.78088,0.06198,0.07633,0.00203,0.01654,0.625
14,55,hybrid,HYBRID_ALPHA0.8_BETA0.2,0.8,0.2,100,0.7743,0.6117,0.13609,0.92598,0.77735,0.06181,0.07775,0.00203,0.01641,0.6
14,55,hybrid,HYBRID_ALPHA0.9_BETA0.1,0.9,0.1,100,0.77102,0.6124,0.13647,0.91038,0.77095,0.06226,0.0786,0.00194,0.01631,0.6
14,55,hybrid,HYBRID_ALPHA0.1_BETA0.9,0.1,0.9,300,0.82381,0.64462,0.14838,1.04526,0.83283,0.03771,0.03465,0.00231,0.00913,0.575
14,55,hybrid,HYBRID_ALPHA0.2_BETA0.8,0.2,0.8,300,0.80483,0.63998,0.14669,0.93419,0.79263,0.04452,0.04043,0.00222,0.00863,0.65
14,55,hybrid,HYBRID_ALPHA0.3_BETA0.7,0.3,0.7,300,0.79445,0.6387,0.14625,0.89195,0.77241,0.04809,0.04873,0.00204,0.00855,0.575
14,55,hybrid,HYBRID_ALPHA0.4_BETA0.6,0.4,0.6,300,0.78837,0.63542,0.1451,0.8666,0.75707,0.04969,0.05465,0.00191,0.0083,0.6
14,55,hybrid,HYBRID_ALPHA0.5_BETA0.5,0.5,0.5,300,0.77882,0.62722,0.14456,0.80308,0.7342,0.04033,0.04504,0.0023,0.00734,0.55
14,55,hybrid,HYBRID_ALPHA0.6_BETA0.4,0.6,0.4,300,0.73026,0.60779,0.13193,0.78321,0.72083,0.04867,0.04855,0.00187,0.00732,0.575
14,55,hybrid,HYBRID_ALPHA0.7_BETA0.3,0.7,0.3,300,0.75951,0.61754,0.13844,0.76829,0.70922,0.05471,0.0524,0.00185,0.0075,0.6
14,55,hybrid,HYBRID_ALPHA0.8_BETA0.2,0.8,0.2,300,0.77551,0.62564,0.14349,0.76086,0.70137,0.05752,0.05512,0.0019,0.00795,0.6
14,55,hybrid,HYBRID_ALPHA0.9_BETA0.1,0.9,0.1,300,0.75586,0.61586,0.13775,0.75509,0.69509,0.05911,0.05738,0.00178,0.00804,0.575
14,55,hybrid,HYBRID_ALPHA0.1_BETA0.9,0.1,0.9,500,0.84305,0.7429,0.05841,0.82699,0.74584,0.03809,0.04661,0.00132,0.00906,0.625
14,55,hybrid,HYBRID_ALPHA0.2_BETA0.8,0.2,0.8,500,0.77664,0.69394,0.07872,0.80166,0.73488,0.04801,0.04733,0.00111,0.00717,0.575
14,55,hybrid,HYBRID_ALPHA0.3_BETA0.7,0.3,0.7,500,0.70023,0.61134,0.14133,0.91355,0.77309,0.05357,0.04854,0.00196,0.01048,0.575
14,55,hybrid,HYBRID_ALPHA0.4_BETA0.6,0.4,0.6,500,0.6965,0.60734,0.13996,0.78255,0.72027,0.05612,0.05173,0.00141,0.00906,0.55
14,55,hybrid,HYBRID_ALPHA0.5_BETA0.5,0.5,0.5,500,0.66396,0.59004,0.12514,0.77621,0.71674,0.05921,0.05403,0.00143,0.00979,0.525
14,55,hybrid,HYBRID_ALPHA0.6_BETA0.4,0.6,0.4,500,0.68505,0.59752,0.13733,0.77115,0.71305,0.06239,0.05676,0.00153,0.00974,0.525
14,55,hybrid,HYBRID_ALPHA0.7_BETA0.3,0.7,0.3,500,0.68141,0.59487,0.13624,0.76451,0.71034,0.06655,0.05923,0.00148,0.00993,0.5
14,55,hybrid,HYBRID_ALPHA0.8_BETA0.2,0.8,0.2,500,0.67695,0.59162,0.13434,0.75693,0.70615,0.06986,0.06095,0.00148,0.01024,0.525
14,55,hybrid,HYBRID_ALPHA0.9_BETA0.1,0.9,0.1,500,0.66439,0.58252,0.12889,0.74714,0.69778,0.07398,0.06357,0.00143,0.01068,0.525
14,55,mse,MSE,1.0,0.0,50,1.10731,0.68808,0.15538,5.28682,1.14104,0.19649,0.05034,0.00273,0.01341,0.575
14,55,mse,MSE,1.0,0.0,100,0.79269,0.63119,0.15942,0.8577,0.74258,0.05703,0.06777,0.00189,0.01494,0.55
14,55,mse,MSE,1.0,0.0,300,0.74349,0.6091,0.1346,0.75055,0.69037,0.05936,0.0585,0.0017,0.00825,0.55
14,55,mse,MSE,1.0,0.0,500,0.65479,0.56837,0.1229,0.75421,0.69417,0.07311,0.06557,0.00147,0.0107,0.575
15,56,hsic,HSIC,0.0,1.0,50,55.14884,2.50261,0.30143,17.87127,2.03455,0.2767,0.11588,0.00587,0.11344,0.7
15,56,hsic,HSIC,0.0,1.0,100,1.80004,1.05063,0.17179,4.28261,1.3741,0.23972,0.15226,0.00448,0.02786,0.675
15,56,hsic,HSIC,0.0,1.0,300,1.20101,0.8665,0.0637,4.13715,1.3075,0.0595,0.10098,0.00438,0.02228,0.6
15,56,hsic,HSIC,0.0,1.0,500,1.49786,0.92285,0.07374,4.26624,1.33716,0.05384,0.10333,0.00388,0.01894,0.7
15,56,hybrid,HYBRID_ALPHA0.1_BETA0.9,0.1,0.9,50,41.79181,2.21468,0.28809,1.14431,0.8529,0.04229,0.04132,0.00347,0.07448,0.7
15,56,hybrid,HYBRID_ALPHA0.2_BETA0.8,0.2,0.8,50,41.38133,2.19713,0.28752,1.1433,0.82492,0.04623,0.04967,0.00357,0.07357,0.7
15,56,hybrid,HYBRID_ALPHA0.3_BETA0.7,0.3,0.7,50,40.33507,2.179,0.28786,0.94215,0.799,0.01493,0.05197,0.00321,0.07043,0.75
15,56,hybrid,HYBRID_ALPHA0.4_BETA0.6,0.4,0.6,50,35.84214,2.13029,0.29573,1.05065,0.83514,0.02116,0.06326,0.00315,0.06583,0.75
15,56,hybrid,HYBRID_ALPHA0.5_BETA0.5,0.5,0.5,50,36.3276,2.14953,0.2981,1.05112,0.84078,0.01599,0.06016,0.00295,0.06745,0.725
15,56,hybrid,HYBRID_ALPHA0.6_BETA0.4,0.6,0.4,50,36.47328,2.13936,0.29045,1.11546,0.85372,0.01565,0.07001,0.00284,0.07041,0.75
15,56,hybrid,HYBRID_ALPHA0.7_BETA0.3,0.7,0.3,50,36.5053,2.14229,0.29019,1.14328,0.87201,0.01228,0.0724,0.00282,0.0658,0.75
15,56,hybrid,HYBRID_ALPHA0.8_BETA0.2,0.8,0.2,50,36.51764,2.14647,0.29046,1.24855,0.87644,0.01592,0.05969,0.00289,0.06372,0.7
15,56,hybrid,HYBRID_ALPHA0.9_BETA0.1,0.9,0.1,50,36.51377,2.14889,0.29085,1.1654,0.86226,0.01921,0.0508,0.00268,0.06738,0.7
15,56,hybrid,HYBRID_ALPHA0.1_BETA0.9,0.1,0.9,100,0.80643,0.60346,0.12395,0.9626,0.79774,0.05589,0.0518,0.00245,0.01295,0.575
15,56,hybrid,HYBRID_ALPHA0.2_BETA0.8,0.2,0.8,100,0.93528,0.64445,0.14294,0.91567,0.78018,0.06612,0.05915,0.00286,0.01339,0.6
15,56,hybrid,HYBRID_ALPHA0.3_BETA0.7,0.3,0.7,100,0.94759,0.64779,0.1463,0.8916,0.77178,0.07172,0.06328,0.00262,0.0144,0.575
15,56,hybrid,HYBRID_ALPHA0.4_BETA0.6,0.4,0.6,100,0.93161,0.65213,0.14417,0.87559,0.76447,0.07516,0.06569,0.00238,0.01465,0.575
15,56,hybrid,HYBRID_ALPHA0.5_BETA0.5,0.5,0.5,100,0.92382,0.65104,0.14473,0.86564,0.76081,0.0782,0.06699,0.00218,0.0148,0.625
15,56,hybrid,HYBRID_ALPHA0.6_BETA0.4,0.6,0.4,100,0.90176,0.64455,0.14207,0.85794,0.7581,0.08089,0.06782,0.00204,0.01476,0.675
15,56,hybrid,HYBRID_ALPHA0.7_BETA0.3,0.7,0.3,100,0.89493,0.64308,0.14113,0.851,0.75641,0.08272,0.06808,0.00196,0.01473,0.575
15,56,hybrid,HYBRID_ALPHA0.8_BETA0.2,0.8,0.2,100,0.86948,0.63351,0.13661,0.84746,0.75675,0.08585,0.06804,0.00188,0.01469,0.625
15,56,hybrid,HYBRID_ALPHA0.9_BETA0.1,0.9,0.1,100,0.86203,0.63179,0.13611,0.84748,0.75915,0.08983,0.06673,0.00182,0.01482,0.6
15,56,hybrid,HYBRID_ALPHA0.1_BETA0.9,0.1,0.9,300,0.72292,0.60256,0.11191,0.89099,0.7459,0.04756,0.05699,0.00229,0.01375,0.6
15,56,hybrid,HYBRID_ALPHA0.2_BETA0.8,0.2,0.8,300,0.68903,0.57539,0.1131,0.86399,0.73794,0.06071,0.06509,0.002,0.01463,0.675
15,56,hybrid,HYBRID_ALPHA0.3_BETA0.7,0.3,0.7,300,0.69399,0.58039,0.11695,0.85591,0.73677,0.06364,0.0678,0.00191,0.01484,0.7
15,56,hybrid,HYBRID_ALPHA0.4_BETA0.6,0.4,0.6,300,0.68836,0.57773,0.1145,0.85516,0.73932,0.06825,0.0695,0.00192,0.01522,0.625
15,56,hybrid,HYBRID_ALPHA0.5_BETA0.5,0.5,0.5,300,0.69344,0.58167,0.11671,0.8564,0.73613,0.04736,0.07482,0.00206,0.01351,0.65
15,56,hybrid,HYBRID_ALPHA0.6_BETA0.4,0.6,0.4,300,0.70652,0.59215,0.12067,0.80288,0.72933,0.03884,0.06706,0.00173,0.0123,0.625
15,56,hybrid,HYBRID_ALPHA0.7_BETA0.3,0.7,0.3,300,0.69852,0.58611,0.11724,0.78253,0.7145,0.04171,0.07105,0.00183,0.01259,0.625
15,56,hybrid,HYBRID_ALPHA0.8_BETA0.2,0.8,0.2,300,0.69571,0.5845,0.11687,0.77015,0.7077,0.04239,0.07372,0.00194,0.01268,0.65
15,56,hybrid,HYBRID_ALPHA0.9_BETA0.1,0.9,0.1,300,0.70127,0.58724,0.1224,0.7603,0.70291,0.04364,0.07525,0.00209,0.01226,0.575
15,56,hybrid,HYBRID_ALPHA0.1_BETA0.9,0.1,0.9,500,0.72084,0.60529,0.13742,0.94855,0.8169,0.02257,0.04882,0.00184,0.01395,0.625
15,56,hybrid,HYBRID_ALPHA0.2_BETA0.8,0.2,0.8,500,0.72086,0.60613,0.13403,0.85854,0.76929,0.02195,0.04537,0.00179,0.01406,0.65
15,56,hybrid,HYBRID_ALPHA0.3_BETA0.7,0.3,0.7,500,0.71845,0.60923,0.13024,0.8118,0.73912,0.02746,0.04686,0.00174,0.01412,0.65
15,56,hybrid,HYBRID_ALPHA0.4_BETA0.6,0.4,0.6,500,0.70864,0.60125,0.12943,0.77797,0.71877,0.03744,0.05362,0.00185,0.01485,0.65
15,56,hybrid,HYBRID_ALPHA0.5_BETA0.5,0.5,0.5,500,0.71892,0.60708,0.13142,0.75478,0.70122,0.04875,0.06061,0.00196,0.01505,0.675
15,56,hybrid,HYBRID_ALPHA0.6_BETA0.4,0.6,0.4,500,0.69512,0.5989,0.12426,0.74042,0.68913,0.05936,0.06703,0.00175,0.01536,0.675
15,56,hybrid,HYBRID_ALPHA0.7_BETA0.3,0.7,0.3,500,0.69997,0.60209,0.12691,0.74026,0.6867,0.06656,0.07312,0.00172,0.01558,0.675
15,56,hybrid,HYBRID_ALPHA0.8_BETA0.2,0.8,0.2,500,0.69229,0.59414,0.12594,0.73476,0.68333,0.07018,0.07554,0.00188,0.01591,0.65
15,56,hybrid,HYBRID_ALPHA0.9_BETA0.1,0.9,0.1,500,0.69709,0.59945,0.12857,0.73877,0.6833,0.0724,0.07881,0.00184,0.01589,0.65
15,56,mse,MSE,1.0,0.0,50,36.49945,2.15179,0.29077,4.31548,1.20198,0.10885,0.06095,0.00437,0.06413,0.65
15,56,mse,MSE,1.0,0.0,100,0.82718,0.6204,0.13089,0.84449,0.75975,0.09084,0.06458,0.00173,0.01479,0.55
15,56,mse,MSE,1.0,0.0,300,0.69959,0.58482,0.12163,0.79229,0.70891,0.05949,0.08136,0.00197,0.01403,0.625
15,56,mse,MSE,1.0,0.0,500,0.70936,0.60717,0.13582,0.93929,0.8051,0.14049,0.06524,0.00183,0.02015,0.675
16,57,hsic,HSIC,0.0,1.0,50,1.84382,0.87882,0.27112,3.70807,1.25447,0.16201,0.16209,0.00455,0.04221,0.65
16,57,hsic,HSIC,0.0,1.0,100,1.96334,0.88124,0.28761,4.18173,1.3661,0.10939,0.06638,0.00501,0.0179,0.575
16,57,hsic,HSIC,0.0,1.0,300,1.43561,0.94876,0.04266,4.41733,1.35503,0.05158,0.065,0.00284,0.03382,0.625
16,57,hsic,HSIC,0.0,1.0,500,1.49977,0.94704,0.08235,4.34852,1.33327,0.05693,0.08711,0.00371,0.02203,0.675
16,57,hybrid,HYBRID_ALPHA0.1_BETA0.9,0.1,0.9,50,1.17334,0.80914,0.25475,1.06109,0.80014,0.12287,0.05617,0.00164,0.01862,0.625
16,57,hybrid,HYBRID_ALPHA0.2_BETA0.8,0.2,0.8,50,1.0244,0.74852,0.21486,0.98649,0.78614,0.14075,0.05606,0.00195,0.01703,0.65
16,57,hybrid,HYBRID_ALPHA0.3_BETA0.7,0.3,0.7,50,0.86741,0.65987,0.16398,0.90227,0.73076,0.09045,0.06324,0.00179,0.01465,0.55
16,57,hybrid,HYBRID_ALPHA0.4_BETA0.6,0.4,0.6,50,0.86824,0.67639,0.17378,1.07439,0.77114,0.12434,0.05481,0.00145,0.01573,0.6
16,57,hybrid,HYBRID_ALPHA0.5_BETA0.5,0.5,0.5,50,0.82976,0.6405,0.15319,1.09396,0.76511,0.12059,0.05713,0.00119,0.01408,0.6
16,57,hybrid,HYBRID_ALPHA0.6_BETA0.4,0.6,0.4,50,0.92788,0.68257,0.1734,1.1813,0.79037,0.11122,0.06219,0.00151,0.01665,0.55
16,57,hybrid,HYBRID_ALPHA0.7_BETA0.3,0.7,0.3,50,0.91115,0.66916,0.16353,1.08009,0.77907,0.1155,0.05897,0.00159,0.01819,0.625
16,57,hybrid,HYBRID_ALPHA0.8_BETA0.2,0.8,0.2,50,0.94166,0.6773,0.18416,1.17422,0.79303,0.1171,0.0622,0.00208,0.01818,0.625
16,57,hybrid,HYBRID_ALPHA0.9_BETA0.1,0.9,0.1,50,0.94859,0.68252,0.18659,1.20107,0.7969,0.11545,0.0644,0.00202,0.01767,0.7
16,57,hybrid,HYBRID_ALPHA0.1_BETA0.9,0.1,0.9,100,1.95988,0.87999,0.28775,1.01676,0.80758,0.07828,0.08469,0.00328,0.01751,0.6
16,57,hybrid,HYBRID_ALPHA0.2_BETA0.8,0.2,0.8,100,0.72191,0.57997,0.12218,3.5888,0.99749,0.0356,0.09637,0.00291,0.01205,0.6
16,57,hybrid,HYBRID_ALPHA0.3_BETA0.7,0.3,0.7,100,0.88279,0.67354,0.1458,1.61951,0.87452,0.03157,0.09721,0.00233,0.01526,0.625
16,57,hybrid,HYBRID_ALPHA0.4_BETA0.6,0.4,0.6,100,0.90673,0.69407,0.15538,1.15039,0.81855,0.03361,0.09814,0.00276,0.01677,0.575
16,57,hybrid,HYBRID_ALPHA0.5_BETA0.5,0.5,0.5,100,0.88656,0.68336,0.14482,1.05291,0.79742,0.03433,0.09717,0.00332,0.01742,0.65
16,57,hybrid,HYBRID_ALPHA0.6_BETA0.4,0.6,0.4,100,0.88906,0.67009,0.14326,0.94385,0.77947,0.06614,0.07477,0.00312,0.01766,0.6
16,57,hybrid,HYBRID_ALPHA0.7_BETA0.3,0.7,0.3,100,0.87826,0.66253,0.14242,0.95616,0.8055,0.12183,0.06855,0.00251,0.01668,0.65
16,57,hybrid,HYBRID_ALPHA0.8_BETA0.2,0.8,0.2,100,0.89008,0.66913,0.14416,0.9694,0.80839,0.12416,0.07008,0.00249,0.01725,0.525
16,57,hybrid,HYBRID_ALPHA0.9_BETA0.1,0.9,0.1,100,0.83595,0.64222,0.13682,0.96948,0.7761,0.05016,0.09613,0.00348,0.02258,0.7
16,57,hybrid,HYBRID_ALPHA0.1_BETA0.9,0.1,0.9,300,0.77428,0.63911,0.12003,0.87111,0.75614,0.05466,0.05454,0.0016,0.01323,0.55
16,57,hybrid,HYBRID_ALPHA0.2_BETA0.8,0.2,0.8,300,0.77386,0.64464,0.11858,0.85412,0.75279,0.05555,0.05688,0.00153,0.01295,0.5
16,57,hybrid,HYBRID_ALPHA0.3_BETA0.7,0.3,0.7,300,0.70817,0.60847,0.12104,0.83931,0.74649,0.06192,0.06122,0.00156,0.01345,0.55
16,57,hybrid,HYBRID_ALPHA0.4_BETA0.6,0.4,0.6,300,0.70034,0.60221,0.12094,0.83211,0.74485,0.06546,0.06273,0.00145,0.0136,0.525
16,57,hybrid,HYBRID_ALPHA0.5_BETA0.5,0.5,0.5,300,0.70002,0.60001,0.12438,0.82789,0.74349,0.06769,0.06502,0.0013,0.01369,0.55
16,57,hybrid,HYBRID_ALPHA0.6_BETA0.4,0.6,0.4,300,0.71439,0.6026,0.12372,0.82704,0.74306,0.07037,0.06698,0.00136,0.01309,0.525
16,57,hybrid,HYBRID_ALPHA0.7_BETA0.3,0.7,0.3,300,0.6756,0.58423,0.12451,0.81923,0.73872,0.06834,0.06774,0.00144,0.01339,0.525
16,57,hybrid,HYBRID_ALPHA0.8_BETA0.2,0.8,0.2,300,0.6736,0.58219,0.12614,0.81935,0.73984,0.07117,0.06754,0.00139,0.01348,0.575
16,57,hybrid,HYBRID_ALPHA0.9_BETA0.1,0.9,0.1,300,0.67267,0.58098,0.12713,0.80804,0.73447,0.07318,0.06857,0.00137,0.01296,0.6
16,57,hybrid,HYBRID_ALPHA0.1_BETA0.9,0.1,0.9,500,0.71137,0.59723,0.12413,0.98244,0.80615,0.05043,0.04083,0.00212,0.01169,0.625
16,57,hybrid,HYBRID_ALPHA0.2_BETA0.8,0.2,0.8,500,0.68003,0.58481,0.11386,0.93991,0.79217,0.05352,0.04682,0.00204,0.01165,0.575
16,57,hybrid,HYBRID_ALPHA0.3_BETA0.7,0.3,0.7,500,0.69433,0.59145,0.11789,0.9129,0.78237,0.05557,0.05234,0.00199,0.01149,0.575
16,57,hybrid,HYBRID_ALPHA0.4_BETA0.6,0.4,0.6,500,0.69251,0.59071,0.11886,0.89206,0.77178,0.05688,0.05722,0.00192,0.01131,0.6
16,57,hybrid,HYBRID_ALPHA0.5_BETA0.5,0.5,0.5,500,0.68927,0.58847,0.11803,0.87204,0.76093,0.05697,0.06082,0.00187,0.01098,0.6
16,57,hybrid,HYBRID_ALPHA0.6_BETA0.4,0.6,0.4,500,0.68845,0.58542,0.12014,0.75872,0.69292,0.05836,0.06831,0.00161,0.00971,0.55
16,57,hybrid,HYBRID_ALPHA0.7_BETA0.3,0.7,0.3,500,0.68243,0.5823,0.11461,0.75571,0.68935,0.05978,0.07045,0.00166,0.00979,0.55
16,57,hybrid,HYBRID_ALPHA0.8_BETA0.2,0.8,0.2,500,0.67897,0.57963,0.11515,0.75196,0.68556,0.06038,0.07202,0.0017,0.00976,0.5
16,57,hybrid,HYBRID_ALPHA0.9_BETA0.1,0.9,0.1,500,0.67886,0.57951,0.11608,0.75032,0.68344,0.06134,0.07322,0.00175,0.00991,0.5
16,57,mse,MSE,1.0,0.0,50,0.9452,0.67721,0.18377,1.18467,0.79566,0.11196,0.06684,0.0019,0.01642,0.65
16,57,mse,MSE,1.0,0.0,100,0.83999,0.65008,0.13875,0.91387,0.76693,0.06052,0.09101,0.0036,0.0189,0.6
16,57,mse,MSE,1.0,0.0,300,0.67143,0.57938,0.12841,0.85125,0.76083,0.101,0.06753,0.00117,0.01478,0.6
16,57,mse,MSE,1.0,0.0,500,0.67755,0.57912,0.11605,0.74636,0.68152,0.06186,0.07392,0.00177,0.00977,0.525
17,58,hsic,HSIC,0.0,1.0,50,2.07427,0.89283,0.28581,3.85672,1.33449,0.24737,0.13028,0.00521,0.02937,0.75
17,58,hsic,HSIC,0.0,1.0,100,1.61052,0.95712,0.19313,1.20577,0.86104,0.04676,0.11248,0.00218,0.02863,0.675
17,58,hsic,HSIC,0.0,1.0,300,1.52275,0.95237,0.16689,4.20346,1.31053,0.08485,0.08086,0.00446,0.01126,0.675
17,58,hsic,HSIC,0.0,1.0,500,1.56289,0.91744,0.05838,4.22937,1.35386,0.24178,0.15116,0.00447,0.0256,0.575
17,58,hybrid,HYBRID_ALPHA0.1_BETA0.9,0.1,0.9,50,2.06915,0.89106,0.28601,3.53994,1.3177,0.27437,0.13265,0.00521,0.02936,0.7
17,58,hybrid,HYBRID_ALPHA0.2_BETA0.8,0.2,0.8,50,0.99164,0.65235,0.1362,3.48093,1.31072,0.2732,0.13134,0.00405,0.02118,0.725
17,58,hybrid,HYBRID_ALPHA0.3_BETA0.7,0.3,0.7,50,0.94356,0.64966,0.14031,3.37065,1.29747,0.27117,0.12853,0.0041,0.02063,0.625
17,58,hybrid,HYBRID_ALPHA0.4_BETA0.6,0.4,0.6,50,0.89044,0.63478,0.13845,3.05047,1.25825,0.26595,0.12041,0.00402,0.01905,0.6
17,58,hybrid,HYBRID_ALPHA0.5_BETA0.5,0.5,0.5,50,0.92827,0.66127,0.13485,2.2684,1.14396,0.25388,0.09945,0.00369,0.01796,0.525
17,58,hybrid,HYBRID_ALPHA0.6_BETA0.4,0.6,0.4,50,0.92941,0.65265,0.13821,1.99231,1.09827,0.25366,0.08985,0.00363,0.01763,0.575
17,58,hybrid,HYBRID_ALPHA0.7_BETA0.3,0.7,0.3,50,0.92422,0.64216,0.14227,1.95848,1.09166,0.23984,0.09049,0.004,0.01687,0.55
17,58,hybrid,HYBRID_ALPHA0.8_BETA0.2,0.8,0.2,50,0.9176,0.6356,0.14544,0.824,0.75192,0.10212,0.06184,0.00163,0.0186,0.55
17,58,hybrid,HYBRID_ALPHA0.9_BETA0.1,0.9,0.1,50,0.9216,0.6378,0.1456,0.84983,0.76512,0.10724,0.06473,0.00181,0.02082,0.55
17,58,hybrid,HYBRID_ALPHA0.1_BETA0.9,0.1,0.9,100,1.05239,0.71362,0.17853,1.08844,0.79006,0.06225,0.10952,0.00246,0.02779,0.675
17,58,hybrid,HYBRID_ALPHA0.2_BETA0.8,0.2,0.8,100,1.07393,0.70975,0.19273,1.16425,0.81343,0.07429,0.09733,0.0024,0.03218,0.725
17,58,hybrid,HYBRID_ALPHA0.3_BETA0.7,0.3,0.7,100,1.06234,0.71635,0.19227,1.09989,0.79724,0.06317,0.12645,0.00309,0.03094,0.7
17,58,hybrid,HYBRID_ALPHA0.4_BETA0.6,0.4,0.6,100,1.0501,0.7165,0.19108,1.10949,0.80166,0.06443,0.12843,0.00331,0.03165,0.7
17,58,hybrid,HYBRID_ALPHA0.5_BETA0.5,0.5,0.5,100,1.054,0.72069,0.19334,1.12873,0.81068,0.05976,0.13532,0.00365,0.03227,0.675
17,58,hybrid,HYBRID_ALPHA0.6_BETA0.4,0.6,0.4,100,0.9912,0.69981,0.17873,1.11595,0.80441,0.06134,0.14048,0.00393,0.03418,0.65
17,58,hybrid,HYBRID_ALPHA0.7_BETA0.3,0.7,0.3,100,0.98575,0.69958,0.17842,1.13773,0.80775,0.06317,0.1426,0.00406,0.0347,0.625
17,58,hybrid,HYBRID_ALPHA0.8_BETA0.2,0.8,0.2,100,0.98317,0.70024,0.17822,1.17735,0.81589,0.06395,0.14453,0.00415,0.03525,0.65
17,58,hybrid,HYBRID_ALPHA0.9_BETA0.1,0.9,0.1,100,0.98163,0.70208,0.17924,1.17044,0.80932,0.06583,0.14989,0.00416,0.03486,0.675
17,58,hybrid,HYBRID_ALPHA0.1_BETA0.9,0.1,0.9,300,0.93323,0.64557,0.13651,1.59385,0.95435,0.05867,0.13791,0.00353,0.01635,0.625
17,58,hybrid,HYBRID_ALPHA0.2_BETA0.8,0.2,0.8,300,0.84982,0.62677,0.13918,1.13144,0.85029,0.04021,0.0955,0.00344,0.01763,0.575
17,58,hybrid,HYBRID_ALPHA0.3_BETA0.7,0.3,0.7,300,0.91267,0.63719,0.134,0.89966,0.76793,0.03821,0.07271,0.0024,0.01748,0.6
17,58,hybrid,HYBRID_ALPHA0.4_BETA0.6,0.4,0.6,300,0.89695,0.63607,0.13196,0.86397,0.74532,0.05146,0.06496,0.00186,0.01844,0.525
17,58,hybrid,HYBRID_ALPHA0.5_BETA0.5,0.5,0.5,300,0.90293,0.63762,0.13171,0.84388,0.73454,0.05415,0.0636,0.00198,0.0185,0.525
17,58,hybrid,HYBRID_ALPHA0.6_BETA0.4,0.6,0.4,300,0.89503,0.63803,0.13056,0.83366,0.7268,0.05312,0.0631,0.00232,0.0179,0.575
17,58,hybrid,HYBRID_ALPHA0.7_BETA0.3,0.7,0.3,300,0.88815,0.63655,0.13009,0.79181,0.70239,0.06028,0.07993,0.00225,0.01859,0.55
17,58,hybrid,HYBRID_ALPHA0.8_BETA0.2,0.8,0.2,300,0.89865,0.6404,0.13144,0.78229,0.69733,0.05996,0.08185,0.00232,0.01922,0.65
17,58,hybrid,HYBRID_ALPHA0.9_BETA0.1,0.9,0.1,300,0.88214,0.63713,0.13045,0.78253,0.69932,0.06288,0.07967,0.00234,0.01866,0.6
17,58,hybrid,HYBRID_ALPHA0.1_BETA0.9,0.1,0.9,500,0.75905,0.68394,0.07238,3.11838,1.23983,0.23536,0.14069,0.00382,0.02027,0.525
17,58,hybrid,HYBRID_ALPHA0.2_BETA0.8,0.2,0.8,500,0.74974,0.60009,0.11506,0.82822,0.7306,0.06024,0.06734,0.00171,0.01484,0.5
17,58,hybrid,HYBRID_ALPHA0.3_BETA0.7,0.3,0.7,500,0.74772,0.5984,0.11611,0.80799,0.71967,0.06796,0.07231,0.00179,0.01506,0.55
17,58,hybrid,HYBRID_ALPHA0.4_BETA0.6,0.4,0.6,500,0.68072,0.58104,0.11167,0.79796,0.71201,0.07209,0.07566,0.00167,0.0151,0.5
17,58,hybrid,HYBRID_ALPHA0.5_BETA0.5,0.5,0.5,500,0.68144,0.58194,0.11119,0.79045,0.70504,0.07415,0.0784,0.00174,0.01535,0.5
17,58,hybrid,HYBRID_ALPHA0.6_BETA0.4,0.6,0.4,500,0.68492,0.58747,0.11401,0.7835,0.69709,0.0755,0.08138,0.00175,0.01511,0.5
17,58,hybrid,HYBRID_ALPHA0.7_BETA0.3,0.7,0.3,500,0.67847,0.58575,0.1128,0.7795,0.69116,0.07558,0.08303,0.00177,0.01541,0.525
17,58,hybrid,HYBRID_ALPHA0.8_BETA0.2,0.8,0.2,500,0.68673,0.58702,0.11457,0.77723,0.68754,0.0754,0.08432,0.00193,0.0157,0.525
17,58,hybrid,HYBRID_ALPHA0.9_BETA0.1,0.9,0.1,500,0.6854,0.58558,0.11536,0.78735,0.69237,0.07715,0.08463,0.00195,0.01589,0.5
17,58,mse,MSE,1.0,0.0,50,0.91839,0.63823,0.14559,0.86357,0.77396,0.1115,0.06628,0.00182,0.0214,0.575
17,58,mse,MSE,1.0,0.0,100,0.97799,0.70564,0.17949,1.17724,0.81205,0.06676,0.14908,0.00419,0.03522,0.65
17,58,mse,MSE,1.0,0.0,300,0.88307,0.63695,0.1309,0.78034,0.69974,0.06247,0.07812,0.00251,0.01859,0.625
17,58,mse,MSE,1.0,0.0,500,0.68399,0.58249,0.11931,0.7636,0.68172,0.08907,0.09035,0.00192,0.01712,0.55
18,59,hsic,HSIC,0.0,1.0,50,1.80185,1.13081,0.12819,4.18153,1.31615,0.18682,0.14919,0.00383,0.01717,0.6
18,59,hsic,HSIC,0.0,1.0,100,1.41907,0.9278,0.14037,4.35518,1.36452,0.23999,0.14443,0.00431,0.03905,0.525
18,59,hsic,HSIC,0.0,1.0,300,1.7965,1.07792,0.1506,2.15524,1.18707,0.0401,0.09319,0.00292,0.01072,0.575
18,59,hsic,HSIC,0.0,1.0,500,1.51254,0.96143,0.1866,4.07218,1.29518,0.04503,0.09461,0.00441,0.00745,0.55
18,59,hybrid,HYBRID_ALPHA0.1_BETA0.9,0.1,0.9,50,0.77738,0.64435,0.11908,1.57635,0.95866,0.08924,0.14833,0.00281,0.01775,0.575
18,59,hybrid,HYBRID_ALPHA0.2_BETA0.8,0.2,0.8,50,0.75401,0.62534,0.12409,1.52982,0.96045,0.09821,0.11655,0.0034,0.0238,0.55
18,59,hybrid,HYBRID_ALPHA0.3_BETA0.7,0.3,0.7,50,0.69275,0.60568,0.113,1.99255,1.01086,0.09566,0.10706,0.00249,0.02541,0.6
18,59,hybrid,HYBRID_ALPHA0.4_BETA0.6,0.4,0.6,50,0.81354,0.63768,0.12481,2.1476,1.01432,0.09896,0.09874,0.00368,0.02375,0.6
18,59,hybrid,HYBRID_ALPHA0.5_BETA0.5,0.5,0.5,50,0.80621,0.63062,0.1292,2.45805,1.03353,0.09997,0.09448,0.00373,0.02354,0.6
18,59,hybrid,HYBRID_ALPHA0.6_BETA0.4,0.6,0.4,50,0.88472,0.64447,0.12802,2.57828,1.0333,0.09476,0.09336,0.00381,0.02311,0.575
18,59,hybrid,HYBRID_ALPHA0.7_BETA0.3,0.7,0.3,50,0.91335,0.65417,0.13823,2.89097,1.05404,0.11391,0.08891,0.00355,0.02502,0.65
18,59,hybrid,HYBRID_ALPHA0.8_BETA0.2,0.8,0.2,50,0.95346,0.65753,0.13588,3.04434,1.05115,0.11828,0.08957,0.00381,0.02472,0.575
18,59,hybrid,HYBRID_ALPHA0.9_BETA0.1,0.9,0.1,50,0.92788,0.65564,0.13187,2.65814,1.03699,0.10568,0.09405,0.00359,0.02558,0.6
18,59,hybrid,HYBRID_ALPHA0.1_BETA0.9,0.1,0.9,100,1.33493,0.82502,0.25555,1.04531,0.83986,0.1104,0.04339,0.00306,0.02921,0.625
18,59,hybrid,HYBRID_ALPHA0.2_BETA0.8,0.2,0.8,100,0.9641,0.69743,0.14644,1.08813,0.84604,0.09433,0.04347,0.00235,0.01598,0.6
18,59,hybrid,HYBRID_ALPHA0.3_BETA0.7,0.3,0.7,100,0.97435,0.69994,0.14984,1.06903,0.82878,0.07229,0.04554,0.00242,0.0145,0.6
18,59,hybrid,HYBRID_ALPHA0.4_BETA0.6,0.4,0.6,100,0.98666,0.69243,0.14767,0.96401,0.78672,0.06328,0.04896,0.00198,0.01447,0.7
18,59,hybrid,HYBRID_ALPHA0.5_BETA0.5,0.5,0.5,100,0.99414,0.69245,0.15002,0.9155,0.76814,0.06159,0.05169,0.00197,0.0149,0.625
18,59,hybrid,HYBRID_ALPHA0.6_BETA0.4,0.6,0.4,100,0.98394,0.6917,0.14575,0.88668,0.75655,0.06161,0.05405,0.00174,0.01441,0.575
18,59,hybrid,HYBRID_ALPHA0.7_BETA0.3,0.7,0.3,100,0.98598,0.69306,0.14866,0.87064,0.74984,0.06098,0.0556,0.00165,0.01438,0.625
18,59,hybrid,HYBRID_ALPHA0.8_BETA0.2,0.8,0.2,100,0.9799,0.69175,0.14826,0.91336,0.76408,0.04317,0.05623,0.0022,0.01326,0.625
18,59,hybrid,HYBRID_ALPHA0.9_BETA0.1,0.9,0.1,100,0.96627,0.68933,0.14664,0.90763,0.76476,0.049,0.05626,0.00215,0.01423,0.625
18,59,hybrid,HYBRID_ALPHA0.1_BETA0.9,0.1,0.9,300,0.84567,0.63311,0.14279,1.03017,0.8215,0.02356,0.0793,0.00238,0.00897,0.55
18,59,hybrid,HYBRID_ALPHA0.2_BETA0.8,0.2,0.8,300,0.82842,0.63197,0.14453,0.89734,0.77138,0.04257,0.05176,0.00235,0.01065,0.675
18,59,hybrid,HYBRID_ALPHA0.3_BETA0.7,0.3,0.7,300,0.8478,0.6378,0.14641,0.88277,0.76551,0.04385,0.056,0.00232,0.01054,0.575
18,59,hybrid,HYBRID_ALPHA0.4_BETA0.6,0.4,0.6,300,0.84759,0.63768,0.14665,0.91848,0.7519,0.04006,0.05401,0.00311,0.00997,0.55
18,59,hybrid,HYBRID_ALPHA0.5_BETA0.5,0.5,0.5,300,0.85042,0.63952,0.1468,0.88693,0.74359,0.03975,0.05543,0.00304,0.01036,0.575
18,59,hybrid,HYBRID_ALPHA0.6_BETA0.4,0.6,0.4,300,0.88393,0.64898,0.15078,0.87803,0.74502,0.04424,0.05044,0.00271,0.01069,0.575
18,59,hybrid,HYBRID_ALPHA0.7_BETA0.3,0.7,0.3,300,0.85512,0.64144,0.14591,0.85928,0.73801,0.04361,0.05252,0.00276,0.01064,0.625
18,59,hybrid,HYBRID_ALPHA0.8_BETA0.2,0.8,0.2,300,0.85421,0.6408,0.14551,0.84788,0.73482,0.04307,0.05502,0.00285,0.01064,0.575
18,59,hybrid,HYBRID_ALPHA0.9_BETA0.1,0.9,0.1,300,0.84934,0.63922,0.14565,0.84463,0.73074,0.04237,0.05887,0.00304,0.01057,0.575
18,59,hybrid,HYBRID_ALPHA0.1_BETA0.9,0.1,0.9,500,0.79578,0.63115,0.1537,0.91746,0.77269,0.03029,0.06524,0.00183,0.00894,0.525
18,59,hybrid,HYBRID_ALPHA0.2_BETA0.8,0.2,0.8,500,0.70486,0.59268,0.13335,0.84057,0.73772,0.04549,0.05629,0.00154,0.0111,0.55
18,59,hybrid,HYBRID_ALPHA0.3_BETA0.7,0.3,0.7,500,0.70571,0.59544,0.13638,0.84713,0.74407,0.02048,0.04992,0.00147,0.01022,0.575
18,59,hybrid,HYBRID_ALPHA0.4_BETA0.6,0.4,0.6,500,0.71792,0.59605,0.1393,0.81531,0.72755,0.02569,0.05354,0.00155,0.01075,0.575
18,59,hybrid,HYBRID_ALPHA0.5_BETA0.5,0.5,0.5,500,0.70922,0.59321,0.13992,0.78469,0.71256,0.03598,0.06167,0.00174,0.0112,0.6
18,59,hybrid,HYBRID_ALPHA0.6_BETA0.4,0.6,0.4,500,0.70497,0.59471,0.14159,0.76222,0.69892,0.04671,0.06929,0.00186,0.01175,0.575
18,59,hybrid,HYBRID_ALPHA0.7_BETA0.3,0.7,0.3,500,0.70309,0.595,0.14138,0.75043,0.6916,0.05404,0.07356,0.00184,0.01199,0.55
18,59,hybrid,HYBRID_ALPHA0.8_BETA0.2,0.8,0.2,500,0.70209,0.59517,0.14137,0.74433,0.68696,0.0587,0.07612,0.0018,0.0122,0.55
18,59,hybrid,HYBRID_ALPHA0.9_BETA0.1,0.9,0.1,500,0.70158,0.59303,0.1404,0.74166,0.68432,0.06176,0.07774,0.0018,0.01236,0.55
18,59,mse,MSE,1.0,0.0,50,0.96933,0.66272,0.13331,1.27545,0.91193,0.06695,0.09663,0.00286,0.02848,0.7
18,59,mse,MSE,1.0,0.0,100,1.03413,0.70251,0.15588,0.91003,0.76042,0.04708,0.05955,0.00252,0.01498,0.625
18,59,mse,MSE,1.0,0.0,300,0.84149,0.63714,0.14531,1.64092,1.02789,0.22667,0.09308,0.00391,0.01219,0.625
18,59,mse,MSE,1.0,0.0,500,0.706,0.59274,0.13966,0.73993,0.68281,0.06368,0.07878,0.00185,0.01252,0.5
19,60,hsic,HSIC,0.0,1.0,50,1.94943,0.88065,0.28792,1.11236,0.88578,0.15489,0.07741,0.00327,0.0215,0.65
19,60,hsic,HSIC,0.0,1.0,100,1.75979,0.88859,0.243,0.93479,0.77462,0.04793,0.05107,0.00238,0.01728,0.625
19,60,hsic,HSIC,0.0,1.0,300,1.85417,1.122,0.14543,4.4704,1.28246,0.11115,0.05477,0.00415,0.02297,0.625
19,60,hsic,HSIC,0.0,1.0,500,1.20105,0.85366,0.06393,4.34675,1.37228,0.05735,0.07982,0.00376,0.0371,0.625
19,60,hybrid,HYBRID_ALPHA0.1_BETA0.9,0.1,0.9,50,0.92371,0.67013,0.18233,1.08788,0.86338,0.1662,0.0737,0.00332,0.01457,0.575
19,60,hybrid,HYBRID_ALPHA0.2_BETA0.8,0.2,0.8,50,0.91321,0.66492,0.16344,1.11628,0.83956,0.14838,0.06979,0.00316,0.01141,0.625
19,60,hybrid,HYBRID_ALPHA0.3_BETA0.7,0.3,0.7,50,0.83728,0.6416,0.15339,1.07396,0.82964,0.149,0.07182,0.00291,0.01166,0.625
19,60,hybrid,HYBRID_ALPHA0.4_BETA0.6,0.4,0.6,50,1.05878,0.70558,0.1969,1.01973,0.80792,0.14283,0.07071,0.00229,0.01123,0.675
19,60,hybrid,HYBRID_ALPHA0.5_BETA0.5,0.5,0.5,50,0.946,0.67943,0.18208,1.00694,0.80378,0.13449,0.07448,0.00316,0.0108,0.65
19,60,hybrid,HYBRID_ALPHA0.6_BETA0.4,0.6,0.4,50,0.91715,0.67679,0.17745,1.00289,0.80595,0.13593,0.07365,0.00322,0.01073,0.625
19,60,hybrid,HYBRID_ALPHA0.7_BETA0.3,0.7,0.3,50,0.91406,0.67741,0.17916,1.00222,0.80764,0.13242,0.07427,0.003,0.01037,0.625
19,60,hybrid,HYBRID_ALPHA0.8_BETA0.2,0.8,0.2,50,0.91326,0.68227,0.18167,1.07109,0.83948,0.15857,0.07381,0.00343,0.01157,0.725
19,60,hybrid,HYBRID_ALPHA0.9_BETA0.1,0.9,0.1,50,0.93043,0.6872,0.17765,1.10132,0.85297,0.16358,0.07368,0.0036,0.01314,0.65
19,60,hybrid,HYBRID_ALPHA0.1_BETA0.9,0.1,0.9,100,1.33919,0.82646,0.2569,0.87967,0.74329,0.05256,0.05782,0.00229,0.01855,0.6
19,60,hybrid,HYBRID_ALPHA0.2_BETA0.8,0.2,0.8,100,1.27019,0.78536,0.23929,0.92413,0.77243,0.03654,0.06825,0.00336,0.01746,0.625
19,60,hybrid,HYBRID_ALPHA0.3_BETA0.7,0.3,0.7,100,1.27386,0.79721,0.24381,0.86218,0.7342,0.05676,0.05657,0.00214,0.01726,0.575
19,60,hybrid,HYBRID_ALPHA0.4_BETA0.6,0.4,0.6,100,1.26548,0.80218,0.24431,0.84199,0.73028,0.0545,0.06156,0.00214,0.01758,0.6
19,60,hybrid,HYBRID_ALPHA0.5_BETA0.5,0.5,0.5,100,0.89272,0.69576,0.13875,0.83645,0.7267,0.05387,0.06259,0.0023,0.01461,0.625
19,60,hybrid,HYBRID_ALPHA0.6_BETA0.4,0.6,0.4,100,0.8986,0.68909,0.14449,0.83026,0.72362,0.05423,0.06529,0.00234,0.01519,0.625
19,60,hybrid,HYBRID_ALPHA0.7_BETA0.3,0.7,0.3,100,0.89869,0.69187,0.15669,0.82979,0.72128,0.05445,0.06715,0.00238,0.01476,0.65
19,60,hybrid,HYBRID_ALPHA0.8_BETA0.2,0.8,0.2,100,0.86539,0.66724,0.13916,0.83784,0.72305,0.05892,0.07195,0.00231,0.01452,0.625
19,60,hybrid,HYBRID_ALPHA0.9_BETA0.1,0.9,0.1,100,0.85333,0.65603,0.13086,0.83892,0.72045,0.05829,0.07237,0.00221,0.01455,0.575
19,60,hybrid,HYBRID_ALPHA0.1_BETA0.9,0.1,0.9,300,0.85355,0.64357,0.14758,0.97811,0.814,0.06259,0.04127,0.0029,0.012,0.675
19,60,hybrid,HYBRID_ALPHA0.2_BETA0.8,0.2,0.8,300,0.84059,0.64107,0.14638,0.92127,0.79948,0.05815,0.04328,0.00253,0.01149,0.6
19,60,hybrid,HYBRID_ALPHA0.3_BETA0.7,0.3,0.7,300,0.78074,0.62012,0.13464,0.89111,0.78624,0.05758,0.04732,0.00197,0.0115,0.6
19,60,hybrid,HYBRID_ALPHA0.4_BETA0.6,0.4,0.6,300,0.82635,0.647,0.1505,0.8807,0.78281,0.06311,0.05052,0.00221,0.01182,0.6
19,60,hybrid,HYBRID_ALPHA0.5_BETA0.5,0.5,0.5,300,0.82923,0.64428,0.15094,0.87636,0.78176,0.07072,0.05287,0.00213,0.01227,0.65
19,60,hybrid,HYBRID_ALPHA0.6_BETA0.4,0.6,0.4,300,0.80385,0.64246,0.14957,0.86628,0.77565,0.06978,0.05481,0.0019,0.0123,0.55
19,60,hybrid,HYBRID_ALPHA0.7_BETA0.3,0.7,0.3,300,0.7847,0.63702,0.14855,0.85914,0.77179,0.07036,0.05659,0.00174,0.01228,0.6
19,60,hybrid,HYBRID_ALPHA0.8_BETA0.2,0.8,0.2,300,0.79218,0.63989,0.14829,0.79458,0.73095,0.07285,0.06697,0.002,0.01172,0.625
19,60,hybrid,HYBRID_ALPHA0.9_BETA0.1,0.9,0.1,300,0.77879,0.63575,0.14746,0.77556,0.71509,0.06999,0.0697,0.002,0.01103,0.575
19,60,hybrid,HYBRID_ALPHA0.1_BETA0.9,0.1,0.9,500,0.74417,0.61106,0.13999,0.91386,0.76523,0.05707,0.05796,0.00176,0.01061,0.6
19,60,hybrid,HYBRID_ALPHA0.2_BETA0.8,0.2,0.8,500,0.74327,0.60693,0.1424,0.89378,0.75785,0.06015,0.06198,0.00169,0.0107,0.625
19,60,hybrid,HYBRID_ALPHA0.3_BETA0.7,0.3,0.7,500,0.74087,0.60873,0.14189,0.88136,0.7531,0.065,0.06519,0.00168,0.01092,0.6
19,60,hybrid,HYBRID_ALPHA0.4_BETA0.6,0.4,0.6,500,0.72144,0.60801,0.14143,0.87172,0.75179,0.07013,0.06694,0.00153,0.01137,0.625
19,60,hybrid,HYBRID_ALPHA0.5_BETA0.5,0.5,0.5,500,0.65708,0.58121,0.11858,0.86593,0.75224,0.0754,0.06784,0.00163,0.01195,0.575
19,60,hybrid,HYBRID_ALPHA0.6_BETA0.4,0.6,0.4,500,0.65716,0.58218,0.11938,0.86327,0.75381,0.08137,0.06872,0.00165,0.01224,0.625
19,60,hybrid,HYBRID_ALPHA0.7_BETA0.3,0.7,0.3,500,0.65741,0.58286,0.12026,0.80172,0.71667,0.05855,0.07325,0.0016,0.01161,0.625
19,60,hybrid,HYBRID_ALPHA0.8_BETA0.2,0.8,0.2,500,0.65887,0.58386,0.12213,0.79733,0.71365,0.05823,0.07336,0.00159,0.01177,0.575
19,60,hybrid,HYBRID_ALPHA0.9_BETA0.1,0.9,0.1,500,0.65974,0.58383,0.12355,0.79467,0.71179,0.05716,0.07289,0.00157,0.01188,0.525
19,60,mse,MSE,1.0,0.0,50,0.99585,0.69394,0.17255,3.96232,1.07572,0.17136,0.06292,0.00351,0.01267,0.725
19,60,mse,MSE,1.0,0.0,100,0.85825,0.65662,0.13139,0.83739,0.71888,0.06218,0.07184,0.00215,0.0147,0.5
19,60,mse,MSE,1.0,0.0,300,0.77115,0.6335,0.14646,0.86813,0.77987,0.09155,0.05798,0.00151,0.01323,0.675
19,60,mse,MSE,1.0,0.0,500,0.65926,0.58344,0.12374,0.78918,0.70892,0.05919,0.07374,0.00157,0.01191,0.55
20,61,hsic,HSIC,0.0,1.0,50,2.07478,0.8937,0.28703,3.98116,1.27071,0.14008,0.16966,0.00385,0.01447,0.675
20,61,hsic,HSIC,0.0,1.0,100,1.85556,0.87179,0.29323,4.0661,1.34766,0.25897,0.13581,0.00494,0.02501,0.7
20,61,hsic,HSIC,0.0,1.0,300,1.55843,0.89575,0.09785,4.15208,1.27517,0.08259,0.05797,0.00432,0.01692,0.675
20,61,hsic,HSIC,0.0,1.0,500,1.77881,1.05942,0.06118,4.15484,1.32172,0.04351,0.05579,0.00411,0.0335,0.7
20,61,hybrid,HYBRID_ALPHA0.1_BETA0.9,0.1,0.9,50,1.18519,0.73664,0.20334,1.44037,0.89277,0.0585,0.1213,0.00328,0.01095,0.525
20,61,hybrid,HYBRID_ALPHA0.2_BETA0.8,0.2,0.8,50,17.60844,1.11795,0.22721,0.94887,0.77856,0.03678,0.0276,0.00386,0.01582,0.6
20,61,hybrid,HYBRID_ALPHA0.3_BETA0.7,0.3,0.7,50,2.81409,0.8459,0.22272,0.9846,0.78456,0.05139,0.04132,0.0013,0.01558,0.575
20,61,hybrid,HYBRID_ALPHA0.4_BETA0.6,0.4,0.6,50,1.26201,0.76508,0.22967,1.46347,0.87876,0.04096,0.04903,0.00213,0.01681,0.65
20,61,hybrid,HYBRID_ALPHA0.5_BETA0.5,0.5,0.5,50,1.22555,0.76481,0.2286,1.81774,0.93437,0.04479,0.06023,0.00222,0.01761,0.675
20,61,hybrid,HYBRID_ALPHA0.6_BETA0.4,0.6,0.4,50,1.22206,0.76456,0.22508,0.85841,0.74541,0.04292,0.04701,0.00289,0.01854,0.65
20,61,hybrid,HYBRID_ALPHA0.7_BETA0.3,0.7,0.3,50,1.21606,0.76102,0.22192,1.56153,0.9022,0.05257,0.08902,0.00368,0.02002,0.675
20,61,hybrid,HYBRID_ALPHA0.8_BETA0.2,0.8,0.2,50,1.2235,0.76306,0.2238,0.97569,0.80277,0.03675,0.03912,0.00191,0.02031,0.6
20,61,hybrid,HYBRID_ALPHA0.9_BETA0.1,0.9,0.1,50,1.23325,0.76501,0.22574,0.83968,0.74903,0.05793,0.06474,0.00251,0.0208,0.7
20,61,hybrid,HYBRID_ALPHA0.1_BETA0.9,0.1,0.9,100,0.70068,0.60062,0.14432,1.08387,0.83433,0.07212,0.07025,0.00254,0.01797,0.6
20,61,hybrid,HYBRID_ALPHA0.2_BETA0.8,0.2,0.8,100,0.84418,0.62403,0.15322,1.01097,0.81437,0.07298,0.05796,0.00291,0.01594,0.575
20,61,hybrid,HYBRID_ALPHA0.3_BETA0.7,0.3,0.7,100,1.06282,0.64663,0.14384,0.98251,0.80557,0.06325,0.0522,0.00264,0.01651,0.6
20,61,hybrid,HYBRID_ALPHA0.4_BETA0.6,0.4,0.6,100,0.73841,0.58177,0.13146,0.89694,0.7756,0.04826,0.05914,0.0023,0.01368,0.575
20,61,hybrid,HYBRID_ALPHA0.5_BETA0.5,0.5,0.5,100,0.75337,0.58266,0.12427,0.92459,0.77772,0.08559,0.06346,0.00199,0.01677,0.575
20,61,hybrid,HYBRID_ALPHA0.6_BETA0.4,0.6,0.4,100,0.75089,0.58314,0.12578,0.90021,0.76491,0.06719,0.06632,0.00232,0.01596,0.675
20,61,hybrid,HYBRID_ALPHA0.7_BETA0.3,0.7,0.3,100,0.75461,0.58197,0.12293,0.88972,0.76117,0.06906,0.06876,0.00225,0.01615,0.575
20,61,hybrid,HYBRID_ALPHA0.8_BETA0.2,0.8,0.2,100,0.75792,0.58394,0.12461,0.88546,0.76,0.07043,0.06964,0.00226,0.01638,0.5
20,61,hybrid,HYBRID_ALPHA0.9_BETA0.1,0.9,0.1,100,0.74532,0.5812,0.12357,0.87674,0.75638,0.06999,0.07058,0.00222,0.01642,0.55
20,61,hybrid,HYBRID_ALPHA0.1_BETA0.9,0.1,0.9,300,0.92295,0.74402,0.10156,0.92178,0.80949,0.04495,0.02279,0.00124,0.01015,0.65
20,61,hybrid,HYBRID_ALPHA0.2_BETA0.8,0.2,0.8,300,0.77054,0.61879,0.13497,0.87819,0.78756,0.05005,0.02847,0.00176,0.0136,0.55
20,61,hybrid,HYBRID_ALPHA0.3_BETA0.7,0.3,0.7,300,0.72667,0.59804,0.13476,0.8511,0.77095,0.05538,0.03544,0.0019,0.01369,0.55
20,61,hybrid,HYBRID_ALPHA0.4_BETA0.6,0.4,0.6,300,0.72518,0.59991,0.13353,0.83082,0.75928,0.06258,0.04143,0.00201,0.014,0.55
20,61,hybrid,HYBRID_ALPHA0.5_BETA0.5,0.5,0.5,300,0.72789,0.59961,0.13268,0.81205,0.74786,0.07162,0.04683,0.00203,0.01391,0.55
20,61,hybrid,HYBRID_ALPHA0.6_BETA0.4,0.6,0.4,300,0.71139,0.59525,0.13065,0.80058,0.74047,0.07863,0.05064,0.00194,0.01432,0.525
20,61,hybrid,HYBRID_ALPHA0.7_BETA0.3,0.7,0.3,300,0.72072,0.60437,0.13289,0.79451,0.73735,0.0837,0.05371,0.00205,0.01487,0.525
20,61,hybrid,HYBRID_ALPHA0.8_BETA0.2,0.8,0.2,300,0.71991,0.60384,0.13301,0.79258,0.73602,0.08719,0.05582,0.00208,0.01502,0.6
20,61,hybrid,HYBRID_ALPHA0.9_BETA0.1,0.9,0.1,300,0.71623,0.60274,0.13209,0.79219,0.73528,0.09209,0.05758,0.00201,0.01511,0.55
20,61,hybrid,HYBRID_ALPHA0.1_BETA0.9,0.1,0.9,500,0.94288,0.79181,0.07524,0.93525,0.77547,0.02886,0.05218,0.00123,0.00814,0.55
20,61,hybrid,HYBRID_ALPHA0.2_BETA0.8,0.2,0.8,500,0.78394,0.68046,0.09867,0.85685,0.7477,0.0403,0.05583,0.00112,0.00737,0.55
20,61,hybrid,HYBRID_ALPHA0.3_BETA0.7,0.3,0.7,500,0.70044,0.60303,0.13218,0.83219,0.73472,0.04729,0.06045,0.00148,0.00894,0.5
20,61,hybrid,HYBRID_ALPHA0.4_BETA0.6,0.4,0.6,500,0.68993,0.59652,0.12559,0.8188,0.7269,0.05139,0.065,0.00146,0.00913,0.5
20,61,hybrid,HYBRID_ALPHA0.5_BETA0.5,0.5,0.5,500,0.68414,0.59419,0.12375,0.80739,0.7213,0.05562,0.06835,0.0015,0.00943,0.525
20,61,hybrid,HYBRID_ALPHA0.6_BETA0.4,0.6,0.4,500,0.67932,0.59,0.12393,0.79792,0.7172,0.05942,0.07066,0.00153,0.00984,0.525
20,61,hybrid,HYBRID_ALPHA0.7_BETA0.3,0.7,0.3,500,0.67393,0.58867,0.11841,0.78929,0.71341,0.06355,0.07231,0.00155,0.01008,0.525
20,61,hybrid,HYBRID_ALPHA0.8_BETA0.2,0.8,0.2,500,0.666,0.58468,0.11564,0.76258,0.70095,0.06829,0.07446,0.00158,0.0109,0.55
20,61,hybrid,HYBRID_ALPHA0.9_BETA0.1,0.9,0.1,500,0.66836,0.58532,0.11644,0.79854,0.72736,0.06875,0.07078,0.00156,0.01105,0.525
20,61,mse,MSE,1.0,0.0,50,1.25108,0.76937,0.22769,0.85627,0.75387,0.0637,0.06576,0.00264,0.02098,0.55
20,61,mse,MSE,1.0,0.0,100,0.74045,0.57553,0.11741,0.88178,0.7599,0.07613,0.07175,0.00207,0.0168,0.55
20,61,mse,MSE,1.0,0.0,300,0.71354,0.60174,0.13201,0.79288,0.73539,0.09468,0.05902,0.002,0.01528,0.525
20,61,mse,MSE,1.0,0.0,500,0.67193,0.58747,0.11696,0.79317,0.72451,0.07102,0.07161,0.00155,0.01101,0.575
