Experiment,Seed,Loss,Conf,Alpha,Beta,N,MSE Y,MAE Y,"HSIC(Y,X)",MSE Z,MAE Z,"HSIC(Z,X)","HSIC(Z,Y)",dHSIC Total,MMD,RF Acc
1,42,hsic,HSIC,0.0,1.0,50,0.83389,0.73418,0.12878,1.25805,0.9216,0.27327,0.03754,0.00489,0.0272,0.65
1,42,hsic,HSIC,0.0,1.0,100,0.89981,0.73522,0.06947,1.14447,0.88359,0.15987,0.02368,0.00473,0.01359,0.675
1,42,hsic,HSIC,0.0,1.0,300,0.79113,0.64175,0.17689,1.09447,0.85808,0.03232,0.05895,0.00314,0.01037,0.625
1,42,hsic,HSIC,0.0,1.0,500,0.71513,0.72784,0.0283,1.23916,0.91513,0.27095,0.03577,0.00404,0.03271,0.675
1,42,hybrid,HYBRID_ALPHA0.1_BETA0.9,0.1,0.9,50,0.48204,0.53442,0.12627,0.83197,0.75926,0.05897,0.08296,0.00271,0.01423,0.575
1,42,hybrid,HYBRID_ALPHA0.2_BETA0.8,0.2,0.8,50,0.49746,0.55678,0.11354,0.7658,0.72081,0.02407,0.10644,0.00261,0.00899,0.7
1,42,hybrid,HYBRID_ALPHA0.3_BETA0.7,0.3,0.7,50,0.48661,0.55554,0.11174,0.73918,0.71131,0.022,0.09646,0.0028,0.00905,0.725
1,42,hybrid,HYBRID_ALPHA0.4_BETA0.6,0.4,0.6,50,0.51027,0.56733,0.11183,0.74197,0.71016,0.02261,0.10724,0.00318,0.0094,0.65
1,42,hybrid,HYBRID_ALPHA0.5_BETA0.5,0.5,0.5,50,0.4968,0.56214,0.11037,0.7524,0.70461,0.0278,0.11292,0.00315,0.00946,0.65
1,42,hybrid,HYBRID_ALPHA0.6_BETA0.4,0.6,0.4,50,0.511,0.56899,0.11168,0.737,0.69716,0.03329,0.11611,0.00305,0.01057,0.675
1,42,hybrid,HYBRID_ALPHA0.7_BETA0.3,0.7,0.3,50,0.50848,0.56533,0.11255,0.75925,0.69345,0.04846,0.1428,0.00225,0.01074,0.675
1,42,hybrid,HYBRID_ALPHA0.8_BETA0.2,0.8,0.2,50,0.49588,0.56305,0.11241,0.76901,0.69152,0.0452,0.13861,0.00252,0.01036,0.675
1,42,hybrid,HYBRID_ALPHA0.9_BETA0.1,0.9,0.1,50,0.53194,0.57664,0.1167,0.80241,0.69565,0.0433,0.14959,0.0025,0.01006,0.65
1,42,hybrid,HYBRID_ALPHA0.1_BETA0.9,0.1,0.9,100,0.56276,0.58379,0.16448,0.82566,0.75804,0.14236,0.06421,0.0029,0.01103,0.575
1,42,hybrid,HYBRID_ALPHA0.2_BETA0.8,0.2,0.8,100,0.46435,0.52032,0.1144,0.84698,0.75187,0.15199,0.0907,0.00277,0.01152,0.55
1,42,hybrid,HYBRID_ALPHA0.3_BETA0.7,0.3,0.7,100,0.44456,0.51634,0.11463,0.8684,0.76666,0.17756,0.07991,0.00307,0.01143,0.55
1,42,hybrid,HYBRID_ALPHA0.4_BETA0.6,0.4,0.6,100,0.47292,0.54287,0.11758,0.82269,0.7323,0.11592,0.10547,0.00261,0.01082,0.55
1,42,hybrid,HYBRID_ALPHA0.5_BETA0.5,0.5,0.5,100,0.46667,0.53483,0.11539,0.82443,0.73329,0.11576,0.1081,0.00273,0.01123,0.575
1,42,hybrid,HYBRID_ALPHA0.6_BETA0.4,0.6,0.4,100,0.46023,0.52849,0.11587,0.8235,0.7291,0.11587,0.11315,0.00276,0.01145,0.575
1,42,hybrid,HYBRID_ALPHA0.7_BETA0.3,0.7,0.3,100,0.47113,0.55432,0.13041,0.82607,0.72878,0.11667,0.11504,0.00272,0.01104,0.55
1,42,hybrid,HYBRID_ALPHA0.8_BETA0.2,0.8,0.2,100,0.47559,0.55573,0.12918,0.83215,0.73123,0.11891,0.11525,0.00274,0.01139,0.5
1,42,hybrid,HYBRID_ALPHA0.9_BETA0.1,0.9,0.1,100,0.47405,0.55139,0.12505,0.83707,0.73744,0.12603,0.10991,0.00288,0.01168,0.55
1,42,hybrid,HYBRID_ALPHA0.1_BETA0.9,0.1,0.9,300,0.59846,0.58714,0.17284,0.77085,0.72922,0.04548,0.08563,0.00226,0.00866,0.5
1,42,hybrid,HYBRID_ALPHA0.2_BETA0.8,0.2,0.8,300,0.5528,0.58774,0.16912,0.72553,0.70996,0.03337,0.08125,0.00245,0.00736,0.525
1,42,hybrid,HYBRID_ALPHA0.3_BETA0.7,0.3,0.7,300,0.52823,0.59031,0.16724,0.70216,0.69398,0.03395,0.08414,0.00233,0.00729,0.55
1,42,hybrid,HYBRID_ALPHA0.4_BETA0.6,0.4,0.6,300,0.51583,0.5914,0.16752,0.67853,0.68244,0.03499,0.08626,0.00232,0.00764,0.6
1,42,hybrid,HYBRID_ALPHA0.5_BETA0.5,0.5,0.5,300,0.51255,0.59372,0.16772,0.66086,0.67197,0.03637,0.08737,0.0022,0.00817,0.625
1,42,hybrid,HYBRID_ALPHA0.6_BETA0.4,0.6,0.4,300,0.52219,0.55588,0.11122,0.66487,0.6725,0.03437,0.08706,0.00223,0.00893,0.625
1,42,hybrid,HYBRID_ALPHA0.7_BETA0.3,0.7,0.3,300,0.52459,0.55418,0.10955,0.65692,0.66464,0.03508,0.08836,0.00209,0.00925,0.575
1,42,hybrid,HYBRID_ALPHA0.8_BETA0.2,0.8,0.2,300,0.52154,0.55071,0.11013,0.65784,0.66155,0.03577,0.08988,0.00202,0.00981,0.55
1,42,hybrid,HYBRID_ALPHA0.9_BETA0.1,0.9,0.1,300,0.51329,0.55028,0.11162,0.66396,0.66229,0.03671,0.09085,0.00199,0.00958,0.55
1,42,hybrid,HYBRID_ALPHA0.1_BETA0.9,0.1,0.9,500,0.42393,0.49856,0.1101,0.75089,0.7139,0.05833,0.06254,0.00238,0.01229,0.5
1,42,hybrid,HYBRID_ALPHA0.2_BETA0.8,0.2,0.8,500,0.4329,0.50676,0.11226,0.73601,0.70993,0.05363,0.08685,0.00278,0.00828,0.525
1,42,hybrid,HYBRID_ALPHA0.3_BETA0.7,0.3,0.7,500,0.43179,0.50991,0.1135,0.71277,0.69722,0.05028,0.08754,0.00255,0.00781,0.55
1,42,hybrid,HYBRID_ALPHA0.4_BETA0.6,0.4,0.6,500,0.43145,0.5028,0.11136,0.71589,0.68844,0.05153,0.08286,0.00225,0.00984,0.6
1,42,hybrid,HYBRID_ALPHA0.5_BETA0.5,0.5,0.5,500,0.4277,0.50284,0.11115,0.70745,0.6807,0.05203,0.08664,0.00225,0.00958,0.525
1,42,hybrid,HYBRID_ALPHA0.6_BETA0.4,0.6,0.4,500,0.4271,0.50876,0.11257,0.70697,0.67729,0.0524,0.0908,0.00222,0.0094,0.575
1,42,hybrid,HYBRID_ALPHA0.7_BETA0.3,0.7,0.3,500,0.43368,0.51567,0.11528,0.70965,0.67637,0.05306,0.0935,0.00226,0.0097,0.65
1,42,hybrid,HYBRID_ALPHA0.8_BETA0.2,0.8,0.2,500,0.42863,0.51668,0.11826,0.72152,0.67882,0.05297,0.09251,0.00235,0.00754,0.6
1,42,hybrid,HYBRID_ALPHA0.9_BETA0.1,0.9,0.1,500,0.43691,0.51236,0.11369,0.72187,0.67758,0.05426,0.09253,0.00238,0.00804,0.575
1,42,mse,MSE,1.0,0.0,50,0.50584,0.57721,0.11254,0.76951,0.69061,0.0444,0.13639,0.00268,0.01091,0.675
1,42,mse,MSE,1.0,0.0,100,0.52771,0.59055,0.17093,0.83084,0.72003,0.0921,0.12271,0.00261,0.01194,0.575
1,42,mse,MSE,1.0,0.0,300,0.51262,0.5418,0.10997,0.66358,0.6612,0.03785,0.09171,0.002,0.0097,0.55
1,42,mse,MSE,1.0,0.0,500,0.43708,0.51086,0.11355,0.71644,0.67648,0.05514,0.09357,0.00237,0.00951,0.6
2,43,hsic,HSIC,0.0,1.0,50,0.87312,0.6853,0.1825,0.85068,0.75427,0.14028,0.07937,0.00334,0.01672,0.6
2,43,hsic,HSIC,0.0,1.0,100,0.76917,0.62803,0.17648,0.95742,0.81881,0.07131,0.065,0.00278,0.01595,0.75
2,43,hsic,HSIC,0.0,1.0,300,0.81127,0.76631,0.05344,1.059,0.85093,0.06839,0.05937,0.00301,0.03602,0.75
2,43,hsic,HSIC,0.0,1.0,500,0.76925,0.74534,0.01753,1.2373,0.91551,0.079,0.05695,0.00378,0.02154,0.725
2,43,hybrid,HYBRID_ALPHA0.1_BETA0.9,0.1,0.9,50,0.42641,0.49544,0.12415,0.83949,0.74928,0.1474,0.08047,0.00341,0.01216,0.6
2,43,hybrid,HYBRID_ALPHA0.2_BETA0.8,0.2,0.8,50,0.4236,0.48763,0.12285,0.82889,0.7439,0.13516,0.08236,0.00344,0.01179,0.625
2,43,hybrid,HYBRID_ALPHA0.3_BETA0.7,0.3,0.7,50,0.423,0.48364,0.12227,0.82675,0.74306,0.13602,0.08305,0.00344,0.01178,0.525
2,43,hybrid,HYBRID_ALPHA0.4_BETA0.6,0.4,0.6,50,0.43796,0.50198,0.13033,0.84252,0.75085,0.142,0.08015,0.00349,0.012,0.575
2,43,hybrid,HYBRID_ALPHA0.5_BETA0.5,0.5,0.5,50,0.43943,0.5035,0.13151,0.83338,0.74656,0.13808,0.08076,0.00355,0.01248,0.55
2,43,hybrid,HYBRID_ALPHA0.6_BETA0.4,0.6,0.4,50,0.4339,0.49742,0.13096,0.82692,0.74251,0.1345,0.08208,0.00357,0.01161,0.575
2,43,hybrid,HYBRID_ALPHA0.7_BETA0.3,0.7,0.3,50,0.43534,0.49905,0.13165,0.8042,0.73277,0.12533,0.08108,0.00347,0.01229,0.55
2,43,hybrid,HYBRID_ALPHA0.8_BETA0.2,0.8,0.2,50,0.44368,0.51679,0.13687,0.78828,0.72716,0.12038,0.08164,0.00337,0.01156,0.6
2,43,hybrid,HYBRID_ALPHA0.9_BETA0.1,0.9,0.1,50,0.44585,0.51836,0.1345,0.78927,0.73065,0.12303,0.0806,0.00336,0.01191,0.675
2,43,hybrid,HYBRID_ALPHA0.1_BETA0.9,0.1,0.9,100,0.76875,0.62786,0.17649,0.7297,0.70328,0.06505,0.09787,0.00212,0.01417,0.675
2,43,hybrid,HYBRID_ALPHA0.2_BETA0.8,0.2,0.8,100,0.47892,0.53622,0.16333,0.76899,0.72435,0.09074,0.10346,0.00325,0.01027,0.625
2,43,hybrid,HYBRID_ALPHA0.3_BETA0.7,0.3,0.7,100,0.48043,0.54421,0.16482,0.74546,0.71306,0.07565,0.10097,0.0032,0.00907,0.65
2,43,hybrid,HYBRID_ALPHA0.4_BETA0.6,0.4,0.6,100,0.48463,0.54557,0.16063,0.72738,0.70083,0.07055,0.0998,0.00321,0.00863,0.65
2,43,hybrid,HYBRID_ALPHA0.5_BETA0.5,0.5,0.5,100,0.48348,0.54145,0.16003,0.71962,0.69741,0.07123,0.10039,0.00326,0.00899,0.625
2,43,hybrid,HYBRID_ALPHA0.6_BETA0.4,0.6,0.4,100,0.48313,0.5403,0.15985,0.71405,0.69599,0.07369,0.10155,0.00327,0.00897,0.65
2,43,hybrid,HYBRID_ALPHA0.7_BETA0.3,0.7,0.3,100,0.48548,0.53922,0.15825,0.71067,0.69475,0.07406,0.10225,0.00327,0.00902,0.625
2,43,hybrid,HYBRID_ALPHA0.8_BETA0.2,0.8,0.2,100,0.48393,0.54087,0.15691,0.72046,0.69783,0.08219,0.10069,0.00331,0.00971,0.65
2,43,hybrid,HYBRID_ALPHA0.9_BETA0.1,0.9,0.1,100,0.47858,0.54451,0.16354,0.72183,0.70055,0.08769,0.10121,0.00325,0.00964,0.6
2,43,hybrid,HYBRID_ALPHA0.1_BETA0.9,0.1,0.9,300,0.47275,0.56582,0.12242,0.7543,0.71274,0.08059,0.09583,0.00277,0.00906,0.55
2,43,hybrid,HYBRID_ALPHA0.2_BETA0.8,0.2,0.8,300,0.45106,0.53931,0.13005,0.71713,0.69276,0.07865,0.09508,0.00279,0.00916,0.55
2,43,hybrid,HYBRID_ALPHA0.3_BETA0.7,0.3,0.7,300,0.44635,0.5356,0.13257,0.76353,0.70615,0.09368,0.09683,0.00287,0.00959,0.625
2,43,hybrid,HYBRID_ALPHA0.4_BETA0.6,0.4,0.6,300,0.43797,0.52277,0.1323,0.70725,0.68486,0.08248,0.09644,0.00264,0.00911,0.55
2,43,hybrid,HYBRID_ALPHA0.5_BETA0.5,0.5,0.5,300,0.43425,0.51417,0.13009,0.70094,0.68196,0.08241,0.09616,0.00266,0.009,0.525
2,43,hybrid,HYBRID_ALPHA0.6_BETA0.4,0.6,0.4,300,0.43455,0.50949,0.12785,0.69538,0.68036,0.08226,0.09494,0.00263,0.00907,0.525
2,43,hybrid,HYBRID_ALPHA0.7_BETA0.3,0.7,0.3,300,0.43647,0.51123,0.12404,0.685,0.67668,0.0805,0.09403,0.0025,0.00916,0.525
2,43,hybrid,HYBRID_ALPHA0.8_BETA0.2,0.8,0.2,300,0.43574,0.50858,0.12221,0.67102,0.66957,0.078,0.09047,0.00232,0.00943,0.625
2,43,hybrid,HYBRID_ALPHA0.9_BETA0.1,0.9,0.1,300,0.43006,0.49647,0.1228,0.66707,0.6676,0.07667,0.08949,0.00246,0.00922,0.525
2,43,hybrid,HYBRID_ALPHA0.1_BETA0.9,0.1,0.9,500,0.55504,0.61194,0.06656,0.78891,0.72378,0.07349,0.09515,0.00319,0.01042,0.675
2,43,hybrid,HYBRID_ALPHA0.2_BETA0.8,0.2,0.8,500,0.45425,0.54851,0.13163,0.67792,0.67595,0.06367,0.09713,0.00225,0.01092,0.525
2,43,hybrid,HYBRID_ALPHA0.3_BETA0.7,0.3,0.7,500,0.44858,0.53476,0.1313,0.71475,0.6797,0.06208,0.09523,0.00231,0.00979,0.625
2,43,hybrid,HYBRID_ALPHA0.4_BETA0.6,0.4,0.6,500,0.4465,0.52473,0.12927,0.69454,0.67192,0.06515,0.09958,0.0024,0.00955,0.625
2,43,hybrid,HYBRID_ALPHA0.5_BETA0.5,0.5,0.5,500,0.4428,0.51937,0.12875,0.68721,0.67126,0.0663,0.10189,0.00246,0.00956,0.575
2,43,hybrid,HYBRID_ALPHA0.6_BETA0.4,0.6,0.4,500,0.44044,0.51439,0.12774,0.68407,0.67148,0.06664,0.10184,0.00251,0.00962,0.625
2,43,hybrid,HYBRID_ALPHA0.7_BETA0.3,0.7,0.3,500,0.44058,0.51331,0.12782,0.68324,0.673,0.06689,0.10107,0.00259,0.00973,0.625
2,43,hybrid,HYBRID_ALPHA0.8_BETA0.2,0.8,0.2,500,0.44652,0.50869,0.12383,0.72962,0.69197,0.07671,0.10267,0.00276,0.00947,0.6
2,43,hybrid,HYBRID_ALPHA0.9_BETA0.1,0.9,0.1,500,0.44082,0.50966,0.12427,0.71896,0.68786,0.07436,0.102,0.00282,0.0098,0.575
2,43,mse,MSE,1.0,0.0,50,0.44788,0.52036,0.13242,0.79019,0.73162,0.12654,0.08016,0.00333,0.01209,0.65
2,43,mse,MSE,1.0,0.0,100,0.47938,0.53961,0.16388,0.72852,0.70432,0.09579,0.09999,0.00337,0.00984,0.6
2,43,mse,MSE,1.0,0.0,300,0.43411,0.51758,0.13295,0.66528,0.66661,0.07618,0.08869,0.00234,0.00908,0.525
2,43,mse,MSE,1.0,0.0,500,0.44106,0.50846,0.12384,0.72452,0.68964,0.07639,0.10292,0.00285,0.00971,0.6
3,44,hsic,HSIC,0.0,1.0,50,0.81767,0.66093,0.17146,0.99536,0.85055,0.02498,0.09477,0.00325,0.01487,0.6
3,44,hsic,HSIC,0.0,1.0,100,0.75136,0.62546,0.17078,0.88561,0.80036,0.02065,0.10933,0.00245,0.01128,0.675
3,44,hsic,HSIC,0.0,1.0,300,0.72021,0.70085,0.02382,1.22795,0.90955,0.2701,0.0357,0.00491,0.02921,0.675
3,44,hsic,HSIC,0.0,1.0,500,0.71566,0.73947,0.05882,13.24399,3.53086,0.03145,0.05393,0.00202,0.0245,0.6
3,44,hybrid,HYBRID_ALPHA0.1_BETA0.9,0.1,0.9,50,0.46312,0.54115,0.15304,0.75302,0.71494,0.05039,0.09075,0.00275,0.014,0.625
3,44,hybrid,HYBRID_ALPHA0.2_BETA0.8,0.2,0.8,50,0.46603,0.53227,0.14478,0.64982,0.66578,0.04669,0.09012,0.0025,0.0171,0.575
3,44,hybrid,HYBRID_ALPHA0.3_BETA0.7,0.3,0.7,50,0.51758,0.58028,0.17039,0.66075,0.67479,0.07913,0.07807,0.00257,0.02135,0.55
3,44,hybrid,HYBRID_ALPHA0.4_BETA0.6,0.4,0.6,50,0.48854,0.50798,0.11865,0.68285,0.6835,0.07142,0.08029,0.00267,0.02591,0.55
3,44,hybrid,HYBRID_ALPHA0.5_BETA0.5,0.5,0.5,50,0.4903,0.51228,0.12415,0.67556,0.67964,0.05788,0.08666,0.00259,0.0256,0.6
3,44,hybrid,HYBRID_ALPHA0.6_BETA0.4,0.6,0.4,50,0.4874,0.51091,0.12156,0.66088,0.66988,0.04923,0.09015,0.00245,0.02411,0.525
3,44,hybrid,HYBRID_ALPHA0.7_BETA0.3,0.7,0.3,50,0.48776,0.50937,0.12163,0.65421,0.66286,0.04544,0.09187,0.00229,0.02313,0.55
3,44,hybrid,HYBRID_ALPHA0.8_BETA0.2,0.8,0.2,50,0.49658,0.51044,0.11138,0.65211,0.65814,0.04188,0.09183,0.00223,0.02302,0.6
3,44,hybrid,HYBRID_ALPHA0.9_BETA0.1,0.9,0.1,50,0.51137,0.51379,0.10304,0.65139,0.65801,0.0396,0.09061,0.00221,0.02254,0.6
3,44,hybrid,HYBRID_ALPHA0.1_BETA0.9,0.1,0.9,100,0.67596,0.5999,0.17027,0.72667,0.72849,0.01288,0.09081,0.00279,0.0085,0.675
3,44,hybrid,HYBRID_ALPHA0.2_BETA0.8,0.2,0.8,100,0.63089,0.59352,0.17113,0.72097,0.72107,0.0196,0.07163,0.00391,0.00793,0.625
3,44,hybrid,HYBRID_ALPHA0.3_BETA0.7,0.3,0.7,100,0.62439,0.59346,0.1727,0.69794,0.70662,0.02351,0.07315,0.00346,0.00775,0.55
3,44,hybrid,HYBRID_ALPHA0.4_BETA0.6,0.4,0.6,100,0.62351,0.59616,0.17505,0.68144,0.69837,0.02589,0.07344,0.00326,0.00803,0.55
3,44,hybrid,HYBRID_ALPHA0.5_BETA0.5,0.5,0.5,100,0.62313,0.59745,0.17578,0.68054,0.69602,0.02824,0.07924,0.00304,0.00857,0.55
3,44,hybrid,HYBRID_ALPHA0.6_BETA0.4,0.6,0.4,100,0.62271,0.5986,0.1761,0.69362,0.70283,0.03008,0.07404,0.00354,0.00852,0.55
3,44,hybrid,HYBRID_ALPHA0.7_BETA0.3,0.7,0.3,100,0.62196,0.59899,0.17628,0.70283,0.70203,0.03947,0.08456,0.00285,0.00891,0.575
3,44,hybrid,HYBRID_ALPHA0.8_BETA0.2,0.8,0.2,100,0.62145,0.5993,0.1765,0.7092,0.70331,0.04487,0.08879,0.00269,0.00916,0.6
3,44,hybrid,HYBRID_ALPHA0.9_BETA0.1,0.9,0.1,100,0.62155,0.59961,0.17663,0.7122,0.70296,0.04904,0.0921,0.00266,0.00945,0.625
3,44,hybrid,HYBRID_ALPHA0.1_BETA0.9,0.1,0.9,300,0.45144,0.54054,0.13732,0.73509,0.7165,0.02792,0.07888,0.00288,0.00775,0.5
3,44,hybrid,HYBRID_ALPHA0.2_BETA0.8,0.2,0.8,300,0.45226,0.53711,0.13902,0.68337,0.69079,0.03433,0.08634,0.00246,0.00959,0.55
3,44,hybrid,HYBRID_ALPHA0.3_BETA0.7,0.3,0.7,300,0.46696,0.54162,0.12926,0.67375,0.67194,0.04608,0.09132,0.0024,0.00898,0.575
3,44,hybrid,HYBRID_ALPHA0.4_BETA0.6,0.4,0.6,300,0.4673,0.54137,0.1252,0.67401,0.67252,0.04945,0.09262,0.00232,0.00944,0.575
3,44,hybrid,HYBRID_ALPHA0.5_BETA0.5,0.5,0.5,300,0.4714,0.54484,0.12297,0.67477,0.67099,0.04854,0.09355,0.00228,0.00981,0.6
3,44,hybrid,HYBRID_ALPHA0.6_BETA0.4,0.6,0.4,300,0.46351,0.54055,0.12252,0.67533,0.6704,0.04809,0.09417,0.00227,0.00991,0.575
3,44,hybrid,HYBRID_ALPHA0.7_BETA0.3,0.7,0.3,300,0.46282,0.53865,0.12145,0.67935,0.67342,0.05027,0.09416,0.00225,0.01022,0.525
3,44,hybrid,HYBRID_ALPHA0.8_BETA0.2,0.8,0.2,300,0.45777,0.53496,0.1211,0.67976,0.67118,0.0486,0.09463,0.00224,0.01037,0.525
3,44,hybrid,HYBRID_ALPHA0.9_BETA0.1,0.9,0.1,300,0.45572,0.53372,0.12152,0.66976,0.66492,0.05095,0.09756,0.00206,0.01168,0.575
3,44,hybrid,HYBRID_ALPHA0.1_BETA0.9,0.1,0.9,500,0.47102,0.55156,0.15091,0.74494,0.7243,0.02898,0.09034,0.00312,0.00797,0.7
3,44,hybrid,HYBRID_ALPHA0.2_BETA0.8,0.2,0.8,500,0.46912,0.53357,0.14741,0.71053,0.70288,0.03406,0.08414,0.003,0.01204,0.65
3,44,hybrid,HYBRID_ALPHA0.3_BETA0.7,0.3,0.7,500,0.45933,0.53387,0.15172,0.70531,0.69702,0.03523,0.08482,0.00296,0.01122,0.625
3,44,hybrid,HYBRID_ALPHA0.4_BETA0.6,0.4,0.6,500,0.45595,0.53077,0.15099,0.70781,0.69916,0.03496,0.08457,0.00297,0.01087,0.6
3,44,hybrid,HYBRID_ALPHA0.5_BETA0.5,0.5,0.5,500,0.45752,0.52687,0.14967,0.70455,0.69236,0.03614,0.08919,0.00304,0.01087,0.55
3,44,hybrid,HYBRID_ALPHA0.6_BETA0.4,0.6,0.4,500,0.45402,0.51848,0.14637,0.70364,0.69011,0.03677,0.09005,0.00305,0.01102,0.55
3,44,hybrid,HYBRID_ALPHA0.7_BETA0.3,0.7,0.3,500,0.45273,0.51374,0.14354,0.70308,0.6884,0.03736,0.09048,0.00306,0.01124,0.55
3,44,hybrid,HYBRID_ALPHA0.8_BETA0.2,0.8,0.2,500,0.45217,0.50977,0.14001,0.70333,0.68795,0.03767,0.09081,0.00306,0.01156,0.575
3,44,hybrid,HYBRID_ALPHA0.9_BETA0.1,0.9,0.1,500,0.45151,0.50791,0.13807,0.70265,0.68557,0.03837,0.09166,0.00306,0.01183,0.575
3,44,mse,MSE,1.0,0.0,50,0.47705,0.50371,0.1221,0.65718,0.66628,0.03856,0.08873,0.00206,0.0196,0.55
3,44,mse,MSE,1.0,0.0,100,0.62157,0.59979,0.1767,0.71966,0.70197,0.05643,0.09701,0.00247,0.00978,0.675
3,44,mse,MSE,1.0,0.0,300,0.45372,0.53064,0.12122,0.6696,0.66534,0.05241,0.09737,0.00206,0.01169,0.575
3,44,mse,MSE,1.0,0.0,500,0.45476,0.50888,0.13739,0.70314,0.68555,0.03851,0.09171,0.00305,0.01166,0.575
4,45,hsic,HSIC,0.0,1.0,50,0.76908,0.62788,0.177,1.02765,0.84371,0.18636,0.05224,0.00392,0.02049,0.675
4,45,hsic,HSIC,0.0,1.0,100,0.76418,0.67529,0.14652,1.04093,0.85426,0.13922,0.03092,0.00383,0.00886,0.675
4,45,hsic,HSIC,0.0,1.0,300,0.71784,0.63818,0.1241,1.40871,0.96383,0.04005,0.04009,0.00366,0.01774,0.625
4,45,hsic,HSIC,0.0,1.0,500,0.76723,0.62739,0.17667,1.16279,0.89019,0.08269,0.04422,0.00272,0.01355,0.625
4,45,hybrid,HYBRID_ALPHA0.1_BETA0.9,0.1,0.9,50,0.76781,0.6274,0.17704,0.85827,0.75793,0.14987,0.07982,0.00244,0.01599,0.65
4,45,hybrid,HYBRID_ALPHA0.2_BETA0.8,0.2,0.8,50,0.76452,0.6262,0.17687,0.82868,0.74246,0.1247,0.0863,0.00213,0.0154,0.625
4,45,hybrid,HYBRID_ALPHA0.3_BETA0.7,0.3,0.7,50,0.75613,0.62329,0.17676,0.82071,0.74074,0.12997,0.08367,0.00222,0.01589,0.625
4,45,hybrid,HYBRID_ALPHA0.4_BETA0.6,0.4,0.6,50,0.67655,0.59988,0.17644,0.83044,0.74607,0.1389,0.07997,0.00251,0.01612,0.675
4,45,hybrid,HYBRID_ALPHA0.5_BETA0.5,0.5,0.5,50,0.64555,0.59633,0.17625,0.8493,0.75658,0.15587,0.07326,0.00279,0.01601,0.625
4,45,hybrid,HYBRID_ALPHA0.6_BETA0.4,0.6,0.4,50,0.62035,0.59321,0.17614,0.80933,0.73881,0.12531,0.08184,0.00267,0.0172,0.575
4,45,hybrid,HYBRID_ALPHA0.7_BETA0.3,0.7,0.3,50,0.61883,0.594,0.1761,0.86239,0.76595,0.17134,0.06437,0.00311,0.01727,0.625
4,45,hybrid,HYBRID_ALPHA0.8_BETA0.2,0.8,0.2,50,0.59839,0.59283,0.1761,0.84913,0.75949,0.16372,0.06744,0.00307,0.01733,0.6
4,45,hybrid,HYBRID_ALPHA0.9_BETA0.1,0.9,0.1,50,0.59804,0.59366,0.17612,0.87126,0.77128,0.18022,0.06006,0.00333,0.01789,0.675
4,45,hybrid,HYBRID_ALPHA0.1_BETA0.9,0.1,0.9,100,0.44837,0.5409,0.14682,0.86999,0.7618,0.12884,0.07674,0.00354,0.01083,0.6
4,45,hybrid,HYBRID_ALPHA0.2_BETA0.8,0.2,0.8,100,0.44872,0.53632,0.14521,0.85703,0.74947,0.14967,0.09297,0.00284,0.01469,0.6
4,45,hybrid,HYBRID_ALPHA0.3_BETA0.7,0.3,0.7,100,0.44575,0.5285,0.14134,0.8499,0.74799,0.14152,0.09535,0.00281,0.01396,0.625
4,45,hybrid,HYBRID_ALPHA0.4_BETA0.6,0.4,0.6,100,0.45865,0.54685,0.15178,0.84655,0.74656,0.13674,0.09738,0.00276,0.01399,0.6
4,45,hybrid,HYBRID_ALPHA0.5_BETA0.5,0.5,0.5,100,0.44788,0.53617,0.15007,0.83551,0.73978,0.12669,0.10127,0.00277,0.0137,0.5
4,45,hybrid,HYBRID_ALPHA0.6_BETA0.4,0.6,0.4,100,0.43525,0.52274,0.14373,0.83249,0.73656,0.12561,0.10407,0.00277,0.01366,0.525
4,45,hybrid,HYBRID_ALPHA0.7_BETA0.3,0.7,0.3,100,0.44421,0.52876,0.14809,0.83731,0.73801,0.12925,0.10383,0.00274,0.01375,0.55
4,45,hybrid,HYBRID_ALPHA0.8_BETA0.2,0.8,0.2,100,0.40637,0.48412,0.12701,0.84163,0.74008,0.13519,0.10393,0.00295,0.01458,0.6
4,45,hybrid,HYBRID_ALPHA0.9_BETA0.1,0.9,0.1,100,0.40237,0.47957,0.12469,0.81511,0.72226,0.1098,0.11166,0.00273,0.01418,0.525
4,45,hybrid,HYBRID_ALPHA0.1_BETA0.9,0.1,0.9,300,0.44019,0.53979,0.13251,0.79289,0.73867,0.03523,0.08341,0.00292,0.0089,0.6
4,45,hybrid,HYBRID_ALPHA0.2_BETA0.8,0.2,0.8,300,0.44305,0.51476,0.12173,0.68127,0.68545,0.03713,0.0909,0.0022,0.01233,0.625
4,45,hybrid,HYBRID_ALPHA0.3_BETA0.7,0.3,0.7,300,0.46052,0.53593,0.12345,0.70848,0.70168,0.0298,0.09401,0.00239,0.01012,0.625
4,45,hybrid,HYBRID_ALPHA0.4_BETA0.6,0.4,0.6,300,0.45535,0.52659,0.12098,0.67919,0.67818,0.03604,0.0935,0.0021,0.01171,0.65
4,45,hybrid,HYBRID_ALPHA0.5_BETA0.5,0.5,0.5,300,0.4531,0.51397,0.11923,0.68802,0.68246,0.03666,0.09344,0.0021,0.01235,0.675
4,45,hybrid,HYBRID_ALPHA0.6_BETA0.4,0.6,0.4,300,0.4448,0.51772,0.11935,0.68491,0.68249,0.03634,0.09393,0.00211,0.01169,0.625
4,45,hybrid,HYBRID_ALPHA0.7_BETA0.3,0.7,0.3,300,0.44131,0.52485,0.11871,0.68728,0.67993,0.03621,0.09181,0.00212,0.01112,0.625
4,45,hybrid,HYBRID_ALPHA0.8_BETA0.2,0.8,0.2,300,0.43985,0.52304,0.1184,0.70032,0.68503,0.03562,0.09012,0.00213,0.01185,0.65
4,45,hybrid,HYBRID_ALPHA0.9_BETA0.1,0.9,0.1,300,0.43699,0.51985,0.11657,0.69812,0.68343,0.03657,0.08993,0.00213,0.01224,0.625
4,45,hybrid,HYBRID_ALPHA0.1_BETA0.9,0.1,0.9,500,0.54545,0.60624,0.04156,0.76675,0.72114,0.05799,0.08854,0.00339,0.00999,0.575
4,45,hybrid,HYBRID_ALPHA0.2_BETA0.8,0.2,0.8,500,0.45174,0.531,0.11688,0.7458,0.70719,0.06919,0.09564,0.00295,0.00887,0.55
4,45,hybrid,HYBRID_ALPHA0.3_BETA0.7,0.3,0.7,500,0.4457,0.51527,0.11265,0.73479,0.70172,0.06789,0.09529,0.00297,0.00839,0.525
4,45,hybrid,HYBRID_ALPHA0.4_BETA0.6,0.4,0.6,500,0.44474,0.51174,0.1122,0.72966,0.69915,0.06804,0.0959,0.00296,0.0085,0.575
4,45,hybrid,HYBRID_ALPHA0.5_BETA0.5,0.5,0.5,500,0.4479,0.51391,0.11169,0.72824,0.69802,0.06992,0.0966,0.00297,0.00886,0.5
4,45,hybrid,HYBRID_ALPHA0.6_BETA0.4,0.6,0.4,500,0.44167,0.50724,0.11081,0.72603,0.69669,0.07119,0.09691,0.00299,0.00906,0.55
4,45,hybrid,HYBRID_ALPHA0.7_BETA0.3,0.7,0.3,500,0.44179,0.50479,0.11036,0.72151,0.69434,0.071,0.09712,0.00298,0.00908,0.55
4,45,hybrid,HYBRID_ALPHA0.8_BETA0.2,0.8,0.2,500,0.44267,0.50402,0.10997,0.71721,0.69239,0.0704,0.09688,0.00297,0.00911,0.525
4,45,hybrid,HYBRID_ALPHA0.9_BETA0.1,0.9,0.1,500,0.44674,0.51655,0.11175,0.65312,0.66808,0.0487,0.09221,0.00252,0.0087,0.55
4,45,mse,MSE,1.0,0.0,50,0.59774,0.59433,0.17611,0.86876,0.76993,0.17862,0.06097,0.00329,0.01785,0.65
4,45,mse,MSE,1.0,0.0,100,0.40255,0.47578,0.12485,0.82327,0.73036,0.12225,0.10838,0.00274,0.0149,0.525
4,45,mse,MSE,1.0,0.0,300,0.44287,0.52201,0.11499,0.68577,0.67734,0.03822,0.09219,0.00211,0.01192,0.625
4,45,mse,MSE,1.0,0.0,500,0.44598,0.51487,0.11156,0.65244,0.66716,0.04785,0.09235,0.00252,0.00882,0.6
5,46,hsic,HSIC,0.0,1.0,50,0.75263,0.65871,0.13961,1.05512,0.87063,0.04429,0.09559,0.00306,0.0184,0.65
5,46,hsic,HSIC,0.0,1.0,100,0.83867,0.71556,0.14465,1.25608,0.92127,0.27179,0.03897,0.00454,0.01883,0.75
5,46,hsic,HSIC,0.0,1.0,300,0.83529,0.72801,0.13547,1.25728,0.92261,0.2721,0.03676,0.00445,0.02009,0.7
5,46,hsic,HSIC,0.0,1.0,500,0.7776,0.63693,0.1747,1.04948,0.85004,0.03697,0.04747,0.00272,0.01476,0.6
5,46,hybrid,HYBRID_ALPHA0.1_BETA0.9,0.1,0.9,50,0.57093,0.55303,0.12515,0.84598,0.77122,0.05285,0.10678,0.00246,0.01982,0.65
5,46,hybrid,HYBRID_ALPHA0.2_BETA0.8,0.2,0.8,50,0.51121,0.53941,0.11654,0.84441,0.77283,0.07183,0.0972,0.00268,0.02187,0.7
5,46,hybrid,HYBRID_ALPHA0.3_BETA0.7,0.3,0.7,50,0.5011,0.53857,0.11722,0.81901,0.75633,0.07165,0.09039,0.00263,0.02051,0.75
5,46,hybrid,HYBRID_ALPHA0.4_BETA0.6,0.4,0.6,50,0.52472,0.54904,0.11874,0.80748,0.75139,0.06696,0.09613,0.00238,0.02008,0.675
5,46,hybrid,HYBRID_ALPHA0.5_BETA0.5,0.5,0.5,50,0.53093,0.55246,0.11917,0.806,0.74828,0.06658,0.09487,0.00236,0.02014,0.7
5,46,hybrid,HYBRID_ALPHA0.6_BETA0.4,0.6,0.4,50,0.52785,0.55644,0.11787,0.79799,0.74272,0.0598,0.09218,0.00232,0.01905,0.7
5,46,hybrid,HYBRID_ALPHA0.7_BETA0.3,0.7,0.3,50,0.5259,0.54968,0.11881,0.79295,0.7404,0.05854,0.0898,0.00225,0.0181,0.725
5,46,hybrid,HYBRID_ALPHA0.8_BETA0.2,0.8,0.2,50,0.55017,0.5671,0.11712,0.77767,0.73188,0.05554,0.09182,0.00224,0.01773,0.7
5,46,hybrid,HYBRID_ALPHA0.9_BETA0.1,0.9,0.1,50,0.61995,0.60184,0.11736,0.77529,0.72654,0.04499,0.09653,0.00252,0.01599,0.65
5,46,hybrid,HYBRID_ALPHA0.1_BETA0.9,0.1,0.9,100,0.51465,0.56835,0.14314,1.22418,0.90324,0.27168,0.03879,0.00461,0.01791,0.65
5,46,hybrid,HYBRID_ALPHA0.2_BETA0.8,0.2,0.8,100,0.57115,0.59114,0.16514,0.79694,0.72274,0.10348,0.07752,0.00228,0.01494,0.65
5,46,hybrid,HYBRID_ALPHA0.3_BETA0.7,0.3,0.7,100,0.64031,0.59945,0.17098,0.78103,0.7181,0.10116,0.07989,0.00214,0.01477,0.675
5,46,hybrid,HYBRID_ALPHA0.4_BETA0.6,0.4,0.6,100,0.70635,0.61117,0.17446,0.79359,0.72587,0.09609,0.08408,0.00203,0.01522,0.6
5,46,hybrid,HYBRID_ALPHA0.5_BETA0.5,0.5,0.5,100,0.76098,0.62501,0.17675,0.7856,0.71928,0.09353,0.08992,0.00199,0.01446,0.7
5,46,hybrid,HYBRID_ALPHA0.6_BETA0.4,0.6,0.4,100,0.76074,0.62493,0.17677,0.7847,0.71512,0.09408,0.09461,0.00203,0.01403,0.65
5,46,hybrid,HYBRID_ALPHA0.7_BETA0.3,0.7,0.3,100,0.76066,0.62491,0.17681,0.79317,0.7183,0.09716,0.09594,0.00208,0.01357,0.6
5,46,hybrid,HYBRID_ALPHA0.8_BETA0.2,0.8,0.2,100,0.76055,0.62488,0.17682,0.79629,0.71972,0.10009,0.09586,0.0021,0.01355,0.65
5,46,hybrid,HYBRID_ALPHA0.9_BETA0.1,0.9,0.1,100,0.76054,0.62488,0.17681,0.79981,0.72226,0.10275,0.09571,0.0021,0.01368,0.65
5,46,hybrid,HYBRID_ALPHA0.1_BETA0.9,0.1,0.9,300,0.47307,0.5333,0.13367,0.69741,0.69749,0.04955,0.07642,0.00214,0.01,0.6
5,46,hybrid,HYBRID_ALPHA0.2_BETA0.8,0.2,0.8,300,0.43827,0.53755,0.12612,0.69311,0.67766,0.05486,0.1036,0.00211,0.00982,0.6
5,46,hybrid,HYBRID_ALPHA0.3_BETA0.7,0.3,0.7,300,0.43603,0.53499,0.12326,0.70531,0.67392,0.05542,0.10222,0.00207,0.00994,0.525
5,46,hybrid,HYBRID_ALPHA0.4_BETA0.6,0.4,0.6,300,0.43805,0.53772,0.12291,0.70011,0.67026,0.05649,0.10366,0.00212,0.00975,0.525
5,46,hybrid,HYBRID_ALPHA0.5_BETA0.5,0.5,0.5,300,0.43835,0.53791,0.12233,0.69383,0.66873,0.05702,0.10568,0.00216,0.00952,0.55
5,46,hybrid,HYBRID_ALPHA0.6_BETA0.4,0.6,0.4,300,0.43852,0.53712,0.12128,0.69137,0.67485,0.05793,0.106,0.00243,0.00832,0.5
5,46,hybrid,HYBRID_ALPHA0.7_BETA0.3,0.7,0.3,300,0.43732,0.52673,0.11394,0.69195,0.6739,0.05879,0.10577,0.00242,0.00863,0.525
5,46,hybrid,HYBRID_ALPHA0.8_BETA0.2,0.8,0.2,300,0.45337,0.54765,0.12182,0.68932,0.6728,0.05983,0.10598,0.00234,0.00804,0.625
5,46,hybrid,HYBRID_ALPHA0.9_BETA0.1,0.9,0.1,300,0.44549,0.54626,0.13221,0.7044,0.67833,0.06439,0.11009,0.00244,0.00835,0.55
5,46,hybrid,HYBRID_ALPHA0.1_BETA0.9,0.1,0.9,500,0.55665,0.62465,0.17633,0.76587,0.74761,0.03501,0.07616,0.00245,0.01364,0.6
5,46,hybrid,HYBRID_ALPHA0.2_BETA0.8,0.2,0.8,500,0.537,0.61318,0.16951,0.66752,0.68261,0.03391,0.09259,0.00215,0.01085,0.6
5,46,hybrid,HYBRID_ALPHA0.3_BETA0.7,0.3,0.7,500,0.49637,0.52068,0.12112,0.66419,0.67688,0.03635,0.09685,0.00295,0.00861,0.5
5,46,hybrid,HYBRID_ALPHA0.4_BETA0.6,0.4,0.6,500,0.49099,0.51386,0.12273,0.67142,0.68163,0.03975,0.09783,0.00316,0.00877,0.525
5,46,hybrid,HYBRID_ALPHA0.5_BETA0.5,0.5,0.5,500,0.48742,0.51028,0.12188,0.67002,0.67838,0.04152,0.0989,0.00329,0.00927,0.575
5,46,hybrid,HYBRID_ALPHA0.6_BETA0.4,0.6,0.4,500,0.48932,0.50738,0.11158,0.68127,0.6789,0.04731,0.10141,0.00339,0.00953,0.575
5,46,hybrid,HYBRID_ALPHA0.7_BETA0.3,0.7,0.3,500,0.49307,0.508,0.10675,0.68365,0.67687,0.0486,0.10166,0.00346,0.00965,0.55
5,46,hybrid,HYBRID_ALPHA0.8_BETA0.2,0.8,0.2,500,0.49267,0.50525,0.10774,0.68581,0.67555,0.04983,0.10178,0.00349,0.00967,0.55
5,46,hybrid,HYBRID_ALPHA0.9_BETA0.1,0.9,0.1,500,0.4872,0.50167,0.11546,0.67559,0.67015,0.04583,0.10089,0.00339,0.00942,0.55
5,46,mse,MSE,1.0,0.0,50,0.62304,0.59691,0.11575,0.79759,0.73537,0.05958,0.09633,0.00282,0.01839,0.725
5,46,mse,MSE,1.0,0.0,100,0.76054,0.62488,0.17681,0.8051,0.72562,0.10581,0.09419,0.00212,0.01375,0.675
5,46,mse,MSE,1.0,0.0,300,0.43347,0.52935,0.12055,0.70552,0.67797,0.06474,0.11036,0.00248,0.00849,0.55
5,46,mse,MSE,1.0,0.0,500,0.48893,0.49848,0.11236,0.67602,0.66942,0.04692,0.1003,0.00339,0.00962,0.6
6,47,hsic,HSIC,0.0,1.0,50,1.076,0.80635,0.20718,0.79265,0.73095,0.08137,0.09842,0.00332,0.01089,0.575
6,47,hsic,HSIC,0.0,1.0,100,0.78357,0.63913,0.17512,1.05593,0.86909,0.21602,0.03178,0.00334,0.02534,0.675
6,47,hsic,HSIC,0.0,1.0,300,0.77939,0.63241,0.18061,2.98129,1.503,0.04471,0.06038,0.00217,0.0147,0.7
6,47,hsic,HSIC,0.0,1.0,500,0.81115,0.65491,0.1777,0.92439,0.79146,0.11314,0.03245,0.00263,0.02023,0.7
6,47,hybrid,HYBRID_ALPHA0.1_BETA0.9,0.1,0.9,50,0.52778,0.57323,0.20407,0.8153,0.74442,0.11701,0.10439,0.00311,0.01168,0.625
6,47,hybrid,HYBRID_ALPHA0.2_BETA0.8,0.2,0.8,50,0.53509,0.58229,0.20911,0.81673,0.73514,0.14256,0.10486,0.0032,0.01369,0.7
6,47,hybrid,HYBRID_ALPHA0.3_BETA0.7,0.3,0.7,50,0.53264,0.57935,0.211,0.81376,0.73426,0.14116,0.10208,0.00334,0.01373,0.65
6,47,hybrid,HYBRID_ALPHA0.4_BETA0.6,0.4,0.6,50,0.53032,0.57663,0.21227,0.80516,0.73073,0.13644,0.10131,0.00337,0.01276,0.65
6,47,hybrid,HYBRID_ALPHA0.5_BETA0.5,0.5,0.5,50,0.53592,0.58228,0.21363,0.79416,0.7265,0.13101,0.09918,0.00336,0.01274,0.625
6,47,hybrid,HYBRID_ALPHA0.6_BETA0.4,0.6,0.4,50,0.52802,0.57124,0.21491,0.78461,0.7242,0.12409,0.09825,0.0033,0.01274,0.65
6,47,hybrid,HYBRID_ALPHA0.7_BETA0.3,0.7,0.3,50,0.52535,0.56661,0.2149,0.77273,0.71772,0.11608,0.08997,0.0033,0.01287,0.625
6,47,hybrid,HYBRID_ALPHA0.8_BETA0.2,0.8,0.2,50,0.52539,0.56252,0.21715,0.79363,0.72715,0.13153,0.09274,0.00352,0.01315,0.525
6,47,hybrid,HYBRID_ALPHA0.9_BETA0.1,0.9,0.1,50,0.53287,0.59128,0.19925,0.79803,0.72932,0.13513,0.0899,0.00313,0.01325,0.65
6,47,hybrid,HYBRID_ALPHA0.1_BETA0.9,0.1,0.9,100,0.56078,0.53317,0.14514,1.03309,0.84058,0.27633,0.03917,0.00247,0.02171,0.575
6,47,hybrid,HYBRID_ALPHA0.2_BETA0.8,0.2,0.8,100,0.52556,0.56844,0.16599,1.00639,0.83081,0.26269,0.0447,0.00409,0.02337,0.65
6,47,hybrid,HYBRID_ALPHA0.3_BETA0.7,0.3,0.7,100,0.5628,0.54486,0.13816,1.00635,0.83016,0.2575,0.04686,0.00294,0.01949,0.575
6,47,hybrid,HYBRID_ALPHA0.4_BETA0.6,0.4,0.6,100,0.57489,0.56909,0.13453,0.9968,0.82403,0.24947,0.05081,0.00314,0.01994,0.575
6,47,hybrid,HYBRID_ALPHA0.5_BETA0.5,0.5,0.5,100,0.56355,0.57298,0.12941,0.98109,0.81602,0.24091,0.05421,0.00315,0.01877,0.6
6,47,hybrid,HYBRID_ALPHA0.6_BETA0.4,0.6,0.4,100,0.56372,0.59413,0.17434,0.95939,0.80362,0.22511,0.06266,0.00338,0.02278,0.65
6,47,hybrid,HYBRID_ALPHA0.7_BETA0.3,0.7,0.3,100,0.58186,0.59727,0.17571,0.91025,0.77299,0.18623,0.08316,0.00266,0.02121,0.7
6,47,hybrid,HYBRID_ALPHA0.8_BETA0.2,0.8,0.2,100,0.58148,0.59852,0.17614,0.90108,0.76796,0.18347,0.08533,0.00259,0.02097,0.675
6,47,hybrid,HYBRID_ALPHA0.9_BETA0.1,0.9,0.1,100,0.58128,0.59883,0.17618,0.90639,0.76936,0.18593,0.0875,0.00261,0.02095,0.55
6,47,hybrid,HYBRID_ALPHA0.1_BETA0.9,0.1,0.9,300,0.58426,0.64599,0.06233,0.75294,0.71125,0.06415,0.09425,0.00291,0.01026,0.65
6,47,hybrid,HYBRID_ALPHA0.2_BETA0.8,0.2,0.8,300,0.45851,0.50491,0.14035,0.74099,0.70523,0.06553,0.09526,0.00334,0.00947,0.575
6,47,hybrid,HYBRID_ALPHA0.3_BETA0.7,0.3,0.7,300,0.46341,0.50901,0.13941,0.7371,0.7032,0.06763,0.09588,0.00329,0.00957,0.6
6,47,hybrid,HYBRID_ALPHA0.4_BETA0.6,0.4,0.6,300,0.4554,0.50421,0.14286,0.73531,0.70199,0.06892,0.09635,0.00331,0.00983,0.625
6,47,hybrid,HYBRID_ALPHA0.5_BETA0.5,0.5,0.5,300,0.45819,0.50631,0.14265,0.69757,0.69504,0.05182,0.09176,0.00332,0.0094,0.55
6,47,hybrid,HYBRID_ALPHA0.6_BETA0.4,0.6,0.4,300,0.46258,0.50924,0.1417,0.69457,0.6923,0.05339,0.09304,0.0033,0.00935,0.575
6,47,hybrid,HYBRID_ALPHA0.7_BETA0.3,0.7,0.3,300,0.46327,0.51161,0.14344,0.69279,0.69034,0.05459,0.09421,0.00329,0.00929,0.525
6,47,hybrid,HYBRID_ALPHA0.8_BETA0.2,0.8,0.2,300,0.46164,0.51104,0.14162,0.6911,0.6891,0.05523,0.09546,0.00329,0.00927,0.575
6,47,hybrid,HYBRID_ALPHA0.9_BETA0.1,0.9,0.1,300,0.46365,0.5119,0.13922,0.74325,0.70448,0.08192,0.09657,0.00324,0.00992,0.575
6,47,hybrid,HYBRID_ALPHA0.1_BETA0.9,0.1,0.9,500,0.48945,0.59263,0.1596,0.79548,0.75124,0.05652,0.0925,0.00272,0.00925,0.625
6,47,hybrid,HYBRID_ALPHA0.2_BETA0.8,0.2,0.8,500,0.45721,0.55843,0.1547,0.73141,0.70942,0.05538,0.09425,0.00267,0.00892,0.675
6,47,hybrid,HYBRID_ALPHA0.3_BETA0.7,0.3,0.7,500,0.44217,0.53859,0.1504,0.7108,0.69514,0.05524,0.09595,0.00271,0.00875,0.675
6,47,hybrid,HYBRID_ALPHA0.4_BETA0.6,0.4,0.6,500,0.43417,0.52643,0.14742,0.63964,0.66936,0.05188,0.10229,0.00224,0.00931,0.6
6,47,hybrid,HYBRID_ALPHA0.5_BETA0.5,0.5,0.5,500,0.42822,0.51694,0.14463,0.63947,0.66787,0.05239,0.10239,0.00228,0.00963,0.65
6,47,hybrid,HYBRID_ALPHA0.6_BETA0.4,0.6,0.4,500,0.42401,0.50968,0.14202,0.63954,0.6668,0.05277,0.10216,0.00232,0.00991,0.65
6,47,hybrid,HYBRID_ALPHA0.7_BETA0.3,0.7,0.3,500,0.42244,0.50591,0.13953,0.64052,0.66591,0.05368,0.10184,0.00232,0.01035,0.6
6,47,hybrid,HYBRID_ALPHA0.8_BETA0.2,0.8,0.2,500,0.42192,0.50113,0.13573,0.63801,0.66565,0.05208,0.09958,0.00231,0.01031,0.625
6,47,hybrid,HYBRID_ALPHA0.9_BETA0.1,0.9,0.1,500,0.42329,0.50089,0.13815,0.63975,0.66506,0.05462,0.1,0.00234,0.01073,0.575
6,47,mse,MSE,1.0,0.0,50,0.53113,0.59078,0.19443,0.81224,0.73774,0.14816,0.08514,0.00322,0.01343,0.625
6,47,mse,MSE,1.0,0.0,100,0.58158,0.59925,0.17619,0.90452,0.76833,0.18534,0.08879,0.00259,0.02091,0.6
6,47,mse,MSE,1.0,0.0,300,0.4614,0.51034,0.13833,0.74523,0.70514,0.0849,0.09624,0.00325,0.00998,0.575
6,47,mse,MSE,1.0,0.0,500,0.42947,0.50778,0.14362,0.63993,0.66533,0.05519,0.09953,0.00234,0.01062,0.65
7,48,hsic,HSIC,0.0,1.0,50,0.79739,0.64752,0.1765,1.24958,0.91885,0.27834,0.03394,0.00531,0.02594,0.7
7,48,hsic,HSIC,0.0,1.0,100,0.69336,0.64873,0.08033,1.30046,0.9355,0.3013,0.03434,0.00567,0.02478,0.675
7,48,hsic,HSIC,0.0,1.0,300,0.76878,0.62773,0.17687,0.73409,0.72115,0.03162,0.08486,0.00241,0.00819,0.55
7,48,hsic,HSIC,0.0,1.0,500,0.71366,0.69622,0.02578,1.03704,0.82479,0.06167,0.05455,0.00335,0.0182,0.75
7,48,hybrid,HYBRID_ALPHA0.1_BETA0.9,0.1,0.9,50,0.55459,0.63261,0.17458,0.93278,0.78255,0.17307,0.07084,0.00346,0.0226,0.6
7,48,hybrid,HYBRID_ALPHA0.2_BETA0.8,0.2,0.8,50,0.52732,0.60633,0.17031,0.94301,0.78929,0.19506,0.06707,0.00372,0.02161,0.725
7,48,hybrid,HYBRID_ALPHA0.3_BETA0.7,0.3,0.7,50,0.52604,0.59964,0.17258,0.90915,0.77228,0.16935,0.07837,0.00338,0.02134,0.725
7,48,hybrid,HYBRID_ALPHA0.4_BETA0.6,0.4,0.6,50,0.52365,0.60123,0.17321,0.89926,0.76776,0.16561,0.08143,0.00326,0.02112,0.675
7,48,hybrid,HYBRID_ALPHA0.5_BETA0.5,0.5,0.5,50,0.52403,0.60127,0.17294,0.87403,0.75595,0.14801,0.08838,0.00303,0.02079,0.65
7,48,hybrid,HYBRID_ALPHA0.6_BETA0.4,0.6,0.4,50,0.52654,0.60019,0.17248,0.8798,0.75716,0.1459,0.08946,0.00303,0.02161,0.65
7,48,hybrid,HYBRID_ALPHA0.7_BETA0.3,0.7,0.3,50,0.52353,0.606,0.17506,0.88831,0.76109,0.15821,0.08611,0.0034,0.02181,0.625
7,48,hybrid,HYBRID_ALPHA0.8_BETA0.2,0.8,0.2,50,0.5243,0.60648,0.1757,0.86596,0.74513,0.12829,0.09917,0.00314,0.02174,0.65
7,48,hybrid,HYBRID_ALPHA0.9_BETA0.1,0.9,0.1,50,0.51984,0.60695,0.17396,0.86355,0.73723,0.11368,0.10865,0.00343,0.02129,0.625
7,48,hybrid,HYBRID_ALPHA0.1_BETA0.9,0.1,0.9,100,0.47323,0.56769,0.10162,0.81285,0.75784,0.01379,0.07027,0.00335,0.01116,0.625
7,48,hybrid,HYBRID_ALPHA0.2_BETA0.8,0.2,0.8,100,0.44862,0.53003,0.11793,0.78006,0.7278,0.04678,0.09046,0.00289,0.01301,0.625
7,48,hybrid,HYBRID_ALPHA0.3_BETA0.7,0.3,0.7,100,0.42902,0.51047,0.12351,0.77441,0.72122,0.06503,0.09404,0.00289,0.01313,0.6
7,48,hybrid,HYBRID_ALPHA0.4_BETA0.6,0.4,0.6,100,0.43155,0.5106,0.12391,0.78737,0.72278,0.08291,0.09301,0.00288,0.01354,0.65
7,48,hybrid,HYBRID_ALPHA0.5_BETA0.5,0.5,0.5,100,0.43397,0.5168,0.12772,0.78597,0.72375,0.09027,0.09196,0.00296,0.01392,0.675
7,48,hybrid,HYBRID_ALPHA0.6_BETA0.4,0.6,0.4,100,0.42942,0.51432,0.12962,0.78548,0.7243,0.0928,0.09157,0.00299,0.01385,0.725
7,48,hybrid,HYBRID_ALPHA0.7_BETA0.3,0.7,0.3,100,0.42916,0.51239,0.12871,0.78402,0.72413,0.09396,0.09109,0.003,0.0137,0.7
7,48,hybrid,HYBRID_ALPHA0.8_BETA0.2,0.8,0.2,100,0.43375,0.51896,0.1333,0.77783,0.72221,0.09338,0.09104,0.00302,0.01397,0.7
7,48,hybrid,HYBRID_ALPHA0.9_BETA0.1,0.9,0.1,100,0.42664,0.50983,0.12783,0.78768,0.72739,0.10432,0.08754,0.00311,0.01397,0.7
7,48,hybrid,HYBRID_ALPHA0.1_BETA0.9,0.1,0.9,300,0.76597,0.62671,0.17674,0.74677,0.72316,0.03303,0.09188,0.00245,0.0084,0.6
7,48,hybrid,HYBRID_ALPHA0.2_BETA0.8,0.2,0.8,300,0.48879,0.57331,0.14591,0.67015,0.68185,0.05478,0.08963,0.00248,0.00836,0.575
7,48,hybrid,HYBRID_ALPHA0.3_BETA0.7,0.3,0.7,300,0.49018,0.57462,0.14798,0.65531,0.66982,0.04083,0.09115,0.00279,0.00787,0.6
7,48,hybrid,HYBRID_ALPHA0.4_BETA0.6,0.4,0.6,300,0.48726,0.569,0.14793,0.67789,0.68111,0.06056,0.08032,0.00292,0.00715,0.525
7,48,hybrid,HYBRID_ALPHA0.5_BETA0.5,0.5,0.5,300,0.48406,0.5655,0.14681,0.68115,0.68344,0.05928,0.07929,0.00297,0.00713,0.5
7,48,hybrid,HYBRID_ALPHA0.6_BETA0.4,0.6,0.4,300,0.48693,0.57203,0.15069,0.68396,0.6853,0.05917,0.0791,0.00306,0.00749,0.55
7,48,hybrid,HYBRID_ALPHA0.7_BETA0.3,0.7,0.3,300,0.5299,0.58917,0.17449,0.70415,0.68934,0.06962,0.0944,0.00243,0.00853,0.575
7,48,hybrid,HYBRID_ALPHA0.8_BETA0.2,0.8,0.2,300,0.53052,0.58987,0.17476,0.70634,0.68912,0.07148,0.09342,0.00245,0.0089,0.55
7,48,hybrid,HYBRID_ALPHA0.9_BETA0.1,0.9,0.1,300,0.53227,0.59077,0.1749,0.70973,0.68974,0.07283,0.09309,0.00246,0.00931,0.55
7,48,hybrid,HYBRID_ALPHA0.1_BETA0.9,0.1,0.9,500,0.4348,0.52292,0.11706,0.75401,0.72014,0.05455,0.09219,0.00327,0.00714,0.5
7,48,hybrid,HYBRID_ALPHA0.2_BETA0.8,0.2,0.8,500,0.43943,0.51795,0.11354,0.72558,0.70242,0.05341,0.09278,0.00316,0.00782,0.525
7,48,hybrid,HYBRID_ALPHA0.3_BETA0.7,0.3,0.7,500,0.44084,0.50953,0.114,0.71288,0.69478,0.05434,0.0945,0.00306,0.00821,0.6
7,48,hybrid,HYBRID_ALPHA0.4_BETA0.6,0.4,0.6,500,0.44848,0.50161,0.11362,0.67498,0.67569,0.04308,0.09669,0.00259,0.00954,0.55
7,48,hybrid,HYBRID_ALPHA0.5_BETA0.5,0.5,0.5,500,0.44886,0.51504,0.11418,0.72343,0.69227,0.06464,0.09762,0.00297,0.00861,0.525
7,48,hybrid,HYBRID_ALPHA0.6_BETA0.4,0.6,0.4,500,0.4475,0.50611,0.11383,0.66902,0.67041,0.04347,0.09776,0.00257,0.00952,0.525
7,48,hybrid,HYBRID_ALPHA0.7_BETA0.3,0.7,0.3,500,0.44492,0.50966,0.11371,0.71657,0.68801,0.06543,0.09919,0.00297,0.00919,0.55
7,48,hybrid,HYBRID_ALPHA0.8_BETA0.2,0.8,0.2,500,0.44974,0.53477,0.11914,0.71421,0.68651,0.06554,0.09948,0.00271,0.00833,0.525
7,48,hybrid,HYBRID_ALPHA0.9_BETA0.1,0.9,0.1,500,0.44358,0.5303,0.12023,0.71173,0.6846,0.06563,0.10008,0.0027,0.00816,0.55
7,48,mse,MSE,1.0,0.0,50,0.52037,0.60694,0.17516,0.89021,0.7627,0.16855,0.08592,0.00371,0.02056,0.575
7,48,mse,MSE,1.0,0.0,100,0.42167,0.50121,0.12798,0.80383,0.73588,0.12133,0.08356,0.00317,0.01403,0.625
7,48,mse,MSE,1.0,0.0,300,0.5342,0.59158,0.17497,0.71243,0.69046,0.07378,0.0923,0.00245,0.00964,0.6
7,48,mse,MSE,1.0,0.0,500,0.43967,0.52403,0.11665,0.67466,0.66731,0.05265,0.10229,0.00232,0.00881,0.575
8,49,hsic,HSIC,0.0,1.0,50,1.03029,0.84596,0.12629,0.90053,0.77446,0.10374,0.07891,0.00338,0.03039,0.6
8,49,hsic,HSIC,0.0,1.0,100,0.77911,0.64655,0.16949,1.25068,0.91973,0.28043,0.03262,0.00531,0.02889,0.65
8,49,hsic,HSIC,0.0,1.0,300,0.76061,0.65606,0.15574,0.96278,0.8234,0.04198,0.07422,0.00328,0.01371,0.625
8,49,hsic,HSIC,0.0,1.0,500,0.76586,0.62757,0.17685,1.10791,0.86964,0.08317,0.03375,0.00233,0.02059,0.625
8,49,hybrid,HYBRID_ALPHA0.1_BETA0.9,0.1,0.9,50,0.50396,0.53956,0.12662,0.84519,0.74385,0.13436,0.09148,0.00317,0.03085,0.65
8,49,hybrid,HYBRID_ALPHA0.2_BETA0.8,0.2,0.8,50,0.49611,0.527,0.1348,0.81472,0.72834,0.12289,0.09351,0.0034,0.03029,0.675
8,49,hybrid,HYBRID_ALPHA0.3_BETA0.7,0.3,0.7,50,0.49621,0.52521,0.12693,0.79781,0.71901,0.1138,0.09514,0.00343,0.02986,0.675
8,49,hybrid,HYBRID_ALPHA0.4_BETA0.6,0.4,0.6,50,0.49899,0.5255,0.13264,1.11704,0.78213,0.11507,0.09573,0.00342,0.0294,0.7
8,49,hybrid,HYBRID_ALPHA0.5_BETA0.5,0.5,0.5,50,0.50214,0.52548,0.12831,0.83769,0.74838,0.15636,0.08448,0.00321,0.02965,0.675
8,49,hybrid,HYBRID_ALPHA0.6_BETA0.4,0.6,0.4,50,0.5017,0.52661,0.12568,0.8531,0.75033,0.18123,0.08395,0.00348,0.02776,0.625
8,49,hybrid,HYBRID_ALPHA0.7_BETA0.3,0.7,0.3,50,0.48257,0.53791,0.14422,0.88106,0.76612,0.20073,0.07655,0.00358,0.02741,0.675
8,49,hybrid,HYBRID_ALPHA0.8_BETA0.2,0.8,0.2,50,0.48163,0.53774,0.14218,0.8879,0.76944,0.20121,0.07485,0.00366,0.02726,0.625
8,49,hybrid,HYBRID_ALPHA0.9_BETA0.1,0.9,0.1,50,0.48039,0.53775,0.14085,0.8882,0.76875,0.1978,0.07486,0.00371,0.02684,0.625
8,49,hybrid,HYBRID_ALPHA0.1_BETA0.9,0.1,0.9,100,0.41359,0.49656,0.12609,0.85439,0.77882,0.11122,0.12116,0.00244,0.01335,0.575
8,49,hybrid,HYBRID_ALPHA0.2_BETA0.8,0.2,0.8,100,0.44308,0.53144,0.1382,0.79878,0.73356,0.10354,0.11182,0.00254,0.01461,0.625
8,49,hybrid,HYBRID_ALPHA0.3_BETA0.7,0.3,0.7,100,0.43914,0.52926,0.13706,0.78619,0.72543,0.10144,0.11434,0.00247,0.01485,0.625
8,49,hybrid,HYBRID_ALPHA0.4_BETA0.6,0.4,0.6,100,0.43265,0.52271,0.1368,0.73017,0.706,0.0849,0.12135,0.00218,0.01516,0.725
8,49,hybrid,HYBRID_ALPHA0.5_BETA0.5,0.5,0.5,100,0.43445,0.52233,0.13685,0.72713,0.69882,0.08422,0.11886,0.00227,0.01496,0.675
8,49,hybrid,HYBRID_ALPHA0.6_BETA0.4,0.6,0.4,100,0.43545,0.52304,0.13681,0.78169,0.71538,0.0801,0.10186,0.00246,0.01441,0.725
8,49,hybrid,HYBRID_ALPHA0.7_BETA0.3,0.7,0.3,100,0.43225,0.51948,0.13201,0.78125,0.71454,0.07716,0.09819,0.00253,0.01376,0.725
8,49,hybrid,HYBRID_ALPHA0.8_BETA0.2,0.8,0.2,100,0.42807,0.51971,0.12668,0.75367,0.70341,0.09459,0.11362,0.00255,0.01418,0.7
8,49,hybrid,HYBRID_ALPHA0.9_BETA0.1,0.9,0.1,100,0.42989,0.52121,0.12773,0.79504,0.72078,0.12743,0.10229,0.0027,0.01555,0.725
8,49,hybrid,HYBRID_ALPHA0.1_BETA0.9,0.1,0.9,300,0.46323,0.56543,0.1481,0.71873,0.69601,0.06118,0.09674,0.00261,0.00718,0.6
8,49,hybrid,HYBRID_ALPHA0.2_BETA0.8,0.2,0.8,300,0.44908,0.55016,0.14066,0.72542,0.70661,0.05066,0.08996,0.00286,0.00729,0.525
8,49,hybrid,HYBRID_ALPHA0.3_BETA0.7,0.3,0.7,300,0.44322,0.54269,0.14216,0.71018,0.69798,0.05051,0.09229,0.00279,0.00771,0.525
8,49,hybrid,HYBRID_ALPHA0.4_BETA0.6,0.4,0.6,300,0.43362,0.52769,0.1395,0.70023,0.69006,0.04991,0.09562,0.00278,0.00847,0.575
8,49,hybrid,HYBRID_ALPHA0.5_BETA0.5,0.5,0.5,300,0.42528,0.51397,0.13606,0.69447,0.68464,0.0495,0.09744,0.0028,0.00914,0.55
8,49,hybrid,HYBRID_ALPHA0.6_BETA0.4,0.6,0.4,300,0.42342,0.50685,0.13334,0.69257,0.68172,0.04987,0.09849,0.00278,0.00945,0.6
8,49,hybrid,HYBRID_ALPHA0.7_BETA0.3,0.7,0.3,300,0.42182,0.5016,0.13044,0.75456,0.70424,0.08879,0.09949,0.00295,0.00926,0.55
8,49,hybrid,HYBRID_ALPHA0.8_BETA0.2,0.8,0.2,300,0.4206,0.49787,0.12833,0.75428,0.70412,0.09142,0.09965,0.00299,0.00937,0.55
8,49,hybrid,HYBRID_ALPHA0.9_BETA0.1,0.9,0.1,300,0.41981,0.49532,0.12674,0.7524,0.70306,0.08936,0.10006,0.003,0.00947,0.55
8,49,hybrid,HYBRID_ALPHA0.1_BETA0.9,0.1,0.9,500,0.52227,0.5845,0.08048,0.76353,0.72202,0.0546,0.09007,0.00284,0.01075,0.675
8,49,hybrid,HYBRID_ALPHA0.2_BETA0.8,0.2,0.8,500,0.46509,0.53069,0.13691,0.72586,0.70056,0.05929,0.09443,0.00304,0.00777,0.575
8,49,hybrid,HYBRID_ALPHA0.3_BETA0.7,0.3,0.7,500,0.46264,0.52058,0.13559,0.716,0.69529,0.05845,0.09473,0.00308,0.00795,0.575
8,49,hybrid,HYBRID_ALPHA0.4_BETA0.6,0.4,0.6,500,0.46404,0.51369,0.13373,0.71309,0.6929,0.0604,0.09593,0.00307,0.00817,0.575
8,49,hybrid,HYBRID_ALPHA0.5_BETA0.5,0.5,0.5,500,0.45718,0.5127,0.13471,0.7091,0.68995,0.06031,0.09665,0.00317,0.00855,0.625
8,49,hybrid,HYBRID_ALPHA0.6_BETA0.4,0.6,0.4,500,0.45794,0.5087,0.1332,0.70368,0.68667,0.06057,0.09799,0.00316,0.0088,0.5
8,49,hybrid,HYBRID_ALPHA0.7_BETA0.3,0.7,0.3,500,0.45745,0.50517,0.13104,0.70167,0.68473,0.06233,0.09919,0.00313,0.00903,0.5
8,49,hybrid,HYBRID_ALPHA0.8_BETA0.2,0.8,0.2,500,0.45854,0.50188,0.13075,0.70146,0.68357,0.06468,0.10059,0.0031,0.00946,0.575
8,49,hybrid,HYBRID_ALPHA0.9_BETA0.1,0.9,0.1,500,0.45774,0.50065,0.12902,0.69938,0.68144,0.06617,0.10131,0.00308,0.00949,0.55
8,49,mse,MSE,1.0,0.0,50,0.48261,0.53456,0.13554,0.88503,0.76589,0.19196,0.07617,0.00371,0.02701,0.625
8,49,mse,MSE,1.0,0.0,100,0.43038,0.52053,0.12849,0.75238,0.7051,0.09584,0.11543,0.00262,0.01355,0.6
8,49,mse,MSE,1.0,0.0,300,0.41932,0.49402,0.12573,0.75592,0.70393,0.09254,0.09983,0.00301,0.00966,0.525
8,49,mse,MSE,1.0,0.0,500,0.4576,0.49911,0.1286,0.69683,0.67961,0.06696,0.10191,0.00306,0.00988,0.525
9,50,hsic,HSIC,0.0,1.0,50,0.7699,0.62828,0.17634,0.72648,0.6926,0.04788,0.10082,0.00255,0.04262,0.675
9,50,hsic,HSIC,0.0,1.0,100,0.76965,0.68043,0.1392,0.85982,0.78185,0.07728,0.04936,0.00352,0.01272,0.6
9,50,hsic,HSIC,0.0,1.0,300,0.74076,0.71731,0.12269,1.2404,0.91468,0.27907,0.03175,0.00462,0.02736,0.6
9,50,hsic,HSIC,0.0,1.0,500,0.69989,0.71022,0.02963,1.01772,0.85375,0.08126,0.04916,0.00179,0.02171,0.675
9,50,hybrid,HYBRID_ALPHA0.1_BETA0.9,0.1,0.9,50,0.76868,0.62783,0.17634,0.7522,0.70581,0.05737,0.10177,0.00268,0.04487,0.7
9,50,hybrid,HYBRID_ALPHA0.2_BETA0.8,0.2,0.8,50,0.7681,0.62762,0.17633,0.73995,0.70105,0.03414,0.10572,0.00243,0.03904,0.675
9,50,hybrid,HYBRID_ALPHA0.3_BETA0.7,0.3,0.7,50,0.5796,0.63311,0.20444,0.7154,0.6861,0.03535,0.1042,0.0029,0.03601,0.675
9,50,hybrid,HYBRID_ALPHA0.4_BETA0.6,0.4,0.6,50,0.57794,0.63376,0.20663,0.72063,0.69237,0.03445,0.10762,0.0029,0.03352,0.65
9,50,hybrid,HYBRID_ALPHA0.5_BETA0.5,0.5,0.5,50,0.57471,0.6324,0.20633,0.81731,0.71055,0.03934,0.13526,0.00243,0.04021,0.675
9,50,hybrid,HYBRID_ALPHA0.6_BETA0.4,0.6,0.4,50,0.57361,0.63046,0.20818,0.84503,0.72307,0.03933,0.1288,0.00249,0.03993,0.675
9,50,hybrid,HYBRID_ALPHA0.7_BETA0.3,0.7,0.3,50,0.57243,0.62782,0.20943,0.87623,0.73817,0.0399,0.11611,0.00252,0.03996,0.65
9,50,hybrid,HYBRID_ALPHA0.8_BETA0.2,0.8,0.2,50,0.57212,0.62601,0.2114,0.81407,0.7268,0.06372,0.09471,0.0034,0.03431,0.575
9,50,hybrid,HYBRID_ALPHA0.9_BETA0.1,0.9,0.1,50,0.57163,0.62425,0.21334,0.83273,0.72803,0.0622,0.10286,0.00373,0.03404,0.675
9,50,hybrid,HYBRID_ALPHA0.1_BETA0.9,0.1,0.9,100,0.47144,0.53455,0.13851,0.8059,0.7446,0.06449,0.07863,0.00313,0.01461,0.675
9,50,hybrid,HYBRID_ALPHA0.2_BETA0.8,0.2,0.8,100,0.4637,0.52913,0.12844,0.80633,0.73491,0.09296,0.08648,0.00272,0.01725,0.55
9,50,hybrid,HYBRID_ALPHA0.3_BETA0.7,0.3,0.7,100,0.46806,0.52434,0.1248,0.75172,0.71634,0.11362,0.08288,0.0027,0.01862,0.65
9,50,hybrid,HYBRID_ALPHA0.4_BETA0.6,0.4,0.6,100,0.47105,0.52619,0.13896,0.71899,0.70339,0.10286,0.08176,0.00265,0.01798,0.675
9,50,hybrid,HYBRID_ALPHA0.5_BETA0.5,0.5,0.5,100,0.46621,0.52104,0.13335,0.70714,0.69613,0.09216,0.08183,0.00252,0.01935,0.65
9,50,hybrid,HYBRID_ALPHA0.6_BETA0.4,0.6,0.4,100,0.46111,0.51564,0.12683,0.70807,0.69511,0.08725,0.08271,0.00248,0.02012,0.6
9,50,hybrid,HYBRID_ALPHA0.7_BETA0.3,0.7,0.3,100,0.45713,0.51346,0.12526,0.70503,0.69334,0.08027,0.08531,0.00243,0.02118,0.625
9,50,hybrid,HYBRID_ALPHA0.8_BETA0.2,0.8,0.2,100,0.45205,0.51101,0.12281,0.70371,0.69054,0.07392,0.0884,0.00235,0.0217,0.6
9,50,hybrid,HYBRID_ALPHA0.9_BETA0.1,0.9,0.1,100,0.45173,0.5118,0.12582,0.70468,0.68788,0.06902,0.09125,0.00229,0.02152,0.625
9,50,hybrid,HYBRID_ALPHA0.1_BETA0.9,0.1,0.9,300,0.44512,0.52157,0.12439,0.79514,0.74233,0.07368,0.08936,0.0029,0.0099,0.5
9,50,hybrid,HYBRID_ALPHA0.2_BETA0.8,0.2,0.8,300,0.44519,0.52621,0.1257,0.76302,0.72387,0.07733,0.09177,0.00281,0.01061,0.525
9,50,hybrid,HYBRID_ALPHA0.3_BETA0.7,0.3,0.7,300,0.44888,0.53119,0.11909,0.74514,0.71719,0.08056,0.09308,0.00275,0.0106,0.525
9,50,hybrid,HYBRID_ALPHA0.4_BETA0.6,0.4,0.6,300,0.47442,0.54677,0.1117,0.76569,0.72032,0.09727,0.0965,0.00268,0.01198,0.55
9,50,hybrid,HYBRID_ALPHA0.5_BETA0.5,0.5,0.5,300,0.46856,0.54148,0.11367,0.72599,0.70637,0.08409,0.09858,0.00264,0.01065,0.525
9,50,hybrid,HYBRID_ALPHA0.6_BETA0.4,0.6,0.4,300,0.47147,0.54076,0.11426,0.72233,0.70286,0.08636,0.10109,0.00265,0.0107,0.55
9,50,hybrid,HYBRID_ALPHA0.7_BETA0.3,0.7,0.3,300,0.45039,0.5308,0.11838,0.71862,0.69944,0.08679,0.10247,0.0027,0.01077,0.525
9,50,hybrid,HYBRID_ALPHA0.8_BETA0.2,0.8,0.2,300,0.44958,0.52861,0.11878,0.74501,0.70725,0.095,0.10337,0.00269,0.01151,0.525
9,50,hybrid,HYBRID_ALPHA0.9_BETA0.1,0.9,0.1,300,0.44101,0.50229,0.12244,0.74374,0.7058,0.09472,0.10318,0.00295,0.01095,0.525
9,50,hybrid,HYBRID_ALPHA0.1_BETA0.9,0.1,0.9,500,0.55058,0.60861,0.17296,0.75742,0.72431,0.06324,0.08562,0.00217,0.01067,0.55
9,50,hybrid,HYBRID_ALPHA0.2_BETA0.8,0.2,0.8,500,0.46062,0.52857,0.11604,0.72597,0.70369,0.06814,0.09186,0.00275,0.00863,0.525
9,50,hybrid,HYBRID_ALPHA0.3_BETA0.7,0.3,0.7,500,0.46585,0.52932,0.11594,0.723,0.6984,0.07262,0.09353,0.00267,0.00876,0.525
9,50,hybrid,HYBRID_ALPHA0.4_BETA0.6,0.4,0.6,500,0.46248,0.53946,0.11454,0.71946,0.69391,0.07537,0.09552,0.00265,0.00913,0.5
9,50,hybrid,HYBRID_ALPHA0.5_BETA0.5,0.5,0.5,500,0.45329,0.526,0.11588,0.67351,0.6747,0.06378,0.09605,0.00248,0.00966,0.525
9,50,hybrid,HYBRID_ALPHA0.6_BETA0.4,0.6,0.4,500,0.44941,0.53162,0.11475,0.67552,0.67436,0.06418,0.09574,0.00242,0.00959,0.525
9,50,hybrid,HYBRID_ALPHA0.7_BETA0.3,0.7,0.3,500,0.44866,0.53054,0.11434,0.67367,0.67396,0.06343,0.09371,0.00237,0.01014,0.5
9,50,hybrid,HYBRID_ALPHA0.8_BETA0.2,0.8,0.2,500,0.44876,0.52213,0.11513,0.66942,0.67202,0.06388,0.09286,0.00238,0.01024,0.5
9,50,hybrid,HYBRID_ALPHA0.9_BETA0.1,0.9,0.1,500,0.44962,0.52955,0.11405,0.68486,0.67776,0.06693,0.09535,0.00244,0.00996,0.55
9,50,mse,MSE,1.0,0.0,50,0.57186,0.62322,0.21349,0.8269,0.72333,0.06198,0.10718,0.00381,0.03412,0.575
9,50,mse,MSE,1.0,0.0,100,0.45065,0.51338,0.12701,0.70347,0.68151,0.05795,0.09471,0.0022,0.02155,0.625
9,50,mse,MSE,1.0,0.0,300,0.44168,0.50048,0.1206,0.74235,0.70463,0.09389,0.10347,0.00297,0.01093,0.525
9,50,mse,MSE,1.0,0.0,500,0.44548,0.52341,0.11612,0.6889,0.67847,0.06822,0.09522,0.00256,0.01039,0.525
10,51,hsic,HSIC,0.0,1.0,50,0.74479,0.63551,0.08273,1.30863,0.938,0.31583,0.03101,0.00469,0.02055,0.6
10,51,hsic,HSIC,0.0,1.0,100,0.77557,0.63865,0.17177,1.14333,0.88036,0.23739,0.01927,0.00481,0.01588,0.65
10,51,hsic,HSIC,0.0,1.0,300,0.62466,0.66318,0.02503,1.2574,0.92306,0.27242,0.03696,0.00474,0.03397,0.725
10,51,hsic,HSIC,0.0,1.0,500,0.68502,0.70268,0.00725,1.24024,0.91591,0.26867,0.0372,0.00486,0.02442,0.675
10,51,hybrid,HYBRID_ALPHA0.1_BETA0.9,0.1,0.9,50,0.48291,0.57319,0.13388,1.26236,0.92269,0.30509,0.03073,0.00462,0.01836,0.7
10,51,hybrid,HYBRID_ALPHA0.2_BETA0.8,0.2,0.8,50,0.4749,0.56126,0.12567,1.05037,0.88683,0.05866,0.04968,0.00526,0.02526,0.65
10,51,hybrid,HYBRID_ALPHA0.3_BETA0.7,0.3,0.7,50,0.47346,0.56087,0.12776,1.06805,0.89346,0.05264,0.05241,0.00542,0.02514,0.6
10,51,hybrid,HYBRID_ALPHA0.4_BETA0.6,0.4,0.6,50,0.47172,0.55872,0.12913,0.85539,0.77608,0.06269,0.08265,0.00499,0.02331,0.55
10,51,hybrid,HYBRID_ALPHA0.5_BETA0.5,0.5,0.5,50,0.47717,0.55787,0.12659,1.18981,0.84424,0.05882,0.05834,0.00566,0.02706,0.575
10,51,hybrid,HYBRID_ALPHA0.6_BETA0.4,0.6,0.4,50,0.47607,0.55587,0.12291,5.69866,1.08226,0.05271,0.06352,0.00594,0.02302,0.575
10,51,hybrid,HYBRID_ALPHA0.7_BETA0.3,0.7,0.3,50,0.49314,0.55745,0.12131,3.54448,0.97534,0.06465,0.07447,0.00544,0.02653,0.525
10,51,hybrid,HYBRID_ALPHA0.8_BETA0.2,0.8,0.2,50,0.51131,0.56254,0.12358,2.13677,0.89733,0.06797,0.08392,0.0052,0.02785,0.5
10,51,hybrid,HYBRID_ALPHA0.9_BETA0.1,0.9,0.1,50,0.50925,0.54694,0.12629,2.82683,0.93068,0.06922,0.08015,0.0049,0.02761,0.5
10,51,hybrid,HYBRID_ALPHA0.1_BETA0.9,0.1,0.9,100,0.54965,0.555,0.14728,0.90389,0.79194,0.18074,0.03218,0.00453,0.01426,0.65
10,51,hybrid,HYBRID_ALPHA0.2_BETA0.8,0.2,0.8,100,0.52037,0.55785,0.14689,0.79516,0.7279,0.12028,0.09597,0.0022,0.01634,0.625
10,51,hybrid,HYBRID_ALPHA0.3_BETA0.7,0.3,0.7,100,0.74122,0.61846,0.17531,0.79371,0.72741,0.11447,0.10295,0.00179,0.0149,0.675
10,51,hybrid,HYBRID_ALPHA0.4_BETA0.6,0.4,0.6,100,0.73642,0.61751,0.17593,0.79164,0.72614,0.11513,0.10448,0.00177,0.01519,0.7
10,51,hybrid,HYBRID_ALPHA0.5_BETA0.5,0.5,0.5,100,0.73376,0.61726,0.17629,0.78267,0.7221,0.10582,0.10801,0.0018,0.01514,0.625
10,51,hybrid,HYBRID_ALPHA0.6_BETA0.4,0.6,0.4,100,0.72319,0.61432,0.17572,0.77521,0.72111,0.09592,0.10893,0.00191,0.01509,0.675
10,51,hybrid,HYBRID_ALPHA0.7_BETA0.3,0.7,0.3,100,0.72185,0.61392,0.17591,0.77076,0.71967,0.09147,0.10964,0.00197,0.01505,0.65
10,51,hybrid,HYBRID_ALPHA0.8_BETA0.2,0.8,0.2,100,0.7216,0.61384,0.17595,0.74163,0.71764,0.06326,0.10713,0.00279,0.0143,0.65
10,51,hybrid,HYBRID_ALPHA0.9_BETA0.1,0.9,0.1,100,0.72155,0.61382,0.17595,0.73825,0.71548,0.0626,0.10801,0.00278,0.01428,0.6
10,51,hybrid,HYBRID_ALPHA0.1_BETA0.9,0.1,0.9,300,0.4289,0.5249,0.12302,0.84063,0.74729,0.08424,0.09447,0.00316,0.00908,0.575
10,51,hybrid,HYBRID_ALPHA0.2_BETA0.8,0.2,0.8,300,0.42792,0.52302,0.12521,0.81422,0.73561,0.08581,0.09618,0.00311,0.00903,0.55
10,51,hybrid,HYBRID_ALPHA0.3_BETA0.7,0.3,0.7,300,0.42392,0.50953,0.12307,0.79628,0.72716,0.08492,0.09657,0.00311,0.00917,0.6
10,51,hybrid,HYBRID_ALPHA0.4_BETA0.6,0.4,0.6,300,0.42121,0.50224,0.12253,0.7899,0.72299,0.08935,0.09703,0.00305,0.00947,0.55
10,51,hybrid,HYBRID_ALPHA0.5_BETA0.5,0.5,0.5,300,0.41908,0.50061,0.12154,0.75845,0.70943,0.08273,0.09716,0.00308,0.00871,0.55
10,51,hybrid,HYBRID_ALPHA0.6_BETA0.4,0.6,0.4,300,0.41745,0.4968,0.1194,0.74398,0.70478,0.07854,0.09698,0.00312,0.0086,0.525
10,51,hybrid,HYBRID_ALPHA0.7_BETA0.3,0.7,0.3,300,0.41712,0.49156,0.11532,0.74067,0.70402,0.08014,0.09699,0.00324,0.0091,0.55
10,51,hybrid,HYBRID_ALPHA0.8_BETA0.2,0.8,0.2,300,0.42,0.4982,0.12228,0.72892,0.69919,0.07744,0.09701,0.00307,0.00875,0.525
10,51,hybrid,HYBRID_ALPHA0.9_BETA0.1,0.9,0.1,300,0.42016,0.49738,0.12132,0.71642,0.69428,0.07425,0.09752,0.00306,0.00866,0.575
10,51,hybrid,HYBRID_ALPHA0.1_BETA0.9,0.1,0.9,500,0.48579,0.56541,0.04661,0.76078,0.72551,0.04804,0.08526,0.00373,0.00835,0.65
10,51,hybrid,HYBRID_ALPHA0.2_BETA0.8,0.2,0.8,500,0.43492,0.51127,0.11528,0.76178,0.71648,0.07019,0.09432,0.00314,0.00847,0.575
10,51,hybrid,HYBRID_ALPHA0.3_BETA0.7,0.3,0.7,500,0.43245,0.53117,0.12987,0.75296,0.71067,0.07208,0.09592,0.00288,0.00789,0.525
10,51,hybrid,HYBRID_ALPHA0.4_BETA0.6,0.4,0.6,500,0.42223,0.51067,0.12046,0.74332,0.70529,0.07122,0.09696,0.00304,0.00843,0.6
10,51,hybrid,HYBRID_ALPHA0.5_BETA0.5,0.5,0.5,500,0.42077,0.50628,0.12045,0.7195,0.69577,0.06437,0.09814,0.00296,0.00831,0.5
10,51,hybrid,HYBRID_ALPHA0.6_BETA0.4,0.6,0.4,500,0.4198,0.50315,0.11788,0.73667,0.69834,0.07417,0.09995,0.003,0.00877,0.525
10,51,hybrid,HYBRID_ALPHA0.7_BETA0.3,0.7,0.3,500,0.43522,0.49729,0.1112,0.73267,0.69552,0.074,0.10078,0.00321,0.00922,0.525
10,51,hybrid,HYBRID_ALPHA0.8_BETA0.2,0.8,0.2,500,0.41757,0.49554,0.11535,0.70833,0.68662,0.0633,0.10117,0.00293,0.00932,0.55
10,51,hybrid,HYBRID_ALPHA0.9_BETA0.1,0.9,0.1,500,0.41812,0.49527,0.1143,0.70791,0.6858,0.06337,0.1014,0.0029,0.00948,0.55
10,51,mse,MSE,1.0,0.0,50,0.51651,0.54925,0.12818,0.95729,0.7844,0.06907,0.09339,0.00477,0.02413,0.55
10,51,mse,MSE,1.0,0.0,100,0.72771,0.6154,0.17601,0.72811,0.70738,0.05956,0.10903,0.00274,0.01429,0.625
10,51,mse,MSE,1.0,0.0,300,0.42038,0.49738,0.12054,0.70333,0.68945,0.07155,0.09687,0.00305,0.00858,0.55
10,51,mse,MSE,1.0,0.0,500,0.41715,0.49302,0.11237,0.70668,0.68471,0.06303,0.10104,0.00287,0.00956,0.55
11,52,hsic,HSIC,0.0,1.0,50,0.91275,0.73541,0.18317,1.33955,0.91855,0.01107,0.05749,0.00264,0.01836,0.7
11,52,hsic,HSIC,0.0,1.0,100,0.81479,0.65702,0.17209,1.19774,0.89725,0.27515,0.03155,0.0052,0.03123,0.675
11,52,hsic,HSIC,0.0,1.0,300,0.79412,0.64847,0.17818,1.08436,0.87182,0.05321,0.02774,0.0021,0.01342,0.575
11,52,hsic,HSIC,0.0,1.0,500,0.67979,0.6741,0.12969,1.60841,1.03964,0.08754,0.0295,0.00245,0.00964,0.6
11,52,hybrid,HYBRID_ALPHA0.1_BETA0.9,0.1,0.9,50,0.47826,0.50033,0.15403,0.74169,0.72711,0.01304,0.07073,0.00361,0.01426,0.7
11,52,hybrid,HYBRID_ALPHA0.2_BETA0.8,0.2,0.8,50,0.47923,0.50354,0.1553,0.71332,0.69511,0.03435,0.09288,0.00357,0.01596,0.675
11,52,hybrid,HYBRID_ALPHA0.3_BETA0.7,0.3,0.7,50,0.47902,0.50906,0.15152,0.71558,0.69304,0.04358,0.09457,0.00361,0.01672,0.675
11,52,hybrid,HYBRID_ALPHA0.4_BETA0.6,0.4,0.6,50,0.47959,0.51834,0.15116,0.75333,0.70974,0.0611,0.09821,0.0038,0.02013,0.65
11,52,hybrid,HYBRID_ALPHA0.5_BETA0.5,0.5,0.5,50,0.48071,0.50696,0.14292,0.73905,0.7028,0.06297,0.09955,0.00385,0.01856,0.575
11,52,hybrid,HYBRID_ALPHA0.6_BETA0.4,0.6,0.4,50,0.47579,0.50907,0.15387,0.72498,0.69636,0.05551,0.10089,0.00392,0.018,0.675
11,52,hybrid,HYBRID_ALPHA0.7_BETA0.3,0.7,0.3,50,0.47371,0.5077,0.15249,0.70403,0.68381,0.0621,0.10045,0.00371,0.01957,0.6
11,52,hybrid,HYBRID_ALPHA0.8_BETA0.2,0.8,0.2,50,0.47257,0.50532,0.14896,0.71458,0.691,0.07633,0.09573,0.00362,0.02104,0.625
11,52,hybrid,HYBRID_ALPHA0.9_BETA0.1,0.9,0.1,50,0.47037,0.50311,0.15062,0.72601,0.69853,0.09265,0.08946,0.00357,0.02218,0.575
11,52,hybrid,HYBRID_ALPHA0.1_BETA0.9,0.1,0.9,100,0.55131,0.60631,0.17393,0.84064,0.76072,0.0756,0.09768,0.00248,0.01464,0.6
11,52,hybrid,HYBRID_ALPHA0.2_BETA0.8,0.2,0.8,100,0.48058,0.57966,0.15286,0.74775,0.70934,0.06054,0.09413,0.00262,0.01181,0.65
11,52,hybrid,HYBRID_ALPHA0.3_BETA0.7,0.3,0.7,100,0.48224,0.57571,0.15718,0.73473,0.69935,0.07113,0.10006,0.00257,0.01222,0.625
11,52,hybrid,HYBRID_ALPHA0.4_BETA0.6,0.4,0.6,100,0.48031,0.56863,0.16133,0.73528,0.70035,0.06617,0.09887,0.00257,0.01235,0.65
11,52,hybrid,HYBRID_ALPHA0.5_BETA0.5,0.5,0.5,100,0.47608,0.56421,0.16005,0.72482,0.69334,0.06764,0.09998,0.00254,0.01277,0.7
11,52,hybrid,HYBRID_ALPHA0.6_BETA0.4,0.6,0.4,100,0.46269,0.5565,0.15251,0.7245,0.69289,0.06754,0.10211,0.00263,0.01286,0.625
11,52,hybrid,HYBRID_ALPHA0.7_BETA0.3,0.7,0.3,100,0.46604,0.55811,0.156,0.6846,0.67714,0.07256,0.09832,0.00238,0.01378,0.625
11,52,hybrid,HYBRID_ALPHA0.8_BETA0.2,0.8,0.2,100,0.47254,0.56099,0.16008,0.6819,0.67543,0.07455,0.09359,0.00242,0.01449,0.675
11,52,hybrid,HYBRID_ALPHA0.9_BETA0.1,0.9,0.1,100,0.47053,0.55981,0.15785,0.68659,0.67727,0.07944,0.09027,0.0025,0.0156,0.625
11,52,hybrid,HYBRID_ALPHA0.1_BETA0.9,0.1,0.9,300,0.54238,0.58376,0.14895,0.78726,0.72232,0.10878,0.09704,0.00375,0.00909,0.625
11,52,hybrid,HYBRID_ALPHA0.2_BETA0.8,0.2,0.8,300,0.49948,0.53567,0.17894,0.75976,0.70884,0.09949,0.09626,0.00403,0.00898,0.55
11,52,hybrid,HYBRID_ALPHA0.3_BETA0.7,0.3,0.7,300,0.49765,0.54186,0.17679,0.74463,0.70037,0.094,0.09692,0.00392,0.00879,0.65
11,52,hybrid,HYBRID_ALPHA0.4_BETA0.6,0.4,0.6,300,0.49663,0.54112,0.1735,0.74078,0.69723,0.0918,0.09751,0.0039,0.00881,0.55
11,52,hybrid,HYBRID_ALPHA0.5_BETA0.5,0.5,0.5,300,0.49089,0.52901,0.16754,0.73987,0.69538,0.09205,0.09784,0.00382,0.00893,0.575
11,52,hybrid,HYBRID_ALPHA0.6_BETA0.4,0.6,0.4,300,0.48718,0.52485,0.16266,0.67117,0.67068,0.06126,0.0938,0.00331,0.01012,0.625
11,52,hybrid,HYBRID_ALPHA0.7_BETA0.3,0.7,0.3,300,0.48605,0.52402,0.15839,0.67085,0.67043,0.0623,0.09461,0.00326,0.01015,0.6
11,52,hybrid,HYBRID_ALPHA0.8_BETA0.2,0.8,0.2,300,0.48214,0.51908,0.15538,0.66782,0.67138,0.05821,0.09309,0.00321,0.00999,0.55
11,52,hybrid,HYBRID_ALPHA0.9_BETA0.1,0.9,0.1,300,0.47242,0.50957,0.14809,0.66492,0.67083,0.05848,0.09339,0.00303,0.0098,0.55
11,52,hybrid,HYBRID_ALPHA0.1_BETA0.9,0.1,0.9,500,0.44129,0.52189,0.12613,0.83508,0.75588,0.06356,0.08275,0.00317,0.00897,0.6
11,52,hybrid,HYBRID_ALPHA0.2_BETA0.8,0.2,0.8,500,0.44042,0.50257,0.12687,0.76814,0.71488,0.07468,0.0983,0.00306,0.00974,0.575
11,52,hybrid,HYBRID_ALPHA0.3_BETA0.7,0.3,0.7,500,0.44486,0.53327,0.13413,0.71117,0.69533,0.06519,0.09945,0.00242,0.00993,0.7
11,52,hybrid,HYBRID_ALPHA0.4_BETA0.6,0.4,0.6,500,0.44779,0.52554,0.12783,0.69971,0.68622,0.06444,0.10342,0.00239,0.00983,0.6
11,52,hybrid,HYBRID_ALPHA0.5_BETA0.5,0.5,0.5,500,0.44402,0.52105,0.12153,0.69575,0.68164,0.06336,0.10425,0.00243,0.0099,0.65
11,52,hybrid,HYBRID_ALPHA0.6_BETA0.4,0.6,0.4,500,0.43492,0.50142,0.1226,0.71874,0.68907,0.07355,0.10848,0.00272,0.01075,0.525
11,52,hybrid,HYBRID_ALPHA0.7_BETA0.3,0.7,0.3,500,0.43781,0.5201,0.12284,0.72077,0.68872,0.07465,0.10958,0.00262,0.01003,0.65
11,52,hybrid,HYBRID_ALPHA0.8_BETA0.2,0.8,0.2,500,0.43525,0.49664,0.12189,0.72241,0.68843,0.07607,0.10944,0.00277,0.01094,0.55
11,52,hybrid,HYBRID_ALPHA0.9_BETA0.1,0.9,0.1,500,0.43795,0.49603,0.12192,0.72377,0.6881,0.07807,0.10928,0.00281,0.01104,0.625
11,52,mse,MSE,1.0,0.0,50,0.46949,0.50109,0.14725,0.74551,0.71041,0.11119,0.08271,0.00354,0.02322,0.6
11,52,mse,MSE,1.0,0.0,100,0.4736,0.56014,0.16138,0.69881,0.68536,0.09283,0.08533,0.00275,0.01563,0.6
11,52,mse,MSE,1.0,0.0,300,0.47558,0.51782,0.14595,0.67782,0.66963,0.05515,0.09281,0.00304,0.01062,0.575
11,52,mse,MSE,1.0,0.0,500,0.43786,0.49468,0.12148,0.72457,0.68774,0.08065,0.10893,0.00285,0.01105,0.575
12,53,hsic,HSIC,0.0,1.0,50,0.82017,0.65348,0.19557,1.09014,0.88381,0.02578,0.11093,0.0028,0.01214,0.625
12,53,hsic,HSIC,0.0,1.0,100,0.81149,0.66139,0.17122,1.23543,0.91397,0.2685,0.03841,0.00549,0.02054,0.675
12,53,hsic,HSIC,0.0,1.0,300,0.77659,0.67704,0.14901,0.95576,0.82604,0.08169,0.0435,0.00347,0.00765,0.575
12,53,hsic,HSIC,0.0,1.0,500,0.7684,0.6276,0.1769,1.14503,0.89432,0.02822,0.01303,0.00159,0.01102,0.6
12,53,hybrid,HYBRID_ALPHA0.1_BETA0.9,0.1,0.9,50,0.52575,0.59134,0.19545,0.7271,0.71378,0.02502,0.08999,0.00344,0.01559,0.6
12,53,hybrid,HYBRID_ALPHA0.2_BETA0.8,0.2,0.8,50,0.53839,0.60599,0.19806,0.75369,0.71184,0.04242,0.08845,0.00357,0.01854,0.775
12,53,hybrid,HYBRID_ALPHA0.3_BETA0.7,0.3,0.7,50,0.5983,0.55904,0.1361,0.74422,0.70765,0.04075,0.08646,0.00317,0.01919,0.675
12,53,hybrid,HYBRID_ALPHA0.4_BETA0.6,0.4,0.6,50,0.57441,0.56111,0.15889,0.73352,0.6993,0.04074,0.08905,0.00326,0.02056,0.675
12,53,hybrid,HYBRID_ALPHA0.5_BETA0.5,0.5,0.5,50,0.59373,0.55586,0.15181,0.73482,0.70107,0.03886,0.0878,0.00316,0.02052,0.65
12,53,hybrid,HYBRID_ALPHA0.6_BETA0.4,0.6,0.4,50,0.65125,0.57119,0.13576,0.72893,0.69817,0.06323,0.0954,0.00276,0.02248,0.7
12,53,hybrid,HYBRID_ALPHA0.7_BETA0.3,0.7,0.3,50,0.63748,0.57605,0.14293,0.77149,0.71418,0.10956,0.09403,0.00277,0.02291,0.65
12,53,hybrid,HYBRID_ALPHA0.8_BETA0.2,0.8,0.2,50,0.62948,0.57858,0.13804,0.93569,0.80253,0.22747,0.04896,0.00266,0.02394,0.725
12,53,hybrid,HYBRID_ALPHA0.9_BETA0.1,0.9,0.1,50,0.63307,0.57979,0.13689,0.94344,0.80602,0.23163,0.04765,0.00268,0.02421,0.7
12,53,hybrid,HYBRID_ALPHA0.1_BETA0.9,0.1,0.9,100,0.46138,0.55452,0.15437,0.74992,0.74216,0.06909,0.0611,0.00348,0.00797,0.65
12,53,hybrid,HYBRID_ALPHA0.2_BETA0.8,0.2,0.8,100,0.43563,0.5209,0.14491,0.70965,0.70034,0.03894,0.0771,0.00236,0.01072,0.6
12,53,hybrid,HYBRID_ALPHA0.3_BETA0.7,0.3,0.7,100,0.43284,0.51832,0.14703,0.69098,0.69884,0.0455,0.07825,0.00213,0.01232,0.65
12,53,hybrid,HYBRID_ALPHA0.4_BETA0.6,0.4,0.6,100,0.4326,0.51751,0.14785,0.68222,0.69805,0.04731,0.08279,0.00218,0.01255,0.625
12,53,hybrid,HYBRID_ALPHA0.5_BETA0.5,0.5,0.5,100,0.42967,0.51179,0.1463,0.69987,0.70191,0.06177,0.09051,0.00226,0.01326,0.65
12,53,hybrid,HYBRID_ALPHA0.6_BETA0.4,0.6,0.4,100,0.42694,0.50759,0.14608,0.75618,0.71758,0.0659,0.0838,0.00215,0.01442,0.6
12,53,hybrid,HYBRID_ALPHA0.7_BETA0.3,0.7,0.3,100,0.4374,0.52188,0.15542,0.71319,0.69484,0.07946,0.10745,0.00265,0.01238,0.6
12,53,hybrid,HYBRID_ALPHA0.8_BETA0.2,0.8,0.2,100,0.42908,0.5129,0.15706,0.74365,0.70644,0.07992,0.10771,0.00294,0.01332,0.6
12,53,hybrid,HYBRID_ALPHA0.9_BETA0.1,0.9,0.1,100,0.42946,0.51239,0.15657,0.81682,0.73378,0.05687,0.10455,0.00286,0.01663,0.725
12,53,hybrid,HYBRID_ALPHA0.1_BETA0.9,0.1,0.9,300,0.48715,0.5497,0.14975,0.76722,0.73201,0.05292,0.08216,0.00268,0.00813,0.5
12,53,hybrid,HYBRID_ALPHA0.2_BETA0.8,0.2,0.8,300,0.44388,0.52863,0.1277,0.73723,0.71681,0.05461,0.09035,0.00276,0.00988,0.625
12,53,hybrid,HYBRID_ALPHA0.3_BETA0.7,0.3,0.7,300,0.44023,0.52101,0.12109,0.7214,0.70636,0.057,0.09324,0.00273,0.01074,0.55
12,53,hybrid,HYBRID_ALPHA0.4_BETA0.6,0.4,0.6,300,0.43567,0.51432,0.12042,0.7145,0.69935,0.05891,0.09544,0.00268,0.01112,0.525
12,53,hybrid,HYBRID_ALPHA0.5_BETA0.5,0.5,0.5,300,0.43555,0.51277,0.11973,0.74418,0.70224,0.07747,0.09686,0.0027,0.01189,0.6
12,53,hybrid,HYBRID_ALPHA0.6_BETA0.4,0.6,0.4,300,0.44189,0.51651,0.11773,0.74062,0.69914,0.07752,0.09805,0.00268,0.01213,0.575
12,53,hybrid,HYBRID_ALPHA0.7_BETA0.3,0.7,0.3,300,0.43999,0.51238,0.11472,0.74049,0.69806,0.0788,0.09827,0.0027,0.01268,0.6
12,53,hybrid,HYBRID_ALPHA0.8_BETA0.2,0.8,0.2,300,0.44298,0.51291,0.11492,0.74033,0.69717,0.07961,0.09882,0.00268,0.01272,0.575
12,53,hybrid,HYBRID_ALPHA0.9_BETA0.1,0.9,0.1,300,0.43898,0.50859,0.11301,0.73887,0.69555,0.07974,0.09909,0.00266,0.01303,0.575
12,53,hybrid,HYBRID_ALPHA0.1_BETA0.9,0.1,0.9,500,0.51794,0.60074,0.09069,0.76495,0.7276,0.04951,0.08735,0.00312,0.00743,0.55
12,53,hybrid,HYBRID_ALPHA0.2_BETA0.8,0.2,0.8,500,0.47265,0.53095,0.13073,0.74635,0.71771,0.05187,0.09249,0.0032,0.00781,0.575
12,53,hybrid,HYBRID_ALPHA0.3_BETA0.7,0.3,0.7,500,0.47274,0.52736,0.12868,0.70813,0.69003,0.0548,0.09213,0.00252,0.01169,0.525
12,53,hybrid,HYBRID_ALPHA0.4_BETA0.6,0.4,0.6,500,0.47102,0.52309,0.1275,0.71338,0.69149,0.05249,0.09294,0.00256,0.01164,0.5
12,53,hybrid,HYBRID_ALPHA0.5_BETA0.5,0.5,0.5,500,0.46181,0.52706,0.13751,0.7239,0.69049,0.05151,0.08494,0.00243,0.01123,0.55
12,53,hybrid,HYBRID_ALPHA0.6_BETA0.4,0.6,0.4,500,0.46307,0.52599,0.13415,0.72535,0.69148,0.05228,0.08407,0.00245,0.01121,0.575
12,53,hybrid,HYBRID_ALPHA0.7_BETA0.3,0.7,0.3,500,0.46043,0.51968,0.12796,0.72494,0.69114,0.05257,0.08407,0.00239,0.01105,0.55
12,53,hybrid,HYBRID_ALPHA0.8_BETA0.2,0.8,0.2,500,0.45998,0.53254,0.13096,0.72641,0.69011,0.06456,0.0957,0.00236,0.01026,0.65
12,53,hybrid,HYBRID_ALPHA0.9_BETA0.1,0.9,0.1,500,0.46171,0.52383,0.12327,0.72716,0.68901,0.06394,0.09408,0.00238,0.01039,0.625
12,53,mse,MSE,1.0,0.0,50,0.63627,0.57471,0.12996,0.94999,0.80896,0.23526,0.04641,0.00243,0.02377,0.7
12,53,mse,MSE,1.0,0.0,100,0.42717,0.5092,0.15659,0.78658,0.72751,0.06379,0.07943,0.00231,0.01719,0.65
12,53,mse,MSE,1.0,0.0,300,0.4473,0.5098,0.11048,0.69638,0.67746,0.05852,0.09725,0.00236,0.01416,0.6
12,53,mse,MSE,1.0,0.0,500,0.4617,0.52153,0.12378,0.72602,0.68843,0.06216,0.09311,0.00241,0.01059,0.575
13,54,hsic,HSIC,0.0,1.0,50,0.81813,0.66916,0.16081,0.76998,0.72983,0.04805,0.09745,0.00281,0.01031,0.55
13,54,hsic,HSIC,0.0,1.0,100,0.78777,0.64361,0.17277,0.93492,0.81018,0.0605,0.02968,0.0037,0.02657,0.675
13,54,hsic,HSIC,0.0,1.0,300,0.65846,0.68248,0.06733,1.08582,0.8453,0.10462,0.04127,0.00191,0.01236,0.575
13,54,hsic,HSIC,0.0,1.0,500,0.85825,0.75018,0.11605,1.25121,0.91988,0.27003,0.03759,0.00489,0.01866,0.6
13,54,hybrid,HYBRID_ALPHA0.1_BETA0.9,0.1,0.9,50,0.44156,0.48862,0.10319,0.74961,0.71645,0.04396,0.0981,0.00273,0.01373,0.525
13,54,hybrid,HYBRID_ALPHA0.2_BETA0.8,0.2,0.8,50,0.52293,0.54664,0.13617,0.71618,0.70242,0.04112,0.09772,0.00256,0.00897,0.625
13,54,hybrid,HYBRID_ALPHA0.3_BETA0.7,0.3,0.7,50,0.51156,0.55239,0.14179,0.71094,0.69913,0.04335,0.09798,0.00249,0.00972,0.625
13,54,hybrid,HYBRID_ALPHA0.4_BETA0.6,0.4,0.6,50,0.50061,0.55243,0.13855,0.74919,0.70598,0.07295,0.09633,0.00238,0.01045,0.6
13,54,hybrid,HYBRID_ALPHA0.5_BETA0.5,0.5,0.5,50,0.49627,0.55568,0.13936,0.76959,0.71338,0.08014,0.0964,0.00243,0.01071,0.575
13,54,hybrid,HYBRID_ALPHA0.6_BETA0.4,0.6,0.4,50,0.48118,0.55233,0.14097,0.6987,0.69326,0.05116,0.08881,0.00204,0.00988,0.525
13,54,hybrid,HYBRID_ALPHA0.7_BETA0.3,0.7,0.3,50,0.47932,0.55422,0.14122,0.73819,0.70408,0.07556,0.08794,0.00223,0.01004,0.6
13,54,hybrid,HYBRID_ALPHA0.8_BETA0.2,0.8,0.2,50,0.4777,0.55521,0.1414,0.74681,0.70818,0.08194,0.08693,0.00227,0.01036,0.575
13,54,hybrid,HYBRID_ALPHA0.9_BETA0.1,0.9,0.1,50,0.48761,0.56386,0.14638,0.73311,0.68809,0.05881,0.07686,0.00161,0.00998,0.525
13,54,hybrid,HYBRID_ALPHA0.1_BETA0.9,0.1,0.9,100,0.58543,0.66395,0.17565,0.70178,0.69757,0.03362,0.07665,0.00267,0.01352,0.6
13,54,hybrid,HYBRID_ALPHA0.2_BETA0.8,0.2,0.8,100,0.44254,0.49714,0.14162,0.7014,0.69655,0.03325,0.076,0.0033,0.00695,0.625
13,54,hybrid,HYBRID_ALPHA0.3_BETA0.7,0.3,0.7,100,0.44895,0.49987,0.14292,0.69518,0.69668,0.03444,0.07063,0.00361,0.0089,0.6
13,54,hybrid,HYBRID_ALPHA0.4_BETA0.6,0.4,0.6,100,0.45242,0.51384,0.14252,0.76961,0.71589,0.02907,0.0826,0.00333,0.0077,0.6
13,54,hybrid,HYBRID_ALPHA0.5_BETA0.5,0.5,0.5,100,0.44831,0.50701,0.1398,0.93673,0.75235,0.02786,0.09449,0.00327,0.00823,0.6
13,54,hybrid,HYBRID_ALPHA0.6_BETA0.4,0.6,0.4,100,0.44351,0.50633,0.13818,0.68915,0.68366,0.03863,0.08437,0.00329,0.00908,0.55
13,54,hybrid,HYBRID_ALPHA0.7_BETA0.3,0.7,0.3,100,0.47611,0.57809,0.1462,0.71272,0.69591,0.04172,0.08501,0.00312,0.00994,0.525
13,54,hybrid,HYBRID_ALPHA0.8_BETA0.2,0.8,0.2,100,0.44466,0.522,0.13611,0.79026,0.71185,0.0354,0.09583,0.00316,0.00712,0.525
13,54,hybrid,HYBRID_ALPHA0.9_BETA0.1,0.9,0.1,100,0.44682,0.51078,0.14087,0.80724,0.71661,0.03914,0.10006,0.00327,0.00818,0.55
13,54,hybrid,HYBRID_ALPHA0.1_BETA0.9,0.1,0.9,300,0.52092,0.59789,0.16188,0.80252,0.7518,0.05261,0.07844,0.00247,0.01035,0.575
13,54,hybrid,HYBRID_ALPHA0.2_BETA0.8,0.2,0.8,300,0.42447,0.50958,0.12757,0.7587,0.71553,0.07322,0.0917,0.00282,0.00953,0.55
13,54,hybrid,HYBRID_ALPHA0.3_BETA0.7,0.3,0.7,300,0.44553,0.53774,0.12454,0.75212,0.71028,0.07717,0.09345,0.00273,0.00966,0.5
13,54,hybrid,HYBRID_ALPHA0.4_BETA0.6,0.4,0.6,300,0.42385,0.49271,0.11248,0.74919,0.70747,0.07961,0.09456,0.00267,0.00991,0.525
13,54,hybrid,HYBRID_ALPHA0.5_BETA0.5,0.5,0.5,300,0.42562,0.50641,0.11841,0.72179,0.69848,0.07622,0.09513,0.0026,0.00997,0.5
13,54,hybrid,HYBRID_ALPHA0.6_BETA0.4,0.6,0.4,300,0.43338,0.53016,0.13023,0.71521,0.69308,0.07612,0.09702,0.0025,0.00973,0.575
13,54,hybrid,HYBRID_ALPHA0.7_BETA0.3,0.7,0.3,300,0.42883,0.52057,0.12881,0.7128,0.69109,0.07614,0.0985,0.00252,0.00985,0.575
13,54,hybrid,HYBRID_ALPHA0.8_BETA0.2,0.8,0.2,300,0.42596,0.51289,0.12567,0.71083,0.68964,0.07607,0.09982,0.00252,0.01002,0.575
13,54,hybrid,HYBRID_ALPHA0.9_BETA0.1,0.9,0.1,300,0.42508,0.50763,0.12235,0.70768,0.68784,0.0751,0.10067,0.00249,0.00999,0.525
13,54,hybrid,HYBRID_ALPHA0.1_BETA0.9,0.1,0.9,500,0.49871,0.58676,0.07147,0.73254,0.73269,0.02909,0.0544,0.00293,0.01146,0.6
13,54,hybrid,HYBRID_ALPHA0.2_BETA0.8,0.2,0.8,500,0.44544,0.51915,0.11559,0.7365,0.71437,0.04905,0.09415,0.00308,0.00771,0.55
13,54,hybrid,HYBRID_ALPHA0.3_BETA0.7,0.3,0.7,500,0.44431,0.53193,0.11926,0.664,0.66957,0.0423,0.09512,0.00198,0.01062,0.525
13,54,hybrid,HYBRID_ALPHA0.4_BETA0.6,0.4,0.6,500,0.44351,0.52844,0.1161,0.67981,0.67413,0.04384,0.09281,0.00195,0.00955,0.525
13,54,hybrid,HYBRID_ALPHA0.5_BETA0.5,0.5,0.5,500,0.43919,0.51225,0.11368,0.68193,0.67311,0.04406,0.09179,0.002,0.01005,0.5
13,54,hybrid,HYBRID_ALPHA0.6_BETA0.4,0.6,0.4,500,0.45446,0.52353,0.12211,0.68315,0.67397,0.04805,0.09029,0.00243,0.00981,0.525
13,54,hybrid,HYBRID_ALPHA0.7_BETA0.3,0.7,0.3,500,0.45138,0.52055,0.12242,0.68284,0.67306,0.04868,0.0904,0.00244,0.0101,0.525
13,54,hybrid,HYBRID_ALPHA0.8_BETA0.2,0.8,0.2,500,0.4429,0.50635,0.11621,0.68224,0.67166,0.04858,0.09064,0.00244,0.01059,0.5
13,54,hybrid,HYBRID_ALPHA0.9_BETA0.1,0.9,0.1,500,0.43603,0.51767,0.12387,0.68189,0.67019,0.04859,0.09067,0.00224,0.01037,0.575
13,54,mse,MSE,1.0,0.0,50,0.4955,0.56935,0.15152,0.77673,0.72349,0.09953,0.0782,0.00197,0.01174,0.525
13,54,mse,MSE,1.0,0.0,100,0.44722,0.50912,0.13956,0.81465,0.71243,0.04398,0.11086,0.00328,0.00828,0.575
13,54,mse,MSE,1.0,0.0,300,0.42217,0.49577,0.11545,0.69569,0.68372,0.06927,0.10082,0.00249,0.01032,0.55
13,54,mse,MSE,1.0,0.0,500,0.43578,0.51324,0.12284,0.68176,0.66934,0.04852,0.09099,0.00226,0.0104,0.55
14,55,hsic,HSIC,0.0,1.0,50,0.78667,0.63919,0.17548,0.98737,0.82307,0.03516,0.07084,0.00323,0.01196,0.6
14,55,hsic,HSIC,0.0,1.0,100,0.77164,0.73464,0.10521,0.99161,0.83167,0.05973,0.0532,0.00301,0.00966,0.55
14,55,hsic,HSIC,0.0,1.0,300,0.84199,0.6779,0.16374,0.9891,0.85786,0.06221,0.05279,0.00278,0.02119,0.55
14,55,hsic,HSIC,0.0,1.0,500,0.63331,0.69562,0.01516,1.09428,0.84657,0.03275,0.02747,0.00188,0.01997,0.625
14,55,hybrid,HYBRID_ALPHA0.1_BETA0.9,0.1,0.9,50,0.67518,0.59486,0.17315,0.78589,0.74778,0.08932,0.03868,0.00417,0.01133,0.65
14,55,hybrid,HYBRID_ALPHA0.2_BETA0.8,0.2,0.8,50,0.53053,0.57455,0.16615,0.73603,0.73756,0.01929,0.09647,0.00263,0.01025,0.525
14,55,hybrid,HYBRID_ALPHA0.3_BETA0.7,0.3,0.7,50,0.51827,0.58375,0.16736,0.73015,0.72975,0.02235,0.09491,0.00264,0.01027,0.575
14,55,hybrid,HYBRID_ALPHA0.4_BETA0.6,0.4,0.6,50,0.50954,0.58956,0.16661,0.70697,0.71715,0.01619,0.08829,0.00271,0.00918,0.675
14,55,hybrid,HYBRID_ALPHA0.5_BETA0.5,0.5,0.5,50,0.5121,0.59194,0.16711,0.7103,0.70711,0.02926,0.0904,0.00277,0.0097,0.55
14,55,hybrid,HYBRID_ALPHA0.6_BETA0.4,0.6,0.4,50,0.50718,0.59341,0.16656,0.70297,0.70652,0.02833,0.0916,0.00269,0.00962,0.55
14,55,hybrid,HYBRID_ALPHA0.7_BETA0.3,0.7,0.3,50,0.50801,0.59467,0.16696,0.68674,0.6982,0.02513,0.08685,0.00275,0.00913,0.55
14,55,hybrid,HYBRID_ALPHA0.8_BETA0.2,0.8,0.2,50,0.51013,0.59585,0.1678,0.68529,0.69531,0.02315,0.08851,0.00261,0.00936,0.65
14,55,hybrid,HYBRID_ALPHA0.9_BETA0.1,0.9,0.1,50,0.51221,0.59569,0.16702,0.6833,0.69359,0.02526,0.0913,0.0026,0.00976,0.625
14,55,hybrid,HYBRID_ALPHA0.1_BETA0.9,0.1,0.9,100,0.45836,0.51145,0.11459,0.75166,0.72577,0.06104,0.07783,0.00293,0.01189,0.525
14,55,hybrid,HYBRID_ALPHA0.2_BETA0.8,0.2,0.8,100,0.48668,0.52487,0.10709,0.74591,0.72013,0.05285,0.08064,0.00313,0.01349,0.525
14,55,hybrid,HYBRID_ALPHA0.3_BETA0.7,0.3,0.7,100,0.45957,0.52646,0.11367,0.73293,0.70999,0.0537,0.08863,0.00296,0.01324,0.525
14,55,hybrid,HYBRID_ALPHA0.4_BETA0.6,0.4,0.6,100,0.47759,0.54198,0.11455,0.72574,0.70453,0.05815,0.09223,0.00276,0.01194,0.6
14,55,hybrid,HYBRID_ALPHA0.5_BETA0.5,0.5,0.5,100,0.46913,0.53721,0.11273,0.70403,0.69287,0.06017,0.09513,0.00272,0.0125,0.6
14,55,hybrid,HYBRID_ALPHA0.6_BETA0.4,0.6,0.4,100,0.45713,0.53113,0.11304,0.70278,0.69202,0.06201,0.09583,0.00277,0.01265,0.575
14,55,hybrid,HYBRID_ALPHA0.7_BETA0.3,0.7,0.3,100,0.46051,0.51958,0.1134,0.70132,0.69177,0.06276,0.09577,0.00291,0.01483,0.525
14,55,hybrid,HYBRID_ALPHA0.8_BETA0.2,0.8,0.2,100,0.46227,0.51827,0.11269,0.70056,0.69183,0.06256,0.09651,0.00294,0.01522,0.5
14,55,hybrid,HYBRID_ALPHA0.9_BETA0.1,0.9,0.1,100,0.45372,0.52793,0.11191,0.70065,0.69235,0.06273,0.09687,0.00274,0.01289,0.6
14,55,hybrid,HYBRID_ALPHA0.1_BETA0.9,0.1,0.9,300,0.5718,0.60423,0.06628,0.80293,0.74415,0.02948,0.07719,0.00274,0.0145,0.6
14,55,hybrid,HYBRID_ALPHA0.2_BETA0.8,0.2,0.8,300,0.50671,0.55692,0.10764,0.77918,0.73062,0.03348,0.08865,0.00292,0.01245,0.575
14,55,hybrid,HYBRID_ALPHA0.3_BETA0.7,0.3,0.7,300,0.47528,0.53623,0.12098,0.71437,0.70344,0.03797,0.09047,0.00284,0.01284,0.5
14,55,hybrid,HYBRID_ALPHA0.4_BETA0.6,0.4,0.6,300,0.47349,0.52986,0.12463,0.71483,0.70071,0.03943,0.09322,0.00266,0.01334,0.575
14,55,hybrid,HYBRID_ALPHA0.5_BETA0.5,0.5,0.5,300,0.47357,0.52312,0.12237,0.7151,0.69788,0.04106,0.09494,0.00268,0.01377,0.55
14,55,hybrid,HYBRID_ALPHA0.6_BETA0.4,0.6,0.4,300,0.46776,0.52018,0.12457,0.71641,0.69675,0.04255,0.09528,0.00269,0.01423,0.575
14,55,hybrid,HYBRID_ALPHA0.7_BETA0.3,0.7,0.3,300,0.46395,0.51127,0.12075,0.71699,0.69617,0.04375,0.09533,0.00277,0.01472,0.55
14,55,hybrid,HYBRID_ALPHA0.8_BETA0.2,0.8,0.2,300,0.47517,0.51832,0.11484,0.71533,0.69516,0.04556,0.09632,0.00269,0.01457,0.525
14,55,hybrid,HYBRID_ALPHA0.9_BETA0.1,0.9,0.1,300,0.47737,0.51665,0.11391,0.71582,0.69508,0.04673,0.09609,0.00271,0.01471,0.5
14,55,hybrid,HYBRID_ALPHA0.1_BETA0.9,0.1,0.9,500,0.49452,0.59022,0.07051,0.74993,0.72591,0.07167,0.07691,0.00275,0.00797,0.625
14,55,hybrid,HYBRID_ALPHA0.2_BETA0.8,0.2,0.8,500,0.44937,0.51991,0.11322,0.68282,0.68355,0.0598,0.10372,0.00244,0.00885,0.6
14,55,hybrid,HYBRID_ALPHA0.3_BETA0.7,0.3,0.7,500,0.45074,0.51729,0.11031,0.68175,0.67636,0.05757,0.10488,0.00245,0.00946,0.55
14,55,hybrid,HYBRID_ALPHA0.4_BETA0.6,0.4,0.6,500,0.43689,0.52258,0.11723,0.72117,0.68888,0.07363,0.10093,0.00278,0.00948,0.625
14,55,hybrid,HYBRID_ALPHA0.5_BETA0.5,0.5,0.5,500,0.43699,0.51771,0.11457,0.7132,0.68488,0.07335,0.10148,0.00279,0.00961,0.525
14,55,hybrid,HYBRID_ALPHA0.6_BETA0.4,0.6,0.4,500,0.43625,0.51539,0.11431,0.70887,0.68302,0.07395,0.10161,0.00276,0.00973,0.55
14,55,hybrid,HYBRID_ALPHA0.7_BETA0.3,0.7,0.3,500,0.43586,0.51334,0.11379,0.70662,0.68164,0.07486,0.10208,0.00274,0.0099,0.525
14,55,hybrid,HYBRID_ALPHA0.8_BETA0.2,0.8,0.2,500,0.44293,0.51784,0.11748,0.70531,0.68104,0.0757,0.1025,0.00259,0.00984,0.575
14,55,hybrid,HYBRID_ALPHA0.9_BETA0.1,0.9,0.1,500,0.44481,0.51834,0.11798,0.70424,0.68061,0.0757,0.10271,0.00255,0.00972,0.5
14,55,mse,MSE,1.0,0.0,50,0.51182,0.59514,0.16889,0.69165,0.69873,0.02637,0.09121,0.00257,0.00989,0.625
14,55,mse,MSE,1.0,0.0,100,0.45643,0.5282,0.11093,0.69935,0.6929,0.05989,0.09814,0.00279,0.01286,0.575
14,55,mse,MSE,1.0,0.0,300,0.47917,0.51551,0.11309,0.71621,0.69504,0.04795,0.09542,0.00272,0.01483,0.525
14,55,mse,MSE,1.0,0.0,500,0.44405,0.5111,0.11212,0.70302,0.68037,0.07505,0.1028,0.00264,0.01035,0.525
15,56,hsic,HSIC,0.0,1.0,50,0.91599,0.80149,0.12617,1.19017,0.8981,0.25259,0.04246,0.00475,0.01916,0.575
15,56,hsic,HSIC,0.0,1.0,100,0.76792,0.62751,0.17659,0.98321,0.84294,0.09242,0.06719,0.00324,0.01832,0.7
15,56,hsic,HSIC,0.0,1.0,300,0.68261,0.70166,0.01496,0.95326,0.80563,0.08946,0.06064,0.00238,0.02151,0.625
15,56,hsic,HSIC,0.0,1.0,500,0.63669,0.66637,0.0159,0.93271,0.81206,0.07262,0.03424,0.0046,0.01956,0.625
15,56,hybrid,HYBRID_ALPHA0.1_BETA0.9,0.1,0.9,50,0.48415,0.57824,0.14952,0.94648,0.79711,0.21673,0.05841,0.00397,0.01557,0.575
15,56,hybrid,HYBRID_ALPHA0.2_BETA0.8,0.2,0.8,50,0.4709,0.54904,0.1377,0.90951,0.7778,0.19355,0.06964,0.00363,0.01409,0.6
15,56,hybrid,HYBRID_ALPHA0.3_BETA0.7,0.3,0.7,50,0.47416,0.55931,0.14167,0.88682,0.76639,0.17646,0.07327,0.00379,0.01471,0.6
15,56,hybrid,HYBRID_ALPHA0.4_BETA0.6,0.4,0.6,50,0.47789,0.56052,0.1322,0.87178,0.7615,0.16289,0.07671,0.00361,0.01475,0.575
15,56,hybrid,HYBRID_ALPHA0.5_BETA0.5,0.5,0.5,50,0.47632,0.55763,0.1216,0.87494,0.76181,0.15453,0.08247,0.00335,0.01476,0.5
15,56,hybrid,HYBRID_ALPHA0.6_BETA0.4,0.6,0.4,50,0.47405,0.54932,0.11737,0.88213,0.76351,0.15087,0.08536,0.00331,0.01459,0.525
15,56,hybrid,HYBRID_ALPHA0.7_BETA0.3,0.7,0.3,50,0.48516,0.55629,0.11392,0.89385,0.76736,0.15319,0.08535,0.00323,0.01486,0.525
15,56,hybrid,HYBRID_ALPHA0.8_BETA0.2,0.8,0.2,50,0.4782,0.54333,0.11797,0.90484,0.76912,0.15123,0.08881,0.00326,0.01497,0.525
15,56,hybrid,HYBRID_ALPHA0.9_BETA0.1,0.9,0.1,50,0.48476,0.55089,0.11759,0.90103,0.76645,0.15281,0.08896,0.00321,0.0152,0.525
15,56,hybrid,HYBRID_ALPHA0.1_BETA0.9,0.1,0.9,100,0.7645,0.6262,0.17658,0.75075,0.71833,0.04372,0.08972,0.00253,0.01428,0.625
15,56,hybrid,HYBRID_ALPHA0.2_BETA0.8,0.2,0.8,100,0.47389,0.55747,0.12544,0.71048,0.69785,0.04539,0.09551,0.00293,0.00799,0.625
15,56,hybrid,HYBRID_ALPHA0.3_BETA0.7,0.3,0.7,100,0.48093,0.55154,0.12354,0.6971,0.68974,0.04377,0.09615,0.00296,0.00843,0.6
15,56,hybrid,HYBRID_ALPHA0.4_BETA0.6,0.4,0.6,100,0.48051,0.56445,0.12834,0.69347,0.68715,0.04548,0.09728,0.00273,0.00848,0.6
15,56,hybrid,HYBRID_ALPHA0.5_BETA0.5,0.5,0.5,100,0.47948,0.56396,0.12784,0.69819,0.68923,0.05159,0.09737,0.0027,0.0086,0.525
15,56,hybrid,HYBRID_ALPHA0.6_BETA0.4,0.6,0.4,100,0.48195,0.56885,0.12811,0.70959,0.69963,0.05304,0.09672,0.00275,0.00833,0.6
15,56,hybrid,HYBRID_ALPHA0.7_BETA0.3,0.7,0.3,100,0.46902,0.5527,0.12856,0.74313,0.7066,0.07876,0.09608,0.00309,0.00903,0.675
15,56,hybrid,HYBRID_ALPHA0.8_BETA0.2,0.8,0.2,100,0.46871,0.5568,0.13045,0.74294,0.70693,0.08145,0.09565,0.00302,0.00921,0.575
15,56,hybrid,HYBRID_ALPHA0.9_BETA0.1,0.9,0.1,100,0.46609,0.55544,0.13241,0.74412,0.70859,0.08129,0.09491,0.00311,0.00953,0.575
15,56,hybrid,HYBRID_ALPHA0.1_BETA0.9,0.1,0.9,300,0.42397,0.48862,0.12041,0.71084,0.71545,0.06981,0.06134,0.00291,0.01069,0.625
15,56,hybrid,HYBRID_ALPHA0.2_BETA0.8,0.2,0.8,300,0.43319,0.50346,0.12571,0.68243,0.68969,0.0651,0.07854,0.0032,0.00835,0.525
15,56,hybrid,HYBRID_ALPHA0.3_BETA0.7,0.3,0.7,300,0.44476,0.51281,0.1256,0.72237,0.6958,0.07247,0.09541,0.00304,0.00874,0.525
15,56,hybrid,HYBRID_ALPHA0.4_BETA0.6,0.4,0.6,300,0.44708,0.51253,0.12462,0.71562,0.69164,0.07114,0.09694,0.00305,0.00924,0.525
15,56,hybrid,HYBRID_ALPHA0.5_BETA0.5,0.5,0.5,300,0.44764,0.5135,0.12455,0.70956,0.68771,0.07064,0.0979,0.00304,0.0093,0.5
15,56,hybrid,HYBRID_ALPHA0.6_BETA0.4,0.6,0.4,300,0.46399,0.54142,0.11784,0.71038,0.68786,0.07332,0.09808,0.0026,0.0071,0.575
15,56,hybrid,HYBRID_ALPHA0.7_BETA0.3,0.7,0.3,300,0.45,0.51329,0.12591,0.71155,0.68847,0.07606,0.09804,0.00309,0.00929,0.575
15,56,hybrid,HYBRID_ALPHA0.8_BETA0.2,0.8,0.2,300,0.45399,0.53392,0.11794,0.70906,0.68743,0.0762,0.09753,0.0026,0.00737,0.55
15,56,hybrid,HYBRID_ALPHA0.9_BETA0.1,0.9,0.1,300,0.44277,0.50507,0.12292,0.70652,0.68687,0.07634,0.09802,0.00305,0.00901,0.5
15,56,hybrid,HYBRID_ALPHA0.1_BETA0.9,0.1,0.9,500,0.44444,0.54012,0.13045,0.79423,0.73106,0.09757,0.08614,0.00318,0.00888,0.55
15,56,hybrid,HYBRID_ALPHA0.2_BETA0.8,0.2,0.8,500,0.43762,0.52739,0.12983,0.81384,0.73234,0.12841,0.08932,0.00304,0.01039,0.55
15,56,hybrid,HYBRID_ALPHA0.3_BETA0.7,0.3,0.7,500,0.42993,0.51912,0.13067,0.80132,0.72463,0.11499,0.09283,0.00288,0.01028,0.575
15,56,hybrid,HYBRID_ALPHA0.4_BETA0.6,0.4,0.6,500,0.43128,0.51343,0.12824,0.78292,0.71439,0.10664,0.09609,0.0028,0.01009,0.575
15,56,hybrid,HYBRID_ALPHA0.5_BETA0.5,0.5,0.5,500,0.42914,0.50751,0.12781,0.7778,0.71088,0.10616,0.09612,0.00276,0.01011,0.525
15,56,hybrid,HYBRID_ALPHA0.6_BETA0.4,0.6,0.4,500,0.42748,0.50291,0.12569,0.77175,0.70784,0.10412,0.0975,0.00272,0.01009,0.55
15,56,hybrid,HYBRID_ALPHA0.7_BETA0.3,0.7,0.3,500,0.43115,0.51379,0.13295,0.77309,0.70748,0.10872,0.09697,0.00281,0.0097,0.55
15,56,hybrid,HYBRID_ALPHA0.8_BETA0.2,0.8,0.2,500,0.43189,0.51175,0.13252,0.77103,0.70438,0.10668,0.09746,0.00278,0.00993,0.55
15,56,hybrid,HYBRID_ALPHA0.9_BETA0.1,0.9,0.1,500,0.42989,0.50756,0.13159,0.77008,0.70286,0.10485,0.09746,0.00276,0.01015,0.525
15,56,mse,MSE,1.0,0.0,50,0.47969,0.54889,0.12266,0.90365,0.76697,0.15628,0.08809,0.00337,0.01522,0.525
15,56,mse,MSE,1.0,0.0,100,0.45431,0.53617,0.13122,0.74414,0.70842,0.08301,0.0948,0.00316,0.00959,0.65
15,56,mse,MSE,1.0,0.0,300,0.44776,0.52003,0.11398,0.7046,0.68609,0.07579,0.09927,0.00267,0.00805,0.55
15,56,mse,MSE,1.0,0.0,500,0.42832,0.50101,0.12845,0.76831,0.7016,0.10313,0.09766,0.00271,0.01046,0.575
16,57,hsic,HSIC,0.0,1.0,50,0.56552,0.63283,0.07253,0.9753,0.80459,0.15764,0.03205,0.00343,0.02389,0.675
16,57,hsic,HSIC,0.0,1.0,100,0.78736,0.6462,0.1733,1.24748,0.91564,0.28907,0.02938,0.00519,0.03244,0.625
16,57,hsic,HSIC,0.0,1.0,300,0.60997,0.65255,0.03339,1.1898,0.89922,0.07708,0.07788,0.00223,0.01753,0.7
16,57,hsic,HSIC,0.0,1.0,500,0.68037,0.69899,0.0112,1.32444,0.94107,0.04549,0.03428,0.00332,0.02475,0.75
16,57,hybrid,HYBRID_ALPHA0.1_BETA0.9,0.1,0.9,50,0.4643,0.54513,0.16662,0.72862,0.72106,0.01532,0.06622,0.0025,0.00974,0.625
16,57,hybrid,HYBRID_ALPHA0.2_BETA0.8,0.2,0.8,50,0.47027,0.53321,0.16113,0.72609,0.69705,0.08156,0.08725,0.00283,0.01488,0.725
16,57,hybrid,HYBRID_ALPHA0.3_BETA0.7,0.3,0.7,50,0.49022,0.53411,0.16332,0.73537,0.70597,0.08063,0.08624,0.00297,0.01498,0.7
16,57,hybrid,HYBRID_ALPHA0.4_BETA0.6,0.4,0.6,50,0.49234,0.55633,0.14213,0.73836,0.70986,0.08555,0.08399,0.00256,0.01499,0.725
16,57,hybrid,HYBRID_ALPHA0.5_BETA0.5,0.5,0.5,50,0.52027,0.54903,0.15287,0.73278,0.70836,0.08459,0.08262,0.00279,0.01574,0.725
16,57,hybrid,HYBRID_ALPHA0.6_BETA0.4,0.6,0.4,50,0.53293,0.55366,0.15272,0.73542,0.71006,0.09625,0.07977,0.00283,0.01726,0.65
16,57,hybrid,HYBRID_ALPHA0.7_BETA0.3,0.7,0.3,50,0.50944,0.55635,0.13686,0.77295,0.72454,0.1159,0.0771,0.00289,0.01918,0.8
16,57,hybrid,HYBRID_ALPHA0.8_BETA0.2,0.8,0.2,50,0.51839,0.55544,0.13283,0.8105,0.72699,0.08333,0.07829,0.00247,0.01741,0.65
16,57,hybrid,HYBRID_ALPHA0.9_BETA0.1,0.9,0.1,50,0.52425,0.55614,0.13269,0.81314,0.74069,0.14044,0.07168,0.00311,0.01899,0.775
16,57,hybrid,HYBRID_ALPHA0.1_BETA0.9,0.1,0.9,100,0.55972,0.59829,0.08182,0.85241,0.78122,0.0707,0.09871,0.0031,0.01488,0.55
16,57,hybrid,HYBRID_ALPHA0.2_BETA0.8,0.2,0.8,100,0.49198,0.54621,0.08501,0.77303,0.73183,0.06738,0.09726,0.00339,0.01244,0.575
16,57,hybrid,HYBRID_ALPHA0.3_BETA0.7,0.3,0.7,100,0.46756,0.51452,0.10343,0.75182,0.71898,0.0604,0.09451,0.00287,0.01269,0.5
16,57,hybrid,HYBRID_ALPHA0.4_BETA0.6,0.4,0.6,100,0.42969,0.48677,0.11801,0.74286,0.71099,0.05895,0.0948,0.00313,0.01269,0.5
16,57,hybrid,HYBRID_ALPHA0.5_BETA0.5,0.5,0.5,100,0.44045,0.49256,0.10313,0.75465,0.71534,0.0663,0.09835,0.00321,0.01379,0.55
16,57,hybrid,HYBRID_ALPHA0.6_BETA0.4,0.6,0.4,100,0.43299,0.48803,0.11378,0.77023,0.71754,0.08395,0.10393,0.00302,0.0146,0.525
16,57,hybrid,HYBRID_ALPHA0.7_BETA0.3,0.7,0.3,100,0.44385,0.49221,0.1015,0.74575,0.70764,0.0597,0.0977,0.00304,0.01421,0.575
16,57,hybrid,HYBRID_ALPHA0.8_BETA0.2,0.8,0.2,100,0.43575,0.48776,0.11434,0.74337,0.7027,0.05711,0.09742,0.00299,0.01347,0.55
16,57,hybrid,HYBRID_ALPHA0.9_BETA0.1,0.9,0.1,100,0.46454,0.49948,0.09968,0.74406,0.69911,0.05621,0.09733,0.00275,0.01419,0.55
16,57,hybrid,HYBRID_ALPHA0.1_BETA0.9,0.1,0.9,300,0.49044,0.56206,0.12485,0.78721,0.73171,0.06425,0.08885,0.0031,0.01133,0.55
16,57,hybrid,HYBRID_ALPHA0.2_BETA0.8,0.2,0.8,300,0.46743,0.53699,0.12621,0.78121,0.7195,0.09893,0.09715,0.00287,0.01227,0.6
16,57,hybrid,HYBRID_ALPHA0.3_BETA0.7,0.3,0.7,300,0.46283,0.53722,0.12674,0.77349,0.71426,0.09676,0.09639,0.00286,0.01238,0.525
16,57,hybrid,HYBRID_ALPHA0.4_BETA0.6,0.4,0.6,300,0.46646,0.52316,0.11976,0.76869,0.71188,0.09642,0.096,0.00303,0.01271,0.5
16,57,hybrid,HYBRID_ALPHA0.5_BETA0.5,0.5,0.5,300,0.4665,0.52131,0.11905,0.76695,0.71099,0.09757,0.09537,0.00306,0.01292,0.525
16,57,hybrid,HYBRID_ALPHA0.6_BETA0.4,0.6,0.4,300,0.46644,0.51907,0.11851,0.76527,0.70989,0.09412,0.09545,0.00311,0.01305,0.575
16,57,hybrid,HYBRID_ALPHA0.7_BETA0.3,0.7,0.3,300,0.46454,0.53996,0.12962,0.75973,0.70854,0.09239,0.09625,0.003,0.01283,0.575
16,57,hybrid,HYBRID_ALPHA0.8_BETA0.2,0.8,0.2,300,0.45817,0.52993,0.129,0.75299,0.70605,0.08793,0.09729,0.00302,0.0127,0.525
16,57,hybrid,HYBRID_ALPHA0.9_BETA0.1,0.9,0.1,300,0.46701,0.50857,0.11269,0.75151,0.70541,0.08831,0.09785,0.00322,0.01323,0.65
16,57,hybrid,HYBRID_ALPHA0.1_BETA0.9,0.1,0.9,500,0.53939,0.59191,0.03522,0.7803,0.73403,0.0434,0.0862,0.00361,0.01007,0.6
16,57,hybrid,HYBRID_ALPHA0.2_BETA0.8,0.2,0.8,500,0.47296,0.53088,0.07587,0.75815,0.71718,0.06493,0.09364,0.0033,0.00925,0.575
16,57,hybrid,HYBRID_ALPHA0.3_BETA0.7,0.3,0.7,500,0.44615,0.49817,0.10032,0.75082,0.71152,0.07132,0.09442,0.00296,0.00861,0.575
16,57,hybrid,HYBRID_ALPHA0.4_BETA0.6,0.4,0.6,500,0.4323,0.50007,0.11448,0.74522,0.70711,0.07453,0.09522,0.00292,0.00883,0.55
16,57,hybrid,HYBRID_ALPHA0.5_BETA0.5,0.5,0.5,500,0.42997,0.49088,0.11104,0.73568,0.70227,0.074,0.09524,0.00282,0.00923,0.525
16,57,hybrid,HYBRID_ALPHA0.6_BETA0.4,0.6,0.4,500,0.42584,0.48581,0.11044,0.71809,0.69155,0.0704,0.09793,0.00281,0.00958,0.5
16,57,hybrid,HYBRID_ALPHA0.7_BETA0.3,0.7,0.3,500,0.42536,0.4831,0.11005,0.7251,0.69386,0.07567,0.09784,0.00281,0.00977,0.525
16,57,hybrid,HYBRID_ALPHA0.8_BETA0.2,0.8,0.2,500,0.44158,0.48638,0.10547,0.72534,0.69246,0.07929,0.0971,0.00265,0.00946,0.525
16,57,hybrid,HYBRID_ALPHA0.9_BETA0.1,0.9,0.1,500,0.44289,0.48526,0.10545,0.72422,0.6908,0.08035,0.09699,0.00261,0.00956,0.525
16,57,mse,MSE,1.0,0.0,50,0.52855,0.55794,0.13181,0.82614,0.74138,0.13616,0.07366,0.00313,0.01716,0.8
16,57,mse,MSE,1.0,0.0,100,0.45095,0.48671,0.10537,0.76885,0.71339,0.07498,0.10255,0.00298,0.01469,0.55
16,57,mse,MSE,1.0,0.0,300,0.46493,0.50536,0.11122,0.74998,0.70479,0.08698,0.09897,0.00323,0.01323,0.625
16,57,mse,MSE,1.0,0.0,500,0.42159,0.4809,0.1129,0.72377,0.68949,0.0821,0.09705,0.00274,0.00997,0.525
17,58,hsic,HSIC,0.0,1.0,50,0.79113,0.72134,0.12175,1.31691,0.94066,0.31619,0.03155,0.00447,0.01709,0.55
17,58,hsic,HSIC,0.0,1.0,100,0.79161,0.64402,0.17423,1.25617,0.92285,0.27168,0.03691,0.00536,0.02789,0.625
17,58,hsic,HSIC,0.0,1.0,300,0.71353,0.7141,0.00939,1.11165,0.85187,0.03049,0.03749,0.00206,0.01924,0.675
17,58,hsic,HSIC,0.0,1.0,500,0.76881,0.71712,0.12304,1.15975,0.89778,0.06966,0.04537,0.00397,0.00855,0.725
17,58,hybrid,HYBRID_ALPHA0.1_BETA0.9,0.1,0.9,50,0.43779,0.50009,0.11356,1.31675,0.94059,0.31619,0.03152,0.00421,0.01844,0.65
17,58,hybrid,HYBRID_ALPHA0.2_BETA0.8,0.2,0.8,50,0.44904,0.50313,0.11497,1.2162,0.90345,0.27216,0.03782,0.0036,0.0175,0.55
17,58,hybrid,HYBRID_ALPHA0.3_BETA0.7,0.3,0.7,50,0.45404,0.52087,0.1167,1.13621,0.87401,0.24666,0.04185,0.00339,0.01696,0.55
17,58,hybrid,HYBRID_ALPHA0.4_BETA0.6,0.4,0.6,50,0.42722,0.51026,0.1135,1.06444,0.84837,0.2162,0.04991,0.00373,0.01619,0.55
17,58,hybrid,HYBRID_ALPHA0.5_BETA0.5,0.5,0.5,50,0.41529,0.48755,0.11285,0.97605,0.81721,0.17911,0.06322,0.00366,0.01581,0.625
17,58,hybrid,HYBRID_ALPHA0.6_BETA0.4,0.6,0.4,50,0.44881,0.52534,0.11469,1.09641,0.85794,0.24793,0.03959,0.00336,0.01606,0.525
17,58,hybrid,HYBRID_ALPHA0.7_BETA0.3,0.7,0.3,50,0.44693,0.52249,0.11537,0.97431,0.80999,0.19377,0.05848,0.00314,0.01502,0.55
17,58,hybrid,HYBRID_ALPHA0.8_BETA0.2,0.8,0.2,50,0.43314,0.51406,0.11413,0.92058,0.78101,0.12157,0.06325,0.00253,0.01943,0.525
17,58,hybrid,HYBRID_ALPHA0.9_BETA0.1,0.9,0.1,50,0.43053,0.51148,0.11422,0.94631,0.79435,0.18783,0.06388,0.00315,0.0157,0.575
17,58,hybrid,HYBRID_ALPHA0.1_BETA0.9,0.1,0.9,100,0.55541,0.56041,0.16219,0.83037,0.74995,0.04378,0.08939,0.00301,0.0124,0.525
17,58,hybrid,HYBRID_ALPHA0.2_BETA0.8,0.2,0.8,100,0.51771,0.57487,0.1639,0.78358,0.72696,0.06034,0.09767,0.00269,0.01244,0.5
17,58,hybrid,HYBRID_ALPHA0.3_BETA0.7,0.3,0.7,100,0.51424,0.57295,0.16566,0.77097,0.7203,0.07331,0.09704,0.0026,0.013,0.525
17,58,hybrid,HYBRID_ALPHA0.4_BETA0.6,0.4,0.6,100,0.51608,0.57921,0.16702,0.76304,0.71649,0.07992,0.09629,0.00252,0.01308,0.55
17,58,hybrid,HYBRID_ALPHA0.5_BETA0.5,0.5,0.5,100,0.50969,0.58232,0.16805,0.76041,0.71425,0.08636,0.09521,0.00252,0.01276,0.525
17,58,hybrid,HYBRID_ALPHA0.6_BETA0.4,0.6,0.4,100,0.50826,0.58454,0.16863,0.8358,0.74561,0.14092,0.08367,0.00286,0.01488,0.6
17,58,hybrid,HYBRID_ALPHA0.7_BETA0.3,0.7,0.3,100,0.50601,0.58562,0.16841,0.81363,0.7378,0.13111,0.08546,0.00285,0.01416,0.575
17,58,hybrid,HYBRID_ALPHA0.8_BETA0.2,0.8,0.2,100,0.50658,0.58745,0.1697,0.80032,0.73274,0.12599,0.08618,0.00283,0.01382,0.625
17,58,hybrid,HYBRID_ALPHA0.9_BETA0.1,0.9,0.1,100,0.50629,0.58798,0.17024,0.7969,0.73023,0.12326,0.08722,0.0028,0.01364,0.625
17,58,hybrid,HYBRID_ALPHA0.1_BETA0.9,0.1,0.9,300,0.42871,0.5034,0.11935,0.74948,0.72501,0.04214,0.0841,0.00299,0.00766,0.575
17,58,hybrid,HYBRID_ALPHA0.2_BETA0.8,0.2,0.8,300,0.42341,0.50474,0.12178,0.75655,0.72506,0.04554,0.08997,0.0031,0.00858,0.5
17,58,hybrid,HYBRID_ALPHA0.3_BETA0.7,0.3,0.7,300,0.4155,0.49002,0.119,0.72303,0.70175,0.05561,0.09668,0.00271,0.01091,0.575
17,58,hybrid,HYBRID_ALPHA0.4_BETA0.6,0.4,0.6,300,0.42656,0.51229,0.12405,0.71101,0.69081,0.06089,0.09678,0.00248,0.01138,0.575
17,58,hybrid,HYBRID_ALPHA0.5_BETA0.5,0.5,0.5,300,0.42262,0.50473,0.12361,0.74231,0.70173,0.06605,0.08985,0.00228,0.01308,0.575
17,58,hybrid,HYBRID_ALPHA0.6_BETA0.4,0.6,0.4,300,0.41943,0.49098,0.11947,0.72881,0.69123,0.0636,0.09677,0.00237,0.01322,0.55
17,58,hybrid,HYBRID_ALPHA0.7_BETA0.3,0.7,0.3,300,0.44695,0.53963,0.13013,0.72649,0.68912,0.06539,0.09671,0.0021,0.01158,0.575
17,58,hybrid,HYBRID_ALPHA0.8_BETA0.2,0.8,0.2,300,0.4293,0.51502,0.13077,0.73606,0.69643,0.07027,0.10037,0.00238,0.01185,0.55
17,58,hybrid,HYBRID_ALPHA0.9_BETA0.1,0.9,0.1,300,0.43048,0.51453,0.12527,0.73649,0.69735,0.07154,0.10086,0.00227,0.01195,0.55
17,58,hybrid,HYBRID_ALPHA0.1_BETA0.9,0.1,0.9,500,0.43916,0.52098,0.12307,0.76405,0.72716,0.05385,0.08538,0.00311,0.00601,0.55
17,58,hybrid,HYBRID_ALPHA0.2_BETA0.8,0.2,0.8,500,0.44813,0.52585,0.11568,0.7685,0.71499,0.07422,0.09482,0.00296,0.0074,0.55
17,58,hybrid,HYBRID_ALPHA0.3_BETA0.7,0.3,0.7,500,0.45446,0.52729,0.11414,0.74248,0.70656,0.06242,0.09505,0.00292,0.00697,0.525
17,58,hybrid,HYBRID_ALPHA0.4_BETA0.6,0.4,0.6,500,0.44763,0.52266,0.11345,0.74225,0.7035,0.06622,0.09599,0.00299,0.00742,0.575
17,58,hybrid,HYBRID_ALPHA0.5_BETA0.5,0.5,0.5,500,0.45201,0.52592,0.11265,0.74703,0.70291,0.07424,0.09731,0.00294,0.00761,0.55
17,58,hybrid,HYBRID_ALPHA0.6_BETA0.4,0.6,0.4,500,0.45426,0.5293,0.11214,0.72983,0.69618,0.06854,0.09859,0.00286,0.00726,0.55
17,58,hybrid,HYBRID_ALPHA0.7_BETA0.3,0.7,0.3,500,0.43801,0.52601,0.12209,0.71915,0.69207,0.06674,0.0995,0.00288,0.00704,0.575
17,58,hybrid,HYBRID_ALPHA0.8_BETA0.2,0.8,0.2,500,0.43809,0.52487,0.12113,0.71464,0.68953,0.06571,0.10048,0.00284,0.00702,0.525
17,58,hybrid,HYBRID_ALPHA0.9_BETA0.1,0.9,0.1,500,0.44025,0.52421,0.1209,0.71216,0.68767,0.06522,0.10068,0.00283,0.00731,0.525
17,58,mse,MSE,1.0,0.0,50,0.41329,0.49444,0.11378,8.2235,1.27568,0.15539,0.05749,0.00267,0.02394,0.65
17,58,mse,MSE,1.0,0.0,100,0.50614,0.5884,0.17075,0.79758,0.73028,0.12452,0.0874,0.00281,0.01358,0.65
17,58,mse,MSE,1.0,0.0,300,0.43056,0.49014,0.11111,0.7365,0.69808,0.07251,0.1015,0.00235,0.01349,0.5
17,58,mse,MSE,1.0,0.0,500,0.43801,0.52436,0.12421,0.7101,0.6857,0.06512,0.10097,0.00278,0.00712,0.575
18,59,hsic,HSIC,0.0,1.0,50,0.89013,0.7055,0.21127,0.80904,0.74462,0.07411,0.05166,0.00508,0.01364,0.65
18,59,hsic,HSIC,0.0,1.0,100,0.84018,0.6699,0.18631,0.81028,0.75631,0.02187,0.06461,0.00307,0.00805,0.675
18,59,hsic,HSIC,0.0,1.0,300,0.60586,0.6684,0.0319,1.25116,0.92048,0.2701,0.03841,0.00437,0.02678,0.625
18,59,hsic,HSIC,0.0,1.0,500,0.83482,0.66935,0.16614,1.00472,0.83834,0.11454,0.04159,0.00335,0.00832,0.55
18,59,hybrid,HYBRID_ALPHA0.1_BETA0.9,0.1,0.9,50,0.53991,0.56026,0.19165,1.50378,0.96155,0.07554,0.03756,0.00449,0.03158,0.625
18,59,hybrid,HYBRID_ALPHA0.2_BETA0.8,0.2,0.8,50,0.52502,0.56014,0.20009,0.76149,0.74013,0.02197,0.11724,0.00254,0.0159,0.575
18,59,hybrid,HYBRID_ALPHA0.3_BETA0.7,0.3,0.7,50,0.53344,0.56781,0.20629,1.41013,0.83566,0.07152,0.06905,0.00399,0.021,0.6
18,59,hybrid,HYBRID_ALPHA0.4_BETA0.6,0.4,0.6,50,0.53268,0.57349,0.2085,2.59486,0.91855,0.07582,0.07177,0.0036,0.01965,0.55
18,59,hybrid,HYBRID_ALPHA0.5_BETA0.5,0.5,0.5,50,0.52622,0.57519,0.20032,1.79566,0.857,0.07675,0.07564,0.00368,0.0195,0.575
18,59,hybrid,HYBRID_ALPHA0.6_BETA0.4,0.6,0.4,50,0.53318,0.55861,0.19846,1.65729,0.84303,0.08037,0.07603,0.00325,0.02248,0.525
18,59,hybrid,HYBRID_ALPHA0.7_BETA0.3,0.7,0.3,50,0.88073,0.63687,0.22299,0.72459,0.69806,0.04378,0.10647,0.00295,0.01954,0.575
18,59,hybrid,HYBRID_ALPHA0.8_BETA0.2,0.8,0.2,50,0.80074,0.62931,0.22002,0.7937,0.7124,0.07329,0.0703,0.00311,0.02394,0.55
18,59,hybrid,HYBRID_ALPHA0.9_BETA0.1,0.9,0.1,50,0.70711,0.61344,0.20751,0.91387,0.74933,0.07787,0.04559,0.00332,0.02335,0.525
18,59,hybrid,HYBRID_ALPHA0.1_BETA0.9,0.1,0.9,100,0.48969,0.53555,0.1712,0.70916,0.68361,0.03169,0.07673,0.00304,0.01053,0.7
18,59,hybrid,HYBRID_ALPHA0.2_BETA0.8,0.2,0.8,100,0.47144,0.51956,0.17646,0.69477,0.67984,0.03306,0.08086,0.00328,0.01192,0.625
18,59,hybrid,HYBRID_ALPHA0.3_BETA0.7,0.3,0.7,100,0.46159,0.51618,0.16562,0.67888,0.67319,0.03594,0.08603,0.00319,0.0122,0.6
18,59,hybrid,HYBRID_ALPHA0.4_BETA0.6,0.4,0.6,100,0.46261,0.50838,0.15,0.68182,0.6659,0.03443,0.08609,0.0032,0.01268,0.575
18,59,hybrid,HYBRID_ALPHA0.5_BETA0.5,0.5,0.5,100,0.46761,0.50785,0.14169,0.675,0.66221,0.03701,0.08983,0.00326,0.01251,0.55
18,59,hybrid,HYBRID_ALPHA0.6_BETA0.4,0.6,0.4,100,0.46995,0.50515,0.13114,0.67033,0.66023,0.04067,0.09146,0.00317,0.01216,0.55
18,59,hybrid,HYBRID_ALPHA0.7_BETA0.3,0.7,0.3,100,0.46498,0.50299,0.13274,0.66526,0.6583,0.04594,0.09469,0.00332,0.01213,0.55
18,59,hybrid,HYBRID_ALPHA0.8_BETA0.2,0.8,0.2,100,0.46486,0.52919,0.15419,0.62935,0.64519,0.04142,0.11109,0.00243,0.00973,0.675
18,59,hybrid,HYBRID_ALPHA0.9_BETA0.1,0.9,0.1,100,0.46286,0.52798,0.15231,0.65585,0.65651,0.04756,0.10629,0.00236,0.01022,0.65
18,59,hybrid,HYBRID_ALPHA0.1_BETA0.9,0.1,0.9,300,0.43915,0.51927,0.12253,0.76096,0.72592,0.04628,0.08557,0.00302,0.00831,0.65
18,59,hybrid,HYBRID_ALPHA0.2_BETA0.8,0.2,0.8,300,0.43303,0.51374,0.12701,0.74296,0.71145,0.05464,0.08962,0.00292,0.00947,0.675
18,59,hybrid,HYBRID_ALPHA0.3_BETA0.7,0.3,0.7,300,0.43022,0.50809,0.12749,0.7416,0.70571,0.07138,0.09779,0.00274,0.01029,0.575
18,59,hybrid,HYBRID_ALPHA0.4_BETA0.6,0.4,0.6,300,0.42792,0.5022,0.12344,0.73338,0.70056,0.06964,0.09765,0.00281,0.0102,0.575
18,59,hybrid,HYBRID_ALPHA0.5_BETA0.5,0.5,0.5,300,0.43399,0.49966,0.11677,0.72756,0.69764,0.06716,0.09766,0.00284,0.01015,0.6
18,59,hybrid,HYBRID_ALPHA0.6_BETA0.4,0.6,0.4,300,0.46591,0.50627,0.10401,0.72591,0.69641,0.06789,0.09814,0.00278,0.00987,0.525
18,59,hybrid,HYBRID_ALPHA0.7_BETA0.3,0.7,0.3,300,0.43374,0.49187,0.1148,0.72513,0.696,0.06859,0.09838,0.00282,0.01036,0.575
18,59,hybrid,HYBRID_ALPHA0.8_BETA0.2,0.8,0.2,300,0.43539,0.49126,0.11377,0.72411,0.69487,0.07143,0.09891,0.0028,0.01037,0.6
18,59,hybrid,HYBRID_ALPHA0.9_BETA0.1,0.9,0.1,300,0.45106,0.49494,0.11196,0.72435,0.69533,0.07696,0.09943,0.00267,0.01023,0.6
18,59,hybrid,HYBRID_ALPHA0.1_BETA0.9,0.1,0.9,500,0.50602,0.55402,0.11569,0.80803,0.7364,0.14892,0.0845,0.00304,0.0109,0.65
18,59,hybrid,HYBRID_ALPHA0.2_BETA0.8,0.2,0.8,500,0.52052,0.55151,0.11256,0.78585,0.72767,0.1392,0.08609,0.00297,0.01085,0.625
18,59,hybrid,HYBRID_ALPHA0.3_BETA0.7,0.3,0.7,500,0.48805,0.54678,0.12613,0.77531,0.72228,0.13269,0.08681,0.00305,0.01038,0.575
18,59,hybrid,HYBRID_ALPHA0.4_BETA0.6,0.4,0.6,500,0.48895,0.5315,0.1216,0.76733,0.7181,0.12829,0.08736,0.00299,0.01054,0.6
18,59,hybrid,HYBRID_ALPHA0.5_BETA0.5,0.5,0.5,500,0.48598,0.53101,0.12192,0.7562,0.71161,0.12018,0.08884,0.00296,0.01039,0.55
18,59,hybrid,HYBRID_ALPHA0.6_BETA0.4,0.6,0.4,500,0.48686,0.53219,0.12107,0.75264,0.70991,0.11895,0.08841,0.00301,0.01036,0.575
18,59,hybrid,HYBRID_ALPHA0.7_BETA0.3,0.7,0.3,500,0.48663,0.53389,0.12179,0.74668,0.70652,0.11484,0.08891,0.003,0.0102,0.55
18,59,hybrid,HYBRID_ALPHA0.8_BETA0.2,0.8,0.2,500,0.47027,0.53784,0.12773,0.74264,0.70481,0.11231,0.08843,0.003,0.0096,0.55
18,59,hybrid,HYBRID_ALPHA0.9_BETA0.1,0.9,0.1,500,0.46819,0.53525,0.12547,0.72764,0.69697,0.09973,0.09218,0.00289,0.00922,0.55
18,59,mse,MSE,1.0,0.0,50,0.65778,0.60334,0.20136,0.78358,0.71057,0.05962,0.07996,0.00311,0.02187,0.575
18,59,mse,MSE,1.0,0.0,100,0.46313,0.52845,0.15139,0.67501,0.66782,0.05754,0.10766,0.00232,0.01027,0.6
18,59,mse,MSE,1.0,0.0,300,0.44564,0.49064,0.11089,0.71429,0.69373,0.07579,0.09924,0.00274,0.01049,0.55
18,59,mse,MSE,1.0,0.0,500,0.46867,0.53499,0.128,0.70885,0.68706,0.09227,0.10028,0.00268,0.00909,0.55
19,60,hsic,HSIC,0.0,1.0,50,0.82585,0.71046,0.14839,0.9568,0.81336,0.14494,0.06855,0.00418,0.01565,0.625
19,60,hsic,HSIC,0.0,1.0,100,0.82983,0.73893,0.1293,1.23812,0.9156,0.26692,0.03966,0.00442,0.02532,0.625
19,60,hsic,HSIC,0.0,1.0,300,0.72069,0.70301,0.01098,1.24571,0.91742,0.27343,0.0356,0.00449,0.02812,0.675
19,60,hsic,HSIC,0.0,1.0,500,0.74246,0.69878,0.12267,1.33115,0.94482,0.05712,0.06936,0.00334,0.00726,0.525
19,60,hybrid,HYBRID_ALPHA0.1_BETA0.9,0.1,0.9,50,0.54853,0.56186,0.14141,0.90191,0.78121,0.15524,0.075,0.0036,0.01607,0.55
19,60,hybrid,HYBRID_ALPHA0.2_BETA0.8,0.2,0.8,50,0.48905,0.52875,0.13228,0.88895,0.77299,0.17055,0.07736,0.00319,0.01604,0.575
19,60,hybrid,HYBRID_ALPHA0.3_BETA0.7,0.3,0.7,50,0.49663,0.5519,0.13745,0.87315,0.76443,0.16551,0.08188,0.00313,0.01609,0.65
19,60,hybrid,HYBRID_ALPHA0.4_BETA0.6,0.4,0.6,50,0.49401,0.56179,0.13345,0.86571,0.76064,0.16258,0.08477,0.00308,0.01645,0.55
19,60,hybrid,HYBRID_ALPHA0.5_BETA0.5,0.5,0.5,50,0.49909,0.57016,0.11975,0.85157,0.75218,0.15079,0.09055,0.00288,0.01539,0.6
19,60,hybrid,HYBRID_ALPHA0.6_BETA0.4,0.6,0.4,50,0.48174,0.56925,0.13342,0.84565,0.74484,0.14348,0.09871,0.00284,0.01603,0.65
19,60,hybrid,HYBRID_ALPHA0.7_BETA0.3,0.7,0.3,50,0.4879,0.57386,0.13273,0.83461,0.73432,0.12727,0.10772,0.00267,0.01601,0.6
19,60,hybrid,HYBRID_ALPHA0.8_BETA0.2,0.8,0.2,50,0.49081,0.57757,0.13309,0.83715,0.73133,0.11817,0.11161,0.00255,0.01608,0.625
19,60,hybrid,HYBRID_ALPHA0.9_BETA0.1,0.9,0.1,50,0.49466,0.58002,0.13137,0.85639,0.74035,0.10052,0.11758,0.00254,0.01549,0.575
19,60,hybrid,HYBRID_ALPHA0.1_BETA0.9,0.1,0.9,100,0.56813,0.64091,0.07472,0.75453,0.73499,0.08169,0.04825,0.00318,0.0108,0.625
19,60,hybrid,HYBRID_ALPHA0.2_BETA0.8,0.2,0.8,100,0.48139,0.55095,0.10241,0.74118,0.72234,0.0605,0.07348,0.0029,0.01102,0.55
19,60,hybrid,HYBRID_ALPHA0.3_BETA0.7,0.3,0.7,100,0.51213,0.5497,0.12125,0.82982,0.7405,0.08629,0.06559,0.003,0.014,0.55
19,60,hybrid,HYBRID_ALPHA0.4_BETA0.6,0.4,0.6,100,0.53934,0.56412,0.12805,0.73033,0.72006,0.11054,0.05487,0.00309,0.01341,0.575
19,60,hybrid,HYBRID_ALPHA0.5_BETA0.5,0.5,0.5,100,0.52877,0.55709,0.12193,0.78178,0.74204,0.10397,0.04982,0.00321,0.01341,0.55
19,60,hybrid,HYBRID_ALPHA0.6_BETA0.4,0.6,0.4,100,0.51096,0.5465,0.11826,0.72744,0.71414,0.10575,0.06611,0.00303,0.01332,0.575
19,60,hybrid,HYBRID_ALPHA0.7_BETA0.3,0.7,0.3,100,0.50307,0.54068,0.11643,0.78257,0.72016,0.08953,0.08371,0.00263,0.01115,0.575
19,60,hybrid,HYBRID_ALPHA0.8_BETA0.2,0.8,0.2,100,0.49362,0.53681,0.11312,0.78779,0.72481,0.10844,0.08115,0.00272,0.01495,0.6
19,60,hybrid,HYBRID_ALPHA0.9_BETA0.1,0.9,0.1,100,0.47592,0.5285,0.11079,0.78254,0.72067,0.10448,0.08141,0.0027,0.01417,0.55
19,60,hybrid,HYBRID_ALPHA0.1_BETA0.9,0.1,0.9,300,0.58392,0.62779,0.05053,0.74354,0.71299,0.05878,0.08929,0.00352,0.0106,0.625
19,60,hybrid,HYBRID_ALPHA0.2_BETA0.8,0.2,0.8,300,0.45499,0.52611,0.11804,0.80537,0.72476,0.10877,0.09524,0.00287,0.01032,0.6
19,60,hybrid,HYBRID_ALPHA0.3_BETA0.7,0.3,0.7,300,0.46938,0.51502,0.11534,0.78954,0.71884,0.0983,0.09621,0.00285,0.01037,0.5
19,60,hybrid,HYBRID_ALPHA0.4_BETA0.6,0.4,0.6,300,0.45811,0.51331,0.11567,0.77615,0.71397,0.08991,0.09731,0.00295,0.00998,0.575
19,60,hybrid,HYBRID_ALPHA0.5_BETA0.5,0.5,0.5,300,0.45857,0.51126,0.11517,0.77159,0.71137,0.09079,0.09784,0.00297,0.01009,0.5
19,60,hybrid,HYBRID_ALPHA0.6_BETA0.4,0.6,0.4,300,0.45485,0.50574,0.11494,0.76448,0.7093,0.08737,0.09797,0.00304,0.00993,0.55
19,60,hybrid,HYBRID_ALPHA0.7_BETA0.3,0.7,0.3,300,0.45625,0.50475,0.11454,0.7596,0.70772,0.08475,0.09854,0.00303,0.00996,0.6
19,60,hybrid,HYBRID_ALPHA0.8_BETA0.2,0.8,0.2,300,0.45289,0.50613,0.11328,0.7565,0.7068,0.08365,0.09894,0.003,0.01,0.525
19,60,hybrid,HYBRID_ALPHA0.9_BETA0.1,0.9,0.1,300,0.45532,0.51333,0.11562,0.75459,0.70605,0.08304,0.09948,0.00304,0.00997,0.525
19,60,hybrid,HYBRID_ALPHA0.1_BETA0.9,0.1,0.9,500,0.50771,0.58115,0.0583,0.76417,0.72682,0.05354,0.08986,0.00315,0.00848,0.55
19,60,hybrid,HYBRID_ALPHA0.2_BETA0.8,0.2,0.8,500,0.43949,0.49929,0.11647,0.74302,0.70813,0.06636,0.09413,0.00311,0.009,0.6
19,60,hybrid,HYBRID_ALPHA0.3_BETA0.7,0.3,0.7,500,0.43372,0.51125,0.12403,0.72693,0.69753,0.06556,0.09626,0.00297,0.00866,0.575
19,60,hybrid,HYBRID_ALPHA0.4_BETA0.6,0.4,0.6,500,0.43145,0.49586,0.11938,0.72345,0.69461,0.06696,0.09754,0.00299,0.00901,0.575
19,60,hybrid,HYBRID_ALPHA0.5_BETA0.5,0.5,0.5,500,0.43096,0.49268,0.11825,0.72123,0.69275,0.06848,0.09833,0.00296,0.00902,0.5
19,60,hybrid,HYBRID_ALPHA0.6_BETA0.4,0.6,0.4,500,0.43457,0.50084,0.11858,0.71829,0.69063,0.06951,0.09931,0.00292,0.00882,0.6
19,60,hybrid,HYBRID_ALPHA0.7_BETA0.3,0.7,0.3,500,0.42825,0.4969,0.11976,0.71691,0.6897,0.07002,0.09984,0.00299,0.00901,0.525
19,60,hybrid,HYBRID_ALPHA0.8_BETA0.2,0.8,0.2,500,0.42901,0.49415,0.11823,0.70011,0.68118,0.06352,0.105,0.00291,0.0088,0.575
19,60,hybrid,HYBRID_ALPHA0.9_BETA0.1,0.9,0.1,500,0.42729,0.49327,0.1184,0.70098,0.68033,0.06597,0.10698,0.00288,0.00894,0.575
19,60,mse,MSE,1.0,0.0,50,0.50624,0.5782,0.13865,0.84586,0.73666,0.08026,0.11365,0.00227,0.01518,0.55
19,60,mse,MSE,1.0,0.0,100,0.48908,0.53251,0.11535,0.78794,0.7232,0.11323,0.07936,0.00261,0.01404,0.575
19,60,mse,MSE,1.0,0.0,300,0.45534,0.51241,0.11547,0.75467,0.70608,0.08436,0.09954,0.00304,0.01006,0.575
19,60,mse,MSE,1.0,0.0,500,0.42693,0.49159,0.11765,0.70164,0.68025,0.06752,0.10819,0.00286,0.00906,0.525
20,61,hsic,HSIC,0.0,1.0,50,0.80976,0.65295,0.17541,1.13203,0.87736,0.27043,0.02313,0.00479,0.03011,0.625
20,61,hsic,HSIC,0.0,1.0,100,0.78784,0.71333,0.12414,0.93213,0.83189,0.07197,0.09615,0.00385,0.0146,0.6
20,61,hsic,HSIC,0.0,1.0,300,0.68152,0.69173,0.01509,1.0246,0.82774,0.04891,0.03597,0.00269,0.01459,0.65
20,61,hsic,HSIC,0.0,1.0,500,0.79299,0.64568,0.17341,1.00511,0.84799,0.07907,0.05216,0.0033,0.01212,0.625
20,61,hybrid,HYBRID_ALPHA0.1_BETA0.9,0.1,0.9,50,0.56284,0.6073,0.17667,0.84044,0.75026,0.17155,0.07967,0.00257,0.0184,0.6
20,61,hybrid,HYBRID_ALPHA0.2_BETA0.8,0.2,0.8,50,0.53736,0.58579,0.13982,0.82903,0.74697,0.16,0.07988,0.00308,0.01325,0.675
20,61,hybrid,HYBRID_ALPHA0.3_BETA0.7,0.3,0.7,50,0.54495,0.58381,0.13605,0.80874,0.74011,0.1472,0.08076,0.00308,0.01276,0.65
20,61,hybrid,HYBRID_ALPHA0.4_BETA0.6,0.4,0.6,50,0.5301,0.59446,0.14386,0.81155,0.74086,0.14725,0.08022,0.00324,0.01364,0.5
20,61,hybrid,HYBRID_ALPHA0.5_BETA0.5,0.5,0.5,50,0.53698,0.59781,0.13828,0.80512,0.73786,0.14441,0.08149,0.00318,0.01367,0.55
20,61,hybrid,HYBRID_ALPHA0.6_BETA0.4,0.6,0.4,50,0.53855,0.55773,0.12352,0.81714,0.73986,0.14961,0.08338,0.0032,0.01335,0.575
20,61,hybrid,HYBRID_ALPHA0.7_BETA0.3,0.7,0.3,50,0.53845,0.5584,0.11564,0.80893,0.73508,0.14436,0.08493,0.00314,0.01336,0.65
20,61,hybrid,HYBRID_ALPHA0.8_BETA0.2,0.8,0.2,50,0.54359,0.56175,0.11508,0.80402,0.73138,0.1412,0.08703,0.00312,0.01347,0.675
20,61,hybrid,HYBRID_ALPHA0.9_BETA0.1,0.9,0.1,50,0.54989,0.55427,0.11093,0.77536,0.71651,0.1185,0.09228,0.0031,0.01281,0.575
20,61,hybrid,HYBRID_ALPHA0.1_BETA0.9,0.1,0.9,100,0.44201,0.50045,0.12188,0.87348,0.76537,0.04518,0.0998,0.00307,0.0125,0.6
20,61,hybrid,HYBRID_ALPHA0.2_BETA0.8,0.2,0.8,100,0.4506,0.52637,0.13218,0.86944,0.76538,0.05398,0.10872,0.00305,0.01365,0.625
20,61,hybrid,HYBRID_ALPHA0.3_BETA0.7,0.3,0.7,100,0.44995,0.52224,0.13389,0.86991,0.75829,0.10267,0.09273,0.0035,0.01438,0.6
20,61,hybrid,HYBRID_ALPHA0.4_BETA0.6,0.4,0.6,100,0.44869,0.52196,0.13193,0.85507,0.75137,0.10002,0.09373,0.00333,0.01407,0.575
20,61,hybrid,HYBRID_ALPHA0.5_BETA0.5,0.5,0.5,100,0.44546,0.51612,0.13154,0.85709,0.75066,0.10288,0.09519,0.00335,0.01419,0.575
20,61,hybrid,HYBRID_ALPHA0.6_BETA0.4,0.6,0.4,100,0.44289,0.51085,0.13168,0.85155,0.74905,0.1082,0.09557,0.00339,0.01455,0.575
20,61,hybrid,HYBRID_ALPHA0.7_BETA0.3,0.7,0.3,100,0.44261,0.50905,0.13148,0.84884,0.74772,0.10805,0.09623,0.00335,0.01556,0.625
20,61,hybrid,HYBRID_ALPHA0.8_BETA0.2,0.8,0.2,100,0.45596,0.52766,0.11856,0.8425,0.74515,0.10367,0.09833,0.00319,0.01538,0.625
20,61,hybrid,HYBRID_ALPHA0.9_BETA0.1,0.9,0.1,100,0.45514,0.52721,0.11739,0.84266,0.7456,0.10435,0.09839,0.0032,0.01559,0.625
20,61,hybrid,HYBRID_ALPHA0.1_BETA0.9,0.1,0.9,300,0.466,0.53274,0.11479,0.7855,0.73822,0.03832,0.08524,0.00346,0.0075,0.5
20,61,hybrid,HYBRID_ALPHA0.2_BETA0.8,0.2,0.8,300,0.46962,0.56332,0.14172,0.74051,0.71373,0.04098,0.08265,0.00311,0.00657,0.5
20,61,hybrid,HYBRID_ALPHA0.3_BETA0.7,0.3,0.7,300,0.43578,0.53748,0.13511,0.72874,0.70388,0.04408,0.08691,0.00311,0.0066,0.525
20,61,hybrid,HYBRID_ALPHA0.4_BETA0.6,0.4,0.6,300,0.43699,0.53457,0.1339,0.70493,0.69164,0.04517,0.09044,0.00295,0.0064,0.575
20,61,hybrid,HYBRID_ALPHA0.5_BETA0.5,0.5,0.5,300,0.43946,0.53444,0.13188,0.70003,0.68813,0.04812,0.09409,0.00287,0.00637,0.525
20,61,hybrid,HYBRID_ALPHA0.6_BETA0.4,0.6,0.4,300,0.43998,0.53349,0.12958,0.69725,0.68553,0.0515,0.09672,0.00281,0.00639,0.525
20,61,hybrid,HYBRID_ALPHA0.7_BETA0.3,0.7,0.3,300,0.42022,0.51265,0.12806,0.69624,0.68346,0.05522,0.09861,0.00285,0.00726,0.525
20,61,hybrid,HYBRID_ALPHA0.8_BETA0.2,0.8,0.2,300,0.42031,0.51573,0.13275,0.6933,0.67982,0.05877,0.10163,0.0028,0.00683,0.525
20,61,hybrid,HYBRID_ALPHA0.9_BETA0.1,0.9,0.1,300,0.41257,0.50176,0.12652,0.70027,0.68154,0.06586,0.10225,0.00283,0.00772,0.5
20,61,hybrid,HYBRID_ALPHA0.1_BETA0.9,0.1,0.9,500,0.56307,0.63927,0.17619,0.78512,0.71993,0.08968,0.09524,0.00218,0.01249,0.625
20,61,hybrid,HYBRID_ALPHA0.2_BETA0.8,0.2,0.8,500,0.48381,0.56191,0.13018,0.76357,0.71139,0.09132,0.09605,0.003,0.00965,0.525
20,61,hybrid,HYBRID_ALPHA0.3_BETA0.7,0.3,0.7,500,0.48846,0.55207,0.12719,0.75438,0.70774,0.08652,0.09618,0.00296,0.00992,0.6
20,61,hybrid,HYBRID_ALPHA0.4_BETA0.6,0.4,0.6,500,0.48451,0.54327,0.12702,0.74878,0.70529,0.08398,0.09586,0.00295,0.00988,0.575
20,61,hybrid,HYBRID_ALPHA0.5_BETA0.5,0.5,0.5,500,0.47667,0.5315,0.12869,0.7447,0.70413,0.08029,0.09645,0.00302,0.00979,0.6
20,61,hybrid,HYBRID_ALPHA0.6_BETA0.4,0.6,0.4,500,0.47684,0.52853,0.12752,0.74574,0.70452,0.08097,0.09666,0.00304,0.00989,0.575
20,61,hybrid,HYBRID_ALPHA0.7_BETA0.3,0.7,0.3,500,0.47749,0.52606,0.12638,0.74513,0.70447,0.08036,0.09681,0.00304,0.00991,0.6
20,61,hybrid,HYBRID_ALPHA0.8_BETA0.2,0.8,0.2,500,0.48009,0.52535,0.12508,0.74142,0.70309,0.07763,0.0974,0.00304,0.00991,0.5
20,61,hybrid,HYBRID_ALPHA0.9_BETA0.1,0.9,0.1,500,0.47372,0.5311,0.12969,0.74066,0.70294,0.07718,0.0973,0.00301,0.0097,0.6
20,61,mse,MSE,1.0,0.0,50,0.5297,0.59351,0.13293,0.79754,0.70396,0.06859,0.09641,0.00265,0.01609,0.575
20,61,mse,MSE,1.0,0.0,100,0.4408,0.50455,0.13103,0.84662,0.74705,0.10956,0.09626,0.00336,0.0161,0.575
20,61,mse,MSE,1.0,0.0,300,0.41195,0.49965,0.12645,0.70639,0.68291,0.07249,0.10314,0.00282,0.00807,0.525
20,61,mse,MSE,1.0,0.0,500,0.47644,0.53754,0.13167,0.73863,0.70224,0.07609,0.09745,0.00306,0.00948,0.625
