Experiment,Seed,Loss,Conf,Alpha,Beta,N,MSE Y,MAE Y,"HSIC(Y,X)",MSE Z,MAE Z,"HSIC(Z,X)","HSIC(Z,Y)",dHSIC Total,MMD,RF Acc
1,42,hsic,HSIC,0.0,1.0,50,0.89869,0.8462,0.106,1.48414,0.80192,0.20372,0.03459,0.00292,0.08784,0.625
1,42,hsic,HSIC,0.0,1.0,100,1.08283,0.93811,0.13429,1.42429,0.73621,0.0686,0.03358,0.00287,0.14247,0.75
1,42,hsic,HSIC,0.0,1.0,300,0.55366,0.60058,0.1077,1.18246,0.71939,0.04596,0.03379,0.00293,0.16223,0.75
1,42,hsic,HSIC,0.0,1.0,500,0.50752,0.58574,0.06692,1.80317,1.07082,0.04591,0.02058,0.00239,0.21212,0.775
1,42,hybrid,HYBRID_ALPHA0.1_BETA0.9,0.1,0.9,50,0.29607,0.35702,0.1461,1.12283,0.85819,0.03459,0.0203,0.00197,0.05263,0.675
1,42,hybrid,HYBRID_ALPHA0.2_BETA0.8,0.2,0.8,50,0.29675,0.35597,0.14976,0.86997,0.71075,0.19663,0.03796,0.00171,0.03633,0.675
1,42,hybrid,HYBRID_ALPHA0.3_BETA0.7,0.3,0.7,50,0.29442,0.35667,0.14898,0.87089,0.70582,0.20912,0.04146,0.00177,0.03562,0.675
1,42,hybrid,HYBRID_ALPHA0.4_BETA0.6,0.4,0.6,50,0.30174,0.35872,0.14939,0.88004,0.7038,0.21673,0.04244,0.002,0.03646,0.675
1,42,hybrid,HYBRID_ALPHA0.5_BETA0.5,0.5,0.5,50,0.30323,0.36001,0.14346,0.88497,0.70241,0.21411,0.0417,0.00198,0.0363,0.7
1,42,hybrid,HYBRID_ALPHA0.6_BETA0.4,0.6,0.4,50,0.30437,0.35951,0.14233,0.88549,0.7015,0.20773,0.03973,0.00203,0.03613,0.7
1,42,hybrid,HYBRID_ALPHA0.7_BETA0.3,0.7,0.3,50,0.30907,0.36336,0.15224,0.86567,0.69129,0.1913,0.0344,0.0023,0.03526,0.675
1,42,hybrid,HYBRID_ALPHA0.8_BETA0.2,0.8,0.2,50,0.31015,0.36181,0.15675,0.81059,0.66733,0.15374,0.02765,0.00205,0.0341,0.675
1,42,hybrid,HYBRID_ALPHA0.9_BETA0.1,0.9,0.1,50,0.30369,0.35956,0.14132,0.74971,0.62063,0.05396,0.01986,0.00173,0.03215,0.625
1,42,hybrid,HYBRID_ALPHA0.1_BETA0.9,0.1,0.9,100,0.27179,0.34199,0.16038,0.7907,0.69316,0.12105,0.03194,0.00098,0.03306,0.7
1,42,hybrid,HYBRID_ALPHA0.2_BETA0.8,0.2,0.8,100,0.26451,0.33251,0.18451,0.74448,0.64513,0.0888,0.02239,0.00121,0.03027,0.675
1,42,hybrid,HYBRID_ALPHA0.3_BETA0.7,0.3,0.7,100,0.26013,0.33781,0.19734,0.758,0.65831,0.10471,0.03126,0.00124,0.02512,0.725
1,42,hybrid,HYBRID_ALPHA0.4_BETA0.6,0.4,0.6,100,0.26364,0.33499,0.19324,0.77924,0.68281,0.12023,0.0424,0.00108,0.02554,0.675
1,42,hybrid,HYBRID_ALPHA0.5_BETA0.5,0.5,0.5,100,0.26294,0.33614,0.19751,0.78813,0.69435,0.10452,0.05564,0.00094,0.02582,0.7
1,42,hybrid,HYBRID_ALPHA0.6_BETA0.4,0.6,0.4,100,0.26319,0.33876,0.20109,0.77002,0.68402,0.08958,0.05065,0.00105,0.02636,0.7
1,42,hybrid,HYBRID_ALPHA0.7_BETA0.3,0.7,0.3,100,0.2641,0.34108,0.20532,0.76057,0.67853,0.08409,0.04724,0.00107,0.02652,0.725
1,42,hybrid,HYBRID_ALPHA0.8_BETA0.2,0.8,0.2,100,0.27281,0.34986,0.21399,0.75085,0.67486,0.07702,0.04463,0.00103,0.02632,0.75
1,42,hybrid,HYBRID_ALPHA0.9_BETA0.1,0.9,0.1,100,0.27784,0.35715,0.22195,0.75517,0.67767,0.08786,0.05002,0.00096,0.02639,0.675
1,42,hybrid,HYBRID_ALPHA0.1_BETA0.9,0.1,0.9,300,0.366,0.47061,0.0729,0.70761,0.60005,0.06051,0.03142,0.00214,0.04392,0.675
1,42,hybrid,HYBRID_ALPHA0.2_BETA0.8,0.2,0.8,300,0.24189,0.3179,0.16444,0.68946,0.59774,0.04703,0.03553,0.00104,0.04251,0.7
1,42,hybrid,HYBRID_ALPHA0.3_BETA0.7,0.3,0.7,300,0.2771,0.35081,0.11165,0.69223,0.60053,0.05123,0.03772,0.0011,0.04405,0.65
1,42,hybrid,HYBRID_ALPHA0.4_BETA0.6,0.4,0.6,300,0.26155,0.32706,0.14134,0.69692,0.59956,0.05218,0.0435,0.00094,0.04428,0.675
1,42,hybrid,HYBRID_ALPHA0.5_BETA0.5,0.5,0.5,300,0.26033,0.32766,0.14291,0.76938,0.64382,0.10554,0.06528,0.00103,0.04473,0.675
1,42,hybrid,HYBRID_ALPHA0.6_BETA0.4,0.6,0.4,300,0.28154,0.33029,0.15235,0.73448,0.62385,0.05895,0.05401,0.00141,0.04113,0.65
1,42,hybrid,HYBRID_ALPHA0.7_BETA0.3,0.7,0.3,300,0.25118,0.32485,0.18036,0.72747,0.62238,0.0558,0.05323,0.00143,0.04146,0.675
1,42,hybrid,HYBRID_ALPHA0.8_BETA0.2,0.8,0.2,300,0.25426,0.3311,0.18714,0.62178,0.58309,0.03275,0.02843,0.00095,0.04204,0.7
1,42,hybrid,HYBRID_ALPHA0.9_BETA0.1,0.9,0.1,300,0.25735,0.3386,0.19697,0.61585,0.58205,0.03281,0.02948,0.00111,0.04269,0.7
1,42,hybrid,HYBRID_ALPHA0.1_BETA0.9,0.1,0.9,500,0.27873,0.38548,0.09586,0.71337,0.61156,0.06469,0.02718,0.00171,0.05606,0.7
1,42,hybrid,HYBRID_ALPHA0.2_BETA0.8,0.2,0.8,500,0.28391,0.38646,0.06867,0.6947,0.60384,0.05597,0.02622,0.00142,0.05643,0.725
1,42,hybrid,HYBRID_ALPHA0.3_BETA0.7,0.3,0.7,500,0.25338,0.35122,0.08378,0.70703,0.60731,0.06192,0.02919,0.00132,0.05822,0.75
1,42,hybrid,HYBRID_ALPHA0.4_BETA0.6,0.4,0.6,500,0.23039,0.30721,0.16728,0.71761,0.6112,0.0583,0.03241,0.00115,0.05073,0.7
1,42,hybrid,HYBRID_ALPHA0.5_BETA0.5,0.5,0.5,500,0.2305,0.30851,0.17281,0.72993,0.62628,0.0812,0.0425,0.0011,0.04851,0.7
1,42,hybrid,HYBRID_ALPHA0.6_BETA0.4,0.6,0.4,500,0.22859,0.30332,0.18872,0.77677,0.64643,0.12261,0.06584,0.00108,0.04936,0.675
1,42,hybrid,HYBRID_ALPHA0.7_BETA0.3,0.7,0.3,500,0.22921,0.30605,0.19306,0.67297,0.59894,0.04815,0.01592,0.00094,0.05466,0.675
1,42,hybrid,HYBRID_ALPHA0.8_BETA0.2,0.8,0.2,500,0.22952,0.30893,0.19917,0.74981,0.63297,0.09136,0.06226,0.00128,0.05234,0.7
1,42,hybrid,HYBRID_ALPHA0.9_BETA0.1,0.9,0.1,500,0.22942,0.31266,0.21024,0.76223,0.6399,0.10911,0.07184,0.00144,0.0487,0.7
1,42,mse,MSE,1.0,0.0,50,0.30474,0.35933,0.14507,0.84212,0.66014,0.03192,0.0316,0.00239,0.02946,0.65
1,42,mse,MSE,1.0,0.0,100,0.28128,0.36455,0.23287,0.78022,0.69266,0.121,0.06655,0.00098,0.02652,0.725
1,42,mse,MSE,1.0,0.0,300,0.26022,0.34668,0.20985,0.89502,0.6787,0.24496,0.0701,0.00176,0.03902,0.725
1,42,mse,MSE,1.0,0.0,500,0.23316,0.32545,0.21873,0.68763,0.60898,0.08125,0.04571,0.00141,0.04691,0.725
2,43,hsic,HSIC,0.0,1.0,50,0.57681,0.51854,0.2572,1.38061,0.76667,0.17773,0.04989,0.00434,0.33175,0.875
2,43,hsic,HSIC,0.0,1.0,100,1.11184,0.97037,0.2326,1.41156,0.87976,0.04013,0.0673,0.00238,0.45754,0.95
2,43,hsic,HSIC,0.0,1.0,300,1.07364,0.83368,0.05747,13.24669,3.49974,0.05106,0.03233,0.00312,0.47209,0.95
2,43,hsic,HSIC,0.0,1.0,500,0.60849,0.62099,0.07789,7.59904,2.60992,0.06819,0.01269,0.00287,0.43488,0.975
2,43,hybrid,HYBRID_ALPHA0.1_BETA0.9,0.1,0.9,50,0.49426,0.44948,0.26002,0.80687,0.68593,0.18052,0.05931,0.00124,0.12583,0.775
2,43,hybrid,HYBRID_ALPHA0.2_BETA0.8,0.2,0.8,50,0.48472,0.44575,0.26073,0.80477,0.6774,0.17963,0.06044,0.00123,0.11753,0.8
2,43,hybrid,HYBRID_ALPHA0.3_BETA0.7,0.3,0.7,50,0.45395,0.43108,0.26046,0.80588,0.66579,0.18033,0.06128,0.00122,0.10114,0.775
2,43,hybrid,HYBRID_ALPHA0.4_BETA0.6,0.4,0.6,50,0.44478,0.42617,0.25954,0.81027,0.65722,0.18269,0.06299,0.00119,0.09832,0.825
2,43,hybrid,HYBRID_ALPHA0.5_BETA0.5,0.5,0.5,50,0.44306,0.42487,0.25928,0.81939,0.64779,0.18389,0.06432,0.00116,0.09905,0.775
2,43,hybrid,HYBRID_ALPHA0.6_BETA0.4,0.6,0.4,50,0.44267,0.42464,0.25891,0.83213,0.64853,0.19279,0.06706,0.00121,0.10027,0.8
2,43,hybrid,HYBRID_ALPHA0.7_BETA0.3,0.7,0.3,50,0.4424,0.42463,0.25896,0.90437,0.66446,0.22548,0.0682,0.0014,0.09785,0.775
2,43,hybrid,HYBRID_ALPHA0.8_BETA0.2,0.8,0.2,50,0.44183,0.42418,0.25889,0.86519,0.63995,0.1711,0.06132,0.00121,0.09378,0.8
2,43,hybrid,HYBRID_ALPHA0.9_BETA0.1,0.9,0.1,50,0.44184,0.42425,0.25904,0.9273,0.67069,0.22765,0.07613,0.00135,0.09522,0.8
2,43,hybrid,HYBRID_ALPHA0.1_BETA0.9,0.1,0.9,100,0.25759,0.37025,0.23079,0.74916,0.6669,0.10615,0.07398,0.00203,0.10722,0.75
2,43,hybrid,HYBRID_ALPHA0.2_BETA0.8,0.2,0.8,100,0.25615,0.36679,0.23106,0.74361,0.65693,0.11121,0.0758,0.00175,0.14826,0.725
2,43,hybrid,HYBRID_ALPHA0.3_BETA0.7,0.3,0.7,100,0.27088,0.36009,0.1784,0.74566,0.64512,0.11687,0.07702,0.00176,0.16993,0.725
2,43,hybrid,HYBRID_ALPHA0.4_BETA0.6,0.4,0.6,100,0.24807,0.34993,0.19743,0.76453,0.63731,0.12981,0.07537,0.00176,0.18012,0.75
2,43,hybrid,HYBRID_ALPHA0.5_BETA0.5,0.5,0.5,100,0.24648,0.34957,0.21652,0.79719,0.63372,0.14259,0.07791,0.00178,0.17098,0.725
2,43,hybrid,HYBRID_ALPHA0.6_BETA0.4,0.6,0.4,100,0.24499,0.34675,0.22095,0.85131,0.64307,0.15487,0.0826,0.00181,0.15318,0.775
2,43,hybrid,HYBRID_ALPHA0.7_BETA0.3,0.7,0.3,100,0.24383,0.34519,0.22327,1.00209,0.69337,0.16318,0.08721,0.00202,0.08649,0.7
2,43,hybrid,HYBRID_ALPHA0.8_BETA0.2,0.8,0.2,100,0.26002,0.34734,0.19741,0.95323,0.68825,0.18034,0.10055,0.00179,0.06632,0.75
2,43,hybrid,HYBRID_ALPHA0.9_BETA0.1,0.9,0.1,100,0.24229,0.34422,0.23055,0.95278,0.68745,0.18455,0.10042,0.00198,0.06748,0.725
2,43,hybrid,HYBRID_ALPHA0.1_BETA0.9,0.1,0.9,300,0.46794,0.56883,0.08158,1.04522,0.68051,0.04705,0.01628,0.00196,0.14509,0.8
2,43,hybrid,HYBRID_ALPHA0.2_BETA0.8,0.2,0.8,300,0.40089,0.50604,0.0729,0.82375,0.59357,0.04567,0.01712,0.00195,0.09946,0.775
2,43,hybrid,HYBRID_ALPHA0.3_BETA0.7,0.3,0.7,300,0.3552,0.46648,0.06856,0.7032,0.58,0.04583,0.01722,0.00185,0.07466,0.65
2,43,hybrid,HYBRID_ALPHA0.4_BETA0.6,0.4,0.6,300,0.31408,0.42799,0.08094,0.69092,0.5914,0.04538,0.0167,0.00173,0.06735,0.675
2,43,hybrid,HYBRID_ALPHA0.5_BETA0.5,0.5,0.5,300,0.28443,0.40259,0.06471,0.68507,0.60649,0.04512,0.01773,0.00162,0.07696,0.75
2,43,hybrid,HYBRID_ALPHA0.6_BETA0.4,0.6,0.4,300,0.2753,0.3685,0.12719,0.68343,0.60124,0.04571,0.01865,0.00173,0.06661,0.725
2,43,hybrid,HYBRID_ALPHA0.7_BETA0.3,0.7,0.3,300,0.24215,0.31592,0.17659,0.68443,0.59915,0.04696,0.02054,0.00142,0.06684,0.725
2,43,hybrid,HYBRID_ALPHA0.8_BETA0.2,0.8,0.2,300,0.24314,0.31418,0.184,0.88882,0.67763,0.20093,0.08702,0.00169,0.06598,0.675
2,43,hybrid,HYBRID_ALPHA0.9_BETA0.1,0.9,0.1,300,0.25058,0.32297,0.1933,0.89441,0.68053,0.21273,0.08825,0.00153,0.05736,0.7
2,43,hybrid,HYBRID_ALPHA0.1_BETA0.9,0.1,0.9,500,0.33167,0.43907,0.08171,0.73454,0.59188,0.06778,0.03155,0.00217,0.1335,0.75
2,43,hybrid,HYBRID_ALPHA0.2_BETA0.8,0.2,0.8,500,0.25841,0.32975,0.15768,0.77402,0.61585,0.08244,0.03836,0.00116,0.07888,0.675
2,43,hybrid,HYBRID_ALPHA0.3_BETA0.7,0.3,0.7,500,0.24387,0.3323,0.16236,0.78607,0.61626,0.08517,0.04006,0.00101,0.05849,0.725
2,43,hybrid,HYBRID_ALPHA0.4_BETA0.6,0.4,0.6,500,0.25164,0.322,0.14339,0.82768,0.62184,0.09989,0.04844,0.0009,0.06853,0.725
2,43,hybrid,HYBRID_ALPHA0.5_BETA0.5,0.5,0.5,500,0.2778,0.36438,0.09615,0.69996,0.59281,0.05401,0.02569,0.00067,0.0664,0.725
2,43,hybrid,HYBRID_ALPHA0.6_BETA0.4,0.6,0.4,500,0.25585,0.34625,0.13244,0.70551,0.59933,0.05557,0.02856,0.00103,0.06616,0.725
2,43,hybrid,HYBRID_ALPHA0.7_BETA0.3,0.7,0.3,500,0.25719,0.34441,0.13646,0.68258,0.58587,0.05837,0.02745,0.0006,0.06607,0.675
2,43,hybrid,HYBRID_ALPHA0.8_BETA0.2,0.8,0.2,500,0.25521,0.34349,0.14549,0.68241,0.591,0.06153,0.02991,0.00053,0.0659,0.725
2,43,hybrid,HYBRID_ALPHA0.9_BETA0.1,0.9,0.1,500,0.26187,0.34978,0.13865,0.685,0.59534,0.07232,0.03588,0.00026,0.06397,0.7
2,43,mse,MSE,1.0,0.0,50,0.44576,0.42539,0.25895,1.43552,0.82352,0.34248,0.05835,0.00513,0.28045,0.85
2,43,mse,MSE,1.0,0.0,100,0.24811,0.3585,0.25913,0.95263,0.69318,0.26981,0.07101,0.00261,0.1286,0.75
2,43,mse,MSE,1.0,0.0,300,0.25339,0.33733,0.23335,0.91704,0.70385,0.26911,0.07966,0.00165,0.05642,0.7
2,43,mse,MSE,1.0,0.0,500,0.2593,0.35214,0.16301,0.75142,0.64061,0.14983,0.03973,0.00064,0.05855,0.675
3,44,hsic,HSIC,0.0,1.0,50,1.28584,1.06504,0.17784,2.25785,1.25473,0.06518,0.07513,0.00175,0.28039,0.775
3,44,hsic,HSIC,0.0,1.0,100,0.97089,0.86631,0.14677,1.25904,0.69827,0.03355,0.03623,0.00229,0.21152,0.725
3,44,hsic,HSIC,0.0,1.0,300,0.66803,0.61822,0.12153,1.34845,0.70323,0.03405,0.04083,0.00305,0.27523,0.9
3,44,hsic,HSIC,0.0,1.0,500,2.4351,1.31171,0.09394,1.59895,0.95232,0.06906,0.01581,0.00159,0.33464,0.9
3,44,hybrid,HYBRID_ALPHA0.1_BETA0.9,0.1,0.9,50,0.28126,0.33915,0.16566,0.70708,0.6242,0.05909,0.01588,0.00116,0.06768,0.775
3,44,hybrid,HYBRID_ALPHA0.2_BETA0.8,0.2,0.8,50,0.28064,0.33448,0.16353,0.70592,0.62053,0.04783,0.0159,0.00113,0.06806,0.725
3,44,hybrid,HYBRID_ALPHA0.3_BETA0.7,0.3,0.7,50,0.28553,0.33785,0.15877,0.71435,0.62567,0.04774,0.01716,0.00156,0.05949,0.65
3,44,hybrid,HYBRID_ALPHA0.4_BETA0.6,0.4,0.6,50,0.28399,0.33602,0.16225,0.72885,0.6187,0.05456,0.01946,0.00133,0.05839,0.775
3,44,hybrid,HYBRID_ALPHA0.5_BETA0.5,0.5,0.5,50,0.27743,0.33191,0.1688,0.71601,0.61583,0.06962,0.02962,0.0011,0.05848,0.75
3,44,hybrid,HYBRID_ALPHA0.6_BETA0.4,0.6,0.4,50,0.27427,0.33002,0.17614,0.74264,0.59598,0.07407,0.03248,0.00068,0.05698,0.7
3,44,hybrid,HYBRID_ALPHA0.7_BETA0.3,0.7,0.3,50,0.27262,0.32942,0.18161,0.82355,0.62674,0.16013,0.07714,0.00099,0.05268,0.7
3,44,hybrid,HYBRID_ALPHA0.8_BETA0.2,0.8,0.2,50,0.26862,0.32888,0.18671,0.89531,0.65927,0.20897,0.09373,0.00119,0.0491,0.725
3,44,hybrid,HYBRID_ALPHA0.9_BETA0.1,0.9,0.1,50,0.26885,0.32973,0.19066,0.9341,0.67941,0.2306,0.09265,0.00143,0.05036,0.725
3,44,hybrid,HYBRID_ALPHA0.1_BETA0.9,0.1,0.9,100,0.30899,0.41747,0.14789,0.76633,0.5976,0.0351,0.0143,0.00132,0.04838,0.725
3,44,hybrid,HYBRID_ALPHA0.2_BETA0.8,0.2,0.8,100,0.29276,0.37914,0.1551,0.72042,0.58747,0.03413,0.01205,0.00128,0.04624,0.775
3,44,hybrid,HYBRID_ALPHA0.3_BETA0.7,0.3,0.7,100,0.27726,0.34911,0.15942,0.70059,0.58403,0.03374,0.01118,0.00111,0.04534,0.75
3,44,hybrid,HYBRID_ALPHA0.4_BETA0.6,0.4,0.6,100,0.26977,0.32332,0.15652,0.68944,0.58367,0.03348,0.01052,0.00106,0.04568,0.7
3,44,hybrid,HYBRID_ALPHA0.5_BETA0.5,0.5,0.5,100,0.26865,0.32004,0.15613,0.68614,0.58901,0.03285,0.01021,0.00122,0.04509,0.75
3,44,hybrid,HYBRID_ALPHA0.6_BETA0.4,0.6,0.4,100,0.27178,0.31972,0.15972,0.67794,0.59563,0.03406,0.01225,0.0013,0.04424,0.7
3,44,hybrid,HYBRID_ALPHA0.7_BETA0.3,0.7,0.3,100,0.27165,0.31989,0.16064,0.74701,0.62255,0.05684,0.0475,0.00159,0.04288,0.675
3,44,hybrid,HYBRID_ALPHA0.8_BETA0.2,0.8,0.2,100,0.27067,0.32118,0.16473,0.67978,0.59174,0.04065,0.0132,0.0011,0.04937,0.7
3,44,hybrid,HYBRID_ALPHA0.9_BETA0.1,0.9,0.1,100,0.26929,0.32445,0.17479,0.67823,0.59042,0.0401,0.01218,0.00112,0.04848,0.675
3,44,hybrid,HYBRID_ALPHA0.1_BETA0.9,0.1,0.9,300,0.30078,0.38875,0.19056,0.71374,0.58203,0.03796,0.01404,0.00085,0.0666,0.65
3,44,hybrid,HYBRID_ALPHA0.2_BETA0.8,0.2,0.8,300,0.27092,0.35206,0.19813,0.74943,0.57877,0.04061,0.01495,0.00077,0.06365,0.675
3,44,hybrid,HYBRID_ALPHA0.3_BETA0.7,0.3,0.7,300,0.26108,0.33557,0.19832,0.67538,0.58453,0.03654,0.01347,0.00111,0.05625,0.675
3,44,hybrid,HYBRID_ALPHA0.4_BETA0.6,0.4,0.6,300,0.25939,0.3342,0.19948,0.67378,0.58538,0.03682,0.01442,0.00122,0.05597,0.65
3,44,hybrid,HYBRID_ALPHA0.5_BETA0.5,0.5,0.5,300,0.28779,0.34285,0.16281,0.68313,0.58966,0.03874,0.01787,0.00143,0.05557,0.7
3,44,hybrid,HYBRID_ALPHA0.6_BETA0.4,0.6,0.4,300,0.28533,0.34253,0.17067,0.62956,0.58396,0.03492,0.01345,0.00117,0.05442,0.725
3,44,hybrid,HYBRID_ALPHA0.7_BETA0.3,0.7,0.3,300,0.26851,0.33913,0.18088,0.62961,0.58419,0.03476,0.01441,0.00123,0.05273,0.65
3,44,hybrid,HYBRID_ALPHA0.8_BETA0.2,0.8,0.2,300,0.26615,0.34037,0.17983,0.63601,0.58511,0.03461,0.01627,0.00134,0.05318,0.675
3,44,hybrid,HYBRID_ALPHA0.9_BETA0.1,0.9,0.1,300,0.26427,0.34647,0.19813,0.64441,0.5886,0.03802,0.02124,0.00152,0.05301,0.675
3,44,hybrid,HYBRID_ALPHA0.1_BETA0.9,0.1,0.9,500,0.35313,0.4734,0.14973,0.83691,0.59973,0.05753,0.0283,0.00214,0.06908,0.675
3,44,hybrid,HYBRID_ALPHA0.2_BETA0.8,0.2,0.8,500,0.31595,0.43887,0.08662,0.78785,0.58458,0.05267,0.02764,0.00187,0.04805,0.75
3,44,hybrid,HYBRID_ALPHA0.3_BETA0.7,0.3,0.7,500,0.27875,0.39706,0.10967,0.7747,0.59593,0.07398,0.03799,0.00193,0.04109,0.75
3,44,hybrid,HYBRID_ALPHA0.4_BETA0.6,0.4,0.6,500,0.24509,0.33058,0.21444,0.66923,0.5945,0.05212,0.01758,0.00095,0.04221,0.7
3,44,hybrid,HYBRID_ALPHA0.5_BETA0.5,0.5,0.5,500,0.24448,0.32914,0.20609,0.67199,0.59519,0.05053,0.01858,0.00092,0.04406,0.725
3,44,hybrid,HYBRID_ALPHA0.6_BETA0.4,0.6,0.4,500,0.24429,0.33037,0.20241,0.67367,0.59486,0.05022,0.01919,0.00099,0.04214,0.725
3,44,hybrid,HYBRID_ALPHA0.7_BETA0.3,0.7,0.3,500,0.24409,0.33247,0.2092,0.67322,0.59579,0.05016,0.02091,0.00109,0.04258,0.75
3,44,hybrid,HYBRID_ALPHA0.8_BETA0.2,0.8,0.2,500,0.24499,0.33565,0.2175,0.67409,0.59763,0.05264,0.02384,0.0012,0.0426,0.75
3,44,hybrid,HYBRID_ALPHA0.9_BETA0.1,0.9,0.1,500,0.26123,0.34903,0.24295,0.68375,0.6045,0.06143,0.0272,0.0015,0.03959,0.725
3,44,mse,MSE,1.0,0.0,50,0.26761,0.33169,0.19989,0.95818,0.69656,0.25133,0.08936,0.00182,0.05106,0.725
3,44,mse,MSE,1.0,0.0,100,0.26767,0.32862,0.18995,0.69375,0.5884,0.04109,0.01551,0.00123,0.04435,0.725
3,44,mse,MSE,1.0,0.0,300,0.26654,0.35257,0.21652,0.65888,0.60551,0.05124,0.03643,0.00176,0.04993,0.675
3,44,mse,MSE,1.0,0.0,500,0.25127,0.35379,0.2612,0.90927,0.6978,0.26482,0.08557,0.00211,0.03598,0.7
4,45,hsic,HSIC,0.0,1.0,50,0.55798,0.47563,0.25929,1.57113,0.86915,0.14489,0.06156,0.00552,0.33405,0.9
4,45,hsic,HSIC,0.0,1.0,100,0.67059,0.64181,0.2415,4.32778,1.86664,0.11551,0.02497,0.00295,0.3354,0.85
4,45,hsic,HSIC,0.0,1.0,300,0.73269,0.71978,0.09834,1.08562,0.65303,0.0357,0.02817,0.00262,0.34805,0.925
4,45,hsic,HSIC,0.0,1.0,500,0.56565,0.47607,0.25932,1.07897,0.67576,0.04125,0.03255,0.00361,0.30982,0.85
4,45,hybrid,HYBRID_ALPHA0.1_BETA0.9,0.1,0.9,50,0.54524,0.46756,0.25946,0.70259,0.60169,0.07351,0.02373,0.00216,0.12503,0.775
4,45,hybrid,HYBRID_ALPHA0.2_BETA0.8,0.2,0.8,50,0.5368,0.46275,0.26057,0.72726,0.58895,0.06108,0.02195,0.00226,0.12535,0.8
4,45,hybrid,HYBRID_ALPHA0.3_BETA0.7,0.3,0.7,50,0.52869,0.45969,0.26095,0.78729,0.59255,0.06075,0.02183,0.00229,0.12563,0.85
4,45,hybrid,HYBRID_ALPHA0.4_BETA0.6,0.4,0.6,50,0.50839,0.45152,0.26168,0.76695,0.59036,0.06479,0.02496,0.00197,0.1295,0.8
4,45,hybrid,HYBRID_ALPHA0.5_BETA0.5,0.5,0.5,50,0.48558,0.44369,0.26328,0.87158,0.66799,0.19779,0.09663,0.0022,0.12325,0.775
4,45,hybrid,HYBRID_ALPHA0.6_BETA0.4,0.6,0.4,50,0.47987,0.44181,0.26331,0.72557,0.56793,0.06122,0.01398,0.00125,0.14863,0.8
4,45,hybrid,HYBRID_ALPHA0.7_BETA0.3,0.7,0.3,50,0.4632,0.43675,0.26436,0.73538,0.57641,0.08082,0.01278,0.00142,0.15472,0.8
4,45,hybrid,HYBRID_ALPHA0.8_BETA0.2,0.8,0.2,50,0.44452,0.43298,0.26554,0.88509,0.65634,0.1911,0.09872,0.00145,0.1267,0.8
4,45,hybrid,HYBRID_ALPHA0.9_BETA0.1,0.9,0.1,50,0.42858,0.43307,0.26743,0.91602,0.67197,0.21955,0.09652,0.00154,0.12227,0.775
4,45,hybrid,HYBRID_ALPHA0.1_BETA0.9,0.1,0.9,100,0.78231,0.7744,0.13097,0.89942,0.78912,0.09415,0.05083,0.00282,0.10901,0.825
4,45,hybrid,HYBRID_ALPHA0.2_BETA0.8,0.2,0.8,100,0.37958,0.49034,0.1125,0.71811,0.63523,0.10097,0.03674,0.00242,0.06747,0.75
4,45,hybrid,HYBRID_ALPHA0.3_BETA0.7,0.3,0.7,100,0.28827,0.38503,0.11188,0.73757,0.63688,0.10821,0.04132,0.00185,0.05621,0.775
4,45,hybrid,HYBRID_ALPHA0.4_BETA0.6,0.4,0.6,100,0.23404,0.33438,0.18511,0.75193,0.6303,0.11772,0.04005,0.00135,0.04944,0.775
4,45,hybrid,HYBRID_ALPHA0.5_BETA0.5,0.5,0.5,100,0.23393,0.33387,0.19316,0.78264,0.65388,0.14398,0.05655,0.00134,0.05005,0.775
4,45,hybrid,HYBRID_ALPHA0.6_BETA0.4,0.6,0.4,100,0.22968,0.33402,0.16322,0.813,0.67351,0.1698,0.0702,0.00105,0.04605,0.75
4,45,hybrid,HYBRID_ALPHA0.7_BETA0.3,0.7,0.3,100,0.2378,0.34348,0.16432,0.8266,0.68223,0.18003,0.07792,0.00066,0.0514,0.75
4,45,hybrid,HYBRID_ALPHA0.8_BETA0.2,0.8,0.2,100,0.23985,0.34273,0.18314,0.83437,0.68852,0.18908,0.08505,0.00077,0.05262,0.8
4,45,hybrid,HYBRID_ALPHA0.9_BETA0.1,0.9,0.1,100,0.26192,0.35671,0.20447,0.84731,0.70152,0.20321,0.09005,0.00073,0.05475,0.775
4,45,hybrid,HYBRID_ALPHA0.1_BETA0.9,0.1,0.9,300,0.32313,0.42955,0.06518,0.69856,0.5869,0.04845,0.01379,0.00134,0.0634,0.775
4,45,hybrid,HYBRID_ALPHA0.2_BETA0.8,0.2,0.8,300,0.26146,0.33941,0.12786,0.76179,0.5809,0.04786,0.01513,0.00079,0.0622,0.7
4,45,hybrid,HYBRID_ALPHA0.3_BETA0.7,0.3,0.7,300,0.24462,0.32857,0.13498,0.69716,0.57836,0.04237,0.01428,0.0009,0.05976,0.65
4,45,hybrid,HYBRID_ALPHA0.4_BETA0.6,0.4,0.6,300,0.23926,0.33085,0.13743,0.69616,0.5773,0.03729,0.01632,0.00101,0.05082,0.675
4,45,hybrid,HYBRID_ALPHA0.5_BETA0.5,0.5,0.5,300,0.22807,0.3073,0.18163,0.71038,0.58466,0.03965,0.02038,0.00089,0.05114,0.725
4,45,hybrid,HYBRID_ALPHA0.6_BETA0.4,0.6,0.4,300,0.22668,0.30647,0.1836,0.6755,0.58501,0.04317,0.01459,0.00074,0.05549,0.725
4,45,hybrid,HYBRID_ALPHA0.7_BETA0.3,0.7,0.3,300,0.22268,0.31225,0.18291,0.67001,0.58302,0.0417,0.0146,0.0008,0.05654,0.725
4,45,hybrid,HYBRID_ALPHA0.8_BETA0.2,0.8,0.2,300,0.21844,0.31045,0.19374,0.66281,0.57828,0.03915,0.01476,0.00089,0.05633,0.725
4,45,hybrid,HYBRID_ALPHA0.9_BETA0.1,0.9,0.1,300,0.21621,0.31067,0.20285,0.65656,0.57087,0.03694,0.01759,0.00099,0.0566,0.725
4,45,hybrid,HYBRID_ALPHA0.1_BETA0.9,0.1,0.9,500,0.28395,0.35397,0.1098,0.78421,0.60389,0.07737,0.03391,0.00114,0.05405,0.75
4,45,hybrid,HYBRID_ALPHA0.2_BETA0.8,0.2,0.8,500,0.25386,0.33575,0.12461,0.76571,0.5956,0.06074,0.03944,0.00089,0.049,0.65
4,45,hybrid,HYBRID_ALPHA0.3_BETA0.7,0.3,0.7,500,0.24322,0.31903,0.15823,0.7338,0.59697,0.0642,0.04303,0.00108,0.04395,0.75
4,45,hybrid,HYBRID_ALPHA0.4_BETA0.6,0.4,0.6,500,0.24032,0.31489,0.16884,0.63364,0.5837,0.04812,0.02097,0.00064,0.03922,0.725
4,45,hybrid,HYBRID_ALPHA0.5_BETA0.5,0.5,0.5,500,0.23343,0.31052,0.17781,0.62823,0.58299,0.04889,0.02113,0.00063,0.03956,0.725
4,45,hybrid,HYBRID_ALPHA0.6_BETA0.4,0.6,0.4,500,0.23456,0.30943,0.17798,0.62717,0.5828,0.04959,0.0222,0.00068,0.04171,0.725
4,45,hybrid,HYBRID_ALPHA0.7_BETA0.3,0.7,0.3,500,0.24041,0.31404,0.17433,0.63108,0.5837,0.05044,0.02444,0.00072,0.04446,0.75
4,45,hybrid,HYBRID_ALPHA0.8_BETA0.2,0.8,0.2,500,0.23958,0.31567,0.17788,0.8729,0.67134,0.21492,0.08059,0.00111,0.04429,0.75
4,45,hybrid,HYBRID_ALPHA0.9_BETA0.1,0.9,0.1,500,0.23924,0.31849,0.18308,0.87677,0.67572,0.22512,0.08134,0.00124,0.04337,0.725
4,45,mse,MSE,1.0,0.0,50,0.41728,0.43259,0.26806,1.20281,0.77602,0.3233,0.06151,0.00481,0.24091,0.875
4,45,mse,MSE,1.0,0.0,100,0.24642,0.35287,0.24222,0.8768,0.70452,0.24291,0.07754,0.00144,0.06181,0.775
4,45,mse,MSE,1.0,0.0,300,0.21593,0.31661,0.21437,0.90707,0.68308,0.25014,0.07955,0.00153,0.04681,0.775
4,45,mse,MSE,1.0,0.0,500,0.24061,0.32549,0.19148,0.8891,0.68711,0.24879,0.07765,0.00143,0.04274,0.725
5,46,hsic,HSIC,0.0,1.0,50,0.58915,0.57415,0.23026,1.4039,0.77129,0.03353,0.03012,0.00356,0.26502,0.825
5,46,hsic,HSIC,0.0,1.0,100,0.60891,0.50978,0.24882,1.90911,0.95392,0.17094,0.14752,0.0043,0.2455,0.8
5,46,hsic,HSIC,0.0,1.0,300,0.51917,0.58221,0.06469,1.02412,0.68434,0.0399,0.02416,0.00208,0.47977,0.975
5,46,hsic,HSIC,0.0,1.0,500,1.0852,0.85265,0.06217,1.93752,1.09847,0.04763,0.02786,0.00228,0.45446,0.975
5,46,hybrid,HYBRID_ALPHA0.1_BETA0.9,0.1,0.9,50,0.56385,0.47389,0.25885,0.70536,0.66261,0.03811,0.01731,0.00133,0.09997,0.75
5,46,hybrid,HYBRID_ALPHA0.2_BETA0.8,0.2,0.8,50,0.34702,0.38189,0.21057,0.69209,0.63344,0.04107,0.01789,0.00036,0.05305,0.65
5,46,hybrid,HYBRID_ALPHA0.3_BETA0.7,0.3,0.7,50,0.33902,0.3658,0.21628,0.69141,0.62346,0.04119,0.01662,0.00058,0.0526,0.625
5,46,hybrid,HYBRID_ALPHA0.4_BETA0.6,0.4,0.6,50,0.33493,0.36228,0.21997,0.67016,0.57643,0.036,0.01229,0.00044,0.05191,0.65
5,46,hybrid,HYBRID_ALPHA0.5_BETA0.5,0.5,0.5,50,0.32956,0.36553,0.21417,0.64573,0.58962,0.03707,0.01556,0.00059,0.05654,0.65
5,46,hybrid,HYBRID_ALPHA0.6_BETA0.4,0.6,0.4,50,0.32383,0.36225,0.2176,0.67065,0.58442,0.03574,0.01131,0.00072,0.05124,0.65
5,46,hybrid,HYBRID_ALPHA0.7_BETA0.3,0.7,0.3,50,0.31944,0.36411,0.22375,0.67944,0.5913,0.03658,0.01254,0.00095,0.04968,0.675
5,46,hybrid,HYBRID_ALPHA0.8_BETA0.2,0.8,0.2,50,0.31745,0.37333,0.23235,0.66257,0.5982,0.04938,0.02094,0.00095,0.05707,0.7
5,46,hybrid,HYBRID_ALPHA0.9_BETA0.1,0.9,0.1,50,0.38129,0.40903,0.25072,0.6705,0.60131,0.04859,0.0217,0.00129,0.06675,0.625
5,46,hybrid,HYBRID_ALPHA0.1_BETA0.9,0.1,0.9,100,0.48791,0.43743,0.24256,0.96738,0.71537,0.15042,0.10131,0.00172,0.08563,0.725
5,46,hybrid,HYBRID_ALPHA0.2_BETA0.8,0.2,0.8,100,0.46814,0.42719,0.25261,0.92797,0.69938,0.15508,0.091,0.00188,0.08107,0.75
5,46,hybrid,HYBRID_ALPHA0.3_BETA0.7,0.3,0.7,100,0.40057,0.39103,0.23968,0.89017,0.68162,0.16462,0.08424,0.0013,0.06018,0.7
5,46,hybrid,HYBRID_ALPHA0.4_BETA0.6,0.4,0.6,100,0.37948,0.38978,0.23988,0.8479,0.66707,0.18038,0.07474,0.00074,0.05559,0.725
5,46,hybrid,HYBRID_ALPHA0.5_BETA0.5,0.5,0.5,100,0.26494,0.331,0.1478,0.82183,0.663,0.19613,0.0655,0.00026,0.05867,0.75
5,46,hybrid,HYBRID_ALPHA0.6_BETA0.4,0.6,0.4,100,0.28107,0.33778,0.18367,0.8753,0.66793,0.21174,0.0743,0.00112,0.06954,0.725
5,46,hybrid,HYBRID_ALPHA0.7_BETA0.3,0.7,0.3,100,0.28407,0.34321,0.20687,0.87886,0.67096,0.22106,0.07342,0.00107,0.06699,0.75
5,46,hybrid,HYBRID_ALPHA0.8_BETA0.2,0.8,0.2,100,0.30315,0.37888,0.23575,0.88307,0.67776,0.23369,0.0724,0.00134,0.06453,0.675
5,46,hybrid,HYBRID_ALPHA0.9_BETA0.1,0.9,0.1,100,0.29572,0.38088,0.23951,0.85483,0.69344,0.24642,0.04807,0.00111,0.04619,0.675
5,46,hybrid,HYBRID_ALPHA0.1_BETA0.9,0.1,0.9,300,0.3289,0.38073,0.0856,0.72471,0.59291,0.0499,0.01429,0.00128,0.1004,0.675
5,46,hybrid,HYBRID_ALPHA0.2_BETA0.8,0.2,0.8,300,0.29924,0.34286,0.0929,0.74945,0.60068,0.04917,0.0145,0.00128,0.11615,0.75
5,46,hybrid,HYBRID_ALPHA0.3_BETA0.7,0.3,0.7,300,0.29503,0.32882,0.11309,0.77519,0.60587,0.05184,0.01638,0.00117,0.11216,0.725
5,46,hybrid,HYBRID_ALPHA0.4_BETA0.6,0.4,0.6,300,0.28509,0.32526,0.1259,0.77029,0.61092,0.05762,0.0188,0.00123,0.11027,0.75
5,46,hybrid,HYBRID_ALPHA0.5_BETA0.5,0.5,0.5,300,0.27777,0.32403,0.13777,0.90919,0.62729,0.0479,0.02014,0.00104,0.10755,0.7
5,46,hybrid,HYBRID_ALPHA0.6_BETA0.4,0.6,0.4,300,0.27088,0.3163,0.14365,0.78381,0.60858,0.05425,0.02668,0.00122,0.1025,0.725
5,46,hybrid,HYBRID_ALPHA0.7_BETA0.3,0.7,0.3,300,0.26725,0.31598,0.16215,0.90407,0.64965,0.06541,0.06239,0.00151,0.10265,0.7
5,46,hybrid,HYBRID_ALPHA0.8_BETA0.2,0.8,0.2,300,0.26331,0.31959,0.17345,0.88787,0.64467,0.07223,0.06792,0.00151,0.08672,0.675
5,46,hybrid,HYBRID_ALPHA0.9_BETA0.1,0.9,0.1,300,0.26061,0.31778,0.16782,0.83944,0.62335,0.08931,0.07012,0.00119,0.06303,0.6
5,46,hybrid,HYBRID_ALPHA0.1_BETA0.9,0.1,0.9,500,0.43802,0.53729,0.0505,0.76015,0.59577,0.06439,0.03109,0.00209,0.13657,0.825
5,46,hybrid,HYBRID_ALPHA0.2_BETA0.8,0.2,0.8,500,0.38685,0.49349,0.05287,0.84607,0.60765,0.05629,0.03006,0.0019,0.10611,0.75
5,46,hybrid,HYBRID_ALPHA0.3_BETA0.7,0.3,0.7,500,0.33348,0.44624,0.06159,0.79839,0.59358,0.05355,0.02881,0.00178,0.06293,0.725
5,46,hybrid,HYBRID_ALPHA0.4_BETA0.6,0.4,0.6,500,0.29663,0.39717,0.09377,0.75155,0.59079,0.05635,0.03047,0.00177,0.05775,0.775
5,46,hybrid,HYBRID_ALPHA0.5_BETA0.5,0.5,0.5,500,0.27081,0.3607,0.13844,0.69061,0.5757,0.05235,0.02258,0.00151,0.05086,0.75
5,46,hybrid,HYBRID_ALPHA0.6_BETA0.4,0.6,0.4,500,0.25486,0.33767,0.17636,0.67568,0.58573,0.0531,0.02257,0.00133,0.04344,0.75
5,46,hybrid,HYBRID_ALPHA0.7_BETA0.3,0.7,0.3,500,0.2468,0.32655,0.20791,0.67743,0.58267,0.05389,0.02391,0.0013,0.04013,0.725
5,46,hybrid,HYBRID_ALPHA0.8_BETA0.2,0.8,0.2,500,0.24399,0.32754,0.2225,0.67205,0.59406,0.05626,0.02414,0.00139,0.03801,0.725
5,46,hybrid,HYBRID_ALPHA0.9_BETA0.1,0.9,0.1,500,0.24991,0.33573,0.2346,0.6628,0.61567,0.04874,0.02139,0.00165,0.04258,0.7
5,46,mse,MSE,1.0,0.0,50,0.37391,0.4088,0.25105,0.8708,0.69697,0.24025,0.06822,0.00138,0.05532,0.675
5,46,mse,MSE,1.0,0.0,100,0.27769,0.3753,0.23827,0.92693,0.72218,0.32052,0.05382,0.00176,0.04222,0.675
5,46,mse,MSE,1.0,0.0,300,0.26132,0.33297,0.18919,0.9306,0.70902,0.28283,0.08352,0.00139,0.0568,0.7
5,46,mse,MSE,1.0,0.0,500,0.27138,0.35846,0.25963,0.90828,0.71755,0.31075,0.0509,0.00138,0.04601,0.7
6,47,hsic,HSIC,0.0,1.0,50,0.5263,0.4931,0.25424,2.17024,0.99653,0.1999,0.0853,0.00921,0.17508,0.725
6,47,hsic,HSIC,0.0,1.0,100,0.79432,0.74545,0.2622,1.51038,0.83678,0.1276,0.11029,0.0037,0.13986,0.7
6,47,hsic,HSIC,0.0,1.0,300,0.56641,0.47717,0.25901,1.48353,0.85068,0.06914,0.04417,0.00394,0.31248,0.825
6,47,hsic,HSIC,0.0,1.0,500,0.42025,0.52239,0.08466,1.3355,0.85633,0.04514,0.03701,0.00171,0.28724,0.85
6,47,hybrid,HYBRID_ALPHA0.1_BETA0.9,0.1,0.9,50,0.32744,0.41163,0.25604,0.71479,0.60361,0.05974,0.03386,0.0021,0.04833,0.7
6,47,hybrid,HYBRID_ALPHA0.2_BETA0.8,0.2,0.8,50,0.31897,0.39869,0.26065,0.70731,0.61666,0.0547,0.03055,0.00257,0.04384,0.65
6,47,hybrid,HYBRID_ALPHA0.3_BETA0.7,0.3,0.7,50,0.31436,0.40287,0.2633,0.70223,0.61801,0.05533,0.0321,0.0025,0.04331,0.7
6,47,hybrid,HYBRID_ALPHA0.4_BETA0.6,0.4,0.6,50,0.3138,0.40194,0.26656,0.69589,0.61623,0.05627,0.03343,0.00241,0.04314,0.675
6,47,hybrid,HYBRID_ALPHA0.5_BETA0.5,0.5,0.5,50,0.30921,0.40015,0.26872,0.69208,0.61461,0.05673,0.03376,0.00232,0.04242,0.675
6,47,hybrid,HYBRID_ALPHA0.6_BETA0.4,0.6,0.4,50,0.30551,0.39567,0.26843,0.68559,0.61152,0.05745,0.03397,0.00218,0.04206,0.7
6,47,hybrid,HYBRID_ALPHA0.7_BETA0.3,0.7,0.3,50,0.30658,0.39723,0.2699,0.67817,0.6075,0.05849,0.03342,0.00208,0.04306,0.675
6,47,hybrid,HYBRID_ALPHA0.8_BETA0.2,0.8,0.2,50,0.29743,0.39102,0.27314,0.66697,0.60168,0.05862,0.02938,0.00187,0.04068,0.7
6,47,hybrid,HYBRID_ALPHA0.9_BETA0.1,0.9,0.1,50,0.26553,0.37343,0.26755,0.66733,0.59878,0.05397,0.0232,0.00193,0.03564,0.725
6,47,hybrid,HYBRID_ALPHA0.1_BETA0.9,0.1,0.9,100,0.35787,0.42118,0.25952,0.87281,0.74497,0.17221,0.06289,0.00236,0.04865,0.675
6,47,hybrid,HYBRID_ALPHA0.2_BETA0.8,0.2,0.8,100,0.34271,0.4012,0.26079,0.86214,0.73442,0.17616,0.062,0.0021,0.05172,0.675
6,47,hybrid,HYBRID_ALPHA0.3_BETA0.7,0.3,0.7,100,0.33915,0.40146,0.26417,0.85299,0.72238,0.18049,0.06205,0.00206,0.05249,0.675
6,47,hybrid,HYBRID_ALPHA0.4_BETA0.6,0.4,0.6,100,0.35118,0.40425,0.2599,0.84438,0.70849,0.18604,0.06365,0.00199,0.05641,0.675
6,47,hybrid,HYBRID_ALPHA0.5_BETA0.5,0.5,0.5,100,0.334,0.39945,0.2563,0.84275,0.70023,0.1942,0.06698,0.00193,0.05321,0.7
6,47,hybrid,HYBRID_ALPHA0.6_BETA0.4,0.6,0.4,100,0.32452,0.39298,0.25041,0.85225,0.69968,0.2008,0.07603,0.00196,0.05272,0.65
6,47,hybrid,HYBRID_ALPHA0.7_BETA0.3,0.7,0.3,100,0.29515,0.36729,0.22762,0.85667,0.70284,0.20472,0.07911,0.00171,0.04986,0.7
6,47,hybrid,HYBRID_ALPHA0.8_BETA0.2,0.8,0.2,100,0.43048,0.421,0.25733,0.85961,0.70485,0.21002,0.07877,0.00172,0.062,0.675
6,47,hybrid,HYBRID_ALPHA0.9_BETA0.1,0.9,0.1,100,0.45075,0.42717,0.25813,0.86462,0.71241,0.21307,0.07988,0.00172,0.06335,0.7
6,47,hybrid,HYBRID_ALPHA0.1_BETA0.9,0.1,0.9,300,0.29907,0.39472,0.09127,0.73175,0.5937,0.05183,0.01959,0.0018,0.09715,0.775
6,47,hybrid,HYBRID_ALPHA0.2_BETA0.8,0.2,0.8,300,0.26419,0.35593,0.13803,0.79951,0.66132,0.146,0.05726,0.00158,0.06529,0.775
6,47,hybrid,HYBRID_ALPHA0.3_BETA0.7,0.3,0.7,300,0.24662,0.33833,0.18012,0.81719,0.64856,0.15216,0.062,0.00119,0.07715,0.7
6,47,hybrid,HYBRID_ALPHA0.4_BETA0.6,0.4,0.6,300,0.25475,0.34722,0.20357,0.81586,0.65028,0.15677,0.06329,0.00119,0.0664,0.7
6,47,hybrid,HYBRID_ALPHA0.5_BETA0.5,0.5,0.5,300,0.24048,0.33086,0.20345,0.82625,0.65642,0.17075,0.06696,0.00147,0.07439,0.75
6,47,hybrid,HYBRID_ALPHA0.6_BETA0.4,0.6,0.4,300,0.25773,0.34001,0.20754,0.83993,0.66598,0.18721,0.0708,0.00146,0.07131,0.725
6,47,hybrid,HYBRID_ALPHA0.7_BETA0.3,0.7,0.3,300,0.39198,0.42374,0.26854,0.85058,0.67498,0.20271,0.07631,0.00188,0.0924,0.675
6,47,hybrid,HYBRID_ALPHA0.8_BETA0.2,0.8,0.2,300,0.38932,0.42106,0.26565,0.8551,0.67848,0.21139,0.07737,0.00173,0.09258,0.65
6,47,hybrid,HYBRID_ALPHA0.9_BETA0.1,0.9,0.1,300,0.38529,0.41692,0.26251,0.8613,0.68644,0.22384,0.07731,0.0016,0.08893,0.675
6,47,hybrid,HYBRID_ALPHA0.1_BETA0.9,0.1,0.9,500,0.32152,0.46507,0.08944,0.66847,0.60247,0.03872,0.0274,0.00151,0.06163,0.725
6,47,hybrid,HYBRID_ALPHA0.2_BETA0.8,0.2,0.8,500,0.25985,0.38099,0.22904,0.67839,0.58872,0.03826,0.02196,0.00136,0.05507,0.7
6,47,hybrid,HYBRID_ALPHA0.3_BETA0.7,0.3,0.7,500,0.21405,0.32546,0.22602,0.64037,0.58484,0.03405,0.01719,0.00116,0.04813,0.75
6,47,hybrid,HYBRID_ALPHA0.4_BETA0.6,0.4,0.6,500,0.21318,0.31848,0.23374,0.63739,0.58313,0.03405,0.01726,0.00113,0.05428,0.725
6,47,hybrid,HYBRID_ALPHA0.5_BETA0.5,0.5,0.5,500,0.2137,0.31509,0.23388,0.63821,0.58637,0.03441,0.01699,0.00109,0.05334,0.75
6,47,hybrid,HYBRID_ALPHA0.6_BETA0.4,0.6,0.4,500,0.21407,0.31346,0.22872,0.6365,0.58485,0.03441,0.01729,0.00108,0.05281,0.675
6,47,hybrid,HYBRID_ALPHA0.7_BETA0.3,0.7,0.3,500,0.21474,0.31475,0.22652,0.6351,0.58367,0.03466,0.01812,0.00111,0.05177,0.7
6,47,hybrid,HYBRID_ALPHA0.8_BETA0.2,0.8,0.2,500,0.22287,0.32921,0.20035,0.85775,0.66697,0.19923,0.08245,0.00153,0.04804,0.7
6,47,hybrid,HYBRID_ALPHA0.9_BETA0.1,0.9,0.1,500,0.22432,0.33392,0.20566,0.8656,0.67252,0.21397,0.08372,0.00157,0.04769,0.7
6,47,mse,MSE,1.0,0.0,50,0.27212,0.37813,0.26937,0.72014,0.63488,0.05094,0.01713,0.00256,0.03347,0.75
6,47,mse,MSE,1.0,0.0,100,0.44967,0.42715,0.25831,0.87149,0.71546,0.22327,0.07858,0.00165,0.0634,0.7
6,47,mse,MSE,1.0,0.0,300,0.38281,0.41435,0.25957,0.86225,0.6918,0.23029,0.08275,0.00143,0.08715,0.65
6,47,mse,MSE,1.0,0.0,500,0.22829,0.34433,0.20414,0.64289,0.59195,0.05018,0.03635,0.00104,0.04371,0.775
7,48,hsic,HSIC,0.0,1.0,50,0.5923,0.52335,0.26184,1.57399,0.85093,0.28492,0.04838,0.00518,0.04826,0.7
7,48,hsic,HSIC,0.0,1.0,100,0.5714,0.47674,0.25862,1.49404,0.8308,0.33355,0.05544,0.00527,0.19237,0.8
7,48,hsic,HSIC,0.0,1.0,300,0.56622,0.47687,0.25898,1.28479,0.74175,0.06017,0.0376,0.00382,0.28526,0.825
7,48,hsic,HSIC,0.0,1.0,500,0.44959,0.54597,0.05602,1.07767,0.66754,0.04204,0.039,0.00204,0.3701,0.825
7,48,hybrid,HYBRID_ALPHA0.1_BETA0.9,0.1,0.9,50,0.44184,0.42855,0.25809,1.45056,0.83793,0.28488,0.04991,0.00483,0.04013,0.75
7,48,hybrid,HYBRID_ALPHA0.2_BETA0.8,0.2,0.8,50,0.41219,0.41329,0.25578,1.24802,0.81179,0.29858,0.05394,0.00439,0.03744,0.675
7,48,hybrid,HYBRID_ALPHA0.3_BETA0.7,0.3,0.7,50,0.48067,0.43169,0.25835,1.23562,0.80809,0.31105,0.05446,0.00461,0.03908,0.75
7,48,hybrid,HYBRID_ALPHA0.4_BETA0.6,0.4,0.6,50,0.47999,0.43129,0.25864,1.14773,0.79889,0.29804,0.05404,0.00426,0.03669,0.725
7,48,hybrid,HYBRID_ALPHA0.5_BETA0.5,0.5,0.5,50,0.4796,0.43104,0.25856,1.14399,0.79902,0.29823,0.05389,0.00426,0.03659,0.725
7,48,hybrid,HYBRID_ALPHA0.6_BETA0.4,0.6,0.4,50,0.47934,0.43077,0.25854,1.14164,0.79967,0.29859,0.05378,0.00426,0.03656,0.725
7,48,hybrid,HYBRID_ALPHA0.7_BETA0.3,0.7,0.3,50,0.47927,0.43077,0.25863,1.13809,0.80027,0.29982,0.05384,0.00424,0.03652,0.725
7,48,hybrid,HYBRID_ALPHA0.8_BETA0.2,0.8,0.2,50,0.47926,0.43079,0.25869,1.13555,0.80025,0.2995,0.05391,0.00423,0.03661,0.725
7,48,hybrid,HYBRID_ALPHA0.9_BETA0.1,0.9,0.1,50,0.47958,0.43094,0.25882,0.9928,0.77562,0.3064,0.05309,0.00351,0.03383,0.725
7,48,hybrid,HYBRID_ALPHA0.1_BETA0.9,0.1,0.9,100,0.24993,0.34237,0.12058,0.67176,0.58959,0.03929,0.0154,0.00044,0.03504,0.725
7,48,hybrid,HYBRID_ALPHA0.2_BETA0.8,0.2,0.8,100,0.24369,0.33378,0.1291,0.67453,0.581,0.04246,0.0133,0.00042,0.03346,0.675
7,48,hybrid,HYBRID_ALPHA0.3_BETA0.7,0.3,0.7,100,0.23508,0.33515,0.14223,0.6759,0.57552,0.04184,0.01363,0.00046,0.03156,0.65
7,48,hybrid,HYBRID_ALPHA0.4_BETA0.6,0.4,0.6,100,0.22926,0.32722,0.13429,0.67971,0.57191,0.04208,0.01486,0.00071,0.03142,0.675
7,48,hybrid,HYBRID_ALPHA0.5_BETA0.5,0.5,0.5,100,0.23825,0.339,0.11537,0.68761,0.57308,0.04429,0.01502,0.00084,0.03174,0.7
7,48,hybrid,HYBRID_ALPHA0.6_BETA0.4,0.6,0.4,100,0.24027,0.34378,0.10969,0.76195,0.61279,0.11329,0.02614,0.00098,0.02964,0.7
7,48,hybrid,HYBRID_ALPHA0.7_BETA0.3,0.7,0.3,100,0.238,0.34446,0.11018,0.80598,0.63621,0.16508,0.04259,0.00103,0.02941,0.675
7,48,hybrid,HYBRID_ALPHA0.8_BETA0.2,0.8,0.2,100,0.23717,0.34816,0.11256,0.79653,0.64327,0.1542,0.06042,0.0011,0.03153,0.65
7,48,hybrid,HYBRID_ALPHA0.9_BETA0.1,0.9,0.1,100,0.23459,0.34894,0.11983,0.79679,0.64101,0.1576,0.06322,0.00111,0.03266,0.625
7,48,hybrid,HYBRID_ALPHA0.1_BETA0.9,0.1,0.9,300,0.56388,0.47498,0.25901,0.73383,0.59264,0.07128,0.0331,0.00159,0.09458,0.75
7,48,hybrid,HYBRID_ALPHA0.2_BETA0.8,0.2,0.8,300,0.56298,0.47423,0.25915,0.67436,0.57329,0.04816,0.01919,0.00122,0.097,0.75
7,48,hybrid,HYBRID_ALPHA0.3_BETA0.7,0.3,0.7,300,0.56243,0.47364,0.25928,0.66816,0.5797,0.04848,0.01953,0.00124,0.09748,0.75
7,48,hybrid,HYBRID_ALPHA0.4_BETA0.6,0.4,0.6,300,0.56181,0.47299,0.25927,0.85674,0.66201,0.1883,0.06928,0.00221,0.09094,0.75
7,48,hybrid,HYBRID_ALPHA0.5_BETA0.5,0.5,0.5,300,0.56132,0.47258,0.25917,0.66065,0.58258,0.04842,0.02097,0.00111,0.09712,0.75
7,48,hybrid,HYBRID_ALPHA0.6_BETA0.4,0.6,0.4,300,0.50836,0.45073,0.26083,0.6489,0.58094,0.04869,0.02217,0.001,0.09211,0.75
7,48,hybrid,HYBRID_ALPHA0.7_BETA0.3,0.7,0.3,300,0.45964,0.4312,0.26,0.6293,0.5784,0.04805,0.02407,0.00092,0.09317,0.75
7,48,hybrid,HYBRID_ALPHA0.8_BETA0.2,0.8,0.2,300,0.43972,0.42449,0.25934,1.06725,0.74044,0.30343,0.06226,0.00405,0.14638,0.775
7,48,hybrid,HYBRID_ALPHA0.9_BETA0.1,0.9,0.1,300,0.4385,0.42357,0.25842,1.28369,0.79616,0.33065,0.06014,0.00483,0.20458,0.85
7,48,hybrid,HYBRID_ALPHA0.1_BETA0.9,0.1,0.9,500,0.40746,0.49705,0.04251,0.70327,0.61114,0.05309,0.03174,0.00176,0.06,0.775
7,48,hybrid,HYBRID_ALPHA0.2_BETA0.8,0.2,0.8,500,0.32287,0.43856,0.03724,0.72052,0.6127,0.055,0.02972,0.00164,0.04629,0.8
7,48,hybrid,HYBRID_ALPHA0.3_BETA0.7,0.3,0.7,500,0.29517,0.38212,0.0829,0.76751,0.65207,0.10019,0.04358,0.00171,0.04715,0.8
7,48,hybrid,HYBRID_ALPHA0.4_BETA0.6,0.4,0.6,500,0.28944,0.34334,0.13669,0.78604,0.66517,0.12371,0.05279,0.00086,0.03918,0.725
7,48,hybrid,HYBRID_ALPHA0.5_BETA0.5,0.5,0.5,500,0.27171,0.32845,0.15537,0.79563,0.66751,0.1338,0.0568,0.0012,0.0533,0.675
7,48,hybrid,HYBRID_ALPHA0.6_BETA0.4,0.6,0.4,500,0.26521,0.3295,0.13976,0.7882,0.66599,0.12929,0.06029,0.0011,0.05494,0.7
7,48,hybrid,HYBRID_ALPHA0.7_BETA0.3,0.7,0.3,500,0.26208,0.33704,0.11863,0.83383,0.68696,0.17967,0.07895,0.00111,0.05761,0.75
7,48,hybrid,HYBRID_ALPHA0.8_BETA0.2,0.8,0.2,500,0.26659,0.33607,0.16399,0.84428,0.69245,0.19512,0.08509,0.00125,0.0595,0.7
7,48,hybrid,HYBRID_ALPHA0.9_BETA0.1,0.9,0.1,500,0.26358,0.33404,0.18814,0.85485,0.69571,0.21191,0.08683,0.00161,0.05731,0.65
7,48,mse,MSE,1.0,0.0,50,0.47852,0.43106,0.25883,1.1056,0.79721,0.30124,0.05387,0.00417,0.03365,0.725
7,48,mse,MSE,1.0,0.0,100,0.2355,0.35818,0.12803,0.82001,0.65546,0.19313,0.06799,0.00104,0.02846,0.675
7,48,mse,MSE,1.0,0.0,300,0.4339,0.42317,0.25839,1.4269,0.82191,0.33865,0.05786,0.00513,0.22978,0.825
7,48,mse,MSE,1.0,0.0,500,0.26349,0.33921,0.19736,0.66248,0.61361,0.07063,0.04279,0.00115,0.04705,0.75
8,49,hsic,HSIC,0.0,1.0,50,1.43157,1.10713,0.21971,1.42202,0.91743,0.10764,0.22185,0.00257,0.21603,0.8
8,49,hsic,HSIC,0.0,1.0,100,0.53086,0.59062,0.13888,7.02407,2.47285,0.07479,0.04338,0.00319,0.23064,0.85
8,49,hsic,HSIC,0.0,1.0,300,1.22589,1.00591,0.23856,1.03507,0.65679,0.04757,0.04516,0.00288,0.27978,0.85
8,49,hsic,HSIC,0.0,1.0,500,0.56408,0.47459,0.2595,0.95413,0.69898,0.04464,0.03692,0.00268,0.36992,0.925
8,49,hybrid,HYBRID_ALPHA0.1_BETA0.9,0.1,0.9,50,0.24681,0.33874,0.22335,0.75655,0.69098,0.12851,0.14815,0.00144,0.05229,0.725
8,49,hybrid,HYBRID_ALPHA0.2_BETA0.8,0.2,0.8,50,0.24856,0.33846,0.21545,0.75688,0.68405,0.13974,0.15221,0.0014,0.05272,0.75
8,49,hybrid,HYBRID_ALPHA0.3_BETA0.7,0.3,0.7,50,0.25487,0.34156,0.20588,0.75767,0.67861,0.1446,0.15713,0.00146,0.053,0.775
8,49,hybrid,HYBRID_ALPHA0.4_BETA0.6,0.4,0.6,50,0.23852,0.34355,0.21444,0.83422,0.69033,0.16664,0.16955,0.00189,0.05238,0.775
8,49,hybrid,HYBRID_ALPHA0.5_BETA0.5,0.5,0.5,50,0.27608,0.35118,0.15355,4.07597,0.85928,0.17982,0.19819,0.00211,0.04865,0.8
8,49,hybrid,HYBRID_ALPHA0.6_BETA0.4,0.6,0.4,50,0.37293,0.4058,0.1668,1.70606,0.77618,0.18044,0.20191,0.00265,0.04845,0.725
8,49,hybrid,HYBRID_ALPHA0.7_BETA0.3,0.7,0.3,50,0.26125,0.34618,0.20098,0.92711,0.70942,0.18569,0.18488,0.00202,0.04831,0.75
8,49,hybrid,HYBRID_ALPHA0.8_BETA0.2,0.8,0.2,50,0.26676,0.34817,0.20141,0.82412,0.65154,0.17829,0.12716,0.00154,0.04784,0.725
8,49,hybrid,HYBRID_ALPHA0.9_BETA0.1,0.9,0.1,50,0.27507,0.35945,0.20902,0.88406,0.66659,0.21528,0.11974,0.00173,0.04856,0.725
8,49,hybrid,HYBRID_ALPHA0.1_BETA0.9,0.1,0.9,100,0.40144,0.5292,0.12295,0.83676,0.7089,0.11745,0.05616,0.00321,0.06609,0.7
8,49,hybrid,HYBRID_ALPHA0.2_BETA0.8,0.2,0.8,100,0.27339,0.356,0.21016,0.82085,0.69455,0.1303,0.05985,0.00183,0.05785,0.725
8,49,hybrid,HYBRID_ALPHA0.3_BETA0.7,0.3,0.7,100,0.26851,0.35609,0.22164,0.80163,0.67118,0.12648,0.05923,0.00192,0.05803,0.725
8,49,hybrid,HYBRID_ALPHA0.4_BETA0.6,0.4,0.6,100,0.26419,0.33361,0.18079,0.80112,0.65588,0.12506,0.059,0.00169,0.05731,0.725
8,49,hybrid,HYBRID_ALPHA0.5_BETA0.5,0.5,0.5,100,0.26455,0.34029,0.2031,0.81051,0.65774,0.11956,0.0644,0.00145,0.05807,0.725
8,49,hybrid,HYBRID_ALPHA0.6_BETA0.4,0.6,0.4,100,0.25836,0.33377,0.20465,0.81804,0.64917,0.09923,0.06812,0.0012,0.0584,0.725
8,49,hybrid,HYBRID_ALPHA0.7_BETA0.3,0.7,0.3,100,0.25859,0.34178,0.21752,0.82604,0.65408,0.10244,0.07181,0.00126,0.05831,0.7
8,49,hybrid,HYBRID_ALPHA0.8_BETA0.2,0.8,0.2,100,0.26098,0.35101,0.23008,0.84011,0.66305,0.10859,0.07742,0.00133,0.05819,0.725
8,49,hybrid,HYBRID_ALPHA0.9_BETA0.1,0.9,0.1,100,0.25989,0.3542,0.23704,0.85517,0.66761,0.1167,0.08508,0.00133,0.05771,0.725
8,49,hybrid,HYBRID_ALPHA0.1_BETA0.9,0.1,0.9,300,0.27646,0.35175,0.22105,0.68994,0.59913,0.05093,0.04495,0.00167,0.07137,0.75
8,49,hybrid,HYBRID_ALPHA0.2_BETA0.8,0.2,0.8,300,0.25215,0.35535,0.1154,0.68978,0.59983,0.05303,0.04811,0.0015,0.05112,0.625
8,49,hybrid,HYBRID_ALPHA0.3_BETA0.7,0.3,0.7,300,0.22756,0.34128,0.12257,0.707,0.59761,0.0588,0.05169,0.00136,0.05009,0.7
8,49,hybrid,HYBRID_ALPHA0.4_BETA0.6,0.4,0.6,300,0.21315,0.31296,0.21631,0.66437,0.6034,0.04122,0.04545,0.00146,0.05054,0.725
8,49,hybrid,HYBRID_ALPHA0.5_BETA0.5,0.5,0.5,300,0.21076,0.30954,0.21813,0.65831,0.59821,0.04376,0.04332,0.00132,0.04887,0.775
8,49,hybrid,HYBRID_ALPHA0.6_BETA0.4,0.6,0.4,300,0.20988,0.30997,0.21767,0.65444,0.59675,0.04566,0.04769,0.00132,0.04879,0.75
8,49,hybrid,HYBRID_ALPHA0.7_BETA0.3,0.7,0.3,300,0.2104,0.30985,0.22217,0.65023,0.59682,0.04942,0.05389,0.00131,0.04674,0.725
8,49,hybrid,HYBRID_ALPHA0.8_BETA0.2,0.8,0.2,300,0.2108,0.31159,0.22427,0.64886,0.59925,0.05585,0.06401,0.00131,0.0464,0.725
8,49,hybrid,HYBRID_ALPHA0.9_BETA0.1,0.9,0.1,300,0.21733,0.31654,0.2335,0.65587,0.59823,0.0755,0.08556,0.0013,0.0419,0.775
8,49,hybrid,HYBRID_ALPHA0.1_BETA0.9,0.1,0.9,500,0.35072,0.48038,0.14723,0.83744,0.66273,0.20278,0.06312,0.00327,0.09812,0.8
8,49,hybrid,HYBRID_ALPHA0.2_BETA0.8,0.2,0.8,500,0.27632,0.39225,0.18211,0.85547,0.66866,0.21708,0.06513,0.00274,0.0895,0.725
8,49,hybrid,HYBRID_ALPHA0.3_BETA0.7,0.3,0.7,500,0.25468,0.35474,0.1906,0.86308,0.66609,0.21879,0.06692,0.00229,0.08442,0.775
8,49,hybrid,HYBRID_ALPHA0.4_BETA0.6,0.4,0.6,500,0.26281,0.35891,0.17883,0.87823,0.66318,0.22114,0.06774,0.00229,0.0871,0.75
8,49,hybrid,HYBRID_ALPHA0.5_BETA0.5,0.5,0.5,500,0.24835,0.33332,0.19552,0.89021,0.66458,0.22509,0.06919,0.00191,0.08368,0.775
8,49,hybrid,HYBRID_ALPHA0.6_BETA0.4,0.6,0.4,500,0.24466,0.32808,0.20385,0.84227,0.64427,0.1876,0.06757,0.00159,0.08409,0.8
8,49,hybrid,HYBRID_ALPHA0.7_BETA0.3,0.7,0.3,500,0.24198,0.3265,0.20664,0.82515,0.63345,0.16653,0.06414,0.00141,0.08433,0.75
8,49,hybrid,HYBRID_ALPHA0.8_BETA0.2,0.8,0.2,500,0.24796,0.33257,0.20921,0.86082,0.65947,0.21033,0.07565,0.00163,0.07893,0.775
8,49,hybrid,HYBRID_ALPHA0.9_BETA0.1,0.9,0.1,500,0.25952,0.34241,0.21867,0.857,0.66034,0.20451,0.07956,0.0017,0.06937,0.7
8,49,mse,MSE,1.0,0.0,50,0.28223,0.36742,0.21942,0.89496,0.67372,0.23548,0.09361,0.00157,0.04945,0.75
8,49,mse,MSE,1.0,0.0,100,0.25675,0.35269,0.23779,0.83802,0.66106,0.08428,0.081,0.00118,0.06326,0.725
8,49,mse,MSE,1.0,0.0,300,0.22215,0.32579,0.24027,0.8656,0.69602,0.21651,0.11589,0.00199,0.04149,0.75
8,49,mse,MSE,1.0,0.0,500,0.26214,0.35294,0.23746,0.90596,0.69316,0.25933,0.07555,0.00207,0.0601,0.7
9,50,hsic,HSIC,0.0,1.0,50,0.63659,0.55761,0.25735,2.04097,1.29281,0.04324,0.02098,0.0032,0.39981,0.925
9,50,hsic,HSIC,0.0,1.0,100,0.53612,0.5982,0.05931,2.29676,1.19501,0.08946,0.17504,0.0075,0.34971,0.85
9,50,hsic,HSIC,0.0,1.0,300,0.76883,0.74565,0.07265,4.41443,1.79324,0.07331,0.02722,0.00242,0.28616,0.825
9,50,hsic,HSIC,0.0,1.0,500,0.44255,0.52031,0.11041,1.09034,0.66166,0.04548,0.03362,0.00211,0.22285,0.775
9,50,hybrid,HYBRID_ALPHA0.1_BETA0.9,0.1,0.9,50,0.63331,0.55485,0.25739,0.71728,0.65541,0.05298,0.02435,0.00221,0.25374,0.875
9,50,hybrid,HYBRID_ALPHA0.2_BETA0.8,0.2,0.8,50,0.63338,0.55484,0.25739,0.69912,0.62502,0.05224,0.02008,0.00204,0.22514,0.875
9,50,hybrid,HYBRID_ALPHA0.3_BETA0.7,0.3,0.7,50,0.63259,0.55401,0.25751,0.69931,0.61411,0.05401,0.01956,0.00204,0.21073,0.825
9,50,hybrid,HYBRID_ALPHA0.4_BETA0.6,0.4,0.6,50,0.63136,0.55271,0.25766,0.7,0.61416,0.05548,0.01943,0.00203,0.20036,0.825
9,50,hybrid,HYBRID_ALPHA0.5_BETA0.5,0.5,0.5,50,0.63086,0.55223,0.25754,0.70012,0.58575,0.05143,0.01503,0.002,0.19318,0.85
9,50,hybrid,HYBRID_ALPHA0.6_BETA0.4,0.6,0.4,50,0.59704,0.53277,0.2602,0.83619,0.66015,0.19285,0.09639,0.00141,0.18791,0.85
9,50,hybrid,HYBRID_ALPHA0.7_BETA0.3,0.7,0.3,50,0.54586,0.49419,0.26305,0.85827,0.65626,0.19624,0.09162,0.00151,0.1795,0.875
9,50,hybrid,HYBRID_ALPHA0.8_BETA0.2,0.8,0.2,50,0.49054,0.45686,0.26409,0.88874,0.66485,0.20901,0.09902,0.00144,0.17121,0.825
9,50,hybrid,HYBRID_ALPHA0.9_BETA0.1,0.9,0.1,50,0.44248,0.43624,0.2664,0.94196,0.67924,0.21197,0.1007,0.00154,0.15705,0.825
9,50,hybrid,HYBRID_ALPHA0.1_BETA0.9,0.1,0.9,100,0.33618,0.45389,0.11438,0.78956,0.73798,0.13046,0.10631,0.00231,0.08043,0.725
9,50,hybrid,HYBRID_ALPHA0.2_BETA0.8,0.2,0.8,100,0.31086,0.4069,0.13811,0.77954,0.72123,0.1437,0.09674,0.00188,0.06575,0.825
9,50,hybrid,HYBRID_ALPHA0.3_BETA0.7,0.3,0.7,100,0.29397,0.38429,0.15424,0.79503,0.69249,0.1687,0.07729,0.002,0.05874,0.725
9,50,hybrid,HYBRID_ALPHA0.4_BETA0.6,0.4,0.6,100,0.26428,0.36308,0.17895,0.81035,0.66809,0.18846,0.07977,0.00172,0.05415,0.725
9,50,hybrid,HYBRID_ALPHA0.5_BETA0.5,0.5,0.5,100,0.26224,0.35473,0.19007,0.86501,0.65795,0.2079,0.07875,0.00134,0.0499,0.7
9,50,hybrid,HYBRID_ALPHA0.6_BETA0.4,0.6,0.4,100,0.26215,0.3547,0.18978,0.9014,0.66328,0.22084,0.07916,0.00135,0.04811,0.7
9,50,hybrid,HYBRID_ALPHA0.7_BETA0.3,0.7,0.3,100,0.26429,0.35504,0.18963,0.91607,0.6654,0.22339,0.07728,0.00144,0.04652,0.7
9,50,hybrid,HYBRID_ALPHA0.8_BETA0.2,0.8,0.2,100,0.26677,0.35601,0.19256,0.93386,0.67095,0.23017,0.07646,0.00157,0.04612,0.725
9,50,hybrid,HYBRID_ALPHA0.9_BETA0.1,0.9,0.1,100,0.27083,0.3621,0.20125,0.94707,0.67914,0.24527,0.07311,0.00169,0.04796,0.675
9,50,hybrid,HYBRID_ALPHA0.1_BETA0.9,0.1,0.9,300,0.33495,0.4477,0.06502,0.79738,0.66945,0.12859,0.05653,0.00167,0.03983,0.7
9,50,hybrid,HYBRID_ALPHA0.2_BETA0.8,0.2,0.8,300,0.30324,0.38262,0.09798,0.8043,0.67774,0.14268,0.05577,0.00136,0.03722,0.675
9,50,hybrid,HYBRID_ALPHA0.3_BETA0.7,0.3,0.7,300,0.26947,0.32495,0.16047,0.7995,0.67398,0.14324,0.05356,0.00084,0.03455,0.675
9,50,hybrid,HYBRID_ALPHA0.4_BETA0.6,0.4,0.6,300,0.26506,0.32066,0.17055,0.80014,0.68049,0.15039,0.06055,0.00083,0.0339,0.675
9,50,hybrid,HYBRID_ALPHA0.5_BETA0.5,0.5,0.5,300,0.26542,0.32102,0.17614,0.8112,0.68698,0.15485,0.07133,0.00085,0.03409,0.675
9,50,hybrid,HYBRID_ALPHA0.6_BETA0.4,0.6,0.4,300,0.26653,0.3219,0.18124,0.82742,0.69474,0.17102,0.0766,0.00087,0.03404,0.675
9,50,hybrid,HYBRID_ALPHA0.7_BETA0.3,0.7,0.3,300,0.26736,0.32404,0.18906,0.83687,0.69849,0.18646,0.07947,0.00083,0.03433,0.675
9,50,hybrid,HYBRID_ALPHA0.8_BETA0.2,0.8,0.2,300,0.26752,0.32616,0.19326,0.8473,0.70357,0.19968,0.08489,0.00087,0.03407,0.65
9,50,hybrid,HYBRID_ALPHA0.9_BETA0.1,0.9,0.1,300,0.27017,0.32956,0.18944,0.85335,0.70687,0.20678,0.08588,0.00096,0.03173,0.7
9,50,hybrid,HYBRID_ALPHA0.1_BETA0.9,0.1,0.9,500,0.25767,0.33789,0.15697,0.7203,0.5853,0.04926,0.02397,0.00106,0.04765,0.675
9,50,hybrid,HYBRID_ALPHA0.2_BETA0.8,0.2,0.8,500,0.24614,0.3033,0.15798,0.68936,0.59211,0.05284,0.02744,0.00073,0.04151,0.65
9,50,hybrid,HYBRID_ALPHA0.3_BETA0.7,0.3,0.7,500,0.24844,0.30909,0.14351,0.69002,0.60692,0.05449,0.03159,0.00074,0.04067,0.725
9,50,hybrid,HYBRID_ALPHA0.4_BETA0.6,0.4,0.6,500,0.24946,0.31098,0.14583,0.72043,0.62532,0.07087,0.04438,0.00083,0.03968,0.7
9,50,hybrid,HYBRID_ALPHA0.5_BETA0.5,0.5,0.5,500,0.25117,0.30897,0.15491,0.66909,0.61275,0.0435,0.01686,0.00051,0.03987,0.675
9,50,hybrid,HYBRID_ALPHA0.6_BETA0.4,0.6,0.4,500,0.25651,0.31246,0.15193,0.66986,0.6139,0.04508,0.01711,0.00054,0.04012,0.65
9,50,hybrid,HYBRID_ALPHA0.7_BETA0.3,0.7,0.3,500,0.25658,0.31512,0.15685,0.675,0.62203,0.04675,0.01759,0.00065,0.04007,0.675
9,50,hybrid,HYBRID_ALPHA0.8_BETA0.2,0.8,0.2,500,0.25481,0.31583,0.16243,0.68143,0.62641,0.05041,0.01946,0.00079,0.03971,0.7
9,50,hybrid,HYBRID_ALPHA0.9_BETA0.1,0.9,0.1,500,0.25522,0.31933,0.17577,0.69246,0.6315,0.06311,0.02253,0.00097,0.03895,0.7
9,50,mse,MSE,1.0,0.0,50,0.32106,0.40266,0.2726,1.00859,0.71763,0.29176,0.06572,0.00356,0.13736,0.775
9,50,mse,MSE,1.0,0.0,100,0.27956,0.36991,0.20981,0.98073,0.70825,0.29007,0.06221,0.00287,0.07155,0.7
9,50,mse,MSE,1.0,0.0,300,0.27148,0.33706,0.19586,0.86254,0.7125,0.21728,0.08872,0.00097,0.03507,0.6
9,50,mse,MSE,1.0,0.0,500,0.25701,0.32992,0.19019,0.88085,0.70178,0.24788,0.07131,0.0016,0.03832,0.65
10,51,hsic,HSIC,0.0,1.0,50,0.54205,0.5132,0.16052,1.41654,0.7436,0.036,0.02695,0.00201,0.01606,0.7
10,51,hsic,HSIC,0.0,1.0,100,0.54742,0.5534,0.09901,1.618,0.9419,0.04923,0.03586,0.00319,0.03066,0.775
10,51,hsic,HSIC,0.0,1.0,300,0.44552,0.5441,0.08279,1.07931,0.65116,0.03717,0.02187,0.00235,0.34711,0.825
10,51,hsic,HSIC,0.0,1.0,500,0.44852,0.53168,0.05717,1.11771,0.6968,0.0579,0.0384,0.00242,0.31134,0.85
10,51,hybrid,HYBRID_ALPHA0.1_BETA0.9,0.1,0.9,50,0.3308,0.34906,0.15538,1.43617,0.78973,0.04878,0.037,0.00236,0.01622,0.725
10,51,hybrid,HYBRID_ALPHA0.2_BETA0.8,0.2,0.8,50,0.37612,0.34352,0.14496,1.33552,0.74783,0.08605,0.05409,0.0021,0.02175,0.65
10,51,hybrid,HYBRID_ALPHA0.3_BETA0.7,0.3,0.7,50,0.38541,0.34502,0.14613,1.33672,0.75882,0.11545,0.05704,0.00242,0.02597,0.7
10,51,hybrid,HYBRID_ALPHA0.4_BETA0.6,0.4,0.6,50,0.38721,0.3386,0.15518,1.46045,0.81336,0.10403,0.05327,0.00297,0.02988,0.65
10,51,hybrid,HYBRID_ALPHA0.5_BETA0.5,0.5,0.5,50,0.38425,0.33818,0.15725,0.93148,0.74578,0.10342,0.04571,0.00263,0.02928,0.6
10,51,hybrid,HYBRID_ALPHA0.6_BETA0.4,0.6,0.4,50,0.37973,0.33786,0.15952,0.8035,0.68877,0.10464,0.05294,0.00223,0.02394,0.675
10,51,hybrid,HYBRID_ALPHA0.7_BETA0.3,0.7,0.3,50,0.38182,0.33837,0.16056,0.80687,0.68461,0.11001,0.05684,0.00275,0.02353,0.6
10,51,hybrid,HYBRID_ALPHA0.8_BETA0.2,0.8,0.2,50,0.37203,0.34271,0.15241,0.82991,0.69114,0.10906,0.0562,0.00258,0.02046,0.625
10,51,hybrid,HYBRID_ALPHA0.9_BETA0.1,0.9,0.1,50,0.36678,0.33968,0.14792,0.93325,0.72757,0.10607,0.06111,0.00287,0.02092,0.675
10,51,hybrid,HYBRID_ALPHA0.1_BETA0.9,0.1,0.9,100,0.4023,0.41196,0.22516,1.29272,0.78152,0.13121,0.04422,0.004,0.02509,0.75
10,51,hybrid,HYBRID_ALPHA0.2_BETA0.8,0.2,0.8,100,0.58068,0.47493,0.25885,1.37988,0.80422,0.26561,0.05719,0.00479,0.0234,0.75
10,51,hybrid,HYBRID_ALPHA0.3_BETA0.7,0.3,0.7,100,0.58015,0.47433,0.25896,1.31862,0.79713,0.27538,0.05836,0.00476,0.02341,0.75
10,51,hybrid,HYBRID_ALPHA0.4_BETA0.6,0.4,0.6,100,0.57984,0.47416,0.25897,1.312,0.79578,0.27405,0.06074,0.00466,0.02331,0.75
10,51,hybrid,HYBRID_ALPHA0.5_BETA0.5,0.5,0.5,100,0.57978,0.47408,0.259,1.31005,0.79665,0.28384,0.05943,0.00476,0.02354,0.725
10,51,hybrid,HYBRID_ALPHA0.6_BETA0.4,0.6,0.4,100,0.57963,0.47382,0.25914,1.4835,0.8323,0.34111,0.05767,0.00527,0.02592,0.75
10,51,hybrid,HYBRID_ALPHA0.7_BETA0.3,0.7,0.3,100,0.5796,0.47381,0.25915,1.48027,0.83195,0.34101,0.05775,0.00526,0.02591,0.75
10,51,hybrid,HYBRID_ALPHA0.8_BETA0.2,0.8,0.2,100,0.57957,0.47377,0.25919,1.48026,0.83197,0.34103,0.05776,0.00526,0.02591,0.75
10,51,hybrid,HYBRID_ALPHA0.9_BETA0.1,0.9,0.1,100,0.57957,0.47377,0.25919,1.48031,0.83195,0.34108,0.05781,0.00526,0.02591,0.75
10,51,hybrid,HYBRID_ALPHA0.1_BETA0.9,0.1,0.9,300,0.33329,0.45153,0.09127,0.80746,0.59643,0.04826,0.01553,0.00161,0.07628,0.675
10,51,hybrid,HYBRID_ALPHA0.2_BETA0.8,0.2,0.8,300,0.26769,0.35099,0.13754,0.76842,0.58834,0.03651,0.01496,0.00104,0.05233,0.65
10,51,hybrid,HYBRID_ALPHA0.3_BETA0.7,0.3,0.7,300,0.25547,0.32138,0.16157,0.65075,0.58074,0.03902,0.01137,0.00081,0.05155,0.725
10,51,hybrid,HYBRID_ALPHA0.4_BETA0.6,0.4,0.6,300,0.24868,0.31174,0.17615,0.64808,0.58802,0.03855,0.01155,0.00081,0.04793,0.675
10,51,hybrid,HYBRID_ALPHA0.5_BETA0.5,0.5,0.5,300,0.2376,0.31453,0.1696,0.64428,0.59449,0.03704,0.01187,0.00102,0.04356,0.725
10,51,hybrid,HYBRID_ALPHA0.6_BETA0.4,0.6,0.4,300,0.24116,0.31119,0.19282,0.64465,0.59544,0.03729,0.01223,0.00093,0.0432,0.725
10,51,hybrid,HYBRID_ALPHA0.7_BETA0.3,0.7,0.3,300,0.24854,0.31687,0.18636,0.64407,0.59701,0.03679,0.01267,0.00089,0.04469,0.725
10,51,hybrid,HYBRID_ALPHA0.8_BETA0.2,0.8,0.2,300,0.2383,0.32027,0.19611,0.86956,0.67897,0.21498,0.08116,0.00129,0.03831,0.675
10,51,hybrid,HYBRID_ALPHA0.9_BETA0.1,0.9,0.1,300,0.23653,0.32172,0.20266,0.87465,0.68167,0.22727,0.07902,0.00145,0.04016,0.675
10,51,hybrid,HYBRID_ALPHA0.1_BETA0.9,0.1,0.9,500,0.25738,0.38139,0.07216,0.7659,0.65417,0.1021,0.03914,0.00192,0.05914,0.725
10,51,hybrid,HYBRID_ALPHA0.2_BETA0.8,0.2,0.8,500,0.23353,0.33931,0.10515,0.77542,0.65673,0.11653,0.04702,0.00155,0.05883,0.75
10,51,hybrid,HYBRID_ALPHA0.3_BETA0.7,0.3,0.7,500,0.22685,0.32528,0.14899,0.78265,0.65806,0.12926,0.05484,0.00102,0.06671,0.725
10,51,hybrid,HYBRID_ALPHA0.4_BETA0.6,0.4,0.6,500,0.22371,0.32578,0.16941,0.80301,0.67263,0.15253,0.06415,0.00108,0.0684,0.65
10,51,hybrid,HYBRID_ALPHA0.5_BETA0.5,0.5,0.5,500,0.38761,0.41343,0.25891,0.82226,0.68128,0.17285,0.07032,0.00201,0.07747,0.675
10,51,hybrid,HYBRID_ALPHA0.6_BETA0.4,0.6,0.4,500,0.28297,0.36712,0.24274,0.83553,0.68274,0.18771,0.07698,0.00194,0.06087,0.65
10,51,hybrid,HYBRID_ALPHA0.7_BETA0.3,0.7,0.3,500,0.38394,0.41489,0.25832,0.84232,0.68577,0.19783,0.07908,0.00174,0.07093,0.675
10,51,hybrid,HYBRID_ALPHA0.8_BETA0.2,0.8,0.2,500,0.3834,0.41483,0.2578,0.84736,0.69126,0.2075,0.07994,0.0016,0.07136,0.7
10,51,hybrid,HYBRID_ALPHA0.9_BETA0.1,0.9,0.1,500,0.38297,0.41481,0.25752,0.85703,0.69489,0.22177,0.08022,0.00147,0.0718,0.725
10,51,mse,MSE,1.0,0.0,50,0.36868,0.3423,0.16713,0.81577,0.68414,0.11125,0.06404,0.00196,0.02048,0.725
10,51,mse,MSE,1.0,0.0,100,0.57954,0.47375,0.25916,1.48026,0.83193,0.34108,0.05782,0.00526,0.02591,0.75
10,51,mse,MSE,1.0,0.0,300,0.23767,0.32941,0.22094,0.90282,0.69675,0.26628,0.06884,0.00169,0.04165,0.7
10,51,mse,MSE,1.0,0.0,500,0.38266,0.41493,0.25728,0.85101,0.69467,0.22174,0.0853,0.00123,0.0726,0.7
11,52,hsic,HSIC,0.0,1.0,50,0.55764,0.4764,0.25907,1.69928,0.93337,0.09461,0.04642,0.00442,0.14322,0.75
11,52,hsic,HSIC,0.0,1.0,100,0.93297,0.85635,0.17837,1.33104,0.89295,0.07258,0.09758,0.00427,0.26866,0.8
11,52,hsic,HSIC,0.0,1.0,300,0.63981,0.65876,0.08157,1.11566,0.7395,0.07144,0.03737,0.00216,0.43989,0.95
11,52,hsic,HSIC,0.0,1.0,500,0.5118,0.59593,0.08089,1.19947,0.77511,0.06633,0.05379,0.00303,0.42565,0.95
11,52,hybrid,HYBRID_ALPHA0.1_BETA0.9,0.1,0.9,50,0.55645,0.47525,0.25926,0.77823,0.61067,0.05967,0.03098,0.00227,0.06986,0.775
11,52,hybrid,HYBRID_ALPHA0.2_BETA0.8,0.2,0.8,50,0.49303,0.45223,0.26508,0.76681,0.62071,0.06459,0.03443,0.00243,0.06575,0.75
11,52,hybrid,HYBRID_ALPHA0.3_BETA0.7,0.3,0.7,50,0.2808,0.35798,0.1971,1.20531,0.67586,0.0698,0.03269,0.00171,0.04503,0.775
11,52,hybrid,HYBRID_ALPHA0.4_BETA0.6,0.4,0.6,50,0.28951,0.36615,0.21301,0.74643,0.60195,0.08516,0.02913,0.0012,0.03443,0.775
11,52,hybrid,HYBRID_ALPHA0.5_BETA0.5,0.5,0.5,50,0.28165,0.36133,0.21606,0.73823,0.60723,0.09312,0.02963,0.0015,0.0344,0.775
11,52,hybrid,HYBRID_ALPHA0.6_BETA0.4,0.6,0.4,50,0.28182,0.36608,0.22809,0.71537,0.59413,0.08437,0.03083,0.00141,0.03468,0.7
11,52,hybrid,HYBRID_ALPHA0.7_BETA0.3,0.7,0.3,50,0.28275,0.36909,0.23795,0.7161,0.59769,0.08162,0.03334,0.00149,0.03562,0.75
11,52,hybrid,HYBRID_ALPHA0.8_BETA0.2,0.8,0.2,50,0.28094,0.38352,0.25736,0.75134,0.61372,0.09538,0.04085,0.00159,0.03627,0.7
11,52,hybrid,HYBRID_ALPHA0.9_BETA0.1,0.9,0.1,50,0.28345,0.38494,0.25798,0.71887,0.60029,0.06785,0.03271,0.00164,0.03813,0.7
11,52,hybrid,HYBRID_ALPHA0.1_BETA0.9,0.1,0.9,100,0.40203,0.50966,0.06302,0.83511,0.72397,0.16425,0.04861,0.00261,0.07266,0.75
11,52,hybrid,HYBRID_ALPHA0.2_BETA0.8,0.2,0.8,100,0.34776,0.44576,0.07668,0.6935,0.61236,0.05727,0.05023,0.00154,0.06816,0.7
11,52,hybrid,HYBRID_ALPHA0.3_BETA0.7,0.3,0.7,100,0.31732,0.39277,0.10104,0.70361,0.62762,0.0658,0.06,0.00135,0.06492,0.7
11,52,hybrid,HYBRID_ALPHA0.4_BETA0.6,0.4,0.6,100,0.29753,0.35233,0.13781,0.68812,0.61659,0.04704,0.05159,0.00122,0.06816,0.75
11,52,hybrid,HYBRID_ALPHA0.5_BETA0.5,0.5,0.5,100,0.30744,0.3447,0.16649,0.70002,0.62673,0.05362,0.05467,0.00129,0.06583,0.75
11,52,hybrid,HYBRID_ALPHA0.6_BETA0.4,0.6,0.4,100,0.28294,0.35602,0.20625,0.70468,0.62514,0.05828,0.05709,0.00125,0.06514,0.75
11,52,hybrid,HYBRID_ALPHA0.7_BETA0.3,0.7,0.3,100,0.28825,0.35462,0.19999,0.70058,0.62152,0.05417,0.05435,0.00113,0.06313,0.75
11,52,hybrid,HYBRID_ALPHA0.8_BETA0.2,0.8,0.2,100,0.29721,0.35325,0.19619,0.69845,0.62335,0.05727,0.05986,0.00107,0.05893,0.75
11,52,hybrid,HYBRID_ALPHA0.9_BETA0.1,0.9,0.1,100,0.30198,0.36208,0.21692,0.70273,0.6278,0.06698,0.07342,0.00114,0.05795,0.75
11,52,hybrid,HYBRID_ALPHA0.1_BETA0.9,0.1,0.9,300,0.44607,0.53795,0.07343,1.62057,0.97078,0.07504,0.033,0.00254,0.13409,0.725
11,52,hybrid,HYBRID_ALPHA0.2_BETA0.8,0.2,0.8,300,0.31026,0.40934,0.15642,1.22722,0.77187,0.07635,0.03474,0.00202,0.07084,0.725
11,52,hybrid,HYBRID_ALPHA0.3_BETA0.7,0.3,0.7,300,0.29474,0.38331,0.18026,0.94112,0.637,0.07735,0.03568,0.00182,0.06052,0.65
11,52,hybrid,HYBRID_ALPHA0.4_BETA0.6,0.4,0.6,300,0.26768,0.36631,0.20662,0.82679,0.60423,0.07767,0.03714,0.00154,0.05053,0.675
11,52,hybrid,HYBRID_ALPHA0.5_BETA0.5,0.5,0.5,300,0.25742,0.35135,0.2363,0.9063,0.66568,0.17855,0.07551,0.00174,0.06933,0.7
11,52,hybrid,HYBRID_ALPHA0.6_BETA0.4,0.6,0.4,300,0.25622,0.34848,0.24636,0.83354,0.67824,0.1597,0.07757,0.00187,0.07045,0.725
11,52,hybrid,HYBRID_ALPHA0.7_BETA0.3,0.7,0.3,300,0.25551,0.34898,0.2532,0.82623,0.70449,0.13053,0.07214,0.00201,0.07251,0.65
11,52,hybrid,HYBRID_ALPHA0.8_BETA0.2,0.8,0.2,300,0.25642,0.35107,0.25914,0.83607,0.71681,0.13114,0.07734,0.00205,0.07222,0.65
11,52,hybrid,HYBRID_ALPHA0.9_BETA0.1,0.9,0.1,300,0.265,0.3579,0.26504,0.86624,0.73381,0.1676,0.08884,0.00197,0.08605,0.75
11,52,hybrid,HYBRID_ALPHA0.1_BETA0.9,0.1,0.9,500,0.33599,0.44744,0.14586,0.80183,0.61802,0.08121,0.04207,0.0024,0.0891,0.75
11,52,hybrid,HYBRID_ALPHA0.2_BETA0.8,0.2,0.8,500,0.29728,0.3918,0.18239,0.83164,0.62624,0.09234,0.04577,0.00193,0.07946,0.675
11,52,hybrid,HYBRID_ALPHA0.3_BETA0.7,0.3,0.7,500,0.28594,0.36733,0.18507,0.64813,0.57272,0.05121,0.04666,0.00155,0.07988,0.675
11,52,hybrid,HYBRID_ALPHA0.4_BETA0.6,0.4,0.6,500,0.28173,0.3458,0.16879,0.85157,0.62564,0.05912,0.04663,0.00184,0.06001,0.675
11,52,hybrid,HYBRID_ALPHA0.5_BETA0.5,0.5,0.5,500,0.276,0.34355,0.17749,0.75671,0.61631,0.06114,0.05058,0.00176,0.06581,0.675
11,52,hybrid,HYBRID_ALPHA0.6_BETA0.4,0.6,0.4,500,0.26101,0.32944,0.17969,0.64917,0.58965,0.05367,0.05061,0.00172,0.04792,0.75
11,52,hybrid,HYBRID_ALPHA0.7_BETA0.3,0.7,0.3,500,0.26195,0.33014,0.18527,0.89775,0.6657,0.16376,0.08197,0.00146,0.04635,0.725
11,52,hybrid,HYBRID_ALPHA0.8_BETA0.2,0.8,0.2,500,0.26143,0.33035,0.18689,0.9095,0.67332,0.18992,0.08539,0.00146,0.05124,0.725
11,52,hybrid,HYBRID_ALPHA0.9_BETA0.1,0.9,0.1,500,0.26081,0.3344,0.19862,0.8973,0.68417,0.21519,0.08761,0.00166,0.05133,0.75
11,52,mse,MSE,1.0,0.0,50,0.28565,0.38867,0.2589,1.19932,0.76982,0.31807,0.05856,0.00391,0.06234,0.75
11,52,mse,MSE,1.0,0.0,100,0.31107,0.36833,0.22875,0.7253,0.64281,0.09486,0.1043,0.00129,0.05832,0.775
11,52,mse,MSE,1.0,0.0,300,0.26786,0.36532,0.28621,0.86861,0.72426,0.21168,0.10016,0.00185,0.08123,0.775
11,52,mse,MSE,1.0,0.0,500,0.26033,0.34274,0.22061,0.91905,0.6955,0.26376,0.07105,0.00195,0.05971,0.7
12,53,hsic,HSIC,0.0,1.0,50,1.03049,0.92625,0.11187,0.93693,0.74424,0.04488,0.02629,0.00156,0.07479,0.625
12,53,hsic,HSIC,0.0,1.0,100,0.64506,0.67656,0.20795,0.65401,0.58429,0.03996,0.03906,0.00114,0.02702,0.7
12,53,hsic,HSIC,0.0,1.0,300,0.99643,0.89447,0.21212,1.32793,0.7129,0.04396,0.02937,0.00336,0.1308,0.725
12,53,hsic,HSIC,0.0,1.0,500,0.52671,0.55223,0.05855,1.21343,0.6936,0.05679,0.04066,0.00156,0.17265,0.75
12,53,hybrid,HYBRID_ALPHA0.1_BETA0.9,0.1,0.9,50,0.3006,0.36668,0.15847,0.90686,0.66295,0.0772,0.01833,0.00187,0.02016,0.7
12,53,hybrid,HYBRID_ALPHA0.2_BETA0.8,0.2,0.8,50,0.23916,0.32523,0.1934,0.77016,0.62697,0.06969,0.01629,0.00183,0.02027,0.725
12,53,hybrid,HYBRID_ALPHA0.3_BETA0.7,0.3,0.7,50,0.24033,0.33162,0.19485,0.97359,0.73784,0.2866,0.04989,0.00162,0.02955,0.75
12,53,hybrid,HYBRID_ALPHA0.4_BETA0.6,0.4,0.6,50,0.28135,0.34964,0.13456,0.97893,0.73925,0.28178,0.05125,0.0014,0.024,0.7
12,53,hybrid,HYBRID_ALPHA0.5_BETA0.5,0.5,0.5,50,0.2589,0.34379,0.1707,1.06277,0.75852,0.28259,0.05509,0.00206,0.02104,0.675
12,53,hybrid,HYBRID_ALPHA0.6_BETA0.4,0.6,0.4,50,0.27241,0.34769,0.15356,1.03564,0.74878,0.27666,0.05378,0.0019,0.02011,0.725
12,53,hybrid,HYBRID_ALPHA0.7_BETA0.3,0.7,0.3,50,0.28045,0.35358,0.14272,0.91411,0.64038,0.06257,0.02295,0.00107,0.02004,0.7
12,53,hybrid,HYBRID_ALPHA0.8_BETA0.2,0.8,0.2,50,0.28298,0.35525,0.14052,0.87813,0.6426,0.07796,0.02075,0.00114,0.0197,0.725
12,53,hybrid,HYBRID_ALPHA0.9_BETA0.1,0.9,0.1,50,0.28453,0.35681,0.13838,0.76175,0.62901,0.1257,0.01897,0.00083,0.0197,0.7
12,53,hybrid,HYBRID_ALPHA0.1_BETA0.9,0.1,0.9,100,0.2888,0.3496,0.19518,0.66566,0.58885,0.04047,0.03748,0.0009,0.02364,0.675
12,53,hybrid,HYBRID_ALPHA0.2_BETA0.8,0.2,0.8,100,0.29759,0.34772,0.20594,0.66586,0.60317,0.0419,0.03986,0.00103,0.02427,0.675
12,53,hybrid,HYBRID_ALPHA0.3_BETA0.7,0.3,0.7,100,0.29694,0.34892,0.20746,0.65607,0.61242,0.03878,0.03575,0.00081,0.02489,0.725
12,53,hybrid,HYBRID_ALPHA0.4_BETA0.6,0.4,0.6,100,0.29278,0.35081,0.20951,0.65506,0.60293,0.04368,0.04006,0.00106,0.02665,0.725
12,53,hybrid,HYBRID_ALPHA0.5_BETA0.5,0.5,0.5,100,0.2903,0.35234,0.21653,0.65044,0.60181,0.04581,0.03898,0.00098,0.0247,0.75
12,53,hybrid,HYBRID_ALPHA0.6_BETA0.4,0.6,0.4,100,0.29238,0.35566,0.21669,0.65324,0.60317,0.04951,0.04315,0.00095,0.02482,0.75
12,53,hybrid,HYBRID_ALPHA0.7_BETA0.3,0.7,0.3,100,0.29338,0.3584,0.21839,0.67014,0.60818,0.06526,0.05547,0.00092,0.02395,0.75
12,53,hybrid,HYBRID_ALPHA0.8_BETA0.2,0.8,0.2,100,0.29306,0.36016,0.22173,0.68098,0.61261,0.07287,0.06111,0.00096,0.0241,0.725
12,53,hybrid,HYBRID_ALPHA0.9_BETA0.1,0.9,0.1,100,0.29332,0.3627,0.2323,0.70912,0.61892,0.09572,0.07035,0.00102,0.02499,0.725
12,53,hybrid,HYBRID_ALPHA0.1_BETA0.9,0.1,0.9,300,0.29234,0.36224,0.20248,0.69344,0.60757,0.06701,0.0276,0.00045,0.03757,0.725
12,53,hybrid,HYBRID_ALPHA0.2_BETA0.8,0.2,0.8,300,0.28247,0.34748,0.19269,0.6933,0.62403,0.07092,0.03096,0.00049,0.03629,0.725
12,53,hybrid,HYBRID_ALPHA0.3_BETA0.7,0.3,0.7,300,0.2406,0.30639,0.14271,0.70481,0.63723,0.07583,0.03832,0.00116,0.0337,0.7
12,53,hybrid,HYBRID_ALPHA0.4_BETA0.6,0.4,0.6,300,0.24082,0.30825,0.14468,0.67768,0.63107,0.04789,0.02356,0.00107,0.03473,0.65
12,53,hybrid,HYBRID_ALPHA0.5_BETA0.5,0.5,0.5,300,0.23764,0.31197,0.1518,0.68338,0.63559,0.04851,0.02456,0.0008,0.03538,0.725
12,53,hybrid,HYBRID_ALPHA0.6_BETA0.4,0.6,0.4,300,0.23773,0.3118,0.15783,0.68226,0.6362,0.04956,0.02569,0.0009,0.03492,0.7
12,53,hybrid,HYBRID_ALPHA0.7_BETA0.3,0.7,0.3,300,0.23787,0.31052,0.17268,0.68879,0.63971,0.05278,0.02779,0.00104,0.03609,0.7
12,53,hybrid,HYBRID_ALPHA0.8_BETA0.2,0.8,0.2,300,0.23639,0.31089,0.17982,0.69761,0.6414,0.05753,0.03206,0.00094,0.03705,0.75
12,53,hybrid,HYBRID_ALPHA0.9_BETA0.1,0.9,0.1,300,0.23535,0.31411,0.19011,0.71326,0.64917,0.06735,0.0417,0.00102,0.03752,0.775
12,53,hybrid,HYBRID_ALPHA0.1_BETA0.9,0.1,0.9,500,0.33563,0.43802,0.07291,0.70109,0.58979,0.04955,0.02468,0.00208,0.04486,0.75
12,53,hybrid,HYBRID_ALPHA0.2_BETA0.8,0.2,0.8,500,0.28535,0.37768,0.10474,0.69163,0.60655,0.05424,0.02857,0.0018,0.03923,0.75
12,53,hybrid,HYBRID_ALPHA0.3_BETA0.7,0.3,0.7,500,0.26416,0.34653,0.13162,0.68918,0.60608,0.05425,0.0281,0.00145,0.03761,0.75
12,53,hybrid,HYBRID_ALPHA0.4_BETA0.6,0.4,0.6,500,0.24965,0.31663,0.17147,0.68785,0.60748,0.05561,0.02889,0.00126,0.0407,0.7
12,53,hybrid,HYBRID_ALPHA0.5_BETA0.5,0.5,0.5,500,0.25286,0.32042,0.17089,0.69624,0.61125,0.05956,0.03228,0.00143,0.03895,0.7
12,53,hybrid,HYBRID_ALPHA0.6_BETA0.4,0.6,0.4,500,0.25204,0.32163,0.1758,0.71006,0.61716,0.05529,0.03224,0.00149,0.03901,0.725
12,53,hybrid,HYBRID_ALPHA0.7_BETA0.3,0.7,0.3,500,0.25236,0.32495,0.1822,0.71115,0.63411,0.04929,0.02824,0.00163,0.04501,0.7
12,53,hybrid,HYBRID_ALPHA0.8_BETA0.2,0.8,0.2,500,0.25231,0.32799,0.19107,0.70839,0.63369,0.0497,0.02976,0.00173,0.04452,0.725
12,53,hybrid,HYBRID_ALPHA0.9_BETA0.1,0.9,0.1,500,0.25386,0.33465,0.20208,0.7121,0.63578,0.04946,0.03462,0.00192,0.04146,0.7
12,53,mse,MSE,1.0,0.0,50,0.28537,0.35803,0.13711,1.16973,0.70457,0.17921,0.0368,0.00134,0.0211,0.675
12,53,mse,MSE,1.0,0.0,100,0.30056,0.36835,0.24,0.73398,0.63508,0.11093,0.07487,0.00113,0.02553,0.725
12,53,mse,MSE,1.0,0.0,300,0.23749,0.32263,0.20259,0.74398,0.66427,0.09486,0.06692,0.00108,0.03841,0.775
12,53,mse,MSE,1.0,0.0,500,0.2569,0.34332,0.21775,0.71423,0.63944,0.04943,0.0459,0.00206,0.04045,0.7
13,54,hsic,HSIC,0.0,1.0,50,1.36389,0.99929,0.3179,1.41561,0.76581,0.11534,0.05822,0.00519,0.42303,0.925
13,54,hsic,HSIC,0.0,1.0,100,0.66193,0.62082,0.23618,1.43218,0.72351,0.05652,0.07539,0.00425,0.39264,0.925
13,54,hsic,HSIC,0.0,1.0,300,0.7657,0.70693,0.08153,1.0292,0.67722,0.04749,0.03386,0.00261,0.2905,0.875
13,54,hsic,HSIC,0.0,1.0,500,0.67519,0.64147,0.05235,0.87512,0.64107,0.03506,0.02245,0.0023,0.29017,0.875
13,54,hybrid,HYBRID_ALPHA0.1_BETA0.9,0.1,0.9,50,0.57951,0.55985,0.25539,0.86346,0.7263,0.21617,0.05871,0.00127,0.10205,0.775
13,54,hybrid,HYBRID_ALPHA0.2_BETA0.8,0.2,0.8,50,0.50131,0.47899,0.25191,0.84794,0.71187,0.20002,0.06406,0.0015,0.10007,0.8
13,54,hybrid,HYBRID_ALPHA0.3_BETA0.7,0.3,0.7,50,0.33607,0.36914,0.11107,0.84333,0.70936,0.18937,0.06758,0.00153,0.09581,0.65
13,54,hybrid,HYBRID_ALPHA0.4_BETA0.6,0.4,0.6,50,0.30376,0.36292,0.0809,0.84389,0.71135,0.18749,0.07036,0.00134,0.09393,0.675
13,54,hybrid,HYBRID_ALPHA0.5_BETA0.5,0.5,0.5,50,0.3039,0.35531,0.09227,0.83901,0.705,0.18388,0.07186,0.00131,0.09846,0.675
13,54,hybrid,HYBRID_ALPHA0.6_BETA0.4,0.6,0.4,50,0.30548,0.35017,0.10054,0.83144,0.69272,0.17884,0.07106,0.00125,0.10366,0.725
13,54,hybrid,HYBRID_ALPHA0.7_BETA0.3,0.7,0.3,50,0.29806,0.33501,0.10695,0.82817,0.68345,0.17078,0.07624,0.00131,0.09649,0.725
13,54,hybrid,HYBRID_ALPHA0.8_BETA0.2,0.8,0.2,50,0.29514,0.33125,0.09675,0.83196,0.68098,0.16566,0.08677,0.0016,0.09026,0.675
13,54,hybrid,HYBRID_ALPHA0.9_BETA0.1,0.9,0.1,50,0.29465,0.32808,0.0979,0.83149,0.68018,0.16657,0.0964,0.00162,0.09414,0.7
13,54,hybrid,HYBRID_ALPHA0.1_BETA0.9,0.1,0.9,100,0.30973,0.36253,0.22409,0.67687,0.62145,0.03945,0.01322,0.00113,0.09639,0.7
13,54,hybrid,HYBRID_ALPHA0.2_BETA0.8,0.2,0.8,100,0.2929,0.36033,0.21896,0.67633,0.60931,0.03617,0.01146,0.00157,0.08969,0.725
13,54,hybrid,HYBRID_ALPHA0.3_BETA0.7,0.3,0.7,100,0.28439,0.36684,0.22267,0.67661,0.59959,0.03683,0.01079,0.00166,0.08462,0.725
13,54,hybrid,HYBRID_ALPHA0.4_BETA0.6,0.4,0.6,100,0.28548,0.37787,0.22512,0.68043,0.58837,0.03993,0.01104,0.00165,0.0823,0.675
13,54,hybrid,HYBRID_ALPHA0.5_BETA0.5,0.5,0.5,100,0.27811,0.35795,0.21815,0.71034,0.57739,0.04358,0.01242,0.00165,0.07772,0.725
13,54,hybrid,HYBRID_ALPHA0.6_BETA0.4,0.6,0.4,100,0.4581,0.42876,0.25713,0.74395,0.58312,0.03993,0.03243,0.00171,0.13927,0.75
13,54,hybrid,HYBRID_ALPHA0.7_BETA0.3,0.7,0.3,100,0.40673,0.41771,0.25545,0.69121,0.566,0.03536,0.01531,0.0014,0.12639,0.75
13,54,hybrid,HYBRID_ALPHA0.8_BETA0.2,0.8,0.2,100,0.40685,0.41977,0.25696,0.99665,0.73202,0.29168,0.05827,0.00369,0.22741,0.85
13,54,hybrid,HYBRID_ALPHA0.9_BETA0.1,0.9,0.1,100,0.39511,0.42152,0.25711,0.63284,0.56916,0.04243,0.02681,0.0015,0.11927,0.725
13,54,hybrid,HYBRID_ALPHA0.1_BETA0.9,0.1,0.9,300,0.33416,0.44512,0.10784,0.72617,0.63657,0.08039,0.02405,0.00181,0.04816,0.65
13,54,hybrid,HYBRID_ALPHA0.2_BETA0.8,0.2,0.8,300,0.29277,0.38365,0.0582,0.74087,0.642,0.08075,0.0257,0.00114,0.03552,0.65
13,54,hybrid,HYBRID_ALPHA0.3_BETA0.7,0.3,0.7,300,0.23888,0.31395,0.12034,0.75446,0.64368,0.08845,0.03008,0.00099,0.03276,0.7
13,54,hybrid,HYBRID_ALPHA0.4_BETA0.6,0.4,0.6,300,0.2321,0.29944,0.15042,0.72269,0.62161,0.0672,0.03669,0.00108,0.03327,0.675
13,54,hybrid,HYBRID_ALPHA0.5_BETA0.5,0.5,0.5,300,0.22976,0.29655,0.16526,0.68929,0.61903,0.04712,0.02132,0.0008,0.03436,0.675
13,54,hybrid,HYBRID_ALPHA0.6_BETA0.4,0.6,0.4,300,0.23159,0.29856,0.15773,0.70267,0.62928,0.04851,0.02217,0.00081,0.03423,0.675
13,54,hybrid,HYBRID_ALPHA0.7_BETA0.3,0.7,0.3,300,0.23045,0.29458,0.17435,0.69889,0.62673,0.04979,0.02286,0.00087,0.03351,0.675
13,54,hybrid,HYBRID_ALPHA0.8_BETA0.2,0.8,0.2,300,0.22941,0.29818,0.16696,0.70056,0.62784,0.05418,0.02675,0.00098,0.03311,0.7
13,54,hybrid,HYBRID_ALPHA0.9_BETA0.1,0.9,0.1,300,0.22859,0.30075,0.18273,0.7037,0.62994,0.06932,0.03774,0.00097,0.03137,0.675
13,54,hybrid,HYBRID_ALPHA0.1_BETA0.9,0.1,0.9,500,0.35476,0.45988,0.04348,0.73515,0.58984,0.04358,0.02124,0.00138,0.05704,0.725
13,54,hybrid,HYBRID_ALPHA0.2_BETA0.8,0.2,0.8,500,0.2985,0.40557,0.06374,0.68906,0.59436,0.04442,0.02534,0.00134,0.05741,0.7
13,54,hybrid,HYBRID_ALPHA0.3_BETA0.7,0.3,0.7,500,0.27645,0.37001,0.07219,0.69537,0.6134,0.04886,0.02974,0.00111,0.0512,0.725
13,54,hybrid,HYBRID_ALPHA0.4_BETA0.6,0.4,0.6,500,0.26303,0.34591,0.09885,0.71473,0.62275,0.04864,0.02919,0.00102,0.05299,0.7
13,54,hybrid,HYBRID_ALPHA0.5_BETA0.5,0.5,0.5,500,0.25709,0.31774,0.15089,0.71703,0.62938,0.04959,0.0297,0.00126,0.05654,0.675
13,54,hybrid,HYBRID_ALPHA0.6_BETA0.4,0.6,0.4,500,0.24991,0.32345,0.14592,0.71923,0.6346,0.05148,0.03058,0.00099,0.05249,0.65
13,54,hybrid,HYBRID_ALPHA0.7_BETA0.3,0.7,0.3,500,0.24212,0.31368,0.17227,0.7208,0.64049,0.05433,0.03208,0.00134,0.04963,0.65
13,54,hybrid,HYBRID_ALPHA0.8_BETA0.2,0.8,0.2,500,0.24025,0.31642,0.1785,0.66142,0.63114,0.04278,0.02072,0.00104,0.04734,0.675
13,54,hybrid,HYBRID_ALPHA0.9_BETA0.1,0.9,0.1,500,0.24104,0.32068,0.18783,0.67478,0.63801,0.04935,0.02428,0.00123,0.04692,0.725
13,54,mse,MSE,1.0,0.0,50,0.29561,0.31886,0.10918,0.90022,0.71575,0.26105,0.0955,0.00132,0.1007,0.75
13,54,mse,MSE,1.0,0.0,100,0.38553,0.42574,0.258,1.0843,0.74892,0.31026,0.06043,0.00419,0.22248,0.825
13,54,mse,MSE,1.0,0.0,300,0.22542,0.30807,0.20147,0.82259,0.69555,0.20364,0.08785,0.00121,0.03028,0.7
13,54,mse,MSE,1.0,0.0,500,0.24409,0.32887,0.20203,0.88865,0.72678,0.24645,0.07804,0.00169,0.04336,0.7
14,55,hsic,HSIC,0.0,1.0,50,0.56151,0.49429,0.256,1.36642,0.8295,0.02873,0.02906,0.00401,0.16722,0.75
14,55,hsic,HSIC,0.0,1.0,100,0.52842,0.5116,0.06681,2.40622,1.22703,0.10039,0.09859,0.00415,0.17334,0.75
14,55,hsic,HSIC,0.0,1.0,300,0.83156,0.68091,0.10105,1.24591,0.75989,0.04179,0.02815,0.0027,0.21164,0.8
14,55,hsic,HSIC,0.0,1.0,500,0.6701,0.65621,0.07549,1.05137,0.6496,0.04254,0.01952,0.00174,0.44478,0.95
14,55,hybrid,HYBRID_ALPHA0.1_BETA0.9,0.1,0.9,50,0.48685,0.44543,0.25398,0.69499,0.59656,0.04415,0.01829,0.0021,0.06027,0.625
14,55,hybrid,HYBRID_ALPHA0.2_BETA0.8,0.2,0.8,50,0.36135,0.39482,0.24191,0.69343,0.59124,0.04245,0.01806,0.00183,0.04012,0.7
14,55,hybrid,HYBRID_ALPHA0.3_BETA0.7,0.3,0.7,50,0.36648,0.40253,0.24703,0.72126,0.58449,0.03616,0.0176,0.00193,0.04095,0.7
14,55,hybrid,HYBRID_ALPHA0.4_BETA0.6,0.4,0.6,50,0.3699,0.40905,0.25025,0.74767,0.58931,0.04499,0.0273,0.00172,0.04005,0.725
14,55,hybrid,HYBRID_ALPHA0.5_BETA0.5,0.5,0.5,50,0.35779,0.41068,0.2506,0.65004,0.58722,0.04191,0.01209,0.00178,0.04574,0.675
14,55,hybrid,HYBRID_ALPHA0.6_BETA0.4,0.6,0.4,50,0.33829,0.39339,0.23848,0.71185,0.58971,0.04675,0.03736,0.00146,0.03882,0.675
14,55,hybrid,HYBRID_ALPHA0.7_BETA0.3,0.7,0.3,50,0.33483,0.39411,0.2404,0.64742,0.58438,0.04072,0.0129,0.00158,0.04616,0.675
14,55,hybrid,HYBRID_ALPHA0.8_BETA0.2,0.8,0.2,50,0.33111,0.39451,0.2417,0.63922,0.57878,0.04162,0.01215,0.00164,0.04901,0.675
14,55,hybrid,HYBRID_ALPHA0.9_BETA0.1,0.9,0.1,50,0.32511,0.39289,0.24177,0.64522,0.57409,0.03634,0.01385,0.00148,0.0484,0.7
14,55,hybrid,HYBRID_ALPHA0.1_BETA0.9,0.1,0.9,100,0.29559,0.37727,0.11279,0.78965,0.71554,0.10102,0.03227,0.00106,0.0413,0.7
14,55,hybrid,HYBRID_ALPHA0.2_BETA0.8,0.2,0.8,100,0.28019,0.3561,0.12122,0.7589,0.67405,0.10657,0.03012,0.00093,0.04024,0.675
14,55,hybrid,HYBRID_ALPHA0.3_BETA0.7,0.3,0.7,100,0.26743,0.33298,0.13243,0.73598,0.6326,0.1055,0.02776,0.00057,0.04082,0.625
14,55,hybrid,HYBRID_ALPHA0.4_BETA0.6,0.4,0.6,100,0.27064,0.32514,0.13524,0.73526,0.62452,0.08018,0.01983,0.00037,0.03967,0.7
14,55,hybrid,HYBRID_ALPHA0.5_BETA0.5,0.5,0.5,100,0.26358,0.3242,0.13451,0.73386,0.62496,0.08592,0.02238,0.00041,0.03806,0.7
14,55,hybrid,HYBRID_ALPHA0.6_BETA0.4,0.6,0.4,100,0.26194,0.32204,0.1339,0.73057,0.62364,0.0885,0.02571,0.00042,0.03609,0.675
14,55,hybrid,HYBRID_ALPHA0.7_BETA0.3,0.7,0.3,100,0.26008,0.32004,0.13879,0.7352,0.62629,0.1085,0.02947,0.00047,0.03548,0.675
14,55,hybrid,HYBRID_ALPHA0.8_BETA0.2,0.8,0.2,100,0.25947,0.31815,0.14424,0.73888,0.62647,0.1129,0.03628,0.00053,0.03238,0.675
14,55,hybrid,HYBRID_ALPHA0.9_BETA0.1,0.9,0.1,100,0.26536,0.32756,0.13747,0.73222,0.61893,0.08946,0.02911,0.00077,0.02972,0.725
14,55,hybrid,HYBRID_ALPHA0.1_BETA0.9,0.1,0.9,300,0.41378,0.50089,0.05105,0.69368,0.59478,0.04638,0.01176,0.00164,0.04923,0.675
14,55,hybrid,HYBRID_ALPHA0.2_BETA0.8,0.2,0.8,300,0.32471,0.42354,0.07895,0.71356,0.58182,0.04686,0.01182,0.00129,0.03885,0.75
14,55,hybrid,HYBRID_ALPHA0.3_BETA0.7,0.3,0.7,300,0.26282,0.34185,0.14117,0.74983,0.58589,0.05584,0.01394,0.00089,0.03314,0.725
14,55,hybrid,HYBRID_ALPHA0.4_BETA0.6,0.4,0.6,300,0.24912,0.31821,0.16781,0.77202,0.59133,0.06416,0.01856,0.00093,0.02937,0.725
14,55,hybrid,HYBRID_ALPHA0.5_BETA0.5,0.5,0.5,300,0.24943,0.31755,0.17916,0.76374,0.59283,0.07586,0.02845,0.00104,0.03045,0.7
14,55,hybrid,HYBRID_ALPHA0.6_BETA0.4,0.6,0.4,300,0.25445,0.32238,0.18261,0.71334,0.58839,0.04547,0.01951,0.00114,0.03347,0.725
14,55,hybrid,HYBRID_ALPHA0.7_BETA0.3,0.7,0.3,300,0.25646,0.32709,0.19872,0.71285,0.58339,0.04642,0.01834,0.00114,0.03343,0.7
14,55,hybrid,HYBRID_ALPHA0.8_BETA0.2,0.8,0.2,300,0.27346,0.34391,0.18905,0.71394,0.58373,0.04831,0.02048,0.00128,0.03152,0.725
14,55,hybrid,HYBRID_ALPHA0.9_BETA0.1,0.9,0.1,300,0.27397,0.34822,0.20519,0.71862,0.58419,0.05428,0.02426,0.00139,0.03084,0.775
14,55,hybrid,HYBRID_ALPHA0.1_BETA0.9,0.1,0.9,500,0.29374,0.41709,0.07387,0.75098,0.65108,0.10936,0.04189,0.00187,0.08256,0.7
14,55,hybrid,HYBRID_ALPHA0.2_BETA0.8,0.2,0.8,500,0.25746,0.3718,0.10294,0.73924,0.63943,0.09561,0.03671,0.00187,0.12159,0.775
14,55,hybrid,HYBRID_ALPHA0.3_BETA0.7,0.3,0.7,500,0.2427,0.34245,0.13525,0.74694,0.64318,0.10449,0.04002,0.00166,0.12655,0.75
14,55,hybrid,HYBRID_ALPHA0.4_BETA0.6,0.4,0.6,500,0.24825,0.33637,0.16015,0.77224,0.65338,0.13364,0.04992,0.00119,0.12764,0.75
14,55,hybrid,HYBRID_ALPHA0.5_BETA0.5,0.5,0.5,500,0.23093,0.313,0.18876,0.80889,0.67213,0.17161,0.06187,0.00173,0.13376,0.75
14,55,hybrid,HYBRID_ALPHA0.6_BETA0.4,0.6,0.4,500,0.23285,0.31602,0.19285,0.83726,0.68403,0.19945,0.07107,0.00181,0.13611,0.8
14,55,hybrid,HYBRID_ALPHA0.7_BETA0.3,0.7,0.3,500,0.23292,0.31769,0.19669,0.84647,0.68909,0.21067,0.07309,0.00181,0.14097,0.775
14,55,hybrid,HYBRID_ALPHA0.8_BETA0.2,0.8,0.2,500,0.23245,0.32013,0.20052,0.8525,0.69661,0.21874,0.07411,0.00183,0.14772,0.75
14,55,hybrid,HYBRID_ALPHA0.9_BETA0.1,0.9,0.1,500,0.23858,0.32731,0.19077,0.86083,0.7019,0.22958,0.07521,0.00209,0.15901,0.775
14,55,mse,MSE,1.0,0.0,50,0.30878,0.3839,0.23408,0.65162,0.57177,0.03389,0.01409,0.00152,0.0496,0.725
14,55,mse,MSE,1.0,0.0,100,0.32442,0.39655,0.25412,0.71684,0.60983,0.07421,0.02514,0.00156,0.03211,0.675
14,55,mse,MSE,1.0,0.0,300,0.28344,0.35728,0.22236,0.72646,0.59715,0.05509,0.03344,0.00128,0.03899,0.675
14,55,mse,MSE,1.0,0.0,500,0.23891,0.33105,0.20264,0.87192,0.70719,0.24251,0.07632,0.0022,0.15878,0.775
15,56,hsic,HSIC,0.0,1.0,50,0.56633,0.54798,0.2516,2.50749,1.30971,0.05419,0.03396,0.00437,0.34726,0.925
15,56,hsic,HSIC,0.0,1.0,100,0.56653,0.47712,0.25898,1.54525,0.84406,0.14171,0.02869,0.00518,0.25638,0.85
15,56,hsic,HSIC,0.0,1.0,300,0.6962,0.65023,0.06426,1.15807,0.66362,0.04316,0.03484,0.0024,0.29947,0.9
15,56,hsic,HSIC,0.0,1.0,500,1.65541,1.06348,0.10812,1.46202,0.77558,0.1524,0.03608,0.00288,0.25701,0.85
15,56,hybrid,HYBRID_ALPHA0.1_BETA0.9,0.1,0.9,50,0.47879,0.45162,0.24853,0.93188,0.77086,0.22427,0.04867,0.00116,0.08817,0.675
15,56,hybrid,HYBRID_ALPHA0.2_BETA0.8,0.2,0.8,50,0.41611,0.41619,0.25016,1.64997,0.86359,0.35219,0.06103,0.0046,0.14503,0.75
15,56,hybrid,HYBRID_ALPHA0.3_BETA0.7,0.3,0.7,50,0.38849,0.40681,0.24982,1.69988,0.8682,0.35236,0.06096,0.00463,0.1393,0.775
15,56,hybrid,HYBRID_ALPHA0.4_BETA0.6,0.4,0.6,50,0.38706,0.40791,0.25177,1.69976,0.86832,0.35238,0.06109,0.0047,0.1387,0.725
15,56,hybrid,HYBRID_ALPHA0.5_BETA0.5,0.5,0.5,50,0.38676,0.41067,0.2531,1.69957,0.86825,0.35285,0.06158,0.00476,0.13836,0.7
15,56,hybrid,HYBRID_ALPHA0.6_BETA0.4,0.6,0.4,50,0.3866,0.4123,0.2541,1.689,0.86731,0.353,0.06179,0.0048,0.13932,0.725
15,56,hybrid,HYBRID_ALPHA0.7_BETA0.3,0.7,0.3,50,0.38629,0.41305,0.25469,1.69004,0.86738,0.3534,0.062,0.00481,0.13925,0.725
15,56,hybrid,HYBRID_ALPHA0.8_BETA0.2,0.8,0.2,50,0.38625,0.41381,0.25523,1.68997,0.8672,0.35368,0.06212,0.00483,0.13932,0.7
15,56,hybrid,HYBRID_ALPHA0.9_BETA0.1,0.9,0.1,50,0.38627,0.41453,0.25562,1.69077,0.86653,0.35394,0.06229,0.00484,0.13943,0.7
15,56,hybrid,HYBRID_ALPHA0.1_BETA0.9,0.1,0.9,100,0.56514,0.47596,0.25894,0.72628,0.64436,0.08864,0.02167,0.00161,0.09282,0.725
15,56,hybrid,HYBRID_ALPHA0.2_BETA0.8,0.2,0.8,100,0.56419,0.47536,0.25886,0.73326,0.63315,0.09828,0.02139,0.00165,0.09265,0.775
15,56,hybrid,HYBRID_ALPHA0.3_BETA0.7,0.3,0.7,100,0.56218,0.47345,0.25897,0.70776,0.59648,0.05679,0.02472,0.00135,0.10085,0.8
15,56,hybrid,HYBRID_ALPHA0.4_BETA0.6,0.4,0.6,100,0.56167,0.47294,0.25892,0.71326,0.60238,0.06056,0.02807,0.00141,0.10076,0.8
15,56,hybrid,HYBRID_ALPHA0.5_BETA0.5,0.5,0.5,100,0.53241,0.45884,0.25811,0.71081,0.60283,0.0604,0.02712,0.00138,0.09806,0.775
15,56,hybrid,HYBRID_ALPHA0.6_BETA0.4,0.6,0.4,100,0.48218,0.43905,0.258,0.71361,0.60703,0.06298,0.02929,0.00136,0.0938,0.8
15,56,hybrid,HYBRID_ALPHA0.7_BETA0.3,0.7,0.3,100,0.46048,0.43056,0.25788,0.71888,0.60882,0.06639,0.03164,0.00141,0.09247,0.775
15,56,hybrid,HYBRID_ALPHA0.8_BETA0.2,0.8,0.2,100,0.44145,0.42342,0.25759,0.86784,0.66682,0.22039,0.06557,0.00143,0.08354,0.8
15,56,hybrid,HYBRID_ALPHA0.9_BETA0.1,0.9,0.1,100,0.42448,0.41959,0.25718,1.04949,0.7394,0.30315,0.06231,0.00391,0.12175,0.75
15,56,hybrid,HYBRID_ALPHA0.1_BETA0.9,0.1,0.9,300,0.29805,0.35903,0.11646,0.77128,0.59247,0.04925,0.02249,0.0007,0.06844,0.675
15,56,hybrid,HYBRID_ALPHA0.2_BETA0.8,0.2,0.8,300,0.26814,0.33943,0.16623,0.71372,0.58524,0.04722,0.0253,0.00089,0.06043,0.75
15,56,hybrid,HYBRID_ALPHA0.3_BETA0.7,0.3,0.7,300,0.2601,0.33208,0.18554,0.70385,0.59177,0.0484,0.02849,0.00105,0.05762,0.725
15,56,hybrid,HYBRID_ALPHA0.4_BETA0.6,0.4,0.6,300,0.25169,0.32971,0.19566,0.68028,0.60866,0.04072,0.01707,0.00077,0.05779,0.675
15,56,hybrid,HYBRID_ALPHA0.5_BETA0.5,0.5,0.5,300,0.25255,0.33342,0.19644,0.67636,0.60965,0.0407,0.0171,0.00076,0.05752,0.65
15,56,hybrid,HYBRID_ALPHA0.6_BETA0.4,0.6,0.4,300,0.24961,0.33311,0.19644,0.67588,0.61191,0.04084,0.01736,0.00079,0.04963,0.65
15,56,hybrid,HYBRID_ALPHA0.7_BETA0.3,0.7,0.3,300,0.2478,0.33552,0.19488,0.67262,0.61272,0.0416,0.01752,0.00088,0.04798,0.65
15,56,hybrid,HYBRID_ALPHA0.8_BETA0.2,0.8,0.2,300,0.2446,0.33216,0.1779,0.66859,0.61327,0.04241,0.01882,0.00081,0.04328,0.725
15,56,hybrid,HYBRID_ALPHA0.9_BETA0.1,0.9,0.1,300,0.2437,0.33288,0.18701,0.6594,0.6115,0.04607,0.02215,0.00106,0.03984,0.7
15,56,hybrid,HYBRID_ALPHA0.1_BETA0.9,0.1,0.9,500,0.34316,0.4687,0.13788,0.74604,0.64209,0.11852,0.03586,0.00213,0.0807,0.7
15,56,hybrid,HYBRID_ALPHA0.2_BETA0.8,0.2,0.8,500,0.28979,0.39899,0.15365,0.76511,0.63495,0.13095,0.04303,0.00189,0.07452,0.7
15,56,hybrid,HYBRID_ALPHA0.3_BETA0.7,0.3,0.7,500,0.26383,0.35643,0.17582,0.81001,0.64432,0.15925,0.05686,0.00192,0.06945,0.65
15,56,hybrid,HYBRID_ALPHA0.4_BETA0.6,0.4,0.6,500,0.24674,0.32767,0.1882,0.83979,0.65545,0.1821,0.0639,0.00164,0.06692,0.7
15,56,hybrid,HYBRID_ALPHA0.5_BETA0.5,0.5,0.5,500,0.23809,0.32253,0.19552,0.77335,0.63442,0.13218,0.0596,0.00139,0.0653,0.675
15,56,hybrid,HYBRID_ALPHA0.6_BETA0.4,0.6,0.4,500,0.23677,0.32537,0.20019,0.81404,0.64595,0.15335,0.07991,0.00153,0.06719,0.7
15,56,hybrid,HYBRID_ALPHA0.7_BETA0.3,0.7,0.3,500,0.23313,0.32687,0.20368,0.80513,0.64596,0.1479,0.08502,0.00154,0.06544,0.675
15,56,hybrid,HYBRID_ALPHA0.8_BETA0.2,0.8,0.2,500,0.23324,0.32734,0.21014,0.80472,0.64787,0.15191,0.09306,0.00152,0.06492,0.7
15,56,hybrid,HYBRID_ALPHA0.9_BETA0.1,0.9,0.1,500,0.23507,0.331,0.22232,0.68455,0.60314,0.11034,0.07654,0.00112,0.06061,0.725
15,56,mse,MSE,1.0,0.0,50,0.38602,0.41468,0.25568,1.69105,0.86696,0.35446,0.06249,0.00484,0.13934,0.7
15,56,mse,MSE,1.0,0.0,100,0.40941,0.41745,0.25663,1.19731,0.7783,0.32211,0.06131,0.0045,0.15919,0.725
15,56,mse,MSE,1.0,0.0,300,0.24478,0.3353,0.1992,0.90305,0.69771,0.26711,0.06677,0.00136,0.03941,0.725
15,56,mse,MSE,1.0,0.0,500,0.23902,0.34415,0.24247,0.81676,0.67433,0.246,0.11615,0.00126,0.05516,0.675
16,57,hsic,HSIC,0.0,1.0,50,0.57117,0.48458,0.2583,1.60826,0.7927,0.1556,0.03311,0.00639,0.29145,0.875
16,57,hsic,HSIC,0.0,1.0,100,1.03369,0.9081,0.19129,1.48639,0.91588,0.04088,0.04647,0.00264,0.38666,0.9
16,57,hsic,HSIC,0.0,1.0,300,0.79017,0.65058,0.11901,1.39385,0.73185,0.08593,0.0369,0.0041,0.32633,0.9
16,57,hsic,HSIC,0.0,1.0,500,0.61773,0.62833,0.09819,1.41648,0.81741,0.01769,0.01518,0.0029,0.41887,0.875
16,57,hybrid,HYBRID_ALPHA0.1_BETA0.9,0.1,0.9,50,0.31938,0.37381,0.23255,194.49971,2.01602,0.08747,0.0436,0.00199,0.07169,0.675
16,57,hybrid,HYBRID_ALPHA0.2_BETA0.8,0.2,0.8,50,0.37473,0.42073,0.18174,208.42015,2.06488,0.09557,0.04732,0.00165,0.05818,0.725
16,57,hybrid,HYBRID_ALPHA0.3_BETA0.7,0.3,0.7,50,0.39823,0.42438,0.18177,205.97664,2.05397,0.09824,0.05188,0.00198,0.05985,0.775
16,57,hybrid,HYBRID_ALPHA0.4_BETA0.6,0.4,0.6,50,0.40409,0.43074,0.18568,0.89055,0.63328,0.10493,0.04018,0.00093,0.06526,0.8
16,57,hybrid,HYBRID_ALPHA0.5_BETA0.5,0.5,0.5,50,0.41174,0.42788,0.19137,1.23639,0.66859,0.10479,0.04456,0.00102,0.06761,0.725
16,57,hybrid,HYBRID_ALPHA0.6_BETA0.4,0.6,0.4,50,0.45226,0.44924,0.17752,11.57426,0.93751,0.11747,0.04861,0.00126,0.07908,0.8
16,57,hybrid,HYBRID_ALPHA0.7_BETA0.3,0.7,0.3,50,0.46425,0.45171,0.16855,17.734,1.03725,0.13653,0.05978,0.00141,0.08011,0.8
16,57,hybrid,HYBRID_ALPHA0.8_BETA0.2,0.8,0.2,50,0.4533,0.44704,0.17686,12.89432,0.97564,0.1242,0.05735,0.00127,0.07594,0.75
16,57,hybrid,HYBRID_ALPHA0.9_BETA0.1,0.9,0.1,50,0.47238,0.45858,0.16511,6.10968,0.85557,0.12792,0.05437,0.0013,0.07148,0.75
16,57,hybrid,HYBRID_ALPHA0.1_BETA0.9,0.1,0.9,100,0.45935,0.45022,0.2516,0.74481,0.68555,0.10875,0.06802,0.00082,0.12114,0.8
16,57,hybrid,HYBRID_ALPHA0.2_BETA0.8,0.2,0.8,100,0.43901,0.43993,0.25035,0.73943,0.6807,0.10986,0.06918,0.00079,0.12355,0.775
16,57,hybrid,HYBRID_ALPHA0.3_BETA0.7,0.3,0.7,100,0.36185,0.47933,0.07967,0.73997,0.67467,0.11617,0.07078,0.00289,0.074,0.725
16,57,hybrid,HYBRID_ALPHA0.4_BETA0.6,0.4,0.6,100,0.32392,0.43959,0.09286,0.74855,0.6596,0.13298,0.0683,0.00264,0.07026,0.7
16,57,hybrid,HYBRID_ALPHA0.5_BETA0.5,0.5,0.5,100,0.23716,0.31054,0.18398,0.73635,0.58148,0.07169,0.02476,0.00056,0.05928,0.75
16,57,hybrid,HYBRID_ALPHA0.6_BETA0.4,0.6,0.4,100,0.23291,0.3089,0.19962,0.7971,0.5884,0.09997,0.02765,0.00054,0.05558,0.75
16,57,hybrid,HYBRID_ALPHA0.7_BETA0.3,0.7,0.3,100,0.23337,0.31269,0.19951,0.9299,0.63412,0.16573,0.04313,0.00098,0.05145,0.75
16,57,hybrid,HYBRID_ALPHA0.8_BETA0.2,0.8,0.2,100,0.23522,0.32154,0.2177,0.95452,0.66634,0.21165,0.07728,0.00161,0.048,0.675
16,57,hybrid,HYBRID_ALPHA0.9_BETA0.1,0.9,0.1,100,0.23943,0.33306,0.23398,0.96653,0.68109,0.22151,0.09175,0.00178,0.04683,0.725
16,57,hybrid,HYBRID_ALPHA0.1_BETA0.9,0.1,0.9,300,0.2798,0.36095,0.1774,0.71191,0.60282,0.07994,0.02655,0.00104,0.04655,0.675
16,57,hybrid,HYBRID_ALPHA0.2_BETA0.8,0.2,0.8,300,0.29494,0.36876,0.1286,0.70889,0.60873,0.07407,0.02662,0.00108,0.03627,0.75
16,57,hybrid,HYBRID_ALPHA0.3_BETA0.7,0.3,0.7,300,0.27801,0.34467,0.14794,0.71948,0.61101,0.08274,0.03089,0.00073,0.03657,0.75
16,57,hybrid,HYBRID_ALPHA0.4_BETA0.6,0.4,0.6,300,0.25864,0.32739,0.15378,0.73844,0.62049,0.09597,0.04093,0.00084,0.03975,0.7
16,57,hybrid,HYBRID_ALPHA0.5_BETA0.5,0.5,0.5,300,0.25479,0.32363,0.16665,0.76102,0.6373,0.1198,0.05185,0.00101,0.03954,0.7
16,57,hybrid,HYBRID_ALPHA0.6_BETA0.4,0.6,0.4,300,0.2596,0.33112,0.19628,0.77895,0.64965,0.14317,0.06029,0.00147,0.03573,0.675
16,57,hybrid,HYBRID_ALPHA0.7_BETA0.3,0.7,0.3,300,0.26865,0.34419,0.20589,0.79733,0.6622,0.16371,0.06765,0.00149,0.0349,0.7
16,57,hybrid,HYBRID_ALPHA0.8_BETA0.2,0.8,0.2,300,0.2636,0.34275,0.20344,0.83805,0.67401,0.19831,0.07864,0.0014,0.03528,0.725
16,57,hybrid,HYBRID_ALPHA0.9_BETA0.1,0.9,0.1,300,0.26184,0.344,0.20786,0.85273,0.68194,0.2151,0.08047,0.00139,0.03574,0.775
16,57,hybrid,HYBRID_ALPHA0.1_BETA0.9,0.1,0.9,500,0.37972,0.50194,0.0956,0.74498,0.5932,0.04994,0.01483,0.00203,0.08646,0.675
16,57,hybrid,HYBRID_ALPHA0.2_BETA0.8,0.2,0.8,500,0.27866,0.39533,0.17637,0.75125,0.59988,0.04943,0.01587,0.00154,0.06825,0.65
16,57,hybrid,HYBRID_ALPHA0.3_BETA0.7,0.3,0.7,500,0.24333,0.32403,0.19549,0.70607,0.59395,0.04044,0.01452,0.00125,0.06751,0.65
16,57,hybrid,HYBRID_ALPHA0.4_BETA0.6,0.4,0.6,500,0.23505,0.30663,0.18406,0.70784,0.60453,0.04227,0.0184,0.00141,0.06222,0.7
16,57,hybrid,HYBRID_ALPHA0.5_BETA0.5,0.5,0.5,500,0.23422,0.3054,0.18532,0.70235,0.61908,0.04035,0.0233,0.00155,0.0606,0.625
16,57,hybrid,HYBRID_ALPHA0.6_BETA0.4,0.6,0.4,500,0.24194,0.31278,0.19119,0.71282,0.6183,0.04533,0.03153,0.00158,0.06133,0.65
16,57,hybrid,HYBRID_ALPHA0.7_BETA0.3,0.7,0.3,500,0.24222,0.3156,0.19417,0.85802,0.67434,0.17321,0.07854,0.00153,0.0589,0.675
16,57,hybrid,HYBRID_ALPHA0.8_BETA0.2,0.8,0.2,500,0.2417,0.317,0.20058,0.70656,0.6218,0.04635,0.04446,0.00172,0.06073,0.7
16,57,hybrid,HYBRID_ALPHA0.9_BETA0.1,0.9,0.1,500,0.24223,0.32651,0.21663,0.88229,0.70185,0.22515,0.08403,0.00161,0.05883,0.675
16,57,mse,MSE,1.0,0.0,50,0.47966,0.46394,0.16149,5.78764,0.85582,0.15239,0.0575,0.00124,0.07304,0.725
16,57,mse,MSE,1.0,0.0,100,0.25576,0.3558,0.26515,1.00128,0.70789,0.2683,0.08352,0.00209,0.04842,0.725
16,57,mse,MSE,1.0,0.0,300,0.26162,0.34721,0.21258,0.86397,0.68836,0.22955,0.0826,0.0014,0.03628,0.725
16,57,mse,MSE,1.0,0.0,500,0.22918,0.32857,0.24136,0.90828,0.71487,0.26753,0.0725,0.00205,0.04773,0.675
17,58,hsic,HSIC,0.0,1.0,50,1.00468,0.91751,0.15018,1.37074,0.71589,0.07703,0.0439,0.00241,0.03984,0.65
17,58,hsic,HSIC,0.0,1.0,100,0.95095,0.85426,0.25129,1.36103,0.73117,0.05993,0.03198,0.00393,0.25019,0.8
17,58,hsic,HSIC,0.0,1.0,300,0.90983,0.85307,0.15909,1.30121,0.68758,0.06126,0.03127,0.00258,0.40056,0.85
17,58,hsic,HSIC,0.0,1.0,500,0.46138,0.53586,0.06464,10.63302,3.13708,0.04881,0.02361,0.00219,0.46139,0.975
17,58,hybrid,HYBRID_ALPHA0.1_BETA0.9,0.1,0.9,50,0.27589,0.33638,0.15051,0.78216,0.66527,0.06812,0.0228,0.00097,0.02843,0.625
17,58,hybrid,HYBRID_ALPHA0.2_BETA0.8,0.2,0.8,50,0.32698,0.37275,0.17185,0.99998,0.71525,0.14959,0.06475,0.00067,0.03061,0.65
17,58,hybrid,HYBRID_ALPHA0.3_BETA0.7,0.3,0.7,50,0.3261,0.36597,0.17457,0.94698,0.71743,0.15544,0.06897,0.00081,0.0296,0.675
17,58,hybrid,HYBRID_ALPHA0.4_BETA0.6,0.4,0.6,50,0.5814,0.47419,0.25894,1.02514,0.72436,0.06725,0.033,0.00306,0.02518,0.7
17,58,hybrid,HYBRID_ALPHA0.5_BETA0.5,0.5,0.5,50,0.58131,0.4741,0.25894,0.91388,0.71461,0.07497,0.04263,0.003,0.02435,0.7
17,58,hybrid,HYBRID_ALPHA0.6_BETA0.4,0.6,0.4,50,0.58131,0.4741,0.25894,1.17368,0.74796,0.10947,0.05451,0.00215,0.02658,0.7
17,58,hybrid,HYBRID_ALPHA0.7_BETA0.3,0.7,0.3,50,0.58128,0.47405,0.25895,1.04367,0.78073,0.07212,0.0711,0.00218,0.03261,0.775
17,58,hybrid,HYBRID_ALPHA0.8_BETA0.2,0.8,0.2,50,0.58117,0.47406,0.25895,0.9931,0.73152,0.11004,0.05978,0.00234,0.02819,0.75
17,58,hybrid,HYBRID_ALPHA0.9_BETA0.1,0.9,0.1,50,0.58109,0.47406,0.25896,0.89113,0.70919,0.10076,0.05105,0.0026,0.0279,0.7
17,58,hybrid,HYBRID_ALPHA0.1_BETA0.9,0.1,0.9,100,0.41128,0.47469,0.25158,0.88758,0.62367,0.07478,0.03,0.00195,0.07616,0.7
17,58,hybrid,HYBRID_ALPHA0.2_BETA0.8,0.2,0.8,100,0.35388,0.40808,0.25593,0.79951,0.64846,0.10601,0.03452,0.00257,0.06421,0.625
17,58,hybrid,HYBRID_ALPHA0.3_BETA0.7,0.3,0.7,100,0.35165,0.40398,0.26382,0.82278,0.6396,0.11314,0.03795,0.00263,0.05737,0.65
17,58,hybrid,HYBRID_ALPHA0.4_BETA0.6,0.4,0.6,100,0.3679,0.40992,0.26322,0.80057,0.619,0.06938,0.03237,0.00241,0.06207,0.625
17,58,hybrid,HYBRID_ALPHA0.5_BETA0.5,0.5,0.5,100,0.36591,0.41014,0.26305,0.77515,0.6217,0.07232,0.03243,0.00253,0.05945,0.65
17,58,hybrid,HYBRID_ALPHA0.6_BETA0.4,0.6,0.4,100,0.36191,0.41093,0.26187,0.76675,0.6175,0.07296,0.02051,0.00213,0.05897,0.625
17,58,hybrid,HYBRID_ALPHA0.7_BETA0.3,0.7,0.3,100,0.36694,0.4123,0.25897,0.76876,0.61863,0.07585,0.02545,0.00224,0.06006,0.675
17,58,hybrid,HYBRID_ALPHA0.8_BETA0.2,0.8,0.2,100,0.43205,0.42216,0.25839,0.76889,0.62184,0.08117,0.03345,0.00219,0.07823,0.75
17,58,hybrid,HYBRID_ALPHA0.9_BETA0.1,0.9,0.1,100,0.45162,0.4276,0.25848,0.77717,0.63181,0.09636,0.04723,0.00211,0.08123,0.75
17,58,hybrid,HYBRID_ALPHA0.1_BETA0.9,0.1,0.9,300,0.31485,0.38462,0.13026,0.75134,0.61073,0.06281,0.02389,0.00159,0.07171,0.7
17,58,hybrid,HYBRID_ALPHA0.2_BETA0.8,0.2,0.8,300,0.27942,0.35064,0.13987,0.76652,0.61027,0.06368,0.02418,0.00139,0.06321,0.65
17,58,hybrid,HYBRID_ALPHA0.3_BETA0.7,0.3,0.7,300,0.25492,0.32836,0.1153,0.79405,0.61378,0.06578,0.02588,0.0009,0.04626,0.675
17,58,hybrid,HYBRID_ALPHA0.4_BETA0.6,0.4,0.6,300,0.24734,0.31078,0.16635,0.84239,0.62594,0.07399,0.03045,0.00109,0.04573,0.7
17,58,hybrid,HYBRID_ALPHA0.5_BETA0.5,0.5,0.5,300,0.26253,0.33261,0.16223,0.78447,0.62201,0.05496,0.03775,0.00155,0.05305,0.675
17,58,hybrid,HYBRID_ALPHA0.6_BETA0.4,0.6,0.4,300,0.25045,0.3299,0.12423,0.77802,0.62494,0.05613,0.04497,0.00124,0.04036,0.7
17,58,hybrid,HYBRID_ALPHA0.7_BETA0.3,0.7,0.3,300,0.23566,0.30692,0.18301,0.75988,0.62379,0.05813,0.04638,0.0014,0.03902,0.675
17,58,hybrid,HYBRID_ALPHA0.8_BETA0.2,0.8,0.2,300,0.23511,0.31258,0.19819,0.67629,0.59254,0.04859,0.02583,0.0012,0.03993,0.675
17,58,hybrid,HYBRID_ALPHA0.9_BETA0.1,0.9,0.1,300,0.2425,0.32641,0.21008,0.67796,0.60252,0.05284,0.02798,0.00131,0.04229,0.65
17,58,hybrid,HYBRID_ALPHA0.1_BETA0.9,0.1,0.9,500,0.4154,0.49456,0.06689,0.75433,0.63173,0.09229,0.02847,0.00266,0.11225,0.7
17,58,hybrid,HYBRID_ALPHA0.2_BETA0.8,0.2,0.8,500,0.25783,0.32303,0.14848,0.74949,0.60811,0.07014,0.03192,0.00093,0.06751,0.7
17,58,hybrid,HYBRID_ALPHA0.3_BETA0.7,0.3,0.7,500,0.28116,0.34278,0.14542,0.73888,0.59977,0.07256,0.03529,0.00126,0.09171,0.725
17,58,hybrid,HYBRID_ALPHA0.4_BETA0.6,0.4,0.6,500,0.27037,0.33026,0.14809,0.73068,0.60564,0.07102,0.03952,0.00115,0.07521,0.75
17,58,hybrid,HYBRID_ALPHA0.5_BETA0.5,0.5,0.5,500,0.27698,0.33246,0.14619,0.76271,0.59251,0.05914,0.03702,0.00103,0.08041,0.725
17,58,hybrid,HYBRID_ALPHA0.6_BETA0.4,0.6,0.4,500,0.27035,0.32656,0.1491,0.8801,0.66875,0.17866,0.08034,0.00113,0.06473,0.675
17,58,hybrid,HYBRID_ALPHA0.7_BETA0.3,0.7,0.3,500,0.25851,0.31714,0.15182,0.69164,0.60545,0.05612,0.02839,0.00064,0.06125,0.7
17,58,hybrid,HYBRID_ALPHA0.8_BETA0.2,0.8,0.2,500,0.25229,0.31733,0.14895,0.68992,0.60557,0.05713,0.0302,0.00063,0.05841,0.7
17,58,hybrid,HYBRID_ALPHA0.9_BETA0.1,0.9,0.1,500,0.24967,0.31504,0.15998,0.88584,0.68224,0.21599,0.08654,0.0011,0.05901,0.675
17,58,mse,MSE,1.0,0.0,50,0.58109,0.47406,0.25896,1.22449,0.81865,0.3227,0.06487,0.00436,0.03423,0.75
17,58,mse,MSE,1.0,0.0,100,0.45138,0.42745,0.25856,1.00988,0.72939,0.29216,0.06883,0.00326,0.08499,0.8
17,58,mse,MSE,1.0,0.0,300,0.25308,0.34563,0.23845,0.91339,0.69261,0.26088,0.07159,0.00188,0.04792,0.7
17,58,mse,MSE,1.0,0.0,500,0.24648,0.32526,0.17947,0.92517,0.71415,0.28818,0.07838,0.00166,0.05283,0.7
18,59,hsic,HSIC,0.0,1.0,50,0.79932,0.79189,0.23485,1.76362,0.98432,0.0564,0.03788,0.0032,0.05783,0.7
18,59,hsic,HSIC,0.0,1.0,100,1.60438,1.18714,0.26177,3.31871,1.6593,0.03685,0.026,0.00276,0.26052,0.8
18,59,hsic,HSIC,0.0,1.0,300,1.05818,0.92106,0.24381,2.84155,1.46651,0.02586,0.03877,0.00372,0.38903,0.85
18,59,hsic,HSIC,0.0,1.0,500,1.24808,1.03411,0.18481,1.0437,0.66166,0.05774,0.03905,0.00177,0.37169,0.85
18,59,hybrid,HYBRID_ALPHA0.1_BETA0.9,0.1,0.9,50,0.33421,0.4334,0.24937,0.76746,0.65408,0.09493,0.06027,0.00254,0.0351,0.75
18,59,hybrid,HYBRID_ALPHA0.2_BETA0.8,0.2,0.8,50,0.30844,0.3821,0.20687,0.64856,0.58881,0.03494,0.02289,0.00167,0.03701,0.725
18,59,hybrid,HYBRID_ALPHA0.3_BETA0.7,0.3,0.7,50,0.31099,0.38165,0.21023,0.67413,0.61609,0.04636,0.02543,0.00187,0.03997,0.75
18,59,hybrid,HYBRID_ALPHA0.4_BETA0.6,0.4,0.6,50,0.29898,0.37997,0.20694,0.67846,0.61289,0.05438,0.02195,0.00201,0.04002,0.75
18,59,hybrid,HYBRID_ALPHA0.5_BETA0.5,0.5,0.5,50,0.29944,0.38324,0.21753,0.68528,0.61284,0.06499,0.02318,0.00219,0.03529,0.725
18,59,hybrid,HYBRID_ALPHA0.6_BETA0.4,0.6,0.4,50,0.30026,0.38474,0.2262,0.743,0.64401,0.08605,0.02807,0.00293,0.03421,0.7
18,59,hybrid,HYBRID_ALPHA0.7_BETA0.3,0.7,0.3,50,0.31104,0.39011,0.23208,0.78577,0.65901,0.10008,0.0359,0.00284,0.03376,0.725
18,59,hybrid,HYBRID_ALPHA0.8_BETA0.2,0.8,0.2,50,0.31313,0.392,0.2327,0.80437,0.66666,0.11902,0.04133,0.00273,0.03377,0.675
18,59,hybrid,HYBRID_ALPHA0.9_BETA0.1,0.9,0.1,50,0.30876,0.39006,0.2289,0.83335,0.67705,0.13193,0.04611,0.00261,0.03558,0.725
18,59,hybrid,HYBRID_ALPHA0.1_BETA0.9,0.1,0.9,100,0.28106,0.37554,0.26685,0.82046,0.60191,0.04008,0.01449,0.00158,0.04826,0.725
18,59,hybrid,HYBRID_ALPHA0.2_BETA0.8,0.2,0.8,100,0.27635,0.37423,0.26827,0.76448,0.58712,0.04046,0.01461,0.00163,0.04651,0.725
18,59,hybrid,HYBRID_ALPHA0.3_BETA0.7,0.3,0.7,100,0.2776,0.36889,0.2601,0.71771,0.59942,0.04969,0.01819,0.00129,0.04877,0.7
18,59,hybrid,HYBRID_ALPHA0.4_BETA0.6,0.4,0.6,100,0.27728,0.36257,0.24316,0.72243,0.61031,0.05095,0.01819,0.00141,0.0489,0.675
18,59,hybrid,HYBRID_ALPHA0.5_BETA0.5,0.5,0.5,100,0.27621,0.35386,0.22352,0.72147,0.61816,0.051,0.01768,0.00136,0.04948,0.675
18,59,hybrid,HYBRID_ALPHA0.6_BETA0.4,0.6,0.4,100,0.27481,0.34737,0.21834,0.72214,0.62066,0.04805,0.0163,0.0014,0.04903,0.675
18,59,hybrid,HYBRID_ALPHA0.7_BETA0.3,0.7,0.3,100,0.2791,0.35356,0.22858,0.72194,0.62096,0.04406,0.0152,0.0016,0.04778,0.75
18,59,hybrid,HYBRID_ALPHA0.8_BETA0.2,0.8,0.2,100,0.28547,0.362,0.24139,0.72153,0.62093,0.04074,0.01609,0.00181,0.04545,0.675
18,59,hybrid,HYBRID_ALPHA0.9_BETA0.1,0.9,0.1,100,0.29218,0.37165,0.25258,0.73006,0.62387,0.04695,0.02409,0.00205,0.04188,0.725
18,59,hybrid,HYBRID_ALPHA0.1_BETA0.9,0.1,0.9,300,0.27455,0.37114,0.11969,0.72299,0.64206,0.04949,0.02442,0.00189,0.06022,0.65
18,59,hybrid,HYBRID_ALPHA0.2_BETA0.8,0.2,0.8,300,0.2679,0.34258,0.12536,0.74404,0.64918,0.06667,0.02963,0.00112,0.04211,0.725
18,59,hybrid,HYBRID_ALPHA0.3_BETA0.7,0.3,0.7,300,0.24921,0.31844,0.16747,0.75771,0.65021,0.08049,0.036,0.00163,0.03743,0.775
18,59,hybrid,HYBRID_ALPHA0.4_BETA0.6,0.4,0.6,300,0.30411,0.37022,0.23374,0.62961,0.59932,0.03558,0.01815,0.00089,0.04478,0.675
18,59,hybrid,HYBRID_ALPHA0.5_BETA0.5,0.5,0.5,300,0.30801,0.37608,0.24245,0.6311,0.59341,0.03562,0.01797,0.00107,0.0456,0.725
18,59,hybrid,HYBRID_ALPHA0.6_BETA0.4,0.6,0.4,300,0.31118,0.38234,0.24902,0.79955,0.67066,0.12562,0.0734,0.00251,0.04347,0.725
18,59,hybrid,HYBRID_ALPHA0.7_BETA0.3,0.7,0.3,300,0.31247,0.38763,0.25383,0.81856,0.68089,0.15016,0.08023,0.00243,0.04287,0.725
18,59,hybrid,HYBRID_ALPHA0.8_BETA0.2,0.8,0.2,300,0.31421,0.39232,0.25749,0.812,0.6802,0.15055,0.07606,0.00243,0.04188,0.7
18,59,hybrid,HYBRID_ALPHA0.9_BETA0.1,0.9,0.1,300,0.35336,0.40863,0.25842,0.88853,0.69947,0.25511,0.06477,0.00186,0.05104,0.725
18,59,hybrid,HYBRID_ALPHA0.1_BETA0.9,0.1,0.9,500,0.35682,0.45836,0.07606,0.78104,0.64952,0.11433,0.04775,0.0027,0.05136,0.75
18,59,hybrid,HYBRID_ALPHA0.2_BETA0.8,0.2,0.8,500,0.27962,0.36388,0.15684,0.78278,0.64006,0.11315,0.04542,0.00202,0.06018,0.75
18,59,hybrid,HYBRID_ALPHA0.3_BETA0.7,0.3,0.7,500,0.28874,0.35809,0.13389,0.76095,0.64278,0.10375,0.03872,0.00165,0.04309,0.7
18,59,hybrid,HYBRID_ALPHA0.4_BETA0.6,0.4,0.6,500,0.27865,0.33648,0.16197,0.78275,0.66484,0.1296,0.05123,0.00137,0.04378,0.725
18,59,hybrid,HYBRID_ALPHA0.5_BETA0.5,0.5,0.5,500,0.27493,0.33346,0.16854,0.79765,0.67236,0.14627,0.05813,0.0013,0.04265,0.675
18,59,hybrid,HYBRID_ALPHA0.6_BETA0.4,0.6,0.4,500,0.29138,0.34111,0.14053,0.84324,0.69306,0.18603,0.07898,0.00151,0.04797,0.675
18,59,hybrid,HYBRID_ALPHA0.7_BETA0.3,0.7,0.3,500,0.27026,0.33209,0.16977,0.67308,0.63064,0.05175,0.04526,0.00107,0.05056,0.65
18,59,hybrid,HYBRID_ALPHA0.8_BETA0.2,0.8,0.2,500,0.26863,0.33325,0.17461,0.671,0.62941,0.0513,0.03981,0.00113,0.05007,0.7
18,59,hybrid,HYBRID_ALPHA0.9_BETA0.1,0.9,0.1,500,0.26896,0.3361,0.18103,0.67394,0.62988,0.05651,0.04664,0.00123,0.05012,0.7
18,59,mse,MSE,1.0,0.0,50,0.31232,0.39214,0.22985,0.84226,0.68099,0.14379,0.04744,0.00263,0.03368,0.775
18,59,mse,MSE,1.0,0.0,100,0.29859,0.37969,0.26234,0.77192,0.64223,0.08947,0.0488,0.0022,0.03734,0.7
18,59,mse,MSE,1.0,0.0,300,0.3538,0.40969,0.258,0.89491,0.70574,0.26206,0.06739,0.00188,0.05073,0.725
18,59,mse,MSE,1.0,0.0,500,0.27969,0.34304,0.18639,0.69492,0.64048,0.08264,0.07015,0.00136,0.04628,0.675
19,60,hsic,HSIC,0.0,1.0,50,0.51619,0.49439,0.25592,1.61125,0.86894,0.29613,0.04355,0.00525,0.35529,0.925
19,60,hsic,HSIC,0.0,1.0,100,0.56623,0.47658,0.25815,1.47621,0.7244,0.06503,0.03616,0.00586,0.33123,0.875
19,60,hsic,HSIC,0.0,1.0,300,0.35494,0.45911,0.12093,1.12405,0.67145,0.04803,0.02851,0.00207,0.51209,0.975
19,60,hsic,HSIC,0.0,1.0,500,0.77821,0.7053,0.07403,1.38242,0.97319,0.03274,0.02432,0.00211,0.51196,1.0
19,60,hybrid,HYBRID_ALPHA0.1_BETA0.9,0.1,0.9,50,0.50801,0.62211,0.31134,0.78267,0.68155,0.14039,0.05472,0.00287,0.07703,0.675
19,60,hybrid,HYBRID_ALPHA0.2_BETA0.8,0.2,0.8,50,0.2682,0.38499,0.28039,0.914,0.76203,0.22396,0.05546,0.00271,0.07083,0.75
19,60,hybrid,HYBRID_ALPHA0.3_BETA0.7,0.3,0.7,50,0.27244,0.38869,0.271,0.90094,0.74955,0.2296,0.05735,0.00251,0.0721,0.75
19,60,hybrid,HYBRID_ALPHA0.4_BETA0.6,0.4,0.6,50,0.26978,0.38136,0.26852,0.89156,0.7406,0.23005,0.06097,0.00247,0.07162,0.7
19,60,hybrid,HYBRID_ALPHA0.5_BETA0.5,0.5,0.5,50,0.27486,0.38566,0.26737,0.81748,0.68996,0.17655,0.07188,0.00252,0.07428,0.7
19,60,hybrid,HYBRID_ALPHA0.6_BETA0.4,0.6,0.4,50,0.27459,0.34074,0.20515,0.81666,0.68475,0.16455,0.08122,0.00148,0.0451,0.75
19,60,hybrid,HYBRID_ALPHA0.7_BETA0.3,0.7,0.3,50,0.3054,0.36599,0.20671,0.87558,0.73671,0.22578,0.07374,0.00147,0.0502,0.7
19,60,hybrid,HYBRID_ALPHA0.8_BETA0.2,0.8,0.2,50,0.30164,0.3654,0.20585,0.8771,0.73519,0.22713,0.07647,0.00143,0.04969,0.75
19,60,hybrid,HYBRID_ALPHA0.9_BETA0.1,0.9,0.1,50,0.30284,0.36419,0.21151,0.88524,0.73722,0.23447,0.07996,0.00146,0.05014,0.7
19,60,hybrid,HYBRID_ALPHA0.1_BETA0.9,0.1,0.9,100,0.313,0.41042,0.04705,0.76056,0.58655,0.05542,0.01143,0.00167,0.08184,0.675
19,60,hybrid,HYBRID_ALPHA0.2_BETA0.8,0.2,0.8,100,0.28156,0.37545,0.11797,0.75639,0.58455,0.04675,0.0116,0.00119,0.07473,0.75
19,60,hybrid,HYBRID_ALPHA0.3_BETA0.7,0.3,0.7,100,0.28977,0.36933,0.1026,0.73573,0.58161,0.04439,0.01137,0.00096,0.07289,0.675
19,60,hybrid,HYBRID_ALPHA0.4_BETA0.6,0.4,0.6,100,0.29129,0.37827,0.08902,0.72702,0.58131,0.04292,0.01127,0.00088,0.06812,0.625
19,60,hybrid,HYBRID_ALPHA0.5_BETA0.5,0.5,0.5,100,0.28638,0.37407,0.08999,0.72282,0.58214,0.04156,0.01133,0.00089,0.05922,0.675
19,60,hybrid,HYBRID_ALPHA0.6_BETA0.4,0.6,0.4,100,0.26905,0.35767,0.12066,0.72709,0.58736,0.04233,0.01564,0.00075,0.05403,0.75
19,60,hybrid,HYBRID_ALPHA0.7_BETA0.3,0.7,0.3,100,0.25449,0.35212,0.13359,0.89437,0.65333,0.1959,0.06302,0.00103,0.04395,0.8
19,60,hybrid,HYBRID_ALPHA0.8_BETA0.2,0.8,0.2,100,0.33814,0.39476,0.25249,0.91701,0.66088,0.20642,0.07174,0.00145,0.05826,0.7
19,60,hybrid,HYBRID_ALPHA0.9_BETA0.1,0.9,0.1,100,0.29292,0.36944,0.24014,0.91881,0.6644,0.21217,0.0757,0.00149,0.04627,0.7
19,60,hybrid,HYBRID_ALPHA0.1_BETA0.9,0.1,0.9,300,0.36067,0.47907,0.12481,0.8114,0.59817,0.0516,0.02408,0.00169,0.25093,0.875
19,60,hybrid,HYBRID_ALPHA0.2_BETA0.8,0.2,0.8,300,0.32122,0.43406,0.13273,0.80923,0.61185,0.05137,0.02893,0.00133,0.34175,0.875
19,60,hybrid,HYBRID_ALPHA0.3_BETA0.7,0.3,0.7,300,0.27981,0.37158,0.15377,0.82252,0.60942,0.05332,0.02463,0.0011,0.34236,0.8
19,60,hybrid,HYBRID_ALPHA0.4_BETA0.6,0.4,0.6,300,0.28125,0.34973,0.11356,0.8024,0.61103,0.05436,0.03214,0.00113,0.35212,0.825
19,60,hybrid,HYBRID_ALPHA0.5_BETA0.5,0.5,0.5,300,0.2587,0.32302,0.13917,0.81656,0.61336,0.06653,0.03439,0.00074,0.35759,0.825
19,60,hybrid,HYBRID_ALPHA0.6_BETA0.4,0.6,0.4,300,0.25048,0.3137,0.16006,0.93491,0.645,0.10678,0.03664,0.00086,0.24519,0.75
19,60,hybrid,HYBRID_ALPHA0.7_BETA0.3,0.7,0.3,300,0.24944,0.31438,0.16025,0.87798,0.67972,0.22387,0.07307,0.00082,0.35428,0.85
19,60,hybrid,HYBRID_ALPHA0.8_BETA0.2,0.8,0.2,300,0.24635,0.3092,0.16763,0.90242,0.67684,0.22651,0.07751,0.00125,0.35282,0.825
19,60,hybrid,HYBRID_ALPHA0.9_BETA0.1,0.9,0.1,300,0.24269,0.31072,0.17049,0.90443,0.68204,0.2391,0.07627,0.00099,0.34494,0.85
19,60,hybrid,HYBRID_ALPHA0.1_BETA0.9,0.1,0.9,500,0.38032,0.46365,0.06984,0.85925,0.62921,0.04769,0.02945,0.00152,0.20141,0.75
19,60,hybrid,HYBRID_ALPHA0.2_BETA0.8,0.2,0.8,500,0.29627,0.35246,0.14846,0.85449,0.62365,0.04429,0.02431,0.00112,0.28243,0.85
19,60,hybrid,HYBRID_ALPHA0.3_BETA0.7,0.3,0.7,500,0.26855,0.32975,0.14938,0.85264,0.61826,0.04532,0.02245,0.00093,0.2848,0.825
19,60,hybrid,HYBRID_ALPHA0.4_BETA0.6,0.4,0.6,500,0.25775,0.32187,0.15481,0.84387,0.62108,0.04333,0.02512,0.00093,0.31122,0.85
19,60,hybrid,HYBRID_ALPHA0.5_BETA0.5,0.5,0.5,500,0.2496,0.31383,0.16267,0.83189,0.61673,0.04496,0.02673,0.0008,0.31535,0.825
19,60,hybrid,HYBRID_ALPHA0.6_BETA0.4,0.6,0.4,500,0.24762,0.31551,0.14134,0.83036,0.6154,0.0501,0.0307,0.00055,0.31164,0.8
19,60,hybrid,HYBRID_ALPHA0.7_BETA0.3,0.7,0.3,500,0.24459,0.31197,0.17619,0.86217,0.62248,0.10187,0.04348,0.00093,0.29626,0.825
19,60,hybrid,HYBRID_ALPHA0.8_BETA0.2,0.8,0.2,500,0.24202,0.31257,0.17891,0.90258,0.67805,0.22955,0.07698,0.00105,0.29689,0.825
19,60,hybrid,HYBRID_ALPHA0.9_BETA0.1,0.9,0.1,500,0.2406,0.31095,0.18133,0.90399,0.68392,0.24193,0.07561,0.0011,0.27928,0.825
19,60,mse,MSE,1.0,0.0,50,0.29334,0.35969,0.2065,0.89263,0.73693,0.23886,0.0877,0.00142,0.04859,0.675
19,60,mse,MSE,1.0,0.0,100,0.33814,0.40005,0.25878,0.92806,0.67151,0.22403,0.07818,0.00162,0.05961,0.75
19,60,mse,MSE,1.0,0.0,300,0.24037,0.32047,0.17648,0.92118,0.69379,0.27222,0.06804,0.00101,0.28728,0.825
19,60,mse,MSE,1.0,0.0,500,0.24075,0.32594,0.19336,0.91576,0.6958,0.27265,0.06784,0.00121,0.23265,0.8
20,61,hsic,HSIC,0.0,1.0,50,0.61143,0.60357,0.23565,2.34785,1.18513,0.03791,0.02523,0.00442,0.08662,0.675
20,61,hsic,HSIC,0.0,1.0,100,0.64119,0.61761,0.25222,1.54972,0.82238,0.10981,0.04579,0.0043,0.10049,0.7
20,61,hsic,HSIC,0.0,1.0,300,1.98782,1.27789,0.02784,1.39457,0.71795,0.049,0.03102,0.00181,0.24252,0.85
20,61,hsic,HSIC,0.0,1.0,500,0.89799,0.70047,0.11852,1.22593,0.72256,0.06756,0.04971,0.00203,0.20693,0.825
20,61,hybrid,HYBRID_ALPHA0.1_BETA0.9,0.1,0.9,50,0.31569,0.39234,0.15592,1.46803,0.83176,0.32786,0.05739,0.00377,0.06011,0.775
20,61,hybrid,HYBRID_ALPHA0.2_BETA0.8,0.2,0.8,50,0.39469,0.42046,0.25671,0.89408,0.69508,0.13721,0.05656,0.00113,0.03508,0.6
20,61,hybrid,HYBRID_ALPHA0.3_BETA0.7,0.3,0.7,50,0.38078,0.41401,0.25694,0.77185,0.66862,0.16844,0.05744,0.00093,0.03738,0.65
20,61,hybrid,HYBRID_ALPHA0.4_BETA0.6,0.4,0.6,50,0.35553,0.3965,0.24499,0.78371,0.66165,0.16263,0.0615,0.00131,0.03309,0.625
20,61,hybrid,HYBRID_ALPHA0.5_BETA0.5,0.5,0.5,50,0.38683,0.4142,0.25907,0.8309,0.67407,0.17262,0.06296,0.00132,0.03813,0.675
20,61,hybrid,HYBRID_ALPHA0.6_BETA0.4,0.6,0.4,50,0.37961,0.41304,0.25807,0.85112,0.67709,0.17094,0.06451,0.00136,0.03923,0.625
20,61,hybrid,HYBRID_ALPHA0.7_BETA0.3,0.7,0.3,50,0.35795,0.38581,0.19518,0.85377,0.68091,0.17508,0.06635,0.00152,0.04408,0.675
20,61,hybrid,HYBRID_ALPHA0.8_BETA0.2,0.8,0.2,50,0.33126,0.37574,0.2065,0.81588,0.67558,0.17324,0.06715,0.00166,0.03571,0.675
20,61,hybrid,HYBRID_ALPHA0.9_BETA0.1,0.9,0.1,50,0.33352,0.37706,0.21453,0.82968,0.67143,0.17279,0.06937,0.00139,0.03565,0.675
20,61,hybrid,HYBRID_ALPHA0.1_BETA0.9,0.1,0.9,100,0.29251,0.36267,0.17,0.78857,0.65182,0.15408,0.03992,0.00199,0.03218,0.675
20,61,hybrid,HYBRID_ALPHA0.2_BETA0.8,0.2,0.8,100,0.26356,0.34471,0.17834,0.78742,0.63386,0.15582,0.0378,0.00161,0.03187,0.675
20,61,hybrid,HYBRID_ALPHA0.3_BETA0.7,0.3,0.7,100,0.26029,0.3451,0.18231,1.37556,0.81649,0.33022,0.05679,0.003,0.05701,0.625
20,61,hybrid,HYBRID_ALPHA0.4_BETA0.6,0.4,0.6,100,0.25805,0.3464,0.19033,1.35777,0.81302,0.33029,0.05725,0.00309,0.05377,0.7
20,61,hybrid,HYBRID_ALPHA0.5_BETA0.5,0.5,0.5,100,0.25839,0.34868,0.19681,1.35095,0.80915,0.33151,0.05758,0.00319,0.05244,0.725
20,61,hybrid,HYBRID_ALPHA0.6_BETA0.4,0.6,0.4,100,0.25683,0.34808,0.19425,1.33599,0.805,0.33027,0.05752,0.00296,0.0505,0.675
20,61,hybrid,HYBRID_ALPHA0.7_BETA0.3,0.7,0.3,100,0.26107,0.3523,0.20706,1.33641,0.80383,0.33015,0.05751,0.00329,0.04988,0.7
20,61,hybrid,HYBRID_ALPHA0.8_BETA0.2,0.8,0.2,100,0.25929,0.35398,0.20676,1.33712,0.80312,0.33003,0.0575,0.00316,0.04983,0.65
20,61,hybrid,HYBRID_ALPHA0.9_BETA0.1,0.9,0.1,100,0.25191,0.3526,0.2182,1.33777,0.8024,0.32981,0.05739,0.00342,0.04889,0.7
20,61,hybrid,HYBRID_ALPHA0.1_BETA0.9,0.1,0.9,300,0.34425,0.4545,0.07533,0.78948,0.68125,0.15944,0.03661,0.00272,0.05415,0.65
20,61,hybrid,HYBRID_ALPHA0.2_BETA0.8,0.2,0.8,300,0.28878,0.39578,0.10024,0.79661,0.68218,0.16562,0.04224,0.00234,0.04241,0.725
20,61,hybrid,HYBRID_ALPHA0.3_BETA0.7,0.3,0.7,300,0.23107,0.30593,0.17304,0.80708,0.67667,0.17946,0.05142,0.00092,0.03527,0.675
20,61,hybrid,HYBRID_ALPHA0.4_BETA0.6,0.4,0.6,300,0.2303,0.30321,0.18139,0.83865,0.6778,0.20963,0.06089,0.00101,0.03565,0.675
20,61,hybrid,HYBRID_ALPHA0.5_BETA0.5,0.5,0.5,300,0.22771,0.30888,0.17565,0.85457,0.68285,0.22285,0.06517,0.00089,0.03563,0.7
20,61,hybrid,HYBRID_ALPHA0.6_BETA0.4,0.6,0.4,300,0.22508,0.30089,0.18732,0.86596,0.68267,0.23102,0.06882,0.00117,0.036,0.7
20,61,hybrid,HYBRID_ALPHA0.7_BETA0.3,0.7,0.3,300,0.22777,0.32679,0.16325,0.87303,0.682,0.2358,0.07067,0.00149,0.03448,0.725
20,61,hybrid,HYBRID_ALPHA0.8_BETA0.2,0.8,0.2,300,0.2188,0.30776,0.21924,0.87654,0.68557,0.24101,0.07094,0.00165,0.03438,0.65
20,61,hybrid,HYBRID_ALPHA0.9_BETA0.1,0.9,0.1,300,0.2234,0.31425,0.22426,0.88244,0.6888,0.2478,0.07064,0.00164,0.03442,0.675
20,61,hybrid,HYBRID_ALPHA0.1_BETA0.9,0.1,0.9,500,0.36017,0.44307,0.10748,0.72139,0.61205,0.08586,0.04178,0.00265,0.03724,0.725
20,61,hybrid,HYBRID_ALPHA0.2_BETA0.8,0.2,0.8,500,0.28339,0.36701,0.15303,0.75494,0.63585,0.10872,0.03863,0.00196,0.03398,0.675
20,61,hybrid,HYBRID_ALPHA0.3_BETA0.7,0.3,0.7,500,0.25451,0.33152,0.1767,0.76872,0.62571,0.11639,0.04236,0.00154,0.03198,0.7
20,61,hybrid,HYBRID_ALPHA0.4_BETA0.6,0.4,0.6,500,0.27276,0.3342,0.16048,0.79661,0.6344,0.14527,0.05333,0.00177,0.02961,0.675
20,61,hybrid,HYBRID_ALPHA0.5_BETA0.5,0.5,0.5,500,0.26776,0.33106,0.16741,0.79876,0.64575,0.15791,0.05899,0.00179,0.02894,0.65
20,61,hybrid,HYBRID_ALPHA0.6_BETA0.4,0.6,0.4,500,0.25994,0.32875,0.17328,0.82214,0.65796,0.18223,0.06579,0.00149,0.0308,0.675
20,61,hybrid,HYBRID_ALPHA0.7_BETA0.3,0.7,0.3,500,0.26216,0.33181,0.17806,0.84429,0.66791,0.20381,0.07193,0.00156,0.02986,0.725
20,61,hybrid,HYBRID_ALPHA0.8_BETA0.2,0.8,0.2,500,0.25912,0.33465,0.1881,0.84631,0.67651,0.21076,0.07329,0.00159,0.02924,0.7
20,61,hybrid,HYBRID_ALPHA0.9_BETA0.1,0.9,0.1,500,0.25919,0.33721,0.19984,0.81226,0.66321,0.17441,0.08076,0.0016,0.02941,0.75
20,61,mse,MSE,1.0,0.0,50,0.33833,0.38245,0.21748,0.82488,0.6748,0.17916,0.06986,0.00141,0.03404,0.75
20,61,mse,MSE,1.0,0.0,100,0.25038,0.35467,0.22037,1.32319,0.799,0.32862,0.05736,0.00324,0.04749,0.725
20,61,mse,MSE,1.0,0.0,300,0.22715,0.32636,0.24211,0.89023,0.69365,0.2568,0.06927,0.00178,0.03444,0.65
20,61,mse,MSE,1.0,0.0,500,0.25954,0.34293,0.21001,0.84103,0.67808,0.20944,0.08483,0.00168,0.02955,0.725
