Dataset,Experiment,Seed,Loss,Conf,Alpha,Beta,N,RF Acc,MMD,MAE x3
3-chain-linear,1,42,mse,MSE,1.0,0.0,50,0.7,0.03008,0.7989
3-chain-linear,2,43,mse,MSE,1.0,0.0,50,0.575,0.02705,0.78977
3-chain-linear,3,44,mse,MSE,1.0,0.0,50,0.65,0.03356,0.86913
3-chain-linear,4,45,mse,MSE,1.0,0.0,50,0.8,0.055,0.80984
3-chain-linear,5,46,mse,MSE,1.0,0.0,50,0.6,0.02523,0.8942
3-chain-linear,6,47,mse,MSE,1.0,0.0,50,0.675,0.03765,0.80676
3-chain-linear,7,48,mse,MSE,1.0,0.0,50,0.55,0.03133,0.82408
3-chain-linear,8,49,mse,MSE,1.0,0.0,50,0.575,0.03662,0.82319
3-chain-linear,9,50,mse,MSE,1.0,0.0,50,0.65,0.02807,0.7907
3-chain-linear,10,51,mse,MSE,1.0,0.0,50,0.625,0.02955,0.80429
3-chain-linear,1,42,hybrid,HYBRID_ALPHA0.9_BETA0.1,0.9,0.1,50,0.675,0.02879,0.7976
3-chain-linear,2,43,hybrid,HYBRID_ALPHA0.9_BETA0.1,0.9,0.1,50,0.575,0.02865,0.79085
3-chain-linear,3,44,hybrid,HYBRID_ALPHA0.9_BETA0.1,0.9,0.1,50,0.625,0.03009,0.8613
3-chain-linear,4,45,hybrid,HYBRID_ALPHA0.9_BETA0.1,0.9,0.1,50,0.8,0.055,0.80948
3-chain-linear,5,46,hybrid,HYBRID_ALPHA0.9_BETA0.1,0.9,0.1,50,0.6,0.02525,0.89211
3-chain-linear,6,47,hybrid,HYBRID_ALPHA0.9_BETA0.1,0.9,0.1,50,0.7,0.03536,0.80676
3-chain-linear,7,48,hybrid,HYBRID_ALPHA0.9_BETA0.1,0.9,0.1,50,0.65,0.03114,0.82408
3-chain-linear,8,49,hybrid,HYBRID_ALPHA0.9_BETA0.1,0.9,0.1,50,0.6,0.03495,0.82321
3-chain-linear,9,50,hybrid,HYBRID_ALPHA0.9_BETA0.1,0.9,0.1,50,0.7,0.02817,0.79047
3-chain-linear,10,51,hybrid,HYBRID_ALPHA0.9_BETA0.1,0.9,0.1,50,0.625,0.02747,0.80414
3-chain-linear,1,42,hybrid,HYBRID_ALPHA0.8_BETA0.2,0.8,0.2,50,0.65,0.02856,0.79764
3-chain-linear,2,43,hybrid,HYBRID_ALPHA0.8_BETA0.2,0.8,0.2,50,0.575,0.02838,0.78909
3-chain-linear,3,44,hybrid,HYBRID_ALPHA0.8_BETA0.2,0.8,0.2,50,0.65,0.02698,0.86446
3-chain-linear,4,45,hybrid,HYBRID_ALPHA0.8_BETA0.2,0.8,0.2,50,0.8,0.05499,0.8094
3-chain-linear,5,46,hybrid,HYBRID_ALPHA0.8_BETA0.2,0.8,0.2,50,0.6,0.02481,0.88725
3-chain-linear,6,47,hybrid,HYBRID_ALPHA0.8_BETA0.2,0.8,0.2,50,0.675,0.03531,0.80676
3-chain-linear,7,48,hybrid,HYBRID_ALPHA0.8_BETA0.2,0.8,0.2,50,0.6,0.0316,0.82402
3-chain-linear,8,49,hybrid,HYBRID_ALPHA0.8_BETA0.2,0.8,0.2,50,0.725,0.03228,0.82315
3-chain-linear,9,50,hybrid,HYBRID_ALPHA0.8_BETA0.2,0.8,0.2,50,0.65,0.0272,0.79023
3-chain-linear,10,51,hybrid,HYBRID_ALPHA0.8_BETA0.2,0.8,0.2,50,0.675,0.02528,0.80414
3-chain-linear,1,42,hybrid,HYBRID_ALPHA0.7_BETA0.3,0.7,0.3,50,0.7,0.02843,0.79767
3-chain-linear,2,43,hybrid,HYBRID_ALPHA0.7_BETA0.3,0.7,0.3,50,0.575,0.02849,0.78919
3-chain-linear,3,44,hybrid,HYBRID_ALPHA0.7_BETA0.3,0.7,0.3,50,0.6,0.02905,0.86544
3-chain-linear,4,45,hybrid,HYBRID_ALPHA0.7_BETA0.3,0.7,0.3,50,0.8,0.055,0.80936
3-chain-linear,5,46,hybrid,HYBRID_ALPHA0.7_BETA0.3,0.7,0.3,50,0.625,0.02525,0.87751
3-chain-linear,6,47,hybrid,HYBRID_ALPHA0.7_BETA0.3,0.7,0.3,50,0.65,0.03614,0.80676
3-chain-linear,7,48,hybrid,HYBRID_ALPHA0.7_BETA0.3,0.7,0.3,50,0.6,0.03164,0.82397
3-chain-linear,8,49,hybrid,HYBRID_ALPHA0.7_BETA0.3,0.7,0.3,50,0.675,0.03206,0.80042
3-chain-linear,9,50,hybrid,HYBRID_ALPHA0.7_BETA0.3,0.7,0.3,50,0.7,0.02768,0.78975
3-chain-linear,10,51,hybrid,HYBRID_ALPHA0.7_BETA0.3,0.7,0.3,50,0.575,0.02485,0.80409
3-chain-linear,1,42,hybrid,HYBRID_ALPHA0.6_BETA0.4,0.6,0.4,50,0.725,0.02889,0.79724
3-chain-linear,2,43,hybrid,HYBRID_ALPHA0.6_BETA0.4,0.6,0.4,50,0.625,0.02913,0.78943
3-chain-linear,3,44,hybrid,HYBRID_ALPHA0.6_BETA0.4,0.6,0.4,50,0.6,0.03092,0.86157
3-chain-linear,4,45,hybrid,HYBRID_ALPHA0.6_BETA0.4,0.6,0.4,50,0.8,0.05499,0.80922
3-chain-linear,5,46,hybrid,HYBRID_ALPHA0.6_BETA0.4,0.6,0.4,50,0.625,0.0243,0.87658
3-chain-linear,6,47,hybrid,HYBRID_ALPHA0.6_BETA0.4,0.6,0.4,50,0.65,0.03511,0.80676
3-chain-linear,7,48,hybrid,HYBRID_ALPHA0.6_BETA0.4,0.6,0.4,50,0.55,0.03176,0.82384
3-chain-linear,8,49,hybrid,HYBRID_ALPHA0.6_BETA0.4,0.6,0.4,50,0.75,0.03189,0.79068
3-chain-linear,9,50,hybrid,HYBRID_ALPHA0.6_BETA0.4,0.6,0.4,50,0.675,0.02892,0.78909
3-chain-linear,10,51,hybrid,HYBRID_ALPHA0.6_BETA0.4,0.6,0.4,50,0.7,0.03677,0.80409
3-chain-linear,1,42,hybrid,HYBRID_ALPHA0.5_BETA0.5,0.5,0.5,50,0.675,0.0301,0.79713
3-chain-linear,2,43,hybrid,HYBRID_ALPHA0.5_BETA0.5,0.5,0.5,50,0.6,0.02601,0.78949
3-chain-linear,3,44,hybrid,HYBRID_ALPHA0.5_BETA0.5,0.5,0.5,50,0.7,0.03044,0.86345
3-chain-linear,4,45,hybrid,HYBRID_ALPHA0.5_BETA0.5,0.5,0.5,50,0.8,0.055,0.80868
3-chain-linear,5,46,hybrid,HYBRID_ALPHA0.5_BETA0.5,0.5,0.5,50,0.575,0.02744,0.87269
3-chain-linear,6,47,hybrid,HYBRID_ALPHA0.5_BETA0.5,0.5,0.5,50,0.725,0.03543,0.80677
3-chain-linear,7,48,hybrid,HYBRID_ALPHA0.5_BETA0.5,0.5,0.5,50,0.675,0.0291,0.82383
3-chain-linear,8,49,hybrid,HYBRID_ALPHA0.5_BETA0.5,0.5,0.5,50,0.7,0.03099,0.78959
3-chain-linear,9,50,hybrid,HYBRID_ALPHA0.5_BETA0.5,0.5,0.5,50,0.7,0.02879,0.78804
3-chain-linear,10,51,hybrid,HYBRID_ALPHA0.5_BETA0.5,0.5,0.5,50,0.675,0.02419,0.80409
3-chain-linear,1,42,hybrid,HYBRID_ALPHA0.4_BETA0.6,0.4,0.6,50,0.725,0.02978,0.79502
3-chain-linear,2,43,hybrid,HYBRID_ALPHA0.4_BETA0.6,0.4,0.6,50,0.625,0.02598,0.78911
3-chain-linear,3,44,hybrid,HYBRID_ALPHA0.4_BETA0.6,0.4,0.6,50,0.725,0.03174,0.84224
3-chain-linear,4,45,hybrid,HYBRID_ALPHA0.4_BETA0.6,0.4,0.6,50,0.8,0.055,0.80868
3-chain-linear,5,46,hybrid,HYBRID_ALPHA0.4_BETA0.6,0.4,0.6,50,0.625,0.02805,0.86944
3-chain-linear,6,47,hybrid,HYBRID_ALPHA0.4_BETA0.6,0.4,0.6,50,0.7,0.03524,0.80677
3-chain-linear,7,48,hybrid,HYBRID_ALPHA0.4_BETA0.6,0.4,0.6,50,0.75,0.02802,0.82383
3-chain-linear,8,49,hybrid,HYBRID_ALPHA0.4_BETA0.6,0.4,0.6,50,0.7,0.02869,0.7884
3-chain-linear,9,50,hybrid,HYBRID_ALPHA0.4_BETA0.6,0.4,0.6,50,0.7,0.02716,0.7868
3-chain-linear,10,51,hybrid,HYBRID_ALPHA0.4_BETA0.6,0.4,0.6,50,0.625,0.02301,0.80409
3-chain-linear,1,42,hybrid,HYBRID_ALPHA0.3_BETA0.7,0.3,0.7,50,0.875,0.036,0.79334
3-chain-linear,2,43,hybrid,HYBRID_ALPHA0.3_BETA0.7,0.3,0.7,50,0.625,0.02877,0.78874
3-chain-linear,3,44,hybrid,HYBRID_ALPHA0.3_BETA0.7,0.3,0.7,50,0.725,0.02775,0.80416
3-chain-linear,4,45,hybrid,HYBRID_ALPHA0.3_BETA0.7,0.3,0.7,50,0.775,0.05498,0.80623
3-chain-linear,5,46,hybrid,HYBRID_ALPHA0.3_BETA0.7,0.3,0.7,50,0.675,0.02824,0.86396
3-chain-linear,6,47,hybrid,HYBRID_ALPHA0.3_BETA0.7,0.3,0.7,50,0.725,0.036,0.80677
3-chain-linear,7,48,hybrid,HYBRID_ALPHA0.3_BETA0.7,0.3,0.7,50,0.7,0.02617,0.82383
3-chain-linear,8,49,hybrid,HYBRID_ALPHA0.3_BETA0.7,0.3,0.7,50,0.725,0.02843,0.7871
3-chain-linear,9,50,hybrid,HYBRID_ALPHA0.3_BETA0.7,0.3,0.7,50,0.65,0.02893,0.78537
3-chain-linear,10,51,hybrid,HYBRID_ALPHA0.3_BETA0.7,0.3,0.7,50,0.6,0.02608,0.80409
3-chain-linear,1,42,hybrid,HYBRID_ALPHA0.2_BETA0.8,0.2,0.8,50,0.775,0.02977,0.79348
3-chain-linear,2,43,hybrid,HYBRID_ALPHA0.2_BETA0.8,0.2,0.8,50,0.6,0.02713,0.78819
3-chain-linear,3,44,hybrid,HYBRID_ALPHA0.2_BETA0.8,0.2,0.8,50,0.75,0.03613,0.80402
3-chain-linear,4,45,hybrid,HYBRID_ALPHA0.2_BETA0.8,0.2,0.8,50,0.8,0.05451,0.80138
3-chain-linear,5,46,hybrid,HYBRID_ALPHA0.2_BETA0.8,0.2,0.8,50,0.725,0.02928,0.86073
3-chain-linear,6,47,hybrid,HYBRID_ALPHA0.2_BETA0.8,0.2,0.8,50,0.675,0.03066,0.80677
3-chain-linear,7,48,hybrid,HYBRID_ALPHA0.2_BETA0.8,0.2,0.8,50,0.675,0.02794,0.82383
3-chain-linear,8,49,hybrid,HYBRID_ALPHA0.2_BETA0.8,0.2,0.8,50,0.65,0.02893,0.78423
3-chain-linear,9,50,hybrid,HYBRID_ALPHA0.2_BETA0.8,0.2,0.8,50,0.625,0.02886,0.7829
3-chain-linear,10,51,hybrid,HYBRID_ALPHA0.2_BETA0.8,0.2,0.8,50,0.575,0.02823,0.8041
3-chain-linear,1,42,mse,MSE,1.0,0.0,100,0.65,0.0287,0.80409
3-chain-linear,2,43,mse,MSE,1.0,0.0,100,0.6,0.03055,0.79626
3-chain-linear,3,44,mse,MSE,1.0,0.0,100,0.625,0.02688,0.80536
3-chain-linear,4,45,mse,MSE,1.0,0.0,100,0.6,0.02626,0.79526
3-chain-linear,5,46,mse,MSE,1.0,0.0,100,0.575,0.02947,0.78162
3-chain-linear,6,47,mse,MSE,1.0,0.0,100,0.65,0.0299,0.81828
3-chain-linear,7,48,mse,MSE,1.0,0.0,100,0.6,0.02975,0.79478
3-chain-linear,8,49,mse,MSE,1.0,0.0,100,0.6,0.02613,0.78767
3-chain-linear,9,50,mse,MSE,1.0,0.0,100,0.625,0.04368,0.7816
3-chain-linear,10,51,mse,MSE,1.0,0.0,100,0.625,0.02742,0.77883
3-chain-linear,1,42,hybrid,HYBRID_ALPHA0.9_BETA0.1,0.9,0.1,100,0.625,0.03262,0.80408
3-chain-linear,2,43,hybrid,HYBRID_ALPHA0.9_BETA0.1,0.9,0.1,100,0.6,0.02908,0.79422
3-chain-linear,3,44,hybrid,HYBRID_ALPHA0.9_BETA0.1,0.9,0.1,100,0.6,0.02497,0.80532
3-chain-linear,4,45,hybrid,HYBRID_ALPHA0.9_BETA0.1,0.9,0.1,100,0.6,0.02585,0.79455
3-chain-linear,5,46,hybrid,HYBRID_ALPHA0.9_BETA0.1,0.9,0.1,100,0.55,0.02914,0.78201
3-chain-linear,6,47,hybrid,HYBRID_ALPHA0.9_BETA0.1,0.9,0.1,100,0.6,0.03015,0.80816
3-chain-linear,7,48,hybrid,HYBRID_ALPHA0.9_BETA0.1,0.9,0.1,100,0.6,0.02967,0.79342
3-chain-linear,8,49,hybrid,HYBRID_ALPHA0.9_BETA0.1,0.9,0.1,100,0.6,0.02429,0.8126
3-chain-linear,9,50,hybrid,HYBRID_ALPHA0.9_BETA0.1,0.9,0.1,100,0.7,0.03414,0.78172
3-chain-linear,10,51,hybrid,HYBRID_ALPHA0.9_BETA0.1,0.9,0.1,100,0.7,0.03166,0.77844
3-chain-linear,1,42,hybrid,HYBRID_ALPHA0.8_BETA0.2,0.8,0.2,100,0.55,0.03276,0.80406
3-chain-linear,2,43,hybrid,HYBRID_ALPHA0.8_BETA0.2,0.8,0.2,100,0.6,0.02876,0.79611
3-chain-linear,3,44,hybrid,HYBRID_ALPHA0.8_BETA0.2,0.8,0.2,100,0.625,0.02533,0.80532
3-chain-linear,4,45,hybrid,HYBRID_ALPHA0.8_BETA0.2,0.8,0.2,100,0.625,0.02505,0.7938
3-chain-linear,5,46,hybrid,HYBRID_ALPHA0.8_BETA0.2,0.8,0.2,100,0.55,0.02889,0.78223
3-chain-linear,6,47,hybrid,HYBRID_ALPHA0.8_BETA0.2,0.8,0.2,100,0.525,0.02874,0.7819
3-chain-linear,7,48,hybrid,HYBRID_ALPHA0.8_BETA0.2,0.8,0.2,100,0.575,0.02982,0.79101
3-chain-linear,8,49,hybrid,HYBRID_ALPHA0.8_BETA0.2,0.8,0.2,100,0.675,0.02609,0.80315
3-chain-linear,9,50,hybrid,HYBRID_ALPHA0.8_BETA0.2,0.8,0.2,100,0.65,0.04392,0.78202
3-chain-linear,10,51,hybrid,HYBRID_ALPHA0.8_BETA0.2,0.8,0.2,100,0.65,0.03093,0.77704
3-chain-linear,1,42,hybrid,HYBRID_ALPHA0.7_BETA0.3,0.7,0.3,100,0.55,0.03246,0.804
3-chain-linear,2,43,hybrid,HYBRID_ALPHA0.7_BETA0.3,0.7,0.3,100,0.55,0.02828,0.79697
3-chain-linear,3,44,hybrid,HYBRID_ALPHA0.7_BETA0.3,0.7,0.3,100,0.6,0.0253,0.80535
3-chain-linear,4,45,hybrid,HYBRID_ALPHA0.7_BETA0.3,0.7,0.3,100,0.6,0.02442,0.79317
3-chain-linear,5,46,hybrid,HYBRID_ALPHA0.7_BETA0.3,0.7,0.3,100,0.575,0.02889,0.78223
3-chain-linear,6,47,hybrid,HYBRID_ALPHA0.7_BETA0.3,0.7,0.3,100,0.5,0.02841,0.77913
3-chain-linear,7,48,hybrid,HYBRID_ALPHA0.7_BETA0.3,0.7,0.3,100,0.55,0.03006,0.78705
3-chain-linear,8,49,hybrid,HYBRID_ALPHA0.7_BETA0.3,0.7,0.3,100,0.625,0.02603,0.80315
3-chain-linear,9,50,hybrid,HYBRID_ALPHA0.7_BETA0.3,0.7,0.3,100,0.675,0.03923,0.78221
3-chain-linear,10,51,hybrid,HYBRID_ALPHA0.7_BETA0.3,0.7,0.3,100,0.625,0.03095,0.77653
3-chain-linear,1,42,hybrid,HYBRID_ALPHA0.6_BETA0.4,0.6,0.4,100,0.525,0.03169,0.80392
3-chain-linear,2,43,hybrid,HYBRID_ALPHA0.6_BETA0.4,0.6,0.4,100,0.625,0.02845,0.79924
3-chain-linear,3,44,hybrid,HYBRID_ALPHA0.6_BETA0.4,0.6,0.4,100,0.6,0.02518,0.8053
3-chain-linear,4,45,hybrid,HYBRID_ALPHA0.6_BETA0.4,0.6,0.4,100,0.775,0.03903,0.78691
3-chain-linear,5,46,hybrid,HYBRID_ALPHA0.6_BETA0.4,0.6,0.4,100,0.6,0.02868,0.78193
3-chain-linear,6,47,hybrid,HYBRID_ALPHA0.6_BETA0.4,0.6,0.4,100,0.55,0.02818,0.7794
3-chain-linear,7,48,hybrid,HYBRID_ALPHA0.6_BETA0.4,0.6,0.4,100,0.575,0.03027,0.7832
3-chain-linear,8,49,hybrid,HYBRID_ALPHA0.6_BETA0.4,0.6,0.4,100,0.625,0.02565,0.80315
3-chain-linear,9,50,hybrid,HYBRID_ALPHA0.6_BETA0.4,0.6,0.4,100,0.6,0.03265,0.78233
3-chain-linear,10,51,hybrid,HYBRID_ALPHA0.6_BETA0.4,0.6,0.4,100,0.65,0.03059,0.77585
3-chain-linear,1,42,hybrid,HYBRID_ALPHA0.5_BETA0.5,0.5,0.5,100,0.575,0.0304,0.78839
3-chain-linear,2,43,hybrid,HYBRID_ALPHA0.5_BETA0.5,0.5,0.5,100,0.6,0.02767,0.7976
3-chain-linear,3,44,hybrid,HYBRID_ALPHA0.5_BETA0.5,0.5,0.5,100,0.625,0.0251,0.80542
3-chain-linear,4,45,hybrid,HYBRID_ALPHA0.5_BETA0.5,0.5,0.5,100,0.775,0.03789,0.78547
3-chain-linear,5,46,hybrid,HYBRID_ALPHA0.5_BETA0.5,0.5,0.5,100,0.65,0.02868,0.7819
3-chain-linear,6,47,hybrid,HYBRID_ALPHA0.5_BETA0.5,0.5,0.5,100,0.575,0.02796,0.77896
3-chain-linear,7,48,hybrid,HYBRID_ALPHA0.5_BETA0.5,0.5,0.5,100,0.65,0.0287,0.78247
3-chain-linear,8,49,hybrid,HYBRID_ALPHA0.5_BETA0.5,0.5,0.5,100,0.675,0.0253,0.80317
3-chain-linear,9,50,hybrid,HYBRID_ALPHA0.5_BETA0.5,0.5,0.5,100,0.7,0.03305,0.78201
3-chain-linear,10,51,hybrid,HYBRID_ALPHA0.5_BETA0.5,0.5,0.5,100,0.65,0.03074,0.77505
3-chain-linear,1,42,hybrid,HYBRID_ALPHA0.4_BETA0.6,0.4,0.6,100,0.55,0.03014,0.79387
3-chain-linear,2,43,hybrid,HYBRID_ALPHA0.4_BETA0.6,0.4,0.6,100,0.575,0.02421,0.79304
3-chain-linear,3,44,hybrid,HYBRID_ALPHA0.4_BETA0.6,0.4,0.6,100,0.625,0.02506,0.80533
3-chain-linear,4,45,hybrid,HYBRID_ALPHA0.4_BETA0.6,0.4,0.6,100,0.775,0.03886,0.78386
3-chain-linear,5,46,hybrid,HYBRID_ALPHA0.4_BETA0.6,0.4,0.6,100,0.65,0.02662,0.78185
3-chain-linear,6,47,hybrid,HYBRID_ALPHA0.4_BETA0.6,0.4,0.6,100,0.55,0.02769,0.77826
3-chain-linear,7,48,hybrid,HYBRID_ALPHA0.4_BETA0.6,0.4,0.6,100,0.65,0.02635,0.78271
3-chain-linear,8,49,hybrid,HYBRID_ALPHA0.4_BETA0.6,0.4,0.6,100,0.65,0.02443,0.80322
3-chain-linear,9,50,hybrid,HYBRID_ALPHA0.4_BETA0.6,0.4,0.6,100,0.625,0.03215,0.78134
3-chain-linear,10,51,hybrid,HYBRID_ALPHA0.4_BETA0.6,0.4,0.6,100,0.675,0.03084,0.77433
3-chain-linear,1,42,hybrid,HYBRID_ALPHA0.3_BETA0.7,0.3,0.7,100,0.7,0.0334,0.79352
3-chain-linear,2,43,hybrid,HYBRID_ALPHA0.3_BETA0.7,0.3,0.7,100,0.7,0.02188,0.77868
3-chain-linear,3,44,hybrid,HYBRID_ALPHA0.3_BETA0.7,0.3,0.7,100,0.625,0.02931,0.8053
3-chain-linear,4,45,hybrid,HYBRID_ALPHA0.3_BETA0.7,0.3,0.7,100,0.7,0.03572,0.7776
3-chain-linear,5,46,hybrid,HYBRID_ALPHA0.3_BETA0.7,0.3,0.7,100,0.675,0.0267,0.78214
3-chain-linear,6,47,hybrid,HYBRID_ALPHA0.3_BETA0.7,0.3,0.7,100,0.55,0.02733,0.77748
3-chain-linear,7,48,hybrid,HYBRID_ALPHA0.3_BETA0.7,0.3,0.7,100,0.675,0.02609,0.78362
3-chain-linear,8,49,hybrid,HYBRID_ALPHA0.3_BETA0.7,0.3,0.7,100,0.7,0.0243,0.80336
3-chain-linear,9,50,hybrid,HYBRID_ALPHA0.3_BETA0.7,0.3,0.7,100,0.575,0.03253,0.78139
3-chain-linear,10,51,hybrid,HYBRID_ALPHA0.3_BETA0.7,0.3,0.7,100,0.6,0.03284,0.77317
3-chain-linear,1,42,hybrid,HYBRID_ALPHA0.2_BETA0.8,0.2,0.8,100,0.7,0.02748,0.79307
3-chain-linear,2,43,hybrid,HYBRID_ALPHA0.2_BETA0.8,0.2,0.8,100,0.7,0.02041,0.7797
3-chain-linear,3,44,hybrid,HYBRID_ALPHA0.2_BETA0.8,0.2,0.8,100,0.675,0.02472,0.80529
3-chain-linear,4,45,hybrid,HYBRID_ALPHA0.2_BETA0.8,0.2,0.8,100,0.725,0.02928,0.77392
3-chain-linear,5,46,hybrid,HYBRID_ALPHA0.2_BETA0.8,0.2,0.8,100,0.7,0.02663,0.78012
3-chain-linear,6,47,hybrid,HYBRID_ALPHA0.2_BETA0.8,0.2,0.8,100,0.575,0.02759,0.77741
3-chain-linear,7,48,hybrid,HYBRID_ALPHA0.2_BETA0.8,0.2,0.8,100,0.65,0.02561,0.7849
3-chain-linear,8,49,hybrid,HYBRID_ALPHA0.2_BETA0.8,0.2,0.8,100,0.65,0.02522,0.80337
3-chain-linear,9,50,hybrid,HYBRID_ALPHA0.2_BETA0.8,0.2,0.8,100,0.625,0.03287,0.78141
3-chain-linear,10,51,hybrid,HYBRID_ALPHA0.2_BETA0.8,0.2,0.8,100,0.625,0.03147,0.77121
3-chain-non-linear,1,42,mse,MSE,1.0,0.0,50,0.875,0.0868,0.51359
3-chain-non-linear,2,43,mse,MSE,1.0,0.0,50,0.625,0.05417,0.19978
3-chain-non-linear,3,44,mse,MSE,1.0,0.0,50,0.75,0.11548,0.21802
3-chain-non-linear,4,45,mse,MSE,1.0,0.0,50,0.9,0.156,1.61934
3-chain-non-linear,5,46,mse,MSE,1.0,0.0,50,0.775,0.04502,0.16949
3-chain-non-linear,6,47,mse,MSE,1.0,0.0,50,0.8,0.06356,0.32049
3-chain-non-linear,7,48,mse,MSE,1.0,0.0,50,0.725,0.05508,0.32081
3-chain-non-linear,8,49,mse,MSE,1.0,0.0,50,0.825,0.0709,0.28513
3-chain-non-linear,9,50,mse,MSE,1.0,0.0,50,0.8,0.08164,0.41963
3-chain-non-linear,10,51,mse,MSE,1.0,0.0,50,0.775,0.09154,0.23547
3-chain-non-linear,1,42,hybrid,HYBRID_ALPHA0.9_BETA0.1,0.9,0.1,50,0.875,0.08102,0.50958
3-chain-non-linear,2,43,hybrid,HYBRID_ALPHA0.9_BETA0.1,0.9,0.1,50,0.65,0.04955,0.18032
3-chain-non-linear,3,44,hybrid,HYBRID_ALPHA0.9_BETA0.1,0.9,0.1,50,0.775,0.10258,0.36407
3-chain-non-linear,4,45,hybrid,HYBRID_ALPHA0.9_BETA0.1,0.9,0.1,50,0.9,0.16025,1.58292
3-chain-non-linear,5,46,hybrid,HYBRID_ALPHA0.9_BETA0.1,0.9,0.1,50,0.7,0.06643,0.30087
3-chain-non-linear,6,47,hybrid,HYBRID_ALPHA0.9_BETA0.1,0.9,0.1,50,0.75,0.06621,0.26368
3-chain-non-linear,7,48,hybrid,HYBRID_ALPHA0.9_BETA0.1,0.9,0.1,50,0.775,0.05503,0.31086
3-chain-non-linear,8,49,hybrid,HYBRID_ALPHA0.9_BETA0.1,0.9,0.1,50,0.8,0.07779,0.30443
3-chain-non-linear,9,50,hybrid,HYBRID_ALPHA0.9_BETA0.1,0.9,0.1,50,0.8,0.07501,0.38144
3-chain-non-linear,10,51,hybrid,HYBRID_ALPHA0.9_BETA0.1,0.9,0.1,50,0.75,0.08508,0.23417
3-chain-non-linear,1,42,hybrid,HYBRID_ALPHA0.8_BETA0.2,0.8,0.2,50,0.875,0.0903,0.49831
3-chain-non-linear,2,43,hybrid,HYBRID_ALPHA0.8_BETA0.2,0.8,0.2,50,0.675,0.05132,0.17305
3-chain-non-linear,3,44,hybrid,HYBRID_ALPHA0.8_BETA0.2,0.8,0.2,50,0.775,0.10656,0.36303
3-chain-non-linear,4,45,hybrid,HYBRID_ALPHA0.8_BETA0.2,0.8,0.2,50,0.9,0.16077,1.64246
3-chain-non-linear,5,46,hybrid,HYBRID_ALPHA0.8_BETA0.2,0.8,0.2,50,0.65,0.04825,0.1468
3-chain-non-linear,6,47,hybrid,HYBRID_ALPHA0.8_BETA0.2,0.8,0.2,50,0.8,0.07065,0.24012
3-chain-non-linear,7,48,hybrid,HYBRID_ALPHA0.8_BETA0.2,0.8,0.2,50,0.75,0.05753,0.31614
3-chain-non-linear,8,49,hybrid,HYBRID_ALPHA0.8_BETA0.2,0.8,0.2,50,0.825,0.08054,0.29257
3-chain-non-linear,9,50,hybrid,HYBRID_ALPHA0.8_BETA0.2,0.8,0.2,50,0.825,0.07231,0.37806
3-chain-non-linear,10,51,hybrid,HYBRID_ALPHA0.8_BETA0.2,0.8,0.2,50,0.75,0.08464,0.21739
3-chain-non-linear,1,42,hybrid,HYBRID_ALPHA0.7_BETA0.3,0.7,0.3,50,0.8,0.09014,0.47456
3-chain-non-linear,2,43,hybrid,HYBRID_ALPHA0.7_BETA0.3,0.7,0.3,50,0.725,0.05153,0.17049
3-chain-non-linear,3,44,hybrid,HYBRID_ALPHA0.7_BETA0.3,0.7,0.3,50,0.775,0.11015,0.36371
3-chain-non-linear,4,45,hybrid,HYBRID_ALPHA0.7_BETA0.3,0.7,0.3,50,0.9,0.1604,2.53136
3-chain-non-linear,5,46,hybrid,HYBRID_ALPHA0.7_BETA0.3,0.7,0.3,50,0.65,0.047,0.13988
3-chain-non-linear,6,47,hybrid,HYBRID_ALPHA0.7_BETA0.3,0.7,0.3,50,0.825,0.07535,0.23141
3-chain-non-linear,7,48,hybrid,HYBRID_ALPHA0.7_BETA0.3,0.7,0.3,50,0.775,0.05651,0.31351
3-chain-non-linear,8,49,hybrid,HYBRID_ALPHA0.7_BETA0.3,0.7,0.3,50,0.8,0.08141,0.28035
3-chain-non-linear,9,50,hybrid,HYBRID_ALPHA0.7_BETA0.3,0.7,0.3,50,0.825,0.07037,0.37665
3-chain-non-linear,10,51,hybrid,HYBRID_ALPHA0.7_BETA0.3,0.7,0.3,50,0.75,0.08226,0.18956
3-chain-non-linear,1,42,hybrid,HYBRID_ALPHA0.6_BETA0.4,0.6,0.4,50,0.825,0.07228,0.37707
3-chain-non-linear,2,43,hybrid,HYBRID_ALPHA0.6_BETA0.4,0.6,0.4,50,0.65,0.05165,0.17764
3-chain-non-linear,3,44,hybrid,HYBRID_ALPHA0.6_BETA0.4,0.6,0.4,50,0.775,0.11489,0.36327
3-chain-non-linear,4,45,hybrid,HYBRID_ALPHA0.6_BETA0.4,0.6,0.4,50,0.875,0.16052,2.40197
3-chain-non-linear,5,46,hybrid,HYBRID_ALPHA0.6_BETA0.4,0.6,0.4,50,0.7,0.05527,0.32509
3-chain-non-linear,6,47,hybrid,HYBRID_ALPHA0.6_BETA0.4,0.6,0.4,50,0.75,0.08242,0.24152
3-chain-non-linear,7,48,hybrid,HYBRID_ALPHA0.6_BETA0.4,0.6,0.4,50,0.775,0.05497,0.31143
3-chain-non-linear,8,49,hybrid,HYBRID_ALPHA0.6_BETA0.4,0.6,0.4,50,0.8,0.08243,0.29029
3-chain-non-linear,9,50,hybrid,HYBRID_ALPHA0.6_BETA0.4,0.6,0.4,50,0.85,0.07263,0.36422
3-chain-non-linear,10,51,hybrid,HYBRID_ALPHA0.6_BETA0.4,0.6,0.4,50,0.725,0.07459,0.15952
3-chain-non-linear,1,42,hybrid,HYBRID_ALPHA0.5_BETA0.5,0.5,0.5,50,0.75,0.0636,0.42433
3-chain-non-linear,2,43,hybrid,HYBRID_ALPHA0.5_BETA0.5,0.5,0.5,50,0.675,0.04614,0.19481
3-chain-non-linear,3,44,hybrid,HYBRID_ALPHA0.5_BETA0.5,0.5,0.5,50,0.85,0.12029,0.37074
3-chain-non-linear,4,45,hybrid,HYBRID_ALPHA0.5_BETA0.5,0.5,0.5,50,0.9,0.15938,2.33851
3-chain-non-linear,5,46,hybrid,HYBRID_ALPHA0.5_BETA0.5,0.5,0.5,50,0.725,0.04708,0.17648
3-chain-non-linear,6,47,hybrid,HYBRID_ALPHA0.5_BETA0.5,0.5,0.5,50,0.75,0.06484,0.24292
3-chain-non-linear,7,48,hybrid,HYBRID_ALPHA0.5_BETA0.5,0.5,0.5,50,0.75,0.05394,0.33347
3-chain-non-linear,8,49,hybrid,HYBRID_ALPHA0.5_BETA0.5,0.5,0.5,50,0.75,0.07199,0.3329
3-chain-non-linear,9,50,hybrid,HYBRID_ALPHA0.5_BETA0.5,0.5,0.5,50,0.8,0.07866,0.36825
3-chain-non-linear,10,51,hybrid,HYBRID_ALPHA0.5_BETA0.5,0.5,0.5,50,0.7,0.06497,0.16898
3-chain-non-linear,1,42,hybrid,HYBRID_ALPHA0.4_BETA0.6,0.4,0.6,50,0.775,0.06238,0.28654
3-chain-non-linear,2,43,hybrid,HYBRID_ALPHA0.4_BETA0.6,0.4,0.6,50,0.7,0.04461,0.16223
3-chain-non-linear,3,44,hybrid,HYBRID_ALPHA0.4_BETA0.6,0.4,0.6,50,0.825,0.11619,0.31412
3-chain-non-linear,4,45,hybrid,HYBRID_ALPHA0.4_BETA0.6,0.4,0.6,50,0.9,0.15761,2.40447
3-chain-non-linear,5,46,hybrid,HYBRID_ALPHA0.4_BETA0.6,0.4,0.6,50,0.7,0.04781,0.17386
3-chain-non-linear,6,47,hybrid,HYBRID_ALPHA0.4_BETA0.6,0.4,0.6,50,0.75,0.08114,0.23943
3-chain-non-linear,7,48,hybrid,HYBRID_ALPHA0.4_BETA0.6,0.4,0.6,50,0.75,0.05332,0.35058
3-chain-non-linear,8,49,hybrid,HYBRID_ALPHA0.4_BETA0.6,0.4,0.6,50,0.75,0.06441,0.354
3-chain-non-linear,9,50,hybrid,HYBRID_ALPHA0.4_BETA0.6,0.4,0.6,50,0.775,0.07742,0.34285
3-chain-non-linear,10,51,hybrid,HYBRID_ALPHA0.4_BETA0.6,0.4,0.6,50,0.8,0.09935,0.68144
3-chain-non-linear,1,42,hybrid,HYBRID_ALPHA0.3_BETA0.7,0.3,0.7,50,0.8,0.05817,0.27206
3-chain-non-linear,2,43,hybrid,HYBRID_ALPHA0.3_BETA0.7,0.3,0.7,50,0.7,0.04259,0.35353
3-chain-non-linear,3,44,hybrid,HYBRID_ALPHA0.3_BETA0.7,0.3,0.7,50,0.825,0.12266,0.22478
3-chain-non-linear,4,45,hybrid,HYBRID_ALPHA0.3_BETA0.7,0.3,0.7,50,0.825,0.11208,2.23837
3-chain-non-linear,5,46,hybrid,HYBRID_ALPHA0.3_BETA0.7,0.3,0.7,50,0.65,0.04237,0.16774
3-chain-non-linear,6,47,hybrid,HYBRID_ALPHA0.3_BETA0.7,0.3,0.7,50,0.725,0.07727,0.15882
3-chain-non-linear,7,48,hybrid,HYBRID_ALPHA0.3_BETA0.7,0.3,0.7,50,0.725,0.06296,0.37522
3-chain-non-linear,8,49,hybrid,HYBRID_ALPHA0.3_BETA0.7,0.3,0.7,50,0.8,0.06341,0.43585
3-chain-non-linear,9,50,hybrid,HYBRID_ALPHA0.3_BETA0.7,0.3,0.7,50,0.725,0.06893,0.34104
3-chain-non-linear,10,51,hybrid,HYBRID_ALPHA0.3_BETA0.7,0.3,0.7,50,0.8,0.10015,0.70292
3-chain-non-linear,1,42,hybrid,HYBRID_ALPHA0.2_BETA0.8,0.2,0.8,50,0.725,0.06046,0.26524
3-chain-non-linear,2,43,hybrid,HYBRID_ALPHA0.2_BETA0.8,0.2,0.8,50,0.825,0.05337,0.41877
3-chain-non-linear,3,44,hybrid,HYBRID_ALPHA0.2_BETA0.8,0.2,0.8,50,0.825,0.12918,0.21976
3-chain-non-linear,4,45,hybrid,HYBRID_ALPHA0.2_BETA0.8,0.2,0.8,50,0.875,0.14585,1.63081
3-chain-non-linear,5,46,hybrid,HYBRID_ALPHA0.2_BETA0.8,0.2,0.8,50,0.7,0.0496,0.16066
3-chain-non-linear,6,47,hybrid,HYBRID_ALPHA0.2_BETA0.8,0.2,0.8,50,0.875,0.1177,0.21278
3-chain-non-linear,7,48,hybrid,HYBRID_ALPHA0.2_BETA0.8,0.2,0.8,50,0.8,0.15287,0.38676
3-chain-non-linear,8,49,hybrid,HYBRID_ALPHA0.2_BETA0.8,0.2,0.8,50,0.825,0.06477,0.53688
3-chain-non-linear,9,50,hybrid,HYBRID_ALPHA0.2_BETA0.8,0.2,0.8,50,0.775,0.06293,0.36971
3-chain-non-linear,10,51,hybrid,HYBRID_ALPHA0.2_BETA0.8,0.2,0.8,50,0.85,0.08962,0.74204
3-chain-non-linear,1,42,mse,MSE,1.0,0.0,100,0.675,0.05501,0.12564
3-chain-non-linear,2,43,mse,MSE,1.0,0.0,100,0.75,0.04277,0.25262
3-chain-non-linear,3,44,mse,MSE,1.0,0.0,100,0.7,0.04992,0.12922
3-chain-non-linear,4,45,mse,MSE,1.0,0.0,100,0.725,0.03729,0.21185
3-chain-non-linear,5,46,mse,MSE,1.0,0.0,100,0.65,0.04861,0.25067
3-chain-non-linear,6,47,mse,MSE,1.0,0.0,100,0.6,0.05067,0.13692
3-chain-non-linear,7,48,mse,MSE,1.0,0.0,100,0.825,0.07697,0.39561
3-chain-non-linear,8,49,mse,MSE,1.0,0.0,100,0.75,0.03817,0.21026
3-chain-non-linear,9,50,mse,MSE,1.0,0.0,100,0.75,0.07737,0.18271
3-chain-non-linear,10,51,mse,MSE,1.0,0.0,100,0.725,0.04722,0.12826
3-chain-non-linear,1,42,hybrid,HYBRID_ALPHA0.9_BETA0.1,0.9,0.1,100,0.7,0.05967,0.13436
3-chain-non-linear,2,43,hybrid,HYBRID_ALPHA0.9_BETA0.1,0.9,0.1,100,0.75,0.04382,0.21543
3-chain-non-linear,3,44,hybrid,HYBRID_ALPHA0.9_BETA0.1,0.9,0.1,100,0.75,0.06986,0.1434
3-chain-non-linear,4,45,hybrid,HYBRID_ALPHA0.9_BETA0.1,0.9,0.1,100,0.7,0.03412,0.21979
3-chain-non-linear,5,46,hybrid,HYBRID_ALPHA0.9_BETA0.1,0.9,0.1,100,0.625,0.0471,0.2228
3-chain-non-linear,6,47,hybrid,HYBRID_ALPHA0.9_BETA0.1,0.9,0.1,100,0.65,0.04712,0.17168
3-chain-non-linear,7,48,hybrid,HYBRID_ALPHA0.9_BETA0.1,0.9,0.1,100,0.825,0.07188,0.35703
3-chain-non-linear,8,49,hybrid,HYBRID_ALPHA0.9_BETA0.1,0.9,0.1,100,0.775,0.04412,0.20048
3-chain-non-linear,9,50,hybrid,HYBRID_ALPHA0.9_BETA0.1,0.9,0.1,100,0.775,0.0826,0.16905
3-chain-non-linear,10,51,hybrid,HYBRID_ALPHA0.9_BETA0.1,0.9,0.1,100,0.725,0.05765,0.13222
3-chain-non-linear,1,42,hybrid,HYBRID_ALPHA0.8_BETA0.2,0.8,0.2,100,0.7,0.05488,0.14064
3-chain-non-linear,2,43,hybrid,HYBRID_ALPHA0.8_BETA0.2,0.8,0.2,100,0.7,0.04,0.22482
3-chain-non-linear,3,44,hybrid,HYBRID_ALPHA0.8_BETA0.2,0.8,0.2,100,0.725,0.07274,0.16389
3-chain-non-linear,4,45,hybrid,HYBRID_ALPHA0.8_BETA0.2,0.8,0.2,100,0.875,0.1277,0.25819
3-chain-non-linear,5,46,hybrid,HYBRID_ALPHA0.8_BETA0.2,0.8,0.2,100,0.725,0.0449,0.21911
3-chain-non-linear,6,47,hybrid,HYBRID_ALPHA0.8_BETA0.2,0.8,0.2,100,0.8,0.05122,0.2305
3-chain-non-linear,7,48,hybrid,HYBRID_ALPHA0.8_BETA0.2,0.8,0.2,100,0.8,0.07046,0.35497
3-chain-non-linear,8,49,hybrid,HYBRID_ALPHA0.8_BETA0.2,0.8,0.2,100,0.825,0.05398,0.16848
3-chain-non-linear,9,50,hybrid,HYBRID_ALPHA0.8_BETA0.2,0.8,0.2,100,0.775,0.0891,0.17353
3-chain-non-linear,10,51,hybrid,HYBRID_ALPHA0.8_BETA0.2,0.8,0.2,100,0.65,0.05726,0.15521
3-chain-non-linear,1,42,hybrid,HYBRID_ALPHA0.7_BETA0.3,0.7,0.3,100,0.75,0.06403,0.14545
3-chain-non-linear,2,43,hybrid,HYBRID_ALPHA0.7_BETA0.3,0.7,0.3,100,0.7,0.03366,0.2296
3-chain-non-linear,3,44,hybrid,HYBRID_ALPHA0.7_BETA0.3,0.7,0.3,100,0.775,0.07327,0.19219
3-chain-non-linear,4,45,hybrid,HYBRID_ALPHA0.7_BETA0.3,0.7,0.3,100,0.8,0.13927,0.26582
3-chain-non-linear,5,46,hybrid,HYBRID_ALPHA0.7_BETA0.3,0.7,0.3,100,0.725,0.04722,0.2099
3-chain-non-linear,6,47,hybrid,HYBRID_ALPHA0.7_BETA0.3,0.7,0.3,100,0.8,0.0576,0.25525
3-chain-non-linear,7,48,hybrid,HYBRID_ALPHA0.7_BETA0.3,0.7,0.3,100,0.8,0.06833,0.3583
3-chain-non-linear,8,49,hybrid,HYBRID_ALPHA0.7_BETA0.3,0.7,0.3,100,0.825,0.05411,0.18286
3-chain-non-linear,9,50,hybrid,HYBRID_ALPHA0.7_BETA0.3,0.7,0.3,100,0.75,0.08853,0.176
3-chain-non-linear,10,51,hybrid,HYBRID_ALPHA0.7_BETA0.3,0.7,0.3,100,0.725,0.05617,0.16917
3-chain-non-linear,1,42,hybrid,HYBRID_ALPHA0.6_BETA0.4,0.6,0.4,100,0.675,0.0532,0.15245
3-chain-non-linear,2,43,hybrid,HYBRID_ALPHA0.6_BETA0.4,0.6,0.4,100,0.775,0.03275,0.23887
3-chain-non-linear,3,44,hybrid,HYBRID_ALPHA0.6_BETA0.4,0.6,0.4,100,0.8,0.07772,0.23532
3-chain-non-linear,4,45,hybrid,HYBRID_ALPHA0.6_BETA0.4,0.6,0.4,100,0.75,0.14183,0.24421
3-chain-non-linear,5,46,hybrid,HYBRID_ALPHA0.6_BETA0.4,0.6,0.4,100,0.7,0.05316,0.2104
3-chain-non-linear,6,47,hybrid,HYBRID_ALPHA0.6_BETA0.4,0.6,0.4,100,0.775,0.06056,0.27443
3-chain-non-linear,7,48,hybrid,HYBRID_ALPHA0.6_BETA0.4,0.6,0.4,100,0.75,0.06578,0.35864
3-chain-non-linear,8,49,hybrid,HYBRID_ALPHA0.6_BETA0.4,0.6,0.4,100,0.775,0.05649,0.22107
3-chain-non-linear,9,50,hybrid,HYBRID_ALPHA0.6_BETA0.4,0.6,0.4,100,0.775,0.08697,0.18072
3-chain-non-linear,10,51,hybrid,HYBRID_ALPHA0.6_BETA0.4,0.6,0.4,100,0.85,0.13579,0.1384
3-chain-non-linear,1,42,hybrid,HYBRID_ALPHA0.5_BETA0.5,0.5,0.5,100,0.675,0.0559,0.17139
3-chain-non-linear,2,43,hybrid,HYBRID_ALPHA0.5_BETA0.5,0.5,0.5,100,0.75,0.03244,0.25383
3-chain-non-linear,3,44,hybrid,HYBRID_ALPHA0.5_BETA0.5,0.5,0.5,100,0.7,0.09127,0.1456
3-chain-non-linear,4,45,hybrid,HYBRID_ALPHA0.5_BETA0.5,0.5,0.5,100,0.775,0.12673,0.26274
3-chain-non-linear,5,46,hybrid,HYBRID_ALPHA0.5_BETA0.5,0.5,0.5,100,0.65,0.05335,0.21882
3-chain-non-linear,6,47,hybrid,HYBRID_ALPHA0.5_BETA0.5,0.5,0.5,100,0.85,0.0575,0.39732
3-chain-non-linear,7,48,hybrid,HYBRID_ALPHA0.5_BETA0.5,0.5,0.5,100,0.775,0.06446,0.3614
3-chain-non-linear,8,49,hybrid,HYBRID_ALPHA0.5_BETA0.5,0.5,0.5,100,0.725,0.05743,0.25417
3-chain-non-linear,9,50,hybrid,HYBRID_ALPHA0.5_BETA0.5,0.5,0.5,100,0.775,0.08116,0.19751
3-chain-non-linear,10,51,hybrid,HYBRID_ALPHA0.5_BETA0.5,0.5,0.5,100,0.85,0.15697,0.14825
3-chain-non-linear,1,42,hybrid,HYBRID_ALPHA0.4_BETA0.6,0.4,0.6,100,0.775,0.08272,0.19204
3-chain-non-linear,2,43,hybrid,HYBRID_ALPHA0.4_BETA0.6,0.4,0.6,100,0.775,0.0311,0.27754
3-chain-non-linear,3,44,hybrid,HYBRID_ALPHA0.4_BETA0.6,0.4,0.6,100,0.775,0.08689,0.14669
3-chain-non-linear,4,45,hybrid,HYBRID_ALPHA0.4_BETA0.6,0.4,0.6,100,0.75,0.1243,0.26028
3-chain-non-linear,5,46,hybrid,HYBRID_ALPHA0.4_BETA0.6,0.4,0.6,100,0.675,0.04405,0.18339
3-chain-non-linear,6,47,hybrid,HYBRID_ALPHA0.4_BETA0.6,0.4,0.6,100,0.75,0.05766,0.31236
3-chain-non-linear,7,48,hybrid,HYBRID_ALPHA0.4_BETA0.6,0.4,0.6,100,0.775,0.05993,0.35278
3-chain-non-linear,8,49,hybrid,HYBRID_ALPHA0.4_BETA0.6,0.4,0.6,100,0.775,0.05623,0.29047
3-chain-non-linear,9,50,hybrid,HYBRID_ALPHA0.4_BETA0.6,0.4,0.6,100,0.775,0.06315,0.20472
3-chain-non-linear,10,51,hybrid,HYBRID_ALPHA0.4_BETA0.6,0.4,0.6,100,0.825,0.13778,0.16754
3-chain-non-linear,1,42,hybrid,HYBRID_ALPHA0.3_BETA0.7,0.3,0.7,100,0.725,0.07799,0.18394
3-chain-non-linear,2,43,hybrid,HYBRID_ALPHA0.3_BETA0.7,0.3,0.7,100,0.725,0.03247,0.34535
3-chain-non-linear,3,44,hybrid,HYBRID_ALPHA0.3_BETA0.7,0.3,0.7,100,0.75,0.08159,0.17395
3-chain-non-linear,4,45,hybrid,HYBRID_ALPHA0.3_BETA0.7,0.3,0.7,100,0.875,0.12482,0.70365
3-chain-non-linear,5,46,hybrid,HYBRID_ALPHA0.3_BETA0.7,0.3,0.7,100,0.55,0.04086,0.25601
3-chain-non-linear,6,47,hybrid,HYBRID_ALPHA0.3_BETA0.7,0.3,0.7,100,0.875,0.20049,0.26238
3-chain-non-linear,7,48,hybrid,HYBRID_ALPHA0.3_BETA0.7,0.3,0.7,100,0.8,0.05823,0.32558
3-chain-non-linear,8,49,hybrid,HYBRID_ALPHA0.3_BETA0.7,0.3,0.7,100,0.775,0.0555,0.28937
3-chain-non-linear,9,50,hybrid,HYBRID_ALPHA0.3_BETA0.7,0.3,0.7,100,0.75,0.05546,0.18982
3-chain-non-linear,10,51,hybrid,HYBRID_ALPHA0.3_BETA0.7,0.3,0.7,100,0.85,0.15378,0.13728
3-chain-non-linear,1,42,hybrid,HYBRID_ALPHA0.2_BETA0.8,0.2,0.8,100,0.725,0.08857,0.19457
3-chain-non-linear,2,43,hybrid,HYBRID_ALPHA0.2_BETA0.8,0.2,0.8,100,0.75,0.03254,0.39536
3-chain-non-linear,3,44,hybrid,HYBRID_ALPHA0.2_BETA0.8,0.2,0.8,100,0.725,0.07106,0.17961
3-chain-non-linear,4,45,hybrid,HYBRID_ALPHA0.2_BETA0.8,0.2,0.8,100,0.8,0.13485,0.25488
3-chain-non-linear,5,46,hybrid,HYBRID_ALPHA0.2_BETA0.8,0.2,0.8,100,0.65,0.03263,0.32544
3-chain-non-linear,6,47,hybrid,HYBRID_ALPHA0.2_BETA0.8,0.2,0.8,100,0.875,0.19787,0.28755
3-chain-non-linear,7,48,hybrid,HYBRID_ALPHA0.2_BETA0.8,0.2,0.8,100,0.8,0.08293,0.31989
3-chain-non-linear,8,49,hybrid,HYBRID_ALPHA0.2_BETA0.8,0.2,0.8,100,0.8,0.06848,0.25243
3-chain-non-linear,9,50,hybrid,HYBRID_ALPHA0.2_BETA0.8,0.2,0.8,100,0.75,0.05303,0.27556
3-chain-non-linear,10,51,hybrid,HYBRID_ALPHA0.2_BETA0.8,0.2,0.8,100,0.875,0.12518,0.69688
4-chain-linear,1,42,mse,MSE,1.0,0.0,50,0.75,0.0422,0.57808
4-chain-linear,2,43,mse,MSE,1.0,0.0,50,0.8,0.04682,0.55678
4-chain-linear,3,44,mse,MSE,1.0,0.0,50,0.8,0.04922,0.56109
4-chain-linear,4,45,mse,MSE,1.0,0.0,50,0.925,0.07666,0.55496
4-chain-linear,5,46,mse,MSE,1.0,0.0,50,0.675,0.03853,0.56399
4-chain-linear,6,47,mse,MSE,1.0,0.0,50,0.825,0.04812,0.56858
4-chain-linear,7,48,mse,MSE,1.0,0.0,50,0.775,0.0491,0.55818
4-chain-linear,8,49,mse,MSE,1.0,0.0,50,0.8,0.05374,0.54545
4-chain-linear,9,50,mse,MSE,1.0,0.0,50,0.825,0.04233,0.55331
4-chain-linear,10,51,mse,MSE,1.0,0.0,50,0.775,0.06197,0.55421
4-chain-linear,1,42,hybrid,HYBRID_ALPHA0.9_BETA0.1,0.9,0.1,50,0.725,0.04148,0.58398
4-chain-linear,2,43,hybrid,HYBRID_ALPHA0.9_BETA0.1,0.9,0.1,50,0.775,0.04549,0.55772
4-chain-linear,3,44,hybrid,HYBRID_ALPHA0.9_BETA0.1,0.9,0.1,50,0.825,0.0498,0.56109
4-chain-linear,4,45,hybrid,HYBRID_ALPHA0.9_BETA0.1,0.9,0.1,50,0.925,0.0762,0.55496
4-chain-linear,5,46,hybrid,HYBRID_ALPHA0.9_BETA0.1,0.9,0.1,50,0.75,0.0426,0.56791
4-chain-linear,6,47,hybrid,HYBRID_ALPHA0.9_BETA0.1,0.9,0.1,50,0.875,0.04771,0.56548
4-chain-linear,7,48,hybrid,HYBRID_ALPHA0.9_BETA0.1,0.9,0.1,50,0.8,0.05148,0.55799
4-chain-linear,8,49,hybrid,HYBRID_ALPHA0.9_BETA0.1,0.9,0.1,50,0.725,0.05418,0.54546
4-chain-linear,9,50,hybrid,HYBRID_ALPHA0.9_BETA0.1,0.9,0.1,50,0.825,0.04164,0.55311
4-chain-linear,10,51,hybrid,HYBRID_ALPHA0.9_BETA0.1,0.9,0.1,50,0.775,0.0675,0.55369
4-chain-linear,1,42,hybrid,HYBRID_ALPHA0.8_BETA0.2,0.8,0.2,50,0.75,0.0419,0.56057
4-chain-linear,2,43,hybrid,HYBRID_ALPHA0.8_BETA0.2,0.8,0.2,50,0.775,0.04564,0.55703
4-chain-linear,3,44,hybrid,HYBRID_ALPHA0.8_BETA0.2,0.8,0.2,50,0.8,0.05084,0.56105
4-chain-linear,4,45,hybrid,HYBRID_ALPHA0.8_BETA0.2,0.8,0.2,50,0.925,0.07569,0.55495
4-chain-linear,5,46,hybrid,HYBRID_ALPHA0.8_BETA0.2,0.8,0.2,50,0.775,0.04338,0.56793
4-chain-linear,6,47,hybrid,HYBRID_ALPHA0.8_BETA0.2,0.8,0.2,50,0.825,0.04588,0.56075
4-chain-linear,7,48,hybrid,HYBRID_ALPHA0.8_BETA0.2,0.8,0.2,50,0.8,0.05233,0.55802
4-chain-linear,8,49,hybrid,HYBRID_ALPHA0.8_BETA0.2,0.8,0.2,50,0.725,0.05878,0.54549
4-chain-linear,9,50,hybrid,HYBRID_ALPHA0.8_BETA0.2,0.8,0.2,50,0.825,0.04115,0.55285
4-chain-linear,10,51,hybrid,HYBRID_ALPHA0.8_BETA0.2,0.8,0.2,50,0.775,0.07929,0.54852
4-chain-linear,1,42,hybrid,HYBRID_ALPHA0.7_BETA0.3,0.7,0.3,50,0.75,0.03799,0.5482
4-chain-linear,2,43,hybrid,HYBRID_ALPHA0.7_BETA0.3,0.7,0.3,50,0.775,0.04497,0.55704
4-chain-linear,3,44,hybrid,HYBRID_ALPHA0.7_BETA0.3,0.7,0.3,50,0.8,0.05636,0.56105
4-chain-linear,4,45,hybrid,HYBRID_ALPHA0.7_BETA0.3,0.7,0.3,50,0.95,0.07884,0.55496
4-chain-linear,5,46,hybrid,HYBRID_ALPHA0.7_BETA0.3,0.7,0.3,50,0.8,0.04554,0.56373
4-chain-linear,6,47,hybrid,HYBRID_ALPHA0.7_BETA0.3,0.7,0.3,50,0.825,0.04735,0.5582
4-chain-linear,7,48,hybrid,HYBRID_ALPHA0.7_BETA0.3,0.7,0.3,50,0.8,0.05383,0.55793
4-chain-linear,8,49,hybrid,HYBRID_ALPHA0.7_BETA0.3,0.7,0.3,50,0.8,0.05654,0.54549
4-chain-linear,9,50,hybrid,HYBRID_ALPHA0.7_BETA0.3,0.7,0.3,50,0.8,0.04132,0.55722
4-chain-linear,10,51,hybrid,HYBRID_ALPHA0.7_BETA0.3,0.7,0.3,50,0.8,0.07694,0.54779
4-chain-linear,1,42,hybrid,HYBRID_ALPHA0.6_BETA0.4,0.6,0.4,50,0.75,0.03855,0.54533
4-chain-linear,2,43,hybrid,HYBRID_ALPHA0.6_BETA0.4,0.6,0.4,50,0.775,0.04658,0.55645
4-chain-linear,3,44,hybrid,HYBRID_ALPHA0.6_BETA0.4,0.6,0.4,50,0.825,0.05261,0.56102
4-chain-linear,4,45,hybrid,HYBRID_ALPHA0.6_BETA0.4,0.6,0.4,50,0.95,0.07948,0.55496
4-chain-linear,5,46,hybrid,HYBRID_ALPHA0.6_BETA0.4,0.6,0.4,50,0.8,0.04591,0.56416
4-chain-linear,6,47,hybrid,HYBRID_ALPHA0.6_BETA0.4,0.6,0.4,50,0.85,0.04821,0.55129
4-chain-linear,7,48,hybrid,HYBRID_ALPHA0.6_BETA0.4,0.6,0.4,50,0.775,0.0536,0.55992
4-chain-linear,8,49,hybrid,HYBRID_ALPHA0.6_BETA0.4,0.6,0.4,50,0.8,0.06232,0.54543
4-chain-linear,9,50,hybrid,HYBRID_ALPHA0.6_BETA0.4,0.6,0.4,50,0.825,0.04186,0.55571
4-chain-linear,10,51,hybrid,HYBRID_ALPHA0.6_BETA0.4,0.6,0.4,50,0.75,0.07128,0.54597
4-chain-linear,1,42,hybrid,HYBRID_ALPHA0.5_BETA0.5,0.5,0.5,50,0.725,0.04529,0.53008
4-chain-linear,2,43,hybrid,HYBRID_ALPHA0.5_BETA0.5,0.5,0.5,50,0.8,0.04508,0.55645
4-chain-linear,3,44,hybrid,HYBRID_ALPHA0.5_BETA0.5,0.5,0.5,50,0.8,0.05506,0.56166
4-chain-linear,4,45,hybrid,HYBRID_ALPHA0.5_BETA0.5,0.5,0.5,50,0.95,0.07952,0.55503
4-chain-linear,5,46,hybrid,HYBRID_ALPHA0.5_BETA0.5,0.5,0.5,50,0.825,0.04641,0.56421
4-chain-linear,6,47,hybrid,HYBRID_ALPHA0.5_BETA0.5,0.5,0.5,50,0.9,0.04652,0.55257
4-chain-linear,7,48,hybrid,HYBRID_ALPHA0.5_BETA0.5,0.5,0.5,50,0.775,0.05812,0.56172
4-chain-linear,8,49,hybrid,HYBRID_ALPHA0.5_BETA0.5,0.5,0.5,50,0.85,0.06197,0.5456
4-chain-linear,9,50,hybrid,HYBRID_ALPHA0.5_BETA0.5,0.5,0.5,50,0.875,0.04452,0.55169
4-chain-linear,10,51,hybrid,HYBRID_ALPHA0.5_BETA0.5,0.5,0.5,50,0.775,0.07113,0.54576
4-chain-linear,1,42,hybrid,HYBRID_ALPHA0.4_BETA0.6,0.4,0.6,50,0.8,0.04842,0.52219
4-chain-linear,2,43,hybrid,HYBRID_ALPHA0.4_BETA0.6,0.4,0.6,50,0.7,0.05109,0.55664
4-chain-linear,3,44,hybrid,HYBRID_ALPHA0.4_BETA0.6,0.4,0.6,50,0.775,0.05692,0.56174
4-chain-linear,4,45,hybrid,HYBRID_ALPHA0.4_BETA0.6,0.4,0.6,50,0.95,0.07844,0.55497
4-chain-linear,5,46,hybrid,HYBRID_ALPHA0.4_BETA0.6,0.4,0.6,50,0.775,0.04556,0.5646
4-chain-linear,6,47,hybrid,HYBRID_ALPHA0.4_BETA0.6,0.4,0.6,50,0.85,0.04832,0.54828
4-chain-linear,7,48,hybrid,HYBRID_ALPHA0.4_BETA0.6,0.4,0.6,50,0.8,0.05324,0.56143
4-chain-linear,8,49,hybrid,HYBRID_ALPHA0.4_BETA0.6,0.4,0.6,50,0.875,0.06125,0.54559
4-chain-linear,9,50,hybrid,HYBRID_ALPHA0.4_BETA0.6,0.4,0.6,50,0.85,0.04561,0.5451
4-chain-linear,10,51,hybrid,HYBRID_ALPHA0.4_BETA0.6,0.4,0.6,50,0.75,0.06841,0.54362
4-chain-linear,1,42,hybrid,HYBRID_ALPHA0.3_BETA0.7,0.3,0.7,50,0.825,0.05089,0.52837
4-chain-linear,2,43,hybrid,HYBRID_ALPHA0.3_BETA0.7,0.3,0.7,50,0.8,0.0607,0.55528
4-chain-linear,3,44,hybrid,HYBRID_ALPHA0.3_BETA0.7,0.3,0.7,50,0.775,0.05935,0.56308
4-chain-linear,4,45,hybrid,HYBRID_ALPHA0.3_BETA0.7,0.3,0.7,50,0.925,0.0777,0.55498
4-chain-linear,5,46,hybrid,HYBRID_ALPHA0.3_BETA0.7,0.3,0.7,50,0.85,0.04792,0.56692
4-chain-linear,6,47,hybrid,HYBRID_ALPHA0.3_BETA0.7,0.3,0.7,50,0.875,0.04954,0.55632
4-chain-linear,7,48,hybrid,HYBRID_ALPHA0.3_BETA0.7,0.3,0.7,50,0.8,0.05054,0.56048
4-chain-linear,8,49,hybrid,HYBRID_ALPHA0.3_BETA0.7,0.3,0.7,50,0.825,0.06227,0.54564
4-chain-linear,9,50,hybrid,HYBRID_ALPHA0.3_BETA0.7,0.3,0.7,50,0.85,0.04524,0.54312
4-chain-linear,10,51,hybrid,HYBRID_ALPHA0.3_BETA0.7,0.3,0.7,50,0.75,0.06945,0.54339
4-chain-linear,1,42,hybrid,HYBRID_ALPHA0.2_BETA0.8,0.2,0.8,50,0.825,0.05648,0.55841
4-chain-linear,2,43,hybrid,HYBRID_ALPHA0.2_BETA0.8,0.2,0.8,50,0.85,0.05433,0.55536
4-chain-linear,3,44,hybrid,HYBRID_ALPHA0.2_BETA0.8,0.2,0.8,50,0.775,0.05827,0.56327
4-chain-linear,4,45,hybrid,HYBRID_ALPHA0.2_BETA0.8,0.2,0.8,50,0.925,0.0778,0.555
4-chain-linear,5,46,hybrid,HYBRID_ALPHA0.2_BETA0.8,0.2,0.8,50,0.85,0.04895,0.56699
4-chain-linear,6,47,hybrid,HYBRID_ALPHA0.2_BETA0.8,0.2,0.8,50,0.85,0.04574,0.55067
4-chain-linear,7,48,hybrid,HYBRID_ALPHA0.2_BETA0.8,0.2,0.8,50,0.8,0.05354,0.55703
4-chain-linear,8,49,hybrid,HYBRID_ALPHA0.2_BETA0.8,0.2,0.8,50,0.825,0.07143,0.54564
4-chain-linear,9,50,hybrid,HYBRID_ALPHA0.2_BETA0.8,0.2,0.8,50,0.875,0.04447,0.53837
4-chain-linear,10,51,hybrid,HYBRID_ALPHA0.2_BETA0.8,0.2,0.8,50,0.675,0.07515,0.54377
4-chain-linear,1,42,mse,MSE,1.0,0.0,100,0.825,0.04988,0.54239
4-chain-linear,2,43,mse,MSE,1.0,0.0,100,0.9,0.35383,0.58369
4-chain-linear,3,44,mse,MSE,1.0,0.0,100,0.85,0.04127,0.67151
4-chain-linear,4,45,mse,MSE,1.0,0.0,100,0.8,0.04052,0.59897
4-chain-linear,5,46,mse,MSE,1.0,0.0,100,0.8,0.04599,0.55486
4-chain-linear,6,47,mse,MSE,1.0,0.0,100,0.75,0.05603,0.55468
4-chain-linear,7,48,mse,MSE,1.0,0.0,100,0.7,0.0528,0.55016
4-chain-linear,8,49,mse,MSE,1.0,0.0,100,0.775,0.04299,0.58962
4-chain-linear,9,50,mse,MSE,1.0,0.0,100,0.75,0.04401,0.53663
4-chain-linear,10,51,mse,MSE,1.0,0.0,100,0.825,0.0469,0.7234
4-chain-linear,1,42,hybrid,HYBRID_ALPHA0.9_BETA0.1,0.9,0.1,100,0.75,0.05365,0.54237
4-chain-linear,2,43,hybrid,HYBRID_ALPHA0.9_BETA0.1,0.9,0.1,100,0.9,0.35385,0.58358
4-chain-linear,3,44,hybrid,HYBRID_ALPHA0.9_BETA0.1,0.9,0.1,100,0.85,0.04232,0.6579
4-chain-linear,4,45,hybrid,HYBRID_ALPHA0.9_BETA0.1,0.9,0.1,100,0.75,0.04258,0.59849
4-chain-linear,5,46,hybrid,HYBRID_ALPHA0.9_BETA0.1,0.9,0.1,100,0.75,0.04814,0.55486
4-chain-linear,6,47,hybrid,HYBRID_ALPHA0.9_BETA0.1,0.9,0.1,100,0.75,0.0558,0.55466
4-chain-linear,7,48,hybrid,HYBRID_ALPHA0.9_BETA0.1,0.9,0.1,100,0.7,0.0558,0.55021
4-chain-linear,8,49,hybrid,HYBRID_ALPHA0.9_BETA0.1,0.9,0.1,100,0.8,0.04175,0.58852
4-chain-linear,9,50,hybrid,HYBRID_ALPHA0.9_BETA0.1,0.9,0.1,100,0.775,0.04638,0.53643
4-chain-linear,10,51,hybrid,HYBRID_ALPHA0.9_BETA0.1,0.9,0.1,100,0.85,0.04851,0.71987
4-chain-linear,1,42,hybrid,HYBRID_ALPHA0.8_BETA0.2,0.8,0.2,100,0.75,0.05381,0.54237
4-chain-linear,2,43,hybrid,HYBRID_ALPHA0.8_BETA0.2,0.8,0.2,100,0.9,0.35471,0.58352
4-chain-linear,3,44,hybrid,HYBRID_ALPHA0.8_BETA0.2,0.8,0.2,100,0.825,0.04523,0.64668
4-chain-linear,4,45,hybrid,HYBRID_ALPHA0.8_BETA0.2,0.8,0.2,100,0.75,0.04179,0.5975
4-chain-linear,5,46,hybrid,HYBRID_ALPHA0.8_BETA0.2,0.8,0.2,100,0.725,0.04829,0.55481
4-chain-linear,6,47,hybrid,HYBRID_ALPHA0.8_BETA0.2,0.8,0.2,100,0.775,0.05507,0.55466
4-chain-linear,7,48,hybrid,HYBRID_ALPHA0.8_BETA0.2,0.8,0.2,100,0.7,0.05555,0.55024
4-chain-linear,8,49,hybrid,HYBRID_ALPHA0.8_BETA0.2,0.8,0.2,100,0.775,0.04187,0.58687
4-chain-linear,9,50,hybrid,HYBRID_ALPHA0.8_BETA0.2,0.8,0.2,100,0.775,0.04676,0.53635
4-chain-linear,10,51,hybrid,HYBRID_ALPHA0.8_BETA0.2,0.8,0.2,100,0.85,0.04865,0.70669
4-chain-linear,1,42,hybrid,HYBRID_ALPHA0.7_BETA0.3,0.7,0.3,100,0.8,0.05387,0.54254
4-chain-linear,2,43,hybrid,HYBRID_ALPHA0.7_BETA0.3,0.7,0.3,100,0.9,0.35343,0.58353
4-chain-linear,3,44,hybrid,HYBRID_ALPHA0.7_BETA0.3,0.7,0.3,100,0.8,0.04603,0.63516
4-chain-linear,4,45,hybrid,HYBRID_ALPHA0.7_BETA0.3,0.7,0.3,100,0.875,0.04994,0.5969
4-chain-linear,5,46,hybrid,HYBRID_ALPHA0.7_BETA0.3,0.7,0.3,100,0.725,0.04688,0.55484
4-chain-linear,6,47,hybrid,HYBRID_ALPHA0.7_BETA0.3,0.7,0.3,100,0.8,0.05514,0.55469
4-chain-linear,7,48,hybrid,HYBRID_ALPHA0.7_BETA0.3,0.7,0.3,100,0.7,0.04945,0.55018
4-chain-linear,8,49,hybrid,HYBRID_ALPHA0.7_BETA0.3,0.7,0.3,100,0.8,0.04181,0.58493
4-chain-linear,9,50,hybrid,HYBRID_ALPHA0.7_BETA0.3,0.7,0.3,100,0.75,0.0483,0.53686
4-chain-linear,10,51,hybrid,HYBRID_ALPHA0.7_BETA0.3,0.7,0.3,100,0.825,0.04656,0.70207
4-chain-linear,1,42,hybrid,HYBRID_ALPHA0.6_BETA0.4,0.6,0.4,100,0.775,0.05379,0.54327
4-chain-linear,2,43,hybrid,HYBRID_ALPHA0.6_BETA0.4,0.6,0.4,100,0.9,0.35144,0.58303
4-chain-linear,3,44,hybrid,HYBRID_ALPHA0.6_BETA0.4,0.6,0.4,100,0.775,0.04687,0.61726
4-chain-linear,4,45,hybrid,HYBRID_ALPHA0.6_BETA0.4,0.6,0.4,100,0.875,0.05031,0.59584
4-chain-linear,5,46,hybrid,HYBRID_ALPHA0.6_BETA0.4,0.6,0.4,100,0.775,0.04586,0.55483
4-chain-linear,6,47,hybrid,HYBRID_ALPHA0.6_BETA0.4,0.6,0.4,100,0.775,0.05442,0.5547
4-chain-linear,7,48,hybrid,HYBRID_ALPHA0.6_BETA0.4,0.6,0.4,100,0.7,0.04915,0.55019
4-chain-linear,8,49,hybrid,HYBRID_ALPHA0.6_BETA0.4,0.6,0.4,100,0.775,0.04179,0.58286
4-chain-linear,9,50,hybrid,HYBRID_ALPHA0.6_BETA0.4,0.6,0.4,100,0.775,0.04478,0.53828
4-chain-linear,10,51,hybrid,HYBRID_ALPHA0.6_BETA0.4,0.6,0.4,100,0.775,0.04638,0.6986
4-chain-linear,1,42,hybrid,HYBRID_ALPHA0.5_BETA0.5,0.5,0.5,100,0.775,0.054,0.54382
4-chain-linear,2,43,hybrid,HYBRID_ALPHA0.5_BETA0.5,0.5,0.5,100,0.9,0.35093,0.58545
4-chain-linear,3,44,hybrid,HYBRID_ALPHA0.5_BETA0.5,0.5,0.5,100,0.775,0.05141,0.58207
4-chain-linear,4,45,hybrid,HYBRID_ALPHA0.5_BETA0.5,0.5,0.5,100,0.875,0.04982,0.5933
4-chain-linear,5,46,hybrid,HYBRID_ALPHA0.5_BETA0.5,0.5,0.5,100,0.8,0.04577,0.55485
4-chain-linear,6,47,hybrid,HYBRID_ALPHA0.5_BETA0.5,0.5,0.5,100,0.775,0.05428,0.55471
4-chain-linear,7,48,hybrid,HYBRID_ALPHA0.5_BETA0.5,0.5,0.5,100,0.7,0.04816,0.53508
4-chain-linear,8,49,hybrid,HYBRID_ALPHA0.5_BETA0.5,0.5,0.5,100,0.825,0.04363,0.5812
4-chain-linear,9,50,hybrid,HYBRID_ALPHA0.5_BETA0.5,0.5,0.5,100,0.675,0.04281,0.53973
4-chain-linear,10,51,hybrid,HYBRID_ALPHA0.5_BETA0.5,0.5,0.5,100,0.825,0.04537,0.69586
4-chain-linear,1,42,hybrid,HYBRID_ALPHA0.4_BETA0.6,0.4,0.6,100,0.775,0.05452,0.54443
4-chain-linear,2,43,hybrid,HYBRID_ALPHA0.4_BETA0.6,0.4,0.6,100,0.9,0.35057,0.58483
4-chain-linear,3,44,hybrid,HYBRID_ALPHA0.4_BETA0.6,0.4,0.6,100,0.8,0.05149,0.57672
4-chain-linear,4,45,hybrid,HYBRID_ALPHA0.4_BETA0.6,0.4,0.6,100,0.85,0.04825,0.59266
4-chain-linear,5,46,hybrid,HYBRID_ALPHA0.4_BETA0.6,0.4,0.6,100,0.825,0.04403,0.55507
4-chain-linear,6,47,hybrid,HYBRID_ALPHA0.4_BETA0.6,0.4,0.6,100,0.8,0.05422,0.55466
4-chain-linear,7,48,hybrid,HYBRID_ALPHA0.4_BETA0.6,0.4,0.6,100,0.7,0.04878,0.52894
4-chain-linear,8,49,hybrid,HYBRID_ALPHA0.4_BETA0.6,0.4,0.6,100,0.8,0.04409,0.59176
4-chain-linear,9,50,hybrid,HYBRID_ALPHA0.4_BETA0.6,0.4,0.6,100,0.725,0.04097,0.54244
4-chain-linear,10,51,hybrid,HYBRID_ALPHA0.4_BETA0.6,0.4,0.6,100,0.825,0.04859,0.6926
4-chain-linear,1,42,hybrid,HYBRID_ALPHA0.3_BETA0.7,0.3,0.7,100,0.825,0.05422,0.6061
4-chain-linear,2,43,hybrid,HYBRID_ALPHA0.3_BETA0.7,0.3,0.7,100,0.9,0.35145,0.56978
4-chain-linear,3,44,hybrid,HYBRID_ALPHA0.3_BETA0.7,0.3,0.7,100,0.775,0.05146,0.57212
4-chain-linear,4,45,hybrid,HYBRID_ALPHA0.3_BETA0.7,0.3,0.7,100,0.85,0.04851,0.58961
4-chain-linear,5,46,hybrid,HYBRID_ALPHA0.3_BETA0.7,0.3,0.7,100,0.775,0.04404,0.55555
4-chain-linear,6,47,hybrid,HYBRID_ALPHA0.3_BETA0.7,0.3,0.7,100,0.825,0.05115,0.53605
4-chain-linear,7,48,hybrid,HYBRID_ALPHA0.3_BETA0.7,0.3,0.7,100,0.775,0.04729,0.52587
4-chain-linear,8,49,hybrid,HYBRID_ALPHA0.3_BETA0.7,0.3,0.7,100,0.775,0.04422,0.59105
4-chain-linear,9,50,hybrid,HYBRID_ALPHA0.3_BETA0.7,0.3,0.7,100,0.775,0.04776,0.54289
4-chain-linear,10,51,hybrid,HYBRID_ALPHA0.3_BETA0.7,0.3,0.7,100,0.875,0.045,0.69345
4-chain-linear,1,42,hybrid,HYBRID_ALPHA0.2_BETA0.8,0.2,0.8,100,0.85,0.05515,0.6101
4-chain-linear,2,43,hybrid,HYBRID_ALPHA0.2_BETA0.8,0.2,0.8,100,0.9,0.35007,0.55613
4-chain-linear,3,44,hybrid,HYBRID_ALPHA0.2_BETA0.8,0.2,0.8,100,0.8,0.05204,0.57236
4-chain-linear,4,45,hybrid,HYBRID_ALPHA0.2_BETA0.8,0.2,0.8,100,0.8,0.03841,0.57176
4-chain-linear,5,46,hybrid,HYBRID_ALPHA0.2_BETA0.8,0.2,0.8,100,0.775,0.04421,0.55666
4-chain-linear,6,47,hybrid,HYBRID_ALPHA0.2_BETA0.8,0.2,0.8,100,0.85,0.05349,0.55507
4-chain-linear,7,48,hybrid,HYBRID_ALPHA0.2_BETA0.8,0.2,0.8,100,0.775,0.04767,0.52515
4-chain-linear,8,49,hybrid,HYBRID_ALPHA0.2_BETA0.8,0.2,0.8,100,0.8,0.04427,0.57288
4-chain-linear,9,50,hybrid,HYBRID_ALPHA0.2_BETA0.8,0.2,0.8,100,0.825,0.04943,0.54427
4-chain-linear,10,51,hybrid,HYBRID_ALPHA0.2_BETA0.8,0.2,0.8,100,0.85,0.04607,0.63711
5-chain-linear,1,42,mse,MSE,1.0,0.0,50,0.675,0.03503,0.7989
5-chain-linear,2,43,mse,MSE,1.0,0.0,50,0.625,0.0243,0.78977
5-chain-linear,3,44,mse,MSE,1.0,0.0,50,0.6,0.03166,0.86913
5-chain-linear,4,45,mse,MSE,1.0,0.0,50,0.7,0.04997,0.80984
5-chain-linear,5,46,mse,MSE,1.0,0.0,50,0.675,0.02786,0.8942
5-chain-linear,6,47,mse,MSE,1.0,0.0,50,0.7,0.02889,0.80676
5-chain-linear,7,48,mse,MSE,1.0,0.0,50,0.6,0.03096,0.82408
5-chain-linear,8,49,mse,MSE,1.0,0.0,50,0.7,0.03414,0.82319
5-chain-linear,9,50,mse,MSE,1.0,0.0,50,0.65,0.02515,0.7907
5-chain-linear,10,51,mse,MSE,1.0,0.0,50,0.65,0.02657,0.80429
5-chain-linear,1,42,hybrid,HYBRID_ALPHA0.9_BETA0.1,0.9,0.1,50,0.675,0.03441,0.7976
5-chain-linear,2,43,hybrid,HYBRID_ALPHA0.9_BETA0.1,0.9,0.1,50,0.625,0.02625,0.79085
5-chain-linear,3,44,hybrid,HYBRID_ALPHA0.9_BETA0.1,0.9,0.1,50,0.575,0.02799,0.8613
5-chain-linear,4,45,hybrid,HYBRID_ALPHA0.9_BETA0.1,0.9,0.1,50,0.7,0.04898,0.80948
5-chain-linear,5,46,hybrid,HYBRID_ALPHA0.9_BETA0.1,0.9,0.1,50,0.675,0.02715,0.89211
5-chain-linear,6,47,hybrid,HYBRID_ALPHA0.9_BETA0.1,0.9,0.1,50,0.65,0.02865,0.80676
5-chain-linear,7,48,hybrid,HYBRID_ALPHA0.9_BETA0.1,0.9,0.1,50,0.65,0.03022,0.82408
5-chain-linear,8,49,hybrid,HYBRID_ALPHA0.9_BETA0.1,0.9,0.1,50,0.65,0.03095,0.82321
5-chain-linear,9,50,hybrid,HYBRID_ALPHA0.9_BETA0.1,0.9,0.1,50,0.675,0.02608,0.79047
5-chain-linear,10,51,hybrid,HYBRID_ALPHA0.9_BETA0.1,0.9,0.1,50,0.7,0.02606,0.80414
5-chain-linear,1,42,hybrid,HYBRID_ALPHA0.8_BETA0.2,0.8,0.2,50,0.7,0.03423,0.79764
5-chain-linear,2,43,hybrid,HYBRID_ALPHA0.8_BETA0.2,0.8,0.2,50,0.65,0.02649,0.78909
5-chain-linear,3,44,hybrid,HYBRID_ALPHA0.8_BETA0.2,0.8,0.2,50,0.625,0.02609,0.86446
5-chain-linear,4,45,hybrid,HYBRID_ALPHA0.8_BETA0.2,0.8,0.2,50,0.75,0.04782,0.8094
5-chain-linear,5,46,hybrid,HYBRID_ALPHA0.8_BETA0.2,0.8,0.2,50,0.6,0.02659,0.88725
5-chain-linear,6,47,hybrid,HYBRID_ALPHA0.8_BETA0.2,0.8,0.2,50,0.725,0.02807,0.80676
5-chain-linear,7,48,hybrid,HYBRID_ALPHA0.8_BETA0.2,0.8,0.2,50,0.625,0.02996,0.82402
5-chain-linear,8,49,hybrid,HYBRID_ALPHA0.8_BETA0.2,0.8,0.2,50,0.675,0.02809,0.82315
5-chain-linear,9,50,hybrid,HYBRID_ALPHA0.8_BETA0.2,0.8,0.2,50,0.725,0.02783,0.79023
5-chain-linear,10,51,hybrid,HYBRID_ALPHA0.8_BETA0.2,0.8,0.2,50,0.65,0.0251,0.80414
5-chain-linear,1,42,hybrid,HYBRID_ALPHA0.7_BETA0.3,0.7,0.3,50,0.725,0.03412,0.79767
5-chain-linear,2,43,hybrid,HYBRID_ALPHA0.7_BETA0.3,0.7,0.3,50,0.65,0.02681,0.78919
5-chain-linear,3,44,hybrid,HYBRID_ALPHA0.7_BETA0.3,0.7,0.3,50,0.65,0.02685,0.86544
5-chain-linear,4,45,hybrid,HYBRID_ALPHA0.7_BETA0.3,0.7,0.3,50,0.725,0.04702,0.80936
5-chain-linear,5,46,hybrid,HYBRID_ALPHA0.7_BETA0.3,0.7,0.3,50,0.7,0.02633,0.87751
5-chain-linear,6,47,hybrid,HYBRID_ALPHA0.7_BETA0.3,0.7,0.3,50,0.65,0.02874,0.80676
5-chain-linear,7,48,hybrid,HYBRID_ALPHA0.7_BETA0.3,0.7,0.3,50,0.625,0.02983,0.82397
5-chain-linear,8,49,hybrid,HYBRID_ALPHA0.7_BETA0.3,0.7,0.3,50,0.6,0.02984,0.80042
5-chain-linear,9,50,hybrid,HYBRID_ALPHA0.7_BETA0.3,0.7,0.3,50,0.725,0.02744,0.78975
5-chain-linear,10,51,hybrid,HYBRID_ALPHA0.7_BETA0.3,0.7,0.3,50,0.65,0.02381,0.80409
5-chain-linear,1,42,hybrid,HYBRID_ALPHA0.6_BETA0.4,0.6,0.4,50,0.725,0.03503,0.79724
5-chain-linear,2,43,hybrid,HYBRID_ALPHA0.6_BETA0.4,0.6,0.4,50,0.65,0.02768,0.78943
5-chain-linear,3,44,hybrid,HYBRID_ALPHA0.6_BETA0.4,0.6,0.4,50,0.675,0.02732,0.86157
5-chain-linear,4,45,hybrid,HYBRID_ALPHA0.6_BETA0.4,0.6,0.4,50,0.725,0.04634,0.80922
5-chain-linear,5,46,hybrid,HYBRID_ALPHA0.6_BETA0.4,0.6,0.4,50,0.725,0.02574,0.87658
5-chain-linear,6,47,hybrid,HYBRID_ALPHA0.6_BETA0.4,0.6,0.4,50,0.725,0.02819,0.80676
5-chain-linear,7,48,hybrid,HYBRID_ALPHA0.6_BETA0.4,0.6,0.4,50,0.625,0.02932,0.82384
5-chain-linear,8,49,hybrid,HYBRID_ALPHA0.6_BETA0.4,0.6,0.4,50,0.575,0.02816,0.79068
5-chain-linear,9,50,hybrid,HYBRID_ALPHA0.6_BETA0.4,0.6,0.4,50,0.6,0.02507,0.78909
5-chain-linear,10,51,hybrid,HYBRID_ALPHA0.6_BETA0.4,0.6,0.4,50,0.7,0.0297,0.80409
5-chain-linear,1,42,hybrid,HYBRID_ALPHA0.5_BETA0.5,0.5,0.5,50,0.75,0.03443,0.79713
5-chain-linear,2,43,hybrid,HYBRID_ALPHA0.5_BETA0.5,0.5,0.5,50,0.625,0.02411,0.78949
5-chain-linear,3,44,hybrid,HYBRID_ALPHA0.5_BETA0.5,0.5,0.5,50,0.675,0.02685,0.86345
5-chain-linear,4,45,hybrid,HYBRID_ALPHA0.5_BETA0.5,0.5,0.5,50,0.675,0.04604,0.80868
5-chain-linear,5,46,hybrid,HYBRID_ALPHA0.5_BETA0.5,0.5,0.5,50,0.625,0.02824,0.87269
5-chain-linear,6,47,hybrid,HYBRID_ALPHA0.5_BETA0.5,0.5,0.5,50,0.725,0.02786,0.80677
5-chain-linear,7,48,hybrid,HYBRID_ALPHA0.5_BETA0.5,0.5,0.5,50,0.625,0.02919,0.82383
5-chain-linear,8,49,hybrid,HYBRID_ALPHA0.5_BETA0.5,0.5,0.5,50,0.65,0.031,0.78959
5-chain-linear,9,50,hybrid,HYBRID_ALPHA0.5_BETA0.5,0.5,0.5,50,0.725,0.02351,0.78804
5-chain-linear,10,51,hybrid,HYBRID_ALPHA0.5_BETA0.5,0.5,0.5,50,0.7,0.02428,0.80409
5-chain-linear,1,42,hybrid,HYBRID_ALPHA0.4_BETA0.6,0.4,0.6,50,0.725,0.03488,0.79502
5-chain-linear,2,43,hybrid,HYBRID_ALPHA0.4_BETA0.6,0.4,0.6,50,0.65,0.02359,0.78911
5-chain-linear,3,44,hybrid,HYBRID_ALPHA0.4_BETA0.6,0.4,0.6,50,0.725,0.02817,0.84224
5-chain-linear,4,45,hybrid,HYBRID_ALPHA0.4_BETA0.6,0.4,0.6,50,0.725,0.04532,0.80868
5-chain-linear,5,46,hybrid,HYBRID_ALPHA0.4_BETA0.6,0.4,0.6,50,0.625,0.03077,0.86944
5-chain-linear,6,47,hybrid,HYBRID_ALPHA0.4_BETA0.6,0.4,0.6,50,0.725,0.02869,0.80677
5-chain-linear,7,48,hybrid,HYBRID_ALPHA0.4_BETA0.6,0.4,0.6,50,0.7,0.02841,0.82383
5-chain-linear,8,49,hybrid,HYBRID_ALPHA0.4_BETA0.6,0.4,0.6,50,0.65,0.02939,0.7884
5-chain-linear,9,50,hybrid,HYBRID_ALPHA0.4_BETA0.6,0.4,0.6,50,0.775,0.02339,0.7868
5-chain-linear,10,51,hybrid,HYBRID_ALPHA0.4_BETA0.6,0.4,0.6,50,0.7,0.02327,0.80409
5-chain-linear,1,42,hybrid,HYBRID_ALPHA0.3_BETA0.7,0.3,0.7,50,0.775,0.03465,0.79334
5-chain-linear,2,43,hybrid,HYBRID_ALPHA0.3_BETA0.7,0.3,0.7,50,0.725,0.02535,0.78874
5-chain-linear,3,44,hybrid,HYBRID_ALPHA0.3_BETA0.7,0.3,0.7,50,0.65,0.02252,0.80416
5-chain-linear,4,45,hybrid,HYBRID_ALPHA0.3_BETA0.7,0.3,0.7,50,0.75,0.04328,0.80623
5-chain-linear,5,46,hybrid,HYBRID_ALPHA0.3_BETA0.7,0.3,0.7,50,0.725,0.0298,0.86396
5-chain-linear,6,47,hybrid,HYBRID_ALPHA0.3_BETA0.7,0.3,0.7,50,0.725,0.02683,0.80677
5-chain-linear,7,48,hybrid,HYBRID_ALPHA0.3_BETA0.7,0.3,0.7,50,0.6,0.02743,0.82383
5-chain-linear,8,49,hybrid,HYBRID_ALPHA0.3_BETA0.7,0.3,0.7,50,0.625,0.02721,0.7871
5-chain-linear,9,50,hybrid,HYBRID_ALPHA0.3_BETA0.7,0.3,0.7,50,0.725,0.02464,0.78537
5-chain-linear,10,51,hybrid,HYBRID_ALPHA0.3_BETA0.7,0.3,0.7,50,0.675,0.02589,0.80409
5-chain-linear,1,42,hybrid,HYBRID_ALPHA0.2_BETA0.8,0.2,0.8,50,0.7,0.03234,0.79348
5-chain-linear,2,43,hybrid,HYBRID_ALPHA0.2_BETA0.8,0.2,0.8,50,0.7,0.02776,0.78819
5-chain-linear,3,44,hybrid,HYBRID_ALPHA0.2_BETA0.8,0.2,0.8,50,0.725,0.03086,0.80402
5-chain-linear,4,45,hybrid,HYBRID_ALPHA0.2_BETA0.8,0.2,0.8,50,0.725,0.04371,0.80138
5-chain-linear,5,46,hybrid,HYBRID_ALPHA0.2_BETA0.8,0.2,0.8,50,0.75,0.02954,0.86073
5-chain-linear,6,47,hybrid,HYBRID_ALPHA0.2_BETA0.8,0.2,0.8,50,0.725,0.02336,0.80677
5-chain-linear,7,48,hybrid,HYBRID_ALPHA0.2_BETA0.8,0.2,0.8,50,0.65,0.02789,0.82383
5-chain-linear,8,49,hybrid,HYBRID_ALPHA0.2_BETA0.8,0.2,0.8,50,0.65,0.02716,0.78423
5-chain-linear,9,50,hybrid,HYBRID_ALPHA0.2_BETA0.8,0.2,0.8,50,0.675,0.02163,0.7829
5-chain-linear,10,51,hybrid,HYBRID_ALPHA0.2_BETA0.8,0.2,0.8,50,0.675,0.02673,0.8041
5-chain-linear,1,42,mse,MSE,1.0,0.0,100,0.65,0.02646,0.80409
5-chain-linear,2,43,mse,MSE,1.0,0.0,100,0.6,0.02439,0.79626
5-chain-linear,3,44,mse,MSE,1.0,0.0,100,0.675,0.02455,0.80536
5-chain-linear,4,45,mse,MSE,1.0,0.0,100,0.55,0.02206,0.79526
5-chain-linear,5,46,mse,MSE,1.0,0.0,100,0.55,0.02618,0.78162
5-chain-linear,6,47,mse,MSE,1.0,0.0,100,0.6,0.02899,0.81828
5-chain-linear,7,48,mse,MSE,1.0,0.0,100,0.625,0.0278,0.79478
5-chain-linear,8,49,mse,MSE,1.0,0.0,100,0.675,0.02499,0.78767
5-chain-linear,9,50,mse,MSE,1.0,0.0,100,0.725,0.03307,0.7816
5-chain-linear,10,51,mse,MSE,1.0,0.0,100,0.675,0.02436,0.77883
5-chain-linear,1,42,hybrid,HYBRID_ALPHA0.9_BETA0.1,0.9,0.1,100,0.65,0.02805,0.80408
5-chain-linear,2,43,hybrid,HYBRID_ALPHA0.9_BETA0.1,0.9,0.1,100,0.575,0.02199,0.79422
5-chain-linear,3,44,hybrid,HYBRID_ALPHA0.9_BETA0.1,0.9,0.1,100,0.65,0.02316,0.80532
5-chain-linear,4,45,hybrid,HYBRID_ALPHA0.9_BETA0.1,0.9,0.1,100,0.5,0.02082,0.79455
5-chain-linear,5,46,hybrid,HYBRID_ALPHA0.9_BETA0.1,0.9,0.1,100,0.65,0.02456,0.78201
5-chain-linear,6,47,hybrid,HYBRID_ALPHA0.9_BETA0.1,0.9,0.1,100,0.575,0.02687,0.80816
5-chain-linear,7,48,hybrid,HYBRID_ALPHA0.9_BETA0.1,0.9,0.1,100,0.6,0.02663,0.79342
5-chain-linear,8,49,hybrid,HYBRID_ALPHA0.9_BETA0.1,0.9,0.1,100,0.625,0.02452,0.8126
5-chain-linear,9,50,hybrid,HYBRID_ALPHA0.9_BETA0.1,0.9,0.1,100,0.725,0.02737,0.78172
5-chain-linear,10,51,hybrid,HYBRID_ALPHA0.9_BETA0.1,0.9,0.1,100,0.675,0.02597,0.77844
5-chain-linear,1,42,hybrid,HYBRID_ALPHA0.8_BETA0.2,0.8,0.2,100,0.675,0.02932,0.80406
5-chain-linear,2,43,hybrid,HYBRID_ALPHA0.8_BETA0.2,0.8,0.2,100,0.575,0.02189,0.79611
5-chain-linear,3,44,hybrid,HYBRID_ALPHA0.8_BETA0.2,0.8,0.2,100,0.675,0.02255,0.80532
5-chain-linear,4,45,hybrid,HYBRID_ALPHA0.8_BETA0.2,0.8,0.2,100,0.55,0.02066,0.7938
5-chain-linear,5,46,hybrid,HYBRID_ALPHA0.8_BETA0.2,0.8,0.2,100,0.625,0.02403,0.78223
5-chain-linear,6,47,hybrid,HYBRID_ALPHA0.8_BETA0.2,0.8,0.2,100,0.625,0.02428,0.7819
5-chain-linear,7,48,hybrid,HYBRID_ALPHA0.8_BETA0.2,0.8,0.2,100,0.625,0.02316,0.79101
5-chain-linear,8,49,hybrid,HYBRID_ALPHA0.8_BETA0.2,0.8,0.2,100,0.675,0.02553,0.80315
5-chain-linear,9,50,hybrid,HYBRID_ALPHA0.8_BETA0.2,0.8,0.2,100,0.675,0.03463,0.78202
5-chain-linear,10,51,hybrid,HYBRID_ALPHA0.8_BETA0.2,0.8,0.2,100,0.65,0.02531,0.77704
5-chain-linear,1,42,hybrid,HYBRID_ALPHA0.7_BETA0.3,0.7,0.3,100,0.6,0.03183,0.804
5-chain-linear,2,43,hybrid,HYBRID_ALPHA0.7_BETA0.3,0.7,0.3,100,0.625,0.02167,0.79697
5-chain-linear,3,44,hybrid,HYBRID_ALPHA0.7_BETA0.3,0.7,0.3,100,0.55,0.02308,0.80535
5-chain-linear,4,45,hybrid,HYBRID_ALPHA0.7_BETA0.3,0.7,0.3,100,0.6,0.02081,0.79317
5-chain-linear,5,46,hybrid,HYBRID_ALPHA0.7_BETA0.3,0.7,0.3,100,0.6,0.02429,0.78223
5-chain-linear,6,47,hybrid,HYBRID_ALPHA0.7_BETA0.3,0.7,0.3,100,0.6,0.02352,0.77913
5-chain-linear,7,48,hybrid,HYBRID_ALPHA0.7_BETA0.3,0.7,0.3,100,0.625,0.02489,0.78705
5-chain-linear,8,49,hybrid,HYBRID_ALPHA0.7_BETA0.3,0.7,0.3,100,0.625,0.02504,0.80315
5-chain-linear,9,50,hybrid,HYBRID_ALPHA0.7_BETA0.3,0.7,0.3,100,0.65,0.02839,0.78221
5-chain-linear,10,51,hybrid,HYBRID_ALPHA0.7_BETA0.3,0.7,0.3,100,0.625,0.02551,0.77653
5-chain-linear,1,42,hybrid,HYBRID_ALPHA0.6_BETA0.4,0.6,0.4,100,0.625,0.03124,0.80392
5-chain-linear,2,43,hybrid,HYBRID_ALPHA0.6_BETA0.4,0.6,0.4,100,0.575,0.02187,0.79924
5-chain-linear,3,44,hybrid,HYBRID_ALPHA0.6_BETA0.4,0.6,0.4,100,0.575,0.02206,0.8053
5-chain-linear,4,45,hybrid,HYBRID_ALPHA0.6_BETA0.4,0.6,0.4,100,0.725,0.02877,0.78691
5-chain-linear,5,46,hybrid,HYBRID_ALPHA0.6_BETA0.4,0.6,0.4,100,0.625,0.02356,0.78193
5-chain-linear,6,47,hybrid,HYBRID_ALPHA0.6_BETA0.4,0.6,0.4,100,0.625,0.02255,0.7794
5-chain-linear,7,48,hybrid,HYBRID_ALPHA0.6_BETA0.4,0.6,0.4,100,0.625,0.02523,0.7832
5-chain-linear,8,49,hybrid,HYBRID_ALPHA0.6_BETA0.4,0.6,0.4,100,0.675,0.02481,0.80315
5-chain-linear,9,50,hybrid,HYBRID_ALPHA0.6_BETA0.4,0.6,0.4,100,0.625,0.02279,0.78233
5-chain-linear,10,51,hybrid,HYBRID_ALPHA0.6_BETA0.4,0.6,0.4,100,0.625,0.02476,0.77585
5-chain-linear,1,42,hybrid,HYBRID_ALPHA0.5_BETA0.5,0.5,0.5,100,0.65,0.02971,0.78839
5-chain-linear,2,43,hybrid,HYBRID_ALPHA0.5_BETA0.5,0.5,0.5,100,0.675,0.02146,0.7976
5-chain-linear,3,44,hybrid,HYBRID_ALPHA0.5_BETA0.5,0.5,0.5,100,0.65,0.02181,0.80542
5-chain-linear,4,45,hybrid,HYBRID_ALPHA0.5_BETA0.5,0.5,0.5,100,0.725,0.0275,0.78547
5-chain-linear,5,46,hybrid,HYBRID_ALPHA0.5_BETA0.5,0.5,0.5,100,0.625,0.02351,0.7819
5-chain-linear,6,47,hybrid,HYBRID_ALPHA0.5_BETA0.5,0.5,0.5,100,0.6,0.02233,0.77896
5-chain-linear,7,48,hybrid,HYBRID_ALPHA0.5_BETA0.5,0.5,0.5,100,0.625,0.02524,0.78247
5-chain-linear,8,49,hybrid,HYBRID_ALPHA0.5_BETA0.5,0.5,0.5,100,0.725,0.02481,0.80317
5-chain-linear,9,50,hybrid,HYBRID_ALPHA0.5_BETA0.5,0.5,0.5,100,0.625,0.02332,0.78201
5-chain-linear,10,51,hybrid,HYBRID_ALPHA0.5_BETA0.5,0.5,0.5,100,0.65,0.02491,0.77505
5-chain-linear,1,42,hybrid,HYBRID_ALPHA0.4_BETA0.6,0.4,0.6,100,0.65,0.02783,0.79387
5-chain-linear,2,43,hybrid,HYBRID_ALPHA0.4_BETA0.6,0.4,0.6,100,0.65,0.02046,0.79304
5-chain-linear,3,44,hybrid,HYBRID_ALPHA0.4_BETA0.6,0.4,0.6,100,0.65,0.02158,0.80533
5-chain-linear,4,45,hybrid,HYBRID_ALPHA0.4_BETA0.6,0.4,0.6,100,0.725,0.02846,0.78386
5-chain-linear,5,46,hybrid,HYBRID_ALPHA0.4_BETA0.6,0.4,0.6,100,0.675,0.02442,0.78185
5-chain-linear,6,47,hybrid,HYBRID_ALPHA0.4_BETA0.6,0.4,0.6,100,0.6,0.02201,0.77826
5-chain-linear,7,48,hybrid,HYBRID_ALPHA0.4_BETA0.6,0.4,0.6,100,0.575,0.02262,0.78271
5-chain-linear,8,49,hybrid,HYBRID_ALPHA0.4_BETA0.6,0.4,0.6,100,0.675,0.02515,0.80322
5-chain-linear,9,50,hybrid,HYBRID_ALPHA0.4_BETA0.6,0.4,0.6,100,0.65,0.02356,0.78134
5-chain-linear,10,51,hybrid,HYBRID_ALPHA0.4_BETA0.6,0.4,0.6,100,0.7,0.02516,0.77433
5-chain-linear,1,42,hybrid,HYBRID_ALPHA0.3_BETA0.7,0.3,0.7,100,0.675,0.02816,0.79352
5-chain-linear,2,43,hybrid,HYBRID_ALPHA0.3_BETA0.7,0.3,0.7,100,0.7,0.01774,0.77868
5-chain-linear,3,44,hybrid,HYBRID_ALPHA0.3_BETA0.7,0.3,0.7,100,0.6,0.02588,0.8053
5-chain-linear,4,45,hybrid,HYBRID_ALPHA0.3_BETA0.7,0.3,0.7,100,0.7,0.02765,0.7776
5-chain-linear,5,46,hybrid,HYBRID_ALPHA0.3_BETA0.7,0.3,0.7,100,0.75,0.02418,0.78214
5-chain-linear,6,47,hybrid,HYBRID_ALPHA0.3_BETA0.7,0.3,0.7,100,0.625,0.02252,0.77748
5-chain-linear,7,48,hybrid,HYBRID_ALPHA0.3_BETA0.7,0.3,0.7,100,0.65,0.02185,0.78362
5-chain-linear,8,49,hybrid,HYBRID_ALPHA0.3_BETA0.7,0.3,0.7,100,0.675,0.02521,0.80336
5-chain-linear,9,50,hybrid,HYBRID_ALPHA0.3_BETA0.7,0.3,0.7,100,0.6,0.02334,0.78139
5-chain-linear,10,51,hybrid,HYBRID_ALPHA0.3_BETA0.7,0.3,0.7,100,0.675,0.02559,0.77317
5-chain-linear,1,42,hybrid,HYBRID_ALPHA0.2_BETA0.8,0.2,0.8,100,0.65,0.02308,0.79307
5-chain-linear,2,43,hybrid,HYBRID_ALPHA0.2_BETA0.8,0.2,0.8,100,0.7,0.02125,0.7797
5-chain-linear,3,44,hybrid,HYBRID_ALPHA0.2_BETA0.8,0.2,0.8,100,0.725,0.02266,0.80529
5-chain-linear,4,45,hybrid,HYBRID_ALPHA0.2_BETA0.8,0.2,0.8,100,0.65,0.02504,0.77392
5-chain-linear,5,46,hybrid,HYBRID_ALPHA0.2_BETA0.8,0.2,0.8,100,0.625,0.02404,0.78012
5-chain-linear,6,47,hybrid,HYBRID_ALPHA0.2_BETA0.8,0.2,0.8,100,0.7,0.02279,0.77741
5-chain-linear,7,48,hybrid,HYBRID_ALPHA0.2_BETA0.8,0.2,0.8,100,0.6,0.02187,0.7849
5-chain-linear,8,49,hybrid,HYBRID_ALPHA0.2_BETA0.8,0.2,0.8,100,0.7,0.0262,0.80337
5-chain-linear,9,50,hybrid,HYBRID_ALPHA0.2_BETA0.8,0.2,0.8,100,0.625,0.02448,0.78141
5-chain-linear,10,51,hybrid,HYBRID_ALPHA0.2_BETA0.8,0.2,0.8,100,0.675,0.02789,0.77121
collider-linear,1,42,mse,MSE,1.0,0.0,50,0.625,0.03616,0.51078
collider-linear,2,43,mse,MSE,1.0,0.0,50,0.55,0.03414,0.36108
collider-linear,3,44,mse,MSE,1.0,0.0,50,0.65,0.03498,0.40888
collider-linear,4,45,mse,MSE,1.0,0.0,50,0.7,0.04653,0.60113
collider-linear,5,46,mse,MSE,1.0,0.0,50,0.675,0.04111,0.55738
collider-linear,6,47,mse,MSE,1.0,0.0,50,0.65,0.03583,0.34009
collider-linear,7,48,mse,MSE,1.0,0.0,50,0.7,0.04658,0.65396
collider-linear,8,49,mse,MSE,1.0,0.0,50,0.6,0.04141,0.44971
collider-linear,9,50,mse,MSE,1.0,0.0,50,0.625,0.04914,0.48533
collider-linear,10,51,mse,MSE,1.0,0.0,50,0.55,0.03584,0.47762
collider-linear,1,42,hybrid,HYBRID_ALPHA0.9_BETA0.1,0.9,0.1,50,0.7,0.0418,0.49906
collider-linear,2,43,hybrid,HYBRID_ALPHA0.9_BETA0.1,0.9,0.1,50,0.525,0.03117,0.35236
collider-linear,3,44,hybrid,HYBRID_ALPHA0.9_BETA0.1,0.9,0.1,50,0.55,0.03037,0.38869
collider-linear,4,45,hybrid,HYBRID_ALPHA0.9_BETA0.1,0.9,0.1,50,0.675,0.04617,0.55351
collider-linear,5,46,hybrid,HYBRID_ALPHA0.9_BETA0.1,0.9,0.1,50,0.7,0.04252,0.60305
collider-linear,6,47,hybrid,HYBRID_ALPHA0.9_BETA0.1,0.9,0.1,50,0.725,0.03682,0.35633
collider-linear,7,48,hybrid,HYBRID_ALPHA0.9_BETA0.1,0.9,0.1,50,0.7,0.04658,0.65394
collider-linear,8,49,hybrid,HYBRID_ALPHA0.9_BETA0.1,0.9,0.1,50,0.6,0.04061,0.41607
collider-linear,9,50,hybrid,HYBRID_ALPHA0.9_BETA0.1,0.9,0.1,50,0.65,0.0491,0.49536
collider-linear,10,51,hybrid,HYBRID_ALPHA0.9_BETA0.1,0.9,0.1,50,0.55,0.03657,0.423
collider-linear,1,42,hybrid,HYBRID_ALPHA0.8_BETA0.2,0.8,0.2,50,0.6,0.04391,0.50868
collider-linear,2,43,hybrid,HYBRID_ALPHA0.8_BETA0.2,0.8,0.2,50,0.525,0.03257,0.34715
collider-linear,3,44,hybrid,HYBRID_ALPHA0.8_BETA0.2,0.8,0.2,50,0.5,0.02971,0.39379
collider-linear,4,45,hybrid,HYBRID_ALPHA0.8_BETA0.2,0.8,0.2,50,0.625,0.04478,0.46035
collider-linear,5,46,hybrid,HYBRID_ALPHA0.8_BETA0.2,0.8,0.2,50,0.6,0.0409,0.48172
collider-linear,6,47,hybrid,HYBRID_ALPHA0.8_BETA0.2,0.8,0.2,50,0.675,0.03745,0.36843
collider-linear,7,48,hybrid,HYBRID_ALPHA0.8_BETA0.2,0.8,0.2,50,0.7,0.04657,0.65387
collider-linear,8,49,hybrid,HYBRID_ALPHA0.8_BETA0.2,0.8,0.2,50,0.625,0.0397,0.38195
collider-linear,9,50,hybrid,HYBRID_ALPHA0.8_BETA0.2,0.8,0.2,50,0.75,0.04901,0.48118
collider-linear,10,51,hybrid,HYBRID_ALPHA0.8_BETA0.2,0.8,0.2,50,0.575,0.03518,0.42809
collider-linear,1,42,hybrid,HYBRID_ALPHA0.7_BETA0.3,0.7,0.3,50,0.5,0.03789,0.43178
collider-linear,2,43,hybrid,HYBRID_ALPHA0.7_BETA0.3,0.7,0.3,50,0.55,0.03478,0.43878
collider-linear,3,44,hybrid,HYBRID_ALPHA0.7_BETA0.3,0.7,0.3,50,0.525,0.0284,0.38747
collider-linear,4,45,hybrid,HYBRID_ALPHA0.7_BETA0.3,0.7,0.3,50,0.65,0.04653,0.523
collider-linear,5,46,hybrid,HYBRID_ALPHA0.7_BETA0.3,0.7,0.3,50,0.65,0.04201,0.56422
collider-linear,6,47,hybrid,HYBRID_ALPHA0.7_BETA0.3,0.7,0.3,50,0.625,0.03781,0.37805
collider-linear,7,48,hybrid,HYBRID_ALPHA0.7_BETA0.3,0.7,0.3,50,0.7,0.04658,0.65405
collider-linear,8,49,hybrid,HYBRID_ALPHA0.7_BETA0.3,0.7,0.3,50,0.6,0.03969,0.35576
collider-linear,9,50,hybrid,HYBRID_ALPHA0.7_BETA0.3,0.7,0.3,50,0.625,0.04816,0.47658
collider-linear,10,51,hybrid,HYBRID_ALPHA0.7_BETA0.3,0.7,0.3,50,0.7,0.04091,0.60955
collider-linear,1,42,hybrid,HYBRID_ALPHA0.6_BETA0.4,0.6,0.4,50,0.575,0.0347,0.41013
collider-linear,2,43,hybrid,HYBRID_ALPHA0.6_BETA0.4,0.6,0.4,50,0.6,0.03374,0.34657
collider-linear,3,44,hybrid,HYBRID_ALPHA0.6_BETA0.4,0.6,0.4,50,0.675,0.03058,0.40626
collider-linear,4,45,hybrid,HYBRID_ALPHA0.6_BETA0.4,0.6,0.4,50,0.7,0.04702,0.55614
collider-linear,5,46,hybrid,HYBRID_ALPHA0.6_BETA0.4,0.6,0.4,50,0.65,0.03909,0.55963
collider-linear,6,47,hybrid,HYBRID_ALPHA0.6_BETA0.4,0.6,0.4,50,0.7,0.03741,0.37613
collider-linear,7,48,hybrid,HYBRID_ALPHA0.6_BETA0.4,0.6,0.4,50,0.7,0.04659,0.65438
collider-linear,8,49,hybrid,HYBRID_ALPHA0.6_BETA0.4,0.6,0.4,50,0.55,0.03742,0.35319
collider-linear,9,50,hybrid,HYBRID_ALPHA0.6_BETA0.4,0.6,0.4,50,0.6,0.04354,0.48571
collider-linear,10,51,hybrid,HYBRID_ALPHA0.6_BETA0.4,0.6,0.4,50,0.7,0.0411,0.61154
collider-linear,1,42,hybrid,HYBRID_ALPHA0.5_BETA0.5,0.5,0.5,50,0.55,0.03589,0.44478
collider-linear,2,43,hybrid,HYBRID_ALPHA0.5_BETA0.5,0.5,0.5,50,0.575,0.03275,0.3512
collider-linear,3,44,hybrid,HYBRID_ALPHA0.5_BETA0.5,0.5,0.5,50,0.625,0.03052,0.39122
collider-linear,4,45,hybrid,HYBRID_ALPHA0.5_BETA0.5,0.5,0.5,50,0.7,0.03992,0.51429
collider-linear,5,46,hybrid,HYBRID_ALPHA0.5_BETA0.5,0.5,0.5,50,0.65,0.04126,0.59372
collider-linear,6,47,hybrid,HYBRID_ALPHA0.5_BETA0.5,0.5,0.5,50,0.7,0.03828,0.38128
collider-linear,7,48,hybrid,HYBRID_ALPHA0.5_BETA0.5,0.5,0.5,50,0.7,0.04658,0.65421
collider-linear,8,49,hybrid,HYBRID_ALPHA0.5_BETA0.5,0.5,0.5,50,0.55,0.0373,0.35706
collider-linear,9,50,hybrid,HYBRID_ALPHA0.5_BETA0.5,0.5,0.5,50,0.6,0.04283,0.49154
collider-linear,10,51,hybrid,HYBRID_ALPHA0.5_BETA0.5,0.5,0.5,50,0.65,0.04184,0.63551
collider-linear,1,42,hybrid,HYBRID_ALPHA0.4_BETA0.6,0.4,0.6,50,0.55,0.03408,0.38722
collider-linear,2,43,hybrid,HYBRID_ALPHA0.4_BETA0.6,0.4,0.6,50,0.6,0.02951,0.38264
collider-linear,3,44,hybrid,HYBRID_ALPHA0.4_BETA0.6,0.4,0.6,50,0.55,0.02635,0.38082
collider-linear,4,45,hybrid,HYBRID_ALPHA0.4_BETA0.6,0.4,0.6,50,0.525,0.04116,0.51085
collider-linear,5,46,hybrid,HYBRID_ALPHA0.4_BETA0.6,0.4,0.6,50,0.575,0.03087,0.42134
collider-linear,6,47,hybrid,HYBRID_ALPHA0.4_BETA0.6,0.4,0.6,50,0.725,0.04196,0.42132
collider-linear,7,48,hybrid,HYBRID_ALPHA0.4_BETA0.6,0.4,0.6,50,0.7,0.04657,0.65424
collider-linear,8,49,hybrid,HYBRID_ALPHA0.4_BETA0.6,0.4,0.6,50,0.6,0.03546,0.36806
collider-linear,9,50,hybrid,HYBRID_ALPHA0.4_BETA0.6,0.4,0.6,50,0.65,0.04584,0.69501
collider-linear,10,51,hybrid,HYBRID_ALPHA0.4_BETA0.6,0.4,0.6,50,0.7,0.04194,0.63774
collider-linear,1,42,hybrid,HYBRID_ALPHA0.3_BETA0.7,0.3,0.7,50,0.7,0.03388,0.42859
collider-linear,2,43,hybrid,HYBRID_ALPHA0.3_BETA0.7,0.3,0.7,50,0.675,0.03765,0.44221
collider-linear,3,44,hybrid,HYBRID_ALPHA0.3_BETA0.7,0.3,0.7,50,0.575,0.0283,0.39317
collider-linear,4,45,hybrid,HYBRID_ALPHA0.3_BETA0.7,0.3,0.7,50,0.7,0.03977,0.65059
collider-linear,5,46,hybrid,HYBRID_ALPHA0.3_BETA0.7,0.3,0.7,50,0.65,0.04079,0.48292
collider-linear,6,47,hybrid,HYBRID_ALPHA0.3_BETA0.7,0.3,0.7,50,0.625,0.04303,0.44383
collider-linear,7,48,hybrid,HYBRID_ALPHA0.3_BETA0.7,0.3,0.7,50,0.7,0.04654,0.65395
collider-linear,8,49,hybrid,HYBRID_ALPHA0.3_BETA0.7,0.3,0.7,50,0.7,0.03364,0.35591
collider-linear,9,50,hybrid,HYBRID_ALPHA0.3_BETA0.7,0.3,0.7,50,0.575,0.04366,0.69288
collider-linear,10,51,hybrid,HYBRID_ALPHA0.3_BETA0.7,0.3,0.7,50,0.7,0.04231,0.64516
collider-linear,1,42,hybrid,HYBRID_ALPHA0.2_BETA0.8,0.2,0.8,50,0.575,0.03611,0.37884
collider-linear,2,43,hybrid,HYBRID_ALPHA0.2_BETA0.8,0.2,0.8,50,0.6,0.03452,0.49192
collider-linear,3,44,hybrid,HYBRID_ALPHA0.2_BETA0.8,0.2,0.8,50,0.6,0.03008,0.38356
collider-linear,4,45,hybrid,HYBRID_ALPHA0.2_BETA0.8,0.2,0.8,50,0.65,0.04915,0.55713
collider-linear,5,46,hybrid,HYBRID_ALPHA0.2_BETA0.8,0.2,0.8,50,0.575,0.0274,0.48944
collider-linear,6,47,hybrid,HYBRID_ALPHA0.2_BETA0.8,0.2,0.8,50,0.725,0.04677,0.53993
collider-linear,7,48,hybrid,HYBRID_ALPHA0.2_BETA0.8,0.2,0.8,50,0.8,0.0406,0.46936
collider-linear,8,49,hybrid,HYBRID_ALPHA0.2_BETA0.8,0.2,0.8,50,0.65,0.03165,0.36909
collider-linear,9,50,hybrid,HYBRID_ALPHA0.2_BETA0.8,0.2,0.8,50,0.675,0.04631,0.5598
collider-linear,10,51,hybrid,HYBRID_ALPHA0.2_BETA0.8,0.2,0.8,50,0.675,0.04258,0.65114
collider-linear,1,42,mse,MSE,1.0,0.0,100,0.625,0.03468,0.37511
collider-linear,2,43,mse,MSE,1.0,0.0,100,0.725,0.04509,0.68748
collider-linear,3,44,mse,MSE,1.0,0.0,100,0.625,0.0323,0.34401
collider-linear,4,45,mse,MSE,1.0,0.0,100,0.525,0.02733,0.671
collider-linear,5,46,mse,MSE,1.0,0.0,100,0.6,0.03383,0.40509
collider-linear,6,47,mse,MSE,1.0,0.0,100,0.6,0.03314,0.39863
collider-linear,7,48,mse,MSE,1.0,0.0,100,0.65,0.03623,0.46183
collider-linear,8,49,mse,MSE,1.0,0.0,100,0.625,0.03661,0.51527
collider-linear,9,50,mse,MSE,1.0,0.0,100,0.575,0.03162,0.31738
collider-linear,10,51,mse,MSE,1.0,0.0,100,0.575,0.04554,0.43875
collider-linear,1,42,hybrid,HYBRID_ALPHA0.9_BETA0.1,0.9,0.1,100,0.65,0.03485,0.35977
collider-linear,2,43,hybrid,HYBRID_ALPHA0.9_BETA0.1,0.9,0.1,100,0.725,0.04509,0.68751
collider-linear,3,44,hybrid,HYBRID_ALPHA0.9_BETA0.1,0.9,0.1,100,0.65,0.03084,0.34218
collider-linear,4,45,hybrid,HYBRID_ALPHA0.9_BETA0.1,0.9,0.1,100,0.55,0.03098,0.46412
collider-linear,5,46,hybrid,HYBRID_ALPHA0.9_BETA0.1,0.9,0.1,100,0.6,0.03428,0.40753
collider-linear,6,47,hybrid,HYBRID_ALPHA0.9_BETA0.1,0.9,0.1,100,0.65,0.03196,0.38202
collider-linear,7,48,hybrid,HYBRID_ALPHA0.9_BETA0.1,0.9,0.1,100,0.65,0.03622,0.44273
collider-linear,8,49,hybrid,HYBRID_ALPHA0.9_BETA0.1,0.9,0.1,100,0.6,0.03643,0.50584
collider-linear,9,50,hybrid,HYBRID_ALPHA0.9_BETA0.1,0.9,0.1,100,0.625,0.03027,0.4111
collider-linear,10,51,hybrid,HYBRID_ALPHA0.9_BETA0.1,0.9,0.1,100,0.6,0.04494,0.45202
collider-linear,1,42,hybrid,HYBRID_ALPHA0.8_BETA0.2,0.8,0.2,100,0.625,0.0342,0.36846
collider-linear,2,43,hybrid,HYBRID_ALPHA0.8_BETA0.2,0.8,0.2,100,0.725,0.04509,0.68752
collider-linear,3,44,hybrid,HYBRID_ALPHA0.8_BETA0.2,0.8,0.2,100,0.7,0.03096,0.33973
collider-linear,4,45,hybrid,HYBRID_ALPHA0.8_BETA0.2,0.8,0.2,100,0.5,0.03179,0.49562
collider-linear,5,46,hybrid,HYBRID_ALPHA0.8_BETA0.2,0.8,0.2,100,0.6,0.03414,0.4204
collider-linear,6,47,hybrid,HYBRID_ALPHA0.8_BETA0.2,0.8,0.2,100,0.725,0.03118,0.37637
collider-linear,7,48,hybrid,HYBRID_ALPHA0.8_BETA0.2,0.8,0.2,100,0.575,0.03476,0.42705
collider-linear,8,49,hybrid,HYBRID_ALPHA0.8_BETA0.2,0.8,0.2,100,0.65,0.0376,0.49174
collider-linear,9,50,hybrid,HYBRID_ALPHA0.8_BETA0.2,0.8,0.2,100,0.6,0.02913,0.34145
collider-linear,10,51,hybrid,HYBRID_ALPHA0.8_BETA0.2,0.8,0.2,100,0.675,0.03938,0.41024
collider-linear,1,42,hybrid,HYBRID_ALPHA0.7_BETA0.3,0.7,0.3,100,0.625,0.0305,0.37319
collider-linear,2,43,hybrid,HYBRID_ALPHA0.7_BETA0.3,0.7,0.3,100,0.725,0.04509,0.68768
collider-linear,3,44,hybrid,HYBRID_ALPHA0.7_BETA0.3,0.7,0.3,100,0.7,0.03088,0.33055
collider-linear,4,45,hybrid,HYBRID_ALPHA0.7_BETA0.3,0.7,0.3,100,0.525,0.03133,0.55426
collider-linear,5,46,hybrid,HYBRID_ALPHA0.7_BETA0.3,0.7,0.3,100,0.575,0.03209,0.33267
collider-linear,6,47,hybrid,HYBRID_ALPHA0.7_BETA0.3,0.7,0.3,100,0.6,0.03059,0.37391
collider-linear,7,48,hybrid,HYBRID_ALPHA0.7_BETA0.3,0.7,0.3,100,0.625,0.03175,0.42988
collider-linear,8,49,hybrid,HYBRID_ALPHA0.7_BETA0.3,0.7,0.3,100,0.525,0.0359,0.45895
collider-linear,9,50,hybrid,HYBRID_ALPHA0.7_BETA0.3,0.7,0.3,100,0.675,0.03174,0.3182
collider-linear,10,51,hybrid,HYBRID_ALPHA0.7_BETA0.3,0.7,0.3,100,0.625,0.03792,0.40997
collider-linear,1,42,hybrid,HYBRID_ALPHA0.6_BETA0.4,0.6,0.4,100,0.575,0.03106,0.36833
collider-linear,2,43,hybrid,HYBRID_ALPHA0.6_BETA0.4,0.6,0.4,100,0.725,0.04509,0.68771
collider-linear,3,44,hybrid,HYBRID_ALPHA0.6_BETA0.4,0.6,0.4,100,0.7,0.03076,0.33151
collider-linear,4,45,hybrid,HYBRID_ALPHA0.6_BETA0.4,0.6,0.4,100,0.525,0.03009,0.59461
collider-linear,5,46,hybrid,HYBRID_ALPHA0.6_BETA0.4,0.6,0.4,100,0.6,0.0323,0.34039
collider-linear,6,47,hybrid,HYBRID_ALPHA0.6_BETA0.4,0.6,0.4,100,0.625,0.03098,0.37782
collider-linear,7,48,hybrid,HYBRID_ALPHA0.6_BETA0.4,0.6,0.4,100,0.7,0.03237,0.44955
collider-linear,8,49,hybrid,HYBRID_ALPHA0.6_BETA0.4,0.6,0.4,100,0.65,0.03635,0.49242
collider-linear,9,50,hybrid,HYBRID_ALPHA0.6_BETA0.4,0.6,0.4,100,0.625,0.03092,0.32236
collider-linear,10,51,hybrid,HYBRID_ALPHA0.6_BETA0.4,0.6,0.4,100,0.725,0.036,0.41452
collider-linear,1,42,hybrid,HYBRID_ALPHA0.5_BETA0.5,0.5,0.5,100,0.65,0.02991,0.37238
collider-linear,2,43,hybrid,HYBRID_ALPHA0.5_BETA0.5,0.5,0.5,100,0.725,0.04601,0.68801
collider-linear,3,44,hybrid,HYBRID_ALPHA0.5_BETA0.5,0.5,0.5,100,0.6,0.02982,0.3368
collider-linear,4,45,hybrid,HYBRID_ALPHA0.5_BETA0.5,0.5,0.5,100,0.525,0.02807,0.41932
collider-linear,5,46,hybrid,HYBRID_ALPHA0.5_BETA0.5,0.5,0.5,100,0.65,0.03395,0.39685
collider-linear,6,47,hybrid,HYBRID_ALPHA0.5_BETA0.5,0.5,0.5,100,0.6,0.03194,0.37909
collider-linear,7,48,hybrid,HYBRID_ALPHA0.5_BETA0.5,0.5,0.5,100,0.7,0.03063,0.43728
collider-linear,8,49,hybrid,HYBRID_ALPHA0.5_BETA0.5,0.5,0.5,100,0.575,0.03363,0.4562
collider-linear,9,50,hybrid,HYBRID_ALPHA0.5_BETA0.5,0.5,0.5,100,0.6,0.0313,0.33133
collider-linear,10,51,hybrid,HYBRID_ALPHA0.5_BETA0.5,0.5,0.5,100,0.65,0.03363,0.42788
collider-linear,1,42,hybrid,HYBRID_ALPHA0.4_BETA0.6,0.4,0.6,100,0.6,0.03375,0.42082
collider-linear,2,43,hybrid,HYBRID_ALPHA0.4_BETA0.6,0.4,0.6,100,0.725,0.04602,0.68838
collider-linear,3,44,hybrid,HYBRID_ALPHA0.4_BETA0.6,0.4,0.6,100,0.575,0.02827,0.33962
collider-linear,4,45,hybrid,HYBRID_ALPHA0.4_BETA0.6,0.4,0.6,100,0.6,0.02983,0.41368
collider-linear,5,46,hybrid,HYBRID_ALPHA0.4_BETA0.6,0.4,0.6,100,0.7,0.03621,0.38078
collider-linear,6,47,hybrid,HYBRID_ALPHA0.4_BETA0.6,0.4,0.6,100,0.625,0.03317,0.38478
collider-linear,7,48,hybrid,HYBRID_ALPHA0.4_BETA0.6,0.4,0.6,100,0.625,0.03083,0.47539
collider-linear,8,49,hybrid,HYBRID_ALPHA0.4_BETA0.6,0.4,0.6,100,0.6,0.0351,0.47064
collider-linear,9,50,hybrid,HYBRID_ALPHA0.4_BETA0.6,0.4,0.6,100,0.575,0.02895,0.35309
collider-linear,10,51,hybrid,HYBRID_ALPHA0.4_BETA0.6,0.4,0.6,100,0.625,0.03485,0.34441
collider-linear,1,42,hybrid,HYBRID_ALPHA0.3_BETA0.7,0.3,0.7,100,0.625,0.02882,0.3607
collider-linear,2,43,hybrid,HYBRID_ALPHA0.3_BETA0.7,0.3,0.7,100,0.7,0.04462,0.67176
collider-linear,3,44,hybrid,HYBRID_ALPHA0.3_BETA0.7,0.3,0.7,100,0.6,0.03054,0.37559
collider-linear,4,45,hybrid,HYBRID_ALPHA0.3_BETA0.7,0.3,0.7,100,0.625,0.03252,0.41956
collider-linear,5,46,hybrid,HYBRID_ALPHA0.3_BETA0.7,0.3,0.7,100,0.65,0.03909,0.40663
collider-linear,6,47,hybrid,HYBRID_ALPHA0.3_BETA0.7,0.3,0.7,100,0.725,0.03556,0.40453
collider-linear,7,48,hybrid,HYBRID_ALPHA0.3_BETA0.7,0.3,0.7,100,0.6,0.03421,0.44035
collider-linear,8,49,hybrid,HYBRID_ALPHA0.3_BETA0.7,0.3,0.7,100,0.6,0.0325,0.49381
collider-linear,9,50,hybrid,HYBRID_ALPHA0.3_BETA0.7,0.3,0.7,100,0.625,0.02726,0.36818
collider-linear,10,51,hybrid,HYBRID_ALPHA0.3_BETA0.7,0.3,0.7,100,0.675,0.02878,0.31925
collider-linear,1,42,hybrid,HYBRID_ALPHA0.2_BETA0.8,0.2,0.8,100,0.675,0.02965,0.37128
collider-linear,2,43,hybrid,HYBRID_ALPHA0.2_BETA0.8,0.2,0.8,100,0.7,0.04407,0.66894
collider-linear,3,44,hybrid,HYBRID_ALPHA0.2_BETA0.8,0.2,0.8,100,0.6,0.0272,0.31318
collider-linear,4,45,hybrid,HYBRID_ALPHA0.2_BETA0.8,0.2,0.8,100,0.575,0.03149,0.42861
collider-linear,5,46,hybrid,HYBRID_ALPHA0.2_BETA0.8,0.2,0.8,100,0.65,0.03963,0.38714
collider-linear,6,47,hybrid,HYBRID_ALPHA0.2_BETA0.8,0.2,0.8,100,0.675,0.03605,0.37986
collider-linear,7,48,hybrid,HYBRID_ALPHA0.2_BETA0.8,0.2,0.8,100,0.625,0.03383,0.4495
collider-linear,8,49,hybrid,HYBRID_ALPHA0.2_BETA0.8,0.2,0.8,100,0.625,0.03628,0.49745
collider-linear,9,50,hybrid,HYBRID_ALPHA0.2_BETA0.8,0.2,0.8,100,0.65,0.02572,0.36168
collider-linear,10,51,hybrid,HYBRID_ALPHA0.2_BETA0.8,0.2,0.8,100,0.7,0.03093,0.31819
fork-linear,1,42,mse,MSE,1.0,0.0,50,0.725,0.04497,0.53919
fork-linear,2,43,mse,MSE,1.0,0.0,50,0.525,0.03629,0.22183
fork-linear,3,44,mse,MSE,1.0,0.0,50,0.525,0.03141,0.36533
fork-linear,4,45,mse,MSE,1.0,0.0,50,0.6,0.04513,1.06069
fork-linear,5,46,mse,MSE,1.0,0.0,50,0.625,0.03216,0.28951
fork-linear,6,47,mse,MSE,1.0,0.0,50,0.65,0.04146,0.43089
fork-linear,7,48,mse,MSE,1.0,0.0,50,0.65,0.04371,0.41165
fork-linear,8,49,mse,MSE,1.0,0.0,50,0.55,0.03161,0.30234
fork-linear,9,50,mse,MSE,1.0,0.0,50,0.5,0.03116,0.28037
fork-linear,10,51,mse,MSE,1.0,0.0,50,0.575,0.02294,0.23396
fork-linear,1,42,hybrid,HYBRID_ALPHA0.9_BETA0.1,0.9,0.1,50,0.7,0.04582,0.55238
fork-linear,2,43,hybrid,HYBRID_ALPHA0.9_BETA0.1,0.9,0.1,50,0.5,0.0341,0.23616
fork-linear,3,44,hybrid,HYBRID_ALPHA0.9_BETA0.1,0.9,0.1,50,0.525,0.02864,0.36705
fork-linear,4,45,hybrid,HYBRID_ALPHA0.9_BETA0.1,0.9,0.1,50,0.625,0.04329,0.97429
fork-linear,5,46,hybrid,HYBRID_ALPHA0.9_BETA0.1,0.9,0.1,50,0.7,0.0337,0.28885
fork-linear,6,47,hybrid,HYBRID_ALPHA0.9_BETA0.1,0.9,0.1,50,0.75,0.04088,0.38337
fork-linear,7,48,hybrid,HYBRID_ALPHA0.9_BETA0.1,0.9,0.1,50,0.525,0.03259,0.267
fork-linear,8,49,hybrid,HYBRID_ALPHA0.9_BETA0.1,0.9,0.1,50,0.55,0.02842,0.25307
fork-linear,9,50,hybrid,HYBRID_ALPHA0.9_BETA0.1,0.9,0.1,50,0.525,0.02921,0.26852
fork-linear,10,51,hybrid,HYBRID_ALPHA0.9_BETA0.1,0.9,0.1,50,0.6,0.01996,0.2422
fork-linear,1,42,hybrid,HYBRID_ALPHA0.8_BETA0.2,0.8,0.2,50,0.675,0.04507,0.51906
fork-linear,2,43,hybrid,HYBRID_ALPHA0.8_BETA0.2,0.8,0.2,50,0.5,0.03448,0.24836
fork-linear,3,44,hybrid,HYBRID_ALPHA0.8_BETA0.2,0.8,0.2,50,0.575,0.02838,0.24204
fork-linear,4,45,hybrid,HYBRID_ALPHA0.8_BETA0.2,0.8,0.2,50,0.65,0.04247,0.54353
fork-linear,5,46,hybrid,HYBRID_ALPHA0.8_BETA0.2,0.8,0.2,50,0.625,0.03156,0.31214
fork-linear,6,47,hybrid,HYBRID_ALPHA0.8_BETA0.2,0.8,0.2,50,0.625,0.04177,0.3387
fork-linear,7,48,hybrid,HYBRID_ALPHA0.8_BETA0.2,0.8,0.2,50,0.625,0.03543,0.31151
fork-linear,8,49,hybrid,HYBRID_ALPHA0.8_BETA0.2,0.8,0.2,50,0.65,0.02633,0.23929
fork-linear,9,50,hybrid,HYBRID_ALPHA0.8_BETA0.2,0.8,0.2,50,0.6,0.03608,0.302
fork-linear,10,51,hybrid,HYBRID_ALPHA0.8_BETA0.2,0.8,0.2,50,0.6,0.02036,0.2446
fork-linear,1,42,hybrid,HYBRID_ALPHA0.7_BETA0.3,0.7,0.3,50,0.65,0.03505,0.58785
fork-linear,2,43,hybrid,HYBRID_ALPHA0.7_BETA0.3,0.7,0.3,50,0.55,0.03275,0.25675
fork-linear,3,44,hybrid,HYBRID_ALPHA0.7_BETA0.3,0.7,0.3,50,0.55,0.02125,0.27761
fork-linear,4,45,hybrid,HYBRID_ALPHA0.7_BETA0.3,0.7,0.3,50,0.6,0.04604,0.44053
fork-linear,5,46,hybrid,HYBRID_ALPHA0.7_BETA0.3,0.7,0.3,50,0.6,0.0318,0.33604
fork-linear,6,47,hybrid,HYBRID_ALPHA0.7_BETA0.3,0.7,0.3,50,0.725,0.04067,0.22005
fork-linear,7,48,hybrid,HYBRID_ALPHA0.7_BETA0.3,0.7,0.3,50,0.575,0.03402,0.31193
fork-linear,8,49,hybrid,HYBRID_ALPHA0.7_BETA0.3,0.7,0.3,50,0.625,0.02692,0.25309
fork-linear,9,50,hybrid,HYBRID_ALPHA0.7_BETA0.3,0.7,0.3,50,0.7,0.03932,0.29232
fork-linear,10,51,hybrid,HYBRID_ALPHA0.7_BETA0.3,0.7,0.3,50,0.6,0.02077,0.26896
fork-linear,1,42,hybrid,HYBRID_ALPHA0.6_BETA0.4,0.6,0.4,50,0.725,0.03481,0.70035
fork-linear,2,43,hybrid,HYBRID_ALPHA0.6_BETA0.4,0.6,0.4,50,0.55,0.03094,0.22065
fork-linear,3,44,hybrid,HYBRID_ALPHA0.6_BETA0.4,0.6,0.4,50,0.525,0.02099,0.26021
fork-linear,4,45,hybrid,HYBRID_ALPHA0.6_BETA0.4,0.6,0.4,50,0.675,0.04518,0.57854
fork-linear,5,46,hybrid,HYBRID_ALPHA0.6_BETA0.4,0.6,0.4,50,0.6,0.03259,0.33037
fork-linear,6,47,hybrid,HYBRID_ALPHA0.6_BETA0.4,0.6,0.4,50,0.7,0.0386,0.21576
fork-linear,7,48,hybrid,HYBRID_ALPHA0.6_BETA0.4,0.6,0.4,50,0.6,0.03374,0.31371
fork-linear,8,49,hybrid,HYBRID_ALPHA0.6_BETA0.4,0.6,0.4,50,0.675,0.02574,0.32283
fork-linear,9,50,hybrid,HYBRID_ALPHA0.6_BETA0.4,0.6,0.4,50,0.75,0.03892,0.26716
fork-linear,10,51,hybrid,HYBRID_ALPHA0.6_BETA0.4,0.6,0.4,50,0.7,0.04327,0.52667
fork-linear,1,42,hybrid,HYBRID_ALPHA0.5_BETA0.5,0.5,0.5,50,0.775,0.03216,0.32483
fork-linear,2,43,hybrid,HYBRID_ALPHA0.5_BETA0.5,0.5,0.5,50,0.55,0.02893,0.22705
fork-linear,3,44,hybrid,HYBRID_ALPHA0.5_BETA0.5,0.5,0.5,50,0.575,0.02173,0.30932
fork-linear,4,45,hybrid,HYBRID_ALPHA0.5_BETA0.5,0.5,0.5,50,0.65,0.04253,0.82223
fork-linear,5,46,hybrid,HYBRID_ALPHA0.5_BETA0.5,0.5,0.5,50,0.675,0.03305,0.36291
fork-linear,6,47,hybrid,HYBRID_ALPHA0.5_BETA0.5,0.5,0.5,50,0.725,0.03925,0.20495
fork-linear,7,48,hybrid,HYBRID_ALPHA0.5_BETA0.5,0.5,0.5,50,0.6,0.03451,0.31609
fork-linear,8,49,hybrid,HYBRID_ALPHA0.5_BETA0.5,0.5,0.5,50,0.65,0.0246,0.32303
fork-linear,9,50,hybrid,HYBRID_ALPHA0.5_BETA0.5,0.5,0.5,50,0.65,0.02996,0.30103
fork-linear,10,51,hybrid,HYBRID_ALPHA0.5_BETA0.5,0.5,0.5,50,0.675,0.0431,0.53417
fork-linear,1,42,hybrid,HYBRID_ALPHA0.4_BETA0.6,0.4,0.6,50,0.65,0.02954,0.31259
fork-linear,2,43,hybrid,HYBRID_ALPHA0.4_BETA0.6,0.4,0.6,50,0.525,0.03179,0.23825
fork-linear,3,44,hybrid,HYBRID_ALPHA0.4_BETA0.6,0.4,0.6,50,0.525,0.02223,0.29158
fork-linear,4,45,hybrid,HYBRID_ALPHA0.4_BETA0.6,0.4,0.6,50,0.65,0.05108,0.47334
fork-linear,5,46,hybrid,HYBRID_ALPHA0.4_BETA0.6,0.4,0.6,50,0.725,0.03145,0.36226
fork-linear,6,47,hybrid,HYBRID_ALPHA0.4_BETA0.6,0.4,0.6,50,0.675,0.03406,0.20849
fork-linear,7,48,hybrid,HYBRID_ALPHA0.4_BETA0.6,0.4,0.6,50,0.65,0.03326,0.33156
fork-linear,8,49,hybrid,HYBRID_ALPHA0.4_BETA0.6,0.4,0.6,50,0.65,0.02404,0.34126
fork-linear,9,50,hybrid,HYBRID_ALPHA0.4_BETA0.6,0.4,0.6,50,0.6,0.03211,0.29705
fork-linear,10,51,hybrid,HYBRID_ALPHA0.4_BETA0.6,0.4,0.6,50,0.725,0.04392,0.55004
fork-linear,1,42,hybrid,HYBRID_ALPHA0.3_BETA0.7,0.3,0.7,50,0.6,0.03877,0.33487
fork-linear,2,43,hybrid,HYBRID_ALPHA0.3_BETA0.7,0.3,0.7,50,0.5,0.02909,0.24732
fork-linear,3,44,hybrid,HYBRID_ALPHA0.3_BETA0.7,0.3,0.7,50,0.575,0.01936,0.33349
fork-linear,4,45,hybrid,HYBRID_ALPHA0.3_BETA0.7,0.3,0.7,50,0.65,0.0599,0.48015
fork-linear,5,46,hybrid,HYBRID_ALPHA0.3_BETA0.7,0.3,0.7,50,0.675,0.02851,0.39997
fork-linear,6,47,hybrid,HYBRID_ALPHA0.3_BETA0.7,0.3,0.7,50,0.7,0.03475,0.22912
fork-linear,7,48,hybrid,HYBRID_ALPHA0.3_BETA0.7,0.3,0.7,50,0.6,0.03447,0.38926
fork-linear,8,49,hybrid,HYBRID_ALPHA0.3_BETA0.7,0.3,0.7,50,0.65,0.0232,0.31433
fork-linear,9,50,hybrid,HYBRID_ALPHA0.3_BETA0.7,0.3,0.7,50,0.6,0.0303,0.32864
fork-linear,10,51,hybrid,HYBRID_ALPHA0.3_BETA0.7,0.3,0.7,50,0.675,0.04756,0.64784
fork-linear,1,42,hybrid,HYBRID_ALPHA0.2_BETA0.8,0.2,0.8,50,0.75,0.02955,0.34124
fork-linear,2,43,hybrid,HYBRID_ALPHA0.2_BETA0.8,0.2,0.8,50,0.5,0.02681,0.25342
fork-linear,3,44,hybrid,HYBRID_ALPHA0.2_BETA0.8,0.2,0.8,50,0.6,0.01907,0.27047
fork-linear,4,45,hybrid,HYBRID_ALPHA0.2_BETA0.8,0.2,0.8,50,0.625,0.05581,0.66093
fork-linear,5,46,hybrid,HYBRID_ALPHA0.2_BETA0.8,0.2,0.8,50,0.675,0.03303,0.36482
fork-linear,6,47,hybrid,HYBRID_ALPHA0.2_BETA0.8,0.2,0.8,50,0.65,0.03444,0.23048
fork-linear,7,48,hybrid,HYBRID_ALPHA0.2_BETA0.8,0.2,0.8,50,0.5,0.02635,0.37922
fork-linear,8,49,hybrid,HYBRID_ALPHA0.2_BETA0.8,0.2,0.8,50,0.675,0.0254,0.29333
fork-linear,9,50,hybrid,HYBRID_ALPHA0.2_BETA0.8,0.2,0.8,50,0.7,0.02744,0.37154
fork-linear,10,51,hybrid,HYBRID_ALPHA0.2_BETA0.8,0.2,0.8,50,0.65,0.04825,0.66746
fork-linear,1,42,mse,MSE,1.0,0.0,100,0.525,0.02673,0.25517
fork-linear,2,43,mse,MSE,1.0,0.0,100,0.6,0.03148,0.24255
fork-linear,3,44,mse,MSE,1.0,0.0,100,0.525,0.0202,0.20815
fork-linear,4,45,mse,MSE,1.0,0.0,100,0.5,0.03093,0.21732
fork-linear,5,46,mse,MSE,1.0,0.0,100,0.525,0.02437,0.23586
fork-linear,6,47,mse,MSE,1.0,0.0,100,0.8,0.04357,0.27716
fork-linear,7,48,mse,MSE,1.0,0.0,100,0.575,0.03486,0.27901
fork-linear,8,49,mse,MSE,1.0,0.0,100,0.575,0.02432,0.1935
fork-linear,9,50,mse,MSE,1.0,0.0,100,0.675,0.034,0.34418
fork-linear,10,51,mse,MSE,1.0,0.0,100,0.55,0.02607,0.19038
fork-linear,1,42,hybrid,HYBRID_ALPHA0.9_BETA0.1,0.9,0.1,100,0.55,0.02598,0.26375
fork-linear,2,43,hybrid,HYBRID_ALPHA0.9_BETA0.1,0.9,0.1,100,0.55,0.03062,0.25973
fork-linear,3,44,hybrid,HYBRID_ALPHA0.9_BETA0.1,0.9,0.1,100,0.575,0.0195,0.21925
fork-linear,4,45,hybrid,HYBRID_ALPHA0.9_BETA0.1,0.9,0.1,100,0.55,0.02824,0.22837
fork-linear,5,46,hybrid,HYBRID_ALPHA0.9_BETA0.1,0.9,0.1,100,0.525,0.02274,0.24568
fork-linear,6,47,hybrid,HYBRID_ALPHA0.9_BETA0.1,0.9,0.1,100,0.8,0.04355,0.27411
fork-linear,7,48,hybrid,HYBRID_ALPHA0.9_BETA0.1,0.9,0.1,100,0.625,0.03494,0.31782
fork-linear,8,49,hybrid,HYBRID_ALPHA0.9_BETA0.1,0.9,0.1,100,0.6,0.02468,0.21261
fork-linear,9,50,hybrid,HYBRID_ALPHA0.9_BETA0.1,0.9,0.1,100,0.675,0.03457,0.29915
fork-linear,10,51,hybrid,HYBRID_ALPHA0.9_BETA0.1,0.9,0.1,100,0.575,0.03341,0.24238
fork-linear,1,42,hybrid,HYBRID_ALPHA0.8_BETA0.2,0.8,0.2,100,0.575,0.02569,0.28423
fork-linear,2,43,hybrid,HYBRID_ALPHA0.8_BETA0.2,0.8,0.2,100,0.575,0.03183,0.31394
fork-linear,3,44,hybrid,HYBRID_ALPHA0.8_BETA0.2,0.8,0.2,100,0.55,0.02121,0.24017
fork-linear,4,45,hybrid,HYBRID_ALPHA0.8_BETA0.2,0.8,0.2,100,0.525,0.02768,0.23227
fork-linear,5,46,hybrid,HYBRID_ALPHA0.8_BETA0.2,0.8,0.2,100,0.5,0.02238,0.24462
fork-linear,6,47,hybrid,HYBRID_ALPHA0.8_BETA0.2,0.8,0.2,100,0.625,0.03589,0.27861
fork-linear,7,48,hybrid,HYBRID_ALPHA0.8_BETA0.2,0.8,0.2,100,0.6,0.03525,0.32349
fork-linear,8,49,hybrid,HYBRID_ALPHA0.8_BETA0.2,0.8,0.2,100,0.575,0.02392,0.19821
fork-linear,9,50,hybrid,HYBRID_ALPHA0.8_BETA0.2,0.8,0.2,100,0.65,0.03304,0.26399
fork-linear,10,51,hybrid,HYBRID_ALPHA0.8_BETA0.2,0.8,0.2,100,0.625,0.03862,0.28555
fork-linear,1,42,hybrid,HYBRID_ALPHA0.7_BETA0.3,0.7,0.3,100,0.6,0.02439,0.28884
fork-linear,2,43,hybrid,HYBRID_ALPHA0.7_BETA0.3,0.7,0.3,100,0.525,0.02092,0.22038
fork-linear,3,44,hybrid,HYBRID_ALPHA0.7_BETA0.3,0.7,0.3,100,0.55,0.02052,0.2389
fork-linear,4,45,hybrid,HYBRID_ALPHA0.7_BETA0.3,0.7,0.3,100,0.525,0.02863,0.23651
fork-linear,5,46,hybrid,HYBRID_ALPHA0.7_BETA0.3,0.7,0.3,100,0.525,0.024,0.24526
fork-linear,6,47,hybrid,HYBRID_ALPHA0.7_BETA0.3,0.7,0.3,100,0.625,0.03604,0.2838
fork-linear,7,48,hybrid,HYBRID_ALPHA0.7_BETA0.3,0.7,0.3,100,0.55,0.03507,0.34725
fork-linear,8,49,hybrid,HYBRID_ALPHA0.7_BETA0.3,0.7,0.3,100,0.6,0.02756,0.2251
fork-linear,9,50,hybrid,HYBRID_ALPHA0.7_BETA0.3,0.7,0.3,100,0.575,0.03239,0.27194
fork-linear,10,51,hybrid,HYBRID_ALPHA0.7_BETA0.3,0.7,0.3,100,0.675,0.04141,0.34364
fork-linear,1,42,hybrid,HYBRID_ALPHA0.6_BETA0.4,0.6,0.4,100,0.5,0.02462,0.29126
fork-linear,2,43,hybrid,HYBRID_ALPHA0.6_BETA0.4,0.6,0.4,100,0.55,0.01938,0.21037
fork-linear,3,44,hybrid,HYBRID_ALPHA0.6_BETA0.4,0.6,0.4,100,0.6,0.0205,0.25171
fork-linear,4,45,hybrid,HYBRID_ALPHA0.6_BETA0.4,0.6,0.4,100,0.525,0.02756,0.24733
fork-linear,5,46,hybrid,HYBRID_ALPHA0.6_BETA0.4,0.6,0.4,100,0.5,0.02179,0.25255
fork-linear,6,47,hybrid,HYBRID_ALPHA0.6_BETA0.4,0.6,0.4,100,0.6,0.03599,0.28768
fork-linear,7,48,hybrid,HYBRID_ALPHA0.6_BETA0.4,0.6,0.4,100,0.525,0.03455,0.35575
fork-linear,8,49,hybrid,HYBRID_ALPHA0.6_BETA0.4,0.6,0.4,100,0.525,0.02394,0.21784
fork-linear,9,50,hybrid,HYBRID_ALPHA0.6_BETA0.4,0.6,0.4,100,0.525,0.0239,0.27694
fork-linear,10,51,hybrid,HYBRID_ALPHA0.6_BETA0.4,0.6,0.4,100,0.725,0.04154,0.35272
fork-linear,1,42,hybrid,HYBRID_ALPHA0.5_BETA0.5,0.5,0.5,100,0.5,0.02646,0.26594
fork-linear,2,43,hybrid,HYBRID_ALPHA0.5_BETA0.5,0.5,0.5,100,0.575,0.01978,0.20192
fork-linear,3,44,hybrid,HYBRID_ALPHA0.5_BETA0.5,0.5,0.5,100,0.6,0.02051,0.25793
fork-linear,4,45,hybrid,HYBRID_ALPHA0.5_BETA0.5,0.5,0.5,100,0.525,0.02531,0.24623
fork-linear,5,46,hybrid,HYBRID_ALPHA0.5_BETA0.5,0.5,0.5,100,0.525,0.02011,0.24896
fork-linear,6,47,hybrid,HYBRID_ALPHA0.5_BETA0.5,0.5,0.5,100,0.65,0.03707,0.292
fork-linear,7,48,hybrid,HYBRID_ALPHA0.5_BETA0.5,0.5,0.5,100,0.625,0.03466,0.33974
fork-linear,8,49,hybrid,HYBRID_ALPHA0.5_BETA0.5,0.5,0.5,100,0.65,0.02365,0.21803
fork-linear,9,50,hybrid,HYBRID_ALPHA0.5_BETA0.5,0.5,0.5,100,0.575,0.02446,0.27022
fork-linear,10,51,hybrid,HYBRID_ALPHA0.5_BETA0.5,0.5,0.5,100,0.725,0.04314,0.36158
fork-linear,1,42,hybrid,HYBRID_ALPHA0.4_BETA0.6,0.4,0.6,100,0.525,0.02549,0.28733
fork-linear,2,43,hybrid,HYBRID_ALPHA0.4_BETA0.6,0.4,0.6,100,0.575,0.02135,0.23076
fork-linear,3,44,hybrid,HYBRID_ALPHA0.4_BETA0.6,0.4,0.6,100,0.55,0.02411,0.24721
fork-linear,4,45,hybrid,HYBRID_ALPHA0.4_BETA0.6,0.4,0.6,100,0.525,0.02382,0.2491
fork-linear,5,46,hybrid,HYBRID_ALPHA0.4_BETA0.6,0.4,0.6,100,0.6,0.02072,0.26221
fork-linear,6,47,hybrid,HYBRID_ALPHA0.4_BETA0.6,0.4,0.6,100,0.625,0.03731,0.29195
fork-linear,7,48,hybrid,HYBRID_ALPHA0.4_BETA0.6,0.4,0.6,100,0.6,0.03459,0.33101
fork-linear,8,49,hybrid,HYBRID_ALPHA0.4_BETA0.6,0.4,0.6,100,0.575,0.0239,0.23472
fork-linear,9,50,hybrid,HYBRID_ALPHA0.4_BETA0.6,0.4,0.6,100,0.625,0.0235,0.24256
fork-linear,10,51,hybrid,HYBRID_ALPHA0.4_BETA0.6,0.4,0.6,100,0.65,0.0364,0.33136
fork-linear,1,42,hybrid,HYBRID_ALPHA0.3_BETA0.7,0.3,0.7,100,0.575,0.02568,0.29651
fork-linear,2,43,hybrid,HYBRID_ALPHA0.3_BETA0.7,0.3,0.7,100,0.6,0.02324,0.23299
fork-linear,3,44,hybrid,HYBRID_ALPHA0.3_BETA0.7,0.3,0.7,100,0.525,0.02171,0.22351
fork-linear,4,45,hybrid,HYBRID_ALPHA0.3_BETA0.7,0.3,0.7,100,0.5,0.0238,0.25259
fork-linear,5,46,hybrid,HYBRID_ALPHA0.3_BETA0.7,0.3,0.7,100,0.6,0.02173,0.26835
fork-linear,6,47,hybrid,HYBRID_ALPHA0.3_BETA0.7,0.3,0.7,100,0.725,0.04035,0.30409
fork-linear,7,48,hybrid,HYBRID_ALPHA0.3_BETA0.7,0.3,0.7,100,0.6,0.03602,0.3378
fork-linear,8,49,hybrid,HYBRID_ALPHA0.3_BETA0.7,0.3,0.7,100,0.55,0.02366,0.2303
fork-linear,9,50,hybrid,HYBRID_ALPHA0.3_BETA0.7,0.3,0.7,100,0.625,0.02283,0.32797
fork-linear,10,51,hybrid,HYBRID_ALPHA0.3_BETA0.7,0.3,0.7,100,0.525,0.02549,0.24034
fork-linear,1,42,hybrid,HYBRID_ALPHA0.2_BETA0.8,0.2,0.8,100,0.575,0.02671,0.40432
fork-linear,2,43,hybrid,HYBRID_ALPHA0.2_BETA0.8,0.2,0.8,100,0.6,0.02238,0.19887
fork-linear,3,44,hybrid,HYBRID_ALPHA0.2_BETA0.8,0.2,0.8,100,0.6,0.0223,0.21816
fork-linear,4,45,hybrid,HYBRID_ALPHA0.2_BETA0.8,0.2,0.8,100,0.525,0.02275,0.25537
fork-linear,5,46,hybrid,HYBRID_ALPHA0.2_BETA0.8,0.2,0.8,100,0.6,0.02166,0.28891
fork-linear,6,47,hybrid,HYBRID_ALPHA0.2_BETA0.8,0.2,0.8,100,0.65,0.04278,0.33334
fork-linear,7,48,hybrid,HYBRID_ALPHA0.2_BETA0.8,0.2,0.8,100,0.6,0.03666,0.31675
fork-linear,8,49,hybrid,HYBRID_ALPHA0.2_BETA0.8,0.2,0.8,100,0.55,0.02321,0.23277
fork-linear,9,50,hybrid,HYBRID_ALPHA0.2_BETA0.8,0.2,0.8,100,0.625,0.03361,0.28636
fork-linear,10,51,hybrid,HYBRID_ALPHA0.2_BETA0.8,0.2,0.8,100,0.55,0.02709,0.23059
fork-non-linear,1,42,mse,MSE,1.0,0.0,50,0.6,0.0426,0.51458
fork-non-linear,2,43,mse,MSE,1.0,0.0,50,0.525,0.01988,0.32715
fork-non-linear,3,44,mse,MSE,1.0,0.0,50,0.625,0.02894,0.53603
fork-non-linear,4,45,mse,MSE,1.0,0.0,50,0.725,0.04905,0.51345
fork-non-linear,5,46,mse,MSE,1.0,0.0,50,0.65,0.02756,0.28465
fork-non-linear,6,47,mse,MSE,1.0,0.0,50,0.6,0.03732,0.42456
fork-non-linear,7,48,mse,MSE,1.0,0.0,50,0.75,0.03124,0.50135
fork-non-linear,8,49,mse,MSE,1.0,0.0,50,0.6,0.03604,0.46311
fork-non-linear,9,50,mse,MSE,1.0,0.0,50,0.55,0.03533,1.62663
fork-non-linear,10,51,mse,MSE,1.0,0.0,50,0.625,0.01961,0.60195
fork-non-linear,1,42,hybrid,HYBRID_ALPHA0.9_BETA0.1,0.9,0.1,50,0.625,0.03803,0.64518
fork-non-linear,2,43,hybrid,HYBRID_ALPHA0.9_BETA0.1,0.9,0.1,50,0.575,0.01862,0.32759
fork-non-linear,3,44,hybrid,HYBRID_ALPHA0.9_BETA0.1,0.9,0.1,50,0.625,0.02482,0.53235
fork-non-linear,4,45,hybrid,HYBRID_ALPHA0.9_BETA0.1,0.9,0.1,50,0.7,0.0462,0.66524
fork-non-linear,5,46,hybrid,HYBRID_ALPHA0.9_BETA0.1,0.9,0.1,50,0.65,0.02986,0.29748
fork-non-linear,6,47,hybrid,HYBRID_ALPHA0.9_BETA0.1,0.9,0.1,50,0.65,0.03616,0.4305
fork-non-linear,7,48,hybrid,HYBRID_ALPHA0.9_BETA0.1,0.9,0.1,50,0.75,0.02878,0.52476
fork-non-linear,8,49,hybrid,HYBRID_ALPHA0.9_BETA0.1,0.9,0.1,50,0.625,0.04107,0.64006
fork-non-linear,9,50,hybrid,HYBRID_ALPHA0.9_BETA0.1,0.9,0.1,50,0.55,0.03581,1.7643
fork-non-linear,10,51,hybrid,HYBRID_ALPHA0.9_BETA0.1,0.9,0.1,50,0.6,0.02285,0.54202
fork-non-linear,1,42,hybrid,HYBRID_ALPHA0.8_BETA0.2,0.8,0.2,50,0.6,0.03128,0.63953
fork-non-linear,2,43,hybrid,HYBRID_ALPHA0.8_BETA0.2,0.8,0.2,50,0.525,0.01904,0.39496
fork-non-linear,3,44,hybrid,HYBRID_ALPHA0.8_BETA0.2,0.8,0.2,50,0.675,0.02672,0.5428
fork-non-linear,4,45,hybrid,HYBRID_ALPHA0.8_BETA0.2,0.8,0.2,50,0.65,0.04572,0.78551
fork-non-linear,5,46,hybrid,HYBRID_ALPHA0.8_BETA0.2,0.8,0.2,50,0.7,0.0283,0.27823
fork-non-linear,6,47,hybrid,HYBRID_ALPHA0.8_BETA0.2,0.8,0.2,50,0.6,0.03532,0.42505
fork-non-linear,7,48,hybrid,HYBRID_ALPHA0.8_BETA0.2,0.8,0.2,50,0.8,0.02889,0.50219
fork-non-linear,8,49,hybrid,HYBRID_ALPHA0.8_BETA0.2,0.8,0.2,50,0.625,0.03984,0.74224
fork-non-linear,9,50,hybrid,HYBRID_ALPHA0.8_BETA0.2,0.8,0.2,50,0.6,0.03145,1.35955
fork-non-linear,10,51,hybrid,HYBRID_ALPHA0.8_BETA0.2,0.8,0.2,50,0.625,0.02246,1.00436
fork-non-linear,1,42,hybrid,HYBRID_ALPHA0.7_BETA0.3,0.7,0.3,50,0.65,0.03704,0.7237
fork-non-linear,2,43,hybrid,HYBRID_ALPHA0.7_BETA0.3,0.7,0.3,50,0.55,0.01758,0.38801
fork-non-linear,3,44,hybrid,HYBRID_ALPHA0.7_BETA0.3,0.7,0.3,50,0.6,0.0212,0.54148
fork-non-linear,4,45,hybrid,HYBRID_ALPHA0.7_BETA0.3,0.7,0.3,50,0.65,0.04731,0.92314
fork-non-linear,5,46,hybrid,HYBRID_ALPHA0.7_BETA0.3,0.7,0.3,50,0.625,0.0286,0.3084
fork-non-linear,6,47,hybrid,HYBRID_ALPHA0.7_BETA0.3,0.7,0.3,50,0.575,0.03333,0.56719
fork-non-linear,7,48,hybrid,HYBRID_ALPHA0.7_BETA0.3,0.7,0.3,50,0.775,0.02919,0.49911
fork-non-linear,8,49,hybrid,HYBRID_ALPHA0.7_BETA0.3,0.7,0.3,50,0.6,0.03634,0.90732
fork-non-linear,9,50,hybrid,HYBRID_ALPHA0.7_BETA0.3,0.7,0.3,50,0.55,0.03172,0.95695
fork-non-linear,10,51,hybrid,HYBRID_ALPHA0.7_BETA0.3,0.7,0.3,50,0.625,0.02213,0.75007
fork-non-linear,1,42,hybrid,HYBRID_ALPHA0.6_BETA0.4,0.6,0.4,50,0.625,0.03396,0.85062
fork-non-linear,2,43,hybrid,HYBRID_ALPHA0.6_BETA0.4,0.6,0.4,50,0.625,0.01823,0.36208
fork-non-linear,3,44,hybrid,HYBRID_ALPHA0.6_BETA0.4,0.6,0.4,50,0.65,0.02078,0.55139
fork-non-linear,4,45,hybrid,HYBRID_ALPHA0.6_BETA0.4,0.6,0.4,50,0.675,0.04435,0.98567
fork-non-linear,5,46,hybrid,HYBRID_ALPHA0.6_BETA0.4,0.6,0.4,50,0.675,0.02958,0.31439
fork-non-linear,6,47,hybrid,HYBRID_ALPHA0.6_BETA0.4,0.6,0.4,50,0.55,0.03108,0.47429
fork-non-linear,7,48,hybrid,HYBRID_ALPHA0.6_BETA0.4,0.6,0.4,50,0.775,0.02875,0.475
fork-non-linear,8,49,hybrid,HYBRID_ALPHA0.6_BETA0.4,0.6,0.4,50,0.65,0.03027,1.10959
fork-non-linear,9,50,hybrid,HYBRID_ALPHA0.6_BETA0.4,0.6,0.4,50,0.625,0.02478,0.54512
fork-non-linear,10,51,hybrid,HYBRID_ALPHA0.6_BETA0.4,0.6,0.4,50,0.625,0.02194,0.90098
fork-non-linear,1,42,hybrid,HYBRID_ALPHA0.5_BETA0.5,0.5,0.5,50,0.575,0.03008,0.94281
fork-non-linear,2,43,hybrid,HYBRID_ALPHA0.5_BETA0.5,0.5,0.5,50,0.6,0.01677,0.38035
fork-non-linear,3,44,hybrid,HYBRID_ALPHA0.5_BETA0.5,0.5,0.5,50,0.675,0.02105,0.52553
fork-non-linear,4,45,hybrid,HYBRID_ALPHA0.5_BETA0.5,0.5,0.5,50,0.725,0.08824,0.75113
fork-non-linear,5,46,hybrid,HYBRID_ALPHA0.5_BETA0.5,0.5,0.5,50,0.675,0.02834,0.34368
fork-non-linear,6,47,hybrid,HYBRID_ALPHA0.5_BETA0.5,0.5,0.5,50,0.625,0.03115,0.42984
fork-non-linear,7,48,hybrid,HYBRID_ALPHA0.5_BETA0.5,0.5,0.5,50,0.775,0.02767,0.4474
fork-non-linear,8,49,hybrid,HYBRID_ALPHA0.5_BETA0.5,0.5,0.5,50,0.675,0.02998,1.26377
fork-non-linear,9,50,hybrid,HYBRID_ALPHA0.5_BETA0.5,0.5,0.5,50,0.65,0.02509,0.61363
fork-non-linear,10,51,hybrid,HYBRID_ALPHA0.5_BETA0.5,0.5,0.5,50,0.6,0.03361,0.8618
fork-non-linear,1,42,hybrid,HYBRID_ALPHA0.4_BETA0.6,0.4,0.6,50,0.55,0.0281,0.46087
fork-non-linear,2,43,hybrid,HYBRID_ALPHA0.4_BETA0.6,0.4,0.6,50,0.6,0.01563,0.34708
fork-non-linear,3,44,hybrid,HYBRID_ALPHA0.4_BETA0.6,0.4,0.6,50,0.725,0.02428,0.53571
fork-non-linear,4,45,hybrid,HYBRID_ALPHA0.4_BETA0.6,0.4,0.6,50,0.775,0.04408,0.76472
fork-non-linear,5,46,hybrid,HYBRID_ALPHA0.4_BETA0.6,0.4,0.6,50,0.675,0.03063,0.38562
fork-non-linear,6,47,hybrid,HYBRID_ALPHA0.4_BETA0.6,0.4,0.6,50,0.575,0.03619,0.6808
fork-non-linear,7,48,hybrid,HYBRID_ALPHA0.4_BETA0.6,0.4,0.6,50,0.725,0.02813,0.45208
fork-non-linear,8,49,hybrid,HYBRID_ALPHA0.4_BETA0.6,0.4,0.6,50,0.7,0.03515,0.97741
fork-non-linear,9,50,hybrid,HYBRID_ALPHA0.4_BETA0.6,0.4,0.6,50,0.625,0.02695,0.5381
fork-non-linear,10,51,hybrid,HYBRID_ALPHA0.4_BETA0.6,0.4,0.6,50,0.6,0.02335,0.6318
fork-non-linear,1,42,hybrid,HYBRID_ALPHA0.3_BETA0.7,0.3,0.7,50,0.7,0.02403,0.82123
fork-non-linear,2,43,hybrid,HYBRID_ALPHA0.3_BETA0.7,0.3,0.7,50,0.575,0.01825,0.29669
fork-non-linear,3,44,hybrid,HYBRID_ALPHA0.3_BETA0.7,0.3,0.7,50,0.7,0.026,0.56128
fork-non-linear,4,45,hybrid,HYBRID_ALPHA0.3_BETA0.7,0.3,0.7,50,0.725,0.04528,0.81491
fork-non-linear,5,46,hybrid,HYBRID_ALPHA0.3_BETA0.7,0.3,0.7,50,0.7,0.02832,0.38183
fork-non-linear,6,47,hybrid,HYBRID_ALPHA0.3_BETA0.7,0.3,0.7,50,0.65,0.03148,1.34104
fork-non-linear,7,48,hybrid,HYBRID_ALPHA0.3_BETA0.7,0.3,0.7,50,0.725,0.02053,0.47061
fork-non-linear,8,49,hybrid,HYBRID_ALPHA0.3_BETA0.7,0.3,0.7,50,0.7,0.03002,1.32903
fork-non-linear,9,50,hybrid,HYBRID_ALPHA0.3_BETA0.7,0.3,0.7,50,0.65,0.02182,0.42872
fork-non-linear,10,51,hybrid,HYBRID_ALPHA0.3_BETA0.7,0.3,0.7,50,0.6,0.02519,0.9177
fork-non-linear,1,42,hybrid,HYBRID_ALPHA0.2_BETA0.8,0.2,0.8,50,0.75,0.02771,0.87998
fork-non-linear,2,43,hybrid,HYBRID_ALPHA0.2_BETA0.8,0.2,0.8,50,0.55,0.01729,0.47797
fork-non-linear,3,44,hybrid,HYBRID_ALPHA0.2_BETA0.8,0.2,0.8,50,0.625,0.02541,0.586
fork-non-linear,4,45,hybrid,HYBRID_ALPHA0.2_BETA0.8,0.2,0.8,50,0.75,0.04438,0.81525
fork-non-linear,5,46,hybrid,HYBRID_ALPHA0.2_BETA0.8,0.2,0.8,50,0.675,0.02746,0.53416
fork-non-linear,6,47,hybrid,HYBRID_ALPHA0.2_BETA0.8,0.2,0.8,50,0.65,0.02836,0.83054
fork-non-linear,7,48,hybrid,HYBRID_ALPHA0.2_BETA0.8,0.2,0.8,50,0.725,0.03044,0.67487
fork-non-linear,8,49,hybrid,HYBRID_ALPHA0.2_BETA0.8,0.2,0.8,50,0.7,0.02931,2.78801
fork-non-linear,9,50,hybrid,HYBRID_ALPHA0.2_BETA0.8,0.2,0.8,50,0.7,0.02319,0.53799
fork-non-linear,10,51,hybrid,HYBRID_ALPHA0.2_BETA0.8,0.2,0.8,50,0.575,0.01898,0.55879
fork-non-linear,1,42,mse,MSE,1.0,0.0,100,0.8,0.03686,0.61563
fork-non-linear,2,43,mse,MSE,1.0,0.0,100,0.7,0.02713,0.39668
fork-non-linear,3,44,mse,MSE,1.0,0.0,100,0.55,0.01812,0.27974
fork-non-linear,4,45,mse,MSE,1.0,0.0,100,0.55,0.01742,0.33542
fork-non-linear,5,46,mse,MSE,1.0,0.0,100,0.575,0.02361,0.5685
fork-non-linear,6,47,mse,MSE,1.0,0.0,100,0.675,0.0229,0.38728
fork-non-linear,7,48,mse,MSE,1.0,0.0,100,0.625,0.04235,0.61288
fork-non-linear,8,49,mse,MSE,1.0,0.0,100,0.575,0.02899,0.42059
fork-non-linear,9,50,mse,MSE,1.0,0.0,100,0.6,0.03642,0.77841
fork-non-linear,10,51,mse,MSE,1.0,0.0,100,0.575,0.02087,0.31172
fork-non-linear,1,42,hybrid,HYBRID_ALPHA0.9_BETA0.1,0.9,0.1,100,0.75,0.03682,0.66103
fork-non-linear,2,43,hybrid,HYBRID_ALPHA0.9_BETA0.1,0.9,0.1,100,0.65,0.02649,0.4025
fork-non-linear,3,44,hybrid,HYBRID_ALPHA0.9_BETA0.1,0.9,0.1,100,0.625,0.0172,0.31464
fork-non-linear,4,45,hybrid,HYBRID_ALPHA0.9_BETA0.1,0.9,0.1,100,0.575,0.01568,0.32655
fork-non-linear,5,46,hybrid,HYBRID_ALPHA0.9_BETA0.1,0.9,0.1,100,0.575,0.02325,0.5664
fork-non-linear,6,47,hybrid,HYBRID_ALPHA0.9_BETA0.1,0.9,0.1,100,0.675,0.02432,0.35847
fork-non-linear,7,48,hybrid,HYBRID_ALPHA0.9_BETA0.1,0.9,0.1,100,0.625,0.03942,0.58359
fork-non-linear,8,49,hybrid,HYBRID_ALPHA0.9_BETA0.1,0.9,0.1,100,0.575,0.02874,0.41903
fork-non-linear,9,50,hybrid,HYBRID_ALPHA0.9_BETA0.1,0.9,0.1,100,0.675,0.03904,0.77844
fork-non-linear,10,51,hybrid,HYBRID_ALPHA0.9_BETA0.1,0.9,0.1,100,0.525,0.02129,0.35278
fork-non-linear,1,42,hybrid,HYBRID_ALPHA0.8_BETA0.2,0.8,0.2,100,0.8,0.0361,0.70212
fork-non-linear,2,43,hybrid,HYBRID_ALPHA0.8_BETA0.2,0.8,0.2,100,0.65,0.01964,0.40911
fork-non-linear,3,44,hybrid,HYBRID_ALPHA0.8_BETA0.2,0.8,0.2,100,0.525,0.0187,0.32653
fork-non-linear,4,45,hybrid,HYBRID_ALPHA0.8_BETA0.2,0.8,0.2,100,0.5,0.016,0.32105
fork-non-linear,5,46,hybrid,HYBRID_ALPHA0.8_BETA0.2,0.8,0.2,100,0.625,0.0231,0.55862
fork-non-linear,6,47,hybrid,HYBRID_ALPHA0.8_BETA0.2,0.8,0.2,100,0.65,0.02643,0.30876
fork-non-linear,7,48,hybrid,HYBRID_ALPHA0.8_BETA0.2,0.8,0.2,100,0.575,0.03751,0.5764
fork-non-linear,8,49,hybrid,HYBRID_ALPHA0.8_BETA0.2,0.8,0.2,100,0.575,0.02971,0.4251
fork-non-linear,9,50,hybrid,HYBRID_ALPHA0.8_BETA0.2,0.8,0.2,100,0.7,0.03922,0.7784
fork-non-linear,10,51,hybrid,HYBRID_ALPHA0.8_BETA0.2,0.8,0.2,100,0.6,0.02204,0.31083
fork-non-linear,1,42,hybrid,HYBRID_ALPHA0.7_BETA0.3,0.7,0.3,100,0.75,0.03627,0.74183
fork-non-linear,2,43,hybrid,HYBRID_ALPHA0.7_BETA0.3,0.7,0.3,100,0.775,0.0271,0.43212
fork-non-linear,3,44,hybrid,HYBRID_ALPHA0.7_BETA0.3,0.7,0.3,100,0.6,0.01711,0.32626
fork-non-linear,4,45,hybrid,HYBRID_ALPHA0.7_BETA0.3,0.7,0.3,100,0.525,0.01496,0.31865
fork-non-linear,5,46,hybrid,HYBRID_ALPHA0.7_BETA0.3,0.7,0.3,100,0.6,0.02305,0.53435
fork-non-linear,6,47,hybrid,HYBRID_ALPHA0.7_BETA0.3,0.7,0.3,100,0.65,0.02797,0.33173
fork-non-linear,7,48,hybrid,HYBRID_ALPHA0.7_BETA0.3,0.7,0.3,100,0.6,0.03746,0.56798
fork-non-linear,8,49,hybrid,HYBRID_ALPHA0.7_BETA0.3,0.7,0.3,100,0.55,0.02788,0.43147
fork-non-linear,9,50,hybrid,HYBRID_ALPHA0.7_BETA0.3,0.7,0.3,100,0.625,0.03568,0.77854
fork-non-linear,10,51,hybrid,HYBRID_ALPHA0.7_BETA0.3,0.7,0.3,100,0.6,0.02393,0.31568
fork-non-linear,1,42,hybrid,HYBRID_ALPHA0.6_BETA0.4,0.6,0.4,100,0.825,0.03384,0.65614
fork-non-linear,2,43,hybrid,HYBRID_ALPHA0.6_BETA0.4,0.6,0.4,100,0.725,0.02702,0.43895
fork-non-linear,3,44,hybrid,HYBRID_ALPHA0.6_BETA0.4,0.6,0.4,100,0.65,0.01836,0.39673
fork-non-linear,4,45,hybrid,HYBRID_ALPHA0.6_BETA0.4,0.6,0.4,100,0.525,0.0136,0.36971
fork-non-linear,5,46,hybrid,HYBRID_ALPHA0.6_BETA0.4,0.6,0.4,100,0.65,0.02175,0.7821
fork-non-linear,6,47,hybrid,HYBRID_ALPHA0.6_BETA0.4,0.6,0.4,100,0.65,0.02563,0.44519
fork-non-linear,7,48,hybrid,HYBRID_ALPHA0.6_BETA0.4,0.6,0.4,100,0.6,0.03987,0.56115
fork-non-linear,8,49,hybrid,HYBRID_ALPHA0.6_BETA0.4,0.6,0.4,100,0.575,0.02697,0.4507
fork-non-linear,9,50,hybrid,HYBRID_ALPHA0.6_BETA0.4,0.6,0.4,100,0.675,0.03128,0.7782
fork-non-linear,10,51,hybrid,HYBRID_ALPHA0.6_BETA0.4,0.6,0.4,100,0.6,0.02704,0.49324
fork-non-linear,1,42,hybrid,HYBRID_ALPHA0.5_BETA0.5,0.5,0.5,100,0.725,0.02341,0.30264
fork-non-linear,2,43,hybrid,HYBRID_ALPHA0.5_BETA0.5,0.5,0.5,100,0.775,0.02682,0.43446
fork-non-linear,3,44,hybrid,HYBRID_ALPHA0.5_BETA0.5,0.5,0.5,100,0.575,0.01767,0.32527
fork-non-linear,4,45,hybrid,HYBRID_ALPHA0.5_BETA0.5,0.5,0.5,100,0.575,0.01825,0.62479
fork-non-linear,5,46,hybrid,HYBRID_ALPHA0.5_BETA0.5,0.5,0.5,100,0.6,0.02323,0.64273
fork-non-linear,6,47,hybrid,HYBRID_ALPHA0.5_BETA0.5,0.5,0.5,100,0.7,0.02705,0.50281
fork-non-linear,7,48,hybrid,HYBRID_ALPHA0.5_BETA0.5,0.5,0.5,100,0.7,0.09097,0.68978
fork-non-linear,8,49,hybrid,HYBRID_ALPHA0.5_BETA0.5,0.5,0.5,100,0.55,0.029,0.6907
fork-non-linear,9,50,hybrid,HYBRID_ALPHA0.5_BETA0.5,0.5,0.5,100,0.55,0.01986,0.58239
fork-non-linear,10,51,hybrid,HYBRID_ALPHA0.5_BETA0.5,0.5,0.5,100,0.625,0.02719,0.52606
fork-non-linear,1,42,hybrid,HYBRID_ALPHA0.4_BETA0.6,0.4,0.6,100,0.675,0.02205,0.30221
fork-non-linear,2,43,hybrid,HYBRID_ALPHA0.4_BETA0.6,0.4,0.6,100,0.725,0.03026,0.43383
fork-non-linear,3,44,hybrid,HYBRID_ALPHA0.4_BETA0.6,0.4,0.6,100,0.575,0.01746,0.32995
fork-non-linear,4,45,hybrid,HYBRID_ALPHA0.4_BETA0.6,0.4,0.6,100,0.65,0.01833,0.64448
fork-non-linear,5,46,hybrid,HYBRID_ALPHA0.4_BETA0.6,0.4,0.6,100,0.65,0.02358,0.6802
fork-non-linear,6,47,hybrid,HYBRID_ALPHA0.4_BETA0.6,0.4,0.6,100,0.725,0.02511,0.69536
fork-non-linear,7,48,hybrid,HYBRID_ALPHA0.4_BETA0.6,0.4,0.6,100,0.65,0.10123,0.69095
fork-non-linear,8,49,hybrid,HYBRID_ALPHA0.4_BETA0.6,0.4,0.6,100,0.575,0.02198,0.72377
fork-non-linear,9,50,hybrid,HYBRID_ALPHA0.4_BETA0.6,0.4,0.6,100,0.575,0.0193,0.62807
fork-non-linear,10,51,hybrid,HYBRID_ALPHA0.4_BETA0.6,0.4,0.6,100,0.6,0.02709,0.54703
fork-non-linear,1,42,hybrid,HYBRID_ALPHA0.3_BETA0.7,0.3,0.7,100,0.675,0.02237,0.31731
fork-non-linear,2,43,hybrid,HYBRID_ALPHA0.3_BETA0.7,0.3,0.7,100,0.75,0.03077,0.43578
fork-non-linear,3,44,hybrid,HYBRID_ALPHA0.3_BETA0.7,0.3,0.7,100,0.625,0.01782,0.41389
fork-non-linear,4,45,hybrid,HYBRID_ALPHA0.3_BETA0.7,0.3,0.7,100,0.6,0.01757,0.67057
fork-non-linear,5,46,hybrid,HYBRID_ALPHA0.3_BETA0.7,0.3,0.7,100,0.6,0.01849,0.66439
fork-non-linear,6,47,hybrid,HYBRID_ALPHA0.3_BETA0.7,0.3,0.7,100,0.575,0.02101,0.33011
fork-non-linear,7,48,hybrid,HYBRID_ALPHA0.3_BETA0.7,0.3,0.7,100,0.7,0.0425,0.69811
fork-non-linear,8,49,hybrid,HYBRID_ALPHA0.3_BETA0.7,0.3,0.7,100,0.575,0.02203,0.75036
fork-non-linear,9,50,hybrid,HYBRID_ALPHA0.3_BETA0.7,0.3,0.7,100,0.575,0.01993,0.67298
fork-non-linear,10,51,hybrid,HYBRID_ALPHA0.3_BETA0.7,0.3,0.7,100,0.625,0.02867,0.50745
fork-non-linear,1,42,hybrid,HYBRID_ALPHA0.2_BETA0.8,0.2,0.8,100,0.725,0.0235,0.41169
fork-non-linear,2,43,hybrid,HYBRID_ALPHA0.2_BETA0.8,0.2,0.8,100,0.725,0.03001,0.50737
fork-non-linear,3,44,hybrid,HYBRID_ALPHA0.2_BETA0.8,0.2,0.8,100,0.675,0.01547,0.36072
fork-non-linear,4,45,hybrid,HYBRID_ALPHA0.2_BETA0.8,0.2,0.8,100,0.675,0.01817,0.69469
fork-non-linear,5,46,hybrid,HYBRID_ALPHA0.2_BETA0.8,0.2,0.8,100,0.7,0.02201,0.73469
fork-non-linear,6,47,hybrid,HYBRID_ALPHA0.2_BETA0.8,0.2,0.8,100,0.675,0.02124,0.34773
fork-non-linear,7,48,hybrid,HYBRID_ALPHA0.2_BETA0.8,0.2,0.8,100,0.725,0.04666,0.71286
fork-non-linear,8,49,hybrid,HYBRID_ALPHA0.2_BETA0.8,0.2,0.8,100,0.725,0.02624,0.79415
fork-non-linear,9,50,hybrid,HYBRID_ALPHA0.2_BETA0.8,0.2,0.8,100,0.6,0.01945,0.70457
fork-non-linear,10,51,hybrid,HYBRID_ALPHA0.2_BETA0.8,0.2,0.8,100,0.65,0.0206,0.33884
simpson-non-linear,1,42,mse,MSE,1.0,0.0,50,0.675,0.04905,0.62136
simpson-non-linear,2,43,mse,MSE,1.0,0.0,50,0.675,0.03741,0.38288
simpson-non-linear,3,44,mse,MSE,1.0,0.0,50,0.625,0.05085,0.40219
simpson-non-linear,4,45,mse,MSE,1.0,0.0,50,0.575,0.05219,0.83781
simpson-non-linear,5,46,mse,MSE,1.0,0.0,50,0.675,0.0419,0.6103
simpson-non-linear,6,47,mse,MSE,1.0,0.0,50,0.7,0.0468,0.50892
simpson-non-linear,7,48,mse,MSE,1.0,0.0,50,0.75,0.04615,0.46355
simpson-non-linear,8,49,mse,MSE,1.0,0.0,50,0.625,0.06064,0.62245
simpson-non-linear,9,50,mse,MSE,1.0,0.0,50,0.625,0.04268,0.43348
simpson-non-linear,10,51,mse,MSE,1.0,0.0,50,0.725,0.06095,0.84193
simpson-non-linear,1,42,hybrid,HYBRID_ALPHA0.9_BETA0.1,0.9,0.1,50,0.5,0.04813,0.6528
simpson-non-linear,2,43,hybrid,HYBRID_ALPHA0.9_BETA0.1,0.9,0.1,50,0.65,0.03493,0.36642
simpson-non-linear,3,44,hybrid,HYBRID_ALPHA0.9_BETA0.1,0.9,0.1,50,0.6,0.05023,0.40123
simpson-non-linear,4,45,hybrid,HYBRID_ALPHA0.9_BETA0.1,0.9,0.1,50,0.575,0.05164,0.83782
simpson-non-linear,5,46,hybrid,HYBRID_ALPHA0.9_BETA0.1,0.9,0.1,50,0.625,0.04088,0.61146
simpson-non-linear,6,47,hybrid,HYBRID_ALPHA0.9_BETA0.1,0.9,0.1,50,0.65,0.04595,0.52505
simpson-non-linear,7,48,hybrid,HYBRID_ALPHA0.9_BETA0.1,0.9,0.1,50,0.675,0.04445,0.4656
simpson-non-linear,8,49,hybrid,HYBRID_ALPHA0.9_BETA0.1,0.9,0.1,50,0.65,0.05564,0.49767
simpson-non-linear,9,50,hybrid,HYBRID_ALPHA0.9_BETA0.1,0.9,0.1,50,0.65,0.04901,0.42239
simpson-non-linear,10,51,hybrid,HYBRID_ALPHA0.9_BETA0.1,0.9,0.1,50,0.725,0.05644,0.84193
simpson-non-linear,1,42,hybrid,HYBRID_ALPHA0.8_BETA0.2,0.8,0.2,50,0.6,0.04856,0.64165
simpson-non-linear,2,43,hybrid,HYBRID_ALPHA0.8_BETA0.2,0.8,0.2,50,0.625,0.03485,0.36296
simpson-non-linear,3,44,hybrid,HYBRID_ALPHA0.8_BETA0.2,0.8,0.2,50,0.6,0.0514,0.37749
simpson-non-linear,4,45,hybrid,HYBRID_ALPHA0.8_BETA0.2,0.8,0.2,50,0.55,0.05024,0.83787
simpson-non-linear,5,46,hybrid,HYBRID_ALPHA0.8_BETA0.2,0.8,0.2,50,0.625,0.03634,0.66394
simpson-non-linear,6,47,hybrid,HYBRID_ALPHA0.8_BETA0.2,0.8,0.2,50,0.65,0.0455,0.54148
simpson-non-linear,7,48,hybrid,HYBRID_ALPHA0.8_BETA0.2,0.8,0.2,50,0.625,0.0415,0.52035
simpson-non-linear,8,49,hybrid,HYBRID_ALPHA0.8_BETA0.2,0.8,0.2,50,0.65,0.06223,0.60007
simpson-non-linear,9,50,hybrid,HYBRID_ALPHA0.8_BETA0.2,0.8,0.2,50,0.6,0.04679,0.40861
simpson-non-linear,10,51,hybrid,HYBRID_ALPHA0.8_BETA0.2,0.8,0.2,50,0.675,0.05593,0.84193
simpson-non-linear,1,42,hybrid,HYBRID_ALPHA0.7_BETA0.3,0.7,0.3,50,0.575,0.04622,0.65682
simpson-non-linear,2,43,hybrid,HYBRID_ALPHA0.7_BETA0.3,0.7,0.3,50,0.575,0.03396,0.36449
simpson-non-linear,3,44,hybrid,HYBRID_ALPHA0.7_BETA0.3,0.7,0.3,50,0.6,0.04788,0.37685
simpson-non-linear,4,45,hybrid,HYBRID_ALPHA0.7_BETA0.3,0.7,0.3,50,0.55,0.04996,0.83776
simpson-non-linear,5,46,hybrid,HYBRID_ALPHA0.7_BETA0.3,0.7,0.3,50,0.625,0.03674,0.64824
simpson-non-linear,6,47,hybrid,HYBRID_ALPHA0.7_BETA0.3,0.7,0.3,50,0.725,0.04939,0.53552
simpson-non-linear,7,48,hybrid,HYBRID_ALPHA0.7_BETA0.3,0.7,0.3,50,0.625,0.03923,0.41108
simpson-non-linear,8,49,hybrid,HYBRID_ALPHA0.7_BETA0.3,0.7,0.3,50,0.575,0.04882,0.90427
simpson-non-linear,9,50,hybrid,HYBRID_ALPHA0.7_BETA0.3,0.7,0.3,50,0.625,0.04738,0.41349
simpson-non-linear,10,51,hybrid,HYBRID_ALPHA0.7_BETA0.3,0.7,0.3,50,0.675,0.05549,0.84195
simpson-non-linear,1,42,hybrid,HYBRID_ALPHA0.6_BETA0.4,0.6,0.4,50,0.55,0.0471,0.61986
simpson-non-linear,2,43,hybrid,HYBRID_ALPHA0.6_BETA0.4,0.6,0.4,50,0.625,0.03329,0.3692
simpson-non-linear,3,44,hybrid,HYBRID_ALPHA0.6_BETA0.4,0.6,0.4,50,0.6,0.04324,0.40395
simpson-non-linear,4,45,hybrid,HYBRID_ALPHA0.6_BETA0.4,0.6,0.4,50,0.625,0.05297,0.83794
simpson-non-linear,5,46,hybrid,HYBRID_ALPHA0.6_BETA0.4,0.6,0.4,50,0.625,0.03598,0.61082
simpson-non-linear,6,47,hybrid,HYBRID_ALPHA0.6_BETA0.4,0.6,0.4,50,0.725,0.04993,0.53231
simpson-non-linear,7,48,hybrid,HYBRID_ALPHA0.6_BETA0.4,0.6,0.4,50,0.625,0.03823,0.43455
simpson-non-linear,8,49,hybrid,HYBRID_ALPHA0.6_BETA0.4,0.6,0.4,50,0.575,0.05129,0.63442
simpson-non-linear,9,50,hybrid,HYBRID_ALPHA0.6_BETA0.4,0.6,0.4,50,0.65,0.04584,0.43507
simpson-non-linear,10,51,hybrid,HYBRID_ALPHA0.6_BETA0.4,0.6,0.4,50,0.725,0.0553,0.84205
simpson-non-linear,1,42,hybrid,HYBRID_ALPHA0.5_BETA0.5,0.5,0.5,50,0.65,0.04812,0.65891
simpson-non-linear,2,43,hybrid,HYBRID_ALPHA0.5_BETA0.5,0.5,0.5,50,0.575,0.03297,0.38403
simpson-non-linear,3,44,hybrid,HYBRID_ALPHA0.5_BETA0.5,0.5,0.5,50,0.6,0.04414,0.38169
simpson-non-linear,4,45,hybrid,HYBRID_ALPHA0.5_BETA0.5,0.5,0.5,50,0.65,0.05293,0.838
simpson-non-linear,5,46,hybrid,HYBRID_ALPHA0.5_BETA0.5,0.5,0.5,50,0.7,0.04719,0.6249
simpson-non-linear,6,47,hybrid,HYBRID_ALPHA0.5_BETA0.5,0.5,0.5,50,0.675,0.04702,0.55275
simpson-non-linear,7,48,hybrid,HYBRID_ALPHA0.5_BETA0.5,0.5,0.5,50,0.625,0.03726,0.46376
simpson-non-linear,8,49,hybrid,HYBRID_ALPHA0.5_BETA0.5,0.5,0.5,50,0.625,0.04827,0.63353
simpson-non-linear,9,50,hybrid,HYBRID_ALPHA0.5_BETA0.5,0.5,0.5,50,0.625,0.04701,0.46353
simpson-non-linear,10,51,hybrid,HYBRID_ALPHA0.5_BETA0.5,0.5,0.5,50,0.675,0.0557,0.84211
simpson-non-linear,1,42,hybrid,HYBRID_ALPHA0.4_BETA0.6,0.4,0.6,50,0.6,0.04836,0.64948
simpson-non-linear,2,43,hybrid,HYBRID_ALPHA0.4_BETA0.6,0.4,0.6,50,0.65,0.03284,0.40389
simpson-non-linear,3,44,hybrid,HYBRID_ALPHA0.4_BETA0.6,0.4,0.6,50,0.575,0.04163,0.39634
simpson-non-linear,4,45,hybrid,HYBRID_ALPHA0.4_BETA0.6,0.4,0.6,50,0.65,0.05287,0.83766
simpson-non-linear,5,46,hybrid,HYBRID_ALPHA0.4_BETA0.6,0.4,0.6,50,0.65,0.0465,0.63258
simpson-non-linear,6,47,hybrid,HYBRID_ALPHA0.4_BETA0.6,0.4,0.6,50,0.675,0.05046,0.54626
simpson-non-linear,7,48,hybrid,HYBRID_ALPHA0.4_BETA0.6,0.4,0.6,50,0.675,0.03859,0.50401
simpson-non-linear,8,49,hybrid,HYBRID_ALPHA0.4_BETA0.6,0.4,0.6,50,0.575,0.04575,1.0087
simpson-non-linear,9,50,hybrid,HYBRID_ALPHA0.4_BETA0.6,0.4,0.6,50,0.7,0.04433,0.56216
simpson-non-linear,10,51,hybrid,HYBRID_ALPHA0.4_BETA0.6,0.4,0.6,50,0.675,0.05512,0.84263
simpson-non-linear,1,42,hybrid,HYBRID_ALPHA0.3_BETA0.7,0.3,0.7,50,0.65,0.04342,0.81992
simpson-non-linear,2,43,hybrid,HYBRID_ALPHA0.3_BETA0.7,0.3,0.7,50,0.7,0.0325,0.42671
simpson-non-linear,3,44,hybrid,HYBRID_ALPHA0.3_BETA0.7,0.3,0.7,50,0.525,0.04066,0.43373
simpson-non-linear,4,45,hybrid,HYBRID_ALPHA0.3_BETA0.7,0.3,0.7,50,0.65,0.05262,0.83769
simpson-non-linear,5,46,hybrid,HYBRID_ALPHA0.3_BETA0.7,0.3,0.7,50,0.625,0.03387,0.64897
simpson-non-linear,6,47,hybrid,HYBRID_ALPHA0.3_BETA0.7,0.3,0.7,50,0.675,0.04994,0.60923
simpson-non-linear,7,48,hybrid,HYBRID_ALPHA0.3_BETA0.7,0.3,0.7,50,0.625,0.03923,0.60469
simpson-non-linear,8,49,hybrid,HYBRID_ALPHA0.3_BETA0.7,0.3,0.7,50,0.65,0.04433,1.01696
simpson-non-linear,9,50,hybrid,HYBRID_ALPHA0.3_BETA0.7,0.3,0.7,50,0.65,0.04759,0.50556
simpson-non-linear,10,51,hybrid,HYBRID_ALPHA0.3_BETA0.7,0.3,0.7,50,0.65,0.05472,0.84286
simpson-non-linear,1,42,hybrid,HYBRID_ALPHA0.2_BETA0.8,0.2,0.8,50,0.65,0.04203,0.96497
simpson-non-linear,2,43,hybrid,HYBRID_ALPHA0.2_BETA0.8,0.2,0.8,50,0.65,0.03448,0.39746
simpson-non-linear,3,44,hybrid,HYBRID_ALPHA0.2_BETA0.8,0.2,0.8,50,0.6,0.04131,0.47768
simpson-non-linear,4,45,hybrid,HYBRID_ALPHA0.2_BETA0.8,0.2,0.8,50,0.7,0.05108,0.83781
simpson-non-linear,5,46,hybrid,HYBRID_ALPHA0.2_BETA0.8,0.2,0.8,50,0.675,0.03045,0.59948
simpson-non-linear,6,47,hybrid,HYBRID_ALPHA0.2_BETA0.8,0.2,0.8,50,0.625,0.05628,0.83865
simpson-non-linear,7,48,hybrid,HYBRID_ALPHA0.2_BETA0.8,0.2,0.8,50,0.65,0.04149,0.63423
simpson-non-linear,8,49,hybrid,HYBRID_ALPHA0.2_BETA0.8,0.2,0.8,50,0.675,0.04324,0.72578
simpson-non-linear,9,50,hybrid,HYBRID_ALPHA0.2_BETA0.8,0.2,0.8,50,0.775,0.05163,0.69207
simpson-non-linear,10,51,hybrid,HYBRID_ALPHA0.2_BETA0.8,0.2,0.8,50,0.65,0.05506,0.84325
simpson-non-linear,1,42,mse,MSE,1.0,0.0,100,0.6,0.03811,0.4427
simpson-non-linear,2,43,mse,MSE,1.0,0.0,100,0.675,0.03995,0.45895
simpson-non-linear,3,44,mse,MSE,1.0,0.0,100,0.6,0.03949,0.36047
simpson-non-linear,4,45,mse,MSE,1.0,0.0,100,0.575,0.03435,0.36898
simpson-non-linear,5,46,mse,MSE,1.0,0.0,100,0.575,0.03765,0.51333
simpson-non-linear,6,47,mse,MSE,1.0,0.0,100,0.775,0.05045,0.397
simpson-non-linear,7,48,mse,MSE,1.0,0.0,100,0.7,0.05347,0.64377
simpson-non-linear,8,49,mse,MSE,1.0,0.0,100,0.575,0.04033,0.39177
simpson-non-linear,9,50,mse,MSE,1.0,0.0,100,0.575,0.04216,0.62024
simpson-non-linear,10,51,mse,MSE,1.0,0.0,100,0.75,0.05731,0.59251
simpson-non-linear,1,42,hybrid,HYBRID_ALPHA0.9_BETA0.1,0.9,0.1,100,0.6,0.0375,0.43778
simpson-non-linear,2,43,hybrid,HYBRID_ALPHA0.9_BETA0.1,0.9,0.1,100,0.625,0.03936,0.48454
simpson-non-linear,3,44,hybrid,HYBRID_ALPHA0.9_BETA0.1,0.9,0.1,100,0.6,0.03937,0.35443
simpson-non-linear,4,45,hybrid,HYBRID_ALPHA0.9_BETA0.1,0.9,0.1,100,0.6,0.03484,0.36987
simpson-non-linear,5,46,hybrid,HYBRID_ALPHA0.9_BETA0.1,0.9,0.1,100,0.625,0.03626,0.51718
simpson-non-linear,6,47,hybrid,HYBRID_ALPHA0.9_BETA0.1,0.9,0.1,100,0.75,0.05115,0.39615
simpson-non-linear,7,48,hybrid,HYBRID_ALPHA0.9_BETA0.1,0.9,0.1,100,0.7,0.0509,0.63998
simpson-non-linear,8,49,hybrid,HYBRID_ALPHA0.9_BETA0.1,0.9,0.1,100,0.625,0.04086,0.41023
simpson-non-linear,9,50,hybrid,HYBRID_ALPHA0.9_BETA0.1,0.9,0.1,100,0.6,0.04165,0.54568
simpson-non-linear,10,51,hybrid,HYBRID_ALPHA0.9_BETA0.1,0.9,0.1,100,0.8,0.05579,0.63467
simpson-non-linear,1,42,hybrid,HYBRID_ALPHA0.8_BETA0.2,0.8,0.2,100,0.6,0.04194,0.40545
simpson-non-linear,2,43,hybrid,HYBRID_ALPHA0.8_BETA0.2,0.8,0.2,100,0.65,0.03858,0.40665
simpson-non-linear,3,44,hybrid,HYBRID_ALPHA0.8_BETA0.2,0.8,0.2,100,0.65,0.03833,0.36314
simpson-non-linear,4,45,hybrid,HYBRID_ALPHA0.8_BETA0.2,0.8,0.2,100,0.55,0.0319,0.33288
simpson-non-linear,5,46,hybrid,HYBRID_ALPHA0.8_BETA0.2,0.8,0.2,100,0.625,0.03582,0.51421
simpson-non-linear,6,47,hybrid,HYBRID_ALPHA0.8_BETA0.2,0.8,0.2,100,0.825,0.05007,0.41604
simpson-non-linear,7,48,hybrid,HYBRID_ALPHA0.8_BETA0.2,0.8,0.2,100,0.75,0.05084,0.63702
simpson-non-linear,8,49,hybrid,HYBRID_ALPHA0.8_BETA0.2,0.8,0.2,100,0.625,0.04065,0.40416
simpson-non-linear,9,50,hybrid,HYBRID_ALPHA0.8_BETA0.2,0.8,0.2,100,0.625,0.04082,1.00681
simpson-non-linear,10,51,hybrid,HYBRID_ALPHA0.8_BETA0.2,0.8,0.2,100,0.75,0.05416,0.66221
simpson-non-linear,1,42,hybrid,HYBRID_ALPHA0.7_BETA0.3,0.7,0.3,100,0.575,0.0422,0.40899
simpson-non-linear,2,43,hybrid,HYBRID_ALPHA0.7_BETA0.3,0.7,0.3,100,0.675,0.03883,0.40734
simpson-non-linear,3,44,hybrid,HYBRID_ALPHA0.7_BETA0.3,0.7,0.3,100,0.6,0.03854,0.60134
simpson-non-linear,4,45,hybrid,HYBRID_ALPHA0.7_BETA0.3,0.7,0.3,100,0.65,0.0308,0.32933
simpson-non-linear,5,46,hybrid,HYBRID_ALPHA0.7_BETA0.3,0.7,0.3,100,0.6,0.03526,0.51359
simpson-non-linear,6,47,hybrid,HYBRID_ALPHA0.7_BETA0.3,0.7,0.3,100,0.8,0.04989,0.39108
simpson-non-linear,7,48,hybrid,HYBRID_ALPHA0.7_BETA0.3,0.7,0.3,100,0.75,0.04811,0.58159
simpson-non-linear,8,49,hybrid,HYBRID_ALPHA0.7_BETA0.3,0.7,0.3,100,0.625,0.03895,0.40871
simpson-non-linear,9,50,hybrid,HYBRID_ALPHA0.7_BETA0.3,0.7,0.3,100,0.625,0.04151,0.65126
simpson-non-linear,10,51,hybrid,HYBRID_ALPHA0.7_BETA0.3,0.7,0.3,100,0.725,0.05345,0.66314
simpson-non-linear,1,42,hybrid,HYBRID_ALPHA0.6_BETA0.4,0.6,0.4,100,0.6,0.04201,0.44335
simpson-non-linear,2,43,hybrid,HYBRID_ALPHA0.6_BETA0.4,0.6,0.4,100,0.675,0.03916,0.39241
simpson-non-linear,3,44,hybrid,HYBRID_ALPHA0.6_BETA0.4,0.6,0.4,100,0.65,0.03773,0.62853
simpson-non-linear,4,45,hybrid,HYBRID_ALPHA0.6_BETA0.4,0.6,0.4,100,0.6,0.03352,0.35158
simpson-non-linear,5,46,hybrid,HYBRID_ALPHA0.6_BETA0.4,0.6,0.4,100,0.625,0.03424,0.51158
simpson-non-linear,6,47,hybrid,HYBRID_ALPHA0.6_BETA0.4,0.6,0.4,100,0.725,0.05081,0.3437
simpson-non-linear,7,48,hybrid,HYBRID_ALPHA0.6_BETA0.4,0.6,0.4,100,0.75,0.04788,0.59058
simpson-non-linear,8,49,hybrid,HYBRID_ALPHA0.6_BETA0.4,0.6,0.4,100,0.7,0.03782,0.39412
simpson-non-linear,9,50,hybrid,HYBRID_ALPHA0.6_BETA0.4,0.6,0.4,100,0.675,0.04238,0.54428
simpson-non-linear,10,51,hybrid,HYBRID_ALPHA0.6_BETA0.4,0.6,0.4,100,0.7,0.05695,0.68857
simpson-non-linear,1,42,hybrid,HYBRID_ALPHA0.5_BETA0.5,0.5,0.5,100,0.6,0.04079,0.44733
simpson-non-linear,2,43,hybrid,HYBRID_ALPHA0.5_BETA0.5,0.5,0.5,100,0.7,0.04104,0.37507
simpson-non-linear,3,44,hybrid,HYBRID_ALPHA0.5_BETA0.5,0.5,0.5,100,0.65,0.03923,0.58695
simpson-non-linear,4,45,hybrid,HYBRID_ALPHA0.5_BETA0.5,0.5,0.5,100,0.6,0.02985,0.35958
simpson-non-linear,5,46,hybrid,HYBRID_ALPHA0.5_BETA0.5,0.5,0.5,100,0.625,0.03368,0.51653
simpson-non-linear,6,47,hybrid,HYBRID_ALPHA0.5_BETA0.5,0.5,0.5,100,0.675,0.05164,0.3398
simpson-non-linear,7,48,hybrid,HYBRID_ALPHA0.5_BETA0.5,0.5,0.5,100,0.7,0.04742,0.61601
simpson-non-linear,8,49,hybrid,HYBRID_ALPHA0.5_BETA0.5,0.5,0.5,100,0.725,0.03912,0.39374
simpson-non-linear,9,50,hybrid,HYBRID_ALPHA0.5_BETA0.5,0.5,0.5,100,0.625,0.04167,0.54234
simpson-non-linear,10,51,hybrid,HYBRID_ALPHA0.5_BETA0.5,0.5,0.5,100,0.7,0.05175,0.69172
simpson-non-linear,1,42,hybrid,HYBRID_ALPHA0.4_BETA0.6,0.4,0.6,100,0.65,0.03859,0.35486
simpson-non-linear,2,43,hybrid,HYBRID_ALPHA0.4_BETA0.6,0.4,0.6,100,0.65,0.03941,0.36556
simpson-non-linear,3,44,hybrid,HYBRID_ALPHA0.4_BETA0.6,0.4,0.6,100,0.65,0.04003,0.59113
simpson-non-linear,4,45,hybrid,HYBRID_ALPHA0.4_BETA0.6,0.4,0.6,100,0.625,0.02879,0.35702
simpson-non-linear,5,46,hybrid,HYBRID_ALPHA0.4_BETA0.6,0.4,0.6,100,0.6,0.04331,0.35618
simpson-non-linear,6,47,hybrid,HYBRID_ALPHA0.4_BETA0.6,0.4,0.6,100,0.6,0.04181,0.34685
simpson-non-linear,7,48,hybrid,HYBRID_ALPHA0.4_BETA0.6,0.4,0.6,100,0.675,0.04868,0.54571
simpson-non-linear,8,49,hybrid,HYBRID_ALPHA0.4_BETA0.6,0.4,0.6,100,0.725,0.03702,0.36234
simpson-non-linear,9,50,hybrid,HYBRID_ALPHA0.4_BETA0.6,0.4,0.6,100,0.675,0.03832,0.61869
simpson-non-linear,10,51,hybrid,HYBRID_ALPHA0.4_BETA0.6,0.4,0.6,100,0.625,0.05856,0.69852
simpson-non-linear,1,42,hybrid,HYBRID_ALPHA0.3_BETA0.7,0.3,0.7,100,0.675,0.03644,0.37955
simpson-non-linear,2,43,hybrid,HYBRID_ALPHA0.3_BETA0.7,0.3,0.7,100,0.65,0.04009,0.35869
simpson-non-linear,3,44,hybrid,HYBRID_ALPHA0.3_BETA0.7,0.3,0.7,100,0.625,0.04031,0.6019
simpson-non-linear,4,45,hybrid,HYBRID_ALPHA0.3_BETA0.7,0.3,0.7,100,0.575,0.0291,0.35252
simpson-non-linear,5,46,hybrid,HYBRID_ALPHA0.3_BETA0.7,0.3,0.7,100,0.65,0.03882,0.58119
simpson-non-linear,6,47,hybrid,HYBRID_ALPHA0.3_BETA0.7,0.3,0.7,100,0.7,0.04779,0.61638
simpson-non-linear,7,48,hybrid,HYBRID_ALPHA0.3_BETA0.7,0.3,0.7,100,0.725,0.0474,0.5287
simpson-non-linear,8,49,hybrid,HYBRID_ALPHA0.3_BETA0.7,0.3,0.7,100,0.7,0.03595,0.35149
simpson-non-linear,9,50,hybrid,HYBRID_ALPHA0.3_BETA0.7,0.3,0.7,100,0.65,0.03925,0.66826
simpson-non-linear,10,51,hybrid,HYBRID_ALPHA0.3_BETA0.7,0.3,0.7,100,0.65,0.05281,0.6916
simpson-non-linear,1,42,hybrid,HYBRID_ALPHA0.2_BETA0.8,0.2,0.8,100,0.7,0.03715,0.37216
simpson-non-linear,2,43,hybrid,HYBRID_ALPHA0.2_BETA0.8,0.2,0.8,100,0.675,0.04009,0.59159
simpson-non-linear,3,44,hybrid,HYBRID_ALPHA0.2_BETA0.8,0.2,0.8,100,0.625,0.04298,0.62927
simpson-non-linear,4,45,hybrid,HYBRID_ALPHA0.2_BETA0.8,0.2,0.8,100,0.7,0.04401,0.61717
simpson-non-linear,5,46,hybrid,HYBRID_ALPHA0.2_BETA0.8,0.2,0.8,100,0.625,0.04247,0.64105
simpson-non-linear,6,47,hybrid,HYBRID_ALPHA0.2_BETA0.8,0.2,0.8,100,0.6,0.04052,0.3701
simpson-non-linear,7,48,hybrid,HYBRID_ALPHA0.2_BETA0.8,0.2,0.8,100,0.65,0.04479,0.50815
simpson-non-linear,8,49,hybrid,HYBRID_ALPHA0.2_BETA0.8,0.2,0.8,100,0.625,0.04067,0.4844
simpson-non-linear,9,50,hybrid,HYBRID_ALPHA0.2_BETA0.8,0.2,0.8,100,0.625,0.04628,0.73523
simpson-non-linear,10,51,hybrid,HYBRID_ALPHA0.2_BETA0.8,0.2,0.8,100,0.65,0.04903,0.7415
simpson-symprod,1,42,mse,MSE,1.0,0.0,50,0.725,0.0426,0.62476
simpson-symprod,2,43,mse,MSE,1.0,0.0,50,0.625,0.05023,0.65908
simpson-symprod,3,44,mse,MSE,1.0,0.0,50,0.575,0.03317,0.60393
simpson-symprod,4,45,mse,MSE,1.0,0.0,50,0.85,0.05855,0.84021
simpson-symprod,5,46,mse,MSE,1.0,0.0,50,0.65,0.03577,0.62953
simpson-symprod,6,47,mse,MSE,1.0,0.0,50,0.8,0.03965,0.67198
simpson-symprod,7,48,mse,MSE,1.0,0.0,50,0.7,0.0473,0.66986
simpson-symprod,8,49,mse,MSE,1.0,0.0,50,0.725,0.04915,0.68196
simpson-symprod,9,50,mse,MSE,1.0,0.0,50,0.675,0.02807,0.64557
simpson-symprod,10,51,mse,MSE,1.0,0.0,50,0.7,0.05043,0.58439
simpson-symprod,1,42,hybrid,HYBRID_ALPHA0.9_BETA0.1,0.9,0.1,50,0.725,0.03654,0.54533
simpson-symprod,2,43,hybrid,HYBRID_ALPHA0.9_BETA0.1,0.9,0.1,50,0.6,0.05243,0.65578
simpson-symprod,3,44,hybrid,HYBRID_ALPHA0.9_BETA0.1,0.9,0.1,50,0.55,0.03341,0.58577
simpson-symprod,4,45,hybrid,HYBRID_ALPHA0.9_BETA0.1,0.9,0.1,50,0.825,0.07407,0.90211
simpson-symprod,5,46,hybrid,HYBRID_ALPHA0.9_BETA0.1,0.9,0.1,50,0.65,0.03798,0.62554
simpson-symprod,6,47,hybrid,HYBRID_ALPHA0.9_BETA0.1,0.9,0.1,50,0.75,0.03768,0.58858
simpson-symprod,7,48,hybrid,HYBRID_ALPHA0.9_BETA0.1,0.9,0.1,50,0.575,0.04888,0.70014
simpson-symprod,8,49,hybrid,HYBRID_ALPHA0.9_BETA0.1,0.9,0.1,50,0.675,0.04742,0.68199
simpson-symprod,9,50,hybrid,HYBRID_ALPHA0.9_BETA0.1,0.9,0.1,50,0.725,0.0282,0.67792
simpson-symprod,10,51,hybrid,HYBRID_ALPHA0.9_BETA0.1,0.9,0.1,50,0.725,0.04852,0.60961
simpson-symprod,1,42,hybrid,HYBRID_ALPHA0.8_BETA0.2,0.8,0.2,50,0.675,0.03765,0.64352
simpson-symprod,2,43,hybrid,HYBRID_ALPHA0.8_BETA0.2,0.8,0.2,50,0.625,0.04973,0.65562
simpson-symprod,3,44,hybrid,HYBRID_ALPHA0.8_BETA0.2,0.8,0.2,50,0.6,0.03323,0.56184
simpson-symprod,4,45,hybrid,HYBRID_ALPHA0.8_BETA0.2,0.8,0.2,50,0.85,0.0744,0.81649
simpson-symprod,5,46,hybrid,HYBRID_ALPHA0.8_BETA0.2,0.8,0.2,50,0.675,0.03842,0.62279
simpson-symprod,6,47,hybrid,HYBRID_ALPHA0.8_BETA0.2,0.8,0.2,50,0.75,0.03802,0.58712
simpson-symprod,7,48,hybrid,HYBRID_ALPHA0.8_BETA0.2,0.8,0.2,50,0.625,0.04936,0.68799
simpson-symprod,8,49,hybrid,HYBRID_ALPHA0.8_BETA0.2,0.8,0.2,50,0.75,0.05168,0.68196
simpson-symprod,9,50,hybrid,HYBRID_ALPHA0.8_BETA0.2,0.8,0.2,50,0.675,0.02568,0.62266
simpson-symprod,10,51,hybrid,HYBRID_ALPHA0.8_BETA0.2,0.8,0.2,50,0.75,0.0499,0.60882
simpson-symprod,1,42,hybrid,HYBRID_ALPHA0.7_BETA0.3,0.7,0.3,50,0.7,0.04013,0.53855
simpson-symprod,2,43,hybrid,HYBRID_ALPHA0.7_BETA0.3,0.7,0.3,50,0.675,0.04277,0.65713
simpson-symprod,3,44,hybrid,HYBRID_ALPHA0.7_BETA0.3,0.7,0.3,50,0.575,0.03309,0.58671
simpson-symprod,4,45,hybrid,HYBRID_ALPHA0.7_BETA0.3,0.7,0.3,50,0.85,0.07365,1.22346
simpson-symprod,5,46,hybrid,HYBRID_ALPHA0.7_BETA0.3,0.7,0.3,50,0.65,0.03819,0.63146
simpson-symprod,6,47,hybrid,HYBRID_ALPHA0.7_BETA0.3,0.7,0.3,50,0.75,0.04294,0.66945
simpson-symprod,7,48,hybrid,HYBRID_ALPHA0.7_BETA0.3,0.7,0.3,50,0.625,0.05124,0.65669
simpson-symprod,8,49,hybrid,HYBRID_ALPHA0.7_BETA0.3,0.7,0.3,50,0.65,0.05118,0.68217
simpson-symprod,9,50,hybrid,HYBRID_ALPHA0.7_BETA0.3,0.7,0.3,50,0.675,0.03145,0.60466
simpson-symprod,10,51,hybrid,HYBRID_ALPHA0.7_BETA0.3,0.7,0.3,50,0.725,0.04832,0.6216
simpson-symprod,1,42,hybrid,HYBRID_ALPHA0.6_BETA0.4,0.6,0.4,50,0.575,0.03547,0.58754
simpson-symprod,2,43,hybrid,HYBRID_ALPHA0.6_BETA0.4,0.6,0.4,50,0.725,0.04293,0.65852
simpson-symprod,3,44,hybrid,HYBRID_ALPHA0.6_BETA0.4,0.6,0.4,50,0.575,0.0345,0.57167
simpson-symprod,4,45,hybrid,HYBRID_ALPHA0.6_BETA0.4,0.6,0.4,50,0.825,0.07464,0.76461
simpson-symprod,5,46,hybrid,HYBRID_ALPHA0.6_BETA0.4,0.6,0.4,50,0.65,0.03753,0.63101
simpson-symprod,6,47,hybrid,HYBRID_ALPHA0.6_BETA0.4,0.6,0.4,50,0.725,0.04676,0.65609
simpson-symprod,7,48,hybrid,HYBRID_ALPHA0.6_BETA0.4,0.6,0.4,50,0.6,0.05562,0.66827
simpson-symprod,8,49,hybrid,HYBRID_ALPHA0.6_BETA0.4,0.6,0.4,50,0.725,0.05292,0.68221
simpson-symprod,9,50,hybrid,HYBRID_ALPHA0.6_BETA0.4,0.6,0.4,50,0.675,0.03236,0.60694
simpson-symprod,10,51,hybrid,HYBRID_ALPHA0.6_BETA0.4,0.6,0.4,50,0.75,0.04785,0.75858
simpson-symprod,1,42,hybrid,HYBRID_ALPHA0.5_BETA0.5,0.5,0.5,50,0.7,0.03588,0.6198
simpson-symprod,2,43,hybrid,HYBRID_ALPHA0.5_BETA0.5,0.5,0.5,50,0.625,0.05062,0.65192
simpson-symprod,3,44,hybrid,HYBRID_ALPHA0.5_BETA0.5,0.5,0.5,50,0.7,0.04622,0.58955
simpson-symprod,4,45,hybrid,HYBRID_ALPHA0.5_BETA0.5,0.5,0.5,50,0.825,0.07601,0.64792
simpson-symprod,5,46,hybrid,HYBRID_ALPHA0.5_BETA0.5,0.5,0.5,50,0.75,0.04904,0.63077
simpson-symprod,6,47,hybrid,HYBRID_ALPHA0.5_BETA0.5,0.5,0.5,50,0.7,0.04965,0.6507
simpson-symprod,7,48,hybrid,HYBRID_ALPHA0.5_BETA0.5,0.5,0.5,50,0.6,0.05365,0.66746
simpson-symprod,8,49,hybrid,HYBRID_ALPHA0.5_BETA0.5,0.5,0.5,50,0.725,0.05235,0.68218
simpson-symprod,9,50,hybrid,HYBRID_ALPHA0.5_BETA0.5,0.5,0.5,50,0.75,0.03533,0.60308
simpson-symprod,10,51,hybrid,HYBRID_ALPHA0.5_BETA0.5,0.5,0.5,50,0.7,0.04581,0.6527
simpson-symprod,1,42,hybrid,HYBRID_ALPHA0.4_BETA0.6,0.4,0.6,50,0.725,0.05914,0.6447
simpson-symprod,2,43,hybrid,HYBRID_ALPHA0.4_BETA0.6,0.4,0.6,50,0.6,0.04719,0.65203
simpson-symprod,3,44,hybrid,HYBRID_ALPHA0.4_BETA0.6,0.4,0.6,50,0.675,0.0399,0.60939
simpson-symprod,4,45,hybrid,HYBRID_ALPHA0.4_BETA0.6,0.4,0.6,50,0.85,0.07598,0.64064
simpson-symprod,5,46,hybrid,HYBRID_ALPHA0.4_BETA0.6,0.4,0.6,50,0.725,0.0462,0.63603
simpson-symprod,6,47,hybrid,HYBRID_ALPHA0.4_BETA0.6,0.4,0.6,50,0.675,0.05039,0.65356
simpson-symprod,7,48,hybrid,HYBRID_ALPHA0.4_BETA0.6,0.4,0.6,50,0.625,0.055,0.66464
simpson-symprod,8,49,hybrid,HYBRID_ALPHA0.4_BETA0.6,0.4,0.6,50,0.775,0.04965,0.68206
simpson-symprod,9,50,hybrid,HYBRID_ALPHA0.4_BETA0.6,0.4,0.6,50,0.775,0.04003,0.59007
simpson-symprod,10,51,hybrid,HYBRID_ALPHA0.4_BETA0.6,0.4,0.6,50,0.675,0.04809,0.66706
simpson-symprod,1,42,hybrid,HYBRID_ALPHA0.3_BETA0.7,0.3,0.7,50,0.8,0.06919,0.65205
simpson-symprod,2,43,hybrid,HYBRID_ALPHA0.3_BETA0.7,0.3,0.7,50,0.6,0.04665,0.64108
simpson-symprod,3,44,hybrid,HYBRID_ALPHA0.3_BETA0.7,0.3,0.7,50,0.725,0.04147,0.53312
simpson-symprod,4,45,hybrid,HYBRID_ALPHA0.3_BETA0.7,0.3,0.7,50,0.85,0.07667,0.65389
simpson-symprod,5,46,hybrid,HYBRID_ALPHA0.3_BETA0.7,0.3,0.7,50,0.75,0.04252,0.63975
simpson-symprod,6,47,hybrid,HYBRID_ALPHA0.3_BETA0.7,0.3,0.7,50,0.8,0.05765,0.6645
simpson-symprod,7,48,hybrid,HYBRID_ALPHA0.3_BETA0.7,0.3,0.7,50,0.725,0.05262,0.6609
simpson-symprod,8,49,hybrid,HYBRID_ALPHA0.3_BETA0.7,0.3,0.7,50,0.725,0.04932,0.6818
simpson-symprod,9,50,hybrid,HYBRID_ALPHA0.3_BETA0.7,0.3,0.7,50,0.775,0.04307,0.74063
simpson-symprod,10,51,hybrid,HYBRID_ALPHA0.3_BETA0.7,0.3,0.7,50,0.675,0.04994,0.67947
simpson-symprod,1,42,hybrid,HYBRID_ALPHA0.2_BETA0.8,0.2,0.8,50,0.75,0.05089,0.66323
simpson-symprod,2,43,hybrid,HYBRID_ALPHA0.2_BETA0.8,0.2,0.8,50,0.725,0.05904,0.63528
simpson-symprod,3,44,hybrid,HYBRID_ALPHA0.2_BETA0.8,0.2,0.8,50,0.725,0.04571,0.53827
simpson-symprod,4,45,hybrid,HYBRID_ALPHA0.2_BETA0.8,0.2,0.8,50,0.875,0.06733,0.6677
simpson-symprod,5,46,hybrid,HYBRID_ALPHA0.2_BETA0.8,0.2,0.8,50,0.775,0.0453,0.64763
simpson-symprod,6,47,hybrid,HYBRID_ALPHA0.2_BETA0.8,0.2,0.8,50,0.725,0.05578,0.66802
simpson-symprod,7,48,hybrid,HYBRID_ALPHA0.2_BETA0.8,0.2,0.8,50,0.7,0.05391,0.65406
simpson-symprod,8,49,hybrid,HYBRID_ALPHA0.2_BETA0.8,0.2,0.8,50,0.675,0.0485,0.68189
simpson-symprod,9,50,hybrid,HYBRID_ALPHA0.2_BETA0.8,0.2,0.8,50,0.825,0.04006,0.72351
simpson-symprod,10,51,hybrid,HYBRID_ALPHA0.2_BETA0.8,0.2,0.8,50,0.7,0.05042,0.68603
simpson-symprod,1,42,mse,MSE,1.0,0.0,100,0.6,0.04472,0.69612
simpson-symprod,2,43,mse,MSE,1.0,0.0,100,0.7,0.03811,0.60003
simpson-symprod,3,44,mse,MSE,1.0,0.0,100,0.625,0.0508,0.64019
simpson-symprod,4,45,mse,MSE,1.0,0.0,100,0.525,0.03672,0.59453
simpson-symprod,5,46,mse,MSE,1.0,0.0,100,0.625,0.03028,0.57784
simpson-symprod,6,47,mse,MSE,1.0,0.0,100,0.825,0.06905,0.58807
simpson-symprod,7,48,mse,MSE,1.0,0.0,100,0.625,0.04464,0.61551
simpson-symprod,8,49,mse,MSE,1.0,0.0,100,0.575,0.04258,0.69202
simpson-symprod,9,50,mse,MSE,1.0,0.0,100,0.7,0.02801,0.73984
simpson-symprod,10,51,mse,MSE,1.0,0.0,100,0.85,0.07004,0.65068
simpson-symprod,1,42,hybrid,HYBRID_ALPHA0.9_BETA0.1,0.9,0.1,100,0.625,0.04479,0.69616
simpson-symprod,2,43,hybrid,HYBRID_ALPHA0.9_BETA0.1,0.9,0.1,100,0.625,0.03777,0.60129
simpson-symprod,3,44,hybrid,HYBRID_ALPHA0.9_BETA0.1,0.9,0.1,100,0.6,0.04815,0.63959
simpson-symprod,4,45,hybrid,HYBRID_ALPHA0.9_BETA0.1,0.9,0.1,100,0.55,0.03639,0.58987
simpson-symprod,5,46,hybrid,HYBRID_ALPHA0.9_BETA0.1,0.9,0.1,100,0.7,0.03184,0.64752
simpson-symprod,6,47,hybrid,HYBRID_ALPHA0.9_BETA0.1,0.9,0.1,100,0.8,0.06665,0.57091
simpson-symprod,7,48,hybrid,HYBRID_ALPHA0.9_BETA0.1,0.9,0.1,100,0.625,0.04422,0.61713
simpson-symprod,8,49,hybrid,HYBRID_ALPHA0.9_BETA0.1,0.9,0.1,100,0.7,0.04085,0.65914
simpson-symprod,9,50,hybrid,HYBRID_ALPHA0.9_BETA0.1,0.9,0.1,100,0.725,0.03089,0.59916
simpson-symprod,10,51,hybrid,HYBRID_ALPHA0.9_BETA0.1,0.9,0.1,100,0.8,0.06982,0.65132
simpson-symprod,1,42,hybrid,HYBRID_ALPHA0.8_BETA0.2,0.8,0.2,100,0.625,0.04477,0.69618
simpson-symprod,2,43,hybrid,HYBRID_ALPHA0.8_BETA0.2,0.8,0.2,100,0.7,0.03819,0.6005
simpson-symprod,3,44,hybrid,HYBRID_ALPHA0.8_BETA0.2,0.8,0.2,100,0.575,0.048,0.64005
simpson-symprod,4,45,hybrid,HYBRID_ALPHA0.8_BETA0.2,0.8,0.2,100,0.575,0.03641,0.58589
simpson-symprod,5,46,hybrid,HYBRID_ALPHA0.8_BETA0.2,0.8,0.2,100,0.675,0.03257,0.60684
simpson-symprod,6,47,hybrid,HYBRID_ALPHA0.8_BETA0.2,0.8,0.2,100,0.875,0.06809,0.57549
simpson-symprod,7,48,hybrid,HYBRID_ALPHA0.8_BETA0.2,0.8,0.2,100,0.55,0.04394,0.61927
simpson-symprod,8,49,hybrid,HYBRID_ALPHA0.8_BETA0.2,0.8,0.2,100,0.7,0.04396,0.62467
simpson-symprod,9,50,hybrid,HYBRID_ALPHA0.8_BETA0.2,0.8,0.2,100,0.7,0.03316,0.57023
simpson-symprod,10,51,hybrid,HYBRID_ALPHA0.8_BETA0.2,0.8,0.2,100,0.825,0.07261,0.65113
simpson-symprod,1,42,hybrid,HYBRID_ALPHA0.7_BETA0.3,0.7,0.3,100,0.7,0.04486,0.69618
simpson-symprod,2,43,hybrid,HYBRID_ALPHA0.7_BETA0.3,0.7,0.3,100,0.65,0.03984,0.60086
simpson-symprod,3,44,hybrid,HYBRID_ALPHA0.7_BETA0.3,0.7,0.3,100,0.6,0.0454,0.63384
simpson-symprod,4,45,hybrid,HYBRID_ALPHA0.7_BETA0.3,0.7,0.3,100,0.65,0.03688,0.62327
simpson-symprod,5,46,hybrid,HYBRID_ALPHA0.7_BETA0.3,0.7,0.3,100,0.7,0.03279,0.60091
simpson-symprod,6,47,hybrid,HYBRID_ALPHA0.7_BETA0.3,0.7,0.3,100,0.875,0.06657,0.57676
simpson-symprod,7,48,hybrid,HYBRID_ALPHA0.7_BETA0.3,0.7,0.3,100,0.75,0.04654,0.62275
simpson-symprod,8,49,hybrid,HYBRID_ALPHA0.7_BETA0.3,0.7,0.3,100,0.675,0.04462,0.61023
simpson-symprod,9,50,hybrid,HYBRID_ALPHA0.7_BETA0.3,0.7,0.3,100,0.65,0.03483,0.58133
simpson-symprod,10,51,hybrid,HYBRID_ALPHA0.7_BETA0.3,0.7,0.3,100,0.875,0.07373,0.65113
simpson-symprod,1,42,hybrid,HYBRID_ALPHA0.6_BETA0.4,0.6,0.4,100,0.6,0.04416,0.69619
simpson-symprod,2,43,hybrid,HYBRID_ALPHA0.6_BETA0.4,0.6,0.4,100,0.6,0.04107,0.59965
simpson-symprod,3,44,hybrid,HYBRID_ALPHA0.6_BETA0.4,0.6,0.4,100,0.575,0.04433,0.63369
simpson-symprod,4,45,hybrid,HYBRID_ALPHA0.6_BETA0.4,0.6,0.4,100,0.575,0.03666,0.58788
simpson-symprod,5,46,hybrid,HYBRID_ALPHA0.6_BETA0.4,0.6,0.4,100,0.675,0.0343,0.55793
simpson-symprod,6,47,hybrid,HYBRID_ALPHA0.6_BETA0.4,0.6,0.4,100,0.825,0.06778,0.58191
simpson-symprod,7,48,hybrid,HYBRID_ALPHA0.6_BETA0.4,0.6,0.4,100,0.7,0.04486,0.63077
simpson-symprod,8,49,hybrid,HYBRID_ALPHA0.6_BETA0.4,0.6,0.4,100,0.65,0.04411,0.61484
simpson-symprod,9,50,hybrid,HYBRID_ALPHA0.6_BETA0.4,0.6,0.4,100,0.675,0.03787,0.55584
simpson-symprod,10,51,hybrid,HYBRID_ALPHA0.6_BETA0.4,0.6,0.4,100,0.925,0.06807,0.65778
simpson-symprod,1,42,hybrid,HYBRID_ALPHA0.5_BETA0.5,0.5,0.5,100,0.575,0.04384,0.69621
simpson-symprod,2,43,hybrid,HYBRID_ALPHA0.5_BETA0.5,0.5,0.5,100,0.65,0.04356,0.59877
simpson-symprod,3,44,hybrid,HYBRID_ALPHA0.5_BETA0.5,0.5,0.5,100,0.6,0.04404,0.63486
simpson-symprod,4,45,hybrid,HYBRID_ALPHA0.5_BETA0.5,0.5,0.5,100,0.675,0.0387,0.63322
simpson-symprod,5,46,hybrid,HYBRID_ALPHA0.5_BETA0.5,0.5,0.5,100,0.675,0.0349,0.58409
simpson-symprod,6,47,hybrid,HYBRID_ALPHA0.5_BETA0.5,0.5,0.5,100,0.875,0.05962,0.5879
simpson-symprod,7,48,hybrid,HYBRID_ALPHA0.5_BETA0.5,0.5,0.5,100,0.75,0.04841,0.63445
simpson-symprod,8,49,hybrid,HYBRID_ALPHA0.5_BETA0.5,0.5,0.5,100,0.675,0.04504,0.61463
simpson-symprod,9,50,hybrid,HYBRID_ALPHA0.5_BETA0.5,0.5,0.5,100,0.625,0.03661,0.55739
simpson-symprod,10,51,hybrid,HYBRID_ALPHA0.5_BETA0.5,0.5,0.5,100,0.85,0.0737,0.6632
simpson-symprod,1,42,hybrid,HYBRID_ALPHA0.4_BETA0.6,0.4,0.6,100,0.6,0.04078,0.69621
simpson-symprod,2,43,hybrid,HYBRID_ALPHA0.4_BETA0.6,0.4,0.6,100,0.75,0.04235,0.59911
simpson-symprod,3,44,hybrid,HYBRID_ALPHA0.4_BETA0.6,0.4,0.6,100,0.65,0.04456,0.63273
simpson-symprod,4,45,hybrid,HYBRID_ALPHA0.4_BETA0.6,0.4,0.6,100,0.625,0.0435,0.63285
simpson-symprod,5,46,hybrid,HYBRID_ALPHA0.4_BETA0.6,0.4,0.6,100,0.75,0.03581,0.65926
simpson-symprod,6,47,hybrid,HYBRID_ALPHA0.4_BETA0.6,0.4,0.6,100,0.7,0.05133,0.57636
simpson-symprod,7,48,hybrid,HYBRID_ALPHA0.4_BETA0.6,0.4,0.6,100,0.65,0.04388,0.63864
simpson-symprod,8,49,hybrid,HYBRID_ALPHA0.4_BETA0.6,0.4,0.6,100,0.65,0.04013,0.61565
simpson-symprod,9,50,hybrid,HYBRID_ALPHA0.4_BETA0.6,0.4,0.6,100,0.65,0.03775,0.98171
simpson-symprod,10,51,hybrid,HYBRID_ALPHA0.4_BETA0.6,0.4,0.6,100,0.725,0.05681,0.68074
simpson-symprod,1,42,hybrid,HYBRID_ALPHA0.3_BETA0.7,0.3,0.7,100,0.6,0.0416,0.6965
simpson-symprod,2,43,hybrid,HYBRID_ALPHA0.3_BETA0.7,0.3,0.7,100,0.8,0.041,0.59014
simpson-symprod,3,44,hybrid,HYBRID_ALPHA0.3_BETA0.7,0.3,0.7,100,0.55,0.04302,0.63226
simpson-symprod,4,45,hybrid,HYBRID_ALPHA0.3_BETA0.7,0.3,0.7,100,0.7,0.05774,0.61881
simpson-symprod,5,46,hybrid,HYBRID_ALPHA0.3_BETA0.7,0.3,0.7,100,0.7,0.03637,0.67594
simpson-symprod,6,47,hybrid,HYBRID_ALPHA0.3_BETA0.7,0.3,0.7,100,0.8,0.05593,0.58571
simpson-symprod,7,48,hybrid,HYBRID_ALPHA0.3_BETA0.7,0.3,0.7,100,0.675,0.04517,0.64143
simpson-symprod,8,49,hybrid,HYBRID_ALPHA0.3_BETA0.7,0.3,0.7,100,0.725,0.03831,0.61006
simpson-symprod,9,50,hybrid,HYBRID_ALPHA0.3_BETA0.7,0.3,0.7,100,0.7,0.043,0.57024
simpson-symprod,10,51,hybrid,HYBRID_ALPHA0.3_BETA0.7,0.3,0.7,100,0.8,0.05408,0.70037
simpson-symprod,1,42,hybrid,HYBRID_ALPHA0.2_BETA0.8,0.2,0.8,100,0.6,0.04084,0.69653
simpson-symprod,2,43,hybrid,HYBRID_ALPHA0.2_BETA0.8,0.2,0.8,100,0.75,0.04135,0.59439
simpson-symprod,3,44,hybrid,HYBRID_ALPHA0.2_BETA0.8,0.2,0.8,100,0.675,0.0415,0.64016
simpson-symprod,4,45,hybrid,HYBRID_ALPHA0.2_BETA0.8,0.2,0.8,100,0.775,0.03976,0.61669
simpson-symprod,5,46,hybrid,HYBRID_ALPHA0.2_BETA0.8,0.2,0.8,100,0.725,0.03534,0.68323
simpson-symprod,6,47,hybrid,HYBRID_ALPHA0.2_BETA0.8,0.2,0.8,100,0.775,0.06054,0.57379
simpson-symprod,7,48,hybrid,HYBRID_ALPHA0.2_BETA0.8,0.2,0.8,100,0.65,0.04244,0.6426
simpson-symprod,8,49,hybrid,HYBRID_ALPHA0.2_BETA0.8,0.2,0.8,100,0.725,0.0394,0.60869
simpson-symprod,9,50,hybrid,HYBRID_ALPHA0.2_BETA0.8,0.2,0.8,100,0.75,0.04455,0.58022
simpson-symprod,10,51,hybrid,HYBRID_ALPHA0.2_BETA0.8,0.2,0.8,100,0.675,0.05721,0.70038
triangle-linear,1,42,mse,MSE,1.0,0.0,50,0.725,0.05856,1.13611
triangle-linear,2,43,mse,MSE,1.0,0.0,50,0.525,0.0364,0.34519
triangle-linear,3,44,mse,MSE,1.0,0.0,50,0.675,0.06595,0.37782
triangle-linear,4,45,mse,MSE,1.0,0.0,50,0.825,0.09331,0.55034
triangle-linear,5,46,mse,MSE,1.0,0.0,50,0.6,0.03787,0.38261
triangle-linear,6,47,mse,MSE,1.0,0.0,50,0.775,0.05389,0.4295
triangle-linear,7,48,mse,MSE,1.0,0.0,50,0.7,0.06092,0.62801
triangle-linear,8,49,mse,MSE,1.0,0.0,50,0.725,0.06751,0.41176
triangle-linear,9,50,mse,MSE,1.0,0.0,50,0.75,0.04869,0.39051
triangle-linear,10,51,mse,MSE,1.0,0.0,50,0.75,0.05859,0.67568
triangle-linear,1,42,hybrid,HYBRID_ALPHA0.9_BETA0.1,0.9,0.1,50,0.75,0.05364,2.45141
triangle-linear,2,43,hybrid,HYBRID_ALPHA0.9_BETA0.1,0.9,0.1,50,0.575,0.03559,0.34618
triangle-linear,3,44,hybrid,HYBRID_ALPHA0.9_BETA0.1,0.9,0.1,50,0.7,0.05673,0.37353
triangle-linear,4,45,hybrid,HYBRID_ALPHA0.9_BETA0.1,0.9,0.1,50,0.825,0.09325,0.55724
triangle-linear,5,46,hybrid,HYBRID_ALPHA0.9_BETA0.1,0.9,0.1,50,0.6,0.03698,0.37673
triangle-linear,6,47,hybrid,HYBRID_ALPHA0.9_BETA0.1,0.9,0.1,50,0.75,0.05029,0.435
triangle-linear,7,48,hybrid,HYBRID_ALPHA0.9_BETA0.1,0.9,0.1,50,0.725,0.06031,0.65076
triangle-linear,8,49,hybrid,HYBRID_ALPHA0.9_BETA0.1,0.9,0.1,50,0.725,0.06459,0.41411
triangle-linear,9,50,hybrid,HYBRID_ALPHA0.9_BETA0.1,0.9,0.1,50,0.725,0.04638,0.4138
triangle-linear,10,51,hybrid,HYBRID_ALPHA0.9_BETA0.1,0.9,0.1,50,0.75,0.05642,0.67564
triangle-linear,1,42,hybrid,HYBRID_ALPHA0.8_BETA0.2,0.8,0.2,50,0.675,0.05151,1.02154
triangle-linear,2,43,hybrid,HYBRID_ALPHA0.8_BETA0.2,0.8,0.2,50,0.6,0.03479,0.3435
triangle-linear,3,44,hybrid,HYBRID_ALPHA0.8_BETA0.2,0.8,0.2,50,0.775,0.04932,0.37729
triangle-linear,4,45,hybrid,HYBRID_ALPHA0.8_BETA0.2,0.8,0.2,50,0.825,0.09307,0.56322
triangle-linear,5,46,hybrid,HYBRID_ALPHA0.8_BETA0.2,0.8,0.2,50,0.575,0.03557,0.37102
triangle-linear,6,47,hybrid,HYBRID_ALPHA0.8_BETA0.2,0.8,0.2,50,0.725,0.05049,0.43794
triangle-linear,7,48,hybrid,HYBRID_ALPHA0.8_BETA0.2,0.8,0.2,50,0.725,0.06052,0.63743
triangle-linear,8,49,hybrid,HYBRID_ALPHA0.8_BETA0.2,0.8,0.2,50,0.7,0.05865,0.41723
triangle-linear,9,50,hybrid,HYBRID_ALPHA0.8_BETA0.2,0.8,0.2,50,0.8,0.04743,0.45884
triangle-linear,10,51,hybrid,HYBRID_ALPHA0.8_BETA0.2,0.8,0.2,50,0.65,0.03905,0.451
triangle-linear,1,42,hybrid,HYBRID_ALPHA0.7_BETA0.3,0.7,0.3,50,0.625,0.05,0.62837
triangle-linear,2,43,hybrid,HYBRID_ALPHA0.7_BETA0.3,0.7,0.3,50,0.6,0.03489,0.34543
triangle-linear,3,44,hybrid,HYBRID_ALPHA0.7_BETA0.3,0.7,0.3,50,0.6,0.05183,0.38903
triangle-linear,4,45,hybrid,HYBRID_ALPHA0.7_BETA0.3,0.7,0.3,50,0.825,0.09261,0.57184
triangle-linear,5,46,hybrid,HYBRID_ALPHA0.7_BETA0.3,0.7,0.3,50,0.6,0.03592,0.36811
triangle-linear,6,47,hybrid,HYBRID_ALPHA0.7_BETA0.3,0.7,0.3,50,0.75,0.05139,0.43499
triangle-linear,7,48,hybrid,HYBRID_ALPHA0.7_BETA0.3,0.7,0.3,50,0.75,0.06093,0.61284
triangle-linear,8,49,hybrid,HYBRID_ALPHA0.7_BETA0.3,0.7,0.3,50,0.775,0.05866,0.41926
triangle-linear,9,50,hybrid,HYBRID_ALPHA0.7_BETA0.3,0.7,0.3,50,0.675,0.045,0.51978
triangle-linear,10,51,hybrid,HYBRID_ALPHA0.7_BETA0.3,0.7,0.3,50,0.675,0.03967,0.49529
triangle-linear,1,42,hybrid,HYBRID_ALPHA0.6_BETA0.4,0.6,0.4,50,0.625,0.04503,0.39953
triangle-linear,2,43,hybrid,HYBRID_ALPHA0.6_BETA0.4,0.6,0.4,50,0.725,0.03496,0.34911
triangle-linear,3,44,hybrid,HYBRID_ALPHA0.6_BETA0.4,0.6,0.4,50,0.725,0.05761,0.39502
triangle-linear,4,45,hybrid,HYBRID_ALPHA0.6_BETA0.4,0.6,0.4,50,0.85,0.09184,0.55897
triangle-linear,5,46,hybrid,HYBRID_ALPHA0.6_BETA0.4,0.6,0.4,50,0.625,0.03499,0.36682
triangle-linear,6,47,hybrid,HYBRID_ALPHA0.6_BETA0.4,0.6,0.4,50,0.75,0.05087,0.43566
triangle-linear,7,48,hybrid,HYBRID_ALPHA0.6_BETA0.4,0.6,0.4,50,0.75,0.06187,0.61813
triangle-linear,8,49,hybrid,HYBRID_ALPHA0.6_BETA0.4,0.6,0.4,50,0.8,0.05728,0.42028
triangle-linear,9,50,hybrid,HYBRID_ALPHA0.6_BETA0.4,0.6,0.4,50,0.7,0.04676,0.52454
triangle-linear,10,51,hybrid,HYBRID_ALPHA0.6_BETA0.4,0.6,0.4,50,0.75,0.06078,0.73713
triangle-linear,1,42,hybrid,HYBRID_ALPHA0.5_BETA0.5,0.5,0.5,50,0.725,0.04705,0.42435
triangle-linear,2,43,hybrid,HYBRID_ALPHA0.5_BETA0.5,0.5,0.5,50,0.7,0.03441,0.37074
triangle-linear,3,44,hybrid,HYBRID_ALPHA0.5_BETA0.5,0.5,0.5,50,0.7,0.05813,0.39619
triangle-linear,4,45,hybrid,HYBRID_ALPHA0.5_BETA0.5,0.5,0.5,50,0.85,0.09152,0.56459
triangle-linear,5,46,hybrid,HYBRID_ALPHA0.5_BETA0.5,0.5,0.5,50,0.625,0.03749,0.36507
triangle-linear,6,47,hybrid,HYBRID_ALPHA0.5_BETA0.5,0.5,0.5,50,0.75,0.05064,0.44038
triangle-linear,7,48,hybrid,HYBRID_ALPHA0.5_BETA0.5,0.5,0.5,50,0.825,0.06241,0.64179
triangle-linear,8,49,hybrid,HYBRID_ALPHA0.5_BETA0.5,0.5,0.5,50,0.8,0.05605,0.42069
triangle-linear,9,50,hybrid,HYBRID_ALPHA0.5_BETA0.5,0.5,0.5,50,0.775,0.04658,0.47306
triangle-linear,10,51,hybrid,HYBRID_ALPHA0.5_BETA0.5,0.5,0.5,50,0.725,0.03773,1.01057
triangle-linear,1,42,hybrid,HYBRID_ALPHA0.4_BETA0.6,0.4,0.6,50,0.675,0.05281,0.37708
triangle-linear,2,43,hybrid,HYBRID_ALPHA0.4_BETA0.6,0.4,0.6,50,0.775,0.04829,0.41416
triangle-linear,3,44,hybrid,HYBRID_ALPHA0.4_BETA0.6,0.4,0.6,50,0.75,0.06418,0.43197
triangle-linear,4,45,hybrid,HYBRID_ALPHA0.4_BETA0.6,0.4,0.6,50,0.825,0.09156,0.56963
triangle-linear,5,46,hybrid,HYBRID_ALPHA0.4_BETA0.6,0.4,0.6,50,0.625,0.03782,0.36241
triangle-linear,6,47,hybrid,HYBRID_ALPHA0.4_BETA0.6,0.4,0.6,50,0.7,0.05083,0.44071
triangle-linear,7,48,hybrid,HYBRID_ALPHA0.4_BETA0.6,0.4,0.6,50,0.8,0.06116,0.64238
triangle-linear,8,49,hybrid,HYBRID_ALPHA0.4_BETA0.6,0.4,0.6,50,0.75,0.05309,0.53775
triangle-linear,9,50,hybrid,HYBRID_ALPHA0.4_BETA0.6,0.4,0.6,50,0.7,0.04576,0.50202
triangle-linear,10,51,hybrid,HYBRID_ALPHA0.4_BETA0.6,0.4,0.6,50,0.8,0.03203,1.19153
triangle-linear,1,42,hybrid,HYBRID_ALPHA0.3_BETA0.7,0.3,0.7,50,0.85,0.05425,0.46242
triangle-linear,2,43,hybrid,HYBRID_ALPHA0.3_BETA0.7,0.3,0.7,50,0.75,0.0526,0.41574
triangle-linear,3,44,hybrid,HYBRID_ALPHA0.3_BETA0.7,0.3,0.7,50,0.8,0.05066,0.3901
triangle-linear,4,45,hybrid,HYBRID_ALPHA0.3_BETA0.7,0.3,0.7,50,0.85,0.09201,0.58148
triangle-linear,5,46,hybrid,HYBRID_ALPHA0.3_BETA0.7,0.3,0.7,50,0.7,0.04067,0.35453
triangle-linear,6,47,hybrid,HYBRID_ALPHA0.3_BETA0.7,0.3,0.7,50,0.75,0.05313,0.44062
triangle-linear,7,48,hybrid,HYBRID_ALPHA0.3_BETA0.7,0.3,0.7,50,0.8,0.06217,0.67393
triangle-linear,8,49,hybrid,HYBRID_ALPHA0.3_BETA0.7,0.3,0.7,50,0.675,0.05279,0.46463
triangle-linear,9,50,hybrid,HYBRID_ALPHA0.3_BETA0.7,0.3,0.7,50,0.675,0.04428,0.48432
triangle-linear,10,51,hybrid,HYBRID_ALPHA0.3_BETA0.7,0.3,0.7,50,0.625,0.03438,1.04682
triangle-linear,1,42,hybrid,HYBRID_ALPHA0.2_BETA0.8,0.2,0.8,50,0.775,0.05132,0.43888
triangle-linear,2,43,hybrid,HYBRID_ALPHA0.2_BETA0.8,0.2,0.8,50,0.725,0.05134,0.43066
triangle-linear,3,44,hybrid,HYBRID_ALPHA0.2_BETA0.8,0.2,0.8,50,0.775,0.06225,0.39477
triangle-linear,4,45,hybrid,HYBRID_ALPHA0.2_BETA0.8,0.2,0.8,50,0.85,0.09342,0.57758
triangle-linear,5,46,hybrid,HYBRID_ALPHA0.2_BETA0.8,0.2,0.8,50,0.775,0.04001,0.36611
triangle-linear,6,47,hybrid,HYBRID_ALPHA0.2_BETA0.8,0.2,0.8,50,0.7,0.04313,0.43872
triangle-linear,7,48,hybrid,HYBRID_ALPHA0.2_BETA0.8,0.2,0.8,50,0.85,0.06633,0.70175
triangle-linear,8,49,hybrid,HYBRID_ALPHA0.2_BETA0.8,0.2,0.8,50,0.75,0.05126,0.42375
triangle-linear,9,50,hybrid,HYBRID_ALPHA0.2_BETA0.8,0.2,0.8,50,0.775,0.05878,0.57644
triangle-linear,10,51,hybrid,HYBRID_ALPHA0.2_BETA0.8,0.2,0.8,50,0.725,0.04543,0.37809
triangle-linear,1,42,mse,MSE,1.0,0.0,100,0.725,0.05399,0.34427
triangle-linear,2,43,mse,MSE,1.0,0.0,100,0.625,0.05297,0.37576
triangle-linear,3,44,mse,MSE,1.0,0.0,100,0.65,0.04585,0.32896
triangle-linear,4,45,mse,MSE,1.0,0.0,100,0.6,0.04072,0.33434
triangle-linear,5,46,mse,MSE,1.0,0.0,100,0.625,0.05376,0.34623
triangle-linear,6,47,mse,MSE,1.0,0.0,100,0.7,0.06406,0.66825
triangle-linear,7,48,mse,MSE,1.0,0.0,100,0.65,0.0486,0.41643
triangle-linear,8,49,mse,MSE,1.0,0.0,100,0.625,0.04314,0.36356
triangle-linear,9,50,mse,MSE,1.0,0.0,100,0.775,0.0667,0.5297
triangle-linear,10,51,mse,MSE,1.0,0.0,100,0.6,0.04214,0.35098
triangle-linear,1,42,hybrid,HYBRID_ALPHA0.9_BETA0.1,0.9,0.1,100,0.675,0.06385,0.38675
triangle-linear,2,43,hybrid,HYBRID_ALPHA0.9_BETA0.1,0.9,0.1,100,0.625,0.04927,0.36351
triangle-linear,3,44,hybrid,HYBRID_ALPHA0.9_BETA0.1,0.9,0.1,100,0.65,0.04385,0.33145
triangle-linear,4,45,hybrid,HYBRID_ALPHA0.9_BETA0.1,0.9,0.1,100,0.65,0.04038,0.33176
triangle-linear,5,46,hybrid,HYBRID_ALPHA0.9_BETA0.1,0.9,0.1,100,0.7,0.04993,0.3448
triangle-linear,6,47,hybrid,HYBRID_ALPHA0.9_BETA0.1,0.9,0.1,100,0.75,0.06371,0.66841
triangle-linear,7,48,hybrid,HYBRID_ALPHA0.9_BETA0.1,0.9,0.1,100,0.625,0.04833,0.41175
triangle-linear,8,49,hybrid,HYBRID_ALPHA0.9_BETA0.1,0.9,0.1,100,0.6,0.03895,0.3591
triangle-linear,9,50,hybrid,HYBRID_ALPHA0.9_BETA0.1,0.9,0.1,100,0.825,0.05276,0.54582
triangle-linear,10,51,hybrid,HYBRID_ALPHA0.9_BETA0.1,0.9,0.1,100,0.75,0.04991,0.34501
triangle-linear,1,42,hybrid,HYBRID_ALPHA0.8_BETA0.2,0.8,0.2,100,0.65,0.0657,0.384
triangle-linear,2,43,hybrid,HYBRID_ALPHA0.8_BETA0.2,0.8,0.2,100,0.675,0.04865,0.36083
triangle-linear,3,44,hybrid,HYBRID_ALPHA0.8_BETA0.2,0.8,0.2,100,0.55,0.04356,0.32237
triangle-linear,4,45,hybrid,HYBRID_ALPHA0.8_BETA0.2,0.8,0.2,100,0.675,0.03869,0.3349
triangle-linear,5,46,hybrid,HYBRID_ALPHA0.8_BETA0.2,0.8,0.2,100,0.65,0.04964,0.34491
triangle-linear,6,47,hybrid,HYBRID_ALPHA0.8_BETA0.2,0.8,0.2,100,0.725,0.06324,0.6686
triangle-linear,7,48,hybrid,HYBRID_ALPHA0.8_BETA0.2,0.8,0.2,100,0.65,0.04903,0.40614
triangle-linear,8,49,hybrid,HYBRID_ALPHA0.8_BETA0.2,0.8,0.2,100,0.65,0.03941,0.35496
triangle-linear,9,50,hybrid,HYBRID_ALPHA0.8_BETA0.2,0.8,0.2,100,0.8,0.06555,0.54607
triangle-linear,10,51,hybrid,HYBRID_ALPHA0.8_BETA0.2,0.8,0.2,100,0.65,0.04878,0.34152
triangle-linear,1,42,hybrid,HYBRID_ALPHA0.7_BETA0.3,0.7,0.3,100,0.725,0.06486,0.39227
triangle-linear,2,43,hybrid,HYBRID_ALPHA0.7_BETA0.3,0.7,0.3,100,0.65,0.04752,0.3542
triangle-linear,3,44,hybrid,HYBRID_ALPHA0.7_BETA0.3,0.7,0.3,100,0.65,0.0411,0.35632
triangle-linear,4,45,hybrid,HYBRID_ALPHA0.7_BETA0.3,0.7,0.3,100,0.575,0.03779,0.33207
triangle-linear,5,46,hybrid,HYBRID_ALPHA0.7_BETA0.3,0.7,0.3,100,0.65,0.04972,0.34653
triangle-linear,6,47,hybrid,HYBRID_ALPHA0.7_BETA0.3,0.7,0.3,100,0.775,0.06286,0.66908
triangle-linear,7,48,hybrid,HYBRID_ALPHA0.7_BETA0.3,0.7,0.3,100,0.75,0.05041,0.40306
triangle-linear,8,49,hybrid,HYBRID_ALPHA0.7_BETA0.3,0.7,0.3,100,0.625,0.04145,0.34725
triangle-linear,9,50,hybrid,HYBRID_ALPHA0.7_BETA0.3,0.7,0.3,100,0.825,0.05917,0.5453
triangle-linear,10,51,hybrid,HYBRID_ALPHA0.7_BETA0.3,0.7,0.3,100,0.6,0.04846,0.33862
triangle-linear,1,42,hybrid,HYBRID_ALPHA0.6_BETA0.4,0.6,0.4,100,0.775,0.06416,0.39568
triangle-linear,2,43,hybrid,HYBRID_ALPHA0.6_BETA0.4,0.6,0.4,100,0.65,0.04704,0.35035
triangle-linear,3,44,hybrid,HYBRID_ALPHA0.6_BETA0.4,0.6,0.4,100,0.65,0.0459,0.33914
triangle-linear,4,45,hybrid,HYBRID_ALPHA0.6_BETA0.4,0.6,0.4,100,0.775,0.06563,0.33557
triangle-linear,5,46,hybrid,HYBRID_ALPHA0.6_BETA0.4,0.6,0.4,100,0.625,0.04958,0.34805
triangle-linear,6,47,hybrid,HYBRID_ALPHA0.6_BETA0.4,0.6,0.4,100,0.75,0.0626,0.66975
triangle-linear,7,48,hybrid,HYBRID_ALPHA0.6_BETA0.4,0.6,0.4,100,0.625,0.05282,0.40261
triangle-linear,8,49,hybrid,HYBRID_ALPHA0.6_BETA0.4,0.6,0.4,100,0.675,0.04041,0.34591
triangle-linear,9,50,hybrid,HYBRID_ALPHA0.6_BETA0.4,0.6,0.4,100,0.85,0.05109,0.53455
triangle-linear,10,51,hybrid,HYBRID_ALPHA0.6_BETA0.4,0.6,0.4,100,0.625,0.04788,0.3358
triangle-linear,1,42,hybrid,HYBRID_ALPHA0.5_BETA0.5,0.5,0.5,100,0.7,0.06353,0.39589
triangle-linear,2,43,hybrid,HYBRID_ALPHA0.5_BETA0.5,0.5,0.5,100,0.675,0.04618,0.34938
triangle-linear,3,44,hybrid,HYBRID_ALPHA0.5_BETA0.5,0.5,0.5,100,0.65,0.04548,0.34011
triangle-linear,4,45,hybrid,HYBRID_ALPHA0.5_BETA0.5,0.5,0.5,100,0.725,0.06702,0.32709
triangle-linear,5,46,hybrid,HYBRID_ALPHA0.5_BETA0.5,0.5,0.5,100,0.6,0.04937,0.34906
triangle-linear,6,47,hybrid,HYBRID_ALPHA0.5_BETA0.5,0.5,0.5,100,0.725,0.06231,0.67015
triangle-linear,7,48,hybrid,HYBRID_ALPHA0.5_BETA0.5,0.5,0.5,100,0.65,0.05237,0.41168
triangle-linear,8,49,hybrid,HYBRID_ALPHA0.5_BETA0.5,0.5,0.5,100,0.675,0.03929,0.34384
triangle-linear,9,50,hybrid,HYBRID_ALPHA0.5_BETA0.5,0.5,0.5,100,0.825,0.05142,0.53571
triangle-linear,10,51,hybrid,HYBRID_ALPHA0.5_BETA0.5,0.5,0.5,100,0.625,0.04891,0.33501
triangle-linear,1,42,hybrid,HYBRID_ALPHA0.4_BETA0.6,0.4,0.6,100,0.65,0.06362,0.39365
triangle-linear,2,43,hybrid,HYBRID_ALPHA0.4_BETA0.6,0.4,0.6,100,0.675,0.03891,0.34666
triangle-linear,3,44,hybrid,HYBRID_ALPHA0.4_BETA0.6,0.4,0.6,100,0.675,0.04046,0.3552
triangle-linear,4,45,hybrid,HYBRID_ALPHA0.4_BETA0.6,0.4,0.6,100,0.725,0.06065,0.3357
triangle-linear,5,46,hybrid,HYBRID_ALPHA0.4_BETA0.6,0.4,0.6,100,0.65,0.04599,0.35134
triangle-linear,6,47,hybrid,HYBRID_ALPHA0.4_BETA0.6,0.4,0.6,100,0.725,0.06137,0.65755
triangle-linear,7,48,hybrid,HYBRID_ALPHA0.4_BETA0.6,0.4,0.6,100,0.625,0.04654,0.4138
triangle-linear,8,49,hybrid,HYBRID_ALPHA0.4_BETA0.6,0.4,0.6,100,0.675,0.03757,0.34382
triangle-linear,9,50,hybrid,HYBRID_ALPHA0.4_BETA0.6,0.4,0.6,100,0.825,0.05023,0.53679
triangle-linear,10,51,hybrid,HYBRID_ALPHA0.4_BETA0.6,0.4,0.6,100,0.775,0.05184,0.36656
triangle-linear,1,42,hybrid,HYBRID_ALPHA0.3_BETA0.7,0.3,0.7,100,0.775,0.07172,0.38319
triangle-linear,2,43,hybrid,HYBRID_ALPHA0.3_BETA0.7,0.3,0.7,100,0.725,0.03535,0.34834
triangle-linear,3,44,hybrid,HYBRID_ALPHA0.3_BETA0.7,0.3,0.7,100,0.675,0.0481,0.351
triangle-linear,4,45,hybrid,HYBRID_ALPHA0.3_BETA0.7,0.3,0.7,100,0.75,0.05569,0.33299
triangle-linear,5,46,hybrid,HYBRID_ALPHA0.3_BETA0.7,0.3,0.7,100,0.725,0.05227,0.44076
triangle-linear,6,47,hybrid,HYBRID_ALPHA0.3_BETA0.7,0.3,0.7,100,0.75,0.06042,0.65413
triangle-linear,7,48,hybrid,HYBRID_ALPHA0.3_BETA0.7,0.3,0.7,100,0.65,0.04822,0.41188
triangle-linear,8,49,hybrid,HYBRID_ALPHA0.3_BETA0.7,0.3,0.7,100,0.725,0.03805,0.34543
triangle-linear,9,50,hybrid,HYBRID_ALPHA0.3_BETA0.7,0.3,0.7,100,0.85,0.04986,0.51964
triangle-linear,10,51,hybrid,HYBRID_ALPHA0.3_BETA0.7,0.3,0.7,100,0.7,0.0544,0.38408
triangle-linear,1,42,hybrid,HYBRID_ALPHA0.2_BETA0.8,0.2,0.8,100,0.75,0.05267,0.34541
triangle-linear,2,43,hybrid,HYBRID_ALPHA0.2_BETA0.8,0.2,0.8,100,0.725,0.04473,0.46094
triangle-linear,3,44,hybrid,HYBRID_ALPHA0.2_BETA0.8,0.2,0.8,100,0.675,0.03926,0.35015
triangle-linear,4,45,hybrid,HYBRID_ALPHA0.2_BETA0.8,0.2,0.8,100,0.675,0.04266,0.33361
triangle-linear,5,46,hybrid,HYBRID_ALPHA0.2_BETA0.8,0.2,0.8,100,0.675,0.05307,0.45572
triangle-linear,6,47,hybrid,HYBRID_ALPHA0.2_BETA0.8,0.2,0.8,100,0.775,0.06103,0.65569
triangle-linear,7,48,hybrid,HYBRID_ALPHA0.2_BETA0.8,0.2,0.8,100,0.675,0.049,0.40732
triangle-linear,8,49,hybrid,HYBRID_ALPHA0.2_BETA0.8,0.2,0.8,100,0.7,0.03907,0.372
triangle-linear,9,50,hybrid,HYBRID_ALPHA0.2_BETA0.8,0.2,0.8,100,0.8,0.0494,0.56085
triangle-linear,10,51,hybrid,HYBRID_ALPHA0.2_BETA0.8,0.2,0.8,100,0.775,0.05529,0.47179
triangle-non-linear,1,42,mse,MSE,1.0,0.0,50,0.85,0.07215,0.66726
triangle-non-linear,2,43,mse,MSE,1.0,0.0,50,0.725,0.05539,0.35072
triangle-non-linear,3,44,mse,MSE,1.0,0.0,50,0.75,0.04107,0.52711
triangle-non-linear,4,45,mse,MSE,1.0,0.0,50,0.85,0.08493,0.90286
triangle-non-linear,5,46,mse,MSE,1.0,0.0,50,0.725,0.0679,0.73875
triangle-non-linear,6,47,mse,MSE,1.0,0.0,50,0.825,0.06364,0.39128
triangle-non-linear,7,48,mse,MSE,1.0,0.0,50,0.725,0.06778,0.5183
triangle-non-linear,8,49,mse,MSE,1.0,0.0,50,0.775,0.0576,0.42293
triangle-non-linear,9,50,mse,MSE,1.0,0.0,50,0.8,0.07402,0.55405
triangle-non-linear,10,51,mse,MSE,1.0,0.0,50,0.85,0.07248,0.4563
triangle-non-linear,1,42,hybrid,HYBRID_ALPHA0.9_BETA0.1,0.9,0.1,50,0.875,0.07065,0.67178
triangle-non-linear,2,43,hybrid,HYBRID_ALPHA0.9_BETA0.1,0.9,0.1,50,0.6,0.03454,0.46859
triangle-non-linear,3,44,hybrid,HYBRID_ALPHA0.9_BETA0.1,0.9,0.1,50,0.7,0.03915,0.53929
triangle-non-linear,4,45,hybrid,HYBRID_ALPHA0.9_BETA0.1,0.9,0.1,50,0.8,0.08737,0.99416
triangle-non-linear,5,46,hybrid,HYBRID_ALPHA0.9_BETA0.1,0.9,0.1,50,0.775,0.06729,0.73876
triangle-non-linear,6,47,hybrid,HYBRID_ALPHA0.9_BETA0.1,0.9,0.1,50,0.85,0.06065,0.37942
triangle-non-linear,7,48,hybrid,HYBRID_ALPHA0.9_BETA0.1,0.9,0.1,50,0.675,0.05567,0.50921
triangle-non-linear,8,49,hybrid,HYBRID_ALPHA0.9_BETA0.1,0.9,0.1,50,0.725,0.06001,0.41168
triangle-non-linear,9,50,hybrid,HYBRID_ALPHA0.9_BETA0.1,0.9,0.1,50,0.875,0.07318,0.53306
triangle-non-linear,10,51,hybrid,HYBRID_ALPHA0.9_BETA0.1,0.9,0.1,50,0.875,0.07294,0.42042
triangle-non-linear,1,42,hybrid,HYBRID_ALPHA0.8_BETA0.2,0.8,0.2,50,0.8,0.06836,0.47462
triangle-non-linear,2,43,hybrid,HYBRID_ALPHA0.8_BETA0.2,0.8,0.2,50,0.625,0.03498,0.52963
triangle-non-linear,3,44,hybrid,HYBRID_ALPHA0.8_BETA0.2,0.8,0.2,50,0.725,0.04,0.55044
triangle-non-linear,4,45,hybrid,HYBRID_ALPHA0.8_BETA0.2,0.8,0.2,50,0.8,0.07786,1.08376
triangle-non-linear,5,46,hybrid,HYBRID_ALPHA0.8_BETA0.2,0.8,0.2,50,0.75,0.06697,0.73879
triangle-non-linear,6,47,hybrid,HYBRID_ALPHA0.8_BETA0.2,0.8,0.2,50,0.825,0.06157,0.37136
triangle-non-linear,7,48,hybrid,HYBRID_ALPHA0.8_BETA0.2,0.8,0.2,50,0.725,0.05511,0.51718
triangle-non-linear,8,49,hybrid,HYBRID_ALPHA0.8_BETA0.2,0.8,0.2,50,0.85,0.05957,0.39672
triangle-non-linear,9,50,hybrid,HYBRID_ALPHA0.8_BETA0.2,0.8,0.2,50,0.85,0.07416,0.53106
triangle-non-linear,10,51,hybrid,HYBRID_ALPHA0.8_BETA0.2,0.8,0.2,50,0.875,0.0767,0.47928
triangle-non-linear,1,42,hybrid,HYBRID_ALPHA0.7_BETA0.3,0.7,0.3,50,0.775,0.08574,0.77055
triangle-non-linear,2,43,hybrid,HYBRID_ALPHA0.7_BETA0.3,0.7,0.3,50,0.65,0.03866,0.46856
triangle-non-linear,3,44,hybrid,HYBRID_ALPHA0.7_BETA0.3,0.7,0.3,50,0.6,0.03655,0.46733
triangle-non-linear,4,45,hybrid,HYBRID_ALPHA0.7_BETA0.3,0.7,0.3,50,0.825,0.07567,0.79723
triangle-non-linear,5,46,hybrid,HYBRID_ALPHA0.7_BETA0.3,0.7,0.3,50,0.775,0.06533,0.73879
triangle-non-linear,6,47,hybrid,HYBRID_ALPHA0.7_BETA0.3,0.7,0.3,50,0.825,0.06356,0.39984
triangle-non-linear,7,48,hybrid,HYBRID_ALPHA0.7_BETA0.3,0.7,0.3,50,0.7,0.05506,0.45936
triangle-non-linear,8,49,hybrid,HYBRID_ALPHA0.7_BETA0.3,0.7,0.3,50,0.775,0.05209,0.36467
triangle-non-linear,9,50,hybrid,HYBRID_ALPHA0.7_BETA0.3,0.7,0.3,50,0.85,0.07556,0.53693
triangle-non-linear,10,51,hybrid,HYBRID_ALPHA0.7_BETA0.3,0.7,0.3,50,0.875,0.07634,0.45567
triangle-non-linear,1,42,hybrid,HYBRID_ALPHA0.6_BETA0.4,0.6,0.4,50,0.875,0.08551,0.77007
triangle-non-linear,2,43,hybrid,HYBRID_ALPHA0.6_BETA0.4,0.6,0.4,50,0.65,0.04165,0.34675
triangle-non-linear,3,44,hybrid,HYBRID_ALPHA0.6_BETA0.4,0.6,0.4,50,0.725,0.03758,0.43087
triangle-non-linear,4,45,hybrid,HYBRID_ALPHA0.6_BETA0.4,0.6,0.4,50,0.8,0.07964,0.79712
triangle-non-linear,5,46,hybrid,HYBRID_ALPHA0.6_BETA0.4,0.6,0.4,50,0.725,0.06857,0.73887
triangle-non-linear,6,47,hybrid,HYBRID_ALPHA0.6_BETA0.4,0.6,0.4,50,0.825,0.06173,0.38617
triangle-non-linear,7,48,hybrid,HYBRID_ALPHA0.6_BETA0.4,0.6,0.4,50,0.8,0.05384,0.47956
triangle-non-linear,8,49,hybrid,HYBRID_ALPHA0.6_BETA0.4,0.6,0.4,50,0.85,0.05189,0.36161
triangle-non-linear,9,50,hybrid,HYBRID_ALPHA0.6_BETA0.4,0.6,0.4,50,0.825,0.07365,0.53524
triangle-non-linear,10,51,hybrid,HYBRID_ALPHA0.6_BETA0.4,0.6,0.4,50,0.875,0.08359,0.42121
triangle-non-linear,1,42,hybrid,HYBRID_ALPHA0.5_BETA0.5,0.5,0.5,50,0.825,0.08535,0.77064
triangle-non-linear,2,43,hybrid,HYBRID_ALPHA0.5_BETA0.5,0.5,0.5,50,0.65,0.04166,0.34901
triangle-non-linear,3,44,hybrid,HYBRID_ALPHA0.5_BETA0.5,0.5,0.5,50,0.825,0.07283,0.61431
triangle-non-linear,4,45,hybrid,HYBRID_ALPHA0.5_BETA0.5,0.5,0.5,50,0.85,0.08358,0.78443
triangle-non-linear,5,46,hybrid,HYBRID_ALPHA0.5_BETA0.5,0.5,0.5,50,0.725,0.06765,0.73886
triangle-non-linear,6,47,hybrid,HYBRID_ALPHA0.5_BETA0.5,0.5,0.5,50,0.75,0.05654,0.38669
triangle-non-linear,7,48,hybrid,HYBRID_ALPHA0.5_BETA0.5,0.5,0.5,50,0.85,0.06181,0.49264
triangle-non-linear,8,49,hybrid,HYBRID_ALPHA0.5_BETA0.5,0.5,0.5,50,0.8,0.05202,0.35052
triangle-non-linear,9,50,hybrid,HYBRID_ALPHA0.5_BETA0.5,0.5,0.5,50,0.8,0.06847,0.5415
triangle-non-linear,10,51,hybrid,HYBRID_ALPHA0.5_BETA0.5,0.5,0.5,50,0.875,0.07933,0.37709
triangle-non-linear,1,42,hybrid,HYBRID_ALPHA0.4_BETA0.6,0.4,0.6,50,0.85,0.08621,0.77954
triangle-non-linear,2,43,hybrid,HYBRID_ALPHA0.4_BETA0.6,0.4,0.6,50,0.725,0.04103,0.35008
triangle-non-linear,3,44,hybrid,HYBRID_ALPHA0.4_BETA0.6,0.4,0.6,50,0.85,0.08416,0.52453
triangle-non-linear,4,45,hybrid,HYBRID_ALPHA0.4_BETA0.6,0.4,0.6,50,0.85,0.08233,0.79054
triangle-non-linear,5,46,hybrid,HYBRID_ALPHA0.4_BETA0.6,0.4,0.6,50,0.75,0.06606,0.73894
triangle-non-linear,6,47,hybrid,HYBRID_ALPHA0.4_BETA0.6,0.4,0.6,50,0.775,0.0589,0.41921
triangle-non-linear,7,48,hybrid,HYBRID_ALPHA0.4_BETA0.6,0.4,0.6,50,0.825,0.05494,0.42367
triangle-non-linear,8,49,hybrid,HYBRID_ALPHA0.4_BETA0.6,0.4,0.6,50,0.7,0.05164,0.36484
triangle-non-linear,9,50,hybrid,HYBRID_ALPHA0.4_BETA0.6,0.4,0.6,50,0.9,0.06442,0.55231
triangle-non-linear,10,51,hybrid,HYBRID_ALPHA0.4_BETA0.6,0.4,0.6,50,0.875,0.07996,0.41653
triangle-non-linear,1,42,hybrid,HYBRID_ALPHA0.3_BETA0.7,0.3,0.7,50,0.875,0.08518,0.78194
triangle-non-linear,2,43,hybrid,HYBRID_ALPHA0.3_BETA0.7,0.3,0.7,50,0.775,0.04822,0.39386
triangle-non-linear,3,44,hybrid,HYBRID_ALPHA0.3_BETA0.7,0.3,0.7,50,0.825,0.06837,0.33765
triangle-non-linear,4,45,hybrid,HYBRID_ALPHA0.3_BETA0.7,0.3,0.7,50,0.9,0.07952,0.75405
triangle-non-linear,5,46,hybrid,HYBRID_ALPHA0.3_BETA0.7,0.3,0.7,50,0.8,0.06535,0.73871
triangle-non-linear,6,47,hybrid,HYBRID_ALPHA0.3_BETA0.7,0.3,0.7,50,0.75,0.06041,0.42749
triangle-non-linear,7,48,hybrid,HYBRID_ALPHA0.3_BETA0.7,0.3,0.7,50,0.825,0.0558,0.45403
triangle-non-linear,8,49,hybrid,HYBRID_ALPHA0.3_BETA0.7,0.3,0.7,50,0.725,0.05189,0.41019
triangle-non-linear,9,50,hybrid,HYBRID_ALPHA0.3_BETA0.7,0.3,0.7,50,0.85,0.06881,0.48228
triangle-non-linear,10,51,hybrid,HYBRID_ALPHA0.3_BETA0.7,0.3,0.7,50,0.875,0.0822,0.43995
triangle-non-linear,1,42,hybrid,HYBRID_ALPHA0.2_BETA0.8,0.2,0.8,50,0.85,0.08185,0.78644
triangle-non-linear,2,43,hybrid,HYBRID_ALPHA0.2_BETA0.8,0.2,0.8,50,0.775,0.05022,0.31731
triangle-non-linear,3,44,hybrid,HYBRID_ALPHA0.2_BETA0.8,0.2,0.8,50,0.825,0.08921,0.55534
triangle-non-linear,4,45,hybrid,HYBRID_ALPHA0.2_BETA0.8,0.2,0.8,50,0.9,0.07961,0.91839
triangle-non-linear,5,46,hybrid,HYBRID_ALPHA0.2_BETA0.8,0.2,0.8,50,0.75,0.0665,0.73826
triangle-non-linear,6,47,hybrid,HYBRID_ALPHA0.2_BETA0.8,0.2,0.8,50,0.75,0.06211,0.37051
triangle-non-linear,7,48,hybrid,HYBRID_ALPHA0.2_BETA0.8,0.2,0.8,50,0.825,0.0572,0.47097
triangle-non-linear,8,49,hybrid,HYBRID_ALPHA0.2_BETA0.8,0.2,0.8,50,0.825,0.05133,0.39625
triangle-non-linear,9,50,hybrid,HYBRID_ALPHA0.2_BETA0.8,0.2,0.8,50,0.8,0.07826,0.51577
triangle-non-linear,10,51,hybrid,HYBRID_ALPHA0.2_BETA0.8,0.2,0.8,50,0.875,0.07886,0.50171
triangle-non-linear,1,42,mse,MSE,1.0,0.0,100,0.625,0.03066,0.31933
triangle-non-linear,2,43,mse,MSE,1.0,0.0,100,0.725,0.07313,0.72768
triangle-non-linear,3,44,mse,MSE,1.0,0.0,100,0.65,0.0308,0.24858
triangle-non-linear,4,45,mse,MSE,1.0,0.0,100,0.825,0.08147,0.44743
triangle-non-linear,5,46,mse,MSE,1.0,0.0,100,0.625,0.05058,0.32817
triangle-non-linear,6,47,mse,MSE,1.0,0.0,100,0.75,0.08256,0.7412
triangle-non-linear,7,48,mse,MSE,1.0,0.0,100,0.85,0.08469,0.74009
triangle-non-linear,8,49,mse,MSE,1.0,0.0,100,0.575,0.03869,0.30181
triangle-non-linear,9,50,mse,MSE,1.0,0.0,100,0.85,0.07709,0.74495
triangle-non-linear,10,51,mse,MSE,1.0,0.0,100,0.85,0.07951,0.2366
triangle-non-linear,1,42,hybrid,HYBRID_ALPHA0.9_BETA0.1,0.9,0.1,100,0.625,0.03092,0.34544
triangle-non-linear,2,43,hybrid,HYBRID_ALPHA0.9_BETA0.1,0.9,0.1,100,0.7,0.07238,0.7277
triangle-non-linear,3,44,hybrid,HYBRID_ALPHA0.9_BETA0.1,0.9,0.1,100,0.55,0.02793,0.2623
triangle-non-linear,4,45,hybrid,HYBRID_ALPHA0.9_BETA0.1,0.9,0.1,100,0.8,0.08176,0.46658
triangle-non-linear,5,46,hybrid,HYBRID_ALPHA0.9_BETA0.1,0.9,0.1,100,0.65,0.03305,0.32061
triangle-non-linear,6,47,hybrid,HYBRID_ALPHA0.9_BETA0.1,0.9,0.1,100,0.75,0.08217,0.7412
triangle-non-linear,7,48,hybrid,HYBRID_ALPHA0.9_BETA0.1,0.9,0.1,100,0.825,0.08389,0.74013
triangle-non-linear,8,49,hybrid,HYBRID_ALPHA0.9_BETA0.1,0.9,0.1,100,0.675,0.05996,0.44503
triangle-non-linear,9,50,hybrid,HYBRID_ALPHA0.9_BETA0.1,0.9,0.1,100,0.85,0.08032,0.74502
triangle-non-linear,10,51,hybrid,HYBRID_ALPHA0.9_BETA0.1,0.9,0.1,100,0.825,0.08313,0.24243
triangle-non-linear,1,42,hybrid,HYBRID_ALPHA0.8_BETA0.2,0.8,0.2,100,0.8,0.06215,0.35512
triangle-non-linear,2,43,hybrid,HYBRID_ALPHA0.8_BETA0.2,0.8,0.2,100,0.75,0.07238,0.7277
triangle-non-linear,3,44,hybrid,HYBRID_ALPHA0.8_BETA0.2,0.8,0.2,100,0.625,0.02782,0.26219
triangle-non-linear,4,45,hybrid,HYBRID_ALPHA0.8_BETA0.2,0.8,0.2,100,0.85,0.07909,0.30343
triangle-non-linear,5,46,hybrid,HYBRID_ALPHA0.8_BETA0.2,0.8,0.2,100,0.825,0.0721,0.74286
triangle-non-linear,6,47,hybrid,HYBRID_ALPHA0.8_BETA0.2,0.8,0.2,100,0.75,0.08178,0.74121
triangle-non-linear,7,48,hybrid,HYBRID_ALPHA0.8_BETA0.2,0.8,0.2,100,0.825,0.08474,0.7403
triangle-non-linear,8,49,hybrid,HYBRID_ALPHA0.8_BETA0.2,0.8,0.2,100,0.7,0.05851,0.44126
triangle-non-linear,9,50,hybrid,HYBRID_ALPHA0.8_BETA0.2,0.8,0.2,100,0.85,0.07982,0.74513
triangle-non-linear,10,51,hybrid,HYBRID_ALPHA0.8_BETA0.2,0.8,0.2,100,0.825,0.09944,0.26495
triangle-non-linear,1,42,hybrid,HYBRID_ALPHA0.7_BETA0.3,0.7,0.3,100,0.775,0.06103,0.34581
triangle-non-linear,2,43,hybrid,HYBRID_ALPHA0.7_BETA0.3,0.7,0.3,100,0.8,0.0722,0.72771
triangle-non-linear,3,44,hybrid,HYBRID_ALPHA0.7_BETA0.3,0.7,0.3,100,0.625,0.03647,0.29756
triangle-non-linear,4,45,hybrid,HYBRID_ALPHA0.7_BETA0.3,0.7,0.3,100,0.825,0.07892,0.29881
triangle-non-linear,5,46,hybrid,HYBRID_ALPHA0.7_BETA0.3,0.7,0.3,100,0.775,0.07177,0.74205
triangle-non-linear,6,47,hybrid,HYBRID_ALPHA0.7_BETA0.3,0.7,0.3,100,0.75,0.08179,0.7413
triangle-non-linear,7,48,hybrid,HYBRID_ALPHA0.7_BETA0.3,0.7,0.3,100,0.85,0.08721,0.74031
triangle-non-linear,8,49,hybrid,HYBRID_ALPHA0.7_BETA0.3,0.7,0.3,100,0.7,0.05512,0.45969
triangle-non-linear,9,50,hybrid,HYBRID_ALPHA0.7_BETA0.3,0.7,0.3,100,0.825,0.0795,0.74472
triangle-non-linear,10,51,hybrid,HYBRID_ALPHA0.7_BETA0.3,0.7,0.3,100,0.825,0.11534,0.28002
triangle-non-linear,1,42,hybrid,HYBRID_ALPHA0.6_BETA0.4,0.6,0.4,100,0.825,0.0664,0.33058
triangle-non-linear,2,43,hybrid,HYBRID_ALPHA0.6_BETA0.4,0.6,0.4,100,0.75,0.0725,0.72772
triangle-non-linear,3,44,hybrid,HYBRID_ALPHA0.6_BETA0.4,0.6,0.4,100,0.675,0.03758,0.28574
triangle-non-linear,4,45,hybrid,HYBRID_ALPHA0.6_BETA0.4,0.6,0.4,100,0.825,0.08696,0.3038
triangle-non-linear,5,46,hybrid,HYBRID_ALPHA0.6_BETA0.4,0.6,0.4,100,0.775,0.07167,0.74205
triangle-non-linear,6,47,hybrid,HYBRID_ALPHA0.6_BETA0.4,0.6,0.4,100,0.8,0.08158,0.74137
triangle-non-linear,7,48,hybrid,HYBRID_ALPHA0.6_BETA0.4,0.6,0.4,100,0.85,0.08623,0.74035
triangle-non-linear,8,49,hybrid,HYBRID_ALPHA0.6_BETA0.4,0.6,0.4,100,0.725,0.05637,0.44413
triangle-non-linear,9,50,hybrid,HYBRID_ALPHA0.6_BETA0.4,0.6,0.4,100,0.85,0.07853,0.74493
triangle-non-linear,10,51,hybrid,HYBRID_ALPHA0.6_BETA0.4,0.6,0.4,100,0.8,0.10851,0.24787
triangle-non-linear,1,42,hybrid,HYBRID_ALPHA0.5_BETA0.5,0.5,0.5,100,0.775,0.06371,0.37973
triangle-non-linear,2,43,hybrid,HYBRID_ALPHA0.5_BETA0.5,0.5,0.5,100,0.775,0.07323,0.72772
triangle-non-linear,3,44,hybrid,HYBRID_ALPHA0.5_BETA0.5,0.5,0.5,100,0.7,0.03776,0.30403
triangle-non-linear,4,45,hybrid,HYBRID_ALPHA0.5_BETA0.5,0.5,0.5,100,0.8,0.08707,0.29995
triangle-non-linear,5,46,hybrid,HYBRID_ALPHA0.5_BETA0.5,0.5,0.5,100,0.8,0.07248,0.74212
triangle-non-linear,6,47,hybrid,HYBRID_ALPHA0.5_BETA0.5,0.5,0.5,100,0.775,0.08155,0.7415
triangle-non-linear,7,48,hybrid,HYBRID_ALPHA0.5_BETA0.5,0.5,0.5,100,0.85,0.08335,0.74034
triangle-non-linear,8,49,hybrid,HYBRID_ALPHA0.5_BETA0.5,0.5,0.5,100,0.675,0.06455,0.45438
triangle-non-linear,9,50,hybrid,HYBRID_ALPHA0.5_BETA0.5,0.5,0.5,100,0.825,0.0783,0.74499
triangle-non-linear,10,51,hybrid,HYBRID_ALPHA0.5_BETA0.5,0.5,0.5,100,0.85,0.11639,0.48355
triangle-non-linear,1,42,hybrid,HYBRID_ALPHA0.4_BETA0.6,0.4,0.6,100,0.8,0.06375,0.40887
triangle-non-linear,2,43,hybrid,HYBRID_ALPHA0.4_BETA0.6,0.4,0.6,100,0.725,0.07307,0.72757
triangle-non-linear,3,44,hybrid,HYBRID_ALPHA0.4_BETA0.6,0.4,0.6,100,0.7,0.0379,0.30601
triangle-non-linear,4,45,hybrid,HYBRID_ALPHA0.4_BETA0.6,0.4,0.6,100,0.85,0.07512,0.27672
triangle-non-linear,5,46,hybrid,HYBRID_ALPHA0.4_BETA0.6,0.4,0.6,100,0.8,0.07228,0.74219
triangle-non-linear,6,47,hybrid,HYBRID_ALPHA0.4_BETA0.6,0.4,0.6,100,0.775,0.08525,0.74143
triangle-non-linear,7,48,hybrid,HYBRID_ALPHA0.4_BETA0.6,0.4,0.6,100,0.85,0.08291,0.74053
triangle-non-linear,8,49,hybrid,HYBRID_ALPHA0.4_BETA0.6,0.4,0.6,100,0.65,0.04809,0.54945
triangle-non-linear,9,50,hybrid,HYBRID_ALPHA0.4_BETA0.6,0.4,0.6,100,0.725,0.04202,0.3268
triangle-non-linear,10,51,hybrid,HYBRID_ALPHA0.4_BETA0.6,0.4,0.6,100,0.85,0.11515,0.51202
triangle-non-linear,1,42,hybrid,HYBRID_ALPHA0.3_BETA0.7,0.3,0.7,100,0.8,0.06312,0.39643
triangle-non-linear,2,43,hybrid,HYBRID_ALPHA0.3_BETA0.7,0.3,0.7,100,0.725,0.07361,0.72784
triangle-non-linear,3,44,hybrid,HYBRID_ALPHA0.3_BETA0.7,0.3,0.7,100,0.7,0.03718,0.27492
triangle-non-linear,4,45,hybrid,HYBRID_ALPHA0.3_BETA0.7,0.3,0.7,100,0.825,0.07457,0.29085
triangle-non-linear,5,46,hybrid,HYBRID_ALPHA0.3_BETA0.7,0.3,0.7,100,0.825,0.07184,0.74224
triangle-non-linear,6,47,hybrid,HYBRID_ALPHA0.3_BETA0.7,0.3,0.7,100,0.775,0.08396,0.74133
triangle-non-linear,7,48,hybrid,HYBRID_ALPHA0.3_BETA0.7,0.3,0.7,100,0.85,0.07968,0.74064
triangle-non-linear,8,49,hybrid,HYBRID_ALPHA0.3_BETA0.7,0.3,0.7,100,0.7,0.04724,0.48592
triangle-non-linear,9,50,hybrid,HYBRID_ALPHA0.3_BETA0.7,0.3,0.7,100,0.75,0.04642,0.44528
triangle-non-linear,10,51,hybrid,HYBRID_ALPHA0.3_BETA0.7,0.3,0.7,100,0.825,0.08545,0.43127
triangle-non-linear,1,42,hybrid,HYBRID_ALPHA0.2_BETA0.8,0.2,0.8,100,0.825,0.06606,0.32902
triangle-non-linear,2,43,hybrid,HYBRID_ALPHA0.2_BETA0.8,0.2,0.8,100,0.775,0.07349,0.72775
triangle-non-linear,3,44,hybrid,HYBRID_ALPHA0.2_BETA0.8,0.2,0.8,100,0.75,0.04191,0.37036
triangle-non-linear,4,45,hybrid,HYBRID_ALPHA0.2_BETA0.8,0.2,0.8,100,0.85,0.08482,0.46133
triangle-non-linear,5,46,hybrid,HYBRID_ALPHA0.2_BETA0.8,0.2,0.8,100,0.8,0.07209,0.74255
triangle-non-linear,6,47,hybrid,HYBRID_ALPHA0.2_BETA0.8,0.2,0.8,100,0.8,0.0915,0.74169
triangle-non-linear,7,48,hybrid,HYBRID_ALPHA0.2_BETA0.8,0.2,0.8,100,0.825,0.08041,0.74056
triangle-non-linear,8,49,hybrid,HYBRID_ALPHA0.2_BETA0.8,0.2,0.8,100,0.575,0.03433,0.29231
triangle-non-linear,9,50,hybrid,HYBRID_ALPHA0.2_BETA0.8,0.2,0.8,100,0.8,0.04257,0.35159
triangle-non-linear,10,51,hybrid,HYBRID_ALPHA0.2_BETA0.8,0.2,0.8,100,0.825,0.08399,0.44242
