Dataset,Experiment,Seed,Loss,Conf,Alpha,Beta,N,RF Acc,MMD,MAE x3
3-chain-linear,1,42,mse,MSE,1.0,0.0,50,0.675,0.01648,0.81913
3-chain-linear,2,43,mse,MSE,1.0,0.0,50,0.625,0.01878,0.85148
3-chain-linear,3,44,mse,MSE,1.0,0.0,50,0.525,0.0141,0.84352
3-chain-linear,4,45,mse,MSE,1.0,0.0,50,0.75,0.03863,0.88809
3-chain-linear,5,46,mse,MSE,1.0,0.0,50,0.5,0.01382,0.83991
3-chain-linear,6,47,mse,MSE,1.0,0.0,50,0.725,0.03147,0.8355
3-chain-linear,7,48,mse,MSE,1.0,0.0,50,0.675,0.01163,0.88595
3-chain-linear,8,49,mse,MSE,1.0,0.0,50,0.7,0.01484,0.87038
3-chain-linear,9,50,mse,MSE,1.0,0.0,50,0.625,0.01319,0.83132
3-chain-linear,10,51,mse,MSE,1.0,0.0,50,0.575,0.01515,0.96656
3-chain-linear,1,42,hybrid,HYBRID_ALPHA0.9_BETA0.1,0.9,0.1,50,0.6,0.01522,0.82357
3-chain-linear,2,43,hybrid,HYBRID_ALPHA0.9_BETA0.1,0.9,0.1,50,0.6,0.01968,0.85148
3-chain-linear,3,44,hybrid,HYBRID_ALPHA0.9_BETA0.1,0.9,0.1,50,0.55,0.0119,0.84352
3-chain-linear,4,45,hybrid,HYBRID_ALPHA0.9_BETA0.1,0.9,0.1,50,0.75,0.0372,0.86205
3-chain-linear,5,46,hybrid,HYBRID_ALPHA0.9_BETA0.1,0.9,0.1,50,0.525,0.01337,0.83991
3-chain-linear,6,47,hybrid,HYBRID_ALPHA0.9_BETA0.1,0.9,0.1,50,0.775,0.03204,0.83938
3-chain-linear,7,48,hybrid,HYBRID_ALPHA0.9_BETA0.1,0.9,0.1,50,0.625,0.00988,0.91433
3-chain-linear,8,49,hybrid,HYBRID_ALPHA0.9_BETA0.1,0.9,0.1,50,0.575,0.01242,0.87029
3-chain-linear,9,50,hybrid,HYBRID_ALPHA0.9_BETA0.1,0.9,0.1,50,0.65,0.01267,0.83126
3-chain-linear,10,51,hybrid,HYBRID_ALPHA0.9_BETA0.1,0.9,0.1,50,0.575,0.01474,0.96529
3-chain-linear,1,42,hybrid,HYBRID_ALPHA0.8_BETA0.2,0.8,0.2,50,0.7,0.01531,0.8175
3-chain-linear,2,43,hybrid,HYBRID_ALPHA0.8_BETA0.2,0.8,0.2,50,0.6,0.01899,0.85148
3-chain-linear,3,44,hybrid,HYBRID_ALPHA0.8_BETA0.2,0.8,0.2,50,0.525,0.0103,0.84366
3-chain-linear,4,45,hybrid,HYBRID_ALPHA0.8_BETA0.2,0.8,0.2,50,0.7,0.02208,0.85046
3-chain-linear,5,46,hybrid,HYBRID_ALPHA0.8_BETA0.2,0.8,0.2,50,0.6,0.01291,0.83991
3-chain-linear,6,47,hybrid,HYBRID_ALPHA0.8_BETA0.2,0.8,0.2,50,0.85,0.03601,0.83992
3-chain-linear,7,48,hybrid,HYBRID_ALPHA0.8_BETA0.2,0.8,0.2,50,0.575,0.00834,0.82945
3-chain-linear,8,49,hybrid,HYBRID_ALPHA0.8_BETA0.2,0.8,0.2,50,0.6,0.01377,0.87025
3-chain-linear,9,50,hybrid,HYBRID_ALPHA0.8_BETA0.2,0.8,0.2,50,0.6,0.01311,0.83096
3-chain-linear,10,51,hybrid,HYBRID_ALPHA0.8_BETA0.2,0.8,0.2,50,0.525,0.01385,0.97359
3-chain-linear,1,42,hybrid,HYBRID_ALPHA0.7_BETA0.3,0.7,0.3,50,0.675,0.01545,0.81762
3-chain-linear,2,43,hybrid,HYBRID_ALPHA0.7_BETA0.3,0.7,0.3,50,0.675,0.01449,0.85141
3-chain-linear,3,44,hybrid,HYBRID_ALPHA0.7_BETA0.3,0.7,0.3,50,0.575,0.01037,0.84369
3-chain-linear,4,45,hybrid,HYBRID_ALPHA0.7_BETA0.3,0.7,0.3,50,0.7,0.02277,0.83967
3-chain-linear,5,46,hybrid,HYBRID_ALPHA0.7_BETA0.3,0.7,0.3,50,0.65,0.01294,0.83991
3-chain-linear,6,47,hybrid,HYBRID_ALPHA0.7_BETA0.3,0.7,0.3,50,0.8,0.03149,0.84028
3-chain-linear,7,48,hybrid,HYBRID_ALPHA0.7_BETA0.3,0.7,0.3,50,0.55,0.00825,0.82783
3-chain-linear,8,49,hybrid,HYBRID_ALPHA0.7_BETA0.3,0.7,0.3,50,0.6,0.0135,0.87022
3-chain-linear,9,50,hybrid,HYBRID_ALPHA0.7_BETA0.3,0.7,0.3,50,0.55,0.01299,0.83085
3-chain-linear,10,51,hybrid,HYBRID_ALPHA0.7_BETA0.3,0.7,0.3,50,0.525,0.01428,0.95644
3-chain-linear,1,42,hybrid,HYBRID_ALPHA0.6_BETA0.4,0.6,0.4,50,0.65,0.01619,0.82446
3-chain-linear,2,43,hybrid,HYBRID_ALPHA0.6_BETA0.4,0.6,0.4,50,0.675,0.01976,0.85145
3-chain-linear,3,44,hybrid,HYBRID_ALPHA0.6_BETA0.4,0.6,0.4,50,0.55,0.0105,0.84376
3-chain-linear,4,45,hybrid,HYBRID_ALPHA0.6_BETA0.4,0.6,0.4,50,0.725,0.02108,0.83465
3-chain-linear,5,46,hybrid,HYBRID_ALPHA0.6_BETA0.4,0.6,0.4,50,0.575,0.01261,0.83991
3-chain-linear,6,47,hybrid,HYBRID_ALPHA0.6_BETA0.4,0.6,0.4,50,0.725,0.03458,0.8406
3-chain-linear,7,48,hybrid,HYBRID_ALPHA0.6_BETA0.4,0.6,0.4,50,0.675,0.00982,0.82746
3-chain-linear,8,49,hybrid,HYBRID_ALPHA0.6_BETA0.4,0.6,0.4,50,0.6,0.01252,0.87019
3-chain-linear,9,50,hybrid,HYBRID_ALPHA0.6_BETA0.4,0.6,0.4,50,0.775,0.01363,0.83043
3-chain-linear,10,51,hybrid,HYBRID_ALPHA0.6_BETA0.4,0.6,0.4,50,0.65,0.01799,1.04457
3-chain-linear,1,42,hybrid,HYBRID_ALPHA0.5_BETA0.5,0.5,0.5,50,0.6,0.01431,0.82461
3-chain-linear,2,43,hybrid,HYBRID_ALPHA0.5_BETA0.5,0.5,0.5,50,0.725,0.02072,0.8514
3-chain-linear,3,44,hybrid,HYBRID_ALPHA0.5_BETA0.5,0.5,0.5,50,0.525,0.01103,0.84376
3-chain-linear,4,45,hybrid,HYBRID_ALPHA0.5_BETA0.5,0.5,0.5,50,0.625,0.0191,0.8733
3-chain-linear,5,46,hybrid,HYBRID_ALPHA0.5_BETA0.5,0.5,0.5,50,0.575,0.01271,0.83989
3-chain-linear,6,47,hybrid,HYBRID_ALPHA0.5_BETA0.5,0.5,0.5,50,0.775,0.03365,0.84004
3-chain-linear,7,48,hybrid,HYBRID_ALPHA0.5_BETA0.5,0.5,0.5,50,0.55,0.00814,0.82722
3-chain-linear,8,49,hybrid,HYBRID_ALPHA0.5_BETA0.5,0.5,0.5,50,0.525,0.01231,0.87015
3-chain-linear,9,50,hybrid,HYBRID_ALPHA0.5_BETA0.5,0.5,0.5,50,0.775,0.01354,0.83016
3-chain-linear,10,51,hybrid,HYBRID_ALPHA0.5_BETA0.5,0.5,0.5,50,0.575,0.01589,1.00053
3-chain-linear,1,42,hybrid,HYBRID_ALPHA0.4_BETA0.6,0.4,0.6,50,0.675,0.01483,0.82757
3-chain-linear,2,43,hybrid,HYBRID_ALPHA0.4_BETA0.6,0.4,0.6,50,0.725,0.02101,0.85149
3-chain-linear,3,44,hybrid,HYBRID_ALPHA0.4_BETA0.6,0.4,0.6,50,0.55,0.01075,0.84399
3-chain-linear,4,45,hybrid,HYBRID_ALPHA0.4_BETA0.6,0.4,0.6,50,0.65,0.01856,0.82726
3-chain-linear,5,46,hybrid,HYBRID_ALPHA0.4_BETA0.6,0.4,0.6,50,0.55,0.01281,0.83989
3-chain-linear,6,47,hybrid,HYBRID_ALPHA0.4_BETA0.6,0.4,0.6,50,0.725,0.03061,0.84157
3-chain-linear,7,48,hybrid,HYBRID_ALPHA0.4_BETA0.6,0.4,0.6,50,0.55,0.00796,0.82653
3-chain-linear,8,49,hybrid,HYBRID_ALPHA0.4_BETA0.6,0.4,0.6,50,0.575,0.01352,0.87018
3-chain-linear,9,50,hybrid,HYBRID_ALPHA0.4_BETA0.6,0.4,0.6,50,0.675,0.01295,0.82995
3-chain-linear,10,51,hybrid,HYBRID_ALPHA0.4_BETA0.6,0.4,0.6,50,0.65,0.01732,0.98477
3-chain-linear,1,42,hybrid,HYBRID_ALPHA0.3_BETA0.7,0.3,0.7,50,0.675,0.01518,0.82893
3-chain-linear,2,43,hybrid,HYBRID_ALPHA0.3_BETA0.7,0.3,0.7,50,0.65,0.02162,0.85141
3-chain-linear,3,44,hybrid,HYBRID_ALPHA0.3_BETA0.7,0.3,0.7,50,0.55,0.01064,0.84396
3-chain-linear,4,45,hybrid,HYBRID_ALPHA0.3_BETA0.7,0.3,0.7,50,0.625,0.01827,0.8282
3-chain-linear,5,46,hybrid,HYBRID_ALPHA0.3_BETA0.7,0.3,0.7,50,0.525,0.01476,0.83993
3-chain-linear,6,47,hybrid,HYBRID_ALPHA0.3_BETA0.7,0.3,0.7,50,0.775,0.03527,0.8829
3-chain-linear,7,48,hybrid,HYBRID_ALPHA0.3_BETA0.7,0.3,0.7,50,0.55,0.00795,0.82773
3-chain-linear,8,49,hybrid,HYBRID_ALPHA0.3_BETA0.7,0.3,0.7,50,0.55,0.01289,0.8702
3-chain-linear,9,50,hybrid,HYBRID_ALPHA0.3_BETA0.7,0.3,0.7,50,0.675,0.013,0.82985
3-chain-linear,10,51,hybrid,HYBRID_ALPHA0.3_BETA0.7,0.3,0.7,50,0.55,0.01223,0.82943
3-chain-linear,1,42,hybrid,HYBRID_ALPHA0.2_BETA0.8,0.2,0.8,50,0.7,0.01668,0.83117
3-chain-linear,2,43,hybrid,HYBRID_ALPHA0.2_BETA0.8,0.2,0.8,50,0.625,0.02076,0.85145
3-chain-linear,3,44,hybrid,HYBRID_ALPHA0.2_BETA0.8,0.2,0.8,50,0.55,0.01053,0.84396
3-chain-linear,4,45,hybrid,HYBRID_ALPHA0.2_BETA0.8,0.2,0.8,50,0.65,0.01985,0.82939
3-chain-linear,5,46,hybrid,HYBRID_ALPHA0.2_BETA0.8,0.2,0.8,50,0.75,0.01344,0.83516
3-chain-linear,6,47,hybrid,HYBRID_ALPHA0.2_BETA0.8,0.2,0.8,50,0.8,0.0281,0.85539
3-chain-linear,7,48,hybrid,HYBRID_ALPHA0.2_BETA0.8,0.2,0.8,50,0.575,0.00805,0.82757
3-chain-linear,8,49,hybrid,HYBRID_ALPHA0.2_BETA0.8,0.2,0.8,50,0.675,0.01345,0.87017
3-chain-linear,9,50,hybrid,HYBRID_ALPHA0.2_BETA0.8,0.2,0.8,50,0.625,0.0122,0.83018
3-chain-linear,10,51,hybrid,HYBRID_ALPHA0.2_BETA0.8,0.2,0.8,50,0.55,0.01246,0.82827
3-chain-linear,1,42,mse,MSE,1.0,0.0,100,0.55,0.0166,0.8425
3-chain-linear,2,43,mse,MSE,1.0,0.0,100,0.575,0.01509,0.83758
3-chain-linear,3,44,mse,MSE,1.0,0.0,100,0.575,0.01047,0.84028
3-chain-linear,4,45,mse,MSE,1.0,0.0,100,0.525,0.01424,0.83824
3-chain-linear,5,46,mse,MSE,1.0,0.0,100,0.525,0.01244,0.82739
3-chain-linear,6,47,mse,MSE,1.0,0.0,100,0.625,0.00911,0.84295
3-chain-linear,7,48,mse,MSE,1.0,0.0,100,0.55,0.01166,0.83718
3-chain-linear,8,49,mse,MSE,1.0,0.0,100,0.625,0.01279,0.82943
3-chain-linear,9,50,mse,MSE,1.0,0.0,100,0.6,0.0097,0.83628
3-chain-linear,10,51,mse,MSE,1.0,0.0,100,0.55,0.01269,0.8373
3-chain-linear,1,42,hybrid,HYBRID_ALPHA0.9_BETA0.1,0.9,0.1,100,0.525,0.01561,0.84069
3-chain-linear,2,43,hybrid,HYBRID_ALPHA0.9_BETA0.1,0.9,0.1,100,0.525,0.01323,0.83749
3-chain-linear,3,44,hybrid,HYBRID_ALPHA0.9_BETA0.1,0.9,0.1,100,0.5,0.00959,0.84027
3-chain-linear,4,45,hybrid,HYBRID_ALPHA0.9_BETA0.1,0.9,0.1,100,0.525,0.01244,0.83824
3-chain-linear,5,46,hybrid,HYBRID_ALPHA0.9_BETA0.1,0.9,0.1,100,0.55,0.0117,0.8271
3-chain-linear,6,47,hybrid,HYBRID_ALPHA0.9_BETA0.1,0.9,0.1,100,0.6,0.00884,0.84294
3-chain-linear,7,48,hybrid,HYBRID_ALPHA0.9_BETA0.1,0.9,0.1,100,0.65,0.01027,0.83559
3-chain-linear,8,49,hybrid,HYBRID_ALPHA0.9_BETA0.1,0.9,0.1,100,0.625,0.01194,0.8241
3-chain-linear,9,50,hybrid,HYBRID_ALPHA0.9_BETA0.1,0.9,0.1,100,0.55,0.00867,0.82828
3-chain-linear,10,51,hybrid,HYBRID_ALPHA0.9_BETA0.1,0.9,0.1,100,0.525,0.01228,0.83735
3-chain-linear,1,42,hybrid,HYBRID_ALPHA0.8_BETA0.2,0.8,0.2,100,0.55,0.01724,0.85364
3-chain-linear,2,43,hybrid,HYBRID_ALPHA0.8_BETA0.2,0.8,0.2,100,0.55,0.01305,0.83735
3-chain-linear,3,44,hybrid,HYBRID_ALPHA0.8_BETA0.2,0.8,0.2,100,0.55,0.01033,0.83138
3-chain-linear,4,45,hybrid,HYBRID_ALPHA0.8_BETA0.2,0.8,0.2,100,0.6,0.0123,0.83826
3-chain-linear,5,46,hybrid,HYBRID_ALPHA0.8_BETA0.2,0.8,0.2,100,0.525,0.01142,0.82735
3-chain-linear,6,47,hybrid,HYBRID_ALPHA0.8_BETA0.2,0.8,0.2,100,0.65,0.00873,0.84291
3-chain-linear,7,48,hybrid,HYBRID_ALPHA0.8_BETA0.2,0.8,0.2,100,0.6,0.01026,0.8344
3-chain-linear,8,49,hybrid,HYBRID_ALPHA0.8_BETA0.2,0.8,0.2,100,0.65,0.01195,0.81878
3-chain-linear,9,50,hybrid,HYBRID_ALPHA0.8_BETA0.2,0.8,0.2,100,0.5,0.00839,0.82666
3-chain-linear,10,51,hybrid,HYBRID_ALPHA0.8_BETA0.2,0.8,0.2,100,0.5,0.01229,0.83598
3-chain-linear,1,42,hybrid,HYBRID_ALPHA0.7_BETA0.3,0.7,0.3,100,0.55,0.01853,0.89494
3-chain-linear,2,43,hybrid,HYBRID_ALPHA0.7_BETA0.3,0.7,0.3,100,0.6,0.01282,0.83709
3-chain-linear,3,44,hybrid,HYBRID_ALPHA0.7_BETA0.3,0.7,0.3,100,0.525,0.00997,0.83047
3-chain-linear,4,45,hybrid,HYBRID_ALPHA0.7_BETA0.3,0.7,0.3,100,0.55,0.01222,0.83825
3-chain-linear,5,46,hybrid,HYBRID_ALPHA0.7_BETA0.3,0.7,0.3,100,0.55,0.01156,0.82661
3-chain-linear,6,47,hybrid,HYBRID_ALPHA0.7_BETA0.3,0.7,0.3,100,0.6,0.00855,0.84292
3-chain-linear,7,48,hybrid,HYBRID_ALPHA0.7_BETA0.3,0.7,0.3,100,0.575,0.01006,0.83461
3-chain-linear,8,49,hybrid,HYBRID_ALPHA0.7_BETA0.3,0.7,0.3,100,0.625,0.01189,0.82241
3-chain-linear,9,50,hybrid,HYBRID_ALPHA0.7_BETA0.3,0.7,0.3,100,0.5,0.00843,0.82412
3-chain-linear,10,51,hybrid,HYBRID_ALPHA0.7_BETA0.3,0.7,0.3,100,0.5,0.01171,0.83478
3-chain-linear,1,42,hybrid,HYBRID_ALPHA0.6_BETA0.4,0.6,0.4,100,0.6,0.01841,0.8938
3-chain-linear,2,43,hybrid,HYBRID_ALPHA0.6_BETA0.4,0.6,0.4,100,0.55,0.01248,0.83726
3-chain-linear,3,44,hybrid,HYBRID_ALPHA0.6_BETA0.4,0.6,0.4,100,0.525,0.00992,0.83007
3-chain-linear,4,45,hybrid,HYBRID_ALPHA0.6_BETA0.4,0.6,0.4,100,0.55,0.01222,0.83812
3-chain-linear,5,46,hybrid,HYBRID_ALPHA0.6_BETA0.4,0.6,0.4,100,0.55,0.01146,0.82538
3-chain-linear,6,47,hybrid,HYBRID_ALPHA0.6_BETA0.4,0.6,0.4,100,0.525,0.00854,0.84291
3-chain-linear,7,48,hybrid,HYBRID_ALPHA0.6_BETA0.4,0.6,0.4,100,0.5,0.00999,0.83071
3-chain-linear,8,49,hybrid,HYBRID_ALPHA0.6_BETA0.4,0.6,0.4,100,0.625,0.01189,0.82451
3-chain-linear,9,50,hybrid,HYBRID_ALPHA0.6_BETA0.4,0.6,0.4,100,0.525,0.00832,0.82569
3-chain-linear,10,51,hybrid,HYBRID_ALPHA0.6_BETA0.4,0.6,0.4,100,0.525,0.01161,0.8376
3-chain-linear,1,42,hybrid,HYBRID_ALPHA0.5_BETA0.5,0.5,0.5,100,0.575,0.01828,0.90162
3-chain-linear,2,43,hybrid,HYBRID_ALPHA0.5_BETA0.5,0.5,0.5,100,0.7,0.01169,0.83688
3-chain-linear,3,44,hybrid,HYBRID_ALPHA0.5_BETA0.5,0.5,0.5,100,0.525,0.00996,0.82983
3-chain-linear,4,45,hybrid,HYBRID_ALPHA0.5_BETA0.5,0.5,0.5,100,0.55,0.01201,0.83805
3-chain-linear,5,46,hybrid,HYBRID_ALPHA0.5_BETA0.5,0.5,0.5,100,0.5,0.01138,0.8267
3-chain-linear,6,47,hybrid,HYBRID_ALPHA0.5_BETA0.5,0.5,0.5,100,0.65,0.00816,0.84292
3-chain-linear,7,48,hybrid,HYBRID_ALPHA0.5_BETA0.5,0.5,0.5,100,0.6,0.00928,0.82894
3-chain-linear,8,49,hybrid,HYBRID_ALPHA0.5_BETA0.5,0.5,0.5,100,0.6,0.01204,0.83199
3-chain-linear,9,50,hybrid,HYBRID_ALPHA0.5_BETA0.5,0.5,0.5,100,0.55,0.00818,0.82423
3-chain-linear,10,51,hybrid,HYBRID_ALPHA0.5_BETA0.5,0.5,0.5,100,0.525,0.011,0.8281
3-chain-linear,1,42,hybrid,HYBRID_ALPHA0.4_BETA0.6,0.4,0.6,100,0.575,0.01729,0.85691
3-chain-linear,2,43,hybrid,HYBRID_ALPHA0.4_BETA0.6,0.4,0.6,100,0.625,0.0113,0.83819
3-chain-linear,3,44,hybrid,HYBRID_ALPHA0.4_BETA0.6,0.4,0.6,100,0.6,0.00998,0.82885
3-chain-linear,4,45,hybrid,HYBRID_ALPHA0.4_BETA0.6,0.4,0.6,100,0.525,0.012,0.83797
3-chain-linear,5,46,hybrid,HYBRID_ALPHA0.4_BETA0.6,0.4,0.6,100,0.575,0.01069,0.82625
3-chain-linear,6,47,hybrid,HYBRID_ALPHA0.4_BETA0.6,0.4,0.6,100,0.55,0.0086,0.84288
3-chain-linear,7,48,hybrid,HYBRID_ALPHA0.4_BETA0.6,0.4,0.6,100,0.625,0.00949,0.82525
3-chain-linear,8,49,hybrid,HYBRID_ALPHA0.4_BETA0.6,0.4,0.6,100,0.65,0.01178,0.83224
3-chain-linear,9,50,hybrid,HYBRID_ALPHA0.4_BETA0.6,0.4,0.6,100,0.55,0.00828,0.82276
3-chain-linear,10,51,hybrid,HYBRID_ALPHA0.4_BETA0.6,0.4,0.6,100,0.525,0.01115,0.82872
3-chain-linear,1,42,hybrid,HYBRID_ALPHA0.3_BETA0.7,0.3,0.7,100,0.575,0.01651,0.85065
3-chain-linear,2,43,hybrid,HYBRID_ALPHA0.3_BETA0.7,0.3,0.7,100,0.65,0.01252,0.83817
3-chain-linear,3,44,hybrid,HYBRID_ALPHA0.3_BETA0.7,0.3,0.7,100,0.525,0.01011,0.82849
3-chain-linear,4,45,hybrid,HYBRID_ALPHA0.3_BETA0.7,0.3,0.7,100,0.575,0.01132,0.83795
3-chain-linear,5,46,hybrid,HYBRID_ALPHA0.3_BETA0.7,0.3,0.7,100,0.625,0.01053,0.82695
3-chain-linear,6,47,hybrid,HYBRID_ALPHA0.3_BETA0.7,0.3,0.7,100,0.6,0.00845,0.84283
3-chain-linear,7,48,hybrid,HYBRID_ALPHA0.3_BETA0.7,0.3,0.7,100,0.675,0.00963,0.82615
3-chain-linear,8,49,hybrid,HYBRID_ALPHA0.3_BETA0.7,0.3,0.7,100,0.725,0.01172,0.83181
3-chain-linear,9,50,hybrid,HYBRID_ALPHA0.3_BETA0.7,0.3,0.7,100,0.625,0.00813,0.82101
3-chain-linear,10,51,hybrid,HYBRID_ALPHA0.3_BETA0.7,0.3,0.7,100,0.575,0.01113,0.82942
3-chain-linear,1,42,hybrid,HYBRID_ALPHA0.2_BETA0.8,0.2,0.8,100,0.575,0.01594,0.84996
3-chain-linear,2,43,hybrid,HYBRID_ALPHA0.2_BETA0.8,0.2,0.8,100,0.625,0.01222,0.83913
3-chain-linear,3,44,hybrid,HYBRID_ALPHA0.2_BETA0.8,0.2,0.8,100,0.575,0.01051,0.82832
3-chain-linear,4,45,hybrid,HYBRID_ALPHA0.2_BETA0.8,0.2,0.8,100,0.65,0.01269,0.83796
3-chain-linear,5,46,hybrid,HYBRID_ALPHA0.2_BETA0.8,0.2,0.8,100,0.6,0.0102,0.82686
3-chain-linear,6,47,hybrid,HYBRID_ALPHA0.2_BETA0.8,0.2,0.8,100,0.625,0.00841,0.82974
3-chain-linear,7,48,hybrid,HYBRID_ALPHA0.2_BETA0.8,0.2,0.8,100,0.725,0.01061,0.82474
3-chain-linear,8,49,hybrid,HYBRID_ALPHA0.2_BETA0.8,0.2,0.8,100,0.625,0.01245,0.83097
3-chain-linear,9,50,hybrid,HYBRID_ALPHA0.2_BETA0.8,0.2,0.8,100,0.525,0.00809,0.82018
3-chain-linear,10,51,hybrid,HYBRID_ALPHA0.2_BETA0.8,0.2,0.8,100,0.55,0.01048,0.82761
3-chain-non-linear,1,42,mse,MSE,1.0,0.0,50,0.725,0.01689,0.17109
3-chain-non-linear,2,43,mse,MSE,1.0,0.0,50,0.575,0.0216,0.17545
3-chain-non-linear,3,44,mse,MSE,1.0,0.0,50,0.775,0.01237,0.22442
3-chain-non-linear,4,45,mse,MSE,1.0,0.0,50,0.75,0.04343,0.36173
3-chain-non-linear,5,46,mse,MSE,1.0,0.0,50,0.65,0.02671,0.35772
3-chain-non-linear,6,47,mse,MSE,1.0,0.0,50,0.6,0.02313,0.20007
3-chain-non-linear,7,48,mse,MSE,1.0,0.0,50,0.7,0.00795,0.30176
3-chain-non-linear,8,49,mse,MSE,1.0,0.0,50,0.75,0.02658,0.78284
3-chain-non-linear,9,50,mse,MSE,1.0,0.0,50,0.675,0.01589,0.26336
3-chain-non-linear,10,51,mse,MSE,1.0,0.0,50,0.7,0.02044,0.19463
3-chain-non-linear,1,42,hybrid,HYBRID_ALPHA0.9_BETA0.1,0.9,0.1,50,0.7,0.01659,0.15572
3-chain-non-linear,2,43,hybrid,HYBRID_ALPHA0.9_BETA0.1,0.9,0.1,50,0.7,0.02235,0.19794
3-chain-non-linear,3,44,hybrid,HYBRID_ALPHA0.9_BETA0.1,0.9,0.1,50,0.65,0.01194,0.24035
3-chain-non-linear,4,45,hybrid,HYBRID_ALPHA0.9_BETA0.1,0.9,0.1,50,0.75,0.04359,0.34212
3-chain-non-linear,5,46,hybrid,HYBRID_ALPHA0.9_BETA0.1,0.9,0.1,50,0.675,0.01794,0.27251
3-chain-non-linear,6,47,hybrid,HYBRID_ALPHA0.9_BETA0.1,0.9,0.1,50,0.675,0.03415,0.19111
3-chain-non-linear,7,48,hybrid,HYBRID_ALPHA0.9_BETA0.1,0.9,0.1,50,0.625,0.01469,0.27941
3-chain-non-linear,8,49,hybrid,HYBRID_ALPHA0.9_BETA0.1,0.9,0.1,50,0.775,0.02764,0.68346
3-chain-non-linear,9,50,hybrid,HYBRID_ALPHA0.9_BETA0.1,0.9,0.1,50,0.675,0.01507,0.26042
3-chain-non-linear,10,51,hybrid,HYBRID_ALPHA0.9_BETA0.1,0.9,0.1,50,0.675,0.019,0.17187
3-chain-non-linear,1,42,hybrid,HYBRID_ALPHA0.8_BETA0.2,0.8,0.2,50,0.675,0.01689,0.16313
3-chain-non-linear,2,43,hybrid,HYBRID_ALPHA0.8_BETA0.2,0.8,0.2,50,0.725,0.02118,0.19777
3-chain-non-linear,3,44,hybrid,HYBRID_ALPHA0.8_BETA0.2,0.8,0.2,50,0.725,0.02438,0.24695
3-chain-non-linear,4,45,hybrid,HYBRID_ALPHA0.8_BETA0.2,0.8,0.2,50,0.725,0.04427,0.34298
3-chain-non-linear,5,46,hybrid,HYBRID_ALPHA0.8_BETA0.2,0.8,0.2,50,0.55,0.0179,0.26683
3-chain-non-linear,6,47,hybrid,HYBRID_ALPHA0.8_BETA0.2,0.8,0.2,50,0.65,0.03626,0.19362
3-chain-non-linear,7,48,hybrid,HYBRID_ALPHA0.8_BETA0.2,0.8,0.2,50,0.725,0.01459,0.24618
3-chain-non-linear,8,49,hybrid,HYBRID_ALPHA0.8_BETA0.2,0.8,0.2,50,0.725,0.03035,0.61402
3-chain-non-linear,9,50,hybrid,HYBRID_ALPHA0.8_BETA0.2,0.8,0.2,50,0.675,0.0152,0.2748
3-chain-non-linear,10,51,hybrid,HYBRID_ALPHA0.8_BETA0.2,0.8,0.2,50,0.65,0.01878,0.1635
3-chain-non-linear,1,42,hybrid,HYBRID_ALPHA0.7_BETA0.3,0.7,0.3,50,0.65,0.01944,0.22464
3-chain-non-linear,2,43,hybrid,HYBRID_ALPHA0.7_BETA0.3,0.7,0.3,50,0.725,0.01999,0.18191
3-chain-non-linear,3,44,hybrid,HYBRID_ALPHA0.7_BETA0.3,0.7,0.3,50,0.75,0.02325,0.21463
3-chain-non-linear,4,45,hybrid,HYBRID_ALPHA0.7_BETA0.3,0.7,0.3,50,0.8,0.03499,0.26662
3-chain-non-linear,5,46,hybrid,HYBRID_ALPHA0.7_BETA0.3,0.7,0.3,50,0.6,0.01852,0.24815
3-chain-non-linear,6,47,hybrid,HYBRID_ALPHA0.7_BETA0.3,0.7,0.3,50,0.75,0.04146,0.22473
3-chain-non-linear,7,48,hybrid,HYBRID_ALPHA0.7_BETA0.3,0.7,0.3,50,0.7,0.01581,0.24917
3-chain-non-linear,8,49,hybrid,HYBRID_ALPHA0.7_BETA0.3,0.7,0.3,50,0.75,0.03006,1.04211
3-chain-non-linear,9,50,hybrid,HYBRID_ALPHA0.7_BETA0.3,0.7,0.3,50,0.7,0.01493,0.25969
3-chain-non-linear,10,51,hybrid,HYBRID_ALPHA0.7_BETA0.3,0.7,0.3,50,0.8,0.01885,0.16568
3-chain-non-linear,1,42,hybrid,HYBRID_ALPHA0.6_BETA0.4,0.6,0.4,50,0.75,0.0169,0.14131
3-chain-non-linear,2,43,hybrid,HYBRID_ALPHA0.6_BETA0.4,0.6,0.4,50,0.65,0.01947,0.22711
3-chain-non-linear,3,44,hybrid,HYBRID_ALPHA0.6_BETA0.4,0.6,0.4,50,0.7,0.01998,0.23212
3-chain-non-linear,4,45,hybrid,HYBRID_ALPHA0.6_BETA0.4,0.6,0.4,50,0.85,0.03313,0.52763
3-chain-non-linear,5,46,hybrid,HYBRID_ALPHA0.6_BETA0.4,0.6,0.4,50,0.625,0.01848,0.29639
3-chain-non-linear,6,47,hybrid,HYBRID_ALPHA0.6_BETA0.4,0.6,0.4,50,0.7,0.04273,0.32774
3-chain-non-linear,7,48,hybrid,HYBRID_ALPHA0.6_BETA0.4,0.6,0.4,50,0.725,0.01648,0.26756
3-chain-non-linear,8,49,hybrid,HYBRID_ALPHA0.6_BETA0.4,0.6,0.4,50,0.725,0.02976,1.04945
3-chain-non-linear,9,50,hybrid,HYBRID_ALPHA0.6_BETA0.4,0.6,0.4,50,0.65,0.01525,0.26136
3-chain-non-linear,10,51,hybrid,HYBRID_ALPHA0.6_BETA0.4,0.6,0.4,50,0.7,0.02373,0.18759
3-chain-non-linear,1,42,hybrid,HYBRID_ALPHA0.5_BETA0.5,0.5,0.5,50,0.825,0.0223,0.33256
3-chain-non-linear,2,43,hybrid,HYBRID_ALPHA0.5_BETA0.5,0.5,0.5,50,0.575,0.0202,0.24716
3-chain-non-linear,3,44,hybrid,HYBRID_ALPHA0.5_BETA0.5,0.5,0.5,50,0.675,0.01812,0.27094
3-chain-non-linear,4,45,hybrid,HYBRID_ALPHA0.5_BETA0.5,0.5,0.5,50,0.75,0.04149,0.26029
3-chain-non-linear,5,46,hybrid,HYBRID_ALPHA0.5_BETA0.5,0.5,0.5,50,0.65,0.01893,0.26658
3-chain-non-linear,6,47,hybrid,HYBRID_ALPHA0.5_BETA0.5,0.5,0.5,50,0.675,0.04155,0.35303
3-chain-non-linear,7,48,hybrid,HYBRID_ALPHA0.5_BETA0.5,0.5,0.5,50,0.7,0.01578,0.34126
3-chain-non-linear,8,49,hybrid,HYBRID_ALPHA0.5_BETA0.5,0.5,0.5,50,0.75,0.02897,1.10311
3-chain-non-linear,9,50,hybrid,HYBRID_ALPHA0.5_BETA0.5,0.5,0.5,50,0.65,0.01735,0.25781
3-chain-non-linear,10,51,hybrid,HYBRID_ALPHA0.5_BETA0.5,0.5,0.5,50,0.625,0.02879,0.17127
3-chain-non-linear,1,42,hybrid,HYBRID_ALPHA0.4_BETA0.6,0.4,0.6,50,0.8,0.02552,0.39001
3-chain-non-linear,2,43,hybrid,HYBRID_ALPHA0.4_BETA0.6,0.4,0.6,50,0.6,0.02109,0.25556
3-chain-non-linear,3,44,hybrid,HYBRID_ALPHA0.4_BETA0.6,0.4,0.6,50,0.725,0.0267,0.29837
3-chain-non-linear,4,45,hybrid,HYBRID_ALPHA0.4_BETA0.6,0.4,0.6,50,0.85,0.03512,0.55299
3-chain-non-linear,5,46,hybrid,HYBRID_ALPHA0.4_BETA0.6,0.4,0.6,50,0.625,0.01972,0.23236
3-chain-non-linear,6,47,hybrid,HYBRID_ALPHA0.4_BETA0.6,0.4,0.6,50,0.725,0.04289,0.38771
3-chain-non-linear,7,48,hybrid,HYBRID_ALPHA0.4_BETA0.6,0.4,0.6,50,0.675,0.01266,0.14016
3-chain-non-linear,8,49,hybrid,HYBRID_ALPHA0.4_BETA0.6,0.4,0.6,50,0.825,0.03084,1.22592
3-chain-non-linear,9,50,hybrid,HYBRID_ALPHA0.4_BETA0.6,0.4,0.6,50,0.725,0.02506,0.34448
3-chain-non-linear,10,51,hybrid,HYBRID_ALPHA0.4_BETA0.6,0.4,0.6,50,0.7,0.03231,0.19199
3-chain-non-linear,1,42,hybrid,HYBRID_ALPHA0.3_BETA0.7,0.3,0.7,50,0.775,0.02703,0.45118
3-chain-non-linear,2,43,hybrid,HYBRID_ALPHA0.3_BETA0.7,0.3,0.7,50,0.65,0.02189,0.25248
3-chain-non-linear,3,44,hybrid,HYBRID_ALPHA0.3_BETA0.7,0.3,0.7,50,0.525,0.01649,0.25296
3-chain-non-linear,4,45,hybrid,HYBRID_ALPHA0.3_BETA0.7,0.3,0.7,50,0.875,0.04787,0.60866
3-chain-non-linear,5,46,hybrid,HYBRID_ALPHA0.3_BETA0.7,0.3,0.7,50,0.675,0.02472,0.31055
3-chain-non-linear,6,47,hybrid,HYBRID_ALPHA0.3_BETA0.7,0.3,0.7,50,0.7,0.04363,0.42888
3-chain-non-linear,7,48,hybrid,HYBRID_ALPHA0.3_BETA0.7,0.3,0.7,50,0.55,0.01066,0.17027
3-chain-non-linear,8,49,hybrid,HYBRID_ALPHA0.3_BETA0.7,0.3,0.7,50,0.85,0.02082,0.75332
3-chain-non-linear,9,50,hybrid,HYBRID_ALPHA0.3_BETA0.7,0.3,0.7,50,0.675,0.02851,0.35866
3-chain-non-linear,10,51,hybrid,HYBRID_ALPHA0.3_BETA0.7,0.3,0.7,50,0.675,0.02721,0.18996
3-chain-non-linear,1,42,hybrid,HYBRID_ALPHA0.2_BETA0.8,0.2,0.8,50,0.8,0.04557,0.65065
3-chain-non-linear,2,43,hybrid,HYBRID_ALPHA0.2_BETA0.8,0.2,0.8,50,0.65,0.02012,0.25287
3-chain-non-linear,3,44,hybrid,HYBRID_ALPHA0.2_BETA0.8,0.2,0.8,50,0.7,0.02276,0.2867
3-chain-non-linear,4,45,hybrid,HYBRID_ALPHA0.2_BETA0.8,0.2,0.8,50,0.8,0.03947,0.6467
3-chain-non-linear,5,46,hybrid,HYBRID_ALPHA0.2_BETA0.8,0.2,0.8,50,0.725,0.03079,0.22654
3-chain-non-linear,6,47,hybrid,HYBRID_ALPHA0.2_BETA0.8,0.2,0.8,50,0.625,0.04307,0.46763
3-chain-non-linear,7,48,hybrid,HYBRID_ALPHA0.2_BETA0.8,0.2,0.8,50,0.6,0.01068,0.17926
3-chain-non-linear,8,49,hybrid,HYBRID_ALPHA0.2_BETA0.8,0.2,0.8,50,0.85,0.02095,0.62459
3-chain-non-linear,9,50,hybrid,HYBRID_ALPHA0.2_BETA0.8,0.2,0.8,50,0.775,0.02809,0.48638
3-chain-non-linear,10,51,hybrid,HYBRID_ALPHA0.2_BETA0.8,0.2,0.8,50,0.725,0.03366,0.33258
3-chain-non-linear,1,42,mse,MSE,1.0,0.0,100,0.725,0.01368,0.31628
3-chain-non-linear,2,43,mse,MSE,1.0,0.0,100,0.675,0.01852,0.29817
3-chain-non-linear,3,44,mse,MSE,1.0,0.0,100,0.8,0.03292,0.29692
3-chain-non-linear,4,45,mse,MSE,1.0,0.0,100,0.65,0.0122,0.23083
3-chain-non-linear,5,46,mse,MSE,1.0,0.0,100,0.65,0.00911,0.18022
3-chain-non-linear,6,47,mse,MSE,1.0,0.0,100,0.7,0.01447,0.36409
3-chain-non-linear,7,48,mse,MSE,1.0,0.0,100,0.725,0.00792,0.16819
3-chain-non-linear,8,49,mse,MSE,1.0,0.0,100,0.85,0.0381,0.65997
3-chain-non-linear,9,50,mse,MSE,1.0,0.0,100,0.65,0.01069,0.34525
3-chain-non-linear,10,51,mse,MSE,1.0,0.0,100,0.725,0.00865,0.15521
3-chain-non-linear,1,42,hybrid,HYBRID_ALPHA0.9_BETA0.1,0.9,0.1,100,0.725,0.01251,0.25482
3-chain-non-linear,2,43,hybrid,HYBRID_ALPHA0.9_BETA0.1,0.9,0.1,100,0.7,0.01908,0.28702
3-chain-non-linear,3,44,hybrid,HYBRID_ALPHA0.9_BETA0.1,0.9,0.1,100,0.775,0.03581,0.30264
3-chain-non-linear,4,45,hybrid,HYBRID_ALPHA0.9_BETA0.1,0.9,0.1,100,0.7,0.01267,0.21408
3-chain-non-linear,5,46,hybrid,HYBRID_ALPHA0.9_BETA0.1,0.9,0.1,100,0.675,0.00808,0.15725
3-chain-non-linear,6,47,hybrid,HYBRID_ALPHA0.9_BETA0.1,0.9,0.1,100,0.725,0.01598,0.40973
3-chain-non-linear,7,48,hybrid,HYBRID_ALPHA0.9_BETA0.1,0.9,0.1,100,0.7,0.01158,0.19113
3-chain-non-linear,8,49,hybrid,HYBRID_ALPHA0.9_BETA0.1,0.9,0.1,100,0.825,0.03782,0.66178
3-chain-non-linear,9,50,hybrid,HYBRID_ALPHA0.9_BETA0.1,0.9,0.1,100,0.775,0.01195,0.39778
3-chain-non-linear,10,51,hybrid,HYBRID_ALPHA0.9_BETA0.1,0.9,0.1,100,0.625,0.00907,0.14237
3-chain-non-linear,1,42,hybrid,HYBRID_ALPHA0.8_BETA0.2,0.8,0.2,100,0.675,0.01345,0.2383
3-chain-non-linear,2,43,hybrid,HYBRID_ALPHA0.8_BETA0.2,0.8,0.2,100,0.725,0.02047,0.23135
3-chain-non-linear,3,44,hybrid,HYBRID_ALPHA0.8_BETA0.2,0.8,0.2,100,0.825,0.03704,0.27073
3-chain-non-linear,4,45,hybrid,HYBRID_ALPHA0.8_BETA0.2,0.8,0.2,100,0.65,0.01221,0.20935
3-chain-non-linear,5,46,hybrid,HYBRID_ALPHA0.8_BETA0.2,0.8,0.2,100,0.6,0.00791,0.14965
3-chain-non-linear,6,47,hybrid,HYBRID_ALPHA0.8_BETA0.2,0.8,0.2,100,0.65,0.02011,0.3079
3-chain-non-linear,7,48,hybrid,HYBRID_ALPHA0.8_BETA0.2,0.8,0.2,100,0.65,0.01312,0.20084
3-chain-non-linear,8,49,hybrid,HYBRID_ALPHA0.8_BETA0.2,0.8,0.2,100,0.825,0.0385,0.66453
3-chain-non-linear,9,50,hybrid,HYBRID_ALPHA0.8_BETA0.2,0.8,0.2,100,0.75,0.01437,0.38886
3-chain-non-linear,10,51,hybrid,HYBRID_ALPHA0.8_BETA0.2,0.8,0.2,100,0.65,0.00912,0.16714
3-chain-non-linear,1,42,hybrid,HYBRID_ALPHA0.7_BETA0.3,0.7,0.3,100,0.7,0.01361,0.22777
3-chain-non-linear,2,43,hybrid,HYBRID_ALPHA0.7_BETA0.3,0.7,0.3,100,0.675,0.02355,0.21368
3-chain-non-linear,3,44,hybrid,HYBRID_ALPHA0.7_BETA0.3,0.7,0.3,100,0.825,0.0396,0.21837
3-chain-non-linear,4,45,hybrid,HYBRID_ALPHA0.7_BETA0.3,0.7,0.3,100,0.675,0.01319,0.22775
3-chain-non-linear,5,46,hybrid,HYBRID_ALPHA0.7_BETA0.3,0.7,0.3,100,0.65,0.00846,0.14583
3-chain-non-linear,6,47,hybrid,HYBRID_ALPHA0.7_BETA0.3,0.7,0.3,100,0.75,0.01827,0.28674
3-chain-non-linear,7,48,hybrid,HYBRID_ALPHA0.7_BETA0.3,0.7,0.3,100,0.625,0.01222,0.19267
3-chain-non-linear,8,49,hybrid,HYBRID_ALPHA0.7_BETA0.3,0.7,0.3,100,0.85,0.03607,0.64728
3-chain-non-linear,9,50,hybrid,HYBRID_ALPHA0.7_BETA0.3,0.7,0.3,100,0.675,0.01267,0.28758
3-chain-non-linear,10,51,hybrid,HYBRID_ALPHA0.7_BETA0.3,0.7,0.3,100,0.675,0.01394,0.20414
3-chain-non-linear,1,42,hybrid,HYBRID_ALPHA0.6_BETA0.4,0.6,0.4,100,0.8,0.01428,0.24175
3-chain-non-linear,2,43,hybrid,HYBRID_ALPHA0.6_BETA0.4,0.6,0.4,100,0.775,0.0265,0.21777
3-chain-non-linear,3,44,hybrid,HYBRID_ALPHA0.6_BETA0.4,0.6,0.4,100,0.775,0.03871,0.22501
3-chain-non-linear,4,45,hybrid,HYBRID_ALPHA0.6_BETA0.4,0.6,0.4,100,0.6,0.01319,0.24853
3-chain-non-linear,5,46,hybrid,HYBRID_ALPHA0.6_BETA0.4,0.6,0.4,100,0.675,0.00888,0.15598
3-chain-non-linear,6,47,hybrid,HYBRID_ALPHA0.6_BETA0.4,0.6,0.4,100,0.75,0.02462,0.54724
3-chain-non-linear,7,48,hybrid,HYBRID_ALPHA0.6_BETA0.4,0.6,0.4,100,0.7,0.01204,0.19808
3-chain-non-linear,8,49,hybrid,HYBRID_ALPHA0.6_BETA0.4,0.6,0.4,100,0.75,0.01924,0.16875
3-chain-non-linear,9,50,hybrid,HYBRID_ALPHA0.6_BETA0.4,0.6,0.4,100,0.6,0.01136,0.29427
3-chain-non-linear,10,51,hybrid,HYBRID_ALPHA0.6_BETA0.4,0.6,0.4,100,0.675,0.01462,0.23055
3-chain-non-linear,1,42,hybrid,HYBRID_ALPHA0.5_BETA0.5,0.5,0.5,100,0.625,0.01418,0.24042
3-chain-non-linear,2,43,hybrid,HYBRID_ALPHA0.5_BETA0.5,0.5,0.5,100,0.825,0.02574,0.18171
3-chain-non-linear,3,44,hybrid,HYBRID_ALPHA0.5_BETA0.5,0.5,0.5,100,0.825,0.03897,0.25949
3-chain-non-linear,4,45,hybrid,HYBRID_ALPHA0.5_BETA0.5,0.5,0.5,100,0.625,0.01282,0.20542
3-chain-non-linear,5,46,hybrid,HYBRID_ALPHA0.5_BETA0.5,0.5,0.5,100,0.7,0.00826,0.15889
3-chain-non-linear,6,47,hybrid,HYBRID_ALPHA0.5_BETA0.5,0.5,0.5,100,0.775,0.02788,0.57101
3-chain-non-linear,7,48,hybrid,HYBRID_ALPHA0.5_BETA0.5,0.5,0.5,100,0.7,0.01173,0.25511
3-chain-non-linear,8,49,hybrid,HYBRID_ALPHA0.5_BETA0.5,0.5,0.5,100,0.575,0.01628,0.17516
3-chain-non-linear,9,50,hybrid,HYBRID_ALPHA0.5_BETA0.5,0.5,0.5,100,0.6,0.01058,0.30167
3-chain-non-linear,10,51,hybrid,HYBRID_ALPHA0.5_BETA0.5,0.5,0.5,100,0.7,0.01765,0.24519
3-chain-non-linear,1,42,hybrid,HYBRID_ALPHA0.4_BETA0.6,0.4,0.6,100,0.775,0.01375,0.23167
3-chain-non-linear,2,43,hybrid,HYBRID_ALPHA0.4_BETA0.6,0.4,0.6,100,0.725,0.02438,0.19898
3-chain-non-linear,3,44,hybrid,HYBRID_ALPHA0.4_BETA0.6,0.4,0.6,100,0.775,0.03829,0.2303
3-chain-non-linear,4,45,hybrid,HYBRID_ALPHA0.4_BETA0.6,0.4,0.6,100,0.7,0.01356,0.18861
3-chain-non-linear,5,46,hybrid,HYBRID_ALPHA0.4_BETA0.6,0.4,0.6,100,0.625,0.00774,0.24892
3-chain-non-linear,6,47,hybrid,HYBRID_ALPHA0.4_BETA0.6,0.4,0.6,100,0.725,0.02934,0.59013
3-chain-non-linear,7,48,hybrid,HYBRID_ALPHA0.4_BETA0.6,0.4,0.6,100,0.675,0.01219,0.24662
3-chain-non-linear,8,49,hybrid,HYBRID_ALPHA0.4_BETA0.6,0.4,0.6,100,0.8,0.03346,0.27733
3-chain-non-linear,9,50,hybrid,HYBRID_ALPHA0.4_BETA0.6,0.4,0.6,100,0.6,0.00881,0.29506
3-chain-non-linear,10,51,hybrid,HYBRID_ALPHA0.4_BETA0.6,0.4,0.6,100,0.7,0.0129,0.19426
3-chain-non-linear,1,42,hybrid,HYBRID_ALPHA0.3_BETA0.7,0.3,0.7,100,0.8,0.0133,0.22222
3-chain-non-linear,2,43,hybrid,HYBRID_ALPHA0.3_BETA0.7,0.3,0.7,100,0.625,0.02619,0.21875
3-chain-non-linear,3,44,hybrid,HYBRID_ALPHA0.3_BETA0.7,0.3,0.7,100,0.85,0.03664,0.31782
3-chain-non-linear,4,45,hybrid,HYBRID_ALPHA0.3_BETA0.7,0.3,0.7,100,0.675,0.02146,0.24942
3-chain-non-linear,5,46,hybrid,HYBRID_ALPHA0.3_BETA0.7,0.3,0.7,100,0.625,0.0218,0.17421
3-chain-non-linear,6,47,hybrid,HYBRID_ALPHA0.3_BETA0.7,0.3,0.7,100,0.775,0.03036,0.59169
3-chain-non-linear,7,48,hybrid,HYBRID_ALPHA0.3_BETA0.7,0.3,0.7,100,0.75,0.01193,0.22804
3-chain-non-linear,8,49,hybrid,HYBRID_ALPHA0.3_BETA0.7,0.3,0.7,100,0.8,0.01954,0.22616
3-chain-non-linear,9,50,hybrid,HYBRID_ALPHA0.3_BETA0.7,0.3,0.7,100,0.625,0.00796,0.29467
3-chain-non-linear,10,51,hybrid,HYBRID_ALPHA0.3_BETA0.7,0.3,0.7,100,0.675,0.0134,0.2047
3-chain-non-linear,1,42,hybrid,HYBRID_ALPHA0.2_BETA0.8,0.2,0.8,100,0.85,0.01666,0.23739
3-chain-non-linear,2,43,hybrid,HYBRID_ALPHA0.2_BETA0.8,0.2,0.8,100,0.7,0.03291,0.25108
3-chain-non-linear,3,44,hybrid,HYBRID_ALPHA0.2_BETA0.8,0.2,0.8,100,0.85,0.04383,0.24068
3-chain-non-linear,4,45,hybrid,HYBRID_ALPHA0.2_BETA0.8,0.2,0.8,100,0.625,0.02441,0.32763
3-chain-non-linear,5,46,hybrid,HYBRID_ALPHA0.2_BETA0.8,0.2,0.8,100,0.65,0.01747,0.22539
3-chain-non-linear,6,47,hybrid,HYBRID_ALPHA0.2_BETA0.8,0.2,0.8,100,0.775,0.03136,0.60105
3-chain-non-linear,7,48,hybrid,HYBRID_ALPHA0.2_BETA0.8,0.2,0.8,100,0.75,0.01204,0.23545
3-chain-non-linear,8,49,hybrid,HYBRID_ALPHA0.2_BETA0.8,0.2,0.8,100,0.775,0.01974,0.17783
3-chain-non-linear,9,50,hybrid,HYBRID_ALPHA0.2_BETA0.8,0.2,0.8,100,0.65,0.01533,0.27956
3-chain-non-linear,10,51,hybrid,HYBRID_ALPHA0.2_BETA0.8,0.2,0.8,100,0.6,0.01878,0.18176
4-chain-linear,1,42,mse,MSE,1.0,0.0,50,0.8,0.02938,0.57867
4-chain-linear,2,43,mse,MSE,1.0,0.0,50,0.775,0.04529,0.63111
4-chain-linear,3,44,mse,MSE,1.0,0.0,50,0.75,0.04229,0.57937
4-chain-linear,4,45,mse,MSE,1.0,0.0,50,0.775,0.04323,0.57647
4-chain-linear,5,46,mse,MSE,1.0,0.0,50,0.8,0.02253,0.66673
4-chain-linear,6,47,mse,MSE,1.0,0.0,50,0.8,0.04702,0.56392
4-chain-linear,7,48,mse,MSE,1.0,0.0,50,0.75,0.02911,0.59743
4-chain-linear,8,49,mse,MSE,1.0,0.0,50,0.775,0.05435,0.57694
4-chain-linear,9,50,mse,MSE,1.0,0.0,50,0.825,0.0442,0.58162
4-chain-linear,10,51,mse,MSE,1.0,0.0,50,0.725,0.02381,1.52356
4-chain-linear,1,42,hybrid,HYBRID_ALPHA0.9_BETA0.1,0.9,0.1,50,0.8,0.03739,0.57678
4-chain-linear,2,43,hybrid,HYBRID_ALPHA0.9_BETA0.1,0.9,0.1,50,0.8,0.04814,0.62743
4-chain-linear,3,44,hybrid,HYBRID_ALPHA0.9_BETA0.1,0.9,0.1,50,0.75,0.04237,0.57936
4-chain-linear,4,45,hybrid,HYBRID_ALPHA0.9_BETA0.1,0.9,0.1,50,0.8,0.04235,0.57649
4-chain-linear,5,46,hybrid,HYBRID_ALPHA0.9_BETA0.1,0.9,0.1,50,0.85,0.02998,0.664
4-chain-linear,6,47,hybrid,HYBRID_ALPHA0.9_BETA0.1,0.9,0.1,50,0.825,0.06082,0.5639
4-chain-linear,7,48,hybrid,HYBRID_ALPHA0.9_BETA0.1,0.9,0.1,50,0.8,0.03071,0.59375
4-chain-linear,8,49,hybrid,HYBRID_ALPHA0.9_BETA0.1,0.9,0.1,50,0.75,0.05397,0.57695
4-chain-linear,9,50,hybrid,HYBRID_ALPHA0.9_BETA0.1,0.9,0.1,50,0.775,0.04456,0.58161
4-chain-linear,10,51,hybrid,HYBRID_ALPHA0.9_BETA0.1,0.9,0.1,50,0.7,0.02403,1.52445
4-chain-linear,1,42,hybrid,HYBRID_ALPHA0.8_BETA0.2,0.8,0.2,50,0.775,0.03808,0.57442
4-chain-linear,2,43,hybrid,HYBRID_ALPHA0.8_BETA0.2,0.8,0.2,50,0.75,0.04461,1.24745
4-chain-linear,3,44,hybrid,HYBRID_ALPHA0.8_BETA0.2,0.8,0.2,50,0.75,0.04309,0.57934
4-chain-linear,4,45,hybrid,HYBRID_ALPHA0.8_BETA0.2,0.8,0.2,50,0.775,0.04106,0.57649
4-chain-linear,5,46,hybrid,HYBRID_ALPHA0.8_BETA0.2,0.8,0.2,50,0.75,0.02256,0.68995
4-chain-linear,6,47,hybrid,HYBRID_ALPHA0.8_BETA0.2,0.8,0.2,50,0.8,0.06008,0.5639
4-chain-linear,7,48,hybrid,HYBRID_ALPHA0.8_BETA0.2,0.8,0.2,50,0.825,0.03378,0.60539
4-chain-linear,8,49,hybrid,HYBRID_ALPHA0.8_BETA0.2,0.8,0.2,50,0.825,0.05213,0.57695
4-chain-linear,9,50,hybrid,HYBRID_ALPHA0.8_BETA0.2,0.8,0.2,50,0.725,0.04483,0.58161
4-chain-linear,10,51,hybrid,HYBRID_ALPHA0.8_BETA0.2,0.8,0.2,50,0.75,0.0276,1.50903
4-chain-linear,1,42,hybrid,HYBRID_ALPHA0.7_BETA0.3,0.7,0.3,50,0.8,0.03797,0.57403
4-chain-linear,2,43,hybrid,HYBRID_ALPHA0.7_BETA0.3,0.7,0.3,50,0.825,0.04989,1.68732
4-chain-linear,3,44,hybrid,HYBRID_ALPHA0.7_BETA0.3,0.7,0.3,50,0.75,0.03918,0.57934
4-chain-linear,4,45,hybrid,HYBRID_ALPHA0.7_BETA0.3,0.7,0.3,50,0.725,0.04336,0.57651
4-chain-linear,5,46,hybrid,HYBRID_ALPHA0.7_BETA0.3,0.7,0.3,50,0.7,0.0237,0.77774
4-chain-linear,6,47,hybrid,HYBRID_ALPHA0.7_BETA0.3,0.7,0.3,50,0.825,0.05705,0.56391
4-chain-linear,7,48,hybrid,HYBRID_ALPHA0.7_BETA0.3,0.7,0.3,50,0.75,0.02944,0.6037
4-chain-linear,8,49,hybrid,HYBRID_ALPHA0.7_BETA0.3,0.7,0.3,50,0.825,0.05132,0.57696
4-chain-linear,9,50,hybrid,HYBRID_ALPHA0.7_BETA0.3,0.7,0.3,50,0.7,0.04436,0.58161
4-chain-linear,10,51,hybrid,HYBRID_ALPHA0.7_BETA0.3,0.7,0.3,50,0.725,0.0329,1.50194
4-chain-linear,1,42,hybrid,HYBRID_ALPHA0.6_BETA0.4,0.6,0.4,50,0.825,0.03783,0.57369
4-chain-linear,2,43,hybrid,HYBRID_ALPHA0.6_BETA0.4,0.6,0.4,50,0.775,0.05589,0.65995
4-chain-linear,3,44,hybrid,HYBRID_ALPHA0.6_BETA0.4,0.6,0.4,50,0.75,0.03944,0.57937
4-chain-linear,4,45,hybrid,HYBRID_ALPHA0.6_BETA0.4,0.6,0.4,50,0.75,0.04422,0.57651
4-chain-linear,5,46,hybrid,HYBRID_ALPHA0.6_BETA0.4,0.6,0.4,50,0.7,0.02989,0.58705
4-chain-linear,6,47,hybrid,HYBRID_ALPHA0.6_BETA0.4,0.6,0.4,50,0.825,0.05652,0.62876
4-chain-linear,7,48,hybrid,HYBRID_ALPHA0.6_BETA0.4,0.6,0.4,50,0.775,0.03042,0.58495
4-chain-linear,8,49,hybrid,HYBRID_ALPHA0.6_BETA0.4,0.6,0.4,50,0.775,0.0513,0.57696
4-chain-linear,9,50,hybrid,HYBRID_ALPHA0.6_BETA0.4,0.6,0.4,50,0.75,0.044,0.58161
4-chain-linear,10,51,hybrid,HYBRID_ALPHA0.6_BETA0.4,0.6,0.4,50,0.725,0.02961,1.5019
4-chain-linear,1,42,hybrid,HYBRID_ALPHA0.5_BETA0.5,0.5,0.5,50,0.85,0.03783,0.57268
4-chain-linear,2,43,hybrid,HYBRID_ALPHA0.5_BETA0.5,0.5,0.5,50,0.775,0.06285,0.57692
4-chain-linear,3,44,hybrid,HYBRID_ALPHA0.5_BETA0.5,0.5,0.5,50,0.75,0.03006,0.58114
4-chain-linear,4,45,hybrid,HYBRID_ALPHA0.5_BETA0.5,0.5,0.5,50,0.75,0.03867,0.7229
4-chain-linear,5,46,hybrid,HYBRID_ALPHA0.5_BETA0.5,0.5,0.5,50,0.725,0.03176,0.54873
4-chain-linear,6,47,hybrid,HYBRID_ALPHA0.5_BETA0.5,0.5,0.5,50,0.825,0.05916,0.69442
4-chain-linear,7,48,hybrid,HYBRID_ALPHA0.5_BETA0.5,0.5,0.5,50,0.775,0.03451,0.56628
4-chain-linear,8,49,hybrid,HYBRID_ALPHA0.5_BETA0.5,0.5,0.5,50,0.8,0.05282,0.577
4-chain-linear,9,50,hybrid,HYBRID_ALPHA0.5_BETA0.5,0.5,0.5,50,0.725,0.04404,0.58167
4-chain-linear,10,51,hybrid,HYBRID_ALPHA0.5_BETA0.5,0.5,0.5,50,0.675,0.026,1.47951
4-chain-linear,1,42,hybrid,HYBRID_ALPHA0.4_BETA0.6,0.4,0.6,50,0.775,0.03464,0.5586
4-chain-linear,2,43,hybrid,HYBRID_ALPHA0.4_BETA0.6,0.4,0.6,50,0.8,0.06196,0.57334
4-chain-linear,3,44,hybrid,HYBRID_ALPHA0.4_BETA0.6,0.4,0.6,50,0.775,0.03191,0.73932
4-chain-linear,4,45,hybrid,HYBRID_ALPHA0.4_BETA0.6,0.4,0.6,50,0.775,0.03529,0.78722
4-chain-linear,5,46,hybrid,HYBRID_ALPHA0.4_BETA0.6,0.4,0.6,50,0.85,0.03329,0.54398
4-chain-linear,6,47,hybrid,HYBRID_ALPHA0.4_BETA0.6,0.4,0.6,50,0.9,0.05529,0.63191
4-chain-linear,7,48,hybrid,HYBRID_ALPHA0.4_BETA0.6,0.4,0.6,50,0.75,0.03567,0.56636
4-chain-linear,8,49,hybrid,HYBRID_ALPHA0.4_BETA0.6,0.4,0.6,50,0.85,0.0559,0.57699
4-chain-linear,9,50,hybrid,HYBRID_ALPHA0.4_BETA0.6,0.4,0.6,50,0.775,0.04428,0.5816
4-chain-linear,10,51,hybrid,HYBRID_ALPHA0.4_BETA0.6,0.4,0.6,50,0.775,0.0281,1.48176
4-chain-linear,1,42,hybrid,HYBRID_ALPHA0.3_BETA0.7,0.3,0.7,50,0.825,0.03359,0.55914
4-chain-linear,2,43,hybrid,HYBRID_ALPHA0.3_BETA0.7,0.3,0.7,50,0.8,0.06527,0.57681
4-chain-linear,3,44,hybrid,HYBRID_ALPHA0.3_BETA0.7,0.3,0.7,50,0.75,0.03092,0.71898
4-chain-linear,4,45,hybrid,HYBRID_ALPHA0.3_BETA0.7,0.3,0.7,50,0.7,0.04185,0.58192
4-chain-linear,5,46,hybrid,HYBRID_ALPHA0.3_BETA0.7,0.3,0.7,50,0.85,0.03461,0.57579
4-chain-linear,6,47,hybrid,HYBRID_ALPHA0.3_BETA0.7,0.3,0.7,50,0.875,0.05204,0.63895
4-chain-linear,7,48,hybrid,HYBRID_ALPHA0.3_BETA0.7,0.3,0.7,50,0.775,0.03681,0.57593
4-chain-linear,8,49,hybrid,HYBRID_ALPHA0.3_BETA0.7,0.3,0.7,50,0.8,0.05886,0.577
4-chain-linear,9,50,hybrid,HYBRID_ALPHA0.3_BETA0.7,0.3,0.7,50,0.775,0.04482,0.58164
4-chain-linear,10,51,hybrid,HYBRID_ALPHA0.3_BETA0.7,0.3,0.7,50,0.75,0.04106,1.48385
4-chain-linear,1,42,hybrid,HYBRID_ALPHA0.2_BETA0.8,0.2,0.8,50,0.825,0.03542,0.57099
4-chain-linear,2,43,hybrid,HYBRID_ALPHA0.2_BETA0.8,0.2,0.8,50,0.775,0.06738,0.58222
4-chain-linear,3,44,hybrid,HYBRID_ALPHA0.2_BETA0.8,0.2,0.8,50,0.7,0.02778,0.7019
4-chain-linear,4,45,hybrid,HYBRID_ALPHA0.2_BETA0.8,0.2,0.8,50,0.7,0.04697,0.58596
4-chain-linear,5,46,hybrid,HYBRID_ALPHA0.2_BETA0.8,0.2,0.8,50,0.825,0.0351,0.57524
4-chain-linear,6,47,hybrid,HYBRID_ALPHA0.2_BETA0.8,0.2,0.8,50,0.9,0.05272,0.63768
4-chain-linear,7,48,hybrid,HYBRID_ALPHA0.2_BETA0.8,0.2,0.8,50,0.8,0.03609,0.59783
4-chain-linear,8,49,hybrid,HYBRID_ALPHA0.2_BETA0.8,0.2,0.8,50,0.8,0.05987,0.577
4-chain-linear,9,50,hybrid,HYBRID_ALPHA0.2_BETA0.8,0.2,0.8,50,0.775,0.04412,0.58163
4-chain-linear,10,51,hybrid,HYBRID_ALPHA0.2_BETA0.8,0.2,0.8,50,0.725,0.02848,1.48804
4-chain-linear,1,42,mse,MSE,1.0,0.0,100,0.775,0.04557,0.58305
4-chain-linear,2,43,mse,MSE,1.0,0.0,100,0.8,0.04946,0.57683
4-chain-linear,3,44,mse,MSE,1.0,0.0,100,0.825,0.03376,0.57784
4-chain-linear,4,45,mse,MSE,1.0,0.0,100,0.85,0.03535,0.57438
4-chain-linear,5,46,mse,MSE,1.0,0.0,100,0.85,0.02671,0.58716
4-chain-linear,6,47,mse,MSE,1.0,0.0,100,0.725,0.03171,0.57128
4-chain-linear,7,48,mse,MSE,1.0,0.0,100,0.825,0.13872,0.56812
4-chain-linear,8,49,mse,MSE,1.0,0.0,100,0.7,0.03735,0.55795
4-chain-linear,9,50,mse,MSE,1.0,0.0,100,0.75,0.02454,0.57894
4-chain-linear,10,51,mse,MSE,1.0,0.0,100,0.75,0.03139,0.61826
4-chain-linear,1,42,hybrid,HYBRID_ALPHA0.9_BETA0.1,0.9,0.1,100,0.8,0.04766,0.59889
4-chain-linear,2,43,hybrid,HYBRID_ALPHA0.9_BETA0.1,0.9,0.1,100,0.75,0.0495,0.57683
4-chain-linear,3,44,hybrid,HYBRID_ALPHA0.9_BETA0.1,0.9,0.1,100,0.775,0.03455,0.57783
4-chain-linear,4,45,hybrid,HYBRID_ALPHA0.9_BETA0.1,0.9,0.1,100,0.875,0.03606,0.57372
4-chain-linear,5,46,hybrid,HYBRID_ALPHA0.9_BETA0.1,0.9,0.1,100,0.75,0.04153,0.5798
4-chain-linear,6,47,hybrid,HYBRID_ALPHA0.9_BETA0.1,0.9,0.1,100,0.825,0.03141,0.57261
4-chain-linear,7,48,hybrid,HYBRID_ALPHA0.9_BETA0.1,0.9,0.1,100,0.825,0.14045,0.57793
4-chain-linear,8,49,hybrid,HYBRID_ALPHA0.9_BETA0.1,0.9,0.1,100,0.7,0.03876,0.55643
4-chain-linear,9,50,hybrid,HYBRID_ALPHA0.9_BETA0.1,0.9,0.1,100,0.775,0.04111,0.56676
4-chain-linear,10,51,hybrid,HYBRID_ALPHA0.9_BETA0.1,0.9,0.1,100,0.75,0.03049,0.61729
4-chain-linear,1,42,hybrid,HYBRID_ALPHA0.8_BETA0.2,0.8,0.2,100,0.7,0.04946,0.59718
4-chain-linear,2,43,hybrid,HYBRID_ALPHA0.8_BETA0.2,0.8,0.2,100,0.775,0.04931,0.57683
4-chain-linear,3,44,hybrid,HYBRID_ALPHA0.8_BETA0.2,0.8,0.2,100,0.8,0.03567,0.57778
4-chain-linear,4,45,hybrid,HYBRID_ALPHA0.8_BETA0.2,0.8,0.2,100,0.85,0.03913,0.57336
4-chain-linear,5,46,hybrid,HYBRID_ALPHA0.8_BETA0.2,0.8,0.2,100,0.825,0.03374,0.57747
4-chain-linear,6,47,hybrid,HYBRID_ALPHA0.8_BETA0.2,0.8,0.2,100,0.825,0.03169,0.57247
4-chain-linear,7,48,hybrid,HYBRID_ALPHA0.8_BETA0.2,0.8,0.2,100,0.825,0.13715,0.57771
4-chain-linear,8,49,hybrid,HYBRID_ALPHA0.8_BETA0.2,0.8,0.2,100,0.65,0.04055,0.55601
4-chain-linear,9,50,hybrid,HYBRID_ALPHA0.8_BETA0.2,0.8,0.2,100,0.85,0.04628,0.56748
4-chain-linear,10,51,hybrid,HYBRID_ALPHA0.8_BETA0.2,0.8,0.2,100,0.75,0.03053,0.61416
4-chain-linear,1,42,hybrid,HYBRID_ALPHA0.7_BETA0.3,0.7,0.3,100,0.75,0.05089,0.59411
4-chain-linear,2,43,hybrid,HYBRID_ALPHA0.7_BETA0.3,0.7,0.3,100,0.775,0.04922,0.57683
4-chain-linear,3,44,hybrid,HYBRID_ALPHA0.7_BETA0.3,0.7,0.3,100,0.8,0.03684,0.57777
4-chain-linear,4,45,hybrid,HYBRID_ALPHA0.7_BETA0.3,0.7,0.3,100,0.85,0.03882,0.57315
4-chain-linear,5,46,hybrid,HYBRID_ALPHA0.7_BETA0.3,0.7,0.3,100,0.825,0.03458,0.57758
4-chain-linear,6,47,hybrid,HYBRID_ALPHA0.7_BETA0.3,0.7,0.3,100,0.825,0.03294,0.57567
4-chain-linear,7,48,hybrid,HYBRID_ALPHA0.7_BETA0.3,0.7,0.3,100,0.825,0.13684,0.57457
4-chain-linear,8,49,hybrid,HYBRID_ALPHA0.7_BETA0.3,0.7,0.3,100,0.65,0.04079,0.55758
4-chain-linear,9,50,hybrid,HYBRID_ALPHA0.7_BETA0.3,0.7,0.3,100,0.825,0.04608,0.56764
4-chain-linear,10,51,hybrid,HYBRID_ALPHA0.7_BETA0.3,0.7,0.3,100,0.75,0.03078,0.61823
4-chain-linear,1,42,hybrid,HYBRID_ALPHA0.6_BETA0.4,0.6,0.4,100,0.75,0.05089,0.58236
4-chain-linear,2,43,hybrid,HYBRID_ALPHA0.6_BETA0.4,0.6,0.4,100,0.775,0.04896,0.57683
4-chain-linear,3,44,hybrid,HYBRID_ALPHA0.6_BETA0.4,0.6,0.4,100,0.825,0.03694,0.57778
4-chain-linear,4,45,hybrid,HYBRID_ALPHA0.6_BETA0.4,0.6,0.4,100,0.875,0.03875,0.57308
4-chain-linear,5,46,hybrid,HYBRID_ALPHA0.6_BETA0.4,0.6,0.4,100,0.75,0.03975,0.57742
4-chain-linear,6,47,hybrid,HYBRID_ALPHA0.6_BETA0.4,0.6,0.4,100,0.85,0.03492,0.58022
4-chain-linear,7,48,hybrid,HYBRID_ALPHA0.6_BETA0.4,0.6,0.4,100,0.825,0.13665,0.57109
4-chain-linear,8,49,hybrid,HYBRID_ALPHA0.6_BETA0.4,0.6,0.4,100,0.7,0.04143,0.56005
4-chain-linear,9,50,hybrid,HYBRID_ALPHA0.6_BETA0.4,0.6,0.4,100,0.825,0.04586,0.56913
4-chain-linear,10,51,hybrid,HYBRID_ALPHA0.6_BETA0.4,0.6,0.4,100,0.675,0.03261,0.69577
4-chain-linear,1,42,hybrid,HYBRID_ALPHA0.5_BETA0.5,0.5,0.5,100,0.775,0.05142,0.5801
4-chain-linear,2,43,hybrid,HYBRID_ALPHA0.5_BETA0.5,0.5,0.5,100,0.725,0.04879,0.57683
4-chain-linear,3,44,hybrid,HYBRID_ALPHA0.5_BETA0.5,0.5,0.5,100,0.825,0.03717,0.57779
4-chain-linear,4,45,hybrid,HYBRID_ALPHA0.5_BETA0.5,0.5,0.5,100,0.875,0.03854,0.57553
4-chain-linear,5,46,hybrid,HYBRID_ALPHA0.5_BETA0.5,0.5,0.5,100,0.875,0.03509,0.5775
4-chain-linear,6,47,hybrid,HYBRID_ALPHA0.5_BETA0.5,0.5,0.5,100,0.775,0.03595,0.58023
4-chain-linear,7,48,hybrid,HYBRID_ALPHA0.5_BETA0.5,0.5,0.5,100,0.825,0.13653,0.56794
4-chain-linear,8,49,hybrid,HYBRID_ALPHA0.5_BETA0.5,0.5,0.5,100,0.725,0.04197,0.56287
4-chain-linear,9,50,hybrid,HYBRID_ALPHA0.5_BETA0.5,0.5,0.5,100,0.75,0.06251,0.56479
4-chain-linear,10,51,hybrid,HYBRID_ALPHA0.5_BETA0.5,0.5,0.5,100,0.775,0.0336,0.60021
4-chain-linear,1,42,hybrid,HYBRID_ALPHA0.4_BETA0.6,0.4,0.6,100,0.725,0.04967,0.57901
4-chain-linear,2,43,hybrid,HYBRID_ALPHA0.4_BETA0.6,0.4,0.6,100,0.775,0.04775,0.57684
4-chain-linear,3,44,hybrid,HYBRID_ALPHA0.4_BETA0.6,0.4,0.6,100,0.8,0.03729,0.5778
4-chain-linear,4,45,hybrid,HYBRID_ALPHA0.4_BETA0.6,0.4,0.6,100,0.875,0.03884,0.57754
4-chain-linear,5,46,hybrid,HYBRID_ALPHA0.4_BETA0.6,0.4,0.6,100,0.825,0.03513,0.57746
4-chain-linear,6,47,hybrid,HYBRID_ALPHA0.4_BETA0.6,0.4,0.6,100,0.8,0.03753,0.58022
4-chain-linear,7,48,hybrid,HYBRID_ALPHA0.4_BETA0.6,0.4,0.6,100,0.8,0.13525,0.56725
4-chain-linear,8,49,hybrid,HYBRID_ALPHA0.4_BETA0.6,0.4,0.6,100,0.675,0.04207,0.56696
4-chain-linear,9,50,hybrid,HYBRID_ALPHA0.4_BETA0.6,0.4,0.6,100,0.75,0.06592,0.56654
4-chain-linear,10,51,hybrid,HYBRID_ALPHA0.4_BETA0.6,0.4,0.6,100,0.7,0.03109,0.66768
4-chain-linear,1,42,hybrid,HYBRID_ALPHA0.3_BETA0.7,0.3,0.7,100,0.75,0.05137,0.57754
4-chain-linear,2,43,hybrid,HYBRID_ALPHA0.3_BETA0.7,0.3,0.7,100,0.775,0.04183,0.5702
4-chain-linear,3,44,hybrid,HYBRID_ALPHA0.3_BETA0.7,0.3,0.7,100,0.775,0.03943,0.57782
4-chain-linear,4,45,hybrid,HYBRID_ALPHA0.3_BETA0.7,0.3,0.7,100,0.85,0.03999,0.57965
4-chain-linear,5,46,hybrid,HYBRID_ALPHA0.3_BETA0.7,0.3,0.7,100,0.85,0.03395,0.58131
4-chain-linear,6,47,hybrid,HYBRID_ALPHA0.3_BETA0.7,0.3,0.7,100,0.75,0.03577,0.58023
4-chain-linear,7,48,hybrid,HYBRID_ALPHA0.3_BETA0.7,0.3,0.7,100,0.825,0.13529,0.56718
4-chain-linear,8,49,hybrid,HYBRID_ALPHA0.3_BETA0.7,0.3,0.7,100,0.725,0.04481,0.57042
4-chain-linear,9,50,hybrid,HYBRID_ALPHA0.3_BETA0.7,0.3,0.7,100,0.8,0.07159,0.56879
4-chain-linear,10,51,hybrid,HYBRID_ALPHA0.3_BETA0.7,0.3,0.7,100,0.75,0.0334,0.59389
4-chain-linear,1,42,hybrid,HYBRID_ALPHA0.2_BETA0.8,0.2,0.8,100,0.75,0.05196,0.57505
4-chain-linear,2,43,hybrid,HYBRID_ALPHA0.2_BETA0.8,0.2,0.8,100,0.825,0.04145,0.57153
4-chain-linear,3,44,hybrid,HYBRID_ALPHA0.2_BETA0.8,0.2,0.8,100,0.8,0.04088,0.57783
4-chain-linear,4,45,hybrid,HYBRID_ALPHA0.2_BETA0.8,0.2,0.8,100,0.9,0.03946,0.57796
4-chain-linear,5,46,hybrid,HYBRID_ALPHA0.2_BETA0.8,0.2,0.8,100,0.8,0.03698,0.57741
4-chain-linear,6,47,hybrid,HYBRID_ALPHA0.2_BETA0.8,0.2,0.8,100,0.775,0.03997,0.58022
4-chain-linear,7,48,hybrid,HYBRID_ALPHA0.2_BETA0.8,0.2,0.8,100,0.825,0.13296,0.56815
4-chain-linear,8,49,hybrid,HYBRID_ALPHA0.2_BETA0.8,0.2,0.8,100,0.7,0.04599,0.57303
4-chain-linear,9,50,hybrid,HYBRID_ALPHA0.2_BETA0.8,0.2,0.8,100,0.7,0.07131,0.57543
4-chain-linear,10,51,hybrid,HYBRID_ALPHA0.2_BETA0.8,0.2,0.8,100,0.8,0.03193,0.58935
5-chain-linear,1,42,mse,MSE,1.0,0.0,50,0.675,0.02517,0.81913
5-chain-linear,2,43,mse,MSE,1.0,0.0,50,0.525,0.01914,0.85148
5-chain-linear,3,44,mse,MSE,1.0,0.0,50,0.625,0.0215,0.84352
5-chain-linear,4,45,mse,MSE,1.0,0.0,50,0.725,0.03023,0.88809
5-chain-linear,5,46,mse,MSE,1.0,0.0,50,0.55,0.01858,0.83991
5-chain-linear,6,47,mse,MSE,1.0,0.0,50,0.6,0.02413,0.8355
5-chain-linear,7,48,mse,MSE,1.0,0.0,50,0.6,0.01578,0.88595
5-chain-linear,8,49,mse,MSE,1.0,0.0,50,0.55,0.01709,0.87038
5-chain-linear,9,50,mse,MSE,1.0,0.0,50,0.55,0.01734,0.83132
5-chain-linear,10,51,mse,MSE,1.0,0.0,50,0.575,0.01579,0.96656
5-chain-linear,1,42,hybrid,HYBRID_ALPHA0.9_BETA0.1,0.9,0.1,50,0.65,0.02387,0.82357
5-chain-linear,2,43,hybrid,HYBRID_ALPHA0.9_BETA0.1,0.9,0.1,50,0.6,0.01882,0.85148
5-chain-linear,3,44,hybrid,HYBRID_ALPHA0.9_BETA0.1,0.9,0.1,50,0.65,0.01996,0.84352
5-chain-linear,4,45,hybrid,HYBRID_ALPHA0.9_BETA0.1,0.9,0.1,50,0.75,0.0294,0.86205
5-chain-linear,5,46,hybrid,HYBRID_ALPHA0.9_BETA0.1,0.9,0.1,50,0.5,0.01819,0.83991
5-chain-linear,6,47,hybrid,HYBRID_ALPHA0.9_BETA0.1,0.9,0.1,50,0.65,0.02378,0.83938
5-chain-linear,7,48,hybrid,HYBRID_ALPHA0.9_BETA0.1,0.9,0.1,50,0.725,0.01587,0.91433
5-chain-linear,8,49,hybrid,HYBRID_ALPHA0.9_BETA0.1,0.9,0.1,50,0.7,0.01514,0.87029
5-chain-linear,9,50,hybrid,HYBRID_ALPHA0.9_BETA0.1,0.9,0.1,50,0.625,0.01703,0.83126
5-chain-linear,10,51,hybrid,HYBRID_ALPHA0.9_BETA0.1,0.9,0.1,50,0.575,0.01669,0.96529
5-chain-linear,1,42,hybrid,HYBRID_ALPHA0.8_BETA0.2,0.8,0.2,50,0.65,0.02399,0.8175
5-chain-linear,2,43,hybrid,HYBRID_ALPHA0.8_BETA0.2,0.8,0.2,50,0.55,0.0188,0.85148
5-chain-linear,3,44,hybrid,HYBRID_ALPHA0.8_BETA0.2,0.8,0.2,50,0.55,0.01904,0.84366
5-chain-linear,4,45,hybrid,HYBRID_ALPHA0.8_BETA0.2,0.8,0.2,50,0.625,0.02003,0.85046
5-chain-linear,5,46,hybrid,HYBRID_ALPHA0.8_BETA0.2,0.8,0.2,50,0.625,0.01806,0.83991
5-chain-linear,6,47,hybrid,HYBRID_ALPHA0.8_BETA0.2,0.8,0.2,50,0.625,0.02557,0.83992
5-chain-linear,7,48,hybrid,HYBRID_ALPHA0.8_BETA0.2,0.8,0.2,50,0.55,0.01094,0.82945
5-chain-linear,8,49,hybrid,HYBRID_ALPHA0.8_BETA0.2,0.8,0.2,50,0.625,0.01523,0.87025
5-chain-linear,9,50,hybrid,HYBRID_ALPHA0.8_BETA0.2,0.8,0.2,50,0.625,0.01697,0.83096
5-chain-linear,10,51,hybrid,HYBRID_ALPHA0.8_BETA0.2,0.8,0.2,50,0.55,0.01594,0.97359
5-chain-linear,1,42,hybrid,HYBRID_ALPHA0.7_BETA0.3,0.7,0.3,50,0.625,0.02334,0.81762
5-chain-linear,2,43,hybrid,HYBRID_ALPHA0.7_BETA0.3,0.7,0.3,50,0.525,0.01543,0.85141
5-chain-linear,3,44,hybrid,HYBRID_ALPHA0.7_BETA0.3,0.7,0.3,50,0.55,0.01895,0.84369
5-chain-linear,4,45,hybrid,HYBRID_ALPHA0.7_BETA0.3,0.7,0.3,50,0.675,0.02052,0.83967
5-chain-linear,5,46,hybrid,HYBRID_ALPHA0.7_BETA0.3,0.7,0.3,50,0.6,0.01845,0.83991
5-chain-linear,6,47,hybrid,HYBRID_ALPHA0.7_BETA0.3,0.7,0.3,50,0.625,0.02294,0.84028
5-chain-linear,7,48,hybrid,HYBRID_ALPHA0.7_BETA0.3,0.7,0.3,50,0.575,0.01093,0.82783
5-chain-linear,8,49,hybrid,HYBRID_ALPHA0.7_BETA0.3,0.7,0.3,50,0.525,0.01542,0.87022
5-chain-linear,9,50,hybrid,HYBRID_ALPHA0.7_BETA0.3,0.7,0.3,50,0.6,0.01646,0.83085
5-chain-linear,10,51,hybrid,HYBRID_ALPHA0.7_BETA0.3,0.7,0.3,50,0.6,0.01444,0.95644
5-chain-linear,1,42,hybrid,HYBRID_ALPHA0.6_BETA0.4,0.6,0.4,50,0.6,0.01955,0.82446
5-chain-linear,2,43,hybrid,HYBRID_ALPHA0.6_BETA0.4,0.6,0.4,50,0.625,0.01841,0.85145
5-chain-linear,3,44,hybrid,HYBRID_ALPHA0.6_BETA0.4,0.6,0.4,50,0.55,0.01876,0.84376
5-chain-linear,4,45,hybrid,HYBRID_ALPHA0.6_BETA0.4,0.6,0.4,50,0.725,0.01957,0.83465
5-chain-linear,5,46,hybrid,HYBRID_ALPHA0.6_BETA0.4,0.6,0.4,50,0.575,0.01815,0.83991
5-chain-linear,6,47,hybrid,HYBRID_ALPHA0.6_BETA0.4,0.6,0.4,50,0.625,0.02409,0.8406
5-chain-linear,7,48,hybrid,HYBRID_ALPHA0.6_BETA0.4,0.6,0.4,50,0.525,0.01122,0.82746
5-chain-linear,8,49,hybrid,HYBRID_ALPHA0.6_BETA0.4,0.6,0.4,50,0.55,0.01418,0.87019
5-chain-linear,9,50,hybrid,HYBRID_ALPHA0.6_BETA0.4,0.6,0.4,50,0.725,0.01622,0.83043
5-chain-linear,10,51,hybrid,HYBRID_ALPHA0.6_BETA0.4,0.6,0.4,50,0.575,0.01415,1.04457
5-chain-linear,1,42,hybrid,HYBRID_ALPHA0.5_BETA0.5,0.5,0.5,50,0.55,0.01759,0.82461
5-chain-linear,2,43,hybrid,HYBRID_ALPHA0.5_BETA0.5,0.5,0.5,50,0.6,0.01853,0.8514
5-chain-linear,3,44,hybrid,HYBRID_ALPHA0.5_BETA0.5,0.5,0.5,50,0.5,0.01854,0.84376
5-chain-linear,4,45,hybrid,HYBRID_ALPHA0.5_BETA0.5,0.5,0.5,50,0.675,0.01667,0.8733
5-chain-linear,5,46,hybrid,HYBRID_ALPHA0.5_BETA0.5,0.5,0.5,50,0.525,0.01908,0.83989
5-chain-linear,6,47,hybrid,HYBRID_ALPHA0.5_BETA0.5,0.5,0.5,50,0.75,0.0239,0.84004
5-chain-linear,7,48,hybrid,HYBRID_ALPHA0.5_BETA0.5,0.5,0.5,50,0.525,0.01014,0.82722
5-chain-linear,8,49,hybrid,HYBRID_ALPHA0.5_BETA0.5,0.5,0.5,50,0.55,0.01332,0.87015
5-chain-linear,9,50,hybrid,HYBRID_ALPHA0.5_BETA0.5,0.5,0.5,50,0.7,0.01591,0.83016
5-chain-linear,10,51,hybrid,HYBRID_ALPHA0.5_BETA0.5,0.5,0.5,50,0.525,0.01731,1.00053
5-chain-linear,1,42,hybrid,HYBRID_ALPHA0.4_BETA0.6,0.4,0.6,50,0.625,0.01662,0.82757
5-chain-linear,2,43,hybrid,HYBRID_ALPHA0.4_BETA0.6,0.4,0.6,50,0.625,0.01874,0.85149
5-chain-linear,3,44,hybrid,HYBRID_ALPHA0.4_BETA0.6,0.4,0.6,50,0.55,0.01824,0.84399
5-chain-linear,4,45,hybrid,HYBRID_ALPHA0.4_BETA0.6,0.4,0.6,50,0.6,0.01555,0.82726
5-chain-linear,5,46,hybrid,HYBRID_ALPHA0.4_BETA0.6,0.4,0.6,50,0.5,0.02011,0.83989
5-chain-linear,6,47,hybrid,HYBRID_ALPHA0.4_BETA0.6,0.4,0.6,50,0.65,0.0227,0.84157
5-chain-linear,7,48,hybrid,HYBRID_ALPHA0.4_BETA0.6,0.4,0.6,50,0.6,0.00949,0.82653
5-chain-linear,8,49,hybrid,HYBRID_ALPHA0.4_BETA0.6,0.4,0.6,50,0.675,0.01261,0.87018
5-chain-linear,9,50,hybrid,HYBRID_ALPHA0.4_BETA0.6,0.4,0.6,50,0.675,0.01412,0.82995
5-chain-linear,10,51,hybrid,HYBRID_ALPHA0.4_BETA0.6,0.4,0.6,50,0.65,0.01303,0.98477
5-chain-linear,1,42,hybrid,HYBRID_ALPHA0.3_BETA0.7,0.3,0.7,50,0.65,0.01628,0.82893
5-chain-linear,2,43,hybrid,HYBRID_ALPHA0.3_BETA0.7,0.3,0.7,50,0.575,0.0187,0.85141
5-chain-linear,3,44,hybrid,HYBRID_ALPHA0.3_BETA0.7,0.3,0.7,50,0.525,0.01802,0.84396
5-chain-linear,4,45,hybrid,HYBRID_ALPHA0.3_BETA0.7,0.3,0.7,50,0.55,0.01602,0.8282
5-chain-linear,5,46,hybrid,HYBRID_ALPHA0.3_BETA0.7,0.3,0.7,50,0.525,0.02124,0.83993
5-chain-linear,6,47,hybrid,HYBRID_ALPHA0.3_BETA0.7,0.3,0.7,50,0.725,0.02453,0.8829
5-chain-linear,7,48,hybrid,HYBRID_ALPHA0.3_BETA0.7,0.3,0.7,50,0.625,0.00985,0.82773
5-chain-linear,8,49,hybrid,HYBRID_ALPHA0.3_BETA0.7,0.3,0.7,50,0.625,0.01267,0.8702
5-chain-linear,9,50,hybrid,HYBRID_ALPHA0.3_BETA0.7,0.3,0.7,50,0.7,0.014,0.82985
5-chain-linear,10,51,hybrid,HYBRID_ALPHA0.3_BETA0.7,0.3,0.7,50,0.55,0.01363,0.82943
5-chain-linear,1,42,hybrid,HYBRID_ALPHA0.2_BETA0.8,0.2,0.8,50,0.675,0.01601,0.83117
5-chain-linear,2,43,hybrid,HYBRID_ALPHA0.2_BETA0.8,0.2,0.8,50,0.55,0.01824,0.85145
5-chain-linear,3,44,hybrid,HYBRID_ALPHA0.2_BETA0.8,0.2,0.8,50,0.55,0.01821,0.84396
5-chain-linear,4,45,hybrid,HYBRID_ALPHA0.2_BETA0.8,0.2,0.8,50,0.575,0.01631,0.82939
5-chain-linear,5,46,hybrid,HYBRID_ALPHA0.2_BETA0.8,0.2,0.8,50,0.625,0.01923,0.83516
5-chain-linear,6,47,hybrid,HYBRID_ALPHA0.2_BETA0.8,0.2,0.8,50,0.7,0.02078,0.85539
5-chain-linear,7,48,hybrid,HYBRID_ALPHA0.2_BETA0.8,0.2,0.8,50,0.6,0.00999,0.82757
5-chain-linear,8,49,hybrid,HYBRID_ALPHA0.2_BETA0.8,0.2,0.8,50,0.625,0.01261,0.87017
5-chain-linear,9,50,hybrid,HYBRID_ALPHA0.2_BETA0.8,0.2,0.8,50,0.575,0.01651,0.83018
5-chain-linear,10,51,hybrid,HYBRID_ALPHA0.2_BETA0.8,0.2,0.8,50,0.6,0.01309,0.82827
5-chain-linear,1,42,mse,MSE,1.0,0.0,100,0.625,0.01472,0.8425
5-chain-linear,2,43,mse,MSE,1.0,0.0,100,0.55,0.01487,0.83758
5-chain-linear,3,44,mse,MSE,1.0,0.0,100,0.6,0.01123,0.84028
5-chain-linear,4,45,mse,MSE,1.0,0.0,100,0.55,0.01305,0.83824
5-chain-linear,5,46,mse,MSE,1.0,0.0,100,0.55,0.01577,0.82739
5-chain-linear,6,47,mse,MSE,1.0,0.0,100,0.5,0.01274,0.84295
5-chain-linear,7,48,mse,MSE,1.0,0.0,100,0.6,0.01122,0.83718
5-chain-linear,8,49,mse,MSE,1.0,0.0,100,0.575,0.00999,0.82943
5-chain-linear,9,50,mse,MSE,1.0,0.0,100,0.65,0.01015,0.83628
5-chain-linear,10,51,mse,MSE,1.0,0.0,100,0.525,0.01455,0.8373
5-chain-linear,1,42,hybrid,HYBRID_ALPHA0.9_BETA0.1,0.9,0.1,100,0.6,0.01392,0.84069
5-chain-linear,2,43,hybrid,HYBRID_ALPHA0.9_BETA0.1,0.9,0.1,100,0.6,0.01303,0.83749
5-chain-linear,3,44,hybrid,HYBRID_ALPHA0.9_BETA0.1,0.9,0.1,100,0.525,0.01134,0.84027
5-chain-linear,4,45,hybrid,HYBRID_ALPHA0.9_BETA0.1,0.9,0.1,100,0.525,0.01155,0.83824
5-chain-linear,5,46,hybrid,HYBRID_ALPHA0.9_BETA0.1,0.9,0.1,100,0.575,0.01471,0.8271
5-chain-linear,6,47,hybrid,HYBRID_ALPHA0.9_BETA0.1,0.9,0.1,100,0.525,0.01185,0.84294
5-chain-linear,7,48,hybrid,HYBRID_ALPHA0.9_BETA0.1,0.9,0.1,100,0.65,0.01056,0.83559
5-chain-linear,8,49,hybrid,HYBRID_ALPHA0.9_BETA0.1,0.9,0.1,100,0.5,0.01057,0.8241
5-chain-linear,9,50,hybrid,HYBRID_ALPHA0.9_BETA0.1,0.9,0.1,100,0.625,0.00952,0.82828
5-chain-linear,10,51,hybrid,HYBRID_ALPHA0.9_BETA0.1,0.9,0.1,100,0.525,0.01267,0.83735
5-chain-linear,1,42,hybrid,HYBRID_ALPHA0.8_BETA0.2,0.8,0.2,100,0.55,0.01455,0.85364
5-chain-linear,2,43,hybrid,HYBRID_ALPHA0.8_BETA0.2,0.8,0.2,100,0.525,0.0126,0.83735
5-chain-linear,3,44,hybrid,HYBRID_ALPHA0.8_BETA0.2,0.8,0.2,100,0.55,0.01173,0.83138
5-chain-linear,4,45,hybrid,HYBRID_ALPHA0.8_BETA0.2,0.8,0.2,100,0.5,0.01159,0.83826
5-chain-linear,5,46,hybrid,HYBRID_ALPHA0.8_BETA0.2,0.8,0.2,100,0.6,0.01221,0.82735
5-chain-linear,6,47,hybrid,HYBRID_ALPHA0.8_BETA0.2,0.8,0.2,100,0.525,0.01098,0.84291
5-chain-linear,7,48,hybrid,HYBRID_ALPHA0.8_BETA0.2,0.8,0.2,100,0.525,0.01011,0.8344
5-chain-linear,8,49,hybrid,HYBRID_ALPHA0.8_BETA0.2,0.8,0.2,100,0.525,0.00986,0.81878
5-chain-linear,9,50,hybrid,HYBRID_ALPHA0.8_BETA0.2,0.8,0.2,100,0.575,0.00934,0.82666
5-chain-linear,10,51,hybrid,HYBRID_ALPHA0.8_BETA0.2,0.8,0.2,100,0.55,0.0124,0.83598
5-chain-linear,1,42,hybrid,HYBRID_ALPHA0.7_BETA0.3,0.7,0.3,100,0.55,0.01576,0.89494
5-chain-linear,2,43,hybrid,HYBRID_ALPHA0.7_BETA0.3,0.7,0.3,100,0.575,0.01258,0.83709
5-chain-linear,3,44,hybrid,HYBRID_ALPHA0.7_BETA0.3,0.7,0.3,100,0.625,0.0112,0.83047
5-chain-linear,4,45,hybrid,HYBRID_ALPHA0.7_BETA0.3,0.7,0.3,100,0.525,0.01153,0.83825
5-chain-linear,5,46,hybrid,HYBRID_ALPHA0.7_BETA0.3,0.7,0.3,100,0.575,0.01253,0.82661
5-chain-linear,6,47,hybrid,HYBRID_ALPHA0.7_BETA0.3,0.7,0.3,100,0.5,0.00986,0.84292
5-chain-linear,7,48,hybrid,HYBRID_ALPHA0.7_BETA0.3,0.7,0.3,100,0.55,0.00962,0.83461
5-chain-linear,8,49,hybrid,HYBRID_ALPHA0.7_BETA0.3,0.7,0.3,100,0.65,0.00932,0.82241
5-chain-linear,9,50,hybrid,HYBRID_ALPHA0.7_BETA0.3,0.7,0.3,100,0.55,0.00921,0.82412
5-chain-linear,10,51,hybrid,HYBRID_ALPHA0.7_BETA0.3,0.7,0.3,100,0.5,0.01247,0.83478
5-chain-linear,1,42,hybrid,HYBRID_ALPHA0.6_BETA0.4,0.6,0.4,100,0.575,0.01507,0.8938
5-chain-linear,2,43,hybrid,HYBRID_ALPHA0.6_BETA0.4,0.6,0.4,100,0.5,0.01227,0.83726
5-chain-linear,3,44,hybrid,HYBRID_ALPHA0.6_BETA0.4,0.6,0.4,100,0.575,0.01131,0.83007
5-chain-linear,4,45,hybrid,HYBRID_ALPHA0.6_BETA0.4,0.6,0.4,100,0.5,0.01172,0.83812
5-chain-linear,5,46,hybrid,HYBRID_ALPHA0.6_BETA0.4,0.6,0.4,100,0.575,0.01245,0.82538
5-chain-linear,6,47,hybrid,HYBRID_ALPHA0.6_BETA0.4,0.6,0.4,100,0.5,0.00957,0.84291
5-chain-linear,7,48,hybrid,HYBRID_ALPHA0.6_BETA0.4,0.6,0.4,100,0.575,0.00931,0.83071
5-chain-linear,8,49,hybrid,HYBRID_ALPHA0.6_BETA0.4,0.6,0.4,100,0.5,0.00963,0.82451
5-chain-linear,9,50,hybrid,HYBRID_ALPHA0.6_BETA0.4,0.6,0.4,100,0.5,0.00899,0.82569
5-chain-linear,10,51,hybrid,HYBRID_ALPHA0.6_BETA0.4,0.6,0.4,100,0.55,0.01193,0.8376
5-chain-linear,1,42,hybrid,HYBRID_ALPHA0.5_BETA0.5,0.5,0.5,100,0.6,0.01491,0.90162
5-chain-linear,2,43,hybrid,HYBRID_ALPHA0.5_BETA0.5,0.5,0.5,100,0.65,0.01147,0.83688
5-chain-linear,3,44,hybrid,HYBRID_ALPHA0.5_BETA0.5,0.5,0.5,100,0.575,0.01101,0.82983
5-chain-linear,4,45,hybrid,HYBRID_ALPHA0.5_BETA0.5,0.5,0.5,100,0.6,0.0115,0.83805
5-chain-linear,5,46,hybrid,HYBRID_ALPHA0.5_BETA0.5,0.5,0.5,100,0.55,0.01226,0.8267
5-chain-linear,6,47,hybrid,HYBRID_ALPHA0.5_BETA0.5,0.5,0.5,100,0.525,0.00912,0.84292
5-chain-linear,7,48,hybrid,HYBRID_ALPHA0.5_BETA0.5,0.5,0.5,100,0.7,0.00994,0.82894
5-chain-linear,8,49,hybrid,HYBRID_ALPHA0.5_BETA0.5,0.5,0.5,100,0.575,0.00907,0.83199
5-chain-linear,9,50,hybrid,HYBRID_ALPHA0.5_BETA0.5,0.5,0.5,100,0.55,0.00913,0.82423
5-chain-linear,10,51,hybrid,HYBRID_ALPHA0.5_BETA0.5,0.5,0.5,100,0.5,0.01114,0.8281
5-chain-linear,1,42,hybrid,HYBRID_ALPHA0.4_BETA0.6,0.4,0.6,100,0.575,0.01377,0.85691
5-chain-linear,2,43,hybrid,HYBRID_ALPHA0.4_BETA0.6,0.4,0.6,100,0.6,0.01132,0.83819
5-chain-linear,3,44,hybrid,HYBRID_ALPHA0.4_BETA0.6,0.4,0.6,100,0.525,0.01107,0.82885
5-chain-linear,4,45,hybrid,HYBRID_ALPHA0.4_BETA0.6,0.4,0.6,100,0.575,0.01162,0.83797
5-chain-linear,5,46,hybrid,HYBRID_ALPHA0.4_BETA0.6,0.4,0.6,100,0.525,0.01193,0.82625
5-chain-linear,6,47,hybrid,HYBRID_ALPHA0.4_BETA0.6,0.4,0.6,100,0.5,0.00936,0.84288
5-chain-linear,7,48,hybrid,HYBRID_ALPHA0.4_BETA0.6,0.4,0.6,100,0.6,0.00973,0.82525
5-chain-linear,8,49,hybrid,HYBRID_ALPHA0.4_BETA0.6,0.4,0.6,100,0.575,0.0088,0.83224
5-chain-linear,9,50,hybrid,HYBRID_ALPHA0.4_BETA0.6,0.4,0.6,100,0.525,0.00891,0.82276
5-chain-linear,10,51,hybrid,HYBRID_ALPHA0.4_BETA0.6,0.4,0.6,100,0.55,0.01097,0.82872
5-chain-linear,1,42,hybrid,HYBRID_ALPHA0.3_BETA0.7,0.3,0.7,100,0.5,0.01293,0.85065
5-chain-linear,2,43,hybrid,HYBRID_ALPHA0.3_BETA0.7,0.3,0.7,100,0.55,0.01169,0.83817
5-chain-linear,3,44,hybrid,HYBRID_ALPHA0.3_BETA0.7,0.3,0.7,100,0.5,0.01122,0.82849
5-chain-linear,4,45,hybrid,HYBRID_ALPHA0.3_BETA0.7,0.3,0.7,100,0.55,0.01102,0.83795
5-chain-linear,5,46,hybrid,HYBRID_ALPHA0.3_BETA0.7,0.3,0.7,100,0.55,0.01014,0.82695
5-chain-linear,6,47,hybrid,HYBRID_ALPHA0.3_BETA0.7,0.3,0.7,100,0.625,0.0092,0.84283
5-chain-linear,7,48,hybrid,HYBRID_ALPHA0.3_BETA0.7,0.3,0.7,100,0.7,0.00978,0.82615
5-chain-linear,8,49,hybrid,HYBRID_ALPHA0.3_BETA0.7,0.3,0.7,100,0.55,0.00849,0.83181
5-chain-linear,9,50,hybrid,HYBRID_ALPHA0.3_BETA0.7,0.3,0.7,100,0.525,0.00729,0.82101
5-chain-linear,10,51,hybrid,HYBRID_ALPHA0.3_BETA0.7,0.3,0.7,100,0.5,0.01088,0.82942
5-chain-linear,1,42,hybrid,HYBRID_ALPHA0.2_BETA0.8,0.2,0.8,100,0.525,0.0121,0.84996
5-chain-linear,2,43,hybrid,HYBRID_ALPHA0.2_BETA0.8,0.2,0.8,100,0.525,0.01153,0.83913
5-chain-linear,3,44,hybrid,HYBRID_ALPHA0.2_BETA0.8,0.2,0.8,100,0.575,0.01021,0.82832
5-chain-linear,4,45,hybrid,HYBRID_ALPHA0.2_BETA0.8,0.2,0.8,100,0.675,0.01345,0.83796
5-chain-linear,5,46,hybrid,HYBRID_ALPHA0.2_BETA0.8,0.2,0.8,100,0.6,0.01029,0.82686
5-chain-linear,6,47,hybrid,HYBRID_ALPHA0.2_BETA0.8,0.2,0.8,100,0.55,0.00906,0.82974
5-chain-linear,7,48,hybrid,HYBRID_ALPHA0.2_BETA0.8,0.2,0.8,100,0.725,0.00944,0.82474
5-chain-linear,8,49,hybrid,HYBRID_ALPHA0.2_BETA0.8,0.2,0.8,100,0.625,0.00891,0.83097
5-chain-linear,9,50,hybrid,HYBRID_ALPHA0.2_BETA0.8,0.2,0.8,100,0.6,0.00887,0.82018
5-chain-linear,10,51,hybrid,HYBRID_ALPHA0.2_BETA0.8,0.2,0.8,100,0.5,0.01015,0.82761
collider-linear,1,42,mse,MSE,1.0,0.0,50,0.625,0.0224,0.68233
collider-linear,2,43,mse,MSE,1.0,0.0,50,0.7,0.02045,0.53872
collider-linear,3,44,mse,MSE,1.0,0.0,50,0.6,0.01185,0.54993
collider-linear,4,45,mse,MSE,1.0,0.0,50,0.6,0.02093,0.53466
collider-linear,5,46,mse,MSE,1.0,0.0,50,0.725,0.01337,0.56607
collider-linear,6,47,mse,MSE,1.0,0.0,50,0.625,0.01362,2.34509
collider-linear,7,48,mse,MSE,1.0,0.0,50,0.625,0.01127,0.61282
collider-linear,8,49,mse,MSE,1.0,0.0,50,0.675,0.0156,1.19869
collider-linear,9,50,mse,MSE,1.0,0.0,50,0.65,0.02332,0.64975
collider-linear,10,51,mse,MSE,1.0,0.0,50,0.725,0.02342,0.67406
collider-linear,1,42,hybrid,HYBRID_ALPHA0.9_BETA0.1,0.9,0.1,50,0.625,0.0224,0.66581
collider-linear,2,43,hybrid,HYBRID_ALPHA0.9_BETA0.1,0.9,0.1,50,0.625,0.02069,0.54326
collider-linear,3,44,hybrid,HYBRID_ALPHA0.9_BETA0.1,0.9,0.1,50,0.65,0.01166,0.55378
collider-linear,4,45,hybrid,HYBRID_ALPHA0.9_BETA0.1,0.9,0.1,50,0.575,0.02098,0.54834
collider-linear,5,46,hybrid,HYBRID_ALPHA0.9_BETA0.1,0.9,0.1,50,0.7,0.01429,0.5678
collider-linear,6,47,hybrid,HYBRID_ALPHA0.9_BETA0.1,0.9,0.1,50,0.575,0.01361,2.42021
collider-linear,7,48,hybrid,HYBRID_ALPHA0.9_BETA0.1,0.9,0.1,50,0.65,0.01179,0.75469
collider-linear,8,49,hybrid,HYBRID_ALPHA0.9_BETA0.1,0.9,0.1,50,0.675,0.01182,0.80894
collider-linear,9,50,hybrid,HYBRID_ALPHA0.9_BETA0.1,0.9,0.1,50,0.65,0.02334,0.64961
collider-linear,10,51,hybrid,HYBRID_ALPHA0.9_BETA0.1,0.9,0.1,50,0.7,0.0184,0.60675
collider-linear,1,42,hybrid,HYBRID_ALPHA0.8_BETA0.2,0.8,0.2,50,0.625,0.02243,0.67502
collider-linear,2,43,hybrid,HYBRID_ALPHA0.8_BETA0.2,0.8,0.2,50,0.675,0.01957,0.54083
collider-linear,3,44,hybrid,HYBRID_ALPHA0.8_BETA0.2,0.8,0.2,50,0.675,0.01135,0.55713
collider-linear,4,45,hybrid,HYBRID_ALPHA0.8_BETA0.2,0.8,0.2,50,0.575,0.02089,0.54424
collider-linear,5,46,hybrid,HYBRID_ALPHA0.8_BETA0.2,0.8,0.2,50,0.7,0.01363,0.5603
collider-linear,6,47,hybrid,HYBRID_ALPHA0.8_BETA0.2,0.8,0.2,50,0.625,0.01373,2.47525
collider-linear,7,48,hybrid,HYBRID_ALPHA0.8_BETA0.2,0.8,0.2,50,0.65,0.01119,0.76203
collider-linear,8,49,hybrid,HYBRID_ALPHA0.8_BETA0.2,0.8,0.2,50,0.65,0.01655,1.48237
collider-linear,9,50,hybrid,HYBRID_ALPHA0.8_BETA0.2,0.8,0.2,50,0.65,0.02335,0.64954
collider-linear,10,51,hybrid,HYBRID_ALPHA0.8_BETA0.2,0.8,0.2,50,0.725,0.02345,0.67502
collider-linear,1,42,hybrid,HYBRID_ALPHA0.7_BETA0.3,0.7,0.3,50,0.625,0.02221,0.69181
collider-linear,2,43,hybrid,HYBRID_ALPHA0.7_BETA0.3,0.7,0.3,50,0.65,0.01894,0.54193
collider-linear,3,44,hybrid,HYBRID_ALPHA0.7_BETA0.3,0.7,0.3,50,0.6,0.01132,0.54768
collider-linear,4,45,hybrid,HYBRID_ALPHA0.7_BETA0.3,0.7,0.3,50,0.625,0.02596,0.65963
collider-linear,5,46,hybrid,HYBRID_ALPHA0.7_BETA0.3,0.7,0.3,50,0.675,0.01267,0.56756
collider-linear,6,47,hybrid,HYBRID_ALPHA0.7_BETA0.3,0.7,0.3,50,0.65,0.01351,2.61967
collider-linear,7,48,hybrid,HYBRID_ALPHA0.7_BETA0.3,0.7,0.3,50,0.575,0.01055,0.62206
collider-linear,8,49,hybrid,HYBRID_ALPHA0.7_BETA0.3,0.7,0.3,50,0.65,0.01707,1.5222
collider-linear,9,50,hybrid,HYBRID_ALPHA0.7_BETA0.3,0.7,0.3,50,0.65,0.02335,0.64945
collider-linear,10,51,hybrid,HYBRID_ALPHA0.7_BETA0.3,0.7,0.3,50,0.725,0.02346,0.67534
collider-linear,1,42,hybrid,HYBRID_ALPHA0.6_BETA0.4,0.6,0.4,50,0.625,0.0224,0.66485
collider-linear,2,43,hybrid,HYBRID_ALPHA0.6_BETA0.4,0.6,0.4,50,0.65,0.01858,0.539
collider-linear,3,44,hybrid,HYBRID_ALPHA0.6_BETA0.4,0.6,0.4,50,0.575,0.0115,0.57196
collider-linear,4,45,hybrid,HYBRID_ALPHA0.6_BETA0.4,0.6,0.4,50,0.625,0.026,0.66009
collider-linear,5,46,hybrid,HYBRID_ALPHA0.6_BETA0.4,0.6,0.4,50,0.7,0.01546,0.60383
collider-linear,6,47,hybrid,HYBRID_ALPHA0.6_BETA0.4,0.6,0.4,50,0.6,0.01282,2.40206
collider-linear,7,48,hybrid,HYBRID_ALPHA0.6_BETA0.4,0.6,0.4,50,0.575,0.00846,0.67011
collider-linear,8,49,hybrid,HYBRID_ALPHA0.6_BETA0.4,0.6,0.4,50,0.7,0.01581,1.48673
collider-linear,9,50,hybrid,HYBRID_ALPHA0.6_BETA0.4,0.6,0.4,50,0.675,0.0233,0.64865
collider-linear,10,51,hybrid,HYBRID_ALPHA0.6_BETA0.4,0.6,0.4,50,0.7,0.02351,0.67579
collider-linear,1,42,hybrid,HYBRID_ALPHA0.5_BETA0.5,0.5,0.5,50,0.625,0.02296,0.63098
collider-linear,2,43,hybrid,HYBRID_ALPHA0.5_BETA0.5,0.5,0.5,50,0.625,0.01964,0.54323
collider-linear,3,44,hybrid,HYBRID_ALPHA0.5_BETA0.5,0.5,0.5,50,0.575,0.01203,0.6159
collider-linear,4,45,hybrid,HYBRID_ALPHA0.5_BETA0.5,0.5,0.5,50,0.675,0.02603,0.66045
collider-linear,5,46,hybrid,HYBRID_ALPHA0.5_BETA0.5,0.5,0.5,50,0.6,0.01834,0.60505
collider-linear,6,47,hybrid,HYBRID_ALPHA0.5_BETA0.5,0.5,0.5,50,0.675,0.01341,2.36859
collider-linear,7,48,hybrid,HYBRID_ALPHA0.5_BETA0.5,0.5,0.5,50,0.675,0.00912,0.53842
collider-linear,8,49,hybrid,HYBRID_ALPHA0.5_BETA0.5,0.5,0.5,50,0.675,0.01515,1.57608
collider-linear,9,50,hybrid,HYBRID_ALPHA0.5_BETA0.5,0.5,0.5,50,0.675,0.02327,0.6485
collider-linear,10,51,hybrid,HYBRID_ALPHA0.5_BETA0.5,0.5,0.5,50,0.7,0.02353,0.67616
collider-linear,1,42,hybrid,HYBRID_ALPHA0.4_BETA0.6,0.4,0.6,50,0.625,0.02237,0.63957
collider-linear,2,43,hybrid,HYBRID_ALPHA0.4_BETA0.6,0.4,0.6,50,0.675,0.01865,0.54161
collider-linear,3,44,hybrid,HYBRID_ALPHA0.4_BETA0.6,0.4,0.6,50,0.675,0.01276,0.55801
collider-linear,4,45,hybrid,HYBRID_ALPHA0.4_BETA0.6,0.4,0.6,50,0.675,0.02606,0.6609
collider-linear,5,46,hybrid,HYBRID_ALPHA0.4_BETA0.6,0.4,0.6,50,0.725,0.02368,0.6646
collider-linear,6,47,hybrid,HYBRID_ALPHA0.4_BETA0.6,0.4,0.6,50,0.675,0.01325,1.37117
collider-linear,7,48,hybrid,HYBRID_ALPHA0.4_BETA0.6,0.4,0.6,50,0.575,0.00957,0.49398
collider-linear,8,49,hybrid,HYBRID_ALPHA0.4_BETA0.6,0.4,0.6,50,0.65,0.01492,0.91976
collider-linear,9,50,hybrid,HYBRID_ALPHA0.4_BETA0.6,0.4,0.6,50,0.65,0.02326,0.64897
collider-linear,10,51,hybrid,HYBRID_ALPHA0.4_BETA0.6,0.4,0.6,50,0.7,0.02356,0.67696
collider-linear,1,42,hybrid,HYBRID_ALPHA0.3_BETA0.7,0.3,0.7,50,0.55,0.01763,1.01472
collider-linear,2,43,hybrid,HYBRID_ALPHA0.3_BETA0.7,0.3,0.7,50,0.625,0.01604,0.53776
collider-linear,3,44,hybrid,HYBRID_ALPHA0.3_BETA0.7,0.3,0.7,50,0.6,0.01148,0.55675
collider-linear,4,45,hybrid,HYBRID_ALPHA0.3_BETA0.7,0.3,0.7,50,0.65,0.02561,0.65214
collider-linear,5,46,hybrid,HYBRID_ALPHA0.3_BETA0.7,0.3,0.7,50,0.7,0.02414,0.66903
collider-linear,6,47,hybrid,HYBRID_ALPHA0.3_BETA0.7,0.3,0.7,50,0.6,0.01187,0.54902
collider-linear,7,48,hybrid,HYBRID_ALPHA0.3_BETA0.7,0.3,0.7,50,0.575,0.00817,0.4994
collider-linear,8,49,hybrid,HYBRID_ALPHA0.3_BETA0.7,0.3,0.7,50,0.65,0.01311,0.7647
collider-linear,9,50,hybrid,HYBRID_ALPHA0.3_BETA0.7,0.3,0.7,50,0.675,0.02329,0.64921
collider-linear,10,51,hybrid,HYBRID_ALPHA0.3_BETA0.7,0.3,0.7,50,0.7,0.02359,0.67749
collider-linear,1,42,hybrid,HYBRID_ALPHA0.2_BETA0.8,0.2,0.8,50,0.6,0.01675,2.31581
collider-linear,2,43,hybrid,HYBRID_ALPHA0.2_BETA0.8,0.2,0.8,50,0.65,0.01625,0.54765
collider-linear,3,44,hybrid,HYBRID_ALPHA0.2_BETA0.8,0.2,0.8,50,0.6,0.01192,0.58656
collider-linear,4,45,hybrid,HYBRID_ALPHA0.2_BETA0.8,0.2,0.8,50,0.65,0.02565,0.65331
collider-linear,5,46,hybrid,HYBRID_ALPHA0.2_BETA0.8,0.2,0.8,50,0.7,0.02448,0.67259
collider-linear,6,47,hybrid,HYBRID_ALPHA0.2_BETA0.8,0.2,0.8,50,0.575,0.01248,0.51979
collider-linear,7,48,hybrid,HYBRID_ALPHA0.2_BETA0.8,0.2,0.8,50,0.6,0.00822,0.49439
collider-linear,8,49,hybrid,HYBRID_ALPHA0.2_BETA0.8,0.2,0.8,50,0.675,0.0124,1.24044
collider-linear,9,50,hybrid,HYBRID_ALPHA0.2_BETA0.8,0.2,0.8,50,0.675,0.02275,0.64439
collider-linear,10,51,hybrid,HYBRID_ALPHA0.2_BETA0.8,0.2,0.8,50,0.7,0.0237,0.67907
collider-linear,1,42,mse,MSE,1.0,0.0,100,0.65,0.01267,0.64866
collider-linear,2,43,mse,MSE,1.0,0.0,100,0.7,0.01173,0.49609
collider-linear,3,44,mse,MSE,1.0,0.0,100,0.5,0.00875,0.63048
collider-linear,4,45,mse,MSE,1.0,0.0,100,0.6,0.01873,0.59945
collider-linear,5,46,mse,MSE,1.0,0.0,100,0.7,0.0156,0.50957
collider-linear,6,47,mse,MSE,1.0,0.0,100,0.6,0.01159,0.7223
collider-linear,7,48,mse,MSE,1.0,0.0,100,0.65,0.00996,0.76896
collider-linear,8,49,mse,MSE,1.0,0.0,100,0.625,0.01065,0.49124
collider-linear,9,50,mse,MSE,1.0,0.0,100,0.725,0.00736,0.51883
collider-linear,10,51,mse,MSE,1.0,0.0,100,0.725,0.00952,0.52195
collider-linear,1,42,hybrid,HYBRID_ALPHA0.9_BETA0.1,0.9,0.1,100,0.65,0.01238,0.65252
collider-linear,2,43,hybrid,HYBRID_ALPHA0.9_BETA0.1,0.9,0.1,100,0.7,0.01168,0.49999
collider-linear,3,44,hybrid,HYBRID_ALPHA0.9_BETA0.1,0.9,0.1,100,0.55,0.00841,0.64102
collider-linear,4,45,hybrid,HYBRID_ALPHA0.9_BETA0.1,0.9,0.1,100,0.625,0.0188,0.60163
collider-linear,5,46,hybrid,HYBRID_ALPHA0.9_BETA0.1,0.9,0.1,100,0.625,0.0163,0.50273
collider-linear,6,47,hybrid,HYBRID_ALPHA0.9_BETA0.1,0.9,0.1,100,0.675,0.01061,0.74741
collider-linear,7,48,hybrid,HYBRID_ALPHA0.9_BETA0.1,0.9,0.1,100,0.625,0.01004,0.85847
collider-linear,8,49,hybrid,HYBRID_ALPHA0.9_BETA0.1,0.9,0.1,100,0.575,0.01047,0.48997
collider-linear,9,50,hybrid,HYBRID_ALPHA0.9_BETA0.1,0.9,0.1,100,0.7,0.00782,0.58085
collider-linear,10,51,hybrid,HYBRID_ALPHA0.9_BETA0.1,0.9,0.1,100,0.725,0.0098,0.5112
collider-linear,1,42,hybrid,HYBRID_ALPHA0.8_BETA0.2,0.8,0.2,100,0.6,0.01199,0.66756
collider-linear,2,43,hybrid,HYBRID_ALPHA0.8_BETA0.2,0.8,0.2,100,0.725,0.01168,0.50239
collider-linear,3,44,hybrid,HYBRID_ALPHA0.8_BETA0.2,0.8,0.2,100,0.525,0.00844,0.62709
collider-linear,4,45,hybrid,HYBRID_ALPHA0.8_BETA0.2,0.8,0.2,100,0.65,0.01877,0.60226
collider-linear,5,46,hybrid,HYBRID_ALPHA0.8_BETA0.2,0.8,0.2,100,0.675,0.01571,0.51821
collider-linear,6,47,hybrid,HYBRID_ALPHA0.8_BETA0.2,0.8,0.2,100,0.725,0.0105,0.70682
collider-linear,7,48,hybrid,HYBRID_ALPHA0.8_BETA0.2,0.8,0.2,100,0.625,0.01053,0.5623
collider-linear,8,49,hybrid,HYBRID_ALPHA0.8_BETA0.2,0.8,0.2,100,0.65,0.01029,0.4929
collider-linear,9,50,hybrid,HYBRID_ALPHA0.8_BETA0.2,0.8,0.2,100,0.675,0.00784,0.56886
collider-linear,10,51,hybrid,HYBRID_ALPHA0.8_BETA0.2,0.8,0.2,100,0.675,0.00967,0.47713
collider-linear,1,42,hybrid,HYBRID_ALPHA0.7_BETA0.3,0.7,0.3,100,0.575,0.01209,0.63388
collider-linear,2,43,hybrid,HYBRID_ALPHA0.7_BETA0.3,0.7,0.3,100,0.725,0.01147,0.50311
collider-linear,3,44,hybrid,HYBRID_ALPHA0.7_BETA0.3,0.7,0.3,100,0.575,0.00837,0.62058
collider-linear,4,45,hybrid,HYBRID_ALPHA0.7_BETA0.3,0.7,0.3,100,0.6,0.01952,0.61323
collider-linear,5,46,hybrid,HYBRID_ALPHA0.7_BETA0.3,0.7,0.3,100,0.65,0.01528,0.51964
collider-linear,6,47,hybrid,HYBRID_ALPHA0.7_BETA0.3,0.7,0.3,100,0.7,0.01022,0.5448
collider-linear,7,48,hybrid,HYBRID_ALPHA0.7_BETA0.3,0.7,0.3,100,0.675,0.01084,0.58714
collider-linear,8,49,hybrid,HYBRID_ALPHA0.7_BETA0.3,0.7,0.3,100,0.65,0.01026,0.47914
collider-linear,9,50,hybrid,HYBRID_ALPHA0.7_BETA0.3,0.7,0.3,100,0.625,0.00782,0.55839
collider-linear,10,51,hybrid,HYBRID_ALPHA0.7_BETA0.3,0.7,0.3,100,0.65,0.00949,0.4517
collider-linear,1,42,hybrid,HYBRID_ALPHA0.6_BETA0.4,0.6,0.4,100,0.65,0.012,0.53781
collider-linear,2,43,hybrid,HYBRID_ALPHA0.6_BETA0.4,0.6,0.4,100,0.65,0.01146,0.50611
collider-linear,3,44,hybrid,HYBRID_ALPHA0.6_BETA0.4,0.6,0.4,100,0.575,0.00776,0.59519
collider-linear,4,45,hybrid,HYBRID_ALPHA0.6_BETA0.4,0.6,0.4,100,0.625,0.01872,0.60186
collider-linear,5,46,hybrid,HYBRID_ALPHA0.6_BETA0.4,0.6,0.4,100,0.725,0.01485,0.51245
collider-linear,6,47,hybrid,HYBRID_ALPHA0.6_BETA0.4,0.6,0.4,100,0.55,0.01026,0.48193
collider-linear,7,48,hybrid,HYBRID_ALPHA0.6_BETA0.4,0.6,0.4,100,0.65,0.01113,0.61323
collider-linear,8,49,hybrid,HYBRID_ALPHA0.6_BETA0.4,0.6,0.4,100,0.7,0.01063,0.48934
collider-linear,9,50,hybrid,HYBRID_ALPHA0.6_BETA0.4,0.6,0.4,100,0.625,0.00754,0.51957
collider-linear,10,51,hybrid,HYBRID_ALPHA0.6_BETA0.4,0.6,0.4,100,0.675,0.01001,0.48657
collider-linear,1,42,hybrid,HYBRID_ALPHA0.5_BETA0.5,0.5,0.5,100,0.6,0.01119,0.50802
collider-linear,2,43,hybrid,HYBRID_ALPHA0.5_BETA0.5,0.5,0.5,100,0.65,0.01113,0.49763
collider-linear,3,44,hybrid,HYBRID_ALPHA0.5_BETA0.5,0.5,0.5,100,0.55,0.0078,0.59732
collider-linear,4,45,hybrid,HYBRID_ALPHA0.5_BETA0.5,0.5,0.5,100,0.6,0.02034,0.62814
collider-linear,5,46,hybrid,HYBRID_ALPHA0.5_BETA0.5,0.5,0.5,100,0.675,0.01181,0.49709
collider-linear,6,47,hybrid,HYBRID_ALPHA0.5_BETA0.5,0.5,0.5,100,0.725,0.00906,0.49919
collider-linear,7,48,hybrid,HYBRID_ALPHA0.5_BETA0.5,0.5,0.5,100,0.625,0.01104,0.60747
collider-linear,8,49,hybrid,HYBRID_ALPHA0.5_BETA0.5,0.5,0.5,100,0.6,0.0102,0.48469
collider-linear,9,50,hybrid,HYBRID_ALPHA0.5_BETA0.5,0.5,0.5,100,0.625,0.0072,0.48953
collider-linear,10,51,hybrid,HYBRID_ALPHA0.5_BETA0.5,0.5,0.5,100,0.65,0.0099,0.481
collider-linear,1,42,hybrid,HYBRID_ALPHA0.4_BETA0.6,0.4,0.6,100,0.7,0.011,0.52535
collider-linear,2,43,hybrid,HYBRID_ALPHA0.4_BETA0.6,0.4,0.6,100,0.65,0.01097,0.5038
collider-linear,3,44,hybrid,HYBRID_ALPHA0.4_BETA0.6,0.4,0.6,100,0.525,0.00816,0.60088
collider-linear,4,45,hybrid,HYBRID_ALPHA0.4_BETA0.6,0.4,0.6,100,0.6,0.0197,0.6155
collider-linear,5,46,hybrid,HYBRID_ALPHA0.4_BETA0.6,0.4,0.6,100,0.725,0.01174,0.52717
collider-linear,6,47,hybrid,HYBRID_ALPHA0.4_BETA0.6,0.4,0.6,100,0.65,0.00921,0.50184
collider-linear,7,48,hybrid,HYBRID_ALPHA0.4_BETA0.6,0.4,0.6,100,0.675,0.01098,0.59159
collider-linear,8,49,hybrid,HYBRID_ALPHA0.4_BETA0.6,0.4,0.6,100,0.65,0.01128,0.5189
collider-linear,9,50,hybrid,HYBRID_ALPHA0.4_BETA0.6,0.4,0.6,100,0.725,0.00757,0.51267
collider-linear,10,51,hybrid,HYBRID_ALPHA0.4_BETA0.6,0.4,0.6,100,0.625,0.00915,0.45305
collider-linear,1,42,hybrid,HYBRID_ALPHA0.3_BETA0.7,0.3,0.7,100,0.65,0.01024,0.49113
collider-linear,2,43,hybrid,HYBRID_ALPHA0.3_BETA0.7,0.3,0.7,100,0.675,0.01015,0.49792
collider-linear,3,44,hybrid,HYBRID_ALPHA0.3_BETA0.7,0.3,0.7,100,0.6,0.00794,0.61031
collider-linear,4,45,hybrid,HYBRID_ALPHA0.3_BETA0.7,0.3,0.7,100,0.65,0.01991,0.61758
collider-linear,5,46,hybrid,HYBRID_ALPHA0.3_BETA0.7,0.3,0.7,100,0.65,0.01391,0.5735
collider-linear,6,47,hybrid,HYBRID_ALPHA0.3_BETA0.7,0.3,0.7,100,0.675,0.00842,0.49271
collider-linear,7,48,hybrid,HYBRID_ALPHA0.3_BETA0.7,0.3,0.7,100,0.675,0.01053,0.5361
collider-linear,8,49,hybrid,HYBRID_ALPHA0.3_BETA0.7,0.3,0.7,100,0.675,0.01209,0.54762
collider-linear,9,50,hybrid,HYBRID_ALPHA0.3_BETA0.7,0.3,0.7,100,0.65,0.00756,0.51771
collider-linear,10,51,hybrid,HYBRID_ALPHA0.3_BETA0.7,0.3,0.7,100,0.6,0.00961,0.46468
collider-linear,1,42,hybrid,HYBRID_ALPHA0.2_BETA0.8,0.2,0.8,100,0.7,0.00953,0.49232
collider-linear,2,43,hybrid,HYBRID_ALPHA0.2_BETA0.8,0.2,0.8,100,0.6,0.01062,0.50656
collider-linear,3,44,hybrid,HYBRID_ALPHA0.2_BETA0.8,0.2,0.8,100,0.575,0.00794,0.62941
collider-linear,4,45,hybrid,HYBRID_ALPHA0.2_BETA0.8,0.2,0.8,100,0.625,0.0204,0.62542
collider-linear,5,46,hybrid,HYBRID_ALPHA0.2_BETA0.8,0.2,0.8,100,0.625,0.01069,0.65068
collider-linear,6,47,hybrid,HYBRID_ALPHA0.2_BETA0.8,0.2,0.8,100,0.65,0.01159,0.56459
collider-linear,7,48,hybrid,HYBRID_ALPHA0.2_BETA0.8,0.2,0.8,100,0.675,0.01042,0.50853
collider-linear,8,49,hybrid,HYBRID_ALPHA0.2_BETA0.8,0.2,0.8,100,0.675,0.01278,0.56277
collider-linear,9,50,hybrid,HYBRID_ALPHA0.2_BETA0.8,0.2,0.8,100,0.7,0.00893,0.50033
collider-linear,10,51,hybrid,HYBRID_ALPHA0.2_BETA0.8,0.2,0.8,100,0.65,0.00845,0.45642
fork-linear,1,42,mse,MSE,1.0,0.0,50,0.65,0.03679,0.70221
fork-linear,2,43,mse,MSE,1.0,0.0,50,0.75,0.03855,0.51681
fork-linear,3,44,mse,MSE,1.0,0.0,50,0.575,0.01544,0.36124
fork-linear,4,45,mse,MSE,1.0,0.0,50,0.75,0.04279,0.66554
fork-linear,5,46,mse,MSE,1.0,0.0,50,0.525,0.01479,0.31845
fork-linear,6,47,mse,MSE,1.0,0.0,50,0.625,0.03403,0.49116
fork-linear,7,48,mse,MSE,1.0,0.0,50,0.7,0.02237,0.32335
fork-linear,8,49,mse,MSE,1.0,0.0,50,0.65,0.02863,1.07518
fork-linear,9,50,mse,MSE,1.0,0.0,50,0.625,0.03544,0.67649
fork-linear,10,51,mse,MSE,1.0,0.0,50,0.65,0.03378,0.66522
fork-linear,1,42,hybrid,HYBRID_ALPHA0.9_BETA0.1,0.9,0.1,50,0.575,0.0368,0.70409
fork-linear,2,43,hybrid,HYBRID_ALPHA0.9_BETA0.1,0.9,0.1,50,0.675,0.01806,0.35157
fork-linear,3,44,hybrid,HYBRID_ALPHA0.9_BETA0.1,0.9,0.1,50,0.65,0.01831,0.40276
fork-linear,4,45,hybrid,HYBRID_ALPHA0.9_BETA0.1,0.9,0.1,50,0.8,0.04285,0.66568
fork-linear,5,46,hybrid,HYBRID_ALPHA0.9_BETA0.1,0.9,0.1,50,0.55,0.01303,0.30221
fork-linear,6,47,hybrid,HYBRID_ALPHA0.9_BETA0.1,0.9,0.1,50,0.675,0.03255,0.49907
fork-linear,7,48,hybrid,HYBRID_ALPHA0.9_BETA0.1,0.9,0.1,50,0.7,0.02152,0.43042
fork-linear,8,49,hybrid,HYBRID_ALPHA0.9_BETA0.1,0.9,0.1,50,0.725,0.02713,1.0205
fork-linear,9,50,hybrid,HYBRID_ALPHA0.9_BETA0.1,0.9,0.1,50,0.625,0.03319,0.6802
fork-linear,10,51,hybrid,HYBRID_ALPHA0.9_BETA0.1,0.9,0.1,50,0.65,0.033,0.66406
fork-linear,1,42,hybrid,HYBRID_ALPHA0.8_BETA0.2,0.8,0.2,50,0.65,0.03691,0.70591
fork-linear,2,43,hybrid,HYBRID_ALPHA0.8_BETA0.2,0.8,0.2,50,0.725,0.01603,0.34659
fork-linear,3,44,hybrid,HYBRID_ALPHA0.8_BETA0.2,0.8,0.2,50,0.525,0.00904,0.32448
fork-linear,4,45,hybrid,HYBRID_ALPHA0.8_BETA0.2,0.8,0.2,50,0.725,0.03939,0.67085
fork-linear,5,46,hybrid,HYBRID_ALPHA0.8_BETA0.2,0.8,0.2,50,0.525,0.01161,0.30073
fork-linear,6,47,hybrid,HYBRID_ALPHA0.8_BETA0.2,0.8,0.2,50,0.675,0.03866,0.92892
fork-linear,7,48,hybrid,HYBRID_ALPHA0.8_BETA0.2,0.8,0.2,50,0.75,0.02268,1.11692
fork-linear,8,49,hybrid,HYBRID_ALPHA0.8_BETA0.2,0.8,0.2,50,0.725,0.02592,0.99439
fork-linear,9,50,hybrid,HYBRID_ALPHA0.8_BETA0.2,0.8,0.2,50,0.575,0.03167,0.68632
fork-linear,10,51,hybrid,HYBRID_ALPHA0.8_BETA0.2,0.8,0.2,50,0.725,0.01548,0.61565
fork-linear,1,42,hybrid,HYBRID_ALPHA0.7_BETA0.3,0.7,0.3,50,0.725,0.037,0.70684
fork-linear,2,43,hybrid,HYBRID_ALPHA0.7_BETA0.3,0.7,0.3,50,0.625,0.02617,0.40814
fork-linear,3,44,hybrid,HYBRID_ALPHA0.7_BETA0.3,0.7,0.3,50,0.625,0.00904,0.33182
fork-linear,4,45,hybrid,HYBRID_ALPHA0.7_BETA0.3,0.7,0.3,50,0.775,0.04064,0.67334
fork-linear,5,46,hybrid,HYBRID_ALPHA0.7_BETA0.3,0.7,0.3,50,0.525,0.01167,0.29792
fork-linear,6,47,hybrid,HYBRID_ALPHA0.7_BETA0.3,0.7,0.3,50,0.725,0.02994,0.66578
fork-linear,7,48,hybrid,HYBRID_ALPHA0.7_BETA0.3,0.7,0.3,50,0.75,0.02282,1.8038
fork-linear,8,49,hybrid,HYBRID_ALPHA0.7_BETA0.3,0.7,0.3,50,0.525,0.01306,0.44192
fork-linear,9,50,hybrid,HYBRID_ALPHA0.7_BETA0.3,0.7,0.3,50,0.625,0.03359,0.69695
fork-linear,10,51,hybrid,HYBRID_ALPHA0.7_BETA0.3,0.7,0.3,50,0.6,0.01284,1.49501
fork-linear,1,42,hybrid,HYBRID_ALPHA0.6_BETA0.4,0.6,0.4,50,0.725,0.03767,0.70714
fork-linear,2,43,hybrid,HYBRID_ALPHA0.6_BETA0.4,0.6,0.4,50,0.65,0.0269,0.41522
fork-linear,3,44,hybrid,HYBRID_ALPHA0.6_BETA0.4,0.6,0.4,50,0.525,0.00875,0.32551
fork-linear,4,45,hybrid,HYBRID_ALPHA0.6_BETA0.4,0.6,0.4,50,0.725,0.04204,0.67667
fork-linear,5,46,hybrid,HYBRID_ALPHA0.6_BETA0.4,0.6,0.4,50,0.55,0.01203,0.27326
fork-linear,6,47,hybrid,HYBRID_ALPHA0.6_BETA0.4,0.6,0.4,50,0.625,0.02405,0.41303
fork-linear,7,48,hybrid,HYBRID_ALPHA0.6_BETA0.4,0.6,0.4,50,0.8,0.0227,0.57396
fork-linear,8,49,hybrid,HYBRID_ALPHA0.6_BETA0.4,0.6,0.4,50,0.6,0.01477,0.42116
fork-linear,9,50,hybrid,HYBRID_ALPHA0.6_BETA0.4,0.6,0.4,50,0.675,0.03513,0.70844
fork-linear,10,51,hybrid,HYBRID_ALPHA0.6_BETA0.4,0.6,0.4,50,0.75,0.02859,1.13821
fork-linear,1,42,hybrid,HYBRID_ALPHA0.5_BETA0.5,0.5,0.5,50,0.65,0.03694,0.70478
fork-linear,2,43,hybrid,HYBRID_ALPHA0.5_BETA0.5,0.5,0.5,50,0.675,0.02431,0.40912
fork-linear,3,44,hybrid,HYBRID_ALPHA0.5_BETA0.5,0.5,0.5,50,0.55,0.01066,0.39013
fork-linear,4,45,hybrid,HYBRID_ALPHA0.5_BETA0.5,0.5,0.5,50,0.725,0.04253,0.68255
fork-linear,5,46,hybrid,HYBRID_ALPHA0.5_BETA0.5,0.5,0.5,50,0.5,0.01125,0.32349
fork-linear,6,47,hybrid,HYBRID_ALPHA0.5_BETA0.5,0.5,0.5,50,0.7,0.02302,0.47722
fork-linear,7,48,hybrid,HYBRID_ALPHA0.5_BETA0.5,0.5,0.5,50,0.725,0.0242,0.52804
fork-linear,8,49,hybrid,HYBRID_ALPHA0.5_BETA0.5,0.5,0.5,50,0.5,0.01791,0.3597
fork-linear,9,50,hybrid,HYBRID_ALPHA0.5_BETA0.5,0.5,0.5,50,0.7,0.03692,0.71093
fork-linear,10,51,hybrid,HYBRID_ALPHA0.5_BETA0.5,0.5,0.5,50,0.725,0.02783,1.28603
fork-linear,1,42,hybrid,HYBRID_ALPHA0.4_BETA0.6,0.4,0.6,50,0.65,0.0373,0.68627
fork-linear,2,43,hybrid,HYBRID_ALPHA0.4_BETA0.6,0.4,0.6,50,0.75,0.02764,0.38804
fork-linear,3,44,hybrid,HYBRID_ALPHA0.4_BETA0.6,0.4,0.6,50,0.55,0.01156,0.57482
fork-linear,4,45,hybrid,HYBRID_ALPHA0.4_BETA0.6,0.4,0.6,50,0.725,0.04311,0.70879
fork-linear,5,46,hybrid,HYBRID_ALPHA0.4_BETA0.6,0.4,0.6,50,0.525,0.0138,0.31815
fork-linear,6,47,hybrid,HYBRID_ALPHA0.4_BETA0.6,0.4,0.6,50,0.55,0.01604,0.34973
fork-linear,7,48,hybrid,HYBRID_ALPHA0.4_BETA0.6,0.4,0.6,50,0.75,0.02389,0.31938
fork-linear,8,49,hybrid,HYBRID_ALPHA0.4_BETA0.6,0.4,0.6,50,0.525,0.01291,0.34919
fork-linear,9,50,hybrid,HYBRID_ALPHA0.4_BETA0.6,0.4,0.6,50,0.7,0.03705,0.71257
fork-linear,10,51,hybrid,HYBRID_ALPHA0.4_BETA0.6,0.4,0.6,50,0.6,0.0152,2.4606
fork-linear,1,42,hybrid,HYBRID_ALPHA0.3_BETA0.7,0.3,0.7,50,0.65,0.03389,0.84066
fork-linear,2,43,hybrid,HYBRID_ALPHA0.3_BETA0.7,0.3,0.7,50,0.65,0.02761,0.45136
fork-linear,3,44,hybrid,HYBRID_ALPHA0.3_BETA0.7,0.3,0.7,50,0.55,0.01003,3.99644
fork-linear,4,45,hybrid,HYBRID_ALPHA0.3_BETA0.7,0.3,0.7,50,0.775,0.04317,0.71482
fork-linear,5,46,hybrid,HYBRID_ALPHA0.3_BETA0.7,0.3,0.7,50,0.55,0.01419,0.31517
fork-linear,6,47,hybrid,HYBRID_ALPHA0.3_BETA0.7,0.3,0.7,50,0.625,0.02339,1.687
fork-linear,7,48,hybrid,HYBRID_ALPHA0.3_BETA0.7,0.3,0.7,50,0.75,0.02507,0.40414
fork-linear,8,49,hybrid,HYBRID_ALPHA0.3_BETA0.7,0.3,0.7,50,0.575,0.01192,0.37092
fork-linear,9,50,hybrid,HYBRID_ALPHA0.3_BETA0.7,0.3,0.7,50,0.7,0.03609,0.70413
fork-linear,10,51,hybrid,HYBRID_ALPHA0.3_BETA0.7,0.3,0.7,50,0.625,0.01735,3.63398
fork-linear,1,42,hybrid,HYBRID_ALPHA0.2_BETA0.8,0.2,0.8,50,0.65,0.03499,0.81527
fork-linear,2,43,hybrid,HYBRID_ALPHA0.2_BETA0.8,0.2,0.8,50,0.675,0.02362,0.40393
fork-linear,3,44,hybrid,HYBRID_ALPHA0.2_BETA0.8,0.2,0.8,50,0.55,0.02175,16.77739
fork-linear,4,45,hybrid,HYBRID_ALPHA0.2_BETA0.8,0.2,0.8,50,0.8,0.04098,0.71891
fork-linear,5,46,hybrid,HYBRID_ALPHA0.2_BETA0.8,0.2,0.8,50,0.5,0.01255,0.35819
fork-linear,6,47,hybrid,HYBRID_ALPHA0.2_BETA0.8,0.2,0.8,50,0.575,0.01514,11.74642
fork-linear,7,48,hybrid,HYBRID_ALPHA0.2_BETA0.8,0.2,0.8,50,0.775,0.02555,0.49154
fork-linear,8,49,hybrid,HYBRID_ALPHA0.2_BETA0.8,0.2,0.8,50,0.6,0.02094,1.06526
fork-linear,9,50,hybrid,HYBRID_ALPHA0.2_BETA0.8,0.2,0.8,50,0.675,0.03064,0.58385
fork-linear,10,51,hybrid,HYBRID_ALPHA0.2_BETA0.8,0.2,0.8,50,0.625,0.01517,1.78475
fork-linear,1,42,mse,MSE,1.0,0.0,100,0.525,0.01633,0.29731
fork-linear,2,43,mse,MSE,1.0,0.0,100,0.55,0.01671,0.28048
fork-linear,3,44,mse,MSE,1.0,0.0,100,0.525,0.0132,0.31908
fork-linear,4,45,mse,MSE,1.0,0.0,100,0.575,0.01499,0.2653
fork-linear,5,46,mse,MSE,1.0,0.0,100,0.525,0.01225,0.30154
fork-linear,6,47,mse,MSE,1.0,0.0,100,0.55,0.01195,0.24981
fork-linear,7,48,mse,MSE,1.0,0.0,100,0.55,0.01358,0.27127
fork-linear,8,49,mse,MSE,1.0,0.0,100,0.6,0.02088,0.33337
fork-linear,9,50,mse,MSE,1.0,0.0,100,0.725,0.02258,0.26222
fork-linear,10,51,mse,MSE,1.0,0.0,100,0.55,0.01529,0.30268
fork-linear,1,42,hybrid,HYBRID_ALPHA0.9_BETA0.1,0.9,0.1,100,0.55,0.01289,0.29247
fork-linear,2,43,hybrid,HYBRID_ALPHA0.9_BETA0.1,0.9,0.1,100,0.5,0.01529,0.3181
fork-linear,3,44,hybrid,HYBRID_ALPHA0.9_BETA0.1,0.9,0.1,100,0.525,0.01108,0.31278
fork-linear,4,45,hybrid,HYBRID_ALPHA0.9_BETA0.1,0.9,0.1,100,0.55,0.01289,0.27502
fork-linear,5,46,hybrid,HYBRID_ALPHA0.9_BETA0.1,0.9,0.1,100,0.5,0.01051,0.30506
fork-linear,6,47,hybrid,HYBRID_ALPHA0.9_BETA0.1,0.9,0.1,100,0.55,0.01001,0.24512
fork-linear,7,48,hybrid,HYBRID_ALPHA0.9_BETA0.1,0.9,0.1,100,0.6,0.01218,0.27251
fork-linear,8,49,hybrid,HYBRID_ALPHA0.9_BETA0.1,0.9,0.1,100,0.6,0.01678,0.29656
fork-linear,9,50,hybrid,HYBRID_ALPHA0.9_BETA0.1,0.9,0.1,100,0.775,0.02271,0.25766
fork-linear,10,51,hybrid,HYBRID_ALPHA0.9_BETA0.1,0.9,0.1,100,0.5,0.01355,0.29672
fork-linear,1,42,hybrid,HYBRID_ALPHA0.8_BETA0.2,0.8,0.2,100,0.575,0.01251,0.28582
fork-linear,2,43,hybrid,HYBRID_ALPHA0.8_BETA0.2,0.8,0.2,100,0.525,0.01472,0.31691
fork-linear,3,44,hybrid,HYBRID_ALPHA0.8_BETA0.2,0.8,0.2,100,0.575,0.01017,0.29044
fork-linear,4,45,hybrid,HYBRID_ALPHA0.8_BETA0.2,0.8,0.2,100,0.55,0.01194,0.27294
fork-linear,5,46,hybrid,HYBRID_ALPHA0.8_BETA0.2,0.8,0.2,100,0.5,0.01003,0.30713
fork-linear,6,47,hybrid,HYBRID_ALPHA0.8_BETA0.2,0.8,0.2,100,0.525,0.00946,0.24912
fork-linear,7,48,hybrid,HYBRID_ALPHA0.8_BETA0.2,0.8,0.2,100,0.625,0.0118,0.27406
fork-linear,8,49,hybrid,HYBRID_ALPHA0.8_BETA0.2,0.8,0.2,100,0.575,0.01746,0.3352
fork-linear,9,50,hybrid,HYBRID_ALPHA0.8_BETA0.2,0.8,0.2,100,0.725,0.02252,0.26546
fork-linear,10,51,hybrid,HYBRID_ALPHA0.8_BETA0.2,0.8,0.2,100,0.5,0.01275,0.34117
fork-linear,1,42,hybrid,HYBRID_ALPHA0.7_BETA0.3,0.7,0.3,100,0.5,0.01396,0.30317
fork-linear,2,43,hybrid,HYBRID_ALPHA0.7_BETA0.3,0.7,0.3,100,0.575,0.01443,0.31561
fork-linear,3,44,hybrid,HYBRID_ALPHA0.7_BETA0.3,0.7,0.3,100,0.525,0.00991,0.29421
fork-linear,4,45,hybrid,HYBRID_ALPHA0.7_BETA0.3,0.7,0.3,100,0.525,0.01142,0.29921
fork-linear,5,46,hybrid,HYBRID_ALPHA0.7_BETA0.3,0.7,0.3,100,0.5,0.0095,0.30754
fork-linear,6,47,hybrid,HYBRID_ALPHA0.7_BETA0.3,0.7,0.3,100,0.625,0.00908,0.2452
fork-linear,7,48,hybrid,HYBRID_ALPHA0.7_BETA0.3,0.7,0.3,100,0.625,0.0117,0.27665
fork-linear,8,49,hybrid,HYBRID_ALPHA0.7_BETA0.3,0.7,0.3,100,0.525,0.01617,0.32352
fork-linear,9,50,hybrid,HYBRID_ALPHA0.7_BETA0.3,0.7,0.3,100,0.675,0.01223,0.25966
fork-linear,10,51,hybrid,HYBRID_ALPHA0.7_BETA0.3,0.7,0.3,100,0.525,0.01217,0.30494
fork-linear,1,42,hybrid,HYBRID_ALPHA0.6_BETA0.4,0.6,0.4,100,0.575,0.01178,0.32046
fork-linear,2,43,hybrid,HYBRID_ALPHA0.6_BETA0.4,0.6,0.4,100,0.525,0.0143,0.31761
fork-linear,3,44,hybrid,HYBRID_ALPHA0.6_BETA0.4,0.6,0.4,100,0.55,0.00988,0.29921
fork-linear,4,45,hybrid,HYBRID_ALPHA0.6_BETA0.4,0.6,0.4,100,0.55,0.01138,0.30029
fork-linear,5,46,hybrid,HYBRID_ALPHA0.6_BETA0.4,0.6,0.4,100,0.525,0.0095,0.31294
fork-linear,6,47,hybrid,HYBRID_ALPHA0.6_BETA0.4,0.6,0.4,100,0.525,0.00885,0.24188
fork-linear,7,48,hybrid,HYBRID_ALPHA0.6_BETA0.4,0.6,0.4,100,0.6,0.0112,0.27663
fork-linear,8,49,hybrid,HYBRID_ALPHA0.6_BETA0.4,0.6,0.4,100,0.575,0.01579,0.29133
fork-linear,9,50,hybrid,HYBRID_ALPHA0.6_BETA0.4,0.6,0.4,100,0.625,0.01044,0.27211
fork-linear,10,51,hybrid,HYBRID_ALPHA0.6_BETA0.4,0.6,0.4,100,0.6,0.01183,0.29481
fork-linear,1,42,hybrid,HYBRID_ALPHA0.5_BETA0.5,0.5,0.5,100,0.65,0.01238,0.34682
fork-linear,2,43,hybrid,HYBRID_ALPHA0.5_BETA0.5,0.5,0.5,100,0.525,0.01423,0.33372
fork-linear,3,44,hybrid,HYBRID_ALPHA0.5_BETA0.5,0.5,0.5,100,0.6,0.01216,0.29993
fork-linear,4,45,hybrid,HYBRID_ALPHA0.5_BETA0.5,0.5,0.5,100,0.5,0.01136,0.30355
fork-linear,5,46,hybrid,HYBRID_ALPHA0.5_BETA0.5,0.5,0.5,100,0.575,0.00929,0.32529
fork-linear,6,47,hybrid,HYBRID_ALPHA0.5_BETA0.5,0.5,0.5,100,0.5,0.00849,0.23943
fork-linear,7,48,hybrid,HYBRID_ALPHA0.5_BETA0.5,0.5,0.5,100,0.55,0.01,0.26358
fork-linear,8,49,hybrid,HYBRID_ALPHA0.5_BETA0.5,0.5,0.5,100,0.525,0.01554,0.29438
fork-linear,9,50,hybrid,HYBRID_ALPHA0.5_BETA0.5,0.5,0.5,100,0.575,0.01023,0.27363
fork-linear,10,51,hybrid,HYBRID_ALPHA0.5_BETA0.5,0.5,0.5,100,0.6,0.01146,0.29702
fork-linear,1,42,hybrid,HYBRID_ALPHA0.4_BETA0.6,0.4,0.6,100,0.55,0.01221,0.29873
fork-linear,2,43,hybrid,HYBRID_ALPHA0.4_BETA0.6,0.4,0.6,100,0.525,0.01406,0.32522
fork-linear,3,44,hybrid,HYBRID_ALPHA0.4_BETA0.6,0.4,0.6,100,0.625,0.00933,0.25223
fork-linear,4,45,hybrid,HYBRID_ALPHA0.4_BETA0.6,0.4,0.6,100,0.625,0.01129,0.30615
fork-linear,5,46,hybrid,HYBRID_ALPHA0.4_BETA0.6,0.4,0.6,100,0.55,0.00883,0.34431
fork-linear,6,47,hybrid,HYBRID_ALPHA0.4_BETA0.6,0.4,0.6,100,0.575,0.0092,0.28866
fork-linear,7,48,hybrid,HYBRID_ALPHA0.4_BETA0.6,0.4,0.6,100,0.5,0.01022,0.27153
fork-linear,8,49,hybrid,HYBRID_ALPHA0.4_BETA0.6,0.4,0.6,100,0.6,0.01296,0.30703
fork-linear,9,50,hybrid,HYBRID_ALPHA0.4_BETA0.6,0.4,0.6,100,0.625,0.0097,0.28126
fork-linear,10,51,hybrid,HYBRID_ALPHA0.4_BETA0.6,0.4,0.6,100,0.675,0.01118,0.32179
fork-linear,1,42,hybrid,HYBRID_ALPHA0.3_BETA0.7,0.3,0.7,100,0.525,0.01055,0.34935
fork-linear,2,43,hybrid,HYBRID_ALPHA0.3_BETA0.7,0.3,0.7,100,0.525,0.01367,0.32498
fork-linear,3,44,hybrid,HYBRID_ALPHA0.3_BETA0.7,0.3,0.7,100,0.575,0.01067,0.28712
fork-linear,4,45,hybrid,HYBRID_ALPHA0.3_BETA0.7,0.3,0.7,100,0.6,0.01106,0.3065
fork-linear,5,46,hybrid,HYBRID_ALPHA0.3_BETA0.7,0.3,0.7,100,0.575,0.00965,0.32027
fork-linear,6,47,hybrid,HYBRID_ALPHA0.3_BETA0.7,0.3,0.7,100,0.525,0.00832,0.26016
fork-linear,7,48,hybrid,HYBRID_ALPHA0.3_BETA0.7,0.3,0.7,100,0.55,0.01009,0.3826
fork-linear,8,49,hybrid,HYBRID_ALPHA0.3_BETA0.7,0.3,0.7,100,0.6,0.01269,0.30133
fork-linear,9,50,hybrid,HYBRID_ALPHA0.3_BETA0.7,0.3,0.7,100,0.6,0.00918,0.28602
fork-linear,10,51,hybrid,HYBRID_ALPHA0.3_BETA0.7,0.3,0.7,100,0.6,0.01114,0.31115
fork-linear,1,42,hybrid,HYBRID_ALPHA0.2_BETA0.8,0.2,0.8,100,0.525,0.0106,0.44578
fork-linear,2,43,hybrid,HYBRID_ALPHA0.2_BETA0.8,0.2,0.8,100,0.5,0.0138,0.32202
fork-linear,3,44,hybrid,HYBRID_ALPHA0.2_BETA0.8,0.2,0.8,100,0.675,0.03704,0.7532
fork-linear,4,45,hybrid,HYBRID_ALPHA0.2_BETA0.8,0.2,0.8,100,0.575,0.01087,0.26643
fork-linear,5,46,hybrid,HYBRID_ALPHA0.2_BETA0.8,0.2,0.8,100,0.525,0.00987,0.41704
fork-linear,6,47,hybrid,HYBRID_ALPHA0.2_BETA0.8,0.2,0.8,100,0.5,0.00803,0.25186
fork-linear,7,48,hybrid,HYBRID_ALPHA0.2_BETA0.8,0.2,0.8,100,0.55,0.01024,0.26548
fork-linear,8,49,hybrid,HYBRID_ALPHA0.2_BETA0.8,0.2,0.8,100,0.575,0.01313,0.30727
fork-linear,9,50,hybrid,HYBRID_ALPHA0.2_BETA0.8,0.2,0.8,100,0.6,0.01086,0.31068
fork-linear,10,51,hybrid,HYBRID_ALPHA0.2_BETA0.8,0.2,0.8,100,0.625,0.01109,0.31876
fork-non-linear,1,42,mse,MSE,1.0,0.0,50,0.8,0.04713,0.84906
fork-non-linear,2,43,mse,MSE,1.0,0.0,50,0.825,0.02964,0.79974
fork-non-linear,3,44,mse,MSE,1.0,0.0,50,0.775,0.02214,0.96707
fork-non-linear,4,45,mse,MSE,1.0,0.0,50,0.775,0.03142,0.90534
fork-non-linear,5,46,mse,MSE,1.0,0.0,50,0.75,0.02506,0.58725
fork-non-linear,6,47,mse,MSE,1.0,0.0,50,0.75,0.02173,0.59964
fork-non-linear,7,48,mse,MSE,1.0,0.0,50,0.8,0.02413,0.80347
fork-non-linear,8,49,mse,MSE,1.0,0.0,50,0.875,0.02296,9.86982
fork-non-linear,9,50,mse,MSE,1.0,0.0,50,0.85,0.03554,0.62557
fork-non-linear,10,51,mse,MSE,1.0,0.0,50,0.8,0.03433,0.77637
fork-non-linear,1,42,hybrid,HYBRID_ALPHA0.9_BETA0.1,0.9,0.1,50,0.75,0.04545,0.93594
fork-non-linear,2,43,hybrid,HYBRID_ALPHA0.9_BETA0.1,0.9,0.1,50,0.825,0.0296,0.79974
fork-non-linear,3,44,hybrid,HYBRID_ALPHA0.9_BETA0.1,0.9,0.1,50,0.675,0.02016,1.24059
fork-non-linear,4,45,hybrid,HYBRID_ALPHA0.9_BETA0.1,0.9,0.1,50,0.75,0.02969,0.89101
fork-non-linear,5,46,hybrid,HYBRID_ALPHA0.9_BETA0.1,0.9,0.1,50,0.8,0.02345,0.5486
fork-non-linear,6,47,hybrid,HYBRID_ALPHA0.9_BETA0.1,0.9,0.1,50,0.725,0.02067,0.57798
fork-non-linear,7,48,hybrid,HYBRID_ALPHA0.9_BETA0.1,0.9,0.1,50,0.825,0.02458,0.80378
fork-non-linear,8,49,hybrid,HYBRID_ALPHA0.9_BETA0.1,0.9,0.1,50,0.875,0.02296,7.72891
fork-non-linear,9,50,hybrid,HYBRID_ALPHA0.9_BETA0.1,0.9,0.1,50,0.9,0.03372,0.5797
fork-non-linear,10,51,hybrid,HYBRID_ALPHA0.9_BETA0.1,0.9,0.1,50,0.7,0.03447,0.77676
fork-non-linear,1,42,hybrid,HYBRID_ALPHA0.8_BETA0.2,0.8,0.2,50,0.775,0.04312,0.70802
fork-non-linear,2,43,hybrid,HYBRID_ALPHA0.8_BETA0.2,0.8,0.2,50,0.825,0.02995,0.7998
fork-non-linear,3,44,hybrid,HYBRID_ALPHA0.8_BETA0.2,0.8,0.2,50,0.6,0.01801,1.22251
fork-non-linear,4,45,hybrid,HYBRID_ALPHA0.8_BETA0.2,0.8,0.2,50,0.875,0.02957,0.65356
fork-non-linear,5,46,hybrid,HYBRID_ALPHA0.8_BETA0.2,0.8,0.2,50,0.725,0.02289,0.52779
fork-non-linear,6,47,hybrid,HYBRID_ALPHA0.8_BETA0.2,0.8,0.2,50,0.725,0.02196,0.58618
fork-non-linear,7,48,hybrid,HYBRID_ALPHA0.8_BETA0.2,0.8,0.2,50,0.8,0.02495,0.80392
fork-non-linear,8,49,hybrid,HYBRID_ALPHA0.8_BETA0.2,0.8,0.2,50,0.9,0.02213,6.41822
fork-non-linear,9,50,hybrid,HYBRID_ALPHA0.8_BETA0.2,0.8,0.2,50,0.85,0.03726,0.54408
fork-non-linear,10,51,hybrid,HYBRID_ALPHA0.8_BETA0.2,0.8,0.2,50,0.775,0.03184,0.77668
fork-non-linear,1,42,hybrid,HYBRID_ALPHA0.7_BETA0.3,0.7,0.3,50,0.775,0.03328,0.93171
fork-non-linear,2,43,hybrid,HYBRID_ALPHA0.7_BETA0.3,0.7,0.3,50,0.825,0.03009,0.79987
fork-non-linear,3,44,hybrid,HYBRID_ALPHA0.7_BETA0.3,0.7,0.3,50,0.6,0.01755,1.3708
fork-non-linear,4,45,hybrid,HYBRID_ALPHA0.7_BETA0.3,0.7,0.3,50,0.8,0.02568,0.62082
fork-non-linear,5,46,hybrid,HYBRID_ALPHA0.7_BETA0.3,0.7,0.3,50,0.725,0.02342,0.53845
fork-non-linear,6,47,hybrid,HYBRID_ALPHA0.7_BETA0.3,0.7,0.3,50,0.75,0.02225,0.5787
fork-non-linear,7,48,hybrid,HYBRID_ALPHA0.7_BETA0.3,0.7,0.3,50,0.775,0.02377,0.804
fork-non-linear,8,49,hybrid,HYBRID_ALPHA0.7_BETA0.3,0.7,0.3,50,0.85,0.02178,5.05071
fork-non-linear,9,50,hybrid,HYBRID_ALPHA0.7_BETA0.3,0.7,0.3,50,0.875,0.03504,0.49119
fork-non-linear,10,51,hybrid,HYBRID_ALPHA0.7_BETA0.3,0.7,0.3,50,0.775,0.03504,0.7767
fork-non-linear,1,42,hybrid,HYBRID_ALPHA0.6_BETA0.4,0.6,0.4,50,0.775,0.03091,0.89735
fork-non-linear,2,43,hybrid,HYBRID_ALPHA0.6_BETA0.4,0.6,0.4,50,0.8,0.02963,0.79987
fork-non-linear,3,44,hybrid,HYBRID_ALPHA0.6_BETA0.4,0.6,0.4,50,0.675,0.01658,1.49359
fork-non-linear,4,45,hybrid,HYBRID_ALPHA0.6_BETA0.4,0.6,0.4,50,0.8,0.02366,0.51434
fork-non-linear,5,46,hybrid,HYBRID_ALPHA0.6_BETA0.4,0.6,0.4,50,0.675,0.02064,0.47799
fork-non-linear,6,47,hybrid,HYBRID_ALPHA0.6_BETA0.4,0.6,0.4,50,0.775,0.02087,0.55742
fork-non-linear,7,48,hybrid,HYBRID_ALPHA0.6_BETA0.4,0.6,0.4,50,0.725,0.02483,0.80403
fork-non-linear,8,49,hybrid,HYBRID_ALPHA0.6_BETA0.4,0.6,0.4,50,0.85,0.02236,3.57068
fork-non-linear,9,50,hybrid,HYBRID_ALPHA0.6_BETA0.4,0.6,0.4,50,0.9,0.03126,0.50962
fork-non-linear,10,51,hybrid,HYBRID_ALPHA0.6_BETA0.4,0.6,0.4,50,0.775,0.0337,0.77691
fork-non-linear,1,42,hybrid,HYBRID_ALPHA0.5_BETA0.5,0.5,0.5,50,0.775,0.03085,0.737
fork-non-linear,2,43,hybrid,HYBRID_ALPHA0.5_BETA0.5,0.5,0.5,50,0.8,0.02853,0.80011
fork-non-linear,3,44,hybrid,HYBRID_ALPHA0.5_BETA0.5,0.5,0.5,50,0.775,0.02645,0.75564
fork-non-linear,4,45,hybrid,HYBRID_ALPHA0.5_BETA0.5,0.5,0.5,50,0.775,0.02276,0.50639
fork-non-linear,5,46,hybrid,HYBRID_ALPHA0.5_BETA0.5,0.5,0.5,50,0.775,0.02804,0.79551
fork-non-linear,6,47,hybrid,HYBRID_ALPHA0.5_BETA0.5,0.5,0.5,50,0.7,0.01441,0.37929
fork-non-linear,7,48,hybrid,HYBRID_ALPHA0.5_BETA0.5,0.5,0.5,50,0.75,0.02512,0.80413
fork-non-linear,8,49,hybrid,HYBRID_ALPHA0.5_BETA0.5,0.5,0.5,50,0.875,0.02301,2.31246
fork-non-linear,9,50,hybrid,HYBRID_ALPHA0.5_BETA0.5,0.5,0.5,50,0.925,0.03085,0.53883
fork-non-linear,10,51,hybrid,HYBRID_ALPHA0.5_BETA0.5,0.5,0.5,50,0.75,0.03509,0.77701
fork-non-linear,1,42,hybrid,HYBRID_ALPHA0.4_BETA0.6,0.4,0.6,50,0.775,0.04109,0.7775
fork-non-linear,2,43,hybrid,HYBRID_ALPHA0.4_BETA0.6,0.4,0.6,50,0.775,0.02932,0.80018
fork-non-linear,3,44,hybrid,HYBRID_ALPHA0.4_BETA0.6,0.4,0.6,50,0.775,0.027,0.80241
fork-non-linear,4,45,hybrid,HYBRID_ALPHA0.4_BETA0.6,0.4,0.6,50,0.8,0.02213,0.53669
fork-non-linear,5,46,hybrid,HYBRID_ALPHA0.4_BETA0.6,0.4,0.6,50,0.8,0.02778,0.79547
fork-non-linear,6,47,hybrid,HYBRID_ALPHA0.4_BETA0.6,0.4,0.6,50,0.775,0.01933,0.54433
fork-non-linear,7,48,hybrid,HYBRID_ALPHA0.4_BETA0.6,0.4,0.6,50,0.775,0.02553,0.80415
fork-non-linear,8,49,hybrid,HYBRID_ALPHA0.4_BETA0.6,0.4,0.6,50,0.85,0.02148,1.43465
fork-non-linear,9,50,hybrid,HYBRID_ALPHA0.4_BETA0.6,0.4,0.6,50,0.85,0.02809,0.66188
fork-non-linear,10,51,hybrid,HYBRID_ALPHA0.4_BETA0.6,0.4,0.6,50,0.725,0.03168,0.77725
fork-non-linear,1,42,hybrid,HYBRID_ALPHA0.3_BETA0.7,0.3,0.7,50,0.775,0.0404,0.81478
fork-non-linear,2,43,hybrid,HYBRID_ALPHA0.3_BETA0.7,0.3,0.7,50,0.775,0.02972,0.80045
fork-non-linear,3,44,hybrid,HYBRID_ALPHA0.3_BETA0.7,0.3,0.7,50,0.775,0.02732,0.80266
fork-non-linear,4,45,hybrid,HYBRID_ALPHA0.3_BETA0.7,0.3,0.7,50,0.7,0.03215,0.66358
fork-non-linear,5,46,hybrid,HYBRID_ALPHA0.3_BETA0.7,0.3,0.7,50,0.8,0.03371,0.79593
fork-non-linear,6,47,hybrid,HYBRID_ALPHA0.3_BETA0.7,0.3,0.7,50,0.675,0.02218,0.48077
fork-non-linear,7,48,hybrid,HYBRID_ALPHA0.3_BETA0.7,0.3,0.7,50,0.85,0.02684,0.80436
fork-non-linear,8,49,hybrid,HYBRID_ALPHA0.3_BETA0.7,0.3,0.7,50,0.8,0.02306,0.87294
fork-non-linear,9,50,hybrid,HYBRID_ALPHA0.3_BETA0.7,0.3,0.7,50,0.85,0.02294,0.62032
fork-non-linear,10,51,hybrid,HYBRID_ALPHA0.3_BETA0.7,0.3,0.7,50,0.725,0.03278,0.77801
fork-non-linear,1,42,hybrid,HYBRID_ALPHA0.2_BETA0.8,0.2,0.8,50,0.75,0.03909,0.82107
fork-non-linear,2,43,hybrid,HYBRID_ALPHA0.2_BETA0.8,0.2,0.8,50,0.775,0.02786,0.80086
fork-non-linear,3,44,hybrid,HYBRID_ALPHA0.2_BETA0.8,0.2,0.8,50,0.75,0.02742,0.80293
fork-non-linear,4,45,hybrid,HYBRID_ALPHA0.2_BETA0.8,0.2,0.8,50,0.7,0.03379,0.79535
fork-non-linear,5,46,hybrid,HYBRID_ALPHA0.2_BETA0.8,0.2,0.8,50,0.8,0.03334,0.79603
fork-non-linear,6,47,hybrid,HYBRID_ALPHA0.2_BETA0.8,0.2,0.8,50,0.725,0.02239,0.40383
fork-non-linear,7,48,hybrid,HYBRID_ALPHA0.2_BETA0.8,0.2,0.8,50,0.9,0.03128,0.79386
fork-non-linear,8,49,hybrid,HYBRID_ALPHA0.2_BETA0.8,0.2,0.8,50,0.775,0.02509,0.90617
fork-non-linear,9,50,hybrid,HYBRID_ALPHA0.2_BETA0.8,0.2,0.8,50,0.925,0.03092,0.54978
fork-non-linear,10,51,hybrid,HYBRID_ALPHA0.2_BETA0.8,0.2,0.8,50,0.825,0.03941,0.77951
fork-non-linear,1,42,mse,MSE,1.0,0.0,100,0.825,0.02548,0.61187
fork-non-linear,2,43,mse,MSE,1.0,0.0,100,0.75,0.02737,0.7922
fork-non-linear,3,44,mse,MSE,1.0,0.0,100,0.625,0.01479,0.33295
fork-non-linear,4,45,mse,MSE,1.0,0.0,100,0.825,0.03177,0.41608
fork-non-linear,5,46,mse,MSE,1.0,0.0,100,0.8,0.01944,0.53618
fork-non-linear,6,47,mse,MSE,1.0,0.0,100,0.75,0.02026,0.42032
fork-non-linear,7,48,mse,MSE,1.0,0.0,100,0.9,0.03696,0.41069
fork-non-linear,8,49,mse,MSE,1.0,0.0,100,0.75,0.02085,0.35675
fork-non-linear,9,50,mse,MSE,1.0,0.0,100,0.9,0.03671,0.72724
fork-non-linear,10,51,mse,MSE,1.0,0.0,100,0.7,0.0212,0.38005
fork-non-linear,1,42,hybrid,HYBRID_ALPHA0.9_BETA0.1,0.9,0.1,100,0.675,0.0204,0.626
fork-non-linear,2,43,hybrid,HYBRID_ALPHA0.9_BETA0.1,0.9,0.1,100,0.775,0.02683,0.7922
fork-non-linear,3,44,hybrid,HYBRID_ALPHA0.9_BETA0.1,0.9,0.1,100,0.7,0.01323,0.25705
fork-non-linear,4,45,hybrid,HYBRID_ALPHA0.9_BETA0.1,0.9,0.1,100,0.85,0.03268,0.50352
fork-non-linear,5,46,hybrid,HYBRID_ALPHA0.9_BETA0.1,0.9,0.1,100,0.725,0.01811,0.49117
fork-non-linear,6,47,hybrid,HYBRID_ALPHA0.9_BETA0.1,0.9,0.1,100,0.75,0.0169,0.4246
fork-non-linear,7,48,hybrid,HYBRID_ALPHA0.9_BETA0.1,0.9,0.1,100,0.875,0.03643,0.40781
fork-non-linear,8,49,hybrid,HYBRID_ALPHA0.9_BETA0.1,0.9,0.1,100,0.675,0.01817,0.37377
fork-non-linear,9,50,hybrid,HYBRID_ALPHA0.9_BETA0.1,0.9,0.1,100,0.9,0.03669,0.72829
fork-non-linear,10,51,hybrid,HYBRID_ALPHA0.9_BETA0.1,0.9,0.1,100,0.625,0.02094,0.38562
fork-non-linear,1,42,hybrid,HYBRID_ALPHA0.8_BETA0.2,0.8,0.2,100,0.7,0.02027,0.44125
fork-non-linear,2,43,hybrid,HYBRID_ALPHA0.8_BETA0.2,0.8,0.2,100,0.725,0.02773,0.7922
fork-non-linear,3,44,hybrid,HYBRID_ALPHA0.8_BETA0.2,0.8,0.2,100,0.575,0.01248,0.26077
fork-non-linear,4,45,hybrid,HYBRID_ALPHA0.8_BETA0.2,0.8,0.2,100,0.875,0.03179,0.38091
fork-non-linear,5,46,hybrid,HYBRID_ALPHA0.8_BETA0.2,0.8,0.2,100,0.675,0.01623,0.39483
fork-non-linear,6,47,hybrid,HYBRID_ALPHA0.8_BETA0.2,0.8,0.2,100,0.625,0.01614,0.41778
fork-non-linear,7,48,hybrid,HYBRID_ALPHA0.8_BETA0.2,0.8,0.2,100,0.9,0.0361,0.39958
fork-non-linear,8,49,hybrid,HYBRID_ALPHA0.8_BETA0.2,0.8,0.2,100,0.625,0.01815,0.41526
fork-non-linear,9,50,hybrid,HYBRID_ALPHA0.8_BETA0.2,0.8,0.2,100,0.875,0.03564,0.73001
fork-non-linear,10,51,hybrid,HYBRID_ALPHA0.8_BETA0.2,0.8,0.2,100,0.725,0.01941,0.38993
fork-non-linear,1,42,hybrid,HYBRID_ALPHA0.7_BETA0.3,0.7,0.3,100,0.725,0.01914,0.65235
fork-non-linear,2,43,hybrid,HYBRID_ALPHA0.7_BETA0.3,0.7,0.3,100,0.725,0.0276,0.7922
fork-non-linear,3,44,hybrid,HYBRID_ALPHA0.7_BETA0.3,0.7,0.3,100,0.65,0.0119,0.25039
fork-non-linear,4,45,hybrid,HYBRID_ALPHA0.7_BETA0.3,0.7,0.3,100,0.875,0.03144,0.39887
fork-non-linear,5,46,hybrid,HYBRID_ALPHA0.7_BETA0.3,0.7,0.3,100,0.5,0.01426,0.44186
fork-non-linear,6,47,hybrid,HYBRID_ALPHA0.7_BETA0.3,0.7,0.3,100,0.65,0.01557,0.40194
fork-non-linear,7,48,hybrid,HYBRID_ALPHA0.7_BETA0.3,0.7,0.3,100,0.875,0.03621,0.34796
fork-non-linear,8,49,hybrid,HYBRID_ALPHA0.7_BETA0.3,0.7,0.3,100,0.75,0.01856,0.41588
fork-non-linear,9,50,hybrid,HYBRID_ALPHA0.7_BETA0.3,0.7,0.3,100,0.9,0.03615,0.73041
fork-non-linear,10,51,hybrid,HYBRID_ALPHA0.7_BETA0.3,0.7,0.3,100,0.65,0.02155,0.44067
fork-non-linear,1,42,hybrid,HYBRID_ALPHA0.6_BETA0.4,0.6,0.4,100,0.65,0.01871,0.69092
fork-non-linear,2,43,hybrid,HYBRID_ALPHA0.6_BETA0.4,0.6,0.4,100,0.75,0.02717,0.79242
fork-non-linear,3,44,hybrid,HYBRID_ALPHA0.6_BETA0.4,0.6,0.4,100,0.525,0.0117,0.24252
fork-non-linear,4,45,hybrid,HYBRID_ALPHA0.6_BETA0.4,0.6,0.4,100,0.85,0.03121,0.50601
fork-non-linear,5,46,hybrid,HYBRID_ALPHA0.6_BETA0.4,0.6,0.4,100,0.65,0.0136,0.44896
fork-non-linear,6,47,hybrid,HYBRID_ALPHA0.6_BETA0.4,0.6,0.4,100,0.7,0.0143,0.39546
fork-non-linear,7,48,hybrid,HYBRID_ALPHA0.6_BETA0.4,0.6,0.4,100,0.9,0.03514,0.39323
fork-non-linear,8,49,hybrid,HYBRID_ALPHA0.6_BETA0.4,0.6,0.4,100,0.7,0.02308,0.62548
fork-non-linear,9,50,hybrid,HYBRID_ALPHA0.6_BETA0.4,0.6,0.4,100,0.925,0.03735,0.73218
fork-non-linear,10,51,hybrid,HYBRID_ALPHA0.6_BETA0.4,0.6,0.4,100,0.675,0.02004,0.42301
fork-non-linear,1,42,hybrid,HYBRID_ALPHA0.5_BETA0.5,0.5,0.5,100,0.7,0.01792,0.75792
fork-non-linear,2,43,hybrid,HYBRID_ALPHA0.5_BETA0.5,0.5,0.5,100,0.775,0.02707,0.7926
fork-non-linear,3,44,hybrid,HYBRID_ALPHA0.5_BETA0.5,0.5,0.5,100,0.6,0.01127,0.25127
fork-non-linear,4,45,hybrid,HYBRID_ALPHA0.5_BETA0.5,0.5,0.5,100,0.875,0.0307,0.54865
fork-non-linear,5,46,hybrid,HYBRID_ALPHA0.5_BETA0.5,0.5,0.5,100,0.75,0.01487,0.44872
fork-non-linear,6,47,hybrid,HYBRID_ALPHA0.5_BETA0.5,0.5,0.5,100,0.75,0.01451,0.44733
fork-non-linear,7,48,hybrid,HYBRID_ALPHA0.5_BETA0.5,0.5,0.5,100,0.925,0.03643,0.39405
fork-non-linear,8,49,hybrid,HYBRID_ALPHA0.5_BETA0.5,0.5,0.5,100,0.725,0.02491,0.63549
fork-non-linear,9,50,hybrid,HYBRID_ALPHA0.5_BETA0.5,0.5,0.5,100,0.9,0.03606,0.72549
fork-non-linear,10,51,hybrid,HYBRID_ALPHA0.5_BETA0.5,0.5,0.5,100,0.75,0.01933,0.45497
fork-non-linear,1,42,hybrid,HYBRID_ALPHA0.4_BETA0.6,0.4,0.6,100,0.75,0.01777,0.8905
fork-non-linear,2,43,hybrid,HYBRID_ALPHA0.4_BETA0.6,0.4,0.6,100,0.725,0.02692,0.79271
fork-non-linear,3,44,hybrid,HYBRID_ALPHA0.4_BETA0.6,0.4,0.6,100,0.625,0.01058,0.26772
fork-non-linear,4,45,hybrid,HYBRID_ALPHA0.4_BETA0.6,0.4,0.6,100,0.825,0.03102,0.42305
fork-non-linear,5,46,hybrid,HYBRID_ALPHA0.4_BETA0.6,0.4,0.6,100,0.625,0.01423,0.53217
fork-non-linear,6,47,hybrid,HYBRID_ALPHA0.4_BETA0.6,0.4,0.6,100,0.8,0.01628,0.4496
fork-non-linear,7,48,hybrid,HYBRID_ALPHA0.4_BETA0.6,0.4,0.6,100,0.9,0.03442,0.45101
fork-non-linear,8,49,hybrid,HYBRID_ALPHA0.4_BETA0.6,0.4,0.6,100,0.775,0.02429,0.6488
fork-non-linear,9,50,hybrid,HYBRID_ALPHA0.4_BETA0.6,0.4,0.6,100,0.925,0.03554,0.72724
fork-non-linear,10,51,hybrid,HYBRID_ALPHA0.4_BETA0.6,0.4,0.6,100,0.65,0.01485,0.47025
fork-non-linear,1,42,hybrid,HYBRID_ALPHA0.3_BETA0.7,0.3,0.7,100,0.75,0.01628,1.18571
fork-non-linear,2,43,hybrid,HYBRID_ALPHA0.3_BETA0.7,0.3,0.7,100,0.725,0.02729,0.79294
fork-non-linear,3,44,hybrid,HYBRID_ALPHA0.3_BETA0.7,0.3,0.7,100,0.6,0.01134,0.27797
fork-non-linear,4,45,hybrid,HYBRID_ALPHA0.3_BETA0.7,0.3,0.7,100,0.875,0.0317,0.47921
fork-non-linear,5,46,hybrid,HYBRID_ALPHA0.3_BETA0.7,0.3,0.7,100,0.65,0.01451,0.38179
fork-non-linear,6,47,hybrid,HYBRID_ALPHA0.3_BETA0.7,0.3,0.7,100,0.85,0.01754,0.36208
fork-non-linear,7,48,hybrid,HYBRID_ALPHA0.3_BETA0.7,0.3,0.7,100,0.9,0.03087,0.46204
fork-non-linear,8,49,hybrid,HYBRID_ALPHA0.3_BETA0.7,0.3,0.7,100,0.725,0.02328,0.54713
fork-non-linear,9,50,hybrid,HYBRID_ALPHA0.3_BETA0.7,0.3,0.7,100,0.9,0.03543,0.72958
fork-non-linear,10,51,hybrid,HYBRID_ALPHA0.3_BETA0.7,0.3,0.7,100,0.65,0.01485,0.47544
fork-non-linear,1,42,hybrid,HYBRID_ALPHA0.2_BETA0.8,0.2,0.8,100,0.775,0.01643,1.68903
fork-non-linear,2,43,hybrid,HYBRID_ALPHA0.2_BETA0.8,0.2,0.8,100,0.75,0.02855,0.79317
fork-non-linear,3,44,hybrid,HYBRID_ALPHA0.2_BETA0.8,0.2,0.8,100,0.625,0.01302,0.27218
fork-non-linear,4,45,hybrid,HYBRID_ALPHA0.2_BETA0.8,0.2,0.8,100,0.875,0.02851,0.82669
fork-non-linear,5,46,hybrid,HYBRID_ALPHA0.2_BETA0.8,0.2,0.8,100,0.775,0.02427,0.62314
fork-non-linear,6,47,hybrid,HYBRID_ALPHA0.2_BETA0.8,0.2,0.8,100,0.775,0.02197,0.63305
fork-non-linear,7,48,hybrid,HYBRID_ALPHA0.2_BETA0.8,0.2,0.8,100,0.9,0.02928,0.48156
fork-non-linear,8,49,hybrid,HYBRID_ALPHA0.2_BETA0.8,0.2,0.8,100,0.675,0.02093,0.46292
fork-non-linear,9,50,hybrid,HYBRID_ALPHA0.2_BETA0.8,0.2,0.8,100,0.875,0.02445,0.43128
fork-non-linear,10,51,hybrid,HYBRID_ALPHA0.2_BETA0.8,0.2,0.8,100,0.725,0.01953,0.50325
simpson-non-linear,1,42,mse,MSE,1.0,0.0,50,0.575,0.02705,0.817
simpson-non-linear,2,43,mse,MSE,1.0,0.0,50,0.6,0.02954,0.64335
simpson-non-linear,3,44,mse,MSE,1.0,0.0,50,0.575,0.03114,0.85477
simpson-non-linear,4,45,mse,MSE,1.0,0.0,50,0.65,0.02279,0.64569
simpson-non-linear,5,46,mse,MSE,1.0,0.0,50,0.525,0.02029,0.80375
simpson-non-linear,6,47,mse,MSE,1.0,0.0,50,0.55,0.02025,0.5775
simpson-non-linear,7,48,mse,MSE,1.0,0.0,50,0.575,0.02081,0.67407
simpson-non-linear,8,49,mse,MSE,1.0,0.0,50,0.525,0.0214,0.77534
simpson-non-linear,9,50,mse,MSE,1.0,0.0,50,0.5,0.01961,0.81302
simpson-non-linear,10,51,mse,MSE,1.0,0.0,50,0.575,0.02208,0.73024
simpson-non-linear,1,42,hybrid,HYBRID_ALPHA0.9_BETA0.1,0.9,0.1,50,0.575,0.02661,0.86351
simpson-non-linear,2,43,hybrid,HYBRID_ALPHA0.9_BETA0.1,0.9,0.1,50,0.65,0.03047,0.66063
simpson-non-linear,3,44,hybrid,HYBRID_ALPHA0.9_BETA0.1,0.9,0.1,50,0.65,0.03011,0.98744
simpson-non-linear,4,45,hybrid,HYBRID_ALPHA0.9_BETA0.1,0.9,0.1,50,0.625,0.02333,0.61876
simpson-non-linear,5,46,hybrid,HYBRID_ALPHA0.9_BETA0.1,0.9,0.1,50,0.575,0.02005,0.7961
simpson-non-linear,6,47,hybrid,HYBRID_ALPHA0.9_BETA0.1,0.9,0.1,50,0.625,0.02087,0.60691
simpson-non-linear,7,48,hybrid,HYBRID_ALPHA0.9_BETA0.1,0.9,0.1,50,0.675,0.01401,1.60595
simpson-non-linear,8,49,hybrid,HYBRID_ALPHA0.9_BETA0.1,0.9,0.1,50,0.55,0.02133,0.74411
simpson-non-linear,9,50,hybrid,HYBRID_ALPHA0.9_BETA0.1,0.9,0.1,50,0.55,0.02139,0.71055
simpson-non-linear,10,51,hybrid,HYBRID_ALPHA0.9_BETA0.1,0.9,0.1,50,0.575,0.02217,0.73155
simpson-non-linear,1,42,hybrid,HYBRID_ALPHA0.8_BETA0.2,0.8,0.2,50,0.575,0.02488,0.7398
simpson-non-linear,2,43,hybrid,HYBRID_ALPHA0.8_BETA0.2,0.8,0.2,50,0.575,0.02959,0.57864
simpson-non-linear,3,44,hybrid,HYBRID_ALPHA0.8_BETA0.2,0.8,0.2,50,0.625,0.02868,1.06336
simpson-non-linear,4,45,hybrid,HYBRID_ALPHA0.8_BETA0.2,0.8,0.2,50,0.575,0.02337,0.61021
simpson-non-linear,5,46,hybrid,HYBRID_ALPHA0.8_BETA0.2,0.8,0.2,50,0.575,0.01942,0.78539
simpson-non-linear,6,47,hybrid,HYBRID_ALPHA0.8_BETA0.2,0.8,0.2,50,0.6,0.01923,0.61893
simpson-non-linear,7,48,hybrid,HYBRID_ALPHA0.8_BETA0.2,0.8,0.2,50,0.675,0.01415,1.86873
simpson-non-linear,8,49,hybrid,HYBRID_ALPHA0.8_BETA0.2,0.8,0.2,50,0.55,0.02139,0.73991
simpson-non-linear,9,50,hybrid,HYBRID_ALPHA0.8_BETA0.2,0.8,0.2,50,0.525,0.02081,0.65644
simpson-non-linear,10,51,hybrid,HYBRID_ALPHA0.8_BETA0.2,0.8,0.2,50,0.5,0.02199,0.7327
simpson-non-linear,1,42,hybrid,HYBRID_ALPHA0.7_BETA0.3,0.7,0.3,50,0.675,0.02177,0.62897
simpson-non-linear,2,43,hybrid,HYBRID_ALPHA0.7_BETA0.3,0.7,0.3,50,0.575,0.03043,0.54507
simpson-non-linear,3,44,hybrid,HYBRID_ALPHA0.7_BETA0.3,0.7,0.3,50,0.6,0.02594,0.943
simpson-non-linear,4,45,hybrid,HYBRID_ALPHA0.7_BETA0.3,0.7,0.3,50,0.525,0.02278,0.61501
simpson-non-linear,5,46,hybrid,HYBRID_ALPHA0.7_BETA0.3,0.7,0.3,50,0.575,0.01863,0.76274
simpson-non-linear,6,47,hybrid,HYBRID_ALPHA0.7_BETA0.3,0.7,0.3,50,0.65,0.01758,0.65776
simpson-non-linear,7,48,hybrid,HYBRID_ALPHA0.7_BETA0.3,0.7,0.3,50,0.65,0.01461,1.99378
simpson-non-linear,8,49,hybrid,HYBRID_ALPHA0.7_BETA0.3,0.7,0.3,50,0.65,0.02138,0.73591
simpson-non-linear,9,50,hybrid,HYBRID_ALPHA0.7_BETA0.3,0.7,0.3,50,0.55,0.0213,0.66082
simpson-non-linear,10,51,hybrid,HYBRID_ALPHA0.7_BETA0.3,0.7,0.3,50,0.5,0.02236,0.7357
simpson-non-linear,1,42,hybrid,HYBRID_ALPHA0.6_BETA0.4,0.6,0.4,50,0.6,0.02251,0.70505
simpson-non-linear,2,43,hybrid,HYBRID_ALPHA0.6_BETA0.4,0.6,0.4,50,0.625,0.02962,0.54728
simpson-non-linear,3,44,hybrid,HYBRID_ALPHA0.6_BETA0.4,0.6,0.4,50,0.7,0.02626,0.95782
simpson-non-linear,4,45,hybrid,HYBRID_ALPHA0.6_BETA0.4,0.6,0.4,50,0.55,0.02325,0.61971
simpson-non-linear,5,46,hybrid,HYBRID_ALPHA0.6_BETA0.4,0.6,0.4,50,0.6,0.01734,0.65877
simpson-non-linear,6,47,hybrid,HYBRID_ALPHA0.6_BETA0.4,0.6,0.4,50,0.675,0.01831,0.64883
simpson-non-linear,7,48,hybrid,HYBRID_ALPHA0.6_BETA0.4,0.6,0.4,50,0.6,0.01578,1.12687
simpson-non-linear,8,49,hybrid,HYBRID_ALPHA0.6_BETA0.4,0.6,0.4,50,0.6,0.02039,0.72554
simpson-non-linear,9,50,hybrid,HYBRID_ALPHA0.6_BETA0.4,0.6,0.4,50,0.55,0.02064,0.6675
simpson-non-linear,10,51,hybrid,HYBRID_ALPHA0.6_BETA0.4,0.6,0.4,50,0.575,0.02259,0.74411
simpson-non-linear,1,42,hybrid,HYBRID_ALPHA0.5_BETA0.5,0.5,0.5,50,0.625,0.02016,0.67716
simpson-non-linear,2,43,hybrid,HYBRID_ALPHA0.5_BETA0.5,0.5,0.5,50,0.575,0.02715,0.58838
simpson-non-linear,3,44,hybrid,HYBRID_ALPHA0.5_BETA0.5,0.5,0.5,50,0.675,0.02524,0.82655
simpson-non-linear,4,45,hybrid,HYBRID_ALPHA0.5_BETA0.5,0.5,0.5,50,0.6,0.02284,0.63967
simpson-non-linear,5,46,hybrid,HYBRID_ALPHA0.5_BETA0.5,0.5,0.5,50,0.6,0.01719,0.62059
simpson-non-linear,6,47,hybrid,HYBRID_ALPHA0.5_BETA0.5,0.5,0.5,50,0.55,0.01414,0.66667
simpson-non-linear,7,48,hybrid,HYBRID_ALPHA0.5_BETA0.5,0.5,0.5,50,0.55,0.01744,0.79298
simpson-non-linear,8,49,hybrid,HYBRID_ALPHA0.5_BETA0.5,0.5,0.5,50,0.65,0.02018,0.73333
simpson-non-linear,9,50,hybrid,HYBRID_ALPHA0.5_BETA0.5,0.5,0.5,50,0.575,0.02131,0.66687
simpson-non-linear,10,51,hybrid,HYBRID_ALPHA0.5_BETA0.5,0.5,0.5,50,0.575,0.02225,0.74885
simpson-non-linear,1,42,hybrid,HYBRID_ALPHA0.4_BETA0.6,0.4,0.6,50,0.575,0.01843,0.63014
simpson-non-linear,2,43,hybrid,HYBRID_ALPHA0.4_BETA0.6,0.4,0.6,50,0.675,0.02766,0.56061
simpson-non-linear,3,44,hybrid,HYBRID_ALPHA0.4_BETA0.6,0.4,0.6,50,0.575,0.0215,0.77187
simpson-non-linear,4,45,hybrid,HYBRID_ALPHA0.4_BETA0.6,0.4,0.6,50,0.575,0.02389,0.64943
simpson-non-linear,5,46,hybrid,HYBRID_ALPHA0.4_BETA0.6,0.4,0.6,50,0.575,0.01914,0.65615
simpson-non-linear,6,47,hybrid,HYBRID_ALPHA0.4_BETA0.6,0.4,0.6,50,0.55,0.01891,0.79806
simpson-non-linear,7,48,hybrid,HYBRID_ALPHA0.4_BETA0.6,0.4,0.6,50,0.55,0.0203,0.62513
simpson-non-linear,8,49,hybrid,HYBRID_ALPHA0.4_BETA0.6,0.4,0.6,50,0.65,0.02006,0.74622
simpson-non-linear,9,50,hybrid,HYBRID_ALPHA0.4_BETA0.6,0.4,0.6,50,0.575,0.02204,0.69649
simpson-non-linear,10,51,hybrid,HYBRID_ALPHA0.4_BETA0.6,0.4,0.6,50,0.6,0.02063,0.57788
simpson-non-linear,1,42,hybrid,HYBRID_ALPHA0.3_BETA0.7,0.3,0.7,50,0.5,0.01479,0.60946
simpson-non-linear,2,43,hybrid,HYBRID_ALPHA0.3_BETA0.7,0.3,0.7,50,0.7,0.02579,0.56506
simpson-non-linear,3,44,hybrid,HYBRID_ALPHA0.3_BETA0.7,0.3,0.7,50,0.55,0.01922,0.63709
simpson-non-linear,4,45,hybrid,HYBRID_ALPHA0.3_BETA0.7,0.3,0.7,50,0.575,0.02192,0.6636
simpson-non-linear,5,46,hybrid,HYBRID_ALPHA0.3_BETA0.7,0.3,0.7,50,0.65,0.01992,0.71897
simpson-non-linear,6,47,hybrid,HYBRID_ALPHA0.3_BETA0.7,0.3,0.7,50,0.525,0.01842,0.78017
simpson-non-linear,7,48,hybrid,HYBRID_ALPHA0.3_BETA0.7,0.3,0.7,50,0.65,0.01793,0.59933
simpson-non-linear,8,49,hybrid,HYBRID_ALPHA0.3_BETA0.7,0.3,0.7,50,0.625,0.0205,0.75967
simpson-non-linear,9,50,hybrid,HYBRID_ALPHA0.3_BETA0.7,0.3,0.7,50,0.525,0.01978,0.72572
simpson-non-linear,10,51,hybrid,HYBRID_ALPHA0.3_BETA0.7,0.3,0.7,50,0.525,0.02304,0.61593
simpson-non-linear,1,42,hybrid,HYBRID_ALPHA0.2_BETA0.8,0.2,0.8,50,0.525,0.01946,0.74332
simpson-non-linear,2,43,hybrid,HYBRID_ALPHA0.2_BETA0.8,0.2,0.8,50,0.65,0.02501,0.62938
simpson-non-linear,3,44,hybrid,HYBRID_ALPHA0.2_BETA0.8,0.2,0.8,50,0.525,0.01654,0.64401
simpson-non-linear,4,45,hybrid,HYBRID_ALPHA0.2_BETA0.8,0.2,0.8,50,0.575,0.01741,0.61461
simpson-non-linear,5,46,hybrid,HYBRID_ALPHA0.2_BETA0.8,0.2,0.8,50,0.6,0.02045,0.72948
simpson-non-linear,6,47,hybrid,HYBRID_ALPHA0.2_BETA0.8,0.2,0.8,50,0.55,0.0165,0.83857
simpson-non-linear,7,48,hybrid,HYBRID_ALPHA0.2_BETA0.8,0.2,0.8,50,0.525,0.01622,0.58896
simpson-non-linear,8,49,hybrid,HYBRID_ALPHA0.2_BETA0.8,0.2,0.8,50,0.525,0.01982,0.74767
simpson-non-linear,9,50,hybrid,HYBRID_ALPHA0.2_BETA0.8,0.2,0.8,50,0.525,0.01972,0.73125
simpson-non-linear,10,51,hybrid,HYBRID_ALPHA0.2_BETA0.8,0.2,0.8,50,0.525,0.02105,0.53919
simpson-non-linear,1,42,mse,MSE,1.0,0.0,100,0.65,0.02118,0.72733
simpson-non-linear,2,43,mse,MSE,1.0,0.0,100,0.575,0.01684,0.63346
simpson-non-linear,3,44,mse,MSE,1.0,0.0,100,0.525,0.0174,0.64063
simpson-non-linear,4,45,mse,MSE,1.0,0.0,100,0.525,0.02014,0.76405
simpson-non-linear,5,46,mse,MSE,1.0,0.0,100,0.625,0.01777,0.58307
simpson-non-linear,6,47,mse,MSE,1.0,0.0,100,0.575,0.0172,0.53493
simpson-non-linear,7,48,mse,MSE,1.0,0.0,100,0.6,0.01216,0.50599
simpson-non-linear,8,49,mse,MSE,1.0,0.0,100,0.65,0.0177,0.72137
simpson-non-linear,9,50,mse,MSE,1.0,0.0,100,0.575,0.01588,0.48255
simpson-non-linear,10,51,mse,MSE,1.0,0.0,100,0.525,0.01733,0.45958
simpson-non-linear,1,42,hybrid,HYBRID_ALPHA0.9_BETA0.1,0.9,0.1,100,0.525,0.02094,0.74415
simpson-non-linear,2,43,hybrid,HYBRID_ALPHA0.9_BETA0.1,0.9,0.1,100,0.6,0.0185,0.64032
simpson-non-linear,3,44,hybrid,HYBRID_ALPHA0.9_BETA0.1,0.9,0.1,100,0.525,0.01667,0.60046
simpson-non-linear,4,45,hybrid,HYBRID_ALPHA0.9_BETA0.1,0.9,0.1,100,0.575,0.01915,0.64133
simpson-non-linear,5,46,hybrid,HYBRID_ALPHA0.9_BETA0.1,0.9,0.1,100,0.6,0.01714,0.58658
simpson-non-linear,6,47,hybrid,HYBRID_ALPHA0.9_BETA0.1,0.9,0.1,100,0.525,0.01486,0.51716
simpson-non-linear,7,48,hybrid,HYBRID_ALPHA0.9_BETA0.1,0.9,0.1,100,0.575,0.01119,0.50665
simpson-non-linear,8,49,hybrid,HYBRID_ALPHA0.9_BETA0.1,0.9,0.1,100,0.575,0.01769,0.7408
simpson-non-linear,9,50,hybrid,HYBRID_ALPHA0.9_BETA0.1,0.9,0.1,100,0.55,0.01566,0.50355
simpson-non-linear,10,51,hybrid,HYBRID_ALPHA0.9_BETA0.1,0.9,0.1,100,0.525,0.01732,0.45991
simpson-non-linear,1,42,hybrid,HYBRID_ALPHA0.8_BETA0.2,0.8,0.2,100,0.6,0.01978,0.66061
simpson-non-linear,2,43,hybrid,HYBRID_ALPHA0.8_BETA0.2,0.8,0.2,100,0.55,0.02094,0.59563
simpson-non-linear,3,44,hybrid,HYBRID_ALPHA0.8_BETA0.2,0.8,0.2,100,0.5,0.01628,0.68108
simpson-non-linear,4,45,hybrid,HYBRID_ALPHA0.8_BETA0.2,0.8,0.2,100,0.625,0.02016,0.63938
simpson-non-linear,5,46,hybrid,HYBRID_ALPHA0.8_BETA0.2,0.8,0.2,100,0.525,0.01638,0.58758
simpson-non-linear,6,47,hybrid,HYBRID_ALPHA0.8_BETA0.2,0.8,0.2,100,0.525,0.01203,0.66374
simpson-non-linear,7,48,hybrid,HYBRID_ALPHA0.8_BETA0.2,0.8,0.2,100,0.6,0.01033,0.56267
simpson-non-linear,8,49,hybrid,HYBRID_ALPHA0.8_BETA0.2,0.8,0.2,100,0.65,0.01763,0.74461
simpson-non-linear,9,50,hybrid,HYBRID_ALPHA0.8_BETA0.2,0.8,0.2,100,0.525,0.01463,0.50835
simpson-non-linear,10,51,hybrid,HYBRID_ALPHA0.8_BETA0.2,0.8,0.2,100,0.5,0.01739,0.49052
simpson-non-linear,1,42,hybrid,HYBRID_ALPHA0.7_BETA0.3,0.7,0.3,100,0.55,0.01873,0.58235
simpson-non-linear,2,43,hybrid,HYBRID_ALPHA0.7_BETA0.3,0.7,0.3,100,0.625,0.01681,0.5739
simpson-non-linear,3,44,hybrid,HYBRID_ALPHA0.7_BETA0.3,0.7,0.3,100,0.55,0.01571,0.74992
simpson-non-linear,4,45,hybrid,HYBRID_ALPHA0.7_BETA0.3,0.7,0.3,100,0.55,0.01961,0.58912
simpson-non-linear,5,46,hybrid,HYBRID_ALPHA0.7_BETA0.3,0.7,0.3,100,0.5,0.01605,0.59935
simpson-non-linear,6,47,hybrid,HYBRID_ALPHA0.7_BETA0.3,0.7,0.3,100,0.55,0.01371,0.51408
simpson-non-linear,7,48,hybrid,HYBRID_ALPHA0.7_BETA0.3,0.7,0.3,100,0.65,0.01093,0.52753
simpson-non-linear,8,49,hybrid,HYBRID_ALPHA0.7_BETA0.3,0.7,0.3,100,0.625,0.01692,0.67474
simpson-non-linear,9,50,hybrid,HYBRID_ALPHA0.7_BETA0.3,0.7,0.3,100,0.5,0.0153,0.50774
simpson-non-linear,10,51,hybrid,HYBRID_ALPHA0.7_BETA0.3,0.7,0.3,100,0.55,0.01548,0.49007
simpson-non-linear,1,42,hybrid,HYBRID_ALPHA0.6_BETA0.4,0.6,0.4,100,0.55,0.01902,0.59095
simpson-non-linear,2,43,hybrid,HYBRID_ALPHA0.6_BETA0.4,0.6,0.4,100,0.575,0.02011,0.55224
simpson-non-linear,3,44,hybrid,HYBRID_ALPHA0.6_BETA0.4,0.6,0.4,100,0.525,0.01445,0.85157
simpson-non-linear,4,45,hybrid,HYBRID_ALPHA0.6_BETA0.4,0.6,0.4,100,0.5,0.01896,0.60844
simpson-non-linear,5,46,hybrid,HYBRID_ALPHA0.6_BETA0.4,0.6,0.4,100,0.525,0.01602,0.59584
simpson-non-linear,6,47,hybrid,HYBRID_ALPHA0.6_BETA0.4,0.6,0.4,100,0.55,0.01425,0.49503
simpson-non-linear,7,48,hybrid,HYBRID_ALPHA0.6_BETA0.4,0.6,0.4,100,0.575,0.01071,0.52793
simpson-non-linear,8,49,hybrid,HYBRID_ALPHA0.6_BETA0.4,0.6,0.4,100,0.5,0.01127,0.67389
simpson-non-linear,9,50,hybrid,HYBRID_ALPHA0.6_BETA0.4,0.6,0.4,100,0.6,0.01533,0.65742
simpson-non-linear,10,51,hybrid,HYBRID_ALPHA0.6_BETA0.4,0.6,0.4,100,0.575,0.01554,0.5218
simpson-non-linear,1,42,hybrid,HYBRID_ALPHA0.5_BETA0.5,0.5,0.5,100,0.625,0.01907,0.62592
simpson-non-linear,2,43,hybrid,HYBRID_ALPHA0.5_BETA0.5,0.5,0.5,100,0.55,0.01672,0.57512
simpson-non-linear,3,44,hybrid,HYBRID_ALPHA0.5_BETA0.5,0.5,0.5,100,0.525,0.01335,0.83426
simpson-non-linear,4,45,hybrid,HYBRID_ALPHA0.5_BETA0.5,0.5,0.5,100,0.6,0.0214,0.57691
simpson-non-linear,5,46,hybrid,HYBRID_ALPHA0.5_BETA0.5,0.5,0.5,100,0.525,0.01569,0.57834
simpson-non-linear,6,47,hybrid,HYBRID_ALPHA0.5_BETA0.5,0.5,0.5,100,0.575,0.01394,0.50642
simpson-non-linear,7,48,hybrid,HYBRID_ALPHA0.5_BETA0.5,0.5,0.5,100,0.6,0.01059,0.60606
simpson-non-linear,8,49,hybrid,HYBRID_ALPHA0.5_BETA0.5,0.5,0.5,100,0.55,0.01552,0.61048
simpson-non-linear,9,50,hybrid,HYBRID_ALPHA0.5_BETA0.5,0.5,0.5,100,0.525,0.01622,0.71466
simpson-non-linear,10,51,hybrid,HYBRID_ALPHA0.5_BETA0.5,0.5,0.5,100,0.55,0.0165,0.52855
simpson-non-linear,1,42,hybrid,HYBRID_ALPHA0.4_BETA0.6,0.4,0.6,100,0.55,0.01834,0.60508
simpson-non-linear,2,43,hybrid,HYBRID_ALPHA0.4_BETA0.6,0.4,0.6,100,0.675,0.02129,0.80156
simpson-non-linear,3,44,hybrid,HYBRID_ALPHA0.4_BETA0.6,0.4,0.6,100,0.525,0.01495,0.54218
simpson-non-linear,4,45,hybrid,HYBRID_ALPHA0.4_BETA0.6,0.4,0.6,100,0.575,0.02042,0.57325
simpson-non-linear,5,46,hybrid,HYBRID_ALPHA0.4_BETA0.6,0.4,0.6,100,0.525,0.01383,0.58971
simpson-non-linear,6,47,hybrid,HYBRID_ALPHA0.4_BETA0.6,0.4,0.6,100,0.55,0.01439,0.49908
simpson-non-linear,7,48,hybrid,HYBRID_ALPHA0.4_BETA0.6,0.4,0.6,100,0.575,0.01082,0.53755
simpson-non-linear,8,49,hybrid,HYBRID_ALPHA0.4_BETA0.6,0.4,0.6,100,0.6,0.01467,0.56171
simpson-non-linear,9,50,hybrid,HYBRID_ALPHA0.4_BETA0.6,0.4,0.6,100,0.625,0.01623,0.71339
simpson-non-linear,10,51,hybrid,HYBRID_ALPHA0.4_BETA0.6,0.4,0.6,100,0.55,0.01763,0.5029
simpson-non-linear,1,42,hybrid,HYBRID_ALPHA0.3_BETA0.7,0.3,0.7,100,0.6,0.02011,0.60347
simpson-non-linear,2,43,hybrid,HYBRID_ALPHA0.3_BETA0.7,0.3,0.7,100,0.65,0.01796,0.60341
simpson-non-linear,3,44,hybrid,HYBRID_ALPHA0.3_BETA0.7,0.3,0.7,100,0.525,0.01443,0.55129
simpson-non-linear,4,45,hybrid,HYBRID_ALPHA0.3_BETA0.7,0.3,0.7,100,0.525,0.01981,0.57118
simpson-non-linear,5,46,hybrid,HYBRID_ALPHA0.3_BETA0.7,0.3,0.7,100,0.525,0.01416,0.57239
simpson-non-linear,6,47,hybrid,HYBRID_ALPHA0.3_BETA0.7,0.3,0.7,100,0.6,0.01612,0.48581
simpson-non-linear,7,48,hybrid,HYBRID_ALPHA0.3_BETA0.7,0.3,0.7,100,0.6,0.0123,0.48855
simpson-non-linear,8,49,hybrid,HYBRID_ALPHA0.3_BETA0.7,0.3,0.7,100,0.525,0.01521,0.56825
simpson-non-linear,9,50,hybrid,HYBRID_ALPHA0.3_BETA0.7,0.3,0.7,100,0.575,0.01628,0.72246
simpson-non-linear,10,51,hybrid,HYBRID_ALPHA0.3_BETA0.7,0.3,0.7,100,0.525,0.01675,0.52222
simpson-non-linear,1,42,hybrid,HYBRID_ALPHA0.2_BETA0.8,0.2,0.8,100,0.55,0.02004,0.59484
simpson-non-linear,2,43,hybrid,HYBRID_ALPHA0.2_BETA0.8,0.2,0.8,100,0.6,0.02047,0.54003
simpson-non-linear,3,44,hybrid,HYBRID_ALPHA0.2_BETA0.8,0.2,0.8,100,0.5,0.01326,0.5641
simpson-non-linear,4,45,hybrid,HYBRID_ALPHA0.2_BETA0.8,0.2,0.8,100,0.6,0.01923,0.57766
simpson-non-linear,5,46,hybrid,HYBRID_ALPHA0.2_BETA0.8,0.2,0.8,100,0.6,0.01309,0.56838
simpson-non-linear,6,47,hybrid,HYBRID_ALPHA0.2_BETA0.8,0.2,0.8,100,0.55,0.01646,0.49975
simpson-non-linear,7,48,hybrid,HYBRID_ALPHA0.2_BETA0.8,0.2,0.8,100,0.55,0.01151,0.50412
simpson-non-linear,8,49,hybrid,HYBRID_ALPHA0.2_BETA0.8,0.2,0.8,100,0.5,0.01507,0.55073
simpson-non-linear,9,50,hybrid,HYBRID_ALPHA0.2_BETA0.8,0.2,0.8,100,0.55,0.01474,0.64506
simpson-non-linear,10,51,hybrid,HYBRID_ALPHA0.2_BETA0.8,0.2,0.8,100,0.525,0.01609,0.48013
simpson-symprod,1,42,mse,MSE,1.0,0.0,50,0.575,0.01396,0.80879
simpson-symprod,2,43,mse,MSE,1.0,0.0,50,0.65,0.0271,0.67734
simpson-symprod,3,44,mse,MSE,1.0,0.0,50,0.575,0.02084,0.70002
simpson-symprod,4,45,mse,MSE,1.0,0.0,50,0.65,0.02743,0.70118
simpson-symprod,5,46,mse,MSE,1.0,0.0,50,0.575,0.01685,0.6241
simpson-symprod,6,47,mse,MSE,1.0,0.0,50,0.675,0.0111,76.16881
simpson-symprod,7,48,mse,MSE,1.0,0.0,50,0.6,0.01531,0.63297
simpson-symprod,8,49,mse,MSE,1.0,0.0,50,0.7,0.02445,0.70045
simpson-symprod,9,50,mse,MSE,1.0,0.0,50,0.65,0.02705,0.6892
simpson-symprod,10,51,mse,MSE,1.0,0.0,50,0.775,0.01275,1.28032
simpson-symprod,1,42,hybrid,HYBRID_ALPHA0.9_BETA0.1,0.9,0.1,50,0.525,0.01506,0.65611
simpson-symprod,2,43,hybrid,HYBRID_ALPHA0.9_BETA0.1,0.9,0.1,50,0.625,0.02721,0.67739
simpson-symprod,3,44,hybrid,HYBRID_ALPHA0.9_BETA0.1,0.9,0.1,50,0.625,0.01981,0.69997
simpson-symprod,4,45,hybrid,HYBRID_ALPHA0.9_BETA0.1,0.9,0.1,50,0.675,0.02892,0.70118
simpson-symprod,5,46,hybrid,HYBRID_ALPHA0.9_BETA0.1,0.9,0.1,50,0.6,0.01761,0.63451
simpson-symprod,6,47,hybrid,HYBRID_ALPHA0.9_BETA0.1,0.9,0.1,50,0.85,0.03529,7.30371
simpson-symprod,7,48,hybrid,HYBRID_ALPHA0.9_BETA0.1,0.9,0.1,50,0.625,0.0138,0.65754
simpson-symprod,8,49,hybrid,HYBRID_ALPHA0.9_BETA0.1,0.9,0.1,50,0.7,0.02399,0.70045
simpson-symprod,9,50,hybrid,HYBRID_ALPHA0.9_BETA0.1,0.9,0.1,50,0.7,0.02724,0.68919
simpson-symprod,10,51,hybrid,HYBRID_ALPHA0.9_BETA0.1,0.9,0.1,50,0.725,0.01334,1.32004
simpson-symprod,1,42,hybrid,HYBRID_ALPHA0.8_BETA0.2,0.8,0.2,50,0.5,0.01608,0.62848
simpson-symprod,2,43,hybrid,HYBRID_ALPHA0.8_BETA0.2,0.8,0.2,50,0.6,0.027,0.67783
simpson-symprod,3,44,hybrid,HYBRID_ALPHA0.8_BETA0.2,0.8,0.2,50,0.6,0.01927,0.7
simpson-symprod,4,45,hybrid,HYBRID_ALPHA0.8_BETA0.2,0.8,0.2,50,0.575,0.0245,0.70133
simpson-symprod,5,46,hybrid,HYBRID_ALPHA0.8_BETA0.2,0.8,0.2,50,0.6,0.01732,0.62889
simpson-symprod,6,47,hybrid,HYBRID_ALPHA0.8_BETA0.2,0.8,0.2,50,0.775,0.03679,4.33436
simpson-symprod,7,48,hybrid,HYBRID_ALPHA0.8_BETA0.2,0.8,0.2,50,0.6,0.0106,0.64842
simpson-symprod,8,49,hybrid,HYBRID_ALPHA0.8_BETA0.2,0.8,0.2,50,0.65,0.02448,0.70044
simpson-symprod,9,50,hybrid,HYBRID_ALPHA0.8_BETA0.2,0.8,0.2,50,0.675,0.02796,0.68918
simpson-symprod,10,51,hybrid,HYBRID_ALPHA0.8_BETA0.2,0.8,0.2,50,0.65,0.01634,1.46731
simpson-symprod,1,42,hybrid,HYBRID_ALPHA0.7_BETA0.3,0.7,0.3,50,0.55,0.0135,1.93793
simpson-symprod,2,43,hybrid,HYBRID_ALPHA0.7_BETA0.3,0.7,0.3,50,0.65,0.02698,0.67791
simpson-symprod,3,44,hybrid,HYBRID_ALPHA0.7_BETA0.3,0.7,0.3,50,0.575,0.02041,0.70002
simpson-symprod,4,45,hybrid,HYBRID_ALPHA0.7_BETA0.3,0.7,0.3,50,0.625,0.02692,0.70131
simpson-symprod,5,46,hybrid,HYBRID_ALPHA0.7_BETA0.3,0.7,0.3,50,0.575,0.01785,0.63894
simpson-symprod,6,47,hybrid,HYBRID_ALPHA0.7_BETA0.3,0.7,0.3,50,0.8,0.03876,1.39922
simpson-symprod,7,48,hybrid,HYBRID_ALPHA0.7_BETA0.3,0.7,0.3,50,0.55,0.01017,0.73502
simpson-symprod,8,49,hybrid,HYBRID_ALPHA0.7_BETA0.3,0.7,0.3,50,0.675,0.02436,0.70042
simpson-symprod,9,50,hybrid,HYBRID_ALPHA0.7_BETA0.3,0.7,0.3,50,0.725,0.02811,0.68913
simpson-symprod,10,51,hybrid,HYBRID_ALPHA0.7_BETA0.3,0.7,0.3,50,0.65,0.01631,1.29248
simpson-symprod,1,42,hybrid,HYBRID_ALPHA0.6_BETA0.4,0.6,0.4,50,0.575,0.0164,0.59885
simpson-symprod,2,43,hybrid,HYBRID_ALPHA0.6_BETA0.4,0.6,0.4,50,0.625,0.02521,0.67791
simpson-symprod,3,44,hybrid,HYBRID_ALPHA0.6_BETA0.4,0.6,0.4,50,0.525,0.02011,0.70015
simpson-symprod,4,45,hybrid,HYBRID_ALPHA0.6_BETA0.4,0.6,0.4,50,0.675,0.02667,0.70143
simpson-symprod,5,46,hybrid,HYBRID_ALPHA0.6_BETA0.4,0.6,0.4,50,0.6,0.01736,0.61624
simpson-symprod,6,47,hybrid,HYBRID_ALPHA0.6_BETA0.4,0.6,0.4,50,0.775,0.03875,0.69717
simpson-symprod,7,48,hybrid,HYBRID_ALPHA0.6_BETA0.4,0.6,0.4,50,0.6,0.01346,0.63871
simpson-symprod,8,49,hybrid,HYBRID_ALPHA0.6_BETA0.4,0.6,0.4,50,0.675,0.0242,0.7005
simpson-symprod,9,50,hybrid,HYBRID_ALPHA0.6_BETA0.4,0.6,0.4,50,0.7,0.02765,0.68916
simpson-symprod,10,51,hybrid,HYBRID_ALPHA0.6_BETA0.4,0.6,0.4,50,0.625,0.01172,1.34037
simpson-symprod,1,42,hybrid,HYBRID_ALPHA0.5_BETA0.5,0.5,0.5,50,0.575,0.01718,0.62872
simpson-symprod,2,43,hybrid,HYBRID_ALPHA0.5_BETA0.5,0.5,0.5,50,0.6,0.02496,0.6782
simpson-symprod,3,44,hybrid,HYBRID_ALPHA0.5_BETA0.5,0.5,0.5,50,0.625,0.0206,0.7
simpson-symprod,4,45,hybrid,HYBRID_ALPHA0.5_BETA0.5,0.5,0.5,50,0.725,0.03334,0.70142
simpson-symprod,5,46,hybrid,HYBRID_ALPHA0.5_BETA0.5,0.5,0.5,50,0.55,0.01761,0.61042
simpson-symprod,6,47,hybrid,HYBRID_ALPHA0.5_BETA0.5,0.5,0.5,50,0.825,0.03821,0.72754
simpson-symprod,7,48,hybrid,HYBRID_ALPHA0.5_BETA0.5,0.5,0.5,50,0.6,0.01416,0.79236
simpson-symprod,8,49,hybrid,HYBRID_ALPHA0.5_BETA0.5,0.5,0.5,50,0.7,0.02503,0.70048
simpson-symprod,9,50,hybrid,HYBRID_ALPHA0.5_BETA0.5,0.5,0.5,50,0.7,0.02717,0.68913
simpson-symprod,10,51,hybrid,HYBRID_ALPHA0.5_BETA0.5,0.5,0.5,50,0.625,0.01538,1.30583
simpson-symprod,1,42,hybrid,HYBRID_ALPHA0.4_BETA0.6,0.4,0.6,50,0.525,0.0103,0.68868
simpson-symprod,2,43,hybrid,HYBRID_ALPHA0.4_BETA0.6,0.4,0.6,50,0.6,0.02729,0.6784
simpson-symprod,3,44,hybrid,HYBRID_ALPHA0.4_BETA0.6,0.4,0.6,50,0.6,0.01964,0.69095
simpson-symprod,4,45,hybrid,HYBRID_ALPHA0.4_BETA0.6,0.4,0.6,50,0.775,0.03107,0.70167
simpson-symprod,5,46,hybrid,HYBRID_ALPHA0.4_BETA0.6,0.4,0.6,50,0.55,0.01789,0.62276
simpson-symprod,6,47,hybrid,HYBRID_ALPHA0.4_BETA0.6,0.4,0.6,50,0.825,0.04334,0.70874
simpson-symprod,7,48,hybrid,HYBRID_ALPHA0.4_BETA0.6,0.4,0.6,50,0.65,0.01332,0.56574
simpson-symprod,8,49,hybrid,HYBRID_ALPHA0.4_BETA0.6,0.4,0.6,50,0.75,0.02607,0.69935
simpson-symprod,9,50,hybrid,HYBRID_ALPHA0.4_BETA0.6,0.4,0.6,50,0.65,0.02605,0.68916
simpson-symprod,10,51,hybrid,HYBRID_ALPHA0.4_BETA0.6,0.4,0.6,50,0.625,0.01524,1.23807
simpson-symprod,1,42,hybrid,HYBRID_ALPHA0.3_BETA0.7,0.3,0.7,50,0.625,0.02108,0.68612
simpson-symprod,2,43,hybrid,HYBRID_ALPHA0.3_BETA0.7,0.3,0.7,50,0.675,0.02796,0.67018
simpson-symprod,3,44,hybrid,HYBRID_ALPHA0.3_BETA0.7,0.3,0.7,50,0.6,0.02045,0.69207
simpson-symprod,4,45,hybrid,HYBRID_ALPHA0.3_BETA0.7,0.3,0.7,50,0.7,0.02979,0.70186
simpson-symprod,5,46,hybrid,HYBRID_ALPHA0.3_BETA0.7,0.3,0.7,50,0.575,0.01933,0.6688
simpson-symprod,6,47,hybrid,HYBRID_ALPHA0.3_BETA0.7,0.3,0.7,50,0.9,0.05032,0.65893
simpson-symprod,7,48,hybrid,HYBRID_ALPHA0.3_BETA0.7,0.3,0.7,50,0.6,0.01507,0.57406
simpson-symprod,8,49,hybrid,HYBRID_ALPHA0.3_BETA0.7,0.3,0.7,50,0.575,0.02427,0.69736
simpson-symprod,9,50,hybrid,HYBRID_ALPHA0.3_BETA0.7,0.3,0.7,50,0.625,0.0255,0.68909
simpson-symprod,10,51,hybrid,HYBRID_ALPHA0.3_BETA0.7,0.3,0.7,50,0.775,0.01709,0.9917
simpson-symprod,1,42,hybrid,HYBRID_ALPHA0.2_BETA0.8,0.2,0.8,50,0.6,0.0222,0.68684
simpson-symprod,2,43,hybrid,HYBRID_ALPHA0.2_BETA0.8,0.2,0.8,50,0.7,0.02876,0.67034
simpson-symprod,3,44,hybrid,HYBRID_ALPHA0.2_BETA0.8,0.2,0.8,50,0.6,0.01628,0.6267
simpson-symprod,4,45,hybrid,HYBRID_ALPHA0.2_BETA0.8,0.2,0.8,50,0.65,0.02477,0.7021
simpson-symprod,5,46,hybrid,HYBRID_ALPHA0.2_BETA0.8,0.2,0.8,50,0.675,0.02035,0.68655
simpson-symprod,6,47,hybrid,HYBRID_ALPHA0.2_BETA0.8,0.2,0.8,50,0.9,0.05044,0.66044
simpson-symprod,7,48,hybrid,HYBRID_ALPHA0.2_BETA0.8,0.2,0.8,50,0.65,0.02156,0.63848
simpson-symprod,8,49,hybrid,HYBRID_ALPHA0.2_BETA0.8,0.2,0.8,50,0.575,0.02572,0.69272
simpson-symprod,9,50,hybrid,HYBRID_ALPHA0.2_BETA0.8,0.2,0.8,50,0.575,0.02517,0.6888
simpson-symprod,10,51,hybrid,HYBRID_ALPHA0.2_BETA0.8,0.2,0.8,50,0.55,0.01396,0.70039
simpson-symprod,1,42,mse,MSE,1.0,0.0,100,0.55,0.00829,0.54068
simpson-symprod,2,43,mse,MSE,1.0,0.0,100,0.625,0.02396,0.66879
simpson-symprod,3,44,mse,MSE,1.0,0.0,100,0.575,0.01976,0.66063
simpson-symprod,4,45,mse,MSE,1.0,0.0,100,0.55,0.00843,0.56896
simpson-symprod,5,46,mse,MSE,1.0,0.0,100,0.6,0.01773,0.64975
simpson-symprod,6,47,mse,MSE,1.0,0.0,100,0.625,0.01571,0.61129
simpson-symprod,7,48,mse,MSE,1.0,0.0,100,0.625,0.0109,0.64363
simpson-symprod,8,49,mse,MSE,1.0,0.0,100,0.7,0.01293,0.54182
simpson-symprod,9,50,mse,MSE,1.0,0.0,100,0.55,0.02452,0.69997
simpson-symprod,10,51,mse,MSE,1.0,0.0,100,0.55,0.01491,0.79626
simpson-symprod,1,42,hybrid,HYBRID_ALPHA0.9_BETA0.1,0.9,0.1,100,0.6,0.00931,0.55063
simpson-symprod,2,43,hybrid,HYBRID_ALPHA0.9_BETA0.1,0.9,0.1,100,0.625,0.02427,0.66929
simpson-symprod,3,44,hybrid,HYBRID_ALPHA0.9_BETA0.1,0.9,0.1,100,0.625,0.02026,0.6606
simpson-symprod,4,45,hybrid,HYBRID_ALPHA0.9_BETA0.1,0.9,0.1,100,0.55,0.00873,0.57648
simpson-symprod,5,46,hybrid,HYBRID_ALPHA0.9_BETA0.1,0.9,0.1,100,0.55,0.01731,0.64933
simpson-symprod,6,47,hybrid,HYBRID_ALPHA0.9_BETA0.1,0.9,0.1,100,0.6,0.01653,0.61036
simpson-symprod,7,48,hybrid,HYBRID_ALPHA0.9_BETA0.1,0.9,0.1,100,0.525,0.01123,0.64064
simpson-symprod,8,49,hybrid,HYBRID_ALPHA0.9_BETA0.1,0.9,0.1,100,0.65,0.01496,0.53211
simpson-symprod,9,50,hybrid,HYBRID_ALPHA0.9_BETA0.1,0.9,0.1,100,0.625,0.02506,0.70006
simpson-symprod,10,51,hybrid,HYBRID_ALPHA0.9_BETA0.1,0.9,0.1,100,0.6,0.0144,1.11483
simpson-symprod,1,42,hybrid,HYBRID_ALPHA0.8_BETA0.2,0.8,0.2,100,0.65,0.00918,0.54526
simpson-symprod,2,43,hybrid,HYBRID_ALPHA0.8_BETA0.2,0.8,0.2,100,0.7,0.02813,0.69316
simpson-symprod,3,44,hybrid,HYBRID_ALPHA0.8_BETA0.2,0.8,0.2,100,0.6,0.02169,0.65133
simpson-symprod,4,45,hybrid,HYBRID_ALPHA0.8_BETA0.2,0.8,0.2,100,0.525,0.00843,0.5774
simpson-symprod,5,46,hybrid,HYBRID_ALPHA0.8_BETA0.2,0.8,0.2,100,0.625,0.01013,0.62055
simpson-symprod,6,47,hybrid,HYBRID_ALPHA0.8_BETA0.2,0.8,0.2,100,0.65,0.01574,0.59579
simpson-symprod,7,48,hybrid,HYBRID_ALPHA0.8_BETA0.2,0.8,0.2,100,0.625,0.01045,0.65432
simpson-symprod,8,49,hybrid,HYBRID_ALPHA0.8_BETA0.2,0.8,0.2,100,0.625,0.01423,0.55128
simpson-symprod,9,50,hybrid,HYBRID_ALPHA0.8_BETA0.2,0.8,0.2,100,0.65,0.02519,0.69716
simpson-symprod,10,51,hybrid,HYBRID_ALPHA0.8_BETA0.2,0.8,0.2,100,0.65,0.01431,0.9434
simpson-symprod,1,42,hybrid,HYBRID_ALPHA0.7_BETA0.3,0.7,0.3,100,0.55,0.00913,0.58791
simpson-symprod,2,43,hybrid,HYBRID_ALPHA0.7_BETA0.3,0.7,0.3,100,0.7,0.03163,0.69323
simpson-symprod,3,44,hybrid,HYBRID_ALPHA0.7_BETA0.3,0.7,0.3,100,0.625,0.02139,0.63184
simpson-symprod,4,45,hybrid,HYBRID_ALPHA0.7_BETA0.3,0.7,0.3,100,0.55,0.01001,0.55196
simpson-symprod,5,46,hybrid,HYBRID_ALPHA0.7_BETA0.3,0.7,0.3,100,0.625,0.01609,0.64953
simpson-symprod,6,47,hybrid,HYBRID_ALPHA0.7_BETA0.3,0.7,0.3,100,0.65,0.0154,0.58531
simpson-symprod,7,48,hybrid,HYBRID_ALPHA0.7_BETA0.3,0.7,0.3,100,0.625,0.0118,0.64558
simpson-symprod,8,49,hybrid,HYBRID_ALPHA0.7_BETA0.3,0.7,0.3,100,0.725,0.01674,0.56461
simpson-symprod,9,50,hybrid,HYBRID_ALPHA0.7_BETA0.3,0.7,0.3,100,0.65,0.02508,0.69449
simpson-symprod,10,51,hybrid,HYBRID_ALPHA0.7_BETA0.3,0.7,0.3,100,0.625,0.01581,1.11638
simpson-symprod,1,42,hybrid,HYBRID_ALPHA0.6_BETA0.4,0.6,0.4,100,0.5,0.01066,0.54337
simpson-symprod,2,43,hybrid,HYBRID_ALPHA0.6_BETA0.4,0.6,0.4,100,0.725,0.03246,0.69325
simpson-symprod,3,44,hybrid,HYBRID_ALPHA0.6_BETA0.4,0.6,0.4,100,0.675,0.02372,0.65395
simpson-symprod,4,45,hybrid,HYBRID_ALPHA0.6_BETA0.4,0.6,0.4,100,0.575,0.01185,0.56665
simpson-symprod,5,46,hybrid,HYBRID_ALPHA0.6_BETA0.4,0.6,0.4,100,0.55,0.01333,0.5858
simpson-symprod,6,47,hybrid,HYBRID_ALPHA0.6_BETA0.4,0.6,0.4,100,0.625,0.01498,0.58232
simpson-symprod,7,48,hybrid,HYBRID_ALPHA0.6_BETA0.4,0.6,0.4,100,0.675,0.01154,0.62184
simpson-symprod,8,49,hybrid,HYBRID_ALPHA0.6_BETA0.4,0.6,0.4,100,0.7,0.01544,0.56746
simpson-symprod,9,50,hybrid,HYBRID_ALPHA0.6_BETA0.4,0.6,0.4,100,0.675,0.02468,0.69164
simpson-symprod,10,51,hybrid,HYBRID_ALPHA0.6_BETA0.4,0.6,0.4,100,0.65,0.01372,1.02913
simpson-symprod,1,42,hybrid,HYBRID_ALPHA0.5_BETA0.5,0.5,0.5,100,0.55,0.01065,0.57235
simpson-symprod,2,43,hybrid,HYBRID_ALPHA0.5_BETA0.5,0.5,0.5,100,0.8,0.03285,0.69322
simpson-symprod,3,44,hybrid,HYBRID_ALPHA0.5_BETA0.5,0.5,0.5,100,0.6,0.02383,0.66246
simpson-symprod,4,45,hybrid,HYBRID_ALPHA0.5_BETA0.5,0.5,0.5,100,0.525,0.01312,0.56947
simpson-symprod,5,46,hybrid,HYBRID_ALPHA0.5_BETA0.5,0.5,0.5,100,0.575,0.01499,0.58481
simpson-symprod,6,47,hybrid,HYBRID_ALPHA0.5_BETA0.5,0.5,0.5,100,0.725,0.01698,0.61619
simpson-symprod,7,48,hybrid,HYBRID_ALPHA0.5_BETA0.5,0.5,0.5,100,0.575,0.01541,0.60106
simpson-symprod,8,49,hybrid,HYBRID_ALPHA0.5_BETA0.5,0.5,0.5,100,0.7,0.01456,0.55989
simpson-symprod,9,50,hybrid,HYBRID_ALPHA0.5_BETA0.5,0.5,0.5,100,0.65,0.02475,0.69746
simpson-symprod,10,51,hybrid,HYBRID_ALPHA0.5_BETA0.5,0.5,0.5,100,0.5,0.01419,0.83294
simpson-symprod,1,42,hybrid,HYBRID_ALPHA0.4_BETA0.6,0.4,0.6,100,0.6,0.0157,0.61364
simpson-symprod,2,43,hybrid,HYBRID_ALPHA0.4_BETA0.6,0.4,0.6,100,0.725,0.03233,0.69338
simpson-symprod,3,44,hybrid,HYBRID_ALPHA0.4_BETA0.6,0.4,0.6,100,0.65,0.02421,0.65478
simpson-symprod,4,45,hybrid,HYBRID_ALPHA0.4_BETA0.6,0.4,0.6,100,0.6,0.01069,0.56215
simpson-symprod,5,46,hybrid,HYBRID_ALPHA0.4_BETA0.6,0.4,0.6,100,0.6,0.01331,0.51821
simpson-symprod,6,47,hybrid,HYBRID_ALPHA0.4_BETA0.6,0.4,0.6,100,0.675,0.01839,0.62832
simpson-symprod,7,48,hybrid,HYBRID_ALPHA0.4_BETA0.6,0.4,0.6,100,0.6,0.01688,0.60427
simpson-symprod,8,49,hybrid,HYBRID_ALPHA0.4_BETA0.6,0.4,0.6,100,0.625,0.01432,0.55999
simpson-symprod,9,50,hybrid,HYBRID_ALPHA0.4_BETA0.6,0.4,0.6,100,0.65,0.02424,0.69741
simpson-symprod,10,51,hybrid,HYBRID_ALPHA0.4_BETA0.6,0.4,0.6,100,0.575,0.01684,0.73932
simpson-symprod,1,42,hybrid,HYBRID_ALPHA0.3_BETA0.7,0.3,0.7,100,0.65,0.01202,0.6262
simpson-symprod,2,43,hybrid,HYBRID_ALPHA0.3_BETA0.7,0.3,0.7,100,0.75,0.03285,0.69341
simpson-symprod,3,44,hybrid,HYBRID_ALPHA0.3_BETA0.7,0.3,0.7,100,0.625,0.02417,0.6595
simpson-symprod,4,45,hybrid,HYBRID_ALPHA0.3_BETA0.7,0.3,0.7,100,0.55,0.00713,0.67185
simpson-symprod,5,46,hybrid,HYBRID_ALPHA0.3_BETA0.7,0.3,0.7,100,0.625,0.01436,0.52175
simpson-symprod,6,47,hybrid,HYBRID_ALPHA0.3_BETA0.7,0.3,0.7,100,0.625,0.01969,0.64016
simpson-symprod,7,48,hybrid,HYBRID_ALPHA0.3_BETA0.7,0.3,0.7,100,0.55,0.01671,0.62854
simpson-symprod,8,49,hybrid,HYBRID_ALPHA0.3_BETA0.7,0.3,0.7,100,0.625,0.01179,0.65808
simpson-symprod,9,50,hybrid,HYBRID_ALPHA0.3_BETA0.7,0.3,0.7,100,0.7,0.02457,0.70025
simpson-symprod,10,51,hybrid,HYBRID_ALPHA0.3_BETA0.7,0.3,0.7,100,0.625,0.01271,0.83888
simpson-symprod,1,42,hybrid,HYBRID_ALPHA0.2_BETA0.8,0.2,0.8,100,0.625,0.01198,0.68437
simpson-symprod,2,43,hybrid,HYBRID_ALPHA0.2_BETA0.8,0.2,0.8,100,0.75,0.03518,0.69348
simpson-symprod,3,44,hybrid,HYBRID_ALPHA0.2_BETA0.8,0.2,0.8,100,0.6,0.02367,0.66131
simpson-symprod,4,45,hybrid,HYBRID_ALPHA0.2_BETA0.8,0.2,0.8,100,0.675,0.01857,0.6727
simpson-symprod,5,46,hybrid,HYBRID_ALPHA0.2_BETA0.8,0.2,0.8,100,0.7,0.01368,0.52805
simpson-symprod,6,47,hybrid,HYBRID_ALPHA0.2_BETA0.8,0.2,0.8,100,0.65,0.02404,0.67825
simpson-symprod,7,48,hybrid,HYBRID_ALPHA0.2_BETA0.8,0.2,0.8,100,0.675,0.02067,0.63682
simpson-symprod,8,49,hybrid,HYBRID_ALPHA0.2_BETA0.8,0.2,0.8,100,0.6,0.02328,0.62794
simpson-symprod,9,50,hybrid,HYBRID_ALPHA0.2_BETA0.8,0.2,0.8,100,0.7,0.0241,0.70106
simpson-symprod,10,51,hybrid,HYBRID_ALPHA0.2_BETA0.8,0.2,0.8,100,0.55,0.01876,0.69561
triangle-linear,1,42,mse,MSE,1.0,0.0,50,0.7,0.0228,0.65056
triangle-linear,2,43,mse,MSE,1.0,0.0,50,0.725,0.02751,0.61978
triangle-linear,3,44,mse,MSE,1.0,0.0,50,0.55,0.02157,0.49153
triangle-linear,4,45,mse,MSE,1.0,0.0,50,0.7,0.05166,0.57439
triangle-linear,5,46,mse,MSE,1.0,0.0,50,0.625,0.01261,0.59766
triangle-linear,6,47,mse,MSE,1.0,0.0,50,0.75,0.06532,0.50736
triangle-linear,7,48,mse,MSE,1.0,0.0,50,0.625,0.01075,0.70394
triangle-linear,8,49,mse,MSE,1.0,0.0,50,0.675,0.01796,0.62227
triangle-linear,9,50,mse,MSE,1.0,0.0,50,0.725,0.02636,1.38797
triangle-linear,10,51,mse,MSE,1.0,0.0,50,0.675,0.01964,0.7976
triangle-linear,1,42,hybrid,HYBRID_ALPHA0.9_BETA0.1,0.9,0.1,50,0.75,0.0215,0.63767
triangle-linear,2,43,hybrid,HYBRID_ALPHA0.9_BETA0.1,0.9,0.1,50,0.675,0.02646,0.62867
triangle-linear,3,44,hybrid,HYBRID_ALPHA0.9_BETA0.1,0.9,0.1,50,0.625,0.01916,0.51371
triangle-linear,4,45,hybrid,HYBRID_ALPHA0.9_BETA0.1,0.9,0.1,50,0.8,0.0381,1.75036
triangle-linear,5,46,hybrid,HYBRID_ALPHA0.9_BETA0.1,0.9,0.1,50,0.6,0.01179,0.61193
triangle-linear,6,47,hybrid,HYBRID_ALPHA0.9_BETA0.1,0.9,0.1,50,0.825,0.04147,0.50853
triangle-linear,7,48,hybrid,HYBRID_ALPHA0.9_BETA0.1,0.9,0.1,50,0.625,0.00851,0.63996
triangle-linear,8,49,hybrid,HYBRID_ALPHA0.9_BETA0.1,0.9,0.1,50,0.525,0.01114,0.55668
triangle-linear,9,50,hybrid,HYBRID_ALPHA0.9_BETA0.1,0.9,0.1,50,0.75,0.02533,0.66497
triangle-linear,10,51,hybrid,HYBRID_ALPHA0.9_BETA0.1,0.9,0.1,50,0.6,0.01234,0.49483
triangle-linear,1,42,hybrid,HYBRID_ALPHA0.8_BETA0.2,0.8,0.2,50,0.775,0.02153,0.62036
triangle-linear,2,43,hybrid,HYBRID_ALPHA0.8_BETA0.2,0.8,0.2,50,0.7,0.02472,0.63103
triangle-linear,3,44,hybrid,HYBRID_ALPHA0.8_BETA0.2,0.8,0.2,50,0.525,0.01022,0.47751
triangle-linear,4,45,hybrid,HYBRID_ALPHA0.8_BETA0.2,0.8,0.2,50,0.7,0.01922,0.86159
triangle-linear,5,46,hybrid,HYBRID_ALPHA0.8_BETA0.2,0.8,0.2,50,0.7,0.01263,0.58189
triangle-linear,6,47,hybrid,HYBRID_ALPHA0.8_BETA0.2,0.8,0.2,50,0.825,0.0475,0.5154
triangle-linear,7,48,hybrid,HYBRID_ALPHA0.8_BETA0.2,0.8,0.2,50,0.6,0.0058,0.61621
triangle-linear,8,49,hybrid,HYBRID_ALPHA0.8_BETA0.2,0.8,0.2,50,0.75,0.01411,0.61154
triangle-linear,9,50,hybrid,HYBRID_ALPHA0.8_BETA0.2,0.8,0.2,50,0.7,0.02663,1.24103
triangle-linear,10,51,hybrid,HYBRID_ALPHA0.8_BETA0.2,0.8,0.2,50,0.625,0.01234,0.49564
triangle-linear,1,42,hybrid,HYBRID_ALPHA0.7_BETA0.3,0.7,0.3,50,0.725,0.02157,0.61842
triangle-linear,2,43,hybrid,HYBRID_ALPHA0.7_BETA0.3,0.7,0.3,50,0.675,0.02406,0.61592
triangle-linear,3,44,hybrid,HYBRID_ALPHA0.7_BETA0.3,0.7,0.3,50,0.525,0.01078,0.48066
triangle-linear,4,45,hybrid,HYBRID_ALPHA0.7_BETA0.3,0.7,0.3,50,0.725,0.01938,3.14112
triangle-linear,5,46,hybrid,HYBRID_ALPHA0.7_BETA0.3,0.7,0.3,50,0.7,0.01257,0.59068
triangle-linear,6,47,hybrid,HYBRID_ALPHA0.7_BETA0.3,0.7,0.3,50,0.825,0.04273,0.52163
triangle-linear,7,48,hybrid,HYBRID_ALPHA0.7_BETA0.3,0.7,0.3,50,0.55,0.00599,0.57608
triangle-linear,8,49,hybrid,HYBRID_ALPHA0.7_BETA0.3,0.7,0.3,50,0.65,0.01301,0.61661
triangle-linear,9,50,hybrid,HYBRID_ALPHA0.7_BETA0.3,0.7,0.3,50,0.675,0.02869,1.21182
triangle-linear,10,51,hybrid,HYBRID_ALPHA0.7_BETA0.3,0.7,0.3,50,0.525,0.01219,0.48305
triangle-linear,1,42,hybrid,HYBRID_ALPHA0.6_BETA0.4,0.6,0.4,50,0.8,0.02254,0.62557
triangle-linear,2,43,hybrid,HYBRID_ALPHA0.6_BETA0.4,0.6,0.4,50,0.675,0.02362,0.62718
triangle-linear,3,44,hybrid,HYBRID_ALPHA0.6_BETA0.4,0.6,0.4,50,0.575,0.01068,0.4815
triangle-linear,4,45,hybrid,HYBRID_ALPHA0.6_BETA0.4,0.6,0.4,50,0.725,0.02031,0.64181
triangle-linear,5,46,hybrid,HYBRID_ALPHA0.6_BETA0.4,0.6,0.4,50,0.6,0.01167,0.56023
triangle-linear,6,47,hybrid,HYBRID_ALPHA0.6_BETA0.4,0.6,0.4,50,0.7,0.04842,0.53231
triangle-linear,7,48,hybrid,HYBRID_ALPHA0.6_BETA0.4,0.6,0.4,50,0.625,0.00933,0.58567
triangle-linear,8,49,hybrid,HYBRID_ALPHA0.6_BETA0.4,0.6,0.4,50,0.7,0.01211,0.8854
triangle-linear,9,50,hybrid,HYBRID_ALPHA0.6_BETA0.4,0.6,0.4,50,0.75,0.02263,1.08278
triangle-linear,10,51,hybrid,HYBRID_ALPHA0.6_BETA0.4,0.6,0.4,50,0.6,0.01329,0.49629
triangle-linear,1,42,hybrid,HYBRID_ALPHA0.5_BETA0.5,0.5,0.5,50,0.7,0.01265,0.61053
triangle-linear,2,43,hybrid,HYBRID_ALPHA0.5_BETA0.5,0.5,0.5,50,0.8,0.0247,0.59785
triangle-linear,3,44,hybrid,HYBRID_ALPHA0.5_BETA0.5,0.5,0.5,50,0.55,0.01198,0.48081
triangle-linear,4,45,hybrid,HYBRID_ALPHA0.5_BETA0.5,0.5,0.5,50,0.725,0.02167,0.72977
triangle-linear,5,46,hybrid,HYBRID_ALPHA0.5_BETA0.5,0.5,0.5,50,0.675,0.01108,0.55205
triangle-linear,6,47,hybrid,HYBRID_ALPHA0.5_BETA0.5,0.5,0.5,50,0.8,0.05042,0.76578
triangle-linear,7,48,hybrid,HYBRID_ALPHA0.5_BETA0.5,0.5,0.5,50,0.55,0.00571,0.52918
triangle-linear,8,49,hybrid,HYBRID_ALPHA0.5_BETA0.5,0.5,0.5,50,0.625,0.01209,1.01754
triangle-linear,9,50,hybrid,HYBRID_ALPHA0.5_BETA0.5,0.5,0.5,50,0.775,0.02381,0.95758
triangle-linear,10,51,hybrid,HYBRID_ALPHA0.5_BETA0.5,0.5,0.5,50,0.6,0.01282,0.48962
triangle-linear,1,42,hybrid,HYBRID_ALPHA0.4_BETA0.6,0.4,0.6,50,0.7,0.01724,0.55555
triangle-linear,2,43,hybrid,HYBRID_ALPHA0.4_BETA0.6,0.4,0.6,50,0.825,0.0255,0.6293
triangle-linear,3,44,hybrid,HYBRID_ALPHA0.4_BETA0.6,0.4,0.6,50,0.575,0.01157,0.48188
triangle-linear,4,45,hybrid,HYBRID_ALPHA0.4_BETA0.6,0.4,0.6,50,0.675,0.02269,1.69182
triangle-linear,5,46,hybrid,HYBRID_ALPHA0.4_BETA0.6,0.4,0.6,50,0.725,0.01077,0.5436
triangle-linear,6,47,hybrid,HYBRID_ALPHA0.4_BETA0.6,0.4,0.6,50,0.75,0.0454,0.76589
triangle-linear,7,48,hybrid,HYBRID_ALPHA0.4_BETA0.6,0.4,0.6,50,0.55,0.00619,0.5074
triangle-linear,8,49,hybrid,HYBRID_ALPHA0.4_BETA0.6,0.4,0.6,50,0.8,0.02017,14.7739
triangle-linear,9,50,hybrid,HYBRID_ALPHA0.4_BETA0.6,0.4,0.6,50,0.725,0.02688,0.84283
triangle-linear,10,51,hybrid,HYBRID_ALPHA0.4_BETA0.6,0.4,0.6,50,0.65,0.01317,0.54451
triangle-linear,1,42,hybrid,HYBRID_ALPHA0.3_BETA0.7,0.3,0.7,50,0.75,0.01899,0.54537
triangle-linear,2,43,hybrid,HYBRID_ALPHA0.3_BETA0.7,0.3,0.7,50,0.725,0.02633,0.60968
triangle-linear,3,44,hybrid,HYBRID_ALPHA0.3_BETA0.7,0.3,0.7,50,0.55,0.01132,0.4857
triangle-linear,4,45,hybrid,HYBRID_ALPHA0.3_BETA0.7,0.3,0.7,50,0.7,0.02444,0.59946
triangle-linear,5,46,hybrid,HYBRID_ALPHA0.3_BETA0.7,0.3,0.7,50,0.7,0.01505,0.54676
triangle-linear,6,47,hybrid,HYBRID_ALPHA0.3_BETA0.7,0.3,0.7,50,0.825,0.04942,0.76628
triangle-linear,7,48,hybrid,HYBRID_ALPHA0.3_BETA0.7,0.3,0.7,50,0.525,0.0057,0.50738
triangle-linear,8,49,hybrid,HYBRID_ALPHA0.3_BETA0.7,0.3,0.7,50,0.825,0.02003,3.91671
triangle-linear,9,50,hybrid,HYBRID_ALPHA0.3_BETA0.7,0.3,0.7,50,0.8,0.02639,0.74345
triangle-linear,10,51,hybrid,HYBRID_ALPHA0.3_BETA0.7,0.3,0.7,50,0.675,0.01928,0.5764
triangle-linear,1,42,hybrid,HYBRID_ALPHA0.2_BETA0.8,0.2,0.8,50,0.825,0.02504,0.5764
triangle-linear,2,43,hybrid,HYBRID_ALPHA0.2_BETA0.8,0.2,0.8,50,0.625,0.02599,0.6583
triangle-linear,3,44,hybrid,HYBRID_ALPHA0.2_BETA0.8,0.2,0.8,50,0.525,0.01039,0.48362
triangle-linear,4,45,hybrid,HYBRID_ALPHA0.2_BETA0.8,0.2,0.8,50,0.65,0.02747,0.5144
triangle-linear,5,46,hybrid,HYBRID_ALPHA0.2_BETA0.8,0.2,0.8,50,0.725,0.01863,0.53085
triangle-linear,6,47,hybrid,HYBRID_ALPHA0.2_BETA0.8,0.2,0.8,50,0.775,0.04239,0.76857
triangle-linear,7,48,hybrid,HYBRID_ALPHA0.2_BETA0.8,0.2,0.8,50,0.625,0.00713,0.62498
triangle-linear,8,49,hybrid,HYBRID_ALPHA0.2_BETA0.8,0.2,0.8,50,0.85,0.023,20.63722
triangle-linear,9,50,hybrid,HYBRID_ALPHA0.2_BETA0.8,0.2,0.8,50,0.775,0.03027,0.81196
triangle-linear,10,51,hybrid,HYBRID_ALPHA0.2_BETA0.8,0.2,0.8,50,0.675,0.01768,0.53857
triangle-linear,1,42,mse,MSE,1.0,0.0,100,0.55,0.01485,1.03988
triangle-linear,2,43,mse,MSE,1.0,0.0,100,0.6,0.01677,0.50584
triangle-linear,3,44,mse,MSE,1.0,0.0,100,0.55,0.0079,1.11444
triangle-linear,4,45,mse,MSE,1.0,0.0,100,0.6,0.01281,0.4663
triangle-linear,5,46,mse,MSE,1.0,0.0,100,0.575,0.01343,0.92474
triangle-linear,6,47,mse,MSE,1.0,0.0,100,0.675,0.01434,0.48316
triangle-linear,7,48,mse,MSE,1.0,0.0,100,0.625,0.01187,0.48237
triangle-linear,8,49,mse,MSE,1.0,0.0,100,0.75,0.0114,0.52269
triangle-linear,9,50,mse,MSE,1.0,0.0,100,0.65,0.01201,0.56206
triangle-linear,10,51,mse,MSE,1.0,0.0,100,0.55,0.01188,0.46884
triangle-linear,1,42,hybrid,HYBRID_ALPHA0.9_BETA0.1,0.9,0.1,100,0.5,0.01419,0.96628
triangle-linear,2,43,hybrid,HYBRID_ALPHA0.9_BETA0.1,0.9,0.1,100,0.675,0.01462,0.50536
triangle-linear,3,44,hybrid,HYBRID_ALPHA0.9_BETA0.1,0.9,0.1,100,0.5,0.00763,0.85436
triangle-linear,4,45,hybrid,HYBRID_ALPHA0.9_BETA0.1,0.9,0.1,100,0.625,0.01154,0.46677
triangle-linear,5,46,hybrid,HYBRID_ALPHA0.9_BETA0.1,0.9,0.1,100,0.55,0.01243,0.9958
triangle-linear,6,47,hybrid,HYBRID_ALPHA0.9_BETA0.1,0.9,0.1,100,0.675,0.0141,0.48357
triangle-linear,7,48,hybrid,HYBRID_ALPHA0.9_BETA0.1,0.9,0.1,100,0.6,0.00986,0.47525
triangle-linear,8,49,hybrid,HYBRID_ALPHA0.9_BETA0.1,0.9,0.1,100,0.725,0.01056,0.55648
triangle-linear,9,50,hybrid,HYBRID_ALPHA0.9_BETA0.1,0.9,0.1,100,0.625,0.01,0.55017
triangle-linear,10,51,hybrid,HYBRID_ALPHA0.9_BETA0.1,0.9,0.1,100,0.55,0.01217,0.47768
triangle-linear,1,42,hybrid,HYBRID_ALPHA0.8_BETA0.2,0.8,0.2,100,0.6,0.01335,0.87668
triangle-linear,2,43,hybrid,HYBRID_ALPHA0.8_BETA0.2,0.8,0.2,100,0.65,0.01443,0.50492
triangle-linear,3,44,hybrid,HYBRID_ALPHA0.8_BETA0.2,0.8,0.2,100,0.575,0.01195,0.57068
triangle-linear,4,45,hybrid,HYBRID_ALPHA0.8_BETA0.2,0.8,0.2,100,0.5,0.01083,0.47796
triangle-linear,5,46,hybrid,HYBRID_ALPHA0.8_BETA0.2,0.8,0.2,100,0.525,0.01247,1.04403
triangle-linear,6,47,hybrid,HYBRID_ALPHA0.8_BETA0.2,0.8,0.2,100,0.65,0.0127,0.47451
triangle-linear,7,48,hybrid,HYBRID_ALPHA0.8_BETA0.2,0.8,0.2,100,0.625,0.01149,0.55276
triangle-linear,8,49,hybrid,HYBRID_ALPHA0.8_BETA0.2,0.8,0.2,100,0.6,0.01074,0.56212
triangle-linear,9,50,hybrid,HYBRID_ALPHA0.8_BETA0.2,0.8,0.2,100,0.65,0.01105,0.56027
triangle-linear,10,51,hybrid,HYBRID_ALPHA0.8_BETA0.2,0.8,0.2,100,0.5,0.0124,0.48043
triangle-linear,1,42,hybrid,HYBRID_ALPHA0.7_BETA0.3,0.7,0.3,100,0.625,0.01313,0.46987
triangle-linear,2,43,hybrid,HYBRID_ALPHA0.7_BETA0.3,0.7,0.3,100,0.625,0.0145,0.50546
triangle-linear,3,44,hybrid,HYBRID_ALPHA0.7_BETA0.3,0.7,0.3,100,0.525,0.00953,0.62855
triangle-linear,4,45,hybrid,HYBRID_ALPHA0.7_BETA0.3,0.7,0.3,100,0.55,0.01043,0.48587
triangle-linear,5,46,hybrid,HYBRID_ALPHA0.7_BETA0.3,0.7,0.3,100,0.525,0.0124,0.97761
triangle-linear,6,47,hybrid,HYBRID_ALPHA0.7_BETA0.3,0.7,0.3,100,0.6,0.0087,0.45576
triangle-linear,7,48,hybrid,HYBRID_ALPHA0.7_BETA0.3,0.7,0.3,100,0.55,0.00954,0.4978
triangle-linear,8,49,hybrid,HYBRID_ALPHA0.7_BETA0.3,0.7,0.3,100,0.7,0.01117,0.55222
triangle-linear,9,50,hybrid,HYBRID_ALPHA0.7_BETA0.3,0.7,0.3,100,0.5,0.00791,0.46702
triangle-linear,10,51,hybrid,HYBRID_ALPHA0.7_BETA0.3,0.7,0.3,100,0.55,0.0117,0.48172
triangle-linear,1,42,hybrid,HYBRID_ALPHA0.6_BETA0.4,0.6,0.4,100,0.6,0.01401,0.59891
triangle-linear,2,43,hybrid,HYBRID_ALPHA0.6_BETA0.4,0.6,0.4,100,0.75,0.01405,0.50046
triangle-linear,3,44,hybrid,HYBRID_ALPHA0.6_BETA0.4,0.6,0.4,100,0.5,0.00855,2.09158
triangle-linear,4,45,hybrid,HYBRID_ALPHA0.6_BETA0.4,0.6,0.4,100,0.55,0.01002,0.48524
triangle-linear,5,46,hybrid,HYBRID_ALPHA0.6_BETA0.4,0.6,0.4,100,0.55,0.01258,0.67773
triangle-linear,6,47,hybrid,HYBRID_ALPHA0.6_BETA0.4,0.6,0.4,100,0.575,0.0088,0.46188
triangle-linear,7,48,hybrid,HYBRID_ALPHA0.6_BETA0.4,0.6,0.4,100,0.55,0.00833,0.47645
triangle-linear,8,49,hybrid,HYBRID_ALPHA0.6_BETA0.4,0.6,0.4,100,0.775,0.011,0.53553
triangle-linear,9,50,hybrid,HYBRID_ALPHA0.6_BETA0.4,0.6,0.4,100,0.525,0.00547,0.48121
triangle-linear,10,51,hybrid,HYBRID_ALPHA0.6_BETA0.4,0.6,0.4,100,0.55,0.0118,0.48215
triangle-linear,1,42,hybrid,HYBRID_ALPHA0.5_BETA0.5,0.5,0.5,100,0.625,0.01865,0.57703
triangle-linear,2,43,hybrid,HYBRID_ALPHA0.5_BETA0.5,0.5,0.5,100,0.75,0.01544,0.50165
triangle-linear,3,44,hybrid,HYBRID_ALPHA0.5_BETA0.5,0.5,0.5,100,0.525,0.00904,0.47598
triangle-linear,4,45,hybrid,HYBRID_ALPHA0.5_BETA0.5,0.5,0.5,100,0.575,0.01009,0.48486
triangle-linear,5,46,hybrid,HYBRID_ALPHA0.5_BETA0.5,0.5,0.5,100,0.65,0.01295,0.5412
triangle-linear,6,47,hybrid,HYBRID_ALPHA0.5_BETA0.5,0.5,0.5,100,0.7,0.00626,0.48025
triangle-linear,7,48,hybrid,HYBRID_ALPHA0.5_BETA0.5,0.5,0.5,100,0.625,0.00835,0.46705
triangle-linear,8,49,hybrid,HYBRID_ALPHA0.5_BETA0.5,0.5,0.5,100,0.65,0.01107,0.53278
triangle-linear,9,50,hybrid,HYBRID_ALPHA0.5_BETA0.5,0.5,0.5,100,0.7,0.01704,0.64478
triangle-linear,10,51,hybrid,HYBRID_ALPHA0.5_BETA0.5,0.5,0.5,100,0.55,0.01194,0.48259
triangle-linear,1,42,hybrid,HYBRID_ALPHA0.4_BETA0.6,0.4,0.6,100,0.55,0.01601,0.52092
triangle-linear,2,43,hybrid,HYBRID_ALPHA0.4_BETA0.6,0.4,0.6,100,0.675,0.01555,0.5041
triangle-linear,3,44,hybrid,HYBRID_ALPHA0.4_BETA0.6,0.4,0.6,100,0.575,0.00988,0.55206
triangle-linear,4,45,hybrid,HYBRID_ALPHA0.4_BETA0.6,0.4,0.6,100,0.65,0.01001,0.48468
triangle-linear,5,46,hybrid,HYBRID_ALPHA0.4_BETA0.6,0.4,0.6,100,0.575,0.01038,0.50223
triangle-linear,6,47,hybrid,HYBRID_ALPHA0.4_BETA0.6,0.4,0.6,100,0.55,0.00557,0.47979
triangle-linear,7,48,hybrid,HYBRID_ALPHA0.4_BETA0.6,0.4,0.6,100,0.625,0.00888,0.51787
triangle-linear,8,49,hybrid,HYBRID_ALPHA0.4_BETA0.6,0.4,0.6,100,0.675,0.01035,0.53541
triangle-linear,9,50,hybrid,HYBRID_ALPHA0.4_BETA0.6,0.4,0.6,100,0.75,0.01502,0.6158
triangle-linear,10,51,hybrid,HYBRID_ALPHA0.4_BETA0.6,0.4,0.6,100,0.55,0.01297,0.48155
triangle-linear,1,42,hybrid,HYBRID_ALPHA0.3_BETA0.7,0.3,0.7,100,0.625,0.01316,0.49801
triangle-linear,2,43,hybrid,HYBRID_ALPHA0.3_BETA0.7,0.3,0.7,100,0.7,0.01373,0.50535
triangle-linear,3,44,hybrid,HYBRID_ALPHA0.3_BETA0.7,0.3,0.7,100,0.55,0.00912,0.59778
triangle-linear,4,45,hybrid,HYBRID_ALPHA0.3_BETA0.7,0.3,0.7,100,0.6,0.01162,0.48412
triangle-linear,5,46,hybrid,HYBRID_ALPHA0.3_BETA0.7,0.3,0.7,100,0.725,0.01218,0.50543
triangle-linear,6,47,hybrid,HYBRID_ALPHA0.3_BETA0.7,0.3,0.7,100,0.55,0.00779,0.45345
triangle-linear,7,48,hybrid,HYBRID_ALPHA0.3_BETA0.7,0.3,0.7,100,0.6,0.0092,0.5099
triangle-linear,8,49,hybrid,HYBRID_ALPHA0.3_BETA0.7,0.3,0.7,100,0.625,0.01021,0.51894
triangle-linear,9,50,hybrid,HYBRID_ALPHA0.3_BETA0.7,0.3,0.7,100,0.675,0.00929,0.47004
triangle-linear,10,51,hybrid,HYBRID_ALPHA0.3_BETA0.7,0.3,0.7,100,0.525,0.0128,0.48229
triangle-linear,1,42,hybrid,HYBRID_ALPHA0.2_BETA0.8,0.2,0.8,100,0.575,0.01302,0.50462
triangle-linear,2,43,hybrid,HYBRID_ALPHA0.2_BETA0.8,0.2,0.8,100,0.725,0.01344,0.5239
triangle-linear,3,44,hybrid,HYBRID_ALPHA0.2_BETA0.8,0.2,0.8,100,0.55,0.01175,0.50087
triangle-linear,4,45,hybrid,HYBRID_ALPHA0.2_BETA0.8,0.2,0.8,100,0.7,0.01679,0.47149
triangle-linear,5,46,hybrid,HYBRID_ALPHA0.2_BETA0.8,0.2,0.8,100,0.65,0.01065,0.50435
triangle-linear,6,47,hybrid,HYBRID_ALPHA0.2_BETA0.8,0.2,0.8,100,0.65,0.01125,0.48511
triangle-linear,7,48,hybrid,HYBRID_ALPHA0.2_BETA0.8,0.2,0.8,100,0.725,0.01284,0.48504
triangle-linear,8,49,hybrid,HYBRID_ALPHA0.2_BETA0.8,0.2,0.8,100,0.675,0.01206,0.52805
triangle-linear,9,50,hybrid,HYBRID_ALPHA0.2_BETA0.8,0.2,0.8,100,0.6,0.00857,0.46782
triangle-linear,10,51,hybrid,HYBRID_ALPHA0.2_BETA0.8,0.2,0.8,100,0.625,0.01193,0.48553
triangle-non-linear,1,42,mse,MSE,1.0,0.0,50,0.625,0.01873,1.55634
triangle-non-linear,2,43,mse,MSE,1.0,0.0,50,0.75,0.04664,0.68733
triangle-non-linear,3,44,mse,MSE,1.0,0.0,50,0.725,0.01844,0.39739
triangle-non-linear,4,45,mse,MSE,1.0,0.0,50,0.75,0.03189,0.67101
triangle-non-linear,5,46,mse,MSE,1.0,0.0,50,0.675,0.02258,0.26286
triangle-non-linear,6,47,mse,MSE,1.0,0.0,50,0.75,0.03557,0.60149
triangle-non-linear,7,48,mse,MSE,1.0,0.0,50,0.625,0.03214,0.75208
triangle-non-linear,8,49,mse,MSE,1.0,0.0,50,0.625,0.0193,0.61365
triangle-non-linear,9,50,mse,MSE,1.0,0.0,50,0.725,0.04394,0.62289
triangle-non-linear,10,51,mse,MSE,1.0,0.0,50,0.7,0.02433,0.32203
triangle-non-linear,1,42,hybrid,HYBRID_ALPHA0.9_BETA0.1,0.9,0.1,50,0.525,0.01542,0.82604
triangle-non-linear,2,43,hybrid,HYBRID_ALPHA0.9_BETA0.1,0.9,0.1,50,0.75,0.0457,0.66678
triangle-non-linear,3,44,hybrid,HYBRID_ALPHA0.9_BETA0.1,0.9,0.1,50,0.675,0.01633,0.39616
triangle-non-linear,4,45,hybrid,HYBRID_ALPHA0.9_BETA0.1,0.9,0.1,50,0.7,0.02962,0.65344
triangle-non-linear,5,46,hybrid,HYBRID_ALPHA0.9_BETA0.1,0.9,0.1,50,0.675,0.0192,0.25333
triangle-non-linear,6,47,hybrid,HYBRID_ALPHA0.9_BETA0.1,0.9,0.1,50,0.7,0.03465,0.5001
triangle-non-linear,7,48,hybrid,HYBRID_ALPHA0.9_BETA0.1,0.9,0.1,50,0.75,0.03235,0.76164
triangle-non-linear,8,49,hybrid,HYBRID_ALPHA0.9_BETA0.1,0.9,0.1,50,0.6,0.01629,0.47636
triangle-non-linear,9,50,hybrid,HYBRID_ALPHA0.9_BETA0.1,0.9,0.1,50,0.75,0.04326,0.63645
triangle-non-linear,10,51,hybrid,HYBRID_ALPHA0.9_BETA0.1,0.9,0.1,50,0.6,0.02412,0.37987
triangle-non-linear,1,42,hybrid,HYBRID_ALPHA0.8_BETA0.2,0.8,0.2,50,0.55,0.01511,0.83532
triangle-non-linear,2,43,hybrid,HYBRID_ALPHA0.8_BETA0.2,0.8,0.2,50,0.8,0.04582,0.67195
triangle-non-linear,3,44,hybrid,HYBRID_ALPHA0.8_BETA0.2,0.8,0.2,50,0.65,0.01137,0.42115
triangle-non-linear,4,45,hybrid,HYBRID_ALPHA0.8_BETA0.2,0.8,0.2,50,0.8,0.03578,0.66782
triangle-non-linear,5,46,hybrid,HYBRID_ALPHA0.8_BETA0.2,0.8,0.2,50,0.625,0.01744,0.25333
triangle-non-linear,6,47,hybrid,HYBRID_ALPHA0.8_BETA0.2,0.8,0.2,50,0.725,0.03613,0.58249
triangle-non-linear,7,48,hybrid,HYBRID_ALPHA0.8_BETA0.2,0.8,0.2,50,0.75,0.03261,0.7621
triangle-non-linear,8,49,hybrid,HYBRID_ALPHA0.8_BETA0.2,0.8,0.2,50,0.675,0.0162,0.61045
triangle-non-linear,9,50,hybrid,HYBRID_ALPHA0.8_BETA0.2,0.8,0.2,50,0.775,0.03862,0.68239
triangle-non-linear,10,51,hybrid,HYBRID_ALPHA0.8_BETA0.2,0.8,0.2,50,0.675,0.01953,0.39217
triangle-non-linear,1,42,hybrid,HYBRID_ALPHA0.7_BETA0.3,0.7,0.3,50,0.65,0.02366,0.54216
triangle-non-linear,2,43,hybrid,HYBRID_ALPHA0.7_BETA0.3,0.7,0.3,50,0.8,0.04589,0.67525
triangle-non-linear,3,44,hybrid,HYBRID_ALPHA0.7_BETA0.3,0.7,0.3,50,0.575,0.01048,0.41038
triangle-non-linear,4,45,hybrid,HYBRID_ALPHA0.7_BETA0.3,0.7,0.3,50,0.8,0.03252,0.6287
triangle-non-linear,5,46,hybrid,HYBRID_ALPHA0.7_BETA0.3,0.7,0.3,50,0.625,0.01628,0.27812
triangle-non-linear,6,47,hybrid,HYBRID_ALPHA0.7_BETA0.3,0.7,0.3,50,0.725,0.03628,0.5804
triangle-non-linear,7,48,hybrid,HYBRID_ALPHA0.7_BETA0.3,0.7,0.3,50,0.775,0.03405,0.73436
triangle-non-linear,8,49,hybrid,HYBRID_ALPHA0.7_BETA0.3,0.7,0.3,50,0.675,0.0176,0.85225
triangle-non-linear,9,50,hybrid,HYBRID_ALPHA0.7_BETA0.3,0.7,0.3,50,0.75,0.03856,0.72751
triangle-non-linear,10,51,hybrid,HYBRID_ALPHA0.7_BETA0.3,0.7,0.3,50,0.6,0.01488,0.37051
triangle-non-linear,1,42,hybrid,HYBRID_ALPHA0.6_BETA0.4,0.6,0.4,50,0.65,0.01815,0.4187
triangle-non-linear,2,43,hybrid,HYBRID_ALPHA0.6_BETA0.4,0.6,0.4,50,0.8,0.04529,0.68132
triangle-non-linear,3,44,hybrid,HYBRID_ALPHA0.6_BETA0.4,0.6,0.4,50,0.625,0.01043,0.44611
triangle-non-linear,4,45,hybrid,HYBRID_ALPHA0.6_BETA0.4,0.6,0.4,50,0.75,0.03477,0.6451
triangle-non-linear,5,46,hybrid,HYBRID_ALPHA0.6_BETA0.4,0.6,0.4,50,0.625,0.02007,0.30017
triangle-non-linear,6,47,hybrid,HYBRID_ALPHA0.6_BETA0.4,0.6,0.4,50,0.725,0.03551,0.65859
triangle-non-linear,7,48,hybrid,HYBRID_ALPHA0.6_BETA0.4,0.6,0.4,50,0.75,0.03422,0.73835
triangle-non-linear,8,49,hybrid,HYBRID_ALPHA0.6_BETA0.4,0.6,0.4,50,0.625,0.01756,0.69556
triangle-non-linear,9,50,hybrid,HYBRID_ALPHA0.6_BETA0.4,0.6,0.4,50,0.775,0.03879,0.84149
triangle-non-linear,10,51,hybrid,HYBRID_ALPHA0.6_BETA0.4,0.6,0.4,50,0.65,0.01421,0.42317
triangle-non-linear,1,42,hybrid,HYBRID_ALPHA0.5_BETA0.5,0.5,0.5,50,0.625,0.02031,0.5583
triangle-non-linear,2,43,hybrid,HYBRID_ALPHA0.5_BETA0.5,0.5,0.5,50,0.775,0.04494,0.69296
triangle-non-linear,3,44,hybrid,HYBRID_ALPHA0.5_BETA0.5,0.5,0.5,50,0.7,0.01238,0.61439
triangle-non-linear,4,45,hybrid,HYBRID_ALPHA0.5_BETA0.5,0.5,0.5,50,0.775,0.0283,0.70041
triangle-non-linear,5,46,hybrid,HYBRID_ALPHA0.5_BETA0.5,0.5,0.5,50,0.625,0.01773,0.27405
triangle-non-linear,6,47,hybrid,HYBRID_ALPHA0.5_BETA0.5,0.5,0.5,50,0.75,0.03418,0.79693
triangle-non-linear,7,48,hybrid,HYBRID_ALPHA0.5_BETA0.5,0.5,0.5,50,0.75,0.03424,0.74142
triangle-non-linear,8,49,hybrid,HYBRID_ALPHA0.5_BETA0.5,0.5,0.5,50,0.7,0.01831,1.06291
triangle-non-linear,9,50,hybrid,HYBRID_ALPHA0.5_BETA0.5,0.5,0.5,50,0.775,0.03722,0.83015
triangle-non-linear,10,51,hybrid,HYBRID_ALPHA0.5_BETA0.5,0.5,0.5,50,0.55,0.0155,1.05335
triangle-non-linear,1,42,hybrid,HYBRID_ALPHA0.4_BETA0.6,0.4,0.6,50,0.725,0.01639,0.49913
triangle-non-linear,2,43,hybrid,HYBRID_ALPHA0.4_BETA0.6,0.4,0.6,50,0.75,0.04448,0.68822
triangle-non-linear,3,44,hybrid,HYBRID_ALPHA0.4_BETA0.6,0.4,0.6,50,0.7,0.01534,0.72417
triangle-non-linear,4,45,hybrid,HYBRID_ALPHA0.4_BETA0.6,0.4,0.6,50,0.65,0.02944,0.68662
triangle-non-linear,5,46,hybrid,HYBRID_ALPHA0.4_BETA0.6,0.4,0.6,50,0.65,0.01632,0.29081
triangle-non-linear,6,47,hybrid,HYBRID_ALPHA0.4_BETA0.6,0.4,0.6,50,0.725,0.02468,1.04187
triangle-non-linear,7,48,hybrid,HYBRID_ALPHA0.4_BETA0.6,0.4,0.6,50,0.775,0.03283,0.71589
triangle-non-linear,8,49,hybrid,HYBRID_ALPHA0.4_BETA0.6,0.4,0.6,50,0.75,0.03377,1.02336
triangle-non-linear,9,50,hybrid,HYBRID_ALPHA0.4_BETA0.6,0.4,0.6,50,0.75,0.03524,0.7984
triangle-non-linear,10,51,hybrid,HYBRID_ALPHA0.4_BETA0.6,0.4,0.6,50,0.725,0.04114,0.78783
triangle-non-linear,1,42,hybrid,HYBRID_ALPHA0.3_BETA0.7,0.3,0.7,50,0.725,0.01526,0.53984
triangle-non-linear,2,43,hybrid,HYBRID_ALPHA0.3_BETA0.7,0.3,0.7,50,0.65,0.02753,0.80083
triangle-non-linear,3,44,hybrid,HYBRID_ALPHA0.3_BETA0.7,0.3,0.7,50,0.575,0.01039,1.28127
triangle-non-linear,4,45,hybrid,HYBRID_ALPHA0.3_BETA0.7,0.3,0.7,50,0.7,0.0286,0.69929
triangle-non-linear,5,46,hybrid,HYBRID_ALPHA0.3_BETA0.7,0.3,0.7,50,0.7,0.01596,0.29146
triangle-non-linear,6,47,hybrid,HYBRID_ALPHA0.3_BETA0.7,0.3,0.7,50,0.725,0.02298,1.22297
triangle-non-linear,7,48,hybrid,HYBRID_ALPHA0.3_BETA0.7,0.3,0.7,50,0.75,0.03266,0.69907
triangle-non-linear,8,49,hybrid,HYBRID_ALPHA0.3_BETA0.7,0.3,0.7,50,0.725,0.01896,1.00753
triangle-non-linear,9,50,hybrid,HYBRID_ALPHA0.3_BETA0.7,0.3,0.7,50,0.775,0.03539,0.94317
triangle-non-linear,10,51,hybrid,HYBRID_ALPHA0.3_BETA0.7,0.3,0.7,50,0.7,0.04092,0.78781
triangle-non-linear,1,42,hybrid,HYBRID_ALPHA0.2_BETA0.8,0.2,0.8,50,0.775,0.01733,0.63203
triangle-non-linear,2,43,hybrid,HYBRID_ALPHA0.2_BETA0.8,0.2,0.8,50,0.8,0.0306,0.78545
triangle-non-linear,3,44,hybrid,HYBRID_ALPHA0.2_BETA0.8,0.2,0.8,50,0.625,0.01038,0.94595
triangle-non-linear,4,45,hybrid,HYBRID_ALPHA0.2_BETA0.8,0.2,0.8,50,0.7,0.0341,0.84938
triangle-non-linear,5,46,hybrid,HYBRID_ALPHA0.2_BETA0.8,0.2,0.8,50,0.675,0.02759,0.2919
triangle-non-linear,6,47,hybrid,HYBRID_ALPHA0.2_BETA0.8,0.2,0.8,50,0.675,0.03918,1.17563
triangle-non-linear,7,48,hybrid,HYBRID_ALPHA0.2_BETA0.8,0.2,0.8,50,0.725,0.02879,0.66137
triangle-non-linear,8,49,hybrid,HYBRID_ALPHA0.2_BETA0.8,0.2,0.8,50,0.65,0.01838,1.05554
triangle-non-linear,9,50,hybrid,HYBRID_ALPHA0.2_BETA0.8,0.2,0.8,50,0.675,0.0299,0.78526
triangle-non-linear,10,51,hybrid,HYBRID_ALPHA0.2_BETA0.8,0.2,0.8,50,0.65,0.04074,0.78814
triangle-non-linear,1,42,mse,MSE,1.0,0.0,100,0.55,0.01698,0.27312
triangle-non-linear,2,43,mse,MSE,1.0,0.0,100,0.75,0.01769,0.26452
triangle-non-linear,3,44,mse,MSE,1.0,0.0,100,0.625,0.01515,0.30307
triangle-non-linear,4,45,mse,MSE,1.0,0.0,100,0.7,0.01394,0.24365
triangle-non-linear,5,46,mse,MSE,1.0,0.0,100,0.65,0.01561,0.28927
triangle-non-linear,6,47,mse,MSE,1.0,0.0,100,0.65,0.01309,0.27722
triangle-non-linear,7,48,mse,MSE,1.0,0.0,100,0.55,0.01081,0.24485
triangle-non-linear,8,49,mse,MSE,1.0,0.0,100,0.65,0.02098,0.32746
triangle-non-linear,9,50,mse,MSE,1.0,0.0,100,0.8,0.03108,0.49245
triangle-non-linear,10,51,mse,MSE,1.0,0.0,100,0.7,0.02069,0.30888
triangle-non-linear,1,42,hybrid,HYBRID_ALPHA0.9_BETA0.1,0.9,0.1,100,0.575,0.01671,0.27349
triangle-non-linear,2,43,hybrid,HYBRID_ALPHA0.9_BETA0.1,0.9,0.1,100,0.7,0.01553,0.2896
triangle-non-linear,3,44,hybrid,HYBRID_ALPHA0.9_BETA0.1,0.9,0.1,100,0.6,0.01353,0.29467
triangle-non-linear,4,45,hybrid,HYBRID_ALPHA0.9_BETA0.1,0.9,0.1,100,0.625,0.01263,0.20296
triangle-non-linear,5,46,hybrid,HYBRID_ALPHA0.9_BETA0.1,0.9,0.1,100,0.575,0.01257,0.27602
triangle-non-linear,6,47,hybrid,HYBRID_ALPHA0.9_BETA0.1,0.9,0.1,100,0.6,0.01257,0.27724
triangle-non-linear,7,48,hybrid,HYBRID_ALPHA0.9_BETA0.1,0.9,0.1,100,0.625,0.0113,0.28871
triangle-non-linear,8,49,hybrid,HYBRID_ALPHA0.9_BETA0.1,0.9,0.1,100,0.625,0.02325,0.4194
triangle-non-linear,9,50,hybrid,HYBRID_ALPHA0.9_BETA0.1,0.9,0.1,100,0.775,0.02889,0.505
triangle-non-linear,10,51,hybrid,HYBRID_ALPHA0.9_BETA0.1,0.9,0.1,100,0.65,0.01984,0.29899
triangle-non-linear,1,42,hybrid,HYBRID_ALPHA0.8_BETA0.2,0.8,0.2,100,0.65,0.01538,0.27322
triangle-non-linear,2,43,hybrid,HYBRID_ALPHA0.8_BETA0.2,0.8,0.2,100,0.625,0.01546,0.26349
triangle-non-linear,3,44,hybrid,HYBRID_ALPHA0.8_BETA0.2,0.8,0.2,100,0.675,0.01191,0.30036
triangle-non-linear,4,45,hybrid,HYBRID_ALPHA0.8_BETA0.2,0.8,0.2,100,0.625,0.01233,0.19941
triangle-non-linear,5,46,hybrid,HYBRID_ALPHA0.8_BETA0.2,0.8,0.2,100,0.55,0.01169,0.27601
triangle-non-linear,6,47,hybrid,HYBRID_ALPHA0.8_BETA0.2,0.8,0.2,100,0.625,0.01513,0.32344
triangle-non-linear,7,48,hybrid,HYBRID_ALPHA0.8_BETA0.2,0.8,0.2,100,0.6,0.01108,0.29042
triangle-non-linear,8,49,hybrid,HYBRID_ALPHA0.8_BETA0.2,0.8,0.2,100,0.65,0.02273,0.43869
triangle-non-linear,9,50,hybrid,HYBRID_ALPHA0.8_BETA0.2,0.8,0.2,100,0.825,0.02555,0.51179
triangle-non-linear,10,51,hybrid,HYBRID_ALPHA0.8_BETA0.2,0.8,0.2,100,0.675,0.01942,0.29543
triangle-non-linear,1,42,hybrid,HYBRID_ALPHA0.7_BETA0.3,0.7,0.3,100,0.65,0.01507,0.26091
triangle-non-linear,2,43,hybrid,HYBRID_ALPHA0.7_BETA0.3,0.7,0.3,100,0.675,0.01656,0.28673
triangle-non-linear,3,44,hybrid,HYBRID_ALPHA0.7_BETA0.3,0.7,0.3,100,0.625,0.01452,0.32094
triangle-non-linear,4,45,hybrid,HYBRID_ALPHA0.7_BETA0.3,0.7,0.3,100,0.55,0.01232,0.21096
triangle-non-linear,5,46,hybrid,HYBRID_ALPHA0.7_BETA0.3,0.7,0.3,100,0.575,0.01118,0.2812
triangle-non-linear,6,47,hybrid,HYBRID_ALPHA0.7_BETA0.3,0.7,0.3,100,0.7,0.01531,0.28696
triangle-non-linear,7,48,hybrid,HYBRID_ALPHA0.7_BETA0.3,0.7,0.3,100,0.625,0.01099,0.29591
triangle-non-linear,8,49,hybrid,HYBRID_ALPHA0.7_BETA0.3,0.7,0.3,100,0.6,0.01867,0.31946
triangle-non-linear,9,50,hybrid,HYBRID_ALPHA0.7_BETA0.3,0.7,0.3,100,0.775,0.02348,0.52772
triangle-non-linear,10,51,hybrid,HYBRID_ALPHA0.7_BETA0.3,0.7,0.3,100,0.575,0.01772,0.30531
triangle-non-linear,1,42,hybrid,HYBRID_ALPHA0.6_BETA0.4,0.6,0.4,100,0.65,0.01496,0.2385
triangle-non-linear,2,43,hybrid,HYBRID_ALPHA0.6_BETA0.4,0.6,0.4,100,0.675,0.01438,0.257
triangle-non-linear,3,44,hybrid,HYBRID_ALPHA0.6_BETA0.4,0.6,0.4,100,0.6,0.01305,0.28505
triangle-non-linear,4,45,hybrid,HYBRID_ALPHA0.6_BETA0.4,0.6,0.4,100,0.65,0.01207,0.2012
triangle-non-linear,5,46,hybrid,HYBRID_ALPHA0.6_BETA0.4,0.6,0.4,100,0.525,0.01097,0.29027
triangle-non-linear,6,47,hybrid,HYBRID_ALPHA0.6_BETA0.4,0.6,0.4,100,0.7,0.01728,0.36521
triangle-non-linear,7,48,hybrid,HYBRID_ALPHA0.6_BETA0.4,0.6,0.4,100,0.675,0.01181,0.30373
triangle-non-linear,8,49,hybrid,HYBRID_ALPHA0.6_BETA0.4,0.6,0.4,100,0.6,0.02092,0.40327
triangle-non-linear,9,50,hybrid,HYBRID_ALPHA0.6_BETA0.4,0.6,0.4,100,0.85,0.02262,0.58019
triangle-non-linear,10,51,hybrid,HYBRID_ALPHA0.6_BETA0.4,0.6,0.4,100,0.6,0.01776,0.3071
triangle-non-linear,1,42,hybrid,HYBRID_ALPHA0.5_BETA0.5,0.5,0.5,100,0.5,0.01289,0.26174
triangle-non-linear,2,43,hybrid,HYBRID_ALPHA0.5_BETA0.5,0.5,0.5,100,0.65,0.01616,0.3212
triangle-non-linear,3,44,hybrid,HYBRID_ALPHA0.5_BETA0.5,0.5,0.5,100,0.725,0.01424,0.36202
triangle-non-linear,4,45,hybrid,HYBRID_ALPHA0.5_BETA0.5,0.5,0.5,100,0.6,0.01073,0.20662
triangle-non-linear,5,46,hybrid,HYBRID_ALPHA0.5_BETA0.5,0.5,0.5,100,0.525,0.01342,0.3029
triangle-non-linear,6,47,hybrid,HYBRID_ALPHA0.5_BETA0.5,0.5,0.5,100,0.675,0.01653,0.32007
triangle-non-linear,7,48,hybrid,HYBRID_ALPHA0.5_BETA0.5,0.5,0.5,100,0.55,0.01057,0.28226
triangle-non-linear,8,49,hybrid,HYBRID_ALPHA0.5_BETA0.5,0.5,0.5,100,0.725,0.02052,0.41667
triangle-non-linear,9,50,hybrid,HYBRID_ALPHA0.5_BETA0.5,0.5,0.5,100,0.775,0.02301,0.46584
triangle-non-linear,10,51,hybrid,HYBRID_ALPHA0.5_BETA0.5,0.5,0.5,100,0.7,0.0178,0.32425
triangle-non-linear,1,42,hybrid,HYBRID_ALPHA0.4_BETA0.6,0.4,0.6,100,0.6,0.01331,0.24342
triangle-non-linear,2,43,hybrid,HYBRID_ALPHA0.4_BETA0.6,0.4,0.6,100,0.675,0.01459,0.27142
triangle-non-linear,3,44,hybrid,HYBRID_ALPHA0.4_BETA0.6,0.4,0.6,100,0.7,0.01422,0.33221
triangle-non-linear,4,45,hybrid,HYBRID_ALPHA0.4_BETA0.6,0.4,0.6,100,0.65,0.01052,0.22981
triangle-non-linear,5,46,hybrid,HYBRID_ALPHA0.4_BETA0.6,0.4,0.6,100,0.55,0.01303,0.29119
triangle-non-linear,6,47,hybrid,HYBRID_ALPHA0.4_BETA0.6,0.4,0.6,100,0.75,0.01619,0.34754
triangle-non-linear,7,48,hybrid,HYBRID_ALPHA0.4_BETA0.6,0.4,0.6,100,0.55,0.01209,0.2541
triangle-non-linear,8,49,hybrid,HYBRID_ALPHA0.4_BETA0.6,0.4,0.6,100,0.65,0.01995,0.35129
triangle-non-linear,9,50,hybrid,HYBRID_ALPHA0.4_BETA0.6,0.4,0.6,100,0.8,0.02012,0.48019
triangle-non-linear,10,51,hybrid,HYBRID_ALPHA0.4_BETA0.6,0.4,0.6,100,0.65,0.01893,0.28875
triangle-non-linear,1,42,hybrid,HYBRID_ALPHA0.3_BETA0.7,0.3,0.7,100,0.5,0.01313,0.23698
triangle-non-linear,2,43,hybrid,HYBRID_ALPHA0.3_BETA0.7,0.3,0.7,100,0.725,0.02867,0.5921
triangle-non-linear,3,44,hybrid,HYBRID_ALPHA0.3_BETA0.7,0.3,0.7,100,0.65,0.01459,0.63788
triangle-non-linear,4,45,hybrid,HYBRID_ALPHA0.3_BETA0.7,0.3,0.7,100,0.575,0.01053,0.25195
triangle-non-linear,5,46,hybrid,HYBRID_ALPHA0.3_BETA0.7,0.3,0.7,100,0.6,0.0157,0.2905
triangle-non-linear,6,47,hybrid,HYBRID_ALPHA0.3_BETA0.7,0.3,0.7,100,0.725,0.01677,0.37809
triangle-non-linear,7,48,hybrid,HYBRID_ALPHA0.3_BETA0.7,0.3,0.7,100,0.575,0.01243,0.25494
triangle-non-linear,8,49,hybrid,HYBRID_ALPHA0.3_BETA0.7,0.3,0.7,100,0.625,0.01835,0.3957
triangle-non-linear,9,50,hybrid,HYBRID_ALPHA0.3_BETA0.7,0.3,0.7,100,0.775,0.01915,0.52696
triangle-non-linear,10,51,hybrid,HYBRID_ALPHA0.3_BETA0.7,0.3,0.7,100,0.675,0.01764,0.32319
triangle-non-linear,1,42,hybrid,HYBRID_ALPHA0.2_BETA0.8,0.2,0.8,100,0.55,0.0146,0.27125
triangle-non-linear,2,43,hybrid,HYBRID_ALPHA0.2_BETA0.8,0.2,0.8,100,0.7,0.02028,0.39653
triangle-non-linear,3,44,hybrid,HYBRID_ALPHA0.2_BETA0.8,0.2,0.8,100,0.8,0.03,0.84044
triangle-non-linear,4,45,hybrid,HYBRID_ALPHA0.2_BETA0.8,0.2,0.8,100,0.625,0.01068,0.25852
triangle-non-linear,5,46,hybrid,HYBRID_ALPHA0.2_BETA0.8,0.2,0.8,100,0.65,0.01452,0.35963
triangle-non-linear,6,47,hybrid,HYBRID_ALPHA0.2_BETA0.8,0.2,0.8,100,0.75,0.02261,0.68351
triangle-non-linear,7,48,hybrid,HYBRID_ALPHA0.2_BETA0.8,0.2,0.8,100,0.625,0.01107,0.24716
triangle-non-linear,8,49,hybrid,HYBRID_ALPHA0.2_BETA0.8,0.2,0.8,100,0.675,0.01929,0.40826
triangle-non-linear,9,50,hybrid,HYBRID_ALPHA0.2_BETA0.8,0.2,0.8,100,0.75,0.01907,0.53724
triangle-non-linear,10,51,hybrid,HYBRID_ALPHA0.2_BETA0.8,0.2,0.8,100,0.675,0.0212,0.37347
