Experiment,Seed,Loss,Conf,Alpha,Beta,N,MSE Y,MAE Y,"HSIC(Y,X)",MSE Z,MAE Z,"HSIC(Z,X)","HSIC(Z,Y)",dHSIC Total,MMD,RF Acc
1,42,hsic,HSIC,0.0,1.0,50,0.83209,0.60872,0.03319,2.91945,1.33959,0.08431,0.19127,0.00347,0.1304,0.75
1,42,hsic,HSIC,0.0,1.0,100,1.33723,0.86663,0.03624,3.09302,1.3193,0.07579,0.18914,0.00397,0.16609,0.725
1,42,hsic,HSIC,0.0,1.0,300,1.66154,0.9756,0.06728,5.59098,1.99937,0.03088,0.02353,0.00328,0.15725,0.75
1,42,hsic,HSIC,0.0,1.0,500,2.30541,1.17253,0.09013,3.02854,1.33464,0.07485,0.18496,0.00419,0.18824,0.75
1,42,hybrid,HYBRID_ALPHA0.1_BETA0.9,0.1,0.9,50,0.69755,0.66319,0.03509,1.3001,0.94721,0.04118,0.06991,0.00209,0.05259,0.55
1,42,hybrid,HYBRID_ALPHA0.2_BETA0.8,0.2,0.8,50,0.71111,0.66644,0.03761,1.20931,0.90989,0.03677,0.08597,0.00226,0.05771,0.675
1,42,hybrid,HYBRID_ALPHA0.3_BETA0.7,0.3,0.7,50,0.6963,0.67214,0.03809,1.14334,0.87297,0.04137,0.07638,0.00228,0.05527,0.675
1,42,hybrid,HYBRID_ALPHA0.4_BETA0.6,0.4,0.6,50,0.70529,0.66685,0.05445,1.11416,0.85611,0.04342,0.07744,0.00221,0.05602,0.6
1,42,hybrid,HYBRID_ALPHA0.5_BETA0.5,0.5,0.5,50,0.71172,0.68276,0.04463,0.9871,0.78934,0.06006,0.03921,0.00192,0.05569,0.6
1,42,hybrid,HYBRID_ALPHA0.6_BETA0.4,0.6,0.4,50,0.73274,0.69155,0.05112,0.99987,0.80341,0.05809,0.04965,0.00223,0.06731,0.65
1,42,hybrid,HYBRID_ALPHA0.7_BETA0.3,0.7,0.3,50,0.73476,0.6909,0.05932,1.01362,0.81485,0.05834,0.05812,0.00215,0.06651,0.675
1,42,hybrid,HYBRID_ALPHA0.8_BETA0.2,0.8,0.2,50,0.72416,0.68772,0.06388,1.01812,0.81804,0.05886,0.06153,0.00198,0.0713,0.65
1,42,hybrid,HYBRID_ALPHA0.9_BETA0.1,0.9,0.1,50,0.73428,0.68806,0.07557,1.02143,0.79099,0.06494,0.07929,0.00193,0.0593,0.65
1,42,hybrid,HYBRID_ALPHA0.1_BETA0.9,0.1,0.9,100,0.60043,0.61391,0.02716,1.32891,0.96662,0.05215,0.12293,0.00272,0.0686,0.625
1,42,hybrid,HYBRID_ALPHA0.2_BETA0.8,0.2,0.8,100,0.60342,0.62052,0.02975,0.98813,0.77383,0.03917,0.04567,0.0015,0.06004,0.6
1,42,hybrid,HYBRID_ALPHA0.3_BETA0.7,0.3,0.7,100,0.60368,0.62207,0.02712,0.99186,0.77083,0.04449,0.04472,0.00155,0.03564,0.6
1,42,hybrid,HYBRID_ALPHA0.4_BETA0.6,0.4,0.6,100,0.60699,0.63296,0.03198,0.94703,0.77568,0.04141,0.04501,0.00062,0.05278,0.65
1,42,hybrid,HYBRID_ALPHA0.5_BETA0.5,0.5,0.5,100,0.5969,0.61957,0.0387,0.92996,0.76718,0.04761,0.05009,0.00052,0.05314,0.65
1,42,hybrid,HYBRID_ALPHA0.6_BETA0.4,0.6,0.4,100,0.60681,0.62681,0.04745,0.92413,0.76862,0.05029,0.05351,0.00058,0.05324,0.625
1,42,hybrid,HYBRID_ALPHA0.7_BETA0.3,0.7,0.3,100,0.61019,0.63052,0.05014,0.91734,0.77214,0.05177,0.0562,0.00073,0.05188,0.675
1,42,hybrid,HYBRID_ALPHA0.8_BETA0.2,0.8,0.2,100,0.61007,0.62948,0.05352,0.91464,0.77438,0.05586,0.05963,0.00087,0.04831,0.625
1,42,hybrid,HYBRID_ALPHA0.9_BETA0.1,0.9,0.1,100,0.61004,0.62853,0.0589,0.99399,0.80088,0.05626,0.07858,0.00197,0.0506,0.575
1,42,hybrid,HYBRID_ALPHA0.1_BETA0.9,0.1,0.9,300,0.66107,0.68302,0.02296,1.21007,0.90004,0.04584,0.07083,0.00241,0.05916,0.6
1,42,hybrid,HYBRID_ALPHA0.2_BETA0.8,0.2,0.8,300,0.66524,0.68798,0.02226,1.0865,0.8257,0.03551,0.06889,0.0025,0.06009,0.6
1,42,hybrid,HYBRID_ALPHA0.3_BETA0.7,0.3,0.7,300,0.66885,0.68566,0.02398,0.97771,0.76534,0.03698,0.0643,0.00221,0.05681,0.6
1,42,hybrid,HYBRID_ALPHA0.4_BETA0.6,0.4,0.6,300,0.6703,0.68469,0.02542,1.00212,0.77385,0.03291,0.07769,0.00257,0.05595,0.65
1,42,hybrid,HYBRID_ALPHA0.5_BETA0.5,0.5,0.5,300,0.67289,0.68656,0.02675,1.04355,0.78268,0.03475,0.08261,0.00279,0.05696,0.65
1,42,hybrid,HYBRID_ALPHA0.6_BETA0.4,0.6,0.4,300,0.67108,0.68241,0.02876,1.02854,0.77807,0.03552,0.08432,0.00279,0.0554,0.625
1,42,hybrid,HYBRID_ALPHA0.7_BETA0.3,0.7,0.3,300,0.67562,0.68499,0.0314,1.02487,0.77807,0.03701,0.08778,0.00278,0.05658,0.6
1,42,hybrid,HYBRID_ALPHA0.8_BETA0.2,0.8,0.2,300,0.6797,0.68646,0.03471,1.03284,0.78787,0.03963,0.09169,0.00275,0.05662,0.65
1,42,hybrid,HYBRID_ALPHA0.9_BETA0.1,0.9,0.1,300,0.6829,0.68502,0.04072,1.08134,0.81601,0.04204,0.10457,0.00294,0.05776,0.625
1,42,hybrid,HYBRID_ALPHA0.1_BETA0.9,0.1,0.9,500,0.60693,0.62179,0.01959,0.89625,0.74837,0.03618,0.01546,0.0007,0.06443,0.675
1,42,hybrid,HYBRID_ALPHA0.2_BETA0.8,0.2,0.8,500,0.60308,0.61782,0.01862,0.86814,0.73704,0.03945,0.0159,0.00047,0.05883,0.6
1,42,hybrid,HYBRID_ALPHA0.3_BETA0.7,0.3,0.7,500,0.60402,0.6191,0.01788,0.8623,0.73302,0.04011,0.01557,0.00051,0.05796,0.575
1,42,hybrid,HYBRID_ALPHA0.4_BETA0.6,0.4,0.6,500,0.60677,0.62047,0.01956,0.86209,0.73194,0.03998,0.01562,0.00054,0.05706,0.6
1,42,hybrid,HYBRID_ALPHA0.5_BETA0.5,0.5,0.5,500,0.60062,0.6172,0.01976,0.85801,0.72695,0.04017,0.01582,0.00057,0.05808,0.575
1,42,hybrid,HYBRID_ALPHA0.6_BETA0.4,0.6,0.4,500,0.60076,0.61793,0.02053,0.84726,0.71954,0.04339,0.01565,0.00057,0.05599,0.6
1,42,hybrid,HYBRID_ALPHA0.7_BETA0.3,0.7,0.3,500,0.59773,0.61986,0.02226,1.25112,0.91974,0.04936,0.13879,0.00304,0.0748,0.625
1,42,hybrid,HYBRID_ALPHA0.8_BETA0.2,0.8,0.2,500,0.59245,0.62022,0.02457,1.25616,0.92199,0.05078,0.14034,0.00302,0.0764,0.6
1,42,hybrid,HYBRID_ALPHA0.9_BETA0.1,0.9,0.1,500,0.59493,0.62255,0.02784,1.25905,0.9234,0.05218,0.14124,0.00299,0.07646,0.65
1,42,mse,MSE,1.0,0.0,50,0.74408,0.69159,0.08659,0.98926,0.77883,0.06804,0.07845,0.00189,0.05809,0.675
1,42,mse,MSE,1.0,0.0,100,0.61109,0.62985,0.06616,1.00541,0.80379,0.05005,0.08217,0.00212,0.04966,0.55
1,42,mse,MSE,1.0,0.0,300,0.69604,0.69454,0.05302,1.12437,0.84067,0.04695,0.11583,0.00293,0.06121,0.65
1,42,mse,MSE,1.0,0.0,500,0.59844,0.62612,0.03316,1.26295,0.92549,0.0535,0.14218,0.00297,0.07638,0.7
2,43,hsic,HSIC,0.0,1.0,50,0.81074,0.72324,0.08619,2.92635,1.34134,0.08357,0.19088,0.0049,0.26111,0.85
2,43,hsic,HSIC,0.0,1.0,100,1.45012,0.92307,0.05143,3.10887,1.30369,0.08807,0.19016,0.00826,0.38802,0.875
2,43,hsic,HSIC,0.0,1.0,300,2.01181,1.10974,0.16566,2.91759,1.33943,0.08476,0.19137,0.00416,0.36426,0.925
2,43,hsic,HSIC,0.0,1.0,500,1.56063,0.94056,0.0737,9.45203,2.89133,0.04212,0.01254,0.00187,0.37704,0.85
2,43,hybrid,HYBRID_ALPHA0.1_BETA0.9,0.1,0.9,50,0.79052,0.7318,0.0886,1.54679,1.02664,0.03332,0.17284,0.00346,0.13532,0.7
2,43,hybrid,HYBRID_ALPHA0.2_BETA0.8,0.2,0.8,50,0.78877,0.7282,0.08888,1.46334,1.00537,0.04275,0.17682,0.00311,0.11564,0.675
2,43,hybrid,HYBRID_ALPHA0.3_BETA0.7,0.3,0.7,50,0.77131,0.71788,0.09105,1.15426,0.85064,0.04407,0.16278,0.00314,0.12283,0.7
2,43,hybrid,HYBRID_ALPHA0.4_BETA0.6,0.4,0.6,50,0.77459,0.71941,0.09367,1.12767,0.8372,0.04287,0.1605,0.00313,0.12491,0.675
2,43,hybrid,HYBRID_ALPHA0.5_BETA0.5,0.5,0.5,50,0.77518,0.71967,0.09416,1.09749,0.81781,0.04182,0.15947,0.00303,0.12475,0.675
2,43,hybrid,HYBRID_ALPHA0.6_BETA0.4,0.6,0.4,50,0.77667,0.72105,0.09538,1.06235,0.7983,0.04048,0.15498,0.00282,0.12279,0.7
2,43,hybrid,HYBRID_ALPHA0.7_BETA0.3,0.7,0.3,50,0.77198,0.71965,0.09281,1.04334,0.78763,0.03835,0.14987,0.00269,0.12074,0.675
2,43,hybrid,HYBRID_ALPHA0.8_BETA0.2,0.8,0.2,50,0.75107,0.71428,0.07863,1.03553,0.77957,0.03741,0.14028,0.00263,0.11451,0.675
2,43,hybrid,HYBRID_ALPHA0.9_BETA0.1,0.9,0.1,50,0.77296,0.7424,0.0798,1.12107,0.80695,0.03443,0.14968,0.00308,0.10441,0.7
2,43,hybrid,HYBRID_ALPHA0.1_BETA0.9,0.1,0.9,100,0.71011,0.71451,0.03882,1.29447,0.94002,0.05734,0.06933,0.00272,0.11313,0.7
2,43,hybrid,HYBRID_ALPHA0.2_BETA0.8,0.2,0.8,100,0.7347,0.7308,0.03255,1.81895,1.20381,0.03544,0.05274,0.00189,0.10149,0.65
2,43,hybrid,HYBRID_ALPHA0.3_BETA0.7,0.3,0.7,100,0.7549,0.74608,0.02284,1.86901,1.22157,0.03419,0.0594,0.00198,0.09503,0.775
2,43,hybrid,HYBRID_ALPHA0.4_BETA0.6,0.4,0.6,100,0.74232,0.74007,0.02316,1.56706,1.09491,0.03314,0.07179,0.00225,0.0907,0.7
2,43,hybrid,HYBRID_ALPHA0.5_BETA0.5,0.5,0.5,100,0.738,0.73635,0.02326,1.35998,0.9926,0.034,0.07307,0.00232,0.09089,0.775
2,43,hybrid,HYBRID_ALPHA0.6_BETA0.4,0.6,0.4,100,0.74694,0.74222,0.02339,1.23276,0.92462,0.03492,0.06842,0.00233,0.09048,0.7
2,43,hybrid,HYBRID_ALPHA0.7_BETA0.3,0.7,0.3,100,0.75039,0.74596,0.0253,1.25018,0.9208,0.03295,0.09304,0.00303,0.09466,0.725
2,43,hybrid,HYBRID_ALPHA0.8_BETA0.2,0.8,0.2,100,0.77643,0.75642,0.03368,1.23162,0.89546,0.03188,0.11786,0.00378,0.10153,0.75
2,43,hybrid,HYBRID_ALPHA0.9_BETA0.1,0.9,0.1,100,0.78542,0.75914,0.0384,1.2073,0.87987,0.03306,0.12414,0.00403,0.10814,0.825
2,43,hybrid,HYBRID_ALPHA0.1_BETA0.9,0.1,0.9,300,0.76257,0.7425,0.04061,1.91847,1.22979,0.0361,0.07927,0.00215,0.093,0.65
2,43,hybrid,HYBRID_ALPHA0.2_BETA0.8,0.2,0.8,300,0.64971,0.66436,0.02035,1.82059,1.19427,0.0337,0.07049,0.00239,0.08183,0.7
2,43,hybrid,HYBRID_ALPHA0.3_BETA0.7,0.3,0.7,300,0.6473,0.66404,0.02025,1.79049,1.18011,0.03175,0.07721,0.00243,0.0822,0.65
2,43,hybrid,HYBRID_ALPHA0.4_BETA0.6,0.4,0.6,300,0.62826,0.6432,0.01896,1.71142,1.1459,0.03031,0.08407,0.0024,0.09442,0.7
2,43,hybrid,HYBRID_ALPHA0.5_BETA0.5,0.5,0.5,300,0.61821,0.64619,0.01779,1.27659,0.92818,0.03147,0.10685,0.00265,0.09835,0.65
2,43,hybrid,HYBRID_ALPHA0.6_BETA0.4,0.6,0.4,300,0.6195,0.64509,0.01807,1.28389,0.92554,0.02994,0.11843,0.00284,0.09994,0.675
2,43,hybrid,HYBRID_ALPHA0.7_BETA0.3,0.7,0.3,300,0.62654,0.64751,0.01844,1.3221,0.94886,0.02773,0.12333,0.00293,0.10279,0.75
2,43,hybrid,HYBRID_ALPHA0.8_BETA0.2,0.8,0.2,300,0.63024,0.64738,0.01869,1.33098,0.95748,0.02687,0.12544,0.00289,0.10858,0.7
2,43,hybrid,HYBRID_ALPHA0.9_BETA0.1,0.9,0.1,300,0.63943,0.65448,0.0195,0.8218,0.72621,0.03644,0.03648,0.00108,0.11814,0.7
2,43,hybrid,HYBRID_ALPHA0.1_BETA0.9,0.1,0.9,500,0.68475,0.6928,0.02406,2.25514,1.35911,0.03824,0.06985,0.00233,0.06815,0.625
2,43,hybrid,HYBRID_ALPHA0.2_BETA0.8,0.2,0.8,500,0.63954,0.65609,0.02427,1.26983,0.97572,0.04122,0.02207,0.0009,0.08625,0.625
2,43,hybrid,HYBRID_ALPHA0.3_BETA0.7,0.3,0.7,500,0.63814,0.65499,0.02544,0.96694,0.79835,0.04335,0.01943,0.00067,0.08704,0.725
2,43,hybrid,HYBRID_ALPHA0.4_BETA0.6,0.4,0.6,500,0.64644,0.66305,0.02607,1.24759,0.92567,0.03064,0.08398,0.0033,0.07882,0.675
2,43,hybrid,HYBRID_ALPHA0.5_BETA0.5,0.5,0.5,500,0.64763,0.66217,0.02709,0.90854,0.74862,0.04205,0.01798,0.00066,0.07559,0.675
2,43,hybrid,HYBRID_ALPHA0.6_BETA0.4,0.6,0.4,500,0.65034,0.66245,0.02815,0.90035,0.74142,0.04138,0.01791,0.00072,0.0691,0.675
2,43,hybrid,HYBRID_ALPHA0.7_BETA0.3,0.7,0.3,500,0.65172,0.66292,0.02855,0.88895,0.72974,0.03993,0.01767,0.00079,0.06748,0.725
2,43,hybrid,HYBRID_ALPHA0.8_BETA0.2,0.8,0.2,500,0.66013,0.66682,0.03087,0.88424,0.73255,0.03852,0.01634,0.00087,0.07563,0.675
2,43,hybrid,HYBRID_ALPHA0.9_BETA0.1,0.9,0.1,500,0.62913,0.65978,0.03288,0.86213,0.71708,0.03755,0.0135,0.00113,0.08017,0.675
2,43,mse,MSE,1.0,0.0,50,0.74919,0.72968,0.07892,1.12527,0.81327,0.03569,0.12089,0.00318,0.1013,0.65
2,43,mse,MSE,1.0,0.0,100,0.78908,0.76388,0.03555,1.30236,0.94172,0.04426,0.11031,0.00357,0.11849,0.8
2,43,mse,MSE,1.0,0.0,300,0.63997,0.65388,0.02245,0.86969,0.73909,0.045,0.05072,0.0009,0.11256,0.625
2,43,mse,MSE,1.0,0.0,500,0.64103,0.66376,0.03644,0.89558,0.74681,0.07477,0.03268,0.00128,0.08111,0.675
3,44,hsic,HSIC,0.0,1.0,50,1.0277,0.81599,0.20073,3.22293,1.39535,0.06673,0.18591,0.00471,0.19349,0.725
3,44,hsic,HSIC,0.0,1.0,100,1.23992,0.88175,0.26758,3.27077,1.4004,0.07495,0.18813,0.00469,0.18827,0.8
3,44,hsic,HSIC,0.0,1.0,300,1.00588,0.72579,0.03727,3.09604,1.2681,0.04335,0.03807,0.00257,0.26953,0.775
3,44,hsic,HSIC,0.0,1.0,500,0.69707,0.60776,0.05869,4.11646,1.66657,0.04208,0.02702,0.00178,0.22926,0.75
3,44,hybrid,HYBRID_ALPHA0.1_BETA0.9,0.1,0.9,50,0.99728,0.79826,0.1815,1.21718,0.90882,0.03418,0.10514,0.00336,0.07754,0.625
3,44,hybrid,HYBRID_ALPHA0.2_BETA0.8,0.2,0.8,50,0.58478,0.59831,0.03059,1.05456,0.80552,0.03783,0.08097,0.00232,0.04899,0.625
3,44,hybrid,HYBRID_ALPHA0.3_BETA0.7,0.3,0.7,50,0.59848,0.61159,0.03469,1.06571,0.78675,0.0323,0.11159,0.00298,0.0559,0.625
3,44,hybrid,HYBRID_ALPHA0.4_BETA0.6,0.4,0.6,50,0.6031,0.61404,0.0348,1.06884,0.77657,0.03346,0.1119,0.00297,0.05522,0.625
3,44,hybrid,HYBRID_ALPHA0.5_BETA0.5,0.5,0.5,50,0.60862,0.6189,0.03489,1.06304,0.77522,0.03289,0.11097,0.00296,0.05582,0.65
3,44,hybrid,HYBRID_ALPHA0.6_BETA0.4,0.6,0.4,50,0.612,0.62048,0.03652,1.05895,0.78044,0.03277,0.10907,0.00294,0.05633,0.625
3,44,hybrid,HYBRID_ALPHA0.7_BETA0.3,0.7,0.3,50,0.61142,0.62078,0.03471,1.05455,0.7796,0.03239,0.10825,0.003,0.05488,0.625
3,44,hybrid,HYBRID_ALPHA0.8_BETA0.2,0.8,0.2,50,0.6204,0.63016,0.03463,1.01513,0.76744,0.03354,0.09424,0.00277,0.06055,0.675
3,44,hybrid,HYBRID_ALPHA0.9_BETA0.1,0.9,0.1,50,0.62052,0.6301,0.04173,1.05371,0.78317,0.03039,0.10904,0.00306,0.06141,0.625
3,44,hybrid,HYBRID_ALPHA0.1_BETA0.9,0.1,0.9,100,0.61388,0.5958,0.02303,1.05699,0.8127,0.0356,0.05389,0.00267,0.05709,0.575
3,44,hybrid,HYBRID_ALPHA0.2_BETA0.8,0.2,0.8,100,0.60134,0.59783,0.02507,0.97659,0.72076,0.04462,0.05703,0.00218,0.0446,0.575
3,44,hybrid,HYBRID_ALPHA0.3_BETA0.7,0.3,0.7,100,0.59155,0.58867,0.02482,0.93222,0.71373,0.04899,0.04834,0.00174,0.04284,0.575
3,44,hybrid,HYBRID_ALPHA0.4_BETA0.6,0.4,0.6,100,0.58863,0.58887,0.02453,0.92362,0.71256,0.04945,0.04518,0.00161,0.04233,0.525
3,44,hybrid,HYBRID_ALPHA0.5_BETA0.5,0.5,0.5,100,0.58522,0.58726,0.023,0.90787,0.7179,0.05141,0.04844,0.00157,0.04304,0.575
3,44,hybrid,HYBRID_ALPHA0.6_BETA0.4,0.6,0.4,100,0.58469,0.58771,0.0217,0.91395,0.72221,0.04973,0.05294,0.00172,0.0445,0.55
3,44,hybrid,HYBRID_ALPHA0.7_BETA0.3,0.7,0.3,100,0.58403,0.58559,0.0208,0.93576,0.72464,0.04609,0.06038,0.00191,0.04564,0.525
3,44,hybrid,HYBRID_ALPHA0.8_BETA0.2,0.8,0.2,100,0.58448,0.58361,0.02053,1.17406,0.86043,0.05168,0.13302,0.00319,0.06212,0.65
3,44,hybrid,HYBRID_ALPHA0.9_BETA0.1,0.9,0.1,100,0.61623,0.60114,0.02067,1.16618,0.85178,0.053,0.13298,0.00337,0.06854,0.725
3,44,hybrid,HYBRID_ALPHA0.1_BETA0.9,0.1,0.9,300,0.68977,0.69366,0.02805,1.7072,1.1557,0.05076,0.04245,0.00124,0.055,0.6
3,44,hybrid,HYBRID_ALPHA0.2_BETA0.8,0.2,0.8,300,0.68096,0.68775,0.02683,0.8917,0.74941,0.04574,0.01732,0.00046,0.05985,0.6
3,44,hybrid,HYBRID_ALPHA0.3_BETA0.7,0.3,0.7,300,0.67578,0.68088,0.02817,0.89164,0.74526,0.04529,0.01705,0.00045,0.05945,0.625
3,44,hybrid,HYBRID_ALPHA0.4_BETA0.6,0.4,0.6,300,0.67487,0.67644,0.02823,0.8796,0.73464,0.046,0.01749,0.00038,0.05667,0.6
3,44,hybrid,HYBRID_ALPHA0.5_BETA0.5,0.5,0.5,300,0.67677,0.67281,0.03081,0.87624,0.73371,0.04681,0.01728,0.00036,0.0568,0.6
3,44,hybrid,HYBRID_ALPHA0.6_BETA0.4,0.6,0.4,300,0.681,0.6731,0.03212,0.87575,0.73472,0.04801,0.01836,0.00035,0.05566,0.525
3,44,hybrid,HYBRID_ALPHA0.7_BETA0.3,0.7,0.3,300,0.68341,0.67184,0.03436,0.88273,0.73851,0.04904,0.01937,0.00035,0.05631,0.55
3,44,hybrid,HYBRID_ALPHA0.8_BETA0.2,0.8,0.2,300,0.6846,0.67114,0.03618,0.88725,0.74305,0.05291,0.02265,0.00035,0.05542,0.55
3,44,hybrid,HYBRID_ALPHA0.9_BETA0.1,0.9,0.1,300,0.68522,0.66896,0.03977,0.90676,0.75234,0.06157,0.02845,0.00033,0.05489,0.6
3,44,hybrid,HYBRID_ALPHA0.1_BETA0.9,0.1,0.9,500,0.71567,0.71001,0.04313,1.04206,0.78167,0.04463,0.01639,0.00082,0.05803,0.65
3,44,hybrid,HYBRID_ALPHA0.2_BETA0.8,0.2,0.8,500,0.63698,0.66782,0.03207,0.96215,0.78851,0.03909,0.02704,0.00081,0.05072,0.575
3,44,hybrid,HYBRID_ALPHA0.3_BETA0.7,0.3,0.7,500,0.63854,0.67019,0.02803,0.92445,0.73749,0.03946,0.03212,0.00097,0.05077,0.575
3,44,hybrid,HYBRID_ALPHA0.4_BETA0.6,0.4,0.6,500,0.63764,0.66998,0.02816,0.92845,0.7246,0.03972,0.04032,0.00114,0.05114,0.55
3,44,hybrid,HYBRID_ALPHA0.5_BETA0.5,0.5,0.5,500,0.63543,0.66816,0.02924,0.97811,0.73546,0.04259,0.01491,0.00056,0.05538,0.65
3,44,hybrid,HYBRID_ALPHA0.6_BETA0.4,0.6,0.4,500,0.63789,0.67074,0.02575,0.885,0.71414,0.03954,0.01593,0.00035,0.0578,0.575
3,44,hybrid,HYBRID_ALPHA0.7_BETA0.3,0.7,0.3,500,0.65685,0.68083,0.02225,0.88039,0.7141,0.03908,0.01612,0.00032,0.05692,0.6
3,44,hybrid,HYBRID_ALPHA0.8_BETA0.2,0.8,0.2,500,0.6383,0.6713,0.02434,0.87948,0.71674,0.03883,0.01589,0.0004,0.05973,0.55
3,44,hybrid,HYBRID_ALPHA0.9_BETA0.1,0.9,0.1,500,0.64075,0.67225,0.0237,0.87268,0.70996,0.03814,0.01692,0.00044,0.06177,0.6
3,44,mse,MSE,1.0,0.0,50,0.63275,0.63906,0.04632,1.06375,0.78852,0.03236,0.10945,0.00308,0.06637,0.625
3,44,mse,MSE,1.0,0.0,100,0.62504,0.58717,0.01871,1.19629,0.86221,0.05604,0.13923,0.00237,0.05769,0.55
3,44,mse,MSE,1.0,0.0,300,0.68568,0.66691,0.04051,0.96204,0.77764,0.08604,0.04942,0.0006,0.06518,0.55
3,44,mse,MSE,1.0,0.0,500,0.64538,0.67518,0.02293,0.87059,0.71668,0.03839,0.02888,0.00059,0.0629,0.625
4,45,hsic,HSIC,0.0,1.0,50,0.74957,0.67358,0.06118,3.52551,1.42953,0.05164,0.20986,0.00856,0.24878,0.775
4,45,hsic,HSIC,0.0,1.0,100,0.76793,0.6502,0.12696,3.65879,1.45115,0.03452,0.28181,0.00676,0.27548,0.85
4,45,hsic,HSIC,0.0,1.0,300,1.05477,0.78455,0.05398,2.98168,1.32479,0.07486,0.18422,0.00255,0.24297,0.825
4,45,hsic,HSIC,0.0,1.0,500,1.00084,0.72595,0.03557,3.01028,1.33248,0.07374,0.18369,0.00288,0.24019,0.85
4,45,hybrid,HYBRID_ALPHA0.1_BETA0.9,0.1,0.9,50,0.918,0.83922,0.05966,1.94071,1.13088,0.05073,0.18082,0.00653,0.12988,0.7
4,45,hybrid,HYBRID_ALPHA0.2_BETA0.8,0.2,0.8,50,0.90151,0.83467,0.04823,1.89454,1.12093,0.05144,0.17632,0.00566,0.1232,0.75
4,45,hybrid,HYBRID_ALPHA0.3_BETA0.7,0.3,0.7,50,0.80879,0.78648,0.04142,1.78664,1.08502,0.04831,0.1734,0.00525,0.12005,0.75
4,45,hybrid,HYBRID_ALPHA0.4_BETA0.6,0.4,0.6,50,0.78092,0.77341,0.03699,1.62066,1.0247,0.045,0.16359,0.00474,0.11933,0.75
4,45,hybrid,HYBRID_ALPHA0.5_BETA0.5,0.5,0.5,50,0.7171,0.73832,0.03332,1.3799,0.9237,0.04135,0.14324,0.00432,0.1146,0.725
4,45,hybrid,HYBRID_ALPHA0.6_BETA0.4,0.6,0.4,50,0.71792,0.73762,0.03904,1.18159,0.86797,0.03776,0.12514,0.00401,0.10643,0.725
4,45,hybrid,HYBRID_ALPHA0.7_BETA0.3,0.7,0.3,50,0.72261,0.73878,0.05025,1.17143,0.86394,0.03892,0.12244,0.00397,0.10457,0.725
4,45,hybrid,HYBRID_ALPHA0.8_BETA0.2,0.8,0.2,50,0.73468,0.73986,0.06378,1.19714,0.87809,0.04192,0.13234,0.00401,0.10663,0.8
4,45,hybrid,HYBRID_ALPHA0.9_BETA0.1,0.9,0.1,50,0.74467,0.7423,0.07676,1.19748,0.88192,0.04455,0.13056,0.00403,0.10503,0.8
4,45,hybrid,HYBRID_ALPHA0.1_BETA0.9,0.1,0.9,100,0.6223,0.6528,0.02285,1.18036,0.9324,0.04186,0.02096,0.00031,0.08331,0.6
4,45,hybrid,HYBRID_ALPHA0.2_BETA0.8,0.2,0.8,100,0.62465,0.66632,0.01966,0.99434,0.82901,0.04352,0.01834,0.00039,0.0893,0.55
4,45,hybrid,HYBRID_ALPHA0.3_BETA0.7,0.3,0.7,100,0.62472,0.66863,0.01968,0.97254,0.81279,0.04292,0.01881,0.00045,0.0887,0.575
4,45,hybrid,HYBRID_ALPHA0.4_BETA0.6,0.4,0.6,100,0.62558,0.6734,0.02023,0.96835,0.8104,0.04257,0.01905,0.00061,0.0916,0.65
4,45,hybrid,HYBRID_ALPHA0.5_BETA0.5,0.5,0.5,100,0.63235,0.6812,0.01868,0.96449,0.80825,0.04194,0.01992,0.00075,0.09472,0.65
4,45,hybrid,HYBRID_ALPHA0.6_BETA0.4,0.6,0.4,100,0.63665,0.68584,0.01802,0.96091,0.80627,0.04141,0.02076,0.00084,0.09918,0.675
4,45,hybrid,HYBRID_ALPHA0.7_BETA0.3,0.7,0.3,100,0.63852,0.68814,0.02005,0.95695,0.80355,0.04078,0.02243,0.00089,0.10098,0.65
4,45,hybrid,HYBRID_ALPHA0.8_BETA0.2,0.8,0.2,100,0.66028,0.69708,0.0189,1.528,1.07207,0.03843,0.14231,0.00369,0.13063,0.825
4,45,hybrid,HYBRID_ALPHA0.9_BETA0.1,0.9,0.1,100,0.66567,0.69726,0.02508,0.96851,0.8091,0.04081,0.03323,0.00105,0.11103,0.675
4,45,hybrid,HYBRID_ALPHA0.1_BETA0.9,0.1,0.9,300,0.62008,0.63447,0.02395,0.88936,0.73052,0.04214,0.01373,0.00031,0.05799,0.575
4,45,hybrid,HYBRID_ALPHA0.2_BETA0.8,0.2,0.8,300,0.60158,0.61971,0.02272,1.6029,1.10099,0.05447,0.16246,0.00284,0.07652,0.6
4,45,hybrid,HYBRID_ALPHA0.3_BETA0.7,0.3,0.7,300,0.5889,0.61279,0.02164,1.57362,1.08391,0.0549,0.16476,0.00298,0.07992,0.6
4,45,hybrid,HYBRID_ALPHA0.4_BETA0.6,0.4,0.6,300,0.57825,0.60666,0.02158,1.51168,1.04933,0.05453,0.16468,0.00308,0.07983,0.65
4,45,hybrid,HYBRID_ALPHA0.5_BETA0.5,0.5,0.5,300,0.56868,0.60423,0.02248,1.39296,0.98262,0.0533,0.15863,0.00312,0.07973,0.675
4,45,hybrid,HYBRID_ALPHA0.6_BETA0.4,0.6,0.4,300,0.56057,0.60237,0.02458,1.3991,0.97982,0.054,0.16229,0.00316,0.0807,0.575
4,45,hybrid,HYBRID_ALPHA0.7_BETA0.3,0.7,0.3,300,0.57342,0.60411,0.02557,1.38555,0.96683,0.05437,0.16314,0.00319,0.07744,0.6
4,45,hybrid,HYBRID_ALPHA0.8_BETA0.2,0.8,0.2,300,0.57053,0.60474,0.02957,1.39328,0.96928,0.05519,0.1646,0.00319,0.07814,0.675
4,45,hybrid,HYBRID_ALPHA0.9_BETA0.1,0.9,0.1,300,0.56973,0.607,0.0356,1.38872,0.9647,0.05527,0.1649,0.00316,0.07839,0.625
4,45,hybrid,HYBRID_ALPHA0.1_BETA0.9,0.1,0.9,500,0.60889,0.62329,0.01943,1.07682,0.87054,0.03641,0.03054,0.00093,0.05786,0.6
4,45,hybrid,HYBRID_ALPHA0.2_BETA0.8,0.2,0.8,500,0.60492,0.61809,0.0192,1.02555,0.82828,0.03291,0.04999,0.00172,0.05669,0.575
4,45,hybrid,HYBRID_ALPHA0.3_BETA0.7,0.3,0.7,500,0.60319,0.61683,0.01923,0.97058,0.78989,0.03464,0.05258,0.00179,0.05706,0.575
4,45,hybrid,HYBRID_ALPHA0.4_BETA0.6,0.4,0.6,500,0.60157,0.61765,0.01811,1.01246,0.79387,0.03355,0.07202,0.00262,0.05622,0.6
4,45,hybrid,HYBRID_ALPHA0.5_BETA0.5,0.5,0.5,500,0.60292,0.62026,0.01877,1.12362,0.82811,0.02611,0.11369,0.00356,0.06264,0.575
4,45,hybrid,HYBRID_ALPHA0.6_BETA0.4,0.6,0.4,500,0.6022,0.61982,0.01969,1.12315,0.82523,0.02725,0.11983,0.00356,0.0649,0.6
4,45,hybrid,HYBRID_ALPHA0.7_BETA0.3,0.7,0.3,500,0.6023,0.62042,0.02151,1.12146,0.82211,0.02848,0.12467,0.00352,0.06713,0.55
4,45,hybrid,HYBRID_ALPHA0.8_BETA0.2,0.8,0.2,500,0.60086,0.6214,0.02337,0.82165,0.70199,0.03855,0.01848,0.00062,0.07384,0.625
4,45,hybrid,HYBRID_ALPHA0.9_BETA0.1,0.9,0.1,500,0.59726,0.61955,0.02711,0.81472,0.69979,0.0377,0.01943,0.00066,0.07524,0.675
4,45,mse,MSE,1.0,0.0,50,0.77444,0.75275,0.09245,1.22651,0.90284,0.04948,0.13324,0.00392,0.1044,0.75
4,45,mse,MSE,1.0,0.0,100,0.726,0.7242,0.03248,1.0064,0.8245,0.04711,0.04372,0.00179,0.1349,0.725
4,45,mse,MSE,1.0,0.0,300,0.56699,0.61,0.04344,1.37406,0.95571,0.05513,0.16405,0.00318,0.08283,0.675
4,45,mse,MSE,1.0,0.0,500,0.60333,0.626,0.03088,0.81679,0.70046,0.03705,0.01873,0.00073,0.06604,0.625
5,46,hsic,HSIC,0.0,1.0,50,1.68019,1.02252,0.10842,3.07155,1.3001,0.07198,0.18798,0.00481,0.147,0.725
5,46,hsic,HSIC,0.0,1.0,100,1.14303,0.85809,0.23799,4.00814,1.51168,0.13164,0.08619,0.00665,0.1735,0.725
5,46,hsic,HSIC,0.0,1.0,300,0.90585,0.71614,0.04142,1.67287,0.89371,0.03437,0.06086,0.00341,0.42394,0.875
5,46,hsic,HSIC,0.0,1.0,500,0.67085,0.55206,0.02422,3.29191,1.47639,0.07116,0.18257,0.00255,0.38878,0.9
5,46,hybrid,HYBRID_ALPHA0.1_BETA0.9,0.1,0.9,50,0.64638,0.60839,0.04299,1.40022,1.00249,0.0604,0.08499,0.00328,0.05875,0.7
5,46,hybrid,HYBRID_ALPHA0.2_BETA0.8,0.2,0.8,50,0.60181,0.57757,0.05886,1.0451,0.78612,0.05861,0.05597,0.00269,0.0392,0.65
5,46,hybrid,HYBRID_ALPHA0.3_BETA0.7,0.3,0.7,50,0.59137,0.58496,0.06911,1.08984,0.80107,0.0471,0.0787,0.00266,0.03248,0.675
5,46,hybrid,HYBRID_ALPHA0.4_BETA0.6,0.4,0.6,50,0.59126,0.58519,0.06563,1.05572,0.78918,0.04939,0.06757,0.00225,0.03443,0.725
5,46,hybrid,HYBRID_ALPHA0.5_BETA0.5,0.5,0.5,50,0.59616,0.588,0.06283,1.01976,0.76844,0.04801,0.05854,0.00181,0.03769,0.725
5,46,hybrid,HYBRID_ALPHA0.6_BETA0.4,0.6,0.4,50,0.60848,0.59353,0.06233,0.98887,0.7536,0.04461,0.05431,0.00156,0.0399,0.7
5,46,hybrid,HYBRID_ALPHA0.7_BETA0.3,0.7,0.3,50,0.62435,0.60136,0.06251,0.96519,0.74724,0.04319,0.05337,0.00147,0.04145,0.65
5,46,hybrid,HYBRID_ALPHA0.8_BETA0.2,0.8,0.2,50,0.73218,0.65351,0.03602,0.96504,0.75149,0.04819,0.05739,0.00128,0.04964,0.675
5,46,hybrid,HYBRID_ALPHA0.9_BETA0.1,0.9,0.1,50,0.62885,0.60451,0.06936,1.02079,0.77476,0.07478,0.07789,0.00126,0.0308,0.65
5,46,hybrid,HYBRID_ALPHA0.1_BETA0.9,0.1,0.9,100,1.09523,0.83672,0.23113,1.30896,0.97134,0.09407,0.10258,0.00147,0.05037,0.65
5,46,hybrid,HYBRID_ALPHA0.2_BETA0.8,0.2,0.8,100,1.05624,0.81987,0.22362,1.13272,0.86522,0.0786,0.0983,0.0017,0.05023,0.625
5,46,hybrid,HYBRID_ALPHA0.3_BETA0.7,0.3,0.7,100,0.97889,0.78615,0.20599,1.11266,0.83042,0.08819,0.09332,0.0022,0.05671,0.675
5,46,hybrid,HYBRID_ALPHA0.4_BETA0.6,0.4,0.6,100,0.90659,0.75536,0.18652,1.0074,0.78048,0.11058,0.09804,0.00157,0.05626,0.7
5,46,hybrid,HYBRID_ALPHA0.5_BETA0.5,0.5,0.5,100,0.88516,0.74393,0.17976,1.00532,0.77454,0.11027,0.10039,0.00166,0.05267,0.625
5,46,hybrid,HYBRID_ALPHA0.6_BETA0.4,0.6,0.4,100,0.86692,0.73536,0.17327,1.0188,0.78191,0.0637,0.12049,0.00206,0.0449,0.65
5,46,hybrid,HYBRID_ALPHA0.7_BETA0.3,0.7,0.3,100,0.84598,0.72635,0.16562,1.0637,0.80272,0.04663,0.12465,0.00259,0.04783,0.625
5,46,hybrid,HYBRID_ALPHA0.8_BETA0.2,0.8,0.2,100,0.78461,0.70252,0.13993,1.03099,0.78835,0.05177,0.11918,0.00246,0.04455,0.65
5,46,hybrid,HYBRID_ALPHA0.9_BETA0.1,0.9,0.1,100,0.63859,0.64387,0.07167,0.99511,0.7728,0.10125,0.11567,0.00247,0.05468,0.625
5,46,hybrid,HYBRID_ALPHA0.1_BETA0.9,0.1,0.9,300,0.63983,0.65772,0.02111,3.12491,1.63911,0.0369,0.02986,0.00087,0.06153,0.675
5,46,hybrid,HYBRID_ALPHA0.2_BETA0.8,0.2,0.8,300,0.60999,0.62487,0.01847,2.47031,1.43593,0.03596,0.02969,0.00082,0.05782,0.575
5,46,hybrid,HYBRID_ALPHA0.3_BETA0.7,0.3,0.7,300,0.61025,0.62224,0.01861,1.88733,1.21862,0.03112,0.06301,0.00265,0.05212,0.6
5,46,hybrid,HYBRID_ALPHA0.4_BETA0.6,0.4,0.6,300,0.60342,0.61979,0.02099,1.55955,1.07502,0.0255,0.09206,0.00297,0.0573,0.575
5,46,hybrid,HYBRID_ALPHA0.5_BETA0.5,0.5,0.5,300,0.60169,0.61687,0.02127,0.89001,0.75865,0.04423,0.02344,0.00034,0.0727,0.575
5,46,hybrid,HYBRID_ALPHA0.6_BETA0.4,0.6,0.4,300,0.59817,0.61393,0.02134,0.87442,0.74744,0.04382,0.02421,0.0004,0.0706,0.525
5,46,hybrid,HYBRID_ALPHA0.7_BETA0.3,0.7,0.3,300,0.60034,0.61435,0.0218,0.91629,0.76279,0.03797,0.0141,0.00032,0.06509,0.6
5,46,hybrid,HYBRID_ALPHA0.8_BETA0.2,0.8,0.2,300,0.59881,0.61722,0.02473,0.91248,0.75234,0.03848,0.01422,0.0003,0.06603,0.55
5,46,hybrid,HYBRID_ALPHA0.9_BETA0.1,0.9,0.1,300,0.60672,0.62041,0.02136,0.93088,0.76455,0.0428,0.01833,0.00029,0.06124,0.5
5,46,hybrid,HYBRID_ALPHA0.1_BETA0.9,0.1,0.9,500,0.64146,0.66524,0.01984,1.08451,0.88549,0.04035,0.02016,0.00039,0.09502,0.725
5,46,hybrid,HYBRID_ALPHA0.2_BETA0.8,0.2,0.8,500,0.63046,0.6527,0.02164,1.46261,1.05636,0.04042,0.03095,0.00061,0.05861,0.625
5,46,hybrid,HYBRID_ALPHA0.3_BETA0.7,0.3,0.7,500,0.62504,0.64777,0.02157,0.998,0.82434,0.04102,0.03028,0.00056,0.05731,0.675
5,46,hybrid,HYBRID_ALPHA0.4_BETA0.6,0.4,0.6,500,0.62392,0.64723,0.02097,0.90293,0.76001,0.04084,0.02958,0.00055,0.05287,0.65
5,46,hybrid,HYBRID_ALPHA0.5_BETA0.5,0.5,0.5,500,0.62449,0.64788,0.02047,0.90222,0.76018,0.04019,0.02927,0.00054,0.0506,0.675
5,46,hybrid,HYBRID_ALPHA0.6_BETA0.4,0.6,0.4,500,0.62613,0.64689,0.02211,0.88891,0.74865,0.03977,0.02865,0.00043,0.04877,0.575
5,46,hybrid,HYBRID_ALPHA0.7_BETA0.3,0.7,0.3,500,0.62002,0.64376,0.0218,1.29249,0.94811,0.03129,0.1351,0.00298,0.07852,0.7
5,46,hybrid,HYBRID_ALPHA0.8_BETA0.2,0.8,0.2,500,0.62431,0.64776,0.02302,1.3478,0.80481,0.0412,0.08561,0.00197,0.07082,0.7
5,46,hybrid,HYBRID_ALPHA0.9_BETA0.1,0.9,0.1,500,0.61943,0.64324,0.02423,1.2991,0.79762,0.03875,0.1012,0.00238,0.0646,0.725
5,46,mse,MSE,1.0,0.0,50,0.6904,0.62596,0.07476,1.07893,0.81432,0.11619,0.10846,0.0019,0.03147,0.675
5,46,mse,MSE,1.0,0.0,100,0.65897,0.65269,0.09515,0.99214,0.7756,0.09037,0.11146,0.00264,0.05967,0.625
5,46,mse,MSE,1.0,0.0,300,0.60493,0.61768,0.02585,1.08107,0.83308,0.10507,0.06717,0.00064,0.06323,0.55
5,46,mse,MSE,1.0,0.0,500,0.6192,0.64352,0.02712,2.14718,1.02076,0.08212,0.19657,0.00251,0.13432,0.75
6,47,hsic,HSIC,0.0,1.0,50,1.78926,1.09594,0.02263,3.34286,1.40951,0.09287,0.11423,0.0023,0.19225,0.75
6,47,hsic,HSIC,0.0,1.0,100,0.84587,0.61537,0.03428,5.1347,1.62409,0.10505,0.0623,0.00429,0.20686,0.775
6,47,hsic,HSIC,0.0,1.0,300,1.99459,1.10125,0.06949,6.53974,2.30286,0.05463,0.02926,0.00211,0.26055,0.825
6,47,hsic,HSIC,0.0,1.0,500,1.50803,0.9508,0.11366,6.72245,2.33386,0.04363,0.04,0.00223,0.25352,0.825
6,47,hybrid,HYBRID_ALPHA0.1_BETA0.9,0.1,0.9,50,0.61939,0.55529,0.02532,1.04164,0.81518,0.0399,0.05113,0.00118,0.05151,0.6
6,47,hybrid,HYBRID_ALPHA0.2_BETA0.8,0.2,0.8,50,0.60192,0.61347,0.02198,1.31764,0.95338,0.0302,0.07153,0.00253,0.04937,0.55
6,47,hybrid,HYBRID_ALPHA0.3_BETA0.7,0.3,0.7,50,0.63393,0.65285,0.02035,1.17176,0.85944,0.03156,0.07457,0.0025,0.04973,0.55
6,47,hybrid,HYBRID_ALPHA0.4_BETA0.6,0.4,0.6,50,0.651,0.67408,0.02012,1.12697,0.83209,0.03198,0.0722,0.0025,0.05031,0.575
6,47,hybrid,HYBRID_ALPHA0.5_BETA0.5,0.5,0.5,50,0.65891,0.68723,0.02114,1.09544,0.81415,0.03234,0.06807,0.00251,0.05051,0.55
6,47,hybrid,HYBRID_ALPHA0.6_BETA0.4,0.6,0.4,50,0.66252,0.69605,0.02202,0.94905,0.72335,0.03409,0.05676,0.00192,0.05427,0.55
6,47,hybrid,HYBRID_ALPHA0.7_BETA0.3,0.7,0.3,50,0.67764,0.70695,0.02229,0.96338,0.72614,0.03199,0.06385,0.00223,0.05692,0.575
6,47,hybrid,HYBRID_ALPHA0.8_BETA0.2,0.8,0.2,50,0.71021,0.72669,0.02441,0.98301,0.73487,0.02997,0.07181,0.00267,0.05968,0.575
6,47,hybrid,HYBRID_ALPHA0.9_BETA0.1,0.9,0.1,50,0.72638,0.73756,0.02896,0.99942,0.74422,0.02795,0.07634,0.00299,0.06289,0.6
6,47,hybrid,HYBRID_ALPHA0.1_BETA0.9,0.1,0.9,100,0.89809,0.63402,0.03737,1.39449,1.02285,0.06051,0.054,0.00189,0.08919,0.65
6,47,hybrid,HYBRID_ALPHA0.2_BETA0.8,0.2,0.8,100,0.68387,0.59728,0.03581,1.13932,0.88184,0.05959,0.05358,0.00177,0.08625,0.65
6,47,hybrid,HYBRID_ALPHA0.3_BETA0.7,0.3,0.7,100,0.64712,0.62184,0.03997,1.07782,0.83886,0.0607,0.05487,0.00166,0.08465,0.675
6,47,hybrid,HYBRID_ALPHA0.4_BETA0.6,0.4,0.6,100,0.64616,0.63532,0.04109,1.04662,0.81921,0.0606,0.05456,0.00165,0.08441,0.675
6,47,hybrid,HYBRID_ALPHA0.5_BETA0.5,0.5,0.5,100,0.65081,0.64609,0.04405,1.00407,0.80703,0.03308,0.05381,0.00195,0.08425,0.7
6,47,hybrid,HYBRID_ALPHA0.6_BETA0.4,0.6,0.4,100,0.65467,0.65301,0.04582,0.93159,0.76716,0.05632,0.02619,0.00108,0.09236,0.675
6,47,hybrid,HYBRID_ALPHA0.7_BETA0.3,0.7,0.3,100,0.65667,0.65711,0.04497,0.92364,0.76386,0.05383,0.02672,0.00117,0.09022,0.65
6,47,hybrid,HYBRID_ALPHA0.8_BETA0.2,0.8,0.2,100,0.66103,0.65649,0.04757,0.92257,0.76367,0.05631,0.02839,0.0012,0.09066,0.65
6,47,hybrid,HYBRID_ALPHA0.9_BETA0.1,0.9,0.1,100,0.66775,0.64324,0.05089,0.93359,0.76245,0.08508,0.0417,0.00185,0.09654,0.625
6,47,hybrid,HYBRID_ALPHA0.1_BETA0.9,0.1,0.9,300,0.70895,0.71497,0.02067,1.34925,0.97844,0.03431,0.1273,0.00328,0.08005,0.775
6,47,hybrid,HYBRID_ALPHA0.2_BETA0.8,0.2,0.8,300,0.68828,0.69965,0.01998,1.27415,0.93756,0.03311,0.1259,0.00334,0.08064,0.775
6,47,hybrid,HYBRID_ALPHA0.3_BETA0.7,0.3,0.7,300,0.67754,0.69187,0.01894,1.17628,0.88121,0.03384,0.11947,0.00327,0.07857,0.75
6,47,hybrid,HYBRID_ALPHA0.4_BETA0.6,0.4,0.6,300,0.6828,0.69719,0.01825,1.10769,0.8389,0.03485,0.10976,0.00314,0.07526,0.7
6,47,hybrid,HYBRID_ALPHA0.5_BETA0.5,0.5,0.5,300,0.68157,0.69298,0.01954,1.18998,0.88908,0.03459,0.11499,0.00319,0.07581,0.65
6,47,hybrid,HYBRID_ALPHA0.6_BETA0.4,0.6,0.4,300,0.67778,0.69105,0.01987,0.99342,0.77276,0.04334,0.06437,0.00214,0.06267,0.65
6,47,hybrid,HYBRID_ALPHA0.7_BETA0.3,0.7,0.3,300,0.68894,0.69766,0.01793,1.02158,0.78593,0.03939,0.07828,0.00255,0.06825,0.725
6,47,hybrid,HYBRID_ALPHA0.8_BETA0.2,0.8,0.2,300,0.69085,0.69909,0.01882,1.03862,0.80203,0.03977,0.08502,0.00267,0.07125,0.75
6,47,hybrid,HYBRID_ALPHA0.9_BETA0.1,0.9,0.1,300,0.69545,0.70063,0.02312,1.10574,0.84224,0.03809,0.10194,0.00292,0.07602,0.675
6,47,hybrid,HYBRID_ALPHA0.1_BETA0.9,0.1,0.9,500,0.65515,0.68015,0.02318,1.37158,0.98897,0.03545,0.12146,0.00311,0.07908,0.65
6,47,hybrid,HYBRID_ALPHA0.2_BETA0.8,0.2,0.8,500,0.6341,0.66439,0.02107,1.34727,0.97746,0.03445,0.1267,0.00338,0.08531,0.65
6,47,hybrid,HYBRID_ALPHA0.3_BETA0.7,0.3,0.7,500,0.62232,0.65629,0.0204,0.92918,0.76763,0.04521,0.03981,0.00156,0.06971,0.65
6,47,hybrid,HYBRID_ALPHA0.4_BETA0.6,0.4,0.6,500,0.61904,0.65662,0.01912,0.93212,0.77112,0.04448,0.04341,0.00169,0.07654,0.625
6,47,hybrid,HYBRID_ALPHA0.5_BETA0.5,0.5,0.5,500,0.61752,0.65581,0.01921,0.91681,0.7608,0.04293,0.04433,0.00184,0.08143,0.6
6,47,hybrid,HYBRID_ALPHA0.6_BETA0.4,0.6,0.4,500,0.62149,0.65912,0.02022,1.17351,0.88532,0.04173,0.11041,0.00343,0.09391,0.7
6,47,hybrid,HYBRID_ALPHA0.7_BETA0.3,0.7,0.3,500,0.62312,0.66082,0.0206,1.24563,0.91903,0.04196,0.12742,0.00369,0.09708,0.675
6,47,hybrid,HYBRID_ALPHA0.8_BETA0.2,0.8,0.2,500,0.62343,0.66209,0.01938,1.18661,0.87942,0.03348,0.11629,0.00364,0.0878,0.65
6,47,hybrid,HYBRID_ALPHA0.9_BETA0.1,0.9,0.1,500,0.6235,0.66166,0.01937,1.12616,0.8345,0.03312,0.11381,0.00356,0.08755,0.725
6,47,mse,MSE,1.0,0.0,50,0.74301,0.752,0.03257,1.02321,0.75906,0.0274,0.08297,0.00329,0.06861,0.6
6,47,mse,MSE,1.0,0.0,100,0.66988,0.65239,0.06095,0.94537,0.77029,0.09207,0.05634,0.00211,0.1006,0.625
6,47,mse,MSE,1.0,0.0,300,0.69889,0.70109,0.02903,1.15416,0.86621,0.03733,0.11483,0.00307,0.08014,0.75
6,47,mse,MSE,1.0,0.0,500,0.6209,0.6607,0.02193,0.87961,0.73998,0.04961,0.02147,0.00104,0.08384,0.65
7,48,hsic,HSIC,0.0,1.0,50,0.99829,0.75175,0.16038,2.9529,1.30988,0.07507,0.18126,0.00477,0.15058,0.75
7,48,hsic,HSIC,0.0,1.0,100,1.34929,0.86684,0.22678,3.04543,1.36424,0.07056,0.18164,0.00635,0.26148,0.775
7,48,hsic,HSIC,0.0,1.0,300,0.92051,0.72816,0.16131,2.99529,1.33218,0.0718,0.18307,0.00463,0.22456,0.75
7,48,hsic,HSIC,0.0,1.0,500,1.64124,0.9609,0.07307,3.05315,1.31938,0.07415,0.18525,0.00435,0.2917,0.8
7,48,hybrid,HYBRID_ALPHA0.1_BETA0.9,0.1,0.9,50,0.99867,0.7693,0.18608,1.14865,0.87446,0.04515,0.06027,0.002,0.06507,0.65
7,48,hybrid,HYBRID_ALPHA0.2_BETA0.8,0.2,0.8,50,0.98859,0.76489,0.19098,1.20664,0.91223,0.04222,0.04049,0.00249,0.063,0.675
7,48,hybrid,HYBRID_ALPHA0.3_BETA0.7,0.3,0.7,50,0.72829,0.66747,0.09674,1.187,0.90134,0.04316,0.04117,0.00226,0.05965,0.7
7,48,hybrid,HYBRID_ALPHA0.4_BETA0.6,0.4,0.6,50,0.69502,0.65839,0.08251,1.11346,0.83713,0.03796,0.04987,0.0021,0.04941,0.725
7,48,hybrid,HYBRID_ALPHA0.5_BETA0.5,0.5,0.5,50,0.68661,0.64998,0.07181,1.10227,0.82909,0.03844,0.05196,0.00205,0.05109,0.65
7,48,hybrid,HYBRID_ALPHA0.6_BETA0.4,0.6,0.4,50,0.93624,0.74725,0.18619,1.11503,0.83878,0.03902,0.05194,0.00254,0.06051,0.675
7,48,hybrid,HYBRID_ALPHA0.7_BETA0.3,0.7,0.3,50,0.72896,0.66136,0.06328,1.1058,0.8272,0.03759,0.05755,0.00225,0.06129,0.675
7,48,hybrid,HYBRID_ALPHA0.8_BETA0.2,0.8,0.2,50,0.79435,0.67903,0.0758,1.626,1.06846,0.06475,0.17228,0.00464,0.10388,0.7
7,48,hybrid,HYBRID_ALPHA0.9_BETA0.1,0.9,0.1,50,0.77495,0.68743,0.07724,1.75228,1.09736,0.06919,0.17872,0.00472,0.10879,0.75
7,48,hybrid,HYBRID_ALPHA0.1_BETA0.9,0.1,0.9,100,1.2178,0.84543,0.21336,1.78039,1.16785,0.05344,0.08246,0.00476,0.10407,0.675
7,48,hybrid,HYBRID_ALPHA0.2_BETA0.8,0.2,0.8,100,0.73411,0.7335,0.04131,1.05921,0.6956,0.06186,0.0216,0.00109,0.06431,0.65
7,48,hybrid,HYBRID_ALPHA0.3_BETA0.7,0.3,0.7,100,0.75101,0.72957,0.087,1.10214,0.71658,0.0615,0.02318,0.00134,0.07718,0.6
7,48,hybrid,HYBRID_ALPHA0.4_BETA0.6,0.4,0.6,100,0.75135,0.72843,0.09537,1.01074,0.70492,0.06313,0.02471,0.00138,0.07783,0.65
7,48,hybrid,HYBRID_ALPHA0.5_BETA0.5,0.5,0.5,100,0.84394,0.78594,0.1164,0.98645,0.70695,0.06513,0.0254,0.00181,0.06556,0.675
7,48,hybrid,HYBRID_ALPHA0.6_BETA0.4,0.6,0.4,100,0.78279,0.76044,0.0985,0.9626,0.70821,0.06221,0.02716,0.00149,0.06535,0.6
7,48,hybrid,HYBRID_ALPHA0.7_BETA0.3,0.7,0.3,100,0.79528,0.75261,0.12946,0.94334,0.7106,0.06228,0.02875,0.00148,0.07935,0.65
7,48,hybrid,HYBRID_ALPHA0.8_BETA0.2,0.8,0.2,100,0.80118,0.74755,0.14119,0.91905,0.71796,0.06432,0.03378,0.00153,0.07634,0.6
7,48,hybrid,HYBRID_ALPHA0.9_BETA0.1,0.9,0.1,100,0.81055,0.75365,0.14936,0.91195,0.7265,0.07557,0.04522,0.00169,0.07538,0.625
7,48,hybrid,HYBRID_ALPHA0.1_BETA0.9,0.1,0.9,300,0.90584,0.74885,0.15674,1.15997,0.91862,0.04159,0.01824,0.0021,0.07638,0.7
7,48,hybrid,HYBRID_ALPHA0.2_BETA0.8,0.2,0.8,300,0.88843,0.7446,0.15311,0.85322,0.72029,0.04117,0.01664,0.00187,0.0906,0.725
7,48,hybrid,HYBRID_ALPHA0.3_BETA0.7,0.3,0.7,300,0.88191,0.74475,0.15473,0.83437,0.693,0.04042,0.01642,0.00188,0.08949,0.775
7,48,hybrid,HYBRID_ALPHA0.4_BETA0.6,0.4,0.6,300,0.70933,0.63883,0.05422,0.82875,0.69616,0.04353,0.02024,0.00149,0.07697,0.6
7,48,hybrid,HYBRID_ALPHA0.5_BETA0.5,0.5,0.5,300,0.71559,0.65388,0.05906,0.8151,0.69073,0.04056,0.01586,0.00146,0.07958,0.625
7,48,hybrid,HYBRID_ALPHA0.6_BETA0.4,0.6,0.4,300,0.73051,0.67409,0.0696,0.81312,0.68459,0.04041,0.01628,0.00149,0.07956,0.625
7,48,hybrid,HYBRID_ALPHA0.7_BETA0.3,0.7,0.3,300,0.74825,0.69789,0.0803,0.81414,0.67771,0.04182,0.01681,0.00153,0.07859,0.65
7,48,hybrid,HYBRID_ALPHA0.8_BETA0.2,0.8,0.2,300,0.76966,0.71959,0.09269,0.81741,0.67902,0.04258,0.01797,0.00163,0.0782,0.675
7,48,hybrid,HYBRID_ALPHA0.9_BETA0.1,0.9,0.1,300,0.666,0.68802,0.05684,0.83184,0.69078,0.04929,0.02341,0.00104,0.06147,0.6
7,48,hybrid,HYBRID_ALPHA0.1_BETA0.9,0.1,0.9,500,0.62531,0.64242,0.02022,1.35912,0.98349,0.04088,0.11973,0.00301,0.06384,0.6
7,48,hybrid,HYBRID_ALPHA0.2_BETA0.8,0.2,0.8,500,0.62149,0.63509,0.02011,1.22643,0.91426,0.03276,0.1006,0.00307,0.06132,0.55
7,48,hybrid,HYBRID_ALPHA0.3_BETA0.7,0.3,0.7,500,0.62165,0.63281,0.02133,0.89352,0.75206,0.04798,0.02048,0.00052,0.05916,0.625
7,48,hybrid,HYBRID_ALPHA0.4_BETA0.6,0.4,0.6,500,0.62457,0.63371,0.01939,0.9504,0.76636,0.05066,0.04207,0.00148,0.0537,0.6
7,48,hybrid,HYBRID_ALPHA0.5_BETA0.5,0.5,0.5,500,0.62287,0.63129,0.02093,0.9694,0.77225,0.04578,0.05512,0.00182,0.05793,0.575
7,48,hybrid,HYBRID_ALPHA0.6_BETA0.4,0.6,0.4,500,0.62944,0.63121,0.02136,1.00408,0.78981,0.04363,0.07029,0.00219,0.05631,0.6
7,48,hybrid,HYBRID_ALPHA0.7_BETA0.3,0.7,0.3,500,0.63159,0.6317,0.02191,1.03406,0.80339,0.04279,0.08192,0.0023,0.06096,0.625
7,48,hybrid,HYBRID_ALPHA0.8_BETA0.2,0.8,0.2,500,0.63205,0.6313,0.02217,1.08001,0.82685,0.0428,0.09622,0.00241,0.06482,0.625
7,48,hybrid,HYBRID_ALPHA0.9_BETA0.1,0.9,0.1,500,0.63302,0.63117,0.02239,1.12473,0.85111,0.04418,0.10921,0.00247,0.06843,0.675
7,48,mse,MSE,1.0,0.0,50,0.78001,0.68771,0.08844,1.39923,0.93904,0.03724,0.0728,0.00285,0.06656,0.725
7,48,mse,MSE,1.0,0.0,100,0.82311,0.76192,0.15867,1.02848,0.78024,0.07459,0.08087,0.00248,0.07247,0.6
7,48,mse,MSE,1.0,0.0,300,0.66684,0.68965,0.05538,0.86905,0.71044,0.05337,0.03391,0.00121,0.05934,0.55
7,48,mse,MSE,1.0,0.0,500,0.63409,0.63125,0.02249,1.15521,0.86671,0.04645,0.11816,0.00247,0.0706,0.675
8,49,hsic,HSIC,0.0,1.0,50,0.89856,0.69609,0.13018,3.81773,1.41962,0.17342,0.12083,0.00329,0.20906,0.775
8,49,hsic,HSIC,0.0,1.0,100,1.4473,0.92262,0.10652,2.23844,0.94648,0.03998,0.11522,0.00426,0.20386,0.825
8,49,hsic,HSIC,0.0,1.0,300,0.74917,0.57572,0.02874,6.31185,2.2925,0.03695,0.01719,0.00158,0.19372,0.75
8,49,hsic,HSIC,0.0,1.0,500,1.36562,0.89285,0.10638,3.38742,1.52301,0.06453,0.17568,0.00467,0.30867,0.875
8,49,hybrid,HYBRID_ALPHA0.1_BETA0.9,0.1,0.9,50,0.86023,0.7096,0.1244,1.26329,0.90783,0.0415,0.14664,0.00334,0.12749,0.725
8,49,hybrid,HYBRID_ALPHA0.2_BETA0.8,0.2,0.8,50,0.84787,0.70752,0.11918,1.24958,0.90602,0.02616,0.13438,0.00327,0.11699,0.75
8,49,hybrid,HYBRID_ALPHA0.3_BETA0.7,0.3,0.7,50,0.84574,0.71968,0.12125,1.1884,0.85641,0.02749,0.14442,0.00309,0.11235,0.725
8,49,hybrid,HYBRID_ALPHA0.4_BETA0.6,0.4,0.6,50,0.83246,0.71898,0.11558,1.1775,0.84285,0.02793,0.15188,0.00318,0.1139,0.7
8,49,hybrid,HYBRID_ALPHA0.5_BETA0.5,0.5,0.5,50,0.71205,0.68786,0.04811,1.1372,0.83507,0.02744,0.11927,0.00355,0.10737,0.7
8,49,hybrid,HYBRID_ALPHA0.6_BETA0.4,0.6,0.4,50,0.64937,0.68256,0.02866,1.11301,0.81898,0.02839,0.11317,0.00363,0.09189,0.7
8,49,hybrid,HYBRID_ALPHA0.7_BETA0.3,0.7,0.3,50,0.66472,0.68827,0.02666,1.09653,0.80683,0.03164,0.10901,0.00325,0.09067,0.675
8,49,hybrid,HYBRID_ALPHA0.8_BETA0.2,0.8,0.2,50,0.67362,0.68474,0.02796,1.089,0.80264,0.03449,0.1071,0.00298,0.08652,0.625
8,49,hybrid,HYBRID_ALPHA0.9_BETA0.1,0.9,0.1,50,0.69824,0.70061,0.0302,1.10538,0.81221,0.03879,0.11403,0.00303,0.09431,0.725
8,49,hybrid,HYBRID_ALPHA0.1_BETA0.9,0.1,0.9,100,0.61375,0.6106,0.06288,1.21454,0.89745,0.03267,0.087,0.00278,0.08366,0.675
8,49,hybrid,HYBRID_ALPHA0.2_BETA0.8,0.2,0.8,100,0.59177,0.60597,0.05324,1.17917,0.88669,0.02944,0.08301,0.0028,0.0876,0.7
8,49,hybrid,HYBRID_ALPHA0.3_BETA0.7,0.3,0.7,100,0.57216,0.5915,0.03571,1.10484,0.84412,0.02939,0.0788,0.00266,0.08558,0.725
8,49,hybrid,HYBRID_ALPHA0.4_BETA0.6,0.4,0.6,100,0.57047,0.58919,0.0303,1.13172,0.85174,0.03066,0.0853,0.00281,0.08409,0.675
8,49,hybrid,HYBRID_ALPHA0.5_BETA0.5,0.5,0.5,100,0.56743,0.5878,0.02865,1.10423,0.82872,0.03143,0.08591,0.00274,0.07662,0.7
8,49,hybrid,HYBRID_ALPHA0.6_BETA0.4,0.6,0.4,100,0.56768,0.58135,0.03005,1.0911,0.82114,0.02981,0.09449,0.00273,0.07328,0.675
8,49,hybrid,HYBRID_ALPHA0.7_BETA0.3,0.7,0.3,100,0.57511,0.59396,0.02565,0.89015,0.74989,0.04057,0.03345,0.00092,0.07406,0.775
8,49,hybrid,HYBRID_ALPHA0.8_BETA0.2,0.8,0.2,100,0.57511,0.58705,0.02986,0.87578,0.74374,0.04087,0.0304,0.00079,0.07207,0.75
8,49,hybrid,HYBRID_ALPHA0.9_BETA0.1,0.9,0.1,100,0.57385,0.58893,0.03368,0.94874,0.76802,0.03762,0.05622,0.00184,0.07003,0.75
8,49,hybrid,HYBRID_ALPHA0.1_BETA0.9,0.1,0.9,300,0.60807,0.6366,0.02684,1.09937,0.88504,0.04351,0.01715,0.00053,0.0583,0.6
8,49,hybrid,HYBRID_ALPHA0.2_BETA0.8,0.2,0.8,300,0.60909,0.643,0.03028,1.0304,0.84397,0.04423,0.01723,0.00046,0.06148,0.575
8,49,hybrid,HYBRID_ALPHA0.3_BETA0.7,0.3,0.7,300,0.6019,0.63718,0.02404,0.9785,0.80864,0.04481,0.02112,0.00067,0.05965,0.6
8,49,hybrid,HYBRID_ALPHA0.4_BETA0.6,0.4,0.6,300,0.5979,0.63422,0.02414,0.9615,0.79507,0.04475,0.02066,0.00065,0.06192,0.6
8,49,hybrid,HYBRID_ALPHA0.5_BETA0.5,0.5,0.5,300,0.59306,0.62933,0.02504,0.85257,0.72529,0.04442,0.01792,0.00036,0.06629,0.575
8,49,hybrid,HYBRID_ALPHA0.6_BETA0.4,0.6,0.4,300,0.59118,0.62889,0.02548,0.85389,0.72266,0.0446,0.01676,0.00035,0.0684,0.575
8,49,hybrid,HYBRID_ALPHA0.7_BETA0.3,0.7,0.3,300,0.58938,0.62486,0.02333,0.84388,0.71735,0.0449,0.01817,0.00036,0.07474,0.625
8,49,hybrid,HYBRID_ALPHA0.8_BETA0.2,0.8,0.2,300,0.58358,0.62199,0.02286,0.84621,0.72135,0.04483,0.01892,0.00032,0.0751,0.625
8,49,hybrid,HYBRID_ALPHA0.9_BETA0.1,0.9,0.1,300,0.5825,0.6205,0.02616,0.85285,0.72687,0.04537,0.01985,0.0003,0.07665,0.625
8,49,hybrid,HYBRID_ALPHA0.1_BETA0.9,0.1,0.9,500,0.63949,0.66455,0.02718,1.618,1.09515,0.03507,0.10964,0.00272,0.06667,0.625
8,49,hybrid,HYBRID_ALPHA0.2_BETA0.8,0.2,0.8,500,0.62131,0.64809,0.02621,1.52652,1.06791,0.03395,0.11521,0.00302,0.0713,0.625
8,49,hybrid,HYBRID_ALPHA0.3_BETA0.7,0.3,0.7,500,0.61694,0.64472,0.02709,1.55335,1.08105,0.03501,0.11593,0.00302,0.0712,0.625
8,49,hybrid,HYBRID_ALPHA0.4_BETA0.6,0.4,0.6,500,0.61393,0.6407,0.02651,1.58001,1.09238,0.03559,0.11952,0.00312,0.07134,0.575
8,49,hybrid,HYBRID_ALPHA0.5_BETA0.5,0.5,0.5,500,0.61414,0.64152,0.02654,1.4157,1.01723,0.03495,0.1109,0.00315,0.06999,0.55
8,49,hybrid,HYBRID_ALPHA0.6_BETA0.4,0.6,0.4,500,0.61554,0.64068,0.02827,0.87882,0.74486,0.03675,0.01201,0.00043,0.07111,0.625
8,49,hybrid,HYBRID_ALPHA0.7_BETA0.3,0.7,0.3,500,0.61727,0.64089,0.03059,0.94727,0.78143,0.04151,0.01248,0.00035,0.06166,0.55
8,49,hybrid,HYBRID_ALPHA0.8_BETA0.2,0.8,0.2,500,0.62143,0.64218,0.03491,0.85804,0.72749,0.03893,0.01439,0.00031,0.06146,0.575
8,49,hybrid,HYBRID_ALPHA0.9_BETA0.1,0.9,0.1,500,0.61425,0.64114,0.0343,0.85746,0.72798,0.04249,0.01644,0.00033,0.06138,0.575
8,49,mse,MSE,1.0,0.0,50,0.72355,0.71599,0.03556,1.15327,0.84475,0.04619,0.12848,0.00313,0.10411,0.675
8,49,mse,MSE,1.0,0.0,100,0.57841,0.59189,0.03681,0.97739,0.77841,0.03737,0.06831,0.00213,0.07105,0.675
8,49,mse,MSE,1.0,0.0,300,0.57185,0.61785,0.02625,0.87318,0.73545,0.04803,0.02431,0.00031,0.08016,0.65
8,49,mse,MSE,1.0,0.0,500,0.6175,0.64299,0.04068,1.34605,0.91415,0.0375,0.15205,0.00342,0.09229,0.675
9,50,hsic,HSIC,0.0,1.0,50,1.67366,0.99238,0.07624,3.08907,1.31561,0.07557,0.18732,0.00447,0.30281,0.85
9,50,hsic,HSIC,0.0,1.0,100,1.31911,0.86675,0.0925,2.44937,1.10596,0.08713,0.15774,0.00639,0.23839,0.75
9,50,hsic,HSIC,0.0,1.0,300,2.20181,1.04306,0.27748,2.33271,1.04061,0.09927,0.02244,0.00449,0.25217,0.75
9,50,hsic,HSIC,0.0,1.0,500,1.33434,0.84631,0.04711,3.04151,1.34655,0.07178,0.18008,0.00468,0.2055,0.775
9,50,hybrid,HYBRID_ALPHA0.1_BETA0.9,0.1,0.9,50,1.05563,0.69507,0.05408,1.7686,1.16209,0.05697,0.16299,0.00406,0.14241,0.8
9,50,hybrid,HYBRID_ALPHA0.2_BETA0.8,0.2,0.8,50,0.62536,0.64077,0.02363,2.67037,1.30511,0.08109,0.18859,0.00289,0.17564,0.825
9,50,hybrid,HYBRID_ALPHA0.3_BETA0.7,0.3,0.7,50,0.69961,0.69769,0.04044,2.64259,1.3026,0.08032,0.18762,0.00253,0.174,0.8
9,50,hybrid,HYBRID_ALPHA0.4_BETA0.6,0.4,0.6,50,0.71993,0.71478,0.03749,2.63412,1.30056,0.08001,0.18741,0.00253,0.17402,0.825
9,50,hybrid,HYBRID_ALPHA0.5_BETA0.5,0.5,0.5,50,0.7448,0.73966,0.03052,2.62146,1.2981,0.07962,0.18673,0.00282,0.17324,0.825
9,50,hybrid,HYBRID_ALPHA0.6_BETA0.4,0.6,0.4,50,0.7135,0.72682,0.02308,2.60918,1.29568,0.07952,0.18609,0.0031,0.17524,0.825
9,50,hybrid,HYBRID_ALPHA0.7_BETA0.3,0.7,0.3,50,0.67688,0.70114,0.01966,2.60642,1.29471,0.07967,0.18615,0.00357,0.17003,0.825
9,50,hybrid,HYBRID_ALPHA0.8_BETA0.2,0.8,0.2,50,0.68672,0.70215,0.02851,2.60645,1.29506,0.07976,0.18628,0.00425,0.17234,0.825
9,50,hybrid,HYBRID_ALPHA0.9_BETA0.1,0.9,0.1,50,0.72033,0.7179,0.03954,2.60532,1.29506,0.07996,0.18631,0.00472,0.17491,0.825
9,50,hybrid,HYBRID_ALPHA0.1_BETA0.9,0.1,0.9,100,0.66976,0.68576,0.05386,1.37708,0.96718,0.02835,0.15836,0.00477,0.07449,0.675
9,50,hybrid,HYBRID_ALPHA0.2_BETA0.8,0.2,0.8,100,0.6614,0.67046,0.05996,1.35877,0.96146,0.02869,0.15436,0.00432,0.07302,0.625
9,50,hybrid,HYBRID_ALPHA0.3_BETA0.7,0.3,0.7,100,0.67944,0.67186,0.06308,1.3389,0.95575,0.02997,0.14697,0.00398,0.06533,0.675
9,50,hybrid,HYBRID_ALPHA0.4_BETA0.6,0.4,0.6,100,0.67336,0.66199,0.06478,1.30451,0.94561,0.03163,0.13722,0.00357,0.06258,0.65
9,50,hybrid,HYBRID_ALPHA0.5_BETA0.5,0.5,0.5,100,0.66669,0.65431,0.06814,1.23259,0.90856,0.03115,0.13559,0.00335,0.06129,0.625
9,50,hybrid,HYBRID_ALPHA0.6_BETA0.4,0.6,0.4,100,0.66846,0.65072,0.07199,1.14568,0.86239,0.03049,0.13412,0.00308,0.06097,0.6
9,50,hybrid,HYBRID_ALPHA0.7_BETA0.3,0.7,0.3,100,0.68674,0.66661,0.07082,1.07752,0.83244,0.0289,0.12912,0.00329,0.06271,0.625
9,50,hybrid,HYBRID_ALPHA0.8_BETA0.2,0.8,0.2,100,0.6811,0.66028,0.08579,1.11644,0.84669,0.02879,0.13107,0.00324,0.06248,0.625
9,50,hybrid,HYBRID_ALPHA0.9_BETA0.1,0.9,0.1,100,0.69328,0.66824,0.10073,1.1166,0.85127,0.02701,0.12894,0.00312,0.06244,0.575
9,50,hybrid,HYBRID_ALPHA0.1_BETA0.9,0.1,0.9,300,0.66741,0.6591,0.03215,1.22643,0.88411,0.03675,0.11869,0.00306,0.05213,0.575
9,50,hybrid,HYBRID_ALPHA0.2_BETA0.8,0.2,0.8,300,0.64208,0.64135,0.02693,1.27104,0.93283,0.03049,0.11789,0.00356,0.06232,0.6
9,50,hybrid,HYBRID_ALPHA0.3_BETA0.7,0.3,0.7,300,0.6211,0.61982,0.02693,0.86572,0.73149,0.04977,0.02718,0.00064,0.05558,0.675
9,50,hybrid,HYBRID_ALPHA0.4_BETA0.6,0.4,0.6,300,0.61856,0.61909,0.02802,0.8614,0.72656,0.04373,0.0308,0.00059,0.05106,0.575
9,50,hybrid,HYBRID_ALPHA0.5_BETA0.5,0.5,0.5,300,0.60617,0.61408,0.02658,0.99457,0.76559,0.03726,0.07738,0.00209,0.0507,0.625
9,50,hybrid,HYBRID_ALPHA0.6_BETA0.4,0.6,0.4,300,0.61086,0.61578,0.0265,0.98263,0.76257,0.03722,0.07495,0.00213,0.05139,0.65
9,50,hybrid,HYBRID_ALPHA0.7_BETA0.3,0.7,0.3,300,0.61964,0.62094,0.03242,0.98746,0.7645,0.03576,0.07793,0.00228,0.05661,0.625
9,50,hybrid,HYBRID_ALPHA0.8_BETA0.2,0.8,0.2,300,0.62411,0.62243,0.03369,1.01618,0.7807,0.03371,0.0857,0.00249,0.06493,0.6
9,50,hybrid,HYBRID_ALPHA0.9_BETA0.1,0.9,0.1,300,0.64852,0.63364,0.04392,1.05879,0.80249,0.03229,0.09892,0.00269,0.06542,0.6
9,50,hybrid,HYBRID_ALPHA0.1_BETA0.9,0.1,0.9,500,0.62745,0.63505,0.02325,1.08567,0.87819,0.03945,0.02206,0.00079,0.04949,0.6
9,50,hybrid,HYBRID_ALPHA0.2_BETA0.8,0.2,0.8,500,0.62203,0.635,0.02066,0.95427,0.78678,0.04108,0.02903,0.001,0.04951,0.625
9,50,hybrid,HYBRID_ALPHA0.3_BETA0.7,0.3,0.7,500,0.62208,0.63434,0.02097,0.94418,0.77306,0.04261,0.03338,0.00117,0.04845,0.6
9,50,hybrid,HYBRID_ALPHA0.4_BETA0.6,0.4,0.6,500,0.61913,0.63083,0.02434,0.87605,0.74349,0.04305,0.02182,0.00058,0.05358,0.6
9,50,hybrid,HYBRID_ALPHA0.5_BETA0.5,0.5,0.5,500,0.61588,0.62854,0.0247,0.87108,0.73832,0.04494,0.02216,0.0006,0.05366,0.6
9,50,hybrid,HYBRID_ALPHA0.6_BETA0.4,0.6,0.4,500,0.61244,0.62606,0.02515,0.86904,0.73932,0.04204,0.02135,0.00055,0.05563,0.575
9,50,hybrid,HYBRID_ALPHA0.7_BETA0.3,0.7,0.3,500,0.61324,0.62667,0.02455,0.86493,0.73488,0.04303,0.0207,0.00061,0.0568,0.6
9,50,hybrid,HYBRID_ALPHA0.8_BETA0.2,0.8,0.2,500,0.6266,0.63826,0.02491,0.8743,0.74097,0.0443,0.01865,0.00075,0.05184,0.65
9,50,hybrid,HYBRID_ALPHA0.9_BETA0.1,0.9,0.1,500,0.6285,0.64049,0.0271,0.87609,0.74266,0.05135,0.01892,0.0008,0.05105,0.65
9,50,mse,MSE,1.0,0.0,50,0.73878,0.73199,0.04681,2.60638,1.29591,0.08007,0.18634,0.00485,0.17964,0.825
9,50,mse,MSE,1.0,0.0,100,0.71677,0.6791,0.12358,1.19748,0.88857,0.03762,0.13804,0.00304,0.06952,0.575
9,50,mse,MSE,1.0,0.0,300,0.65245,0.63424,0.05076,1.0631,0.7974,0.03106,0.10804,0.00294,0.07283,0.65
9,50,mse,MSE,1.0,0.0,500,0.63074,0.64306,0.03053,0.88567,0.75045,0.06735,0.02281,0.00083,0.05054,0.625
10,51,hsic,HSIC,0.0,1.0,50,1.26473,0.75764,0.14207,2.82704,1.33135,0.08508,0.19203,0.00604,0.07504,0.725
10,51,hsic,HSIC,0.0,1.0,100,1.02225,0.78139,0.2123,2.97678,1.33431,0.07765,0.18745,0.00476,0.10935,0.825
10,51,hsic,HSIC,0.0,1.0,300,1.47463,0.91853,0.0856,3.12475,1.33796,0.0753,0.18714,0.00449,0.23343,0.85
10,51,hsic,HSIC,0.0,1.0,500,0.61364,0.64633,0.02284,8.93845,2.76564,0.04972,0.02331,0.00067,0.19934,0.75
10,51,hybrid,HYBRID_ALPHA0.1_BETA0.9,0.1,0.9,50,0.82169,0.61233,0.03996,2.82102,1.32917,0.08497,0.19177,0.00496,0.05932,0.675
10,51,hybrid,HYBRID_ALPHA0.2_BETA0.8,0.2,0.8,50,0.73553,0.60359,0.0429,2.81093,1.32776,0.08495,0.19173,0.00491,0.05912,0.6
10,51,hybrid,HYBRID_ALPHA0.3_BETA0.7,0.3,0.7,50,0.72144,0.6059,0.04601,2.80138,1.32657,0.08492,0.19164,0.00494,0.05927,0.675
10,51,hybrid,HYBRID_ALPHA0.4_BETA0.6,0.4,0.6,50,0.69586,0.60898,0.04448,2.67843,1.29925,0.08313,0.189,0.00491,0.05748,0.675
10,51,hybrid,HYBRID_ALPHA0.5_BETA0.5,0.5,0.5,50,0.70022,0.61335,0.05193,2.41796,1.23994,0.0788,0.18389,0.00498,0.0558,0.7
10,51,hybrid,HYBRID_ALPHA0.6_BETA0.4,0.6,0.4,50,0.69121,0.60888,0.04795,1.52647,0.98396,0.06211,0.15007,0.00414,0.04859,0.65
10,51,hybrid,HYBRID_ALPHA0.7_BETA0.3,0.7,0.3,50,0.69459,0.61149,0.04992,1.54822,0.98422,0.06011,0.14911,0.00418,0.05006,0.675
10,51,hybrid,HYBRID_ALPHA0.8_BETA0.2,0.8,0.2,50,0.70153,0.61505,0.05042,1.55944,0.983,0.0582,0.14993,0.00423,0.0505,0.725
10,51,hybrid,HYBRID_ALPHA0.9_BETA0.1,0.9,0.1,50,0.74167,0.62489,0.05251,1.55504,0.97421,0.05586,0.15008,0.00441,0.04922,0.65
10,51,hybrid,HYBRID_ALPHA0.1_BETA0.9,0.1,0.9,100,1.26462,0.88295,0.26655,2.72871,1.26978,0.07471,0.18369,0.0048,0.10232,0.775
10,51,hybrid,HYBRID_ALPHA0.2_BETA0.8,0.2,0.8,100,1.26504,0.88322,0.26662,1.12982,0.82318,0.04165,0.09537,0.00413,0.05161,0.7
10,51,hybrid,HYBRID_ALPHA0.3_BETA0.7,0.3,0.7,100,1.26474,0.88316,0.26662,1.01195,0.76423,0.03514,0.073,0.00324,0.04998,0.75
10,51,hybrid,HYBRID_ALPHA0.4_BETA0.6,0.4,0.6,100,1.26467,0.88315,0.26662,1.02039,0.77119,0.04397,0.02852,0.00364,0.06793,0.725
10,51,hybrid,HYBRID_ALPHA0.5_BETA0.5,0.5,0.5,100,1.26478,0.88324,0.26661,0.86639,0.72545,0.04672,0.03594,0.00196,0.06913,0.725
10,51,hybrid,HYBRID_ALPHA0.6_BETA0.4,0.6,0.4,100,1.26568,0.88378,0.26671,0.92802,0.75206,0.0544,0.03711,0.00274,0.07465,0.725
10,51,hybrid,HYBRID_ALPHA0.7_BETA0.3,0.7,0.3,100,1.26588,0.88404,0.26671,0.90506,0.73924,0.04946,0.04766,0.00264,0.07296,0.725
10,51,hybrid,HYBRID_ALPHA0.8_BETA0.2,0.8,0.2,100,1.26586,0.88404,0.26671,0.91022,0.74052,0.0495,0.04954,0.00255,0.07433,0.75
10,51,hybrid,HYBRID_ALPHA0.9_BETA0.1,0.9,0.1,100,1.26586,0.88404,0.26671,0.91712,0.74452,0.05009,0.05319,0.00253,0.07488,0.775
10,51,hybrid,HYBRID_ALPHA0.1_BETA0.9,0.1,0.9,300,0.61773,0.63578,0.02379,0.82879,0.71499,0.03747,0.0178,0.00058,0.07505,0.625
10,51,hybrid,HYBRID_ALPHA0.2_BETA0.8,0.2,0.8,300,0.61842,0.63627,0.02227,0.8204,0.70321,0.03803,0.01753,0.00054,0.0696,0.6
10,51,hybrid,HYBRID_ALPHA0.3_BETA0.7,0.3,0.7,300,0.60939,0.62999,0.02083,0.81852,0.70311,0.0385,0.01789,0.00055,0.06807,0.625
10,51,hybrid,HYBRID_ALPHA0.4_BETA0.6,0.4,0.6,300,0.60333,0.62627,0.0202,1.15303,0.86063,0.02826,0.10081,0.00287,0.0537,0.525
10,51,hybrid,HYBRID_ALPHA0.5_BETA0.5,0.5,0.5,300,0.59928,0.62553,0.02002,0.81608,0.70051,0.03958,0.01903,0.00059,0.06723,0.6
10,51,hybrid,HYBRID_ALPHA0.6_BETA0.4,0.6,0.4,300,0.59797,0.62678,0.01821,0.81132,0.69298,0.03817,0.01853,0.0007,0.06905,0.6
10,51,hybrid,HYBRID_ALPHA0.7_BETA0.3,0.7,0.3,300,0.60133,0.6279,0.01746,0.80925,0.69478,0.03895,0.01895,0.00084,0.0681,0.575
10,51,hybrid,HYBRID_ALPHA0.8_BETA0.2,0.8,0.2,300,0.59169,0.62341,0.01756,0.81103,0.70435,0.04276,0.02189,0.00074,0.06751,0.6
10,51,hybrid,HYBRID_ALPHA0.9_BETA0.1,0.9,0.1,300,0.59708,0.62302,0.02092,0.80539,0.69588,0.04291,0.02085,0.00066,0.06648,0.575
10,51,hybrid,HYBRID_ALPHA0.1_BETA0.9,0.1,0.9,500,0.60916,0.63137,0.0239,1.24795,0.91097,0.03231,0.12785,0.00333,0.06171,0.575
10,51,hybrid,HYBRID_ALPHA0.2_BETA0.8,0.2,0.8,500,0.60626,0.63093,0.02367,1.2533,0.91859,0.0302,0.12749,0.00356,0.0663,0.55
10,51,hybrid,HYBRID_ALPHA0.3_BETA0.7,0.3,0.7,500,0.60176,0.62981,0.02266,1.22701,0.90496,0.03354,0.12322,0.00349,0.06851,0.575
10,51,hybrid,HYBRID_ALPHA0.4_BETA0.6,0.4,0.6,500,0.60554,0.63491,0.0242,1.20117,0.88696,0.03613,0.12322,0.00347,0.07095,0.625
10,51,hybrid,HYBRID_ALPHA0.5_BETA0.5,0.5,0.5,500,0.61412,0.64064,0.02762,1.04959,0.7901,0.03144,0.08634,0.00302,0.06092,0.575
10,51,hybrid,HYBRID_ALPHA0.6_BETA0.4,0.6,0.4,500,0.60917,0.6379,0.03287,1.02945,0.78643,0.03409,0.08154,0.00281,0.0649,0.575
10,51,hybrid,HYBRID_ALPHA0.7_BETA0.3,0.7,0.3,500,0.61653,0.6455,0.03205,1.05513,0.80093,0.03458,0.08971,0.00308,0.06928,0.6
10,51,hybrid,HYBRID_ALPHA0.8_BETA0.2,0.8,0.2,500,0.62178,0.64963,0.03546,1.07789,0.81503,0.03638,0.09732,0.0032,0.07184,0.6
10,51,hybrid,HYBRID_ALPHA0.9_BETA0.1,0.9,0.1,500,0.62546,0.65281,0.03944,1.10967,0.83613,0.04037,0.10787,0.00324,0.07501,0.6
10,51,mse,MSE,1.0,0.0,50,0.72327,0.62107,0.06105,1.33051,0.92225,0.04448,0.11704,0.00412,0.05087,0.625
10,51,mse,MSE,1.0,0.0,100,1.26586,0.88404,0.26671,0.92896,0.74967,0.05254,0.06309,0.00248,0.07462,0.7
10,51,mse,MSE,1.0,0.0,300,0.59454,0.62277,0.02312,0.81858,0.70795,0.05355,0.02671,0.00065,0.06507,0.575
10,51,mse,MSE,1.0,0.0,500,0.62913,0.65435,0.04557,1.1508,0.85984,0.04597,0.11996,0.00324,0.07904,0.65
11,52,hsic,HSIC,0.0,1.0,50,1.57343,0.87223,0.17553,3.02906,1.3187,0.07332,0.18401,0.00682,0.20295,0.825
11,52,hsic,HSIC,0.0,1.0,100,1.75472,0.95911,0.28089,2.66776,1.13197,0.15137,0.11559,0.00705,0.27672,0.8
11,52,hsic,HSIC,0.0,1.0,300,0.86514,0.69498,0.05773,19.96769,4.34903,0.05531,0.02326,0.00127,0.42388,0.85
11,52,hsic,HSIC,0.0,1.0,500,1.33866,0.87695,0.09608,8.38627,2.69712,0.04033,0.0292,0.00223,0.34544,0.85
11,52,hybrid,HYBRID_ALPHA0.1_BETA0.9,0.1,0.9,50,0.8354,0.65613,0.09341,1.2237,0.875,0.05059,0.15306,0.00414,0.09484,0.7
11,52,hybrid,HYBRID_ALPHA0.2_BETA0.8,0.2,0.8,50,0.73622,0.69294,0.05094,1.22655,0.87961,0.0796,0.17835,0.00355,0.09284,0.75
11,52,hybrid,HYBRID_ALPHA0.3_BETA0.7,0.3,0.7,50,0.76424,0.73154,0.05158,1.1335,0.81177,0.06892,0.17525,0.00372,0.0865,0.75
11,52,hybrid,HYBRID_ALPHA0.4_BETA0.6,0.4,0.6,50,0.806,0.76037,0.06903,1.10566,0.80646,0.06268,0.14431,0.00342,0.08752,0.75
11,52,hybrid,HYBRID_ALPHA0.5_BETA0.5,0.5,0.5,50,0.84691,0.7752,0.10387,1.06529,0.7741,0.05785,0.12832,0.00329,0.08599,0.7
11,52,hybrid,HYBRID_ALPHA0.6_BETA0.4,0.6,0.4,50,0.9049,0.80366,0.10702,1.04439,0.75348,0.0542,0.11905,0.00312,0.08477,0.675
11,52,hybrid,HYBRID_ALPHA0.7_BETA0.3,0.7,0.3,50,0.87702,0.79253,0.11033,1.03418,0.74915,0.05056,0.11251,0.00314,0.08529,0.65
11,52,hybrid,HYBRID_ALPHA0.8_BETA0.2,0.8,0.2,50,0.89706,0.80448,0.11636,1.02335,0.74462,0.04624,0.10546,0.00318,0.08751,0.7
11,52,hybrid,HYBRID_ALPHA0.9_BETA0.1,0.9,0.1,50,0.90631,0.81323,0.11483,0.98477,0.7409,0.04135,0.09013,0.00303,0.08968,0.7
11,52,hybrid,HYBRID_ALPHA0.1_BETA0.9,0.1,0.9,100,0.69959,0.67818,0.06578,1.09189,0.85432,0.03602,0.07106,0.002,0.08222,0.65
11,52,hybrid,HYBRID_ALPHA0.2_BETA0.8,0.2,0.8,100,0.64355,0.63322,0.05677,0.97254,0.78688,0.03325,0.05983,0.00206,0.08099,0.7
11,52,hybrid,HYBRID_ALPHA0.3_BETA0.7,0.3,0.7,100,0.61695,0.6043,0.06253,1.05977,0.82441,0.03671,0.073,0.00204,0.0749,0.625
11,52,hybrid,HYBRID_ALPHA0.4_BETA0.6,0.4,0.6,100,0.59808,0.58492,0.06383,1.07761,0.80938,0.03592,0.08717,0.00232,0.07226,0.675
11,52,hybrid,HYBRID_ALPHA0.5_BETA0.5,0.5,0.5,100,0.59201,0.58301,0.05383,1.07844,0.81138,0.03691,0.09221,0.00212,0.06264,0.7
11,52,hybrid,HYBRID_ALPHA0.6_BETA0.4,0.6,0.4,100,0.5891,0.58137,0.06168,1.09052,0.82157,0.03768,0.09845,0.00224,0.06487,0.675
11,52,hybrid,HYBRID_ALPHA0.7_BETA0.3,0.7,0.3,100,0.58461,0.5834,0.04624,1.10174,0.83073,0.03901,0.10492,0.00219,0.06849,0.7
11,52,hybrid,HYBRID_ALPHA0.8_BETA0.2,0.8,0.2,100,0.59125,0.58373,0.05399,1.14565,0.85476,0.0352,0.11736,0.00229,0.06887,0.7
11,52,hybrid,HYBRID_ALPHA0.9_BETA0.1,0.9,0.1,100,0.5953,0.58317,0.06027,1.12469,0.83306,0.03407,0.11783,0.00219,0.06801,0.7
11,52,hybrid,HYBRID_ALPHA0.1_BETA0.9,0.1,0.9,300,0.77071,0.74993,0.03041,4.31924,1.95017,0.048,0.03212,0.00045,0.0796,0.6
11,52,hybrid,HYBRID_ALPHA0.2_BETA0.8,0.2,0.8,300,0.70928,0.71131,0.02837,2.07813,1.29923,0.04862,0.03106,0.00052,0.0679,0.625
11,52,hybrid,HYBRID_ALPHA0.3_BETA0.7,0.3,0.7,300,0.68173,0.69489,0.02503,1.3604,1.00679,0.04724,0.03199,0.00057,0.06591,0.6
11,52,hybrid,HYBRID_ALPHA0.4_BETA0.6,0.4,0.6,300,0.67276,0.68925,0.02267,1.03336,0.83897,0.04512,0.03203,0.0006,0.06545,0.6
11,52,hybrid,HYBRID_ALPHA0.5_BETA0.5,0.5,0.5,300,0.66951,0.68789,0.02257,0.93125,0.76513,0.04286,0.02986,0.00054,0.06589,0.625
11,52,hybrid,HYBRID_ALPHA0.6_BETA0.4,0.6,0.4,300,0.67008,0.68947,0.0248,0.92636,0.76267,0.0409,0.02667,0.0004,0.06725,0.6
11,52,hybrid,HYBRID_ALPHA0.7_BETA0.3,0.7,0.3,300,0.66718,0.68821,0.02373,1.36941,0.98998,0.02847,0.11502,0.00292,0.08849,0.675
11,52,hybrid,HYBRID_ALPHA0.8_BETA0.2,0.8,0.2,300,0.66892,0.69073,0.02265,1.31674,0.96147,0.02873,0.11616,0.00292,0.08802,0.65
11,52,hybrid,HYBRID_ALPHA0.9_BETA0.1,0.9,0.1,300,0.66926,0.69211,0.0212,0.9914,0.79496,0.05013,0.04482,0.00049,0.06828,0.575
11,52,hybrid,HYBRID_ALPHA0.1_BETA0.9,0.1,0.9,500,0.67729,0.67355,0.04785,1.67584,1.13664,0.0414,0.07006,0.00207,0.08131,0.6
11,52,hybrid,HYBRID_ALPHA0.2_BETA0.8,0.2,0.8,500,0.65191,0.66032,0.03272,1.55295,1.07128,0.03344,0.08959,0.00254,0.08056,0.625
11,52,hybrid,HYBRID_ALPHA0.3_BETA0.7,0.3,0.7,500,0.64854,0.65355,0.03114,1.49129,1.04457,0.03291,0.08867,0.00246,0.07652,0.65
11,52,hybrid,HYBRID_ALPHA0.4_BETA0.6,0.4,0.6,500,0.6571,0.65423,0.03295,1.52404,1.06106,0.03117,0.0869,0.00238,0.07464,0.6
11,52,hybrid,HYBRID_ALPHA0.5_BETA0.5,0.5,0.5,500,0.65433,0.65431,0.03186,1.29592,0.93544,0.02869,0.10825,0.00262,0.07071,0.575
11,52,hybrid,HYBRID_ALPHA0.6_BETA0.4,0.6,0.4,500,0.64863,0.65096,0.03065,0.90733,0.72978,0.04025,0.01924,0.00042,0.06809,0.575
11,52,hybrid,HYBRID_ALPHA0.7_BETA0.3,0.7,0.3,500,0.6326,0.64319,0.02678,0.90443,0.72437,0.03934,0.02055,0.00042,0.06441,0.575
11,52,hybrid,HYBRID_ALPHA0.8_BETA0.2,0.8,0.2,500,0.63347,0.65109,0.02165,0.91109,0.73363,0.03998,0.02048,0.00068,0.06326,0.6
11,52,hybrid,HYBRID_ALPHA0.9_BETA0.1,0.9,0.1,500,0.63536,0.65245,0.02179,0.90964,0.73531,0.03941,0.02378,0.00069,0.06477,0.6
11,52,mse,MSE,1.0,0.0,50,0.91311,0.82051,0.11269,0.98187,0.74982,0.04371,0.07279,0.00296,0.08861,0.7
11,52,mse,MSE,1.0,0.0,100,0.64875,0.6009,0.09173,1.21571,0.89074,0.04713,0.13591,0.00175,0.06907,0.7
11,52,mse,MSE,1.0,0.0,300,0.6691,0.69326,0.01944,1.38197,0.98463,0.05366,0.14967,0.00258,0.09574,0.675
11,52,mse,MSE,1.0,0.0,500,0.63985,0.65155,0.02471,1.0813,0.82924,0.067,0.06336,0.00118,0.0602,0.6
12,53,hsic,HSIC,0.0,1.0,50,0.74714,0.60723,0.048,3.16918,1.33852,0.07584,0.18835,0.00473,0.12882,0.775
12,53,hsic,HSIC,0.0,1.0,100,1.58106,0.9645,0.04015,3.9398,1.39692,0.07902,0.07332,0.00404,0.13097,0.725
12,53,hsic,HSIC,0.0,1.0,300,1.39096,0.89525,0.09941,3.132,1.36644,0.06873,0.18341,0.00483,0.14605,0.75
12,53,hsic,HSIC,0.0,1.0,500,1.53739,0.92899,0.0546,2.98954,1.33099,0.07372,0.18479,0.00464,0.1712,0.775
12,53,hybrid,HYBRID_ALPHA0.1_BETA0.9,0.1,0.9,50,0.72744,0.69902,0.06264,1.12611,0.8379,0.04147,0.07742,0.00336,0.05218,0.725
12,53,hybrid,HYBRID_ALPHA0.2_BETA0.8,0.2,0.8,50,0.80599,0.72417,0.0553,1.1894,0.88219,0.03744,0.09795,0.00272,0.06213,0.675
12,53,hybrid,HYBRID_ALPHA0.3_BETA0.7,0.3,0.7,50,0.85993,0.73194,0.06276,2.16464,1.17197,0.07469,0.18152,0.00297,0.06813,0.725
12,53,hybrid,HYBRID_ALPHA0.4_BETA0.6,0.4,0.6,50,0.90565,0.74435,0.07397,2.31524,1.19918,0.07508,0.18062,0.00305,0.06313,0.75
12,53,hybrid,HYBRID_ALPHA0.5_BETA0.5,0.5,0.5,50,0.79483,0.7205,0.07583,2.31547,1.19873,0.0751,0.18058,0.00431,0.07927,0.725
12,53,hybrid,HYBRID_ALPHA0.6_BETA0.4,0.6,0.4,50,0.80105,0.7277,0.07417,2.30197,1.19576,0.07461,0.18011,0.00449,0.07299,0.7
12,53,hybrid,HYBRID_ALPHA0.7_BETA0.3,0.7,0.3,50,0.79376,0.73295,0.0697,2.28264,1.18929,0.07413,0.17976,0.00463,0.07483,0.75
12,53,hybrid,HYBRID_ALPHA0.8_BETA0.2,0.8,0.2,50,0.81077,0.73286,0.07218,2.3282,1.20332,0.07457,0.1803,0.00442,0.0789,0.775
12,53,hybrid,HYBRID_ALPHA0.9_BETA0.1,0.9,0.1,50,0.82413,0.73293,0.07286,2.33834,1.20492,0.07485,0.18096,0.00426,0.07998,0.725
12,53,hybrid,HYBRID_ALPHA0.1_BETA0.9,0.1,0.9,100,0.73078,0.66189,0.03008,1.21376,0.90859,0.03837,0.0946,0.00277,0.06173,0.675
12,53,hybrid,HYBRID_ALPHA0.2_BETA0.8,0.2,0.8,100,0.6809,0.65966,0.02667,1.14256,0.84276,0.03159,0.12083,0.00376,0.04819,0.65
12,53,hybrid,HYBRID_ALPHA0.3_BETA0.7,0.3,0.7,100,0.65826,0.65418,0.0244,1.14762,0.85511,0.02883,0.11764,0.00373,0.048,0.675
12,53,hybrid,HYBRID_ALPHA0.4_BETA0.6,0.4,0.6,100,0.65812,0.65895,0.02267,1.13166,0.8456,0.02962,0.11572,0.00357,0.05235,0.675
12,53,hybrid,HYBRID_ALPHA0.5_BETA0.5,0.5,0.5,100,0.6481,0.6569,0.0242,1.11401,0.83525,0.03,0.11189,0.00326,0.05392,0.65
12,53,hybrid,HYBRID_ALPHA0.6_BETA0.4,0.6,0.4,100,0.63832,0.65072,0.02388,1.09953,0.82594,0.03082,0.10824,0.00353,0.0592,0.675
12,53,hybrid,HYBRID_ALPHA0.7_BETA0.3,0.7,0.3,100,0.72799,0.68883,0.06865,1.08224,0.81552,0.03205,0.10196,0.00321,0.06644,0.625
12,53,hybrid,HYBRID_ALPHA0.8_BETA0.2,0.8,0.2,100,0.71903,0.69296,0.07951,1.07364,0.80902,0.03393,0.09891,0.00303,0.06621,0.625
12,53,hybrid,HYBRID_ALPHA0.9_BETA0.1,0.9,0.1,100,0.71842,0.69772,0.08614,1.07537,0.81182,0.03646,0.09968,0.00299,0.06755,0.575
12,53,hybrid,HYBRID_ALPHA0.1_BETA0.9,0.1,0.9,300,0.85268,0.71157,0.06242,1.19989,0.88113,0.04801,0.06864,0.00246,0.05371,0.65
12,53,hybrid,HYBRID_ALPHA0.2_BETA0.8,0.2,0.8,300,0.58554,0.60743,0.02521,0.88301,0.75085,0.04158,0.02258,0.00045,0.046,0.6
12,53,hybrid,HYBRID_ALPHA0.3_BETA0.7,0.3,0.7,300,0.57898,0.60542,0.02371,0.97506,0.74976,0.0432,0.06821,0.00184,0.03875,0.65
12,53,hybrid,HYBRID_ALPHA0.4_BETA0.6,0.4,0.6,300,0.57564,0.6022,0.02454,0.98648,0.75745,0.04116,0.07387,0.00216,0.03961,0.625
12,53,hybrid,HYBRID_ALPHA0.5_BETA0.5,0.5,0.5,300,0.57743,0.6018,0.02331,0.98428,0.7558,0.04056,0.07546,0.00225,0.0396,0.7
12,53,hybrid,HYBRID_ALPHA0.6_BETA0.4,0.6,0.4,300,0.58296,0.60656,0.02223,0.92584,0.75143,0.04498,0.02163,0.00072,0.05144,0.675
12,53,hybrid,HYBRID_ALPHA0.7_BETA0.3,0.7,0.3,300,0.58204,0.6044,0.0224,0.95604,0.76427,0.04694,0.02108,0.00073,0.05852,0.7
12,53,hybrid,HYBRID_ALPHA0.8_BETA0.2,0.8,0.2,300,0.58766,0.61283,0.02045,1.03246,0.78898,0.03666,0.08603,0.00287,0.04547,0.65
12,53,hybrid,HYBRID_ALPHA0.9_BETA0.1,0.9,0.1,300,0.59092,0.61517,0.02065,1.06045,0.80743,0.03802,0.09285,0.00298,0.04675,0.7
12,53,hybrid,HYBRID_ALPHA0.1_BETA0.9,0.1,0.9,500,0.65874,0.65582,0.03899,1.23355,0.92595,0.0546,0.0439,0.00103,0.04659,0.55
12,53,hybrid,HYBRID_ALPHA0.2_BETA0.8,0.2,0.8,500,0.64904,0.65153,0.03689,1.02091,0.80044,0.04302,0.05684,0.00146,0.05042,0.625
12,53,hybrid,HYBRID_ALPHA0.3_BETA0.7,0.3,0.7,500,0.62598,0.64617,0.03364,1.04728,0.79932,0.03688,0.07133,0.00198,0.05123,0.6
12,53,hybrid,HYBRID_ALPHA0.4_BETA0.6,0.4,0.6,500,0.6124,0.63292,0.02636,1.04296,0.78694,0.03479,0.07874,0.00252,0.04199,0.6
12,53,hybrid,HYBRID_ALPHA0.5_BETA0.5,0.5,0.5,500,0.61298,0.63251,0.02763,1.0362,0.78462,0.03326,0.08302,0.0026,0.04291,0.625
12,53,hybrid,HYBRID_ALPHA0.6_BETA0.4,0.6,0.4,500,0.61111,0.63398,0.02718,1.03411,0.78127,0.03318,0.08763,0.00266,0.04429,0.625
12,53,hybrid,HYBRID_ALPHA0.7_BETA0.3,0.7,0.3,500,0.6123,0.63737,0.02853,0.89779,0.72028,0.05616,0.03527,0.00124,0.04032,0.6
12,53,hybrid,HYBRID_ALPHA0.8_BETA0.2,0.8,0.2,500,0.62018,0.64094,0.03157,0.89939,0.72583,0.05668,0.03582,0.00117,0.04131,0.65
12,53,hybrid,HYBRID_ALPHA0.9_BETA0.1,0.9,0.1,500,0.6217,0.6413,0.03374,0.90999,0.73629,0.05736,0.03875,0.00119,0.04303,0.6
12,53,mse,MSE,1.0,0.0,50,0.83302,0.73403,0.0731,2.33412,1.20289,0.07445,0.18092,0.00413,0.08341,0.75
12,53,mse,MSE,1.0,0.0,100,0.71992,0.70236,0.08867,1.08914,0.82273,0.03963,0.10573,0.00306,0.06921,0.625
12,53,mse,MSE,1.0,0.0,300,0.60266,0.61881,0.01993,1.0047,0.7934,0.0449,0.02729,0.00099,0.06165,0.65
12,53,mse,MSE,1.0,0.0,500,0.62372,0.64369,0.03909,0.92173,0.7477,0.0602,0.04241,0.00129,0.04486,0.575
13,54,hsic,HSIC,0.0,1.0,50,2.81171,1.29585,0.13479,3.00896,1.29261,0.07616,0.18742,0.00406,0.35428,0.9
13,54,hsic,HSIC,0.0,1.0,100,1.04326,0.82698,0.18154,2.45402,1.15341,0.04739,0.1018,0.00447,0.3131,0.85
13,54,hsic,HSIC,0.0,1.0,300,1.28182,0.83858,0.05859,3.02031,1.33006,0.07603,0.18524,0.0044,0.21645,0.75
13,54,hsic,HSIC,0.0,1.0,500,1.36576,0.86509,0.05009,3.01186,1.33719,0.07352,0.18168,0.0045,0.21838,0.775
13,54,hybrid,HYBRID_ALPHA0.1_BETA0.9,0.1,0.9,50,0.59553,0.60968,0.04437,1.55745,1.08162,0.05086,0.15763,0.0027,0.08121,0.65
13,54,hybrid,HYBRID_ALPHA0.2_BETA0.8,0.2,0.8,50,0.70973,0.61748,0.04638,1.57392,1.08912,0.04716,0.15435,0.00344,0.07964,0.675
13,54,hybrid,HYBRID_ALPHA0.3_BETA0.7,0.3,0.7,50,0.63771,0.56086,0.03406,1.55715,1.08261,0.04337,0.14746,0.00296,0.07209,0.7
13,54,hybrid,HYBRID_ALPHA0.4_BETA0.6,0.4,0.6,50,0.61244,0.54675,0.02856,1.54107,1.07557,0.04282,0.14719,0.00271,0.06914,0.7
13,54,hybrid,HYBRID_ALPHA0.5_BETA0.5,0.5,0.5,50,0.62362,0.55526,0.02814,1.50265,1.05726,0.04199,0.14563,0.00264,0.06757,0.7
13,54,hybrid,HYBRID_ALPHA0.6_BETA0.4,0.6,0.4,50,0.67882,0.58556,0.03198,1.45579,1.03343,0.04124,0.14392,0.00257,0.06387,0.675
13,54,hybrid,HYBRID_ALPHA0.7_BETA0.3,0.7,0.3,50,0.67475,0.58273,0.03146,1.42675,1.01784,0.04117,0.14336,0.00262,0.06279,0.675
13,54,hybrid,HYBRID_ALPHA0.8_BETA0.2,0.8,0.2,50,0.66937,0.57619,0.03032,1.39862,1.00149,0.04286,0.14534,0.00258,0.06391,0.65
13,54,hybrid,HYBRID_ALPHA0.9_BETA0.1,0.9,0.1,50,0.69915,0.59731,0.04954,1.40028,1.00094,0.04485,0.1488,0.00286,0.06429,0.7
13,54,hybrid,HYBRID_ALPHA0.1_BETA0.9,0.1,0.9,100,1.0027,0.81205,0.17244,1.41679,1.0291,0.05698,0.03394,0.00267,0.07011,0.55
13,54,hybrid,HYBRID_ALPHA0.2_BETA0.8,0.2,0.8,100,1.03557,0.81621,0.18319,1.20835,0.93714,0.04594,0.02428,0.00215,0.07489,0.7
13,54,hybrid,HYBRID_ALPHA0.3_BETA0.7,0.3,0.7,100,0.71207,0.70011,0.02669,1.04186,0.84571,0.04708,0.02372,0.00163,0.04934,0.575
13,54,hybrid,HYBRID_ALPHA0.4_BETA0.6,0.4,0.6,100,0.72938,0.71133,0.02859,0.95052,0.78326,0.04943,0.02578,0.00181,0.05081,0.525
13,54,hybrid,HYBRID_ALPHA0.5_BETA0.5,0.5,0.5,100,0.73329,0.70562,0.03693,0.86961,0.70578,0.0546,0.03351,0.00181,0.05295,0.55
13,54,hybrid,HYBRID_ALPHA0.6_BETA0.4,0.6,0.4,100,0.73613,0.70002,0.03766,1.04648,0.77667,0.03245,0.08736,0.00334,0.05869,0.575
13,54,hybrid,HYBRID_ALPHA0.7_BETA0.3,0.7,0.3,100,0.75421,0.69648,0.0468,0.84614,0.69501,0.06104,0.03355,0.00166,0.05737,0.55
13,54,hybrid,HYBRID_ALPHA0.8_BETA0.2,0.8,0.2,100,0.74787,0.69347,0.04732,0.85541,0.69245,0.06156,0.03614,0.0017,0.05798,0.55
13,54,hybrid,HYBRID_ALPHA0.9_BETA0.1,0.9,0.1,100,0.70565,0.68038,0.04712,0.87918,0.7027,0.06029,0.044,0.00184,0.05826,0.55
13,54,hybrid,HYBRID_ALPHA0.1_BETA0.9,0.1,0.9,300,0.60048,0.6055,0.01895,1.48502,1.04076,0.05131,0.08011,0.00176,0.04616,0.6
13,54,hybrid,HYBRID_ALPHA0.2_BETA0.8,0.2,0.8,300,0.59096,0.59607,0.01843,0.89127,0.75758,0.04709,0.02606,0.00138,0.05908,0.625
13,54,hybrid,HYBRID_ALPHA0.3_BETA0.7,0.3,0.7,300,0.58466,0.59128,0.01841,0.85321,0.72684,0.04627,0.0279,0.00138,0.05832,0.625
13,54,hybrid,HYBRID_ALPHA0.4_BETA0.6,0.4,0.6,300,0.59075,0.59165,0.01677,0.8514,0.72553,0.04556,0.02973,0.00088,0.04828,0.6
13,54,hybrid,HYBRID_ALPHA0.5_BETA0.5,0.5,0.5,300,0.58781,0.59275,0.01786,0.85206,0.7234,0.04533,0.0325,0.00121,0.04737,0.6
13,54,hybrid,HYBRID_ALPHA0.6_BETA0.4,0.6,0.4,300,0.57885,0.59033,0.01748,0.84864,0.7193,0.04368,0.03488,0.00129,0.05296,0.6
13,54,hybrid,HYBRID_ALPHA0.7_BETA0.3,0.7,0.3,300,0.58584,0.59074,0.01866,0.85056,0.72292,0.04132,0.03666,0.00123,0.04985,0.575
13,54,hybrid,HYBRID_ALPHA0.8_BETA0.2,0.8,0.2,300,0.5902,0.59283,0.02003,0.85351,0.72744,0.03867,0.03835,0.00113,0.0508,0.525
13,54,hybrid,HYBRID_ALPHA0.9_BETA0.1,0.9,0.1,300,0.58708,0.59001,0.01968,0.86645,0.74037,0.03678,0.04147,0.00118,0.05282,0.575
13,54,hybrid,HYBRID_ALPHA0.1_BETA0.9,0.1,0.9,500,0.62155,0.63898,0.02044,1.36989,0.99034,0.06573,0.04861,0.00158,0.05351,0.625
13,54,hybrid,HYBRID_ALPHA0.2_BETA0.8,0.2,0.8,500,0.61614,0.63195,0.0196,0.92174,0.76777,0.03816,0.01715,0.00073,0.05892,0.625
13,54,hybrid,HYBRID_ALPHA0.3_BETA0.7,0.3,0.7,500,0.61427,0.62923,0.01955,0.89366,0.75175,0.03753,0.01865,0.0007,0.05669,0.6
13,54,hybrid,HYBRID_ALPHA0.4_BETA0.6,0.4,0.6,500,0.61145,0.63127,0.01909,0.89858,0.75757,0.03727,0.01915,0.00072,0.05886,0.6
13,54,hybrid,HYBRID_ALPHA0.5_BETA0.5,0.5,0.5,500,0.6135,0.62835,0.01924,0.90286,0.75724,0.03678,0.01888,0.00075,0.05685,0.625
13,54,hybrid,HYBRID_ALPHA0.6_BETA0.4,0.6,0.4,500,0.60965,0.62742,0.01911,0.8994,0.75585,0.03733,0.02009,0.00075,0.05945,0.6
13,54,hybrid,HYBRID_ALPHA0.7_BETA0.3,0.7,0.3,500,0.61055,0.62907,0.01994,0.89651,0.75495,0.03954,0.02279,0.00075,0.05854,0.65
13,54,hybrid,HYBRID_ALPHA0.8_BETA0.2,0.8,0.2,500,0.60508,0.6249,0.02041,0.90563,0.75923,0.03973,0.02456,0.00085,0.06056,0.65
13,54,hybrid,HYBRID_ALPHA0.9_BETA0.1,0.9,0.1,500,0.60469,0.62601,0.01946,0.91335,0.76106,0.04109,0.02984,0.00107,0.06013,0.6
13,54,mse,MSE,1.0,0.0,50,0.68152,0.59331,0.05646,1.48711,1.03684,0.05319,0.1635,0.00285,0.07784,0.7
13,54,mse,MSE,1.0,0.0,100,0.63562,0.66321,0.05826,0.96146,0.74773,0.06427,0.06948,0.0018,0.05042,0.525
13,54,mse,MSE,1.0,0.0,300,0.58629,0.59126,0.02055,1.13156,0.84155,0.03425,0.12204,0.00303,0.06011,0.65
13,54,mse,MSE,1.0,0.0,500,0.61005,0.62995,0.01923,0.94227,0.77145,0.04092,0.04338,0.00134,0.05924,0.625
14,55,hsic,HSIC,0.0,1.0,50,0.98418,0.79855,0.17166,2.72326,1.06683,0.11129,0.09416,0.00459,0.15116,0.8
14,55,hsic,HSIC,0.0,1.0,100,0.94995,0.68335,0.04114,2.94131,1.33482,0.0781,0.18746,0.00511,0.13436,0.725
14,55,hsic,HSIC,0.0,1.0,300,1.64079,0.98987,0.06373,3.05347,1.34556,0.06792,0.18102,0.00461,0.17871,0.85
14,55,hsic,HSIC,0.0,1.0,500,1.72235,1.00027,0.08533,3.04611,1.30797,0.07561,0.18714,0.00454,0.36757,0.85
14,55,hybrid,HYBRID_ALPHA0.1_BETA0.9,0.1,0.9,50,0.94777,0.78767,0.15753,1.02969,0.80735,0.04218,0.06174,0.00268,0.06965,0.65
14,55,hybrid,HYBRID_ALPHA0.2_BETA0.8,0.2,0.8,50,0.90701,0.7708,0.14702,0.97823,0.77153,0.03946,0.06689,0.00247,0.06869,0.65
14,55,hybrid,HYBRID_ALPHA0.3_BETA0.7,0.3,0.7,50,0.8812,0.76094,0.15182,0.872,0.71489,0.05265,0.05475,0.00154,0.06091,0.675
14,55,hybrid,HYBRID_ALPHA0.4_BETA0.6,0.4,0.6,50,0.88039,0.75899,0.15838,0.87231,0.71098,0.053,0.05522,0.00163,0.06115,0.65
14,55,hybrid,HYBRID_ALPHA0.5_BETA0.5,0.5,0.5,50,0.8932,0.76197,0.16386,0.94669,0.71786,0.05725,0.05746,0.002,0.066,0.65
14,55,hybrid,HYBRID_ALPHA0.6_BETA0.4,0.6,0.4,50,0.92651,0.77582,0.17597,0.94842,0.71739,0.05674,0.05235,0.00207,0.06458,0.675
14,55,hybrid,HYBRID_ALPHA0.7_BETA0.3,0.7,0.3,50,0.92089,0.77096,0.1738,1.05467,0.78736,0.04056,0.08159,0.00323,0.07614,0.675
14,55,hybrid,HYBRID_ALPHA0.8_BETA0.2,0.8,0.2,50,0.60995,0.58888,0.0255,1.053,0.78901,0.04423,0.09939,0.00259,0.06085,0.65
14,55,hybrid,HYBRID_ALPHA0.9_BETA0.1,0.9,0.1,50,0.60868,0.59141,0.02612,1.06651,0.79425,0.04395,0.10469,0.00265,0.06327,0.65
14,55,hybrid,HYBRID_ALPHA0.1_BETA0.9,0.1,0.9,100,0.63832,0.62181,0.04803,1.23268,0.90991,0.03723,0.14101,0.00295,0.05922,0.6
14,55,hybrid,HYBRID_ALPHA0.2_BETA0.8,0.2,0.8,100,0.63926,0.61901,0.04748,1.21752,0.89694,0.03648,0.13174,0.0029,0.05696,0.6
14,55,hybrid,HYBRID_ALPHA0.3_BETA0.7,0.3,0.7,100,0.62174,0.61225,0.04676,1.12704,0.83574,0.03229,0.11396,0.00281,0.052,0.6
14,55,hybrid,HYBRID_ALPHA0.4_BETA0.6,0.4,0.6,100,0.61091,0.60322,0.04268,1.12645,0.84067,0.03561,0.117,0.0026,0.05668,0.575
14,55,hybrid,HYBRID_ALPHA0.5_BETA0.5,0.5,0.5,100,0.63397,0.61136,0.03254,1.07408,0.80911,0.03501,0.10082,0.00244,0.05323,0.6
14,55,hybrid,HYBRID_ALPHA0.6_BETA0.4,0.6,0.4,100,0.65919,0.62353,0.03001,1.04941,0.79495,0.03607,0.09364,0.00246,0.05242,0.6
14,55,hybrid,HYBRID_ALPHA0.7_BETA0.3,0.7,0.3,100,0.65066,0.62121,0.03153,1.03865,0.78945,0.03745,0.09209,0.00259,0.0554,0.65
14,55,hybrid,HYBRID_ALPHA0.8_BETA0.2,0.8,0.2,100,0.66571,0.62848,0.02974,1.03653,0.78856,0.0388,0.09322,0.00254,0.05498,0.625
14,55,hybrid,HYBRID_ALPHA0.9_BETA0.1,0.9,0.1,100,0.67482,0.63447,0.02649,1.04293,0.79281,0.04117,0.09661,0.00259,0.04539,0.625
14,55,hybrid,HYBRID_ALPHA0.1_BETA0.9,0.1,0.9,300,0.63311,0.64722,0.02174,0.9548,0.79601,0.03738,0.02429,0.00083,0.03616,0.625
14,55,hybrid,HYBRID_ALPHA0.2_BETA0.8,0.2,0.8,300,0.64098,0.65307,0.02199,0.85181,0.69937,0.03953,0.02561,0.00085,0.03588,0.625
14,55,hybrid,HYBRID_ALPHA0.3_BETA0.7,0.3,0.7,300,0.64622,0.6583,0.02221,0.85382,0.69098,0.03892,0.02336,0.0008,0.03679,0.675
14,55,hybrid,HYBRID_ALPHA0.4_BETA0.6,0.4,0.6,300,0.65114,0.66252,0.02212,0.85633,0.68351,0.03982,0.02319,0.00084,0.03631,0.6
14,55,hybrid,HYBRID_ALPHA0.5_BETA0.5,0.5,0.5,300,0.65731,0.66609,0.023,0.86287,0.68201,0.03995,0.0226,0.00086,0.03699,0.675
14,55,hybrid,HYBRID_ALPHA0.6_BETA0.4,0.6,0.4,300,0.66422,0.67052,0.02356,0.86933,0.68228,0.04101,0.02307,0.00091,0.03688,0.65
14,55,hybrid,HYBRID_ALPHA0.7_BETA0.3,0.7,0.3,300,0.66851,0.67342,0.02293,0.8742,0.68406,0.0407,0.02329,0.00089,0.03693,0.65
14,55,hybrid,HYBRID_ALPHA0.8_BETA0.2,0.8,0.2,300,0.67221,0.6754,0.02259,0.87929,0.68844,0.04262,0.02493,0.00089,0.03505,0.65
14,55,hybrid,HYBRID_ALPHA0.9_BETA0.1,0.9,0.1,300,0.68256,0.67922,0.02511,0.89108,0.69542,0.04319,0.02752,0.00095,0.03584,0.65
14,55,hybrid,HYBRID_ALPHA0.1_BETA0.9,0.1,0.9,500,0.57781,0.59907,0.02843,1.40826,1.00489,0.05259,0.12819,0.00276,0.05984,0.55
14,55,hybrid,HYBRID_ALPHA0.2_BETA0.8,0.2,0.8,500,0.58094,0.60272,0.02686,1.10546,0.85114,0.03888,0.07979,0.00276,0.05744,0.575
14,55,hybrid,HYBRID_ALPHA0.3_BETA0.7,0.3,0.7,500,0.58413,0.60715,0.02603,1.07153,0.82863,0.0417,0.08274,0.00275,0.06005,0.6
14,55,hybrid,HYBRID_ALPHA0.4_BETA0.6,0.4,0.6,500,0.58592,0.60822,0.02709,1.04907,0.8128,0.0443,0.08432,0.00264,0.06428,0.575
14,55,hybrid,HYBRID_ALPHA0.5_BETA0.5,0.5,0.5,500,0.58084,0.60497,0.02894,1.01554,0.79407,0.04825,0.08115,0.00247,0.07813,0.625
14,55,hybrid,HYBRID_ALPHA0.6_BETA0.4,0.6,0.4,500,0.58441,0.60748,0.03049,1.01835,0.79584,0.04998,0.08499,0.00248,0.08781,0.6
14,55,hybrid,HYBRID_ALPHA0.7_BETA0.3,0.7,0.3,500,0.58902,0.60939,0.03073,1.02572,0.80084,0.05116,0.08966,0.00249,0.09529,0.65
14,55,hybrid,HYBRID_ALPHA0.8_BETA0.2,0.8,0.2,500,0.58978,0.61005,0.03274,1.04232,0.8099,0.05176,0.09586,0.00255,0.10415,0.725
14,55,hybrid,HYBRID_ALPHA0.9_BETA0.1,0.9,0.1,500,0.5938,0.61294,0.0341,0.85338,0.72769,0.03888,0.01803,0.00037,0.09153,0.6
14,55,mse,MSE,1.0,0.0,50,0.60839,0.59376,0.03017,1.08275,0.80226,0.04454,0.11055,0.00259,0.06782,0.65
14,55,mse,MSE,1.0,0.0,100,0.84289,0.74493,0.16431,1.05353,0.79919,0.04452,0.10119,0.00308,0.06899,0.625
14,55,mse,MSE,1.0,0.0,300,0.7091,0.69103,0.02337,0.91349,0.71014,0.04938,0.03504,0.00104,0.03927,0.7
14,55,mse,MSE,1.0,0.0,500,0.59134,0.61279,0.03847,0.86269,0.72483,0.03936,0.01563,0.00045,0.08306,0.625
15,56,hsic,HSIC,0.0,1.0,50,1.00467,0.77539,0.16248,2.90896,1.33892,0.08419,0.19107,0.0047,0.25953,0.775
15,56,hsic,HSIC,0.0,1.0,100,0.79347,0.68184,0.07,2.9931,1.33999,0.06913,0.18086,0.00536,0.28853,0.8
15,56,hsic,HSIC,0.0,1.0,300,0.6033,0.57097,0.02894,3.06527,1.34996,0.0732,0.1824,0.00247,0.22399,0.75
15,56,hsic,HSIC,0.0,1.0,500,1.19878,0.80161,0.04683,3.75891,1.34917,0.0756,0.05185,0.00277,0.26929,0.725
15,56,hybrid,HYBRID_ALPHA0.1_BETA0.9,0.1,0.9,50,1.07049,0.82879,0.1999,1.45362,1.03506,0.03869,0.07094,0.00242,0.11297,0.7
15,56,hybrid,HYBRID_ALPHA0.2_BETA0.8,0.2,0.8,50,1.06259,0.8318,0.19947,1.24975,0.91457,0.04135,0.08669,0.00265,0.11477,0.725
15,56,hybrid,HYBRID_ALPHA0.3_BETA0.7,0.3,0.7,50,1.11938,0.85311,0.22883,1.28799,0.93666,0.03587,0.10631,0.00303,0.12476,0.75
15,56,hybrid,HYBRID_ALPHA0.4_BETA0.6,0.4,0.6,50,1.06578,0.84077,0.21921,1.24106,0.91221,0.03635,0.10087,0.00292,0.11521,0.75
15,56,hybrid,HYBRID_ALPHA0.5_BETA0.5,0.5,0.5,50,1.02858,0.83154,0.21048,1.27904,0.93554,0.0347,0.10453,0.00302,0.11212,0.725
15,56,hybrid,HYBRID_ALPHA0.6_BETA0.4,0.6,0.4,50,1.02692,0.83112,0.2113,1.32594,0.96406,0.03389,0.11362,0.00319,0.11774,0.725
15,56,hybrid,HYBRID_ALPHA0.7_BETA0.3,0.7,0.3,50,1.0258,0.83062,0.21222,1.42237,1.01156,0.03416,0.12058,0.00326,0.11906,0.725
15,56,hybrid,HYBRID_ALPHA0.8_BETA0.2,0.8,0.2,50,1.02725,0.8308,0.21314,1.47309,1.03551,0.0347,0.12364,0.00331,0.12023,0.725
15,56,hybrid,HYBRID_ALPHA0.9_BETA0.1,0.9,0.1,50,1.02986,0.83153,0.21401,1.25072,0.91386,0.03717,0.1072,0.00322,0.11045,0.725
15,56,hybrid,HYBRID_ALPHA0.1_BETA0.9,0.1,0.9,100,0.77477,0.72288,0.06961,0.93581,0.74407,0.04457,0.01106,0.00136,0.11069,0.7
15,56,hybrid,HYBRID_ALPHA0.2_BETA0.8,0.2,0.8,100,0.75863,0.72451,0.06559,0.93259,0.741,0.04412,0.01122,0.00127,0.10625,0.725
15,56,hybrid,HYBRID_ALPHA0.3_BETA0.7,0.3,0.7,100,0.73234,0.71219,0.06251,0.92412,0.78265,0.04348,0.01418,0.00141,0.08185,0.7
15,56,hybrid,HYBRID_ALPHA0.4_BETA0.6,0.4,0.6,100,0.72509,0.71111,0.06179,0.88475,0.75017,0.04623,0.01428,0.00136,0.07867,0.675
15,56,hybrid,HYBRID_ALPHA0.5_BETA0.5,0.5,0.5,100,0.71949,0.71377,0.06008,0.86838,0.73467,0.04786,0.01453,0.00126,0.07594,0.625
15,56,hybrid,HYBRID_ALPHA0.6_BETA0.4,0.6,0.4,100,0.7137,0.71508,0.05829,0.92063,0.7215,0.04194,0.01344,0.0009,0.09172,0.7
15,56,hybrid,HYBRID_ALPHA0.7_BETA0.3,0.7,0.3,100,0.70162,0.71011,0.05657,0.91966,0.72208,0.04163,0.01406,0.00081,0.08255,0.7
15,56,hybrid,HYBRID_ALPHA0.8_BETA0.2,0.8,0.2,100,0.6938,0.70602,0.05932,0.86135,0.71681,0.05721,0.018,0.00091,0.06681,0.65
15,56,hybrid,HYBRID_ALPHA0.9_BETA0.1,0.9,0.1,100,0.79398,0.74553,0.13027,0.88121,0.73672,0.0664,0.0231,0.00167,0.07977,0.7
15,56,hybrid,HYBRID_ALPHA0.1_BETA0.9,0.1,0.9,300,0.62856,0.65208,0.02154,1.22496,0.92071,0.05988,0.05541,0.00127,0.04783,0.55
15,56,hybrid,HYBRID_ALPHA0.2_BETA0.8,0.2,0.8,300,0.62235,0.64346,0.03546,1.0249,0.80285,0.0511,0.05289,0.00125,0.05496,0.575
15,56,hybrid,HYBRID_ALPHA0.3_BETA0.7,0.3,0.7,300,0.60222,0.6304,0.03088,0.86768,0.73433,0.04038,0.01654,0.00021,0.05961,0.625
15,56,hybrid,HYBRID_ALPHA0.4_BETA0.6,0.4,0.6,300,0.59228,0.62125,0.03495,0.857,0.72625,0.04095,0.01763,0.00025,0.06243,0.6
15,56,hybrid,HYBRID_ALPHA0.5_BETA0.5,0.5,0.5,300,0.59065,0.61539,0.03721,0.84658,0.71668,0.0415,0.01865,0.0003,0.06389,0.65
15,56,hybrid,HYBRID_ALPHA0.6_BETA0.4,0.6,0.4,300,0.61172,0.62079,0.03699,0.85656,0.72705,0.041,0.01849,0.00027,0.06187,0.625
15,56,hybrid,HYBRID_ALPHA0.7_BETA0.3,0.7,0.3,300,0.60969,0.63244,0.03386,0.84895,0.72166,0.04195,0.01959,0.00034,0.05621,0.6
15,56,hybrid,HYBRID_ALPHA0.8_BETA0.2,0.8,0.2,300,0.60903,0.63138,0.04015,0.85741,0.72623,0.04034,0.01807,0.00036,0.05768,0.575
15,56,hybrid,HYBRID_ALPHA0.9_BETA0.1,0.9,0.1,300,0.60633,0.62426,0.04032,0.85412,0.72859,0.04253,0.02033,0.00045,0.05439,0.6
15,56,hybrid,HYBRID_ALPHA0.1_BETA0.9,0.1,0.9,500,0.64807,0.67133,0.02191,1.23052,0.94371,0.04261,0.05177,0.00122,0.0609,0.575
15,56,hybrid,HYBRID_ALPHA0.2_BETA0.8,0.2,0.8,500,0.63803,0.66544,0.0206,0.98889,0.79645,0.04189,0.04803,0.00125,0.06537,0.6
15,56,hybrid,HYBRID_ALPHA0.3_BETA0.7,0.3,0.7,500,0.63801,0.66438,0.02337,1.01187,0.80838,0.03988,0.04674,0.00132,0.06291,0.6
15,56,hybrid,HYBRID_ALPHA0.4_BETA0.6,0.4,0.6,500,0.63255,0.66384,0.02271,0.98309,0.78336,0.03947,0.05202,0.00147,0.06562,0.625
15,56,hybrid,HYBRID_ALPHA0.5_BETA0.5,0.5,0.5,500,0.62646,0.66292,0.02343,0.90524,0.74611,0.04378,0.02962,0.00074,0.06815,0.575
15,56,hybrid,HYBRID_ALPHA0.6_BETA0.4,0.6,0.4,500,0.62562,0.65627,0.02767,0.89873,0.73974,0.04271,0.02866,0.00069,0.06795,0.6
15,56,hybrid,HYBRID_ALPHA0.7_BETA0.3,0.7,0.3,500,0.62631,0.65915,0.02931,0.88003,0.72772,0.04321,0.03109,0.00082,0.07461,0.625
15,56,hybrid,HYBRID_ALPHA0.8_BETA0.2,0.8,0.2,500,0.62713,0.66065,0.03274,0.86049,0.71522,0.04183,0.03189,0.00088,0.07823,0.6
15,56,hybrid,HYBRID_ALPHA0.9_BETA0.1,0.9,0.1,500,0.62654,0.6616,0.03898,0.85299,0.70931,0.04374,0.0395,0.00123,0.08865,0.625
15,56,mse,MSE,1.0,0.0,50,1.0351,0.83303,0.21484,1.37414,0.98729,0.04037,0.12168,0.00341,0.11656,0.7
15,56,mse,MSE,1.0,0.0,100,0.81793,0.75304,0.14913,0.97662,0.78531,0.11267,0.05547,0.00189,0.08569,0.7
15,56,mse,MSE,1.0,0.0,300,0.61344,0.62945,0.05311,0.86628,0.73689,0.04753,0.02907,0.00074,0.05278,0.625
15,56,mse,MSE,1.0,0.0,500,0.62527,0.65739,0.0512,0.84508,0.70416,0.04696,0.04212,0.00123,0.08538,0.625
16,57,hsic,HSIC,0.0,1.0,50,1.0559,0.76409,0.02725,3.25974,1.41489,0.10364,0.14121,0.0052,0.22893,0.775
16,57,hsic,HSIC,0.0,1.0,100,1.06713,0.73463,0.04042,3.36798,1.38151,0.14501,0.14857,0.00778,0.30487,0.775
16,57,hsic,HSIC,0.0,1.0,300,1.32445,0.84293,0.04498,3.01615,1.32896,0.07282,0.18477,0.00494,0.22497,0.8
16,57,hsic,HSIC,0.0,1.0,500,1.18848,0.82755,0.07957,3.24838,1.43303,0.07295,0.18405,0.00463,0.30166,0.85
16,57,hybrid,HYBRID_ALPHA0.1_BETA0.9,0.1,0.9,50,0.7313,0.72009,0.02834,1.25419,0.9012,0.03286,0.13704,0.00241,0.08058,0.625
16,57,hybrid,HYBRID_ALPHA0.2_BETA0.8,0.2,0.8,50,0.74848,0.72044,0.03608,1.09831,0.80151,0.03697,0.13079,0.00189,0.06985,0.75
16,57,hybrid,HYBRID_ALPHA0.3_BETA0.7,0.3,0.7,50,0.76412,0.72651,0.03616,1.10518,0.78251,0.04889,0.15523,0.00168,0.05408,0.75
16,57,hybrid,HYBRID_ALPHA0.4_BETA0.6,0.4,0.6,50,0.81528,0.74984,0.03045,1.14411,0.80936,0.03301,0.15062,0.00195,0.05624,0.675
16,57,hybrid,HYBRID_ALPHA0.5_BETA0.5,0.5,0.5,50,0.8956,0.77551,0.02908,1.12269,0.798,0.03249,0.14492,0.00176,0.05462,0.675
16,57,hybrid,HYBRID_ALPHA0.6_BETA0.4,0.6,0.4,50,0.84514,0.74544,0.02825,1.05893,0.78405,0.03158,0.11202,0.00167,0.05203,0.725
16,57,hybrid,HYBRID_ALPHA0.7_BETA0.3,0.7,0.3,50,0.8798,0.74695,0.03036,1.05581,0.77862,0.03174,0.10927,0.00163,0.06059,0.675
16,57,hybrid,HYBRID_ALPHA0.8_BETA0.2,0.8,0.2,50,0.87993,0.74922,0.03039,1.05667,0.77767,0.03233,0.10671,0.00159,0.06083,0.675
16,57,hybrid,HYBRID_ALPHA0.9_BETA0.1,0.9,0.1,50,1.00829,0.78744,0.02705,1.06718,0.78156,0.03416,0.10689,0.00163,0.06132,0.725
16,57,hybrid,HYBRID_ALPHA0.1_BETA0.9,0.1,0.9,100,0.80108,0.66292,0.08987,1.40065,0.98945,0.03557,0.14375,0.0047,0.08021,0.75
16,57,hybrid,HYBRID_ALPHA0.2_BETA0.8,0.2,0.8,100,1.01386,0.78329,0.18005,1.41924,0.99795,0.03418,0.15405,0.00442,0.0911,0.75
16,57,hybrid,HYBRID_ALPHA0.3_BETA0.7,0.3,0.7,100,1.02688,0.77429,0.18372,1.3957,0.99023,0.03338,0.15042,0.0046,0.09079,0.725
16,57,hybrid,HYBRID_ALPHA0.4_BETA0.6,0.4,0.6,100,1.02968,0.75883,0.18209,1.34006,0.96421,0.03272,0.14553,0.00474,0.09008,0.725
16,57,hybrid,HYBRID_ALPHA0.5_BETA0.5,0.5,0.5,100,0.9527,0.72091,0.15563,1.29269,0.946,0.03198,0.13429,0.00417,0.08542,0.675
16,57,hybrid,HYBRID_ALPHA0.6_BETA0.4,0.6,0.4,100,0.87804,0.67942,0.11258,1.25208,0.91135,0.03182,0.13826,0.00388,0.08267,0.725
16,57,hybrid,HYBRID_ALPHA0.7_BETA0.3,0.7,0.3,100,0.83182,0.66707,0.08592,1.21721,0.89483,0.03595,0.13264,0.00388,0.07972,0.7
16,57,hybrid,HYBRID_ALPHA0.8_BETA0.2,0.8,0.2,100,0.57762,0.61215,0.03997,1.17663,0.87024,0.03342,0.13203,0.00387,0.07051,0.625
16,57,hybrid,HYBRID_ALPHA0.9_BETA0.1,0.9,0.1,100,0.5895,0.62442,0.039,1.1779,0.86634,0.03377,0.1312,0.00295,0.06738,0.575
16,57,hybrid,HYBRID_ALPHA0.1_BETA0.9,0.1,0.9,300,0.64312,0.65742,0.02256,1.40876,1.0023,0.05105,0.12466,0.00298,0.053,0.625
16,57,hybrid,HYBRID_ALPHA0.2_BETA0.8,0.2,0.8,300,0.64349,0.65885,0.02216,1.22976,0.89838,0.04013,0.13183,0.00342,0.05912,0.55
16,57,hybrid,HYBRID_ALPHA0.3_BETA0.7,0.3,0.7,300,0.6396,0.65623,0.02197,1.17387,0.85919,0.03956,0.12503,0.00342,0.05717,0.65
16,57,hybrid,HYBRID_ALPHA0.4_BETA0.6,0.4,0.6,300,0.63677,0.65466,0.02165,1.15163,0.84436,0.03993,0.12199,0.00342,0.05641,0.625
16,57,hybrid,HYBRID_ALPHA0.5_BETA0.5,0.5,0.5,300,0.63582,0.65396,0.02181,0.89591,0.70015,0.04723,0.03815,0.00137,0.04181,0.6
16,57,hybrid,HYBRID_ALPHA0.6_BETA0.4,0.6,0.4,300,0.63445,0.65197,0.02236,0.94595,0.72255,0.0412,0.06004,0.00201,0.04376,0.575
16,57,hybrid,HYBRID_ALPHA0.7_BETA0.3,0.7,0.3,300,0.63691,0.65419,0.02277,0.86728,0.70241,0.044,0.01904,0.00068,0.05678,0.625
16,57,hybrid,HYBRID_ALPHA0.8_BETA0.2,0.8,0.2,300,0.64082,0.65557,0.02358,0.86397,0.70249,0.04279,0.02043,0.00079,0.06106,0.625
16,57,hybrid,HYBRID_ALPHA0.9_BETA0.1,0.9,0.1,300,0.64204,0.6598,0.02251,0.8631,0.70264,0.04198,0.02258,0.00095,0.05471,0.7
16,57,hybrid,HYBRID_ALPHA0.1_BETA0.9,0.1,0.9,500,0.61669,0.64089,0.02283,1.9969,1.2446,0.04371,0.08453,0.00223,0.07039,0.6
16,57,hybrid,HYBRID_ALPHA0.2_BETA0.8,0.2,0.8,500,0.61352,0.63718,0.02248,1.66877,1.11885,0.02535,0.09233,0.00329,0.06341,0.575
16,57,hybrid,HYBRID_ALPHA0.3_BETA0.7,0.3,0.7,500,0.60915,0.63441,0.02344,1.4007,0.99744,0.02567,0.09425,0.00321,0.06018,0.575
16,57,hybrid,HYBRID_ALPHA0.4_BETA0.6,0.4,0.6,500,0.60224,0.63136,0.02176,0.95503,0.78982,0.06091,0.01875,0.0006,0.06392,0.575
16,57,hybrid,HYBRID_ALPHA0.5_BETA0.5,0.5,0.5,500,0.60643,0.63563,0.023,0.94429,0.77695,0.06035,0.01904,0.00053,0.06515,0.6
16,57,hybrid,HYBRID_ALPHA0.6_BETA0.4,0.6,0.4,500,0.60103,0.63172,0.02351,0.94437,0.7754,0.05827,0.01808,0.0006,0.07055,0.6
16,57,hybrid,HYBRID_ALPHA0.7_BETA0.3,0.7,0.3,500,0.59834,0.63044,0.02437,0.94122,0.77401,0.05836,0.01773,0.00056,0.07287,0.575
16,57,hybrid,HYBRID_ALPHA0.8_BETA0.2,0.8,0.2,500,0.5989,0.63099,0.02705,0.93421,0.76141,0.05649,0.01629,0.00053,0.08546,0.575
16,57,hybrid,HYBRID_ALPHA0.9_BETA0.1,0.9,0.1,500,0.59673,0.63099,0.02555,0.97146,0.80058,0.07732,0.03184,0.00049,0.0685,0.6
16,57,mse,MSE,1.0,0.0,50,0.95019,0.77962,0.0291,0.9578,0.74386,0.03412,0.10005,0.00172,0.06108,0.625
16,57,mse,MSE,1.0,0.0,100,0.58594,0.62075,0.05813,1.24085,0.90224,0.04304,0.14087,0.00267,0.07479,0.575
16,57,mse,MSE,1.0,0.0,300,0.68817,0.67487,0.02899,0.97877,0.74393,0.04013,0.07443,0.00245,0.05246,0.675
16,57,mse,MSE,1.0,0.0,500,0.58381,0.61922,0.02371,1.10758,0.86601,0.0995,0.07068,0.00124,0.07199,0.575
17,58,hsic,HSIC,0.0,1.0,50,0.99984,0.70969,0.12392,2.90547,1.33722,0.08405,0.1908,0.0046,0.1428,0.675
17,58,hsic,HSIC,0.0,1.0,100,0.99016,0.75707,0.17822,2.98292,1.3032,0.07361,0.18284,0.00469,0.2295,0.75
17,58,hsic,HSIC,0.0,1.0,300,1.33131,0.85563,0.0515,2.88409,1.20571,0.05332,0.06943,0.00301,0.30603,0.775
17,58,hsic,HSIC,0.0,1.0,500,0.97013,0.7249,0.05782,6.70508,2.3578,0.04487,0.02037,0.00206,0.4009,0.825
17,58,hybrid,HYBRID_ALPHA0.1_BETA0.9,0.1,0.9,50,0.92705,0.70209,0.12947,1.72222,1.06679,0.05587,0.15262,0.00452,0.11514,0.75
17,58,hybrid,HYBRID_ALPHA0.2_BETA0.8,0.2,0.8,50,0.8619,0.69026,0.12385,1.3759,0.97698,0.04767,0.1481,0.00391,0.10083,0.775
17,58,hybrid,HYBRID_ALPHA0.3_BETA0.7,0.3,0.7,50,0.83256,0.69662,0.13314,1.31613,0.95248,0.04515,0.13969,0.00372,0.09216,0.775
17,58,hybrid,HYBRID_ALPHA0.4_BETA0.6,0.4,0.6,50,1.26522,0.88264,0.26671,1.79893,1.10554,0.06631,0.17297,0.00451,0.10497,0.775
17,58,hybrid,HYBRID_ALPHA0.5_BETA0.5,0.5,0.5,50,1.2652,0.88264,0.26671,1.69153,1.07784,0.06227,0.16632,0.00436,0.10249,0.75
17,58,hybrid,HYBRID_ALPHA0.6_BETA0.4,0.6,0.4,50,1.2652,0.88264,0.26671,2.04647,1.10443,0.06185,0.16488,0.00463,0.09209,0.75
17,58,hybrid,HYBRID_ALPHA0.7_BETA0.3,0.7,0.3,50,1.2652,0.88264,0.26671,2.45564,1.11847,0.06142,0.16307,0.00463,0.0935,0.8
17,58,hybrid,HYBRID_ALPHA0.8_BETA0.2,0.8,0.2,50,1.2652,0.88264,0.26671,2.15146,1.09794,0.06153,0.16278,0.00464,0.09437,0.775
17,58,hybrid,HYBRID_ALPHA0.9_BETA0.1,0.9,0.1,50,1.26517,0.88264,0.26671,1.59701,0.99876,0.05316,0.14459,0.00449,0.08814,0.775
17,58,hybrid,HYBRID_ALPHA0.1_BETA0.9,0.1,0.9,100,0.93171,0.74747,0.17022,1.06935,0.8761,0.0373,0.01707,0.00251,0.07646,0.675
17,58,hybrid,HYBRID_ALPHA0.2_BETA0.8,0.2,0.8,100,0.7284,0.63539,0.07117,0.90999,0.7531,0.0385,0.02206,0.00128,0.06665,0.6
17,58,hybrid,HYBRID_ALPHA0.3_BETA0.7,0.3,0.7,100,0.70298,0.62934,0.06175,0.91726,0.7536,0.03838,0.02429,0.00138,0.06732,0.6
17,58,hybrid,HYBRID_ALPHA0.4_BETA0.6,0.4,0.6,100,0.65372,0.61895,0.04249,1.10652,0.82931,0.02988,0.06942,0.00287,0.06383,0.625
17,58,hybrid,HYBRID_ALPHA0.5_BETA0.5,0.5,0.5,100,0.70818,0.67085,0.0946,0.85263,0.70887,0.03968,0.01405,0.0015,0.07097,0.65
17,58,hybrid,HYBRID_ALPHA0.6_BETA0.4,0.6,0.4,100,0.64803,0.64975,0.05556,0.84416,0.70489,0.03935,0.0146,0.00116,0.0652,0.575
17,58,hybrid,HYBRID_ALPHA0.7_BETA0.3,0.7,0.3,100,0.65313,0.65479,0.06088,0.83443,0.69879,0.03881,0.01522,0.00121,0.06509,0.55
17,58,hybrid,HYBRID_ALPHA0.8_BETA0.2,0.8,0.2,100,0.64761,0.65489,0.05976,0.82194,0.6738,0.04245,0.01772,0.00128,0.07307,0.575
17,58,hybrid,HYBRID_ALPHA0.9_BETA0.1,0.9,0.1,100,0.64478,0.65523,0.0615,0.82004,0.67203,0.04231,0.01845,0.00116,0.07236,0.525
17,58,hybrid,HYBRID_ALPHA0.1_BETA0.9,0.1,0.9,300,0.6671,0.68407,0.02609,1.59022,1.08896,0.03805,0.09255,0.0025,0.05678,0.55
17,58,hybrid,HYBRID_ALPHA0.2_BETA0.8,0.2,0.8,300,0.64173,0.66288,0.02582,1.06475,0.86477,0.03992,0.02579,0.00113,0.05139,0.575
17,58,hybrid,HYBRID_ALPHA0.3_BETA0.7,0.3,0.7,300,0.63786,0.66101,0.02483,0.93977,0.77676,0.04133,0.02547,0.0011,0.05217,0.6
17,58,hybrid,HYBRID_ALPHA0.4_BETA0.6,0.4,0.6,300,0.6342,0.65748,0.02513,0.8877,0.7264,0.04231,0.03109,0.00108,0.05167,0.575
17,58,hybrid,HYBRID_ALPHA0.5_BETA0.5,0.5,0.5,300,0.62707,0.65163,0.0251,0.89305,0.71692,0.04301,0.03825,0.00127,0.052,0.575
17,58,hybrid,HYBRID_ALPHA0.6_BETA0.4,0.6,0.4,300,0.62578,0.65088,0.02571,0.89045,0.70927,0.0452,0.03992,0.00142,0.05224,0.55
17,58,hybrid,HYBRID_ALPHA0.7_BETA0.3,0.7,0.3,300,0.61914,0.64495,0.02511,0.9043,0.71567,0.04409,0.04648,0.0015,0.05311,0.575
17,58,hybrid,HYBRID_ALPHA0.8_BETA0.2,0.8,0.2,300,0.60997,0.63773,0.02752,0.92401,0.72907,0.04226,0.0542,0.00165,0.04901,0.55
17,58,hybrid,HYBRID_ALPHA0.9_BETA0.1,0.9,0.1,300,0.60743,0.63623,0.0234,0.95683,0.74558,0.04161,0.06537,0.00167,0.05699,0.6
17,58,hybrid,HYBRID_ALPHA0.1_BETA0.9,0.1,0.9,500,0.67373,0.68721,0.02075,2.53073,1.44804,0.04092,0.07386,0.00214,0.06494,0.575
17,58,hybrid,HYBRID_ALPHA0.2_BETA0.8,0.2,0.8,500,0.64618,0.65992,0.02118,2.28956,1.36412,0.03335,0.09845,0.00283,0.06528,0.625
17,58,hybrid,HYBRID_ALPHA0.3_BETA0.7,0.3,0.7,500,0.62521,0.6402,0.02064,1.09445,0.81439,0.06389,0.01558,0.00065,0.11551,0.625
17,58,hybrid,HYBRID_ALPHA0.4_BETA0.6,0.4,0.6,500,0.62935,0.64002,0.02238,0.90172,0.76333,0.0412,0.01519,0.00052,0.0665,0.6
17,58,hybrid,HYBRID_ALPHA0.5_BETA0.5,0.5,0.5,500,0.62802,0.6355,0.02284,1.00167,0.77342,0.04889,0.01514,0.00067,0.07758,0.6
17,58,hybrid,HYBRID_ALPHA0.6_BETA0.4,0.6,0.4,500,0.62995,0.63562,0.02348,0.93699,0.7713,0.04121,0.01469,0.0006,0.06515,0.625
17,58,hybrid,HYBRID_ALPHA0.7_BETA0.3,0.7,0.3,500,0.62693,0.6307,0.02337,0.94209,0.75033,0.04415,0.01486,0.0007,0.0743,0.625
17,58,hybrid,HYBRID_ALPHA0.8_BETA0.2,0.8,0.2,500,0.62468,0.63116,0.02313,0.90296,0.73769,0.04019,0.01544,0.00062,0.07103,0.625
17,58,hybrid,HYBRID_ALPHA0.9_BETA0.1,0.9,0.1,500,0.62825,0.63153,0.02417,0.88427,0.7342,0.0388,0.01849,0.00071,0.07146,0.625
17,58,mse,MSE,1.0,0.0,50,1.26514,0.88262,0.26669,1.53138,0.97797,0.05119,0.13887,0.00439,0.08492,0.75
17,58,mse,MSE,1.0,0.0,100,0.64067,0.65523,0.06308,0.83721,0.67195,0.03936,0.0219,0.00097,0.07071,0.575
17,58,mse,MSE,1.0,0.0,300,0.60915,0.63566,0.02363,1.02904,0.78496,0.05521,0.07715,0.0018,0.06034,0.575
17,58,mse,MSE,1.0,0.0,500,0.62256,0.62819,0.02706,1.47838,1.03199,0.05582,0.1638,0.0027,0.08246,0.625
18,59,hsic,HSIC,0.0,1.0,50,0.90045,0.63894,0.06599,2.92062,1.33552,0.08238,0.19006,0.00462,0.12841,0.775
18,59,hsic,HSIC,0.0,1.0,100,2.30445,1.3183,0.0506,2.9162,1.31165,0.07574,0.18211,0.00301,0.19987,0.775
18,59,hsic,HSIC,0.0,1.0,300,1.91907,1.08008,0.11811,3.02594,1.33161,0.07457,0.18531,0.00426,0.337,0.85
18,59,hsic,HSIC,0.0,1.0,500,1.35104,0.855,0.04905,2.43845,0.92714,0.0551,0.09212,0.00362,0.28456,0.825
18,59,hybrid,HYBRID_ALPHA0.1_BETA0.9,0.1,0.9,50,0.76032,0.66162,0.07563,0.89485,0.71253,0.04621,0.01099,0.00078,0.06204,0.65
18,59,hybrid,HYBRID_ALPHA0.2_BETA0.8,0.2,0.8,50,0.81286,0.72358,0.09141,0.89292,0.72432,0.05012,0.01298,0.00098,0.06197,0.675
18,59,hybrid,HYBRID_ALPHA0.3_BETA0.7,0.3,0.7,50,0.73834,0.72342,0.08247,0.89028,0.71562,0.04504,0.01276,0.00105,0.05521,0.625
18,59,hybrid,HYBRID_ALPHA0.4_BETA0.6,0.4,0.6,50,0.74909,0.73228,0.08774,0.8911,0.71275,0.04233,0.01475,0.0012,0.05467,0.65
18,59,hybrid,HYBRID_ALPHA0.5_BETA0.5,0.5,0.5,50,0.75138,0.73352,0.09206,1.03384,0.77179,0.03237,0.05582,0.00265,0.05777,0.625
18,59,hybrid,HYBRID_ALPHA0.6_BETA0.4,0.6,0.4,50,0.74747,0.73107,0.0953,1.0201,0.76551,0.03139,0.05815,0.00267,0.05767,0.6
18,59,hybrid,HYBRID_ALPHA0.7_BETA0.3,0.7,0.3,50,0.73851,0.72557,0.09636,0.99086,0.75139,0.03206,0.05006,0.0024,0.051,0.65
18,59,hybrid,HYBRID_ALPHA0.8_BETA0.2,0.8,0.2,50,0.738,0.72442,0.10112,0.92104,0.73916,0.03803,0.03179,0.00197,0.05034,0.7
18,59,hybrid,HYBRID_ALPHA0.9_BETA0.1,0.9,0.1,50,0.74325,0.72811,0.10952,0.86949,0.7166,0.03258,0.03366,0.00194,0.05198,0.65
18,59,hybrid,HYBRID_ALPHA0.1_BETA0.9,0.1,0.9,100,0.62885,0.63067,0.09854,1.37812,0.98818,0.03213,0.07342,0.00254,0.05788,0.625
18,59,hybrid,HYBRID_ALPHA0.2_BETA0.8,0.2,0.8,100,0.63286,0.6267,0.08749,1.26115,0.92853,0.03942,0.06504,0.0023,0.0579,0.625
18,59,hybrid,HYBRID_ALPHA0.3_BETA0.7,0.3,0.7,100,0.62241,0.61661,0.08426,1.06007,0.80742,0.05438,0.05229,0.00209,0.05939,0.675
18,59,hybrid,HYBRID_ALPHA0.4_BETA0.6,0.4,0.6,100,0.60818,0.6289,0.03976,1.0972,0.84175,0.04809,0.0631,0.00211,0.05601,0.575
18,59,hybrid,HYBRID_ALPHA0.5_BETA0.5,0.5,0.5,100,0.60667,0.62194,0.04247,1.0629,0.82343,0.04861,0.06524,0.00205,0.05866,0.65
18,59,hybrid,HYBRID_ALPHA0.6_BETA0.4,0.6,0.4,100,0.60862,0.62358,0.04111,0.87788,0.7437,0.07519,0.03989,0.00065,0.06258,0.55
18,59,hybrid,HYBRID_ALPHA0.7_BETA0.3,0.7,0.3,100,0.60378,0.6199,0.03801,0.91474,0.75823,0.07552,0.04241,0.00107,0.06313,0.6
18,59,hybrid,HYBRID_ALPHA0.8_BETA0.2,0.8,0.2,100,0.59764,0.61492,0.03655,0.91605,0.75464,0.07016,0.04443,0.00131,0.06559,0.575
18,59,hybrid,HYBRID_ALPHA0.9_BETA0.1,0.9,0.1,100,0.60337,0.61707,0.04325,0.91295,0.75155,0.06499,0.04585,0.00145,0.06814,0.625
18,59,hybrid,HYBRID_ALPHA0.1_BETA0.9,0.1,0.9,300,0.59125,0.6059,0.02608,1.38436,1.00299,0.03627,0.10798,0.00272,0.06119,0.625
18,59,hybrid,HYBRID_ALPHA0.2_BETA0.8,0.2,0.8,300,0.58417,0.59667,0.02344,1.10904,0.85564,0.03449,0.0588,0.00229,0.05424,0.525
18,59,hybrid,HYBRID_ALPHA0.3_BETA0.7,0.3,0.7,300,0.57777,0.59169,0.0246,1.05241,0.81693,0.03433,0.05898,0.00228,0.05445,0.625
18,59,hybrid,HYBRID_ALPHA0.4_BETA0.6,0.4,0.6,300,0.97535,0.79384,0.20146,1.1503,0.85959,0.0269,0.0886,0.00293,0.07941,0.725
18,59,hybrid,HYBRID_ALPHA0.5_BETA0.5,0.5,0.5,300,0.61796,0.60669,0.02671,1.1769,0.87281,0.02951,0.10654,0.00351,0.07371,0.7
18,59,hybrid,HYBRID_ALPHA0.6_BETA0.4,0.6,0.4,300,0.61836,0.6257,0.04507,1.15533,0.85592,0.02969,0.10682,0.00306,0.07169,0.675
18,59,hybrid,HYBRID_ALPHA0.7_BETA0.3,0.7,0.3,300,0.62282,0.62355,0.03959,1.10292,0.81663,0.02847,0.10235,0.0031,0.07402,0.675
18,59,hybrid,HYBRID_ALPHA0.8_BETA0.2,0.8,0.2,300,0.61999,0.62531,0.04138,1.09985,0.81307,0.03003,0.10575,0.0031,0.07728,0.7
18,59,hybrid,HYBRID_ALPHA0.9_BETA0.1,0.9,0.1,300,0.71912,0.67515,0.1066,1.10624,0.81927,0.03276,0.11071,0.00295,0.08449,0.725
18,59,hybrid,HYBRID_ALPHA0.1_BETA0.9,0.1,0.9,500,0.63343,0.64491,0.04533,1.0001,0.81925,0.04092,0.03006,0.00092,0.06061,0.7
18,59,hybrid,HYBRID_ALPHA0.2_BETA0.8,0.2,0.8,500,0.61305,0.63683,0.03186,0.99041,0.7994,0.03785,0.04705,0.00173,0.04939,0.6
18,59,hybrid,HYBRID_ALPHA0.3_BETA0.7,0.3,0.7,500,0.61187,0.63631,0.03159,0.98024,0.78733,0.03723,0.04989,0.00186,0.05031,0.575
18,59,hybrid,HYBRID_ALPHA0.4_BETA0.6,0.4,0.6,500,0.61369,0.63657,0.03241,1.0088,0.78839,0.0351,0.06512,0.00227,0.04997,0.6
18,59,hybrid,HYBRID_ALPHA0.5_BETA0.5,0.5,0.5,500,0.62036,0.63685,0.03394,1.10368,0.8245,0.02818,0.09477,0.00297,0.05167,0.55
18,59,hybrid,HYBRID_ALPHA0.6_BETA0.4,0.6,0.4,500,0.63528,0.64775,0.02941,1.13076,0.84717,0.02967,0.09926,0.00324,0.05361,0.575
18,59,hybrid,HYBRID_ALPHA0.7_BETA0.3,0.7,0.3,500,0.63915,0.64931,0.02968,1.1381,0.84204,0.02781,0.10991,0.00336,0.05523,0.6
18,59,hybrid,HYBRID_ALPHA0.8_BETA0.2,0.8,0.2,500,0.6438,0.6507,0.0306,1.14548,0.84362,0.03041,0.11636,0.00334,0.05722,0.625
18,59,hybrid,HYBRID_ALPHA0.9_BETA0.1,0.9,0.1,500,0.65016,0.65279,0.03244,1.16483,0.8577,0.03425,0.12359,0.00323,0.06111,0.575
18,59,mse,MSE,1.0,0.0,50,0.74895,0.73147,0.11818,0.86658,0.71344,0.02827,0.04116,0.00199,0.05553,0.675
18,59,mse,MSE,1.0,0.0,100,0.61023,0.62024,0.0484,0.92086,0.75301,0.05644,0.04984,0.00164,0.06852,0.625
18,59,mse,MSE,1.0,0.0,300,0.73434,0.68579,0.11909,0.86314,0.74615,0.0811,0.03514,0.00132,0.063,0.625
18,59,mse,MSE,1.0,0.0,500,0.65353,0.65455,0.03431,1.19119,0.87377,0.03871,0.1303,0.00317,0.06422,0.6
19,60,hsic,HSIC,0.0,1.0,50,1.56247,1.0551,0.24197,2.90875,1.3346,0.08228,0.1893,0.00588,0.22933,0.775
19,60,hsic,HSIC,0.0,1.0,100,0.61148,0.57931,0.04106,4.46668,1.55109,0.13286,0.06617,0.00357,0.23465,0.7
19,60,hsic,HSIC,0.0,1.0,300,1.2357,0.83395,0.09361,3.14655,1.397,0.0727,0.18424,0.00438,0.50051,0.925
19,60,hsic,HSIC,0.0,1.0,500,0.58804,0.58716,0.01805,3.13038,1.41743,0.08874,0.19942,0.00241,0.4687,0.925
19,60,hybrid,HYBRID_ALPHA0.1_BETA0.9,0.1,0.9,50,0.99944,0.75804,0.1975,1.51078,1.06091,0.0341,0.10542,0.00392,0.08619,0.75
19,60,hybrid,HYBRID_ALPHA0.2_BETA0.8,0.2,0.8,50,0.93025,0.73625,0.20038,1.40441,1.0142,0.03261,0.10657,0.00402,0.09184,0.7
19,60,hybrid,HYBRID_ALPHA0.3_BETA0.7,0.3,0.7,50,0.87851,0.70574,0.18195,1.26319,0.9459,0.03243,0.1087,0.00406,0.08913,0.75
19,60,hybrid,HYBRID_ALPHA0.4_BETA0.6,0.4,0.6,50,0.84683,0.70504,0.16279,1.20343,0.91301,0.03245,0.1085,0.00401,0.09126,0.75
19,60,hybrid,HYBRID_ALPHA0.5_BETA0.5,0.5,0.5,50,0.82272,0.70253,0.14546,1.2302,0.92044,0.02918,0.12061,0.00437,0.09279,0.7
19,60,hybrid,HYBRID_ALPHA0.6_BETA0.4,0.6,0.4,50,0.79545,0.70215,0.1259,1.22332,0.90653,0.0288,0.12966,0.00459,0.0938,0.75
19,60,hybrid,HYBRID_ALPHA0.7_BETA0.3,0.7,0.3,50,0.76846,0.69993,0.10487,1.19894,0.88593,0.02913,0.13263,0.00456,0.09681,0.725
19,60,hybrid,HYBRID_ALPHA0.8_BETA0.2,0.8,0.2,50,0.75739,0.71279,0.08609,1.18839,0.87518,0.02974,0.1341,0.00425,0.0742,0.65
19,60,hybrid,HYBRID_ALPHA0.9_BETA0.1,0.9,0.1,50,0.75259,0.71116,0.07978,1.18019,0.8643,0.03093,0.135,0.00432,0.08148,0.75
19,60,hybrid,HYBRID_ALPHA0.1_BETA0.9,0.1,0.9,100,0.59142,0.60024,0.03091,1.11791,0.8141,0.06659,0.02909,0.00133,0.07419,0.725
19,60,hybrid,HYBRID_ALPHA0.2_BETA0.8,0.2,0.8,100,0.59271,0.60686,0.03442,0.96572,0.78967,0.04246,0.01744,0.00038,0.06193,0.65
19,60,hybrid,HYBRID_ALPHA0.3_BETA0.7,0.3,0.7,100,0.59142,0.60289,0.03127,0.88203,0.73463,0.04503,0.01543,0.00025,0.06714,0.65
19,60,hybrid,HYBRID_ALPHA0.4_BETA0.6,0.4,0.6,100,0.60828,0.61783,0.03107,0.84587,0.7012,0.04424,0.01242,0.00041,0.06671,0.625
19,60,hybrid,HYBRID_ALPHA0.5_BETA0.5,0.5,0.5,100,0.60756,0.62448,0.02609,0.85321,0.70182,0.04536,0.01235,0.00042,0.06464,0.7
19,60,hybrid,HYBRID_ALPHA0.6_BETA0.4,0.6,0.4,100,0.60754,0.62772,0.02572,0.8579,0.70467,0.0478,0.01683,0.00067,0.0644,0.7
19,60,hybrid,HYBRID_ALPHA0.7_BETA0.3,0.7,0.3,100,0.62618,0.63917,0.03193,0.80975,0.70107,0.05061,0.01513,0.00056,0.07193,0.7
19,60,hybrid,HYBRID_ALPHA0.8_BETA0.2,0.8,0.2,100,0.63265,0.64649,0.04039,0.79934,0.69027,0.05218,0.01972,0.0008,0.06828,0.65
19,60,hybrid,HYBRID_ALPHA0.9_BETA0.1,0.9,0.1,100,0.65879,0.65035,0.04262,0.9624,0.73407,0.0452,0.10237,0.00223,0.06721,0.675
19,60,hybrid,HYBRID_ALPHA0.1_BETA0.9,0.1,0.9,300,0.73393,0.72656,0.0284,2.29791,1.35112,0.04592,0.08883,0.00188,0.10556,0.7
19,60,hybrid,HYBRID_ALPHA0.2_BETA0.8,0.2,0.8,300,0.59689,0.61799,0.01599,2.26612,1.34836,0.035,0.08591,0.00296,0.08742,0.7
19,60,hybrid,HYBRID_ALPHA0.3_BETA0.7,0.3,0.7,300,0.59955,0.61875,0.01612,1.23124,0.95676,0.04279,0.01301,0.00056,0.11082,0.7
19,60,hybrid,HYBRID_ALPHA0.4_BETA0.6,0.4,0.6,300,0.64691,0.65671,0.01949,1.12033,0.8956,0.04212,0.01258,0.00034,0.1105,0.7
19,60,hybrid,HYBRID_ALPHA0.5_BETA0.5,0.5,0.5,300,0.64431,0.65355,0.02012,1.19707,0.94367,0.0397,0.01224,0.00042,0.10561,0.725
19,60,hybrid,HYBRID_ALPHA0.6_BETA0.4,0.6,0.4,300,0.6413,0.65104,0.02114,1.01443,0.82869,0.04073,0.0116,0.00035,0.09761,0.625
19,60,hybrid,HYBRID_ALPHA0.7_BETA0.3,0.7,0.3,300,0.64852,0.65546,0.02156,0.99028,0.8101,0.04006,0.01136,0.00033,0.1005,0.675
19,60,hybrid,HYBRID_ALPHA0.8_BETA0.2,0.8,0.2,300,0.65235,0.65733,0.02203,0.98109,0.80237,0.0396,0.01165,0.00032,0.10198,0.675
19,60,hybrid,HYBRID_ALPHA0.9_BETA0.1,0.9,0.1,300,0.63042,0.63605,0.02141,0.95938,0.78539,0.04036,0.01428,0.00041,0.06699,0.625
19,60,hybrid,HYBRID_ALPHA0.1_BETA0.9,0.1,0.9,500,0.62899,0.64972,0.01822,2.02351,1.2496,0.04238,0.11448,0.00278,0.09805,0.725
19,60,hybrid,HYBRID_ALPHA0.2_BETA0.8,0.2,0.8,500,0.60661,0.62208,0.0174,1.96165,1.23007,0.0412,0.14037,0.00338,0.19263,0.775
19,60,hybrid,HYBRID_ALPHA0.3_BETA0.7,0.3,0.7,500,0.6173,0.63158,0.01731,2.36563,1.37966,0.02743,0.08223,0.0035,0.07278,0.625
19,60,hybrid,HYBRID_ALPHA0.4_BETA0.6,0.4,0.6,500,0.62067,0.63301,0.01775,2.29862,1.35517,0.02716,0.08476,0.00359,0.08118,0.675
19,60,hybrid,HYBRID_ALPHA0.5_BETA0.5,0.5,0.5,500,0.61742,0.62912,0.01869,2.19782,1.31724,0.02645,0.0917,0.00371,0.08261,0.675
19,60,hybrid,HYBRID_ALPHA0.6_BETA0.4,0.6,0.4,500,0.60847,0.62799,0.01766,1.90455,1.20739,0.02644,0.09461,0.00343,0.08596,0.675
19,60,hybrid,HYBRID_ALPHA0.7_BETA0.3,0.7,0.3,500,0.60809,0.62858,0.01704,1.75499,1.14969,0.02704,0.09602,0.00336,0.08386,0.625
19,60,hybrid,HYBRID_ALPHA0.8_BETA0.2,0.8,0.2,500,0.61518,0.62979,0.01802,1.62999,1.11327,0.0514,0.15378,0.00279,0.20339,0.775
19,60,hybrid,HYBRID_ALPHA0.9_BETA0.1,0.9,0.1,500,0.61799,0.63127,0.01793,1.56821,1.08577,0.05424,0.15796,0.00278,0.18785,0.75
19,60,mse,MSE,1.0,0.0,50,0.74545,0.71114,0.06552,1.19236,0.86699,0.03455,0.13586,0.0042,0.08753,0.675
19,60,mse,MSE,1.0,0.0,100,0.6964,0.68087,0.05975,1.90558,1.10025,0.06821,0.17235,0.00411,0.12321,0.7
19,60,mse,MSE,1.0,0.0,300,0.62175,0.62962,0.02873,1.66371,1.12326,0.0606,0.1705,0.00257,0.15939,0.725
19,60,mse,MSE,1.0,0.0,500,0.61821,0.63011,0.0186,1.47659,1.0152,0.06284,0.15571,0.00265,0.079,0.7
20,61,hsic,HSIC,0.0,1.0,50,1.00523,0.68242,0.02486,2.92311,1.34002,0.08405,0.19088,0.0035,0.13792,0.725
20,61,hsic,HSIC,0.0,1.0,100,1.77881,1.04988,0.07446,2.9241,1.3369,0.08327,0.19023,0.00471,0.15192,0.775
20,61,hsic,HSIC,0.0,1.0,300,0.89961,0.69196,0.03028,2.42229,0.9298,0.03965,0.06456,0.00192,0.16638,0.7
20,61,hsic,HSIC,0.0,1.0,500,1.32986,0.83915,0.0407,3.03146,1.33603,0.07318,0.1839,0.00504,0.20153,0.75
20,61,hybrid,HYBRID_ALPHA0.1_BETA0.9,0.1,0.9,50,0.66501,0.66076,0.02914,1.41106,1.00723,0.05555,0.09026,0.00235,0.06269,0.575
20,61,hybrid,HYBRID_ALPHA0.2_BETA0.8,0.2,0.8,50,0.7335,0.7063,0.02906,1.15022,0.8497,0.03326,0.08613,0.00281,0.05323,0.725
20,61,hybrid,HYBRID_ALPHA0.3_BETA0.7,0.3,0.7,50,0.68845,0.67988,0.03049,1.08699,0.81424,0.03497,0.07677,0.00242,0.05155,0.65
20,61,hybrid,HYBRID_ALPHA0.4_BETA0.6,0.4,0.6,50,0.84406,0.69807,0.11082,1.03343,0.79331,0.04037,0.06288,0.0024,0.06224,0.6
20,61,hybrid,HYBRID_ALPHA0.5_BETA0.5,0.5,0.5,50,0.97273,0.76904,0.19336,1.02896,0.79262,0.04127,0.06306,0.0026,0.06062,0.7
20,61,hybrid,HYBRID_ALPHA0.6_BETA0.4,0.6,0.4,50,0.98705,0.78387,0.20827,1.02568,0.78926,0.04081,0.06656,0.00271,0.0608,0.725
20,61,hybrid,HYBRID_ALPHA0.7_BETA0.3,0.7,0.3,50,0.95754,0.77597,0.20438,1.02909,0.78833,0.03972,0.07034,0.00277,0.06013,0.675
20,61,hybrid,HYBRID_ALPHA0.8_BETA0.2,0.8,0.2,50,0.94385,0.77254,0.20191,1.04153,0.79313,0.03867,0.07539,0.00285,0.06174,0.675
20,61,hybrid,HYBRID_ALPHA0.9_BETA0.1,0.9,0.1,50,0.94362,0.77366,0.20201,1.05967,0.79389,0.03381,0.08207,0.00306,0.06544,0.65
20,61,hybrid,HYBRID_ALPHA0.1_BETA0.9,0.1,0.9,100,0.60816,0.63654,0.03789,1.27448,0.93244,0.04072,0.07741,0.00235,0.04599,0.6
20,61,hybrid,HYBRID_ALPHA0.2_BETA0.8,0.2,0.8,100,0.59446,0.62328,0.04019,1.12641,0.83925,0.03518,0.05994,0.0026,0.04836,0.6
20,61,hybrid,HYBRID_ALPHA0.3_BETA0.7,0.3,0.7,100,0.58808,0.6151,0.0401,1.05909,0.80619,0.03996,0.04728,0.00203,0.04948,0.6
20,61,hybrid,HYBRID_ALPHA0.4_BETA0.6,0.4,0.6,100,0.59593,0.61223,0.04465,1.02125,0.78563,0.04196,0.04443,0.00174,0.04904,0.575
20,61,hybrid,HYBRID_ALPHA0.5_BETA0.5,0.5,0.5,100,0.60425,0.60777,0.04778,0.98838,0.76276,0.04436,0.04267,0.00148,0.04867,0.55
20,61,hybrid,HYBRID_ALPHA0.6_BETA0.4,0.6,0.4,100,0.6137,0.61365,0.04634,0.92168,0.70599,0.05529,0.04467,0.00094,0.0437,0.55
20,61,hybrid,HYBRID_ALPHA0.7_BETA0.3,0.7,0.3,100,0.62239,0.61755,0.04458,0.93739,0.70846,0.05518,0.05115,0.00094,0.04481,0.575
20,61,hybrid,HYBRID_ALPHA0.8_BETA0.2,0.8,0.2,100,0.62326,0.61735,0.04294,0.88734,0.68855,0.06186,0.03065,0.00045,0.05372,0.6
20,61,hybrid,HYBRID_ALPHA0.9_BETA0.1,0.9,0.1,100,0.62444,0.61704,0.04121,0.86748,0.68434,0.05404,0.02592,0.00046,0.05293,0.675
20,61,hybrid,HYBRID_ALPHA0.1_BETA0.9,0.1,0.9,300,0.65811,0.66586,0.02342,1.02736,0.82029,0.05056,0.04023,0.00119,0.04457,0.575
20,61,hybrid,HYBRID_ALPHA0.2_BETA0.8,0.2,0.8,300,0.64595,0.65968,0.02181,0.89443,0.746,0.0412,0.02672,0.0008,0.04944,0.575
20,61,hybrid,HYBRID_ALPHA0.3_BETA0.7,0.3,0.7,300,0.6367,0.65577,0.02117,0.88529,0.7367,0.04143,0.02774,0.0009,0.05121,0.575
20,61,hybrid,HYBRID_ALPHA0.4_BETA0.6,0.4,0.6,300,0.62552,0.65267,0.02076,0.88068,0.73452,0.04179,0.02897,0.00101,0.05314,0.6
20,61,hybrid,HYBRID_ALPHA0.5_BETA0.5,0.5,0.5,300,0.61319,0.64857,0.02099,0.89286,0.7325,0.03998,0.02867,0.00123,0.05547,0.65
20,61,hybrid,HYBRID_ALPHA0.6_BETA0.4,0.6,0.4,300,0.60222,0.64369,0.02114,0.88679,0.73274,0.04122,0.03107,0.00117,0.0548,0.625
20,61,hybrid,HYBRID_ALPHA0.7_BETA0.3,0.7,0.3,300,0.59577,0.64037,0.02107,0.88204,0.72626,0.03801,0.02884,0.00131,0.05923,0.6
20,61,hybrid,HYBRID_ALPHA0.8_BETA0.2,0.8,0.2,300,0.60712,0.64139,0.02559,0.8787,0.72266,0.03756,0.03021,0.00122,0.05714,0.6
20,61,hybrid,HYBRID_ALPHA0.9_BETA0.1,0.9,0.1,300,0.60598,0.64029,0.02703,0.88325,0.72848,0.03696,0.03299,0.00127,0.05846,0.6
20,61,hybrid,HYBRID_ALPHA0.1_BETA0.9,0.1,0.9,500,0.61226,0.63424,0.02073,0.89171,0.72956,0.04793,0.01534,0.00018,0.05085,0.575
20,61,hybrid,HYBRID_ALPHA0.2_BETA0.8,0.2,0.8,500,0.61454,0.639,0.02085,0.88159,0.71668,0.04918,0.01756,0.00017,0.04719,0.625
20,61,hybrid,HYBRID_ALPHA0.3_BETA0.7,0.3,0.7,500,0.61406,0.63872,0.01973,0.87879,0.71554,0.04856,0.01773,0.00023,0.04829,0.6
20,61,hybrid,HYBRID_ALPHA0.4_BETA0.6,0.4,0.6,500,0.61243,0.63767,0.02073,0.87372,0.7137,0.04773,0.01824,0.00019,0.04676,0.625
20,61,hybrid,HYBRID_ALPHA0.5_BETA0.5,0.5,0.5,500,0.6136,0.63753,0.02093,0.87105,0.71603,0.04673,0.01865,0.0002,0.04636,0.6
20,61,hybrid,HYBRID_ALPHA0.6_BETA0.4,0.6,0.4,500,0.62606,0.64412,0.02098,0.86656,0.71537,0.04548,0.01933,0.0002,0.04616,0.65
20,61,hybrid,HYBRID_ALPHA0.7_BETA0.3,0.7,0.3,500,0.63496,0.64752,0.02175,0.86125,0.7109,0.04422,0.02007,0.00023,0.04291,0.625
20,61,hybrid,HYBRID_ALPHA0.8_BETA0.2,0.8,0.2,500,0.63909,0.649,0.02246,0.85714,0.70737,0.04201,0.02101,0.00029,0.0418,0.525
20,61,hybrid,HYBRID_ALPHA0.9_BETA0.1,0.9,0.1,500,0.63394,0.64858,0.02692,0.8595,0.71053,0.0399,0.02216,0.00046,0.04805,0.6
20,61,mse,MSE,1.0,0.0,50,0.94538,0.77523,0.20191,1.0914,0.82383,0.0466,0.09841,0.00295,0.0687,0.7
20,61,mse,MSE,1.0,0.0,100,0.626,0.61752,0.03975,0.85604,0.68356,0.05117,0.01839,0.00047,0.05393,0.625
20,61,mse,MSE,1.0,0.0,300,0.60729,0.64334,0.03189,0.88697,0.72819,0.03604,0.03515,0.00137,0.06097,0.625
20,61,mse,MSE,1.0,0.0,500,0.63988,0.64858,0.02573,1.20918,0.87556,0.05489,0.14072,0.00289,0.04912,0.65
