Experiment,Seed,Loss,Conf,Alpha,Beta,N,MSE Y,MAE Y,"HSIC(Y,X)",MSE Z,MAE Z,"HSIC(Z,X)","HSIC(Z,Y)",dHSIC Total,MMD,RF Acc
1,42,hsic,HSIC,0.0,1.0,50,1.07397,0.85768,0.05414,3.54646,1.43926,0.12015,0.20178,0.00658,0.04498,0.6
1,42,hsic,HSIC,0.0,1.0,100,1.19256,0.91137,0.02778,3.57939,1.45096,0.11681,0.2002,0.00558,0.0511,0.625
1,42,hsic,HSIC,0.0,1.0,300,1.22555,0.92587,0.05691,3.54514,1.44796,0.11484,0.19815,0.00486,0.05184,0.625
1,42,hsic,HSIC,0.0,1.0,500,1.11563,0.8785,0.01897,3.51953,1.44749,0.11651,0.1985,0.0057,0.05951,0.55
1,42,hybrid,HYBRID_ALPHA0.1_BETA0.9,0.1,0.9,50,1.01885,0.86224,0.04568,2.36766,1.25564,0.09419,0.16585,0.00584,0.02542,0.55
1,42,hybrid,HYBRID_ALPHA0.2_BETA0.8,0.2,0.8,50,1.02694,0.86594,0.0454,1.42366,0.98315,0.08874,0.01753,0.00302,0.00434,0.6
1,42,hybrid,HYBRID_ALPHA0.3_BETA0.7,0.3,0.7,50,1.01744,0.86183,0.04222,1.41602,0.98468,0.08345,0.01963,0.00318,0.00473,0.675
1,42,hybrid,HYBRID_ALPHA0.4_BETA0.6,0.4,0.6,50,1.01906,0.86238,0.04272,1.29737,0.93045,0.06103,0.03701,0.00364,0.00493,0.65
1,42,hybrid,HYBRID_ALPHA0.5_BETA0.5,0.5,0.5,50,1.03047,0.86994,0.0434,1.31095,0.93124,0.06386,0.03746,0.00345,0.00432,0.55
1,42,hybrid,HYBRID_ALPHA0.6_BETA0.4,0.6,0.4,50,1.03097,0.87048,0.04405,2.63746,1.30609,0.10395,0.181,0.00552,0.02818,0.6
1,42,hybrid,HYBRID_ALPHA0.7_BETA0.3,0.7,0.3,50,1.02662,0.86814,0.04387,2.61583,1.30213,0.10375,0.1809,0.00545,0.02789,0.625
1,42,hybrid,HYBRID_ALPHA0.8_BETA0.2,0.8,0.2,50,1.02172,0.86458,0.04344,1.32175,0.9298,0.06266,0.03586,0.00311,0.00523,0.575
1,42,hybrid,HYBRID_ALPHA0.9_BETA0.1,0.9,0.1,50,1.03604,0.87135,0.04614,1.27911,0.93481,0.07598,0.02194,0.00197,0.00585,0.55
1,42,hybrid,HYBRID_ALPHA0.1_BETA0.9,0.1,0.9,100,0.95191,0.83166,0.02565,1.95129,1.11789,0.03633,0.09925,0.00267,0.01223,0.55
1,42,hybrid,HYBRID_ALPHA0.2_BETA0.8,0.2,0.8,100,0.95636,0.83479,0.02615,1.73063,1.05158,0.01991,0.1132,0.00288,0.01379,0.6
1,42,hybrid,HYBRID_ALPHA0.3_BETA0.7,0.3,0.7,100,0.95394,0.83414,0.02625,1.71205,1.04526,0.02016,0.11246,0.00285,0.01338,0.65
1,42,hybrid,HYBRID_ALPHA0.4_BETA0.6,0.4,0.6,100,0.94501,0.83107,0.02386,1.72161,1.04979,0.02111,0.11226,0.00292,0.01306,0.6
1,42,hybrid,HYBRID_ALPHA0.5_BETA0.5,0.5,0.5,100,0.94341,0.8308,0.02534,1.45415,0.9822,0.0155,0.0685,0.0021,0.01146,0.55
1,42,hybrid,HYBRID_ALPHA0.6_BETA0.4,0.6,0.4,100,0.93573,0.8279,0.02406,1.26042,0.95043,0.02117,0.0521,0.00185,0.0134,0.625
1,42,hybrid,HYBRID_ALPHA0.7_BETA0.3,0.7,0.3,100,0.93328,0.82709,0.02424,1.45073,0.98296,0.01618,0.07761,0.00236,0.01355,0.55
1,42,hybrid,HYBRID_ALPHA0.8_BETA0.2,0.8,0.2,100,0.92269,0.82278,0.0221,1.41725,0.97557,0.01717,0.07161,0.00225,0.01261,0.525
1,42,hybrid,HYBRID_ALPHA0.9_BETA0.1,0.9,0.1,100,0.91774,0.82081,0.02185,1.38347,0.97045,0.01758,0.06974,0.00223,0.01312,0.55
1,42,hybrid,HYBRID_ALPHA0.1_BETA0.9,0.1,0.9,300,1.02004,0.85773,0.02726,1.7899,1.06774,0.04291,0.08528,0.00244,0.00993,0.525
1,42,hybrid,HYBRID_ALPHA0.2_BETA0.8,0.2,0.8,300,0.98958,0.8475,0.02424,1.03278,0.87265,0.00929,0.01666,0.00207,0.00854,0.55
1,42,hybrid,HYBRID_ALPHA0.3_BETA0.7,0.3,0.7,300,0.9885,0.84701,0.02267,1.0338,0.87291,0.00853,0.01577,0.00204,0.00831,0.5
1,42,hybrid,HYBRID_ALPHA0.4_BETA0.6,0.4,0.6,300,1.07718,0.87997,0.04585,1.03409,0.87265,0.00785,0.01461,0.0021,0.01072,0.575
1,42,hybrid,HYBRID_ALPHA0.5_BETA0.5,0.5,0.5,300,1.04184,0.86804,0.03596,1.52634,1.00124,0.04357,0.08036,0.00236,0.01096,0.5
1,42,hybrid,HYBRID_ALPHA0.6_BETA0.4,0.6,0.4,300,1.02894,0.86306,0.03233,1.50723,0.9962,0.04293,0.07782,0.00234,0.01021,0.5
1,42,hybrid,HYBRID_ALPHA0.7_BETA0.3,0.7,0.3,300,1.02079,0.85947,0.02919,1.4906,0.99232,0.04264,0.07469,0.00231,0.00965,0.525
1,42,hybrid,HYBRID_ALPHA0.8_BETA0.2,0.8,0.2,300,1.01374,0.85621,0.02671,1.03207,0.8726,0.00713,0.01308,0.0019,0.00839,0.525
1,42,hybrid,HYBRID_ALPHA0.9_BETA0.1,0.9,0.1,300,1.00468,0.85207,0.02389,1.44437,0.97857,0.04038,0.06833,0.00224,0.00882,0.5
1,42,hybrid,HYBRID_ALPHA0.1_BETA0.9,0.1,0.9,500,0.96026,0.83517,0.02024,1.87484,1.09681,0.04286,0.08484,0.00219,0.00899,0.55
1,42,hybrid,HYBRID_ALPHA0.2_BETA0.8,0.2,0.8,500,0.92285,0.82185,0.01976,1.68909,1.03357,0.04143,0.08389,0.00236,0.00894,0.575
1,42,hybrid,HYBRID_ALPHA0.3_BETA0.7,0.3,0.7,500,0.89004,0.80564,0.01466,1.63449,1.01679,0.04218,0.08594,0.00262,0.00842,0.525
1,42,hybrid,HYBRID_ALPHA0.4_BETA0.6,0.4,0.6,500,0.89458,0.80773,0.01386,1.56799,1.00095,0.04117,0.07944,0.00262,0.00852,0.5
1,42,hybrid,HYBRID_ALPHA0.5_BETA0.5,0.5,0.5,500,0.8993,0.80953,0.01332,1.5189,0.99066,0.04103,0.07516,0.0026,0.00868,0.575
1,42,hybrid,HYBRID_ALPHA0.6_BETA0.4,0.6,0.4,500,0.90963,0.81511,0.01433,1.49569,0.98612,0.04047,0.07379,0.00247,0.00883,0.525
1,42,hybrid,HYBRID_ALPHA0.7_BETA0.3,0.7,0.3,500,0.90858,0.81475,0.01402,1.4757,0.98192,0.0397,0.07315,0.00248,0.00893,0.575
1,42,hybrid,HYBRID_ALPHA0.8_BETA0.2,0.8,0.2,500,0.91039,0.81548,0.01426,1.47538,0.98249,0.03892,0.07429,0.00251,0.00942,0.575
1,42,hybrid,HYBRID_ALPHA0.9_BETA0.1,0.9,0.1,500,0.90877,0.81503,0.0139,1.47762,0.98506,0.03968,0.07509,0.00257,0.00969,0.6
1,42,mse,MSE,1.0,0.0,50,1.03301,0.87063,0.04549,1.24046,0.92957,0.06912,0.02112,0.00188,0.00565,0.575
1,42,mse,MSE,1.0,0.0,100,0.91579,0.8206,0.02331,1.36853,0.96788,0.01822,0.06962,0.00223,0.01331,0.5
1,42,mse,MSE,1.0,0.0,300,1.00114,0.85071,0.02235,1.03458,0.87474,0.00686,0.01161,0.00182,0.00775,0.6
1,42,mse,MSE,1.0,0.0,500,0.90706,0.81454,0.01365,1.47884,0.98625,0.04022,0.07578,0.00262,0.00985,0.525
2,43,hsic,HSIC,0.0,1.0,50,1.31882,0.95596,0.05387,3.40916,1.43308,0.12196,0.19864,0.00492,0.07204,0.725
2,43,hsic,HSIC,0.0,1.0,100,1.07928,0.87784,0.02567,3.6544,1.46097,0.12069,0.20333,0.00513,0.07717,0.675
2,43,hsic,HSIC,0.0,1.0,300,1.28675,0.92389,0.01474,3.53686,1.44755,0.11812,0.19971,0.00531,0.07779,0.65
2,43,hsic,HSIC,0.0,1.0,500,1.06029,0.86861,0.02472,3.51232,1.44628,0.11738,0.19876,0.00594,0.06957,0.675
2,43,hybrid,HYBRID_ALPHA0.1_BETA0.9,0.1,0.9,50,1.1975,0.91446,0.04339,1.97316,1.12389,0.0431,0.14739,0.00262,0.0157,0.525
2,43,hybrid,HYBRID_ALPHA0.2_BETA0.8,0.2,0.8,50,1.01572,0.85332,0.03819,1.68449,1.03325,0.04303,0.13967,0.00236,0.01558,0.55
2,43,hybrid,HYBRID_ALPHA0.3_BETA0.7,0.3,0.7,50,1.01505,0.85898,0.04662,1.71512,1.04877,0.04611,0.13079,0.00225,0.01713,0.525
2,43,hybrid,HYBRID_ALPHA0.4_BETA0.6,0.4,0.6,50,1.02282,0.86088,0.04903,1.66691,1.03553,0.04521,0.12743,0.00226,0.01577,0.625
2,43,hybrid,HYBRID_ALPHA0.5_BETA0.5,0.5,0.5,50,0.98153,0.84865,0.0346,1.62711,1.03026,0.04397,0.12281,0.0023,0.01445,0.55
2,43,hybrid,HYBRID_ALPHA0.6_BETA0.4,0.6,0.4,50,1.06848,0.87799,0.05625,1.60855,1.02918,0.03815,0.105,0.00222,0.01553,0.5
2,43,hybrid,HYBRID_ALPHA0.7_BETA0.3,0.7,0.3,50,1.06368,0.87648,0.05527,1.587,1.02919,0.04409,0.1061,0.00224,0.01476,0.525
2,43,hybrid,HYBRID_ALPHA0.8_BETA0.2,0.8,0.2,50,1.06397,0.87705,0.05833,1.54211,1.01185,0.03783,0.08946,0.00215,0.0152,0.55
2,43,hybrid,HYBRID_ALPHA0.9_BETA0.1,0.9,0.1,50,1.06197,0.87616,0.05824,1.52746,1.00953,0.04119,0.08236,0.00209,0.0162,0.575
2,43,hybrid,HYBRID_ALPHA0.1_BETA0.9,0.1,0.9,100,0.93614,0.82074,0.01253,1.70871,1.04013,0.04009,0.08564,0.0026,0.01311,0.525
2,43,hybrid,HYBRID_ALPHA0.2_BETA0.8,0.2,0.8,100,0.92294,0.81874,0.01949,1.60497,1.01169,0.04021,0.08261,0.00245,0.0153,0.575
2,43,hybrid,HYBRID_ALPHA0.3_BETA0.7,0.3,0.7,100,0.96675,0.83764,0.03038,1.59405,1.00845,0.04001,0.0843,0.00246,0.0184,0.55
2,43,hybrid,HYBRID_ALPHA0.4_BETA0.6,0.4,0.6,100,0.9892,0.84435,0.02756,1.50502,0.98852,0.04093,0.07562,0.00237,0.01673,0.575
2,43,hybrid,HYBRID_ALPHA0.5_BETA0.5,0.5,0.5,100,1.00417,0.85052,0.02397,1.47575,0.97775,0.04031,0.07309,0.00229,0.01526,0.575
2,43,hybrid,HYBRID_ALPHA0.6_BETA0.4,0.6,0.4,100,0.99758,0.84826,0.02468,1.14408,0.88607,0.02257,0.03243,0.00182,0.01152,0.6
2,43,hybrid,HYBRID_ALPHA0.7_BETA0.3,0.7,0.3,100,1.00125,0.84889,0.02072,1.14195,0.8859,0.02131,0.03141,0.00173,0.01083,0.575
2,43,hybrid,HYBRID_ALPHA0.8_BETA0.2,0.8,0.2,100,1.00352,0.84962,0.01915,1.13575,0.88516,0.02182,0.02903,0.00166,0.01029,0.6
2,43,hybrid,HYBRID_ALPHA0.9_BETA0.1,0.9,0.1,100,0.99936,0.84522,0.01621,1.13497,0.88622,0.02185,0.02748,0.00174,0.00987,0.525
2,43,hybrid,HYBRID_ALPHA0.1_BETA0.9,0.1,0.9,300,0.88553,0.79625,0.0121,1.82821,1.07745,0.0442,0.0889,0.00286,0.01082,0.5
2,43,hybrid,HYBRID_ALPHA0.2_BETA0.8,0.2,0.8,300,0.89398,0.80122,0.01108,1.73332,1.04881,0.04437,0.08649,0.00296,0.01112,0.55
2,43,hybrid,HYBRID_ALPHA0.3_BETA0.7,0.3,0.7,300,0.89829,0.80277,0.01065,1.69184,1.03874,0.04469,0.08337,0.00293,0.01128,0.575
2,43,hybrid,HYBRID_ALPHA0.4_BETA0.6,0.4,0.6,300,0.91168,0.81041,0.01032,1.10611,0.88686,0.02041,0.01675,0.00163,0.00864,0.525
2,43,hybrid,HYBRID_ALPHA0.5_BETA0.5,0.5,0.5,300,0.91359,0.81024,0.01008,1.5643,1.00526,0.03563,0.0882,0.00283,0.01143,0.525
2,43,hybrid,HYBRID_ALPHA0.6_BETA0.4,0.6,0.4,300,0.91336,0.80974,0.01001,1.54919,1.00568,0.03672,0.08532,0.00289,0.01173,0.575
2,43,hybrid,HYBRID_ALPHA0.7_BETA0.3,0.7,0.3,300,0.91261,0.80821,0.00996,1.51114,0.99787,0.03765,0.08088,0.00283,0.01157,0.575
2,43,hybrid,HYBRID_ALPHA0.8_BETA0.2,0.8,0.2,300,0.91261,0.80724,0.00992,1.06979,0.88236,0.01562,0.01722,0.0016,0.00816,0.55
2,43,hybrid,HYBRID_ALPHA0.9_BETA0.1,0.9,0.1,300,0.91294,0.80691,0.00991,1.03714,0.88186,0.01549,0.01638,0.00146,0.00777,0.55
2,43,hybrid,HYBRID_ALPHA0.1_BETA0.9,0.1,0.9,500,1.02989,0.85785,0.0222,1.95588,1.11882,0.04159,0.09178,0.0028,0.01255,0.525
2,43,hybrid,HYBRID_ALPHA0.2_BETA0.8,0.2,0.8,500,0.994,0.84377,0.02041,1.70079,1.03503,0.04148,0.09127,0.00278,0.012,0.55
2,43,hybrid,HYBRID_ALPHA0.3_BETA0.7,0.3,0.7,500,0.98104,0.83865,0.01888,1.63805,1.02135,0.04237,0.08709,0.00272,0.01142,0.5
2,43,hybrid,HYBRID_ALPHA0.4_BETA0.6,0.4,0.6,500,0.97362,0.83552,0.0179,1.14295,0.89205,0.02735,0.02566,0.00175,0.00891,0.575
2,43,hybrid,HYBRID_ALPHA0.5_BETA0.5,0.5,0.5,500,0.97204,0.83577,0.01712,1.12022,0.88661,0.02793,0.02224,0.00159,0.00897,0.5
2,43,hybrid,HYBRID_ALPHA0.6_BETA0.4,0.6,0.4,500,0.96675,0.83353,0.01634,1.11073,0.88475,0.0249,0.02459,0.00172,0.00886,0.5
2,43,hybrid,HYBRID_ALPHA0.7_BETA0.3,0.7,0.3,500,0.96173,0.82951,0.01613,1.08652,0.88086,0.02353,0.02269,0.00178,0.00808,0.55
2,43,hybrid,HYBRID_ALPHA0.8_BETA0.2,0.8,0.2,500,0.96105,0.82941,0.01583,1.06998,0.87816,0.02238,0.0213,0.00175,0.00797,0.525
2,43,hybrid,HYBRID_ALPHA0.9_BETA0.1,0.9,0.1,500,0.96011,0.82916,0.01563,1.06026,0.87634,0.02136,0.02068,0.00173,0.00795,0.5
2,43,mse,MSE,1.0,0.0,50,1.06321,0.8755,0.05973,1.90069,1.0452,0.04697,0.07339,0.00212,0.01703,0.6
2,43,mse,MSE,1.0,0.0,100,1.02263,0.85494,0.02508,1.13507,0.88831,0.02201,0.02663,0.00166,0.01119,0.625
2,43,mse,MSE,1.0,0.0,300,0.91484,0.80637,0.0098,1.03827,0.88176,0.01541,0.01637,0.00144,0.00791,0.55
2,43,mse,MSE,1.0,0.0,500,0.95973,0.82912,0.0154,1.05733,0.87618,0.02045,0.02072,0.00172,0.00802,0.525
3,44,hsic,HSIC,0.0,1.0,50,1.36127,0.97462,0.1195,3.3828,1.43339,0.1264,0.19911,0.00377,0.06547,0.725
3,44,hsic,HSIC,0.0,1.0,100,1.32753,0.96215,0.06779,3.52067,1.44804,0.11394,0.19717,0.00469,0.05277,0.625
3,44,hsic,HSIC,0.0,1.0,300,1.265,0.92008,0.02312,3.46013,1.43762,0.11756,0.19695,0.00544,0.05924,0.675
3,44,hsic,HSIC,0.0,1.0,500,1.22269,0.91542,0.01544,3.56402,1.44663,0.11748,0.20078,0.00522,0.06192,0.725
3,44,hybrid,HYBRID_ALPHA0.1_BETA0.9,0.1,0.9,50,1.2435,0.9353,0.08724,1.67014,1.03839,0.04062,0.06654,0.00154,0.01557,0.525
3,44,hybrid,HYBRID_ALPHA0.2_BETA0.8,0.2,0.8,50,1.19206,0.91994,0.08033,1.52403,0.99149,0.0441,0.06685,0.00168,0.01546,0.525
3,44,hybrid,HYBRID_ALPHA0.3_BETA0.7,0.3,0.7,50,1.12063,0.89858,0.07419,1.33808,0.93828,0.04095,0.04914,0.00169,0.01502,0.6
3,44,hybrid,HYBRID_ALPHA0.4_BETA0.6,0.4,0.6,50,1.12299,0.89874,0.07812,1.40618,0.96342,0.04676,0.05418,0.00162,0.01499,0.625
3,44,hybrid,HYBRID_ALPHA0.5_BETA0.5,0.5,0.5,50,1.134,0.90192,0.08391,1.38786,0.96039,0.04948,0.05041,0.00159,0.01484,0.575
3,44,hybrid,HYBRID_ALPHA0.6_BETA0.4,0.6,0.4,50,1.15778,0.91028,0.09292,1.38222,0.96061,0.05211,0.04858,0.00161,0.01514,0.6
3,44,hybrid,HYBRID_ALPHA0.7_BETA0.3,0.7,0.3,50,1.18313,0.91887,0.10207,1.38844,0.96255,0.05344,0.04944,0.00167,0.01602,0.575
3,44,hybrid,HYBRID_ALPHA0.8_BETA0.2,0.8,0.2,50,1.19642,0.92364,0.10709,1.40094,0.96712,0.05437,0.05136,0.00174,0.01704,0.575
3,44,hybrid,HYBRID_ALPHA0.9_BETA0.1,0.9,0.1,50,1.20081,0.92519,0.10894,1.42124,0.97609,0.05539,0.0546,0.00181,0.01827,0.525
3,44,hybrid,HYBRID_ALPHA0.1_BETA0.9,0.1,0.9,100,1.24671,0.9352,0.0821,1.87796,1.11364,0.05487,0.12328,0.00307,0.02402,0.525
3,44,hybrid,HYBRID_ALPHA0.2_BETA0.8,0.2,0.8,100,0.98147,0.84383,0.03218,1.82262,1.10113,0.0556,0.12026,0.00379,0.01876,0.6
3,44,hybrid,HYBRID_ALPHA0.3_BETA0.7,0.3,0.7,100,0.97117,0.83963,0.0298,1.78843,1.0932,0.05618,0.1172,0.00371,0.01804,0.55
3,44,hybrid,HYBRID_ALPHA0.4_BETA0.6,0.4,0.6,100,0.9757,0.84097,0.03051,1.78344,1.09378,0.05803,0.11678,0.00368,0.01805,0.6
3,44,hybrid,HYBRID_ALPHA0.5_BETA0.5,0.5,0.5,100,0.97405,0.84062,0.02842,1.75824,1.08791,0.05878,0.11362,0.00365,0.01759,0.6
3,44,hybrid,HYBRID_ALPHA0.6_BETA0.4,0.6,0.4,100,0.96634,0.83717,0.02483,1.75606,1.08835,0.06019,0.11342,0.00373,0.01732,0.55
3,44,hybrid,HYBRID_ALPHA0.7_BETA0.3,0.7,0.3,100,0.96107,0.83441,0.02226,1.73421,1.08241,0.06021,0.11086,0.0037,0.01685,0.575
3,44,hybrid,HYBRID_ALPHA0.8_BETA0.2,0.8,0.2,100,0.95527,0.83165,0.01944,1.72713,1.0811,0.06097,0.11009,0.00375,0.01653,0.6
3,44,hybrid,HYBRID_ALPHA0.9_BETA0.1,0.9,0.1,100,1.08094,0.87757,0.06341,1.68887,1.06946,0.06064,0.10541,0.00274,0.01923,0.65
3,44,hybrid,HYBRID_ALPHA0.1_BETA0.9,0.1,0.9,300,1.04346,0.86438,0.02782,1.7568,1.05558,0.04367,0.07823,0.00216,0.01314,0.525
3,44,hybrid,HYBRID_ALPHA0.2_BETA0.8,0.2,0.8,300,0.99966,0.84754,0.02471,1.63821,1.01823,0.04556,0.0859,0.00241,0.01161,0.525
3,44,hybrid,HYBRID_ALPHA0.3_BETA0.7,0.3,0.7,300,1.00949,0.85161,0.02645,1.58643,1.00736,0.04189,0.07977,0.00247,0.01213,0.5
3,44,hybrid,HYBRID_ALPHA0.4_BETA0.6,0.4,0.6,300,1.00431,0.8499,0.02627,1.52478,0.9936,0.04406,0.07316,0.00237,0.01171,0.525
3,44,hybrid,HYBRID_ALPHA0.5_BETA0.5,0.5,0.5,300,1.02159,0.85616,0.02607,1.4972,0.98888,0.04612,0.06968,0.00223,0.01223,0.525
3,44,hybrid,HYBRID_ALPHA0.6_BETA0.4,0.6,0.4,300,1.01856,0.85532,0.02582,1.4842,0.98739,0.04671,0.06826,0.0022,0.01236,0.6
3,44,hybrid,HYBRID_ALPHA0.7_BETA0.3,0.7,0.3,300,1.01219,0.85283,0.02486,1.46963,0.98521,0.04796,0.06605,0.00221,0.01219,0.55
3,44,hybrid,HYBRID_ALPHA0.8_BETA0.2,0.8,0.2,300,1.01824,0.85773,0.02711,1.451,0.98214,0.04946,0.0627,0.00221,0.01237,0.525
3,44,hybrid,HYBRID_ALPHA0.9_BETA0.1,0.9,0.1,300,1.02793,0.86365,0.03001,1.43652,0.97885,0.05063,0.05984,0.00215,0.01287,0.5
3,44,hybrid,HYBRID_ALPHA0.1_BETA0.9,0.1,0.9,500,0.93085,0.81232,0.01222,1.11962,0.8837,0.03379,0.01702,0.00142,0.00737,0.575
3,44,hybrid,HYBRID_ALPHA0.2_BETA0.8,0.2,0.8,500,0.9263,0.81759,0.01166,1.65741,1.02081,0.04444,0.08396,0.00244,0.00752,0.65
3,44,hybrid,HYBRID_ALPHA0.3_BETA0.7,0.3,0.7,500,0.92729,0.81846,0.0114,1.60816,1.00789,0.04477,0.08447,0.00245,0.0075,0.675
3,44,hybrid,HYBRID_ALPHA0.4_BETA0.6,0.4,0.6,500,0.92678,0.81837,0.01117,1.54902,0.99476,0.04447,0.07962,0.00245,0.00735,0.6
3,44,hybrid,HYBRID_ALPHA0.5_BETA0.5,0.5,0.5,500,0.92479,0.8173,0.01096,1.48824,0.98078,0.0458,0.07187,0.00242,0.00716,0.6
3,44,hybrid,HYBRID_ALPHA0.6_BETA0.4,0.6,0.4,500,0.9187,0.81512,0.01014,1.46629,0.97705,0.04145,0.07414,0.00242,0.00745,0.525
3,44,hybrid,HYBRID_ALPHA0.7_BETA0.3,0.7,0.3,500,0.92142,0.81668,0.00987,1.44113,0.9726,0.0416,0.07045,0.00241,0.00737,0.575
3,44,hybrid,HYBRID_ALPHA0.8_BETA0.2,0.8,0.2,500,0.92115,0.81619,0.00987,1.05586,0.87571,0.03143,0.01153,0.00134,0.00756,0.65
3,44,hybrid,HYBRID_ALPHA0.9_BETA0.1,0.9,0.1,500,0.92099,0.81592,0.00973,1.05137,0.87585,0.03143,0.01097,0.0013,0.00762,0.675
3,44,mse,MSE,1.0,0.0,50,1.20574,0.92623,0.1111,1.43994,0.98411,0.05678,0.05804,0.00187,0.01999,0.6
3,44,mse,MSE,1.0,0.0,100,0.95748,0.83243,0.01848,1.6671,1.063,0.06059,0.10211,0.00343,0.01538,0.675
3,44,mse,MSE,1.0,0.0,300,1.01585,0.85873,0.02815,1.43115,0.97726,0.05153,0.05795,0.00214,0.01207,0.55
3,44,mse,MSE,1.0,0.0,500,0.92603,0.81797,0.00959,1.0492,0.87615,0.03116,0.01053,0.00129,0.00765,0.6
4,45,hsic,HSIC,0.0,1.0,50,1.40597,0.98608,0.12368,1.99524,1.14696,0.04899,0.13338,0.00272,0.02069,0.6
4,45,hsic,HSIC,0.0,1.0,100,1.45255,0.98773,0.02425,3.55412,1.45259,0.11463,0.19839,0.00476,0.07464,0.7
4,45,hsic,HSIC,0.0,1.0,300,1.10386,0.88545,0.026,3.57626,1.4529,0.11609,0.19944,0.00555,0.04809,0.65
4,45,hsic,HSIC,0.0,1.0,500,1.10973,0.8772,0.02054,3.52739,1.44791,0.11681,0.19893,0.00578,0.05496,0.575
4,45,hybrid,HYBRID_ALPHA0.1_BETA0.9,0.1,0.9,50,1.30597,0.95563,0.11188,1.7563,1.07416,0.05316,0.10927,0.00233,0.01526,0.55
4,45,hybrid,HYBRID_ALPHA0.2_BETA0.8,0.2,0.8,50,1.23006,0.93181,0.10629,1.62162,1.01339,0.04574,0.07942,0.00167,0.01075,0.525
4,45,hybrid,HYBRID_ALPHA0.3_BETA0.7,0.3,0.7,50,1.21957,0.92821,0.10917,1.5179,0.9908,0.04899,0.06696,0.00162,0.01058,0.525
4,45,hybrid,HYBRID_ALPHA0.4_BETA0.6,0.4,0.6,50,1.21739,0.92741,0.11279,1.4755,0.97881,0.05077,0.05917,0.00156,0.00937,0.525
4,45,hybrid,HYBRID_ALPHA0.5_BETA0.5,0.5,0.5,50,1.20933,0.92461,0.11258,1.45054,0.97104,0.05335,0.05287,0.00152,0.00875,0.55
4,45,hybrid,HYBRID_ALPHA0.6_BETA0.4,0.6,0.4,50,1.20785,0.92423,0.11386,1.44429,0.96931,0.05667,0.0487,0.00151,0.00857,0.525
4,45,hybrid,HYBRID_ALPHA0.7_BETA0.3,0.7,0.3,50,0.97451,0.84121,0.03363,1.43301,0.96787,0.05903,0.04409,0.00172,0.00646,0.55
4,45,hybrid,HYBRID_ALPHA0.8_BETA0.2,0.8,0.2,50,0.96501,0.83797,0.03186,1.42376,0.96775,0.06057,0.04068,0.00174,0.00626,0.525
4,45,hybrid,HYBRID_ALPHA0.9_BETA0.1,0.9,0.1,50,0.95042,0.83284,0.03606,1.42008,0.96888,0.06163,0.03836,0.00179,0.00617,0.5
4,45,hybrid,HYBRID_ALPHA0.1_BETA0.9,0.1,0.9,100,0.9017,0.79738,0.02055,1.32648,0.956,0.03693,0.01891,0.00166,0.01128,0.575
4,45,hybrid,HYBRID_ALPHA0.2_BETA0.8,0.2,0.8,100,0.8606,0.78152,0.01769,1.40615,0.97191,0.03606,0.02709,0.0017,0.01188,0.625
4,45,hybrid,HYBRID_ALPHA0.3_BETA0.7,0.3,0.7,100,0.8495,0.77575,0.01895,1.37743,0.96615,0.03657,0.02637,0.00174,0.0117,0.675
4,45,hybrid,HYBRID_ALPHA0.4_BETA0.6,0.4,0.6,100,0.87001,0.77856,0.02324,1.35919,0.96332,0.03649,0.02528,0.00171,0.01197,0.625
4,45,hybrid,HYBRID_ALPHA0.5_BETA0.5,0.5,0.5,100,0.88147,0.78317,0.02527,1.33247,0.95849,0.03541,0.02388,0.00171,0.01249,0.625
4,45,hybrid,HYBRID_ALPHA0.6_BETA0.4,0.6,0.4,100,0.88624,0.78425,0.02686,1.32947,0.95572,0.03488,0.02585,0.00169,0.01259,0.675
4,45,hybrid,HYBRID_ALPHA0.7_BETA0.3,0.7,0.3,100,0.87719,0.78499,0.02757,1.3449,0.95823,0.03385,0.02872,0.00172,0.01274,0.65
4,45,hybrid,HYBRID_ALPHA0.8_BETA0.2,0.8,0.2,100,0.88675,0.79068,0.02859,1.30382,0.96079,0.03542,0.01896,0.00158,0.01256,0.7
4,45,hybrid,HYBRID_ALPHA0.9_BETA0.1,0.9,0.1,100,0.89855,0.79567,0.02915,1.30316,0.96164,0.03401,0.01854,0.00157,0.01249,0.65
4,45,hybrid,HYBRID_ALPHA0.1_BETA0.9,0.1,0.9,300,0.94231,0.82626,0.02101,1.78736,1.06427,0.0426,0.09202,0.00261,0.01022,0.525
4,45,hybrid,HYBRID_ALPHA0.2_BETA0.8,0.2,0.8,300,0.93231,0.82152,0.02124,1.14651,0.91953,0.02265,0.02133,0.00159,0.0081,0.575
4,45,hybrid,HYBRID_ALPHA0.3_BETA0.7,0.3,0.7,300,0.9182,0.81661,0.01965,1.60342,1.02238,0.04666,0.08917,0.00272,0.01094,0.575
4,45,hybrid,HYBRID_ALPHA0.4_BETA0.6,0.4,0.6,300,0.91544,0.81541,0.01931,1.57553,1.02122,0.04902,0.08718,0.00275,0.01114,0.5
4,45,hybrid,HYBRID_ALPHA0.5_BETA0.5,0.5,0.5,300,0.91425,0.81466,0.01902,1.56426,1.01857,0.04874,0.08678,0.00276,0.01116,0.55
4,45,hybrid,HYBRID_ALPHA0.6_BETA0.4,0.6,0.4,300,0.92779,0.82098,0.02157,1.55697,1.01726,0.04877,0.08639,0.00269,0.01164,0.625
4,45,hybrid,HYBRID_ALPHA0.7_BETA0.3,0.7,0.3,300,0.92674,0.82034,0.0215,1.54733,1.01461,0.04883,0.0848,0.00265,0.01153,0.5
4,45,hybrid,HYBRID_ALPHA0.8_BETA0.2,0.8,0.2,300,0.92232,0.81865,0.01664,1.53729,1.01217,0.04973,0.08295,0.00273,0.01068,0.5
4,45,hybrid,HYBRID_ALPHA0.9_BETA0.1,0.9,0.1,300,0.92197,0.81777,0.01981,1.52811,1.00967,0.05062,0.08118,0.00264,0.01102,0.55
4,45,hybrid,HYBRID_ALPHA0.1_BETA0.9,0.1,0.9,500,0.96148,0.83861,0.02427,1.81494,1.07222,0.04142,0.08914,0.00257,0.01008,0.55
4,45,hybrid,HYBRID_ALPHA0.2_BETA0.8,0.2,0.8,500,0.94008,0.82661,0.02059,1.68506,1.0319,0.04196,0.09037,0.00269,0.01055,0.55
4,45,hybrid,HYBRID_ALPHA0.3_BETA0.7,0.3,0.7,500,0.93231,0.82532,0.01874,1.58799,1.01212,0.04243,0.08254,0.00278,0.01012,0.5
4,45,hybrid,HYBRID_ALPHA0.4_BETA0.6,0.4,0.6,500,0.93029,0.82291,0.01744,1.52604,0.99803,0.04003,0.07749,0.00274,0.00984,0.5
4,45,hybrid,HYBRID_ALPHA0.5_BETA0.5,0.5,0.5,500,0.92464,0.82146,0.01621,1.44832,0.97501,0.03147,0.0716,0.00245,0.00923,0.525
4,45,hybrid,HYBRID_ALPHA0.6_BETA0.4,0.6,0.4,500,0.91838,0.81913,0.01563,1.42049,0.96752,0.03015,0.0674,0.00236,0.00873,0.5
4,45,hybrid,HYBRID_ALPHA0.7_BETA0.3,0.7,0.3,500,0.9134,0.81706,0.01489,1.08554,0.88221,0.01217,0.02394,0.00189,0.00754,0.575
4,45,hybrid,HYBRID_ALPHA0.8_BETA0.2,0.8,0.2,500,0.91718,0.82034,0.01549,1.08703,0.88108,0.01212,0.02348,0.00187,0.00776,0.525
4,45,hybrid,HYBRID_ALPHA0.9_BETA0.1,0.9,0.1,500,0.91626,0.81993,0.01551,1.08554,0.87962,0.01225,0.02352,0.00187,0.00763,0.55
4,45,mse,MSE,1.0,0.0,50,0.94815,0.83482,0.03806,1.42122,0.97307,0.06223,0.03848,0.00186,0.0064,0.5
4,45,mse,MSE,1.0,0.0,100,0.85129,0.78599,0.0176,1.30213,0.96311,0.03185,0.01819,0.00164,0.01114,0.65
4,45,mse,MSE,1.0,0.0,300,0.92393,0.81803,0.02147,1.10184,0.90113,0.0194,0.0189,0.0014,0.00832,0.6
4,45,mse,MSE,1.0,0.0,500,0.90461,0.81534,0.01403,1.08327,0.87761,0.01252,0.02435,0.00193,0.00722,0.625
5,46,hsic,HSIC,0.0,1.0,50,1.06579,0.87111,0.0501,3.50135,1.4297,0.11677,0.19842,0.00432,0.01236,0.675
5,46,hsic,HSIC,0.0,1.0,100,1.56216,1.03071,0.19359,3.59401,1.45339,0.11803,0.20123,0.00277,0.03853,0.725
5,46,hsic,HSIC,0.0,1.0,300,1.12536,0.88401,0.02591,3.58937,1.45468,0.11704,0.20052,0.00561,0.04194,0.75
5,46,hsic,HSIC,0.0,1.0,500,1.18905,0.89946,0.01361,3.58218,1.45503,0.11655,0.19999,0.00581,0.05435,0.65
5,46,hybrid,HYBRID_ALPHA0.1_BETA0.9,0.1,0.9,50,1.0345,0.85484,0.04915,1.77949,1.05939,0.03166,0.08951,0.00186,0.01497,0.65
5,46,hybrid,HYBRID_ALPHA0.2_BETA0.8,0.2,0.8,50,1.04385,0.85764,0.04638,1.86271,1.08423,0.03419,0.08616,0.00184,0.0154,0.575
5,46,hybrid,HYBRID_ALPHA0.3_BETA0.7,0.3,0.7,50,1.0673,0.86615,0.04462,1.71855,1.05567,0.03742,0.07934,0.00183,0.01508,0.575
5,46,hybrid,HYBRID_ALPHA0.4_BETA0.6,0.4,0.6,50,1.08265,0.87284,0.04225,1.77138,1.07814,0.03718,0.07114,0.00196,0.01783,0.6
5,46,hybrid,HYBRID_ALPHA0.5_BETA0.5,0.5,0.5,50,1.18556,0.91807,0.04161,1.70091,1.05512,0.03611,0.06818,0.0022,0.0183,0.625
5,46,hybrid,HYBRID_ALPHA0.6_BETA0.4,0.6,0.4,50,1.19691,0.91598,0.04007,1.34088,0.95733,0.03178,0.04876,0.00132,0.01789,0.575
5,46,hybrid,HYBRID_ALPHA0.7_BETA0.3,0.7,0.3,50,1.06917,0.87009,0.05009,1.53479,1.00736,0.03675,0.05652,0.00168,0.01546,0.6
5,46,hybrid,HYBRID_ALPHA0.8_BETA0.2,0.8,0.2,50,1.20356,0.92186,0.04381,1.59064,1.02134,0.041,0.05458,0.00138,0.01535,0.65
5,46,hybrid,HYBRID_ALPHA0.9_BETA0.1,0.9,0.1,50,1.06273,0.86476,0.05366,1.66114,1.04732,0.04811,0.05211,0.0019,0.01409,0.65
5,46,hybrid,HYBRID_ALPHA0.1_BETA0.9,0.1,0.9,100,1.56173,1.0305,0.19346,3.51914,1.44773,0.11658,0.19998,0.00279,0.03754,0.675
5,46,hybrid,HYBRID_ALPHA0.2_BETA0.8,0.2,0.8,100,1.56137,1.03037,0.19333,1.28294,0.95012,0.08674,0.03146,0.00181,0.00918,0.725
5,46,hybrid,HYBRID_ALPHA0.3_BETA0.7,0.3,0.7,100,1.56119,1.03032,0.19331,1.22197,0.92492,0.07743,0.02745,0.00172,0.00871,0.65
5,46,hybrid,HYBRID_ALPHA0.4_BETA0.6,0.4,0.6,100,1.56069,1.03019,0.19323,1.32518,0.9768,0.06162,0.0427,0.00192,0.00856,0.775
5,46,hybrid,HYBRID_ALPHA0.5_BETA0.5,0.5,0.5,100,1.56069,1.03019,0.19324,1.35229,0.98538,0.06707,0.05562,0.00218,0.00848,0.675
5,46,hybrid,HYBRID_ALPHA0.6_BETA0.4,0.6,0.4,100,1.56069,1.03019,0.19323,1.4505,1.00983,0.06352,0.05284,0.00259,0.00835,0.5
5,46,hybrid,HYBRID_ALPHA0.7_BETA0.3,0.7,0.3,100,1.56069,1.03019,0.19323,1.40896,0.98913,0.05622,0.05421,0.00259,0.00757,0.575
5,46,hybrid,HYBRID_ALPHA0.8_BETA0.2,0.8,0.2,100,1.56069,1.03019,0.19323,1.37138,0.98532,0.05852,0.0542,0.00249,0.00772,0.675
5,46,hybrid,HYBRID_ALPHA0.9_BETA0.1,0.9,0.1,100,1.56067,1.03018,0.19322,1.33987,0.97281,0.05538,0.05136,0.00237,0.0078,0.575
5,46,hybrid,HYBRID_ALPHA0.1_BETA0.9,0.1,0.9,300,0.97305,0.84067,0.02815,1.11253,0.90307,0.02004,0.01828,0.00151,0.00793,0.625
5,46,hybrid,HYBRID_ALPHA0.2_BETA0.8,0.2,0.8,300,0.92656,0.82115,0.01989,1.6836,1.03533,0.04178,0.09145,0.00274,0.00996,0.6
5,46,hybrid,HYBRID_ALPHA0.3_BETA0.7,0.3,0.7,300,0.92362,0.82045,0.01966,1.63318,1.01925,0.03989,0.08935,0.00262,0.00927,0.5
5,46,hybrid,HYBRID_ALPHA0.4_BETA0.6,0.4,0.6,300,0.92088,0.81954,0.01875,1.53814,0.99673,0.03794,0.07935,0.00245,0.00908,0.575
5,46,hybrid,HYBRID_ALPHA0.5_BETA0.5,0.5,0.5,300,0.91807,0.81824,0.01798,1.48878,0.98397,0.03552,0.07482,0.00237,0.00892,0.625
5,46,hybrid,HYBRID_ALPHA0.6_BETA0.4,0.6,0.4,300,0.91741,0.81648,0.01725,1.4509,0.97419,0.0344,0.07026,0.00237,0.00881,0.625
5,46,hybrid,HYBRID_ALPHA0.7_BETA0.3,0.7,0.3,300,0.91514,0.8148,0.01712,1.12845,0.90765,0.02305,0.01832,0.00156,0.00839,0.6
5,46,hybrid,HYBRID_ALPHA0.8_BETA0.2,0.8,0.2,300,0.90482,0.80899,0.01671,1.12865,0.90814,0.02341,0.01805,0.00159,0.00836,0.55
5,46,hybrid,HYBRID_ALPHA0.9_BETA0.1,0.9,0.1,300,0.9041,0.80786,0.01643,1.12639,0.90798,0.02354,0.01772,0.00158,0.00853,0.6
5,46,hybrid,HYBRID_ALPHA0.1_BETA0.9,0.1,0.9,500,0.92584,0.81653,0.01163,1.06849,0.88768,0.02437,0.01173,0.00174,0.00681,0.5
5,46,hybrid,HYBRID_ALPHA0.2_BETA0.8,0.2,0.8,500,0.91876,0.81155,0.01167,1.64865,1.01856,0.0409,0.08387,0.00253,0.00732,0.575
5,46,hybrid,HYBRID_ALPHA0.3_BETA0.7,0.3,0.7,500,0.92236,0.81171,0.01174,1.56316,0.99766,0.03822,0.07756,0.00252,0.00739,0.525
5,46,hybrid,HYBRID_ALPHA0.4_BETA0.6,0.4,0.6,500,0.92528,0.81198,0.01164,1.47648,0.97253,0.03377,0.07353,0.00228,0.00736,0.55
5,46,hybrid,HYBRID_ALPHA0.5_BETA0.5,0.5,0.5,500,0.92667,0.81175,0.01158,1.43816,0.96022,0.03188,0.06635,0.00214,0.00728,0.5
5,46,hybrid,HYBRID_ALPHA0.6_BETA0.4,0.6,0.4,500,0.92667,0.81096,0.01152,1.05246,0.87987,0.02213,0.0127,0.00151,0.00651,0.525
5,46,hybrid,HYBRID_ALPHA0.7_BETA0.3,0.7,0.3,500,0.92405,0.8127,0.0121,1.05035,0.87868,0.02168,0.01279,0.00149,0.00653,0.5
5,46,hybrid,HYBRID_ALPHA0.8_BETA0.2,0.8,0.2,500,0.92671,0.81315,0.01157,1.04891,0.87798,0.02124,0.01286,0.0015,0.00635,0.55
5,46,hybrid,HYBRID_ALPHA0.9_BETA0.1,0.9,0.1,500,0.92773,0.80747,0.01051,1.04745,0.87756,0.02082,0.01291,0.00153,0.00624,0.55
5,46,mse,MSE,1.0,0.0,50,1.18328,0.91616,0.04541,1.773,1.08748,0.04605,0.0694,0.00188,0.01846,0.725
5,46,mse,MSE,1.0,0.0,100,1.56065,1.03017,0.19322,1.35129,0.97706,0.05226,0.04691,0.00237,0.00785,0.55
5,46,mse,MSE,1.0,0.0,300,0.9037,0.80713,0.01613,1.12472,0.90765,0.02391,0.01726,0.00157,0.00856,0.55
5,46,mse,MSE,1.0,0.0,500,0.92795,0.80576,0.01004,1.04679,0.87729,0.02033,0.01308,0.00155,0.0062,0.525
6,47,hsic,HSIC,0.0,1.0,50,0.99468,0.83369,0.01172,3.39859,1.42964,0.12251,0.19769,0.0054,0.06106,0.6
6,47,hsic,HSIC,0.0,1.0,100,1.25737,0.93533,0.06948,3.50312,1.44564,0.11774,0.19873,0.00492,0.07904,0.75
6,47,hsic,HSIC,0.0,1.0,300,1.05884,0.86381,0.01913,3.48311,1.4399,0.11847,0.19834,0.0059,0.07521,0.65
6,47,hsic,HSIC,0.0,1.0,500,1.09759,0.86952,0.00962,2.21816,1.20937,0.02906,0.09858,0.00308,0.01772,0.55
6,47,hybrid,HYBRID_ALPHA0.1_BETA0.9,0.1,0.9,50,1.11111,0.86147,0.01101,1.16897,0.9295,0.0562,0.02442,0.00145,0.01881,0.525
6,47,hybrid,HYBRID_ALPHA0.2_BETA0.8,0.2,0.8,50,1.06294,0.8702,0.00919,1.34027,0.94458,0.02853,0.04249,0.00162,0.00875,0.575
6,47,hybrid,HYBRID_ALPHA0.3_BETA0.7,0.3,0.7,50,1.07321,0.87583,0.00891,1.1203,0.90437,0.04688,0.02515,0.00153,0.01115,0.65
6,47,hybrid,HYBRID_ALPHA0.4_BETA0.6,0.4,0.6,50,1.06819,0.87998,0.00864,1.08142,0.87671,0.03327,0.02619,0.00177,0.00852,0.6
6,47,hybrid,HYBRID_ALPHA0.5_BETA0.5,0.5,0.5,50,1.09303,0.8925,0.00988,1.33059,0.94116,0.02833,0.05581,0.00259,0.0101,0.55
6,47,hybrid,HYBRID_ALPHA0.6_BETA0.4,0.6,0.4,50,1.06888,0.87703,0.0431,1.36553,0.94114,0.02996,0.0607,0.00247,0.01615,0.575
6,47,hybrid,HYBRID_ALPHA0.7_BETA0.3,0.7,0.3,50,1.09204,0.89389,0.02507,1.35214,0.93422,0.02932,0.05953,0.00257,0.0137,0.575
6,47,hybrid,HYBRID_ALPHA0.8_BETA0.2,0.8,0.2,50,1.16384,0.91021,0.07075,1.03132,0.83227,0.03607,0.01479,0.00247,0.01834,0.675
6,47,hybrid,HYBRID_ALPHA0.9_BETA0.1,0.9,0.1,50,1.26077,0.94234,0.13199,1.03299,0.82967,0.03512,0.0155,0.00281,0.02296,0.65
6,47,hybrid,HYBRID_ALPHA0.1_BETA0.9,0.1,0.9,100,1.20806,0.92336,0.07586,1.23798,0.94337,0.07034,0.01758,0.00231,0.01658,0.65
6,47,hybrid,HYBRID_ALPHA0.2_BETA0.8,0.2,0.8,100,1.19664,0.92294,0.08181,1.84201,1.0813,0.04409,0.08895,0.00224,0.02092,0.5
6,47,hybrid,HYBRID_ALPHA0.3_BETA0.7,0.3,0.7,100,1.14625,0.90994,0.07644,1.16218,0.91572,0.06465,0.01397,0.00226,0.01613,0.6
6,47,hybrid,HYBRID_ALPHA0.4_BETA0.6,0.4,0.6,100,1.15629,0.91458,0.08064,1.59687,1.00528,0.04612,0.0823,0.00223,0.01936,0.525
6,47,hybrid,HYBRID_ALPHA0.5_BETA0.5,0.5,0.5,100,1.14271,0.90956,0.08373,1.55424,0.9986,0.04217,0.07642,0.00237,0.01957,0.525
6,47,hybrid,HYBRID_ALPHA0.6_BETA0.4,0.6,0.4,100,1.14789,0.91368,0.08245,1.41186,0.96175,0.04479,0.05532,0.00218,0.01746,0.55
6,47,hybrid,HYBRID_ALPHA0.7_BETA0.3,0.7,0.3,100,1.15171,0.91597,0.08106,1.16409,0.90247,0.04312,0.0205,0.0019,0.01505,0.55
6,47,hybrid,HYBRID_ALPHA0.8_BETA0.2,0.8,0.2,100,1.15597,0.91724,0.07963,1.26565,0.92621,0.04412,0.03644,0.00203,0.01522,0.525
6,47,hybrid,HYBRID_ALPHA0.9_BETA0.1,0.9,0.1,100,1.1521,0.91525,0.07684,1.24571,0.92393,0.04208,0.03366,0.002,0.01437,0.525
6,47,hybrid,HYBRID_ALPHA0.1_BETA0.9,0.1,0.9,300,1.03487,0.85853,0.02092,1.76082,1.05437,0.04307,0.08428,0.00255,0.01337,0.625
6,47,hybrid,HYBRID_ALPHA0.2_BETA0.8,0.2,0.8,300,1.01747,0.85175,0.01826,1.65038,1.0235,0.04402,0.08273,0.00264,0.01378,0.55
6,47,hybrid,HYBRID_ALPHA0.3_BETA0.7,0.3,0.7,300,1.01422,0.85031,0.01808,1.60121,1.01074,0.04411,0.08088,0.00263,0.0138,0.575
6,47,hybrid,HYBRID_ALPHA0.4_BETA0.6,0.4,0.6,300,1.00846,0.8469,0.01867,1.0582,0.88915,0.0184,0.01937,0.00192,0.01229,0.575
6,47,hybrid,HYBRID_ALPHA0.5_BETA0.5,0.5,0.5,300,0.99609,0.8419,0.01695,1.05363,0.88912,0.01782,0.0193,0.00199,0.01208,0.575
6,47,hybrid,HYBRID_ALPHA0.6_BETA0.4,0.6,0.4,300,0.99668,0.84251,0.01676,1.04801,0.88755,0.01736,0.01951,0.00199,0.01216,0.6
6,47,hybrid,HYBRID_ALPHA0.7_BETA0.3,0.7,0.3,300,0.99492,0.84179,0.01638,1.04484,0.88736,0.0167,0.01979,0.00203,0.01206,0.55
6,47,hybrid,HYBRID_ALPHA0.8_BETA0.2,0.8,0.2,300,0.99183,0.84201,0.01591,1.04096,0.88613,0.01627,0.02027,0.00212,0.01211,0.525
6,47,hybrid,HYBRID_ALPHA0.9_BETA0.1,0.9,0.1,300,0.99204,0.84079,0.01594,1.0381,0.88532,0.0156,0.02087,0.00211,0.01213,0.575
6,47,hybrid,HYBRID_ALPHA0.1_BETA0.9,0.1,0.9,500,0.93011,0.82637,0.00837,1.73269,1.0654,0.05056,0.10437,0.00388,0.01902,0.525
6,47,hybrid,HYBRID_ALPHA0.2_BETA0.8,0.2,0.8,500,0.92217,0.82172,0.008,1.72105,1.06102,0.04994,0.10309,0.00371,0.01822,0.55
6,47,hybrid,HYBRID_ALPHA0.3_BETA0.7,0.3,0.7,500,0.92269,0.81999,0.00818,1.71396,1.05869,0.05002,0.10228,0.00369,0.01816,0.55
6,47,hybrid,HYBRID_ALPHA0.4_BETA0.6,0.4,0.6,500,0.92336,0.81843,0.00763,1.7062,1.05742,0.05055,0.10149,0.00363,0.01858,0.7
6,47,hybrid,HYBRID_ALPHA0.5_BETA0.5,0.5,0.5,500,0.91455,0.81653,0.00754,1.68147,1.05076,0.05059,0.09844,0.00355,0.01763,0.65
6,47,hybrid,HYBRID_ALPHA0.6_BETA0.4,0.6,0.4,500,0.91141,0.81556,0.00758,1.65085,1.04322,0.05087,0.0948,0.00347,0.01685,0.675
6,47,hybrid,HYBRID_ALPHA0.7_BETA0.3,0.7,0.3,500,0.90651,0.81352,0.00752,1.60981,1.03296,0.05132,0.0893,0.00334,0.01613,0.6
6,47,hybrid,HYBRID_ALPHA0.8_BETA0.2,0.8,0.2,500,0.9079,0.81462,0.00756,1.56486,1.02097,0.05186,0.08303,0.00319,0.01509,0.625
6,47,hybrid,HYBRID_ALPHA0.9_BETA0.1,0.9,0.1,500,0.89367,0.80671,0.00759,1.49618,1.00108,0.04774,0.0765,0.00307,0.01347,0.575
6,47,mse,MSE,1.0,0.0,50,1.21933,0.93003,0.12687,1.03256,0.83018,0.03474,0.01819,0.00285,0.02176,0.7
6,47,mse,MSE,1.0,0.0,100,1.15403,0.91583,0.07542,1.24942,0.92548,0.04021,0.03294,0.00201,0.01515,0.55
6,47,mse,MSE,1.0,0.0,300,0.99983,0.84477,0.01687,1.03548,0.88377,0.0152,0.02175,0.00205,0.0126,0.55
6,47,mse,MSE,1.0,0.0,500,0.89662,0.80921,0.00787,1.44988,0.99219,0.04847,0.07113,0.00299,0.01308,0.55
7,48,hsic,HSIC,0.0,1.0,50,1.25807,0.92757,0.03928,3.38453,1.43355,0.12619,0.19898,0.00634,0.05804,0.7
7,48,hsic,HSIC,0.0,1.0,100,1.11006,0.87281,0.02565,3.44298,1.43273,0.11263,0.19408,0.00648,0.05257,0.6
7,48,hsic,HSIC,0.0,1.0,300,1.23275,0.90926,0.01051,3.54173,1.44768,0.11817,0.20019,0.00562,0.05342,0.7
7,48,hsic,HSIC,0.0,1.0,500,1.13283,0.88673,0.02244,3.59404,1.45424,0.11778,0.20102,0.00575,0.05973,0.625
7,48,hybrid,HYBRID_ALPHA0.1_BETA0.9,0.1,0.9,50,1.07445,0.8563,0.05215,3.36676,1.43128,0.12608,0.19879,0.00472,0.06502,0.7
7,48,hybrid,HYBRID_ALPHA0.2_BETA0.8,0.2,0.8,50,1.01906,0.85934,0.02682,1.86062,1.11244,0.05788,0.12439,0.00477,0.02769,0.6
7,48,hybrid,HYBRID_ALPHA0.3_BETA0.7,0.3,0.7,50,1.06594,0.85191,0.05995,1.81106,1.09731,0.05559,0.11858,0.00429,0.03555,0.625
7,48,hybrid,HYBRID_ALPHA0.4_BETA0.6,0.4,0.6,50,1.13483,0.87047,0.07068,1.44974,0.98617,0.03971,0.05251,0.00275,0.02714,0.5
7,48,hybrid,HYBRID_ALPHA0.5_BETA0.5,0.5,0.5,50,1.09234,0.85736,0.06229,1.4261,0.98224,0.04256,0.05214,0.00267,0.02571,0.55
7,48,hybrid,HYBRID_ALPHA0.6_BETA0.4,0.6,0.4,50,1.09358,0.85784,0.06084,1.43039,0.98853,0.04669,0.05725,0.00279,0.0256,0.55
7,48,hybrid,HYBRID_ALPHA0.7_BETA0.3,0.7,0.3,50,1.12583,0.86998,0.06639,1.43148,0.99009,0.04826,0.05967,0.00293,0.02678,0.525
7,48,hybrid,HYBRID_ALPHA0.8_BETA0.2,0.8,0.2,50,1.10568,0.86142,0.0632,1.43112,0.99193,0.05095,0.06092,0.003,0.02508,0.525
7,48,hybrid,HYBRID_ALPHA0.9_BETA0.1,0.9,0.1,50,0.98916,0.82529,0.03706,1.42469,0.99341,0.05319,0.06111,0.0029,0.02145,0.55
7,48,hybrid,HYBRID_ALPHA0.1_BETA0.9,0.1,0.9,100,1.06088,0.87314,0.03349,1.4852,0.98611,0.02635,0.06367,0.00276,0.01022,0.55
7,48,hybrid,HYBRID_ALPHA0.2_BETA0.8,0.2,0.8,100,1.14297,0.8838,0.03198,1.4957,0.9856,0.03416,0.07109,0.00264,0.00931,0.575
7,48,hybrid,HYBRID_ALPHA0.3_BETA0.7,0.3,0.7,100,1.03342,0.8603,0.03184,1.43011,0.97167,0.03345,0.06958,0.0029,0.01008,0.525
7,48,hybrid,HYBRID_ALPHA0.4_BETA0.6,0.4,0.6,100,1.03415,0.85889,0.03119,1.40463,0.96725,0.03245,0.0694,0.0029,0.00997,0.525
7,48,hybrid,HYBRID_ALPHA0.5_BETA0.5,0.5,0.5,100,1.03498,0.85539,0.03134,1.38184,0.96117,0.02656,0.07069,0.00296,0.00962,0.5
7,48,hybrid,HYBRID_ALPHA0.6_BETA0.4,0.6,0.4,100,1.02443,0.85204,0.02948,1.35244,0.95754,0.01859,0.06783,0.00304,0.00944,0.55
7,48,hybrid,HYBRID_ALPHA0.7_BETA0.3,0.7,0.3,100,1.02909,0.85524,0.02918,1.30377,0.94931,0.01589,0.06103,0.00308,0.00934,0.525
7,48,hybrid,HYBRID_ALPHA0.8_BETA0.2,0.8,0.2,100,1.02275,0.85381,0.02807,1.2176,0.93486,0.01317,0.05224,0.00297,0.00912,0.525
7,48,hybrid,HYBRID_ALPHA0.9_BETA0.1,0.9,0.1,100,1.04125,0.86048,0.0293,1.27741,0.97247,0.01939,0.04763,0.00275,0.00945,0.525
7,48,hybrid,HYBRID_ALPHA0.1_BETA0.9,0.1,0.9,300,0.91982,0.81558,0.0089,3.27282,1.41358,0.11682,0.19482,0.00573,0.04679,0.65
7,48,hybrid,HYBRID_ALPHA0.2_BETA0.8,0.2,0.8,300,0.94419,0.82295,0.00951,1.62665,1.01828,0.0438,0.07791,0.00263,0.00753,0.525
7,48,hybrid,HYBRID_ALPHA0.3_BETA0.7,0.3,0.7,300,0.95852,0.83225,0.00895,1.56524,1.00104,0.0449,0.07691,0.00262,0.00772,0.55
7,48,hybrid,HYBRID_ALPHA0.4_BETA0.6,0.4,0.6,300,0.96249,0.83174,0.00888,1.06318,0.88859,0.03034,0.01097,0.00149,0.00632,0.525
7,48,hybrid,HYBRID_ALPHA0.5_BETA0.5,0.5,0.5,300,0.96996,0.83535,0.00889,1.43892,0.97304,0.04572,0.06559,0.00236,0.00739,0.525
7,48,hybrid,HYBRID_ALPHA0.6_BETA0.4,0.6,0.4,300,0.98392,0.84146,0.01876,1.06603,0.88908,0.02803,0.0107,0.00168,0.00735,0.55
7,48,hybrid,HYBRID_ALPHA0.7_BETA0.3,0.7,0.3,300,0.99769,0.84684,0.02101,1.06641,0.88921,0.02742,0.01077,0.00171,0.00728,0.6
7,48,hybrid,HYBRID_ALPHA0.8_BETA0.2,0.8,0.2,300,0.98185,0.83993,0.01997,1.06917,0.88951,0.02638,0.01096,0.00168,0.00709,0.55
7,48,hybrid,HYBRID_ALPHA0.9_BETA0.1,0.9,0.1,300,0.99345,0.84454,0.02444,1.07079,0.8895,0.02544,0.01125,0.00174,0.00728,0.625
7,48,hybrid,HYBRID_ALPHA0.1_BETA0.9,0.1,0.9,500,0.9686,0.83452,0.02201,1.46428,0.96907,0.03218,0.05834,0.00216,0.01065,0.5
7,48,hybrid,HYBRID_ALPHA0.2_BETA0.8,0.2,0.8,500,0.93464,0.82544,0.02138,1.40673,0.95508,0.0305,0.05595,0.00234,0.01027,0.65
7,48,hybrid,HYBRID_ALPHA0.3_BETA0.7,0.3,0.7,500,0.94171,0.83003,0.02234,1.37167,0.9494,0.02997,0.05204,0.00229,0.01026,0.55
7,48,hybrid,HYBRID_ALPHA0.4_BETA0.6,0.4,0.6,500,0.93685,0.82786,0.02164,1.07881,0.89121,0.01919,0.01545,0.00172,0.0086,0.675
7,48,hybrid,HYBRID_ALPHA0.5_BETA0.5,0.5,0.5,500,0.94073,0.8264,0.0202,1.07223,0.88775,0.01849,0.01525,0.00169,0.00851,0.625
7,48,hybrid,HYBRID_ALPHA0.6_BETA0.4,0.6,0.4,500,0.93934,0.82796,0.02015,1.06746,0.88535,0.01781,0.01499,0.00167,0.00834,0.6
7,48,hybrid,HYBRID_ALPHA0.7_BETA0.3,0.7,0.3,500,0.93217,0.82173,0.01994,1.13484,0.89096,0.02058,0.03004,0.0021,0.00818,0.6
7,48,hybrid,HYBRID_ALPHA0.8_BETA0.2,0.8,0.2,500,0.92354,0.81881,0.0199,1.16031,0.89824,0.02384,0.03221,0.00222,0.00821,0.55
7,48,hybrid,HYBRID_ALPHA0.9_BETA0.1,0.9,0.1,500,0.91982,0.81653,0.0197,1.14428,0.89555,0.02343,0.02937,0.00218,0.00796,0.6
7,48,mse,MSE,1.0,0.0,50,1.07698,0.85554,0.03869,1.41904,0.99718,0.05504,0.05993,0.00304,0.02129,0.6
7,48,mse,MSE,1.0,0.0,100,1.03601,0.8591,0.02829,1.25737,0.96113,0.018,0.05238,0.00299,0.0097,0.55
7,48,mse,MSE,1.0,0.0,300,0.99566,0.84565,0.02344,1.06479,0.88303,0.02093,0.01658,0.0016,0.00672,0.55
7,48,mse,MSE,1.0,0.0,500,0.9176,0.81479,0.01948,1.13179,0.89299,0.02296,0.02862,0.0022,0.00793,0.6
8,49,hsic,HSIC,0.0,1.0,50,1.43401,0.99785,0.07364,3.55215,1.44802,0.11783,0.20083,0.00368,0.0914,0.725
8,49,hsic,HSIC,0.0,1.0,100,1.2542,0.91996,0.01168,1.99735,1.13621,0.039,0.09707,0.00307,0.01684,0.525
8,49,hsic,HSIC,0.0,1.0,300,1.20291,0.90034,0.01124,3.57135,1.44718,0.11673,0.19995,0.00559,0.07135,0.65
8,49,hsic,HSIC,0.0,1.0,500,1.20987,0.91047,0.01353,3.5303,1.44563,0.11782,0.19929,0.00537,0.06805,0.725
8,49,hybrid,HYBRID_ALPHA0.1_BETA0.9,0.1,0.9,50,1.04546,0.87027,0.05713,3.328,1.416,0.11703,0.19604,0.00459,0.08754,0.75
8,49,hybrid,HYBRID_ALPHA0.2_BETA0.8,0.2,0.8,50,1.05763,0.87392,0.05223,1.79801,1.08966,0.05659,0.11009,0.00297,0.0418,0.625
8,49,hybrid,HYBRID_ALPHA0.3_BETA0.7,0.3,0.7,50,1.10053,0.88537,0.05197,1.77204,1.08574,0.05671,0.11152,0.00303,0.04434,0.65
8,49,hybrid,HYBRID_ALPHA0.4_BETA0.6,0.4,0.6,50,1.15431,0.90086,0.05509,1.75289,1.08048,0.05653,0.11061,0.00285,0.04484,0.675
8,49,hybrid,HYBRID_ALPHA0.5_BETA0.5,0.5,0.5,50,1.16057,0.90056,0.05677,1.72677,1.07098,0.05481,0.10748,0.00285,0.04329,0.725
8,49,hybrid,HYBRID_ALPHA0.6_BETA0.4,0.6,0.4,50,1.16794,0.90166,0.05642,1.73064,1.07152,0.05456,0.10813,0.0028,0.04245,0.7
8,49,hybrid,HYBRID_ALPHA0.7_BETA0.3,0.7,0.3,50,1.1422,0.8944,0.05073,1.70596,1.06439,0.05295,0.10611,0.0028,0.03982,0.65
8,49,hybrid,HYBRID_ALPHA0.8_BETA0.2,0.8,0.2,50,1.10913,0.88388,0.0444,1.68711,1.05937,0.05284,0.10308,0.00281,0.03642,0.65
8,49,hybrid,HYBRID_ALPHA0.9_BETA0.1,0.9,0.1,50,1.09824,0.87994,0.04204,1.66789,1.05369,0.05173,0.10065,0.00278,0.03478,0.65
8,49,hybrid,HYBRID_ALPHA0.1_BETA0.9,0.1,0.9,100,0.94429,0.84184,0.00989,1.70137,1.0492,0.04941,0.09898,0.00348,0.01865,0.65
8,49,hybrid,HYBRID_ALPHA0.2_BETA0.8,0.2,0.8,100,0.91487,0.81254,0.00943,1.71603,1.05449,0.04921,0.10064,0.00339,0.02029,0.575
8,49,hybrid,HYBRID_ALPHA0.3_BETA0.7,0.3,0.7,100,0.90779,0.81893,0.01043,1.72765,1.05913,0.04933,0.10231,0.00357,0.01991,0.575
8,49,hybrid,HYBRID_ALPHA0.4_BETA0.6,0.4,0.6,100,0.94253,0.82852,0.00872,1.72376,1.06085,0.04996,0.10253,0.00343,0.02088,0.575
8,49,hybrid,HYBRID_ALPHA0.5_BETA0.5,0.5,0.5,100,0.94383,0.83072,0.00868,1.68477,1.05374,0.05054,0.09849,0.00339,0.02142,0.55
8,49,hybrid,HYBRID_ALPHA0.6_BETA0.4,0.6,0.4,100,0.92392,0.82093,0.00887,1.64261,1.02515,0.03175,0.10413,0.00317,0.02002,0.55
8,49,hybrid,HYBRID_ALPHA0.7_BETA0.3,0.7,0.3,100,0.91391,0.81413,0.00935,1.55696,1.00323,0.0274,0.0938,0.00297,0.0198,0.6
8,49,hybrid,HYBRID_ALPHA0.8_BETA0.2,0.8,0.2,100,0.933,0.82112,0.01069,1.49034,0.98553,0.02263,0.08266,0.00264,0.01962,0.525
8,49,hybrid,HYBRID_ALPHA0.9_BETA0.1,0.9,0.1,100,0.92259,0.81932,0.01084,1.47232,0.98174,0.02131,0.0812,0.0027,0.01931,0.55
8,49,hybrid,HYBRID_ALPHA0.1_BETA0.9,0.1,0.9,300,0.87387,0.79541,0.01013,1.9712,1.122,0.04163,0.08998,0.00296,0.01278,0.575
8,49,hybrid,HYBRID_ALPHA0.2_BETA0.8,0.2,0.8,300,0.87823,0.79657,0.0102,1.09893,0.90906,0.02645,0.00913,0.00141,0.01216,0.55
8,49,hybrid,HYBRID_ALPHA0.3_BETA0.7,0.3,0.7,300,0.87943,0.79637,0.01045,1.09274,0.90665,0.02545,0.00885,0.00143,0.01194,0.55
8,49,hybrid,HYBRID_ALPHA0.4_BETA0.6,0.4,0.6,300,0.87233,0.79361,0.01043,1.09074,0.90727,0.02436,0.00875,0.00143,0.01185,0.6
8,49,hybrid,HYBRID_ALPHA0.5_BETA0.5,0.5,0.5,300,0.86722,0.79261,0.01038,1.08801,0.90671,0.02366,0.00876,0.00143,0.0116,0.525
8,49,hybrid,HYBRID_ALPHA0.6_BETA0.4,0.6,0.4,300,0.86312,0.79198,0.01038,1.08526,0.90603,0.02305,0.0089,0.00144,0.01144,0.5
8,49,hybrid,HYBRID_ALPHA0.7_BETA0.3,0.7,0.3,300,0.86515,0.79377,0.01034,1.07958,0.90354,0.02206,0.00947,0.00143,0.01148,0.55
8,49,hybrid,HYBRID_ALPHA0.8_BETA0.2,0.8,0.2,300,0.86517,0.79319,0.01068,1.08394,0.88539,0.02101,0.01967,0.00149,0.00947,0.6
8,49,hybrid,HYBRID_ALPHA0.9_BETA0.1,0.9,0.1,300,0.87361,0.79682,0.01166,1.08679,0.88626,0.02039,0.01933,0.00144,0.00879,0.6
8,49,hybrid,HYBRID_ALPHA0.1_BETA0.9,0.1,0.9,500,0.90731,0.80071,0.01193,1.06892,0.89251,0.02234,0.01244,0.00161,0.00827,0.65
8,49,hybrid,HYBRID_ALPHA0.2_BETA0.8,0.2,0.8,500,0.90916,0.80875,0.01114,1.05533,0.88592,0.02076,0.01241,0.00157,0.00851,0.575
8,49,hybrid,HYBRID_ALPHA0.3_BETA0.7,0.3,0.7,500,0.90639,0.80813,0.01278,1.04887,0.88213,0.01946,0.01239,0.00155,0.00814,0.525
8,49,hybrid,HYBRID_ALPHA0.4_BETA0.6,0.4,0.6,500,0.90257,0.80577,0.01295,1.04233,0.8783,0.01835,0.01241,0.00152,0.00798,0.575
8,49,hybrid,HYBRID_ALPHA0.5_BETA0.5,0.5,0.5,500,0.89801,0.80343,0.01287,1.03618,0.87476,0.01749,0.01248,0.00151,0.00781,0.6
8,49,hybrid,HYBRID_ALPHA0.6_BETA0.4,0.6,0.4,500,0.89273,0.80043,0.01253,1.03586,0.87336,0.01692,0.01282,0.0015,0.00762,0.525
8,49,hybrid,HYBRID_ALPHA0.7_BETA0.3,0.7,0.3,500,0.88986,0.79514,0.01433,1.03435,0.87221,0.01649,0.01314,0.0015,0.00763,0.65
8,49,hybrid,HYBRID_ALPHA0.8_BETA0.2,0.8,0.2,500,0.88562,0.79251,0.01386,1.11537,0.88818,0.02154,0.02641,0.00174,0.00776,0.525
8,49,hybrid,HYBRID_ALPHA0.9_BETA0.1,0.9,0.1,500,0.88459,0.79157,0.01385,1.10872,0.88744,0.0216,0.02585,0.00172,0.00776,0.575
8,49,mse,MSE,1.0,0.0,50,1.10202,0.87936,0.0426,1.64077,1.04493,0.04979,0.09742,0.00269,0.03399,0.625
8,49,mse,MSE,1.0,0.0,100,0.949,0.83263,0.01273,1.60668,1.03792,0.04513,0.09523,0.00335,0.02465,0.625
8,49,mse,MSE,1.0,0.0,300,0.86907,0.79559,0.01146,1.12725,0.89548,0.02309,0.02417,0.00162,0.00884,0.625
8,49,mse,MSE,1.0,0.0,500,0.88323,0.79034,0.01374,1.1045,0.88724,0.02192,0.02561,0.00171,0.00773,0.575
9,50,hsic,HSIC,0.0,1.0,50,1.31098,0.93308,0.02145,3.38285,1.4336,0.12585,0.19927,0.00605,0.07995,0.675
9,50,hsic,HSIC,0.0,1.0,100,1.12521,0.89836,0.04444,3.39023,1.43007,0.12241,0.19807,0.00488,0.05152,0.7
9,50,hsic,HSIC,0.0,1.0,300,1.35534,0.94476,0.03222,3.57454,1.45299,0.11663,0.19987,0.00489,0.06822,0.675
9,50,hsic,HSIC,0.0,1.0,500,1.15226,0.88907,0.02493,3.47897,1.44007,0.11825,0.19762,0.00588,0.05679,0.65
9,50,hybrid,HYBRID_ALPHA0.1_BETA0.9,0.1,0.9,50,0.98412,0.83106,0.01877,3.36367,1.43115,0.12555,0.1989,0.00653,0.08256,0.675
9,50,hybrid,HYBRID_ALPHA0.2_BETA0.8,0.2,0.8,50,0.97435,0.832,0.02181,3.35896,1.43051,0.12553,0.19881,0.00656,0.08367,0.7
9,50,hybrid,HYBRID_ALPHA0.3_BETA0.7,0.3,0.7,50,0.99603,0.84271,0.02541,3.35802,1.4304,0.12551,0.1988,0.00652,0.08441,0.7
9,50,hybrid,HYBRID_ALPHA0.4_BETA0.6,0.4,0.6,50,1.02447,0.8545,0.01917,3.14884,1.39723,0.11902,0.19364,0.0065,0.07943,0.625
9,50,hybrid,HYBRID_ALPHA0.5_BETA0.5,0.5,0.5,50,1.04752,0.86411,0.01733,2.80584,1.3415,0.1072,0.18449,0.00636,0.07152,0.675
9,50,hybrid,HYBRID_ALPHA0.6_BETA0.4,0.6,0.4,50,1.12513,0.90255,0.00867,2.58433,1.30235,0.09857,0.17567,0.00678,0.06419,0.6
9,50,hybrid,HYBRID_ALPHA0.7_BETA0.3,0.7,0.3,50,1.10136,0.89204,0.00864,2.38723,1.26192,0.09059,0.16645,0.00644,0.05868,0.575
9,50,hybrid,HYBRID_ALPHA0.8_BETA0.2,0.8,0.2,50,1.1133,0.88685,0.01132,1.14119,0.90015,0.02799,0.03767,0.00252,0.01955,0.625
9,50,hybrid,HYBRID_ALPHA0.9_BETA0.1,0.9,0.1,50,1.14597,0.90501,0.00924,1.13615,0.90361,0.02779,0.03264,0.00263,0.01815,0.65
9,50,hybrid,HYBRID_ALPHA0.1_BETA0.9,0.1,0.9,100,1.00215,0.84818,0.04585,1.85212,1.10211,0.05028,0.11867,0.0032,0.02185,0.575
9,50,hybrid,HYBRID_ALPHA0.2_BETA0.8,0.2,0.8,100,1.00079,0.84736,0.04482,1.78918,1.08997,0.05415,0.11672,0.00302,0.02111,0.575
9,50,hybrid,HYBRID_ALPHA0.3_BETA0.7,0.3,0.7,100,0.9963,0.8452,0.04487,1.73704,1.07414,0.05244,0.10977,0.00287,0.01996,0.55
9,50,hybrid,HYBRID_ALPHA0.4_BETA0.6,0.4,0.6,100,0.89481,0.80093,0.0392,1.68404,1.05917,0.05036,0.1034,0.00267,0.01936,0.7
9,50,hybrid,HYBRID_ALPHA0.5_BETA0.5,0.5,0.5,100,0.9078,0.80639,0.03681,1.63151,1.04492,0.0491,0.09614,0.00279,0.01795,0.575
9,50,hybrid,HYBRID_ALPHA0.6_BETA0.4,0.6,0.4,100,0.91368,0.80822,0.03731,1.59675,1.03602,0.04923,0.09119,0.00269,0.01771,0.525
9,50,hybrid,HYBRID_ALPHA0.7_BETA0.3,0.7,0.3,100,0.91239,0.80796,0.03711,1.42702,0.9793,0.04103,0.06836,0.00211,0.01482,0.55
9,50,hybrid,HYBRID_ALPHA0.8_BETA0.2,0.8,0.2,100,0.91426,0.80913,0.03806,1.1982,0.93906,0.02625,0.02114,0.00129,0.0121,0.625
9,50,hybrid,HYBRID_ALPHA0.9_BETA0.1,0.9,0.1,100,0.91544,0.80915,0.03825,1.18994,0.93764,0.02774,0.02177,0.00125,0.01201,0.65
9,50,hybrid,HYBRID_ALPHA0.1_BETA0.9,0.1,0.9,300,0.9578,0.82245,0.02903,3.27737,1.41614,0.11541,0.19362,0.0049,0.05884,0.625
9,50,hybrid,HYBRID_ALPHA0.2_BETA0.8,0.2,0.8,300,0.93195,0.80428,0.02793,1.65236,1.02281,0.04512,0.08303,0.00289,0.00821,0.5
9,50,hybrid,HYBRID_ALPHA0.3_BETA0.7,0.3,0.7,300,0.89192,0.78863,0.02237,1.59278,1.00992,0.0453,0.07928,0.0028,0.00821,0.6
9,50,hybrid,HYBRID_ALPHA0.4_BETA0.6,0.4,0.6,300,0.89446,0.79365,0.02231,1.54907,1.00043,0.04513,0.07444,0.0028,0.00824,0.525
9,50,hybrid,HYBRID_ALPHA0.5_BETA0.5,0.5,0.5,300,0.8911,0.79226,0.02271,1.50651,0.9929,0.04514,0.06991,0.00282,0.00803,0.55
9,50,hybrid,HYBRID_ALPHA0.6_BETA0.4,0.6,0.4,300,0.90068,0.801,0.02016,1.07413,0.90321,0.03421,0.00854,0.00174,0.01121,0.575
9,50,hybrid,HYBRID_ALPHA0.7_BETA0.3,0.7,0.3,300,0.8979,0.8008,0.01927,1.07256,0.90287,0.03301,0.00887,0.00173,0.01091,0.65
9,50,hybrid,HYBRID_ALPHA0.8_BETA0.2,0.8,0.2,300,0.89763,0.80147,0.01878,1.0706,0.90237,0.03171,0.00913,0.00171,0.01083,0.6
9,50,hybrid,HYBRID_ALPHA0.9_BETA0.1,0.9,0.1,300,0.89411,0.80038,0.01854,1.06817,0.90134,0.03052,0.00946,0.00173,0.01074,0.65
9,50,hybrid,HYBRID_ALPHA0.1_BETA0.9,0.1,0.9,500,0.99627,0.84574,0.02381,1.8305,1.08222,0.04554,0.07836,0.00233,0.01129,0.525
9,50,hybrid,HYBRID_ALPHA0.2_BETA0.8,0.2,0.8,500,0.94144,0.82549,0.0222,1.17694,0.90554,0.02917,0.01969,0.00159,0.00694,0.575
9,50,hybrid,HYBRID_ALPHA0.3_BETA0.7,0.3,0.7,500,0.93677,0.82396,0.02171,1.12935,0.89945,0.02921,0.0163,0.00151,0.00673,0.725
9,50,hybrid,HYBRID_ALPHA0.4_BETA0.6,0.4,0.6,500,0.93209,0.82184,0.02135,1.12238,0.89632,0.02943,0.01618,0.00151,0.00672,0.65
9,50,hybrid,HYBRID_ALPHA0.5_BETA0.5,0.5,0.5,500,0.92759,0.81967,0.02094,1.12914,0.89205,0.02741,0.02072,0.00162,0.00701,0.525
9,50,hybrid,HYBRID_ALPHA0.6_BETA0.4,0.6,0.4,500,0.92465,0.81829,0.0207,1.12114,0.89896,0.02812,0.01516,0.00154,0.00703,0.575
9,50,hybrid,HYBRID_ALPHA0.7_BETA0.3,0.7,0.3,500,0.93039,0.82127,0.0213,1.11349,0.897,0.02734,0.01502,0.00152,0.00716,0.575
9,50,hybrid,HYBRID_ALPHA0.8_BETA0.2,0.8,0.2,500,0.9254,0.81892,0.02052,1.10503,0.89494,0.02639,0.0147,0.00151,0.00717,0.575
9,50,hybrid,HYBRID_ALPHA0.9_BETA0.1,0.9,0.1,500,0.93785,0.82528,0.02154,1.10195,0.89323,0.02603,0.01486,0.00149,0.00724,0.6
9,50,mse,MSE,1.0,0.0,50,1.16267,0.91117,0.00904,1.36608,0.97723,0.05027,0.06655,0.00326,0.02497,0.65
9,50,mse,MSE,1.0,0.0,100,0.91199,0.80919,0.03843,1.18136,0.93373,0.03458,0.02001,0.00124,0.0124,0.65
9,50,mse,MSE,1.0,0.0,300,0.89714,0.80411,0.01864,1.06564,0.90031,0.02922,0.00975,0.00177,0.0106,0.6
9,50,mse,MSE,1.0,0.0,500,0.94087,0.82671,0.02143,1.10024,0.89207,0.02559,0.01513,0.00148,0.0073,0.625
10,51,hsic,HSIC,0.0,1.0,50,1.24745,0.89162,0.03382,3.41443,1.4346,0.12409,0.20148,0.00703,0.0373,0.675
10,51,hsic,HSIC,0.0,1.0,100,1.56253,1.03072,0.19354,3.58336,1.44691,0.11762,0.20066,0.00278,0.03352,0.625
10,51,hsic,HSIC,0.0,1.0,300,1.17462,0.89209,0.01247,3.5877,1.45342,0.11796,0.20082,0.00594,0.05303,0.675
10,51,hsic,HSIC,0.0,1.0,500,1.14823,0.88963,0.01413,3.56833,1.45098,0.11677,0.19988,0.00586,0.05175,0.65
10,51,hybrid,HYBRID_ALPHA0.1_BETA0.9,0.1,0.9,50,1.2348,0.91218,0.03888,3.32684,1.41922,0.12159,0.19798,0.00657,0.03474,0.575
10,51,hybrid,HYBRID_ALPHA0.2_BETA0.8,0.2,0.8,50,1.1472,0.88323,0.03854,2.13339,1.19941,0.08227,0.1468,0.00546,0.02383,0.5
10,51,hybrid,HYBRID_ALPHA0.3_BETA0.7,0.3,0.7,50,1.13989,0.88245,0.03783,2.03921,1.17541,0.078,0.14087,0.00513,0.0224,0.525
10,51,hybrid,HYBRID_ALPHA0.4_BETA0.6,0.4,0.6,50,1.15831,0.89236,0.0397,1.66464,1.07105,0.06833,0.09603,0.00367,0.0173,0.55
10,51,hybrid,HYBRID_ALPHA0.5_BETA0.5,0.5,0.5,50,1.15454,0.89377,0.03608,1.52844,1.03315,0.06461,0.07872,0.00331,0.01788,0.625
10,51,hybrid,HYBRID_ALPHA0.6_BETA0.4,0.6,0.4,50,1.17965,0.90045,0.03741,1.34922,0.99245,0.04432,0.05709,0.00243,0.01701,0.575
10,51,hybrid,HYBRID_ALPHA0.7_BETA0.3,0.7,0.3,50,1.18138,0.89338,0.05635,1.90796,1.12968,0.06048,0.13946,0.00388,0.02272,0.525
10,51,hybrid,HYBRID_ALPHA0.8_BETA0.2,0.8,0.2,50,1.18093,0.89322,0.05778,1.92477,1.13203,0.05577,0.1453,0.00401,0.02299,0.525
10,51,hybrid,HYBRID_ALPHA0.9_BETA0.1,0.9,0.1,50,1.17688,0.89269,0.05823,1.37057,0.99564,0.04035,0.04635,0.00253,0.01533,0.575
10,51,hybrid,HYBRID_ALPHA0.1_BETA0.9,0.1,0.9,100,1.5619,1.03071,0.19357,1.68891,1.02862,0.04577,0.09208,0.00215,0.01787,0.65
10,51,hybrid,HYBRID_ALPHA0.2_BETA0.8,0.2,0.8,100,1.22697,0.93298,0.11548,1.60405,1.00308,0.04462,0.08904,0.00184,0.01673,0.65
10,51,hybrid,HYBRID_ALPHA0.3_BETA0.7,0.3,0.7,100,1.24959,0.93712,0.11904,1.58022,0.99811,0.04027,0.08857,0.00196,0.0172,0.55
10,51,hybrid,HYBRID_ALPHA0.4_BETA0.6,0.4,0.6,100,1.26599,0.94005,0.12182,1.57922,1.00057,0.03916,0.08608,0.00194,0.01693,0.5
10,51,hybrid,HYBRID_ALPHA0.5_BETA0.5,0.5,0.5,100,1.27216,0.93969,0.12181,1.24985,0.96087,0.02046,0.04532,0.00258,0.01636,0.6
10,51,hybrid,HYBRID_ALPHA0.6_BETA0.4,0.6,0.4,100,1.27217,0.94008,0.12513,1.24788,0.9572,0.01986,0.04629,0.00248,0.0173,0.725
10,51,hybrid,HYBRID_ALPHA0.7_BETA0.3,0.7,0.3,100,1.26176,0.93667,0.12437,1.24985,0.95564,0.0193,0.04574,0.00244,0.01711,0.65
10,51,hybrid,HYBRID_ALPHA0.8_BETA0.2,0.8,0.2,100,1.28642,0.94663,0.13466,1.26147,0.96119,0.02013,0.04392,0.00259,0.01625,0.55
10,51,hybrid,HYBRID_ALPHA0.9_BETA0.1,0.9,0.1,100,1.28767,0.94572,0.13201,1.27167,0.96435,0.02014,0.04423,0.00255,0.01698,0.6
10,51,hybrid,HYBRID_ALPHA0.1_BETA0.9,0.1,0.9,300,0.89593,0.80523,0.01084,1.82954,1.08417,0.0522,0.09026,0.00321,0.01286,0.625
10,51,hybrid,HYBRID_ALPHA0.2_BETA0.8,0.2,0.8,300,0.88394,0.80303,0.00944,1.70003,1.04665,0.04999,0.09498,0.0035,0.01298,0.55
10,51,hybrid,HYBRID_ALPHA0.3_BETA0.7,0.3,0.7,300,0.8821,0.80253,0.00907,1.63851,1.03797,0.05249,0.09195,0.0035,0.01283,0.575
10,51,hybrid,HYBRID_ALPHA0.4_BETA0.6,0.4,0.6,300,0.87918,0.8013,0.00875,1.5987,1.03151,0.05436,0.08952,0.00352,0.01266,0.525
10,51,hybrid,HYBRID_ALPHA0.5_BETA0.5,0.5,0.5,300,0.88097,0.80119,0.0085,1.56153,1.0252,0.05608,0.086,0.0035,0.01227,0.5
10,51,hybrid,HYBRID_ALPHA0.6_BETA0.4,0.6,0.4,300,0.87958,0.80507,0.0082,1.02413,0.87234,0.01669,0.0249,0.0019,0.00724,0.55
10,51,hybrid,HYBRID_ALPHA0.7_BETA0.3,0.7,0.3,300,0.87116,0.79968,0.00822,1.02091,0.87117,0.01631,0.02481,0.00192,0.00708,0.5
10,51,hybrid,HYBRID_ALPHA0.8_BETA0.2,0.8,0.2,300,0.8706,0.79932,0.00811,1.01878,0.87067,0.01597,0.02487,0.00194,0.00706,0.5
10,51,hybrid,HYBRID_ALPHA0.9_BETA0.1,0.9,0.1,300,0.86971,0.79889,0.00799,1.02342,0.8711,0.01691,0.02563,0.00195,0.00689,0.55
10,51,hybrid,HYBRID_ALPHA0.1_BETA0.9,0.1,0.9,500,0.96104,0.83684,0.02285,1.13294,0.89778,0.02493,0.02434,0.00141,0.00744,0.65
10,51,hybrid,HYBRID_ALPHA0.2_BETA0.8,0.2,0.8,500,0.92618,0.82359,0.01366,1.09356,0.883,0.02458,0.02199,0.00162,0.0067,0.55
10,51,hybrid,HYBRID_ALPHA0.3_BETA0.7,0.3,0.7,500,0.92277,0.82487,0.0148,1.09044,0.88309,0.02505,0.01972,0.00163,0.00658,0.575
10,51,hybrid,HYBRID_ALPHA0.4_BETA0.6,0.4,0.6,500,0.9205,0.82445,0.01427,1.09102,0.88647,0.02475,0.01812,0.00161,0.00636,0.6
10,51,hybrid,HYBRID_ALPHA0.5_BETA0.5,0.5,0.5,500,0.91858,0.82436,0.01389,1.0801,0.88684,0.02475,0.01644,0.00162,0.00611,0.55
10,51,hybrid,HYBRID_ALPHA0.6_BETA0.4,0.6,0.4,500,0.91576,0.82349,0.01345,1.07609,0.88706,0.02479,0.01565,0.00163,0.00599,0.6
10,51,hybrid,HYBRID_ALPHA0.7_BETA0.3,0.7,0.3,500,0.91289,0.82233,0.01311,1.07399,0.88773,0.02462,0.01543,0.00165,0.00593,0.55
10,51,hybrid,HYBRID_ALPHA0.8_BETA0.2,0.8,0.2,500,0.91037,0.82124,0.01274,1.06958,0.88632,0.02401,0.01562,0.00167,0.00582,0.575
10,51,hybrid,HYBRID_ALPHA0.9_BETA0.1,0.9,0.1,500,0.90937,0.82052,0.01252,1.07152,0.88629,0.02374,0.01607,0.00169,0.00581,0.525
10,51,mse,MSE,1.0,0.0,50,1.17511,0.89198,0.05755,1.3015,0.96876,0.04158,0.05583,0.00211,0.01421,0.55
10,51,mse,MSE,1.0,0.0,100,1.28148,0.9437,0.12868,1.27816,0.96582,0.02012,0.0448,0.0025,0.01762,0.55
10,51,mse,MSE,1.0,0.0,300,0.8685,0.79821,0.00796,1.01662,0.87059,0.01547,0.02438,0.00196,0.00704,0.5
10,51,mse,MSE,1.0,0.0,500,0.90998,0.82023,0.01241,1.0462,0.88376,0.02148,0.01449,0.00163,0.00589,0.525
11,52,hsic,HSIC,0.0,1.0,50,1.15517,0.89816,0.03988,3.38949,1.43488,0.12599,0.19929,0.00584,0.08608,0.725
11,52,hsic,HSIC,0.0,1.0,100,1.23084,0.9206,0.02347,3.4442,1.43673,0.11293,0.19443,0.00582,0.06804,0.6
11,52,hsic,HSIC,0.0,1.0,300,1.37445,0.94884,0.01721,3.55461,1.44743,0.11626,0.19945,0.00545,0.07415,0.575
11,52,hsic,HSIC,0.0,1.0,500,1.23261,0.92278,0.02772,3.49575,1.44415,0.11519,0.19677,0.00568,0.06628,0.675
11,52,hybrid,HYBRID_ALPHA0.1_BETA0.9,0.1,0.9,50,1.10727,0.88578,0.04401,1.77034,1.07385,0.05668,0.0828,0.00213,0.0165,0.525
11,52,hybrid,HYBRID_ALPHA0.2_BETA0.8,0.2,0.8,50,1.08682,0.85587,0.07664,1.65947,1.03517,0.05598,0.07987,0.00245,0.01257,0.55
11,52,hybrid,HYBRID_ALPHA0.3_BETA0.7,0.3,0.7,50,1.08846,0.85017,0.08792,1.60905,1.01575,0.05519,0.0791,0.00264,0.01478,0.625
11,52,hybrid,HYBRID_ALPHA0.4_BETA0.6,0.4,0.6,50,1.08957,0.84657,0.09206,1.58239,1.00405,0.05415,0.07845,0.00268,0.01616,0.575
11,52,hybrid,HYBRID_ALPHA0.5_BETA0.5,0.5,0.5,50,1.08012,0.8358,0.09502,1.38343,0.95234,0.05103,0.0517,0.00252,0.01674,0.6
11,52,hybrid,HYBRID_ALPHA0.6_BETA0.4,0.6,0.4,50,1.0835,0.8449,0.0816,1.36405,0.94799,0.05153,0.04854,0.00242,0.01937,0.525
11,52,hybrid,HYBRID_ALPHA0.7_BETA0.3,0.7,0.3,50,1.07975,0.84021,0.07734,1.34371,0.94526,0.05241,0.04525,0.00247,0.01898,0.525
11,52,hybrid,HYBRID_ALPHA0.8_BETA0.2,0.8,0.2,50,1.0176,0.8357,0.05868,1.31707,0.93717,0.0457,0.04407,0.00249,0.01936,0.55
11,52,hybrid,HYBRID_ALPHA0.9_BETA0.1,0.9,0.1,50,1.04334,0.85735,0.03251,1.31834,0.93805,0.0441,0.04556,0.00254,0.01394,0.65
11,52,hybrid,HYBRID_ALPHA0.1_BETA0.9,0.1,0.9,100,1.06158,0.87178,0.03083,1.67143,1.03975,0.052,0.09258,0.00282,0.01748,0.55
11,52,hybrid,HYBRID_ALPHA0.2_BETA0.8,0.2,0.8,100,0.96263,0.83068,0.02586,1.65853,1.03882,0.05276,0.09223,0.00281,0.01743,0.65
11,52,hybrid,HYBRID_ALPHA0.3_BETA0.7,0.3,0.7,100,0.93311,0.81852,0.02325,1.63143,1.03598,0.0544,0.0887,0.00278,0.01689,0.575
11,52,hybrid,HYBRID_ALPHA0.4_BETA0.6,0.4,0.6,100,0.92913,0.81749,0.02389,1.60496,1.03255,0.05617,0.08523,0.00269,0.01685,0.55
11,52,hybrid,HYBRID_ALPHA0.5_BETA0.5,0.5,0.5,100,0.92679,0.81719,0.02337,1.5877,1.03094,0.05756,0.08279,0.00265,0.01694,0.6
11,52,hybrid,HYBRID_ALPHA0.6_BETA0.4,0.6,0.4,100,0.92969,0.82172,0.01991,1.57263,1.0293,0.05838,0.08094,0.0027,0.01688,0.525
11,52,hybrid,HYBRID_ALPHA0.7_BETA0.3,0.7,0.3,100,0.92789,0.82304,0.01872,1.55769,1.02713,0.05721,0.08046,0.00275,0.01705,0.625
11,52,hybrid,HYBRID_ALPHA0.8_BETA0.2,0.8,0.2,100,0.92306,0.82187,0.01774,1.5223,1.01717,0.05285,0.07447,0.00259,0.01665,0.65
11,52,hybrid,HYBRID_ALPHA0.9_BETA0.1,0.9,0.1,100,0.91797,0.82046,0.01677,1.47599,1.00102,0.04526,0.06726,0.00231,0.01616,0.625
11,52,hybrid,HYBRID_ALPHA0.1_BETA0.9,0.1,0.9,300,0.97464,0.83011,0.01606,1.86988,1.09363,0.04381,0.09039,0.00295,0.01029,0.6
11,52,hybrid,HYBRID_ALPHA0.2_BETA0.8,0.2,0.8,300,0.98335,0.83103,0.0157,1.65177,1.02745,0.04393,0.09205,0.00298,0.01021,0.55
11,52,hybrid,HYBRID_ALPHA0.3_BETA0.7,0.3,0.7,300,0.98482,0.83043,0.01554,1.63598,1.02362,0.0441,0.09128,0.00294,0.01014,0.5
11,52,hybrid,HYBRID_ALPHA0.4_BETA0.6,0.4,0.6,300,0.98562,0.83053,0.01541,1.40488,0.95353,0.03577,0.06709,0.00196,0.00869,0.625
11,52,hybrid,HYBRID_ALPHA0.5_BETA0.5,0.5,0.5,300,0.98568,0.83109,0.01536,1.3544,0.94351,0.03522,0.05986,0.00194,0.00849,0.575
11,52,hybrid,HYBRID_ALPHA0.6_BETA0.4,0.6,0.4,300,0.98334,0.8304,0.01516,1.01382,0.87475,0.02411,0.01206,0.00151,0.00849,0.6
11,52,hybrid,HYBRID_ALPHA0.7_BETA0.3,0.7,0.3,300,0.9759,0.82721,0.01479,1.00628,0.87371,0.02346,0.01185,0.00149,0.00827,0.625
11,52,hybrid,HYBRID_ALPHA0.8_BETA0.2,0.8,0.2,300,0.97389,0.82585,0.01427,1.00591,0.87408,0.0226,0.01209,0.00147,0.00827,0.6
11,52,hybrid,HYBRID_ALPHA0.9_BETA0.1,0.9,0.1,300,0.97886,0.83196,0.01335,1.01147,0.87444,0.02197,0.01311,0.00149,0.00832,0.625
11,52,hybrid,HYBRID_ALPHA0.1_BETA0.9,0.1,0.9,500,0.94359,0.82086,0.01612,1.75265,1.05501,0.04429,0.08498,0.00231,0.00929,0.6
11,52,hybrid,HYBRID_ALPHA0.2_BETA0.8,0.2,0.8,500,0.91704,0.8124,0.01859,1.65835,1.02368,0.04352,0.08534,0.00234,0.01004,0.575
11,52,hybrid,HYBRID_ALPHA0.3_BETA0.7,0.3,0.7,500,0.92688,0.81872,0.02024,1.63126,1.01795,0.04359,0.08559,0.00236,0.01058,0.55
11,52,hybrid,HYBRID_ALPHA0.4_BETA0.6,0.4,0.6,500,0.93523,0.82323,0.0208,1.6294,1.01843,0.0442,0.08699,0.00242,0.01141,0.625
11,52,hybrid,HYBRID_ALPHA0.5_BETA0.5,0.5,0.5,500,0.91584,0.81291,0.01717,1.15093,0.90173,0.02412,0.02898,0.00163,0.01049,0.65
11,52,hybrid,HYBRID_ALPHA0.6_BETA0.4,0.6,0.4,500,0.94233,0.82706,0.02045,1.51681,0.98478,0.02926,0.08355,0.00223,0.01158,0.625
11,52,hybrid,HYBRID_ALPHA0.7_BETA0.3,0.7,0.3,500,0.93534,0.82395,0.01965,1.45538,0.9735,0.03008,0.07429,0.00221,0.01119,0.575
11,52,hybrid,HYBRID_ALPHA0.8_BETA0.2,0.8,0.2,500,0.93518,0.82429,0.01991,1.13986,0.90025,0.02117,0.02887,0.00158,0.01061,0.65
11,52,hybrid,HYBRID_ALPHA0.9_BETA0.1,0.9,0.1,500,0.9315,0.82319,0.01961,1.12958,0.90097,0.02133,0.02646,0.00156,0.01057,0.65
11,52,mse,MSE,1.0,0.0,50,1.02635,0.85245,0.0273,1.33063,0.94136,0.04537,0.04651,0.00249,0.01419,0.7
11,52,mse,MSE,1.0,0.0,100,0.91359,0.81887,0.01601,1.36009,0.97103,0.03909,0.04994,0.00196,0.01545,0.575
11,52,mse,MSE,1.0,0.0,300,0.97118,0.83005,0.01234,1.05721,0.87961,0.02054,0.02567,0.00178,0.00803,0.625
11,52,mse,MSE,1.0,0.0,500,0.92786,0.82197,0.01951,1.35223,0.94908,0.02437,0.06241,0.00219,0.01148,0.525
12,53,hsic,HSIC,0.0,1.0,50,1.4091,0.98948,0.14647,3.65273,1.46383,0.12045,0.20295,0.00328,0.08196,0.625
12,53,hsic,HSIC,0.0,1.0,100,1.05682,0.88511,0.02541,2.62938,1.25267,0.03572,0.09791,0.00325,0.02524,0.6
12,53,hsic,HSIC,0.0,1.0,300,1.17133,0.91147,0.02923,3.57986,1.45667,0.11677,0.20019,0.00515,0.03934,0.625
12,53,hsic,HSIC,0.0,1.0,500,1.08024,0.87679,0.01909,3.50369,1.44687,0.11672,0.19793,0.00547,0.04571,0.65
12,53,hybrid,HYBRID_ALPHA0.1_BETA0.9,0.1,0.9,50,1.14645,0.8798,0.03663,3.32402,1.41974,0.12141,0.19753,0.00693,0.06946,0.575
12,53,hybrid,HYBRID_ALPHA0.2_BETA0.8,0.2,0.8,50,1.32328,0.93527,0.04369,1.69947,1.03847,0.04372,0.08036,0.00275,0.02396,0.55
12,53,hybrid,HYBRID_ALPHA0.3_BETA0.7,0.3,0.7,50,1.26578,0.921,0.04308,1.58589,1.01004,0.04704,0.06857,0.00282,0.01968,0.55
12,53,hybrid,HYBRID_ALPHA0.4_BETA0.6,0.4,0.6,50,1.40083,0.95942,0.04745,1.52491,0.99581,0.04927,0.06338,0.00245,0.02015,0.525
12,53,hybrid,HYBRID_ALPHA0.5_BETA0.5,0.5,0.5,50,1.36133,0.94929,0.04211,1.47822,0.98604,0.05101,0.05884,0.00246,0.01883,0.575
12,53,hybrid,HYBRID_ALPHA0.6_BETA0.4,0.6,0.4,50,1.44242,0.97252,0.04497,1.44175,0.97838,0.0527,0.05462,0.00226,0.01823,0.65
12,53,hybrid,HYBRID_ALPHA0.7_BETA0.3,0.7,0.3,50,1.30515,0.92406,0.03567,1.42848,0.9743,0.05224,0.05484,0.00248,0.02087,0.55
12,53,hybrid,HYBRID_ALPHA0.8_BETA0.2,0.8,0.2,50,1.34102,0.93123,0.03293,1.38068,0.96488,0.05681,0.04655,0.00228,0.01862,0.6
12,53,hybrid,HYBRID_ALPHA0.9_BETA0.1,0.9,0.1,50,1.45251,0.96038,0.03784,1.35733,0.95954,0.05956,0.04245,0.00186,0.017,0.525
12,53,hybrid,HYBRID_ALPHA0.1_BETA0.9,0.1,0.9,100,0.99085,0.84336,0.01438,1.7802,1.06134,0.03729,0.09764,0.0027,0.01115,0.6
12,53,hybrid,HYBRID_ALPHA0.2_BETA0.8,0.2,0.8,100,0.93923,0.82105,0.0136,1.6764,1.03162,0.0373,0.0936,0.00274,0.0118,0.55
12,53,hybrid,HYBRID_ALPHA0.3_BETA0.7,0.3,0.7,100,0.89647,0.80425,0.01045,1.58547,1.01131,0.03604,0.08723,0.00287,0.01113,0.55
12,53,hybrid,HYBRID_ALPHA0.4_BETA0.6,0.4,0.6,100,0.88486,0.80001,0.01004,1.10677,0.9025,0.00602,0.04537,0.00265,0.01107,0.55
12,53,hybrid,HYBRID_ALPHA0.5_BETA0.5,0.5,0.5,100,0.88273,0.80035,0.0102,1.09626,0.89937,0.00578,0.04384,0.00262,0.01103,0.575
12,53,hybrid,HYBRID_ALPHA0.6_BETA0.4,0.6,0.4,100,0.88767,0.80207,0.01052,1.08835,0.89673,0.00563,0.04245,0.00258,0.01119,0.575
12,53,hybrid,HYBRID_ALPHA0.7_BETA0.3,0.7,0.3,100,0.8839,0.80356,0.01173,1.07945,0.89387,0.00549,0.04098,0.00261,0.0112,0.625
12,53,hybrid,HYBRID_ALPHA0.8_BETA0.2,0.8,0.2,100,0.88508,0.80414,0.01635,1.07231,0.89163,0.00576,0.03931,0.00263,0.01156,0.625
12,53,hybrid,HYBRID_ALPHA0.9_BETA0.1,0.9,0.1,100,0.92246,0.82152,0.02332,1.05943,0.88976,0.00566,0.03556,0.00265,0.01465,0.6
12,53,hybrid,HYBRID_ALPHA0.1_BETA0.9,0.1,0.9,300,0.93322,0.82323,0.02312,1.81336,1.07334,0.04037,0.08557,0.00212,0.01124,0.525
12,53,hybrid,HYBRID_ALPHA0.2_BETA0.8,0.2,0.8,300,0.93669,0.82684,0.0224,1.6647,1.02836,0.04209,0.08105,0.00208,0.01096,0.5
12,53,hybrid,HYBRID_ALPHA0.3_BETA0.7,0.3,0.7,300,0.92626,0.82422,0.01987,1.56681,1.00139,0.04039,0.07471,0.00212,0.01101,0.5
12,53,hybrid,HYBRID_ALPHA0.4_BETA0.6,0.4,0.6,300,0.92307,0.8236,0.01868,1.5136,0.98745,0.03799,0.07339,0.00211,0.01107,0.575
12,53,hybrid,HYBRID_ALPHA0.5_BETA0.5,0.5,0.5,300,0.92077,0.82308,0.01779,1.48681,0.98199,0.03757,0.07142,0.00211,0.01102,0.575
12,53,hybrid,HYBRID_ALPHA0.6_BETA0.4,0.6,0.4,300,0.91955,0.82283,0.01743,1.48038,0.98083,0.03746,0.07159,0.00215,0.01109,0.55
12,53,hybrid,HYBRID_ALPHA0.7_BETA0.3,0.7,0.3,300,0.91714,0.8221,0.01707,1.4723,0.98156,0.04061,0.07054,0.00224,0.01134,0.575
12,53,hybrid,HYBRID_ALPHA0.8_BETA0.2,0.8,0.2,300,0.91485,0.82147,0.01601,1.46264,0.97835,0.03933,0.06902,0.00223,0.0112,0.575
12,53,hybrid,HYBRID_ALPHA0.9_BETA0.1,0.9,0.1,300,0.91264,0.8207,0.01505,1.16663,0.94206,0.0285,0.01404,0.00143,0.00957,0.55
12,53,hybrid,HYBRID_ALPHA0.1_BETA0.9,0.1,0.9,500,0.94095,0.82056,0.01624,1.85567,1.09143,0.04128,0.08958,0.00255,0.01062,0.525
12,53,hybrid,HYBRID_ALPHA0.2_BETA0.8,0.2,0.8,500,0.94943,0.82701,0.01807,1.67239,1.0308,0.0429,0.09223,0.00248,0.01021,0.675
12,53,hybrid,HYBRID_ALPHA0.3_BETA0.7,0.3,0.7,500,0.92628,0.81564,0.01321,1.61506,1.01631,0.04328,0.08832,0.00246,0.00882,0.575
12,53,hybrid,HYBRID_ALPHA0.4_BETA0.6,0.4,0.6,500,0.92309,0.81712,0.01424,1.51003,0.98752,0.04464,0.07382,0.0022,0.0083,0.55
12,53,hybrid,HYBRID_ALPHA0.5_BETA0.5,0.5,0.5,500,0.92443,0.81746,0.01364,1.4774,0.9808,0.04453,0.07113,0.0022,0.00824,0.525
12,53,hybrid,HYBRID_ALPHA0.6_BETA0.4,0.6,0.4,500,0.91898,0.81501,0.0135,1.469,0.98031,0.04423,0.07075,0.00225,0.00839,0.6
12,53,hybrid,HYBRID_ALPHA0.7_BETA0.3,0.7,0.3,500,0.91778,0.8144,0.01329,1.4736,0.98222,0.04323,0.07204,0.00234,0.00857,0.525
12,53,hybrid,HYBRID_ALPHA0.8_BETA0.2,0.8,0.2,500,0.92189,0.81449,0.013,1.47982,0.98379,0.04253,0.07433,0.00237,0.00859,0.525
12,53,hybrid,HYBRID_ALPHA0.9_BETA0.1,0.9,0.1,500,0.91651,0.81205,0.01261,1.47232,0.98631,0.04485,0.07275,0.00244,0.00885,0.55
12,53,mse,MSE,1.0,0.0,50,1.44682,0.95737,0.03779,1.34049,0.95598,0.06007,0.04214,0.00188,0.01678,0.6
12,53,mse,MSE,1.0,0.0,100,0.90936,0.81621,0.02173,1.05626,0.87757,0.00727,0.03385,0.00267,0.01428,0.625
12,53,mse,MSE,1.0,0.0,300,0.91046,0.81939,0.01448,1.16667,0.94249,0.02814,0.01384,0.00143,0.00957,0.55
12,53,mse,MSE,1.0,0.0,500,0.91835,0.81326,0.01287,1.47024,0.98968,0.04649,0.07238,0.00249,0.00916,0.525
13,54,hsic,HSIC,0.0,1.0,50,1.64301,1.03071,0.01566,3.38817,1.43437,0.12629,0.1991,0.00619,0.05303,0.625
13,54,hsic,HSIC,0.0,1.0,100,1.05662,0.84634,0.01241,3.45175,1.43696,0.11674,0.1972,0.00618,0.04849,0.675
13,54,hsic,HSIC,0.0,1.0,300,1.20693,0.91783,0.04472,3.58921,1.45402,0.11735,0.20048,0.0055,0.04788,0.5
13,54,hsic,HSIC,0.0,1.0,500,1.08529,0.86796,0.01542,3.44417,1.4324,0.11868,0.19704,0.00606,0.04268,0.675
13,54,hybrid,HYBRID_ALPHA0.1_BETA0.9,0.1,0.9,50,1.00147,0.83073,0.01967,1.86569,1.09053,0.04401,0.09124,0.00288,0.01046,0.575
13,54,hybrid,HYBRID_ALPHA0.2_BETA0.8,0.2,0.8,50,0.96523,0.8179,0.02048,1.70633,1.04397,0.0409,0.08775,0.00263,0.00915,0.525
13,54,hybrid,HYBRID_ALPHA0.3_BETA0.7,0.3,0.7,50,1.05528,0.86802,0.03382,1.66426,1.03367,0.04081,0.08478,0.00259,0.00858,0.55
13,54,hybrid,HYBRID_ALPHA0.4_BETA0.6,0.4,0.6,50,1.05595,0.86775,0.03379,1.65185,1.03146,0.0409,0.08439,0.00265,0.00845,0.525
13,54,hybrid,HYBRID_ALPHA0.5_BETA0.5,0.5,0.5,50,1.03518,0.86706,0.03225,1.66044,1.03683,0.04162,0.08796,0.00265,0.0095,0.6
13,54,hybrid,HYBRID_ALPHA0.6_BETA0.4,0.6,0.4,50,1.03722,0.86818,0.0327,1.21106,0.93023,0.03246,0.02356,0.00179,0.00548,0.575
13,54,hybrid,HYBRID_ALPHA0.7_BETA0.3,0.7,0.3,50,1.04345,0.86976,0.03372,1.36581,0.98384,0.03998,0.0449,0.00185,0.00728,0.525
13,54,hybrid,HYBRID_ALPHA0.8_BETA0.2,0.8,0.2,50,1.04656,0.87173,0.03382,1.35839,0.98451,0.04152,0.04364,0.00177,0.00719,0.55
13,54,hybrid,HYBRID_ALPHA0.9_BETA0.1,0.9,0.1,50,1.05117,0.87443,0.03379,1.38345,0.99335,0.04611,0.04009,0.00158,0.00616,0.5
13,54,hybrid,HYBRID_ALPHA0.1_BETA0.9,0.1,0.9,100,0.89303,0.8041,0.01221,1.65473,1.02422,0.03804,0.08612,0.00305,0.00898,0.525
13,54,hybrid,HYBRID_ALPHA0.2_BETA0.8,0.2,0.8,100,0.87681,0.79117,0.01374,1.60827,1.01061,0.03352,0.0877,0.00313,0.00992,0.55
13,54,hybrid,HYBRID_ALPHA0.3_BETA0.7,0.3,0.7,100,0.86613,0.78351,0.01577,1.43732,0.96652,0.02682,0.07074,0.00278,0.00963,0.575
13,54,hybrid,HYBRID_ALPHA0.4_BETA0.6,0.4,0.6,100,0.85777,0.78317,0.01214,1.43734,0.96694,0.02466,0.07321,0.00263,0.00954,0.525
13,54,hybrid,HYBRID_ALPHA0.5_BETA0.5,0.5,0.5,100,0.85858,0.78637,0.01363,1.43185,0.96498,0.02285,0.07352,0.00269,0.0099,0.5
13,54,hybrid,HYBRID_ALPHA0.6_BETA0.4,0.6,0.4,100,0.8569,0.78529,0.01343,1.41834,0.96059,0.02045,0.07139,0.00255,0.01006,0.5
13,54,hybrid,HYBRID_ALPHA0.7_BETA0.3,0.7,0.3,100,0.85845,0.78709,0.01543,1.24474,0.92036,0.01254,0.05345,0.00213,0.01042,0.65
13,54,hybrid,HYBRID_ALPHA0.8_BETA0.2,0.8,0.2,100,0.91316,0.81449,0.01843,1.24462,0.92067,0.01255,0.05669,0.00177,0.01073,0.55
13,54,hybrid,HYBRID_ALPHA0.9_BETA0.1,0.9,0.1,100,0.95902,0.83063,0.0294,1.21336,0.91723,0.01204,0.05969,0.00165,0.01261,0.525
13,54,hybrid,HYBRID_ALPHA0.1_BETA0.9,0.1,0.9,300,0.91987,0.81656,0.01367,1.43709,0.97704,0.02578,0.04935,0.00239,0.01024,0.55
13,54,hybrid,HYBRID_ALPHA0.2_BETA0.8,0.2,0.8,300,0.90659,0.80767,0.01217,1.36993,0.94376,0.02696,0.05498,0.00256,0.01081,0.525
13,54,hybrid,HYBRID_ALPHA0.3_BETA0.7,0.3,0.7,300,0.92251,0.82059,0.01371,1.61415,1.01668,0.04203,0.08169,0.0028,0.01139,0.5
13,54,hybrid,HYBRID_ALPHA0.4_BETA0.6,0.4,0.6,300,0.91866,0.81991,0.01306,1.55906,1.00464,0.04124,0.07936,0.00284,0.0112,0.525
13,54,hybrid,HYBRID_ALPHA0.5_BETA0.5,0.5,0.5,300,0.91959,0.81978,0.01302,1.23251,0.91246,0.02739,0.04039,0.00218,0.00802,0.525
13,54,hybrid,HYBRID_ALPHA0.6_BETA0.4,0.6,0.4,300,0.92239,0.81746,0.01309,1.2465,0.91236,0.02734,0.03979,0.00205,0.00805,0.525
13,54,hybrid,HYBRID_ALPHA0.7_BETA0.3,0.7,0.3,300,0.91916,0.81562,0.01287,1.32535,0.94069,0.03003,0.05283,0.00236,0.00899,0.55
13,54,hybrid,HYBRID_ALPHA0.8_BETA0.2,0.8,0.2,300,0.90376,0.80859,0.01135,1.34609,0.9501,0.03053,0.05679,0.00248,0.00953,0.5
13,54,hybrid,HYBRID_ALPHA0.9_BETA0.1,0.9,0.1,300,0.90685,0.81033,0.01109,1.33826,0.94933,0.03004,0.05723,0.00255,0.00977,0.55
13,54,hybrid,HYBRID_ALPHA0.1_BETA0.9,0.1,0.9,500,0.99427,0.84834,0.02463,1.83947,1.08471,0.04404,0.09121,0.00265,0.01124,0.525
13,54,hybrid,HYBRID_ALPHA0.2_BETA0.8,0.2,0.8,500,0.90441,0.8137,0.01373,1.62078,1.02037,0.04449,0.08417,0.00273,0.00852,0.55
13,54,hybrid,HYBRID_ALPHA0.3_BETA0.7,0.3,0.7,500,0.89962,0.81114,0.01388,1.53158,1.00116,0.04502,0.0749,0.00252,0.00842,0.525
13,54,hybrid,HYBRID_ALPHA0.4_BETA0.6,0.4,0.6,500,0.91776,0.81922,0.01459,1.4877,0.99359,0.04663,0.07065,0.0025,0.00858,0.575
13,54,hybrid,HYBRID_ALPHA0.5_BETA0.5,0.5,0.5,500,0.89533,0.81008,0.01263,1.4745,0.99053,0.0465,0.07008,0.00266,0.00831,0.55
13,54,hybrid,HYBRID_ALPHA0.6_BETA0.4,0.6,0.4,500,0.91123,0.81606,0.01369,1.46354,0.989,0.04654,0.06943,0.0026,0.0086,0.575
13,54,hybrid,HYBRID_ALPHA0.7_BETA0.3,0.7,0.3,500,0.90648,0.81549,0.01461,1.45055,0.98679,0.04617,0.06856,0.00252,0.00857,0.525
13,54,hybrid,HYBRID_ALPHA0.8_BETA0.2,0.8,0.2,500,0.90624,0.81477,0.01434,1.08711,0.88607,0.02088,0.02625,0.00185,0.00629,0.6
13,54,hybrid,HYBRID_ALPHA0.9_BETA0.1,0.9,0.1,500,0.90476,0.81416,0.01391,1.09791,0.89106,0.02043,0.03005,0.00195,0.00635,0.65
13,54,mse,MSE,1.0,0.0,50,1.04226,0.87317,0.03273,1.35887,0.98753,0.0538,0.03052,0.00101,0.00613,0.5
13,54,mse,MSE,1.0,0.0,100,0.93891,0.82451,0.0225,1.51005,0.99119,0.02684,0.08987,0.00254,0.01216,0.575
13,54,mse,MSE,1.0,0.0,300,0.91757,0.81464,0.01269,1.33193,0.94899,0.02996,0.0576,0.00264,0.00959,0.5
13,54,mse,MSE,1.0,0.0,500,0.90542,0.81508,0.01379,1.08346,0.88867,0.02048,0.02747,0.00189,0.00605,0.6
14,55,hsic,HSIC,0.0,1.0,50,1.27658,0.94449,0.08192,2.06705,1.15977,0.0357,0.10884,0.00262,0.02208,0.575
14,55,hsic,HSIC,0.0,1.0,100,1.08054,0.88425,0.03714,3.38546,1.42888,0.12313,0.19813,0.0051,0.04243,0.575
14,55,hsic,HSIC,0.0,1.0,300,1.10349,0.87028,0.01693,2.0135,1.12386,0.02806,0.04167,0.00205,0.02713,0.6
14,55,hsic,HSIC,0.0,1.0,500,1.12941,0.88591,0.02034,3.58356,1.45222,0.11702,0.20029,0.00567,0.04406,0.625
14,55,hybrid,HYBRID_ALPHA0.1_BETA0.9,0.1,0.9,50,1.22593,0.9277,0.07863,1.76888,1.06642,0.0471,0.10179,0.00244,0.02172,0.6
14,55,hybrid,HYBRID_ALPHA0.2_BETA0.8,0.2,0.8,50,0.88762,0.79235,0.0214,1.64059,1.03947,0.04701,0.0985,0.0036,0.01269,0.6
14,55,hybrid,HYBRID_ALPHA0.3_BETA0.7,0.3,0.7,50,0.89193,0.79736,0.01977,1.38449,0.96782,0.02754,0.06777,0.00371,0.01213,0.55
14,55,hybrid,HYBRID_ALPHA0.4_BETA0.6,0.4,0.6,50,0.90697,0.81305,0.01245,1.41015,0.97775,0.02724,0.06728,0.00377,0.01095,0.5
14,55,hybrid,HYBRID_ALPHA0.5_BETA0.5,0.5,0.5,50,0.91403,0.8164,0.01221,1.37238,0.97063,0.02571,0.06124,0.00378,0.01039,0.525
14,55,hybrid,HYBRID_ALPHA0.6_BETA0.4,0.6,0.4,50,0.92419,0.8229,0.01177,1.34585,0.96399,0.02487,0.05782,0.00366,0.01082,0.5
14,55,hybrid,HYBRID_ALPHA0.7_BETA0.3,0.7,0.3,50,0.93285,0.82818,0.01151,1.35056,0.96665,0.02576,0.05794,0.00372,0.01131,0.525
14,55,hybrid,HYBRID_ALPHA0.8_BETA0.2,0.8,0.2,50,0.9394,0.83103,0.01158,1.3368,0.96217,0.02797,0.05456,0.00363,0.0111,0.55
14,55,hybrid,HYBRID_ALPHA0.9_BETA0.1,0.9,0.1,50,0.94162,0.83226,0.01137,1.32025,0.96164,0.02777,0.05321,0.00341,0.01296,0.6
14,55,hybrid,HYBRID_ALPHA0.1_BETA0.9,0.1,0.9,100,0.99659,0.85152,0.03462,1.95897,1.12628,0.04068,0.09884,0.00268,0.01441,0.525
14,55,hybrid,HYBRID_ALPHA0.2_BETA0.8,0.2,0.8,100,0.97215,0.83999,0.02224,1.23457,0.91473,0.02343,0.04665,0.00203,0.01336,0.65
14,55,hybrid,HYBRID_ALPHA0.3_BETA0.7,0.3,0.7,100,0.96998,0.84076,0.02386,1.11856,0.89191,0.02231,0.0341,0.00178,0.01164,0.625
14,55,hybrid,HYBRID_ALPHA0.4_BETA0.6,0.4,0.6,100,0.97174,0.84294,0.02081,1.26907,0.9236,0.0196,0.04673,0.00209,0.01078,0.625
14,55,hybrid,HYBRID_ALPHA0.5_BETA0.5,0.5,0.5,100,0.9757,0.84642,0.01816,1.1781,0.90374,0.01711,0.0369,0.00209,0.01049,0.5
14,55,hybrid,HYBRID_ALPHA0.6_BETA0.4,0.6,0.4,100,0.97789,0.84757,0.01675,1.27775,0.93355,0.01965,0.04247,0.00198,0.01111,0.6
14,55,hybrid,HYBRID_ALPHA0.7_BETA0.3,0.7,0.3,100,0.94471,0.82916,0.02113,1.33115,0.94814,0.01288,0.05584,0.00242,0.01469,0.575
14,55,hybrid,HYBRID_ALPHA0.8_BETA0.2,0.8,0.2,100,0.945,0.82884,0.02162,1.27889,0.93353,0.0151,0.03928,0.00205,0.01233,0.575
14,55,hybrid,HYBRID_ALPHA0.9_BETA0.1,0.9,0.1,100,0.94783,0.82987,0.02183,1.24506,0.92412,0.01392,0.03555,0.00206,0.01202,0.5
14,55,hybrid,HYBRID_ALPHA0.1_BETA0.9,0.1,0.9,300,0.98408,0.83559,0.01772,1.58856,1.00848,0.03365,0.06765,0.00239,0.00738,0.5
14,55,hybrid,HYBRID_ALPHA0.2_BETA0.8,0.2,0.8,300,0.94969,0.82143,0.01674,1.10834,0.91168,0.01555,0.01505,0.00167,0.00754,0.575
14,55,hybrid,HYBRID_ALPHA0.3_BETA0.7,0.3,0.7,300,0.95748,0.82194,0.01685,1.51726,0.98739,0.03905,0.0783,0.0029,0.00716,0.65
14,55,hybrid,HYBRID_ALPHA0.4_BETA0.6,0.4,0.6,300,0.95974,0.82244,0.01669,1.46811,0.97756,0.04375,0.07068,0.00279,0.00688,0.575
14,55,hybrid,HYBRID_ALPHA0.5_BETA0.5,0.5,0.5,300,0.97996,0.83468,0.01522,1.46465,0.98009,0.04447,0.07075,0.00277,0.00679,0.575
14,55,hybrid,HYBRID_ALPHA0.6_BETA0.4,0.6,0.4,300,0.98843,0.83442,0.01531,1.47363,0.98517,0.0437,0.07273,0.00289,0.00668,0.575
14,55,hybrid,HYBRID_ALPHA0.7_BETA0.3,0.7,0.3,300,0.98907,0.83518,0.01459,1.48002,0.98849,0.04388,0.07354,0.00294,0.00671,0.575
14,55,hybrid,HYBRID_ALPHA0.8_BETA0.2,0.8,0.2,300,0.99005,0.83595,0.01401,1.48411,0.99122,0.04429,0.07392,0.00298,0.00672,0.6
14,55,hybrid,HYBRID_ALPHA0.9_BETA0.1,0.9,0.1,300,0.99496,0.83872,0.01359,1.48806,0.9937,0.04396,0.07387,0.00298,0.00681,0.625
14,55,hybrid,HYBRID_ALPHA0.1_BETA0.9,0.1,0.9,500,0.92588,0.82104,0.01696,1.13585,0.91553,0.01954,0.01852,0.00139,0.00832,0.575
14,55,hybrid,HYBRID_ALPHA0.2_BETA0.8,0.2,0.8,500,0.9192,0.81998,0.0164,1.72984,1.04756,0.04118,0.0913,0.00264,0.01105,0.5
14,55,hybrid,HYBRID_ALPHA0.3_BETA0.7,0.3,0.7,500,0.90877,0.81713,0.01486,1.64915,1.02883,0.04226,0.08861,0.0027,0.01113,0.625
14,55,hybrid,HYBRID_ALPHA0.4_BETA0.6,0.4,0.6,500,0.90604,0.8163,0.01384,1.61664,1.02237,0.04231,0.08836,0.00276,0.01128,0.525
14,55,hybrid,HYBRID_ALPHA0.5_BETA0.5,0.5,0.5,500,0.90482,0.8158,0.01294,1.53046,0.99617,0.03847,0.08204,0.00254,0.01006,0.525
14,55,hybrid,HYBRID_ALPHA0.6_BETA0.4,0.6,0.4,500,0.90389,0.81535,0.01222,1.12223,0.90034,0.01834,0.0277,0.00176,0.0084,0.55
14,55,hybrid,HYBRID_ALPHA0.7_BETA0.3,0.7,0.3,500,0.90316,0.81497,0.01156,1.11633,0.8996,0.01828,0.02679,0.00176,0.00833,0.65
14,55,hybrid,HYBRID_ALPHA0.8_BETA0.2,0.8,0.2,500,0.90135,0.81396,0.01114,1.11025,0.89571,0.0184,0.02806,0.0018,0.00818,0.625
14,55,hybrid,HYBRID_ALPHA0.9_BETA0.1,0.9,0.1,500,0.9017,0.81445,0.01388,1.10543,0.89357,0.01861,0.02846,0.00169,0.00832,0.6
14,55,mse,MSE,1.0,0.0,50,0.94394,0.833,0.01124,1.28448,0.95127,0.03015,0.04906,0.0033,0.01292,0.5
14,55,mse,MSE,1.0,0.0,100,0.95738,0.83829,0.01831,1.21554,0.91768,0.01356,0.03188,0.00199,0.01121,0.6
14,55,mse,MSE,1.0,0.0,300,0.99292,0.83669,0.01314,1.48544,0.99399,0.04469,0.07287,0.00296,0.00684,0.575
14,55,mse,MSE,1.0,0.0,500,0.90884,0.81814,0.01488,1.10138,0.89263,0.01864,0.02832,0.00167,0.00833,0.6
15,56,hsic,HSIC,0.0,1.0,50,1.62182,1.02331,0.0706,3.55374,1.44892,0.11735,0.19909,0.00681,0.08684,0.725
15,56,hsic,HSIC,0.0,1.0,100,1.20347,0.9146,0.0267,3.51082,1.44051,0.11383,0.19785,0.00556,0.05444,0.55
15,56,hsic,HSIC,0.0,1.0,300,1.14351,0.8895,0.01762,3.57926,1.45184,0.11682,0.20016,0.00571,0.05684,0.7
15,56,hsic,HSIC,0.0,1.0,500,1.16917,0.89812,0.01682,3.58153,1.45155,0.1175,0.2009,0.00574,0.06023,0.65
15,56,hybrid,HYBRID_ALPHA0.1_BETA0.9,0.1,0.9,50,0.95481,0.79152,0.05093,1.82491,1.08765,0.05283,0.09422,0.00362,0.02525,0.675
15,56,hybrid,HYBRID_ALPHA0.2_BETA0.8,0.2,0.8,50,0.92874,0.7933,0.04246,1.80091,1.08047,0.05182,0.09433,0.00362,0.02373,0.7
15,56,hybrid,HYBRID_ALPHA0.3_BETA0.7,0.3,0.7,50,0.93076,0.79952,0.03703,1.80838,1.08509,0.05254,0.09311,0.00366,0.02437,0.7
15,56,hybrid,HYBRID_ALPHA0.4_BETA0.6,0.4,0.6,50,0.93732,0.80571,0.03277,1.19592,0.94737,0.0125,0.01744,0.00205,0.0175,0.575
15,56,hybrid,HYBRID_ALPHA0.5_BETA0.5,0.5,0.5,50,0.96081,0.8194,0.03245,1.19391,0.94349,0.01189,0.02009,0.00214,0.01789,0.575
15,56,hybrid,HYBRID_ALPHA0.6_BETA0.4,0.6,0.4,50,0.97458,0.82669,0.03255,1.28824,0.9546,0.01685,0.02318,0.00216,0.01427,0.55
15,56,hybrid,HYBRID_ALPHA0.7_BETA0.3,0.7,0.3,50,0.982,0.83099,0.03214,1.30126,0.96674,0.01991,0.0196,0.00218,0.01392,0.525
15,56,hybrid,HYBRID_ALPHA0.8_BETA0.2,0.8,0.2,50,0.98901,0.83531,0.03353,1.33655,0.98546,0.02546,0.02185,0.00226,0.01405,0.6
15,56,hybrid,HYBRID_ALPHA0.9_BETA0.1,0.9,0.1,50,0.9934,0.83831,0.03408,1.35551,0.98998,0.02647,0.0238,0.00232,0.01455,0.6
15,56,hybrid,HYBRID_ALPHA0.1_BETA0.9,0.1,0.9,100,0.94515,0.82801,0.02183,1.88366,1.09828,0.03934,0.08778,0.00261,0.008,0.55
15,56,hybrid,HYBRID_ALPHA0.2_BETA0.8,0.2,0.8,100,0.94229,0.82671,0.02335,1.66175,1.02957,0.0369,0.0814,0.00244,0.00787,0.525
15,56,hybrid,HYBRID_ALPHA0.3_BETA0.7,0.3,0.7,100,0.94641,0.82908,0.02502,1.56559,1.0046,0.03775,0.0789,0.00237,0.00784,0.575
15,56,hybrid,HYBRID_ALPHA0.4_BETA0.6,0.4,0.6,100,0.95415,0.83282,0.02527,1.14465,0.90275,0.02471,0.01999,0.00138,0.00605,0.55
15,56,hybrid,HYBRID_ALPHA0.5_BETA0.5,0.5,0.5,100,0.96289,0.83602,0.02458,1.15874,0.91788,0.02981,0.01297,0.00138,0.0059,0.575
15,56,hybrid,HYBRID_ALPHA0.6_BETA0.4,0.6,0.4,100,0.97597,0.84276,0.03056,1.17087,0.92159,0.03285,0.01118,0.00142,0.00586,0.55
15,56,hybrid,HYBRID_ALPHA0.7_BETA0.3,0.7,0.3,100,0.98094,0.84447,0.03355,1.20365,0.9317,0.03568,0.01074,0.00144,0.00557,0.55
15,56,hybrid,HYBRID_ALPHA0.8_BETA0.2,0.8,0.2,100,0.97981,0.84361,0.03402,1.23753,0.94364,0.03747,0.01077,0.00147,0.00549,0.55
15,56,hybrid,HYBRID_ALPHA0.9_BETA0.1,0.9,0.1,100,0.98821,0.84574,0.03826,1.20238,0.93436,0.03382,0.01394,0.00147,0.00582,0.55
15,56,hybrid,HYBRID_ALPHA0.1_BETA0.9,0.1,0.9,300,0.93477,0.82577,0.01891,1.95619,1.11849,0.04224,0.08802,0.00235,0.00887,0.55
15,56,hybrid,HYBRID_ALPHA0.2_BETA0.8,0.2,0.8,300,0.91241,0.81548,0.01578,1.05299,0.87831,0.01883,0.00951,0.00153,0.00749,0.55
15,56,hybrid,HYBRID_ALPHA0.3_BETA0.7,0.3,0.7,300,0.91706,0.81686,0.01665,1.04839,0.87633,0.01877,0.00989,0.00155,0.00713,0.575
15,56,hybrid,HYBRID_ALPHA0.4_BETA0.6,0.4,0.6,300,0.91741,0.81748,0.01714,1.05027,0.87741,0.02006,0.01078,0.00152,0.00677,0.625
15,56,hybrid,HYBRID_ALPHA0.5_BETA0.5,0.5,0.5,300,0.92332,0.82062,0.01775,1.05483,0.87959,0.02075,0.01145,0.00147,0.00657,0.5
15,56,hybrid,HYBRID_ALPHA0.6_BETA0.4,0.6,0.4,300,0.9229,0.82025,0.01732,1.05214,0.87948,0.02029,0.01157,0.00147,0.00636,0.5
15,56,hybrid,HYBRID_ALPHA0.7_BETA0.3,0.7,0.3,300,0.91853,0.81845,0.01669,1.04309,0.87705,0.01833,0.01114,0.00149,0.00619,0.525
15,56,hybrid,HYBRID_ALPHA0.8_BETA0.2,0.8,0.2,300,0.91134,0.81537,0.01568,1.0402,0.87635,0.01839,0.01153,0.00146,0.00591,0.575
15,56,hybrid,HYBRID_ALPHA0.9_BETA0.1,0.9,0.1,300,0.90887,0.81413,0.01502,1.04584,0.87805,0.01929,0.01289,0.00143,0.00579,0.6
15,56,hybrid,HYBRID_ALPHA0.1_BETA0.9,0.1,0.9,500,0.92547,0.81948,0.01251,1.10769,0.91795,0.03173,0.02688,0.00169,0.00848,0.65
15,56,hybrid,HYBRID_ALPHA0.2_BETA0.8,0.2,0.8,500,0.92732,0.82106,0.01204,1.70852,1.03892,0.04483,0.08921,0.00222,0.00762,0.525
15,56,hybrid,HYBRID_ALPHA0.3_BETA0.7,0.3,0.7,500,0.92235,0.8215,0.01241,1.10057,0.91414,0.03227,0.02491,0.00172,0.00844,0.575
15,56,hybrid,HYBRID_ALPHA0.4_BETA0.6,0.4,0.6,500,0.9203,0.8209,0.01189,1.09286,0.91206,0.03298,0.02456,0.00167,0.00808,0.625
15,56,hybrid,HYBRID_ALPHA0.5_BETA0.5,0.5,0.5,500,0.9184,0.8202,0.01143,1.09178,0.91195,0.03315,0.02401,0.00164,0.00786,0.6
15,56,hybrid,HYBRID_ALPHA0.6_BETA0.4,0.6,0.4,500,0.91649,0.81939,0.01114,1.09637,0.9,0.02597,0.02614,0.00177,0.0068,0.675
15,56,hybrid,HYBRID_ALPHA0.7_BETA0.3,0.7,0.3,500,0.91517,0.81896,0.01088,1.09051,0.89878,0.02525,0.02577,0.00178,0.00662,0.575
15,56,hybrid,HYBRID_ALPHA0.8_BETA0.2,0.8,0.2,500,0.91383,0.8186,0.01061,1.08467,0.89718,0.02459,0.02533,0.00179,0.00642,0.575
15,56,hybrid,HYBRID_ALPHA0.9_BETA0.1,0.9,0.1,500,0.90623,0.81354,0.00991,1.07723,0.89466,0.0239,0.02483,0.00178,0.00622,0.6
15,56,mse,MSE,1.0,0.0,50,0.99568,0.84002,0.03377,1.43211,1.00867,0.03402,0.041,0.00268,0.01662,0.65
15,56,mse,MSE,1.0,0.0,100,0.98886,0.84583,0.03834,1.23207,0.94849,0.03466,0.01512,0.00155,0.00595,0.575
15,56,mse,MSE,1.0,0.0,300,0.90559,0.81205,0.01394,1.04176,0.87964,0.01854,0.01356,0.00164,0.0054,0.6
15,56,mse,MSE,1.0,0.0,500,0.90472,0.81135,0.0093,1.07492,0.90684,0.02991,0.02068,0.00155,0.00716,0.55
16,57,hsic,HSIC,0.0,1.0,50,1.02451,0.86064,0.03575,3.76968,1.49097,0.10339,0.19726,0.00392,0.06674,0.675
16,57,hsic,HSIC,0.0,1.0,100,1.14508,0.87956,0.01028,3.45139,1.43383,0.11906,0.19731,0.00666,0.05732,0.675
16,57,hsic,HSIC,0.0,1.0,300,1.10189,0.87151,0.014,3.594,1.45422,0.11686,0.20021,0.00606,0.04581,0.625
16,57,hsic,HSIC,0.0,1.0,500,1.16946,0.89869,0.01545,3.51972,1.44528,0.11771,0.19866,0.0055,0.05425,0.675
16,57,hybrid,HYBRID_ALPHA0.1_BETA0.9,0.1,0.9,50,1.2904,0.92922,0.0189,3.37291,1.43087,0.12457,0.19898,0.0037,0.05153,0.65
16,57,hybrid,HYBRID_ALPHA0.2_BETA0.8,0.2,0.8,50,1.12275,0.87794,0.01596,1.70901,1.05276,0.06183,0.10153,0.00189,0.01258,0.6
16,57,hybrid,HYBRID_ALPHA0.3_BETA0.7,0.3,0.7,50,1.10421,0.87211,0.01509,1.23109,0.89989,0.03475,0.02232,0.00165,0.00832,0.575
16,57,hybrid,HYBRID_ALPHA0.4_BETA0.6,0.4,0.6,50,1.07387,0.8677,0.01337,1.43469,0.95918,0.05211,0.07721,0.00187,0.01321,0.625
16,57,hybrid,HYBRID_ALPHA0.5_BETA0.5,0.5,0.5,50,1.05472,0.8588,0.01146,1.16234,0.90961,0.03728,0.03612,0.00173,0.00933,0.55
16,57,hybrid,HYBRID_ALPHA0.6_BETA0.4,0.6,0.4,50,1.24798,0.91513,0.01624,1.3402,0.93948,0.04378,0.05966,0.00162,0.01162,0.6
16,57,hybrid,HYBRID_ALPHA0.7_BETA0.3,0.7,0.3,50,1.31653,0.9491,0.0166,1.351,0.94957,0.02903,0.04719,0.00236,0.00799,0.625
16,57,hybrid,HYBRID_ALPHA0.8_BETA0.2,0.8,0.2,50,1.22434,0.9134,0.02112,1.35791,0.95095,0.02856,0.04522,0.00246,0.0093,0.55
16,57,hybrid,HYBRID_ALPHA0.9_BETA0.1,0.9,0.1,50,1.21584,0.91889,0.02456,1.36058,0.95135,0.02854,0.04495,0.00231,0.00906,0.65
16,57,hybrid,HYBRID_ALPHA0.1_BETA0.9,0.1,0.9,100,0.90906,0.80995,0.01,1.98061,1.13614,0.04826,0.0841,0.00248,0.00865,0.55
16,57,hybrid,HYBRID_ALPHA0.2_BETA0.8,0.2,0.8,100,0.88955,0.8018,0.00978,1.71953,1.04658,0.04724,0.077,0.00258,0.00857,0.525
16,57,hybrid,HYBRID_ALPHA0.3_BETA0.7,0.3,0.7,100,0.87375,0.79186,0.01018,1.64106,1.0235,0.04704,0.07538,0.00265,0.00846,0.525
16,57,hybrid,HYBRID_ALPHA0.4_BETA0.6,0.4,0.6,100,0.87009,0.79024,0.01017,1.14918,0.91066,0.03515,0.01166,0.00135,0.00805,0.525
16,57,hybrid,HYBRID_ALPHA0.5_BETA0.5,0.5,0.5,100,0.86985,0.78936,0.01025,1.14258,0.91229,0.03412,0.00997,0.00135,0.00868,0.6
16,57,hybrid,HYBRID_ALPHA0.6_BETA0.4,0.6,0.4,100,0.87003,0.7889,0.01044,1.13528,0.90878,0.03284,0.00995,0.00139,0.00852,0.525
16,57,hybrid,HYBRID_ALPHA0.7_BETA0.3,0.7,0.3,100,0.86782,0.78739,0.01023,1.13009,0.90526,0.03141,0.01035,0.00145,0.00804,0.55
16,57,hybrid,HYBRID_ALPHA0.8_BETA0.2,0.8,0.2,100,0.86063,0.78171,0.01013,1.13245,0.90637,0.02845,0.01074,0.00161,0.00754,0.525
16,57,hybrid,HYBRID_ALPHA0.9_BETA0.1,0.9,0.1,100,0.85348,0.77679,0.01063,1.161,0.9159,0.02849,0.00903,0.00174,0.00825,0.5
16,57,hybrid,HYBRID_ALPHA0.1_BETA0.9,0.1,0.9,300,0.96399,0.8328,0.01446,1.61655,1.00795,0.02547,0.09336,0.0023,0.00892,0.575
16,57,hybrid,HYBRID_ALPHA0.2_BETA0.8,0.2,0.8,300,0.95745,0.82598,0.01173,1.63964,1.01914,0.02717,0.09697,0.00257,0.00866,0.575
16,57,hybrid,HYBRID_ALPHA0.3_BETA0.7,0.3,0.7,300,0.9457,0.82266,0.01181,1.19904,0.92646,0.02031,0.03686,0.00188,0.00766,0.575
16,57,hybrid,HYBRID_ALPHA0.4_BETA0.6,0.4,0.6,300,0.94821,0.82345,0.01156,1.26375,0.93001,0.0216,0.04449,0.00173,0.00738,0.5
16,57,hybrid,HYBRID_ALPHA0.5_BETA0.5,0.5,0.5,300,0.94919,0.82369,0.01133,1.23207,0.92484,0.01972,0.04103,0.00186,0.00724,0.575
16,57,hybrid,HYBRID_ALPHA0.6_BETA0.4,0.6,0.4,300,0.94691,0.82729,0.01216,1.1229,0.90422,0.01783,0.03068,0.00173,0.00713,0.575
16,57,hybrid,HYBRID_ALPHA0.7_BETA0.3,0.7,0.3,300,0.94725,0.82682,0.01171,1.11557,0.90369,0.01753,0.02986,0.00178,0.00701,0.6
16,57,hybrid,HYBRID_ALPHA0.8_BETA0.2,0.8,0.2,300,0.95497,0.82664,0.01013,1.11173,0.90274,0.01682,0.02996,0.00182,0.00676,0.5
16,57,hybrid,HYBRID_ALPHA0.9_BETA0.1,0.9,0.1,300,0.95607,0.82793,0.01038,1.10795,0.90134,0.01612,0.03014,0.00183,0.0068,0.55
16,57,hybrid,HYBRID_ALPHA0.1_BETA0.9,0.1,0.9,500,0.91878,0.81575,0.01733,1.79904,1.07294,0.04508,0.08114,0.00242,0.01099,0.6
16,57,hybrid,HYBRID_ALPHA0.2_BETA0.8,0.2,0.8,500,0.85855,0.7819,0.01064,1.69026,1.03659,0.04436,0.08245,0.00273,0.01027,0.55
16,57,hybrid,HYBRID_ALPHA0.3_BETA0.7,0.3,0.7,500,0.89261,0.80673,0.01154,1.65037,1.0281,0.04377,0.08447,0.00275,0.01091,0.625
16,57,hybrid,HYBRID_ALPHA0.4_BETA0.6,0.4,0.6,500,0.88728,0.80421,0.01104,1.07867,0.88369,0.02409,0.02097,0.00138,0.00591,0.625
16,57,hybrid,HYBRID_ALPHA0.5_BETA0.5,0.5,0.5,500,0.88346,0.80207,0.01071,1.57391,1.01459,0.04158,0.08586,0.00278,0.01107,0.6
16,57,hybrid,HYBRID_ALPHA0.6_BETA0.4,0.6,0.4,500,0.87747,0.79839,0.01037,1.50675,1.00046,0.04324,0.07728,0.00265,0.01043,0.625
16,57,hybrid,HYBRID_ALPHA0.7_BETA0.3,0.7,0.3,500,0.86889,0.79305,0.00998,1.07253,0.87921,0.02243,0.02201,0.00136,0.0057,0.575
16,57,hybrid,HYBRID_ALPHA0.8_BETA0.2,0.8,0.2,500,0.86027,0.78718,0.00953,1.09003,0.88634,0.02317,0.01881,0.00144,0.00645,0.5
16,57,hybrid,HYBRID_ALPHA0.9_BETA0.1,0.9,0.1,500,0.85559,0.78376,0.00916,1.05178,0.87045,0.01964,0.0217,0.00146,0.0067,0.525
16,57,mse,MSE,1.0,0.0,50,1.21845,0.91621,0.02389,1.36819,0.95425,0.02837,0.04622,0.00237,0.00928,0.575
16,57,mse,MSE,1.0,0.0,100,0.85442,0.77733,0.0107,1.18906,0.92059,0.02194,0.01404,0.00213,0.0063,0.55
16,57,mse,MSE,1.0,0.0,300,0.95724,0.82799,0.01091,1.10386,0.90017,0.01535,0.03037,0.00187,0.00686,0.575
16,57,mse,MSE,1.0,0.0,500,0.86072,0.78685,0.00912,1.05565,0.87157,0.01943,0.02179,0.00141,0.00669,0.625
17,58,hsic,HSIC,0.0,1.0,50,1.10622,0.89432,0.0442,3.5632,1.44428,0.11764,0.20056,0.00525,0.03583,0.725
17,58,hsic,HSIC,0.0,1.0,100,1.14824,0.90103,0.04436,3.56995,1.44853,0.11723,0.20026,0.00524,0.05488,0.675
17,58,hsic,HSIC,0.0,1.0,300,1.1648,0.89544,0.01266,3.58031,1.45214,0.1167,0.20031,0.00571,0.04945,0.625
17,58,hsic,HSIC,0.0,1.0,500,1.21688,0.92403,0.05418,3.57607,1.45336,0.11722,0.20043,0.00495,0.05283,0.725
17,58,hybrid,HYBRID_ALPHA0.1_BETA0.9,0.1,0.9,50,1.04538,0.87472,0.04184,3.31724,1.41521,0.11563,0.19406,0.00527,0.03334,0.6
17,58,hybrid,HYBRID_ALPHA0.2_BETA0.8,0.2,0.8,50,1.12591,0.89843,0.06901,1.5312,1.00431,0.05734,0.06774,0.00191,0.01009,0.525
17,58,hybrid,HYBRID_ALPHA0.3_BETA0.7,0.3,0.7,50,1.12484,0.89397,0.07344,1.5303,1.00724,0.05279,0.07175,0.00204,0.01053,0.6
17,58,hybrid,HYBRID_ALPHA0.4_BETA0.6,0.4,0.6,50,1.08777,0.87476,0.07125,1.43541,0.96816,0.01935,0.07126,0.00307,0.01373,0.575
17,58,hybrid,HYBRID_ALPHA0.5_BETA0.5,0.5,0.5,50,1.0555,0.85969,0.06648,1.50574,0.9894,0.01815,0.08236,0.00358,0.01645,0.7
17,58,hybrid,HYBRID_ALPHA0.6_BETA0.4,0.6,0.4,50,1.02817,0.84919,0.06097,1.55028,1.00247,0.02016,0.09197,0.00373,0.01699,0.65
17,58,hybrid,HYBRID_ALPHA0.7_BETA0.3,0.7,0.3,50,1.21531,0.93082,0.10758,1.56554,1.00346,0.01847,0.09528,0.00331,0.01774,0.675
17,58,hybrid,HYBRID_ALPHA0.8_BETA0.2,0.8,0.2,50,1.22698,0.93498,0.11178,1.63432,1.02553,0.02171,0.10166,0.00335,0.01903,0.675
17,58,hybrid,HYBRID_ALPHA0.9_BETA0.1,0.9,0.1,50,1.21564,0.93089,0.11007,1.68855,1.04379,0.02317,0.10292,0.00321,0.02047,0.575
17,58,hybrid,HYBRID_ALPHA0.1_BETA0.9,0.1,0.9,100,0.88533,0.79935,0.01001,1.08996,0.88791,0.03023,0.02378,0.00151,0.00907,0.5
17,58,hybrid,HYBRID_ALPHA0.2_BETA0.8,0.2,0.8,100,1.00361,0.85246,0.03643,1.10356,0.89249,0.02836,0.02571,0.00152,0.00815,0.65
17,58,hybrid,HYBRID_ALPHA0.3_BETA0.7,0.3,0.7,100,0.90384,0.80462,0.01252,1.09631,0.89129,0.02599,0.02397,0.0014,0.00781,0.525
17,58,hybrid,HYBRID_ALPHA0.4_BETA0.6,0.4,0.6,100,0.89292,0.7986,0.01077,1.08143,0.88599,0.02367,0.02031,0.00136,0.00822,0.525
17,58,hybrid,HYBRID_ALPHA0.5_BETA0.5,0.5,0.5,100,0.93468,0.82083,0.01839,1.07886,0.8847,0.02149,0.02007,0.0013,0.00675,0.525
17,58,hybrid,HYBRID_ALPHA0.6_BETA0.4,0.6,0.4,100,0.94345,0.82421,0.02228,1.10107,0.89283,0.0178,0.02879,0.0013,0.00604,0.625
17,58,hybrid,HYBRID_ALPHA0.7_BETA0.3,0.7,0.3,100,0.93895,0.82176,0.02049,1.06738,0.88272,0.01566,0.02224,0.00129,0.00519,0.5
17,58,hybrid,HYBRID_ALPHA0.8_BETA0.2,0.8,0.2,100,0.92464,0.81548,0.01798,1.0762,0.88581,0.01415,0.02403,0.00124,0.00529,0.55
17,58,hybrid,HYBRID_ALPHA0.9_BETA0.1,0.9,0.1,100,0.92478,0.81554,0.01861,1.08522,0.88974,0.01579,0.01946,0.00114,0.00614,0.575
17,58,hybrid,HYBRID_ALPHA0.1_BETA0.9,0.1,0.9,300,0.92331,0.81812,0.01358,3.292,1.41284,0.11652,0.19489,0.00564,0.04343,0.65
17,58,hybrid,HYBRID_ALPHA0.2_BETA0.8,0.2,0.8,300,0.91178,0.81328,0.01308,1.68434,1.03162,0.0414,0.08845,0.00256,0.00781,0.525
17,58,hybrid,HYBRID_ALPHA0.3_BETA0.7,0.3,0.7,300,0.89623,0.80828,0.01206,1.6021,1.00575,0.04092,0.08292,0.00241,0.00709,0.6
17,58,hybrid,HYBRID_ALPHA0.4_BETA0.6,0.4,0.6,300,0.88759,0.80425,0.01088,1.14949,0.90985,0.03538,0.01203,0.00125,0.00618,0.525
17,58,hybrid,HYBRID_ALPHA0.5_BETA0.5,0.5,0.5,300,0.8829,0.80159,0.01029,1.13382,0.90183,0.03381,0.01211,0.00132,0.00585,0.525
17,58,hybrid,HYBRID_ALPHA0.6_BETA0.4,0.6,0.4,300,0.87934,0.79956,0.00993,1.12796,0.8916,0.03176,0.01565,0.00149,0.00537,0.55
17,58,hybrid,HYBRID_ALPHA0.7_BETA0.3,0.7,0.3,300,0.87526,0.79709,0.0098,1.14709,0.92257,0.03888,0.00741,0.00116,0.00724,0.525
17,58,hybrid,HYBRID_ALPHA0.8_BETA0.2,0.8,0.2,300,0.89147,0.80528,0.01223,1.11967,0.89194,0.0313,0.01502,0.00138,0.00562,0.575
17,58,hybrid,HYBRID_ALPHA0.9_BETA0.1,0.9,0.1,300,0.90564,0.81473,0.016,1.11139,0.88994,0.03094,0.01441,0.00135,0.00547,0.55
17,58,hybrid,HYBRID_ALPHA0.1_BETA0.9,0.1,0.9,500,0.95812,0.83619,0.02053,1.82342,1.07991,0.04415,0.08678,0.00215,0.00843,0.5
17,58,hybrid,HYBRID_ALPHA0.2_BETA0.8,0.2,0.8,500,0.9569,0.83475,0.02103,1.63985,1.01751,0.04374,0.08613,0.00223,0.00855,0.55
17,58,hybrid,HYBRID_ALPHA0.3_BETA0.7,0.3,0.7,500,0.98806,0.84729,0.03175,1.08251,0.89613,0.02052,0.0135,0.00172,0.00886,0.625
17,58,hybrid,HYBRID_ALPHA0.4_BETA0.6,0.4,0.6,500,0.99099,0.84869,0.03073,1.51955,0.98768,0.03559,0.07982,0.00213,0.00931,0.5
17,58,hybrid,HYBRID_ALPHA0.5_BETA0.5,0.5,0.5,500,0.98888,0.84789,0.02895,1.48468,0.97877,0.03393,0.07563,0.0021,0.00914,0.55
17,58,hybrid,HYBRID_ALPHA0.6_BETA0.4,0.6,0.4,500,0.96808,0.83964,0.02506,1.47561,0.97697,0.03316,0.07505,0.00214,0.00884,0.575
17,58,hybrid,HYBRID_ALPHA0.7_BETA0.3,0.7,0.3,500,0.96234,0.83751,0.0239,1.46793,0.97545,0.03302,0.07448,0.00216,0.0087,0.55
17,58,hybrid,HYBRID_ALPHA0.8_BETA0.2,0.8,0.2,500,0.93211,0.82277,0.01563,1.06416,0.89221,0.01868,0.01356,0.00154,0.00736,0.6
17,58,hybrid,HYBRID_ALPHA0.9_BETA0.1,0.9,0.1,500,0.93219,0.82286,0.01532,1.05957,0.89169,0.01816,0.0134,0.00155,0.00723,0.55
17,58,mse,MSE,1.0,0.0,50,1.33701,0.96958,0.14061,1.71338,1.05475,0.02359,0.10333,0.00284,0.02152,0.575
17,58,mse,MSE,1.0,0.0,100,0.91603,0.81239,0.0165,1.06825,0.89114,0.01197,0.02693,0.00139,0.00519,0.55
17,58,mse,MSE,1.0,0.0,300,0.90089,0.81309,0.01586,1.13589,0.91647,0.03759,0.00743,0.00117,0.00732,0.575
17,58,mse,MSE,1.0,0.0,500,0.93846,0.82767,0.01659,1.0563,0.89094,0.01767,0.01347,0.00157,0.00728,0.575
18,59,hsic,HSIC,0.0,1.0,50,1.21392,0.9261,0.07983,3.52206,1.43991,0.1158,0.19869,0.00398,0.04924,0.7
18,59,hsic,HSIC,0.0,1.0,100,1.42199,0.97017,0.01035,3.38686,1.42617,0.12337,0.19896,0.00496,0.06413,0.525
18,59,hsic,HSIC,0.0,1.0,300,1.22897,0.91374,0.01496,3.57853,1.4514,0.11688,0.20033,0.00539,0.06382,0.6
18,59,hsic,HSIC,0.0,1.0,500,1.18635,0.90674,0.02312,3.40978,1.43456,0.12373,0.19923,0.00528,0.05405,0.7
18,59,hybrid,HYBRID_ALPHA0.1_BETA0.9,0.1,0.9,50,1.07954,0.87769,0.06887,2.05124,1.17296,0.07024,0.13967,0.0032,0.03971,0.625
18,59,hybrid,HYBRID_ALPHA0.2_BETA0.8,0.2,0.8,50,1.12617,0.89737,0.07264,1.93363,1.14047,0.0636,0.13165,0.00313,0.03904,0.725
18,59,hybrid,HYBRID_ALPHA0.3_BETA0.7,0.3,0.7,50,1.23868,0.92111,0.07505,1.91838,1.13473,0.06229,0.13042,0.00302,0.03799,0.725
18,59,hybrid,HYBRID_ALPHA0.4_BETA0.6,0.4,0.6,50,1.79596,0.96981,0.0736,1.92639,1.13741,0.06344,0.13141,0.00305,0.03832,0.75
18,59,hybrid,HYBRID_ALPHA0.5_BETA0.5,0.5,0.5,50,1.93416,0.97343,0.07282,1.92752,1.13783,0.06355,0.13138,0.00308,0.0381,0.725
18,59,hybrid,HYBRID_ALPHA0.6_BETA0.4,0.6,0.4,50,1.83932,0.97389,0.07506,1.95316,1.14614,0.06552,0.13409,0.0031,0.03902,0.7
18,59,hybrid,HYBRID_ALPHA0.7_BETA0.3,0.7,0.3,50,1.62862,0.96225,0.07325,1.91767,1.13655,0.06479,0.12826,0.00295,0.03897,0.65
18,59,hybrid,HYBRID_ALPHA0.8_BETA0.2,0.8,0.2,50,1.32336,0.93679,0.06879,1.85715,1.11858,0.06133,0.12308,0.00288,0.03703,0.725
18,59,hybrid,HYBRID_ALPHA0.9_BETA0.1,0.9,0.1,50,1.18065,0.91333,0.06349,1.85713,1.11902,0.06163,0.12255,0.00299,0.03723,0.75
18,59,hybrid,HYBRID_ALPHA0.1_BETA0.9,0.1,0.9,100,0.94696,0.81675,0.01895,1.65185,1.0406,0.05465,0.08977,0.00313,0.01529,0.6
18,59,hybrid,HYBRID_ALPHA0.2_BETA0.8,0.2,0.8,100,0.9246,0.80548,0.01858,1.62422,1.03327,0.05462,0.08932,0.00311,0.01568,0.6
18,59,hybrid,HYBRID_ALPHA0.3_BETA0.7,0.3,0.7,100,0.93994,0.80711,0.02066,1.61546,1.03402,0.05621,0.08915,0.00309,0.01585,0.575
18,59,hybrid,HYBRID_ALPHA0.4_BETA0.6,0.4,0.6,100,0.94627,0.81033,0.02161,1.6055,1.03295,0.05747,0.08847,0.00299,0.0162,0.6
18,59,hybrid,HYBRID_ALPHA0.5_BETA0.5,0.5,0.5,100,0.94034,0.80773,0.0214,1.59234,1.03028,0.05857,0.08753,0.00297,0.01664,0.625
18,59,hybrid,HYBRID_ALPHA0.6_BETA0.4,0.6,0.4,100,0.93411,0.80481,0.02187,1.59217,1.03195,0.05987,0.08852,0.00295,0.01718,0.65
18,59,hybrid,HYBRID_ALPHA0.7_BETA0.3,0.7,0.3,100,0.94436,0.81045,0.0229,1.58523,1.0304,0.06095,0.0879,0.00287,0.01723,0.65
18,59,hybrid,HYBRID_ALPHA0.8_BETA0.2,0.8,0.2,100,0.9304,0.80755,0.02199,1.57349,1.02731,0.06153,0.08681,0.00285,0.01783,0.575
18,59,hybrid,HYBRID_ALPHA0.9_BETA0.1,0.9,0.1,100,0.93247,0.81195,0.02259,1.57153,1.02773,0.06195,0.08724,0.00279,0.01837,0.65
18,59,hybrid,HYBRID_ALPHA0.1_BETA0.9,0.1,0.9,300,0.87591,0.78848,0.01322,1.99457,1.13772,0.05005,0.10577,0.00335,0.01732,0.55
18,59,hybrid,HYBRID_ALPHA0.2_BETA0.8,0.2,0.8,300,0.86924,0.78135,0.01123,1.7679,1.06351,0.04665,0.09327,0.00295,0.01433,0.5
18,59,hybrid,HYBRID_ALPHA0.3_BETA0.7,0.3,0.7,300,0.88941,0.80402,0.01193,1.67595,1.03988,0.04743,0.08846,0.00289,0.01414,0.6
18,59,hybrid,HYBRID_ALPHA0.4_BETA0.6,0.4,0.6,300,0.88639,0.80244,0.01164,1.62221,1.02653,0.04784,0.08392,0.00277,0.01331,0.525
18,59,hybrid,HYBRID_ALPHA0.5_BETA0.5,0.5,0.5,300,0.88041,0.80113,0.01248,1.56075,1.01253,0.04846,0.07809,0.00272,0.01246,0.5
18,59,hybrid,HYBRID_ALPHA0.6_BETA0.4,0.6,0.4,300,0.88077,0.80142,0.01266,1.47446,0.99585,0.0517,0.06624,0.00259,0.01178,0.575
18,59,hybrid,HYBRID_ALPHA0.7_BETA0.3,0.7,0.3,300,0.87559,0.79868,0.01383,1.07429,0.89849,0.01926,0.01465,0.00169,0.00899,0.65
18,59,hybrid,HYBRID_ALPHA0.8_BETA0.2,0.8,0.2,300,0.8746,0.79737,0.01386,1.43683,0.98714,0.05171,0.06128,0.00245,0.01145,0.55
18,59,hybrid,HYBRID_ALPHA0.9_BETA0.1,0.9,0.1,300,0.87814,0.79668,0.01405,1.07114,0.89553,0.0185,0.01586,0.0017,0.00897,0.525
18,59,hybrid,HYBRID_ALPHA0.1_BETA0.9,0.1,0.9,500,0.94474,0.82842,0.01967,1.15207,0.91966,0.02658,0.01257,0.00143,0.00955,0.625
18,59,hybrid,HYBRID_ALPHA0.2_BETA0.8,0.2,0.8,500,0.94138,0.82433,0.01616,1.70886,1.04079,0.04189,0.08601,0.00224,0.00949,0.525
18,59,hybrid,HYBRID_ALPHA0.3_BETA0.7,0.3,0.7,500,0.94832,0.82611,0.01612,1.09391,0.90438,0.02616,0.01139,0.00137,0.00874,0.625
18,59,hybrid,HYBRID_ALPHA0.4_BETA0.6,0.4,0.6,500,0.95284,0.82995,0.01867,1.08391,0.90136,0.02557,0.01147,0.00147,0.00867,0.625
18,59,hybrid,HYBRID_ALPHA0.5_BETA0.5,0.5,0.5,500,0.95723,0.83085,0.01848,1.07874,0.89958,0.02482,0.01164,0.00144,0.00862,0.65
18,59,hybrid,HYBRID_ALPHA0.6_BETA0.4,0.6,0.4,500,0.96282,0.83208,0.01803,1.07466,0.89903,0.02436,0.0117,0.00141,0.00856,0.65
18,59,hybrid,HYBRID_ALPHA0.7_BETA0.3,0.7,0.3,500,0.96836,0.83332,0.01857,1.07125,0.89842,0.02382,0.0118,0.00143,0.00866,0.675
18,59,hybrid,HYBRID_ALPHA0.8_BETA0.2,0.8,0.2,500,0.97231,0.83451,0.01823,1.06754,0.89835,0.02332,0.01185,0.00144,0.00863,0.7
18,59,hybrid,HYBRID_ALPHA0.9_BETA0.1,0.9,0.1,500,0.97271,0.83457,0.01807,1.06643,0.89768,0.02252,0.01203,0.00144,0.00863,0.675
18,59,mse,MSE,1.0,0.0,50,1.17865,0.91167,0.07527,1.86736,1.12266,0.06269,0.12323,0.00287,0.03929,0.725
18,59,mse,MSE,1.0,0.0,100,0.95553,0.81843,0.02451,1.58281,1.0314,0.06249,0.08949,0.00273,0.01852,0.55
18,59,mse,MSE,1.0,0.0,300,0.89942,0.80519,0.01159,1.06802,0.8942,0.01803,0.01609,0.00171,0.00883,0.525
18,59,mse,MSE,1.0,0.0,500,0.97149,0.83398,0.01809,1.06495,0.8974,0.02185,0.01218,0.00144,0.00866,0.7
19,60,hsic,HSIC,0.0,1.0,50,1.76967,1.08143,0.04033,3.40409,1.43255,0.12376,0.19792,0.00657,0.05521,0.7
19,60,hsic,HSIC,0.0,1.0,100,1.05617,0.87082,0.03011,3.47564,1.44026,0.11927,0.19888,0.00526,0.03609,0.675
19,60,hsic,HSIC,0.0,1.0,300,1.13556,0.88192,0.01406,3.57304,1.44936,0.11715,0.20034,0.00588,0.0535,0.625
19,60,hsic,HSIC,0.0,1.0,500,1.127,0.87991,0.01594,3.58442,1.45162,0.11673,0.20019,0.00587,0.05481,0.625
19,60,hybrid,HYBRID_ALPHA0.1_BETA0.9,0.1,0.9,50,1.06045,0.86541,0.03555,1.68773,1.05763,0.04673,0.09069,0.00344,0.0124,0.5
19,60,hybrid,HYBRID_ALPHA0.2_BETA0.8,0.2,0.8,50,1.06637,0.87077,0.03564,1.6041,1.03046,0.04531,0.08727,0.00331,0.01262,0.525
19,60,hybrid,HYBRID_ALPHA0.3_BETA0.7,0.3,0.7,50,1.07938,0.8765,0.03437,1.59297,1.02858,0.04398,0.08754,0.00337,0.01332,0.6
19,60,hybrid,HYBRID_ALPHA0.4_BETA0.6,0.4,0.6,50,1.09753,0.88433,0.03353,1.51841,0.99839,0.03075,0.08548,0.00349,0.01568,0.55
19,60,hybrid,HYBRID_ALPHA0.5_BETA0.5,0.5,0.5,50,1.11533,0.89088,0.03304,1.46875,0.98853,0.01266,0.07076,0.00403,0.01733,0.5
19,60,hybrid,HYBRID_ALPHA0.6_BETA0.4,0.6,0.4,50,1.13363,0.89767,0.03118,1.51827,1.01322,0.01388,0.06971,0.00451,0.02103,0.525
19,60,hybrid,HYBRID_ALPHA0.7_BETA0.3,0.7,0.3,50,1.14797,0.90062,0.02905,1.56756,1.03132,0.01552,0.0775,0.00482,0.02357,0.525
19,60,hybrid,HYBRID_ALPHA0.8_BETA0.2,0.8,0.2,50,1.1391,0.89002,0.02746,1.57697,1.03676,0.01653,0.08365,0.00503,0.02662,0.575
19,60,hybrid,HYBRID_ALPHA0.9_BETA0.1,0.9,0.1,50,1.13851,0.88483,0.02717,1.58285,1.03782,0.01708,0.08574,0.00502,0.02586,0.55
19,60,hybrid,HYBRID_ALPHA0.1_BETA0.9,0.1,0.9,100,0.91853,0.81437,0.0243,3.244,1.39603,0.11553,0.19349,0.00498,0.03087,0.625
19,60,hybrid,HYBRID_ALPHA0.2_BETA0.8,0.2,0.8,100,0.92621,0.81721,0.02403,1.14851,0.89218,0.02609,0.03472,0.00144,0.00718,0.625
19,60,hybrid,HYBRID_ALPHA0.3_BETA0.7,0.3,0.7,100,0.93108,0.82083,0.02282,1.13386,0.89058,0.02626,0.03209,0.00137,0.00702,0.625
19,60,hybrid,HYBRID_ALPHA0.4_BETA0.6,0.4,0.6,100,0.93931,0.82461,0.02691,1.12678,0.88974,0.02591,0.02985,0.00145,0.0076,0.55
19,60,hybrid,HYBRID_ALPHA0.5_BETA0.5,0.5,0.5,100,0.94486,0.82891,0.02235,1.12116,0.88867,0.02553,0.02753,0.00145,0.00703,0.575
19,60,hybrid,HYBRID_ALPHA0.6_BETA0.4,0.6,0.4,100,0.95542,0.8348,0.02182,1.127,0.89369,0.02514,0.02442,0.00151,0.00688,0.575
19,60,hybrid,HYBRID_ALPHA0.7_BETA0.3,0.7,0.3,100,0.96369,0.84481,0.02126,1.37039,0.95291,0.02239,0.05405,0.00194,0.00788,0.5
19,60,hybrid,HYBRID_ALPHA0.8_BETA0.2,0.8,0.2,100,0.95094,0.83223,0.02414,1.34283,0.94941,0.02191,0.04794,0.00197,0.0081,0.575
19,60,hybrid,HYBRID_ALPHA0.9_BETA0.1,0.9,0.1,100,0.9573,0.83512,0.02484,1.35209,0.95164,0.02252,0.04893,0.00198,0.00796,0.55
19,60,hybrid,HYBRID_ALPHA0.1_BETA0.9,0.1,0.9,300,0.92271,0.81253,0.0149,1.0459,0.87917,0.02311,0.01634,0.00152,0.00746,0.525
19,60,hybrid,HYBRID_ALPHA0.2_BETA0.8,0.2,0.8,300,0.91632,0.81005,0.01413,1.66082,1.02831,0.04206,0.08435,0.0029,0.00787,0.5
19,60,hybrid,HYBRID_ALPHA0.3_BETA0.7,0.3,0.7,300,0.91216,0.81494,0.01409,0.96979,0.86697,0.0158,0.00795,0.00151,0.00751,0.525
19,60,hybrid,HYBRID_ALPHA0.4_BETA0.6,0.4,0.6,300,0.9145,0.81607,0.01414,0.9688,0.86613,0.01529,0.00911,0.00147,0.00722,0.6
19,60,hybrid,HYBRID_ALPHA0.5_BETA0.5,0.5,0.5,300,0.91428,0.81621,0.01401,0.96798,0.86242,0.01439,0.0106,0.00152,0.00687,0.55
19,60,hybrid,HYBRID_ALPHA0.6_BETA0.4,0.6,0.4,300,0.91572,0.81614,0.01605,0.96646,0.86261,0.01384,0.01117,0.00157,0.00681,0.5
19,60,hybrid,HYBRID_ALPHA0.7_BETA0.3,0.7,0.3,300,0.92646,0.82223,0.01773,0.96379,0.86597,0.0132,0.01074,0.00154,0.00699,0.525
19,60,hybrid,HYBRID_ALPHA0.8_BETA0.2,0.8,0.2,300,0.92114,0.81948,0.01675,0.95896,0.86298,0.01196,0.01164,0.0015,0.00613,0.525
19,60,hybrid,HYBRID_ALPHA0.9_BETA0.1,0.9,0.1,300,0.91877,0.81909,0.01635,0.96163,0.86445,0.01166,0.01208,0.00149,0.00618,0.525
19,60,hybrid,HYBRID_ALPHA0.1_BETA0.9,0.1,0.9,500,0.89011,0.79618,0.01751,1.91813,1.11054,0.04367,0.09808,0.00328,0.01289,0.575
19,60,hybrid,HYBRID_ALPHA0.2_BETA0.8,0.2,0.8,500,0.9,0.80234,0.01432,1.7019,1.04435,0.04537,0.08962,0.00321,0.01232,0.575
19,60,hybrid,HYBRID_ALPHA0.3_BETA0.7,0.3,0.7,500,0.89518,0.80336,0.01472,1.65087,1.03271,0.04585,0.08589,0.00301,0.01191,0.6
19,60,hybrid,HYBRID_ALPHA0.4_BETA0.6,0.4,0.6,500,0.88843,0.80011,0.0142,1.61386,1.02395,0.04634,0.08324,0.00298,0.01159,0.65
19,60,hybrid,HYBRID_ALPHA0.5_BETA0.5,0.5,0.5,500,0.88202,0.79603,0.01381,1.48993,0.9917,0.04243,0.07259,0.00268,0.0097,0.575
19,60,hybrid,HYBRID_ALPHA0.6_BETA0.4,0.6,0.4,500,0.87582,0.79263,0.01352,1.09793,0.89206,0.01812,0.02046,0.00199,0.00765,0.525
19,60,hybrid,HYBRID_ALPHA0.7_BETA0.3,0.7,0.3,500,0.87044,0.7903,0.01322,1.08174,0.88854,0.01687,0.02143,0.00214,0.00777,0.575
19,60,hybrid,HYBRID_ALPHA0.8_BETA0.2,0.8,0.2,500,0.8669,0.78844,0.01293,1.07578,0.88555,0.01821,0.01912,0.00195,0.00758,0.65
19,60,hybrid,HYBRID_ALPHA0.9_BETA0.1,0.9,0.1,500,0.86529,0.78789,0.01285,1.0692,0.88446,0.01741,0.01967,0.00212,0.00752,0.6
19,60,mse,MSE,1.0,0.0,50,1.12683,0.87976,0.02326,1.60409,1.04082,0.01902,0.08868,0.00501,0.02636,0.6
19,60,mse,MSE,1.0,0.0,100,0.96002,0.83782,0.024,1.34111,0.94966,0.02278,0.04664,0.002,0.00793,0.6
19,60,mse,MSE,1.0,0.0,300,0.91126,0.81589,0.01423,0.96541,0.8651,0.01145,0.01307,0.0015,0.00595,0.55
19,60,mse,MSE,1.0,0.0,500,0.86499,0.7879,0.01273,1.05788,0.88132,0.01696,0.0195,0.00214,0.00736,0.575
20,61,hsic,HSIC,0.0,1.0,50,1.59158,1.02617,0.01688,1.6408,1.04177,0.04844,0.08331,0.00298,0.01135,0.525
20,61,hsic,HSIC,0.0,1.0,100,1.02696,0.83765,0.0138,3.38837,1.43403,0.12655,0.19913,0.00622,0.0462,0.675
20,61,hsic,HSIC,0.0,1.0,300,1.21787,0.92494,0.04318,3.53238,1.4453,0.11491,0.19743,0.0051,0.04508,0.7
20,61,hsic,HSIC,0.0,1.0,500,1.16894,0.8911,0.01167,3.5776,1.45265,0.1165,0.20007,0.00593,0.05145,0.625
20,61,hybrid,HYBRID_ALPHA0.1_BETA0.9,0.1,0.9,50,0.93256,0.80266,0.01602,1.58879,1.01668,0.04445,0.08468,0.00297,0.01202,0.525
20,61,hybrid,HYBRID_ALPHA0.2_BETA0.8,0.2,0.8,50,0.98088,0.8239,0.01616,1.54223,1.00818,0.04536,0.08091,0.00294,0.01105,0.55
20,61,hybrid,HYBRID_ALPHA0.3_BETA0.7,0.3,0.7,50,0.95713,0.81543,0.01605,1.43243,0.98153,0.04258,0.06764,0.00278,0.00976,0.525
20,61,hybrid,HYBRID_ALPHA0.4_BETA0.6,0.4,0.6,50,0.97092,0.82204,0.01451,1.19928,0.91448,0.02719,0.03525,0.00179,0.00791,0.55
20,61,hybrid,HYBRID_ALPHA0.5_BETA0.5,0.5,0.5,50,0.97658,0.82329,0.01373,1.24778,0.9324,0.02716,0.0373,0.00176,0.00818,0.5
20,61,hybrid,HYBRID_ALPHA0.6_BETA0.4,0.6,0.4,50,0.97871,0.83168,0.01898,1.2879,0.94086,0.02602,0.03298,0.00151,0.00848,0.525
20,61,hybrid,HYBRID_ALPHA0.7_BETA0.3,0.7,0.3,50,0.98441,0.83334,0.01823,1.31949,0.94646,0.02606,0.03154,0.00152,0.00842,0.55
20,61,hybrid,HYBRID_ALPHA0.8_BETA0.2,0.8,0.2,50,0.98255,0.83175,0.01798,1.30633,0.93934,0.02748,0.03167,0.00178,0.00859,0.525
20,61,hybrid,HYBRID_ALPHA0.9_BETA0.1,0.9,0.1,50,0.99168,0.83499,0.01758,1.30984,0.93969,0.03112,0.03093,0.00191,0.00824,0.525
20,61,hybrid,HYBRID_ALPHA0.1_BETA0.9,0.1,0.9,100,0.86531,0.78899,0.01595,1.86678,1.09455,0.04094,0.0888,0.00257,0.00692,0.575
20,61,hybrid,HYBRID_ALPHA0.2_BETA0.8,0.2,0.8,100,0.84795,0.78121,0.01968,1.70546,1.03653,0.03877,0.09384,0.0026,0.00678,0.5
20,61,hybrid,HYBRID_ALPHA0.3_BETA0.7,0.3,0.7,100,0.84549,0.77975,0.0198,1.61545,1.00953,0.03902,0.09109,0.00252,0.00668,0.55
20,61,hybrid,HYBRID_ALPHA0.4_BETA0.6,0.4,0.6,100,0.84252,0.77831,0.01947,1.55398,0.99428,0.03961,0.08582,0.0024,0.00653,0.5
20,61,hybrid,HYBRID_ALPHA0.5_BETA0.5,0.5,0.5,100,0.85147,0.78103,0.01919,1.48915,0.97661,0.04033,0.07809,0.00224,0.00651,0.5
20,61,hybrid,HYBRID_ALPHA0.6_BETA0.4,0.6,0.4,100,0.87095,0.78965,0.02134,1.46423,0.96966,0.04101,0.07414,0.00208,0.00639,0.5
20,61,hybrid,HYBRID_ALPHA0.7_BETA0.3,0.7,0.3,100,0.87545,0.79374,0.02303,1.41632,0.94557,0.04511,0.0645,0.00182,0.00691,0.575
20,61,hybrid,HYBRID_ALPHA0.8_BETA0.2,0.8,0.2,100,0.8939,0.80142,0.02669,1.27546,0.91171,0.07106,0.03298,0.00179,0.01108,0.625
20,61,hybrid,HYBRID_ALPHA0.9_BETA0.1,0.9,0.1,100,0.89731,0.80223,0.02747,1.30716,0.92344,0.05672,0.04883,0.00186,0.0082,0.525
20,61,hybrid,HYBRID_ALPHA0.1_BETA0.9,0.1,0.9,300,1.01527,0.85703,0.0372,1.80889,1.07242,0.04146,0.08611,0.0022,0.01022,0.575
20,61,hybrid,HYBRID_ALPHA0.2_BETA0.8,0.2,0.8,300,0.98468,0.84372,0.03108,1.66051,1.0266,0.04264,0.08849,0.00234,0.01053,0.525
20,61,hybrid,HYBRID_ALPHA0.3_BETA0.7,0.3,0.7,300,1.00214,0.85218,0.03514,1.10624,0.88986,0.01334,0.03491,0.00193,0.00929,0.55
20,61,hybrid,HYBRID_ALPHA0.4_BETA0.6,0.4,0.6,300,0.98327,0.84405,0.03148,1.09983,0.88896,0.01319,0.03471,0.00191,0.00911,0.5
20,61,hybrid,HYBRID_ALPHA0.5_BETA0.5,0.5,0.5,300,0.96018,0.83458,0.02568,1.09219,0.88797,0.01302,0.0343,0.00193,0.00877,0.625
20,61,hybrid,HYBRID_ALPHA0.6_BETA0.4,0.6,0.4,300,0.95402,0.83313,0.02308,1.0872,0.88721,0.01293,0.0341,0.00192,0.00854,0.575
20,61,hybrid,HYBRID_ALPHA0.7_BETA0.3,0.7,0.3,300,0.95198,0.83141,0.02357,1.0816,0.88651,0.01278,0.03376,0.00188,0.00857,0.625
20,61,hybrid,HYBRID_ALPHA0.8_BETA0.2,0.8,0.2,300,0.94071,0.82774,0.01989,1.0731,0.88567,0.01256,0.03295,0.00189,0.00823,0.525
20,61,hybrid,HYBRID_ALPHA0.9_BETA0.1,0.9,0.1,300,0.93595,0.82708,0.01821,1.06913,0.88497,0.01257,0.03267,0.00187,0.00805,0.6
20,61,hybrid,HYBRID_ALPHA0.1_BETA0.9,0.1,0.9,500,0.92704,0.81974,0.01239,1.9465,1.11424,0.03934,0.09044,0.00249,0.00831,0.55
20,61,hybrid,HYBRID_ALPHA0.2_BETA0.8,0.2,0.8,500,0.92129,0.81498,0.00992,1.07347,0.89043,0.02675,0.01857,0.00137,0.00868,0.525
20,61,hybrid,HYBRID_ALPHA0.3_BETA0.7,0.3,0.7,500,0.9278,0.81823,0.00955,1.07923,0.89449,0.02604,0.02031,0.0013,0.00815,0.55
20,61,hybrid,HYBRID_ALPHA0.4_BETA0.6,0.4,0.6,500,0.92014,0.81401,0.01002,1.07657,0.89278,0.02408,0.02029,0.00131,0.0087,0.525
20,61,hybrid,HYBRID_ALPHA0.5_BETA0.5,0.5,0.5,500,0.91576,0.8132,0.0108,1.07381,0.89259,0.02173,0.02034,0.00132,0.00868,0.575
20,61,hybrid,HYBRID_ALPHA0.6_BETA0.4,0.6,0.4,500,0.92269,0.81574,0.01045,1.07361,0.89278,0.01984,0.02152,0.00132,0.00851,0.55
20,61,hybrid,HYBRID_ALPHA0.7_BETA0.3,0.7,0.3,500,0.93172,0.81949,0.01005,1.07152,0.89186,0.01858,0.02231,0.00131,0.00838,0.525
20,61,hybrid,HYBRID_ALPHA0.8_BETA0.2,0.8,0.2,500,0.93666,0.82181,0.00998,1.06842,0.89046,0.01723,0.02314,0.0013,0.00817,0.525
20,61,hybrid,HYBRID_ALPHA0.9_BETA0.1,0.9,0.1,500,0.94513,0.8257,0.00947,1.06663,0.88924,0.01554,0.02455,0.00131,0.00774,0.525
20,61,mse,MSE,1.0,0.0,50,0.98767,0.83062,0.01828,1.29954,0.94476,0.04018,0.04111,0.0023,0.00878,0.55
20,61,mse,MSE,1.0,0.0,100,0.9084,0.80778,0.02955,1.36706,0.9424,0.06015,0.05289,0.00189,0.00895,0.575
20,61,mse,MSE,1.0,0.0,300,0.93543,0.82744,0.01868,1.06464,0.88427,0.01256,0.03231,0.00184,0.00811,0.575
20,61,mse,MSE,1.0,0.0,500,0.95348,0.82768,0.00893,1.06474,0.8882,0.0144,0.02534,0.00131,0.00725,0.575
