Experiment,Seed,Loss,Conf,Alpha,Beta,N,Y_do,MSE Y,MAE Y,"HSIC(Y,X)",MSE Z,MAE Z,"HSIC(Z,X)","HSIC(Z,Y)",dHSIC Total,MMD,RF Acc
1,42,hsic,HSIC,0.0,1.0,50,1.0,3.91931,1.07691,0.28548,1.29405,0.77271,0.6674,,0.02675,0.07402,0.75
1,42,hsic,HSIC,0.0,1.0,50,0.0,3.91931,1.07691,0.28548,1.53395,0.8896,0.40044,,0.01174,0.04658,0.65
1,42,hsic,HSIC,0.0,1.0,100,1.0,4.7906,1.07248,0.39843,1.13174,0.83433,0.33388,,0.00426,0.15958,0.825
1,42,hsic,HSIC,0.0,1.0,100,0.0,4.7906,1.07248,0.39843,1.39419,0.95609,0.10516,,0.0,0.10622,0.75
1,42,hsic,HSIC,0.0,1.0,300,1.0,2.67723,0.99411,0.13617,1.50682,0.86023,0.28598,,0.00579,0.19169,0.825
1,42,hsic,HSIC,0.0,1.0,300,0.0,2.67723,0.99411,0.13617,1.70241,0.98941,0.18995,,0.00036,0.14076,0.825
1,42,hsic,HSIC,0.0,1.0,500,1.0,2.43723,0.89612,0.16554,1.51673,1.10588,0.13644,,0.0,0.16011,0.825
1,42,hsic,HSIC,0.0,1.0,500,0.0,2.43723,0.89612,0.16554,1.57252,1.05968,0.0708,,0.00023,0.11762,0.775
1,42,hybrid,HYBRID_ALPHA0.1_BETA0.9,0.1,0.9,50,1.0,3.01735,0.84379,0.30921,0.68812,0.69135,0.35209,,0.02657,0.10539,0.775
1,42,hybrid,HYBRID_ALPHA0.2_BETA0.8,0.2,0.8,50,1.0,3.61441,0.91073,0.3353,0.32427,0.44695,0.20307,,0.01512,0.06126,0.8
1,42,hybrid,HYBRID_ALPHA0.3_BETA0.7,0.3,0.7,50,1.0,3.58031,0.92247,0.35996,0.25395,0.39434,0.15153,,0.01199,0.05598,0.8
1,42,hybrid,HYBRID_ALPHA0.4_BETA0.6,0.4,0.6,50,1.0,3.58056,0.91062,0.35238,0.26667,0.40822,0.15919,,0.01296,0.05895,0.775
1,42,hybrid,HYBRID_ALPHA0.5_BETA0.5,0.5,0.5,50,1.0,3.4275,0.90417,0.36366,0.26129,0.40838,0.15421,,0.01229,0.05699,0.75
1,42,hybrid,HYBRID_ALPHA0.6_BETA0.4,0.6,0.4,50,1.0,2.96723,0.84731,0.36674,0.25672,0.39953,0.17601,,0.01207,0.05123,0.625
1,42,hybrid,HYBRID_ALPHA0.7_BETA0.3,0.7,0.3,50,1.0,2.96333,0.84913,0.36272,0.26841,0.40384,0.19217,,0.01266,0.04972,0.65
1,42,hybrid,HYBRID_ALPHA0.8_BETA0.2,0.8,0.2,50,1.0,3.0072,0.86259,0.3854,0.29363,0.41632,0.1565,,0.009,0.05066,0.625
1,42,hybrid,HYBRID_ALPHA0.9_BETA0.1,0.9,0.1,50,1.0,2.96907,0.85651,0.38173,0.29016,0.41287,0.1598,,0.00919,0.05105,0.65
1,42,hybrid,HYBRID_ALPHA0.1_BETA0.9,0.1,0.9,50,0.0,3.01735,0.84379,0.30921,1.02123,0.78294,0.14781,,0.00934,0.05104,0.775
1,42,hybrid,HYBRID_ALPHA0.2_BETA0.8,0.2,0.8,50,0.0,3.61441,0.91073,0.3353,0.67064,0.64325,0.07141,,0.00588,0.04862,0.675
1,42,hybrid,HYBRID_ALPHA0.3_BETA0.7,0.3,0.7,50,0.0,3.58031,0.92247,0.35996,0.69885,0.65396,0.11513,,0.00734,0.05093,0.675
1,42,hybrid,HYBRID_ALPHA0.4_BETA0.6,0.4,0.6,50,0.0,3.58056,0.91062,0.35238,0.75802,0.68193,0.15979,,0.01007,0.05215,0.65
1,42,hybrid,HYBRID_ALPHA0.5_BETA0.5,0.5,0.5,50,0.0,3.4275,0.90417,0.36366,0.79139,0.69601,0.17507,,0.00974,0.05331,0.625
1,42,hybrid,HYBRID_ALPHA0.6_BETA0.4,0.6,0.4,50,0.0,2.96723,0.84731,0.36674,0.88287,0.74252,0.18292,,0.00868,0.05884,0.725
1,42,hybrid,HYBRID_ALPHA0.7_BETA0.3,0.7,0.3,50,0.0,2.96333,0.84913,0.36272,1.27119,0.85325,0.23339,,0.01278,0.06039,0.725
1,42,hybrid,HYBRID_ALPHA0.8_BETA0.2,0.8,0.2,50,0.0,3.0072,0.86259,0.3854,0.83975,0.71926,0.18282,,0.00954,0.05851,0.7
1,42,hybrid,HYBRID_ALPHA0.9_BETA0.1,0.9,0.1,50,0.0,2.96907,0.85651,0.38173,0.82331,0.70994,0.16135,,0.00738,0.06007,0.7
1,42,hybrid,HYBRID_ALPHA0.1_BETA0.9,0.1,0.9,100,1.0,4.37331,1.05174,0.39814,0.2793,0.38306,0.06287,,0.00143,0.05505,0.725
1,42,hybrid,HYBRID_ALPHA0.2_BETA0.8,0.2,0.8,100,1.0,3.70498,1.01082,0.40039,0.26843,0.37589,0.06332,,0.00214,0.0547,0.7
1,42,hybrid,HYBRID_ALPHA0.3_BETA0.7,0.3,0.7,100,1.0,1.30251,0.71723,0.33664,0.28563,0.40623,0.07067,,0.00258,0.05449,0.675
1,42,hybrid,HYBRID_ALPHA0.4_BETA0.6,0.4,0.6,100,1.0,1.33582,0.70891,0.32604,0.32551,0.40281,0.07082,,0.00066,0.05054,0.7
1,42,hybrid,HYBRID_ALPHA0.5_BETA0.5,0.5,0.5,100,1.0,1.31858,0.69532,0.3159,0.28712,0.37771,0.05363,,0.00112,0.04769,0.675
1,42,hybrid,HYBRID_ALPHA0.6_BETA0.4,0.6,0.4,100,1.0,1.29111,0.69644,0.32125,0.26378,0.36543,0.04587,,0.00161,0.046,0.675
1,42,hybrid,HYBRID_ALPHA0.7_BETA0.3,0.7,0.3,100,1.0,1.26914,0.69851,0.32651,0.25849,0.36534,0.04326,,0.00189,0.04584,0.675
1,42,hybrid,HYBRID_ALPHA0.8_BETA0.2,0.8,0.2,100,1.0,1.24845,0.70057,0.33121,0.25277,0.36472,0.05067,,0.00288,0.04633,0.675
1,42,hybrid,HYBRID_ALPHA0.9_BETA0.1,0.9,0.1,100,1.0,1.22866,0.70399,0.33687,0.25644,0.37257,0.07483,,0.00477,0.04785,0.625
1,42,hybrid,HYBRID_ALPHA0.1_BETA0.9,0.1,0.9,100,0.0,4.37331,1.05174,0.39814,0.60882,0.61872,0.06056,,0.00358,0.03498,0.525
1,42,hybrid,HYBRID_ALPHA0.2_BETA0.8,0.2,0.8,100,0.0,3.70498,1.01082,0.40039,0.6082,0.61613,0.06222,,0.0037,0.03459,0.525
1,42,hybrid,HYBRID_ALPHA0.3_BETA0.7,0.3,0.7,100,0.0,1.30251,0.71723,0.33664,0.60096,0.61952,0.04577,,0.00303,0.03217,0.55
1,42,hybrid,HYBRID_ALPHA0.4_BETA0.6,0.4,0.6,100,0.0,1.33582,0.70891,0.32604,0.63149,0.60504,0.02777,,0.00229,0.03065,0.575
1,42,hybrid,HYBRID_ALPHA0.5_BETA0.5,0.5,0.5,100,0.0,1.31858,0.69532,0.3159,0.61969,0.61878,0.03956,,0.00299,0.03305,0.525
1,42,hybrid,HYBRID_ALPHA0.6_BETA0.4,0.6,0.4,100,0.0,1.29111,0.69644,0.32125,0.62386,0.63285,0.0522,,0.0037,0.03498,0.575
1,42,hybrid,HYBRID_ALPHA0.7_BETA0.3,0.7,0.3,100,0.0,1.26914,0.69851,0.32651,0.62761,0.63773,0.053,,0.00373,0.03516,0.55
1,42,hybrid,HYBRID_ALPHA0.8_BETA0.2,0.8,0.2,100,0.0,1.24845,0.70057,0.33121,0.63351,0.6421,0.06047,,0.00412,0.03592,0.55
1,42,hybrid,HYBRID_ALPHA0.9_BETA0.1,0.9,0.1,100,0.0,1.22866,0.70399,0.33687,0.64034,0.64506,0.0669,,0.00446,0.03629,0.525
1,42,hybrid,HYBRID_ALPHA0.1_BETA0.9,0.1,0.9,300,1.0,1.9441,0.67713,0.23715,0.34056,0.4035,0.0914,,0.0001,0.05817,0.75
1,42,hybrid,HYBRID_ALPHA0.2_BETA0.8,0.2,0.8,300,1.0,1.84959,0.66022,0.23414,0.28964,0.38743,0.05637,,0.00112,0.05502,0.75
1,42,hybrid,HYBRID_ALPHA0.3_BETA0.7,0.3,0.7,300,1.0,1.83405,0.64948,0.23185,0.27728,0.38261,0.03759,,0.00172,0.05278,0.725
1,42,hybrid,HYBRID_ALPHA0.4_BETA0.6,0.4,0.6,300,1.0,1.88209,0.64603,0.23032,0.26737,0.38687,0.03213,,0.00223,0.05193,0.725
1,42,hybrid,HYBRID_ALPHA0.5_BETA0.5,0.5,0.5,300,1.0,1.87769,0.646,0.23299,0.2561,0.38969,0.02189,,0.00213,0.05248,0.725
1,42,hybrid,HYBRID_ALPHA0.6_BETA0.4,0.6,0.4,300,1.0,1.85167,0.64353,0.23569,0.25257,0.39376,0.01577,,0.00194,0.05295,0.7
1,42,hybrid,HYBRID_ALPHA0.7_BETA0.3,0.7,0.3,300,1.0,1.82506,0.64325,0.24078,0.32038,0.43441,0.0145,,0.00126,0.05676,0.725
1,42,hybrid,HYBRID_ALPHA0.8_BETA0.2,0.8,0.2,300,1.0,1.78177,0.64098,0.24741,0.34459,0.43604,0.0213,,0.00172,0.05436,0.75
1,42,hybrid,HYBRID_ALPHA0.9_BETA0.1,0.9,0.1,300,1.0,1.88155,0.63761,0.24224,0.37478,0.43934,0.03665,,0.00266,0.05291,0.725
1,42,hybrid,HYBRID_ALPHA0.1_BETA0.9,0.1,0.9,300,0.0,1.9441,0.67713,0.23715,0.65542,0.58787,0.0174,,0.00126,0.02767,0.675
1,42,hybrid,HYBRID_ALPHA0.2_BETA0.8,0.2,0.8,300,0.0,1.84959,0.66022,0.23414,0.60364,0.59065,0.01251,,0.00159,0.02827,0.65
1,42,hybrid,HYBRID_ALPHA0.3_BETA0.7,0.3,0.7,300,0.0,1.83405,0.64948,0.23185,0.59855,0.60004,0.01303,,0.00169,0.02892,0.625
1,42,hybrid,HYBRID_ALPHA0.4_BETA0.6,0.4,0.6,300,0.0,1.88209,0.64603,0.23032,0.5904,0.6091,0.01741,,0.00187,0.02931,0.675
1,42,hybrid,HYBRID_ALPHA0.5_BETA0.5,0.5,0.5,300,0.0,1.87769,0.646,0.23299,0.58612,0.61051,0.01989,,0.0019,0.02942,0.675
1,42,hybrid,HYBRID_ALPHA0.6_BETA0.4,0.6,0.4,300,0.0,1.85167,0.64353,0.23569,0.58636,0.61235,0.02236,,0.00192,0.02954,0.675
1,42,hybrid,HYBRID_ALPHA0.7_BETA0.3,0.7,0.3,300,0.0,1.82506,0.64325,0.24078,0.63709,0.62156,0.01155,,0.0015,0.02882,0.675
1,42,hybrid,HYBRID_ALPHA0.8_BETA0.2,0.8,0.2,300,0.0,1.78177,0.64098,0.24741,0.6817,0.64131,0.01562,,0.00184,0.0307,0.725
1,42,hybrid,HYBRID_ALPHA0.9_BETA0.1,0.9,0.1,300,0.0,1.88155,0.63761,0.24224,0.73405,0.6598,0.02229,,0.00232,0.03316,0.65
1,42,hybrid,HYBRID_ALPHA0.1_BETA0.9,0.1,0.9,500,1.0,1.11777,0.61189,0.07283,0.23192,0.35233,0.04298,,0.00113,0.04376,0.625
1,42,hybrid,HYBRID_ALPHA0.2_BETA0.8,0.2,0.8,500,1.0,0.98182,0.53503,0.12463,0.36672,0.4209,0.07354,,0.0,0.04704,0.725
1,42,hybrid,HYBRID_ALPHA0.3_BETA0.7,0.3,0.7,500,1.0,1.04942,0.54169,0.12674,0.32233,0.41029,0.05695,,0.0,0.04631,0.675
1,42,hybrid,HYBRID_ALPHA0.4_BETA0.6,0.4,0.6,500,1.0,1.06596,0.54919,0.13405,0.31064,0.40507,0.04998,,0.0,0.04561,0.65
1,42,hybrid,HYBRID_ALPHA0.5_BETA0.5,0.5,0.5,500,1.0,1.02916,0.54601,0.13736,0.28655,0.39526,0.03757,,0.00037,0.04517,0.675
1,42,hybrid,HYBRID_ALPHA0.6_BETA0.4,0.6,0.4,500,1.0,0.92672,0.5307,0.1344,0.26968,0.3894,0.02787,,0.00076,0.0447,0.625
1,42,hybrid,HYBRID_ALPHA0.7_BETA0.3,0.7,0.3,500,1.0,0.81096,0.51979,0.13453,0.2586,0.38742,0.02189,,0.00102,0.04453,0.625
1,42,hybrid,HYBRID_ALPHA0.8_BETA0.2,0.8,0.2,500,1.0,0.78966,0.51847,0.13665,0.25369,0.38915,0.0204,,0.00127,0.04474,0.725
1,42,hybrid,HYBRID_ALPHA0.9_BETA0.1,0.9,0.1,500,1.0,0.77539,0.51927,0.13985,0.27593,0.39501,0.02582,,0.00146,0.04612,0.725
1,42,hybrid,HYBRID_ALPHA0.1_BETA0.9,0.1,0.9,500,0.0,1.11777,0.61189,0.07283,0.57212,0.59787,0.03702,,0.00277,0.03093,0.625
1,42,hybrid,HYBRID_ALPHA0.2_BETA0.8,0.2,0.8,500,0.0,0.98182,0.53503,0.12463,0.6734,0.60009,0.02043,,0.00128,0.02712,0.575
1,42,hybrid,HYBRID_ALPHA0.3_BETA0.7,0.3,0.7,500,0.0,1.04942,0.54169,0.12674,0.63562,0.59873,0.01648,,0.00145,0.02731,0.575
1,42,hybrid,HYBRID_ALPHA0.4_BETA0.6,0.4,0.6,500,0.0,1.06596,0.54919,0.13405,0.62789,0.59969,0.01551,,0.00151,0.02736,0.625
1,42,hybrid,HYBRID_ALPHA0.5_BETA0.5,0.5,0.5,500,0.0,1.02916,0.54601,0.13736,0.61085,0.60014,0.0138,,0.0016,0.0275,0.625
1,42,hybrid,HYBRID_ALPHA0.6_BETA0.4,0.6,0.4,500,0.0,0.92672,0.5307,0.1344,0.59957,0.60186,0.01325,,0.00164,0.02765,0.675
1,42,hybrid,HYBRID_ALPHA0.7_BETA0.3,0.7,0.3,500,0.0,0.81096,0.51979,0.13453,0.5933,0.60302,0.01343,,0.00161,0.02777,0.65
1,42,hybrid,HYBRID_ALPHA0.8_BETA0.2,0.8,0.2,500,0.0,0.78966,0.51847,0.13665,0.59275,0.6049,0.01474,,0.00156,0.02795,0.65
1,42,hybrid,HYBRID_ALPHA0.9_BETA0.1,0.9,0.1,500,0.0,0.77539,0.51927,0.13985,0.62278,0.61037,0.01345,,0.00134,0.02854,0.675
1,42,mse,MSE,1.0,0.0,50,1.0,3.00516,0.86837,0.38972,3.14505,0.62312,0.20811,,0.00894,0.05342,0.65
1,42,mse,MSE,1.0,0.0,50,0.0,3.00516,0.86837,0.38972,14.98494,1.57659,0.27572,,0.00398,0.06053,0.75
1,42,mse,MSE,1.0,0.0,100,1.0,1.20132,0.70398,0.33969,0.26811,0.39244,0.13848,,0.00911,0.05099,0.7
1,42,mse,MSE,1.0,0.0,100,0.0,1.20132,0.70398,0.33969,0.66117,0.65356,0.09307,,0.00594,0.03816,0.625
1,42,mse,MSE,1.0,0.0,300,1.0,1.47478,0.62935,0.25787,0.38448,0.42891,0.03562,,0.00231,0.05179,0.725
1,42,mse,MSE,1.0,0.0,300,0.0,1.47478,0.62935,0.25787,0.76834,0.67114,0.02103,,0.00217,0.03582,0.6
1,42,mse,MSE,1.0,0.0,500,1.0,0.77233,0.52272,0.1454,0.28845,0.4351,0.32389,,0.02323,0.06125,0.7
1,42,mse,MSE,1.0,0.0,500,0.0,0.77233,0.52272,0.1454,0.78981,0.69757,0.24374,,0.0134,0.04283,0.625
2,43,hsic,HSIC,0.0,1.0,50,1.0,4.64681,1.38035,0.3226,0.71391,0.59129,0.16978,,0.01036,0.16276,0.825
2,43,hsic,HSIC,0.0,1.0,50,0.0,4.64681,1.38035,0.3226,1.07838,0.76428,0.09836,,0.00135,0.1248,0.825
2,43,hsic,HSIC,0.0,1.0,100,1.0,3.85484,1.31847,0.37237,5.0311,2.16858,0.09982,,0.00646,0.22238,0.875
2,43,hsic,HSIC,0.0,1.0,100,0.0,3.85484,1.31847,0.37237,3.26144,1.63779,0.04021,,0.00179,0.19603,0.825
2,43,hsic,HSIC,0.0,1.0,300,1.0,4.5144,1.37319,0.08134,0.59713,0.59721,0.11036,,0.00694,0.27131,0.875
2,43,hsic,HSIC,0.0,1.0,300,0.0,4.5144,1.37319,0.08134,0.87031,0.74898,0.05948,,0.0042,0.24289,0.85
2,43,hsic,HSIC,0.0,1.0,500,1.0,2.22687,0.84011,0.06105,2.02199,1.13017,0.20665,,0.00597,0.2393,0.85
2,43,hsic,HSIC,0.0,1.0,500,0.0,2.22687,0.84011,0.06105,2.36243,1.24576,0.20708,,0.00266,0.20516,0.825
2,43,hybrid,HYBRID_ALPHA0.1_BETA0.9,0.1,0.9,50,1.0,1.81504,0.73718,0.19758,0.23745,0.3993,0.08601,,0.00593,0.04729,0.775
2,43,hybrid,HYBRID_ALPHA0.2_BETA0.8,0.2,0.8,50,1.0,1.70892,0.67482,0.23281,0.21355,0.37178,0.08399,,0.00564,0.04304,0.7
2,43,hybrid,HYBRID_ALPHA0.3_BETA0.7,0.3,0.7,50,1.0,1.43685,0.64614,0.17543,0.21251,0.36648,0.08245,,0.00528,0.03896,0.675
2,43,hybrid,HYBRID_ALPHA0.4_BETA0.6,0.4,0.6,50,1.0,2.00156,0.72774,0.19458,0.21289,0.36656,0.08888,,0.00569,0.03711,0.725
2,43,hybrid,HYBRID_ALPHA0.5_BETA0.5,0.5,0.5,50,1.0,2.24404,0.80138,0.20432,0.20729,0.36349,0.0868,,0.00566,0.03581,0.675
2,43,hybrid,HYBRID_ALPHA0.6_BETA0.4,0.6,0.4,50,1.0,1.79542,0.68619,0.18222,0.20194,0.35472,0.08007,,0.00524,0.03323,0.7
2,43,hybrid,HYBRID_ALPHA0.7_BETA0.3,0.7,0.3,50,1.0,1.85589,0.69049,0.18829,0.19581,0.34766,0.07254,,0.00472,0.03145,0.7
2,43,hybrid,HYBRID_ALPHA0.8_BETA0.2,0.8,0.2,50,1.0,1.82781,0.69301,0.19503,0.19255,0.34051,0.06535,,0.00408,0.02946,0.675
2,43,hybrid,HYBRID_ALPHA0.9_BETA0.1,0.9,0.1,50,1.0,1.89117,0.70141,0.20594,0.18948,0.33755,0.06244,,0.00367,0.02834,0.65
2,43,hybrid,HYBRID_ALPHA0.1_BETA0.9,0.1,0.9,50,0.0,1.81504,0.73718,0.19758,0.68789,0.64459,0.15488,,0.00758,0.03981,0.7
2,43,hybrid,HYBRID_ALPHA0.2_BETA0.8,0.2,0.8,50,0.0,1.70892,0.67482,0.23281,0.66669,0.63138,0.14092,,0.00734,0.0397,0.65
2,43,hybrid,HYBRID_ALPHA0.3_BETA0.7,0.3,0.7,50,0.0,1.43685,0.64614,0.17543,0.6532,0.62811,0.12724,,0.00698,0.04027,0.65
2,43,hybrid,HYBRID_ALPHA0.4_BETA0.6,0.4,0.6,50,0.0,2.00156,0.72774,0.19458,0.65643,0.63253,0.12836,,0.00743,0.04138,0.7
2,43,hybrid,HYBRID_ALPHA0.5_BETA0.5,0.5,0.5,50,0.0,2.24404,0.80138,0.20432,0.65233,0.63175,0.12552,,0.00765,0.04151,0.625
2,43,hybrid,HYBRID_ALPHA0.6_BETA0.4,0.6,0.4,50,0.0,1.79542,0.68619,0.18222,0.64357,0.62956,0.11892,,0.00768,0.04118,0.75
2,43,hybrid,HYBRID_ALPHA0.7_BETA0.3,0.7,0.3,50,0.0,1.85589,0.69049,0.18829,0.63655,0.62544,0.11302,,0.00739,0.04069,0.675
2,43,hybrid,HYBRID_ALPHA0.8_BETA0.2,0.8,0.2,50,0.0,1.82781,0.69301,0.19503,0.62712,0.62088,0.10358,,0.00682,0.03991,0.7
2,43,hybrid,HYBRID_ALPHA0.9_BETA0.1,0.9,0.1,50,0.0,1.89117,0.70141,0.20594,0.6171,0.61694,0.09228,,0.00607,0.0389,0.7
2,43,hybrid,HYBRID_ALPHA0.1_BETA0.9,0.1,0.9,100,1.0,6.41674,0.94822,0.35707,0.27644,0.42771,0.277,,0.01901,0.06632,0.65
2,43,hybrid,HYBRID_ALPHA0.2_BETA0.8,0.2,0.8,100,1.0,3.66506,0.8371,0.34659,0.26286,0.41994,0.24238,,0.01695,0.06586,0.675
2,43,hybrid,HYBRID_ALPHA0.3_BETA0.7,0.3,0.7,100,1.0,2.432,0.68309,0.10682,0.26132,0.41577,0.25069,,0.01757,0.06789,0.675
2,43,hybrid,HYBRID_ALPHA0.4_BETA0.6,0.4,0.6,100,1.0,0.62866,0.6025,0.06124,0.26928,0.42128,0.27669,,0.01951,0.06897,0.675
2,43,hybrid,HYBRID_ALPHA0.5_BETA0.5,0.5,0.5,100,1.0,0.52756,0.57176,0.08284,0.29028,0.43955,0.30779,,0.02184,0.07131,0.65
2,43,hybrid,HYBRID_ALPHA0.6_BETA0.4,0.6,0.4,100,1.0,0.80062,0.59004,0.08188,0.28907,0.43925,0.30072,,0.02176,0.06874,0.625
2,43,hybrid,HYBRID_ALPHA0.7_BETA0.3,0.7,0.3,100,1.0,1.20372,0.61689,0.08286,0.28826,0.4398,0.29258,,0.02143,0.06915,0.675
2,43,hybrid,HYBRID_ALPHA0.8_BETA0.2,0.8,0.2,100,1.0,2.29113,0.66593,0.08522,0.28942,0.44185,0.28873,,0.02113,0.0692,0.725
2,43,hybrid,HYBRID_ALPHA0.9_BETA0.1,0.9,0.1,100,1.0,1.79515,0.63199,0.14353,0.30032,0.45128,0.3009,,0.02181,0.0683,0.75
2,43,hybrid,HYBRID_ALPHA0.1_BETA0.9,0.1,0.9,100,0.0,6.41674,0.94822,0.35707,0.8129,0.72253,0.19783,,0.00996,0.0465,0.725
2,43,hybrid,HYBRID_ALPHA0.2_BETA0.8,0.2,0.8,100,0.0,3.66506,0.8371,0.34659,0.78924,0.71394,0.18245,,0.00965,0.04634,0.75
2,43,hybrid,HYBRID_ALPHA0.3_BETA0.7,0.3,0.7,100,0.0,2.432,0.68309,0.10682,0.79155,0.71008,0.20416,,0.01089,0.04679,0.75
2,43,hybrid,HYBRID_ALPHA0.4_BETA0.6,0.4,0.6,100,0.0,0.62866,0.6025,0.06124,0.81415,0.71723,0.22785,,0.01204,0.04816,0.75
2,43,hybrid,HYBRID_ALPHA0.5_BETA0.5,0.5,0.5,100,0.0,0.52756,0.57176,0.08284,0.84507,0.72949,0.24933,,0.01308,0.04895,0.75
2,43,hybrid,HYBRID_ALPHA0.6_BETA0.4,0.6,0.4,100,0.0,0.80062,0.59004,0.08188,0.84292,0.7309,0.24423,,0.01314,0.04912,0.75
2,43,hybrid,HYBRID_ALPHA0.7_BETA0.3,0.7,0.3,100,0.0,1.20372,0.61689,0.08286,0.82636,0.7243,0.23844,,0.01301,0.0485,0.775
2,43,hybrid,HYBRID_ALPHA0.8_BETA0.2,0.8,0.2,100,0.0,2.29113,0.66593,0.08522,0.81236,0.71862,0.23218,,0.01305,0.04838,0.8
2,43,hybrid,HYBRID_ALPHA0.9_BETA0.1,0.9,0.1,100,0.0,1.79515,0.63199,0.14353,0.82798,0.72702,0.23164,,0.01321,0.04943,0.775
2,43,hybrid,HYBRID_ALPHA0.1_BETA0.9,0.1,0.9,300,1.0,1.03769,0.69113,0.02072,0.25066,0.36023,0.03096,,0.00134,0.05506,0.675
2,43,hybrid,HYBRID_ALPHA0.2_BETA0.8,0.2,0.8,300,1.0,1.5393,0.71385,0.25256,0.80704,0.49097,0.03553,,0.00496,0.06436,0.725
2,43,hybrid,HYBRID_ALPHA0.3_BETA0.7,0.3,0.7,300,1.0,3.32196,0.90634,0.38916,0.66353,0.48711,0.03767,,0.00474,0.0639,0.675
2,43,hybrid,HYBRID_ALPHA0.4_BETA0.6,0.4,0.6,300,1.0,3.31604,0.91242,0.39248,0.32316,0.39809,0.05673,,0.00044,0.05211,0.725
2,43,hybrid,HYBRID_ALPHA0.5_BETA0.5,0.5,0.5,300,1.0,3.28749,0.91401,0.39379,0.31376,0.39232,0.05312,,0.00082,0.05069,0.675
2,43,hybrid,HYBRID_ALPHA0.6_BETA0.4,0.6,0.4,300,1.0,1.75041,0.82869,0.39721,0.29611,0.37987,0.04567,,0.00138,0.05002,0.65
2,43,hybrid,HYBRID_ALPHA0.7_BETA0.3,0.7,0.3,300,1.0,0.49252,0.53801,0.21133,0.29468,0.37457,0.03835,,0.00218,0.04985,0.675
2,43,hybrid,HYBRID_ALPHA0.8_BETA0.2,0.8,0.2,300,1.0,0.44984,0.51164,0.18224,0.28061,0.37013,0.0327,,0.00334,0.04978,0.65
2,43,hybrid,HYBRID_ALPHA0.9_BETA0.1,0.9,0.1,300,1.0,0.45666,0.52382,0.20091,0.30712,0.38229,0.04592,,0.00485,0.0505,0.65
2,43,hybrid,HYBRID_ALPHA0.1_BETA0.9,0.1,0.9,300,0.0,1.03769,0.69113,0.02072,0.6069,0.59821,0.05127,,0.0035,0.03414,0.75
2,43,hybrid,HYBRID_ALPHA0.2_BETA0.8,0.2,0.8,300,0.0,1.5393,0.71385,0.25256,1.21216,0.73852,0.02093,,0.00287,0.03844,0.7
2,43,hybrid,HYBRID_ALPHA0.3_BETA0.7,0.3,0.7,300,0.0,3.32196,0.90634,0.38916,1.04311,0.71432,0.02099,,0.00258,0.03719,0.725
2,43,hybrid,HYBRID_ALPHA0.4_BETA0.6,0.4,0.6,300,0.0,3.31604,0.91242,0.39248,0.68796,0.6216,0.02633,,0.00151,0.03031,0.725
2,43,hybrid,HYBRID_ALPHA0.5_BETA0.5,0.5,0.5,300,0.0,3.28749,0.91401,0.39379,0.67956,0.62418,0.02464,,0.00169,0.03078,0.7
2,43,hybrid,HYBRID_ALPHA0.6_BETA0.4,0.6,0.4,300,0.0,1.75041,0.82869,0.39721,0.66172,0.6223,0.02096,,0.0019,0.03132,0.625
2,43,hybrid,HYBRID_ALPHA0.7_BETA0.3,0.7,0.3,300,0.0,0.49252,0.53801,0.21133,0.66804,0.62805,0.01993,,0.00215,0.03212,0.65
2,43,hybrid,HYBRID_ALPHA0.8_BETA0.2,0.8,0.2,300,0.0,0.44984,0.51164,0.18224,0.66089,0.63951,0.01883,,0.00251,0.03313,0.725
2,43,hybrid,HYBRID_ALPHA0.9_BETA0.1,0.9,0.1,300,0.0,0.45666,0.52382,0.20091,0.70716,0.65721,0.0248,,0.00307,0.03517,0.675
2,43,hybrid,HYBRID_ALPHA0.1_BETA0.9,0.1,0.9,500,1.0,0.69521,0.58757,0.04215,0.24979,0.35528,0.05609,,0.0011,0.04579,0.625
2,43,hybrid,HYBRID_ALPHA0.2_BETA0.8,0.2,0.8,500,1.0,0.54606,0.53931,0.0578,0.45226,0.42432,0.10286,,0.0,0.04502,0.65
2,43,hybrid,HYBRID_ALPHA0.3_BETA0.7,0.3,0.7,500,1.0,0.93864,0.51947,0.09881,0.36468,0.4034,0.07687,,0.0,0.04404,0.65
2,43,hybrid,HYBRID_ALPHA0.4_BETA0.6,0.4,0.6,500,1.0,0.94523,0.51944,0.10651,0.31723,0.38885,0.05683,,0.0,0.04359,0.675
2,43,hybrid,HYBRID_ALPHA0.5_BETA0.5,0.5,0.5,500,1.0,0.93843,0.51837,0.11201,0.28602,0.37712,0.04216,,0.0,0.04328,0.7
2,43,hybrid,HYBRID_ALPHA0.6_BETA0.4,0.6,0.4,500,1.0,1.28391,0.63708,0.26844,0.62502,0.46604,0.08751,,0.0,0.04606,0.675
2,43,hybrid,HYBRID_ALPHA0.7_BETA0.3,0.7,0.3,500,1.0,1.74042,0.82379,0.39544,0.66353,0.46684,0.08139,,0.0,0.04627,0.725
2,43,hybrid,HYBRID_ALPHA0.8_BETA0.2,0.8,0.2,500,1.0,1.73519,0.82609,0.39642,0.35539,0.40637,0.04982,,0.0,0.04509,0.675
2,43,hybrid,HYBRID_ALPHA0.9_BETA0.1,0.9,0.1,500,1.0,1.72127,0.8246,0.39653,0.45064,0.42633,0.05679,,0.0,0.04603,0.65
2,43,hybrid,HYBRID_ALPHA0.1_BETA0.9,0.1,0.9,500,0.0,0.69521,0.58757,0.04215,0.58542,0.59524,0.04445,,0.00308,0.03097,0.6
2,43,hybrid,HYBRID_ALPHA0.2_BETA0.8,0.2,0.8,500,0.0,0.54606,0.53931,0.0578,0.73165,0.61107,0.03034,,0.00128,0.0278,0.55
2,43,hybrid,HYBRID_ALPHA0.3_BETA0.7,0.3,0.7,500,0.0,0.93864,0.51947,0.09881,0.66539,0.59652,0.02294,,0.0016,0.02806,0.55
2,43,hybrid,HYBRID_ALPHA0.4_BETA0.6,0.4,0.6,500,0.0,0.94523,0.51944,0.10651,0.63345,0.5933,0.01907,,0.00179,0.02832,0.625
2,43,hybrid,HYBRID_ALPHA0.5_BETA0.5,0.5,0.5,500,0.0,0.93843,0.51837,0.11201,0.61396,0.5939,0.01697,,0.00191,0.02858,0.65
2,43,hybrid,HYBRID_ALPHA0.6_BETA0.4,0.6,0.4,500,0.0,1.28391,0.63708,0.26844,1.02301,0.691,0.04623,,0.0,0.02973,0.625
2,43,hybrid,HYBRID_ALPHA0.7_BETA0.3,0.7,0.3,500,0.0,1.74042,0.82379,0.39544,1.04528,0.68747,0.04264,,0.0,0.03025,0.65
2,43,hybrid,HYBRID_ALPHA0.8_BETA0.2,0.8,0.2,500,0.0,1.73519,0.82609,0.39642,0.74036,0.63341,0.02581,,0.00102,0.02956,0.675
2,43,hybrid,HYBRID_ALPHA0.9_BETA0.1,0.9,0.1,500,0.0,1.72127,0.8246,0.39653,0.84185,0.65177,0.0297,,0.00056,0.03071,0.65
2,43,mse,MSE,1.0,0.0,50,1.0,2.14282,0.72333,0.20787,0.18316,0.33284,0.04706,,0.00214,0.02629,0.65
2,43,mse,MSE,1.0,0.0,50,0.0,2.14282,0.72333,0.20787,0.58572,0.60291,0.05804,,0.0038,0.03524,0.7
2,43,mse,MSE,1.0,0.0,100,1.0,1.70824,0.63467,0.15668,0.32535,0.46885,0.33847,,0.02433,0.071,0.725
2,43,mse,MSE,1.0,0.0,100,0.0,1.70824,0.63467,0.15668,0.84053,0.7307,0.2455,,0.01368,0.04859,0.7
2,43,mse,MSE,1.0,0.0,300,1.0,0.40969,0.4849,0.13758,0.29342,0.43202,0.31693,,0.02182,0.06974,0.775
2,43,mse,MSE,1.0,0.0,300,0.0,0.40969,0.4849,0.13758,0.77721,0.68976,0.23397,,0.01327,0.04787,0.7
2,43,mse,MSE,1.0,0.0,500,1.0,1.71862,0.82463,0.39675,0.44633,0.42008,0.05601,,0.0,0.04652,0.675
2,43,mse,MSE,1.0,0.0,500,0.0,1.71862,0.82463,0.39675,0.8353,0.6481,0.02722,,0.00062,0.03215,0.675
3,44,hsic,HSIC,0.0,1.0,50,1.0,4.32422,1.20676,0.3248,1.13924,0.82351,0.4978,,0.01772,0.17344,0.875
3,44,hsic,HSIC,0.0,1.0,50,0.0,4.32422,1.20676,0.3248,1.05774,0.77491,0.215,,0.00413,0.13433,0.775
3,44,hsic,HSIC,0.0,1.0,100,1.0,4.11403,1.05569,0.39202,0.96373,0.77244,0.1882,,0.01806,0.31301,0.875
3,44,hsic,HSIC,0.0,1.0,100,0.0,4.11403,1.05569,0.39202,1.41314,0.92901,0.12583,,0.00176,0.28296,0.875
3,44,hsic,HSIC,0.0,1.0,300,1.0,4.68306,1.07614,0.39313,1.42577,1.09237,0.03126,,0.00079,0.34494,0.925
3,44,hsic,HSIC,0.0,1.0,300,0.0,4.68306,1.07614,0.39313,1.64398,1.12206,0.02312,,0.00227,0.32638,0.925
3,44,hsic,HSIC,0.0,1.0,500,1.0,4.08491,1.29449,0.18024,0.37308,0.51184,0.08858,,0.00241,0.30188,0.95
3,44,hsic,HSIC,0.0,1.0,500,0.0,4.08491,1.29449,0.18024,0.6325,0.6428,0.03316,,0.00162,0.27786,0.9
3,44,hybrid,HYBRID_ALPHA0.1_BETA0.9,0.1,0.9,50,1.0,3.51763,0.88829,0.33373,0.2952,0.44353,0.11645,,0.00725,0.04959,0.7
3,44,hybrid,HYBRID_ALPHA0.2_BETA0.8,0.2,0.8,50,1.0,2.13996,0.68639,0.24793,0.28169,0.42096,0.12499,,0.00701,0.05125,0.7
3,44,hybrid,HYBRID_ALPHA0.3_BETA0.7,0.3,0.7,50,1.0,2.86217,0.80979,0.32522,0.24254,0.38229,0.11681,,0.00713,0.04875,0.7
3,44,hybrid,HYBRID_ALPHA0.4_BETA0.6,0.4,0.6,50,1.0,2.89247,0.81965,0.33492,0.29161,0.39297,0.1433,,0.00354,0.03981,0.675
3,44,hybrid,HYBRID_ALPHA0.5_BETA0.5,0.5,0.5,50,1.0,2.85188,0.81849,0.33853,0.78066,0.65706,0.6006,,0.02744,0.10444,0.725
3,44,hybrid,HYBRID_ALPHA0.6_BETA0.4,0.6,0.4,50,1.0,4.03258,0.96443,0.39002,0.82464,0.666,0.61552,,0.0275,0.11021,0.75
3,44,hybrid,HYBRID_ALPHA0.7_BETA0.3,0.7,0.3,50,1.0,4.15831,0.97621,0.3919,0.25657,0.37225,0.08062,,0.0025,0.03468,0.625
3,44,hybrid,HYBRID_ALPHA0.8_BETA0.2,0.8,0.2,50,1.0,4.26302,0.989,0.39261,1.3306,0.78253,0.68181,,0.02786,0.15424,0.875
3,44,hybrid,HYBRID_ALPHA0.9_BETA0.1,0.9,0.1,50,1.0,4.24792,0.98715,0.39256,1.32923,0.78211,0.68176,,0.02786,0.15424,0.875
3,44,hybrid,HYBRID_ALPHA0.1_BETA0.9,0.1,0.9,50,0.0,3.51763,0.88829,0.33373,0.61078,0.62525,0.06591,,0.00518,0.02539,0.525
3,44,hybrid,HYBRID_ALPHA0.2_BETA0.8,0.2,0.8,50,0.0,2.13996,0.68639,0.24793,0.57721,0.59732,0.0482,,0.00453,0.02328,0.55
3,44,hybrid,HYBRID_ALPHA0.3_BETA0.7,0.3,0.7,50,0.0,2.86217,0.80979,0.32522,0.59028,0.59728,0.06412,,0.00511,0.02465,0.575
3,44,hybrid,HYBRID_ALPHA0.4_BETA0.6,0.4,0.6,50,0.0,2.89247,0.81965,0.33492,0.57065,0.58542,0.02139,,0.00234,0.02418,0.6
3,44,hybrid,HYBRID_ALPHA0.5_BETA0.5,0.5,0.5,50,0.0,2.85188,0.81849,0.33853,1.18049,0.81299,0.35906,,0.012,0.06336,0.65
3,44,hybrid,HYBRID_ALPHA0.6_BETA0.4,0.6,0.4,50,0.0,4.03258,0.96443,0.39002,1.19272,0.81689,0.36684,,0.01231,0.06803,0.625
3,44,hybrid,HYBRID_ALPHA0.7_BETA0.3,0.7,0.3,50,0.0,4.15831,0.97621,0.3919,0.58636,0.60086,0.02238,,0.00215,0.02338,0.65
3,44,hybrid,HYBRID_ALPHA0.8_BETA0.2,0.8,0.2,50,0.0,4.26302,0.989,0.39261,1.63082,0.90833,0.42065,,0.01234,0.11166,0.725
3,44,hybrid,HYBRID_ALPHA0.9_BETA0.1,0.9,0.1,50,0.0,4.24792,0.98715,0.39256,1.63064,0.90828,0.4207,,0.01235,0.11167,0.725
3,44,hybrid,HYBRID_ALPHA0.1_BETA0.9,0.1,0.9,100,1.0,3.98641,1.04853,0.39195,0.27076,0.3638,0.04748,,0.00189,0.07523,0.725
3,44,hybrid,HYBRID_ALPHA0.2_BETA0.8,0.2,0.8,100,1.0,3.08117,0.99377,0.39138,0.31718,0.37271,0.05188,,0.0,0.06974,0.65
3,44,hybrid,HYBRID_ALPHA0.3_BETA0.7,0.3,0.7,100,1.0,2.8016,0.60325,0.09197,0.26695,0.36157,0.03947,,0.00021,0.06845,0.675
3,44,hybrid,HYBRID_ALPHA0.4_BETA0.6,0.4,0.6,100,1.0,3.07423,0.6089,0.09962,0.26882,0.38542,0.03479,,0.00048,0.06765,0.725
3,44,hybrid,HYBRID_ALPHA0.5_BETA0.5,0.5,0.5,100,1.0,8.96879,1.056,0.38955,0.24994,0.37784,0.0308,,0.0007,0.06161,0.775
3,44,hybrid,HYBRID_ALPHA0.6_BETA0.4,0.6,0.4,100,1.0,8.63373,1.0533,0.39105,0.25143,0.38717,0.02587,,0.00094,0.06116,0.75
3,44,hybrid,HYBRID_ALPHA0.7_BETA0.3,0.7,0.3,100,1.0,9.74172,1.06894,0.39245,0.25204,0.39444,0.02165,,0.00128,0.06031,0.675
3,44,hybrid,HYBRID_ALPHA0.8_BETA0.2,0.8,0.2,100,1.0,10.72229,1.07893,0.39365,0.54789,0.5415,0.17534,,0.00153,0.06599,0.625
3,44,hybrid,HYBRID_ALPHA0.9_BETA0.1,0.9,0.1,100,1.0,9.8955,1.05897,0.39522,0.46527,0.49675,0.1253,,0.0015,0.06307,0.675
3,44,hybrid,HYBRID_ALPHA0.1_BETA0.9,0.1,0.9,100,0.0,3.98641,1.04853,0.39195,0.61334,0.60541,0.07412,,0.0049,0.06283,0.775
3,44,hybrid,HYBRID_ALPHA0.2_BETA0.8,0.2,0.8,100,0.0,3.08117,0.99377,0.39138,0.61483,0.58951,0.03509,,0.00288,0.05865,0.675
3,44,hybrid,HYBRID_ALPHA0.3_BETA0.7,0.3,0.7,100,0.0,2.8016,0.60325,0.09197,0.61334,0.62548,0.03775,,0.00304,0.05901,0.725
3,44,hybrid,HYBRID_ALPHA0.4_BETA0.6,0.4,0.6,100,0.0,3.07423,0.6089,0.09962,0.65675,0.66628,0.04045,,0.00318,0.05991,0.725
3,44,hybrid,HYBRID_ALPHA0.5_BETA0.5,0.5,0.5,100,0.0,8.96879,1.056,0.38955,0.66108,0.67385,0.03148,,0.00283,0.05803,0.8
3,44,hybrid,HYBRID_ALPHA0.6_BETA0.4,0.6,0.4,100,0.0,8.63373,1.0533,0.39105,0.68599,0.68856,0.03208,,0.00285,0.05857,0.775
3,44,hybrid,HYBRID_ALPHA0.7_BETA0.3,0.7,0.3,100,0.0,9.74172,1.06894,0.39245,0.70295,0.7003,0.03013,,0.0027,0.05872,0.75
3,44,hybrid,HYBRID_ALPHA0.8_BETA0.2,0.8,0.2,100,0.0,10.72229,1.07893,0.39365,1.11582,0.85492,0.10692,,0.00079,0.06891,0.625
3,44,hybrid,HYBRID_ALPHA0.9_BETA0.1,0.9,0.1,100,0.0,9.8955,1.05897,0.39522,1.01636,0.82521,0.07272,,0.00089,0.06782,0.675
3,44,hybrid,HYBRID_ALPHA0.1_BETA0.9,0.1,0.9,300,1.0,1.13603,0.70156,0.06043,0.71417,0.67112,0.04998,,0.00102,0.09323,0.8
3,44,hybrid,HYBRID_ALPHA0.2_BETA0.8,0.2,0.8,300,1.0,1.15988,0.63341,0.1326,0.57884,0.58121,0.03539,,0.0016,0.06502,0.8
3,44,hybrid,HYBRID_ALPHA0.3_BETA0.7,0.3,0.7,300,1.0,1.07012,0.59733,0.12389,0.3268,0.38628,0.03037,,0.00182,0.04846,0.775
3,44,hybrid,HYBRID_ALPHA0.4_BETA0.6,0.4,0.6,300,1.0,0.99218,0.57277,0.11886,0.26871,0.35197,0.02392,,0.00237,0.0475,0.75
3,44,hybrid,HYBRID_ALPHA0.5_BETA0.5,0.5,0.5,300,1.0,0.91504,0.55477,0.13967,0.2551,0.34683,0.02108,,0.00253,0.04799,0.725
3,44,hybrid,HYBRID_ALPHA0.6_BETA0.4,0.6,0.4,300,1.0,0.61778,0.54919,0.16991,0.24227,0.3397,0.01986,,0.00264,0.04781,0.775
3,44,hybrid,HYBRID_ALPHA0.7_BETA0.3,0.7,0.3,300,1.0,0.64178,0.54652,0.1681,0.22948,0.34363,0.02034,,0.00261,0.04624,0.7
3,44,hybrid,HYBRID_ALPHA0.8_BETA0.2,0.8,0.2,300,1.0,0.61583,0.53903,0.16754,0.22435,0.33979,0.0238,,0.00236,0.04627,0.675
3,44,hybrid,HYBRID_ALPHA0.9_BETA0.1,0.9,0.1,300,1.0,0.67629,0.55637,0.21234,0.28329,0.39688,0.23746,,0.01582,0.06355,0.7
3,44,hybrid,HYBRID_ALPHA0.1_BETA0.9,0.1,0.9,300,0.0,1.13603,0.70156,0.06043,0.88339,0.6941,0.03007,,0.00248,0.05471,0.725
3,44,hybrid,HYBRID_ALPHA0.2_BETA0.8,0.2,0.8,300,0.0,1.15988,0.63341,0.1326,0.77496,0.64745,0.03316,,0.00252,0.03724,0.725
3,44,hybrid,HYBRID_ALPHA0.3_BETA0.7,0.3,0.7,300,0.0,1.07012,0.59733,0.12389,0.6057,0.58937,0.02795,,0.00227,0.03385,0.75
3,44,hybrid,HYBRID_ALPHA0.4_BETA0.6,0.4,0.6,300,0.0,0.99218,0.57277,0.11886,0.58819,0.59817,0.03103,,0.00236,0.03403,0.725
3,44,hybrid,HYBRID_ALPHA0.5_BETA0.5,0.5,0.5,300,0.0,0.91504,0.55477,0.13967,0.58452,0.6002,0.03786,,0.00264,0.03469,0.75
3,44,hybrid,HYBRID_ALPHA0.6_BETA0.4,0.6,0.4,300,0.0,0.61778,0.54919,0.16991,0.58377,0.60386,0.03878,,0.00269,0.03489,0.75
3,44,hybrid,HYBRID_ALPHA0.7_BETA0.3,0.7,0.3,300,0.0,0.64178,0.54652,0.1681,0.60372,0.63145,0.02155,,0.00222,0.03417,0.675
3,44,hybrid,HYBRID_ALPHA0.8_BETA0.2,0.8,0.2,300,0.0,0.61583,0.53903,0.16754,0.59831,0.62564,0.02388,,0.00219,0.03447,0.675
3,44,hybrid,HYBRID_ALPHA0.9_BETA0.1,0.9,0.1,300,0.0,0.67629,0.55637,0.21234,0.73437,0.67636,0.20148,,0.01234,0.04834,0.725
3,44,hybrid,HYBRID_ALPHA0.1_BETA0.9,0.1,0.9,500,1.0,1.14887,0.62961,0.1103,0.19096,0.32764,0.02079,,0.00145,0.06647,0.725
3,44,hybrid,HYBRID_ALPHA0.2_BETA0.8,0.2,0.8,500,1.0,0.84676,0.54155,0.11313,0.28859,0.35666,0.04056,,0.00195,0.05014,0.7
3,44,hybrid,HYBRID_ALPHA0.3_BETA0.7,0.3,0.7,500,1.0,0.93818,0.54287,0.1325,0.24372,0.34103,0.02432,,0.00209,0.04612,0.675
3,44,hybrid,HYBRID_ALPHA0.4_BETA0.6,0.4,0.6,500,1.0,0.69215,0.50423,0.12682,0.25899,0.35912,0.02075,,0.00206,0.0454,0.725
3,44,hybrid,HYBRID_ALPHA0.5_BETA0.5,0.5,0.5,500,1.0,0.74579,0.5089,0.11966,0.24468,0.36382,0.01633,,0.00185,0.04551,0.7
3,44,hybrid,HYBRID_ALPHA0.6_BETA0.4,0.6,0.4,500,1.0,0.64069,0.49731,0.12228,0.22822,0.35615,0.0176,,0.00177,0.04495,0.625
3,44,hybrid,HYBRID_ALPHA0.7_BETA0.3,0.7,0.3,500,1.0,0.55039,0.48833,0.12892,0.22348,0.3605,0.02307,,0.00123,0.045,0.7
3,44,hybrid,HYBRID_ALPHA0.8_BETA0.2,0.8,0.2,500,1.0,0.63088,0.50202,0.13305,0.24752,0.37867,0.04241,,0.00034,0.04602,0.725
3,44,hybrid,HYBRID_ALPHA0.9_BETA0.1,0.9,0.1,500,1.0,0.62348,0.50346,0.14058,0.27362,0.41155,0.27914,,0.01954,0.06649,0.65
3,44,hybrid,HYBRID_ALPHA0.1_BETA0.9,0.1,0.9,500,0.0,1.14887,0.62961,0.1103,0.59109,0.59606,0.06669,,0.0037,0.03522,0.7
3,44,hybrid,HYBRID_ALPHA0.2_BETA0.8,0.2,0.8,500,0.0,0.84676,0.54155,0.11313,0.60901,0.58525,0.01083,,0.00164,0.02727,0.625
3,44,hybrid,HYBRID_ALPHA0.3_BETA0.7,0.3,0.7,500,0.0,0.93818,0.54287,0.1325,0.58872,0.60135,0.01193,,0.00177,0.02718,0.575
3,44,hybrid,HYBRID_ALPHA0.4_BETA0.6,0.4,0.6,500,0.0,0.69215,0.50423,0.12682,0.6137,0.62005,0.0128,,0.00185,0.02839,0.675
3,44,hybrid,HYBRID_ALPHA0.5_BETA0.5,0.5,0.5,500,0.0,0.74579,0.5089,0.11966,0.60678,0.62249,0.01354,,0.00186,0.02842,0.675
3,44,hybrid,HYBRID_ALPHA0.6_BETA0.4,0.6,0.4,500,0.0,0.64069,0.49731,0.12228,0.59471,0.61843,0.01543,,0.0018,0.02855,0.675
3,44,hybrid,HYBRID_ALPHA0.7_BETA0.3,0.7,0.3,500,0.0,0.55039,0.48833,0.12892,0.59351,0.62077,0.01817,,0.00162,0.02848,0.625
3,44,hybrid,HYBRID_ALPHA0.8_BETA0.2,0.8,0.2,500,0.0,0.63088,0.50202,0.13305,0.6104,0.6208,0.02277,,0.00099,0.0278,0.725
3,44,hybrid,HYBRID_ALPHA0.9_BETA0.1,0.9,0.1,500,0.0,0.62348,0.50346,0.14058,0.77029,0.68488,0.23131,,0.0132,0.04462,0.675
3,44,mse,MSE,1.0,0.0,50,1.0,4.24784,0.9871,0.39257,0.77696,0.64377,0.61481,,0.02749,0.11571,0.75
3,44,mse,MSE,1.0,0.0,50,0.0,4.24784,0.9871,0.39257,1.221,0.81962,0.37181,,0.01209,0.07291,0.675
3,44,mse,MSE,1.0,0.0,100,1.0,2.88264,0.62228,0.1454,0.43744,0.44649,0.04073,,0.00038,0.0616,0.65
3,44,mse,MSE,1.0,0.0,100,0.0,2.88264,0.62228,0.1454,0.96033,0.78821,0.02146,,0.00073,0.06905,0.65
3,44,mse,MSE,1.0,0.0,300,1.0,0.63923,0.54855,0.20767,0.35866,0.47217,0.3898,,0.02681,0.07327,0.8
3,44,mse,MSE,1.0,0.0,300,0.0,0.63923,0.54855,0.20767,0.80343,0.70329,0.25283,,0.01421,0.04934,0.725
3,44,mse,MSE,1.0,0.0,500,1.0,0.60074,0.50194,0.15078,0.32512,0.46234,0.3857,,0.02725,0.07587,0.8
3,44,mse,MSE,1.0,0.0,500,0.0,0.60074,0.50194,0.15078,0.83543,0.71353,0.2743,,0.01444,0.04579,0.7
4,45,hsic,HSIC,0.0,1.0,50,1.0,11.76952,1.38858,0.31018,1.35524,0.79395,0.66012,,0.02628,0.09408,0.725
4,45,hsic,HSIC,0.0,1.0,50,0.0,11.76952,1.38858,0.31018,1.49878,0.87333,0.3848,,0.01046,0.04107,0.65
4,45,hsic,HSIC,0.0,1.0,100,1.0,3.51864,1.05152,0.2459,1.02616,0.77955,0.43034,,0.01234,0.36693,0.9
4,45,hsic,HSIC,0.0,1.0,100,0.0,3.51864,1.05152,0.2459,1.02762,0.74885,0.22371,,0.00309,0.36336,0.9
4,45,hsic,HSIC,0.0,1.0,300,1.0,2.13057,0.71813,0.09138,0.64419,0.51414,0.22127,,0.00212,0.29638,0.925
4,45,hsic,HSIC,0.0,1.0,300,0.0,2.13057,0.71813,0.09138,1.11268,0.75325,0.21291,,0.00198,0.2703,0.875
4,45,hsic,HSIC,0.0,1.0,500,1.0,2.05134,0.87501,0.0824,0.49558,0.51937,0.16831,,0.00191,0.23765,0.875
4,45,hsic,HSIC,0.0,1.0,500,0.0,2.05134,0.87501,0.0824,0.72803,0.67423,0.07763,,0.00235,0.20728,0.85
4,45,hybrid,HYBRID_ALPHA0.1_BETA0.9,0.1,0.9,50,1.0,13.02115,1.4145,0.3257,1.33262,0.78968,0.65505,,0.02597,0.09406,0.75
4,45,hybrid,HYBRID_ALPHA0.2_BETA0.8,0.2,0.8,50,1.0,7.48681,1.25486,0.39581,1.30052,0.78092,0.65311,,0.02608,0.09356,0.725
4,45,hybrid,HYBRID_ALPHA0.3_BETA0.7,0.3,0.7,50,1.0,6.09207,1.17384,0.38451,1.34685,0.78731,0.6753,,0.02729,0.09059,0.675
4,45,hybrid,HYBRID_ALPHA0.4_BETA0.6,0.4,0.6,50,1.0,5.81642,1.14834,0.3755,0.81335,0.6727,0.57265,,0.02635,0.09243,0.675
4,45,hybrid,HYBRID_ALPHA0.5_BETA0.5,0.5,0.5,50,1.0,5.8697,1.15018,0.37644,1.31276,0.78079,0.67384,,0.02743,0.09016,0.7
4,45,hybrid,HYBRID_ALPHA0.6_BETA0.4,0.6,0.4,50,1.0,4.58893,1.05129,0.38462,1.2729,0.77374,0.67009,,0.02755,0.09033,0.675
4,45,hybrid,HYBRID_ALPHA0.7_BETA0.3,0.7,0.3,50,1.0,4.58743,1.05101,0.38466,1.23941,0.76727,0.66662,,0.02752,0.09012,0.675
4,45,hybrid,HYBRID_ALPHA0.8_BETA0.2,0.8,0.2,50,1.0,4.52775,1.0458,0.38549,1.25074,0.76797,0.66582,,0.02739,0.08954,0.7
4,45,hybrid,HYBRID_ALPHA0.9_BETA0.1,0.9,0.1,50,1.0,4.525,1.04538,0.38577,1.22223,0.76294,0.66448,,0.02759,0.08923,0.7
4,45,hybrid,HYBRID_ALPHA0.1_BETA0.9,0.1,0.9,50,0.0,13.02115,1.4145,0.3257,1.47002,0.86655,0.37884,,0.01045,0.04103,0.625
4,45,hybrid,HYBRID_ALPHA0.2_BETA0.8,0.2,0.8,50,0.0,7.48681,1.25486,0.39581,1.48129,0.86849,0.38067,,0.01041,0.04097,0.65
4,45,hybrid,HYBRID_ALPHA0.3_BETA0.7,0.3,0.7,50,0.0,6.09207,1.17384,0.38451,1.62573,0.90571,0.41517,,0.01197,0.04197,0.625
4,45,hybrid,HYBRID_ALPHA0.4_BETA0.6,0.4,0.6,50,0.0,5.81642,1.14834,0.3755,1.22822,0.81464,0.32954,,0.01047,0.04171,0.6
4,45,hybrid,HYBRID_ALPHA0.5_BETA0.5,0.5,0.5,50,0.0,5.8697,1.15018,0.37644,1.60898,0.90357,0.41507,,0.01206,0.04206,0.65
4,45,hybrid,HYBRID_ALPHA0.6_BETA0.4,0.6,0.4,50,0.0,4.58893,1.05129,0.38462,1.58718,0.89988,0.41319,,0.01214,0.04203,0.65
4,45,hybrid,HYBRID_ALPHA0.7_BETA0.3,0.7,0.3,50,0.0,4.58743,1.05101,0.38466,1.56182,0.89503,0.40993,,0.01207,0.04199,0.65
4,45,hybrid,HYBRID_ALPHA0.8_BETA0.2,0.8,0.2,50,0.0,4.52775,1.0458,0.38549,1.58363,0.89784,0.40909,,0.01193,0.04202,0.675
4,45,hybrid,HYBRID_ALPHA0.9_BETA0.1,0.9,0.1,50,0.0,4.525,1.04538,0.38577,1.55587,0.89233,0.40481,,0.01199,0.04206,0.675
4,45,hybrid,HYBRID_ALPHA0.1_BETA0.9,0.1,0.9,100,1.0,1.84642,0.76921,0.24388,0.25528,0.39299,0.05105,,0.00125,0.06355,0.675
4,45,hybrid,HYBRID_ALPHA0.2_BETA0.8,0.2,0.8,100,1.0,0.64142,0.59292,0.07077,0.23948,0.37794,0.05583,,0.002,0.05813,0.675
4,45,hybrid,HYBRID_ALPHA0.3_BETA0.7,0.3,0.7,100,1.0,1.78545,0.68685,0.26781,0.22687,0.36756,0.04181,,0.00158,0.05439,0.65
4,45,hybrid,HYBRID_ALPHA0.4_BETA0.6,0.4,0.6,100,1.0,1.76014,0.68636,0.27422,0.22383,0.36868,0.03757,,0.0016,0.05289,0.7
4,45,hybrid,HYBRID_ALPHA0.5_BETA0.5,0.5,0.5,100,1.0,1.83499,0.70436,0.28821,0.21834,0.35155,0.04654,,0.00161,0.0498,0.75
4,45,hybrid,HYBRID_ALPHA0.6_BETA0.4,0.6,0.4,100,1.0,1.71252,0.70006,0.29627,0.20682,0.33006,0.03149,,0.00153,0.04385,0.625
4,45,hybrid,HYBRID_ALPHA0.7_BETA0.3,0.7,0.3,100,1.0,1.49472,0.67423,0.28841,0.21041,0.32896,0.02809,,0.00148,0.04244,0.675
4,45,hybrid,HYBRID_ALPHA0.8_BETA0.2,0.8,0.2,100,1.0,3.82414,0.96889,0.39534,0.65182,0.61737,0.57724,,0.02882,0.24772,0.875
4,45,hybrid,HYBRID_ALPHA0.9_BETA0.1,0.9,0.1,100,1.0,3.82745,0.96971,0.39565,0.70725,0.63492,0.59807,,0.02898,0.25882,0.9
4,45,hybrid,HYBRID_ALPHA0.1_BETA0.9,0.1,0.9,100,0.0,1.84642,0.76921,0.24388,0.61154,0.60793,0.08174,,0.00533,0.02933,0.675
4,45,hybrid,HYBRID_ALPHA0.2_BETA0.8,0.2,0.8,100,0.0,0.64142,0.59292,0.07077,0.63475,0.61355,0.0872,,0.00561,0.02278,0.725
4,45,hybrid,HYBRID_ALPHA0.3_BETA0.7,0.3,0.7,100,0.0,1.78545,0.68685,0.26781,0.62685,0.61173,0.08747,,0.00564,0.02251,0.675
4,45,hybrid,HYBRID_ALPHA0.4_BETA0.6,0.4,0.6,100,0.0,1.76014,0.68636,0.27422,0.62119,0.6104,0.08923,,0.00572,0.02258,0.625
4,45,hybrid,HYBRID_ALPHA0.5_BETA0.5,0.5,0.5,100,0.0,1.83499,0.70436,0.28821,0.62103,0.6086,0.08204,,0.00557,0.02128,0.6
4,45,hybrid,HYBRID_ALPHA0.6_BETA0.4,0.6,0.4,100,0.0,1.71252,0.70006,0.29627,0.62294,0.60637,0.07567,,0.00525,0.02063,0.55
4,45,hybrid,HYBRID_ALPHA0.7_BETA0.3,0.7,0.3,100,0.0,1.49472,0.67423,0.28841,0.62679,0.60928,0.07632,,0.00491,0.02082,0.5
4,45,hybrid,HYBRID_ALPHA0.8_BETA0.2,0.8,0.2,100,0.0,3.82414,0.96889,0.39534,1.14214,0.80471,0.36222,,0.01259,0.21814,0.825
4,45,hybrid,HYBRID_ALPHA0.9_BETA0.1,0.9,0.1,100,0.0,3.82745,0.96971,0.39565,1.18633,0.81522,0.373,,0.01268,0.23079,0.875
4,45,hybrid,HYBRID_ALPHA0.1_BETA0.9,0.1,0.9,300,1.0,1.05154,0.56636,0.09188,0.21625,0.34146,0.05178,,0.00255,0.05118,0.75
4,45,hybrid,HYBRID_ALPHA0.2_BETA0.8,0.2,0.8,300,1.0,0.66224,0.52398,0.06422,0.26206,0.42242,0.20523,,0.01482,0.06631,0.675
4,45,hybrid,HYBRID_ALPHA0.3_BETA0.7,0.3,0.7,300,1.0,0.61183,0.51067,0.09783,0.26358,0.42188,0.23191,,0.01682,0.06932,0.725
4,45,hybrid,HYBRID_ALPHA0.4_BETA0.6,0.4,0.6,300,1.0,0.54785,0.48161,0.06641,0.28189,0.43626,0.27593,,0.01964,0.07033,0.75
4,45,hybrid,HYBRID_ALPHA0.5_BETA0.5,0.5,0.5,300,1.0,0.53924,0.47302,0.07458,0.27485,0.42756,0.28157,,0.02015,0.07042,0.75
4,45,hybrid,HYBRID_ALPHA0.6_BETA0.4,0.6,0.4,300,1.0,0.54265,0.47209,0.0784,0.25794,0.40795,0.26876,,0.01942,0.07019,0.75
4,45,hybrid,HYBRID_ALPHA0.7_BETA0.3,0.7,0.3,300,1.0,0.52746,0.47008,0.08251,0.25794,0.40719,0.26963,,0.01955,0.06705,0.675
4,45,hybrid,HYBRID_ALPHA0.8_BETA0.2,0.8,0.2,300,1.0,0.52029,0.46899,0.08049,0.26055,0.40867,0.27662,,0.02005,0.06538,0.675
4,45,hybrid,HYBRID_ALPHA0.9_BETA0.1,0.9,0.1,300,1.0,0.54447,0.4742,0.09356,0.26758,0.41514,0.28824,,0.02084,0.0632,0.7
4,45,hybrid,HYBRID_ALPHA0.1_BETA0.9,0.1,0.9,300,0.0,1.05154,0.56636,0.09188,0.61367,0.60613,0.08412,,0.00547,0.02789,0.65
4,45,hybrid,HYBRID_ALPHA0.2_BETA0.8,0.2,0.8,300,0.0,0.66224,0.52398,0.06422,0.74163,0.67968,0.19584,,0.01065,0.03544,0.65
4,45,hybrid,HYBRID_ALPHA0.3_BETA0.7,0.3,0.7,300,0.0,0.61183,0.51067,0.09783,0.76966,0.69312,0.2162,,0.01142,0.03786,0.675
4,45,hybrid,HYBRID_ALPHA0.4_BETA0.6,0.4,0.6,300,0.0,0.54785,0.48161,0.06641,0.80989,0.71387,0.24051,,0.01289,0.04012,0.65
4,45,hybrid,HYBRID_ALPHA0.5_BETA0.5,0.5,0.5,300,0.0,0.53924,0.47302,0.07458,0.80464,0.71018,0.24272,,0.01305,0.04033,0.65
4,45,hybrid,HYBRID_ALPHA0.6_BETA0.4,0.6,0.4,300,0.0,0.54265,0.47209,0.0784,0.78063,0.69513,0.23454,,0.01291,0.04038,0.725
4,45,hybrid,HYBRID_ALPHA0.7_BETA0.3,0.7,0.3,300,0.0,0.52746,0.47008,0.08251,0.77795,0.69404,0.233,,0.01295,0.03905,0.7
4,45,hybrid,HYBRID_ALPHA0.8_BETA0.2,0.8,0.2,300,0.0,0.52029,0.46899,0.08049,0.77801,0.69374,0.23361,,0.01304,0.03846,0.625
4,45,hybrid,HYBRID_ALPHA0.9_BETA0.1,0.9,0.1,300,0.0,0.54447,0.4742,0.09356,0.77953,0.69514,0.23414,,0.01321,0.03802,0.65
4,45,hybrid,HYBRID_ALPHA0.1_BETA0.9,0.1,0.9,500,1.0,0.90108,0.57769,0.04917,1.15923,0.61486,0.2118,,0.00016,0.061,0.675
4,45,hybrid,HYBRID_ALPHA0.2_BETA0.8,0.2,0.8,500,1.0,0.54649,0.54387,0.03677,0.79201,0.57412,0.18912,,0.00124,0.06202,0.675
4,45,hybrid,HYBRID_ALPHA0.3_BETA0.7,0.3,0.7,500,1.0,0.94133,0.52181,0.06727,0.63541,0.5464,0.17686,,0.00162,0.05998,0.675
4,45,hybrid,HYBRID_ALPHA0.4_BETA0.6,0.4,0.6,500,1.0,0.84978,0.50521,0.06528,0.60343,0.53447,0.1646,,0.00126,0.05793,0.7
4,45,hybrid,HYBRID_ALPHA0.5_BETA0.5,0.5,0.5,500,1.0,0.93995,0.51478,0.0804,0.50196,0.48478,0.13933,,0.00048,0.05173,0.725
4,45,hybrid,HYBRID_ALPHA0.6_BETA0.4,0.6,0.4,500,1.0,0.62741,0.47869,0.06633,0.46182,0.43815,0.10216,,0.0,0.04071,0.6
4,45,hybrid,HYBRID_ALPHA0.7_BETA0.3,0.7,0.3,500,1.0,0.59651,0.47574,0.07115,0.29362,0.38527,0.05273,,0.0,0.0395,0.65
4,45,hybrid,HYBRID_ALPHA0.8_BETA0.2,0.8,0.2,500,1.0,0.57824,0.47459,0.07418,0.25324,0.36612,0.03256,,0.00059,0.03928,0.625
4,45,hybrid,HYBRID_ALPHA0.9_BETA0.1,0.9,0.1,500,1.0,0.57816,0.47641,0.08166,0.26981,0.36558,0.03164,,0.00019,0.03827,0.625
4,45,hybrid,HYBRID_ALPHA0.1_BETA0.9,0.1,0.9,500,0.0,0.90108,0.57769,0.04917,1.55604,0.81147,0.12117,,0.00051,0.02992,0.65
4,45,hybrid,HYBRID_ALPHA0.2_BETA0.8,0.2,0.8,500,0.0,0.54649,0.54387,0.03677,1.19526,0.75189,0.09941,,0.00142,0.02845,0.65
4,45,hybrid,HYBRID_ALPHA0.3_BETA0.7,0.3,0.7,500,0.0,0.94133,0.52181,0.06727,1.04012,0.73013,0.09128,,0.00177,0.02811,0.725
4,45,hybrid,HYBRID_ALPHA0.4_BETA0.6,0.4,0.6,500,0.0,0.84978,0.50521,0.06528,1.00651,0.72159,0.08473,,0.00148,0.02775,0.625
4,45,hybrid,HYBRID_ALPHA0.5_BETA0.5,0.5,0.5,500,0.0,0.93995,0.51478,0.0804,0.8971,0.68418,0.06791,,0.00111,0.0251,0.625
4,45,hybrid,HYBRID_ALPHA0.6_BETA0.4,0.6,0.4,500,0.0,0.62741,0.47869,0.06633,0.84691,0.65732,0.05136,,3e-05,0.02149,0.625
4,45,hybrid,HYBRID_ALPHA0.7_BETA0.3,0.7,0.3,500,0.0,0.59651,0.47574,0.07115,0.66285,0.61383,0.02453,,0.00101,0.0225,0.675
4,45,hybrid,HYBRID_ALPHA0.8_BETA0.2,0.8,0.2,500,0.0,0.57824,0.47459,0.07418,0.61897,0.60703,0.0152,,0.00134,0.02346,0.7
4,45,hybrid,HYBRID_ALPHA0.9_BETA0.1,0.9,0.1,500,0.0,0.57816,0.47641,0.08166,0.64723,0.61452,0.01739,,0.0011,0.02448,0.65
4,45,mse,MSE,1.0,0.0,50,1.0,4.50652,1.0437,0.3872,0.96023,0.69997,0.60537,,0.02761,0.08867,0.675
4,45,mse,MSE,1.0,0.0,50,0.0,4.50652,1.0437,0.3872,1.26837,0.82275,0.34324,,0.01201,0.04207,0.6
4,45,mse,MSE,1.0,0.0,100,1.0,3.82721,0.97007,0.3961,1.07918,0.73048,0.65803,,0.0279,0.31263,0.925
4,45,mse,MSE,1.0,0.0,100,0.0,3.82721,0.97007,0.3961,1.46219,0.87744,0.40533,,0.01234,0.29369,0.9
4,45,mse,MSE,1.0,0.0,300,1.0,0.5319,0.47858,0.10775,0.32464,0.46419,0.37907,,0.02751,0.06629,0.7
4,45,mse,MSE,1.0,0.0,300,0.0,0.5319,0.47858,0.10775,0.82775,0.71716,0.26475,,0.01452,0.03913,0.725
4,45,mse,MSE,1.0,0.0,500,1.0,0.5752,0.47641,0.0886,0.28116,0.35839,0.03925,,0.00025,0.03576,0.6
4,45,mse,MSE,1.0,0.0,500,0.0,0.5752,0.47641,0.0886,0.67198,0.62373,0.02054,,0.00098,0.02664,0.65
5,46,hsic,HSIC,0.0,1.0,50,1.0,3.69056,1.14345,0.24795,1.37485,0.78899,0.6811,,0.02761,0.09114,0.775
5,46,hsic,HSIC,0.0,1.0,50,0.0,3.69056,1.14345,0.24795,1.62764,0.90788,0.41933,,0.01226,0.05499,0.575
5,46,hsic,HSIC,0.0,1.0,100,1.0,3.9964,1.51458,0.19372,1.20088,0.84184,0.33706,,0.01579,0.12755,0.75
5,46,hsic,HSIC,0.0,1.0,100,0.0,3.9964,1.51458,0.19372,1.33498,0.86855,0.2091,,0.00741,0.09544,0.725
5,46,hsic,HSIC,0.0,1.0,300,1.0,4.43995,1.52222,0.16291,1.22206,0.78941,0.64484,,0.02704,0.24334,0.875
5,46,hsic,HSIC,0.0,1.0,300,0.0,4.43995,1.52222,0.16291,1.33393,0.85279,0.36755,,0.01134,0.21345,0.85
5,46,hsic,HSIC,0.0,1.0,500,1.0,2.1829,0.95627,0.088,0.76519,0.70142,0.17363,,0.00211,0.20561,0.825
5,46,hsic,HSIC,0.0,1.0,500,0.0,2.1829,0.95627,0.088,0.92974,0.76935,0.09089,,0.00172,0.1697,0.825
5,46,hybrid,HYBRID_ALPHA0.1_BETA0.9,0.1,0.9,50,1.0,8.88597,0.88316,0.22741,0.4245,0.53331,0.36654,,0.02419,0.05299,0.725
5,46,hybrid,HYBRID_ALPHA0.2_BETA0.8,0.2,0.8,50,1.0,2.68345,0.64902,0.11696,0.37222,0.49856,0.36616,,0.02425,0.05133,0.725
5,46,hybrid,HYBRID_ALPHA0.3_BETA0.7,0.3,0.7,50,1.0,2.6956,0.6486,0.11721,0.34408,0.47596,0.37813,,0.02491,0.0507,0.7
5,46,hybrid,HYBRID_ALPHA0.4_BETA0.6,0.4,0.6,50,1.0,3.51662,0.84158,0.31562,0.34336,0.47212,0.38801,,0.02494,0.05035,0.75
5,46,hybrid,HYBRID_ALPHA0.5_BETA0.5,0.5,0.5,50,1.0,3.52595,0.68807,0.12319,0.34472,0.4711,0.3883,,0.02469,0.04967,0.725
5,46,hybrid,HYBRID_ALPHA0.6_BETA0.4,0.6,0.4,50,1.0,3.48789,0.68625,0.12558,0.37088,0.4874,0.41071,,0.02516,0.05115,0.75
5,46,hybrid,HYBRID_ALPHA0.7_BETA0.3,0.7,0.3,50,1.0,3.01782,0.68193,0.12994,0.37874,0.50458,0.37339,,0.02332,0.05382,0.725
5,46,hybrid,HYBRID_ALPHA0.8_BETA0.2,0.8,0.2,50,1.0,3.30139,0.77956,0.27184,0.49381,0.52826,0.36869,,0.02153,0.05321,0.725
5,46,hybrid,HYBRID_ALPHA0.9_BETA0.1,0.9,0.1,50,1.0,3.25131,0.75318,0.22463,0.363,0.48915,0.38943,,0.02616,0.05237,0.775
5,46,hybrid,HYBRID_ALPHA0.1_BETA0.9,0.1,0.9,50,0.0,8.88597,0.88316,0.22741,0.88205,0.73738,0.27862,,0.01326,0.04017,0.55
5,46,hybrid,HYBRID_ALPHA0.2_BETA0.8,0.2,0.8,50,0.0,2.68345,0.64902,0.11696,0.87633,0.73138,0.28606,,0.01363,0.04052,0.55
5,46,hybrid,HYBRID_ALPHA0.3_BETA0.7,0.3,0.7,50,0.0,2.6956,0.6486,0.11721,0.86489,0.72431,0.28298,,0.01334,0.03994,0.55
5,46,hybrid,HYBRID_ALPHA0.4_BETA0.6,0.4,0.6,50,0.0,3.51662,0.84158,0.31562,0.87283,0.72554,0.28488,,0.0131,0.03982,0.55
5,46,hybrid,HYBRID_ALPHA0.5_BETA0.5,0.5,0.5,50,0.0,3.52595,0.68807,0.12319,0.86914,0.72356,0.28344,,0.01323,0.03997,0.525
5,46,hybrid,HYBRID_ALPHA0.6_BETA0.4,0.6,0.4,50,0.0,3.48789,0.68625,0.12558,0.8893,0.72989,0.2904,,0.01298,0.03994,0.55
5,46,hybrid,HYBRID_ALPHA0.7_BETA0.3,0.7,0.3,50,0.0,3.01782,0.68193,0.12994,0.78181,0.69053,0.23197,,0.0111,0.03909,0.55
5,46,hybrid,HYBRID_ALPHA0.8_BETA0.2,0.8,0.2,50,0.0,3.30139,0.77956,0.27184,0.87117,0.69873,0.20751,,0.00855,0.0381,0.575
5,46,hybrid,HYBRID_ALPHA0.9_BETA0.1,0.9,0.1,50,0.0,3.25131,0.75318,0.22463,0.80603,0.70152,0.25382,,0.01239,0.0399,0.6
5,46,hybrid,HYBRID_ALPHA0.1_BETA0.9,0.1,0.9,100,1.0,1.64571,0.5984,0.17648,0.22135,0.34797,0.08517,,0.00558,0.04592,0.7
5,46,hybrid,HYBRID_ALPHA0.2_BETA0.8,0.2,0.8,100,1.0,1.48357,0.58941,0.16473,0.27536,0.37768,0.06785,,0.00346,0.04293,0.675
5,46,hybrid,HYBRID_ALPHA0.3_BETA0.7,0.3,0.7,100,1.0,1.4803,0.59371,0.16144,0.23718,0.35726,0.05691,,0.00314,0.04203,0.7
5,46,hybrid,HYBRID_ALPHA0.4_BETA0.6,0.4,0.6,100,1.0,1.64817,0.59411,0.17565,0.21899,0.34413,0.04617,,0.00267,0.04124,0.7
5,46,hybrid,HYBRID_ALPHA0.5_BETA0.5,0.5,0.5,100,1.0,1.72223,0.61192,0.18656,0.2059,0.33315,0.03707,,0.00227,0.04056,0.7
5,46,hybrid,HYBRID_ALPHA0.6_BETA0.4,0.6,0.4,100,1.0,1.71079,0.61268,0.18746,0.19753,0.32527,0.03159,,0.00214,0.0401,0.675
5,46,hybrid,HYBRID_ALPHA0.7_BETA0.3,0.7,0.3,100,1.0,1.71551,0.61787,0.19316,0.19168,0.32141,0.0376,,0.00269,0.04037,0.7
5,46,hybrid,HYBRID_ALPHA0.8_BETA0.2,0.8,0.2,100,1.0,1.56446,0.59369,0.16451,0.19076,0.32387,0.04174,,0.00316,0.04053,0.675
5,46,hybrid,HYBRID_ALPHA0.9_BETA0.1,0.9,0.1,100,1.0,1.56445,0.59414,0.16444,0.19497,0.32562,0.03551,,0.00305,0.04192,0.675
5,46,hybrid,HYBRID_ALPHA0.1_BETA0.9,0.1,0.9,100,0.0,1.64571,0.5984,0.17648,0.61556,0.61283,0.08741,,0.00635,0.03224,0.675
5,46,hybrid,HYBRID_ALPHA0.2_BETA0.8,0.2,0.8,100,0.0,1.48357,0.58941,0.16473,0.59493,0.59158,0.03467,,0.00304,0.02853,0.7
5,46,hybrid,HYBRID_ALPHA0.3_BETA0.7,0.3,0.7,100,0.0,1.4803,0.59371,0.16144,0.57969,0.59275,0.03573,,0.00354,0.02908,0.7
5,46,hybrid,HYBRID_ALPHA0.4_BETA0.6,0.4,0.6,100,0.0,1.64817,0.59411,0.17565,0.57695,0.59787,0.0382,,0.00385,0.0298,0.725
5,46,hybrid,HYBRID_ALPHA0.5_BETA0.5,0.5,0.5,100,0.0,1.72223,0.61192,0.18656,0.57721,0.60322,0.04021,,0.00412,0.03044,0.65
5,46,hybrid,HYBRID_ALPHA0.6_BETA0.4,0.6,0.4,100,0.0,1.71079,0.61268,0.18746,0.58307,0.61016,0.04644,,0.00457,0.03146,0.675
5,46,hybrid,HYBRID_ALPHA0.7_BETA0.3,0.7,0.3,100,0.0,1.71551,0.61787,0.19316,0.60206,0.62154,0.06342,,0.00562,0.03361,0.7
5,46,hybrid,HYBRID_ALPHA0.8_BETA0.2,0.8,0.2,100,0.0,1.56446,0.59369,0.16451,0.60748,0.62842,0.05629,,0.00513,0.03524,0.7
5,46,hybrid,HYBRID_ALPHA0.9_BETA0.1,0.9,0.1,100,0.0,1.56445,0.59414,0.16444,0.60796,0.63151,0.04571,,0.00462,0.03582,0.775
5,46,hybrid,HYBRID_ALPHA0.1_BETA0.9,0.1,0.9,300,1.0,0.50813,0.52872,0.0319,0.50963,0.53767,0.12433,,0.00922,0.0664,0.7
5,46,hybrid,HYBRID_ALPHA0.2_BETA0.8,0.2,0.8,300,1.0,0.68328,0.53597,0.03937,0.52911,0.55562,0.11339,,0.01022,0.06956,0.725
5,46,hybrid,HYBRID_ALPHA0.3_BETA0.7,0.3,0.7,300,1.0,4.6836,0.63825,0.03865,0.52168,0.55421,0.11093,,0.00964,0.06711,0.7
5,46,hybrid,HYBRID_ALPHA0.4_BETA0.6,0.4,0.6,300,1.0,7.05222,0.68482,0.04096,0.49485,0.54233,0.10571,,0.00924,0.0657,0.675
5,46,hybrid,HYBRID_ALPHA0.5_BETA0.5,0.5,0.5,300,1.0,7.13205,0.68589,0.04337,0.45392,0.52592,0.10046,,0.00807,0.06423,0.675
5,46,hybrid,HYBRID_ALPHA0.6_BETA0.4,0.6,0.4,300,1.0,7.13797,0.68686,0.04685,0.46764,0.52614,0.09209,,0.00795,0.06424,0.7
5,46,hybrid,HYBRID_ALPHA0.7_BETA0.3,0.7,0.3,300,1.0,7.12986,0.68934,0.05233,0.41069,0.49943,0.08411,,0.00597,0.06126,0.65
5,46,hybrid,HYBRID_ALPHA0.8_BETA0.2,0.8,0.2,300,1.0,6.99859,0.69029,0.05801,0.34584,0.45736,0.06116,,0.00322,0.05603,0.65
5,46,hybrid,HYBRID_ALPHA0.9_BETA0.1,0.9,0.1,300,1.0,7.03391,0.69521,0.06773,0.3308,0.4445,0.05542,,0.0022,0.05326,0.675
5,46,hybrid,HYBRID_ALPHA0.1_BETA0.9,0.1,0.9,300,0.0,0.50813,0.52872,0.0319,0.87338,0.73423,0.05946,,0.00372,0.03736,0.6
5,46,hybrid,HYBRID_ALPHA0.2_BETA0.8,0.2,0.8,300,0.0,0.68328,0.53597,0.03937,0.88822,0.73717,0.05239,,0.00449,0.03764,0.625
5,46,hybrid,HYBRID_ALPHA0.3_BETA0.7,0.3,0.7,300,0.0,4.6836,0.63825,0.03865,0.88624,0.74149,0.05127,,0.00417,0.03725,0.575
5,46,hybrid,HYBRID_ALPHA0.4_BETA0.6,0.4,0.6,300,0.0,7.05222,0.68482,0.04096,0.86654,0.73555,0.04863,,0.00398,0.03699,0.55
5,46,hybrid,HYBRID_ALPHA0.5_BETA0.5,0.5,0.5,300,0.0,7.13205,0.68589,0.04337,0.83366,0.72846,0.04631,,0.00338,0.03649,0.575
5,46,hybrid,HYBRID_ALPHA0.6_BETA0.4,0.6,0.4,300,0.0,7.13797,0.68686,0.04685,0.84786,0.72658,0.0421,,0.00338,0.03629,0.575
5,46,hybrid,HYBRID_ALPHA0.7_BETA0.3,0.7,0.3,300,0.0,7.12986,0.68934,0.05233,0.79325,0.70907,0.0387,,0.00242,0.03364,0.575
5,46,hybrid,HYBRID_ALPHA0.8_BETA0.2,0.8,0.2,300,0.0,6.99859,0.69029,0.05801,0.72359,0.67873,0.02935,,0.0014,0.03099,0.6
5,46,hybrid,HYBRID_ALPHA0.9_BETA0.1,0.9,0.1,300,0.0,7.03391,0.69521,0.06773,0.71303,0.67532,0.02588,,0.00118,0.03029,0.575
5,46,hybrid,HYBRID_ALPHA0.1_BETA0.9,0.1,0.9,500,1.0,1.09853,0.60258,0.03787,0.22201,0.33712,0.03813,,0.00152,0.04404,0.7
5,46,hybrid,HYBRID_ALPHA0.2_BETA0.8,0.2,0.8,500,1.0,0.94685,0.53208,0.084,0.3544,0.40734,0.06063,,0.00021,0.04416,0.675
5,46,hybrid,HYBRID_ALPHA0.3_BETA0.7,0.3,0.7,500,1.0,1.03039,0.53248,0.10531,1.09341,0.67725,0.18334,,0.00013,0.07576,0.775
5,46,hybrid,HYBRID_ALPHA0.4_BETA0.6,0.4,0.6,500,1.0,1.04393,0.53528,0.11503,0.39475,0.43589,0.07585,,0.0,0.04684,0.675
5,46,hybrid,HYBRID_ALPHA0.5_BETA0.5,0.5,0.5,500,1.0,1.05588,0.53929,0.12451,0.25402,0.37514,0.02142,,0.00097,0.04117,0.675
5,46,hybrid,HYBRID_ALPHA0.6_BETA0.4,0.6,0.4,500,1.0,0.98562,0.5343,0.12898,0.24268,0.37784,0.01746,,0.0011,0.04172,0.65
5,46,hybrid,HYBRID_ALPHA0.7_BETA0.3,0.7,0.3,500,1.0,0.86892,0.52616,0.12669,0.2437,0.38402,0.01587,,0.00111,0.0427,0.65
5,46,hybrid,HYBRID_ALPHA0.8_BETA0.2,0.8,0.2,500,1.0,0.82506,0.52414,0.12948,0.24002,0.38894,0.01999,,0.00125,0.04332,0.7
5,46,hybrid,HYBRID_ALPHA0.9_BETA0.1,0.9,0.1,500,1.0,0.89608,0.5418,0.15504,0.31466,0.43871,0.28781,,0.01955,0.0564,0.7
5,46,hybrid,HYBRID_ALPHA0.1_BETA0.9,0.1,0.9,500,0.0,1.09853,0.60258,0.03787,0.583,0.59002,0.04792,,0.00353,0.02561,0.6
5,46,hybrid,HYBRID_ALPHA0.2_BETA0.8,0.2,0.8,500,0.0,0.94685,0.53208,0.084,0.68053,0.60434,0.01853,,0.00119,0.02271,0.625
5,46,hybrid,HYBRID_ALPHA0.3_BETA0.7,0.3,0.7,500,0.0,1.03039,0.53248,0.10531,1.26607,0.75139,0.09982,,0.0,0.02666,0.575
5,46,hybrid,HYBRID_ALPHA0.4_BETA0.6,0.4,0.6,500,0.0,1.04393,0.53528,0.11503,0.73056,0.61886,0.0284,,0.00105,0.02322,0.525
5,46,hybrid,HYBRID_ALPHA0.5_BETA0.5,0.5,0.5,500,0.0,1.05588,0.53929,0.12451,0.59302,0.60486,0.01301,,0.00159,0.02373,0.6
5,46,hybrid,HYBRID_ALPHA0.6_BETA0.4,0.6,0.4,500,0.0,0.98562,0.5343,0.12898,0.58427,0.60505,0.01408,,0.00162,0.02393,0.6
5,46,hybrid,HYBRID_ALPHA0.7_BETA0.3,0.7,0.3,500,0.0,0.86892,0.52616,0.12669,0.58564,0.60674,0.01588,,0.00154,0.02408,0.6
5,46,hybrid,HYBRID_ALPHA0.8_BETA0.2,0.8,0.2,500,0.0,0.82506,0.52414,0.12948,0.58351,0.60978,0.01877,,0.00159,0.02468,0.625
5,46,hybrid,HYBRID_ALPHA0.9_BETA0.1,0.9,0.1,500,0.0,0.89608,0.5418,0.15504,0.76533,0.68623,0.17824,,0.00605,0.03255,0.625
5,46,mse,MSE,1.0,0.0,50,1.0,3.28511,0.75715,0.22853,0.46625,0.51476,0.40526,,0.02509,0.04986,0.75
5,46,mse,MSE,1.0,0.0,50,0.0,3.28511,0.75715,0.22853,1.06304,0.74321,0.25235,,0.00992,0.03961,0.65
5,46,mse,MSE,1.0,0.0,100,1.0,1.7608,0.62123,0.15525,0.21535,0.3375,0.0152,,0.00226,0.04305,0.7
5,46,mse,MSE,1.0,0.0,100,0.0,1.7608,0.62123,0.15525,0.61344,0.6471,0.0137,,0.00264,0.04017,0.725
5,46,mse,MSE,1.0,0.0,300,1.0,6.86067,0.70034,0.09291,0.30253,0.44642,0.29834,,0.02028,0.06845,0.725
5,46,mse,MSE,1.0,0.0,300,0.0,6.86067,0.70034,0.09291,0.78627,0.70624,0.21077,,0.01234,0.04699,0.75
5,46,mse,MSE,1.0,0.0,500,1.0,0.88948,0.548,0.16063,0.33096,0.4532,0.33752,,0.02247,0.0577,0.675
5,46,mse,MSE,1.0,0.0,500,0.0,0.88948,0.548,0.16063,0.77882,0.69667,0.19169,,0.00746,0.03387,0.575
6,47,hsic,HSIC,0.0,1.0,50,1.0,4.50942,1.07284,0.39645,2.92495,1.5705,0.20731,,0.0231,0.15257,0.8
6,47,hsic,HSIC,0.0,1.0,50,0.0,4.50942,1.07284,0.39645,1.39222,0.93156,0.18491,,0.0112,0.13565,0.8
6,47,hsic,HSIC,0.0,1.0,100,1.0,3.95892,1.27063,0.17165,0.9333,0.68493,0.44648,,0.01235,0.33365,0.9
6,47,hsic,HSIC,0.0,1.0,100,0.0,3.95892,1.27063,0.17165,1.07678,0.7561,0.24705,,0.00397,0.31798,0.875
6,47,hsic,HSIC,0.0,1.0,300,1.0,2.45098,0.95779,0.08553,2.13632,1.24451,0.29302,,0.00682,0.27826,0.875
6,47,hsic,HSIC,0.0,1.0,300,0.0,2.45098,0.95779,0.08553,2.04667,1.16767,0.18179,,0.00405,0.25222,0.85
6,47,hsic,HSIC,0.0,1.0,500,1.0,2.56176,1.1028,0.0767,0.7461,0.62839,0.12446,,0.00388,0.30542,0.925
6,47,hsic,HSIC,0.0,1.0,500,0.0,2.56176,1.1028,0.0767,1.19705,0.83914,0.12356,,0.0,0.2593,0.825
6,47,hybrid,HYBRID_ALPHA0.1_BETA0.9,0.1,0.9,50,1.0,4.44072,1.06259,0.397,0.2706,0.4079,0.30078,,0.01788,0.06397,0.725
6,47,hybrid,HYBRID_ALPHA0.2_BETA0.8,0.2,0.8,50,1.0,1.48891,0.61272,0.17473,0.27597,0.41467,0.32192,,0.02123,0.06064,0.775
6,47,hybrid,HYBRID_ALPHA0.3_BETA0.7,0.3,0.7,50,1.0,1.75347,0.65651,0.21186,0.27913,0.4181,0.33063,,0.02269,0.06237,0.75
6,47,hybrid,HYBRID_ALPHA0.4_BETA0.6,0.4,0.6,50,1.0,1.75942,0.65305,0.20836,0.4119,0.48428,0.42886,,0.01937,0.0629,0.75
6,47,hybrid,HYBRID_ALPHA0.5_BETA0.5,0.5,0.5,50,1.0,1.58117,0.64181,0.17938,0.4837,0.51653,0.46441,,0.01964,0.06411,0.775
6,47,hybrid,HYBRID_ALPHA0.6_BETA0.4,0.6,0.4,50,1.0,1.79522,0.6606,0.21749,0.41549,0.49866,0.47384,,0.0244,0.07004,0.7
6,47,hybrid,HYBRID_ALPHA0.7_BETA0.3,0.7,0.3,50,1.0,1.80653,0.67002,0.23563,0.66899,0.59125,0.56963,,0.02433,0.0965,0.825
6,47,hybrid,HYBRID_ALPHA0.8_BETA0.2,0.8,0.2,50,1.0,1.65148,0.66661,0.18878,0.78491,0.62678,0.59307,,0.0249,0.10822,0.825
6,47,hybrid,HYBRID_ALPHA0.9_BETA0.1,0.9,0.1,50,1.0,1.83853,0.6917,0.26633,0.88776,0.65558,0.61046,,0.02517,0.11591,0.8
6,47,hybrid,HYBRID_ALPHA0.1_BETA0.9,0.1,0.9,50,0.0,4.44072,1.06259,0.397,0.94702,0.71958,0.23508,,0.00914,0.04319,0.775
6,47,hybrid,HYBRID_ALPHA0.2_BETA0.8,0.2,0.8,50,0.0,1.48891,0.61272,0.17473,0.84236,0.70637,0.25026,,0.01045,0.04526,0.7
6,47,hybrid,HYBRID_ALPHA0.3_BETA0.7,0.3,0.7,50,0.0,1.75347,0.65651,0.21186,0.85082,0.7128,0.25828,,0.01051,0.04488,0.725
6,47,hybrid,HYBRID_ALPHA0.4_BETA0.6,0.4,0.6,50,0.0,1.75942,0.65305,0.20836,1.2685,0.80848,0.30935,,0.00683,0.04476,0.725
6,47,hybrid,HYBRID_ALPHA0.5_BETA0.5,0.5,0.5,50,0.0,1.58117,0.64181,0.17938,1.38198,0.83413,0.32401,,0.007,0.04556,0.7
6,47,hybrid,HYBRID_ALPHA0.6_BETA0.4,0.6,0.4,50,0.0,1.79522,0.6606,0.21749,1.04019,0.7652,0.30288,,0.0097,0.0462,0.7
6,47,hybrid,HYBRID_ALPHA0.7_BETA0.3,0.7,0.3,50,0.0,1.80653,0.67002,0.23563,1.27932,0.81561,0.34582,,0.00981,0.063,0.725
6,47,hybrid,HYBRID_ALPHA0.8_BETA0.2,0.8,0.2,50,0.0,1.65148,0.66661,0.18878,1.3276,0.83007,0.35941,,0.01015,0.07315,0.75
6,47,hybrid,HYBRID_ALPHA0.9_BETA0.1,0.9,0.1,50,0.0,1.83853,0.6917,0.26633,1.41131,0.8486,0.37123,,0.01022,0.08054,0.725
6,47,hybrid,HYBRID_ALPHA0.1_BETA0.9,0.1,0.9,100,1.0,1.66171,0.80686,0.10583,0.29921,0.44071,0.27084,,0.01843,0.07806,0.775
6,47,hybrid,HYBRID_ALPHA0.2_BETA0.8,0.2,0.8,100,1.0,0.87192,0.678,0.10633,0.27985,0.39728,0.21117,,0.01438,0.07419,0.775
6,47,hybrid,HYBRID_ALPHA0.3_BETA0.7,0.3,0.7,100,1.0,0.8774,0.65497,0.09765,0.27488,0.37884,0.11889,,0.00681,0.06664,0.7
6,47,hybrid,HYBRID_ALPHA0.4_BETA0.6,0.4,0.6,100,1.0,1.46079,0.71306,0.11745,0.25791,0.40025,0.21273,,0.01486,0.07438,0.775
6,47,hybrid,HYBRID_ALPHA0.5_BETA0.5,0.5,0.5,100,1.0,1.46207,0.63337,0.13925,0.25988,0.40813,0.22332,,0.01577,0.0755,0.775
6,47,hybrid,HYBRID_ALPHA0.6_BETA0.4,0.6,0.4,100,1.0,1.48346,0.61185,0.14334,0.26351,0.41326,0.22792,,0.01607,0.07549,0.75
6,47,hybrid,HYBRID_ALPHA0.7_BETA0.3,0.7,0.3,100,1.0,1.50442,0.62346,0.14879,0.2687,0.41806,0.23772,,0.01666,0.07531,0.75
6,47,hybrid,HYBRID_ALPHA0.8_BETA0.2,0.8,0.2,100,1.0,1.50822,0.61784,0.15451,0.26449,0.40739,0.22067,,0.01512,0.07326,0.725
6,47,hybrid,HYBRID_ALPHA0.9_BETA0.1,0.9,0.1,100,1.0,1.47921,0.62165,0.14816,0.27371,0.41766,0.24388,,0.01675,0.07376,0.75
6,47,hybrid,HYBRID_ALPHA0.1_BETA0.9,0.1,0.9,100,0.0,1.66171,0.80686,0.10583,0.7557,0.68697,0.21103,,0.01254,0.05197,0.7
6,47,hybrid,HYBRID_ALPHA0.2_BETA0.8,0.2,0.8,100,0.0,0.87192,0.678,0.10633,0.71663,0.66862,0.18416,,0.01116,0.05222,0.75
6,47,hybrid,HYBRID_ALPHA0.3_BETA0.7,0.3,0.7,100,0.0,0.8774,0.65497,0.09765,0.65204,0.64099,0.10937,,0.00727,0.04743,0.7
6,47,hybrid,HYBRID_ALPHA0.4_BETA0.6,0.4,0.6,100,0.0,1.46079,0.71306,0.11745,0.71932,0.66831,0.18609,,0.01141,0.049,0.7
6,47,hybrid,HYBRID_ALPHA0.5_BETA0.5,0.5,0.5,100,0.0,1.46207,0.63337,0.13925,0.72963,0.6741,0.19185,,0.01172,0.04929,0.725
6,47,hybrid,HYBRID_ALPHA0.6_BETA0.4,0.6,0.4,100,0.0,1.48346,0.61185,0.14334,0.73345,0.67694,0.19138,,0.0117,0.04927,0.725
6,47,hybrid,HYBRID_ALPHA0.7_BETA0.3,0.7,0.3,100,0.0,1.50442,0.62346,0.14879,0.73714,0.67829,0.19272,,0.01172,0.04935,0.725
6,47,hybrid,HYBRID_ALPHA0.8_BETA0.2,0.8,0.2,100,0.0,1.50822,0.61784,0.15451,0.71769,0.67364,0.17447,,0.01073,0.04838,0.7
6,47,hybrid,HYBRID_ALPHA0.9_BETA0.1,0.9,0.1,100,0.0,1.47921,0.62165,0.14816,0.72957,0.67932,0.18245,,0.01113,0.04888,0.7
6,47,hybrid,HYBRID_ALPHA0.1_BETA0.9,0.1,0.9,300,1.0,1.32354,0.56898,0.07292,0.2758,0.37863,0.10868,,0.00596,0.07324,0.75
6,47,hybrid,HYBRID_ALPHA0.2_BETA0.8,0.2,0.8,300,1.0,1.07474,0.54527,0.04405,0.25849,0.39059,0.18038,,0.0117,0.07534,0.75
6,47,hybrid,HYBRID_ALPHA0.3_BETA0.7,0.3,0.7,300,1.0,1.2802,0.53772,0.08329,0.25773,0.3951,0.18576,,0.01216,0.07605,0.8
6,47,hybrid,HYBRID_ALPHA0.4_BETA0.6,0.4,0.6,300,1.0,1.24248,0.54031,0.08182,0.26343,0.40627,0.19894,,0.0132,0.07699,0.825
6,47,hybrid,HYBRID_ALPHA0.5_BETA0.5,0.5,0.5,300,1.0,1.28941,0.53279,0.07417,0.26852,0.41585,0.20457,,0.01358,0.07756,0.725
6,47,hybrid,HYBRID_ALPHA0.6_BETA0.4,0.6,0.4,300,1.0,1.6217,0.59503,0.17761,0.26852,0.42204,0.21485,,0.01435,0.07864,0.75
6,47,hybrid,HYBRID_ALPHA0.7_BETA0.3,0.7,0.3,300,1.0,1.62451,0.59707,0.1838,0.27125,0.42615,0.22003,,0.01463,0.07862,0.725
6,47,hybrid,HYBRID_ALPHA0.8_BETA0.2,0.8,0.2,300,1.0,0.84366,0.58359,0.23824,0.27672,0.43192,0.23514,,0.01563,0.07903,0.725
6,47,hybrid,HYBRID_ALPHA0.9_BETA0.1,0.9,0.1,300,1.0,0.56069,0.52793,0.20383,0.54602,0.46589,0.03174,,0.00042,0.06814,0.675
6,47,hybrid,HYBRID_ALPHA0.1_BETA0.9,0.1,0.9,300,0.0,1.32354,0.56898,0.07292,0.65244,0.63416,0.11804,,0.00669,0.04468,0.725
6,47,hybrid,HYBRID_ALPHA0.2_BETA0.8,0.2,0.8,300,0.0,1.07474,0.54527,0.04405,0.70729,0.66249,0.17725,,0.0105,0.04911,0.775
6,47,hybrid,HYBRID_ALPHA0.3_BETA0.7,0.3,0.7,300,0.0,1.2802,0.53772,0.08329,0.71096,0.66535,0.17961,,0.01074,0.04914,0.75
6,47,hybrid,HYBRID_ALPHA0.4_BETA0.6,0.4,0.6,300,0.0,1.24248,0.54031,0.08182,0.72315,0.67245,0.18669,,0.01114,0.04954,0.75
6,47,hybrid,HYBRID_ALPHA0.5_BETA0.5,0.5,0.5,300,0.0,1.28941,0.53279,0.07417,0.72993,0.67656,0.18822,,0.01115,0.04962,0.775
6,47,hybrid,HYBRID_ALPHA0.6_BETA0.4,0.6,0.4,300,0.0,1.6217,0.59503,0.17761,0.73854,0.67978,0.19235,,0.01134,0.04999,0.75
6,47,hybrid,HYBRID_ALPHA0.7_BETA0.3,0.7,0.3,300,0.0,1.62451,0.59707,0.1838,0.74278,0.68273,0.19173,,0.01122,0.04999,0.725
6,47,hybrid,HYBRID_ALPHA0.8_BETA0.2,0.8,0.2,300,0.0,0.84366,0.58359,0.23824,0.75065,0.68663,0.19537,,0.01133,0.05021,0.75
6,47,hybrid,HYBRID_ALPHA0.9_BETA0.1,0.9,0.1,300,0.0,0.56069,0.52793,0.20383,0.88186,0.66165,0.01463,,0.00092,0.03938,0.675
6,47,hybrid,HYBRID_ALPHA0.1_BETA0.9,0.1,0.9,500,1.0,1.19506,0.56757,0.16198,0.23089,0.35025,0.03435,,0.00203,0.05369,0.675
6,47,hybrid,HYBRID_ALPHA0.2_BETA0.8,0.2,0.8,500,1.0,1.0441,0.53609,0.13111,0.26129,0.37153,0.03471,,0.00234,0.05189,0.725
6,47,hybrid,HYBRID_ALPHA0.3_BETA0.7,0.3,0.7,500,1.0,1.038,0.5407,0.13261,0.24213,0.35874,0.03879,,0.00238,0.04843,0.725
6,47,hybrid,HYBRID_ALPHA0.4_BETA0.6,0.4,0.6,500,1.0,1.03239,0.54077,0.13306,0.21276,0.34082,0.04528,,0.00246,0.04652,0.675
6,47,hybrid,HYBRID_ALPHA0.5_BETA0.5,0.5,0.5,500,1.0,0.93104,0.53001,0.12781,0.19991,0.33648,0.05533,,0.00266,0.04519,0.7
6,47,hybrid,HYBRID_ALPHA0.6_BETA0.4,0.6,0.4,500,1.0,0.88036,0.52246,0.12239,0.19537,0.33704,0.06818,,0.0029,0.04375,0.7
6,47,hybrid,HYBRID_ALPHA0.7_BETA0.3,0.7,0.3,500,1.0,0.83164,0.51844,0.12321,0.19687,0.34129,0.08934,,0.00336,0.04342,0.7
6,47,hybrid,HYBRID_ALPHA0.8_BETA0.2,0.8,0.2,500,1.0,1.18162,0.59861,0.21676,0.20535,0.34988,0.12289,,0.00372,0.0434,0.675
6,47,hybrid,HYBRID_ALPHA0.9_BETA0.1,0.9,0.1,500,1.0,1.13878,0.59499,0.21435,0.27622,0.41866,0.29513,,0.02039,0.05834,0.725
6,47,hybrid,HYBRID_ALPHA0.1_BETA0.9,0.1,0.9,500,0.0,1.19506,0.56757,0.16198,0.65256,0.61843,0.09254,,0.0054,0.03161,0.75
6,47,hybrid,HYBRID_ALPHA0.2_BETA0.8,0.2,0.8,500,0.0,1.0441,0.53609,0.13111,0.65963,0.62027,0.09317,,0.00596,0.0317,0.725
6,47,hybrid,HYBRID_ALPHA0.3_BETA0.7,0.3,0.7,500,0.0,1.038,0.5407,0.13261,0.64804,0.61658,0.09664,,0.00596,0.03131,0.6
6,47,hybrid,HYBRID_ALPHA0.4_BETA0.6,0.4,0.6,500,0.0,1.03239,0.54077,0.13306,0.63035,0.61367,0.09934,,0.00591,0.03128,0.6
6,47,hybrid,HYBRID_ALPHA0.5_BETA0.5,0.5,0.5,500,0.0,0.93104,0.53001,0.12781,0.62652,0.61356,0.1027,,0.00589,0.03159,0.575
6,47,hybrid,HYBRID_ALPHA0.6_BETA0.4,0.6,0.4,500,0.0,0.88036,0.52246,0.12239,0.6277,0.61508,0.10497,,0.00577,0.03211,0.525
6,47,hybrid,HYBRID_ALPHA0.7_BETA0.3,0.7,0.3,500,0.0,0.83164,0.51844,0.12321,0.63286,0.61842,0.10785,,0.00563,0.03246,0.525
6,47,hybrid,HYBRID_ALPHA0.8_BETA0.2,0.8,0.2,500,0.0,1.18162,0.59861,0.21676,0.63571,0.62047,0.10669,,0.0051,0.03213,0.55
6,47,hybrid,HYBRID_ALPHA0.9_BETA0.1,0.9,0.1,500,0.0,1.13878,0.59499,0.21435,0.76937,0.68573,0.22867,,0.01292,0.04203,0.65
6,47,mse,MSE,1.0,0.0,50,1.0,1.89302,0.71009,0.29041,0.96072,0.67495,0.62224,,0.02535,0.12195,0.825
6,47,mse,MSE,1.0,0.0,50,0.0,1.89302,0.71009,0.29041,1.41994,0.85027,0.37535,,0.0107,0.08569,0.75
6,47,mse,MSE,1.0,0.0,100,1.0,0.51258,0.52906,0.12932,0.26596,0.39915,0.20274,,0.01347,0.06978,0.7
6,47,mse,MSE,1.0,0.0,100,0.0,0.51258,0.52906,0.12932,0.69214,0.66919,0.13555,,0.00848,0.04669,0.75
6,47,mse,MSE,1.0,0.0,300,1.0,0.49105,0.50351,0.18714,0.50082,0.4587,0.04902,,0.00229,0.06902,0.725
6,47,mse,MSE,1.0,0.0,300,0.0,0.49105,0.50351,0.18714,0.84556,0.66496,0.01795,,0.00127,0.04177,0.7
6,47,mse,MSE,1.0,0.0,500,1.0,1.20116,0.61128,0.23419,0.31182,0.45161,0.36199,,0.02537,0.06263,0.725
6,47,mse,MSE,1.0,0.0,500,0.0,1.20116,0.61128,0.23419,0.8068,0.70243,0.25479,,0.01391,0.0426,0.625
7,48,hsic,HSIC,0.0,1.0,50,1.0,4.8309,1.29068,0.25746,1.03866,0.72538,0.47345,,0.01491,0.15622,0.8
7,48,hsic,HSIC,0.0,1.0,50,0.0,4.8309,1.29068,0.25746,1.23863,0.81066,0.28264,,0.00596,0.11039,0.7
7,48,hsic,HSIC,0.0,1.0,100,1.0,3.73918,1.04799,0.36981,1.12688,0.73014,0.64375,,0.02606,0.16057,0.85
7,48,hsic,HSIC,0.0,1.0,100,0.0,3.73918,1.04799,0.36981,1.29771,0.82853,0.36076,,0.01056,0.1232,0.725
7,48,hsic,HSIC,0.0,1.0,300,1.0,3.58945,1.00494,0.39219,1.06046,0.74375,0.22383,,0.00731,0.44785,1.0
7,48,hsic,HSIC,0.0,1.0,300,0.0,3.58945,1.00494,0.39219,1.55164,0.97552,0.13183,,0.0,0.44605,0.95
7,48,hsic,HSIC,0.0,1.0,500,1.0,1.45572,0.72028,0.12341,0.66054,0.69989,0.04421,,0.00117,0.44405,0.975
7,48,hsic,HSIC,0.0,1.0,500,0.0,1.45572,0.72028,0.12341,0.87912,0.78672,0.02839,,0.00146,0.44354,0.95
7,48,hybrid,HYBRID_ALPHA0.1_BETA0.9,0.1,0.9,50,1.0,2.35394,0.68137,0.1714,0.34459,0.49266,0.19551,,0.01305,0.14097,0.8
7,48,hybrid,HYBRID_ALPHA0.2_BETA0.8,0.2,0.8,50,1.0,1.74502,0.59998,0.11419,0.36546,0.512,0.20383,,0.01327,0.13332,0.8
7,48,hybrid,HYBRID_ALPHA0.3_BETA0.7,0.3,0.7,50,1.0,2.24005,0.64729,0.14846,0.40823,0.54988,0.15088,,0.00827,0.11364,0.75
7,48,hybrid,HYBRID_ALPHA0.4_BETA0.6,0.4,0.6,50,1.0,2.13169,0.64951,0.15121,0.42894,0.5727,0.11599,,0.00661,0.13757,0.8
7,48,hybrid,HYBRID_ALPHA0.5_BETA0.5,0.5,0.5,50,1.0,1.89363,0.63347,0.1434,0.45435,0.59054,0.12038,,0.00657,0.13596,0.8
7,48,hybrid,HYBRID_ALPHA0.6_BETA0.4,0.6,0.4,50,1.0,1.9661,0.64008,0.14837,0.43822,0.56568,0.23856,,0.01564,0.12145,0.775
7,48,hybrid,HYBRID_ALPHA0.7_BETA0.3,0.7,0.3,50,1.0,1.45232,0.60742,0.13877,0.41464,0.54227,0.27004,,0.01787,0.11845,0.75
7,48,hybrid,HYBRID_ALPHA0.8_BETA0.2,0.8,0.2,50,1.0,2.03407,0.64251,0.15088,0.36099,0.5125,0.17109,,0.01038,0.10097,0.725
7,48,hybrid,HYBRID_ALPHA0.9_BETA0.1,0.9,0.1,50,1.0,2.02312,0.64146,0.15021,0.34369,0.49596,0.1848,,0.01126,0.1029,0.725
7,48,hybrid,HYBRID_ALPHA0.1_BETA0.9,0.1,0.9,50,0.0,2.35394,0.68137,0.1714,0.73118,0.68499,0.15644,,0.00894,0.09221,0.8
7,48,hybrid,HYBRID_ALPHA0.2_BETA0.8,0.2,0.8,50,0.0,1.74502,0.59998,0.11419,0.80482,0.72492,0.17213,,0.00867,0.08958,0.775
7,48,hybrid,HYBRID_ALPHA0.3_BETA0.7,0.3,0.7,50,0.0,2.24005,0.64729,0.14846,0.7807,0.7152,0.1264,,0.00605,0.06968,0.75
7,48,hybrid,HYBRID_ALPHA0.4_BETA0.6,0.4,0.6,50,0.0,2.13169,0.64951,0.15121,0.62518,0.64394,0.04862,,0.00334,0.07743,0.675
7,48,hybrid,HYBRID_ALPHA0.5_BETA0.5,0.5,0.5,50,0.0,1.89363,0.63347,0.1434,0.62327,0.64099,0.04672,,0.00296,0.07396,0.725
7,48,hybrid,HYBRID_ALPHA0.6_BETA0.4,0.6,0.4,50,0.0,1.9661,0.64008,0.14837,0.72331,0.67715,0.14442,,0.00722,0.06586,0.7
7,48,hybrid,HYBRID_ALPHA0.7_BETA0.3,0.7,0.3,50,0.0,1.45232,0.60742,0.13877,0.7809,0.70809,0.17916,,0.01033,0.07281,0.7
7,48,hybrid,HYBRID_ALPHA0.8_BETA0.2,0.8,0.2,50,0.0,2.03407,0.64251,0.15088,0.78091,0.71639,0.1224,,0.00592,0.06117,0.775
7,48,hybrid,HYBRID_ALPHA0.9_BETA0.1,0.9,0.1,50,0.0,2.02312,0.64146,0.15021,0.76926,0.70932,0.12346,,0.00586,0.06296,0.775
7,48,hybrid,HYBRID_ALPHA0.1_BETA0.9,0.1,0.9,100,1.0,2.15274,0.78004,0.19034,1.23004,0.75395,0.65678,,0.02624,0.15642,0.85
7,48,hybrid,HYBRID_ALPHA0.2_BETA0.8,0.2,0.8,100,1.0,2.15565,0.76335,0.20212,0.2852,0.42379,0.34298,,0.02474,0.11995,0.825
7,48,hybrid,HYBRID_ALPHA0.3_BETA0.7,0.3,0.7,100,1.0,2.08937,0.73726,0.22245,0.29213,0.4255,0.3399,,0.02463,0.11891,0.8
7,48,hybrid,HYBRID_ALPHA0.4_BETA0.6,0.4,0.6,100,1.0,2.06274,0.72589,0.23063,0.30265,0.43001,0.33205,,0.02407,0.11837,0.825
7,48,hybrid,HYBRID_ALPHA0.5_BETA0.5,0.5,0.5,100,1.0,2.06945,0.72715,0.24357,0.31825,0.43807,0.32435,,0.02355,0.1178,0.825
7,48,hybrid,HYBRID_ALPHA0.6_BETA0.4,0.6,0.4,100,1.0,2.07277,0.73457,0.25728,0.33513,0.44967,0.32652,,0.02378,0.11734,0.8
7,48,hybrid,HYBRID_ALPHA0.7_BETA0.3,0.7,0.3,100,1.0,2.10009,0.7401,0.27313,0.35704,0.46662,0.34422,,0.02468,0.11748,0.8
7,48,hybrid,HYBRID_ALPHA0.8_BETA0.2,0.8,0.2,100,1.0,2.11081,0.74317,0.29035,0.37259,0.47803,0.35229,,0.02521,0.11751,0.8
7,48,hybrid,HYBRID_ALPHA0.9_BETA0.1,0.9,0.1,100,1.0,2.17252,0.75306,0.31565,0.37909,0.48063,0.34724,,0.02527,0.11664,0.8
7,48,hybrid,HYBRID_ALPHA0.1_BETA0.9,0.1,0.9,100,0.0,2.15274,0.78004,0.19034,1.45624,0.86732,0.39025,,0.01132,0.1196,0.775
7,48,hybrid,HYBRID_ALPHA0.2_BETA0.8,0.2,0.8,100,0.0,2.15565,0.76335,0.20212,0.82122,0.70114,0.25083,,0.01211,0.07725,0.65
7,48,hybrid,HYBRID_ALPHA0.3_BETA0.7,0.3,0.7,100,0.0,2.08937,0.73726,0.22245,0.84486,0.7099,0.2577,,0.01252,0.0773,0.625
7,48,hybrid,HYBRID_ALPHA0.4_BETA0.6,0.4,0.6,100,0.0,2.06274,0.72589,0.23063,0.86466,0.71845,0.25615,,0.01245,0.07728,0.65
7,48,hybrid,HYBRID_ALPHA0.5_BETA0.5,0.5,0.5,100,0.0,2.06945,0.72715,0.24357,0.89179,0.73158,0.25655,,0.0126,0.07738,0.625
7,48,hybrid,HYBRID_ALPHA0.6_BETA0.4,0.6,0.4,100,0.0,2.07277,0.73457,0.25728,0.92377,0.74614,0.25979,,0.01241,0.07725,0.625
7,48,hybrid,HYBRID_ALPHA0.7_BETA0.3,0.7,0.3,100,0.0,2.10009,0.7401,0.27313,0.9666,0.76458,0.27007,,0.01241,0.07751,0.6
7,48,hybrid,HYBRID_ALPHA0.8_BETA0.2,0.8,0.2,100,0.0,2.11081,0.74317,0.29035,0.99225,0.7752,0.27593,,0.01265,0.07756,0.575
7,48,hybrid,HYBRID_ALPHA0.9_BETA0.1,0.9,0.1,100,0.0,2.17252,0.75306,0.31565,0.99948,0.77791,0.2739,,0.01288,0.07679,0.575
7,48,hybrid,HYBRID_ALPHA0.1_BETA0.9,0.1,0.9,300,1.0,1.63466,0.70335,0.24869,0.16798,0.32042,0.03146,,0.00385,0.36374,0.925
7,48,hybrid,HYBRID_ALPHA0.2_BETA0.8,0.2,0.8,300,1.0,1.69383,0.69582,0.24711,0.19716,0.33828,0.03111,,0.00344,0.32113,0.95
7,48,hybrid,HYBRID_ALPHA0.3_BETA0.7,0.3,0.7,300,1.0,1.61668,0.68424,0.25676,0.19105,0.33621,0.0395,,0.00308,0.23368,0.85
7,48,hybrid,HYBRID_ALPHA0.4_BETA0.6,0.4,0.6,300,1.0,1.52168,0.67468,0.26656,0.19208,0.33811,0.04861,,0.00311,0.22027,0.875
7,48,hybrid,HYBRID_ALPHA0.5_BETA0.5,0.5,0.5,300,1.0,1.49499,0.67424,0.27002,0.32656,0.4362,0.0705,,0.00636,0.20897,0.85
7,48,hybrid,HYBRID_ALPHA0.6_BETA0.4,0.6,0.4,300,1.0,1.44823,0.67241,0.26972,0.6947,0.69598,0.12157,,0.00991,0.14302,0.8
7,48,hybrid,HYBRID_ALPHA0.7_BETA0.3,0.7,0.3,300,1.0,1.40722,0.6704,0.27243,0.74068,0.72187,0.13118,,0.0105,0.10457,0.775
7,48,hybrid,HYBRID_ALPHA0.8_BETA0.2,0.8,0.2,300,1.0,1.33355,0.66445,0.26914,0.35773,0.4352,0.18661,,0.01206,0.21452,0.875
7,48,hybrid,HYBRID_ALPHA0.9_BETA0.1,0.9,0.1,300,1.0,1.31473,0.68013,0.2806,0.30728,0.40707,0.25412,,0.01682,0.20234,0.875
7,48,hybrid,HYBRID_ALPHA0.1_BETA0.9,0.1,0.9,300,0.0,1.63466,0.70335,0.24869,0.61338,0.60733,0.07875,,0.00229,0.34916,0.925
7,48,hybrid,HYBRID_ALPHA0.2_BETA0.8,0.2,0.8,300,0.0,1.69383,0.69582,0.24711,0.60199,0.60037,0.06483,,0.00258,0.29745,0.85
7,48,hybrid,HYBRID_ALPHA0.3_BETA0.7,0.3,0.7,300,0.0,1.61668,0.68424,0.25676,0.61358,0.6066,0.07562,,0.00264,0.19553,0.85
7,48,hybrid,HYBRID_ALPHA0.4_BETA0.6,0.4,0.6,300,0.0,1.52168,0.67468,0.26656,0.61984,0.61028,0.08132,,0.00267,0.17976,0.825
7,48,hybrid,HYBRID_ALPHA0.5_BETA0.5,0.5,0.5,300,0.0,1.49499,0.67424,0.27002,0.63975,0.612,0.07359,,0.00328,0.1635,0.825
7,48,hybrid,HYBRID_ALPHA0.6_BETA0.4,0.6,0.4,300,0.0,1.44823,0.67241,0.26972,0.82367,0.69495,0.10621,,0.00452,0.09284,0.7
7,48,hybrid,HYBRID_ALPHA0.7_BETA0.3,0.7,0.3,300,0.0,1.40722,0.6704,0.27243,0.80693,0.68664,0.10925,,0.00465,0.06021,0.65
7,48,hybrid,HYBRID_ALPHA0.8_BETA0.2,0.8,0.2,300,0.0,1.33355,0.66445,0.26914,0.76002,0.67106,0.18425,,0.01109,0.17762,0.8
7,48,hybrid,HYBRID_ALPHA0.9_BETA0.1,0.9,0.1,300,0.0,1.31473,0.68013,0.2806,0.74625,0.67922,0.21071,,0.01245,0.16285,0.775
7,48,hybrid,HYBRID_ALPHA0.1_BETA0.9,0.1,0.9,500,1.0,0.9922,0.6472,0.05874,0.3314,0.43809,0.01241,,0.0019,0.37133,0.925
7,48,hybrid,HYBRID_ALPHA0.2_BETA0.8,0.2,0.8,500,1.0,1.07438,0.6281,0.10783,0.27333,0.38635,0.0158,,0.00174,0.30608,0.95
7,48,hybrid,HYBRID_ALPHA0.3_BETA0.7,0.3,0.7,500,1.0,1.06025,0.60504,0.11904,0.24118,0.35939,0.02681,,0.00196,0.21488,0.875
7,48,hybrid,HYBRID_ALPHA0.4_BETA0.6,0.4,0.6,500,1.0,0.98773,0.5781,0.11837,0.41698,0.50701,0.03761,,0.00283,0.17125,0.85
7,48,hybrid,HYBRID_ALPHA0.5_BETA0.5,0.5,0.5,500,1.0,0.96743,0.56977,0.12056,0.17685,0.32424,0.0251,,0.0018,0.15911,0.825
7,48,hybrid,HYBRID_ALPHA0.6_BETA0.4,0.6,0.4,500,1.0,0.91077,0.55284,0.123,0.32413,0.41887,0.21846,,0.01501,0.30235,0.875
7,48,hybrid,HYBRID_ALPHA0.7_BETA0.3,0.7,0.3,500,1.0,0.89429,0.54828,0.12941,0.33343,0.42677,0.22847,,0.0157,0.30167,0.9
7,48,hybrid,HYBRID_ALPHA0.8_BETA0.2,0.8,0.2,500,1.0,0.8317,0.53945,0.12336,0.29093,0.40949,0.27083,,0.01867,0.30991,0.925
7,48,hybrid,HYBRID_ALPHA0.9_BETA0.1,0.9,0.1,500,1.0,0.76646,0.53668,0.12886,0.29827,0.41966,0.29371,,0.02035,0.30266,0.925
7,48,hybrid,HYBRID_ALPHA0.1_BETA0.9,0.1,0.9,500,0.0,0.9922,0.6472,0.05874,0.75045,0.65628,0.06047,,0.00437,0.36071,0.925
7,48,hybrid,HYBRID_ALPHA0.2_BETA0.8,0.2,0.8,500,0.0,1.07438,0.6281,0.10783,0.72027,0.6455,0.07247,,0.00438,0.28419,0.85
7,48,hybrid,HYBRID_ALPHA0.3_BETA0.7,0.3,0.7,500,0.0,1.06025,0.60504,0.11904,0.67969,0.62638,0.09036,,0.00459,0.17876,0.825
7,48,hybrid,HYBRID_ALPHA0.4_BETA0.6,0.4,0.6,500,0.0,0.98773,0.5781,0.11837,0.82306,0.69558,0.08973,,0.0043,0.13049,0.825
7,48,hybrid,HYBRID_ALPHA0.5_BETA0.5,0.5,0.5,500,0.0,0.96743,0.56977,0.12056,0.62031,0.60648,0.08728,,0.00487,0.12019,0.8
7,48,hybrid,HYBRID_ALPHA0.6_BETA0.4,0.6,0.4,500,0.0,0.91077,0.55284,0.123,0.77867,0.67721,0.19592,,0.01191,0.27686,0.875
7,48,hybrid,HYBRID_ALPHA0.7_BETA0.3,0.7,0.3,500,0.0,0.89429,0.54828,0.12941,0.78427,0.67982,0.20018,,0.01208,0.2757,0.875
7,48,hybrid,HYBRID_ALPHA0.8_BETA0.2,0.8,0.2,500,0.0,0.8317,0.53945,0.12336,0.76486,0.67665,0.22341,,0.01311,0.28496,0.875
7,48,hybrid,HYBRID_ALPHA0.9_BETA0.1,0.9,0.1,500,0.0,0.76646,0.53668,0.12886,0.77404,0.68121,0.23138,,0.01333,0.27601,0.875
7,48,mse,MSE,1.0,0.0,50,1.0,2.0008,0.64091,0.15124,0.42856,0.55927,0.1769,,0.00933,0.12231,0.825
7,48,mse,MSE,1.0,0.0,50,0.0,2.0008,0.64091,0.15124,0.63512,0.63185,0.04442,,0.004,0.06147,0.7
7,48,mse,MSE,1.0,0.0,100,1.0,2.21633,0.77186,0.3364,0.21049,0.35436,0.11176,,0.00839,0.06703,0.65
7,48,mse,MSE,1.0,0.0,100,0.0,2.21633,0.77186,0.3364,0.59843,0.59144,0.03988,,0.00442,0.03657,0.6
7,48,mse,MSE,1.0,0.0,300,1.0,1.29787,0.69469,0.29097,0.33412,0.46399,0.39827,,0.0271,0.2966,0.9
7,48,mse,MSE,1.0,0.0,300,0.0,1.29787,0.69469,0.29097,0.8529,0.71509,0.28076,,0.01411,0.26945,0.875
7,48,mse,MSE,1.0,0.0,500,1.0,0.66408,0.54214,0.15571,0.32973,0.46067,0.39025,,0.02674,0.29056,0.925
7,48,mse,MSE,1.0,0.0,500,0.0,0.66408,0.54214,0.15571,0.84155,0.70903,0.2737,,0.01405,0.26243,0.85
8,49,hsic,HSIC,0.0,1.0,50,1.0,5.00919,1.09954,0.38487,0.90358,0.71786,0.32345,,0.00813,0.08986,0.75
8,49,hsic,HSIC,0.0,1.0,50,0.0,5.00919,1.09954,0.38487,1.00005,0.75675,0.16196,,0.00269,0.05253,0.75
8,49,hsic,HSIC,0.0,1.0,100,1.0,3.80317,1.04366,0.39208,0.39063,0.47679,0.13676,,0.00696,0.31679,0.925
8,49,hsic,HSIC,0.0,1.0,100,0.0,3.80317,1.04366,0.39208,0.91936,0.68924,0.12441,,0.00161,0.30227,0.9
8,49,hsic,HSIC,0.0,1.0,300,1.0,3.50295,1.09587,0.20142,0.341,0.38838,0.06486,,0.0,0.30307,0.925
8,49,hsic,HSIC,0.0,1.0,300,0.0,3.50295,1.09587,0.20142,0.76535,0.6474,0.04617,,0.00034,0.2811,0.875
8,49,hsic,HSIC,0.0,1.0,500,1.0,3.70942,1.16309,0.17668,0.30524,0.41488,0.12,,0.00157,0.28469,0.95
8,49,hsic,HSIC,0.0,1.0,500,0.0,3.70942,1.16309,0.17668,0.74463,0.66159,0.12291,,0.00324,0.25911,0.875
8,49,hybrid,HYBRID_ALPHA0.1_BETA0.9,0.1,0.9,50,1.0,5.0028,1.09824,0.38475,0.24568,0.39513,0.12395,,0.00779,0.06686,0.75
8,49,hybrid,HYBRID_ALPHA0.2_BETA0.8,0.2,0.8,50,1.0,4.82859,1.07735,0.3858,0.41548,0.53581,0.1667,,0.00661,0.09025,0.825
8,49,hybrid,HYBRID_ALPHA0.3_BETA0.7,0.3,0.7,50,1.0,4.0597,0.98985,0.39216,0.38947,0.51048,0.16603,,0.00717,0.08468,0.775
8,49,hybrid,HYBRID_ALPHA0.4_BETA0.6,0.4,0.6,50,1.0,3.77164,0.95011,0.38828,0.24557,0.40196,0.15079,,0.01131,0.06952,0.75
8,49,hybrid,HYBRID_ALPHA0.5_BETA0.5,0.5,0.5,50,1.0,3.65673,0.9378,0.38757,0.36553,0.49048,0.17391,,0.00917,0.08249,0.8
8,49,hybrid,HYBRID_ALPHA0.6_BETA0.4,0.6,0.4,50,1.0,3.55642,0.92911,0.38653,0.35919,0.48616,0.17391,,0.01018,0.08243,0.8
8,49,hybrid,HYBRID_ALPHA0.7_BETA0.3,0.7,0.3,50,1.0,3.46208,0.92009,0.38687,0.35898,0.48186,0.17602,,0.0116,0.08264,0.8
8,49,hybrid,HYBRID_ALPHA0.8_BETA0.2,0.8,0.2,50,1.0,3.38873,0.91274,0.38541,0.33156,0.46871,0.16071,,0.00867,0.07692,0.8
8,49,hybrid,HYBRID_ALPHA0.9_BETA0.1,0.9,0.1,50,1.0,3.27157,0.90105,0.38574,0.40468,0.53655,0.20395,,0.01748,0.09363,0.825
8,49,hybrid,HYBRID_ALPHA0.1_BETA0.9,0.1,0.9,50,0.0,5.0028,1.09824,0.38475,0.6253,0.62523,0.09689,,0.0076,0.04091,0.75
8,49,hybrid,HYBRID_ALPHA0.2_BETA0.8,0.2,0.8,50,0.0,4.82859,1.07735,0.3858,0.68661,0.63822,0.06555,,0.00383,0.03887,0.7
8,49,hybrid,HYBRID_ALPHA0.3_BETA0.7,0.3,0.7,50,0.0,4.0597,0.98985,0.39216,0.66462,0.62581,0.06235,,0.00378,0.03707,0.7
8,49,hybrid,HYBRID_ALPHA0.4_BETA0.6,0.4,0.6,50,0.0,3.77164,0.95011,0.38828,0.65591,0.64457,0.12436,,0.00838,0.0425,0.725
8,49,hybrid,HYBRID_ALPHA0.5_BETA0.5,0.5,0.5,50,0.0,3.65673,0.9378,0.38757,0.63673,0.61148,0.06081,,0.0046,0.03633,0.675
8,49,hybrid,HYBRID_ALPHA0.6_BETA0.4,0.6,0.4,50,0.0,3.55642,0.92911,0.38653,0.62161,0.60567,0.05598,,0.00482,0.03611,0.675
8,49,hybrid,HYBRID_ALPHA0.7_BETA0.3,0.7,0.3,50,0.0,3.46208,0.92009,0.38687,0.61308,0.60563,0.05162,,0.00497,0.03574,0.65
8,49,hybrid,HYBRID_ALPHA0.8_BETA0.2,0.8,0.2,50,0.0,3.38873,0.91274,0.38541,0.67573,0.6323,0.04327,,0.0031,0.03558,0.675
8,49,hybrid,HYBRID_ALPHA0.9_BETA0.1,0.9,0.1,50,0.0,3.27157,0.90105,0.38574,0.65939,0.63736,0.03391,,0.0053,0.0343,0.725
8,49,hybrid,HYBRID_ALPHA0.1_BETA0.9,0.1,0.9,100,1.0,3.64355,1.03404,0.39195,0.28952,0.38307,0.07179,,0.00091,0.06338,0.75
8,49,hybrid,HYBRID_ALPHA0.2_BETA0.8,0.2,0.8,100,1.0,4.36557,0.65525,0.07623,0.25774,0.35813,0.05467,,0.00106,0.06069,0.775
8,49,hybrid,HYBRID_ALPHA0.3_BETA0.7,0.3,0.7,100,1.0,4.4279,0.67331,0.13102,0.25551,0.35219,0.04372,,0.00041,0.05069,0.675
8,49,hybrid,HYBRID_ALPHA0.4_BETA0.6,0.4,0.6,100,1.0,4.32286,0.66558,0.1368,0.23324,0.38858,0.02897,,0.00146,0.05164,0.7
8,49,hybrid,HYBRID_ALPHA0.5_BETA0.5,0.5,0.5,100,1.0,4.27747,0.67227,0.14665,0.25107,0.40361,0.02011,,0.00144,0.05157,0.7
8,49,hybrid,HYBRID_ALPHA0.6_BETA0.4,0.6,0.4,100,1.0,4.20441,0.67851,0.15596,0.26137,0.40677,0.01751,,0.00135,0.05154,0.675
8,49,hybrid,HYBRID_ALPHA0.7_BETA0.3,0.7,0.3,100,1.0,4.12034,0.67738,0.14186,0.27168,0.40762,0.01534,,0.0012,0.05222,0.7
8,49,hybrid,HYBRID_ALPHA0.8_BETA0.2,0.8,0.2,100,1.0,4.05856,0.68995,0.17299,0.29895,0.42268,0.01631,,0.00112,0.05274,0.7
8,49,hybrid,HYBRID_ALPHA0.9_BETA0.1,0.9,0.1,100,1.0,3.9672,0.69122,0.18128,0.74406,0.65265,0.14942,,0.01124,0.08208,0.675
8,49,hybrid,HYBRID_ALPHA0.1_BETA0.9,0.1,0.9,100,0.0,3.64355,1.03404,0.39195,0.64302,0.58831,0.01721,,0.00176,0.02655,0.55
8,49,hybrid,HYBRID_ALPHA0.2_BETA0.8,0.2,0.8,100,0.0,4.36557,0.65525,0.07623,0.61797,0.59899,0.03265,,0.00211,0.02845,0.575
8,49,hybrid,HYBRID_ALPHA0.3_BETA0.7,0.3,0.7,100,0.0,4.4279,0.67331,0.13102,0.60916,0.59537,0.04287,,0.00296,0.02954,0.55
8,49,hybrid,HYBRID_ALPHA0.4_BETA0.6,0.4,0.6,100,0.0,4.32286,0.66558,0.1368,0.56324,0.59584,0.01899,,0.00179,0.02394,0.575
8,49,hybrid,HYBRID_ALPHA0.5_BETA0.5,0.5,0.5,100,0.0,4.27747,0.67227,0.14665,0.5705,0.59648,0.01568,,0.00172,0.02326,0.625
8,49,hybrid,HYBRID_ALPHA0.6_BETA0.4,0.6,0.4,100,0.0,4.20441,0.67851,0.15596,0.58003,0.59604,0.01443,,0.00164,0.02306,0.625
8,49,hybrid,HYBRID_ALPHA0.7_BETA0.3,0.7,0.3,100,0.0,4.12034,0.67738,0.14186,0.59073,0.59115,0.01247,,0.00149,0.02278,0.6
8,49,hybrid,HYBRID_ALPHA0.8_BETA0.2,0.8,0.2,100,0.0,4.05856,0.68995,0.17299,0.61276,0.59187,0.01248,,0.00131,0.02238,0.65
8,49,hybrid,HYBRID_ALPHA0.9_BETA0.1,0.9,0.1,100,0.0,3.9672,0.69122,0.18128,1.03039,0.72815,0.06214,,0.00537,0.03393,0.575
8,49,hybrid,HYBRID_ALPHA0.1_BETA0.9,0.1,0.9,300,1.0,0.9912,0.64486,0.03759,0.563,0.47331,0.19042,,0.0,0.06872,0.75
8,49,hybrid,HYBRID_ALPHA0.2_BETA0.8,0.2,0.8,300,1.0,0.541,0.58015,0.04863,0.44733,0.43784,0.16453,,7e-05,0.06806,0.725
8,49,hybrid,HYBRID_ALPHA0.3_BETA0.7,0.3,0.7,300,1.0,0.72862,0.53991,0.09278,0.33743,0.3986,0.12178,,0.00137,0.06615,0.725
8,49,hybrid,HYBRID_ALPHA0.4_BETA0.6,0.4,0.6,300,1.0,0.70306,0.49725,0.10186,0.26517,0.36789,0.08371,,0.0022,0.06357,0.7
8,49,hybrid,HYBRID_ALPHA0.5_BETA0.5,0.5,0.5,300,1.0,0.63919,0.48871,0.10516,0.22675,0.35254,0.0583,,0.00181,0.06234,0.775
8,49,hybrid,HYBRID_ALPHA0.6_BETA0.4,0.6,0.4,300,1.0,0.7183,0.50483,0.11098,0.23676,0.35838,0.06966,,0.00169,0.06066,0.675
8,49,hybrid,HYBRID_ALPHA0.7_BETA0.3,0.7,0.3,300,1.0,0.73416,0.50895,0.12092,0.22168,0.34496,0.05198,,0.00159,0.05778,0.7
8,49,hybrid,HYBRID_ALPHA0.8_BETA0.2,0.8,0.2,300,1.0,0.73329,0.50822,0.12838,0.22082,0.33225,0.01874,,0.00117,0.05142,0.75
8,49,hybrid,HYBRID_ALPHA0.9_BETA0.1,0.9,0.1,300,1.0,0.74883,0.51251,0.13654,0.19633,0.32496,0.02192,,0.00122,0.05028,0.65
8,49,hybrid,HYBRID_ALPHA0.1_BETA0.9,0.1,0.9,300,0.0,0.9912,0.64486,0.03759,0.82689,0.66211,0.05929,,0.00183,0.0296,0.725
8,49,hybrid,HYBRID_ALPHA0.2_BETA0.8,0.2,0.8,300,0.0,0.541,0.58015,0.04863,0.74587,0.63447,0.0377,,0.00231,0.03098,0.7
8,49,hybrid,HYBRID_ALPHA0.3_BETA0.7,0.3,0.7,300,0.0,0.72862,0.53991,0.09278,0.66357,0.60036,0.03329,,0.00296,0.03188,0.75
8,49,hybrid,HYBRID_ALPHA0.4_BETA0.6,0.4,0.6,300,0.0,0.70306,0.49725,0.10186,0.62616,0.6023,0.05528,,0.00422,0.03282,0.725
8,49,hybrid,HYBRID_ALPHA0.5_BETA0.5,0.5,0.5,300,0.0,0.63919,0.48871,0.10516,0.58833,0.59532,0.06042,,0.00385,0.03257,0.775
8,49,hybrid,HYBRID_ALPHA0.6_BETA0.4,0.6,0.4,300,0.0,0.7183,0.50483,0.11098,0.59059,0.5986,0.06351,,0.00439,0.0345,0.675
8,49,hybrid,HYBRID_ALPHA0.7_BETA0.3,0.7,0.3,300,0.0,0.73416,0.50895,0.12092,0.58842,0.59771,0.06192,,0.00448,0.03418,0.725
8,49,hybrid,HYBRID_ALPHA0.8_BETA0.2,0.8,0.2,300,0.0,0.73329,0.50822,0.12838,0.57275,0.58906,0.03766,,0.00306,0.03251,0.725
8,49,hybrid,HYBRID_ALPHA0.9_BETA0.1,0.9,0.1,300,0.0,0.74883,0.51251,0.13654,0.57089,0.59275,0.03902,,0.00252,0.03041,0.6
8,49,hybrid,HYBRID_ALPHA0.1_BETA0.9,0.1,0.9,500,1.0,0.98288,0.61861,0.03685,0.21408,0.34484,0.05464,,0.00315,0.0518,0.7
8,49,hybrid,HYBRID_ALPHA0.2_BETA0.8,0.2,0.8,500,1.0,0.79854,0.5289,0.06201,0.20931,0.34095,0.0517,,0.00324,0.05023,0.7
8,49,hybrid,HYBRID_ALPHA0.3_BETA0.7,0.3,0.7,500,1.0,0.81363,0.51228,0.06401,0.21038,0.34103,0.05681,,0.00369,0.04975,0.675
8,49,hybrid,HYBRID_ALPHA0.4_BETA0.6,0.4,0.6,500,1.0,0.82403,0.5004,0.06681,0.20938,0.33542,0.0469,,0.00289,0.04818,0.6
8,49,hybrid,HYBRID_ALPHA0.5_BETA0.5,0.5,0.5,500,1.0,0.76965,0.49111,0.06978,0.20733,0.33708,0.05252,,0.00344,0.04807,0.675
8,49,hybrid,HYBRID_ALPHA0.6_BETA0.4,0.6,0.4,500,1.0,0.66152,0.48582,0.07444,0.21036,0.34,0.07074,,0.00465,0.04759,0.675
8,49,hybrid,HYBRID_ALPHA0.7_BETA0.3,0.7,0.3,500,1.0,0.5845,0.4784,0.08404,0.21195,0.3535,0.03654,,0.00288,0.0415,0.725
8,49,hybrid,HYBRID_ALPHA0.8_BETA0.2,0.8,0.2,500,1.0,0.47353,0.45558,0.09278,0.26838,0.40965,0.28475,,0.02015,0.06398,0.625
8,49,hybrid,HYBRID_ALPHA0.9_BETA0.1,0.9,0.1,500,1.0,0.47372,0.45958,0.10634,0.27624,0.41697,0.30196,,0.0214,0.06477,0.625
8,49,hybrid,HYBRID_ALPHA0.1_BETA0.9,0.1,0.9,500,0.0,0.98288,0.61861,0.03685,0.63403,0.61853,0.10728,,0.0063,0.03114,0.575
8,49,hybrid,HYBRID_ALPHA0.2_BETA0.8,0.2,0.8,500,0.0,0.79854,0.5289,0.06201,0.64323,0.62235,0.11742,,0.00668,0.03258,0.575
8,49,hybrid,HYBRID_ALPHA0.3_BETA0.7,0.3,0.7,500,0.0,0.81363,0.51228,0.06401,0.6525,0.62635,0.12744,,0.00718,0.03386,0.575
8,49,hybrid,HYBRID_ALPHA0.4_BETA0.6,0.4,0.6,500,0.0,0.82403,0.5004,0.06681,0.63284,0.61845,0.11024,,0.00662,0.03284,0.575
8,49,hybrid,HYBRID_ALPHA0.5_BETA0.5,0.5,0.5,500,0.0,0.76965,0.49111,0.06978,0.6397,0.62271,0.11765,,0.00704,0.03357,0.575
8,49,hybrid,HYBRID_ALPHA0.6_BETA0.4,0.6,0.4,500,0.0,0.66152,0.48582,0.07444,0.65513,0.63344,0.13192,,0.00814,0.03554,0.65
8,49,hybrid,HYBRID_ALPHA0.7_BETA0.3,0.7,0.3,500,0.0,0.5845,0.4784,0.08404,0.5897,0.62144,0.02652,,0.00233,0.0288,0.625
8,49,hybrid,HYBRID_ALPHA0.8_BETA0.2,0.8,0.2,500,0.0,0.47353,0.45558,0.09278,0.78438,0.68769,0.2402,,0.0132,0.03983,0.65
8,49,hybrid,HYBRID_ALPHA0.9_BETA0.1,0.9,0.1,500,0.0,0.47372,0.45958,0.10634,0.79376,0.692,0.24632,,0.01339,0.04006,0.625
8,49,mse,MSE,1.0,0.0,50,1.0,2.10902,0.72191,0.27534,0.36212,0.5041,0.20371,,0.01666,0.08799,0.825
8,49,mse,MSE,1.0,0.0,50,0.0,2.10902,0.72191,0.27534,0.6658,0.63721,0.03872,,0.00612,0.03582,0.775
8,49,mse,MSE,1.0,0.0,100,1.0,3.89801,0.70133,0.20405,0.32906,0.45265,0.35955,,0.02469,0.06666,0.75
8,49,mse,MSE,1.0,0.0,100,0.0,3.89801,0.70133,0.20405,0.76,0.68746,0.22079,,0.01301,0.04276,0.625
8,49,mse,MSE,1.0,0.0,300,1.0,0.74356,0.51673,0.14963,0.34085,0.46967,0.39671,,0.02742,0.0742,0.75
8,49,mse,MSE,1.0,0.0,300,0.0,0.74356,0.51673,0.14963,0.80393,0.70233,0.25252,,0.01407,0.04663,0.675
8,49,mse,MSE,1.0,0.0,500,1.0,0.43706,0.45744,0.1139,0.28774,0.42782,0.32164,,0.02275,0.06258,0.7
8,49,mse,MSE,1.0,0.0,500,0.0,0.43706,0.45744,0.1139,0.79493,0.69456,0.24921,,0.01374,0.04052,0.65
9,50,hsic,HSIC,0.0,1.0,50,1.0,4.15364,1.12576,0.26366,4.23975,1.09218,0.57664,,0.01641,0.07629,0.725
9,50,hsic,HSIC,0.0,1.0,50,0.0,4.15364,1.12576,0.26366,4.99035,1.20835,0.32808,,0.00176,0.03836,0.625
9,50,hsic,HSIC,0.0,1.0,100,1.0,5.01407,1.10255,0.38733,1.12221,0.84222,0.39888,,0.01568,0.18644,0.8
9,50,hsic,HSIC,0.0,1.0,100,0.0,5.01407,1.10255,0.38733,1.21815,0.8554,0.21506,,0.00762,0.14801,0.75
9,50,hsic,HSIC,0.0,1.0,300,1.0,2.6974,0.92859,0.20007,1.06822,0.83831,0.2218,,0.01868,0.21776,0.85
9,50,hsic,HSIC,0.0,1.0,300,0.0,2.6974,0.92859,0.20007,0.97283,0.77779,0.12854,,0.00806,0.20032,0.875
9,50,hsic,HSIC,0.0,1.0,500,1.0,2.73932,0.93693,0.17237,1.17637,0.77761,0.64168,,0.02736,0.16948,0.85
9,50,hsic,HSIC,0.0,1.0,500,0.0,2.73932,0.93693,0.17237,1.2966,0.84402,0.36163,,0.01144,0.12872,0.8
9,50,hybrid,HYBRID_ALPHA0.1_BETA0.9,0.1,0.9,50,1.0,4.0708,0.99565,0.3542,1.68325,0.83825,0.60743,,0.01962,0.07597,0.75
9,50,hybrid,HYBRID_ALPHA0.2_BETA0.8,0.2,0.8,50,1.0,4.13175,0.97886,0.3418,0.58183,0.57167,0.45004,,0.01811,0.06696,0.725
9,50,hybrid,HYBRID_ALPHA0.3_BETA0.7,0.3,0.7,50,1.0,7.30127,0.94964,0.19009,0.43186,0.51848,0.33596,,0.01409,0.06516,0.625
9,50,hybrid,HYBRID_ALPHA0.4_BETA0.6,0.4,0.6,50,1.0,6.57664,0.96444,0.21892,0.42238,0.52025,0.33892,,0.01472,0.06449,0.675
9,50,hybrid,HYBRID_ALPHA0.5_BETA0.5,0.5,0.5,50,1.0,6.29847,0.9636,0.26719,0.35195,0.48796,0.27603,,0.01572,0.0622,0.65
9,50,hybrid,HYBRID_ALPHA0.6_BETA0.4,0.6,0.4,50,1.0,4.79662,0.97432,0.30968,0.37113,0.50224,0.23975,,0.01195,0.06019,0.625
9,50,hybrid,HYBRID_ALPHA0.7_BETA0.3,0.7,0.3,50,1.0,4.04371,0.9311,0.31096,0.32415,0.47108,0.21739,,0.01153,0.05531,0.65
9,50,hybrid,HYBRID_ALPHA0.8_BETA0.2,0.8,0.2,50,1.0,2.86538,0.81016,0.28812,0.35381,0.49248,0.23754,,0.0127,0.05763,0.7
9,50,hybrid,HYBRID_ALPHA0.9_BETA0.1,0.9,0.1,50,1.0,2.68889,0.7354,0.12696,0.37154,0.50123,0.27037,,0.01361,0.0572,0.675
9,50,hybrid,HYBRID_ALPHA0.1_BETA0.9,0.1,0.9,50,0.0,4.0708,0.99565,0.3542,2.0443,0.94387,0.35371,,0.00519,0.0373,0.6
9,50,hybrid,HYBRID_ALPHA0.2_BETA0.8,0.2,0.8,50,0.0,4.13175,0.97886,0.3418,0.94018,0.73233,0.25058,,0.00753,0.0343,0.625
9,50,hybrid,HYBRID_ALPHA0.3_BETA0.7,0.3,0.7,50,0.0,7.30127,0.94964,0.19009,0.84174,0.69628,0.21877,,0.00695,0.0329,0.55
9,50,hybrid,HYBRID_ALPHA0.4_BETA0.6,0.4,0.6,50,0.0,6.57664,0.96444,0.21892,0.83326,0.69957,0.22629,,0.00761,0.03288,0.625
9,50,hybrid,HYBRID_ALPHA0.5_BETA0.5,0.5,0.5,50,0.0,6.29847,0.9636,0.26719,0.73317,0.66958,0.18805,,0.00834,0.03203,0.575
9,50,hybrid,HYBRID_ALPHA0.6_BETA0.4,0.6,0.4,50,0.0,4.79662,0.97432,0.30968,0.69185,0.64908,0.14848,,0.00662,0.03063,0.55
9,50,hybrid,HYBRID_ALPHA0.7_BETA0.3,0.7,0.3,50,0.0,4.04371,0.9311,0.31096,0.71517,0.67029,0.15206,,0.00636,0.03093,0.6
9,50,hybrid,HYBRID_ALPHA0.8_BETA0.2,0.8,0.2,50,0.0,2.86538,0.81016,0.28812,0.68196,0.64961,0.14289,,0.00733,0.03185,0.525
9,50,hybrid,HYBRID_ALPHA0.9_BETA0.1,0.9,0.1,50,0.0,2.68889,0.7354,0.12696,0.72657,0.67489,0.16652,,0.00688,0.0325,0.6
9,50,hybrid,HYBRID_ALPHA0.1_BETA0.9,0.1,0.9,100,1.0,2.17401,0.79079,0.29987,0.21377,0.36586,0.12946,,0.01017,0.03774,0.625
9,50,hybrid,HYBRID_ALPHA0.2_BETA0.8,0.2,0.8,100,1.0,1.96617,0.70337,0.23032,0.21938,0.36179,0.1374,,0.01026,0.03823,0.625
9,50,hybrid,HYBRID_ALPHA0.3_BETA0.7,0.3,0.7,100,1.0,1.99463,0.71123,0.26115,0.22168,0.36435,0.14313,,0.0105,0.03868,0.625
9,50,hybrid,HYBRID_ALPHA0.4_BETA0.6,0.4,0.6,100,1.0,2.99975,0.9319,0.29809,0.22873,0.35454,0.07555,,0.00713,0.0337,0.725
9,50,hybrid,HYBRID_ALPHA0.5_BETA0.5,0.5,0.5,100,1.0,2.4828,0.85181,0.3021,0.22405,0.35957,0.05617,,0.00715,0.0333,0.7
9,50,hybrid,HYBRID_ALPHA0.6_BETA0.4,0.6,0.4,100,1.0,2.34561,0.81833,0.29678,0.22176,0.36277,0.05031,,0.00711,0.03348,0.75
9,50,hybrid,HYBRID_ALPHA0.7_BETA0.3,0.7,0.3,100,1.0,2.31212,0.81596,0.29635,0.22909,0.37234,0.05018,,0.00659,0.03427,0.725
9,50,hybrid,HYBRID_ALPHA0.8_BETA0.2,0.8,0.2,100,1.0,2.30783,0.80904,0.29318,0.23128,0.36708,0.03613,,0.00372,0.0364,0.725
9,50,hybrid,HYBRID_ALPHA0.9_BETA0.1,0.9,0.1,100,1.0,3.81346,1.06005,0.33287,0.24938,0.3785,0.0354,,0.003,0.04225,0.725
9,50,hybrid,HYBRID_ALPHA0.1_BETA0.9,0.1,0.9,100,0.0,2.17401,0.79079,0.29987,0.67932,0.65093,0.15462,,0.00988,0.04182,0.5
9,50,hybrid,HYBRID_ALPHA0.2_BETA0.8,0.2,0.8,100,0.0,1.96617,0.70337,0.23032,0.66809,0.64515,0.14791,,0.01008,0.0417,0.6
9,50,hybrid,HYBRID_ALPHA0.3_BETA0.7,0.3,0.7,100,0.0,1.99463,0.71123,0.26115,0.66783,0.64535,0.14524,,0.01008,0.0412,0.6
9,50,hybrid,HYBRID_ALPHA0.4_BETA0.6,0.4,0.6,100,0.0,2.99975,0.9319,0.29809,0.60138,0.61008,0.0415,,0.00466,0.04177,0.625
9,50,hybrid,HYBRID_ALPHA0.5_BETA0.5,0.5,0.5,100,0.0,2.4828,0.85181,0.3021,0.59436,0.61403,0.0358,,0.00492,0.04175,0.625
9,50,hybrid,HYBRID_ALPHA0.6_BETA0.4,0.6,0.4,100,0.0,2.34561,0.81833,0.29678,0.59016,0.6125,0.03253,,0.00508,0.04139,0.625
9,50,hybrid,HYBRID_ALPHA0.7_BETA0.3,0.7,0.3,100,0.0,2.31212,0.81596,0.29635,0.59326,0.60829,0.02858,,0.00449,0.03956,0.55
9,50,hybrid,HYBRID_ALPHA0.8_BETA0.2,0.8,0.2,100,0.0,2.30783,0.80904,0.29318,0.62564,0.60578,0.05269,,0.00659,0.0352,0.525
9,50,hybrid,HYBRID_ALPHA0.9_BETA0.1,0.9,0.1,100,0.0,3.81346,1.06005,0.33287,0.63292,0.60822,0.04948,,0.00613,0.03152,0.5
9,50,hybrid,HYBRID_ALPHA0.1_BETA0.9,0.1,0.9,300,1.0,1.94193,0.67524,0.07201,0.67621,0.47227,0.16324,,0.0,0.0589,0.7
9,50,hybrid,HYBRID_ALPHA0.2_BETA0.8,0.2,0.8,300,1.0,1.03415,0.59117,0.08244,0.45655,0.42673,0.1215,,0.0,0.05562,0.725
9,50,hybrid,HYBRID_ALPHA0.3_BETA0.7,0.3,0.7,300,1.0,0.90902,0.54987,0.1011,0.28788,0.37521,0.0937,,0.00369,0.05222,0.725
9,50,hybrid,HYBRID_ALPHA0.4_BETA0.6,0.4,0.6,300,1.0,1.31956,0.58958,0.17845,0.26347,0.37814,0.15518,,0.01003,0.05565,0.625
9,50,hybrid,HYBRID_ALPHA0.5_BETA0.5,0.5,0.5,300,1.0,1.22874,0.57194,0.15788,0.26061,0.38,0.1554,,0.01013,0.05573,0.625
9,50,hybrid,HYBRID_ALPHA0.6_BETA0.4,0.6,0.4,300,1.0,1.02109,0.52044,0.09223,0.25811,0.38312,0.16209,,0.0107,0.0561,0.65
9,50,hybrid,HYBRID_ALPHA0.7_BETA0.3,0.7,0.3,300,1.0,1.03989,0.52932,0.09841,0.25654,0.38998,0.18215,,0.01223,0.05754,0.675
9,50,hybrid,HYBRID_ALPHA0.8_BETA0.2,0.8,0.2,300,1.0,1.06241,0.5328,0.10134,0.26007,0.40138,0.20923,,0.01425,0.05896,0.65
9,50,hybrid,HYBRID_ALPHA0.9_BETA0.1,0.9,0.1,300,1.0,1.008,0.52874,0.10439,0.26584,0.40987,0.23265,,0.01603,0.06027,0.725
9,50,hybrid,HYBRID_ALPHA0.1_BETA0.9,0.1,0.9,300,0.0,1.94193,0.67524,0.07201,0.91754,0.65391,0.05839,,0.00139,0.02833,0.65
9,50,hybrid,HYBRID_ALPHA0.2_BETA0.8,0.2,0.8,300,0.0,1.03415,0.59117,0.08244,0.72813,0.61538,0.03891,,0.00216,0.02813,0.725
9,50,hybrid,HYBRID_ALPHA0.3_BETA0.7,0.3,0.7,300,0.0,0.90902,0.54987,0.1011,0.63934,0.62914,0.08958,,0.00603,0.03211,0.7
9,50,hybrid,HYBRID_ALPHA0.4_BETA0.6,0.4,0.6,300,0.0,1.31956,0.58958,0.17845,0.68717,0.659,0.15406,,0.00976,0.03528,0.575
9,50,hybrid,HYBRID_ALPHA0.5_BETA0.5,0.5,0.5,300,0.0,1.22874,0.57194,0.15788,0.69284,0.66305,0.15555,,0.00978,0.0354,0.575
9,50,hybrid,HYBRID_ALPHA0.6_BETA0.4,0.6,0.4,300,0.0,1.02109,0.52044,0.09223,0.7002,0.66714,0.15981,,0.00998,0.03554,0.575
9,50,hybrid,HYBRID_ALPHA0.7_BETA0.3,0.7,0.3,300,0.0,1.03989,0.52932,0.09841,0.71183,0.67145,0.16999,,0.01056,0.03593,0.525
9,50,hybrid,HYBRID_ALPHA0.8_BETA0.2,0.8,0.2,300,0.0,1.06241,0.5328,0.10134,0.72772,0.67695,0.18299,,0.01125,0.03638,0.6
9,50,hybrid,HYBRID_ALPHA0.9_BETA0.1,0.9,0.1,300,0.0,1.008,0.52874,0.10439,0.74053,0.6818,0.19371,,0.01176,0.03676,0.65
9,50,hybrid,HYBRID_ALPHA0.1_BETA0.9,0.1,0.9,500,1.0,1.82044,0.69011,0.26545,0.43615,0.41989,0.13171,,0.0,0.05259,0.65
9,50,hybrid,HYBRID_ALPHA0.2_BETA0.8,0.2,0.8,500,1.0,1.10694,0.55081,0.11375,0.32139,0.39732,0.08506,,0.0,0.0492,0.7
9,50,hybrid,HYBRID_ALPHA0.3_BETA0.7,0.3,0.7,500,1.0,0.50706,0.50551,0.13486,0.24516,0.36107,0.04517,,0.00081,0.04722,0.675
9,50,hybrid,HYBRID_ALPHA0.4_BETA0.6,0.4,0.6,500,1.0,0.46785,0.49157,0.09486,0.36926,0.43423,0.08577,,0.0,0.0533,0.7
9,50,hybrid,HYBRID_ALPHA0.5_BETA0.5,0.5,0.5,500,1.0,0.95184,0.53584,0.09581,0.34491,0.41739,0.06463,,0.0,0.05163,0.65
9,50,hybrid,HYBRID_ALPHA0.6_BETA0.4,0.6,0.4,500,1.0,0.56231,0.51095,0.10856,0.29824,0.40497,0.04038,,0.00084,0.0516,0.7
9,50,hybrid,HYBRID_ALPHA0.7_BETA0.3,0.7,0.3,500,1.0,0.45238,0.48498,0.10174,0.27769,0.39518,0.02911,,0.00134,0.05088,0.625
9,50,hybrid,HYBRID_ALPHA0.8_BETA0.2,0.8,0.2,500,1.0,0.46592,0.48806,0.10568,0.26132,0.39806,0.02967,,0.0022,0.05042,0.625
9,50,hybrid,HYBRID_ALPHA0.9_BETA0.1,0.9,0.1,500,1.0,0.46832,0.48996,0.11029,0.25436,0.39589,0.04236,,0.00314,0.04934,0.6
9,50,hybrid,HYBRID_ALPHA0.1_BETA0.9,0.1,0.9,500,0.0,1.82044,0.69011,0.26545,0.70121,0.60282,0.03524,,0.00187,0.02857,0.625
9,50,hybrid,HYBRID_ALPHA0.2_BETA0.8,0.2,0.8,500,0.0,1.10694,0.55081,0.11375,0.62324,0.60407,0.02689,,0.00219,0.02897,0.625
9,50,hybrid,HYBRID_ALPHA0.3_BETA0.7,0.3,0.7,500,0.0,0.50706,0.50551,0.13486,0.6037,0.6232,0.04487,,0.00349,0.03228,0.65
9,50,hybrid,HYBRID_ALPHA0.4_BETA0.6,0.4,0.6,500,0.0,0.46785,0.49157,0.09486,0.67737,0.62457,0.02525,,0.00139,0.03017,0.725
9,50,hybrid,HYBRID_ALPHA0.5_BETA0.5,0.5,0.5,500,0.0,0.95184,0.53584,0.09581,0.67821,0.63257,0.02063,,0.00128,0.03183,0.7
9,50,hybrid,HYBRID_ALPHA0.6_BETA0.4,0.6,0.4,500,0.0,0.56231,0.51095,0.10856,0.64471,0.64083,0.01548,,0.0016,0.03301,0.675
9,50,hybrid,HYBRID_ALPHA0.7_BETA0.3,0.7,0.3,500,0.0,0.45238,0.48498,0.10174,0.63943,0.64832,0.01431,,0.0018,0.03484,0.725
9,50,hybrid,HYBRID_ALPHA0.8_BETA0.2,0.8,0.2,500,0.0,0.46592,0.48806,0.10568,0.63493,0.65565,0.01686,,0.00205,0.03608,0.7
9,50,hybrid,HYBRID_ALPHA0.9_BETA0.1,0.9,0.1,500,0.0,0.46832,0.48996,0.11029,0.63958,0.66037,0.02051,,0.00222,0.03755,0.65
9,50,mse,MSE,1.0,0.0,50,1.0,2.88764,0.79275,0.25848,0.63625,0.61114,0.56904,,0.02844,0.07199,0.75
9,50,mse,MSE,1.0,0.0,50,0.0,2.88764,0.79275,0.25848,0.97527,0.75413,0.3099,,0.01329,0.04021,0.65
9,50,mse,MSE,1.0,0.0,100,1.0,3.5274,1.00175,0.32051,0.18758,0.33785,0.10713,,0.01036,0.04272,0.675
9,50,mse,MSE,1.0,0.0,100,0.0,3.5274,1.00175,0.32051,0.6548,0.63983,0.1193,,0.0079,0.02958,0.575
9,50,mse,MSE,1.0,0.0,300,1.0,2.17249,0.72148,0.3191,0.27319,0.41912,0.25941,,0.01806,0.06169,0.8
9,50,mse,MSE,1.0,0.0,300,0.0,2.17249,0.72148,0.3191,0.75363,0.68649,0.20631,,0.01232,0.03705,0.525
9,50,mse,MSE,1.0,0.0,500,1.0,0.51508,0.49917,0.11735,0.24217,0.39433,0.08184,,0.00549,0.04924,0.65
9,50,mse,MSE,1.0,0.0,500,0.0,0.51508,0.49917,0.11735,0.64771,0.66898,0.03538,,0.00294,0.04084,0.675
10,51,hsic,HSIC,0.0,1.0,50,1.0,4.82165,1.08118,0.39178,1.35941,0.87414,0.69279,,0.03706,0.31337,0.925
10,51,hsic,HSIC,0.0,1.0,50,0.0,4.82165,1.08118,0.39178,1.30557,0.80362,0.18754,,0.0,0.30429,0.9
10,51,hsic,HSIC,0.0,1.0,100,1.0,3.5571,1.15255,0.21134,0.43048,0.49731,0.19679,,0.00475,0.25228,0.9
10,51,hsic,HSIC,0.0,1.0,100,0.0,3.5571,1.15255,0.21134,0.7532,0.68382,0.11123,,0.0023,0.21902,0.85
10,51,hsic,HSIC,0.0,1.0,300,1.0,2.60135,0.92922,0.11438,0.74058,0.68392,0.16924,,0.00216,0.23117,0.9
10,51,hsic,HSIC,0.0,1.0,300,0.0,2.60135,0.92922,0.11438,0.87029,0.7386,0.09022,,0.00082,0.19891,0.875
10,51,hsic,HSIC,0.0,1.0,500,1.0,2.2936,0.93692,0.14172,0.57158,0.6048,0.11735,,0.00152,0.20022,0.875
10,51,hsic,HSIC,0.0,1.0,500,0.0,2.2936,0.93692,0.14172,0.7419,0.69046,0.04994,,0.00082,0.16435,0.8
10,51,hybrid,HYBRID_ALPHA0.1_BETA0.9,0.1,0.9,50,1.0,4.81524,1.08019,0.39177,0.3561,0.44991,0.40303,,0.01395,0.12083,0.825
10,51,hybrid,HYBRID_ALPHA0.2_BETA0.8,0.2,0.8,50,1.0,4.79656,1.07664,0.39198,0.29648,0.42467,0.35397,,0.01627,0.07863,0.75
10,51,hybrid,HYBRID_ALPHA0.3_BETA0.7,0.3,0.7,50,1.0,4.79302,1.07623,0.3919,0.24697,0.40119,0.23374,,0.01441,0.04244,0.7
10,51,hybrid,HYBRID_ALPHA0.4_BETA0.6,0.4,0.6,50,1.0,4.79251,1.07581,0.39208,0.25841,0.40174,0.28051,,0.017,0.04117,0.75
10,51,hybrid,HYBRID_ALPHA0.5_BETA0.5,0.5,0.5,50,1.0,4.79223,1.0757,0.39213,0.85187,0.65345,0.31261,,0.01592,0.05723,0.675
10,51,hybrid,HYBRID_ALPHA0.6_BETA0.4,0.6,0.4,50,1.0,4.79205,1.07567,0.39214,1.03386,0.71179,0.3278,,0.01592,0.06156,0.7
10,51,hybrid,HYBRID_ALPHA0.7_BETA0.3,0.7,0.3,50,1.0,4.79205,1.07567,0.39214,0.99633,0.70454,0.32594,,0.01573,0.06049,0.7
10,51,hybrid,HYBRID_ALPHA0.8_BETA0.2,0.8,0.2,50,1.0,4.79116,1.07534,0.39231,0.86214,0.66972,0.31703,,0.01517,0.05839,0.725
10,51,hybrid,HYBRID_ALPHA0.9_BETA0.1,0.9,0.1,50,1.0,4.79014,1.07514,0.39257,0.78459,0.64819,0.31687,,0.01348,0.06405,0.7
10,51,hybrid,HYBRID_ALPHA0.1_BETA0.9,0.1,0.9,50,0.0,4.81524,1.08019,0.39177,0.91422,0.72554,0.20432,,0.00313,0.08228,0.725
10,51,hybrid,HYBRID_ALPHA0.2_BETA0.8,0.2,0.8,50,0.0,4.79656,1.07664,0.39198,0.86139,0.70936,0.19186,,0.00483,0.04783,0.625
10,51,hybrid,HYBRID_ALPHA0.3_BETA0.7,0.3,0.7,50,0.0,4.79302,1.07623,0.3919,0.73147,0.66292,0.18189,,0.00874,0.03359,0.725
10,51,hybrid,HYBRID_ALPHA0.4_BETA0.6,0.4,0.6,50,0.0,4.79251,1.07581,0.39208,0.76816,0.67504,0.21522,,0.01081,0.03575,0.6
10,51,hybrid,HYBRID_ALPHA0.5_BETA0.5,0.5,0.5,50,0.0,4.79223,1.0757,0.39213,1.14419,0.8201,0.1905,,0.0116,0.0366,0.6
10,51,hybrid,HYBRID_ALPHA0.6_BETA0.4,0.6,0.4,50,0.0,4.79205,1.07567,0.39214,1.29767,0.85989,0.20978,,0.01152,0.04084,0.65
10,51,hybrid,HYBRID_ALPHA0.7_BETA0.3,0.7,0.3,50,0.0,4.79205,1.07567,0.39214,1.24172,0.84547,0.2074,,0.01117,0.04038,0.65
10,51,hybrid,HYBRID_ALPHA0.8_BETA0.2,0.8,0.2,50,0.0,4.79116,1.07534,0.39231,1.09045,0.79929,0.19531,,0.01006,0.03909,0.625
10,51,hybrid,HYBRID_ALPHA0.9_BETA0.1,0.9,0.1,50,0.0,4.79014,1.07514,0.39257,0.98601,0.75941,0.18821,,0.00797,0.04239,0.575
10,51,hybrid,HYBRID_ALPHA0.1_BETA0.9,0.1,0.9,100,1.0,2.17706,0.80254,0.27939,0.26723,0.37694,0.06756,,0.00416,0.05726,0.725
10,51,hybrid,HYBRID_ALPHA0.2_BETA0.8,0.2,0.8,100,1.0,1.73586,0.70332,0.25977,0.23906,0.34783,0.03722,,0.0016,0.04894,0.7
10,51,hybrid,HYBRID_ALPHA0.3_BETA0.7,0.3,0.7,100,1.0,1.72232,0.69123,0.26876,0.21964,0.3356,0.03309,,0.00144,0.04966,0.725
10,51,hybrid,HYBRID_ALPHA0.4_BETA0.6,0.4,0.6,100,1.0,1.7004,0.68253,0.27158,0.21732,0.33585,0.03423,,0.00141,0.04967,0.725
10,51,hybrid,HYBRID_ALPHA0.5_BETA0.5,0.5,0.5,100,1.0,1.71673,0.68257,0.27796,0.20511,0.32858,0.02728,,0.00139,0.04913,0.725
10,51,hybrid,HYBRID_ALPHA0.6_BETA0.4,0.6,0.4,100,1.0,1.73016,0.69013,0.28705,0.19874,0.3292,0.0214,,0.00142,0.04885,0.7
10,51,hybrid,HYBRID_ALPHA0.7_BETA0.3,0.7,0.3,100,1.0,1.73698,0.69598,0.29498,0.19529,0.33237,0.01696,,0.00138,0.0487,0.725
10,51,hybrid,HYBRID_ALPHA0.8_BETA0.2,0.8,0.2,100,1.0,3.33855,0.92119,0.39412,0.61955,0.59827,0.57238,,0.02787,0.1306,0.775
10,51,hybrid,HYBRID_ALPHA0.9_BETA0.1,0.9,0.1,100,1.0,2.27085,0.8716,0.39448,0.66981,0.61579,0.58615,,0.02793,0.13874,0.825
10,51,hybrid,HYBRID_ALPHA0.1_BETA0.9,0.1,0.9,100,0.0,2.17706,0.80254,0.27939,0.64687,0.63717,0.09402,,0.00497,0.03684,0.675
10,51,hybrid,HYBRID_ALPHA0.2_BETA0.8,0.2,0.8,100,0.0,1.73586,0.70332,0.25977,0.59326,0.58886,0.03637,,0.00277,0.03323,0.775
10,51,hybrid,HYBRID_ALPHA0.3_BETA0.7,0.3,0.7,100,0.0,1.72232,0.69123,0.26876,0.58756,0.59121,0.04668,,0.00359,0.03503,0.725
10,51,hybrid,HYBRID_ALPHA0.4_BETA0.6,0.4,0.6,100,0.0,1.7004,0.68253,0.27158,0.58412,0.58817,0.04299,,0.00358,0.03434,0.675
10,51,hybrid,HYBRID_ALPHA0.5_BETA0.5,0.5,0.5,100,0.0,1.71673,0.68257,0.27796,0.57579,0.59063,0.03989,,0.0034,0.03382,0.775
10,51,hybrid,HYBRID_ALPHA0.6_BETA0.4,0.6,0.4,100,0.0,1.73016,0.69013,0.28705,0.57407,0.59575,0.03916,,0.00333,0.03351,0.775
10,51,hybrid,HYBRID_ALPHA0.7_BETA0.3,0.7,0.3,100,0.0,1.73698,0.69598,0.29498,0.57327,0.59907,0.03762,,0.00317,0.03316,0.75
10,51,hybrid,HYBRID_ALPHA0.8_BETA0.2,0.8,0.2,100,0.0,3.33855,0.92119,0.39412,1.09574,0.79175,0.34673,,0.01238,0.0869,0.7
10,51,hybrid,HYBRID_ALPHA0.9_BETA0.1,0.9,0.1,100,0.0,2.27085,0.8716,0.39448,1.12974,0.80027,0.35167,,0.01233,0.09451,0.675
10,51,hybrid,HYBRID_ALPHA0.1_BETA0.9,0.1,0.9,300,1.0,1.41369,0.66055,0.0789,0.27426,0.37518,0.0951,,0.00313,0.04782,0.8
10,51,hybrid,HYBRID_ALPHA0.2_BETA0.8,0.2,0.8,300,1.0,0.63407,0.55158,0.0616,0.35462,0.39464,0.10716,,0.00152,0.04817,0.65
10,51,hybrid,HYBRID_ALPHA0.3_BETA0.7,0.3,0.7,300,1.0,0.62462,0.53246,0.08233,0.30165,0.37473,0.08746,,0.00225,0.04792,0.675
10,51,hybrid,HYBRID_ALPHA0.4_BETA0.6,0.4,0.6,300,1.0,1.11584,0.5547,0.10658,0.27067,0.36309,0.07566,,0.00297,0.04792,0.725
10,51,hybrid,HYBRID_ALPHA0.5_BETA0.5,0.5,0.5,300,1.0,1.01818,0.53741,0.1002,0.25298,0.35525,0.0738,,0.00388,0.04842,0.675
10,51,hybrid,HYBRID_ALPHA0.6_BETA0.4,0.6,0.4,300,1.0,1.02321,0.53295,0.11486,0.24504,0.35531,0.0941,,0.00588,0.0499,0.675
10,51,hybrid,HYBRID_ALPHA0.7_BETA0.3,0.7,0.3,300,1.0,1.02605,0.5462,0.12323,0.24651,0.36883,0.14938,,0.00994,0.05303,0.675
10,51,hybrid,HYBRID_ALPHA0.8_BETA0.2,0.8,0.2,300,1.0,1.04147,0.54795,0.12702,0.80799,0.64665,0.6178,,0.02701,0.09976,0.725
10,51,hybrid,HYBRID_ALPHA0.9_BETA0.1,0.9,0.1,300,1.0,0.7403,0.52191,0.14506,0.82445,0.65038,0.6214,,0.02697,0.10102,0.7
10,51,hybrid,HYBRID_ALPHA0.1_BETA0.9,0.1,0.9,300,0.0,1.41369,0.66055,0.0789,0.575,0.59086,0.0262,,0.00197,0.0272,0.575
10,51,hybrid,HYBRID_ALPHA0.2_BETA0.8,0.2,0.8,300,0.0,0.63407,0.55158,0.0616,0.64493,0.60149,0.0595,,0.00433,0.03192,0.7
10,51,hybrid,HYBRID_ALPHA0.3_BETA0.7,0.3,0.7,300,0.0,0.62462,0.53246,0.08233,0.62538,0.6079,0.06605,,0.00473,0.03225,0.7
10,51,hybrid,HYBRID_ALPHA0.4_BETA0.6,0.4,0.6,300,0.0,1.11584,0.5547,0.10658,0.62203,0.61532,0.07635,,0.00532,0.03288,0.675
10,51,hybrid,HYBRID_ALPHA0.5_BETA0.5,0.5,0.5,300,0.0,1.01818,0.53741,0.1002,0.62703,0.62297,0.08897,,0.006,0.0337,0.675
10,51,hybrid,HYBRID_ALPHA0.6_BETA0.4,0.6,0.4,300,0.0,1.02321,0.53295,0.11486,0.64509,0.63523,0.11228,,0.00728,0.03538,0.625
10,51,hybrid,HYBRID_ALPHA0.7_BETA0.3,0.7,0.3,300,0.0,1.02605,0.5462,0.12323,0.67612,0.65033,0.14764,,0.00926,0.03754,0.7
10,51,hybrid,HYBRID_ALPHA0.8_BETA0.2,0.8,0.2,300,0.0,1.04147,0.54795,0.12702,1.31381,0.83806,0.37967,,0.01164,0.06016,0.7
10,51,hybrid,HYBRID_ALPHA0.9_BETA0.1,0.9,0.1,300,0.0,0.7403,0.52191,0.14506,1.33031,0.84182,0.38202,,0.01165,0.06094,0.65
10,51,hybrid,HYBRID_ALPHA0.1_BETA0.9,0.1,0.9,500,1.0,1.1678,0.63521,0.03914,0.20174,0.3458,0.02699,,0.0019,0.04282,0.625
10,51,hybrid,HYBRID_ALPHA0.2_BETA0.8,0.2,0.8,500,1.0,0.91614,0.58748,0.04888,0.18886,0.33071,0.02353,,0.00179,0.04203,0.625
10,51,hybrid,HYBRID_ALPHA0.3_BETA0.7,0.3,0.7,500,1.0,0.86587,0.55096,0.05715,0.19299,0.32628,0.01871,,0.00124,0.04038,0.65
10,51,hybrid,HYBRID_ALPHA0.4_BETA0.6,0.4,0.6,500,1.0,0.85327,0.51511,0.09258,0.23689,0.36333,0.02902,,0.00143,0.041,0.625
10,51,hybrid,HYBRID_ALPHA0.5_BETA0.5,0.5,0.5,500,1.0,0.85318,0.50469,0.09142,0.22424,0.36236,0.02164,,0.00152,0.04093,0.625
10,51,hybrid,HYBRID_ALPHA0.6_BETA0.4,0.6,0.4,500,1.0,0.69842,0.50233,0.10859,0.2185,0.36902,0.01416,,0.00143,0.04063,0.625
10,51,hybrid,HYBRID_ALPHA0.7_BETA0.3,0.7,0.3,500,1.0,0.71926,0.50376,0.1097,0.21699,0.37066,0.01378,,0.00131,0.04083,0.65
10,51,hybrid,HYBRID_ALPHA0.8_BETA0.2,0.8,0.2,500,1.0,0.71527,0.50318,0.11509,0.22144,0.37468,0.0163,,0.00109,0.04104,0.65
10,51,hybrid,HYBRID_ALPHA0.9_BETA0.1,0.9,0.1,500,1.0,0.65972,0.48871,0.10591,0.27845,0.3915,0.02448,,0.00114,0.04357,0.6
10,51,hybrid,HYBRID_ALPHA0.1_BETA0.9,0.1,0.9,500,0.0,1.1678,0.63521,0.03914,0.57058,0.59059,0.04317,,0.00316,0.02736,0.6
10,51,hybrid,HYBRID_ALPHA0.2_BETA0.8,0.2,0.8,500,0.0,0.91614,0.58748,0.04888,0.58244,0.59365,0.05428,,0.00327,0.02799,0.6
10,51,hybrid,HYBRID_ALPHA0.3_BETA0.7,0.3,0.7,500,0.0,0.86587,0.55096,0.05715,0.57603,0.59282,0.04286,,0.00225,0.02719,0.575
10,51,hybrid,HYBRID_ALPHA0.4_BETA0.6,0.4,0.6,500,0.0,0.85327,0.51511,0.09258,0.57753,0.58537,0.01049,,0.00156,0.02367,0.575
10,51,hybrid,HYBRID_ALPHA0.5_BETA0.5,0.5,0.5,500,0.0,0.85318,0.50469,0.09142,0.56678,0.58581,0.01056,,0.00161,0.02383,0.6
10,51,hybrid,HYBRID_ALPHA0.6_BETA0.4,0.6,0.4,500,0.0,0.69842,0.50233,0.10859,0.56529,0.58979,0.01175,,0.0016,0.02352,0.65
10,51,hybrid,HYBRID_ALPHA0.7_BETA0.3,0.7,0.3,500,0.0,0.71926,0.50376,0.1097,0.56343,0.58973,0.0123,,0.0016,0.02363,0.65
10,51,hybrid,HYBRID_ALPHA0.8_BETA0.2,0.8,0.2,500,0.0,0.71527,0.50318,0.11509,0.56803,0.5914,0.0137,,0.00153,0.02377,0.675
10,51,hybrid,HYBRID_ALPHA0.9_BETA0.1,0.9,0.1,500,0.0,0.65972,0.48871,0.10591,0.63255,0.6078,0.01734,,0.00154,0.02547,0.675
10,51,mse,MSE,1.0,0.0,50,1.0,4.79052,1.07516,0.39246,0.75841,0.64361,0.61687,,0.02838,0.19045,0.85
10,51,mse,MSE,1.0,0.0,50,0.0,4.79052,1.07516,0.39246,1.22235,0.82251,0.37726,,0.01242,0.15156,0.775
10,51,mse,MSE,1.0,0.0,100,1.0,1.99889,0.8544,0.39481,0.96998,0.69723,0.63768,,0.02727,0.1534,0.775
10,51,mse,MSE,1.0,0.0,100,0.0,1.99889,0.8544,0.39481,1.42003,0.86419,0.39065,,0.01179,0.10896,0.725
10,51,mse,MSE,1.0,0.0,300,1.0,0.71296,0.50864,0.13973,0.82838,0.651,0.62179,,0.02692,0.10223,0.75
10,51,mse,MSE,1.0,0.0,300,0.0,0.71296,0.50864,0.13973,1.33728,0.84309,0.38265,,0.01163,0.06152,0.6
10,51,mse,MSE,1.0,0.0,500,1.0,0.68303,0.48854,0.1145,0.27642,0.39316,0.02354,,0.00086,0.04594,0.65
10,51,mse,MSE,1.0,0.0,500,0.0,0.68303,0.48854,0.1145,0.63136,0.60764,0.01631,,0.00148,0.02706,0.725
