Experiment,Seed,Loss,Conf,Alpha,Beta,N,Y_do,MSE Y,MAE Y,"HSIC(Y,X)",MSE Z,MAE Z,"HSIC(Z,X)","HSIC(Z,Y)",dHSIC Total,MMD,RF Acc
1,42,hsic,HSIC,0.0,1.0,50,1.0,0.82973,0.73196,0.12879,0.78175,0.74748,0.50912,,0.04413,0.05422,0.65
1,42,hsic,HSIC,0.0,1.0,50,0.0,0.82973,0.73196,0.12879,1.445,0.99934,0.23882,,0.02144,0.04308,0.625
1,42,hsic,HSIC,0.0,1.0,100,1.0,0.89797,0.73504,0.06943,0.59052,0.61757,0.12611,,0.00947,0.03172,0.65
1,42,hsic,HSIC,0.0,1.0,100,0.0,0.89797,0.73504,0.06943,1.17529,0.91336,0.08922,,0.00949,0.02075,0.6
1,42,hsic,HSIC,0.0,1.0,300,1.0,0.78908,0.64086,0.17688,0.87211,0.772,0.15012,,0.01814,0.04855,0.575
1,42,hsic,HSIC,0.0,1.0,300,0.0,0.78908,0.64086,0.17688,1.13097,0.8797,0.06987,,0.00956,0.0164,0.65
1,42,hsic,HSIC,0.0,1.0,500,1.0,0.715,0.72788,0.02812,0.7753,0.74453,0.49888,,0.04314,0.05384,0.575
1,42,hsic,HSIC,0.0,1.0,500,0.0,0.715,0.72788,0.02812,1.41922,0.99258,0.23132,,0.02088,0.03431,0.525
1,42,hybrid,HYBRID_ALPHA0.1_BETA0.9,0.1,0.9,50,1.0,0.48663,0.53538,0.12778,0.32593,0.48293,0.07979,,0.00867,0.02242,0.575
1,42,hybrid,HYBRID_ALPHA0.2_BETA0.8,0.2,0.8,50,1.0,0.49783,0.5577,0.11356,0.30469,0.45855,0.02673,,0.00416,0.02716,0.55
1,42,hybrid,HYBRID_ALPHA0.3_BETA0.7,0.3,0.7,50,1.0,0.4868,0.55542,0.11167,0.30908,0.46908,0.01887,,0.00329,0.02483,0.575
1,42,hybrid,HYBRID_ALPHA0.4_BETA0.6,0.4,0.6,50,1.0,0.51158,0.56636,0.11252,0.30335,0.46066,0.02111,,0.00353,0.02367,0.55
1,42,hybrid,HYBRID_ALPHA0.5_BETA0.5,0.5,0.5,50,1.0,0.49391,0.55862,0.11025,0.30472,0.46251,0.01951,,0.0038,0.02681,0.5
1,42,hybrid,HYBRID_ALPHA0.6_BETA0.4,0.6,0.4,50,1.0,0.51004,0.56554,0.11225,0.29588,0.46518,0.02433,,0.00439,0.02535,0.65
1,42,hybrid,HYBRID_ALPHA0.7_BETA0.3,0.7,0.3,50,1.0,0.52324,0.57148,0.11345,0.36414,0.49292,0.06022,,0.00806,0.0454,0.625
1,42,hybrid,HYBRID_ALPHA0.8_BETA0.2,0.8,0.2,50,1.0,0.52954,0.57526,0.11365,0.4108,0.51688,0.06272,,0.00785,0.05044,0.625
1,42,hybrid,HYBRID_ALPHA0.9_BETA0.1,0.9,0.1,50,1.0,0.50637,0.5667,0.11192,0.3979,0.49533,0.02149,,0.00428,0.04669,0.65
1,42,hybrid,HYBRID_ALPHA0.1_BETA0.9,0.1,0.9,50,0.0,0.48663,0.53538,0.12778,1.16279,0.92335,0.04328,,0.0066,0.02951,0.55
1,42,hybrid,HYBRID_ALPHA0.2_BETA0.8,0.2,0.8,50,0.0,0.49783,0.5577,0.11356,1.10106,0.91382,0.00872,,0.0025,0.02516,0.625
1,42,hybrid,HYBRID_ALPHA0.3_BETA0.7,0.3,0.7,50,0.0,0.4868,0.55542,0.11167,1.0734,0.90501,0.0132,,0.00308,0.02856,0.55
1,42,hybrid,HYBRID_ALPHA0.4_BETA0.6,0.4,0.6,50,0.0,0.51158,0.56636,0.11252,1.02651,0.88795,0.01144,,0.0032,0.02959,0.6
1,42,hybrid,HYBRID_ALPHA0.5_BETA0.5,0.5,0.5,50,0.0,0.49391,0.55862,0.11025,0.9896,0.87176,0.01085,,0.00336,0.02729,0.65
1,42,hybrid,HYBRID_ALPHA0.6_BETA0.4,0.6,0.4,50,0.0,0.51004,0.56554,0.11225,0.98603,0.8689,0.01808,,0.00429,0.03112,0.625
1,42,hybrid,HYBRID_ALPHA0.7_BETA0.3,0.7,0.3,50,0.0,0.52324,0.57148,0.11345,1.02291,0.86431,0.02292,,0.00551,0.02666,0.65
1,42,hybrid,HYBRID_ALPHA0.8_BETA0.2,0.8,0.2,50,0.0,0.52954,0.57526,0.11365,1.01052,0.85805,0.0214,,0.00541,0.02383,0.6
1,42,hybrid,HYBRID_ALPHA0.9_BETA0.1,0.9,0.1,50,0.0,0.50637,0.5667,0.11192,1.0065,0.84125,0.02593,,0.00602,0.01918,0.65
1,42,hybrid,HYBRID_ALPHA0.1_BETA0.9,0.1,0.9,100,1.0,0.5625,0.58467,0.16457,0.41806,0.54331,0.2147,,0.02013,0.03207,0.5
1,42,hybrid,HYBRID_ALPHA0.2_BETA0.8,0.2,0.8,100,1.0,0.46258,0.51749,0.11411,0.43803,0.55915,0.22207,,0.02127,0.03723,0.6
1,42,hybrid,HYBRID_ALPHA0.3_BETA0.7,0.3,0.7,100,1.0,0.44938,0.5081,0.11305,0.45524,0.57016,0.24138,,0.02242,0.0374,0.65
1,42,hybrid,HYBRID_ALPHA0.4_BETA0.6,0.4,0.6,100,1.0,0.47344,0.54356,0.11751,0.41843,0.54471,0.17212,,0.01826,0.03408,0.525
1,42,hybrid,HYBRID_ALPHA0.5_BETA0.5,0.5,0.5,100,1.0,0.46879,0.53775,0.11566,0.42507,0.54708,0.17594,,0.01898,0.03569,0.5
1,42,hybrid,HYBRID_ALPHA0.6_BETA0.4,0.6,0.4,100,1.0,0.45752,0.52581,0.11632,0.41508,0.54155,0.162,,0.01802,0.03459,0.5
1,42,hybrid,HYBRID_ALPHA0.7_BETA0.3,0.7,0.3,100,1.0,0.47339,0.55628,0.13084,0.40781,0.5365,0.15172,,0.01716,0.03322,0.6
1,42,hybrid,HYBRID_ALPHA0.8_BETA0.2,0.8,0.2,100,1.0,0.47563,0.55548,0.12906,0.40944,0.53674,0.15243,,0.01716,0.03281,0.6
1,42,hybrid,HYBRID_ALPHA0.9_BETA0.1,0.9,0.1,100,1.0,0.47336,0.55027,0.1247,0.42132,0.5435,0.16651,,0.01821,0.03428,0.55
1,42,hybrid,HYBRID_ALPHA0.1_BETA0.9,0.1,0.9,100,0.0,0.5625,0.58467,0.16457,1.14746,0.92072,0.10683,,0.01234,0.03429,0.6
1,42,hybrid,HYBRID_ALPHA0.2_BETA0.8,0.2,0.8,100,0.0,0.46258,0.51749,0.11411,1.19133,0.92398,0.13573,,0.01438,0.04414,0.575
1,42,hybrid,HYBRID_ALPHA0.3_BETA0.7,0.3,0.7,100,0.0,0.44938,0.5081,0.11305,1.19542,0.92611,0.13933,,0.01479,0.04387,0.6
1,42,hybrid,HYBRID_ALPHA0.4_BETA0.6,0.4,0.6,100,0.0,0.47344,0.54356,0.11751,1.13501,0.91098,0.10543,,0.01231,0.04233,0.55
1,42,hybrid,HYBRID_ALPHA0.5_BETA0.5,0.5,0.5,100,0.0,0.46879,0.53775,0.11566,1.14611,0.9144,0.11206,,0.01295,0.04264,0.55
1,42,hybrid,HYBRID_ALPHA0.6_BETA0.4,0.6,0.4,100,0.0,0.45752,0.52581,0.11632,1.14434,0.91368,0.10822,,0.01274,0.04354,0.55
1,42,hybrid,HYBRID_ALPHA0.7_BETA0.3,0.7,0.3,100,0.0,0.47339,0.55628,0.13084,1.14652,0.91459,0.10745,,0.01272,0.0441,0.55
1,42,hybrid,HYBRID_ALPHA0.8_BETA0.2,0.8,0.2,100,0.0,0.47563,0.55548,0.12906,1.15312,0.91667,0.11091,,0.01299,0.04422,0.625
1,42,hybrid,HYBRID_ALPHA0.9_BETA0.1,0.9,0.1,100,0.0,0.47336,0.55027,0.1247,1.16191,0.9182,0.11819,,0.01355,0.04397,0.575
1,42,hybrid,HYBRID_ALPHA0.1_BETA0.9,0.1,0.9,300,1.0,0.60306,0.58721,0.17304,0.38217,0.53103,0.07415,,0.00907,0.02014,0.55
1,42,hybrid,HYBRID_ALPHA0.2_BETA0.8,0.2,0.8,300,1.0,0.55748,0.58638,0.16913,0.34061,0.51209,0.04929,,0.00633,0.01745,0.525
1,42,hybrid,HYBRID_ALPHA0.3_BETA0.7,0.3,0.7,300,1.0,0.53121,0.59037,0.16784,0.31681,0.49471,0.02668,,0.00366,0.01457,0.525
1,42,hybrid,HYBRID_ALPHA0.4_BETA0.6,0.4,0.6,300,1.0,0.51963,0.59004,0.1686,0.29774,0.48246,0.01975,,0.00326,0.01357,0.5
1,42,hybrid,HYBRID_ALPHA0.5_BETA0.5,0.5,0.5,300,1.0,0.51319,0.59142,0.16755,0.29065,0.47605,0.01499,,0.00303,0.01322,0.55
1,42,hybrid,HYBRID_ALPHA0.6_BETA0.4,0.6,0.4,300,1.0,0.52171,0.55558,0.11153,0.29016,0.47397,0.00985,,0.00201,0.01203,0.5
1,42,hybrid,HYBRID_ALPHA0.7_BETA0.3,0.7,0.3,300,1.0,0.52297,0.55523,0.11158,0.28957,0.47369,0.01064,,0.00216,0.01229,0.55
1,42,hybrid,HYBRID_ALPHA0.8_BETA0.2,0.8,0.2,300,1.0,0.50725,0.54617,0.10992,0.28904,0.47271,0.00997,,0.00217,0.01209,0.525
1,42,hybrid,HYBRID_ALPHA0.9_BETA0.1,0.9,0.1,300,1.0,0.50723,0.544,0.11017,0.28839,0.47084,0.00975,,0.00222,0.01207,0.55
1,42,hybrid,HYBRID_ALPHA0.1_BETA0.9,0.1,0.9,300,0.0,0.60306,0.58721,0.17304,1.15903,0.93174,0.05085,,0.00715,0.03083,0.55
1,42,hybrid,HYBRID_ALPHA0.2_BETA0.8,0.2,0.8,300,0.0,0.55748,0.58638,0.16913,1.08192,0.9062,0.04877,,0.00691,0.03289,0.65
1,42,hybrid,HYBRID_ALPHA0.3_BETA0.7,0.3,0.7,300,0.0,0.53121,0.59037,0.16784,1.0269,0.88953,0.03163,,0.00525,0.03065,0.65
1,42,hybrid,HYBRID_ALPHA0.4_BETA0.6,0.4,0.6,300,0.0,0.51963,0.59004,0.1686,0.99237,0.87563,0.02713,,0.005,0.03073,0.65
1,42,hybrid,HYBRID_ALPHA0.5_BETA0.5,0.5,0.5,300,0.0,0.51319,0.59142,0.16755,0.97207,0.8638,0.02184,,0.00465,0.02965,0.6
1,42,hybrid,HYBRID_ALPHA0.6_BETA0.4,0.6,0.4,300,0.0,0.52171,0.55558,0.11153,0.99694,0.87875,0.01352,,0.00331,0.03008,0.5
1,42,hybrid,HYBRID_ALPHA0.7_BETA0.3,0.7,0.3,300,0.0,0.52297,0.55523,0.11158,0.99348,0.877,0.01389,,0.00341,0.02983,0.5
1,42,hybrid,HYBRID_ALPHA0.8_BETA0.2,0.8,0.2,300,0.0,0.50725,0.54617,0.10992,0.99207,0.87617,0.01405,,0.00345,0.02953,0.575
1,42,hybrid,HYBRID_ALPHA0.9_BETA0.1,0.9,0.1,300,0.0,0.50723,0.544,0.11017,0.9936,0.87631,0.0142,,0.00349,0.02977,0.55
1,42,hybrid,HYBRID_ALPHA0.1_BETA0.9,0.1,0.9,500,1.0,0.42387,0.49927,0.11067,0.44878,0.56103,0.11229,,0.01033,0.03052,0.575
1,42,hybrid,HYBRID_ALPHA0.2_BETA0.8,0.2,0.8,500,1.0,0.43022,0.50268,0.11163,0.34032,0.50979,0.05168,,0.00623,0.01903,0.55
1,42,hybrid,HYBRID_ALPHA0.3_BETA0.7,0.3,0.7,500,1.0,0.43182,0.51013,0.11352,0.32406,0.4973,0.02552,,0.00407,0.01552,0.575
1,42,hybrid,HYBRID_ALPHA0.4_BETA0.6,0.4,0.6,500,1.0,0.43123,0.50451,0.11118,0.38673,0.52589,0.03452,,0.00558,0.02241,0.625
1,42,hybrid,HYBRID_ALPHA0.5_BETA0.5,0.5,0.5,500,1.0,0.42524,0.50392,0.1113,0.3558,0.50821,0.035,,0.00574,0.01763,0.575
1,42,hybrid,HYBRID_ALPHA0.6_BETA0.4,0.6,0.4,500,1.0,0.42349,0.50497,0.11225,0.32912,0.49191,0.03517,,0.00597,0.01398,0.525
1,42,hybrid,HYBRID_ALPHA0.7_BETA0.3,0.7,0.3,500,1.0,0.43052,0.51194,0.11537,0.31563,0.48492,0.03738,,0.00597,0.01369,0.575
1,42,hybrid,HYBRID_ALPHA0.8_BETA0.2,0.8,0.2,500,1.0,0.43135,0.50992,0.1143,0.31702,0.48453,0.03774,,0.00644,0.01324,0.5
1,42,hybrid,HYBRID_ALPHA0.9_BETA0.1,0.9,0.1,500,1.0,0.4354,0.51264,0.11417,0.3145,0.48064,0.03931,,0.00662,0.01337,0.6
1,42,hybrid,HYBRID_ALPHA0.1_BETA0.9,0.1,0.9,500,0.0,0.42387,0.49927,0.11067,1.09332,0.87252,0.02587,,0.00513,0.01872,0.625
1,42,hybrid,HYBRID_ALPHA0.2_BETA0.8,0.2,0.8,500,0.0,0.43022,0.50268,0.11163,1.04811,0.89851,0.04054,,0.0062,0.0288,0.625
1,42,hybrid,HYBRID_ALPHA0.3_BETA0.7,0.3,0.7,500,0.0,0.43182,0.51013,0.11352,1.00751,0.8775,0.02861,,0.00522,0.02921,0.7
1,42,hybrid,HYBRID_ALPHA0.4_BETA0.6,0.4,0.6,500,0.0,0.43123,0.50451,0.11118,1.07662,0.88465,0.0253,,0.00487,0.02904,0.625
1,42,hybrid,HYBRID_ALPHA0.5_BETA0.5,0.5,0.5,500,0.0,0.42524,0.50392,0.1113,1.0662,0.88085,0.02833,,0.00533,0.02916,0.6
1,42,hybrid,HYBRID_ALPHA0.6_BETA0.4,0.6,0.4,500,0.0,0.42349,0.50497,0.11225,1.07944,0.88552,0.03443,,0.00602,0.03011,0.65
1,42,hybrid,HYBRID_ALPHA0.7_BETA0.3,0.7,0.3,500,0.0,0.43052,0.51194,0.11537,1.13238,0.89396,0.0378,,0.00611,0.02876,0.6
1,42,hybrid,HYBRID_ALPHA0.8_BETA0.2,0.8,0.2,500,0.0,0.43135,0.50992,0.1143,1.10855,0.89408,0.03742,,0.00611,0.03067,0.65
1,42,hybrid,HYBRID_ALPHA0.9_BETA0.1,0.9,0.1,500,0.0,0.4354,0.51264,0.11417,1.09707,0.89242,0.03888,,0.00638,0.03059,0.65
1,42,mse,MSE,1.0,0.0,50,1.0,0.49748,0.57081,0.11231,0.42268,0.52522,0.06393,,0.00772,0.04988,0.65
1,42,mse,MSE,1.0,0.0,50,0.0,0.49748,0.57081,0.11231,1.01774,0.86756,0.016,,0.00413,0.01921,0.65
1,42,mse,MSE,1.0,0.0,100,1.0,0.51617,0.58494,0.16877,0.35492,0.50623,0.0465,,0.00853,0.02021,0.525
1,42,mse,MSE,1.0,0.0,100,0.0,0.51617,0.58494,0.16877,1.12147,0.90685,0.08063,,0.01106,0.04488,0.7
1,42,mse,MSE,1.0,0.0,300,1.0,0.51044,0.53949,0.11049,0.28875,0.47026,0.01008,,0.00233,0.01209,0.575
1,42,mse,MSE,1.0,0.0,300,0.0,0.51044,0.53949,0.11049,0.99543,0.87644,0.01403,,0.00347,0.02983,0.55
1,42,mse,MSE,1.0,0.0,500,1.0,0.43657,0.51089,0.11387,0.31286,0.47901,0.03925,,0.00665,0.01313,0.55
1,42,mse,MSE,1.0,0.0,500,0.0,0.43657,0.51089,0.11387,1.09245,0.89138,0.03895,,0.00644,0.03075,0.65
2,43,hsic,HSIC,0.0,1.0,50,1.0,0.86035,0.6777,0.18367,0.4248,0.55189,0.21558,,0.0201,0.02902,0.525
2,43,hsic,HSIC,0.0,1.0,50,0.0,0.86035,0.6777,0.18367,1.2028,0.92293,0.13968,,0.01436,0.03785,0.5
2,43,hsic,HSIC,0.0,1.0,100,1.0,0.76865,0.62787,0.17653,0.7334,0.7011,0.12981,,0.01513,0.02618,0.525
2,43,hsic,HSIC,0.0,1.0,100,0.0,0.76865,0.62787,0.17653,1.11931,0.90106,0.06199,,0.00936,0.03334,0.625
2,43,hsic,HSIC,0.0,1.0,300,1.0,0.80957,0.76537,0.05336,0.53246,0.56647,0.05552,,0.00955,0.03639,0.625
2,43,hsic,HSIC,0.0,1.0,300,0.0,0.80957,0.76537,0.05336,1.29777,0.96617,0.12503,,0.01517,0.01929,0.5
2,43,hsic,HSIC,0.0,1.0,500,1.0,0.76914,0.74528,0.01755,1.03672,0.83873,0.21531,,0.02086,0.05887,0.7
2,43,hsic,HSIC,0.0,1.0,500,0.0,0.76914,0.74528,0.01755,1.27135,0.93931,0.10455,,0.01323,0.02051,0.5
2,43,hybrid,HYBRID_ALPHA0.1_BETA0.9,0.1,0.9,50,1.0,0.4262,0.49531,0.12432,0.41192,0.53411,0.2216,,0.0204,0.0286,0.5
2,43,hybrid,HYBRID_ALPHA0.2_BETA0.8,0.2,0.8,50,1.0,0.42355,0.48757,0.12293,0.41146,0.5324,0.2197,,0.02053,0.02869,0.5
2,43,hybrid,HYBRID_ALPHA0.3_BETA0.7,0.3,0.7,50,1.0,0.42309,0.48389,0.12259,0.41417,0.53565,0.22231,,0.02066,0.02957,0.5
2,43,hybrid,HYBRID_ALPHA0.4_BETA0.6,0.4,0.6,50,1.0,0.43788,0.5019,0.13036,0.43597,0.54513,0.24448,,0.02226,0.03026,0.525
2,43,hybrid,HYBRID_ALPHA0.5_BETA0.5,0.5,0.5,50,1.0,0.44151,0.51221,0.13488,0.42824,0.54144,0.23794,,0.02177,0.02964,0.55
2,43,hybrid,HYBRID_ALPHA0.6_BETA0.4,0.6,0.4,50,1.0,0.43402,0.49757,0.13059,0.41273,0.53409,0.22231,,0.02054,0.02868,0.5
2,43,hybrid,HYBRID_ALPHA0.7_BETA0.3,0.7,0.3,50,1.0,0.43441,0.49702,0.13012,0.42805,0.54618,0.23546,,0.02198,0.03054,0.525
2,43,hybrid,HYBRID_ALPHA0.8_BETA0.2,0.8,0.2,50,1.0,0.4414,0.51236,0.1357,0.41246,0.53849,0.21568,,0.02039,0.02938,0.525
2,43,hybrid,HYBRID_ALPHA0.9_BETA0.1,0.9,0.1,50,1.0,0.44268,0.51203,0.13492,0.40464,0.53591,0.20028,,0.01932,0.02901,0.5
2,43,hybrid,HYBRID_ALPHA0.1_BETA0.9,0.1,0.9,50,0.0,0.4262,0.49531,0.12432,1.22681,0.93315,0.13076,,0.01368,0.03831,0.5
2,43,hybrid,HYBRID_ALPHA0.2_BETA0.8,0.2,0.8,50,0.0,0.42355,0.48757,0.12293,1.22135,0.93382,0.12314,,0.0132,0.03811,0.625
2,43,hybrid,HYBRID_ALPHA0.3_BETA0.7,0.3,0.7,50,0.0,0.42309,0.48389,0.12259,1.21442,0.93257,0.12118,,0.01299,0.03804,0.575
2,43,hybrid,HYBRID_ALPHA0.4_BETA0.6,0.4,0.6,50,0.0,0.43788,0.5019,0.13036,1.22924,0.93649,0.12254,,0.01311,0.03835,0.5
2,43,hybrid,HYBRID_ALPHA0.5_BETA0.5,0.5,0.5,50,0.0,0.44151,0.51221,0.13488,1.21478,0.93291,0.11891,,0.01284,0.03818,0.525
2,43,hybrid,HYBRID_ALPHA0.6_BETA0.4,0.6,0.4,50,0.0,0.43402,0.49757,0.13059,1.20688,0.93072,0.1171,,0.01269,0.03849,0.575
2,43,hybrid,HYBRID_ALPHA0.7_BETA0.3,0.7,0.3,50,0.0,0.43441,0.49702,0.13012,1.17692,0.92514,0.10748,,0.01201,0.03833,0.55
2,43,hybrid,HYBRID_ALPHA0.8_BETA0.2,0.8,0.2,50,0.0,0.4414,0.51236,0.1357,1.15799,0.92037,0.10113,,0.01152,0.03885,0.575
2,43,hybrid,HYBRID_ALPHA0.9_BETA0.1,0.9,0.1,50,0.0,0.44268,0.51203,0.13492,1.17106,0.92464,0.10343,,0.01175,0.04029,0.525
2,43,hybrid,HYBRID_ALPHA0.1_BETA0.9,0.1,0.9,100,1.0,0.76834,0.62774,0.17654,0.34209,0.50964,0.08636,,0.0104,0.02275,0.5
2,43,hybrid,HYBRID_ALPHA0.2_BETA0.8,0.2,0.8,100,1.0,0.47851,0.5355,0.16248,0.35824,0.51544,0.11605,,0.01294,0.02431,0.55
2,43,hybrid,HYBRID_ALPHA0.3_BETA0.7,0.3,0.7,100,1.0,0.48194,0.54511,0.16618,0.34972,0.5118,0.10669,,0.01237,0.02383,0.5
2,43,hybrid,HYBRID_ALPHA0.4_BETA0.6,0.4,0.6,100,1.0,0.48371,0.54069,0.16388,0.34201,0.5076,0.10219,,0.01202,0.02328,0.5
2,43,hybrid,HYBRID_ALPHA0.5_BETA0.5,0.5,0.5,100,1.0,0.48335,0.54153,0.15953,0.33467,0.50268,0.09748,,0.01158,0.02246,0.5
2,43,hybrid,HYBRID_ALPHA0.6_BETA0.4,0.6,0.4,100,1.0,0.48318,0.54031,0.1596,0.3265,0.49693,0.09155,,0.01098,0.02101,0.5
2,43,hybrid,HYBRID_ALPHA0.7_BETA0.3,0.7,0.3,100,1.0,0.48529,0.53894,0.15838,0.32449,0.49559,0.09053,,0.01087,0.02071,0.525
2,43,hybrid,HYBRID_ALPHA0.8_BETA0.2,0.8,0.2,100,1.0,0.48708,0.54189,0.15648,0.32521,0.49548,0.09876,,0.0114,0.02127,0.525
2,43,hybrid,HYBRID_ALPHA0.9_BETA0.1,0.9,0.1,100,1.0,0.48472,0.53796,0.15552,0.32863,0.49717,0.10264,,0.01178,0.02084,0.525
2,43,hybrid,HYBRID_ALPHA0.1_BETA0.9,0.1,0.9,100,0.0,0.76834,0.62774,0.17654,1.08805,0.90455,0.07294,,0.00925,0.04232,0.65
2,43,hybrid,HYBRID_ALPHA0.2_BETA0.8,0.2,0.8,100,0.0,0.47851,0.5355,0.16248,1.10808,0.90779,0.08305,,0.01016,0.04327,0.675
2,43,hybrid,HYBRID_ALPHA0.3_BETA0.7,0.3,0.7,100,0.0,0.48194,0.54511,0.16618,1.08805,0.90296,0.07333,,0.00942,0.04201,0.65
2,43,hybrid,HYBRID_ALPHA0.4_BETA0.6,0.4,0.6,100,0.0,0.48371,0.54069,0.16388,1.0744,0.89914,0.07001,,0.00917,0.04149,0.65
2,43,hybrid,HYBRID_ALPHA0.5_BETA0.5,0.5,0.5,100,0.0,0.48335,0.54153,0.15953,1.06057,0.89539,0.06697,,0.00894,0.04114,0.65
2,43,hybrid,HYBRID_ALPHA0.6_BETA0.4,0.6,0.4,100,0.0,0.48318,0.54031,0.1596,1.04225,0.88999,0.06176,,0.0085,0.04043,0.65
2,43,hybrid,HYBRID_ALPHA0.7_BETA0.3,0.7,0.3,100,0.0,0.48529,0.53894,0.15838,1.03977,0.88874,0.0612,,0.00848,0.0404,0.675
2,43,hybrid,HYBRID_ALPHA0.8_BETA0.2,0.8,0.2,100,0.0,0.48708,0.54189,0.15648,1.03964,0.8876,0.06389,,0.00867,0.04097,0.6
2,43,hybrid,HYBRID_ALPHA0.9_BETA0.1,0.9,0.1,100,0.0,0.48472,0.53796,0.15552,1.04318,0.8891,0.06491,,0.00882,0.04086,0.6
2,43,hybrid,HYBRID_ALPHA0.1_BETA0.9,0.1,0.9,300,1.0,0.46275,0.55677,0.12705,0.33829,0.50624,0.09026,,0.00974,0.02461,0.575
2,43,hybrid,HYBRID_ALPHA0.2_BETA0.8,0.2,0.8,300,1.0,0.44614,0.537,0.13425,0.31612,0.48796,0.0706,,0.00808,0.02241,0.575
2,43,hybrid,HYBRID_ALPHA0.3_BETA0.7,0.3,0.7,300,1.0,0.44622,0.53605,0.13346,0.31193,0.48173,0.06866,,0.00809,0.02132,0.525
2,43,hybrid,HYBRID_ALPHA0.4_BETA0.6,0.4,0.6,300,1.0,0.43798,0.52337,0.13313,0.30953,0.47711,0.06566,,0.00802,0.02016,0.55
2,43,hybrid,HYBRID_ALPHA0.5_BETA0.5,0.5,0.5,300,1.0,0.43364,0.51144,0.12919,0.30692,0.47348,0.06123,,0.00779,0.01925,0.525
2,43,hybrid,HYBRID_ALPHA0.6_BETA0.4,0.6,0.4,300,1.0,0.43311,0.51041,0.12697,0.30547,0.47181,0.05837,,0.00767,0.0186,0.55
2,43,hybrid,HYBRID_ALPHA0.7_BETA0.3,0.7,0.3,300,1.0,0.43541,0.51047,0.12493,0.30678,0.47069,0.0523,,0.00742,0.01749,0.55
2,43,hybrid,HYBRID_ALPHA0.8_BETA0.2,0.8,0.2,300,1.0,0.43442,0.50768,0.12397,0.3059,0.46992,0.05081,,0.0074,0.01712,0.525
2,43,hybrid,HYBRID_ALPHA0.9_BETA0.1,0.9,0.1,300,1.0,0.43125,0.5029,0.12327,0.30563,0.46954,0.04992,,0.00741,0.0167,0.575
2,43,hybrid,HYBRID_ALPHA0.1_BETA0.9,0.1,0.9,300,0.0,0.46275,0.55677,0.12705,1.11208,0.91517,0.07383,,0.0091,0.03796,0.65
2,43,hybrid,HYBRID_ALPHA0.2_BETA0.8,0.2,0.8,300,0.0,0.44614,0.537,0.13425,1.05651,0.89723,0.05574,,0.00759,0.03775,0.625
2,43,hybrid,HYBRID_ALPHA0.3_BETA0.7,0.3,0.7,300,0.0,0.44622,0.53605,0.13346,1.04504,0.89077,0.05496,,0.0076,0.0381,0.65
2,43,hybrid,HYBRID_ALPHA0.4_BETA0.6,0.4,0.6,300,0.0,0.43798,0.52337,0.13313,1.03536,0.8842,0.05277,,0.00749,0.03828,0.65
2,43,hybrid,HYBRID_ALPHA0.5_BETA0.5,0.5,0.5,300,0.0,0.43364,0.51144,0.12919,1.0279,0.87947,0.0498,,0.00729,0.03824,0.575
2,43,hybrid,HYBRID_ALPHA0.6_BETA0.4,0.6,0.4,300,0.0,0.43311,0.51041,0.12697,1.02317,0.87606,0.04775,,0.00717,0.03807,0.625
2,43,hybrid,HYBRID_ALPHA0.7_BETA0.3,0.7,0.3,300,0.0,0.43541,0.51047,0.12493,1.00418,0.86927,0.03611,,0.00623,0.0365,0.675
2,43,hybrid,HYBRID_ALPHA0.8_BETA0.2,0.8,0.2,300,0.0,0.43442,0.50768,0.12397,1.00672,0.86886,0.03665,,0.00635,0.03697,0.7
2,43,hybrid,HYBRID_ALPHA0.9_BETA0.1,0.9,0.1,300,0.0,0.43125,0.5029,0.12327,1.00483,0.86751,0.03491,,0.00624,0.0365,0.7
2,43,hybrid,HYBRID_ALPHA0.1_BETA0.9,0.1,0.9,500,1.0,0.55754,0.6202,0.06392,0.35608,0.51679,0.11184,,0.01257,0.02666,0.575
2,43,hybrid,HYBRID_ALPHA0.2_BETA0.8,0.2,0.8,500,1.0,0.45037,0.54276,0.1328,0.36322,0.50832,0.05556,,0.0077,0.02964,0.55
2,43,hybrid,HYBRID_ALPHA0.3_BETA0.7,0.3,0.7,500,1.0,0.44768,0.53436,0.13116,0.37774,0.51809,0.05569,,0.00922,0.02761,0.5
2,43,hybrid,HYBRID_ALPHA0.4_BETA0.6,0.4,0.6,500,1.0,0.44602,0.52472,0.1293,0.34567,0.50001,0.05294,,0.00867,0.02446,0.55
2,43,hybrid,HYBRID_ALPHA0.5_BETA0.5,0.5,0.5,500,1.0,0.442,0.51863,0.12864,0.3344,0.49387,0.05259,,0.00848,0.02318,0.5
2,43,hybrid,HYBRID_ALPHA0.6_BETA0.4,0.6,0.4,500,1.0,0.44823,0.53074,0.12974,0.32853,0.49083,0.05189,,0.00831,0.02219,0.5
2,43,hybrid,HYBRID_ALPHA0.7_BETA0.3,0.7,0.3,500,1.0,0.45356,0.51264,0.12598,0.32541,0.48926,0.05123,,0.00817,0.02182,0.525
2,43,hybrid,HYBRID_ALPHA0.8_BETA0.2,0.8,0.2,500,1.0,0.45354,0.51159,0.12526,0.33214,0.49537,0.07379,,0.00948,0.02521,0.525
2,43,hybrid,HYBRID_ALPHA0.9_BETA0.1,0.9,0.1,500,1.0,0.45298,0.51097,0.12504,0.33336,0.49377,0.06568,,0.00887,0.02542,0.5
2,43,hybrid,HYBRID_ALPHA0.1_BETA0.9,0.1,0.9,500,0.0,0.55754,0.6202,0.06392,1.15795,0.92233,0.09673,,0.01107,0.03936,0.7
2,43,hybrid,HYBRID_ALPHA0.2_BETA0.8,0.2,0.8,500,0.0,0.45037,0.54276,0.1328,1.05555,0.89442,0.03517,,0.00624,0.03534,0.6
2,43,hybrid,HYBRID_ALPHA0.3_BETA0.7,0.3,0.7,500,0.0,0.44768,0.53436,0.13116,1.08613,0.89722,0.03694,,0.00689,0.03375,0.7
2,43,hybrid,HYBRID_ALPHA0.4_BETA0.6,0.4,0.6,500,0.0,0.44602,0.52472,0.1293,1.05911,0.89053,0.03542,,0.00663,0.03484,0.7
2,43,hybrid,HYBRID_ALPHA0.5_BETA0.5,0.5,0.5,500,0.0,0.442,0.51863,0.12864,1.04748,0.88732,0.03515,,0.00654,0.03526,0.7
2,43,hybrid,HYBRID_ALPHA0.6_BETA0.4,0.6,0.4,500,0.0,0.44823,0.53074,0.12974,1.04204,0.88593,0.03512,,0.0065,0.03531,0.675
2,43,hybrid,HYBRID_ALPHA0.7_BETA0.3,0.7,0.3,500,0.0,0.45356,0.51264,0.12598,1.03906,0.88529,0.03478,,0.00642,0.0352,0.675
2,43,hybrid,HYBRID_ALPHA0.8_BETA0.2,0.8,0.2,500,0.0,0.45354,0.51159,0.12526,1.08794,0.90185,0.06703,,0.00903,0.03905,0.65
2,43,hybrid,HYBRID_ALPHA0.9_BETA0.1,0.9,0.1,500,0.0,0.45298,0.51097,0.12504,1.07231,0.89762,0.05914,,0.00839,0.03835,0.625
2,43,mse,MSE,1.0,0.0,50,1.0,0.44417,0.5127,0.13421,0.39931,0.53191,0.19268,,0.01859,0.02843,0.525
2,43,mse,MSE,1.0,0.0,50,0.0,0.44417,0.5127,0.13421,1.17451,0.92519,0.10457,,0.01186,0.04075,0.5
2,43,mse,MSE,1.0,0.0,100,1.0,0.47921,0.53993,0.16218,0.33153,0.49813,0.10902,,0.01225,0.02116,0.525
2,43,mse,MSE,1.0,0.0,100,0.0,0.47921,0.53993,0.16218,1.04918,0.89035,0.06689,,0.00902,0.04112,0.625
2,43,mse,MSE,1.0,0.0,300,1.0,0.43692,0.51116,0.12591,0.30534,0.46902,0.04937,,0.00744,0.01638,0.525
2,43,mse,MSE,1.0,0.0,300,0.0,0.43692,0.51116,0.12591,1.00373,0.86635,0.03386,,0.00618,0.03612,0.65
2,43,mse,MSE,1.0,0.0,500,1.0,0.45277,0.51059,0.12464,0.33239,0.49346,0.07,,0.00926,0.0251,0.5
2,43,mse,MSE,1.0,0.0,500,0.0,0.45277,0.51059,0.12464,1.08248,0.89947,0.06444,,0.00886,0.03899,0.7
3,44,hsic,HSIC,0.0,1.0,50,1.0,0.80897,0.65666,0.17148,0.60689,0.61647,0.04987,,0.00891,0.02629,0.55
3,44,hsic,HSIC,0.0,1.0,50,0.0,0.80897,0.65666,0.17148,1.0499,0.87122,0.0467,,0.00819,0.02137,0.525
3,44,hsic,HSIC,0.0,1.0,100,1.0,0.74928,0.62432,0.17119,0.54542,0.58558,0.07373,,0.0117,0.03082,0.5
3,44,hsic,HSIC,0.0,1.0,100,0.0,0.74928,0.62432,0.17119,1.00391,0.86326,0.04159,,0.00759,0.01676,0.525
3,44,hsic,HSIC,0.0,1.0,300,1.0,0.72251,0.70206,0.02386,0.75886,0.738,0.50032,,0.04326,0.05628,0.575
3,44,hsic,HSIC,0.0,1.0,300,0.0,0.72251,0.70206,0.02386,1.42104,0.99054,0.23074,,0.0208,0.03904,0.525
3,44,hsic,HSIC,0.0,1.0,500,1.0,0.71249,0.73798,0.05872,12.51309,3.48212,0.05947,,0.00363,0.0259,0.525
3,44,hsic,HSIC,0.0,1.0,500,0.0,0.71249,0.73798,0.05872,14.98233,3.72432,0.02992,,0.00315,0.03086,0.6
3,44,hybrid,HYBRID_ALPHA0.1_BETA0.9,0.1,0.9,50,1.0,0.46332,0.54253,0.15295,0.34167,0.50909,0.08213,,0.00974,0.02282,0.525
3,44,hybrid,HYBRID_ALPHA0.2_BETA0.8,0.2,0.8,50,1.0,0.46612,0.53036,0.14396,0.28218,0.46411,0.02044,,0.00354,0.02072,0.55
3,44,hybrid,HYBRID_ALPHA0.3_BETA0.7,0.3,0.7,50,1.0,0.47296,0.52553,0.14001,0.3526,0.50191,0.13195,,0.01316,0.03759,0.525
3,44,hybrid,HYBRID_ALPHA0.4_BETA0.6,0.4,0.6,50,1.0,0.48608,0.50864,0.12082,0.35784,0.50378,0.13444,,0.01341,0.04037,0.525
3,44,hybrid,HYBRID_ALPHA0.5_BETA0.5,0.5,0.5,50,1.0,0.49187,0.50488,0.11823,0.32326,0.48851,0.07629,,0.00929,0.0344,0.5
3,44,hybrid,HYBRID_ALPHA0.6_BETA0.4,0.6,0.4,50,1.0,0.46296,0.5045,0.13239,0.30326,0.47886,0.03953,,0.00653,0.0281,0.525
3,44,hybrid,HYBRID_ALPHA0.7_BETA0.3,0.7,0.3,50,1.0,0.4695,0.50187,0.12816,0.29736,0.47493,0.02765,,0.00551,0.02479,0.55
3,44,hybrid,HYBRID_ALPHA0.8_BETA0.2,0.8,0.2,50,1.0,0.48506,0.50372,0.12198,0.29443,0.47132,0.02026,,0.0048,0.0223,0.55
3,44,hybrid,HYBRID_ALPHA0.9_BETA0.1,0.9,0.1,50,1.0,0.4886,0.50635,0.12072,0.29226,0.46877,0.016,,0.00419,0.01956,0.575
3,44,hybrid,HYBRID_ALPHA0.1_BETA0.9,0.1,0.9,50,0.0,0.46332,0.54253,0.15295,1.1149,0.91067,0.06171,,0.00819,0.0383,0.55
3,44,hybrid,HYBRID_ALPHA0.2_BETA0.8,0.2,0.8,50,0.0,0.46612,0.53036,0.14396,0.94502,0.84212,0.01771,,0.00438,0.03716,0.575
3,44,hybrid,HYBRID_ALPHA0.3_BETA0.7,0.3,0.7,50,0.0,0.47296,0.52553,0.14001,0.99168,0.84844,0.02091,,0.00507,0.03576,0.575
3,44,hybrid,HYBRID_ALPHA0.4_BETA0.6,0.4,0.6,50,0.0,0.48608,0.50864,0.12082,1.04688,0.86158,0.02887,,0.00596,0.03602,0.55
3,44,hybrid,HYBRID_ALPHA0.5_BETA0.5,0.5,0.5,50,0.0,0.49187,0.50488,0.11823,1.05225,0.86542,0.0311,,0.00603,0.03736,0.575
3,44,hybrid,HYBRID_ALPHA0.6_BETA0.4,0.6,0.4,50,0.0,0.46296,0.5045,0.13239,1.03084,0.86203,0.02813,,0.00575,0.03903,0.525
3,44,hybrid,HYBRID_ALPHA0.7_BETA0.3,0.7,0.3,50,0.0,0.4695,0.50187,0.12816,1.01546,0.86141,0.02557,,0.00553,0.04004,0.5
3,44,hybrid,HYBRID_ALPHA0.8_BETA0.2,0.8,0.2,50,0.0,0.48506,0.50372,0.12198,1.01015,0.86177,0.02458,,0.00544,0.04063,0.55
3,44,hybrid,HYBRID_ALPHA0.9_BETA0.1,0.9,0.1,50,0.0,0.4886,0.50635,0.12072,1.00085,0.86368,0.0228,,0.00528,0.04181,0.525
3,44,hybrid,HYBRID_ALPHA0.1_BETA0.9,0.1,0.9,100,1.0,0.67721,0.60013,0.1704,0.30301,0.47935,0.03119,,0.00415,0.0276,0.55
3,44,hybrid,HYBRID_ALPHA0.2_BETA0.8,0.2,0.8,100,1.0,0.63227,0.59361,0.17117,0.33189,0.49855,0.0461,,0.00584,0.03402,0.525
3,44,hybrid,HYBRID_ALPHA0.3_BETA0.7,0.3,0.7,100,1.0,0.62581,0.59342,0.17255,0.2962,0.47631,0.02766,,0.0038,0.02296,0.575
3,44,hybrid,HYBRID_ALPHA0.4_BETA0.6,0.4,0.6,100,1.0,0.62531,0.59614,0.17484,0.30112,0.4788,0.03477,,0.00505,0.02549,0.55
3,44,hybrid,HYBRID_ALPHA0.5_BETA0.5,0.5,0.5,100,1.0,0.62517,0.59733,0.17533,0.32024,0.49146,0.0512,,0.00697,0.03085,0.5
3,44,hybrid,HYBRID_ALPHA0.6_BETA0.4,0.6,0.4,100,1.0,0.62466,0.5984,0.17557,0.33142,0.50101,0.06413,,0.00854,0.0321,0.575
3,44,hybrid,HYBRID_ALPHA0.7_BETA0.3,0.7,0.3,100,1.0,0.6239,0.59868,0.17572,0.33248,0.50365,0.07579,,0.00985,0.03058,0.55
3,44,hybrid,HYBRID_ALPHA0.8_BETA0.2,0.8,0.2,100,1.0,0.6233,0.59886,0.17591,0.33716,0.5065,0.08418,,0.01079,0.03084,0.55
3,44,hybrid,HYBRID_ALPHA0.9_BETA0.1,0.9,0.1,100,1.0,0.62333,0.59906,0.17601,0.34032,0.50915,0.08513,,0.01103,0.03216,0.6
3,44,hybrid,HYBRID_ALPHA0.1_BETA0.9,0.1,0.9,100,0.0,0.67721,0.60013,0.1704,1.14232,0.93014,0.0278,,0.00506,0.02142,0.55
3,44,hybrid,HYBRID_ALPHA0.2_BETA0.8,0.2,0.8,100,0.0,0.63227,0.59361,0.17117,1.10122,0.91964,0.03286,,0.0054,0.02793,0.55
3,44,hybrid,HYBRID_ALPHA0.3_BETA0.7,0.3,0.7,100,0.0,0.62581,0.59342,0.17255,1.04831,0.90064,0.03447,,0.00564,0.02938,0.525
3,44,hybrid,HYBRID_ALPHA0.4_BETA0.6,0.4,0.6,100,0.0,0.62531,0.59614,0.17484,1.02516,0.89168,0.03185,,0.00549,0.02983,0.575
3,44,hybrid,HYBRID_ALPHA0.5_BETA0.5,0.5,0.5,100,0.0,0.62517,0.59733,0.17533,1.03092,0.89339,0.03681,,0.00598,0.03177,0.525
3,44,hybrid,HYBRID_ALPHA0.6_BETA0.4,0.6,0.4,100,0.0,0.62466,0.5984,0.17557,1.03089,0.89166,0.04168,,0.00657,0.03266,0.55
3,44,hybrid,HYBRID_ALPHA0.7_BETA0.3,0.7,0.3,100,0.0,0.6239,0.59868,0.17572,1.04995,0.89642,0.04973,,0.00736,0.03413,0.575
3,44,hybrid,HYBRID_ALPHA0.8_BETA0.2,0.8,0.2,100,0.0,0.6233,0.59886,0.17591,1.05716,0.897,0.05555,,0.00795,0.03502,0.525
3,44,hybrid,HYBRID_ALPHA0.9_BETA0.1,0.9,0.1,100,0.0,0.62333,0.59906,0.17601,1.05648,0.89701,0.05646,,0.00811,0.03563,0.575
3,44,hybrid,HYBRID_ALPHA0.1_BETA0.9,0.1,0.9,300,1.0,0.45181,0.54195,0.13778,0.36283,0.51956,0.04539,,0.00514,0.02147,0.5
3,44,hybrid,HYBRID_ALPHA0.2_BETA0.8,0.2,0.8,300,1.0,0.45249,0.53744,0.13941,0.31504,0.49123,0.03408,,0.00408,0.02029,0.5
3,44,hybrid,HYBRID_ALPHA0.3_BETA0.7,0.3,0.7,300,1.0,0.46497,0.53889,0.1293,0.30254,0.48069,0.02885,,0.00423,0.02006,0.525
3,44,hybrid,HYBRID_ALPHA0.4_BETA0.6,0.4,0.6,300,1.0,0.4677,0.54017,0.12377,0.28509,0.46163,0.01285,,0.00309,0.01573,0.55
3,44,hybrid,HYBRID_ALPHA0.5_BETA0.5,0.5,0.5,300,1.0,0.46934,0.54018,0.12237,0.28721,0.46128,0.01261,,0.00328,0.01557,0.5
3,44,hybrid,HYBRID_ALPHA0.6_BETA0.4,0.6,0.4,300,1.0,0.45804,0.53302,0.12362,0.28703,0.4621,0.01451,,0.00365,0.01572,0.5
3,44,hybrid,HYBRID_ALPHA0.7_BETA0.3,0.7,0.3,300,1.0,0.45611,0.53001,0.12333,0.28854,0.46353,0.01604,,0.00397,0.01581,0.55
3,44,hybrid,HYBRID_ALPHA0.8_BETA0.2,0.8,0.2,300,1.0,0.4495,0.52575,0.12452,0.29019,0.46377,0.01578,,0.004,0.01589,0.525
3,44,hybrid,HYBRID_ALPHA0.9_BETA0.1,0.9,0.1,300,1.0,0.44977,0.52528,0.12296,0.31339,0.47873,0.0356,,0.00698,0.01921,0.525
3,44,hybrid,HYBRID_ALPHA0.1_BETA0.9,0.1,0.9,300,0.0,0.45181,0.54195,0.13778,1.09177,0.9185,0.02541,,0.00421,0.03046,0.6
3,44,hybrid,HYBRID_ALPHA0.2_BETA0.8,0.2,0.8,300,0.0,0.45249,0.53744,0.13941,1.0117,0.88837,0.01458,,0.00317,0.03217,0.65
3,44,hybrid,HYBRID_ALPHA0.3_BETA0.7,0.3,0.7,300,0.0,0.46497,0.53889,0.1293,0.99342,0.87672,0.01098,,0.003,0.03117,0.675
3,44,hybrid,HYBRID_ALPHA0.4_BETA0.6,0.4,0.6,300,0.0,0.4677,0.54017,0.12377,0.98724,0.86592,0.031,,0.0058,0.03742,0.6
3,44,hybrid,HYBRID_ALPHA0.5_BETA0.5,0.5,0.5,300,0.0,0.46934,0.54018,0.12237,0.98542,0.86353,0.02857,,0.00571,0.0368,0.65
3,44,hybrid,HYBRID_ALPHA0.6_BETA0.4,0.6,0.4,300,0.0,0.45804,0.53302,0.12362,0.98826,0.86387,0.02757,,0.0057,0.03632,0.6
3,44,hybrid,HYBRID_ALPHA0.7_BETA0.3,0.7,0.3,300,0.0,0.45611,0.53001,0.12333,0.99249,0.86388,0.02711,,0.00573,0.0359,0.55
3,44,hybrid,HYBRID_ALPHA0.8_BETA0.2,0.8,0.2,300,0.0,0.4495,0.52575,0.12452,0.99354,0.86386,0.02645,,0.00569,0.03568,0.6
3,44,hybrid,HYBRID_ALPHA0.9_BETA0.1,0.9,0.1,300,0.0,0.44977,0.52528,0.12296,0.98302,0.86662,0.01296,,0.00374,0.03308,0.65
3,44,hybrid,HYBRID_ALPHA0.1_BETA0.9,0.1,0.9,500,1.0,0.46965,0.55037,0.15172,0.32175,0.50072,0.04634,,0.00594,0.02151,0.55
3,44,hybrid,HYBRID_ALPHA0.2_BETA0.8,0.2,0.8,500,1.0,0.46906,0.5338,0.14755,0.35203,0.51517,0.02245,,0.00367,0.02463,0.55
3,44,hybrid,HYBRID_ALPHA0.3_BETA0.7,0.3,0.7,500,1.0,0.45911,0.53388,0.15202,0.36387,0.52007,0.02311,,0.00409,0.02526,0.525
3,44,hybrid,HYBRID_ALPHA0.4_BETA0.6,0.4,0.6,500,1.0,0.45564,0.53072,0.15152,0.37281,0.52026,0.02631,,0.00474,0.02496,0.575
3,44,hybrid,HYBRID_ALPHA0.5_BETA0.5,0.5,0.5,500,1.0,0.45856,0.52862,0.15016,0.37493,0.5197,0.02901,,0.00515,0.02512,0.525
3,44,hybrid,HYBRID_ALPHA0.6_BETA0.4,0.6,0.4,500,1.0,0.45523,0.52017,0.14676,0.37431,0.51857,0.02995,,0.0053,0.02516,0.575
3,44,hybrid,HYBRID_ALPHA0.7_BETA0.3,0.7,0.3,500,1.0,0.45679,0.51977,0.14531,0.37274,0.51737,0.03048,,0.00534,0.02474,0.55
3,44,hybrid,HYBRID_ALPHA0.8_BETA0.2,0.8,0.2,500,1.0,0.4547,0.51416,0.14214,0.37166,0.5165,0.03129,,0.00544,0.02445,0.575
3,44,hybrid,HYBRID_ALPHA0.9_BETA0.1,0.9,0.1,500,1.0,0.45208,0.50199,0.13298,0.37297,0.51674,0.03257,,0.00559,0.02438,0.575
3,44,hybrid,HYBRID_ALPHA0.1_BETA0.9,0.1,0.9,500,0.0,0.46965,0.55037,0.15172,1.13068,0.9269,0.04102,,0.00612,0.03362,0.5
3,44,hybrid,HYBRID_ALPHA0.2_BETA0.8,0.2,0.8,500,0.0,0.46906,0.5338,0.14755,1.12554,0.92352,0.01855,,0.0037,0.03436,0.625
3,44,hybrid,HYBRID_ALPHA0.3_BETA0.7,0.3,0.7,500,0.0,0.45911,0.53388,0.15202,1.12125,0.92066,0.02062,,0.00416,0.03483,0.55
3,44,hybrid,HYBRID_ALPHA0.4_BETA0.6,0.4,0.6,500,0.0,0.45564,0.53072,0.15152,1.11133,0.91436,0.02279,,0.00463,0.03428,0.6
3,44,hybrid,HYBRID_ALPHA0.5_BETA0.5,0.5,0.5,500,0.0,0.45856,0.52862,0.15016,1.10682,0.91161,0.02422,,0.00488,0.03434,0.525
3,44,hybrid,HYBRID_ALPHA0.6_BETA0.4,0.6,0.4,500,0.0,0.45523,0.52017,0.14676,1.10445,0.91058,0.0248,,0.00498,0.03433,0.575
3,44,hybrid,HYBRID_ALPHA0.7_BETA0.3,0.7,0.3,500,0.0,0.45679,0.51977,0.14531,1.1027,0.90958,0.02517,,0.00504,0.0343,0.575
3,44,hybrid,HYBRID_ALPHA0.8_BETA0.2,0.8,0.2,500,0.0,0.4547,0.51416,0.14214,1.10106,0.90862,0.02548,,0.00511,0.03429,0.575
3,44,hybrid,HYBRID_ALPHA0.9_BETA0.1,0.9,0.1,500,0.0,0.45208,0.50199,0.13298,1.1003,0.90769,0.02611,,0.0052,0.03432,0.575
3,44,mse,MSE,1.0,0.0,50,1.0,0.49959,0.50705,0.11846,0.29043,0.46902,0.01414,,0.00386,0.01816,0.55
3,44,mse,MSE,1.0,0.0,50,0.0,0.49959,0.50705,0.11846,1.0013,0.86876,0.0231,,0.00531,0.04319,0.55
3,44,mse,MSE,1.0,0.0,100,1.0,0.62328,0.59917,0.17606,0.34088,0.5088,0.09243,,0.01169,0.03114,0.5
3,44,mse,MSE,1.0,0.0,100,0.0,0.62328,0.59917,0.17606,1.07005,0.8984,0.06415,,0.00884,0.03667,0.575
3,44,mse,MSE,1.0,0.0,300,1.0,0.44938,0.52528,0.12318,0.31198,0.47815,0.03449,,0.00687,0.01896,0.525
3,44,mse,MSE,1.0,0.0,300,0.0,0.44938,0.52528,0.12318,0.98147,0.86625,0.01454,,0.00399,0.0345,0.625
3,44,mse,MSE,1.0,0.0,500,1.0,0.45577,0.50766,0.13518,0.37033,0.51578,0.03296,,0.00557,0.02385,0.55
3,44,mse,MSE,1.0,0.0,500,0.0,0.45577,0.50766,0.13518,1.09828,0.90714,0.02573,,0.00515,0.03408,0.6
4,45,hsic,HSIC,0.0,1.0,50,1.0,0.76869,0.62776,0.17707,0.5484,0.63368,0.3397,,0.02905,0.03947,0.5
4,45,hsic,HSIC,0.0,1.0,50,0.0,0.76869,0.62776,0.17707,1.27011,0.9415,0.17212,,0.01687,0.03806,0.65
4,45,hsic,HSIC,0.0,1.0,100,1.0,0.75753,0.67151,0.14652,0.65401,0.66764,0.20531,,0.01776,0.03438,0.575
4,45,hsic,HSIC,0.0,1.0,100,0.0,0.75753,0.67151,0.14652,1.13676,0.90571,0.09309,,0.01171,0.02206,0.575
4,45,hsic,HSIC,0.0,1.0,300,1.0,0.72349,0.64072,0.12353,0.9259,0.78722,0.06817,,0.00338,0.04401,0.575
4,45,hsic,HSIC,0.0,1.0,300,0.0,0.72349,0.64072,0.12353,1.30911,0.92633,0.05148,,0.0062,0.021,0.55
4,45,hsic,HSIC,0.0,1.0,500,1.0,0.7669,0.62729,0.17673,1.04769,0.84297,0.258,,0.02562,0.05919,0.6
4,45,hsic,HSIC,0.0,1.0,500,0.0,0.7669,0.62729,0.17673,1.30817,0.96431,0.06103,,0.01024,0.01969,0.55
4,45,hybrid,HYBRID_ALPHA0.1_BETA0.9,0.1,0.9,50,1.0,0.76729,0.62725,0.17714,0.40436,0.52927,0.20235,,0.01837,0.02863,0.525
4,45,hybrid,HYBRID_ALPHA0.2_BETA0.8,0.2,0.8,50,1.0,0.7641,0.6261,0.17695,0.40702,0.52948,0.19499,,0.01795,0.02767,0.525
4,45,hybrid,HYBRID_ALPHA0.3_BETA0.7,0.3,0.7,50,1.0,0.73741,0.61689,0.17671,0.38616,0.5199,0.16764,,0.01591,0.02557,0.525
4,45,hybrid,HYBRID_ALPHA0.4_BETA0.6,0.4,0.6,50,1.0,0.65667,0.59416,0.176,0.40757,0.52856,0.19663,,0.01809,0.02754,0.5
4,45,hybrid,HYBRID_ALPHA0.5_BETA0.5,0.5,0.5,50,1.0,0.62712,0.59154,0.17538,0.42294,0.53608,0.21854,,0.01972,0.02812,0.525
4,45,hybrid,HYBRID_ALPHA0.6_BETA0.4,0.6,0.4,50,1.0,0.62248,0.59244,0.1752,0.3935,0.52117,0.18599,,0.01721,0.02715,0.5
4,45,hybrid,HYBRID_ALPHA0.7_BETA0.3,0.7,0.3,50,1.0,0.60125,0.59028,0.17488,0.43818,0.544,0.2458,,0.02158,0.03071,0.525
4,45,hybrid,HYBRID_ALPHA0.8_BETA0.2,0.8,0.2,50,1.0,0.60051,0.59132,0.17487,0.42214,0.53582,0.22677,,0.02015,0.02988,0.5
4,45,hybrid,HYBRID_ALPHA0.9_BETA0.1,0.9,0.1,50,1.0,0.60004,0.59213,0.17489,0.44283,0.54669,0.25724,,0.02235,0.03175,0.5
4,45,hybrid,HYBRID_ALPHA0.1_BETA0.9,0.1,0.9,50,0.0,0.76729,0.62725,0.17714,1.24836,0.93939,0.14185,,0.01424,0.04217,0.575
4,45,hybrid,HYBRID_ALPHA0.2_BETA0.8,0.2,0.8,50,0.0,0.7641,0.6261,0.17695,1.23666,0.93605,0.12629,,0.01316,0.0429,0.575
4,45,hybrid,HYBRID_ALPHA0.3_BETA0.7,0.3,0.7,50,0.0,0.73741,0.61689,0.17671,1.19207,0.92506,0.10635,,0.01172,0.04288,0.575
4,45,hybrid,HYBRID_ALPHA0.4_BETA0.6,0.4,0.6,50,0.0,0.65667,0.59416,0.176,1.21025,0.9291,0.11211,,0.01223,0.04229,0.6
4,45,hybrid,HYBRID_ALPHA0.5_BETA0.5,0.5,0.5,50,0.0,0.62712,0.59154,0.17538,1.2278,0.93232,0.11925,,0.01279,0.04111,0.55
4,45,hybrid,HYBRID_ALPHA0.6_BETA0.4,0.6,0.4,50,0.0,0.62248,0.59244,0.1752,1.18901,0.92272,0.10526,,0.01175,0.04352,0.55
4,45,hybrid,HYBRID_ALPHA0.7_BETA0.3,0.7,0.3,50,0.0,0.60125,0.59028,0.17488,1.23286,0.93246,0.12367,,0.01312,0.04184,0.5
4,45,hybrid,HYBRID_ALPHA0.8_BETA0.2,0.8,0.2,50,0.0,0.60051,0.59132,0.17487,1.21962,0.929,0.11946,,0.01277,0.04237,0.55
4,45,hybrid,HYBRID_ALPHA0.9_BETA0.1,0.9,0.1,50,0.0,0.60004,0.59213,0.17489,1.24212,0.93389,0.12964,,0.01352,0.04171,0.525
4,45,hybrid,HYBRID_ALPHA0.1_BETA0.9,0.1,0.9,100,1.0,0.44814,0.54061,0.1468,0.41952,0.54423,0.22477,,0.02117,0.03506,0.575
4,45,hybrid,HYBRID_ALPHA0.2_BETA0.8,0.2,0.8,100,1.0,0.45052,0.5381,0.14542,0.41723,0.54614,0.20735,,0.01968,0.03792,0.55
4,45,hybrid,HYBRID_ALPHA0.3_BETA0.7,0.3,0.7,100,1.0,0.45216,0.53888,0.14201,0.41815,0.5467,0.19097,,0.01861,0.03787,0.55
4,45,hybrid,HYBRID_ALPHA0.4_BETA0.6,0.4,0.6,100,1.0,0.44436,0.5327,0.14397,0.41997,0.54702,0.1808,,0.01792,0.03803,0.6
4,45,hybrid,HYBRID_ALPHA0.5_BETA0.5,0.5,0.5,100,1.0,0.44137,0.52948,0.14704,0.41758,0.54258,0.16459,,0.01681,0.03828,0.675
4,45,hybrid,HYBRID_ALPHA0.6_BETA0.4,0.6,0.4,100,1.0,0.43717,0.52694,0.14458,0.41995,0.54136,0.15643,,0.01641,0.03845,0.625
4,45,hybrid,HYBRID_ALPHA0.7_BETA0.3,0.7,0.3,100,1.0,0.4506,0.53737,0.15202,0.42757,0.54624,0.16078,,0.01673,0.03918,0.6
4,45,hybrid,HYBRID_ALPHA0.8_BETA0.2,0.8,0.2,100,1.0,0.44749,0.53584,0.14775,0.42815,0.54375,0.13974,,0.01539,0.03945,0.625
4,45,hybrid,HYBRID_ALPHA0.9_BETA0.1,0.9,0.1,100,1.0,0.40071,0.47198,0.12451,0.41355,0.53618,0.11899,,0.01377,0.03441,0.55
4,45,hybrid,HYBRID_ALPHA0.1_BETA0.9,0.1,0.9,100,0.0,0.44814,0.54061,0.1468,1.23237,0.93549,0.13507,,0.0142,0.04092,0.575
4,45,hybrid,HYBRID_ALPHA0.2_BETA0.8,0.2,0.8,100,0.0,0.45052,0.5381,0.14542,1.20979,0.92744,0.14394,,0.01478,0.05339,0.625
4,45,hybrid,HYBRID_ALPHA0.3_BETA0.7,0.3,0.7,100,0.0,0.45216,0.53888,0.14201,1.19481,0.92539,0.13599,,0.01425,0.05333,0.625
4,45,hybrid,HYBRID_ALPHA0.4_BETA0.6,0.4,0.6,100,0.0,0.44436,0.5327,0.14397,1.18821,0.92439,0.13192,,0.01398,0.05333,0.625
4,45,hybrid,HYBRID_ALPHA0.5_BETA0.5,0.5,0.5,100,0.0,0.44137,0.52948,0.14704,1.17357,0.92052,0.12442,,0.01346,0.05348,0.625
4,45,hybrid,HYBRID_ALPHA0.6_BETA0.4,0.6,0.4,100,0.0,0.43717,0.52694,0.14458,1.16755,0.91905,0.12055,,0.01323,0.0537,0.6
4,45,hybrid,HYBRID_ALPHA0.7_BETA0.3,0.7,0.3,100,0.0,0.4506,0.53737,0.15202,1.1738,0.92133,0.12221,,0.01335,0.0542,0.625
4,45,hybrid,HYBRID_ALPHA0.8_BETA0.2,0.8,0.2,100,0.0,0.44749,0.53584,0.14775,1.16312,0.9191,0.11171,,0.01267,0.05505,0.65
4,45,hybrid,HYBRID_ALPHA0.9_BETA0.1,0.9,0.1,100,0.0,0.40071,0.47198,0.12451,1.12902,0.90502,0.08402,,0.01054,0.05493,0.65
4,45,hybrid,HYBRID_ALPHA0.1_BETA0.9,0.1,0.9,300,1.0,0.44023,0.53988,0.1325,0.36688,0.5225,0.06659,,0.00749,0.02442,0.5
4,45,hybrid,HYBRID_ALPHA0.2_BETA0.8,0.2,0.8,300,1.0,0.44041,0.51413,0.12134,0.31653,0.49392,0.02714,,0.00478,0.01985,0.525
4,45,hybrid,HYBRID_ALPHA0.3_BETA0.7,0.3,0.7,300,1.0,0.45671,0.53607,0.12493,0.30314,0.47843,0.04755,,0.00862,0.01946,0.55
4,45,hybrid,HYBRID_ALPHA0.4_BETA0.6,0.4,0.6,300,1.0,0.4579,0.521,0.11994,0.29882,0.47568,0.02853,,0.00629,0.01911,0.55
4,45,hybrid,HYBRID_ALPHA0.5_BETA0.5,0.5,0.5,300,1.0,0.45151,0.51259,0.11921,0.31157,0.48268,0.025,,0.00556,0.01813,0.55
4,45,hybrid,HYBRID_ALPHA0.6_BETA0.4,0.6,0.4,300,1.0,0.44469,0.52712,0.1191,0.31517,0.48234,0.02737,,0.00594,0.01922,0.525
4,45,hybrid,HYBRID_ALPHA0.7_BETA0.3,0.7,0.3,300,1.0,0.43685,0.52122,0.11931,0.31438,0.48551,0.02619,,0.00519,0.0167,0.525
4,45,hybrid,HYBRID_ALPHA0.8_BETA0.2,0.8,0.2,300,1.0,0.43479,0.51793,0.11881,0.32411,0.49317,0.02824,,0.00515,0.01724,0.5
4,45,hybrid,HYBRID_ALPHA0.9_BETA0.1,0.9,0.1,300,1.0,0.43088,0.51332,0.11656,0.31468,0.48554,0.0266,,0.00523,0.01676,0.55
4,45,hybrid,HYBRID_ALPHA0.1_BETA0.9,0.1,0.9,300,0.0,0.44023,0.53988,0.1325,1.20113,0.94616,0.0495,,0.00681,0.02974,0.525
4,45,hybrid,HYBRID_ALPHA0.2_BETA0.8,0.2,0.8,300,0.0,0.44041,0.51413,0.12134,1.02663,0.88739,0.01592,,0.00412,0.02775,0.6
4,45,hybrid,HYBRID_ALPHA0.3_BETA0.7,0.3,0.7,300,0.0,0.45671,0.53607,0.12493,1.10147,0.90286,0.03511,,0.00622,0.02593,0.625
4,45,hybrid,HYBRID_ALPHA0.4_BETA0.6,0.4,0.6,300,0.0,0.4579,0.521,0.11994,1.09764,0.90492,0.03187,,0.00579,0.02686,0.6
4,45,hybrid,HYBRID_ALPHA0.5_BETA0.5,0.5,0.5,300,0.0,0.45151,0.51259,0.11921,1.04387,0.88823,0.02228,,0.00517,0.02906,0.55
4,45,hybrid,HYBRID_ALPHA0.6_BETA0.4,0.6,0.4,300,0.0,0.44469,0.52712,0.1191,1.04017,0.88662,0.02264,,0.00517,0.02888,0.6
4,45,hybrid,HYBRID_ALPHA0.7_BETA0.3,0.7,0.3,300,0.0,0.43685,0.52122,0.11931,1.05089,0.89098,0.02261,,0.00507,0.02898,0.575
4,45,hybrid,HYBRID_ALPHA0.8_BETA0.2,0.8,0.2,300,0.0,0.43479,0.51793,0.11881,1.06875,0.89679,0.02347,,0.00499,0.02831,0.675
4,45,hybrid,HYBRID_ALPHA0.9_BETA0.1,0.9,0.1,300,0.0,0.43088,0.51332,0.11656,1.04572,0.889,0.02282,,0.0051,0.02908,0.6
4,45,hybrid,HYBRID_ALPHA0.1_BETA0.9,0.1,0.9,500,1.0,0.54611,0.60678,0.04107,0.36237,0.52155,0.08645,,0.01023,0.02215,0.525
4,45,hybrid,HYBRID_ALPHA0.2_BETA0.8,0.2,0.8,500,1.0,0.45129,0.53122,0.11723,0.33685,0.50544,0.0967,,0.01093,0.02264,0.5
4,45,hybrid,HYBRID_ALPHA0.3_BETA0.7,0.3,0.7,500,1.0,0.44635,0.51546,0.11261,0.33284,0.5015,0.09659,,0.011,0.02252,0.5
4,45,hybrid,HYBRID_ALPHA0.4_BETA0.6,0.4,0.6,500,1.0,0.44484,0.51239,0.11224,0.32964,0.49918,0.09422,,0.01072,0.02201,0.5
4,45,hybrid,HYBRID_ALPHA0.5_BETA0.5,0.5,0.5,500,1.0,0.44524,0.5134,0.11134,0.3288,0.49818,0.0953,,0.01076,0.0218,0.525
4,45,hybrid,HYBRID_ALPHA0.6_BETA0.4,0.6,0.4,500,1.0,0.44761,0.52784,0.11434,0.32562,0.49594,0.09248,,0.01045,0.02139,0.5
4,45,hybrid,HYBRID_ALPHA0.7_BETA0.3,0.7,0.3,500,1.0,0.44181,0.50531,0.11016,0.32236,0.49358,0.08932,,0.01014,0.02098,0.525
4,45,hybrid,HYBRID_ALPHA0.8_BETA0.2,0.8,0.2,500,1.0,0.44174,0.50443,0.10985,0.28559,0.46882,0.02054,,0.00343,0.01339,0.5
4,45,hybrid,HYBRID_ALPHA0.9_BETA0.1,0.9,0.1,500,1.0,0.452,0.50927,0.10711,0.2852,0.46847,0.01881,,0.00333,0.0131,0.5
4,45,hybrid,HYBRID_ALPHA0.1_BETA0.9,0.1,0.9,500,0.0,0.54611,0.60678,0.04107,1.11929,0.9176,0.06904,,0.00881,0.03463,0.65
4,45,hybrid,HYBRID_ALPHA0.2_BETA0.8,0.2,0.8,500,0.0,0.45129,0.53122,0.11723,1.10473,0.9085,0.08061,,0.00977,0.03869,0.7
4,45,hybrid,HYBRID_ALPHA0.3_BETA0.7,0.3,0.7,500,0.0,0.44635,0.51546,0.11261,1.08037,0.90056,0.07456,,0.0093,0.03817,0.65
4,45,hybrid,HYBRID_ALPHA0.4_BETA0.6,0.4,0.6,500,0.0,0.44484,0.51239,0.11224,1.07507,0.89846,0.07378,,0.00925,0.03812,0.625
4,45,hybrid,HYBRID_ALPHA0.5_BETA0.5,0.5,0.5,500,0.0,0.44524,0.5134,0.11134,1.07183,0.89689,0.07388,,0.00926,0.03823,0.65
4,45,hybrid,HYBRID_ALPHA0.6_BETA0.4,0.6,0.4,500,0.0,0.44761,0.52784,0.11434,1.06669,0.89499,0.07256,,0.00917,0.03814,0.625
4,45,hybrid,HYBRID_ALPHA0.7_BETA0.3,0.7,0.3,500,0.0,0.44181,0.50531,0.11016,1.05901,0.89228,0.07031,,0.00898,0.03792,0.625
4,45,hybrid,HYBRID_ALPHA0.8_BETA0.2,0.8,0.2,500,0.0,0.44174,0.50443,0.10985,0.99245,0.8737,0.03031,,0.00513,0.03408,0.725
4,45,hybrid,HYBRID_ALPHA0.9_BETA0.1,0.9,0.1,500,0.0,0.452,0.50927,0.10711,0.99325,0.87327,0.03056,,0.00517,0.03429,0.7
4,45,mse,MSE,1.0,0.0,50,1.0,0.59964,0.59278,0.17488,0.44087,0.54573,0.2543,,0.02211,0.03158,0.5
4,45,mse,MSE,1.0,0.0,50,0.0,0.59964,0.59278,0.17488,1.2415,0.93364,0.12923,,0.01347,0.04201,0.575
4,45,mse,MSE,1.0,0.0,100,1.0,0.40144,0.47213,0.12357,0.42627,0.54788,0.16049,,0.01697,0.03509,0.55
4,45,mse,MSE,1.0,0.0,100,0.0,0.40144,0.47213,0.12357,1.12801,0.90336,0.0773,,0.01,0.05398,0.675
4,45,mse,MSE,1.0,0.0,300,1.0,0.43569,0.5144,0.11458,0.31703,0.4869,0.02767,,0.00534,0.01696,0.525
4,45,mse,MSE,1.0,0.0,300,0.0,0.43569,0.5144,0.11458,1.04901,0.88996,0.02312,,0.00512,0.02899,0.625
4,45,mse,MSE,1.0,0.0,500,1.0,0.45232,0.50832,0.10577,0.28502,0.4682,0.01758,,0.00326,0.01284,0.525
4,45,mse,MSE,1.0,0.0,500,0.0,0.45232,0.50832,0.10577,0.99426,0.87306,0.03087,,0.00522,0.03445,0.7
5,46,hsic,HSIC,0.0,1.0,50,1.0,0.72977,0.64643,0.13944,0.61088,0.63017,0.08525,,0.01009,0.02815,0.55
5,46,hsic,HSIC,0.0,1.0,50,0.0,0.72977,0.64643,0.13944,1.02043,0.85808,0.05634,,0.00812,0.03583,0.525
5,46,hsic,HSIC,0.0,1.0,100,1.0,0.82689,0.70867,0.14468,0.78744,0.74957,0.50579,,0.04383,0.05045,0.65
5,46,hsic,HSIC,0.0,1.0,100,0.0,0.82689,0.70867,0.14468,1.44581,0.99942,0.23894,,0.02142,0.04349,0.625
5,46,hsic,HSIC,0.0,1.0,300,1.0,0.82111,0.72012,0.13554,0.79475,0.75278,0.50123,,0.04336,0.05147,0.525
5,46,hsic,HSIC,0.0,1.0,300,0.0,0.82111,0.72012,0.13554,1.42692,0.99674,0.23497,,0.02113,0.03497,0.625
5,46,hsic,HSIC,0.0,1.0,500,1.0,0.77576,0.63611,0.17469,0.59584,0.5971,0.04168,,0.00934,0.03393,0.6
5,46,hsic,HSIC,0.0,1.0,500,0.0,0.77576,0.63611,0.17469,1.23135,0.94545,0.06212,,0.00912,0.01878,0.525
5,46,hybrid,HYBRID_ALPHA0.1_BETA0.9,0.1,0.9,50,1.0,0.54556,0.54217,0.12171,0.33291,0.4939,0.10937,,0.01133,0.02641,0.5
5,46,hybrid,HYBRID_ALPHA0.2_BETA0.8,0.2,0.8,50,1.0,0.50926,0.53778,0.11635,0.34181,0.49627,0.13849,,0.01344,0.02702,0.5
5,46,hybrid,HYBRID_ALPHA0.3_BETA0.7,0.3,0.7,50,1.0,0.50356,0.53891,0.11668,0.33568,0.49382,0.12158,,0.0126,0.02663,0.525
5,46,hybrid,HYBRID_ALPHA0.4_BETA0.6,0.4,0.6,50,1.0,0.52432,0.5474,0.11833,0.32935,0.49065,0.10955,,0.01157,0.02564,0.55
5,46,hybrid,HYBRID_ALPHA0.5_BETA0.5,0.5,0.5,50,1.0,0.52842,0.55016,0.11861,0.32955,0.49247,0.10864,,0.0115,0.02584,0.55
5,46,hybrid,HYBRID_ALPHA0.6_BETA0.4,0.6,0.4,50,1.0,0.52572,0.55335,0.11795,0.33335,0.50016,0.09775,,0.01048,0.02495,0.55
5,46,hybrid,HYBRID_ALPHA0.7_BETA0.3,0.7,0.3,50,1.0,0.53462,0.55968,0.11889,0.33765,0.50248,0.10217,,0.01071,0.02451,0.55
5,46,hybrid,HYBRID_ALPHA0.8_BETA0.2,0.8,0.2,50,1.0,0.54581,0.57062,0.11811,0.33139,0.49936,0.09439,,0.0102,0.02378,0.525
5,46,hybrid,HYBRID_ALPHA0.9_BETA0.1,0.9,0.1,50,1.0,0.59599,0.59437,0.10599,0.31825,0.49435,0.07082,,0.0082,0.02263,0.525
5,46,hybrid,HYBRID_ALPHA0.1_BETA0.9,0.1,0.9,50,0.0,0.54556,0.54217,0.12171,1.16078,0.91953,0.05717,,0.00792,0.03998,0.55
5,46,hybrid,HYBRID_ALPHA0.2_BETA0.8,0.2,0.8,50,0.0,0.50926,0.53778,0.11635,1.18352,0.92849,0.07064,,0.009,0.04156,0.55
5,46,hybrid,HYBRID_ALPHA0.3_BETA0.7,0.3,0.7,50,0.0,0.50356,0.53891,0.11668,1.17979,0.9306,0.06698,,0.00867,0.04064,0.5
5,46,hybrid,HYBRID_ALPHA0.4_BETA0.6,0.4,0.6,50,0.0,0.52432,0.5474,0.11833,1.15904,0.92248,0.06514,,0.00851,0.04009,0.525
5,46,hybrid,HYBRID_ALPHA0.5_BETA0.5,0.5,0.5,50,0.0,0.52842,0.55016,0.11861,1.16801,0.92516,0.0644,,0.00846,0.0399,0.525
5,46,hybrid,HYBRID_ALPHA0.6_BETA0.4,0.6,0.4,50,0.0,0.52572,0.55335,0.11795,1.18611,0.93609,0.05232,,0.00723,0.03813,0.55
5,46,hybrid,HYBRID_ALPHA0.7_BETA0.3,0.7,0.3,50,0.0,0.53462,0.55968,0.11889,1.20217,0.94428,0.04628,,0.00645,0.03615,0.55
5,46,hybrid,HYBRID_ALPHA0.8_BETA0.2,0.8,0.2,50,0.0,0.54581,0.57062,0.11811,1.21312,0.94748,0.05126,,0.0069,0.03638,0.5
5,46,hybrid,HYBRID_ALPHA0.9_BETA0.1,0.9,0.1,50,0.0,0.59599,0.59437,0.10599,1.19987,0.94314,0.0452,,0.00641,0.03662,0.525
5,46,hybrid,HYBRID_ALPHA0.1_BETA0.9,0.1,0.9,100,1.0,0.51717,0.5675,0.14307,0.72557,0.72429,0.50547,,0.0438,0.05029,0.65
5,46,hybrid,HYBRID_ALPHA0.2_BETA0.8,0.2,0.8,100,1.0,0.5739,0.589,0.16429,0.41141,0.52931,0.06827,,0.00735,0.02505,0.525
5,46,hybrid,HYBRID_ALPHA0.3_BETA0.7,0.3,0.7,100,1.0,0.62223,0.59585,0.16936,0.38415,0.51572,0.07168,,0.00911,0.02331,0.625
5,46,hybrid,HYBRID_ALPHA0.4_BETA0.6,0.4,0.6,100,1.0,0.68313,0.60649,0.17342,0.39946,0.52288,0.08834,,0.01024,0.0253,0.6
5,46,hybrid,HYBRID_ALPHA0.5_BETA0.5,0.5,0.5,100,1.0,0.76054,0.62493,0.17685,0.38133,0.51252,0.08375,,0.0106,0.02285,0.575
5,46,hybrid,HYBRID_ALPHA0.6_BETA0.4,0.6,0.4,100,1.0,0.76027,0.62485,0.17689,0.36419,0.50374,0.0818,,0.01072,0.02072,0.625
5,46,hybrid,HYBRID_ALPHA0.7_BETA0.3,0.7,0.3,100,1.0,0.76016,0.62482,0.1769,0.34534,0.49664,0.08669,,0.01058,0.02131,0.55
5,46,hybrid,HYBRID_ALPHA0.8_BETA0.2,0.8,0.2,100,1.0,0.76012,0.62481,0.17691,0.34605,0.49663,0.08774,,0.01077,0.02167,0.55
5,46,hybrid,HYBRID_ALPHA0.9_BETA0.1,0.9,0.1,100,1.0,0.76011,0.62481,0.17691,0.34903,0.49785,0.09736,,0.01142,0.02252,0.575
5,46,hybrid,HYBRID_ALPHA0.1_BETA0.9,0.1,0.9,100,0.0,0.51717,0.5675,0.14307,1.49305,1.00372,0.23866,,0.0214,0.04338,0.625
5,46,hybrid,HYBRID_ALPHA0.2_BETA0.8,0.2,0.8,100,0.0,0.5739,0.589,0.16429,1.16277,0.91068,0.05161,,0.0079,0.04347,0.7
5,46,hybrid,HYBRID_ALPHA0.3_BETA0.7,0.3,0.7,100,0.0,0.62223,0.59585,0.16936,1.13778,0.90288,0.05484,,0.00839,0.04465,0.7
5,46,hybrid,HYBRID_ALPHA0.4_BETA0.6,0.4,0.6,100,0.0,0.68313,0.60649,0.17342,1.15631,0.90994,0.05835,,0.00859,0.04707,0.65
5,46,hybrid,HYBRID_ALPHA0.5_BETA0.5,0.5,0.5,100,0.0,0.76054,0.62493,0.17685,1.13531,0.90452,0.0569,,0.00861,0.04622,0.725
5,46,hybrid,HYBRID_ALPHA0.6_BETA0.4,0.6,0.4,100,0.0,0.76027,0.62485,0.17689,1.11842,0.8982,0.06095,,0.00895,0.04574,0.65
5,46,hybrid,HYBRID_ALPHA0.7_BETA0.3,0.7,0.3,100,0.0,0.76016,0.62482,0.1769,1.13553,0.90425,0.07911,,0.01014,0.04891,0.65
5,46,hybrid,HYBRID_ALPHA0.8_BETA0.2,0.8,0.2,100,0.0,0.76012,0.62481,0.17691,1.1374,0.90463,0.07596,,0.00999,0.04888,0.625
5,46,hybrid,HYBRID_ALPHA0.9_BETA0.1,0.9,0.1,100,0.0,0.76011,0.62481,0.17691,1.14343,0.90611,0.07989,,0.01024,0.04918,0.575
5,46,hybrid,HYBRID_ALPHA0.1_BETA0.9,0.1,0.9,300,1.0,0.47604,0.53266,0.13389,0.36136,0.51154,0.03944,,0.00454,0.0254,0.525
5,46,hybrid,HYBRID_ALPHA0.2_BETA0.8,0.2,0.8,300,1.0,0.43862,0.53787,0.12648,0.35138,0.51009,0.03964,,0.00718,0.02559,0.5
5,46,hybrid,HYBRID_ALPHA0.3_BETA0.7,0.3,0.7,300,1.0,0.43493,0.53383,0.12341,0.35488,0.50998,0.04284,,0.00821,0.0244,0.55
5,46,hybrid,HYBRID_ALPHA0.4_BETA0.6,0.4,0.6,300,1.0,0.43702,0.53646,0.1225,0.34683,0.50292,0.04518,,0.00871,0.02333,0.575
5,46,hybrid,HYBRID_ALPHA0.5_BETA0.5,0.5,0.5,300,1.0,0.43675,0.53614,0.12249,0.33703,0.49497,0.04707,,0.00901,0.02225,0.55
5,46,hybrid,HYBRID_ALPHA0.6_BETA0.4,0.6,0.4,300,1.0,0.43653,0.53576,0.12212,0.30675,0.48166,0.03677,,0.00676,0.02315,0.525
5,46,hybrid,HYBRID_ALPHA0.7_BETA0.3,0.7,0.3,300,1.0,0.43532,0.53013,0.11905,0.30711,0.48129,0.03613,,0.00683,0.0224,0.5
5,46,hybrid,HYBRID_ALPHA0.8_BETA0.2,0.8,0.2,300,1.0,0.45008,0.54331,0.12079,0.30402,0.47857,0.03447,,0.00666,0.02128,0.525
5,46,hybrid,HYBRID_ALPHA0.9_BETA0.1,0.9,0.1,300,1.0,0.43972,0.53922,0.12908,0.30918,0.48305,0.04654,,0.00795,0.0224,0.525
5,46,hybrid,HYBRID_ALPHA0.1_BETA0.9,0.1,0.9,300,0.0,0.47604,0.53266,0.13389,1.07073,0.89968,0.02102,,0.00414,0.02717,0.525
5,46,hybrid,HYBRID_ALPHA0.2_BETA0.8,0.2,0.8,300,0.0,0.43862,0.53787,0.12648,1.08456,0.90242,0.0262,,0.00552,0.03232,0.6
5,46,hybrid,HYBRID_ALPHA0.3_BETA0.7,0.3,0.7,300,0.0,0.43493,0.53383,0.12341,1.08978,0.8993,0.02869,,0.00607,0.0312,0.55
5,46,hybrid,HYBRID_ALPHA0.4_BETA0.6,0.4,0.6,300,0.0,0.43702,0.53646,0.1225,1.07721,0.89396,0.02983,,0.00634,0.03061,0.575
5,46,hybrid,HYBRID_ALPHA0.5_BETA0.5,0.5,0.5,300,0.0,0.43675,0.53614,0.12249,1.06322,0.88795,0.03014,,0.00647,0.03037,0.625
5,46,hybrid,HYBRID_ALPHA0.6_BETA0.4,0.6,0.4,300,0.0,0.43653,0.53576,0.12212,1.04676,0.88839,0.04243,,0.00719,0.03356,0.525
5,46,hybrid,HYBRID_ALPHA0.7_BETA0.3,0.7,0.3,300,0.0,0.43532,0.53013,0.11905,1.04545,0.88627,0.04203,,0.00721,0.03346,0.575
5,46,hybrid,HYBRID_ALPHA0.8_BETA0.2,0.8,0.2,300,0.0,0.45008,0.54331,0.12079,1.03681,0.88392,0.03938,,0.00695,0.03318,0.55
5,46,hybrid,HYBRID_ALPHA0.9_BETA0.1,0.9,0.1,300,0.0,0.43972,0.53922,0.12908,1.05126,0.88612,0.04162,,0.00732,0.03391,0.575
5,46,hybrid,HYBRID_ALPHA0.1_BETA0.9,0.1,0.9,500,1.0,0.55704,0.62497,0.17644,0.36186,0.50882,0.0316,,0.00306,0.01886,0.525
5,46,hybrid,HYBRID_ALPHA0.2_BETA0.8,0.2,0.8,500,1.0,0.53825,0.61312,0.16989,0.33439,0.4926,0.01497,,0.00254,0.0249,0.55
5,46,hybrid,HYBRID_ALPHA0.3_BETA0.7,0.3,0.7,500,1.0,0.4953,0.52135,0.12185,0.327,0.4839,0.01259,,0.00275,0.02343,0.5
5,46,hybrid,HYBRID_ALPHA0.4_BETA0.6,0.4,0.6,500,1.0,0.49153,0.51422,0.12255,0.3211,0.48134,0.02515,,0.00406,0.02765,0.525
5,46,hybrid,HYBRID_ALPHA0.5_BETA0.5,0.5,0.5,500,1.0,0.48683,0.50854,0.12215,0.31971,0.4793,0.02392,,0.00414,0.02585,0.55
5,46,hybrid,HYBRID_ALPHA0.6_BETA0.4,0.6,0.4,500,1.0,0.48833,0.50711,0.11638,0.32141,0.47964,0.0268,,0.00454,0.02524,0.55
5,46,hybrid,HYBRID_ALPHA0.7_BETA0.3,0.7,0.3,500,1.0,0.4902,0.50874,0.11197,0.31899,0.48003,0.02959,,0.00524,0.0237,0.525
5,46,hybrid,HYBRID_ALPHA0.8_BETA0.2,0.8,0.2,500,1.0,0.49047,0.50442,0.10919,0.31932,0.47995,0.03013,,0.00542,0.02301,0.55
5,46,hybrid,HYBRID_ALPHA0.9_BETA0.1,0.9,0.1,500,1.0,0.4907,0.50276,0.11238,0.31585,0.47628,0.02341,,0.00483,0.02066,0.55
5,46,hybrid,HYBRID_ALPHA0.1_BETA0.9,0.1,0.9,500,0.0,0.55704,0.62497,0.17644,1.07989,0.89656,0.0139,,0.0024,0.03118,0.625
5,46,hybrid,HYBRID_ALPHA0.2_BETA0.8,0.2,0.8,500,0.0,0.53825,0.61312,0.16989,1.02221,0.88795,0.01791,,0.00377,0.03357,0.575
5,46,hybrid,HYBRID_ALPHA0.3_BETA0.7,0.3,0.7,500,0.0,0.4953,0.52135,0.12185,1.0094,0.88242,0.01951,,0.00417,0.03363,0.55
5,46,hybrid,HYBRID_ALPHA0.4_BETA0.6,0.4,0.6,500,0.0,0.49153,0.51422,0.12255,1.01808,0.88751,0.02945,,0.00521,0.03495,0.625
5,46,hybrid,HYBRID_ALPHA0.5_BETA0.5,0.5,0.5,500,0.0,0.48683,0.50854,0.12215,1.01503,0.88503,0.0289,,0.00524,0.03511,0.6
5,46,hybrid,HYBRID_ALPHA0.6_BETA0.4,0.6,0.4,500,0.0,0.48833,0.50711,0.11638,1.01493,0.88396,0.0307,,0.00546,0.03515,0.575
5,46,hybrid,HYBRID_ALPHA0.7_BETA0.3,0.7,0.3,500,0.0,0.4902,0.50874,0.11197,1.01626,0.88097,0.03274,,0.00588,0.03494,0.5
5,46,hybrid,HYBRID_ALPHA0.8_BETA0.2,0.8,0.2,500,0.0,0.49047,0.50442,0.10919,1.01571,0.87933,0.03299,,0.00596,0.03489,0.525
5,46,hybrid,HYBRID_ALPHA0.9_BETA0.1,0.9,0.1,500,0.0,0.4907,0.50276,0.11238,1.00735,0.8762,0.0267,,0.00536,0.03416,0.525
5,46,mse,MSE,1.0,0.0,50,1.0,0.61531,0.59928,0.10478,0.31924,0.49127,0.08594,,0.00981,0.02389,0.5
5,46,mse,MSE,1.0,0.0,50,0.0,0.61531,0.59928,0.10478,1.17593,0.92718,0.06567,,0.00866,0.03821,0.55
5,46,mse,MSE,1.0,0.0,100,1.0,0.76011,0.62481,0.17691,0.35009,0.49784,0.09956,,0.01161,0.02251,0.575
5,46,mse,MSE,1.0,0.0,100,0.0,0.76011,0.62481,0.17691,1.14608,0.90612,0.08015,,0.01027,0.04924,0.625
5,46,mse,MSE,1.0,0.0,300,1.0,0.42984,0.52454,0.11986,0.30988,0.48339,0.04825,,0.00821,0.02227,0.525
5,46,mse,MSE,1.0,0.0,300,0.0,0.42984,0.52454,0.11986,1.05017,0.88481,0.03926,,0.0072,0.034,0.55
5,46,mse,MSE,1.0,0.0,500,1.0,0.48653,0.49795,0.1113,0.31453,0.47566,0.02439,,0.00498,0.02004,0.525
5,46,mse,MSE,1.0,0.0,500,0.0,0.48653,0.49795,0.1113,1.00709,0.87543,0.02709,,0.00542,0.03401,0.55
6,47,hsic,HSIC,0.0,1.0,50,1.0,1.03989,0.78769,0.20686,0.37006,0.52705,0.11863,,0.01353,0.02573,0.5
6,47,hsic,HSIC,0.0,1.0,50,0.0,1.03989,0.78769,0.20686,1.12229,0.91995,0.08656,,0.01064,0.03578,0.55
6,47,hsic,HSIC,0.0,1.0,100,1.0,0.78161,0.63828,0.17509,0.64652,0.67465,0.35507,,0.02961,0.04588,0.625
6,47,hsic,HSIC,0.0,1.0,100,0.0,0.78161,0.63828,0.17509,1.2883,0.96308,0.15525,,0.01619,0.03436,0.625
6,47,hsic,HSIC,0.0,1.0,300,1.0,0.77947,0.63243,0.18066,0.40197,0.54393,0.09065,,0.01148,0.0265,0.525
6,47,hsic,HSIC,0.0,1.0,300,0.0,0.77947,0.63243,0.18066,1.14623,0.93152,0.05282,,0.00762,0.02692,0.525
6,47,hsic,HSIC,0.0,1.0,500,1.0,0.80715,0.6526,0.1784,0.54587,0.58116,0.08303,,0.01142,0.04048,0.7
6,47,hsic,HSIC,0.0,1.0,500,0.0,0.80715,0.6526,0.1784,1.23422,0.94257,0.08643,,0.01166,0.01962,0.575
6,47,hybrid,HYBRID_ALPHA0.1_BETA0.9,0.1,0.9,50,1.0,0.52681,0.56984,0.20388,0.39492,0.53877,0.15365,,0.01549,0.0267,0.5
6,47,hybrid,HYBRID_ALPHA0.2_BETA0.8,0.2,0.8,50,1.0,0.53377,0.58054,0.20893,0.37672,0.52277,0.16484,,0.01669,0.03028,0.5
6,47,hybrid,HYBRID_ALPHA0.3_BETA0.7,0.3,0.7,50,1.0,0.52849,0.57165,0.21094,0.37946,0.52364,0.17136,,0.01733,0.03102,0.5
6,47,hybrid,HYBRID_ALPHA0.4_BETA0.6,0.4,0.6,50,1.0,0.53037,0.57022,0.21323,0.38219,0.52576,0.17376,,0.01753,0.03172,0.525
6,47,hybrid,HYBRID_ALPHA0.5_BETA0.5,0.5,0.5,50,1.0,0.53779,0.59449,0.20712,0.38135,0.52495,0.17364,,0.0175,0.03203,0.55
6,47,hybrid,HYBRID_ALPHA0.6_BETA0.4,0.6,0.4,50,1.0,0.5329,0.59011,0.20585,0.38088,0.52441,0.16784,,0.01707,0.03248,0.575
6,47,hybrid,HYBRID_ALPHA0.7_BETA0.3,0.7,0.3,50,1.0,0.52846,0.58582,0.20423,0.39183,0.52474,0.16862,,0.01711,0.03408,0.55
6,47,hybrid,HYBRID_ALPHA0.8_BETA0.2,0.8,0.2,50,1.0,0.53073,0.58831,0.20246,0.39478,0.53016,0.18964,,0.01886,0.0345,0.5
6,47,hybrid,HYBRID_ALPHA0.9_BETA0.1,0.9,0.1,50,1.0,0.53034,0.58914,0.19714,0.40143,0.53248,0.19739,,0.01942,0.03525,0.525
6,47,hybrid,HYBRID_ALPHA0.1_BETA0.9,0.1,0.9,50,0.0,0.52681,0.56984,0.20388,1.13734,0.91755,0.10536,,0.01202,0.0415,0.525
6,47,hybrid,HYBRID_ALPHA0.2_BETA0.8,0.2,0.8,50,0.0,0.53377,0.58054,0.20893,1.15149,0.91163,0.11991,,0.01317,0.04244,0.525
6,47,hybrid,HYBRID_ALPHA0.3_BETA0.7,0.3,0.7,50,0.0,0.52849,0.57165,0.21094,1.15164,0.91152,0.1201,,0.01319,0.04259,0.525
6,47,hybrid,HYBRID_ALPHA0.4_BETA0.6,0.4,0.6,50,0.0,0.53037,0.57022,0.21323,1.14281,0.91027,0.11828,,0.01304,0.04277,0.525
6,47,hybrid,HYBRID_ALPHA0.5_BETA0.5,0.5,0.5,50,0.0,0.53779,0.59449,0.20712,1.13549,0.90872,0.11584,,0.01284,0.04266,0.525
6,47,hybrid,HYBRID_ALPHA0.6_BETA0.4,0.6,0.4,50,0.0,0.5329,0.59011,0.20585,1.12412,0.90694,0.11143,,0.01252,0.04271,0.525
6,47,hybrid,HYBRID_ALPHA0.7_BETA0.3,0.7,0.3,50,0.0,0.52846,0.58582,0.20423,1.11284,0.90311,0.10754,,0.0122,0.04328,0.525
6,47,hybrid,HYBRID_ALPHA0.8_BETA0.2,0.8,0.2,50,0.0,0.53073,0.58831,0.20246,1.13911,0.90948,0.11861,,0.01308,0.04286,0.525
6,47,hybrid,HYBRID_ALPHA0.9_BETA0.1,0.9,0.1,50,0.0,0.53034,0.58914,0.19714,1.1462,0.91057,0.12241,,0.01336,0.0432,0.525
6,47,hybrid,HYBRID_ALPHA0.1_BETA0.9,0.1,0.9,100,1.0,0.55146,0.5294,0.14171,0.57517,0.64368,0.40671,,0.03458,0.04529,0.5
6,47,hybrid,HYBRID_ALPHA0.2_BETA0.8,0.2,0.8,100,1.0,0.52895,0.5687,0.16615,0.55102,0.62153,0.38959,,0.03314,0.04394,0.525
6,47,hybrid,HYBRID_ALPHA0.3_BETA0.7,0.3,0.7,100,1.0,0.55933,0.54345,0.13741,0.55254,0.61722,0.38572,,0.03286,0.04365,0.5
6,47,hybrid,HYBRID_ALPHA0.4_BETA0.6,0.4,0.6,100,1.0,0.56419,0.58236,0.12576,0.5453,0.61025,0.3742,,0.03199,0.04309,0.55
6,47,hybrid,HYBRID_ALPHA0.5_BETA0.5,0.5,0.5,100,1.0,0.56348,0.5725,0.13032,0.52979,0.59971,0.3582,,0.03073,0.04215,0.5
6,47,hybrid,HYBRID_ALPHA0.6_BETA0.4,0.6,0.4,100,1.0,0.56674,0.5943,0.17401,0.50793,0.58516,0.33225,,0.02878,0.04107,0.575
6,47,hybrid,HYBRID_ALPHA0.7_BETA0.3,0.7,0.3,100,1.0,0.5677,0.59652,0.17458,0.4569,0.55679,0.26805,,0.02415,0.03741,0.55
6,47,hybrid,HYBRID_ALPHA0.8_BETA0.2,0.8,0.2,100,1.0,0.58373,0.59803,0.1755,0.44538,0.55172,0.25701,,0.02333,0.03664,0.55
6,47,hybrid,HYBRID_ALPHA0.9_BETA0.1,0.9,0.1,100,1.0,0.58353,0.59827,0.1755,0.44416,0.55226,0.25805,,0.02364,0.03676,0.525
6,47,hybrid,HYBRID_ALPHA0.1_BETA0.9,0.1,0.9,100,0.0,0.55146,0.5294,0.14171,1.38071,0.97694,0.21643,,0.01988,0.05382,0.525
6,47,hybrid,HYBRID_ALPHA0.2_BETA0.8,0.2,0.8,100,0.0,0.52895,0.5687,0.16615,1.38231,0.97142,0.20887,,0.01937,0.0548,0.55
6,47,hybrid,HYBRID_ALPHA0.3_BETA0.7,0.3,0.7,100,0.0,0.55933,0.54345,0.13741,1.40184,0.97623,0.20663,,0.01922,0.05544,0.525
6,47,hybrid,HYBRID_ALPHA0.4_BETA0.6,0.4,0.6,100,0.0,0.56419,0.58236,0.12576,1.40269,0.97585,0.20187,,0.0189,0.05593,0.525
6,47,hybrid,HYBRID_ALPHA0.5_BETA0.5,0.5,0.5,100,0.0,0.56348,0.5725,0.13032,1.38765,0.9717,0.19539,,0.01845,0.05603,0.525
6,47,hybrid,HYBRID_ALPHA0.6_BETA0.4,0.6,0.4,100,0.0,0.56674,0.5943,0.17401,1.36785,0.96659,0.18712,,0.01788,0.05656,0.575
6,47,hybrid,HYBRID_ALPHA0.7_BETA0.3,0.7,0.3,100,0.0,0.5677,0.59652,0.17458,1.31212,0.95215,0.16842,,0.0166,0.05626,0.625
6,47,hybrid,HYBRID_ALPHA0.8_BETA0.2,0.8,0.2,100,0.0,0.58373,0.59803,0.1755,1.29842,0.94837,0.16608,,0.01642,0.05622,0.575
6,47,hybrid,HYBRID_ALPHA0.9_BETA0.1,0.9,0.1,100,0.0,0.58353,0.59827,0.1755,1.32501,0.95475,0.17321,,0.01706,0.05726,0.575
6,47,hybrid,HYBRID_ALPHA0.1_BETA0.9,0.1,0.9,300,1.0,0.58223,0.64426,0.06283,0.34379,0.51053,0.09315,,0.01082,0.02422,0.55
6,47,hybrid,HYBRID_ALPHA0.2_BETA0.8,0.2,0.8,300,1.0,0.45794,0.50611,0.14131,0.33966,0.50624,0.10099,,0.01162,0.02453,0.55
6,47,hybrid,HYBRID_ALPHA0.3_BETA0.7,0.3,0.7,300,1.0,0.46182,0.50689,0.13954,0.33734,0.50393,0.10194,,0.01163,0.02458,0.575
6,47,hybrid,HYBRID_ALPHA0.4_BETA0.6,0.4,0.6,300,1.0,0.4549,0.50385,0.14295,0.33698,0.50304,0.10382,,0.01168,0.0245,0.55
6,47,hybrid,HYBRID_ALPHA0.5_BETA0.5,0.5,0.5,300,1.0,0.45899,0.5071,0.14323,0.32052,0.48939,0.0678,,0.00766,0.02501,0.525
6,47,hybrid,HYBRID_ALPHA0.6_BETA0.4,0.6,0.4,300,1.0,0.46662,0.52283,0.14496,0.31669,0.4864,0.06475,,0.00739,0.02417,0.525
6,47,hybrid,HYBRID_ALPHA0.7_BETA0.3,0.7,0.3,300,1.0,0.46274,0.513,0.14378,0.31422,0.48432,0.06325,,0.00726,0.02364,0.525
6,47,hybrid,HYBRID_ALPHA0.8_BETA0.2,0.8,0.2,300,1.0,0.46269,0.51886,0.14156,0.31302,0.4828,0.06164,,0.00716,0.02336,0.575
6,47,hybrid,HYBRID_ALPHA0.9_BETA0.1,0.9,0.1,300,1.0,0.4618,0.5113,0.13935,0.34341,0.50386,0.12109,,0.01296,0.02548,0.55
6,47,hybrid,HYBRID_ALPHA0.1_BETA0.9,0.1,0.9,300,0.0,0.58223,0.64426,0.06283,1.10448,0.90859,0.0736,,0.0091,0.04035,0.625
6,47,hybrid,HYBRID_ALPHA0.2_BETA0.8,0.2,0.8,300,0.0,0.45794,0.50611,0.14131,1.09199,0.90529,0.07415,,0.00921,0.04018,0.6
6,47,hybrid,HYBRID_ALPHA0.3_BETA0.7,0.3,0.7,300,0.0,0.46182,0.50689,0.13954,1.08726,0.9035,0.07513,,0.00932,0.04049,0.55
6,47,hybrid,HYBRID_ALPHA0.4_BETA0.6,0.4,0.6,300,0.0,0.4549,0.50385,0.14295,1.08582,0.90247,0.07613,,0.00942,0.04072,0.575
6,47,hybrid,HYBRID_ALPHA0.5_BETA0.5,0.5,0.5,300,0.0,0.45899,0.5071,0.14323,1.04134,0.89712,0.04539,,0.00643,0.03568,0.6
6,47,hybrid,HYBRID_ALPHA0.6_BETA0.4,0.6,0.4,300,0.0,0.46662,0.52283,0.14496,1.029,0.89246,0.04254,,0.00618,0.03542,0.575
6,47,hybrid,HYBRID_ALPHA0.7_BETA0.3,0.7,0.3,300,0.0,0.46274,0.513,0.14378,1.02016,0.88898,0.04043,,0.006,0.03524,0.625
6,47,hybrid,HYBRID_ALPHA0.8_BETA0.2,0.8,0.2,300,0.0,0.46269,0.51886,0.14156,1.01402,0.88636,0.03882,,0.00587,0.03493,0.6
6,47,hybrid,HYBRID_ALPHA0.9_BETA0.1,0.9,0.1,300,0.0,0.4618,0.5113,0.13935,1.09233,0.90236,0.08175,,0.00992,0.04146,0.575
6,47,hybrid,HYBRID_ALPHA0.1_BETA0.9,0.1,0.9,500,1.0,0.48951,0.59276,0.15957,0.40651,0.54226,0.07095,,0.0088,0.02368,0.525
6,47,hybrid,HYBRID_ALPHA0.2_BETA0.8,0.2,0.8,500,1.0,0.45721,0.5585,0.15453,0.33563,0.50841,0.06141,,0.00786,0.02179,0.55
6,47,hybrid,HYBRID_ALPHA0.3_BETA0.7,0.3,0.7,500,1.0,0.44217,0.53877,0.15061,0.32281,0.49956,0.06222,,0.00792,0.02128,0.525
6,47,hybrid,HYBRID_ALPHA0.4_BETA0.6,0.4,0.6,500,1.0,0.43226,0.52303,0.14687,0.31071,0.49039,0.04576,,0.00639,0.02038,0.55
6,47,hybrid,HYBRID_ALPHA0.5_BETA0.5,0.5,0.5,500,1.0,0.42838,0.51735,0.14469,0.30929,0.48877,0.04536,,0.00648,0.02045,0.525
6,47,hybrid,HYBRID_ALPHA0.6_BETA0.4,0.6,0.4,500,1.0,0.42392,0.50982,0.14232,0.30831,0.48752,0.04469,,0.00653,0.02053,0.525
6,47,hybrid,HYBRID_ALPHA0.7_BETA0.3,0.7,0.3,500,1.0,0.42711,0.50843,0.14152,0.30916,0.48729,0.04516,,0.00671,0.02074,0.55
6,47,hybrid,HYBRID_ALPHA0.8_BETA0.2,0.8,0.2,500,1.0,0.42449,0.50375,0.13858,0.3031,0.48323,0.03768,,0.00602,0.01999,0.575
6,47,hybrid,HYBRID_ALPHA0.9_BETA0.1,0.9,0.1,500,1.0,0.42324,0.50062,0.13701,0.30916,0.48605,0.04258,,0.00669,0.02076,0.525
6,47,hybrid,HYBRID_ALPHA0.1_BETA0.9,0.1,0.9,500,0.0,0.48951,0.59276,0.15957,1.13275,0.92029,0.06619,,0.0086,0.0366,0.65
6,47,hybrid,HYBRID_ALPHA0.2_BETA0.8,0.2,0.8,500,0.0,0.45721,0.5585,0.15453,1.06769,0.89979,0.05656,,0.00777,0.03584,0.575
6,47,hybrid,HYBRID_ALPHA0.3_BETA0.7,0.3,0.7,500,0.0,0.44217,0.53877,0.15061,1.04076,0.89151,0.05391,,0.00758,0.03547,0.55
6,47,hybrid,HYBRID_ALPHA0.4_BETA0.6,0.4,0.6,500,0.0,0.43226,0.52303,0.14687,0.96305,0.86205,0.01181,,0.003,0.02887,0.625
6,47,hybrid,HYBRID_ALPHA0.5_BETA0.5,0.5,0.5,500,0.0,0.42838,0.51735,0.14469,0.96339,0.86077,0.01143,,0.003,0.02908,0.6
6,47,hybrid,HYBRID_ALPHA0.6_BETA0.4,0.6,0.4,500,0.0,0.42392,0.50982,0.14232,0.96404,0.85989,0.0113,,0.00301,0.02931,0.6
6,47,hybrid,HYBRID_ALPHA0.7_BETA0.3,0.7,0.3,500,0.0,0.42711,0.50843,0.14152,0.96601,0.85933,0.01103,,0.003,0.02937,0.6
6,47,hybrid,HYBRID_ALPHA0.8_BETA0.2,0.8,0.2,500,0.0,0.42449,0.50375,0.13858,0.96272,0.85913,0.01185,,0.00315,0.02939,0.625
6,47,hybrid,HYBRID_ALPHA0.9_BETA0.1,0.9,0.1,500,0.0,0.42324,0.50062,0.13701,0.96564,0.85826,0.01088,,0.00304,0.02921,0.625
6,47,mse,MSE,1.0,0.0,50,1.0,0.52801,0.58797,0.19382,0.41366,0.53967,0.21934,,0.02097,0.03591,0.575
6,47,mse,MSE,1.0,0.0,50,0.0,0.52801,0.58797,0.19382,1.16733,0.91425,0.1316,,0.01403,0.04323,0.525
6,47,mse,MSE,1.0,0.0,100,1.0,0.58375,0.59861,0.17546,0.43552,0.54861,0.25097,,0.02318,0.03631,0.575
6,47,mse,MSE,1.0,0.0,100,0.0,0.58375,0.59861,0.17546,1.33305,0.95622,0.17521,,0.01729,0.05772,0.575
6,47,mse,MSE,1.0,0.0,300,1.0,0.46052,0.51684,0.13933,0.3456,0.50442,0.12505,,0.01327,0.02562,0.525
6,47,mse,MSE,1.0,0.0,300,0.0,0.46052,0.51684,0.13933,1.09385,0.90238,0.08311,,0.01003,0.04149,0.575
6,47,mse,MSE,1.0,0.0,500,1.0,0.43474,0.52137,0.14469,0.30894,0.48589,0.04315,,0.00674,0.02073,0.525
6,47,mse,MSE,1.0,0.0,500,0.0,0.43474,0.52137,0.14469,0.96466,0.85805,0.01133,,0.00313,0.02942,0.575
7,48,hsic,HSIC,0.0,1.0,50,1.0,0.7953,0.64651,0.17653,0.76913,0.74209,0.50292,,0.04353,0.05097,0.625
7,48,hsic,HSIC,0.0,1.0,50,0.0,0.7953,0.64651,0.17653,1.43561,1.0009,0.23871,,0.0214,0.03755,0.6
7,48,hsic,HSIC,0.0,1.0,100,1.0,0.67204,0.64648,0.08034,0.8413,0.77111,0.52993,,0.04623,0.05137,0.55
7,48,hsic,HSIC,0.0,1.0,100,0.0,0.67204,0.64648,0.08034,1.50378,1.02463,0.26091,,0.02301,0.04518,0.6
7,48,hsic,HSIC,0.0,1.0,300,1.0,0.76838,0.6276,0.17694,0.31968,0.49616,0.05377,,0.00674,0.02557,0.575
7,48,hsic,HSIC,0.0,1.0,300,0.0,0.76838,0.6276,0.17694,1.07623,0.90917,0.04698,,0.00666,0.02481,0.625
7,48,hsic,HSIC,0.0,1.0,500,1.0,0.71646,0.69693,0.02578,0.7,0.65681,0.12063,,0.01432,0.03572,0.55
7,48,hsic,HSIC,0.0,1.0,500,0.0,0.71646,0.69693,0.02578,1.21132,0.93147,0.08013,,0.01087,0.02178,0.525
7,48,hybrid,HYBRID_ALPHA0.1_BETA0.9,0.1,0.9,50,1.0,0.55497,0.63231,0.17486,0.47228,0.56863,0.29231,,0.02597,0.03989,0.575
7,48,hybrid,HYBRID_ALPHA0.2_BETA0.8,0.2,0.8,50,1.0,0.52784,0.60506,0.1706,0.48837,0.58085,0.31613,,0.02757,0.04188,0.55
7,48,hybrid,HYBRID_ALPHA0.3_BETA0.7,0.3,0.7,50,1.0,0.5253,0.5986,0.17224,0.45305,0.5629,0.27201,,0.02436,0.0408,0.55
7,48,hybrid,HYBRID_ALPHA0.4_BETA0.6,0.4,0.6,50,1.0,0.52357,0.59907,0.17319,0.44446,0.56013,0.26089,,0.0235,0.0409,0.525
7,48,hybrid,HYBRID_ALPHA0.5_BETA0.5,0.5,0.5,50,1.0,0.52286,0.59682,0.17203,0.42123,0.54865,0.22566,,0.02096,0.04036,0.5
7,48,hybrid,HYBRID_ALPHA0.6_BETA0.4,0.6,0.4,50,1.0,0.52324,0.59483,0.17117,0.42787,0.55272,0.22965,,0.02164,0.04233,0.5
7,48,hybrid,HYBRID_ALPHA0.7_BETA0.3,0.7,0.3,50,1.0,0.5091,0.59944,0.17042,0.43634,0.55863,0.23943,,0.02225,0.04371,0.5
7,48,hybrid,HYBRID_ALPHA0.8_BETA0.2,0.8,0.2,50,1.0,0.50991,0.59937,0.17161,0.40879,0.53975,0.18046,,0.01824,0.04518,0.525
7,48,hybrid,HYBRID_ALPHA0.9_BETA0.1,0.9,0.1,50,1.0,0.50897,0.59654,0.17196,0.39947,0.53202,0.14955,,0.01617,0.04738,0.525
7,48,hybrid,HYBRID_ALPHA0.1_BETA0.9,0.1,0.9,50,0.0,0.55497,0.63231,0.17486,1.33081,0.95762,0.17492,,0.01693,0.04953,0.625
7,48,hybrid,HYBRID_ALPHA0.2_BETA0.8,0.2,0.8,50,0.0,0.52784,0.60506,0.1706,1.34249,0.96015,0.18445,,0.01762,0.05092,0.575
7,48,hybrid,HYBRID_ALPHA0.3_BETA0.7,0.3,0.7,50,0.0,0.5253,0.5986,0.17224,1.30616,0.95046,0.16919,,0.01661,0.05232,0.625
7,48,hybrid,HYBRID_ALPHA0.4_BETA0.6,0.4,0.6,50,0.0,0.52357,0.59907,0.17319,1.2923,0.94666,0.16612,,0.0164,0.05287,0.625
7,48,hybrid,HYBRID_ALPHA0.5_BETA0.5,0.5,0.5,50,0.0,0.52286,0.59682,0.17203,1.25896,0.93754,0.15252,,0.01544,0.05339,0.6
7,48,hybrid,HYBRID_ALPHA0.6_BETA0.4,0.6,0.4,50,0.0,0.52324,0.59483,0.17117,1.28274,0.94289,0.15928,,0.01615,0.0559,0.525
7,48,hybrid,HYBRID_ALPHA0.7_BETA0.3,0.7,0.3,50,0.0,0.5091,0.59944,0.17042,1.33426,0.95666,0.17931,,0.01769,0.0578,0.55
7,48,hybrid,HYBRID_ALPHA0.8_BETA0.2,0.8,0.2,50,0.0,0.50991,0.59937,0.17161,1.30594,0.94925,0.15739,,0.01633,0.06025,0.625
7,48,hybrid,HYBRID_ALPHA0.9_BETA0.1,0.9,0.1,50,0.0,0.50897,0.59654,0.17196,1.31234,0.95333,0.1465,,0.01582,0.06359,0.625
7,48,hybrid,HYBRID_ALPHA0.1_BETA0.9,0.1,0.9,100,1.0,0.47798,0.57014,0.09898,0.40262,0.53922,0.05909,,0.00636,0.02387,0.525
7,48,hybrid,HYBRID_ALPHA0.2_BETA0.8,0.2,0.8,100,1.0,0.44798,0.52897,0.11827,0.33877,0.50826,0.07987,,0.00946,0.02188,0.575
7,48,hybrid,HYBRID_ALPHA0.3_BETA0.7,0.3,0.7,100,1.0,0.42886,0.50952,0.12346,0.33923,0.50558,0.10049,,0.01126,0.02305,0.525
7,48,hybrid,HYBRID_ALPHA0.4_BETA0.6,0.4,0.6,100,1.0,0.43081,0.50944,0.12426,0.35658,0.51035,0.13333,,0.01373,0.02395,0.5
7,48,hybrid,HYBRID_ALPHA0.5_BETA0.5,0.5,0.5,100,1.0,0.43374,0.51567,0.12819,0.35675,0.50626,0.14841,,0.01476,0.02471,0.55
7,48,hybrid,HYBRID_ALPHA0.6_BETA0.4,0.6,0.4,100,1.0,0.4382,0.52318,0.13062,0.35487,0.50475,0.14729,,0.01461,0.02442,0.5
7,48,hybrid,HYBRID_ALPHA0.7_BETA0.3,0.7,0.3,100,1.0,0.43027,0.51765,0.13182,0.35437,0.50412,0.1481,,0.01466,0.02435,0.525
7,48,hybrid,HYBRID_ALPHA0.8_BETA0.2,0.8,0.2,100,1.0,0.43282,0.51892,0.13292,0.34461,0.49969,0.13575,,0.01369,0.02355,0.5
7,48,hybrid,HYBRID_ALPHA0.9_BETA0.1,0.9,0.1,100,1.0,0.42592,0.50867,0.12753,0.35257,0.50224,0.14885,,0.01455,0.02391,0.525
7,48,hybrid,HYBRID_ALPHA0.1_BETA0.9,0.1,0.9,100,0.0,0.47798,0.57014,0.09898,1.24288,0.95963,0.03312,,0.00514,0.03659,0.575
7,48,hybrid,HYBRID_ALPHA0.2_BETA0.8,0.2,0.8,100,0.0,0.44798,0.52897,0.11827,1.14166,0.9208,0.07283,,0.0091,0.04625,0.65
7,48,hybrid,HYBRID_ALPHA0.3_BETA0.7,0.3,0.7,100,0.0,0.42886,0.50952,0.12346,1.14311,0.91881,0.08398,,0.01002,0.04848,0.575
7,48,hybrid,HYBRID_ALPHA0.4_BETA0.6,0.4,0.6,100,0.0,0.43081,0.50944,0.12426,1.16126,0.92048,0.09387,,0.01077,0.04923,0.6
7,48,hybrid,HYBRID_ALPHA0.5_BETA0.5,0.5,0.5,100,0.0,0.43374,0.51567,0.12819,1.15813,0.91794,0.09621,,0.01096,0.04932,0.625
7,48,hybrid,HYBRID_ALPHA0.6_BETA0.4,0.6,0.4,100,0.0,0.4382,0.52318,0.13062,1.15738,0.91751,0.09522,,0.01089,0.0492,0.575
7,48,hybrid,HYBRID_ALPHA0.7_BETA0.3,0.7,0.3,100,0.0,0.43027,0.51765,0.13182,1.15683,0.91702,0.09586,,0.01095,0.04924,0.625
7,48,hybrid,HYBRID_ALPHA0.8_BETA0.2,0.8,0.2,100,0.0,0.43282,0.51892,0.13292,1.14287,0.91329,0.09168,,0.01064,0.04894,0.6
7,48,hybrid,HYBRID_ALPHA0.9_BETA0.1,0.9,0.1,100,0.0,0.42592,0.50867,0.12753,1.15425,0.91553,0.09748,,0.01109,0.04936,0.625
7,48,hybrid,HYBRID_ALPHA0.1_BETA0.9,0.1,0.9,300,1.0,0.76551,0.62659,0.1768,0.31076,0.49159,0.03433,,0.00442,0.02257,0.525
7,48,hybrid,HYBRID_ALPHA0.2_BETA0.8,0.2,0.8,300,1.0,0.48841,0.57311,0.14575,0.33243,0.49691,0.03395,,0.00546,0.01833,0.55
7,48,hybrid,HYBRID_ALPHA0.3_BETA0.7,0.3,0.7,300,1.0,0.48943,0.57495,0.14914,0.28775,0.45881,0.03753,,0.00616,0.01717,0.55
7,48,hybrid,HYBRID_ALPHA0.4_BETA0.6,0.4,0.6,300,1.0,0.4872,0.56872,0.14814,0.3277,0.48894,0.08881,,0.01084,0.01931,0.525
7,48,hybrid,HYBRID_ALPHA0.5_BETA0.5,0.5,0.5,300,1.0,0.54742,0.58663,0.17453,0.33229,0.49093,0.09868,,0.01177,0.0197,0.55
7,48,hybrid,HYBRID_ALPHA0.6_BETA0.4,0.6,0.4,300,1.0,0.48706,0.57303,0.15191,0.33026,0.48992,0.09804,,0.0117,0.01945,0.55
7,48,hybrid,HYBRID_ALPHA0.7_BETA0.3,0.7,0.3,300,1.0,0.53161,0.58664,0.17362,0.3229,0.48645,0.07139,,0.00913,0.01825,0.55
7,48,hybrid,HYBRID_ALPHA0.8_BETA0.2,0.8,0.2,300,1.0,0.52967,0.58686,0.17368,0.33358,0.49114,0.07738,,0.00973,0.01842,0.5
7,48,hybrid,HYBRID_ALPHA0.9_BETA0.1,0.9,0.1,300,1.0,0.53093,0.58745,0.17365,0.34293,0.49515,0.08234,,0.01022,0.0189,0.525
7,48,hybrid,HYBRID_ALPHA0.1_BETA0.9,0.1,0.9,300,0.0,0.76551,0.62659,0.1768,1.12248,0.9228,0.04342,,0.00635,0.02745,0.575
7,48,hybrid,HYBRID_ALPHA0.2_BETA0.8,0.2,0.8,300,0.0,0.48841,0.57311,0.14575,1.02104,0.87803,0.01843,,0.00436,0.0253,0.65
7,48,hybrid,HYBRID_ALPHA0.3_BETA0.7,0.3,0.7,300,0.0,0.48943,0.57495,0.14914,1.03392,0.8681,0.03325,,0.00625,0.02268,0.675
7,48,hybrid,HYBRID_ALPHA0.4_BETA0.6,0.4,0.6,300,0.0,0.4872,0.56872,0.14814,0.99433,0.86172,0.02058,,0.00455,0.022,0.575
7,48,hybrid,HYBRID_ALPHA0.5_BETA0.5,0.5,0.5,300,0.0,0.54742,0.58663,0.17453,0.99628,0.86321,0.02135,,0.00452,0.02173,0.525
7,48,hybrid,HYBRID_ALPHA0.6_BETA0.4,0.6,0.4,300,0.0,0.48706,0.57303,0.15191,0.9971,0.86305,0.02116,,0.00441,0.02123,0.6
7,48,hybrid,HYBRID_ALPHA0.7_BETA0.3,0.7,0.3,300,0.0,0.53161,0.58664,0.17362,1.00725,0.87421,0.03173,,0.00598,0.03014,0.625
7,48,hybrid,HYBRID_ALPHA0.8_BETA0.2,0.8,0.2,300,0.0,0.52967,0.58686,0.17368,0.99887,0.86976,0.02913,,0.00576,0.02971,0.625
7,48,hybrid,HYBRID_ALPHA0.9_BETA0.1,0.9,0.1,300,0.0,0.53093,0.58745,0.17365,0.99345,0.86642,0.02767,,0.00562,0.02933,0.65
7,48,hybrid,HYBRID_ALPHA0.1_BETA0.9,0.1,0.9,500,1.0,0.441,0.51583,0.11208,0.38402,0.53129,0.10492,,0.01279,0.03018,0.5
7,48,hybrid,HYBRID_ALPHA0.2_BETA0.8,0.2,0.8,500,1.0,0.43923,0.51773,0.11367,0.34534,0.51065,0.08551,,0.01035,0.02923,0.525
7,48,hybrid,HYBRID_ALPHA0.3_BETA0.7,0.3,0.7,500,1.0,0.44054,0.50936,0.11419,0.33535,0.50283,0.07636,,0.00938,0.02871,0.55
7,48,hybrid,HYBRID_ALPHA0.4_BETA0.6,0.4,0.6,500,1.0,0.44958,0.50036,0.11372,0.31403,0.48612,0.02308,,0.0035,0.02293,0.5
7,48,hybrid,HYBRID_ALPHA0.5_BETA0.5,0.5,0.5,500,1.0,0.44876,0.51559,0.11389,0.31249,0.48298,0.02226,,0.00351,0.02345,0.5
7,48,hybrid,HYBRID_ALPHA0.6_BETA0.4,0.6,0.4,500,1.0,0.45187,0.50944,0.11417,0.31262,0.48253,0.02041,,0.0035,0.02313,0.5
7,48,hybrid,HYBRID_ALPHA0.7_BETA0.3,0.7,0.3,500,1.0,0.44301,0.5294,0.11809,0.33297,0.49397,0.04221,,0.00613,0.03034,0.55
7,48,hybrid,HYBRID_ALPHA0.8_BETA0.2,0.8,0.2,500,1.0,0.44264,0.52696,0.11783,0.33237,0.49842,0.07977,,0.00982,0.02849,0.525
7,48,hybrid,HYBRID_ALPHA0.9_BETA0.1,0.9,0.1,500,1.0,0.43791,0.52138,0.11834,0.3283,0.4957,0.07527,,0.00936,0.02777,0.525
7,48,hybrid,HYBRID_ALPHA0.1_BETA0.9,0.1,0.9,500,0.0,0.441,0.51583,0.11208,1.12393,0.91896,0.06894,,0.00906,0.03258,0.6
7,48,hybrid,HYBRID_ALPHA0.2_BETA0.8,0.2,0.8,500,0.0,0.43923,0.51773,0.11367,1.07012,0.90484,0.06266,,0.0083,0.03494,0.675
7,48,hybrid,HYBRID_ALPHA0.3_BETA0.7,0.3,0.7,500,0.0,0.44054,0.50936,0.11419,1.05268,0.89852,0.05897,,0.00796,0.03557,0.675
7,48,hybrid,HYBRID_ALPHA0.4_BETA0.6,0.4,0.6,500,0.0,0.44958,0.50036,0.11372,1.01288,0.88259,0.01612,,0.00345,0.03264,0.675
7,48,hybrid,HYBRID_ALPHA0.5_BETA0.5,0.5,0.5,500,0.0,0.44876,0.51559,0.11389,1.00743,0.88162,0.01904,,0.00388,0.03301,0.675
7,48,hybrid,HYBRID_ALPHA0.6_BETA0.4,0.6,0.4,500,0.0,0.45187,0.50944,0.11417,1.00759,0.88149,0.01854,,0.0039,0.03299,0.65
7,48,hybrid,HYBRID_ALPHA0.7_BETA0.3,0.7,0.3,500,0.0,0.44301,0.5294,0.11809,1.02087,0.88588,0.03231,,0.00559,0.0349,0.625
7,48,hybrid,HYBRID_ALPHA0.8_BETA0.2,0.8,0.2,500,0.0,0.44264,0.52696,0.11783,1.04,0.88503,0.06563,,0.00874,0.03815,0.6
7,48,hybrid,HYBRID_ALPHA0.9_BETA0.1,0.9,0.1,500,0.0,0.43791,0.52138,0.11834,1.0365,0.88362,0.06355,,0.00857,0.03817,0.6
7,48,mse,MSE,1.0,0.0,50,1.0,0.51056,0.59759,0.17337,0.43082,0.55814,0.22045,,0.02054,0.04558,0.525
7,48,mse,MSE,1.0,0.0,50,0.0,0.51056,0.59759,0.17337,1.35328,0.96217,0.19092,,0.01862,0.05961,0.575
7,48,mse,MSE,1.0,0.0,100,1.0,0.42514,0.50712,0.12712,0.37057,0.50994,0.1771,,0.01662,0.02549,0.5
7,48,mse,MSE,1.0,0.0,100,0.0,0.42514,0.50712,0.12712,1.17411,0.91862,0.11045,,0.0121,0.05011,0.575
7,48,mse,MSE,1.0,0.0,300,1.0,0.53051,0.58777,0.17363,0.35276,0.49905,0.08817,,0.0108,0.01972,0.525
7,48,mse,MSE,1.0,0.0,300,0.0,0.53051,0.58777,0.17363,0.98879,0.86366,0.02646,,0.0055,0.0289,0.65
7,48,mse,MSE,1.0,0.0,500,1.0,0.43337,0.51562,0.11815,0.33209,0.49197,0.03649,,0.00605,0.02796,0.525
7,48,mse,MSE,1.0,0.0,500,0.0,0.43337,0.51562,0.11815,1.01354,0.8795,0.02776,,0.00532,0.034,0.625
8,49,hsic,HSIC,0.0,1.0,50,1.0,1.04413,0.85301,0.12638,0.46098,0.5751,0.22471,,0.02179,0.08516,0.725
8,49,hsic,HSIC,0.0,1.0,50,0.0,1.04413,0.85301,0.12638,1.4369,1.01052,0.09412,,0.01103,0.0543,0.675
8,49,hsic,HSIC,0.0,1.0,100,1.0,0.77935,0.64666,0.16945,0.79036,0.75089,0.50272,,0.0435,0.06531,0.675
8,49,hsic,HSIC,0.0,1.0,100,0.0,0.77935,0.64666,0.16945,1.43019,1.00056,0.23641,,0.02125,0.0463,0.575
8,49,hsic,HSIC,0.0,1.0,300,1.0,0.75811,0.65503,0.15558,0.61031,0.63041,0.1251,,0.01752,0.04884,0.6
8,49,hsic,HSIC,0.0,1.0,300,0.0,0.75811,0.65503,0.15558,1.10447,0.90589,0.07729,,0.0115,0.01824,0.575
8,49,hsic,HSIC,0.0,1.0,500,1.0,0.76495,0.62725,0.17687,0.66941,0.63682,0.08984,,0.01225,0.04474,0.6
8,49,hsic,HSIC,0.0,1.0,500,0.0,0.76495,0.62725,0.17687,1.4228,0.9998,0.10777,,0.01179,0.01865,0.55
8,49,hybrid,HYBRID_ALPHA0.1_BETA0.9,0.1,0.9,50,1.0,0.5085,0.54407,0.13002,0.42329,0.55237,0.21499,,0.02143,0.05331,0.6
8,49,hybrid,HYBRID_ALPHA0.2_BETA0.8,0.2,0.8,50,1.0,0.49898,0.5293,0.13629,0.40221,0.53799,0.20255,,0.02059,0.04716,0.6
8,49,hybrid,HYBRID_ALPHA0.3_BETA0.7,0.3,0.7,50,1.0,0.49586,0.5253,0.1274,0.38945,0.53113,0.19124,,0.01983,0.04508,0.65
8,49,hybrid,HYBRID_ALPHA0.4_BETA0.6,0.4,0.6,50,1.0,0.49899,0.52549,0.13262,0.41249,0.53542,0.20693,,0.0202,0.04441,0.6
8,49,hybrid,HYBRID_ALPHA0.5_BETA0.5,0.5,0.5,50,1.0,0.50215,0.52547,0.12822,0.44592,0.5478,0.23247,,0.02155,0.04725,0.65
8,49,hybrid,HYBRID_ALPHA0.6_BETA0.4,0.6,0.4,50,1.0,0.50165,0.52659,0.12564,0.42025,0.5392,0.23914,,0.02221,0.04706,0.575
8,49,hybrid,HYBRID_ALPHA0.7_BETA0.3,0.7,0.3,50,1.0,0.48256,0.53746,0.14345,0.44682,0.55003,0.26878,,0.02419,0.04884,0.675
8,49,hybrid,HYBRID_ALPHA0.8_BETA0.2,0.8,0.2,50,1.0,0.48286,0.53477,0.13908,0.45234,0.55281,0.27536,,0.0247,0.04938,0.7
8,49,hybrid,HYBRID_ALPHA0.9_BETA0.1,0.9,0.1,50,1.0,0.48091,0.52921,0.13477,0.45142,0.5526,0.2755,,0.02473,0.04948,0.675
8,49,hybrid,HYBRID_ALPHA0.1_BETA0.9,0.1,0.9,50,0.0,0.5085,0.54407,0.13002,1.22804,0.93707,0.12131,,0.01361,0.07152,0.65
8,49,hybrid,HYBRID_ALPHA0.2_BETA0.8,0.2,0.8,50,0.0,0.49898,0.5293,0.13629,1.20838,0.92921,0.12114,,0.01376,0.06905,0.65
8,49,hybrid,HYBRID_ALPHA0.3_BETA0.7,0.3,0.7,50,0.0,0.49586,0.5253,0.1274,1.19035,0.92431,0.1166,,0.01355,0.06901,0.675
8,49,hybrid,HYBRID_ALPHA0.4_BETA0.6,0.4,0.6,50,0.0,0.49899,0.52549,0.13262,1.84677,1.07874,0.11109,,0.00914,0.05712,0.65
8,49,hybrid,HYBRID_ALPHA0.5_BETA0.5,0.5,0.5,50,0.0,0.50215,0.52547,0.12822,1.07962,0.89138,0.05802,,0.00875,0.06236,0.65
8,49,hybrid,HYBRID_ALPHA0.6_BETA0.4,0.6,0.4,50,0.0,0.50165,0.52659,0.12564,1.23042,0.92846,0.14505,,0.01519,0.0679,0.65
8,49,hybrid,HYBRID_ALPHA0.7_BETA0.3,0.7,0.3,50,0.0,0.48256,0.53746,0.14345,1.26548,0.93643,0.15723,,0.01609,0.06834,0.575
8,49,hybrid,HYBRID_ALPHA0.8_BETA0.2,0.8,0.2,50,0.0,0.48286,0.53477,0.13908,1.27558,0.93953,0.16011,,0.01626,0.06834,0.625
8,49,hybrid,HYBRID_ALPHA0.9_BETA0.1,0.9,0.1,50,0.0,0.48091,0.52921,0.13477,1.27809,0.94059,0.16042,,0.01627,0.06836,0.65
8,49,hybrid,HYBRID_ALPHA0.1_BETA0.9,0.1,0.9,100,1.0,0.41325,0.49597,0.12571,0.43964,0.55908,0.11533,,0.01304,0.03103,0.55
8,49,hybrid,HYBRID_ALPHA0.2_BETA0.8,0.2,0.8,100,1.0,0.4423,0.53131,0.13792,0.36945,0.5206,0.12481,,0.01374,0.03221,0.55
8,49,hybrid,HYBRID_ALPHA0.3_BETA0.7,0.3,0.7,100,1.0,0.4418,0.53169,0.13948,0.36085,0.51614,0.11368,,0.01275,0.03062,0.525
8,49,hybrid,HYBRID_ALPHA0.4_BETA0.6,0.4,0.6,100,1.0,0.43538,0.52654,0.13832,0.33643,0.5016,0.03419,,0.00515,0.03193,0.7
8,49,hybrid,HYBRID_ALPHA0.5_BETA0.5,0.5,0.5,100,1.0,0.43429,0.52546,0.13804,0.32716,0.49585,0.03211,,0.00501,0.03064,0.65
8,49,hybrid,HYBRID_ALPHA0.6_BETA0.4,0.6,0.4,100,1.0,0.4337,0.52335,0.13686,0.35541,0.51343,0.01628,,0.00291,0.02192,0.575
8,49,hybrid,HYBRID_ALPHA0.7_BETA0.3,0.7,0.3,100,1.0,0.42953,0.51858,0.12893,0.37962,0.52909,0.01527,,0.00296,0.0218,0.575
8,49,hybrid,HYBRID_ALPHA0.8_BETA0.2,0.8,0.2,100,1.0,0.42745,0.51833,0.1266,0.32104,0.49331,0.08295,,0.00989,0.02786,0.5
8,49,hybrid,HYBRID_ALPHA0.9_BETA0.1,0.9,0.1,100,1.0,0.43042,0.52066,0.12713,0.36236,0.51159,0.15133,,0.01545,0.03438,0.55
8,49,hybrid,HYBRID_ALPHA0.1_BETA0.9,0.1,0.9,100,0.0,0.41325,0.49597,0.12571,1.17841,0.92803,0.10428,,0.01202,0.0512,0.725
8,49,hybrid,HYBRID_ALPHA0.2_BETA0.8,0.2,0.8,100,0.0,0.4423,0.53131,0.13792,1.13177,0.90966,0.10229,,0.01174,0.05207,0.7
8,49,hybrid,HYBRID_ALPHA0.3_BETA0.7,0.3,0.7,100,0.0,0.4418,0.53169,0.13948,1.12356,0.90659,0.09932,,0.01151,0.05215,0.675
8,49,hybrid,HYBRID_ALPHA0.4_BETA0.6,0.4,0.6,100,0.0,0.43538,0.52654,0.13832,1.07498,0.88286,0.05613,,0.00772,0.0534,0.725
8,49,hybrid,HYBRID_ALPHA0.5_BETA0.5,0.5,0.5,100,0.0,0.43429,0.52546,0.13804,1.07188,0.88271,0.05684,,0.00778,0.05363,0.65
8,49,hybrid,HYBRID_ALPHA0.6_BETA0.4,0.6,0.4,100,0.0,0.4337,0.52335,0.13686,1.08997,0.88075,0.04265,,0.00611,0.05633,0.775
8,49,hybrid,HYBRID_ALPHA0.7_BETA0.3,0.7,0.3,100,0.0,0.42953,0.51858,0.12893,1.08435,0.87956,0.04546,,0.00639,0.05672,0.75
8,49,hybrid,HYBRID_ALPHA0.8_BETA0.2,0.8,0.2,100,0.0,0.42745,0.51833,0.1266,1.07955,0.89195,0.08309,,0.01022,0.05203,0.675
8,49,hybrid,HYBRID_ALPHA0.9_BETA0.1,0.9,0.1,100,0.0,0.43042,0.52066,0.12713,1.13837,0.90616,0.1104,,0.01235,0.05361,0.7
8,49,hybrid,HYBRID_ALPHA0.1_BETA0.9,0.1,0.9,300,1.0,0.46445,0.56674,0.1484,0.32705,0.49915,0.07246,,0.00867,0.02404,0.525
8,49,hybrid,HYBRID_ALPHA0.2_BETA0.8,0.2,0.8,300,1.0,0.44845,0.54936,0.14049,0.34443,0.50998,0.0829,,0.00989,0.02744,0.6
8,49,hybrid,HYBRID_ALPHA0.3_BETA0.7,0.3,0.7,300,1.0,0.4436,0.54314,0.14252,0.3398,0.50615,0.07758,,0.00934,0.02898,0.525
8,49,hybrid,HYBRID_ALPHA0.4_BETA0.6,0.4,0.6,300,1.0,0.43383,0.52753,0.13988,0.34412,0.50879,0.07192,,0.00889,0.03213,0.525
8,49,hybrid,HYBRID_ALPHA0.5_BETA0.5,0.5,0.5,300,1.0,0.42566,0.51402,0.13612,0.34988,0.51065,0.06582,,0.00851,0.03346,0.525
8,49,hybrid,HYBRID_ALPHA0.6_BETA0.4,0.6,0.4,300,1.0,0.42343,0.50651,0.13298,0.35258,0.51098,0.06158,,0.00828,0.03355,0.5
8,49,hybrid,HYBRID_ALPHA0.7_BETA0.3,0.7,0.3,300,1.0,0.42341,0.5057,0.13135,0.37044,0.52372,0.14222,,0.01532,0.03104,0.525
8,49,hybrid,HYBRID_ALPHA0.8_BETA0.2,0.8,0.2,300,1.0,0.42131,0.50103,0.12954,0.37162,0.52351,0.14625,,0.01562,0.03097,0.525
8,49,hybrid,HYBRID_ALPHA0.9_BETA0.1,0.9,0.1,300,1.0,0.42019,0.49803,0.12826,0.37221,0.5238,0.14402,,0.01546,0.03115,0.6
8,49,hybrid,HYBRID_ALPHA0.1_BETA0.9,0.1,0.9,300,0.0,0.46445,0.56674,0.1484,1.02802,0.88729,0.05518,,0.00752,0.03231,0.575
8,49,hybrid,HYBRID_ALPHA0.2_BETA0.8,0.2,0.8,300,0.0,0.44845,0.54936,0.14049,1.08251,0.91081,0.05789,,0.00778,0.03299,0.65
8,49,hybrid,HYBRID_ALPHA0.3_BETA0.7,0.3,0.7,300,0.0,0.4436,0.54314,0.14252,1.07247,0.90746,0.05285,,0.00734,0.03325,0.675
8,49,hybrid,HYBRID_ALPHA0.4_BETA0.6,0.4,0.6,300,0.0,0.43383,0.52753,0.13988,1.07612,0.90814,0.04684,,0.00686,0.0339,0.625
8,49,hybrid,HYBRID_ALPHA0.5_BETA0.5,0.5,0.5,300,0.0,0.42566,0.51402,0.13612,1.07168,0.90579,0.04317,,0.0066,0.03435,0.65
8,49,hybrid,HYBRID_ALPHA0.6_BETA0.4,0.6,0.4,300,0.0,0.42343,0.50651,0.13298,1.06834,0.90407,0.04138,,0.00653,0.03466,0.575
8,49,hybrid,HYBRID_ALPHA0.7_BETA0.3,0.7,0.3,300,0.0,0.42341,0.5057,0.13135,1.09974,0.90242,0.08826,,0.01063,0.03808,0.525
8,49,hybrid,HYBRID_ALPHA0.8_BETA0.2,0.8,0.2,300,0.0,0.42131,0.50103,0.12954,1.10276,0.90283,0.08944,,0.01076,0.03808,0.55
8,49,hybrid,HYBRID_ALPHA0.9_BETA0.1,0.9,0.1,300,0.0,0.42019,0.49803,0.12826,1.09877,0.90168,0.08764,,0.01063,0.03806,0.55
8,49,hybrid,HYBRID_ALPHA0.1_BETA0.9,0.1,0.9,500,1.0,0.51984,0.58184,0.08144,0.34813,0.51543,0.07195,,0.0088,0.02256,0.5
8,49,hybrid,HYBRID_ALPHA0.2_BETA0.8,0.2,0.8,500,1.0,0.4647,0.53161,0.1369,0.32408,0.49831,0.07491,,0.00919,0.02293,0.525
8,49,hybrid,HYBRID_ALPHA0.3_BETA0.7,0.3,0.7,500,1.0,0.46089,0.5221,0.13517,0.3213,0.49464,0.07597,,0.00937,0.02274,0.55
8,49,hybrid,HYBRID_ALPHA0.4_BETA0.6,0.4,0.6,500,1.0,0.46383,0.51279,0.13358,0.32026,0.49304,0.07665,,0.00938,0.02224,0.55
8,49,hybrid,HYBRID_ALPHA0.5_BETA0.5,0.5,0.5,500,1.0,0.4575,0.51325,0.13451,0.31841,0.49092,0.0754,,0.0093,0.0219,0.525
8,49,hybrid,HYBRID_ALPHA0.6_BETA0.4,0.6,0.4,500,1.0,0.45732,0.50897,0.13288,0.31298,0.48724,0.06997,,0.00878,0.02109,0.525
8,49,hybrid,HYBRID_ALPHA0.7_BETA0.3,0.7,0.3,500,1.0,0.44875,0.50629,0.13431,0.31057,0.48544,0.06833,,0.00864,0.0206,0.525
8,49,hybrid,HYBRID_ALPHA0.8_BETA0.2,0.8,0.2,500,1.0,0.45292,0.50472,0.13216,0.30876,0.48405,0.06708,,0.00853,0.02015,0.525
8,49,hybrid,HYBRID_ALPHA0.9_BETA0.1,0.9,0.1,500,1.0,0.45434,0.50214,0.13015,0.30611,0.48217,0.06475,,0.00832,0.01966,0.525
8,49,hybrid,HYBRID_ALPHA0.1_BETA0.9,0.1,0.9,500,0.0,0.51984,0.58184,0.08144,1.10841,0.91283,0.06905,,0.00875,0.0339,0.65
8,49,hybrid,HYBRID_ALPHA0.2_BETA0.8,0.2,0.8,500,0.0,0.4647,0.53161,0.1369,1.0616,0.89614,0.06348,,0.00836,0.03344,0.625
8,49,hybrid,HYBRID_ALPHA0.3_BETA0.7,0.3,0.7,500,0.0,0.46089,0.5221,0.13517,1.04698,0.89165,0.06238,,0.00833,0.03316,0.6
8,49,hybrid,HYBRID_ALPHA0.4_BETA0.6,0.4,0.6,500,0.0,0.46383,0.51279,0.13358,1.03999,0.88848,0.06263,,0.00839,0.03326,0.625
8,49,hybrid,HYBRID_ALPHA0.5_BETA0.5,0.5,0.5,500,0.0,0.4575,0.51325,0.13451,1.03241,0.88533,0.06131,,0.00832,0.03312,0.6
8,49,hybrid,HYBRID_ALPHA0.6_BETA0.4,0.6,0.4,500,0.0,0.45732,0.50897,0.13288,1.02347,0.88193,0.05845,,0.00809,0.03293,0.6
8,49,hybrid,HYBRID_ALPHA0.7_BETA0.3,0.7,0.3,500,0.0,0.44875,0.50629,0.13431,1.02005,0.88008,0.05745,,0.00804,0.03303,0.575
8,49,hybrid,HYBRID_ALPHA0.8_BETA0.2,0.8,0.2,500,0.0,0.45292,0.50472,0.13216,1.01697,0.87837,0.05614,,0.00795,0.03305,0.6
8,49,hybrid,HYBRID_ALPHA0.9_BETA0.1,0.9,0.1,500,0.0,0.45434,0.50214,0.13015,1.01289,0.87636,0.05417,,0.00781,0.03295,0.575
8,49,mse,MSE,1.0,0.0,50,1.0,0.47755,0.53517,0.13897,0.44637,0.5504,0.27058,,0.02437,0.04929,0.675
8,49,mse,MSE,1.0,0.0,50,0.0,0.47755,0.53517,0.13897,1.27588,0.9403,0.15919,,0.01615,0.06842,0.6
8,49,mse,MSE,1.0,0.0,100,1.0,0.43268,0.52264,0.12902,0.32053,0.49278,0.08374,,0.01005,0.02714,0.525
8,49,mse,MSE,1.0,0.0,100,0.0,0.43268,0.52264,0.12902,1.07677,0.89291,0.0831,,0.01027,0.05088,0.7
8,49,mse,MSE,1.0,0.0,300,1.0,0.41976,0.49683,0.12734,0.37551,0.52506,0.14886,,0.01584,0.03143,0.55
8,49,mse,MSE,1.0,0.0,300,0.0,0.41976,0.49683,0.12734,1.10146,0.90176,0.08916,,0.01076,0.03819,0.575
8,49,mse,MSE,1.0,0.0,500,1.0,0.45519,0.50035,0.12923,0.30217,0.47941,0.06024,,0.00789,0.019,0.525
8,49,mse,MSE,1.0,0.0,500,0.0,0.45519,0.50035,0.12923,1.00715,0.87378,0.05088,,0.00754,0.03286,0.6
9,50,hsic,HSIC,0.0,1.0,50,1.0,0.76947,0.62816,0.1763,0.31785,0.48196,0.02559,,0.00412,0.04282,0.525
9,50,hsic,HSIC,0.0,1.0,50,0.0,0.76947,0.62816,0.1763,1.07264,0.87933,0.0234,,0.00467,0.05488,0.6
9,50,hsic,HSIC,0.0,1.0,100,1.0,0.75986,0.67495,0.13972,0.5306,0.58933,0.18999,,0.01691,0.0323,0.525
9,50,hsic,HSIC,0.0,1.0,100,0.0,0.75986,0.67495,0.13972,1.05963,0.88355,0.08385,,0.01035,0.03467,0.525
9,50,hsic,HSIC,0.0,1.0,300,1.0,0.73638,0.71485,0.12273,0.773,0.74366,0.50221,,0.04344,0.05474,0.525
9,50,hsic,HSIC,0.0,1.0,300,0.0,0.73638,0.71485,0.12273,1.42072,0.99576,0.23318,,0.021,0.04025,0.525
9,50,hsic,HSIC,0.0,1.0,500,1.0,0.69866,0.7094,0.02965,0.74865,0.69203,0.21207,,0.02172,0.05073,0.55
9,50,hsic,HSIC,0.0,1.0,500,0.0,0.69866,0.7094,0.02965,1.20359,0.94262,0.05805,,0.00985,0.01967,0.55
9,50,hybrid,HYBRID_ALPHA0.1_BETA0.9,0.1,0.9,50,1.0,0.76825,0.62771,0.17631,0.31706,0.48529,0.02492,,0.00386,0.04044,0.55
9,50,hybrid,HYBRID_ALPHA0.2_BETA0.8,0.2,0.8,50,1.0,0.76768,0.6275,0.1763,0.29025,0.472,0.01053,,0.00303,0.02931,0.5
9,50,hybrid,HYBRID_ALPHA0.3_BETA0.7,0.3,0.7,50,1.0,0.57952,0.63337,0.20442,0.28671,0.45554,0.0154,,0.00333,0.02822,0.5
9,50,hybrid,HYBRID_ALPHA0.4_BETA0.6,0.4,0.6,50,1.0,0.57798,0.63384,0.20659,0.27342,0.45534,0.00929,,0.00278,0.02844,0.525
9,50,hybrid,HYBRID_ALPHA0.5_BETA0.5,0.5,0.5,50,1.0,0.57507,0.63244,0.20666,0.3545,0.47875,0.02841,,0.00603,0.02506,0.525
9,50,hybrid,HYBRID_ALPHA0.6_BETA0.4,0.6,0.4,50,1.0,0.57369,0.62958,0.20869,0.35987,0.48138,0.03069,,0.00647,0.02508,0.575
9,50,hybrid,HYBRID_ALPHA0.7_BETA0.3,0.7,0.3,50,1.0,0.57299,0.62682,0.21041,0.35919,0.47961,0.02627,,0.00642,0.02563,0.525
9,50,hybrid,HYBRID_ALPHA0.8_BETA0.2,0.8,0.2,50,1.0,0.57361,0.62504,0.21303,0.31975,0.48176,0.05273,,0.00598,0.03437,0.6
9,50,hybrid,HYBRID_ALPHA0.9_BETA0.1,0.9,0.1,50,1.0,0.5743,0.62392,0.21593,0.3291,0.48954,0.07125,,0.00726,0.0334,0.525
9,50,hybrid,HYBRID_ALPHA0.1_BETA0.9,0.1,0.9,50,0.0,0.76825,0.62771,0.17631,1.04043,0.88698,0.02193,,0.00469,0.06494,0.65
9,50,hybrid,HYBRID_ALPHA0.2_BETA0.8,0.2,0.8,50,0.0,0.76768,0.6275,0.1763,1.08585,0.90097,0.03054,,0.00558,0.06564,0.575
9,50,hybrid,HYBRID_ALPHA0.3_BETA0.7,0.3,0.7,50,0.0,0.57952,0.63337,0.20442,1.06075,0.89035,0.03132,,0.0059,0.06659,0.6
9,50,hybrid,HYBRID_ALPHA0.4_BETA0.6,0.4,0.6,50,0.0,0.57798,0.63384,0.20659,1.07442,0.89562,0.03596,,0.00614,0.06804,0.625
9,50,hybrid,HYBRID_ALPHA0.5_BETA0.5,0.5,0.5,50,0.0,0.57507,0.63244,0.20666,1.13887,0.91952,0.01344,,0.00396,0.07212,0.675
9,50,hybrid,HYBRID_ALPHA0.6_BETA0.4,0.6,0.4,50,0.0,0.57369,0.62958,0.20869,1.15362,0.92432,0.01402,,0.00411,0.07163,0.65
9,50,hybrid,HYBRID_ALPHA0.7_BETA0.3,0.7,0.3,50,0.0,0.57299,0.62682,0.21041,1.16001,0.92518,0.01485,,0.00431,0.07073,0.625
9,50,hybrid,HYBRID_ALPHA0.8_BETA0.2,0.8,0.2,50,0.0,0.57361,0.62504,0.21303,1.16736,0.91992,0.06053,,0.00757,0.07567,0.575
9,50,hybrid,HYBRID_ALPHA0.9_BETA0.1,0.9,0.1,50,0.0,0.5743,0.62392,0.21593,1.24284,0.93878,0.08022,,0.00925,0.07973,0.55
9,50,hybrid,HYBRID_ALPHA0.1_BETA0.9,0.1,0.9,100,1.0,0.47143,0.53466,0.13851,0.38584,0.52963,0.13419,,0.01464,0.03082,0.55
9,50,hybrid,HYBRID_ALPHA0.2_BETA0.8,0.2,0.8,100,1.0,0.46754,0.52943,0.12693,0.40342,0.53462,0.17287,,0.01733,0.03317,0.55
9,50,hybrid,HYBRID_ALPHA0.3_BETA0.7,0.3,0.7,100,1.0,0.46812,0.52404,0.12504,0.37497,0.51372,0.1646,,0.0161,0.0332,0.6
9,50,hybrid,HYBRID_ALPHA0.4_BETA0.6,0.4,0.6,100,1.0,0.47138,0.5256,0.13836,0.36655,0.50865,0.1532,,0.01534,0.03339,0.6
9,50,hybrid,HYBRID_ALPHA0.5_BETA0.5,0.5,0.5,100,1.0,0.46653,0.52038,0.1331,0.34464,0.49775,0.11947,,0.01297,0.03357,0.525
9,50,hybrid,HYBRID_ALPHA0.6_BETA0.4,0.6,0.4,100,1.0,0.46156,0.51569,0.1265,0.34223,0.49626,0.1128,,0.01254,0.03351,0.55
9,50,hybrid,HYBRID_ALPHA0.7_BETA0.3,0.7,0.3,100,1.0,0.45924,0.51465,0.12534,0.33176,0.49147,0.09492,,0.01121,0.03247,0.525
9,50,hybrid,HYBRID_ALPHA0.8_BETA0.2,0.8,0.2,100,1.0,0.45585,0.5129,0.12422,0.32257,0.4876,0.07724,,0.00988,0.03088,0.6
9,50,hybrid,HYBRID_ALPHA0.9_BETA0.1,0.9,0.1,100,1.0,0.45479,0.51264,0.12434,0.31633,0.48501,0.06452,,0.00888,0.02981,0.575
9,50,hybrid,HYBRID_ALPHA0.1_BETA0.9,0.1,0.9,100,0.0,0.47143,0.53466,0.13851,1.21912,0.94638,0.06839,,0.00888,0.04371,0.525
9,50,hybrid,HYBRID_ALPHA0.2_BETA0.8,0.2,0.8,100,0.0,0.46754,0.52943,0.12693,1.19506,0.93239,0.09321,,0.01084,0.04987,0.525
9,50,hybrid,HYBRID_ALPHA0.3_BETA0.7,0.3,0.7,100,0.0,0.46812,0.52404,0.12504,1.06129,0.89193,0.06968,,0.00895,0.0494,0.6
9,50,hybrid,HYBRID_ALPHA0.4_BETA0.6,0.4,0.6,100,0.0,0.47138,0.5256,0.13836,1.01418,0.87466,0.04913,,0.00747,0.04794,0.55
9,50,hybrid,HYBRID_ALPHA0.5_BETA0.5,0.5,0.5,100,0.0,0.46653,0.52038,0.1331,0.99861,0.86562,0.03374,,0.00641,0.04637,0.525
9,50,hybrid,HYBRID_ALPHA0.6_BETA0.4,0.6,0.4,100,0.0,0.46156,0.51569,0.1265,1.01303,0.86652,0.032,,0.00638,0.04592,0.6
9,50,hybrid,HYBRID_ALPHA0.7_BETA0.3,0.7,0.3,100,0.0,0.45924,0.51465,0.12534,1.0174,0.86771,0.03118,,0.00631,0.04593,0.55
9,50,hybrid,HYBRID_ALPHA0.8_BETA0.2,0.8,0.2,100,0.0,0.45585,0.5129,0.12422,1.01929,0.86905,0.03078,,0.00627,0.04615,0.575
9,50,hybrid,HYBRID_ALPHA0.9_BETA0.1,0.9,0.1,100,0.0,0.45479,0.51264,0.12434,1.02042,0.87062,0.03086,,0.00627,0.04658,0.575
9,50,hybrid,HYBRID_ALPHA0.1_BETA0.9,0.1,0.9,300,1.0,0.44477,0.52149,0.12453,0.41899,0.55199,0.12626,,0.01343,0.02797,0.525
9,50,hybrid,HYBRID_ALPHA0.2_BETA0.8,0.2,0.8,300,1.0,0.44244,0.52433,0.12773,0.3825,0.53233,0.11941,,0.01273,0.02718,0.55
9,50,hybrid,HYBRID_ALPHA0.3_BETA0.7,0.3,0.7,300,1.0,0.44578,0.52903,0.12175,0.37315,0.52718,0.11885,,0.01267,0.02728,0.525
9,50,hybrid,HYBRID_ALPHA0.4_BETA0.6,0.4,0.6,300,1.0,0.46836,0.54223,0.11189,0.37101,0.52672,0.13291,,0.01401,0.0271,0.55
9,50,hybrid,HYBRID_ALPHA0.5_BETA0.5,0.5,0.5,300,1.0,0.46282,0.53463,0.11371,0.35485,0.5169,0.10962,,0.01216,0.0261,0.6
9,50,hybrid,HYBRID_ALPHA0.6_BETA0.4,0.6,0.4,300,1.0,0.46444,0.53047,0.11492,0.35177,0.51464,0.10756,,0.01215,0.02567,0.525
9,50,hybrid,HYBRID_ALPHA0.7_BETA0.3,0.7,0.3,300,1.0,0.44892,0.52625,0.11812,0.35005,0.51337,0.10271,,0.01191,0.02542,0.525
9,50,hybrid,HYBRID_ALPHA0.8_BETA0.2,0.8,0.2,300,1.0,0.44598,0.52171,0.11963,0.35901,0.51889,0.11899,,0.01337,0.02615,0.575
9,50,hybrid,HYBRID_ALPHA0.9_BETA0.1,0.9,0.1,300,1.0,0.44236,0.50361,0.12147,0.35723,0.51764,0.1155,,0.01313,0.02588,0.55
9,50,hybrid,HYBRID_ALPHA0.1_BETA0.9,0.1,0.9,300,0.0,0.44477,0.52149,0.12453,1.16786,0.93567,0.07963,,0.00966,0.03741,0.65
9,50,hybrid,HYBRID_ALPHA0.2_BETA0.8,0.2,0.8,300,0.0,0.44244,0.52433,0.12773,1.12964,0.92479,0.07669,,0.00941,0.03872,0.625
9,50,hybrid,HYBRID_ALPHA0.3_BETA0.7,0.3,0.7,300,0.0,0.44578,0.52903,0.12175,1.11461,0.92088,0.07406,,0.00919,0.03897,0.55
9,50,hybrid,HYBRID_ALPHA0.4_BETA0.6,0.4,0.6,300,0.0,0.46836,0.54223,0.11189,1.12334,0.91826,0.08573,,0.01027,0.0422,0.625
9,50,hybrid,HYBRID_ALPHA0.5_BETA0.5,0.5,0.5,300,0.0,0.46282,0.53463,0.11371,1.09381,0.91303,0.06962,,0.00892,0.03992,0.6
9,50,hybrid,HYBRID_ALPHA0.6_BETA0.4,0.6,0.4,300,0.0,0.46444,0.53047,0.11492,1.08878,0.91062,0.06795,,0.00884,0.04003,0.65
9,50,hybrid,HYBRID_ALPHA0.7_BETA0.3,0.7,0.3,300,0.0,0.44892,0.52625,0.11812,1.08353,0.90841,0.06506,,0.00862,0.03991,0.575
9,50,hybrid,HYBRID_ALPHA0.8_BETA0.2,0.8,0.2,300,0.0,0.44598,0.52171,0.11963,1.10651,0.91268,0.0753,,0.0096,0.04204,0.65
9,50,hybrid,HYBRID_ALPHA0.9_BETA0.1,0.9,0.1,300,0.0,0.44236,0.50361,0.12147,1.10498,0.9119,0.07391,,0.0095,0.04208,0.625
9,50,hybrid,HYBRID_ALPHA0.1_BETA0.9,0.1,0.9,500,1.0,0.55104,0.61132,0.17359,0.35649,0.51833,0.08687,,0.00944,0.02386,0.525
9,50,hybrid,HYBRID_ALPHA0.2_BETA0.8,0.2,0.8,500,1.0,0.4636,0.53586,0.1159,0.32137,0.49028,0.08145,,0.00876,0.02366,0.525
9,50,hybrid,HYBRID_ALPHA0.3_BETA0.7,0.3,0.7,500,1.0,0.46685,0.53356,0.11593,0.31626,0.48513,0.07915,,0.00871,0.02234,0.5
9,50,hybrid,HYBRID_ALPHA0.4_BETA0.6,0.4,0.6,500,1.0,0.46047,0.53608,0.11511,0.31219,0.48075,0.07432,,0.00845,0.02146,0.5
9,50,hybrid,HYBRID_ALPHA0.5_BETA0.5,0.5,0.5,500,1.0,0.45138,0.52405,0.11641,0.29897,0.46523,0.03549,,0.00581,0.01735,0.5
9,50,hybrid,HYBRID_ALPHA0.6_BETA0.4,0.6,0.4,500,1.0,0.4478,0.53215,0.1158,0.30029,0.46574,0.03482,,0.00599,0.01679,0.525
9,50,hybrid,HYBRID_ALPHA0.7_BETA0.3,0.7,0.3,500,1.0,0.44657,0.52927,0.11529,0.30837,0.4722,0.03696,,0.00642,0.0178,0.525
9,50,hybrid,HYBRID_ALPHA0.8_BETA0.2,0.8,0.2,500,1.0,0.44636,0.52798,0.11557,0.30906,0.47261,0.03946,,0.00664,0.01782,0.525
9,50,hybrid,HYBRID_ALPHA0.9_BETA0.1,0.9,0.1,500,1.0,0.44732,0.52639,0.11427,0.31156,0.47301,0.03933,,0.00677,0.01754,0.525
9,50,hybrid,HYBRID_ALPHA0.1_BETA0.9,0.1,0.9,500,0.0,0.55104,0.61132,0.17359,1.14626,0.92767,0.06415,,0.00817,0.03516,0.625
9,50,hybrid,HYBRID_ALPHA0.2_BETA0.8,0.2,0.8,500,0.0,0.4636,0.53586,0.1159,1.07733,0.90458,0.0648,,0.00826,0.03942,0.575
9,50,hybrid,HYBRID_ALPHA0.3_BETA0.7,0.3,0.7,500,0.0,0.46685,0.53356,0.11593,1.06526,0.89792,0.0649,,0.00835,0.03997,0.6
9,50,hybrid,HYBRID_ALPHA0.4_BETA0.6,0.4,0.6,500,0.0,0.46047,0.53608,0.11511,1.05455,0.8929,0.06177,,0.00817,0.04019,0.625
9,50,hybrid,HYBRID_ALPHA0.5_BETA0.5,0.5,0.5,500,0.0,0.45138,0.52405,0.11641,1.00111,0.87388,0.02971,,0.00559,0.03627,0.65
9,50,hybrid,HYBRID_ALPHA0.6_BETA0.4,0.6,0.4,500,0.0,0.4478,0.53215,0.1158,1.00331,0.87382,0.02858,,0.00556,0.03605,0.625
9,50,hybrid,HYBRID_ALPHA0.7_BETA0.3,0.7,0.3,500,0.0,0.44657,0.52927,0.11529,1.013,0.87642,0.02309,,0.00507,0.0347,0.575
9,50,hybrid,HYBRID_ALPHA0.8_BETA0.2,0.8,0.2,500,0.0,0.44636,0.52798,0.11557,1.01542,0.87608,0.02357,,0.00514,0.03439,0.65
9,50,hybrid,HYBRID_ALPHA0.9_BETA0.1,0.9,0.1,500,0.0,0.44732,0.52639,0.11427,0.99971,0.87442,0.02588,,0.00503,0.0361,0.625
9,50,mse,MSE,1.0,0.0,50,1.0,0.57377,0.62326,0.2152,0.33164,0.49207,0.07641,,0.00788,0.03459,0.525
9,50,mse,MSE,1.0,0.0,50,0.0,0.57377,0.62326,0.2152,1.25836,0.94225,0.08222,,0.0095,0.08231,0.55
9,50,mse,MSE,1.0,0.0,100,1.0,0.45204,0.5121,0.1252,0.30742,0.4799,0.04113,,0.00703,0.02772,0.65
9,50,mse,MSE,1.0,0.0,100,0.0,0.45204,0.5121,0.1252,1.02093,0.87175,0.02929,,0.00611,0.04638,0.6
9,50,mse,MSE,1.0,0.0,300,1.0,0.44223,0.5021,0.12092,0.35608,0.51652,0.11071,,0.0128,0.02565,0.525
9,50,mse,MSE,1.0,0.0,300,0.0,0.44223,0.5021,0.12092,1.10391,0.91143,0.07138,,0.00932,0.04194,0.6
9,50,mse,MSE,1.0,0.0,500,1.0,0.44516,0.52112,0.11592,0.31362,0.47396,0.03983,,0.00688,0.01756,0.525
9,50,mse,MSE,1.0,0.0,500,0.0,0.44516,0.52112,0.11592,1.00154,0.87521,0.02649,,0.005,0.03617,0.625
10,51,hsic,HSIC,0.0,1.0,50,1.0,0.73302,0.63245,0.08277,0.85749,0.77788,0.54063,,0.04728,0.06041,0.6
10,51,hsic,HSIC,0.0,1.0,50,0.0,0.73302,0.63245,0.08277,1.5247,1.03249,0.26829,,0.02355,0.03391,0.65
10,51,hsic,HSIC,0.0,1.0,100,1.0,0.77222,0.63718,0.17178,0.71889,0.71967,0.4417,,0.03722,0.04476,0.55
10,51,hsic,HSIC,0.0,1.0,100,0.0,0.77222,0.63718,0.17178,1.21062,0.93718,0.14459,,0.01432,0.03485,0.6
10,51,hsic,HSIC,0.0,1.0,300,1.0,0.62782,0.66475,0.02509,0.79885,0.75435,0.50189,,0.04344,0.05487,0.575
10,51,hsic,HSIC,0.0,1.0,300,0.0,0.62782,0.66475,0.02509,1.42559,0.99694,0.23435,,0.02109,0.03819,0.525
10,51,hsic,HSIC,0.0,1.0,500,1.0,0.68465,0.70246,0.00726,0.77493,0.74437,0.49731,,0.04298,0.05079,0.525
10,51,hsic,HSIC,0.0,1.0,500,0.0,0.68465,0.70246,0.00726,1.41968,0.99175,0.23133,,0.02088,0.03652,0.575
10,51,hybrid,HYBRID_ALPHA0.1_BETA0.9,0.1,0.9,50,1.0,0.48273,0.57306,0.13436,0.8134,0.76013,0.51966,,0.04519,0.05813,0.625
10,51,hybrid,HYBRID_ALPHA0.2_BETA0.8,0.2,0.8,50,1.0,0.47993,0.57383,0.14023,0.90081,0.80135,0.27945,,0.03151,0.07426,0.7
10,51,hybrid,HYBRID_ALPHA0.3_BETA0.7,0.3,0.7,50,1.0,0.47436,0.56121,0.12722,0.94131,0.82417,0.292,,0.03395,0.07963,0.65
10,51,hybrid,HYBRID_ALPHA0.4_BETA0.6,0.4,0.6,50,1.0,0.4717,0.55897,0.12959,0.51931,0.60889,0.17426,,0.0209,0.06153,0.65
10,51,hybrid,HYBRID_ALPHA0.5_BETA0.5,0.5,0.5,50,1.0,0.47673,0.557,0.12779,0.619,0.64631,0.20185,,0.02318,0.09656,0.575
10,51,hybrid,HYBRID_ALPHA0.6_BETA0.4,0.6,0.4,50,1.0,0.474,0.55371,0.1233,0.63301,0.65123,0.20727,,0.02345,0.10389,0.65
10,51,hybrid,HYBRID_ALPHA0.7_BETA0.3,0.7,0.3,50,1.0,0.48489,0.5553,0.12094,0.54211,0.61905,0.18003,,0.02354,0.07491,0.65
10,51,hybrid,HYBRID_ALPHA0.8_BETA0.2,0.8,0.2,50,1.0,0.51115,0.56251,0.12326,0.50567,0.6015,0.16868,,0.02202,0.06251,0.6
10,51,hybrid,HYBRID_ALPHA0.9_BETA0.1,0.9,0.1,50,1.0,0.50867,0.5594,0.12605,0.48267,0.58228,0.14846,,0.0187,0.06024,0.65
10,51,hybrid,HYBRID_ALPHA0.1_BETA0.9,0.1,0.9,50,0.0,0.48273,0.57306,0.13436,1.48667,1.01869,0.25552,,0.02262,0.03362,0.65
10,51,hybrid,HYBRID_ALPHA0.2_BETA0.8,0.2,0.8,50,0.0,0.47993,0.57383,0.14023,1.27672,0.97089,0.09799,,0.01124,0.05323,0.7
10,51,hybrid,HYBRID_ALPHA0.3_BETA0.7,0.3,0.7,50,0.0,0.47436,0.56121,0.12722,1.27495,0.96817,0.09564,,0.01124,0.05325,0.775
10,51,hybrid,HYBRID_ALPHA0.4_BETA0.6,0.4,0.6,50,0.0,0.4717,0.55897,0.12959,1.16155,0.94463,0.05602,,0.00783,0.05603,0.7
10,51,hybrid,HYBRID_ALPHA0.5_BETA0.5,0.5,0.5,50,0.0,0.47673,0.557,0.12779,1.18172,0.94869,0.05697,,0.00761,0.05918,0.625
10,51,hybrid,HYBRID_ALPHA0.6_BETA0.4,0.6,0.4,50,0.0,0.474,0.55371,0.1233,1.16282,0.94052,0.05577,,0.00752,0.05999,0.625
10,51,hybrid,HYBRID_ALPHA0.7_BETA0.3,0.7,0.3,50,0.0,0.48489,0.5553,0.12094,1.20223,0.95913,0.06926,,0.00903,0.05878,0.75
10,51,hybrid,HYBRID_ALPHA0.8_BETA0.2,0.8,0.2,50,0.0,0.51115,0.56251,0.12326,1.1897,0.95601,0.07483,,0.00983,0.06256,0.7
10,51,hybrid,HYBRID_ALPHA0.9_BETA0.1,0.9,0.1,50,0.0,0.50867,0.5594,0.12605,1.19673,0.95731,0.07951,,0.01002,0.06459,0.65
10,51,hybrid,HYBRID_ALPHA0.1_BETA0.9,0.1,0.9,100,1.0,0.551,0.55533,0.1473,0.47025,0.58555,0.2936,,0.02451,0.03593,0.625
10,51,hybrid,HYBRID_ALPHA0.2_BETA0.8,0.2,0.8,100,1.0,0.52198,0.55889,0.14734,0.37712,0.51752,0.16925,,0.01656,0.0298,0.5
10,51,hybrid,HYBRID_ALPHA0.3_BETA0.7,0.3,0.7,100,1.0,0.74089,0.61842,0.17536,0.37906,0.52494,0.15681,,0.01642,0.03096,0.5
10,51,hybrid,HYBRID_ALPHA0.4_BETA0.6,0.4,0.6,100,1.0,0.7361,0.61751,0.17598,0.38506,0.53106,0.15972,,0.01708,0.03202,0.5
10,51,hybrid,HYBRID_ALPHA0.5_BETA0.5,0.5,0.5,100,1.0,0.73347,0.61728,0.17637,0.3842,0.53166,0.1548,,0.01686,0.03204,0.55
10,51,hybrid,HYBRID_ALPHA0.6_BETA0.4,0.6,0.4,100,1.0,0.73278,0.61716,0.17647,0.38062,0.53124,0.1444,,0.0162,0.03171,0.525
10,51,hybrid,HYBRID_ALPHA0.7_BETA0.3,0.7,0.3,100,1.0,0.73171,0.61686,0.17666,0.37516,0.52918,0.13675,,0.01558,0.03144,0.525
10,51,hybrid,HYBRID_ALPHA0.8_BETA0.2,0.8,0.2,100,1.0,0.72209,0.61407,0.17588,0.36401,0.52403,0.11395,,0.01355,0.03013,0.5
10,51,hybrid,HYBRID_ALPHA0.9_BETA0.1,0.9,0.1,100,1.0,0.72202,0.61406,0.17589,0.36214,0.52389,0.10575,,0.01284,0.0299,0.525
10,51,hybrid,HYBRID_ALPHA0.1_BETA0.9,0.1,0.9,100,0.0,0.551,0.55533,0.1473,1.16775,0.91015,0.12963,,0.01394,0.03838,0.625
10,51,hybrid,HYBRID_ALPHA0.2_BETA0.8,0.2,0.8,100,0.0,0.52198,0.55889,0.14734,1.14088,0.9112,0.10062,,0.01137,0.04774,0.625
10,51,hybrid,HYBRID_ALPHA0.3_BETA0.7,0.3,0.7,100,0.0,0.74089,0.61842,0.17536,1.13365,0.91155,0.09824,,0.01137,0.04845,0.625
10,51,hybrid,HYBRID_ALPHA0.4_BETA0.6,0.4,0.6,100,0.0,0.7361,0.61751,0.17598,1.1297,0.91071,0.09778,,0.01145,0.04894,0.65
10,51,hybrid,HYBRID_ALPHA0.5_BETA0.5,0.5,0.5,100,0.0,0.73347,0.61728,0.17637,1.12717,0.91003,0.09662,,0.01144,0.0493,0.65
10,51,hybrid,HYBRID_ALPHA0.6_BETA0.4,0.6,0.4,100,0.0,0.73278,0.61716,0.17647,1.11698,0.90816,0.09142,,0.01108,0.04923,0.65
10,51,hybrid,HYBRID_ALPHA0.7_BETA0.3,0.7,0.3,100,0.0,0.73171,0.61686,0.17666,1.1136,0.90748,0.08905,,0.01094,0.04952,0.625
10,51,hybrid,HYBRID_ALPHA0.8_BETA0.2,0.8,0.2,100,0.0,0.72209,0.61407,0.17588,1.09964,0.90629,0.07965,,0.01022,0.04947,0.65
10,51,hybrid,HYBRID_ALPHA0.9_BETA0.1,0.9,0.1,100,0.0,0.72202,0.61406,0.17589,1.09475,0.90571,0.07564,,0.0099,0.04946,0.625
10,51,hybrid,HYBRID_ALPHA0.1_BETA0.9,0.1,0.9,300,1.0,0.4259,0.52136,0.12441,0.39953,0.53477,0.13396,,0.01428,0.02717,0.55
10,51,hybrid,HYBRID_ALPHA0.2_BETA0.8,0.2,0.8,300,1.0,0.42758,0.52283,0.12541,0.37612,0.52368,0.13063,,0.01388,0.02661,0.5
10,51,hybrid,HYBRID_ALPHA0.3_BETA0.7,0.3,0.7,300,1.0,0.42339,0.50877,0.12248,0.36646,0.51966,0.1293,,0.01375,0.02624,0.525
10,51,hybrid,HYBRID_ALPHA0.4_BETA0.6,0.4,0.6,300,1.0,0.42125,0.50234,0.12269,0.36231,0.51718,0.13186,,0.01386,0.02605,0.525
10,51,hybrid,HYBRID_ALPHA0.5_BETA0.5,0.5,0.5,300,1.0,0.41915,0.50114,0.12176,0.35239,0.51158,0.13213,,0.01418,0.02633,0.525
10,51,hybrid,HYBRID_ALPHA0.6_BETA0.4,0.6,0.4,300,1.0,0.41767,0.49758,0.11997,0.34226,0.50561,0.11729,,0.01286,0.02516,0.5
10,51,hybrid,HYBRID_ALPHA0.7_BETA0.3,0.7,0.3,300,1.0,0.41763,0.49285,0.11584,0.33769,0.50282,0.11236,,0.01245,0.02461,0.5
10,51,hybrid,HYBRID_ALPHA0.8_BETA0.2,0.8,0.2,300,1.0,0.41894,0.50014,0.12249,0.33059,0.4989,0.10165,,0.01151,0.02375,0.525
10,51,hybrid,HYBRID_ALPHA0.9_BETA0.1,0.9,0.1,300,1.0,0.41846,0.49829,0.12197,0.3256,0.49592,0.09225,,0.01075,0.02365,0.55
10,51,hybrid,HYBRID_ALPHA0.1_BETA0.9,0.1,0.9,300,0.0,0.4259,0.52136,0.12441,1.24065,0.94891,0.10584,,0.01185,0.03722,0.55
10,51,hybrid,HYBRID_ALPHA0.2_BETA0.8,0.2,0.8,300,0.0,0.42758,0.52283,0.12541,1.2073,0.93945,0.10188,,0.01155,0.03749,0.525
10,51,hybrid,HYBRID_ALPHA0.3_BETA0.7,0.3,0.7,300,0.0,0.42339,0.50877,0.12248,1.18445,0.93259,0.09878,,0.0113,0.03745,0.575
10,51,hybrid,HYBRID_ALPHA0.4_BETA0.6,0.4,0.6,300,0.0,0.42125,0.50234,0.12269,1.16522,0.92598,0.09733,,0.01117,0.03752,0.6
10,51,hybrid,HYBRID_ALPHA0.5_BETA0.5,0.5,0.5,300,0.0,0.41915,0.50114,0.12176,1.11671,0.90981,0.08479,,0.01015,0.03649,0.65
10,51,hybrid,HYBRID_ALPHA0.6_BETA0.4,0.6,0.4,300,0.0,0.41767,0.49758,0.11997,1.10357,0.90686,0.07918,,0.00971,0.03596,0.575
10,51,hybrid,HYBRID_ALPHA0.7_BETA0.3,0.7,0.3,300,0.0,0.41763,0.49285,0.11584,1.09566,0.9044,0.07707,,0.00958,0.03565,0.65
10,51,hybrid,HYBRID_ALPHA0.8_BETA0.2,0.8,0.2,300,0.0,0.41894,0.50014,0.12249,1.08111,0.90037,0.07283,,0.00923,0.03523,0.65
10,51,hybrid,HYBRID_ALPHA0.9_BETA0.1,0.9,0.1,300,0.0,0.41846,0.49829,0.12197,1.0656,0.89668,0.06548,,0.00864,0.03459,0.6
10,51,hybrid,HYBRID_ALPHA0.1_BETA0.9,0.1,0.9,500,1.0,0.42351,0.51964,0.12322,0.36512,0.52161,0.10969,,0.01308,0.02715,0.55
10,51,hybrid,HYBRID_ALPHA0.2_BETA0.8,0.2,0.8,500,1.0,0.43279,0.51009,0.11684,0.34703,0.50966,0.11532,,0.01268,0.02559,0.5
10,51,hybrid,HYBRID_ALPHA0.3_BETA0.7,0.3,0.7,500,1.0,0.4321,0.50545,0.1165,0.34216,0.50532,0.11124,,0.01235,0.02498,0.525
10,51,hybrid,HYBRID_ALPHA0.4_BETA0.6,0.4,0.6,500,1.0,0.426,0.51665,0.12302,0.33686,0.50188,0.1055,,0.01189,0.02447,0.525
10,51,hybrid,HYBRID_ALPHA0.5_BETA0.5,0.5,0.5,500,1.0,0.41713,0.50762,0.12029,0.32112,0.49329,0.07865,,0.00956,0.0229,0.525
10,51,hybrid,HYBRID_ALPHA0.6_BETA0.4,0.6,0.4,500,1.0,0.41725,0.50663,0.1193,0.32882,0.49667,0.09351,,0.01094,0.02375,0.5
10,51,hybrid,HYBRID_ALPHA0.7_BETA0.3,0.7,0.3,500,1.0,0.42149,0.50686,0.11956,0.3244,0.49406,0.08714,,0.01042,0.02296,0.5
10,51,hybrid,HYBRID_ALPHA0.8_BETA0.2,0.8,0.2,500,1.0,0.4186,0.50449,0.12002,0.32063,0.49161,0.08135,,0.00993,0.02222,0.525
10,51,hybrid,HYBRID_ALPHA0.9_BETA0.1,0.9,0.1,500,1.0,0.41764,0.50252,0.12001,0.31116,0.48466,0.04381,,0.00677,0.01977,0.5
10,51,hybrid,HYBRID_ALPHA0.1_BETA0.9,0.1,0.9,500,0.0,0.42351,0.51964,0.12322,1.14364,0.92559,0.06673,,0.00886,0.02983,0.55
10,51,hybrid,HYBRID_ALPHA0.2_BETA0.8,0.2,0.8,500,0.0,0.43279,0.51009,0.11684,1.11896,0.91218,0.08481,,0.01015,0.03638,0.625
10,51,hybrid,HYBRID_ALPHA0.3_BETA0.7,0.3,0.7,500,0.0,0.4321,0.50545,0.1165,1.10308,0.90633,0.08289,,0.01003,0.03641,0.65
10,51,hybrid,HYBRID_ALPHA0.4_BETA0.6,0.4,0.6,500,0.0,0.426,0.51665,0.12302,1.08864,0.90147,0.07896,,0.00975,0.03611,0.575
10,51,hybrid,HYBRID_ALPHA0.5_BETA0.5,0.5,0.5,500,0.0,0.41713,0.50762,0.12029,1.06121,0.89546,0.06223,,0.00844,0.03518,0.625
10,51,hybrid,HYBRID_ALPHA0.6_BETA0.4,0.6,0.4,500,0.0,0.41725,0.50663,0.1193,1.07292,0.89453,0.07401,,0.00944,0.0361,0.6
10,51,hybrid,HYBRID_ALPHA0.7_BETA0.3,0.7,0.3,500,0.0,0.42149,0.50686,0.11956,1.06589,0.89232,0.07049,,0.00921,0.03594,0.6
10,51,hybrid,HYBRID_ALPHA0.8_BETA0.2,0.8,0.2,500,0.0,0.4186,0.50449,0.12002,1.06006,0.89059,0.06766,,0.009,0.03584,0.55
10,51,hybrid,HYBRID_ALPHA0.9_BETA0.1,0.9,0.1,500,0.0,0.41764,0.50252,0.12001,1.03979,0.88769,0.04238,,0.00688,0.03433,0.625
10,51,mse,MSE,1.0,0.0,50,1.0,0.5157,0.56185,0.12633,0.47346,0.57748,0.14885,,0.01853,0.06104,0.65
10,51,mse,MSE,1.0,0.0,50,0.0,0.5157,0.56185,0.12633,1.19652,0.95841,0.08389,,0.01061,0.0617,0.625
10,51,mse,MSE,1.0,0.0,100,1.0,0.7282,0.61564,0.17595,0.35963,0.52235,0.103,,0.01256,0.02957,0.55
10,51,mse,MSE,1.0,0.0,100,0.0,0.7282,0.61564,0.17595,1.09793,0.90631,0.07572,,0.00991,0.04979,0.625
10,51,mse,MSE,1.0,0.0,300,1.0,0.41745,0.49525,0.12101,0.32424,0.49591,0.08605,,0.01026,0.02401,0.55
10,51,mse,MSE,1.0,0.0,300,0.0,0.41745,0.49525,0.12101,1.05153,0.89325,0.05763,,0.00801,0.03379,0.55
10,51,mse,MSE,1.0,0.0,500,1.0,0.41749,0.50097,0.11902,0.31016,0.48379,0.04267,,0.00666,0.01938,0.525
10,51,mse,MSE,1.0,0.0,500,0.0,0.41749,0.50097,0.11902,1.03815,0.88681,0.04197,,0.00684,0.03422,0.625
