Experiment,Seed,Loss,Conf,Alpha,Beta,N,Y_do,MSE Y,MAE Y,"HSIC(Y,X)",MSE Z,MAE Z,"HSIC(Z,X)","HSIC(Z,Y)",dHSIC Total,MMD,RF Acc
1,42,hsic,HSIC,0.0,1.0,50,1.0,18.74384,1.33504,0.17454,1.22676,0.89739,0.5513,,0.03372,0.04927,0.675
1,42,hsic,HSIC,0.0,1.0,50,0.0,18.74384,1.33504,0.17454,1.94665,1.1847,0.31676,,0.01886,0.06276,0.775
1,42,hsic,HSIC,0.0,1.0,100,1.0,1.83179,0.90226,0.25202,1.11794,0.86381,0.51638,,0.03174,0.05456,0.675
1,42,hsic,HSIC,0.0,1.0,100,0.0,1.83179,0.90226,0.25202,1.77019,1.13521,0.27951,,0.01728,0.04056,0.65
1,42,hsic,HSIC,0.0,1.0,300,1.0,1.75653,0.98028,0.10354,0.75706,0.64823,0.03941,,0.00079,0.08868,0.7
1,42,hsic,HSIC,0.0,1.0,300,0.0,1.75653,0.98028,0.10354,1.65846,1.03381,0.06538,,0.0049,0.03668,0.675
1,42,hsic,HSIC,0.0,1.0,500,1.0,1.38519,0.91899,0.0668,1.0761,0.85474,0.50939,,0.03212,0.06872,0.675
1,42,hsic,HSIC,0.0,1.0,500,0.0,1.38519,0.91899,0.0668,1.74578,1.13011,0.27842,,0.01768,0.03649,0.6
1,42,hybrid,HYBRID_ALPHA0.1_BETA0.9,0.1,0.9,50,1.0,53.13116,1.8603,0.2206,1.0505,0.84554,0.51086,,0.03184,0.04677,0.65
1,42,hybrid,HYBRID_ALPHA0.2_BETA0.8,0.2,0.8,50,1.0,23.94781,1.45869,0.21495,0.48804,0.58394,0.21122,,0.01302,0.02945,0.6
1,42,hybrid,HYBRID_ALPHA0.3_BETA0.7,0.3,0.7,50,1.0,18.06677,1.27726,0.22243,0.45197,0.55886,0.16753,,0.01053,0.02734,0.6
1,42,hybrid,HYBRID_ALPHA0.4_BETA0.6,0.4,0.6,50,1.0,1.1891,0.69503,0.15127,0.5267,0.61556,0.25547,,0.01658,0.03465,0.7
1,42,hybrid,HYBRID_ALPHA0.5_BETA0.5,0.5,0.5,50,1.0,0.98382,0.66403,0.13669,0.71971,0.71868,0.38527,,0.0255,0.04518,0.7
1,42,hybrid,HYBRID_ALPHA0.6_BETA0.4,0.6,0.4,50,1.0,0.9604,0.66813,0.13908,0.85634,0.77701,0.41797,,0.02699,0.04644,0.65
1,42,hybrid,HYBRID_ALPHA0.7_BETA0.3,0.7,0.3,50,1.0,1.06842,0.70991,0.17854,0.88259,0.79257,0.4481,,0.02937,0.04814,0.7
1,42,hybrid,HYBRID_ALPHA0.8_BETA0.2,0.8,0.2,50,1.0,1.07121,0.71972,0.18043,0.86774,0.78631,0.44317,,0.02886,0.04665,0.65
1,42,hybrid,HYBRID_ALPHA0.9_BETA0.1,0.9,0.1,50,1.0,1.0207,0.69714,0.16923,0.84466,0.77627,0.43265,,0.0279,0.04674,0.65
1,42,hybrid,HYBRID_ALPHA0.1_BETA0.9,0.1,0.9,50,0.0,53.13116,1.8603,0.2206,1.8119,1.14881,0.293,,0.01842,0.06439,0.75
1,42,hybrid,HYBRID_ALPHA0.2_BETA0.8,0.2,0.8,50,0.0,23.94781,1.45869,0.21495,1.50311,1.00169,0.15539,,0.01169,0.07274,0.55
1,42,hybrid,HYBRID_ALPHA0.3_BETA0.7,0.3,0.7,50,0.0,18.06677,1.27726,0.22243,1.45367,0.98014,0.13548,,0.00997,0.07125,0.625
1,42,hybrid,HYBRID_ALPHA0.4_BETA0.6,0.4,0.6,50,0.0,1.1891,0.69503,0.15127,1.33103,0.9424,0.08347,,0.00794,0.04711,0.575
1,42,hybrid,HYBRID_ALPHA0.5_BETA0.5,0.5,0.5,50,0.0,0.98382,0.66403,0.13669,1.77639,1.12161,0.25237,,0.01593,0.08171,0.7
1,42,hybrid,HYBRID_ALPHA0.6_BETA0.4,0.6,0.4,50,0.0,0.9604,0.66813,0.13908,1.81839,1.14576,0.287,,0.01792,0.07707,0.675
1,42,hybrid,HYBRID_ALPHA0.7_BETA0.3,0.7,0.3,50,0.0,1.06842,0.70991,0.17854,1.81512,1.14469,0.28201,,0.01749,0.0794,0.7
1,42,hybrid,HYBRID_ALPHA0.8_BETA0.2,0.8,0.2,50,0.0,1.07121,0.71972,0.18043,1.82169,1.14587,0.28494,,0.01773,0.07855,0.75
1,42,hybrid,HYBRID_ALPHA0.9_BETA0.1,0.9,0.1,50,0.0,1.0207,0.69714,0.16923,1.80391,1.13831,0.27845,,0.01752,0.07977,0.7
1,42,hybrid,HYBRID_ALPHA0.1_BETA0.9,0.1,0.9,100,1.0,1.28865,0.74263,0.2272,1.04005,0.84088,0.50262,,0.03124,0.05237,0.725
1,42,hybrid,HYBRID_ALPHA0.2_BETA0.8,0.2,0.8,100,1.0,1.04372,0.69954,0.2236,0.84919,0.62456,0.12447,,0.00885,0.02691,0.625
1,42,hybrid,HYBRID_ALPHA0.3_BETA0.7,0.3,0.7,100,1.0,1.37458,0.76632,0.24046,0.76015,0.61547,0.12616,,0.00887,0.02693,0.625
1,42,hybrid,HYBRID_ALPHA0.4_BETA0.6,0.4,0.6,100,1.0,1.32098,0.76393,0.23453,0.71811,0.61029,0.12706,,0.00863,0.02694,0.65
1,42,hybrid,HYBRID_ALPHA0.5_BETA0.5,0.5,0.5,100,1.0,1.30946,0.76093,0.23241,0.67095,0.60262,0.12704,,0.00832,0.02702,0.625
1,42,hybrid,HYBRID_ALPHA0.6_BETA0.4,0.6,0.4,100,1.0,1.3141,0.76325,0.23234,0.60331,0.58669,0.12461,,0.00802,0.02804,0.575
1,42,hybrid,HYBRID_ALPHA0.7_BETA0.3,0.7,0.3,100,1.0,1.3022,0.76222,0.23031,0.59119,0.58367,0.12504,,0.00811,0.02879,0.575
1,42,hybrid,HYBRID_ALPHA0.8_BETA0.2,0.8,0.2,100,1.0,1.28835,0.75974,0.22733,0.70393,0.59326,0.12162,,0.00711,0.02571,0.6
1,42,hybrid,HYBRID_ALPHA0.9_BETA0.1,0.9,0.1,100,1.0,1.2721,0.75503,0.22267,0.55275,0.55528,0.10145,,0.00696,0.0232,0.65
1,42,hybrid,HYBRID_ALPHA0.1_BETA0.9,0.1,0.9,100,0.0,1.28865,0.74263,0.2272,1.75396,1.13114,0.27709,,0.01729,0.04246,0.7
1,42,hybrid,HYBRID_ALPHA0.2_BETA0.8,0.2,0.8,100,0.0,1.04372,0.69954,0.2236,1.54841,0.9815,0.09199,,0.00731,0.05442,0.65
1,42,hybrid,HYBRID_ALPHA0.3_BETA0.7,0.3,0.7,100,0.0,1.37458,0.76632,0.24046,1.49364,0.97989,0.09525,,0.00749,0.0566,0.575
1,42,hybrid,HYBRID_ALPHA0.4_BETA0.6,0.4,0.6,100,0.0,1.32098,0.76393,0.23453,1.47752,0.98204,0.09814,,0.0076,0.05828,0.6
1,42,hybrid,HYBRID_ALPHA0.5_BETA0.5,0.5,0.5,100,0.0,1.30946,0.76093,0.23241,1.43781,0.97978,0.10311,,0.00798,0.05956,0.625
1,42,hybrid,HYBRID_ALPHA0.6_BETA0.4,0.6,0.4,100,0.0,1.3141,0.76325,0.23234,1.37318,0.97295,0.10958,,0.00882,0.05965,0.675
1,42,hybrid,HYBRID_ALPHA0.7_BETA0.3,0.7,0.3,100,0.0,1.3022,0.76222,0.23031,1.36099,0.97205,0.11274,,0.00922,0.05994,0.625
1,42,hybrid,HYBRID_ALPHA0.8_BETA0.2,0.8,0.2,100,0.0,1.28835,0.75974,0.22733,1.40878,0.98858,0.12715,,0.01137,0.07422,0.7
1,42,hybrid,HYBRID_ALPHA0.9_BETA0.1,0.9,0.1,100,0.0,1.2721,0.75503,0.22267,1.66326,1.039,0.13095,,0.00981,0.07837,0.625
1,42,hybrid,HYBRID_ALPHA0.1_BETA0.9,0.1,0.9,300,1.0,0.77301,0.62044,0.14174,0.5346,0.59701,0.17324,,0.01291,0.02565,0.7
1,42,hybrid,HYBRID_ALPHA0.2_BETA0.8,0.2,0.8,300,1.0,0.74798,0.61736,0.13958,0.47474,0.56531,0.15568,,0.01203,0.02382,0.725
1,42,hybrid,HYBRID_ALPHA0.3_BETA0.7,0.3,0.7,300,1.0,0.7355,0.61003,0.14028,0.44611,0.54703,0.14777,,0.0121,0.02244,0.7
1,42,hybrid,HYBRID_ALPHA0.4_BETA0.6,0.4,0.6,300,1.0,0.72233,0.60348,0.13695,0.43155,0.53857,0.14002,,0.01183,0.02159,0.675
1,42,hybrid,HYBRID_ALPHA0.5_BETA0.5,0.5,0.5,300,1.0,0.70122,0.59352,0.13156,0.42082,0.52671,0.109,,0.00919,0.02056,0.7
1,42,hybrid,HYBRID_ALPHA0.6_BETA0.4,0.6,0.4,300,1.0,0.67438,0.57706,0.12412,0.40482,0.51752,0.10127,,0.00925,0.02017,0.725
1,42,hybrid,HYBRID_ALPHA0.7_BETA0.3,0.7,0.3,300,1.0,0.66849,0.57442,0.12216,0.39252,0.51096,0.09704,,0.00939,0.01965,0.75
1,42,hybrid,HYBRID_ALPHA0.8_BETA0.2,0.8,0.2,300,1.0,0.66451,0.57348,0.12,0.38894,0.51295,0.10214,,0.00969,0.01987,0.7
1,42,hybrid,HYBRID_ALPHA0.9_BETA0.1,0.9,0.1,300,1.0,0.69049,0.59305,0.12929,0.39302,0.52039,0.11382,,0.0101,0.0211,0.725
1,42,hybrid,HYBRID_ALPHA0.1_BETA0.9,0.1,0.9,300,0.0,0.77301,0.62044,0.14174,1.39033,0.97321,0.13536,,0.01182,0.04843,0.7
1,42,hybrid,HYBRID_ALPHA0.2_BETA0.8,0.2,0.8,300,0.0,0.74798,0.61736,0.13958,1.31066,0.94976,0.1245,,0.01122,0.0474,0.725
1,42,hybrid,HYBRID_ALPHA0.3_BETA0.7,0.3,0.7,300,0.0,0.7355,0.61003,0.14028,1.28233,0.94322,0.12301,,0.01109,0.04721,0.75
1,42,hybrid,HYBRID_ALPHA0.4_BETA0.6,0.4,0.6,300,0.0,0.72233,0.60348,0.13695,1.26883,0.9407,0.12122,,0.01096,0.04757,0.75
1,42,hybrid,HYBRID_ALPHA0.5_BETA0.5,0.5,0.5,300,0.0,0.70122,0.59352,0.13156,1.20279,0.90319,0.07377,,0.00863,0.0393,0.625
1,42,hybrid,HYBRID_ALPHA0.6_BETA0.4,0.6,0.4,300,0.0,0.67438,0.57706,0.12412,1.19081,0.89924,0.07407,,0.0087,0.04042,0.625
1,42,hybrid,HYBRID_ALPHA0.7_BETA0.3,0.7,0.3,300,0.0,0.66849,0.57442,0.12216,1.18697,0.90236,0.07812,,0.00891,0.04182,0.625
1,42,hybrid,HYBRID_ALPHA0.8_BETA0.2,0.8,0.2,300,0.0,0.66451,0.57348,0.12,1.19335,0.9084,0.08588,,0.00922,0.04397,0.65
1,42,hybrid,HYBRID_ALPHA0.9_BETA0.1,0.9,0.1,300,0.0,0.69049,0.59305,0.12929,1.19983,0.9121,0.09193,,0.00942,0.04581,0.725
1,42,hybrid,HYBRID_ALPHA0.1_BETA0.9,0.1,0.9,500,1.0,0.79612,0.66395,0.13931,0.49091,0.56689,0.11639,,0.00763,0.02207,0.7
1,42,hybrid,HYBRID_ALPHA0.2_BETA0.8,0.2,0.8,500,1.0,0.69067,0.60166,0.11409,0.43684,0.53545,0.09849,,0.00792,0.02129,0.725
1,42,hybrid,HYBRID_ALPHA0.3_BETA0.7,0.3,0.7,500,1.0,0.66039,0.57324,0.11305,0.3796,0.49252,0.04902,,0.00674,0.01458,0.7
1,42,hybrid,HYBRID_ALPHA0.4_BETA0.6,0.4,0.6,500,1.0,0.6537,0.56553,0.11431,0.36494,0.48426,0.04614,,0.00702,0.01469,0.7
1,42,hybrid,HYBRID_ALPHA0.5_BETA0.5,0.5,0.5,500,1.0,0.65402,0.5654,0.11534,0.35532,0.47979,0.04405,,0.0071,0.01473,0.725
1,42,hybrid,HYBRID_ALPHA0.6_BETA0.4,0.6,0.4,500,1.0,0.65341,0.5646,0.11556,0.34948,0.47789,0.04385,,0.00715,0.01488,0.65
1,42,hybrid,HYBRID_ALPHA0.7_BETA0.3,0.7,0.3,500,1.0,0.65414,0.56463,0.11594,0.342,0.46945,0.03323,,0.00689,0.01325,0.6
1,42,hybrid,HYBRID_ALPHA0.8_BETA0.2,0.8,0.2,500,1.0,0.65803,0.56734,0.11745,0.33812,0.46702,0.03279,,0.00696,0.01337,0.55
1,42,hybrid,HYBRID_ALPHA0.9_BETA0.1,0.9,0.1,500,1.0,0.66888,0.57304,0.12507,0.33778,0.4666,0.03236,,0.00691,0.01353,0.5
1,42,hybrid,HYBRID_ALPHA0.1_BETA0.9,0.1,0.9,500,0.0,0.79612,0.66395,0.13931,1.3214,0.93646,0.07031,,0.00793,0.037,0.625
1,42,hybrid,HYBRID_ALPHA0.2_BETA0.8,0.2,0.8,500,0.0,0.69067,0.60166,0.11409,1.24223,0.91203,0.06681,,0.00812,0.0388,0.6
1,42,hybrid,HYBRID_ALPHA0.3_BETA0.7,0.3,0.7,500,0.0,0.66039,0.57324,0.11305,1.14435,0.87086,0.0439,,0.00736,0.03763,0.6
1,42,hybrid,HYBRID_ALPHA0.4_BETA0.6,0.4,0.6,500,0.0,0.6537,0.56553,0.11431,1.13032,0.86959,0.04348,,0.00741,0.03827,0.6
1,42,hybrid,HYBRID_ALPHA0.5_BETA0.5,0.5,0.5,500,0.0,0.65402,0.5654,0.11534,1.12056,0.8684,0.0431,,0.00742,0.03883,0.6
1,42,hybrid,HYBRID_ALPHA0.6_BETA0.4,0.6,0.4,500,0.0,0.65341,0.5646,0.11556,1.11498,0.86812,0.04364,,0.00744,0.03948,0.6
1,42,hybrid,HYBRID_ALPHA0.7_BETA0.3,0.7,0.3,500,0.0,0.65414,0.56463,0.11594,1.09259,0.85783,0.02908,,0.00701,0.03793,0.575
1,42,hybrid,HYBRID_ALPHA0.8_BETA0.2,0.8,0.2,500,0.0,0.65803,0.56734,0.11745,1.08761,0.85796,0.02774,,0.00696,0.03807,0.6
1,42,hybrid,HYBRID_ALPHA0.9_BETA0.1,0.9,0.1,500,0.0,0.66888,0.57304,0.12507,1.08573,0.85904,0.02629,,0.00685,0.03829,0.65
1,42,mse,MSE,1.0,0.0,50,1.0,0.98707,0.68917,0.1677,0.9343,0.80492,0.47236,,0.0295,0.0473,0.675
1,42,mse,MSE,1.0,0.0,50,0.0,0.98707,0.68917,0.1677,1.85524,1.15848,0.29316,,0.01787,0.07707,0.75
1,42,mse,MSE,1.0,0.0,100,1.0,1.24504,0.74917,0.21841,0.56477,0.55433,0.10323,,0.0069,0.02515,0.575
1,42,mse,MSE,1.0,0.0,100,0.0,1.24504,0.74917,0.21841,1.62832,1.04668,0.15073,,0.01134,0.07262,0.7
1,42,mse,MSE,1.0,0.0,300,1.0,0.69767,0.59728,0.13078,0.4056,0.53291,0.13359,,0.01094,0.02325,0.75
1,42,mse,MSE,1.0,0.0,300,0.0,0.69767,0.59728,0.13078,1.20899,0.91646,0.09861,,0.00969,0.04775,0.7
1,42,mse,MSE,1.0,0.0,500,1.0,0.66692,0.57161,0.12429,0.33619,0.46642,0.03397,,0.00704,0.01383,0.575
1,42,mse,MSE,1.0,0.0,500,0.0,0.66692,0.57161,0.12429,1.08314,0.85933,0.02655,,0.00686,0.03884,0.65
2,43,hsic,HSIC,0.0,1.0,50,1.0,1.80206,0.90888,0.24893,1.17095,0.88877,0.33206,,0.01791,0.06141,0.775
2,43,hsic,HSIC,0.0,1.0,50,0.0,1.80206,0.90888,0.24893,1.54878,1.04787,0.17827,,0.01097,0.0433,0.575
2,43,hsic,HSIC,0.0,1.0,100,1.0,1.63953,0.94415,0.16938,1.20935,0.90427,0.24755,,0.01377,0.03521,0.725
2,43,hsic,HSIC,0.0,1.0,100,0.0,1.63953,0.94415,0.16938,1.51777,1.0211,0.14106,,0.0105,0.0402,0.65
2,43,hsic,HSIC,0.0,1.0,300,1.0,1.21175,0.88067,0.05815,1.18169,0.89005,0.1276,,0.00907,0.03835,0.75
2,43,hsic,HSIC,0.0,1.0,300,0.0,1.21175,0.88067,0.05815,1.65805,1.03564,0.09645,,0.00877,0.02445,0.55
2,43,hsic,HSIC,0.0,1.0,500,1.0,1.25725,0.88662,0.08323,0.94891,0.75176,0.10602,,0.0,0.04714,0.625
2,43,hsic,HSIC,0.0,1.0,500,0.0,1.25725,0.88662,0.08323,1.77101,1.07398,0.04333,,0.00162,0.01799,0.675
2,43,hybrid,HYBRID_ALPHA0.1_BETA0.9,0.1,0.9,50,1.0,0.76683,0.62186,0.14178,0.45991,0.55626,0.15022,,0.01166,0.02118,0.725
2,43,hybrid,HYBRID_ALPHA0.2_BETA0.8,0.2,0.8,50,1.0,1.0203,0.70093,0.178,0.42292,0.51379,0.0949,,0.00843,0.01978,0.675
2,43,hybrid,HYBRID_ALPHA0.3_BETA0.7,0.3,0.7,50,1.0,1.02048,0.69646,0.16886,0.40318,0.49456,0.05277,,0.00683,0.01794,0.625
2,43,hybrid,HYBRID_ALPHA0.4_BETA0.6,0.4,0.6,50,1.0,0.98896,0.69627,0.17321,0.43095,0.53677,0.14783,,0.01187,0.026,0.625
2,43,hybrid,HYBRID_ALPHA0.5_BETA0.5,0.5,0.5,50,1.0,1.01561,0.70665,0.17528,0.41244,0.52656,0.13152,,0.01081,0.02465,0.675
2,43,hybrid,HYBRID_ALPHA0.6_BETA0.4,0.6,0.4,50,1.0,1.00312,0.70241,0.18007,0.40373,0.51513,0.09949,,0.0087,0.02276,0.675
2,43,hybrid,HYBRID_ALPHA0.7_BETA0.3,0.7,0.3,50,1.0,1.0245,0.70106,0.17149,0.40904,0.52139,0.11114,,0.00855,0.02409,0.625
2,43,hybrid,HYBRID_ALPHA0.8_BETA0.2,0.8,0.2,50,1.0,1.01728,0.70011,0.17717,0.40563,0.52269,0.10955,,0.00842,0.02414,0.65
2,43,hybrid,HYBRID_ALPHA0.9_BETA0.1,0.9,0.1,50,1.0,1.02042,0.69981,0.17934,0.40521,0.52396,0.10866,,0.00769,0.02376,0.7
2,43,hybrid,HYBRID_ALPHA0.1_BETA0.9,0.1,0.9,50,0.0,0.76683,0.62186,0.14178,1.30834,0.9413,0.10122,,0.01016,0.05057,0.625
2,43,hybrid,HYBRID_ALPHA0.2_BETA0.8,0.2,0.8,50,0.0,1.0203,0.70093,0.178,1.23102,0.91302,0.09117,,0.00889,0.0497,0.625
2,43,hybrid,HYBRID_ALPHA0.3_BETA0.7,0.3,0.7,50,0.0,1.02048,0.69646,0.16886,1.18409,0.88248,0.05902,,0.00717,0.04593,0.725
2,43,hybrid,HYBRID_ALPHA0.4_BETA0.6,0.4,0.6,50,0.0,0.98896,0.69627,0.17321,1.30735,0.94224,0.12135,,0.01,0.0546,0.75
2,43,hybrid,HYBRID_ALPHA0.5_BETA0.5,0.5,0.5,50,0.0,1.01561,0.70665,0.17528,1.25672,0.92481,0.10605,,0.00908,0.05478,0.725
2,43,hybrid,HYBRID_ALPHA0.6_BETA0.4,0.6,0.4,50,0.0,1.00312,0.70241,0.18007,1.20196,0.89906,0.08278,,0.00783,0.05193,0.65
2,43,hybrid,HYBRID_ALPHA0.7_BETA0.3,0.7,0.3,50,0.0,1.0245,0.70106,0.17149,1.20046,0.89609,0.08037,,0.00737,0.05125,0.725
2,43,hybrid,HYBRID_ALPHA0.8_BETA0.2,0.8,0.2,50,0.0,1.01728,0.70011,0.17717,1.17992,0.88874,0.06872,,0.00696,0.04987,0.625
2,43,hybrid,HYBRID_ALPHA0.9_BETA0.1,0.9,0.1,50,0.0,1.02042,0.69981,0.17934,1.18759,0.8857,0.05942,,0.00629,0.04875,0.675
2,43,hybrid,HYBRID_ALPHA0.1_BETA0.9,0.1,0.9,100,1.0,1.49281,0.74661,0.16832,0.57585,0.6088,0.16713,,0.01038,0.022,0.7
2,43,hybrid,HYBRID_ALPHA0.2_BETA0.8,0.2,0.8,100,1.0,0.96226,0.67201,0.1672,0.65438,0.62968,0.13252,,0.00587,0.02191,0.775
2,43,hybrid,HYBRID_ALPHA0.3_BETA0.7,0.3,0.7,100,1.0,0.92962,0.66842,0.16487,0.57949,0.59111,0.09668,,0.00538,0.02239,0.775
2,43,hybrid,HYBRID_ALPHA0.4_BETA0.6,0.4,0.6,100,1.0,0.92425,0.67158,0.16621,0.57463,0.58814,0.07891,,0.00512,0.0261,0.675
2,43,hybrid,HYBRID_ALPHA0.5_BETA0.5,0.5,0.5,100,1.0,0.93135,0.67471,0.17129,0.46911,0.54876,0.10599,,0.00816,0.02298,0.75
2,43,hybrid,HYBRID_ALPHA0.6_BETA0.4,0.6,0.4,100,1.0,0.92393,0.66961,0.1667,0.44764,0.54004,0.10834,,0.00866,0.02295,0.775
2,43,hybrid,HYBRID_ALPHA0.7_BETA0.3,0.7,0.3,100,1.0,0.91243,0.66266,0.15994,0.43469,0.53384,0.10567,,0.00873,0.02297,0.8
2,43,hybrid,HYBRID_ALPHA0.8_BETA0.2,0.8,0.2,100,1.0,0.90406,0.6594,0.15657,0.42445,0.52829,0.10195,,0.00873,0.02298,0.8
2,43,hybrid,HYBRID_ALPHA0.9_BETA0.1,0.9,0.1,100,1.0,0.90016,0.65798,0.15609,0.4155,0.52335,0.09808,,0.00874,0.02287,0.75
2,43,hybrid,HYBRID_ALPHA0.1_BETA0.9,0.1,0.9,100,0.0,1.49281,0.74661,0.16832,1.45701,0.98227,0.10215,,0.00951,0.06178,0.675
2,43,hybrid,HYBRID_ALPHA0.2_BETA0.8,0.2,0.8,100,0.0,0.96226,0.67201,0.1672,1.47862,0.98321,0.09558,,0.00829,0.06282,0.75
2,43,hybrid,HYBRID_ALPHA0.3_BETA0.7,0.3,0.7,100,0.0,0.92962,0.66842,0.16487,1.37355,0.95358,0.08555,,0.00829,0.06399,0.825
2,43,hybrid,HYBRID_ALPHA0.4_BETA0.6,0.4,0.6,100,0.0,0.92425,0.67158,0.16621,1.29963,0.92894,0.07084,,0.00783,0.06208,0.775
2,43,hybrid,HYBRID_ALPHA0.5_BETA0.5,0.5,0.5,100,0.0,0.93135,0.67471,0.17129,1.259,0.91957,0.07685,,0.00844,0.06351,0.775
2,43,hybrid,HYBRID_ALPHA0.6_BETA0.4,0.6,0.4,100,0.0,0.92393,0.66961,0.1667,1.24931,0.91503,0.07658,,0.0085,0.06346,0.75
2,43,hybrid,HYBRID_ALPHA0.7_BETA0.3,0.7,0.3,100,0.0,0.91243,0.66266,0.15994,1.23922,0.91154,0.07493,,0.00846,0.06314,0.75
2,43,hybrid,HYBRID_ALPHA0.8_BETA0.2,0.8,0.2,100,0.0,0.90406,0.6594,0.15657,1.22669,0.90788,0.07304,,0.00843,0.06284,0.725
2,43,hybrid,HYBRID_ALPHA0.9_BETA0.1,0.9,0.1,100,0.0,0.90016,0.65798,0.15609,1.21345,0.90461,0.07191,,0.00843,0.06255,0.725
2,43,hybrid,HYBRID_ALPHA0.1_BETA0.9,0.1,0.9,300,1.0,0.81962,0.65987,0.1312,0.54132,0.59463,0.20252,,0.01492,0.02585,0.6
2,43,hybrid,HYBRID_ALPHA0.2_BETA0.8,0.2,0.8,300,1.0,0.78346,0.6306,0.13968,0.50862,0.57754,0.18742,,0.01397,0.02412,0.675
2,43,hybrid,HYBRID_ALPHA0.3_BETA0.7,0.3,0.7,300,1.0,0.73558,0.60762,0.12988,0.4833,0.5649,0.18007,,0.01356,0.02337,0.625
2,43,hybrid,HYBRID_ALPHA0.4_BETA0.6,0.4,0.6,300,1.0,0.73697,0.6061,0.13039,0.47814,0.56116,0.14415,,0.01115,0.02024,0.725
2,43,hybrid,HYBRID_ALPHA0.5_BETA0.5,0.5,0.5,300,1.0,0.7224,0.59644,0.12835,0.44144,0.543,0.12755,,0.01053,0.01958,0.675
2,43,hybrid,HYBRID_ALPHA0.6_BETA0.4,0.6,0.4,300,1.0,0.72658,0.59573,0.12963,0.40563,0.52177,0.10317,,0.00944,0.01796,0.625
2,43,hybrid,HYBRID_ALPHA0.7_BETA0.3,0.7,0.3,300,1.0,0.73808,0.59911,0.13242,0.38832,0.5119,0.09479,,0.00911,0.0175,0.65
2,43,hybrid,HYBRID_ALPHA0.8_BETA0.2,0.8,0.2,300,1.0,0.72896,0.59427,0.12931,0.37917,0.50657,0.09095,,0.00896,0.01735,0.625
2,43,hybrid,HYBRID_ALPHA0.9_BETA0.1,0.9,0.1,300,1.0,0.73757,0.59521,0.13211,0.37963,0.50619,0.09419,,0.00905,0.01755,0.675
2,43,hybrid,HYBRID_ALPHA0.1_BETA0.9,0.1,0.9,300,0.0,0.81962,0.65987,0.1312,1.46886,0.99579,0.16037,,0.0123,0.05661,0.75
2,43,hybrid,HYBRID_ALPHA0.2_BETA0.8,0.2,0.8,300,0.0,0.78346,0.6306,0.13968,1.42288,0.97906,0.14833,,0.01159,0.05549,0.725
2,43,hybrid,HYBRID_ALPHA0.3_BETA0.7,0.3,0.7,300,0.0,0.73558,0.60762,0.12988,1.39051,0.96796,0.14085,,0.01116,0.05484,0.725
2,43,hybrid,HYBRID_ALPHA0.4_BETA0.6,0.4,0.6,300,0.0,0.73697,0.6061,0.13039,1.35022,0.94547,0.0867,,0.00911,0.04545,0.675
2,43,hybrid,HYBRID_ALPHA0.5_BETA0.5,0.5,0.5,300,0.0,0.7224,0.59644,0.12835,1.29411,0.92732,0.07819,,0.00879,0.04583,0.725
2,43,hybrid,HYBRID_ALPHA0.6_BETA0.4,0.6,0.4,300,0.0,0.72658,0.59573,0.12963,1.24186,0.90954,0.07415,,0.00863,0.04662,0.725
2,43,hybrid,HYBRID_ALPHA0.7_BETA0.3,0.7,0.3,300,0.0,0.73808,0.59911,0.13242,1.22067,0.90292,0.07365,,0.00862,0.04715,0.675
2,43,hybrid,HYBRID_ALPHA0.8_BETA0.2,0.8,0.2,300,0.0,0.72896,0.59427,0.12931,1.20816,0.90134,0.07424,,0.00864,0.04769,0.75
2,43,hybrid,HYBRID_ALPHA0.9_BETA0.1,0.9,0.1,300,0.0,0.73757,0.59521,0.13211,1.20928,0.90433,0.08034,,0.00884,0.04876,0.75
2,43,hybrid,HYBRID_ALPHA0.1_BETA0.9,0.1,0.9,500,1.0,0.76154,0.68885,0.06614,0.62755,0.62903,0.17306,,0.00953,0.02329,0.675
2,43,hybrid,HYBRID_ALPHA0.2_BETA0.8,0.2,0.8,500,1.0,0.68192,0.58809,0.12541,0.5033,0.57582,0.14246,,0.00931,0.02298,0.675
2,43,hybrid,HYBRID_ALPHA0.3_BETA0.7,0.3,0.7,500,1.0,0.67289,0.57969,0.12422,0.44351,0.53892,0.11354,,0.00892,0.02175,0.7
2,43,hybrid,HYBRID_ALPHA0.4_BETA0.6,0.4,0.6,500,1.0,0.67752,0.58297,0.12761,0.40969,0.52224,0.09522,,0.00857,0.02065,0.75
2,43,hybrid,HYBRID_ALPHA0.5_BETA0.5,0.5,0.5,500,1.0,0.6702,0.578,0.12473,0.38536,0.50837,0.08341,,0.00836,0.01955,0.7
2,43,hybrid,HYBRID_ALPHA0.6_BETA0.4,0.6,0.4,500,1.0,0.66763,0.57528,0.12339,0.36622,0.49629,0.0757,,0.00829,0.01853,0.675
2,43,hybrid,HYBRID_ALPHA0.7_BETA0.3,0.7,0.3,500,1.0,0.66383,0.57332,0.12107,0.3491,0.48718,0.0701,,0.00832,0.01768,0.725
2,43,hybrid,HYBRID_ALPHA0.8_BETA0.2,0.8,0.2,500,1.0,0.66225,0.57289,0.1193,0.33805,0.48398,0.06783,,0.00842,0.01708,0.725
2,43,hybrid,HYBRID_ALPHA0.9_BETA0.1,0.9,0.1,500,1.0,0.66065,0.57224,0.11757,0.33324,0.48214,0.07012,,0.00866,0.01684,0.625
2,43,hybrid,HYBRID_ALPHA0.1_BETA0.9,0.1,0.9,500,0.0,0.76154,0.68885,0.06614,1.55134,1.00727,0.09076,,0.00819,0.03582,0.75
2,43,hybrid,HYBRID_ALPHA0.2_BETA0.8,0.2,0.8,500,0.0,0.68192,0.58809,0.12541,1.36953,0.95129,0.08157,,0.00839,0.03759,0.75
2,43,hybrid,HYBRID_ALPHA0.3_BETA0.7,0.3,0.7,500,0.0,0.67289,0.57969,0.12422,1.27546,0.92205,0.0737,,0.00835,0.03892,0.675
2,43,hybrid,HYBRID_ALPHA0.4_BETA0.6,0.4,0.6,500,0.0,0.67752,0.58297,0.12761,1.22099,0.90417,0.06804,,0.00823,0.03996,0.675
2,43,hybrid,HYBRID_ALPHA0.5_BETA0.5,0.5,0.5,500,0.0,0.6702,0.578,0.12473,1.18318,0.89062,0.06354,,0.00813,0.04071,0.675
2,43,hybrid,HYBRID_ALPHA0.6_BETA0.4,0.6,0.4,500,0.0,0.66763,0.57528,0.12339,1.15463,0.88425,0.05996,,0.00806,0.04118,0.725
2,43,hybrid,HYBRID_ALPHA0.7_BETA0.3,0.7,0.3,500,0.0,0.66383,0.57332,0.12107,1.12994,0.87879,0.05675,,0.00801,0.04161,0.7
2,43,hybrid,HYBRID_ALPHA0.8_BETA0.2,0.8,0.2,500,0.0,0.66225,0.57289,0.1193,1.11155,0.87421,0.05405,,0.00794,0.04187,0.725
2,43,hybrid,HYBRID_ALPHA0.9_BETA0.1,0.9,0.1,500,0.0,0.66065,0.57224,0.11757,1.10524,0.87402,0.05583,,0.00807,0.04278,0.725
2,43,mse,MSE,1.0,0.0,50,1.0,1.02162,0.70033,0.17969,0.43596,0.55132,0.15854,,0.01062,0.02739,0.575
2,43,mse,MSE,1.0,0.0,50,0.0,1.02162,0.70033,0.17969,1.21084,0.90198,0.0826,,0.00726,0.05116,0.65
2,43,mse,MSE,1.0,0.0,100,1.0,0.89529,0.65523,0.15546,0.4263,0.52448,0.08576,,0.00825,0.02511,0.725
2,43,mse,MSE,1.0,0.0,100,0.0,0.89529,0.65523,0.15546,1.25901,0.92272,0.07892,,0.00874,0.06447,0.725
2,43,mse,MSE,1.0,0.0,300,1.0,0.71907,0.58734,0.1269,0.40485,0.52282,0.12631,,0.01062,0.01972,0.675
2,43,mse,MSE,1.0,0.0,300,0.0,0.71907,0.58734,0.1269,1.24922,0.92227,0.10296,,0.00972,0.05207,0.725
2,43,mse,MSE,1.0,0.0,500,1.0,0.6593,0.57208,0.11643,0.33018,0.48058,0.07293,,0.00894,0.01671,0.725
2,43,mse,MSE,1.0,0.0,500,0.0,0.6593,0.57208,0.11643,1.10157,0.87446,0.05745,,0.00818,0.04338,0.725
3,44,hsic,HSIC,0.0,1.0,50,1.0,1.47977,0.95126,0.18777,1.08469,0.85624,0.51533,,0.03212,0.06835,0.625
3,44,hsic,HSIC,0.0,1.0,50,0.0,1.47977,0.95126,0.18777,1.7856,1.14114,0.28537,,0.01782,0.03659,0.6
3,44,hsic,HSIC,0.0,1.0,100,1.0,1.22505,0.8524,0.16,1.08402,0.85281,0.50968,,0.03121,0.04657,0.675
3,44,hsic,HSIC,0.0,1.0,100,0.0,1.22505,0.8524,0.16,1.75656,1.13046,0.27495,,0.01698,0.04399,0.7
3,44,hsic,HSIC,0.0,1.0,300,1.0,1.94961,0.87954,0.2879,1.43348,1.02015,0.13723,,0.00676,0.02648,0.625
3,44,hsic,HSIC,0.0,1.0,300,0.0,1.94961,0.87954,0.2879,1.71623,1.06391,0.09438,,0.00825,0.02501,0.55
3,44,hsic,HSIC,0.0,1.0,500,1.0,1.56734,0.96747,0.07545,1.05412,0.80133,0.10689,,0.00256,0.03977,0.75
3,44,hsic,HSIC,0.0,1.0,500,0.0,1.56734,0.96747,0.07545,1.58134,1.03304,0.11339,,0.00894,0.02588,0.5
3,44,hybrid,HYBRID_ALPHA0.1_BETA0.9,0.1,0.9,50,1.0,7.08722,0.94885,0.19588,1.07614,0.85182,0.51189,,0.03136,0.05848,0.675
3,44,hybrid,HYBRID_ALPHA0.2_BETA0.8,0.2,0.8,50,1.0,1.22565,0.75112,0.1927,0.96557,0.8178,0.48743,,0.03095,0.05326,0.65
3,44,hybrid,HYBRID_ALPHA0.3_BETA0.7,0.3,0.7,50,1.0,1.33645,0.77826,0.18701,0.99647,0.82822,0.49732,,0.03138,0.05408,0.675
3,44,hybrid,HYBRID_ALPHA0.4_BETA0.6,0.4,0.6,50,1.0,1.16652,0.76612,0.2073,1.01191,0.83245,0.49858,,0.03142,0.0544,0.675
3,44,hybrid,HYBRID_ALPHA0.5_BETA0.5,0.5,0.5,50,1.0,1.1243,0.76309,0.20036,1.03915,0.8429,0.50971,,0.0321,0.05551,0.7
3,44,hybrid,HYBRID_ALPHA0.6_BETA0.4,0.6,0.4,50,1.0,1.12309,0.75992,0.20435,1.09834,0.86136,0.52618,,0.0328,0.05785,0.7
3,44,hybrid,HYBRID_ALPHA0.7_BETA0.3,0.7,0.3,50,1.0,1.06618,0.74382,0.18589,1.15066,0.87706,0.53824,,0.03336,0.06042,0.625
3,44,hybrid,HYBRID_ALPHA0.8_BETA0.2,0.8,0.2,50,1.0,1.15469,0.78218,0.21429,1.15112,0.87718,0.53828,,0.03336,0.06041,0.625
3,44,hybrid,HYBRID_ALPHA0.9_BETA0.1,0.9,0.1,50,1.0,1.35758,0.81661,0.24308,1.15084,0.87717,0.53831,,0.03337,0.06042,0.625
3,44,hybrid,HYBRID_ALPHA0.1_BETA0.9,0.1,0.9,50,0.0,7.08722,0.94885,0.19588,1.86249,1.16089,0.29925,,0.01813,0.03421,0.7
3,44,hybrid,HYBRID_ALPHA0.2_BETA0.8,0.2,0.8,50,0.0,1.22565,0.75112,0.1927,1.82466,1.1509,0.29234,,0.01807,0.03354,0.7
3,44,hybrid,HYBRID_ALPHA0.3_BETA0.7,0.3,0.7,50,0.0,1.33645,0.77826,0.18701,1.83501,1.15393,0.29466,,0.01815,0.03348,0.7
3,44,hybrid,HYBRID_ALPHA0.4_BETA0.6,0.4,0.6,50,0.0,1.16652,0.76612,0.2073,1.85533,1.15715,0.2944,,0.01807,0.03345,0.7
3,44,hybrid,HYBRID_ALPHA0.5_BETA0.5,0.5,0.5,50,0.0,1.1243,0.76309,0.20036,1.84138,1.15673,0.29806,,0.01839,0.03356,0.7
3,44,hybrid,HYBRID_ALPHA0.6_BETA0.4,0.6,0.4,50,0.0,1.12309,0.75992,0.20435,1.86498,1.16357,0.30375,,0.01855,0.03369,0.7
3,44,hybrid,HYBRID_ALPHA0.7_BETA0.3,0.7,0.3,50,0.0,1.06618,0.74382,0.18589,1.8976,1.17248,0.30997,,0.0188,0.03427,0.7
3,44,hybrid,HYBRID_ALPHA0.8_BETA0.2,0.8,0.2,50,0.0,1.15469,0.78218,0.21429,1.89813,1.17259,0.31001,,0.0188,0.03427,0.7
3,44,hybrid,HYBRID_ALPHA0.9_BETA0.1,0.9,0.1,50,0.0,1.35758,0.81661,0.24308,1.89705,1.17229,0.3098,,0.01878,0.03425,0.7
3,44,hybrid,HYBRID_ALPHA0.1_BETA0.9,0.1,0.9,100,1.0,0.9573,0.63998,0.15232,0.66237,0.64793,0.19336,,0.01212,0.0226,0.6
3,44,hybrid,HYBRID_ALPHA0.2_BETA0.8,0.2,0.8,100,1.0,1.277,0.74714,0.23831,0.52387,0.59115,0.18934,,0.01277,0.02453,0.55
3,44,hybrid,HYBRID_ALPHA0.3_BETA0.7,0.3,0.7,100,1.0,1.24093,0.74907,0.23714,0.48336,0.56662,0.16118,,0.01134,0.02209,0.625
3,44,hybrid,HYBRID_ALPHA0.4_BETA0.6,0.4,0.6,100,1.0,1.28182,0.76321,0.24174,0.48787,0.57135,0.16972,,0.01234,0.02267,0.575
3,44,hybrid,HYBRID_ALPHA0.5_BETA0.5,0.5,0.5,100,1.0,1.25328,0.75709,0.23395,0.47886,0.56398,0.15198,,0.01075,0.02105,0.55
3,44,hybrid,HYBRID_ALPHA0.6_BETA0.4,0.6,0.4,100,1.0,1.23264,0.74846,0.22392,0.4637,0.5553,0.14309,,0.01037,0.02054,0.575
3,44,hybrid,HYBRID_ALPHA0.7_BETA0.3,0.7,0.3,100,1.0,1.20793,0.73903,0.21533,0.44664,0.5459,0.13166,,0.00976,0.01974,0.625
3,44,hybrid,HYBRID_ALPHA0.8_BETA0.2,0.8,0.2,100,1.0,0.79694,0.61603,0.13658,0.43206,0.53796,0.12124,,0.0092,0.01882,0.6
3,44,hybrid,HYBRID_ALPHA0.9_BETA0.1,0.9,0.1,100,1.0,1.16247,0.72192,0.20159,0.4188,0.52011,0.09336,,0.00688,0.01672,0.575
3,44,hybrid,HYBRID_ALPHA0.1_BETA0.9,0.1,0.9,100,0.0,0.9573,0.63998,0.15232,1.52738,1.01071,0.12558,,0.01076,0.04994,0.7
3,44,hybrid,HYBRID_ALPHA0.2_BETA0.8,0.2,0.8,100,0.0,1.277,0.74714,0.23831,1.39377,0.9794,0.13299,,0.01127,0.05698,0.65
3,44,hybrid,HYBRID_ALPHA0.3_BETA0.7,0.3,0.7,100,0.0,1.24093,0.74907,0.23714,1.32661,0.94998,0.11219,,0.0102,0.05479,0.775
3,44,hybrid,HYBRID_ALPHA0.4_BETA0.6,0.4,0.6,100,0.0,1.28182,0.76321,0.24174,1.31973,0.949,0.11495,,0.01044,0.05524,0.775
3,44,hybrid,HYBRID_ALPHA0.5_BETA0.5,0.5,0.5,100,0.0,1.25328,0.75709,0.23395,1.29008,0.94095,0.1041,,0.00986,0.05428,0.775
3,44,hybrid,HYBRID_ALPHA0.6_BETA0.4,0.6,0.4,100,0.0,1.23264,0.74846,0.22392,1.28012,0.93726,0.10351,,0.00988,0.05442,0.775
3,44,hybrid,HYBRID_ALPHA0.7_BETA0.3,0.7,0.3,100,0.0,1.20793,0.73903,0.21533,1.26657,0.93264,0.10167,,0.00983,0.05453,0.75
3,44,hybrid,HYBRID_ALPHA0.8_BETA0.2,0.8,0.2,100,0.0,0.79694,0.61603,0.13658,1.25135,0.92762,0.09849,,0.00971,0.05427,0.7
3,44,hybrid,HYBRID_ALPHA0.9_BETA0.1,0.9,0.1,100,0.0,1.16247,0.72192,0.20159,1.20999,0.91114,0.07061,,0.00767,0.05123,0.725
3,44,hybrid,HYBRID_ALPHA0.1_BETA0.9,0.1,0.9,300,1.0,0.73642,0.66347,0.12146,0.45367,0.54622,0.11883,,0.00982,0.01697,0.7
3,44,hybrid,HYBRID_ALPHA0.2_BETA0.8,0.2,0.8,300,1.0,0.67648,0.59741,0.13372,0.42298,0.52997,0.11254,,0.00985,0.01662,0.65
3,44,hybrid,HYBRID_ALPHA0.3_BETA0.7,0.3,0.7,300,1.0,0.65758,0.57727,0.13881,0.41251,0.52419,0.11144,,0.00998,0.01641,0.6
3,44,hybrid,HYBRID_ALPHA0.4_BETA0.6,0.4,0.6,300,1.0,0.65286,0.57361,0.13744,0.40529,0.52097,0.11198,,0.00999,0.01649,0.575
3,44,hybrid,HYBRID_ALPHA0.5_BETA0.5,0.5,0.5,300,1.0,0.64872,0.57048,0.13596,0.40085,0.52155,0.11832,,0.01014,0.01745,0.65
3,44,hybrid,HYBRID_ALPHA0.6_BETA0.4,0.6,0.4,300,1.0,0.64757,0.57006,0.13614,0.40114,0.52245,0.12154,,0.01033,0.01766,0.575
3,44,hybrid,HYBRID_ALPHA0.7_BETA0.3,0.7,0.3,300,1.0,0.64634,0.56942,0.13599,0.4023,0.52404,0.12677,,0.01066,0.0181,0.625
3,44,hybrid,HYBRID_ALPHA0.8_BETA0.2,0.8,0.2,300,1.0,0.63978,0.56675,0.1318,0.40585,0.52546,0.12864,,0.01087,0.01788,0.625
3,44,hybrid,HYBRID_ALPHA0.9_BETA0.1,0.9,0.1,300,1.0,0.63729,0.56539,0.13095,0.35552,0.49407,0.09135,,0.01009,0.01572,0.65
3,44,hybrid,HYBRID_ALPHA0.1_BETA0.9,0.1,0.9,300,0.0,0.73642,0.66347,0.12146,1.29386,0.93171,0.09593,,0.00935,0.0462,0.75
3,44,hybrid,HYBRID_ALPHA0.2_BETA0.8,0.2,0.8,300,0.0,0.67648,0.59741,0.13372,1.25894,0.92221,0.09423,,0.00924,0.04585,0.775
3,44,hybrid,HYBRID_ALPHA0.3_BETA0.7,0.3,0.7,300,0.0,0.65758,0.57727,0.13881,1.24967,0.92004,0.09494,,0.00925,0.04562,0.775
3,44,hybrid,HYBRID_ALPHA0.4_BETA0.6,0.4,0.6,300,0.0,0.65286,0.57361,0.13744,1.24468,0.91853,0.09608,,0.00922,0.04576,0.7
3,44,hybrid,HYBRID_ALPHA0.5_BETA0.5,0.5,0.5,300,0.0,0.64872,0.57048,0.13596,1.2472,0.92194,0.10276,,0.00941,0.04734,0.7
3,44,hybrid,HYBRID_ALPHA0.6_BETA0.4,0.6,0.4,300,0.0,0.64757,0.57006,0.13614,1.25057,0.92377,0.10506,,0.0095,0.0476,0.8
3,44,hybrid,HYBRID_ALPHA0.7_BETA0.3,0.7,0.3,300,0.0,0.64634,0.56942,0.13599,1.25449,0.92624,0.10813,,0.00966,0.04815,0.8
3,44,hybrid,HYBRID_ALPHA0.8_BETA0.2,0.8,0.2,300,0.0,0.63978,0.56675,0.1318,1.25705,0.92607,0.10674,,0.00963,0.04749,0.7
3,44,hybrid,HYBRID_ALPHA0.9_BETA0.1,0.9,0.1,300,0.0,0.63729,0.56539,0.13095,1.14564,0.88631,0.06404,,0.00862,0.04321,0.65
3,44,hybrid,HYBRID_ALPHA0.1_BETA0.9,0.1,0.9,500,1.0,0.7256,0.6176,0.12056,0.55623,0.60913,0.18405,,0.01386,0.02304,0.675
3,44,hybrid,HYBRID_ALPHA0.2_BETA0.8,0.2,0.8,500,1.0,0.72999,0.60374,0.12545,0.52119,0.59022,0.1804,,0.01391,0.02269,0.675
3,44,hybrid,HYBRID_ALPHA0.3_BETA0.7,0.3,0.7,500,1.0,0.69609,0.58951,0.11544,0.48472,0.56787,0.16759,,0.01321,0.02158,0.625
3,44,hybrid,HYBRID_ALPHA0.4_BETA0.6,0.4,0.6,500,1.0,0.68693,0.58609,0.11108,0.42848,0.53357,0.115,,0.0096,0.02282,0.775
3,44,hybrid,HYBRID_ALPHA0.5_BETA0.5,0.5,0.5,500,1.0,0.69114,0.58684,0.11202,0.42041,0.5297,0.11269,,0.0097,0.02277,0.775
3,44,hybrid,HYBRID_ALPHA0.6_BETA0.4,0.6,0.4,500,1.0,0.68331,0.5814,0.11184,0.4101,0.52427,0.10683,,0.00948,0.02235,0.775
3,44,hybrid,HYBRID_ALPHA0.7_BETA0.3,0.7,0.3,500,1.0,0.67942,0.58025,0.11248,0.40122,0.51935,0.10198,,0.00928,0.02197,0.725
3,44,hybrid,HYBRID_ALPHA0.8_BETA0.2,0.8,0.2,500,1.0,0.67514,0.58184,0.11031,0.39484,0.51636,0.09952,,0.00919,0.02177,0.675
3,44,hybrid,HYBRID_ALPHA0.9_BETA0.1,0.9,0.1,500,1.0,0.67099,0.58034,0.11028,0.40009,0.5217,0.11163,,0.00984,0.02212,0.725
3,44,hybrid,HYBRID_ALPHA0.1_BETA0.9,0.1,0.9,500,0.0,0.7256,0.6176,0.12056,1.4701,0.99429,0.13695,,0.01196,0.04953,0.8
3,44,hybrid,HYBRID_ALPHA0.2_BETA0.8,0.2,0.8,500,0.0,0.72999,0.60374,0.12545,1.42918,0.98354,0.13587,,0.01194,0.05015,0.85
3,44,hybrid,HYBRID_ALPHA0.3_BETA0.7,0.3,0.7,500,0.0,0.69609,0.58951,0.11544,1.38295,0.96779,0.12861,,0.01146,0.05041,0.8
3,44,hybrid,HYBRID_ALPHA0.4_BETA0.6,0.4,0.6,500,0.0,0.68693,0.58609,0.11108,1.28979,0.92629,0.08116,,0.00889,0.04594,0.725
3,44,hybrid,HYBRID_ALPHA0.5_BETA0.5,0.5,0.5,500,0.0,0.69114,0.58684,0.11202,1.27817,0.92259,0.08228,,0.00896,0.04651,0.75
3,44,hybrid,HYBRID_ALPHA0.6_BETA0.4,0.6,0.4,500,0.0,0.68331,0.5814,0.11184,1.26329,0.9174,0.08107,,0.00892,0.04693,0.7
3,44,hybrid,HYBRID_ALPHA0.7_BETA0.3,0.7,0.3,500,0.0,0.67942,0.58025,0.11248,1.24901,0.91381,0.0797,,0.00887,0.04736,0.7
3,44,hybrid,HYBRID_ALPHA0.8_BETA0.2,0.8,0.2,500,0.0,0.67514,0.58184,0.11031,1.23928,0.91143,0.07902,,0.00885,0.04781,0.725
3,44,hybrid,HYBRID_ALPHA0.9_BETA0.1,0.9,0.1,500,0.0,0.67099,0.58034,0.11028,1.25203,0.91816,0.08525,,0.00913,0.04851,0.75
3,44,mse,MSE,1.0,0.0,50,1.0,1.37513,0.81754,0.24938,1.10812,0.8647,0.52917,,0.03301,0.05827,0.625
3,44,mse,MSE,1.0,0.0,50,0.0,1.37513,0.81754,0.24938,1.86639,1.16373,0.30403,,0.01855,0.03362,0.7
3,44,mse,MSE,1.0,0.0,100,1.0,0.90679,0.64102,0.15243,0.4086,0.51361,0.08793,,0.00685,0.01625,0.625
3,44,mse,MSE,1.0,0.0,100,0.0,0.90679,0.64102,0.15243,1.21959,0.91264,0.07278,,0.00772,0.05141,0.75
3,44,mse,MSE,1.0,0.0,300,1.0,0.63553,0.56424,0.12993,0.3521,0.49247,0.09024,,0.01014,0.01571,0.675
3,44,mse,MSE,1.0,0.0,300,0.0,0.63553,0.56424,0.12993,1.13868,0.88385,0.06245,,0.00857,0.04319,0.675
3,44,mse,MSE,1.0,0.0,500,1.0,0.66743,0.57927,0.11037,0.39757,0.52173,0.11397,,0.00998,0.02235,0.8
3,44,mse,MSE,1.0,0.0,500,0.0,0.66743,0.57927,0.11037,1.24759,0.91807,0.08671,,0.00922,0.04926,0.725
4,45,hsic,HSIC,0.0,1.0,50,1.0,2.04558,0.89279,0.27989,1.16959,0.87888,0.52497,,0.03204,0.07005,0.625
4,45,hsic,HSIC,0.0,1.0,50,0.0,2.04558,0.89279,0.27989,1.87584,1.16514,0.30326,,0.0183,0.03641,0.575
4,45,hsic,HSIC,0.0,1.0,100,1.0,1.91165,0.91354,0.25532,1.07726,0.8538,0.51298,,0.03191,0.05871,0.75
4,45,hsic,HSIC,0.0,1.0,100,0.0,1.91165,0.91354,0.25532,1.7488,1.12987,0.27721,,0.0174,0.03382,0.625
4,45,hsic,HSIC,0.0,1.0,300,1.0,1.53165,0.94217,0.06107,1.00127,0.79775,0.20819,,0.00821,0.04888,0.725
4,45,hsic,HSIC,0.0,1.0,300,0.0,1.53165,0.94217,0.06107,1.47321,1.0002,0.11499,,0.0079,0.02713,0.65
4,45,hsic,HSIC,0.0,1.0,500,1.0,1.04848,0.82758,0.05807,1.35619,0.96615,0.14359,,0.0089,0.04439,0.675
4,45,hsic,HSIC,0.0,1.0,500,0.0,1.04848,0.82758,0.05807,1.74185,1.04702,0.11141,,0.01033,0.02248,0.65
4,45,hybrid,HYBRID_ALPHA0.1_BETA0.9,0.1,0.9,50,1.0,1.33366,0.77008,0.21668,0.42526,0.5328,0.10542,,0.00942,0.03473,0.625
4,45,hybrid,HYBRID_ALPHA0.2_BETA0.8,0.2,0.8,50,1.0,1.13958,0.69675,0.20102,0.45164,0.56693,0.18265,,0.01332,0.04038,0.575
4,45,hybrid,HYBRID_ALPHA0.3_BETA0.7,0.3,0.7,50,1.0,1.25939,0.74039,0.20903,0.45922,0.57317,0.18172,,0.01285,0.03861,0.575
4,45,hybrid,HYBRID_ALPHA0.4_BETA0.6,0.4,0.6,50,1.0,1.13889,0.74378,0.26461,1.08186,0.84796,0.4934,,0.02947,0.06389,0.7
4,45,hybrid,HYBRID_ALPHA0.5_BETA0.5,0.5,0.5,50,1.0,0.99366,0.69127,0.24362,1.0695,0.84383,0.49205,,0.02925,0.06272,0.7
4,45,hybrid,HYBRID_ALPHA0.6_BETA0.4,0.6,0.4,50,1.0,0.86346,0.66234,0.18349,1.07066,0.84391,0.49207,,0.02916,0.06215,0.7
4,45,hybrid,HYBRID_ALPHA0.7_BETA0.3,0.7,0.3,50,1.0,0.77553,0.6377,0.19061,1.13852,0.85762,0.49365,,0.02805,0.06347,0.675
4,45,hybrid,HYBRID_ALPHA0.8_BETA0.2,0.8,0.2,50,1.0,0.77727,0.64199,0.18294,1.13396,0.85686,0.49399,,0.02809,0.06241,0.675
4,45,hybrid,HYBRID_ALPHA0.9_BETA0.1,0.9,0.1,50,1.0,0.73858,0.62514,0.15456,1.05018,0.82746,0.46359,,0.02621,0.05887,0.675
4,45,hybrid,HYBRID_ALPHA0.1_BETA0.9,0.1,0.9,50,0.0,1.33366,0.77008,0.21668,1.28837,0.94348,0.12111,,0.01068,0.04769,0.65
4,45,hybrid,HYBRID_ALPHA0.2_BETA0.8,0.2,0.8,50,0.0,1.13958,0.69675,0.20102,1.40858,1.01047,0.18701,,0.01355,0.05373,0.625
4,45,hybrid,HYBRID_ALPHA0.3_BETA0.7,0.3,0.7,50,0.0,1.25939,0.74039,0.20903,1.38929,1.0039,0.17574,,0.01268,0.05329,0.7
4,45,hybrid,HYBRID_ALPHA0.4_BETA0.6,0.4,0.6,50,0.0,1.13889,0.74378,0.26461,1.89473,1.16522,0.30114,,0.01772,0.05414,0.65
4,45,hybrid,HYBRID_ALPHA0.5_BETA0.5,0.5,0.5,50,0.0,0.99366,0.69127,0.24362,1.88293,1.16167,0.29852,,0.01756,0.05442,0.65
4,45,hybrid,HYBRID_ALPHA0.6_BETA0.4,0.6,0.4,50,0.0,0.86346,0.66234,0.18349,1.88422,1.16157,0.2984,,0.01752,0.05458,0.625
4,45,hybrid,HYBRID_ALPHA0.7_BETA0.3,0.7,0.3,50,0.0,0.77553,0.6377,0.19061,2.00768,1.18439,0.30914,,0.01698,0.05488,0.725
4,45,hybrid,HYBRID_ALPHA0.8_BETA0.2,0.8,0.2,50,0.0,0.77727,0.64199,0.18294,1.99582,1.18184,0.30806,,0.017,0.05509,0.675
4,45,hybrid,HYBRID_ALPHA0.9_BETA0.1,0.9,0.1,50,0.0,0.73858,0.62514,0.15456,1.92724,1.16321,0.28975,,0.01599,0.05531,0.65
4,45,hybrid,HYBRID_ALPHA0.1_BETA0.9,0.1,0.9,100,1.0,1.13492,0.82014,0.10364,1.01862,0.83528,0.50405,,0.03153,0.05608,0.775
4,45,hybrid,HYBRID_ALPHA0.2_BETA0.8,0.2,0.8,100,1.0,1.03931,0.69825,0.19178,0.59912,0.60685,0.1595,,0.00888,0.03005,0.6
4,45,hybrid,HYBRID_ALPHA0.3_BETA0.7,0.3,0.7,100,1.0,0.90567,0.6576,0.15736,0.47475,0.54795,0.11506,,0.00716,0.02457,0.625
4,45,hybrid,HYBRID_ALPHA0.4_BETA0.6,0.4,0.6,100,1.0,1.01262,0.66592,0.14761,0.43421,0.52801,0.09806,,0.00731,0.02206,0.65
4,45,hybrid,HYBRID_ALPHA0.5_BETA0.5,0.5,0.5,100,1.0,0.96892,0.65632,0.14709,0.43737,0.53198,0.10284,,0.00808,0.02528,0.625
4,45,hybrid,HYBRID_ALPHA0.6_BETA0.4,0.6,0.4,100,1.0,0.95214,0.64805,0.1432,0.4426,0.5353,0.11188,,0.00854,0.0258,0.6
4,45,hybrid,HYBRID_ALPHA0.7_BETA0.3,0.7,0.3,100,1.0,0.93465,0.6434,0.14524,0.44092,0.53345,0.11304,,0.00867,0.02665,0.575
4,45,hybrid,HYBRID_ALPHA0.8_BETA0.2,0.8,0.2,100,1.0,0.93387,0.64016,0.14426,0.469,0.52917,0.07164,,0.00531,0.01887,0.6
4,45,hybrid,HYBRID_ALPHA0.9_BETA0.1,0.9,0.1,100,1.0,0.90968,0.63351,0.14142,0.45912,0.53123,0.08933,,0.00639,0.02322,0.575
4,45,hybrid,HYBRID_ALPHA0.1_BETA0.9,0.1,0.9,100,0.0,1.13492,0.82014,0.10364,1.73465,1.12491,0.2732,,0.01713,0.03458,0.7
4,45,hybrid,HYBRID_ALPHA0.2_BETA0.8,0.2,0.8,100,0.0,1.03931,0.69825,0.19178,1.32744,0.93307,0.07969,,0.00724,0.04404,0.575
4,45,hybrid,HYBRID_ALPHA0.3_BETA0.7,0.3,0.7,100,0.0,0.90567,0.6576,0.15736,1.20308,0.89606,0.05205,,0.00689,0.04569,0.625
4,45,hybrid,HYBRID_ALPHA0.4_BETA0.6,0.4,0.6,100,0.0,1.01262,0.66592,0.14761,1.18722,0.89229,0.04627,,0.00708,0.04551,0.575
4,45,hybrid,HYBRID_ALPHA0.5_BETA0.5,0.5,0.5,100,0.0,0.96892,0.65632,0.14709,1.20723,0.90162,0.06352,,0.00789,0.04934,0.575
4,45,hybrid,HYBRID_ALPHA0.6_BETA0.4,0.6,0.4,100,0.0,0.95214,0.64805,0.1432,1.22118,0.90428,0.06693,,0.00796,0.04895,0.55
4,45,hybrid,HYBRID_ALPHA0.7_BETA0.3,0.7,0.3,100,0.0,0.93465,0.6434,0.14524,1.21712,0.90449,0.06736,,0.00794,0.04934,0.575
4,45,hybrid,HYBRID_ALPHA0.8_BETA0.2,0.8,0.2,100,0.0,0.93387,0.64016,0.14426,1.24573,0.90247,0.03274,,0.00415,0.04437,0.55
4,45,hybrid,HYBRID_ALPHA0.9_BETA0.1,0.9,0.1,100,0.0,0.90968,0.63351,0.14142,1.25746,0.90192,0.05057,,0.00493,0.0408,0.65
4,45,hybrid,HYBRID_ALPHA0.1_BETA0.9,0.1,0.9,300,1.0,0.7163,0.61582,0.11761,0.65653,0.64259,0.17294,,0.01171,0.01999,0.8
4,45,hybrid,HYBRID_ALPHA0.2_BETA0.8,0.2,0.8,300,1.0,0.71122,0.59871,0.12363,0.55511,0.59452,0.14986,,0.01111,0.01894,0.775
4,45,hybrid,HYBRID_ALPHA0.3_BETA0.7,0.3,0.7,300,1.0,0.69106,0.58217,0.113,0.44802,0.54126,0.11412,,0.00979,0.01637,0.725
4,45,hybrid,HYBRID_ALPHA0.4_BETA0.6,0.4,0.6,300,1.0,0.68652,0.58184,0.11107,0.46932,0.55325,0.12841,,0.01065,0.01803,0.675
4,45,hybrid,HYBRID_ALPHA0.5_BETA0.5,0.5,0.5,300,1.0,0.67885,0.57844,0.11186,0.44541,0.54025,0.1159,,0.01002,0.01759,0.725
4,45,hybrid,HYBRID_ALPHA0.6_BETA0.4,0.6,0.4,300,1.0,0.67911,0.58087,0.11228,0.42717,0.53038,0.10587,,0.00951,0.01725,0.725
4,45,hybrid,HYBRID_ALPHA0.7_BETA0.3,0.7,0.3,300,1.0,0.67996,0.58236,0.11264,0.41405,0.52356,0.10026,,0.00922,0.01716,0.625
4,45,hybrid,HYBRID_ALPHA0.8_BETA0.2,0.8,0.2,300,1.0,0.67986,0.58431,0.11223,0.4062,0.51877,0.09795,,0.00906,0.01723,0.575
4,45,hybrid,HYBRID_ALPHA0.9_BETA0.1,0.9,0.1,300,1.0,0.67726,0.58215,0.11425,0.40051,0.51523,0.09692,,0.00898,0.01743,0.6
4,45,hybrid,HYBRID_ALPHA0.1_BETA0.9,0.1,0.9,300,0.0,0.7163,0.61582,0.11761,1.52796,0.99655,0.1023,,0.00967,0.04218,0.75
4,45,hybrid,HYBRID_ALPHA0.2_BETA0.8,0.2,0.8,300,0.0,0.71122,0.59871,0.12363,1.41031,0.96106,0.09539,,0.00936,0.04211,0.725
4,45,hybrid,HYBRID_ALPHA0.3_BETA0.7,0.3,0.7,300,0.0,0.69106,0.58217,0.113,1.26486,0.91397,0.06393,,0.00796,0.03539,0.625
4,45,hybrid,HYBRID_ALPHA0.4_BETA0.6,0.4,0.6,300,0.0,0.68652,0.58184,0.11107,1.30745,0.92888,0.08475,,0.00894,0.04178,0.725
4,45,hybrid,HYBRID_ALPHA0.5_BETA0.5,0.5,0.5,300,0.0,0.67885,0.57844,0.11186,1.27428,0.91751,0.07983,,0.0087,0.04185,0.725
4,45,hybrid,HYBRID_ALPHA0.6_BETA0.4,0.6,0.4,300,0.0,0.67911,0.58087,0.11228,1.24787,0.90953,0.07536,,0.00848,0.04176,0.725
4,45,hybrid,HYBRID_ALPHA0.7_BETA0.3,0.7,0.3,300,0.0,0.67996,0.58236,0.11264,1.23064,0.90428,0.07265,,0.00836,0.0419,0.7
4,45,hybrid,HYBRID_ALPHA0.8_BETA0.2,0.8,0.2,300,0.0,0.67986,0.58431,0.11223,1.21976,0.90177,0.07191,,0.0083,0.04225,0.725
4,45,hybrid,HYBRID_ALPHA0.9_BETA0.1,0.9,0.1,300,0.0,0.67726,0.58215,0.11425,1.21025,0.89966,0.0714,,0.00826,0.04262,0.725
4,45,hybrid,HYBRID_ALPHA0.1_BETA0.9,0.1,0.9,500,1.0,0.70471,0.66887,0.07595,0.53682,0.59427,0.16239,,0.01089,0.02244,0.7
4,45,hybrid,HYBRID_ALPHA0.2_BETA0.8,0.2,0.8,500,1.0,0.74371,0.62177,0.13888,0.48104,0.56184,0.14342,,0.01068,0.02078,0.7
4,45,hybrid,HYBRID_ALPHA0.3_BETA0.7,0.3,0.7,500,1.0,0.72731,0.61696,0.13443,0.45184,0.54567,0.12992,,0.01036,0.01981,0.65
4,45,hybrid,HYBRID_ALPHA0.4_BETA0.6,0.4,0.6,500,1.0,0.71374,0.60826,0.13554,0.42722,0.53262,0.11901,,0.01002,0.01892,0.7
4,45,hybrid,HYBRID_ALPHA0.5_BETA0.5,0.5,0.5,500,1.0,0.69524,0.59956,0.13305,0.40435,0.52066,0.10751,,0.00961,0.018,0.75
4,45,hybrid,HYBRID_ALPHA0.6_BETA0.4,0.6,0.4,500,1.0,0.69248,0.59756,0.13393,0.38549,0.51009,0.09799,,0.00929,0.01707,0.75
4,45,hybrid,HYBRID_ALPHA0.7_BETA0.3,0.7,0.3,500,1.0,0.68744,0.59809,0.1303,0.37391,0.50402,0.0943,,0.0092,0.01682,0.675
4,45,hybrid,HYBRID_ALPHA0.8_BETA0.2,0.8,0.2,500,1.0,0.67951,0.59309,0.12849,0.36566,0.50025,0.0923,,0.0092,0.01669,0.65
4,45,hybrid,HYBRID_ALPHA0.9_BETA0.1,0.9,0.1,500,1.0,0.67856,0.59284,0.12928,0.3603,0.49766,0.09322,,0.00939,0.01684,0.6
4,45,hybrid,HYBRID_ALPHA0.1_BETA0.9,0.1,0.9,500,0.0,0.70471,0.66887,0.07595,1.40838,0.96669,0.09843,,0.00942,0.04222,0.675
4,45,hybrid,HYBRID_ALPHA0.2_BETA0.8,0.2,0.8,500,0.0,0.74371,0.62177,0.13888,1.32361,0.94171,0.09716,,0.00945,0.04364,0.65
4,45,hybrid,HYBRID_ALPHA0.3_BETA0.7,0.3,0.7,500,0.0,0.72731,0.61696,0.13443,1.28638,0.93053,0.09489,,0.00935,0.04435,0.675
4,45,hybrid,HYBRID_ALPHA0.4_BETA0.6,0.4,0.6,500,0.0,0.71374,0.60826,0.13554,1.25285,0.92201,0.09166,,0.00923,0.04467,0.7
4,45,hybrid,HYBRID_ALPHA0.5_BETA0.5,0.5,0.5,500,0.0,0.69524,0.59956,0.13305,1.2204,0.9125,0.08697,,0.00907,0.04496,0.675
4,45,hybrid,HYBRID_ALPHA0.6_BETA0.4,0.6,0.4,500,0.0,0.69248,0.59756,0.13393,1.19332,0.90456,0.08305,,0.00895,0.0452,0.65
4,45,hybrid,HYBRID_ALPHA0.7_BETA0.3,0.7,0.3,500,0.0,0.68744,0.59809,0.1303,1.17305,0.89889,0.07802,,0.00879,0.04509,0.65
4,45,hybrid,HYBRID_ALPHA0.8_BETA0.2,0.8,0.2,500,0.0,0.67951,0.59309,0.12849,1.15923,0.89468,0.0749,,0.00869,0.04515,0.675
4,45,hybrid,HYBRID_ALPHA0.9_BETA0.1,0.9,0.1,500,0.0,0.67856,0.59284,0.12928,1.14948,0.89153,0.0728,,0.00866,0.04537,0.675
4,45,mse,MSE,1.0,0.0,50,1.0,0.81191,0.62343,0.18244,1.08725,0.83671,0.46934,,0.02607,0.05889,0.7
4,45,mse,MSE,1.0,0.0,50,0.0,0.81191,0.62343,0.18244,1.97824,1.17297,0.29643,,0.01602,0.05572,0.65
4,45,mse,MSE,1.0,0.0,100,1.0,0.93553,0.63976,0.1392,0.41903,0.51584,0.06804,,0.00542,0.02113,0.525
4,45,mse,MSE,1.0,0.0,100,0.0,0.93553,0.63976,0.1392,1.16945,0.86356,0.03848,,0.00533,0.03885,0.625
4,45,mse,MSE,1.0,0.0,300,1.0,0.67527,0.58148,0.11525,0.39734,0.51365,0.09751,,0.00897,0.01774,0.55
4,45,mse,MSE,1.0,0.0,300,0.0,0.67527,0.58148,0.11525,1.20286,0.89802,0.07139,,0.00824,0.04298,0.75
4,45,mse,MSE,1.0,0.0,500,1.0,0.6769,0.59217,0.12855,0.35739,0.49672,0.09691,,0.00977,0.0173,0.65
4,45,mse,MSE,1.0,0.0,500,0.0,0.6769,0.59217,0.12855,1.14194,0.88938,0.07184,,0.00868,0.04596,0.7
5,46,hsic,HSIC,0.0,1.0,50,1.0,2.1235,0.89731,0.28477,0.98258,0.83153,0.27666,,0.01441,0.03862,0.65
5,46,hsic,HSIC,0.0,1.0,50,0.0,2.1235,0.89731,0.28477,1.54787,1.02676,0.14486,,0.00827,0.03549,0.6
5,46,hsic,HSIC,0.0,1.0,100,1.0,1.90537,0.90284,0.25627,1.06083,0.84803,0.50087,,0.03138,0.06595,0.625
5,46,hsic,HSIC,0.0,1.0,100,0.0,1.90537,0.90284,0.25627,1.72318,1.12258,0.27104,,0.01719,0.04684,0.575
5,46,hsic,HSIC,0.0,1.0,300,1.0,1.38743,0.92059,0.15036,1.48127,1.04099,0.14676,,0.01274,0.03733,0.725
5,46,hsic,HSIC,0.0,1.0,300,0.0,1.38743,0.92059,0.15036,1.61247,1.01059,0.12302,,0.01296,0.02869,0.625
5,46,hsic,HSIC,0.0,1.0,500,1.0,1.61497,1.0118,0.16475,1.71391,1.13072,0.13529,,0.01341,0.08519,0.675
5,46,hsic,HSIC,0.0,1.0,500,0.0,1.61497,1.0118,0.16475,2.21281,1.1942,0.13374,,0.01222,0.03466,0.725
5,46,hybrid,HYBRID_ALPHA0.1_BETA0.9,0.1,0.9,50,1.0,2.12323,0.89717,0.28476,0.45631,0.53769,0.07471,,0.00707,0.02095,0.6
5,46,hybrid,HYBRID_ALPHA0.2_BETA0.8,0.2,0.8,50,1.0,2.12026,0.89609,0.28494,0.41801,0.51859,0.06937,,0.00686,0.02114,0.625
5,46,hybrid,HYBRID_ALPHA0.3_BETA0.7,0.3,0.7,50,1.0,2.11963,0.89573,0.28503,0.42765,0.52062,0.03787,,0.00584,0.0201,0.575
5,46,hybrid,HYBRID_ALPHA0.4_BETA0.6,0.4,0.6,50,1.0,1.26631,0.74311,0.20825,0.44869,0.54041,0.089,,0.00699,0.02354,0.525
5,46,hybrid,HYBRID_ALPHA0.5_BETA0.5,0.5,0.5,50,1.0,1.14459,0.69655,0.17327,0.47145,0.54923,0.12731,,0.00853,0.02484,0.675
5,46,hybrid,HYBRID_ALPHA0.6_BETA0.4,0.6,0.4,50,1.0,1.11185,0.67604,0.1554,0.47507,0.55028,0.12686,,0.00841,0.02519,0.575
5,46,hybrid,HYBRID_ALPHA0.7_BETA0.3,0.7,0.3,50,1.0,1.1036,0.66982,0.14924,0.97883,0.82533,0.50769,,0.03204,0.0483,0.6
5,46,hybrid,HYBRID_ALPHA0.8_BETA0.2,0.8,0.2,50,1.0,1.10186,0.67093,0.15169,1.13325,0.87346,0.53999,,0.03368,0.05199,0.65
5,46,hybrid,HYBRID_ALPHA0.9_BETA0.1,0.9,0.1,50,1.0,1.1088,0.67421,0.15363,1.18345,0.88761,0.54747,,0.03403,0.05304,0.7
5,46,hybrid,HYBRID_ALPHA0.1_BETA0.9,0.1,0.9,50,0.0,2.12323,0.89717,0.28476,1.30812,0.92144,0.06371,,0.00744,0.0511,0.55
5,46,hybrid,HYBRID_ALPHA0.2_BETA0.8,0.2,0.8,50,0.0,2.12026,0.89609,0.28494,1.26693,0.90866,0.06248,,0.00734,0.05184,0.575
5,46,hybrid,HYBRID_ALPHA0.3_BETA0.7,0.3,0.7,50,0.0,2.11963,0.89573,0.28503,1.19769,0.88075,0.04813,,0.00691,0.05214,0.625
5,46,hybrid,HYBRID_ALPHA0.4_BETA0.6,0.4,0.6,50,0.0,1.26631,0.74311,0.20825,1.27317,0.91097,0.06892,,0.00699,0.05435,0.65
5,46,hybrid,HYBRID_ALPHA0.5_BETA0.5,0.5,0.5,50,0.0,1.14459,0.69655,0.17327,1.33948,0.95489,0.12384,,0.00899,0.06243,0.625
5,46,hybrid,HYBRID_ALPHA0.6_BETA0.4,0.6,0.4,50,0.0,1.11185,0.67604,0.1554,1.3207,0.9467,0.11162,,0.00816,0.05992,0.65
5,46,hybrid,HYBRID_ALPHA0.7_BETA0.3,0.7,0.3,50,0.0,1.1036,0.66982,0.14924,1.80464,1.14782,0.2911,,0.01827,0.05239,0.6
5,46,hybrid,HYBRID_ALPHA0.8_BETA0.2,0.8,0.2,50,0.0,1.10186,0.67093,0.15169,1.87875,1.16834,0.30701,,0.01878,0.0492,0.675
5,46,hybrid,HYBRID_ALPHA0.9_BETA0.1,0.9,0.1,50,0.0,1.1088,0.67421,0.15363,1.90237,1.1745,0.31195,,0.019,0.04872,0.65
5,46,hybrid,HYBRID_ALPHA0.1_BETA0.9,0.1,0.9,100,1.0,1.46675,0.7749,0.23653,0.56484,0.62806,0.28515,,0.021,0.03512,0.625
5,46,hybrid,HYBRID_ALPHA0.2_BETA0.8,0.2,0.8,100,1.0,1.40118,0.7662,0.23299,0.59804,0.6415,0.29138,,0.02138,0.03526,0.675
5,46,hybrid,HYBRID_ALPHA0.3_BETA0.7,0.3,0.7,100,1.0,1.38716,0.77395,0.23711,0.59645,0.63865,0.28632,,0.02095,0.03483,0.65
5,46,hybrid,HYBRID_ALPHA0.4_BETA0.6,0.4,0.6,100,1.0,1.34798,0.77584,0.23463,0.44609,0.5253,0.05876,,0.00673,0.01614,0.625
5,46,hybrid,HYBRID_ALPHA0.5_BETA0.5,0.5,0.5,100,1.0,1.05391,0.71108,0.1814,0.51037,0.58058,0.19377,,0.01427,0.02813,0.625
5,46,hybrid,HYBRID_ALPHA0.6_BETA0.4,0.6,0.4,100,1.0,1.04021,0.70108,0.17404,0.5055,0.58056,0.19915,,0.01469,0.02843,0.6
5,46,hybrid,HYBRID_ALPHA0.7_BETA0.3,0.7,0.3,100,1.0,1.01224,0.68933,0.16533,0.50035,0.57879,0.19775,,0.01471,0.02861,0.625
5,46,hybrid,HYBRID_ALPHA0.8_BETA0.2,0.8,0.2,100,1.0,1.00661,0.68602,0.16327,0.49886,0.58102,0.18503,,0.01245,0.03577,0.625
5,46,hybrid,HYBRID_ALPHA0.9_BETA0.1,0.9,0.1,100,1.0,0.92638,0.65768,0.14877,0.51602,0.59742,0.20829,,0.01361,0.03587,0.675
5,46,hybrid,HYBRID_ALPHA0.1_BETA0.9,0.1,0.9,100,0.0,1.46675,0.7749,0.23653,1.51732,1.04182,0.20836,,0.01528,0.06424,0.625
5,46,hybrid,HYBRID_ALPHA0.2_BETA0.8,0.2,0.8,100,0.0,1.40118,0.7662,0.23299,1.58118,1.05456,0.2134,,0.01563,0.06445,0.6
5,46,hybrid,HYBRID_ALPHA0.3_BETA0.7,0.3,0.7,100,0.0,1.38716,0.77395,0.23711,1.57533,1.05032,0.2105,,0.01547,0.06453,0.625
5,46,hybrid,HYBRID_ALPHA0.4_BETA0.6,0.4,0.6,100,0.0,1.34798,0.77584,0.23463,1.19326,0.87508,0.04215,,0.00713,0.05002,0.6
5,46,hybrid,HYBRID_ALPHA0.5_BETA0.5,0.5,0.5,100,0.0,1.05391,0.71108,0.1814,1.4164,0.97823,0.14938,,0.01173,0.06559,0.625
5,46,hybrid,HYBRID_ALPHA0.6_BETA0.4,0.6,0.4,100,0.0,1.04021,0.70108,0.17404,1.4067,0.97171,0.13683,,0.01102,0.06422,0.6
5,46,hybrid,HYBRID_ALPHA0.7_BETA0.3,0.7,0.3,100,0.0,1.01224,0.68933,0.16533,1.40051,0.96353,0.11933,,0.01009,0.06247,0.625
5,46,hybrid,HYBRID_ALPHA0.8_BETA0.2,0.8,0.2,100,0.0,1.00661,0.68602,0.16327,1.31104,0.91614,0.04231,,0.00711,0.04824,0.65
5,46,hybrid,HYBRID_ALPHA0.9_BETA0.1,0.9,0.1,100,0.0,0.92638,0.65768,0.14877,1.31685,0.92195,0.05311,,0.00731,0.05299,0.625
5,46,hybrid,HYBRID_ALPHA0.1_BETA0.9,0.1,0.9,300,1.0,0.75612,0.63736,0.1113,1.00206,0.68627,0.13261,,0.00436,0.01962,0.65
5,46,hybrid,HYBRID_ALPHA0.2_BETA0.8,0.2,0.8,300,1.0,0.78071,0.63019,0.1441,0.91893,0.66314,0.12043,,0.00445,0.01958,0.725
5,46,hybrid,HYBRID_ALPHA0.3_BETA0.7,0.3,0.7,300,1.0,0.87784,0.65372,0.15628,0.79335,0.63462,0.10886,,0.0046,0.01936,0.675
5,46,hybrid,HYBRID_ALPHA0.4_BETA0.6,0.4,0.6,300,1.0,0.87425,0.6531,0.15422,0.65925,0.60257,0.09781,,0.00485,0.01906,0.675
5,46,hybrid,HYBRID_ALPHA0.5_BETA0.5,0.5,0.5,300,1.0,0.86374,0.65072,0.15361,0.54623,0.57139,0.09084,,0.0052,0.01869,0.65
5,46,hybrid,HYBRID_ALPHA0.6_BETA0.4,0.6,0.4,300,1.0,0.84881,0.6472,0.1538,0.46156,0.54292,0.08742,,0.00572,0.01848,0.575
5,46,hybrid,HYBRID_ALPHA0.7_BETA0.3,0.7,0.3,300,1.0,0.84385,0.6451,0.15409,0.42732,0.52751,0.0841,,0.00609,0.01828,0.6
5,46,hybrid,HYBRID_ALPHA0.8_BETA0.2,0.8,0.2,300,1.0,0.84036,0.64374,0.1539,0.40857,0.51759,0.08038,,0.00627,0.01809,0.575
5,46,hybrid,HYBRID_ALPHA0.9_BETA0.1,0.9,0.1,300,1.0,0.78277,0.62578,0.14705,0.39663,0.51156,0.07678,,0.00635,0.0179,0.55
5,46,hybrid,HYBRID_ALPHA0.1_BETA0.9,0.1,0.9,300,0.0,0.75612,0.63736,0.1113,1.85949,1.0415,0.07122,,0.00388,0.04304,0.675
5,46,hybrid,HYBRID_ALPHA0.2_BETA0.8,0.2,0.8,300,0.0,0.78071,0.63019,0.1441,1.76525,1.02039,0.06752,,0.00419,0.04491,0.625
5,46,hybrid,HYBRID_ALPHA0.3_BETA0.7,0.3,0.7,300,0.0,0.87784,0.65372,0.15628,1.62872,0.99409,0.06475,,0.0045,0.04593,0.575
5,46,hybrid,HYBRID_ALPHA0.4_BETA0.6,0.4,0.6,300,0.0,0.87425,0.6531,0.15422,1.48636,0.96408,0.06171,,0.00491,0.04664,0.625
5,46,hybrid,HYBRID_ALPHA0.5_BETA0.5,0.5,0.5,300,0.0,0.86374,0.65072,0.15361,1.36587,0.93549,0.05776,,0.00541,0.04683,0.675
5,46,hybrid,HYBRID_ALPHA0.6_BETA0.4,0.6,0.4,300,0.0,0.84881,0.6472,0.1538,1.2747,0.9144,0.05349,,0.00604,0.0469,0.65
5,46,hybrid,HYBRID_ALPHA0.7_BETA0.3,0.7,0.3,300,0.0,0.84385,0.6451,0.15409,1.2358,0.9062,0.05153,,0.00639,0.04706,0.675
5,46,hybrid,HYBRID_ALPHA0.8_BETA0.2,0.8,0.2,300,0.0,0.84036,0.64374,0.1539,1.21496,0.90122,0.05041,,0.0066,0.04714,0.675
5,46,hybrid,HYBRID_ALPHA0.9_BETA0.1,0.9,0.1,300,0.0,0.78277,0.62578,0.14705,1.20238,0.89774,0.04972,,0.00674,0.04727,0.725
5,46,hybrid,HYBRID_ALPHA0.1_BETA0.9,0.1,0.9,500,1.0,0.92552,0.65823,0.16636,0.63728,0.63799,0.20375,,0.01204,0.02691,0.75
5,46,hybrid,HYBRID_ALPHA0.2_BETA0.8,0.2,0.8,500,1.0,0.88583,0.65789,0.16672,0.55368,0.60592,0.18707,,0.01164,0.0253,0.75
5,46,hybrid,HYBRID_ALPHA0.3_BETA0.7,0.3,0.7,500,1.0,0.86449,0.65523,0.16564,0.51196,0.58644,0.17273,,0.0114,0.02403,0.75
5,46,hybrid,HYBRID_ALPHA0.4_BETA0.6,0.4,0.6,500,1.0,0.84748,0.65131,0.16232,0.48552,0.57262,0.16258,,0.01134,0.02323,0.725
5,46,hybrid,HYBRID_ALPHA0.5_BETA0.5,0.5,0.5,500,1.0,0.83567,0.64858,0.16047,0.46441,0.5601,0.15271,,0.01123,0.02265,0.7
5,46,hybrid,HYBRID_ALPHA0.6_BETA0.4,0.6,0.4,500,1.0,0.82677,0.64711,0.1591,0.44976,0.55123,0.14693,,0.0112,0.02226,0.7
5,46,hybrid,HYBRID_ALPHA0.7_BETA0.3,0.7,0.3,500,1.0,0.81923,0.64506,0.15766,0.43394,0.54349,0.1408,,0.01118,0.02184,0.7
5,46,hybrid,HYBRID_ALPHA0.8_BETA0.2,0.8,0.2,500,1.0,0.82686,0.64441,0.15301,0.42139,0.53866,0.13833,,0.01132,0.02169,0.7
5,46,hybrid,HYBRID_ALPHA0.9_BETA0.1,0.9,0.1,500,1.0,0.80517,0.63485,0.14701,0.41268,0.53649,0.1403,,0.01169,0.0219,0.675
5,46,hybrid,HYBRID_ALPHA0.1_BETA0.9,0.1,0.9,500,0.0,0.92552,0.65823,0.16636,1.49596,1.00651,0.11281,,0.00987,0.03967,0.75
5,46,hybrid,HYBRID_ALPHA0.2_BETA0.8,0.2,0.8,500,0.0,0.88583,0.65789,0.16672,1.37036,0.9655,0.10986,,0.01018,0.04124,0.825
5,46,hybrid,HYBRID_ALPHA0.3_BETA0.7,0.3,0.7,500,0.0,0.86449,0.65523,0.16564,1.3273,0.95234,0.10779,,0.01031,0.04217,0.8
5,46,hybrid,HYBRID_ALPHA0.4_BETA0.6,0.4,0.6,500,0.0,0.84748,0.65131,0.16232,1.30376,0.9455,0.10707,,0.01039,0.04295,0.775
5,46,hybrid,HYBRID_ALPHA0.5_BETA0.5,0.5,0.5,500,0.0,0.83567,0.64858,0.16047,1.28452,0.93994,0.10608,,0.01039,0.04361,0.825
5,46,hybrid,HYBRID_ALPHA0.6_BETA0.4,0.6,0.4,500,0.0,0.82677,0.64711,0.1591,1.2751,0.9375,0.107,,0.01047,0.04452,0.825
5,46,hybrid,HYBRID_ALPHA0.7_BETA0.3,0.7,0.3,500,0.0,0.81923,0.64506,0.15766,1.26178,0.93306,0.10709,,0.01049,0.0453,0.8
5,46,hybrid,HYBRID_ALPHA0.8_BETA0.2,0.8,0.2,500,0.0,0.82686,0.64441,0.15301,1.25339,0.93102,0.10873,,0.01058,0.04632,0.825
5,46,hybrid,HYBRID_ALPHA0.9_BETA0.1,0.9,0.1,500,0.0,0.80517,0.63485,0.14701,1.25087,0.93249,0.11239,,0.01077,0.04758,0.8
5,46,mse,MSE,1.0,0.0,50,1.0,1.12763,0.68147,0.16108,1.18274,0.88745,0.5475,,0.03404,0.05308,0.7
5,46,mse,MSE,1.0,0.0,50,0.0,1.12763,0.68147,0.16108,1.90362,1.17486,0.31222,,0.01901,0.04871,0.65
5,46,mse,MSE,1.0,0.0,100,1.0,0.90722,0.65372,0.14851,0.51367,0.60125,0.21215,,0.01394,0.03576,0.675
5,46,mse,MSE,1.0,0.0,100,0.0,0.90722,0.65372,0.14851,1.30473,0.92123,0.0575,,0.00721,0.05463,0.625
5,46,mse,MSE,1.0,0.0,300,1.0,0.77652,0.62229,0.14583,0.38835,0.50781,0.07327,,0.00633,0.01773,0.55
5,46,mse,MSE,1.0,0.0,300,0.0,0.77652,0.62229,0.14583,1.19419,0.89513,0.04891,,0.00681,0.04728,0.775
5,46,mse,MSE,1.0,0.0,500,1.0,0.81045,0.63785,0.14874,0.40921,0.53641,0.14944,,0.01243,0.02252,0.6
5,46,mse,MSE,1.0,0.0,500,0.0,0.81045,0.63785,0.14874,1.25713,0.9372,0.12014,,0.01116,0.04917,0.725
6,47,hsic,HSIC,0.0,1.0,50,1.0,1.90822,0.86567,0.28446,0.72468,0.67179,0.30707,,0.01449,0.03869,0.6
6,47,hsic,HSIC,0.0,1.0,50,0.0,1.90822,0.86567,0.28446,1.53165,1.04639,0.18557,,0.01408,0.04052,0.625
6,47,hsic,HSIC,0.0,1.0,100,1.0,1.66519,0.92522,0.15597,1.02575,0.83821,0.50761,,0.03183,0.05474,0.725
6,47,hsic,HSIC,0.0,1.0,100,0.0,1.66519,0.92522,0.15597,1.76586,1.13443,0.27882,,0.0176,0.04489,0.65
6,47,hsic,HSIC,0.0,1.0,300,1.0,1.47658,0.90732,0.06371,1.05592,0.75406,0.14833,,0.0039,0.05768,0.675
6,47,hsic,HSIC,0.0,1.0,300,0.0,1.47658,0.90732,0.06371,1.88915,1.1391,0.15136,,0.00759,0.02468,0.65
6,47,hsic,HSIC,0.0,1.0,500,1.0,1.58356,0.95984,0.06145,1.25415,0.92231,0.13745,,0.00997,0.03372,0.675
6,47,hsic,HSIC,0.0,1.0,500,0.0,1.58356,0.95984,0.06145,1.76609,1.0728,0.15543,,0.01253,0.028,0.725
6,47,hybrid,HYBRID_ALPHA0.1_BETA0.9,0.1,0.9,50,1.0,1.90714,0.86528,0.28445,0.80003,0.71848,0.37163,,0.02162,0.04507,0.65
6,47,hybrid,HYBRID_ALPHA0.2_BETA0.8,0.2,0.8,50,1.0,1.44878,0.77449,0.25695,0.55562,0.64075,0.31127,,0.02205,0.03631,0.675
6,47,hybrid,HYBRID_ALPHA0.3_BETA0.7,0.3,0.7,50,1.0,0.98098,0.65585,0.20725,0.42912,0.55141,0.15166,,0.01392,0.02732,0.65
6,47,hybrid,HYBRID_ALPHA0.4_BETA0.6,0.4,0.6,50,1.0,1.00954,0.66864,0.21005,0.4186,0.54599,0.14817,,0.01418,0.02772,0.65
6,47,hybrid,HYBRID_ALPHA0.5_BETA0.5,0.5,0.5,50,1.0,0.95071,0.66725,0.21317,0.45584,0.57242,0.22879,,0.01829,0.03461,0.6
6,47,hybrid,HYBRID_ALPHA0.6_BETA0.4,0.6,0.4,50,1.0,1.1878,0.74118,0.26655,0.45651,0.57141,0.23224,,0.01846,0.03308,0.625
6,47,hybrid,HYBRID_ALPHA0.7_BETA0.3,0.7,0.3,50,1.0,1.15408,0.72354,0.25406,0.4813,0.57842,0.22995,,0.01808,0.03435,0.625
6,47,hybrid,HYBRID_ALPHA0.8_BETA0.2,0.8,0.2,50,1.0,1.44005,0.79232,0.26342,0.58526,0.60262,0.23511,,0.0179,0.03476,0.575
6,47,hybrid,HYBRID_ALPHA0.9_BETA0.1,0.9,0.1,50,1.0,1.18317,0.72026,0.24572,0.69137,0.61967,0.23805,,0.01759,0.03469,0.6
6,47,hybrid,HYBRID_ALPHA0.1_BETA0.9,0.1,0.9,50,0.0,1.90714,0.86528,0.28445,1.64745,1.05442,0.1103,,0.00798,0.04962,0.525
6,47,hybrid,HYBRID_ALPHA0.2_BETA0.8,0.2,0.8,50,0.0,1.44878,0.77449,0.25695,1.51628,1.05351,0.2129,,0.0155,0.06699,0.7
6,47,hybrid,HYBRID_ALPHA0.3_BETA0.7,0.3,0.7,50,0.0,0.98098,0.65585,0.20725,1.29675,0.95846,0.13489,,0.01262,0.07027,0.725
6,47,hybrid,HYBRID_ALPHA0.4_BETA0.6,0.4,0.6,50,0.0,1.00954,0.66864,0.21005,1.30104,0.96293,0.13682,,0.0128,0.07086,0.7
6,47,hybrid,HYBRID_ALPHA0.5_BETA0.5,0.5,0.5,50,0.0,0.95071,0.66725,0.21317,1.40078,1.01287,0.17897,,0.01445,0.07514,0.625
6,47,hybrid,HYBRID_ALPHA0.6_BETA0.4,0.6,0.4,50,0.0,1.1878,0.74118,0.26655,1.44451,1.02456,0.19282,,0.01495,0.07409,0.675
6,47,hybrid,HYBRID_ALPHA0.7_BETA0.3,0.7,0.3,50,0.0,1.15408,0.72354,0.25406,1.47912,1.03733,0.19917,,0.01501,0.07395,0.725
6,47,hybrid,HYBRID_ALPHA0.8_BETA0.2,0.8,0.2,50,0.0,1.44005,0.79232,0.26342,1.60419,1.06848,0.20666,,0.01447,0.0738,0.75
6,47,hybrid,HYBRID_ALPHA0.9_BETA0.1,0.9,0.1,50,0.0,1.18317,0.72026,0.24572,1.74701,1.0908,0.20461,,0.01357,0.07315,0.725
6,47,hybrid,HYBRID_ALPHA0.1_BETA0.9,0.1,0.9,100,1.0,0.96035,0.68094,0.15385,0.86464,0.69218,0.20532,,0.00905,0.02363,0.7
6,47,hybrid,HYBRID_ALPHA0.2_BETA0.8,0.2,0.8,100,1.0,0.89645,0.66206,0.15341,0.56908,0.60117,0.17394,,0.00973,0.02107,0.675
6,47,hybrid,HYBRID_ALPHA0.3_BETA0.7,0.3,0.7,100,1.0,0.74714,0.60914,0.13492,0.51646,0.57554,0.15659,,0.00974,0.02118,0.7
6,47,hybrid,HYBRID_ALPHA0.4_BETA0.6,0.4,0.6,100,1.0,0.72586,0.60206,0.13309,0.48544,0.55729,0.1416,,0.00973,0.02131,0.675
6,47,hybrid,HYBRID_ALPHA0.5_BETA0.5,0.5,0.5,100,1.0,0.80527,0.62372,0.13837,0.43951,0.53462,0.11838,,0.00917,0.01843,0.675
6,47,hybrid,HYBRID_ALPHA0.6_BETA0.4,0.6,0.4,100,1.0,0.79409,0.61572,0.13753,0.42579,0.52256,0.10057,,0.00828,0.01752,0.725
6,47,hybrid,HYBRID_ALPHA0.7_BETA0.3,0.7,0.3,100,1.0,0.77411,0.61052,0.13799,0.34204,0.47259,0.03171,,0.00357,0.01086,0.725
6,47,hybrid,HYBRID_ALPHA0.8_BETA0.2,0.8,0.2,100,1.0,0.76331,0.60279,0.13854,0.30612,0.45285,0.0245,,0.00596,0.01038,0.575
6,47,hybrid,HYBRID_ALPHA0.9_BETA0.1,0.9,0.1,100,1.0,0.77221,0.60568,0.14395,0.30159,0.45056,0.0245,,0.00639,0.01006,0.55
6,47,hybrid,HYBRID_ALPHA0.1_BETA0.9,0.1,0.9,100,0.0,0.96035,0.68094,0.15385,1.96609,1.11741,0.10165,,0.00697,0.03084,0.7
6,47,hybrid,HYBRID_ALPHA0.2_BETA0.8,0.2,0.8,100,0.0,0.89645,0.66206,0.15341,1.50574,0.99518,0.08497,,0.00812,0.03249,0.675
6,47,hybrid,HYBRID_ALPHA0.3_BETA0.7,0.3,0.7,100,0.0,0.74714,0.60914,0.13492,1.40997,0.96383,0.07924,,0.00823,0.03307,0.625
6,47,hybrid,HYBRID_ALPHA0.4_BETA0.6,0.4,0.6,100,0.0,0.72586,0.60206,0.13309,1.34814,0.94113,0.07396,,0.00822,0.03288,0.65
6,47,hybrid,HYBRID_ALPHA0.5_BETA0.5,0.5,0.5,100,0.0,0.80527,0.62372,0.13837,1.30088,0.9297,0.07104,,0.00838,0.03454,0.675
6,47,hybrid,HYBRID_ALPHA0.6_BETA0.4,0.6,0.4,100,0.0,0.79409,0.61572,0.13753,1.27769,0.92006,0.06511,,0.00818,0.03483,0.65
6,47,hybrid,HYBRID_ALPHA0.7_BETA0.3,0.7,0.3,100,0.0,0.77411,0.61052,0.13799,1.15994,0.87935,0.02505,,0.00527,0.02985,0.65
6,47,hybrid,HYBRID_ALPHA0.8_BETA0.2,0.8,0.2,100,0.0,0.76331,0.60279,0.13854,1.06031,0.84169,0.02074,,0.00661,0.02932,0.65
6,47,hybrid,HYBRID_ALPHA0.9_BETA0.1,0.9,0.1,100,0.0,0.77221,0.60568,0.14395,1.05975,0.84045,0.02349,,0.00688,0.02991,0.675
6,47,hybrid,HYBRID_ALPHA0.1_BETA0.9,0.1,0.9,300,1.0,0.70519,0.60031,0.12151,0.48923,0.57072,0.16135,,0.01214,0.0211,0.675
6,47,hybrid,HYBRID_ALPHA0.2_BETA0.8,0.2,0.8,300,1.0,0.63993,0.55504,0.11835,0.52154,0.58799,0.14814,,0.00968,0.01859,0.7
6,47,hybrid,HYBRID_ALPHA0.3_BETA0.7,0.3,0.7,300,1.0,0.63384,0.55531,0.10779,0.46319,0.55544,0.12652,,0.00935,0.01779,0.725
6,47,hybrid,HYBRID_ALPHA0.4_BETA0.6,0.4,0.6,300,1.0,0.62373,0.54871,0.11056,0.43536,0.53692,0.11362,,0.00913,0.01742,0.7
6,47,hybrid,HYBRID_ALPHA0.5_BETA0.5,0.5,0.5,300,1.0,0.62102,0.54737,0.11057,0.41818,0.52649,0.10525,,0.009,0.01708,0.7
6,47,hybrid,HYBRID_ALPHA0.6_BETA0.4,0.6,0.4,300,1.0,0.61751,0.54621,0.11026,0.40646,0.51958,0.09936,,0.00888,0.01688,0.7
6,47,hybrid,HYBRID_ALPHA0.7_BETA0.3,0.7,0.3,300,1.0,0.62486,0.55097,0.11532,0.39718,0.51512,0.09503,,0.00878,0.01686,0.7
6,47,hybrid,HYBRID_ALPHA0.8_BETA0.2,0.8,0.2,300,1.0,0.63232,0.55883,0.12133,0.38827,0.51066,0.09123,,0.00872,0.01692,0.725
6,47,hybrid,HYBRID_ALPHA0.9_BETA0.1,0.9,0.1,300,1.0,0.61348,0.54677,0.10732,0.38229,0.50771,0.08977,,0.00878,0.01712,0.675
6,47,hybrid,HYBRID_ALPHA0.1_BETA0.9,0.1,0.9,300,0.0,0.70519,0.60031,0.12151,1.35582,0.9544,0.11899,,0.01061,0.04786,0.75
6,47,hybrid,HYBRID_ALPHA0.2_BETA0.8,0.2,0.8,300,0.0,0.63993,0.55504,0.11835,1.34447,0.95311,0.09676,,0.00947,0.04356,0.75
6,47,hybrid,HYBRID_ALPHA0.3_BETA0.7,0.3,0.7,300,0.0,0.63384,0.55531,0.10779,1.28555,0.9331,0.09134,,0.00937,0.04458,0.725
6,47,hybrid,HYBRID_ALPHA0.4_BETA0.6,0.4,0.6,300,0.0,0.62373,0.54871,0.11056,1.2574,0.92375,0.08811,,0.00925,0.04514,0.7
6,47,hybrid,HYBRID_ALPHA0.5_BETA0.5,0.5,0.5,300,0.0,0.62102,0.54737,0.11057,1.23985,0.91704,0.086,,0.00918,0.04538,0.65
6,47,hybrid,HYBRID_ALPHA0.6_BETA0.4,0.6,0.4,300,0.0,0.61751,0.54621,0.11026,1.22649,0.91266,0.08395,,0.00909,0.04545,0.675
6,47,hybrid,HYBRID_ALPHA0.7_BETA0.3,0.7,0.3,300,0.0,0.62486,0.55097,0.11532,1.21524,0.90883,0.08165,,0.009,0.04554,0.675
6,47,hybrid,HYBRID_ALPHA0.8_BETA0.2,0.8,0.2,300,0.0,0.63232,0.55883,0.12133,1.20331,0.90456,0.07904,,0.00892,0.04566,0.675
6,47,hybrid,HYBRID_ALPHA0.9_BETA0.1,0.9,0.1,300,0.0,0.61348,0.54677,0.10732,1.19445,0.90173,0.07767,,0.0089,0.04576,0.7
6,47,hybrid,HYBRID_ALPHA0.1_BETA0.9,0.1,0.9,500,1.0,0.74724,0.61481,0.11927,0.49496,0.57888,0.17495,,0.01273,0.02767,0.8
6,47,hybrid,HYBRID_ALPHA0.2_BETA0.8,0.2,0.8,500,1.0,0.69927,0.59561,0.11626,0.4582,0.55725,0.15934,,0.0124,0.02757,0.725
6,47,hybrid,HYBRID_ALPHA0.3_BETA0.7,0.3,0.7,500,1.0,0.70998,0.59498,0.12547,0.44202,0.54844,0.14841,,0.01195,0.02695,0.675
6,47,hybrid,HYBRID_ALPHA0.4_BETA0.6,0.4,0.6,500,1.0,0.69955,0.58999,0.12369,0.43132,0.54116,0.13934,,0.01142,0.02672,0.7
6,47,hybrid,HYBRID_ALPHA0.5_BETA0.5,0.5,0.5,500,1.0,0.71247,0.59701,0.12848,0.42275,0.5392,0.14382,,0.0118,0.02475,0.775
6,47,hybrid,HYBRID_ALPHA0.6_BETA0.4,0.6,0.4,500,1.0,0.72259,0.60066,0.13169,0.41576,0.53585,0.14107,,0.01169,0.02435,0.775
6,47,hybrid,HYBRID_ALPHA0.7_BETA0.3,0.7,0.3,500,1.0,0.72196,0.59967,0.13234,0.41557,0.5369,0.14714,,0.01211,0.02472,0.7
6,47,hybrid,HYBRID_ALPHA0.8_BETA0.2,0.8,0.2,500,1.0,0.72013,0.59815,0.13251,0.39542,0.5252,0.13376,,0.01158,0.02374,0.65
6,47,hybrid,HYBRID_ALPHA0.9_BETA0.1,0.9,0.1,500,1.0,0.71371,0.5948,0.13144,0.39831,0.52742,0.1394,,0.01192,0.02393,0.65
6,47,hybrid,HYBRID_ALPHA0.1_BETA0.9,0.1,0.9,500,0.0,0.74724,0.61481,0.11927,1.3841,0.96626,0.10507,,0.01019,0.04272,0.775
6,47,hybrid,HYBRID_ALPHA0.2_BETA0.8,0.2,0.8,500,0.0,0.69927,0.59561,0.11626,1.30542,0.94131,0.10244,,0.01015,0.04443,0.725
6,47,hybrid,HYBRID_ALPHA0.3_BETA0.7,0.3,0.7,500,0.0,0.70998,0.59498,0.12547,1.27272,0.93062,0.10032,,0.01,0.04522,0.75
6,47,hybrid,HYBRID_ALPHA0.4_BETA0.6,0.4,0.6,500,0.0,0.69955,0.58999,0.12369,1.25165,0.92475,0.09728,,0.00979,0.04576,0.775
6,47,hybrid,HYBRID_ALPHA0.5_BETA0.5,0.5,0.5,500,0.0,0.71247,0.59701,0.12848,1.27035,0.93891,0.11644,,0.01069,0.05036,0.75
6,47,hybrid,HYBRID_ALPHA0.6_BETA0.4,0.6,0.4,500,0.0,0.72259,0.60066,0.13169,1.25879,0.93561,0.1166,,0.01066,0.05099,0.7
6,47,hybrid,HYBRID_ALPHA0.7_BETA0.3,0.7,0.3,500,0.0,0.72196,0.59967,0.13234,1.25957,0.9372,0.1208,,0.0108,0.05179,0.7
6,47,hybrid,HYBRID_ALPHA0.8_BETA0.2,0.8,0.2,500,0.0,0.72013,0.59815,0.13251,1.22175,0.92233,0.10887,,0.01043,0.05066,0.75
6,47,hybrid,HYBRID_ALPHA0.9_BETA0.1,0.9,0.1,500,0.0,0.71371,0.5948,0.13144,1.22792,0.92623,0.11302,,0.01061,0.05118,0.675
6,47,mse,MSE,1.0,0.0,50,1.0,1.15096,0.71563,0.24308,0.72192,0.63213,0.24749,,0.01808,0.0359,0.6
6,47,mse,MSE,1.0,0.0,50,0.0,1.15096,0.71563,0.24308,1.81639,1.10667,0.20958,,0.01367,0.07312,0.7
6,47,mse,MSE,1.0,0.0,100,1.0,0.78072,0.61095,0.14738,0.29755,0.44878,0.0213,,0.00658,0.00982,0.55
6,47,mse,MSE,1.0,0.0,100,0.0,0.78072,0.61095,0.14738,1.03743,0.8369,0.02058,,0.00689,0.02949,0.725
6,47,mse,MSE,1.0,0.0,300,1.0,0.63065,0.55867,0.12267,0.37876,0.50648,0.09007,,0.00888,0.01734,0.725
6,47,mse,MSE,1.0,0.0,300,0.0,0.63065,0.55867,0.12267,1.18915,0.90025,0.07737,,0.00891,0.04589,0.7
6,47,mse,MSE,1.0,0.0,500,1.0,0.71285,0.59478,0.13198,0.40979,0.53457,0.15442,,0.01279,0.02462,0.75
6,47,mse,MSE,1.0,0.0,500,0.0,0.71285,0.59478,0.13198,1.24984,0.93632,0.12317,,0.01108,0.0523,0.725
7,48,hsic,HSIC,0.0,1.0,50,1.0,3.55356,1.27856,0.15617,0.57227,0.61727,0.15333,,0.01073,0.03236,0.675
7,48,hsic,HSIC,0.0,1.0,50,0.0,3.55356,1.27856,0.15617,1.34844,0.98376,0.14671,,0.01119,0.05614,0.725
7,48,hsic,HSIC,0.0,1.0,100,1.0,1.83247,0.99435,0.18529,0.82075,0.71999,0.29848,,0.01278,0.05998,0.725
7,48,hsic,HSIC,0.0,1.0,100,0.0,1.83247,0.99435,0.18529,1.37335,0.98392,0.14469,,0.00888,0.02821,0.625
7,48,hsic,HSIC,0.0,1.0,300,1.0,1.08006,0.8851,0.03062,2.45952,1.38147,0.17479,,0.0048,0.25718,0.75
7,48,hsic,HSIC,0.0,1.0,300,0.0,1.08006,0.8851,0.03062,2.5363,1.25867,0.10859,,0.00549,0.20467,0.8
7,48,hsic,HSIC,0.0,1.0,500,1.0,1.32997,0.9022,0.14725,1.29577,0.97742,0.08004,,0.00738,0.15034,0.725
7,48,hsic,HSIC,0.0,1.0,500,0.0,1.32997,0.9022,0.14725,2.00715,1.12901,0.08236,,0.00838,0.0852,0.725
7,48,hybrid,HYBRID_ALPHA0.1_BETA0.9,0.1,0.9,50,1.0,2.44518,0.81082,0.14917,0.51452,0.60107,0.20967,,0.01526,0.02933,0.65
7,48,hybrid,HYBRID_ALPHA0.2_BETA0.8,0.2,0.8,50,1.0,1.07511,0.68645,0.14535,0.4989,0.58918,0.19995,,0.01439,0.02965,0.675
7,48,hybrid,HYBRID_ALPHA0.3_BETA0.7,0.3,0.7,50,1.0,0.93398,0.6517,0.14486,0.49202,0.58037,0.17493,,0.01213,0.02927,0.625
7,48,hybrid,HYBRID_ALPHA0.4_BETA0.6,0.4,0.6,50,1.0,0.79604,0.60493,0.13424,0.48834,0.57764,0.17462,,0.01225,0.02794,0.625
7,48,hybrid,HYBRID_ALPHA0.5_BETA0.5,0.5,0.5,50,1.0,0.78779,0.61054,0.148,0.48557,0.57428,0.16922,,0.01191,0.02623,0.7
7,48,hybrid,HYBRID_ALPHA0.6_BETA0.4,0.6,0.4,50,1.0,0.79241,0.61456,0.13812,0.51462,0.59282,0.19555,,0.01304,0.03182,0.75
7,48,hybrid,HYBRID_ALPHA0.7_BETA0.3,0.7,0.3,50,1.0,0.84671,0.61594,0.12348,0.51848,0.596,0.19815,,0.01377,0.03091,0.575
7,48,hybrid,HYBRID_ALPHA0.8_BETA0.2,0.8,0.2,50,1.0,0.84777,0.63707,0.1345,0.51162,0.59006,0.19211,,0.01329,0.02968,0.675
7,48,hybrid,HYBRID_ALPHA0.9_BETA0.1,0.9,0.1,50,1.0,0.95965,0.65883,0.13834,0.49653,0.58013,0.1859,,0.01347,0.02849,0.65
7,48,hybrid,HYBRID_ALPHA0.1_BETA0.9,0.1,0.9,50,0.0,2.44518,0.81082,0.14917,1.41378,1.01218,0.17806,,0.01336,0.06145,0.7
7,48,hybrid,HYBRID_ALPHA0.2_BETA0.8,0.2,0.8,50,0.0,1.07511,0.68645,0.14535,1.41018,0.999,0.16794,,0.01294,0.06068,0.75
7,48,hybrid,HYBRID_ALPHA0.3_BETA0.7,0.3,0.7,50,0.0,0.93398,0.6517,0.14486,1.36601,0.96826,0.13765,,0.01108,0.05742,0.725
7,48,hybrid,HYBRID_ALPHA0.4_BETA0.6,0.4,0.6,50,0.0,0.79604,0.60493,0.13424,1.34706,0.96121,0.13205,,0.01073,0.05694,0.725
7,48,hybrid,HYBRID_ALPHA0.5_BETA0.5,0.5,0.5,50,0.0,0.78779,0.61054,0.148,1.32968,0.95407,0.1267,,0.01046,0.05621,0.75
7,48,hybrid,HYBRID_ALPHA0.6_BETA0.4,0.6,0.4,50,0.0,0.79241,0.61456,0.13812,1.29739,0.94449,0.11686,,0.01032,0.05725,0.725
7,48,hybrid,HYBRID_ALPHA0.7_BETA0.3,0.7,0.3,50,0.0,0.84671,0.61594,0.12348,1.32985,0.95946,0.12498,,0.01029,0.06111,0.725
7,48,hybrid,HYBRID_ALPHA0.8_BETA0.2,0.8,0.2,50,0.0,0.84777,0.63707,0.1345,1.32938,0.95938,0.11362,,0.0095,0.05984,0.75
7,48,hybrid,HYBRID_ALPHA0.9_BETA0.1,0.9,0.1,50,0.0,0.95965,0.65883,0.13834,1.32699,0.95563,0.11012,,0.00941,0.05938,0.725
7,48,hybrid,HYBRID_ALPHA0.1_BETA0.9,0.1,0.9,100,1.0,1.09715,0.75385,0.20689,0.40166,0.49815,0.03664,,0.00543,0.01497,0.675
7,48,hybrid,HYBRID_ALPHA0.2_BETA0.8,0.2,0.8,100,1.0,1.03347,0.74651,0.20207,0.48629,0.57899,0.20402,,0.01544,0.02974,0.725
7,48,hybrid,HYBRID_ALPHA0.3_BETA0.7,0.3,0.7,100,1.0,0.83785,0.66281,0.17655,0.47579,0.57347,0.19487,,0.01481,0.02863,0.725
7,48,hybrid,HYBRID_ALPHA0.4_BETA0.6,0.4,0.6,100,1.0,0.83028,0.65518,0.17969,0.46721,0.5681,0.18662,,0.01429,0.02768,0.75
7,48,hybrid,HYBRID_ALPHA0.5_BETA0.5,0.5,0.5,100,1.0,0.8389,0.65688,0.17648,0.46293,0.56738,0.18762,,0.01435,0.02759,0.725
7,48,hybrid,HYBRID_ALPHA0.6_BETA0.4,0.6,0.4,100,1.0,0.9018,0.67711,0.16706,0.31927,0.46529,0.04694,,0.00783,0.01427,0.55
7,48,hybrid,HYBRID_ALPHA0.7_BETA0.3,0.7,0.3,100,1.0,0.81165,0.65642,0.17253,0.34772,0.48504,0.06212,,0.00779,0.01504,0.625
7,48,hybrid,HYBRID_ALPHA0.8_BETA0.2,0.8,0.2,100,1.0,0.83475,0.65071,0.18325,0.32641,0.46811,0.04881,,0.00815,0.01425,0.55
7,48,hybrid,HYBRID_ALPHA0.9_BETA0.1,0.9,0.1,100,1.0,0.84436,0.65722,0.18198,0.45523,0.56573,0.19087,,0.01447,0.02712,0.65
7,48,hybrid,HYBRID_ALPHA0.1_BETA0.9,0.1,0.9,100,0.0,1.09715,0.75385,0.20689,1.13064,0.86063,0.03207,,0.00708,0.02934,0.7
7,48,hybrid,HYBRID_ALPHA0.2_BETA0.8,0.2,0.8,100,0.0,1.03347,0.74651,0.20207,1.40411,0.9929,0.16781,,0.01288,0.04067,0.625
7,48,hybrid,HYBRID_ALPHA0.3_BETA0.7,0.3,0.7,100,0.0,0.83785,0.66281,0.17655,1.39012,0.98786,0.16262,,0.01261,0.04065,0.725
7,48,hybrid,HYBRID_ALPHA0.4_BETA0.6,0.4,0.6,100,0.0,0.83028,0.65518,0.17969,1.37724,0.9819,0.15776,,0.01238,0.04055,0.675
7,48,hybrid,HYBRID_ALPHA0.5_BETA0.5,0.5,0.5,100,0.0,0.8389,0.65688,0.17648,1.37018,0.98291,0.15862,,0.01245,0.04076,0.675
7,48,hybrid,HYBRID_ALPHA0.6_BETA0.4,0.6,0.4,100,0.0,0.9018,0.67711,0.16706,1.13996,0.88168,0.07001,,0.00837,0.0348,0.6
7,48,hybrid,HYBRID_ALPHA0.7_BETA0.3,0.7,0.3,100,0.0,0.81165,0.65642,0.17253,1.35129,0.96885,0.11123,,0.00928,0.03936,0.65
7,48,hybrid,HYBRID_ALPHA0.8_BETA0.2,0.8,0.2,100,0.0,0.83475,0.65071,0.18325,1.1572,0.88625,0.07098,,0.0083,0.03522,0.65
7,48,hybrid,HYBRID_ALPHA0.9_BETA0.1,0.9,0.1,100,0.0,0.84436,0.65722,0.18198,1.37887,0.99307,0.16685,,0.01285,0.04178,0.725
7,48,hybrid,HYBRID_ALPHA0.1_BETA0.9,0.1,0.9,300,1.0,0.83096,0.71955,0.04593,0.79986,0.73436,0.11731,,0.01063,0.03655,0.675
7,48,hybrid,HYBRID_ALPHA0.2_BETA0.8,0.2,0.8,300,1.0,0.74387,0.59808,0.12717,0.54889,0.58768,0.11274,,0.01005,0.02464,0.6
7,48,hybrid,HYBRID_ALPHA0.3_BETA0.7,0.3,0.7,300,1.0,0.71213,0.59492,0.11207,0.47226,0.55029,0.11393,,0.00927,0.01995,0.675
7,48,hybrid,HYBRID_ALPHA0.4_BETA0.6,0.4,0.6,300,1.0,0.70728,0.59253,0.11248,0.44035,0.53226,0.11634,,0.00815,0.01744,0.65
7,48,hybrid,HYBRID_ALPHA0.5_BETA0.5,0.5,0.5,300,1.0,0.6982,0.58565,0.11085,0.4373,0.5336,0.11927,,0.00734,0.01656,0.675
7,48,hybrid,HYBRID_ALPHA0.6_BETA0.4,0.6,0.4,300,1.0,0.71625,0.59344,0.11845,0.43692,0.53861,0.12762,,0.00729,0.01671,0.675
7,48,hybrid,HYBRID_ALPHA0.7_BETA0.3,0.7,0.3,300,1.0,0.71054,0.58543,0.1203,0.43162,0.53521,0.10448,,0.0085,0.02287,0.675
7,48,hybrid,HYBRID_ALPHA0.8_BETA0.2,0.8,0.2,300,1.0,0.6931,0.57959,0.11837,0.40637,0.51998,0.077,,0.00635,0.02011,0.725
7,48,hybrid,HYBRID_ALPHA0.9_BETA0.1,0.9,0.1,300,1.0,0.69031,0.57728,0.11761,0.61188,0.65839,0.32161,,0.02208,0.03484,0.7
7,48,hybrid,HYBRID_ALPHA0.1_BETA0.9,0.1,0.9,300,0.0,0.83096,0.71955,0.04593,1.72119,1.04948,0.09959,,0.00994,0.01607,0.625
7,48,hybrid,HYBRID_ALPHA0.2_BETA0.8,0.2,0.8,300,0.0,0.74387,0.59808,0.12717,1.42008,0.96638,0.10571,,0.00993,0.02044,0.75
7,48,hybrid,HYBRID_ALPHA0.3_BETA0.7,0.3,0.7,300,0.0,0.71213,0.59492,0.11207,1.32909,0.94344,0.11045,,0.00974,0.02527,0.775
7,48,hybrid,HYBRID_ALPHA0.4_BETA0.6,0.4,0.6,300,0.0,0.70728,0.59253,0.11248,1.28618,0.93209,0.11034,,0.00924,0.0288,0.65
7,48,hybrid,HYBRID_ALPHA0.5_BETA0.5,0.5,0.5,300,0.0,0.6982,0.58565,0.11085,1.27237,0.92602,0.10779,,0.00873,0.02985,0.65
7,48,hybrid,HYBRID_ALPHA0.6_BETA0.4,0.6,0.4,300,0.0,0.71625,0.59344,0.11845,1.26608,0.92793,0.10927,,0.00861,0.03008,0.7
7,48,hybrid,HYBRID_ALPHA0.7_BETA0.3,0.7,0.3,300,0.0,0.71054,0.58543,0.1203,1.22586,0.90426,0.0634,,0.00785,0.02368,0.625
7,48,hybrid,HYBRID_ALPHA0.8_BETA0.2,0.8,0.2,300,0.0,0.6931,0.57959,0.11837,1.1833,0.88852,0.05105,,0.00701,0.02441,0.675
7,48,hybrid,HYBRID_ALPHA0.9_BETA0.1,0.9,0.1,300,0.0,0.69031,0.57728,0.11761,1.5261,1.04801,0.21783,,0.01539,0.03214,0.725
7,48,hybrid,HYBRID_ALPHA0.1_BETA0.9,0.1,0.9,500,1.0,0.89456,0.6664,0.17734,0.44884,0.54295,0.12396,,0.01024,0.02101,0.7
7,48,hybrid,HYBRID_ALPHA0.2_BETA0.8,0.2,0.8,500,1.0,0.86579,0.66538,0.17827,0.54601,0.599,0.16901,,0.01033,0.02105,0.725
7,48,hybrid,HYBRID_ALPHA0.3_BETA0.7,0.3,0.7,500,1.0,0.8897,0.68206,0.18471,0.4855,0.56863,0.1458,,0.01022,0.01975,0.725
7,48,hybrid,HYBRID_ALPHA0.4_BETA0.6,0.4,0.6,500,1.0,0.86416,0.6744,0.18071,0.44825,0.54594,0.12628,,0.00986,0.0181,0.725
7,48,hybrid,HYBRID_ALPHA0.5_BETA0.5,0.5,0.5,500,1.0,0.8193,0.6561,0.1714,0.42443,0.53079,0.11118,,0.00946,0.01655,0.75
7,48,hybrid,HYBRID_ALPHA0.6_BETA0.4,0.6,0.4,500,1.0,0.85706,0.66868,0.17709,0.41343,0.52502,0.10639,,0.00943,0.0162,0.775
7,48,hybrid,HYBRID_ALPHA0.7_BETA0.3,0.7,0.3,500,1.0,0.84241,0.66155,0.17371,0.40581,0.52059,0.10448,,0.00944,0.01615,0.75
7,48,hybrid,HYBRID_ALPHA0.8_BETA0.2,0.8,0.2,500,1.0,0.82808,0.6543,0.17057,0.40033,0.51864,0.10489,,0.0095,0.01634,0.75
7,48,hybrid,HYBRID_ALPHA0.9_BETA0.1,0.9,0.1,500,1.0,0.81438,0.64733,0.16775,0.39618,0.51756,0.10811,,0.00967,0.01664,0.725
7,48,hybrid,HYBRID_ALPHA0.1_BETA0.9,0.1,0.9,500,0.0,0.89456,0.6664,0.17734,1.29988,0.93654,0.10724,,0.00989,0.02898,0.825
7,48,hybrid,HYBRID_ALPHA0.2_BETA0.8,0.2,0.8,500,0.0,0.86579,0.66538,0.17827,1.38823,0.96243,0.08773,,0.00848,0.03521,0.675
7,48,hybrid,HYBRID_ALPHA0.3_BETA0.7,0.3,0.7,500,0.0,0.8897,0.68206,0.18471,1.31375,0.93856,0.08222,,0.00873,0.03648,0.725
7,48,hybrid,HYBRID_ALPHA0.4_BETA0.6,0.4,0.6,500,0.0,0.86416,0.6744,0.18071,1.26756,0.92319,0.07904,,0.0088,0.03766,0.775
7,48,hybrid,HYBRID_ALPHA0.5_BETA0.5,0.5,0.5,500,0.0,0.8193,0.6561,0.1714,1.23947,0.91419,0.07851,,0.00887,0.03895,0.725
7,48,hybrid,HYBRID_ALPHA0.6_BETA0.4,0.6,0.4,500,0.0,0.85706,0.66868,0.17709,1.22731,0.91015,0.07919,,0.00891,0.03973,0.7
7,48,hybrid,HYBRID_ALPHA0.7_BETA0.3,0.7,0.3,500,0.0,0.84241,0.66155,0.17371,1.21875,0.9082,0.0799,,0.00893,0.04042,0.675
7,48,hybrid,HYBRID_ALPHA0.8_BETA0.2,0.8,0.2,500,0.0,0.82808,0.6543,0.17057,1.21271,0.90755,0.08076,,0.00894,0.04107,0.675
7,48,hybrid,HYBRID_ALPHA0.9_BETA0.1,0.9,0.1,500,0.0,0.81438,0.64733,0.16775,1.20866,0.90756,0.08299,,0.00903,0.04199,0.7
7,48,mse,MSE,1.0,0.0,50,1.0,1.06221,0.67039,0.13644,0.48153,0.57123,0.17435,,0.0128,0.02697,0.6
7,48,mse,MSE,1.0,0.0,50,0.0,1.06221,0.67039,0.13644,1.35039,0.97206,0.10814,,0.0085,0.05911,0.675
7,48,mse,MSE,1.0,0.0,100,1.0,0.79176,0.63761,0.17408,0.44683,0.56024,0.18144,,0.01391,0.02624,0.65
7,48,mse,MSE,1.0,0.0,100,0.0,0.79176,0.63761,0.17408,1.35303,0.98364,0.15992,,0.01252,0.04146,0.725
7,48,mse,MSE,1.0,0.0,300,1.0,0.68652,0.57694,0.11825,0.65914,0.68702,0.3596,,0.02495,0.03711,0.725
7,48,mse,MSE,1.0,0.0,300,0.0,0.68652,0.57694,0.11825,1.57767,1.06829,0.23394,,0.01628,0.03444,0.75
7,48,mse,MSE,1.0,0.0,500,1.0,0.78384,0.63348,0.16111,0.3954,0.51878,0.11707,,0.01012,0.01736,0.675
7,48,mse,MSE,1.0,0.0,500,0.0,0.78384,0.63348,0.16111,1.20969,0.90972,0.08785,,0.00925,0.04338,0.7
8,49,hsic,HSIC,0.0,1.0,50,1.0,1.39499,0.92842,0.17312,1.18656,0.88116,0.52761,,0.03187,0.05066,0.75
8,49,hsic,HSIC,0.0,1.0,50,0.0,1.39499,0.92842,0.17312,1.86763,1.16241,0.30016,,0.01826,0.06807,0.775
8,49,hsic,HSIC,0.0,1.0,100,1.0,1.1563,0.87005,0.13912,1.09303,0.85562,0.50541,,0.03105,0.05524,0.75
8,49,hsic,HSIC,0.0,1.0,100,0.0,1.1563,0.87005,0.13912,1.73787,1.12576,0.27137,,0.01691,0.04734,0.7
8,49,hsic,HSIC,0.0,1.0,300,1.0,1.29514,0.87672,0.06164,1.80186,1.14489,0.11129,,0.00285,0.03981,0.725
8,49,hsic,HSIC,0.0,1.0,300,0.0,1.29514,0.87672,0.06164,2.06737,1.13425,0.08873,,0.0062,0.02217,0.6
8,49,hsic,HSIC,0.0,1.0,500,1.0,1.2911,0.87659,0.07168,0.6919,0.6288,0.10052,,0.00068,0.0356,0.6
8,49,hsic,HSIC,0.0,1.0,500,0.0,1.2911,0.87659,0.07168,1.43943,0.98241,0.06426,,0.00451,0.022,0.675
8,49,hybrid,HYBRID_ALPHA0.1_BETA0.9,0.1,0.9,50,1.0,0.89894,0.63859,0.14913,0.70828,0.65187,0.18046,,0.01059,0.02755,0.75
8,49,hybrid,HYBRID_ALPHA0.2_BETA0.8,0.2,0.8,50,1.0,0.87153,0.63888,0.14909,0.53712,0.59233,0.17474,,0.01213,0.03131,0.725
8,49,hybrid,HYBRID_ALPHA0.3_BETA0.7,0.3,0.7,50,1.0,0.83803,0.62519,0.15542,0.53886,0.59264,0.1895,,0.01348,0.03727,0.725
8,49,hybrid,HYBRID_ALPHA0.4_BETA0.6,0.4,0.6,50,1.0,0.84301,0.62665,0.15316,0.5262,0.58533,0.20108,,0.01425,0.03878,0.75
8,49,hybrid,HYBRID_ALPHA0.5_BETA0.5,0.5,0.5,50,1.0,0.86787,0.63383,0.14359,0.54742,0.59286,0.19871,,0.01386,0.03743,0.75
8,49,hybrid,HYBRID_ALPHA0.6_BETA0.4,0.6,0.4,50,1.0,0.88887,0.65536,0.15518,0.55071,0.59498,0.20424,,0.01403,0.03762,0.725
8,49,hybrid,HYBRID_ALPHA0.7_BETA0.3,0.7,0.3,50,1.0,0.89427,0.64489,0.15289,0.54608,0.59202,0.20629,,0.01421,0.03736,0.675
8,49,hybrid,HYBRID_ALPHA0.8_BETA0.2,0.8,0.2,50,1.0,0.89147,0.64835,0.15584,0.57278,0.60473,0.22437,,0.0152,0.03959,0.675
8,49,hybrid,HYBRID_ALPHA0.9_BETA0.1,0.9,0.1,50,1.0,0.93418,0.67742,0.16247,0.58337,0.61149,0.23518,,0.01585,0.04137,0.75
8,49,hybrid,HYBRID_ALPHA0.1_BETA0.9,0.1,0.9,50,0.0,0.89894,0.63859,0.14913,1.48408,0.98924,0.0996,,0.00845,0.05481,0.65
8,49,hybrid,HYBRID_ALPHA0.2_BETA0.8,0.2,0.8,50,0.0,0.87153,0.63888,0.14909,1.28761,0.92738,0.08767,,0.00853,0.05934,0.75
8,49,hybrid,HYBRID_ALPHA0.3_BETA0.7,0.3,0.7,50,0.0,0.83803,0.62519,0.15542,1.2233,0.90173,0.07177,,0.00803,0.05589,0.75
8,49,hybrid,HYBRID_ALPHA0.4_BETA0.6,0.4,0.6,50,0.0,0.84301,0.62665,0.15316,1.22386,0.90355,0.07236,,0.00784,0.05501,0.75
8,49,hybrid,HYBRID_ALPHA0.5_BETA0.5,0.5,0.5,50,0.0,0.86787,0.63383,0.14359,1.24307,0.91373,0.07887,,0.00789,0.05897,0.8
8,49,hybrid,HYBRID_ALPHA0.6_BETA0.4,0.6,0.4,50,0.0,0.88887,0.65536,0.15518,1.24649,0.91608,0.08051,,0.00778,0.06009,0.725
8,49,hybrid,HYBRID_ALPHA0.7_BETA0.3,0.7,0.3,50,0.0,0.89427,0.64489,0.15289,1.25073,0.92019,0.09046,,0.00812,0.06226,0.7
8,49,hybrid,HYBRID_ALPHA0.8_BETA0.2,0.8,0.2,50,0.0,0.89147,0.64835,0.15584,1.26353,0.92695,0.0959,,0.00823,0.06336,0.75
8,49,hybrid,HYBRID_ALPHA0.9_BETA0.1,0.9,0.1,50,0.0,0.93418,0.67742,0.16247,1.26475,0.9286,0.09624,,0.00819,0.06354,0.75
8,49,hybrid,HYBRID_ALPHA0.1_BETA0.9,0.1,0.9,100,1.0,22.12903,1.23931,0.13686,0.7221,0.68098,0.2371,,0.01518,0.03324,0.8
8,49,hybrid,HYBRID_ALPHA0.2_BETA0.8,0.2,0.8,100,1.0,1.02337,0.65993,0.16046,0.59423,0.63362,0.21732,,0.01438,0.03099,0.725
8,49,hybrid,HYBRID_ALPHA0.3_BETA0.7,0.3,0.7,100,1.0,1.08389,0.66978,0.14445,0.54222,0.60785,0.21714,,0.0149,0.03126,0.725
8,49,hybrid,HYBRID_ALPHA0.4_BETA0.6,0.4,0.6,100,1.0,0.94873,0.63479,0.13206,0.51513,0.59951,0.21627,,0.01515,0.03199,0.675
8,49,hybrid,HYBRID_ALPHA0.5_BETA0.5,0.5,0.5,100,1.0,0.94715,0.63676,0.13313,0.50193,0.59476,0.21993,,0.01578,0.03262,0.775
8,49,hybrid,HYBRID_ALPHA0.6_BETA0.4,0.6,0.4,100,1.0,0.96811,0.63943,0.12971,0.49303,0.59403,0.22164,,0.01608,0.03313,0.775
8,49,hybrid,HYBRID_ALPHA0.7_BETA0.3,0.7,0.3,100,1.0,1.06157,0.66412,0.14296,0.49117,0.59597,0.2255,,0.01659,0.03453,0.775
8,49,hybrid,HYBRID_ALPHA0.8_BETA0.2,0.8,0.2,100,1.0,1.00601,0.65571,0.14586,0.45076,0.56433,0.19926,,0.01545,0.03297,0.725
8,49,hybrid,HYBRID_ALPHA0.9_BETA0.1,0.9,0.1,100,1.0,1.05032,0.65685,0.14214,0.44811,0.56339,0.19926,,0.01549,0.03285,0.675
8,49,hybrid,HYBRID_ALPHA0.1_BETA0.9,0.1,0.9,100,0.0,22.12903,1.23931,0.13686,1.76297,1.08331,0.13289,,0.00998,0.04869,0.8
8,49,hybrid,HYBRID_ALPHA0.2_BETA0.8,0.2,0.8,100,0.0,1.02337,0.65993,0.16046,1.52955,1.01458,0.13085,,0.0109,0.05232,0.8
8,49,hybrid,HYBRID_ALPHA0.3_BETA0.7,0.3,0.7,100,0.0,1.08389,0.66978,0.14445,1.46277,0.99992,0.13487,,0.0114,0.05474,0.825
8,49,hybrid,HYBRID_ALPHA0.4_BETA0.6,0.4,0.6,100,0.0,0.94873,0.63479,0.13206,1.42887,0.99033,0.13475,,0.01144,0.05579,0.8
8,49,hybrid,HYBRID_ALPHA0.5_BETA0.5,0.5,0.5,100,0.0,0.94715,0.63676,0.13313,1.40853,0.98417,0.13859,,0.01177,0.05699,0.8
8,49,hybrid,HYBRID_ALPHA0.6_BETA0.4,0.6,0.4,100,0.0,0.96811,0.63943,0.12971,1.39387,0.97821,0.14138,,0.01196,0.05797,0.8
8,49,hybrid,HYBRID_ALPHA0.7_BETA0.3,0.7,0.3,100,0.0,1.06157,0.66412,0.14296,1.37635,0.97047,0.1413,,0.01191,0.05899,0.825
8,49,hybrid,HYBRID_ALPHA0.8_BETA0.2,0.8,0.2,100,0.0,1.00601,0.65571,0.14586,1.30431,0.94924,0.12495,,0.0116,0.05959,0.75
8,49,hybrid,HYBRID_ALPHA0.9_BETA0.1,0.9,0.1,100,0.0,1.05032,0.65685,0.14214,1.29854,0.94614,0.12668,,0.01179,0.05957,0.725
8,49,hybrid,HYBRID_ALPHA0.1_BETA0.9,0.1,0.9,300,1.0,0.75266,0.62244,0.12382,0.63749,0.63371,0.20423,,0.01286,0.0208,0.775
8,49,hybrid,HYBRID_ALPHA0.2_BETA0.8,0.2,0.8,300,1.0,0.70483,0.59866,0.12406,0.62322,0.63307,0.21817,,0.01412,0.02449,0.7
8,49,hybrid,HYBRID_ALPHA0.3_BETA0.7,0.3,0.7,300,1.0,0.69052,0.58976,0.11655,0.91667,0.71633,0.22908,,0.00992,0.02385,0.725
8,49,hybrid,HYBRID_ALPHA0.4_BETA0.6,0.4,0.6,300,1.0,0.6855,0.58614,0.11559,0.7044,0.65645,0.20431,,0.01053,0.02424,0.675
8,49,hybrid,HYBRID_ALPHA0.5_BETA0.5,0.5,0.5,300,1.0,0.67528,0.57873,0.11983,0.59809,0.61571,0.18188,,0.01042,0.02424,0.675
8,49,hybrid,HYBRID_ALPHA0.6_BETA0.4,0.6,0.4,300,1.0,0.67408,0.5781,0.11592,0.5347,0.58615,0.15895,,0.00989,0.0239,0.725
8,49,hybrid,HYBRID_ALPHA0.7_BETA0.3,0.7,0.3,300,1.0,0.67123,0.57818,0.1127,0.49445,0.5638,0.13775,,0.00912,0.02345,0.675
8,49,hybrid,HYBRID_ALPHA0.8_BETA0.2,0.8,0.2,300,1.0,0.66983,0.57998,0.11437,0.46353,0.54694,0.12133,,0.00866,0.02316,0.675
8,49,hybrid,HYBRID_ALPHA0.9_BETA0.1,0.9,0.1,300,1.0,0.66667,0.57966,0.11339,0.4455,0.53591,0.10502,,0.00791,0.02277,0.675
8,49,hybrid,HYBRID_ALPHA0.1_BETA0.9,0.1,0.9,300,0.0,0.75266,0.62244,0.12382,1.50703,0.9936,0.09959,,0.00926,0.03918,0.725
8,49,hybrid,HYBRID_ALPHA0.2_BETA0.8,0.2,0.8,300,0.0,0.70483,0.59866,0.12406,1.54364,1.00672,0.1052,,0.00947,0.03886,0.7
8,49,hybrid,HYBRID_ALPHA0.3_BETA0.7,0.3,0.7,300,0.0,0.69052,0.58976,0.11655,1.88387,1.08557,0.11728,,0.0063,0.03398,0.7
8,49,hybrid,HYBRID_ALPHA0.4_BETA0.6,0.4,0.6,300,0.0,0.6855,0.58614,0.11559,1.64041,1.02934,0.10144,,0.00704,0.03458,0.65
8,49,hybrid,HYBRID_ALPHA0.5_BETA0.5,0.5,0.5,300,0.0,0.67528,0.57873,0.11983,1.50939,0.99355,0.08831,,0.00725,0.03482,0.575
8,49,hybrid,HYBRID_ALPHA0.6_BETA0.4,0.6,0.4,300,0.0,0.67408,0.5781,0.11592,1.42413,0.96664,0.07722,,0.00716,0.03504,0.65
8,49,hybrid,HYBRID_ALPHA0.7_BETA0.3,0.7,0.3,300,0.0,0.67123,0.57818,0.1127,1.3646,0.94815,0.06793,,0.0069,0.03499,0.625
8,49,hybrid,HYBRID_ALPHA0.8_BETA0.2,0.8,0.2,300,0.0,0.66983,0.57998,0.11437,1.31975,0.93422,0.06112,,0.0068,0.03511,0.625
8,49,hybrid,HYBRID_ALPHA0.9_BETA0.1,0.9,0.1,300,0.0,0.66667,0.57966,0.11339,1.2852,0.923,0.05481,,0.00652,0.03504,0.575
8,49,hybrid,HYBRID_ALPHA0.1_BETA0.9,0.1,0.9,500,1.0,0.83566,0.64124,0.15255,0.45735,0.55183,0.13365,,0.01034,0.02146,0.675
8,49,hybrid,HYBRID_ALPHA0.2_BETA0.8,0.2,0.8,500,1.0,0.77988,0.62489,0.14959,0.43765,0.53981,0.1269,,0.01036,0.021,0.7
8,49,hybrid,HYBRID_ALPHA0.3_BETA0.7,0.3,0.7,500,1.0,0.76856,0.62086,0.15195,0.57341,0.58199,0.08812,,0.00298,0.01722,0.625
8,49,hybrid,HYBRID_ALPHA0.4_BETA0.6,0.4,0.6,500,1.0,0.7658,0.61964,0.15339,0.47809,0.54623,0.06985,,0.00355,0.01679,0.575
8,49,hybrid,HYBRID_ALPHA0.5_BETA0.5,0.5,0.5,500,1.0,0.76058,0.6178,0.1542,0.4224,0.52016,0.05637,,0.00405,0.01651,0.65
8,49,hybrid,HYBRID_ALPHA0.6_BETA0.4,0.6,0.4,500,1.0,0.75168,0.6148,0.15282,0.37729,0.50561,0.08746,,0.00881,0.01993,0.625
8,49,hybrid,HYBRID_ALPHA0.7_BETA0.3,0.7,0.3,500,1.0,0.74645,0.61326,0.15165,0.36485,0.49768,0.08184,,0.00872,0.01959,0.625
8,49,hybrid,HYBRID_ALPHA0.8_BETA0.2,0.8,0.2,500,1.0,0.7388,0.61004,0.15103,0.35837,0.4942,0.07962,,0.00872,0.01949,0.575
8,49,hybrid,HYBRID_ALPHA0.9_BETA0.1,0.9,0.1,500,1.0,0.74145,0.61131,0.15156,0.35239,0.49073,0.07789,,0.00876,0.01942,0.65
8,49,hybrid,HYBRID_ALPHA0.1_BETA0.9,0.1,0.9,500,0.0,0.83566,0.64124,0.15255,1.31443,0.93736,0.10175,,0.00965,0.04972,0.75
8,49,hybrid,HYBRID_ALPHA0.2_BETA0.8,0.2,0.8,500,0.0,0.77988,0.62489,0.14959,1.29308,0.93406,0.10284,,0.00967,0.05056,0.65
8,49,hybrid,HYBRID_ALPHA0.3_BETA0.7,0.3,0.7,500,0.0,0.76856,0.62086,0.15195,1.37316,0.94286,0.05093,,0.00456,0.04087,0.65
8,49,hybrid,HYBRID_ALPHA0.4_BETA0.6,0.4,0.6,500,0.0,0.7658,0.61964,0.15339,1.26949,0.91254,0.04178,,0.00504,0.04172,0.65
8,49,hybrid,HYBRID_ALPHA0.5_BETA0.5,0.5,0.5,500,0.0,0.76058,0.6178,0.1542,1.20429,0.89144,0.03567,,0.00539,0.04222,0.675
8,49,hybrid,HYBRID_ALPHA0.6_BETA0.4,0.6,0.4,500,0.0,0.75168,0.6148,0.15282,1.19622,0.89772,0.07147,,0.0086,0.04873,0.75
8,49,hybrid,HYBRID_ALPHA0.7_BETA0.3,0.7,0.3,500,0.0,0.74645,0.61326,0.15165,1.17275,0.89114,0.06662,,0.00842,0.04839,0.725
8,49,hybrid,HYBRID_ALPHA0.8_BETA0.2,0.8,0.2,500,0.0,0.7388,0.61004,0.15103,1.16222,0.88837,0.06502,,0.00838,0.0485,0.675
8,49,hybrid,HYBRID_ALPHA0.9_BETA0.1,0.9,0.1,500,0.0,0.74145,0.61131,0.15156,1.15052,0.88451,0.06232,,0.00829,0.04829,0.7
8,49,mse,MSE,1.0,0.0,50,1.0,0.90605,0.66622,0.15494,0.5395,0.59846,0.2267,,0.01538,0.03968,0.725
8,49,mse,MSE,1.0,0.0,50,0.0,0.90605,0.66622,0.15494,1.27236,0.93393,0.10716,,0.00868,0.06595,0.675
8,49,mse,MSE,1.0,0.0,100,1.0,1.04717,0.65672,0.14196,0.44657,0.56354,0.19765,,0.01538,0.0332,0.725
8,49,mse,MSE,1.0,0.0,100,0.0,1.04717,0.65672,0.14196,1.29296,0.9435,0.12604,,0.01177,0.05949,0.725
8,49,mse,MSE,1.0,0.0,300,1.0,0.66458,0.57977,0.11267,0.43597,0.52839,0.09163,,0.00727,0.02253,0.7
8,49,mse,MSE,1.0,0.0,300,0.0,0.66458,0.57977,0.11267,1.26129,0.91389,0.05027,,0.00631,0.03498,0.65
8,49,mse,MSE,1.0,0.0,500,1.0,0.73988,0.61103,0.15159,0.34683,0.48732,0.07648,,0.00884,0.01946,0.6
8,49,mse,MSE,1.0,0.0,500,0.0,0.73988,0.61103,0.15159,1.13814,0.88008,0.05865,,0.00817,0.04795,0.675
9,50,hsic,HSIC,0.0,1.0,50,1.0,1.67892,0.83134,0.28136,1.00998,0.81843,0.23662,,0.01005,0.114,0.75
9,50,hsic,HSIC,0.0,1.0,50,0.0,1.67892,0.83134,0.28136,1.41043,0.99707,0.1251,,0.00944,0.06227,0.7
9,50,hsic,HSIC,0.0,1.0,100,1.0,1.42231,1.00319,0.10281,1.10093,0.84923,0.16583,,0.00817,0.11795,0.7
9,50,hsic,HSIC,0.0,1.0,100,0.0,1.42231,1.00319,0.10281,1.51013,0.99595,0.10054,,0.0083,0.0662,0.7
9,50,hsic,HSIC,0.0,1.0,300,1.0,1.6207,0.94279,0.06527,1.07422,0.85384,0.50925,,0.03203,0.08072,0.7
9,50,hsic,HSIC,0.0,1.0,300,0.0,1.6207,0.94279,0.06527,1.74483,1.12957,0.27798,,0.01762,0.04081,0.525
9,50,hsic,HSIC,0.0,1.0,500,1.0,1.66252,0.95248,0.09298,1.32259,0.95383,0.18644,,0.00867,0.06556,0.6
9,50,hsic,HSIC,0.0,1.0,500,0.0,1.66252,0.95248,0.09298,1.68579,1.05112,0.1141,,0.0091,0.02691,0.625
9,50,hybrid,HYBRID_ALPHA0.1_BETA0.9,0.1,0.9,50,1.0,1.27958,0.93805,0.1221,0.52948,0.583,0.14645,,0.0122,0.01931,0.75
9,50,hybrid,HYBRID_ALPHA0.2_BETA0.8,0.2,0.8,50,1.0,0.96372,0.68759,0.18743,0.53488,0.57591,0.15464,,0.01271,0.02059,0.7
9,50,hybrid,HYBRID_ALPHA0.3_BETA0.7,0.3,0.7,50,1.0,0.91937,0.6714,0.18668,0.53004,0.57364,0.1556,,0.01285,0.02077,0.7
9,50,hybrid,HYBRID_ALPHA0.4_BETA0.6,0.4,0.6,50,1.0,0.91276,0.67065,0.1838,0.53166,0.58029,0.15174,,0.01294,0.02007,0.725
9,50,hybrid,HYBRID_ALPHA0.5_BETA0.5,0.5,0.5,50,1.0,0.9589,0.68479,0.18369,0.92709,0.72653,0.28393,,0.01993,0.0304,0.75
9,50,hybrid,HYBRID_ALPHA0.6_BETA0.4,0.6,0.4,50,1.0,0.96496,0.70048,0.18819,0.75987,0.67517,0.25666,,0.01868,0.02763,0.725
9,50,hybrid,HYBRID_ALPHA0.7_BETA0.3,0.7,0.3,50,1.0,0.9498,0.69718,0.18297,0.70229,0.65297,0.24623,,0.01872,0.02643,0.675
9,50,hybrid,HYBRID_ALPHA0.8_BETA0.2,0.8,0.2,50,1.0,0.86217,0.65197,0.16409,0.6606,0.64054,0.2462,,0.01904,0.02683,0.775
9,50,hybrid,HYBRID_ALPHA0.9_BETA0.1,0.9,0.1,50,1.0,0.85913,0.65215,0.16327,0.61306,0.62498,0.24156,,0.01934,0.02752,0.7
9,50,hybrid,HYBRID_ALPHA0.1_BETA0.9,0.1,0.9,50,0.0,1.27958,0.93805,0.1221,1.31418,0.9439,0.11333,,0.01035,0.04007,0.825
9,50,hybrid,HYBRID_ALPHA0.2_BETA0.8,0.2,0.8,50,0.0,0.96372,0.68759,0.18743,1.33247,0.9507,0.123,,0.01037,0.04125,0.75
9,50,hybrid,HYBRID_ALPHA0.3_BETA0.7,0.3,0.7,50,0.0,0.91937,0.6714,0.18668,1.3289,0.95078,0.12375,,0.01047,0.04135,0.8
9,50,hybrid,HYBRID_ALPHA0.4_BETA0.6,0.4,0.6,50,0.0,0.91276,0.67065,0.1838,1.30295,0.94229,0.11051,,0.01013,0.03976,0.825
9,50,hybrid,HYBRID_ALPHA0.5_BETA0.5,0.5,0.5,50,0.0,0.9589,0.68479,0.18369,1.74709,1.04405,0.13256,,0.01084,0.02657,0.625
9,50,hybrid,HYBRID_ALPHA0.6_BETA0.4,0.6,0.4,50,0.0,0.96496,0.70048,0.18819,1.5494,0.99661,0.11309,,0.01035,0.03069,0.675
9,50,hybrid,HYBRID_ALPHA0.7_BETA0.3,0.7,0.3,50,0.0,0.9498,0.69718,0.18297,1.49041,0.98115,0.10936,,0.01039,0.03161,0.725
9,50,hybrid,HYBRID_ALPHA0.8_BETA0.2,0.8,0.2,50,0.0,0.86217,0.65197,0.16409,1.46236,0.97581,0.10883,,0.01053,0.03282,0.625
9,50,hybrid,HYBRID_ALPHA0.9_BETA0.1,0.9,0.1,50,0.0,0.85913,0.65215,0.16327,1.42757,0.96792,0.10705,,0.01065,0.03439,0.65
9,50,hybrid,HYBRID_ALPHA0.1_BETA0.9,0.1,0.9,100,1.0,1.17108,0.82332,0.14328,0.59258,0.64183,0.29507,,0.02141,0.02996,0.75
9,50,hybrid,HYBRID_ALPHA0.2_BETA0.8,0.2,0.8,100,1.0,0.94472,0.72022,0.10865,0.60555,0.63885,0.27188,,0.0202,0.02817,0.775
9,50,hybrid,HYBRID_ALPHA0.3_BETA0.7,0.3,0.7,100,1.0,1.19904,0.7592,0.23577,0.55441,0.60012,0.15257,,0.0128,0.01685,0.75
9,50,hybrid,HYBRID_ALPHA0.4_BETA0.6,0.4,0.6,100,1.0,0.76482,0.61441,0.12819,0.51534,0.58579,0.18044,,0.01448,0.02024,0.725
9,50,hybrid,HYBRID_ALPHA0.5_BETA0.5,0.5,0.5,100,1.0,0.82158,0.61377,0.12705,0.50822,0.58332,0.17844,,0.01411,0.0201,0.7
9,50,hybrid,HYBRID_ALPHA0.6_BETA0.4,0.6,0.4,100,1.0,0.78185,0.61458,0.13101,0.49159,0.57651,0.17059,,0.0134,0.01991,0.775
9,50,hybrid,HYBRID_ALPHA0.7_BETA0.3,0.7,0.3,100,1.0,0.81192,0.61832,0.13072,0.47818,0.56923,0.16187,,0.0129,0.01913,0.75
9,50,hybrid,HYBRID_ALPHA0.8_BETA0.2,0.8,0.2,100,1.0,0.85022,0.61956,0.13195,0.46963,0.563,0.15764,,0.01276,0.01877,0.7
9,50,hybrid,HYBRID_ALPHA0.9_BETA0.1,0.9,0.1,100,1.0,0.83929,0.61501,0.12895,0.48839,0.57268,0.17898,,0.01423,0.02079,0.7
9,50,hybrid,HYBRID_ALPHA0.1_BETA0.9,0.1,0.9,100,0.0,1.17108,0.82332,0.14328,1.56763,1.05166,0.21381,,0.01551,0.04972,0.75
9,50,hybrid,HYBRID_ALPHA0.2_BETA0.8,0.2,0.8,100,0.0,0.94472,0.72022,0.10865,1.58508,1.04768,0.20501,,0.01519,0.05212,0.8
9,50,hybrid,HYBRID_ALPHA0.3_BETA0.7,0.3,0.7,100,0.0,1.19904,0.7592,0.23577,1.40788,0.96155,0.10174,,0.00975,0.04052,0.775
9,50,hybrid,HYBRID_ALPHA0.4_BETA0.6,0.4,0.6,100,0.0,0.76482,0.61441,0.12819,1.33297,0.94258,0.09891,,0.00996,0.04044,0.775
9,50,hybrid,HYBRID_ALPHA0.5_BETA0.5,0.5,0.5,100,0.0,0.82158,0.61377,0.12705,1.3308,0.94332,0.10244,,0.01019,0.04224,0.8
9,50,hybrid,HYBRID_ALPHA0.6_BETA0.4,0.6,0.4,100,0.0,0.78185,0.61458,0.13101,1.31428,0.94147,0.10217,,0.01023,0.04267,0.8
9,50,hybrid,HYBRID_ALPHA0.7_BETA0.3,0.7,0.3,100,0.0,0.81192,0.61832,0.13072,1.3153,0.94194,0.10457,,0.01037,0.04374,0.8
9,50,hybrid,HYBRID_ALPHA0.8_BETA0.2,0.8,0.2,100,0.0,0.85022,0.61956,0.13195,1.32862,0.94799,0.11073,,0.01069,0.04551,0.8
9,50,hybrid,HYBRID_ALPHA0.9_BETA0.1,0.9,0.1,100,0.0,0.83929,0.61501,0.12895,1.37728,0.96896,0.13015,,0.01172,0.04837,0.675
9,50,hybrid,HYBRID_ALPHA0.1_BETA0.9,0.1,0.9,300,1.0,0.81782,0.72092,0.08076,0.65256,0.63725,0.20046,,0.01056,0.03534,0.65
9,50,hybrid,HYBRID_ALPHA0.2_BETA0.8,0.2,0.8,300,1.0,0.76783,0.65244,0.13517,0.48705,0.56765,0.14724,,0.0098,0.03311,0.65
9,50,hybrid,HYBRID_ALPHA0.3_BETA0.7,0.3,0.7,300,1.0,0.71519,0.60483,0.10481,0.43543,0.54016,0.11969,,0.00961,0.0299,0.675
9,50,hybrid,HYBRID_ALPHA0.4_BETA0.6,0.4,0.6,300,1.0,0.70863,0.59129,0.10991,0.38237,0.50778,0.06966,,0.0071,0.01891,0.625
9,50,hybrid,HYBRID_ALPHA0.5_BETA0.5,0.5,0.5,300,1.0,0.7105,0.59401,0.1084,0.36286,0.49595,0.05647,,0.00671,0.01554,0.6
9,50,hybrid,HYBRID_ALPHA0.6_BETA0.4,0.6,0.4,300,1.0,0.70636,0.59589,0.10826,0.35844,0.48929,0.04883,,0.00631,0.01361,0.575
9,50,hybrid,HYBRID_ALPHA0.7_BETA0.3,0.7,0.3,300,1.0,0.70602,0.59133,0.1064,0.37462,0.49122,0.04238,,0.00538,0.01234,0.575
9,50,hybrid,HYBRID_ALPHA0.8_BETA0.2,0.8,0.2,300,1.0,0.71583,0.60153,0.11661,0.3557,0.48282,0.03893,,0.00591,0.01208,0.575
9,50,hybrid,HYBRID_ALPHA0.9_BETA0.1,0.9,0.1,300,1.0,0.71582,0.60265,0.1177,0.40738,0.50532,0.03403,,0.00416,0.01202,0.55
9,50,hybrid,HYBRID_ALPHA0.1_BETA0.9,0.1,0.9,300,0.0,0.81782,0.72092,0.08076,1.55855,1.01899,0.10137,,0.00766,0.03009,0.6
9,50,hybrid,HYBRID_ALPHA0.2_BETA0.8,0.2,0.8,300,0.0,0.76783,0.65244,0.13517,1.31819,0.94171,0.08456,,0.0086,0.03307,0.7
9,50,hybrid,HYBRID_ALPHA0.3_BETA0.7,0.3,0.7,300,0.0,0.71519,0.60483,0.10481,1.2431,0.917,0.07955,,0.0088,0.03442,0.65
9,50,hybrid,HYBRID_ALPHA0.4_BETA0.6,0.4,0.6,300,0.0,0.70863,0.59129,0.10991,1.15828,0.88308,0.05567,,0.00767,0.03395,0.65
9,50,hybrid,HYBRID_ALPHA0.5_BETA0.5,0.5,0.5,300,0.0,0.7105,0.59401,0.1084,1.13083,0.87709,0.0453,,0.00729,0.03403,0.65
9,50,hybrid,HYBRID_ALPHA0.6_BETA0.4,0.6,0.4,300,0.0,0.70636,0.59589,0.10826,1.12068,0.87423,0.03897,,0.00695,0.03392,0.65
9,50,hybrid,HYBRID_ALPHA0.7_BETA0.3,0.7,0.3,300,0.0,0.70602,0.59133,0.1064,1.1302,0.88043,0.03315,,0.00627,0.03379,0.625
9,50,hybrid,HYBRID_ALPHA0.8_BETA0.2,0.8,0.2,300,0.0,0.71583,0.60153,0.11661,1.10698,0.87477,0.03266,,0.00661,0.03414,0.65
9,50,hybrid,HYBRID_ALPHA0.9_BETA0.1,0.9,0.1,300,0.0,0.71582,0.60265,0.1177,1.15193,0.89147,0.02831,,0.00539,0.03408,0.725
9,50,hybrid,HYBRID_ALPHA0.1_BETA0.9,0.1,0.9,500,1.0,0.89414,0.74651,0.09341,0.69916,0.66036,0.20858,,0.01112,0.02558,0.625
9,50,hybrid,HYBRID_ALPHA0.2_BETA0.8,0.2,0.8,500,1.0,0.82854,0.63899,0.13136,0.66988,0.6416,0.16926,,0.0077,0.02195,0.625
9,50,hybrid,HYBRID_ALPHA0.3_BETA0.7,0.3,0.7,500,1.0,0.75114,0.61821,0.13204,0.43477,0.53768,0.12253,,0.01067,0.01949,0.575
9,50,hybrid,HYBRID_ALPHA0.4_BETA0.6,0.4,0.6,500,1.0,0.73244,0.60987,0.13074,0.42079,0.52961,0.11249,,0.01006,0.01877,0.65
9,50,hybrid,HYBRID_ALPHA0.5_BETA0.5,0.5,0.5,500,1.0,0.73433,0.61184,0.13274,0.39961,0.51348,0.09031,,0.00884,0.0167,0.6
9,50,hybrid,HYBRID_ALPHA0.6_BETA0.4,0.6,0.4,500,1.0,0.73882,0.6133,0.13448,0.39498,0.51038,0.08981,,0.00876,0.01673,0.6
9,50,hybrid,HYBRID_ALPHA0.7_BETA0.3,0.7,0.3,500,1.0,0.74423,0.6162,0.1374,0.36911,0.49912,0.08305,,0.00881,0.01903,0.675
9,50,hybrid,HYBRID_ALPHA0.8_BETA0.2,0.8,0.2,500,1.0,0.73705,0.61339,0.13616,0.35737,0.49234,0.07719,,0.00867,0.0186,0.675
9,50,hybrid,HYBRID_ALPHA0.9_BETA0.1,0.9,0.1,500,1.0,0.73903,0.61384,0.13711,0.3418,0.48131,0.06716,,0.00854,0.01792,0.6
9,50,hybrid,HYBRID_ALPHA0.1_BETA0.9,0.1,0.9,500,0.0,0.89414,0.74651,0.09341,1.55619,1.01446,0.10753,,0.00853,0.03482,0.6
9,50,hybrid,HYBRID_ALPHA0.2_BETA0.8,0.2,0.8,500,0.0,0.82854,0.63899,0.13136,1.5111,0.99885,0.0905,,0.00691,0.03539,0.525
9,50,hybrid,HYBRID_ALPHA0.3_BETA0.7,0.3,0.7,500,0.0,0.75114,0.61821,0.13204,1.25942,0.92913,0.10374,,0.00993,0.04434,0.7
9,50,hybrid,HYBRID_ALPHA0.4_BETA0.6,0.4,0.6,500,0.0,0.73244,0.60987,0.13074,1.24845,0.92627,0.1031,,0.00984,0.04481,0.725
9,50,hybrid,HYBRID_ALPHA0.5_BETA0.5,0.5,0.5,500,0.0,0.73433,0.61184,0.13274,1.23369,0.92143,0.0995,,0.00966,0.04569,0.65
9,50,hybrid,HYBRID_ALPHA0.6_BETA0.4,0.6,0.4,500,0.0,0.73882,0.6133,0.13448,1.2308,0.92025,0.09863,,0.0096,0.04598,0.675
9,50,hybrid,HYBRID_ALPHA0.7_BETA0.3,0.7,0.3,500,0.0,0.74423,0.6162,0.1374,1.15698,0.8853,0.06056,,0.00813,0.04004,0.625
9,50,hybrid,HYBRID_ALPHA0.8_BETA0.2,0.8,0.2,500,0.0,0.73705,0.61339,0.13616,1.13945,0.88016,0.05744,,0.00806,0.04038,0.6
9,50,hybrid,HYBRID_ALPHA0.9_BETA0.1,0.9,0.1,500,0.0,0.73903,0.61384,0.13711,1.11489,0.87257,0.05044,,0.0079,0.04012,0.675
9,50,mse,MSE,1.0,0.0,50,1.0,0.88169,0.6624,0.16991,0.56607,0.60751,0.23045,,0.0186,0.02723,0.725
9,50,mse,MSE,1.0,0.0,50,0.0,0.88169,0.6624,0.16991,1.39533,0.96108,0.10612,,0.01075,0.03705,0.675
9,50,mse,MSE,1.0,0.0,100,1.0,0.79263,0.60592,0.1292,0.52955,0.59979,0.21608,,0.01677,0.02416,0.7
9,50,mse,MSE,1.0,0.0,100,0.0,0.79263,0.60592,0.1292,1.45075,0.99885,0.156,,0.01316,0.05102,0.8
9,50,mse,MSE,1.0,0.0,300,1.0,0.71651,0.60326,0.11788,0.4204,0.51047,0.03165,,0.00389,0.01231,0.55
9,50,mse,MSE,1.0,0.0,300,0.0,0.71651,0.60326,0.11788,1.15992,0.89479,0.02732,,0.00516,0.03432,0.675
9,50,mse,MSE,1.0,0.0,500,1.0,0.74023,0.61434,0.13827,0.33367,0.47865,0.06281,,0.0085,0.0177,0.625
9,50,mse,MSE,1.0,0.0,500,0.0,0.74023,0.61434,0.13827,1.10172,0.86987,0.04828,,0.00788,0.04035,0.65
10,51,hsic,HSIC,0.0,1.0,50,1.0,1.81533,0.83734,0.24744,0.64155,0.67659,0.18146,,0.01206,0.10699,0.8
10,51,hsic,HSIC,0.0,1.0,50,0.0,1.81533,0.83734,0.24744,1.68417,1.01167,0.06255,,0.00935,0.02103,0.575
10,51,hsic,HSIC,0.0,1.0,100,1.0,1.54464,0.99293,0.14397,1.03902,0.82357,0.16961,,0.008,0.06564,0.7
10,51,hsic,HSIC,0.0,1.0,100,0.0,1.54464,0.99293,0.14397,1.44366,0.98871,0.10384,,0.00841,0.03815,0.6
10,51,hsic,HSIC,0.0,1.0,300,1.0,1.95537,1.15067,0.14832,0.88677,0.729,0.07473,,0.0,0.031,0.65
10,51,hsic,HSIC,0.0,1.0,300,0.0,1.95537,1.15067,0.14832,1.7479,1.05383,0.04946,,0.00183,0.01797,0.6
10,51,hsic,HSIC,0.0,1.0,500,1.0,1.24129,0.82848,0.11315,1.31105,0.94193,0.14968,,0.00699,0.06313,0.7
10,51,hsic,HSIC,0.0,1.0,500,0.0,1.24129,0.82848,0.11315,1.62523,1.02827,0.10796,,0.00854,0.03067,0.575
10,51,hybrid,HYBRID_ALPHA0.1_BETA0.9,0.1,0.9,50,1.0,0.96896,0.66928,0.14888,0.83917,0.7596,0.11271,,0.01002,0.05571,0.575
10,51,hybrid,HYBRID_ALPHA0.2_BETA0.8,0.2,0.8,50,1.0,1.31781,0.73035,0.19256,0.70692,0.69231,0.06222,,0.00722,0.06524,0.675
10,51,hybrid,HYBRID_ALPHA0.3_BETA0.7,0.3,0.7,50,1.0,1.34827,0.74137,0.20148,0.78819,0.72592,0.04217,,0.00316,0.07755,0.65
10,51,hybrid,HYBRID_ALPHA0.4_BETA0.6,0.4,0.6,50,1.0,1.34225,0.74362,0.20378,0.74366,0.69065,0.03366,,0.0023,0.06327,0.675
10,51,hybrid,HYBRID_ALPHA0.5_BETA0.5,0.5,0.5,50,1.0,1.34076,0.74481,0.20545,0.7904,0.69908,0.04043,,0.00236,0.06279,0.6
10,51,hybrid,HYBRID_ALPHA0.6_BETA0.4,0.6,0.4,50,1.0,1.34302,0.75198,0.21134,0.92628,0.80534,0.48344,,0.03253,0.05002,0.7
10,51,hybrid,HYBRID_ALPHA0.7_BETA0.3,0.7,0.3,50,1.0,1.28933,0.73843,0.20805,0.89814,0.79639,0.47849,,0.03252,0.04997,0.675
10,51,hybrid,HYBRID_ALPHA0.8_BETA0.2,0.8,0.2,50,1.0,1.02022,0.68311,0.18266,0.91096,0.8006,0.48128,,0.03236,0.05007,0.675
10,51,hybrid,HYBRID_ALPHA0.9_BETA0.1,0.9,0.1,50,1.0,1.01229,0.67917,0.176,0.819,0.77015,0.46761,,0.03095,0.04484,0.675
10,51,hybrid,HYBRID_ALPHA0.1_BETA0.9,0.1,0.9,50,0.0,0.96896,0.66928,0.14888,1.22814,0.89565,0.05059,,0.00766,0.03149,0.525
10,51,hybrid,HYBRID_ALPHA0.2_BETA0.8,0.2,0.8,50,0.0,1.31781,0.73035,0.19256,1.14086,0.86321,0.03572,,0.00759,0.03091,0.575
10,51,hybrid,HYBRID_ALPHA0.3_BETA0.7,0.3,0.7,50,0.0,1.34827,0.74137,0.20148,1.06102,0.83263,0.02908,,0.00604,0.03376,0.7
10,51,hybrid,HYBRID_ALPHA0.4_BETA0.6,0.4,0.6,50,0.0,1.34225,0.74362,0.20378,1.25433,0.8939,0.06052,,0.00616,0.03776,0.65
10,51,hybrid,HYBRID_ALPHA0.5_BETA0.5,0.5,0.5,50,0.0,1.34076,0.74481,0.20545,1.27084,0.90078,0.05188,,0.00492,0.03504,0.65
10,51,hybrid,HYBRID_ALPHA0.6_BETA0.4,0.6,0.4,50,0.0,1.34302,0.75198,0.21134,1.60671,1.09136,0.25959,,0.01889,0.04221,0.575
10,51,hybrid,HYBRID_ALPHA0.7_BETA0.3,0.7,0.3,50,0.0,1.28933,0.73843,0.20805,1.63382,1.10077,0.26594,,0.01884,0.04211,0.6
10,51,hybrid,HYBRID_ALPHA0.8_BETA0.2,0.8,0.2,50,0.0,1.02022,0.68311,0.18266,1.63887,1.10325,0.26759,,0.01892,0.04188,0.55
10,51,hybrid,HYBRID_ALPHA0.9_BETA0.1,0.9,0.1,50,0.0,1.01229,0.67917,0.176,1.59823,1.09133,0.26084,,0.018,0.04306,0.65
10,51,hybrid,HYBRID_ALPHA0.1_BETA0.9,0.1,0.9,100,1.0,0.97272,0.74561,0.15228,0.77678,0.70144,0.28915,,0.01892,0.03168,0.725
10,51,hybrid,HYBRID_ALPHA0.2_BETA0.8,0.2,0.8,100,1.0,0.83083,0.65344,0.1539,0.65574,0.66322,0.30647,,0.0222,0.03415,0.6
10,51,hybrid,HYBRID_ALPHA0.3_BETA0.7,0.3,0.7,100,1.0,0.81271,0.66742,0.15672,0.66152,0.66356,0.30473,,0.02207,0.0339,0.625
10,51,hybrid,HYBRID_ALPHA0.4_BETA0.6,0.4,0.6,100,1.0,0.83228,0.65588,0.14558,0.6638,0.66505,0.30663,,0.02219,0.03411,0.6
10,51,hybrid,HYBRID_ALPHA0.5_BETA0.5,0.5,0.5,100,1.0,0.82387,0.65442,0.14773,0.62376,0.64286,0.28065,,0.02029,0.03228,0.575
10,51,hybrid,HYBRID_ALPHA0.6_BETA0.4,0.6,0.4,100,1.0,0.82049,0.65298,0.14877,0.60526,0.63412,0.26274,,0.01926,0.03134,0.65
10,51,hybrid,HYBRID_ALPHA0.7_BETA0.3,0.7,0.3,100,1.0,0.77971,0.6228,0.15456,0.58334,0.63117,0.28761,,0.02005,0.03058,0.675
10,51,hybrid,HYBRID_ALPHA0.8_BETA0.2,0.8,0.2,100,1.0,0.74552,0.61718,0.15151,0.58669,0.62533,0.25728,,0.01884,0.03153,0.65
10,51,hybrid,HYBRID_ALPHA0.9_BETA0.1,0.9,0.1,100,1.0,0.76572,0.624,0.15815,0.58428,0.62499,0.25642,,0.01896,0.03199,0.65
10,51,hybrid,HYBRID_ALPHA0.1_BETA0.9,0.1,0.9,100,0.0,0.97272,0.74561,0.15228,1.92823,1.11968,0.13233,,0.01097,0.05036,0.675
10,51,hybrid,HYBRID_ALPHA0.2_BETA0.8,0.2,0.8,100,0.0,0.83083,0.65344,0.1539,1.6695,1.07286,0.22089,,0.01568,0.06177,0.75
10,51,hybrid,HYBRID_ALPHA0.3_BETA0.7,0.3,0.7,100,0.0,0.81271,0.66742,0.15672,1.67782,1.07352,0.21983,,0.01566,0.06263,0.8
10,51,hybrid,HYBRID_ALPHA0.4_BETA0.6,0.4,0.6,100,0.0,0.83228,0.65588,0.14558,1.67663,1.074,0.22055,,0.01574,0.06334,0.75
10,51,hybrid,HYBRID_ALPHA0.5_BETA0.5,0.5,0.5,100,0.0,0.82387,0.65442,0.14773,1.62069,1.05368,0.20645,,0.01485,0.06438,0.75
10,51,hybrid,HYBRID_ALPHA0.6_BETA0.4,0.6,0.4,100,0.0,0.82049,0.65298,0.14877,1.58482,1.04188,0.19587,,0.0145,0.06607,0.8
10,51,hybrid,HYBRID_ALPHA0.7_BETA0.3,0.7,0.3,100,0.0,0.77971,0.6228,0.15456,1.56419,1.03696,0.19845,,0.01396,0.06422,0.75
10,51,hybrid,HYBRID_ALPHA0.8_BETA0.2,0.8,0.2,100,0.0,0.74552,0.61718,0.15151,1.53593,1.0276,0.18836,,0.01413,0.06893,0.75
10,51,hybrid,HYBRID_ALPHA0.9_BETA0.1,0.9,0.1,100,0.0,0.76572,0.624,0.15815,1.53942,1.0253,0.18857,,0.01426,0.06887,0.75
10,51,hybrid,HYBRID_ALPHA0.1_BETA0.9,0.1,0.9,300,1.0,0.87987,0.62584,0.13724,0.54376,0.59858,0.16253,,0.01132,0.02457,0.6
10,51,hybrid,HYBRID_ALPHA0.2_BETA0.8,0.2,0.8,300,1.0,0.88943,0.627,0.1362,0.43735,0.5404,0.12922,,0.0105,0.02306,0.625
10,51,hybrid,HYBRID_ALPHA0.3_BETA0.7,0.3,0.7,300,1.0,0.79142,0.61004,0.12784,0.42336,0.53382,0.12102,,0.01028,0.02279,0.6
10,51,hybrid,HYBRID_ALPHA0.4_BETA0.6,0.4,0.6,300,1.0,0.79429,0.61714,0.13717,0.41787,0.53017,0.11653,,0.01008,0.0224,0.6
10,51,hybrid,HYBRID_ALPHA0.5_BETA0.5,0.5,0.5,300,1.0,0.78341,0.61421,0.13626,0.40244,0.51527,0.081,,0.00821,0.02513,0.525
10,51,hybrid,HYBRID_ALPHA0.6_BETA0.4,0.6,0.4,300,1.0,0.78012,0.61456,0.1377,0.39479,0.51114,0.07784,,0.00806,0.02466,0.575
10,51,hybrid,HYBRID_ALPHA0.7_BETA0.3,0.7,0.3,300,1.0,0.79256,0.61818,0.13958,0.3874,0.5075,0.07604,,0.00799,0.02427,0.525
10,51,hybrid,HYBRID_ALPHA0.8_BETA0.2,0.8,0.2,300,1.0,0.78954,0.61738,0.13993,0.38761,0.50902,0.08782,,0.00836,0.02395,0.525
10,51,hybrid,HYBRID_ALPHA0.9_BETA0.1,0.9,0.1,300,1.0,0.78385,0.6159,0.13961,0.35266,0.48645,0.05693,,0.00764,0.02203,0.5
10,51,hybrid,HYBRID_ALPHA0.1_BETA0.9,0.1,0.9,300,0.0,0.87987,0.62584,0.13724,1.47375,0.98701,0.09976,,0.00987,0.04258,0.575
10,51,hybrid,HYBRID_ALPHA0.2_BETA0.8,0.2,0.8,300,0.0,0.88943,0.627,0.1362,1.30401,0.93643,0.09997,,0.00958,0.04917,0.625
10,51,hybrid,HYBRID_ALPHA0.3_BETA0.7,0.3,0.7,300,0.0,0.79142,0.61004,0.12784,1.28255,0.93194,0.10162,,0.00955,0.04991,0.65
10,51,hybrid,HYBRID_ALPHA0.4_BETA0.6,0.4,0.6,300,0.0,0.79429,0.61714,0.13717,1.2752,0.93051,0.10273,,0.00952,0.05045,0.65
10,51,hybrid,HYBRID_ALPHA0.5_BETA0.5,0.5,0.5,300,0.0,0.78341,0.61421,0.13626,1.20847,0.90176,0.07163,,0.00822,0.04628,0.65
10,51,hybrid,HYBRID_ALPHA0.6_BETA0.4,0.6,0.4,300,0.0,0.78012,0.61456,0.1377,1.19058,0.89571,0.06938,,0.00814,0.04629,0.6
10,51,hybrid,HYBRID_ALPHA0.7_BETA0.3,0.7,0.3,300,0.0,0.79256,0.61818,0.13958,1.17489,0.89003,0.06732,,0.00808,0.04636,0.625
10,51,hybrid,HYBRID_ALPHA0.8_BETA0.2,0.8,0.2,300,0.0,0.78954,0.61738,0.13993,1.17128,0.89074,0.07547,,0.00811,0.0463,0.575
10,51,hybrid,HYBRID_ALPHA0.9_BETA0.1,0.9,0.1,300,0.0,0.78385,0.6159,0.13961,1.11057,0.86869,0.05321,,0.00778,0.04569,0.625
10,51,hybrid,HYBRID_ALPHA0.1_BETA0.9,0.1,0.9,500,1.0,0.74718,0.65352,0.11885,0.54349,0.59588,0.15526,,0.01106,0.02177,0.65
10,51,hybrid,HYBRID_ALPHA0.2_BETA0.8,0.2,0.8,500,1.0,0.71936,0.61231,0.12324,0.43377,0.5373,0.12314,,0.01058,0.01962,0.725
10,51,hybrid,HYBRID_ALPHA0.3_BETA0.7,0.3,0.7,500,1.0,0.71612,0.6021,0.12952,0.4093,0.52191,0.10991,,0.01005,0.01854,0.725
10,51,hybrid,HYBRID_ALPHA0.4_BETA0.6,0.4,0.6,500,1.0,0.7085,0.59522,0.12618,0.39967,0.51569,0.10331,,0.00947,0.01814,0.7
10,51,hybrid,HYBRID_ALPHA0.5_BETA0.5,0.5,0.5,500,1.0,0.69281,0.58496,0.12124,0.43401,0.52438,0.06703,,0.00413,0.01612,0.7
10,51,hybrid,HYBRID_ALPHA0.6_BETA0.4,0.6,0.4,500,1.0,0.70427,0.593,0.13009,0.39583,0.50507,0.05631,,0.00448,0.01572,0.7
10,51,hybrid,HYBRID_ALPHA0.7_BETA0.3,0.7,0.3,500,1.0,0.71021,0.59738,0.13269,0.3701,0.4937,0.05069,,0.00503,0.01556,0.6
10,51,hybrid,HYBRID_ALPHA0.8_BETA0.2,0.8,0.2,500,1.0,0.71355,0.59944,0.13413,0.35706,0.48749,0.04658,,0.00532,0.01541,0.625
10,51,hybrid,HYBRID_ALPHA0.9_BETA0.1,0.9,0.1,500,1.0,0.70543,0.59049,0.1348,0.34838,0.48456,0.04421,,0.00562,0.01537,0.625
10,51,hybrid,HYBRID_ALPHA0.1_BETA0.9,0.1,0.9,500,0.0,0.74718,0.65352,0.11885,1.52289,0.99639,0.0886,,0.00919,0.0357,0.65
10,51,hybrid,HYBRID_ALPHA0.2_BETA0.8,0.2,0.8,500,0.0,0.71936,0.61231,0.12324,1.33532,0.93845,0.08453,,0.0092,0.03972,0.6
10,51,hybrid,HYBRID_ALPHA0.3_BETA0.7,0.3,0.7,500,0.0,0.71612,0.6021,0.12952,1.28688,0.9247,0.08481,,0.00908,0.04052,0.6
10,51,hybrid,HYBRID_ALPHA0.4_BETA0.6,0.4,0.6,500,0.0,0.7085,0.59522,0.12618,1.26349,0.91838,0.08397,,0.00886,0.04077,0.65
10,51,hybrid,HYBRID_ALPHA0.5_BETA0.5,0.5,0.5,500,0.0,0.69281,0.58496,0.12124,1.26472,0.90892,0.04243,,0.00551,0.03532,0.65
10,51,hybrid,HYBRID_ALPHA0.6_BETA0.4,0.6,0.4,500,0.0,0.70427,0.593,0.13009,1.21321,0.89318,0.03736,,0.00571,0.03523,0.65
10,51,hybrid,HYBRID_ALPHA0.7_BETA0.3,0.7,0.3,500,0.0,0.71021,0.59738,0.13269,1.17904,0.88443,0.0347,,0.00601,0.03513,0.65
10,51,hybrid,HYBRID_ALPHA0.8_BETA0.2,0.8,0.2,500,0.0,0.71355,0.59944,0.13413,1.16027,0.87957,0.03314,,0.00616,0.03513,0.625
10,51,hybrid,HYBRID_ALPHA0.9_BETA0.1,0.9,0.1,500,0.0,0.70543,0.59049,0.1348,1.14603,0.87585,0.03235,,0.00629,0.03526,0.65
10,51,mse,MSE,1.0,0.0,50,1.0,0.99282,0.66445,0.16533,0.82356,0.77171,0.46836,,0.03083,0.04464,0.675
10,51,mse,MSE,1.0,0.0,50,0.0,0.99282,0.66445,0.16533,1.59905,1.09122,0.26015,,0.01794,0.04344,0.6
10,51,mse,MSE,1.0,0.0,100,1.0,0.78842,0.63316,0.15943,0.58073,0.62418,0.25111,,0.01867,0.03216,0.675
10,51,mse,MSE,1.0,0.0,100,0.0,0.78842,0.63316,0.15943,1.53929,1.02382,0.18442,,0.01415,0.0691,0.7
10,51,mse,MSE,1.0,0.0,300,1.0,0.77601,0.61241,0.13742,0.34172,0.48008,0.05339,,0.00757,0.02054,0.55
10,51,mse,MSE,1.0,0.0,300,0.0,0.77601,0.61241,0.13742,1.09104,0.86368,0.04897,,0.00767,0.04508,0.625
10,51,mse,MSE,1.0,0.0,500,1.0,0.71232,0.59721,0.13511,0.34329,0.48313,0.04299,,0.00579,0.01538,0.525
10,51,mse,MSE,1.0,0.0,500,0.0,0.71232,0.59721,0.13511,1.13723,0.87362,0.03203,,0.00636,0.03547,0.65
