Dataset,Experiment,Seed,Loss,Conf,Alpha,Beta,N,Do,RF Acc,MMD,MAE x3
3-chain-linear,1,42,mse,MSE,1.0,0.0,50,x2=0.0,0.55,0.02165,0.83067
3-chain-linear,2,43,mse,MSE,1.0,0.0,50,x2=0.0,0.55,0.01755,0.83316
3-chain-linear,3,44,mse,MSE,1.0,0.0,50,x2=0.0,0.55,0.01034,0.83323
3-chain-linear,4,45,mse,MSE,1.0,0.0,50,x2=0.0,0.6,0.02768,0.83155
3-chain-linear,5,46,mse,MSE,1.0,0.0,50,x2=0.0,0.65,0.01886,0.83268
3-chain-linear,6,47,mse,MSE,1.0,0.0,50,x2=0.0,0.525,0.0191,0.83353
3-chain-linear,7,48,mse,MSE,1.0,0.0,50,x2=0.0,0.625,0.01558,0.8329
3-chain-linear,8,49,mse,MSE,1.0,0.0,50,x2=0.0,0.575,0.014,0.83314
3-chain-linear,9,50,mse,MSE,1.0,0.0,50,x2=0.0,0.6,0.01496,0.83413
3-chain-linear,10,51,mse,MSE,1.0,0.0,50,x2=0.0,0.675,0.07019,0.89644
3-chain-linear,1,42,hybrid,HYBRID_ALPHA0.9_BETA0.1,0.9,0.1,50,x2=0.0,0.6,0.02013,0.83029
3-chain-linear,2,43,hybrid,HYBRID_ALPHA0.9_BETA0.1,0.9,0.1,50,x2=0.0,0.55,0.01755,0.83316
3-chain-linear,3,44,hybrid,HYBRID_ALPHA0.9_BETA0.1,0.9,0.1,50,x2=0.0,0.55,0.01034,0.83323
3-chain-linear,4,45,hybrid,HYBRID_ALPHA0.9_BETA0.1,0.9,0.1,50,x2=0.0,0.65,0.0261,0.8307
3-chain-linear,5,46,hybrid,HYBRID_ALPHA0.9_BETA0.1,0.9,0.1,50,x2=0.0,0.65,0.01886,0.83268
3-chain-linear,6,47,hybrid,HYBRID_ALPHA0.9_BETA0.1,0.9,0.1,50,x2=0.0,0.525,0.01975,0.83355
3-chain-linear,7,48,hybrid,HYBRID_ALPHA0.9_BETA0.1,0.9,0.1,50,x2=0.0,0.525,0.01684,0.83994
3-chain-linear,8,49,hybrid,HYBRID_ALPHA0.9_BETA0.1,0.9,0.1,50,x2=0.0,0.575,0.014,0.83307
3-chain-linear,9,50,hybrid,HYBRID_ALPHA0.9_BETA0.1,0.9,0.1,50,x2=0.0,0.625,0.01495,0.83412
3-chain-linear,10,51,hybrid,HYBRID_ALPHA0.9_BETA0.1,0.9,0.1,50,x2=0.0,0.675,0.07012,0.89831
3-chain-linear,1,42,hybrid,HYBRID_ALPHA0.8_BETA0.2,0.8,0.2,50,x2=0.0,0.6,0.02353,0.83081
3-chain-linear,2,43,hybrid,HYBRID_ALPHA0.8_BETA0.2,0.8,0.2,50,x2=0.0,0.55,0.01755,0.83316
3-chain-linear,3,44,hybrid,HYBRID_ALPHA0.8_BETA0.2,0.8,0.2,50,x2=0.0,0.525,0.01034,0.83322
3-chain-linear,4,45,hybrid,HYBRID_ALPHA0.8_BETA0.2,0.8,0.2,50,x2=0.0,0.65,0.02541,0.8307
3-chain-linear,5,46,hybrid,HYBRID_ALPHA0.8_BETA0.2,0.8,0.2,50,x2=0.0,0.65,0.01886,0.83268
3-chain-linear,6,47,hybrid,HYBRID_ALPHA0.8_BETA0.2,0.8,0.2,50,x2=0.0,0.525,0.0197,0.83365
3-chain-linear,7,48,hybrid,HYBRID_ALPHA0.8_BETA0.2,0.8,0.2,50,x2=0.0,0.575,0.0107,0.83104
3-chain-linear,8,49,hybrid,HYBRID_ALPHA0.8_BETA0.2,0.8,0.2,50,x2=0.0,0.6,0.01401,0.83304
3-chain-linear,9,50,hybrid,HYBRID_ALPHA0.8_BETA0.2,0.8,0.2,50,x2=0.0,0.625,0.01493,0.83409
3-chain-linear,10,51,hybrid,HYBRID_ALPHA0.8_BETA0.2,0.8,0.2,50,x2=0.0,0.6,0.08,0.9204
3-chain-linear,1,42,hybrid,HYBRID_ALPHA0.7_BETA0.3,0.7,0.3,50,x2=0.0,0.6,0.02366,0.83082
3-chain-linear,2,43,hybrid,HYBRID_ALPHA0.7_BETA0.3,0.7,0.3,50,x2=0.0,0.55,0.01755,0.83309
3-chain-linear,3,44,hybrid,HYBRID_ALPHA0.7_BETA0.3,0.7,0.3,50,x2=0.0,0.525,0.01034,0.83322
3-chain-linear,4,45,hybrid,HYBRID_ALPHA0.7_BETA0.3,0.7,0.3,50,x2=0.0,0.6,0.02548,0.83184
3-chain-linear,5,46,hybrid,HYBRID_ALPHA0.7_BETA0.3,0.7,0.3,50,x2=0.0,0.65,0.01885,0.83268
3-chain-linear,6,47,hybrid,HYBRID_ALPHA0.7_BETA0.3,0.7,0.3,50,x2=0.0,0.575,0.01959,0.83376
3-chain-linear,7,48,hybrid,HYBRID_ALPHA0.7_BETA0.3,0.7,0.3,50,x2=0.0,0.55,0.01056,0.83102
3-chain-linear,8,49,hybrid,HYBRID_ALPHA0.7_BETA0.3,0.7,0.3,50,x2=0.0,0.6,0.01401,0.83301
3-chain-linear,9,50,hybrid,HYBRID_ALPHA0.7_BETA0.3,0.7,0.3,50,x2=0.0,0.625,0.01493,0.83406
3-chain-linear,10,51,hybrid,HYBRID_ALPHA0.7_BETA0.3,0.7,0.3,50,x2=0.0,0.625,0.06516,0.89079
3-chain-linear,1,42,hybrid,HYBRID_ALPHA0.6_BETA0.4,0.6,0.4,50,x2=0.0,0.625,0.01968,0.83044
3-chain-linear,2,43,hybrid,HYBRID_ALPHA0.6_BETA0.4,0.6,0.4,50,x2=0.0,0.55,0.01755,0.83309
3-chain-linear,3,44,hybrid,HYBRID_ALPHA0.6_BETA0.4,0.6,0.4,50,x2=0.0,0.525,0.01034,0.83322
3-chain-linear,4,45,hybrid,HYBRID_ALPHA0.6_BETA0.4,0.6,0.4,50,x2=0.0,0.55,0.02453,0.8309
3-chain-linear,5,46,hybrid,HYBRID_ALPHA0.6_BETA0.4,0.6,0.4,50,x2=0.0,0.65,0.01885,0.83268
3-chain-linear,6,47,hybrid,HYBRID_ALPHA0.6_BETA0.4,0.6,0.4,50,x2=0.0,0.575,0.0196,0.83386
3-chain-linear,7,48,hybrid,HYBRID_ALPHA0.6_BETA0.4,0.6,0.4,50,x2=0.0,0.6,0.01041,0.83118
3-chain-linear,8,49,hybrid,HYBRID_ALPHA0.6_BETA0.4,0.6,0.4,50,x2=0.0,0.6,0.01401,0.83298
3-chain-linear,9,50,hybrid,HYBRID_ALPHA0.6_BETA0.4,0.6,0.4,50,x2=0.0,0.6,0.01499,0.8344
3-chain-linear,10,51,hybrid,HYBRID_ALPHA0.6_BETA0.4,0.6,0.4,50,x2=0.0,0.6,0.07378,0.88603
3-chain-linear,1,42,hybrid,HYBRID_ALPHA0.5_BETA0.5,0.5,0.5,50,x2=0.0,0.625,0.01965,0.83044
3-chain-linear,2,43,hybrid,HYBRID_ALPHA0.5_BETA0.5,0.5,0.5,50,x2=0.0,0.55,0.01755,0.83307
3-chain-linear,3,44,hybrid,HYBRID_ALPHA0.5_BETA0.5,0.5,0.5,50,x2=0.0,0.525,0.01034,0.83322
3-chain-linear,4,45,hybrid,HYBRID_ALPHA0.5_BETA0.5,0.5,0.5,50,x2=0.0,0.6,0.02279,0.83062
3-chain-linear,5,46,hybrid,HYBRID_ALPHA0.5_BETA0.5,0.5,0.5,50,x2=0.0,0.65,0.01885,0.83268
3-chain-linear,6,47,hybrid,HYBRID_ALPHA0.5_BETA0.5,0.5,0.5,50,x2=0.0,0.525,0.0194,0.83403
3-chain-linear,7,48,hybrid,HYBRID_ALPHA0.5_BETA0.5,0.5,0.5,50,x2=0.0,0.575,0.01037,0.83119
3-chain-linear,8,49,hybrid,HYBRID_ALPHA0.5_BETA0.5,0.5,0.5,50,x2=0.0,0.6,0.01401,0.83294
3-chain-linear,9,50,hybrid,HYBRID_ALPHA0.5_BETA0.5,0.5,0.5,50,x2=0.0,0.625,0.01498,0.83434
3-chain-linear,10,51,hybrid,HYBRID_ALPHA0.5_BETA0.5,0.5,0.5,50,x2=0.0,0.6,0.07741,0.90219
3-chain-linear,1,42,hybrid,HYBRID_ALPHA0.4_BETA0.6,0.4,0.6,50,x2=0.0,0.65,0.01928,0.83059
3-chain-linear,2,43,hybrid,HYBRID_ALPHA0.4_BETA0.6,0.4,0.6,50,x2=0.0,0.55,0.01755,0.83305
3-chain-linear,3,44,hybrid,HYBRID_ALPHA0.4_BETA0.6,0.4,0.6,50,x2=0.0,0.525,0.01034,0.83322
3-chain-linear,4,45,hybrid,HYBRID_ALPHA0.4_BETA0.6,0.4,0.6,50,x2=0.0,0.625,0.02219,0.83091
3-chain-linear,5,46,hybrid,HYBRID_ALPHA0.4_BETA0.6,0.4,0.6,50,x2=0.0,0.65,0.01885,0.83268
3-chain-linear,6,47,hybrid,HYBRID_ALPHA0.4_BETA0.6,0.4,0.6,50,x2=0.0,0.575,0.01956,0.8342
3-chain-linear,7,48,hybrid,HYBRID_ALPHA0.4_BETA0.6,0.4,0.6,50,x2=0.0,0.575,0.01032,0.8311
3-chain-linear,8,49,hybrid,HYBRID_ALPHA0.4_BETA0.6,0.4,0.6,50,x2=0.0,0.6,0.01401,0.83294
3-chain-linear,9,50,hybrid,HYBRID_ALPHA0.4_BETA0.6,0.4,0.6,50,x2=0.0,0.625,0.01497,0.83424
3-chain-linear,10,51,hybrid,HYBRID_ALPHA0.4_BETA0.6,0.4,0.6,50,x2=0.0,0.625,0.07612,0.91446
3-chain-linear,1,42,hybrid,HYBRID_ALPHA0.3_BETA0.7,0.3,0.7,50,x2=0.0,0.625,0.01908,0.83065
3-chain-linear,2,43,hybrid,HYBRID_ALPHA0.3_BETA0.7,0.3,0.7,50,x2=0.0,0.525,0.01754,0.83302
3-chain-linear,3,44,hybrid,HYBRID_ALPHA0.3_BETA0.7,0.3,0.7,50,x2=0.0,0.525,0.01035,0.8332
3-chain-linear,4,45,hybrid,HYBRID_ALPHA0.3_BETA0.7,0.3,0.7,50,x2=0.0,0.6,0.02182,0.83105
3-chain-linear,5,46,hybrid,HYBRID_ALPHA0.3_BETA0.7,0.3,0.7,50,x2=0.0,0.65,0.01885,0.83268
3-chain-linear,6,47,hybrid,HYBRID_ALPHA0.3_BETA0.7,0.3,0.7,50,x2=0.0,0.55,0.02188,0.83509
3-chain-linear,7,48,hybrid,HYBRID_ALPHA0.3_BETA0.7,0.3,0.7,50,x2=0.0,0.6,0.01014,0.83088
3-chain-linear,8,49,hybrid,HYBRID_ALPHA0.3_BETA0.7,0.3,0.7,50,x2=0.0,0.6,0.01401,0.83294
3-chain-linear,9,50,hybrid,HYBRID_ALPHA0.3_BETA0.7,0.3,0.7,50,x2=0.0,0.625,0.01496,0.83408
3-chain-linear,10,51,hybrid,HYBRID_ALPHA0.3_BETA0.7,0.3,0.7,50,x2=0.0,0.675,0.01829,0.83344
3-chain-linear,1,42,hybrid,HYBRID_ALPHA0.2_BETA0.8,0.2,0.8,50,x2=0.0,0.6,0.01875,0.83069
3-chain-linear,2,43,hybrid,HYBRID_ALPHA0.2_BETA0.8,0.2,0.8,50,x2=0.0,0.525,0.01754,0.83304
3-chain-linear,3,44,hybrid,HYBRID_ALPHA0.2_BETA0.8,0.2,0.8,50,x2=0.0,0.525,0.01035,0.8332
3-chain-linear,4,45,hybrid,HYBRID_ALPHA0.2_BETA0.8,0.2,0.8,50,x2=0.0,0.65,0.02159,0.83061
3-chain-linear,5,46,hybrid,HYBRID_ALPHA0.2_BETA0.8,0.2,0.8,50,x2=0.0,0.65,0.01944,0.83161
3-chain-linear,6,47,hybrid,HYBRID_ALPHA0.2_BETA0.8,0.2,0.8,50,x2=0.0,0.55,0.02111,0.8332
3-chain-linear,7,48,hybrid,HYBRID_ALPHA0.2_BETA0.8,0.2,0.8,50,x2=0.0,0.6,0.01007,0.83072
3-chain-linear,8,49,hybrid,HYBRID_ALPHA0.2_BETA0.8,0.2,0.8,50,x2=0.0,0.6,0.01401,0.83289
3-chain-linear,9,50,hybrid,HYBRID_ALPHA0.2_BETA0.8,0.2,0.8,50,x2=0.0,0.6,0.01492,0.83372
3-chain-linear,10,51,hybrid,HYBRID_ALPHA0.2_BETA0.8,0.2,0.8,50,x2=0.0,0.575,0.01783,0.83413
3-chain-linear,1,42,mse,MSE,1.0,0.0,100,x2=0.0,0.65,0.02004,0.836
3-chain-linear,2,43,mse,MSE,1.0,0.0,100,x2=0.0,0.625,0.01555,0.83325
3-chain-linear,3,44,mse,MSE,1.0,0.0,100,x2=0.0,0.625,0.01139,0.83368
3-chain-linear,4,45,mse,MSE,1.0,0.0,100,x2=0.0,0.6,0.01561,0.83325
3-chain-linear,5,46,mse,MSE,1.0,0.0,100,x2=0.0,0.575,0.01913,0.83436
3-chain-linear,6,47,mse,MSE,1.0,0.0,100,x2=0.0,0.55,0.0096,0.8333
3-chain-linear,7,48,mse,MSE,1.0,0.0,100,x2=0.0,0.55,0.01917,0.83138
3-chain-linear,8,49,mse,MSE,1.0,0.0,100,x2=0.0,0.675,0.01551,0.8321
3-chain-linear,9,50,mse,MSE,1.0,0.0,100,x2=0.0,0.6,0.0094,0.8339
3-chain-linear,10,51,mse,MSE,1.0,0.0,100,x2=0.0,0.575,0.01608,0.84632
3-chain-linear,1,42,hybrid,HYBRID_ALPHA0.9_BETA0.1,0.9,0.1,100,x2=0.0,0.675,0.01992,0.83587
3-chain-linear,2,43,hybrid,HYBRID_ALPHA0.9_BETA0.1,0.9,0.1,100,x2=0.0,0.625,0.01556,0.83313
3-chain-linear,3,44,hybrid,HYBRID_ALPHA0.9_BETA0.1,0.9,0.1,100,x2=0.0,0.625,0.01139,0.83366
3-chain-linear,4,45,hybrid,HYBRID_ALPHA0.9_BETA0.1,0.9,0.1,100,x2=0.0,0.6,0.01561,0.83325
3-chain-linear,5,46,hybrid,HYBRID_ALPHA0.9_BETA0.1,0.9,0.1,100,x2=0.0,0.575,0.01905,0.83434
3-chain-linear,6,47,hybrid,HYBRID_ALPHA0.9_BETA0.1,0.9,0.1,100,x2=0.0,0.55,0.0096,0.8333
3-chain-linear,7,48,hybrid,HYBRID_ALPHA0.9_BETA0.1,0.9,0.1,100,x2=0.0,0.55,0.02215,0.83502
3-chain-linear,8,49,hybrid,HYBRID_ALPHA0.9_BETA0.1,0.9,0.1,100,x2=0.0,0.725,0.01537,0.83196
3-chain-linear,9,50,hybrid,HYBRID_ALPHA0.9_BETA0.1,0.9,0.1,100,x2=0.0,0.65,0.00942,0.83293
3-chain-linear,10,51,hybrid,HYBRID_ALPHA0.9_BETA0.1,0.9,0.1,100,x2=0.0,0.625,0.01627,0.84687
3-chain-linear,1,42,hybrid,HYBRID_ALPHA0.8_BETA0.2,0.8,0.2,100,x2=0.0,0.575,0.02053,0.84004
3-chain-linear,2,43,hybrid,HYBRID_ALPHA0.8_BETA0.2,0.8,0.2,100,x2=0.0,0.625,0.01558,0.83297
3-chain-linear,3,44,hybrid,HYBRID_ALPHA0.8_BETA0.2,0.8,0.2,100,x2=0.0,0.625,0.01195,0.83514
3-chain-linear,4,45,hybrid,HYBRID_ALPHA0.8_BETA0.2,0.8,0.2,100,x2=0.0,0.6,0.01561,0.83325
3-chain-linear,5,46,hybrid,HYBRID_ALPHA0.8_BETA0.2,0.8,0.2,100,x2=0.0,0.575,0.01885,0.83447
3-chain-linear,6,47,hybrid,HYBRID_ALPHA0.8_BETA0.2,0.8,0.2,100,x2=0.0,0.55,0.0096,0.83329
3-chain-linear,7,48,hybrid,HYBRID_ALPHA0.8_BETA0.2,0.8,0.2,100,x2=0.0,0.55,0.02222,0.83497
3-chain-linear,8,49,hybrid,HYBRID_ALPHA0.8_BETA0.2,0.8,0.2,100,x2=0.0,0.7,0.01528,0.8321
3-chain-linear,9,50,hybrid,HYBRID_ALPHA0.8_BETA0.2,0.8,0.2,100,x2=0.0,0.675,0.00945,0.83254
3-chain-linear,10,51,hybrid,HYBRID_ALPHA0.8_BETA0.2,0.8,0.2,100,x2=0.0,0.6,0.0159,0.84567
3-chain-linear,1,42,hybrid,HYBRID_ALPHA0.7_BETA0.3,0.7,0.3,100,x2=0.0,0.675,0.02331,0.84237
3-chain-linear,2,43,hybrid,HYBRID_ALPHA0.7_BETA0.3,0.7,0.3,100,x2=0.0,0.65,0.01561,0.83273
3-chain-linear,3,44,hybrid,HYBRID_ALPHA0.7_BETA0.3,0.7,0.3,100,x2=0.0,0.575,0.01207,0.83456
3-chain-linear,4,45,hybrid,HYBRID_ALPHA0.7_BETA0.3,0.7,0.3,100,x2=0.0,0.6,0.01561,0.83324
3-chain-linear,5,46,hybrid,HYBRID_ALPHA0.7_BETA0.3,0.7,0.3,100,x2=0.0,0.6,0.01858,0.83431
3-chain-linear,6,47,hybrid,HYBRID_ALPHA0.7_BETA0.3,0.7,0.3,100,x2=0.0,0.55,0.0096,0.83329
3-chain-linear,7,48,hybrid,HYBRID_ALPHA0.7_BETA0.3,0.7,0.3,100,x2=0.0,0.575,0.0233,0.8372
3-chain-linear,8,49,hybrid,HYBRID_ALPHA0.7_BETA0.3,0.7,0.3,100,x2=0.0,0.675,0.01519,0.83224
3-chain-linear,9,50,hybrid,HYBRID_ALPHA0.7_BETA0.3,0.7,0.3,100,x2=0.0,0.675,0.00943,0.83253
3-chain-linear,10,51,hybrid,HYBRID_ALPHA0.7_BETA0.3,0.7,0.3,100,x2=0.0,0.55,0.01559,0.84435
3-chain-linear,1,42,hybrid,HYBRID_ALPHA0.6_BETA0.4,0.6,0.4,100,x2=0.0,0.625,0.02293,0.84477
3-chain-linear,2,43,hybrid,HYBRID_ALPHA0.6_BETA0.4,0.6,0.4,100,x2=0.0,0.65,0.01561,0.83254
3-chain-linear,3,44,hybrid,HYBRID_ALPHA0.6_BETA0.4,0.6,0.4,100,x2=0.0,0.575,0.01206,0.83405
3-chain-linear,4,45,hybrid,HYBRID_ALPHA0.6_BETA0.4,0.6,0.4,100,x2=0.0,0.6,0.01562,0.83317
3-chain-linear,5,46,hybrid,HYBRID_ALPHA0.6_BETA0.4,0.6,0.4,100,x2=0.0,0.6,0.0183,0.83419
3-chain-linear,6,47,hybrid,HYBRID_ALPHA0.6_BETA0.4,0.6,0.4,100,x2=0.0,0.55,0.0096,0.83327
3-chain-linear,7,48,hybrid,HYBRID_ALPHA0.6_BETA0.4,0.6,0.4,100,x2=0.0,0.575,0.01999,0.83253
3-chain-linear,8,49,hybrid,HYBRID_ALPHA0.6_BETA0.4,0.6,0.4,100,x2=0.0,0.65,0.01512,0.83244
3-chain-linear,9,50,hybrid,HYBRID_ALPHA0.6_BETA0.4,0.6,0.4,100,x2=0.0,0.675,0.00944,0.83236
3-chain-linear,10,51,hybrid,HYBRID_ALPHA0.6_BETA0.4,0.6,0.4,100,x2=0.0,0.525,0.0154,0.84377
3-chain-linear,1,42,hybrid,HYBRID_ALPHA0.5_BETA0.5,0.5,0.5,100,x2=0.0,0.725,0.02341,0.84692
3-chain-linear,2,43,hybrid,HYBRID_ALPHA0.5_BETA0.5,0.5,0.5,100,x2=0.0,0.65,0.01561,0.83218
3-chain-linear,3,44,hybrid,HYBRID_ALPHA0.5_BETA0.5,0.5,0.5,100,x2=0.0,0.6,0.01213,0.83375
3-chain-linear,4,45,hybrid,HYBRID_ALPHA0.5_BETA0.5,0.5,0.5,100,x2=0.0,0.6,0.01562,0.83312
3-chain-linear,5,46,hybrid,HYBRID_ALPHA0.5_BETA0.5,0.5,0.5,100,x2=0.0,0.6,0.0179,0.83451
3-chain-linear,6,47,hybrid,HYBRID_ALPHA0.5_BETA0.5,0.5,0.5,100,x2=0.0,0.55,0.0096,0.83327
3-chain-linear,7,48,hybrid,HYBRID_ALPHA0.5_BETA0.5,0.5,0.5,100,x2=0.0,0.575,0.01769,0.83094
3-chain-linear,8,49,hybrid,HYBRID_ALPHA0.5_BETA0.5,0.5,0.5,100,x2=0.0,0.7,0.01495,0.83161
3-chain-linear,9,50,hybrid,HYBRID_ALPHA0.5_BETA0.5,0.5,0.5,100,x2=0.0,0.65,0.00945,0.83224
3-chain-linear,10,51,hybrid,HYBRID_ALPHA0.5_BETA0.5,0.5,0.5,100,x2=0.0,0.6,0.01382,0.836
3-chain-linear,1,42,hybrid,HYBRID_ALPHA0.4_BETA0.6,0.4,0.6,100,x2=0.0,0.55,0.02063,0.84115
3-chain-linear,2,43,hybrid,HYBRID_ALPHA0.4_BETA0.6,0.4,0.6,100,x2=0.0,0.625,0.01553,0.83211
3-chain-linear,3,44,hybrid,HYBRID_ALPHA0.4_BETA0.6,0.4,0.6,100,x2=0.0,0.625,0.01209,0.83326
3-chain-linear,4,45,hybrid,HYBRID_ALPHA0.4_BETA0.6,0.4,0.6,100,x2=0.0,0.6,0.01562,0.83308
3-chain-linear,5,46,hybrid,HYBRID_ALPHA0.4_BETA0.6,0.4,0.6,100,x2=0.0,0.5,0.01768,0.83454
3-chain-linear,6,47,hybrid,HYBRID_ALPHA0.4_BETA0.6,0.4,0.6,100,x2=0.0,0.55,0.00959,0.83326
3-chain-linear,7,48,hybrid,HYBRID_ALPHA0.4_BETA0.6,0.4,0.6,100,x2=0.0,0.625,0.0131,0.83243
3-chain-linear,8,49,hybrid,HYBRID_ALPHA0.4_BETA0.6,0.4,0.6,100,x2=0.0,0.7,0.01491,0.83144
3-chain-linear,9,50,hybrid,HYBRID_ALPHA0.4_BETA0.6,0.4,0.6,100,x2=0.0,0.675,0.00942,0.83209
3-chain-linear,10,51,hybrid,HYBRID_ALPHA0.4_BETA0.6,0.4,0.6,100,x2=0.0,0.6,0.01363,0.83611
3-chain-linear,1,42,hybrid,HYBRID_ALPHA0.3_BETA0.7,0.3,0.7,100,x2=0.0,0.575,0.02033,0.84113
3-chain-linear,2,43,hybrid,HYBRID_ALPHA0.3_BETA0.7,0.3,0.7,100,x2=0.0,0.625,0.01553,0.83206
3-chain-linear,3,44,hybrid,HYBRID_ALPHA0.3_BETA0.7,0.3,0.7,100,x2=0.0,0.625,0.01208,0.83268
3-chain-linear,4,45,hybrid,HYBRID_ALPHA0.3_BETA0.7,0.3,0.7,100,x2=0.0,0.6,0.01562,0.83304
3-chain-linear,5,46,hybrid,HYBRID_ALPHA0.3_BETA0.7,0.3,0.7,100,x2=0.0,0.525,0.01743,0.83468
3-chain-linear,6,47,hybrid,HYBRID_ALPHA0.3_BETA0.7,0.3,0.7,100,x2=0.0,0.55,0.0096,0.83319
3-chain-linear,7,48,hybrid,HYBRID_ALPHA0.3_BETA0.7,0.3,0.7,100,x2=0.0,0.625,0.01303,0.83282
3-chain-linear,8,49,hybrid,HYBRID_ALPHA0.3_BETA0.7,0.3,0.7,100,x2=0.0,0.7,0.01491,0.83114
3-chain-linear,9,50,hybrid,HYBRID_ALPHA0.3_BETA0.7,0.3,0.7,100,x2=0.0,0.65,0.00941,0.83178
3-chain-linear,10,51,hybrid,HYBRID_ALPHA0.3_BETA0.7,0.3,0.7,100,x2=0.0,0.625,0.01342,0.83495
3-chain-linear,1,42,hybrid,HYBRID_ALPHA0.2_BETA0.8,0.2,0.8,100,x2=0.0,0.6,0.02024,0.84165
3-chain-linear,2,43,hybrid,HYBRID_ALPHA0.2_BETA0.8,0.2,0.8,100,x2=0.0,0.625,0.01545,0.83225
3-chain-linear,3,44,hybrid,HYBRID_ALPHA0.2_BETA0.8,0.2,0.8,100,x2=0.0,0.625,0.01208,0.83207
3-chain-linear,4,45,hybrid,HYBRID_ALPHA0.2_BETA0.8,0.2,0.8,100,x2=0.0,0.6,0.01562,0.83301
3-chain-linear,5,46,hybrid,HYBRID_ALPHA0.2_BETA0.8,0.2,0.8,100,x2=0.0,0.55,0.0173,0.83462
3-chain-linear,6,47,hybrid,HYBRID_ALPHA0.2_BETA0.8,0.2,0.8,100,x2=0.0,0.65,0.00971,0.83293
3-chain-linear,7,48,hybrid,HYBRID_ALPHA0.2_BETA0.8,0.2,0.8,100,x2=0.0,0.675,0.01262,0.83035
3-chain-linear,8,49,hybrid,HYBRID_ALPHA0.2_BETA0.8,0.2,0.8,100,x2=0.0,0.7,0.01494,0.83075
3-chain-linear,9,50,hybrid,HYBRID_ALPHA0.2_BETA0.8,0.2,0.8,100,x2=0.0,0.65,0.00941,0.83145
3-chain-linear,10,51,hybrid,HYBRID_ALPHA0.2_BETA0.8,0.2,0.8,100,x2=0.0,0.7,0.01323,0.83374
3-chain-non-linear,1,42,mse,MSE,1.0,0.0,50,x2=0.0,1.0,0.0155,0.00287
3-chain-non-linear,2,43,mse,MSE,1.0,0.0,50,x2=0.0,1.0,0.02934,0.08248
3-chain-non-linear,3,44,mse,MSE,1.0,0.0,50,x2=0.0,1.0,0.00695,0.00586
3-chain-non-linear,4,45,mse,MSE,1.0,0.0,50,x2=0.0,1.0,0.03845,0.13126
3-chain-non-linear,5,46,mse,MSE,1.0,0.0,50,x2=0.0,1.0,0.02381,0.12347
3-chain-non-linear,6,47,mse,MSE,1.0,0.0,50,x2=0.0,1.0,0.01209,0.02197
3-chain-non-linear,7,48,mse,MSE,1.0,0.0,50,x2=0.0,1.0,0.00959,0.03622
3-chain-non-linear,8,49,mse,MSE,1.0,0.0,50,x2=0.0,1.0,0.06216,0.23016
3-chain-non-linear,9,50,mse,MSE,1.0,0.0,50,x2=0.0,0.975,0.02114,0.08248
3-chain-non-linear,10,51,mse,MSE,1.0,0.0,50,x2=0.0,1.0,0.0177,0.0162
3-chain-non-linear,1,42,hybrid,HYBRID_ALPHA0.9_BETA0.1,0.9,0.1,50,x2=0.0,1.0,0.01551,0.00879
3-chain-non-linear,2,43,hybrid,HYBRID_ALPHA0.9_BETA0.1,0.9,0.1,50,x2=0.0,1.0,0.03765,0.12532
3-chain-non-linear,3,44,hybrid,HYBRID_ALPHA0.9_BETA0.1,0.9,0.1,50,x2=0.0,1.0,0.0069,0.00642
3-chain-non-linear,4,45,hybrid,HYBRID_ALPHA0.9_BETA0.1,0.9,0.1,50,x2=0.0,1.0,0.05212,0.16458
3-chain-non-linear,5,46,hybrid,HYBRID_ALPHA0.9_BETA0.1,0.9,0.1,50,x2=0.0,1.0,0.03382,0.11442
3-chain-non-linear,6,47,hybrid,HYBRID_ALPHA0.9_BETA0.1,0.9,0.1,50,x2=0.0,0.925,0.01442,0.04826
3-chain-non-linear,7,48,hybrid,HYBRID_ALPHA0.9_BETA0.1,0.9,0.1,50,x2=0.0,1.0,0.00899,0.01711
3-chain-non-linear,8,49,hybrid,HYBRID_ALPHA0.9_BETA0.1,0.9,0.1,50,x2=0.0,1.0,0.06274,0.2299
3-chain-non-linear,9,50,hybrid,HYBRID_ALPHA0.9_BETA0.1,0.9,0.1,50,x2=0.0,1.0,0.01887,0.06396
3-chain-non-linear,10,51,hybrid,HYBRID_ALPHA0.9_BETA0.1,0.9,0.1,50,x2=0.0,1.0,0.01761,0.00501
3-chain-non-linear,1,42,hybrid,HYBRID_ALPHA0.8_BETA0.2,0.8,0.2,50,x2=0.0,1.0,0.0182,0.04384
3-chain-non-linear,2,43,hybrid,HYBRID_ALPHA0.8_BETA0.2,0.8,0.2,50,x2=0.0,0.975,0.03627,0.14456
3-chain-non-linear,3,44,hybrid,HYBRID_ALPHA0.8_BETA0.2,0.8,0.2,50,x2=0.0,1.0,0.0072,0.00403
3-chain-non-linear,4,45,hybrid,HYBRID_ALPHA0.8_BETA0.2,0.8,0.2,50,x2=0.0,0.975,0.06412,0.20409
3-chain-non-linear,5,46,hybrid,HYBRID_ALPHA0.8_BETA0.2,0.8,0.2,50,x2=0.0,1.0,0.0325,0.1736
3-chain-non-linear,6,47,hybrid,HYBRID_ALPHA0.8_BETA0.2,0.8,0.2,50,x2=0.0,0.975,0.01521,0.05522
3-chain-non-linear,7,48,hybrid,HYBRID_ALPHA0.8_BETA0.2,0.8,0.2,50,x2=0.0,1.0,0.0088,0.01196
3-chain-non-linear,8,49,hybrid,HYBRID_ALPHA0.8_BETA0.2,0.8,0.2,50,x2=0.0,0.975,0.06433,0.24248
3-chain-non-linear,9,50,hybrid,HYBRID_ALPHA0.8_BETA0.2,0.8,0.2,50,x2=0.0,0.95,0.01716,0.04082
3-chain-non-linear,10,51,hybrid,HYBRID_ALPHA0.8_BETA0.2,0.8,0.2,50,x2=0.0,1.0,0.0177,0.00964
3-chain-non-linear,1,42,hybrid,HYBRID_ALPHA0.7_BETA0.3,0.7,0.3,50,x2=0.0,0.975,0.02528,0.19578
3-chain-non-linear,2,43,hybrid,HYBRID_ALPHA0.7_BETA0.3,0.7,0.3,50,x2=0.0,1.0,0.03196,0.1099
3-chain-non-linear,3,44,hybrid,HYBRID_ALPHA0.7_BETA0.3,0.7,0.3,50,x2=0.0,1.0,0.0069,0.00032
3-chain-non-linear,4,45,hybrid,HYBRID_ALPHA0.7_BETA0.3,0.7,0.3,50,x2=0.0,0.975,0.03121,0.12522
3-chain-non-linear,5,46,hybrid,HYBRID_ALPHA0.7_BETA0.3,0.7,0.3,50,x2=0.0,1.0,0.03198,0.16271
3-chain-non-linear,6,47,hybrid,HYBRID_ALPHA0.7_BETA0.3,0.7,0.3,50,x2=0.0,1.0,0.0135,0.00043
3-chain-non-linear,7,48,hybrid,HYBRID_ALPHA0.7_BETA0.3,0.7,0.3,50,x2=0.0,1.0,0.00886,0.01032
3-chain-non-linear,8,49,hybrid,HYBRID_ALPHA0.7_BETA0.3,0.7,0.3,50,x2=0.0,1.0,0.06564,0.27079
3-chain-non-linear,9,50,hybrid,HYBRID_ALPHA0.7_BETA0.3,0.7,0.3,50,x2=0.0,1.0,0.0231,0.09339
3-chain-non-linear,10,51,hybrid,HYBRID_ALPHA0.7_BETA0.3,0.7,0.3,50,x2=0.0,1.0,0.01768,0.00152
3-chain-non-linear,1,42,hybrid,HYBRID_ALPHA0.6_BETA0.4,0.6,0.4,50,x2=0.0,1.0,0.01554,0.01309
3-chain-non-linear,2,43,hybrid,HYBRID_ALPHA0.6_BETA0.4,0.6,0.4,50,x2=0.0,0.95,0.02935,0.18215
3-chain-non-linear,3,44,hybrid,HYBRID_ALPHA0.6_BETA0.4,0.6,0.4,50,x2=0.0,1.0,0.0078,0.04228
3-chain-non-linear,4,45,hybrid,HYBRID_ALPHA0.6_BETA0.4,0.6,0.4,50,x2=0.0,1.0,0.06758,0.18382
3-chain-non-linear,5,46,hybrid,HYBRID_ALPHA0.6_BETA0.4,0.6,0.4,50,x2=0.0,0.975,0.02292,0.24101
3-chain-non-linear,6,47,hybrid,HYBRID_ALPHA0.6_BETA0.4,0.6,0.4,50,x2=0.0,1.0,0.0184,0.09468
3-chain-non-linear,7,48,hybrid,HYBRID_ALPHA0.6_BETA0.4,0.6,0.4,50,x2=0.0,1.0,0.00898,0.01784
3-chain-non-linear,8,49,hybrid,HYBRID_ALPHA0.6_BETA0.4,0.6,0.4,50,x2=0.0,0.975,0.07177,0.29644
3-chain-non-linear,9,50,hybrid,HYBRID_ALPHA0.6_BETA0.4,0.6,0.4,50,x2=0.0,0.975,0.02146,0.07743
3-chain-non-linear,10,51,hybrid,HYBRID_ALPHA0.6_BETA0.4,0.6,0.4,50,x2=0.0,1.0,0.01782,0.01941
3-chain-non-linear,1,42,hybrid,HYBRID_ALPHA0.5_BETA0.5,0.5,0.5,50,x2=0.0,0.975,0.0374,0.19749
3-chain-non-linear,2,43,hybrid,HYBRID_ALPHA0.5_BETA0.5,0.5,0.5,50,x2=0.0,0.975,0.03237,0.17289
3-chain-non-linear,3,44,hybrid,HYBRID_ALPHA0.5_BETA0.5,0.5,0.5,50,x2=0.0,0.975,0.0163,0.0284
3-chain-non-linear,4,45,hybrid,HYBRID_ALPHA0.5_BETA0.5,0.5,0.5,50,x2=0.0,1.0,0.04269,0.08974
3-chain-non-linear,5,46,hybrid,HYBRID_ALPHA0.5_BETA0.5,0.5,0.5,50,x2=0.0,0.975,0.02315,0.19264
3-chain-non-linear,6,47,hybrid,HYBRID_ALPHA0.5_BETA0.5,0.5,0.5,50,x2=0.0,0.975,0.02606,0.14901
3-chain-non-linear,7,48,hybrid,HYBRID_ALPHA0.5_BETA0.5,0.5,0.5,50,x2=0.0,0.95,0.00892,0.04296
3-chain-non-linear,8,49,hybrid,HYBRID_ALPHA0.5_BETA0.5,0.5,0.5,50,x2=0.0,0.975,0.07154,0.32684
3-chain-non-linear,9,50,hybrid,HYBRID_ALPHA0.5_BETA0.5,0.5,0.5,50,x2=0.0,0.975,0.02128,0.07979
3-chain-non-linear,10,51,hybrid,HYBRID_ALPHA0.5_BETA0.5,0.5,0.5,50,x2=0.0,0.975,0.01823,0.0366
3-chain-non-linear,1,42,hybrid,HYBRID_ALPHA0.4_BETA0.6,0.4,0.6,50,x2=0.0,0.95,0.05828,0.2813
3-chain-non-linear,2,43,hybrid,HYBRID_ALPHA0.4_BETA0.6,0.4,0.6,50,x2=0.0,0.975,0.03405,0.17101
3-chain-non-linear,3,44,hybrid,HYBRID_ALPHA0.4_BETA0.6,0.4,0.6,50,x2=0.0,0.975,0.02408,0.20366
3-chain-non-linear,4,45,hybrid,HYBRID_ALPHA0.4_BETA0.6,0.4,0.6,50,x2=0.0,0.95,0.08344,0.32141
3-chain-non-linear,5,46,hybrid,HYBRID_ALPHA0.4_BETA0.6,0.4,0.6,50,x2=0.0,0.95,0.02576,0.01783
3-chain-non-linear,6,47,hybrid,HYBRID_ALPHA0.4_BETA0.6,0.4,0.6,50,x2=0.0,0.95,0.0449,0.17318
3-chain-non-linear,7,48,hybrid,HYBRID_ALPHA0.4_BETA0.6,0.4,0.6,50,x2=0.0,0.975,0.00917,0.04897
3-chain-non-linear,8,49,hybrid,HYBRID_ALPHA0.4_BETA0.6,0.4,0.6,50,x2=0.0,1.0,0.07802,0.38005
3-chain-non-linear,9,50,hybrid,HYBRID_ALPHA0.4_BETA0.6,0.4,0.6,50,x2=0.0,1.0,0.03636,0.13088
3-chain-non-linear,10,51,hybrid,HYBRID_ALPHA0.4_BETA0.6,0.4,0.6,50,x2=0.0,0.975,0.01801,0.12159
3-chain-non-linear,1,42,hybrid,HYBRID_ALPHA0.3_BETA0.7,0.3,0.7,50,x2=0.0,0.975,0.07662,0.40359
3-chain-non-linear,2,43,hybrid,HYBRID_ALPHA0.3_BETA0.7,0.3,0.7,50,x2=0.0,0.975,0.0361,0.1368
3-chain-non-linear,3,44,hybrid,HYBRID_ALPHA0.3_BETA0.7,0.3,0.7,50,x2=0.0,1.0,0.00927,0.09303
3-chain-non-linear,4,45,hybrid,HYBRID_ALPHA0.3_BETA0.7,0.3,0.7,50,x2=0.0,0.95,0.09167,0.39906
3-chain-non-linear,5,46,hybrid,HYBRID_ALPHA0.3_BETA0.7,0.3,0.7,50,x2=0.0,1.0,0.06434,0.10706
3-chain-non-linear,6,47,hybrid,HYBRID_ALPHA0.3_BETA0.7,0.3,0.7,50,x2=0.0,1.0,0.06504,0.34388
3-chain-non-linear,7,48,hybrid,HYBRID_ALPHA0.3_BETA0.7,0.3,0.7,50,x2=0.0,1.0,0.00958,0.00049
3-chain-non-linear,8,49,hybrid,HYBRID_ALPHA0.3_BETA0.7,0.3,0.7,50,x2=0.0,0.975,0.09485,0.47331
3-chain-non-linear,9,50,hybrid,HYBRID_ALPHA0.3_BETA0.7,0.3,0.7,50,x2=0.0,0.975,0.03986,0.20499
3-chain-non-linear,10,51,hybrid,HYBRID_ALPHA0.3_BETA0.7,0.3,0.7,50,x2=0.0,1.0,0.02011,0.08331
3-chain-non-linear,1,42,hybrid,HYBRID_ALPHA0.2_BETA0.8,0.2,0.8,50,x2=0.0,0.975,0.08476,0.67834
3-chain-non-linear,2,43,hybrid,HYBRID_ALPHA0.2_BETA0.8,0.2,0.8,50,x2=0.0,0.95,0.0355,0.11197
3-chain-non-linear,3,44,hybrid,HYBRID_ALPHA0.2_BETA0.8,0.2,0.8,50,x2=0.0,1.0,0.02545,0.10626
3-chain-non-linear,4,45,hybrid,HYBRID_ALPHA0.2_BETA0.8,0.2,0.8,50,x2=0.0,0.975,0.09787,0.45768
3-chain-non-linear,5,46,hybrid,HYBRID_ALPHA0.2_BETA0.8,0.2,0.8,50,x2=0.0,0.95,0.02684,0.20823
3-chain-non-linear,6,47,hybrid,HYBRID_ALPHA0.2_BETA0.8,0.2,0.8,50,x2=0.0,1.0,0.08947,0.43338
3-chain-non-linear,7,48,hybrid,HYBRID_ALPHA0.2_BETA0.8,0.2,0.8,50,x2=0.0,1.0,0.00986,0.00324
3-chain-non-linear,8,49,hybrid,HYBRID_ALPHA0.2_BETA0.8,0.2,0.8,50,x2=0.0,1.0,0.10773,0.63398
3-chain-non-linear,9,50,hybrid,HYBRID_ALPHA0.2_BETA0.8,0.2,0.8,50,x2=0.0,0.975,0.06938,0.30101
3-chain-non-linear,10,51,hybrid,HYBRID_ALPHA0.2_BETA0.8,0.2,0.8,50,x2=0.0,0.925,0.04456,0.23937
3-chain-non-linear,1,42,mse,MSE,1.0,0.0,100,x2=0.0,1.0,0.0377,0.04679
3-chain-non-linear,2,43,mse,MSE,1.0,0.0,100,x2=0.0,0.975,0.02369,0.08089
3-chain-non-linear,3,44,mse,MSE,1.0,0.0,100,x2=0.0,1.0,0.07824,0.0111
3-chain-non-linear,4,45,mse,MSE,1.0,0.0,100,x2=0.0,1.0,0.01608,0.03533
3-chain-non-linear,5,46,mse,MSE,1.0,0.0,100,x2=0.0,1.0,0.01558,0.03576
3-chain-non-linear,6,47,mse,MSE,1.0,0.0,100,x2=0.0,1.0,0.03961,0.08625
3-chain-non-linear,7,48,mse,MSE,1.0,0.0,100,x2=0.0,1.0,0.01737,0.03097
3-chain-non-linear,8,49,mse,MSE,1.0,0.0,100,x2=0.0,0.975,0.09373,0.28432
3-chain-non-linear,9,50,mse,MSE,1.0,0.0,100,x2=0.0,1.0,0.01161,0.01488
3-chain-non-linear,10,51,mse,MSE,1.0,0.0,100,x2=0.0,1.0,0.01226,0.0114
3-chain-non-linear,1,42,hybrid,HYBRID_ALPHA0.9_BETA0.1,0.9,0.1,100,x2=0.0,1.0,0.03465,0.0155
3-chain-non-linear,2,43,hybrid,HYBRID_ALPHA0.9_BETA0.1,0.9,0.1,100,x2=0.0,1.0,0.0303,0.10305
3-chain-non-linear,3,44,hybrid,HYBRID_ALPHA0.9_BETA0.1,0.9,0.1,100,x2=0.0,1.0,0.07856,0.01657
3-chain-non-linear,4,45,hybrid,HYBRID_ALPHA0.9_BETA0.1,0.9,0.1,100,x2=0.0,1.0,0.01329,0.05692
3-chain-non-linear,5,46,hybrid,HYBRID_ALPHA0.9_BETA0.1,0.9,0.1,100,x2=0.0,1.0,0.01485,0.02104
3-chain-non-linear,6,47,hybrid,HYBRID_ALPHA0.9_BETA0.1,0.9,0.1,100,x2=0.0,0.975,0.05263,0.12841
3-chain-non-linear,7,48,hybrid,HYBRID_ALPHA0.9_BETA0.1,0.9,0.1,100,x2=0.0,0.975,0.02183,0.08084
3-chain-non-linear,8,49,hybrid,HYBRID_ALPHA0.9_BETA0.1,0.9,0.1,100,x2=0.0,0.975,0.09408,0.29131
3-chain-non-linear,9,50,hybrid,HYBRID_ALPHA0.9_BETA0.1,0.9,0.1,100,x2=0.0,0.95,0.01287,0.01718
3-chain-non-linear,10,51,hybrid,HYBRID_ALPHA0.9_BETA0.1,0.9,0.1,100,x2=0.0,1.0,0.0119,0.00309
3-chain-non-linear,1,42,hybrid,HYBRID_ALPHA0.8_BETA0.2,0.8,0.2,100,x2=0.0,1.0,0.03476,0.02189
3-chain-non-linear,2,43,hybrid,HYBRID_ALPHA0.8_BETA0.2,0.8,0.2,100,x2=0.0,1.0,0.02768,0.09008
3-chain-non-linear,3,44,hybrid,HYBRID_ALPHA0.8_BETA0.2,0.8,0.2,100,x2=0.0,1.0,0.07775,0.01063
3-chain-non-linear,4,45,hybrid,HYBRID_ALPHA0.8_BETA0.2,0.8,0.2,100,x2=0.0,1.0,0.01341,0.06642
3-chain-non-linear,5,46,hybrid,HYBRID_ALPHA0.8_BETA0.2,0.8,0.2,100,x2=0.0,1.0,0.01471,0.00447
3-chain-non-linear,6,47,hybrid,HYBRID_ALPHA0.8_BETA0.2,0.8,0.2,100,x2=0.0,1.0,0.02416,0.21208
3-chain-non-linear,7,48,hybrid,HYBRID_ALPHA0.8_BETA0.2,0.8,0.2,100,x2=0.0,1.0,0.02409,0.13222
3-chain-non-linear,8,49,hybrid,HYBRID_ALPHA0.8_BETA0.2,0.8,0.2,100,x2=0.0,0.975,0.09477,0.30448
3-chain-non-linear,9,50,hybrid,HYBRID_ALPHA0.8_BETA0.2,0.8,0.2,100,x2=0.0,0.975,0.01368,0.04502
3-chain-non-linear,10,51,hybrid,HYBRID_ALPHA0.8_BETA0.2,0.8,0.2,100,x2=0.0,0.95,0.01292,0.05335
3-chain-non-linear,1,42,hybrid,HYBRID_ALPHA0.7_BETA0.3,0.7,0.3,100,x2=0.0,1.0,0.03319,0.01135
3-chain-non-linear,2,43,hybrid,HYBRID_ALPHA0.7_BETA0.3,0.7,0.3,100,x2=0.0,1.0,0.03039,0.10439
3-chain-non-linear,3,44,hybrid,HYBRID_ALPHA0.7_BETA0.3,0.7,0.3,100,x2=0.0,1.0,0.07658,0.0303
3-chain-non-linear,4,45,hybrid,HYBRID_ALPHA0.7_BETA0.3,0.7,0.3,100,x2=0.0,1.0,0.01509,0.08062
3-chain-non-linear,5,46,hybrid,HYBRID_ALPHA0.7_BETA0.3,0.7,0.3,100,x2=0.0,1.0,0.01727,0.03081
3-chain-non-linear,6,47,hybrid,HYBRID_ALPHA0.7_BETA0.3,0.7,0.3,100,x2=0.0,0.975,0.02183,0.21698
3-chain-non-linear,7,48,hybrid,HYBRID_ALPHA0.7_BETA0.3,0.7,0.3,100,x2=0.0,0.975,0.02331,0.08008
3-chain-non-linear,8,49,hybrid,HYBRID_ALPHA0.7_BETA0.3,0.7,0.3,100,x2=0.0,0.975,0.09308,0.32022
3-chain-non-linear,9,50,hybrid,HYBRID_ALPHA0.7_BETA0.3,0.7,0.3,100,x2=0.0,1.0,0.0097,0.00056
3-chain-non-linear,10,51,hybrid,HYBRID_ALPHA0.7_BETA0.3,0.7,0.3,100,x2=0.0,1.0,0.02149,0.12486
3-chain-non-linear,1,42,hybrid,HYBRID_ALPHA0.6_BETA0.4,0.6,0.4,100,x2=0.0,1.0,0.0344,0.03255
3-chain-non-linear,2,43,hybrid,HYBRID_ALPHA0.6_BETA0.4,0.6,0.4,100,x2=0.0,0.975,0.04308,0.16563
3-chain-non-linear,3,44,hybrid,HYBRID_ALPHA0.6_BETA0.4,0.6,0.4,100,x2=0.0,1.0,0.07541,0.01598
3-chain-non-linear,4,45,hybrid,HYBRID_ALPHA0.6_BETA0.4,0.6,0.4,100,x2=0.0,1.0,0.01368,0.13061
3-chain-non-linear,5,46,hybrid,HYBRID_ALPHA0.6_BETA0.4,0.6,0.4,100,x2=0.0,1.0,0.02316,0.05875
3-chain-non-linear,6,47,hybrid,HYBRID_ALPHA0.6_BETA0.4,0.6,0.4,100,x2=0.0,0.975,0.08139,0.18505
3-chain-non-linear,7,48,hybrid,HYBRID_ALPHA0.6_BETA0.4,0.6,0.4,100,x2=0.0,0.975,0.02187,0.01469
3-chain-non-linear,8,49,hybrid,HYBRID_ALPHA0.6_BETA0.4,0.6,0.4,100,x2=0.0,1.0,0.01808,0.0298
3-chain-non-linear,9,50,hybrid,HYBRID_ALPHA0.6_BETA0.4,0.6,0.4,100,x2=0.0,1.0,0.0099,0.00948
3-chain-non-linear,10,51,hybrid,HYBRID_ALPHA0.6_BETA0.4,0.6,0.4,100,x2=0.0,1.0,0.02723,0.19411
3-chain-non-linear,1,42,hybrid,HYBRID_ALPHA0.5_BETA0.5,0.5,0.5,100,x2=0.0,1.0,0.03445,0.0319
3-chain-non-linear,2,43,hybrid,HYBRID_ALPHA0.5_BETA0.5,0.5,0.5,100,x2=0.0,1.0,0.02798,0.132
3-chain-non-linear,3,44,hybrid,HYBRID_ALPHA0.5_BETA0.5,0.5,0.5,100,x2=0.0,1.0,0.07714,0.02373
3-chain-non-linear,4,45,hybrid,HYBRID_ALPHA0.5_BETA0.5,0.5,0.5,100,x2=0.0,1.0,0.01472,0.05447
3-chain-non-linear,5,46,hybrid,HYBRID_ALPHA0.5_BETA0.5,0.5,0.5,100,x2=0.0,1.0,0.0151,0.03351
3-chain-non-linear,6,47,hybrid,HYBRID_ALPHA0.5_BETA0.5,0.5,0.5,100,x2=0.0,0.975,0.08534,0.185
3-chain-non-linear,7,48,hybrid,HYBRID_ALPHA0.5_BETA0.5,0.5,0.5,100,x2=0.0,1.0,0.02441,0.09164
3-chain-non-linear,8,49,hybrid,HYBRID_ALPHA0.5_BETA0.5,0.5,0.5,100,x2=0.0,0.95,0.02046,0.03889
3-chain-non-linear,9,50,hybrid,HYBRID_ALPHA0.5_BETA0.5,0.5,0.5,100,x2=0.0,1.0,0.00916,0.01172
3-chain-non-linear,10,51,hybrid,HYBRID_ALPHA0.5_BETA0.5,0.5,0.5,100,x2=0.0,1.0,0.02907,0.21953
3-chain-non-linear,1,42,hybrid,HYBRID_ALPHA0.4_BETA0.6,0.4,0.6,100,x2=0.0,1.0,0.03488,0.0022
3-chain-non-linear,2,43,hybrid,HYBRID_ALPHA0.4_BETA0.6,0.4,0.6,100,x2=0.0,1.0,0.02201,0.15375
3-chain-non-linear,3,44,hybrid,HYBRID_ALPHA0.4_BETA0.6,0.4,0.6,100,x2=0.0,1.0,0.07565,0.0851
3-chain-non-linear,4,45,hybrid,HYBRID_ALPHA0.4_BETA0.6,0.4,0.6,100,x2=0.0,1.0,0.01636,0.05286
3-chain-non-linear,5,46,hybrid,HYBRID_ALPHA0.4_BETA0.6,0.4,0.6,100,x2=0.0,1.0,0.0176,0.23645
3-chain-non-linear,6,47,hybrid,HYBRID_ALPHA0.4_BETA0.6,0.4,0.6,100,x2=0.0,0.975,0.08738,0.1892
3-chain-non-linear,7,48,hybrid,HYBRID_ALPHA0.4_BETA0.6,0.4,0.6,100,x2=0.0,1.0,0.01847,0.18917
3-chain-non-linear,8,49,hybrid,HYBRID_ALPHA0.4_BETA0.6,0.4,0.6,100,x2=0.0,0.95,0.04496,0.1322
3-chain-non-linear,9,50,hybrid,HYBRID_ALPHA0.4_BETA0.6,0.4,0.6,100,x2=0.0,1.0,0.00918,0.00916
3-chain-non-linear,10,51,hybrid,HYBRID_ALPHA0.4_BETA0.6,0.4,0.6,100,x2=0.0,0.975,0.01574,0.06738
3-chain-non-linear,1,42,hybrid,HYBRID_ALPHA0.3_BETA0.7,0.3,0.7,100,x2=0.0,1.0,0.02492,0.05049
3-chain-non-linear,2,43,hybrid,HYBRID_ALPHA0.3_BETA0.7,0.3,0.7,100,x2=0.0,1.0,0.02302,0.17496
3-chain-non-linear,3,44,hybrid,HYBRID_ALPHA0.3_BETA0.7,0.3,0.7,100,x2=0.0,1.0,0.06985,0.23447
3-chain-non-linear,4,45,hybrid,HYBRID_ALPHA0.3_BETA0.7,0.3,0.7,100,x2=0.0,1.0,0.01646,0.16158
3-chain-non-linear,5,46,hybrid,HYBRID_ALPHA0.3_BETA0.7,0.3,0.7,100,x2=0.0,1.0,0.01501,0.07173
3-chain-non-linear,6,47,hybrid,HYBRID_ALPHA0.3_BETA0.7,0.3,0.7,100,x2=0.0,0.975,0.08832,0.19474
3-chain-non-linear,7,48,hybrid,HYBRID_ALPHA0.3_BETA0.7,0.3,0.7,100,x2=0.0,1.0,0.01853,0.15816
3-chain-non-linear,8,49,hybrid,HYBRID_ALPHA0.3_BETA0.7,0.3,0.7,100,x2=0.0,0.975,0.01782,0.12717
3-chain-non-linear,9,50,hybrid,HYBRID_ALPHA0.3_BETA0.7,0.3,0.7,100,x2=0.0,1.0,0.00924,0.0115
3-chain-non-linear,10,51,hybrid,HYBRID_ALPHA0.3_BETA0.7,0.3,0.7,100,x2=0.0,1.0,0.01627,0.10431
3-chain-non-linear,1,42,hybrid,HYBRID_ALPHA0.2_BETA0.8,0.2,0.8,100,x2=0.0,1.0,0.01965,0.00088
3-chain-non-linear,2,43,hybrid,HYBRID_ALPHA0.2_BETA0.8,0.2,0.8,100,x2=0.0,0.975,0.02134,0.2171
3-chain-non-linear,3,44,hybrid,HYBRID_ALPHA0.2_BETA0.8,0.2,0.8,100,x2=0.0,1.0,0.0849,0.00255
3-chain-non-linear,4,45,hybrid,HYBRID_ALPHA0.2_BETA0.8,0.2,0.8,100,x2=0.0,1.0,0.01714,0.25981
3-chain-non-linear,5,46,hybrid,HYBRID_ALPHA0.2_BETA0.8,0.2,0.8,100,x2=0.0,1.0,0.01477,0.15235
3-chain-non-linear,6,47,hybrid,HYBRID_ALPHA0.2_BETA0.8,0.2,0.8,100,x2=0.0,0.975,0.09014,0.21043
3-chain-non-linear,7,48,hybrid,HYBRID_ALPHA0.2_BETA0.8,0.2,0.8,100,x2=0.0,1.0,0.02041,0.1677
3-chain-non-linear,8,49,hybrid,HYBRID_ALPHA0.2_BETA0.8,0.2,0.8,100,x2=0.0,1.0,0.01897,0.09289
3-chain-non-linear,9,50,hybrid,HYBRID_ALPHA0.2_BETA0.8,0.2,0.8,100,x2=0.0,1.0,0.00925,0.00296
3-chain-non-linear,10,51,hybrid,HYBRID_ALPHA0.2_BETA0.8,0.2,0.8,100,x2=0.0,1.0,0.01516,0.08229
4-chain-linear,1,42,mse,MSE,1.0,0.0,50,x2=0.0,1.0,0.12156,0.04855
4-chain-linear,2,43,mse,MSE,1.0,0.0,50,x2=0.0,0.975,0.12492,0.05805
4-chain-linear,3,44,mse,MSE,1.0,0.0,50,x2=0.0,1.0,0.13123,0.03362
4-chain-linear,4,45,mse,MSE,1.0,0.0,50,x2=0.0,1.0,0.13253,0.03834
4-chain-linear,5,46,mse,MSE,1.0,0.0,50,x2=0.0,1.0,0.09721,0.11404
4-chain-linear,6,47,mse,MSE,1.0,0.0,50,x2=0.0,1.0,0.12435,0.02213
4-chain-linear,7,48,mse,MSE,1.0,0.0,50,x2=0.0,0.975,0.10376,0.13229
4-chain-linear,8,49,mse,MSE,1.0,0.0,50,x2=0.0,1.0,0.1299,0.03638
4-chain-linear,9,50,mse,MSE,1.0,0.0,50,x2=0.0,1.0,0.14408,0.02292
4-chain-linear,10,51,mse,MSE,1.0,0.0,50,x2=0.0,1.0,0.09676,0.21988
4-chain-linear,1,42,hybrid,HYBRID_ALPHA0.9_BETA0.1,0.9,0.1,50,x2=0.0,1.0,0.14064,0.09062
4-chain-linear,2,43,hybrid,HYBRID_ALPHA0.9_BETA0.1,0.9,0.1,50,x2=0.0,1.0,0.1306,0.02795
4-chain-linear,3,44,hybrid,HYBRID_ALPHA0.9_BETA0.1,0.9,0.1,50,x2=0.0,1.0,0.13145,0.03362
4-chain-linear,4,45,hybrid,HYBRID_ALPHA0.9_BETA0.1,0.9,0.1,50,x2=0.0,1.0,0.13229,0.03829
4-chain-linear,5,46,hybrid,HYBRID_ALPHA0.9_BETA0.1,0.9,0.1,50,x2=0.0,1.0,0.12998,0.10759
4-chain-linear,6,47,hybrid,HYBRID_ALPHA0.9_BETA0.1,0.9,0.1,50,x2=0.0,1.0,0.16232,0.02207
4-chain-linear,7,48,hybrid,HYBRID_ALPHA0.9_BETA0.1,0.9,0.1,50,x2=0.0,0.975,0.10428,0.07721
4-chain-linear,8,49,hybrid,HYBRID_ALPHA0.9_BETA0.1,0.9,0.1,50,x2=0.0,1.0,0.13073,0.0363
4-chain-linear,9,50,hybrid,HYBRID_ALPHA0.9_BETA0.1,0.9,0.1,50,x2=0.0,1.0,0.1444,0.02292
4-chain-linear,10,51,hybrid,HYBRID_ALPHA0.9_BETA0.1,0.9,0.1,50,x2=0.0,1.0,0.09739,0.22226
4-chain-linear,1,42,hybrid,HYBRID_ALPHA0.8_BETA0.2,0.8,0.2,50,x2=0.0,1.0,0.14244,0.06846
4-chain-linear,2,43,hybrid,HYBRID_ALPHA0.8_BETA0.2,0.8,0.2,50,x2=0.0,1.0,0.12278,0.00446
4-chain-linear,3,44,hybrid,HYBRID_ALPHA0.8_BETA0.2,0.8,0.2,50,x2=0.0,1.0,0.13267,0.03362
4-chain-linear,4,45,hybrid,HYBRID_ALPHA0.8_BETA0.2,0.8,0.2,50,x2=0.0,1.0,0.13194,0.03829
4-chain-linear,5,46,hybrid,HYBRID_ALPHA0.8_BETA0.2,0.8,0.2,50,x2=0.0,1.0,0.09998,0.09128
4-chain-linear,6,47,hybrid,HYBRID_ALPHA0.8_BETA0.2,0.8,0.2,50,x2=0.0,1.0,0.163,0.02203
4-chain-linear,7,48,hybrid,HYBRID_ALPHA0.8_BETA0.2,0.8,0.2,50,x2=0.0,0.975,0.10333,0.0034
4-chain-linear,8,49,hybrid,HYBRID_ALPHA0.8_BETA0.2,0.8,0.2,50,x2=0.0,1.0,0.13471,0.03633
4-chain-linear,9,50,hybrid,HYBRID_ALPHA0.8_BETA0.2,0.8,0.2,50,x2=0.0,1.0,0.14224,0.02292
4-chain-linear,10,51,hybrid,HYBRID_ALPHA0.8_BETA0.2,0.8,0.2,50,x2=0.0,1.0,0.09949,0.23402
4-chain-linear,1,42,hybrid,HYBRID_ALPHA0.7_BETA0.3,0.7,0.3,50,x2=0.0,1.0,0.14229,0.06445
4-chain-linear,2,43,hybrid,HYBRID_ALPHA0.7_BETA0.3,0.7,0.3,50,x2=0.0,1.0,0.12901,0.05727
4-chain-linear,3,44,hybrid,HYBRID_ALPHA0.7_BETA0.3,0.7,0.3,50,x2=0.0,1.0,0.12789,0.03362
4-chain-linear,4,45,hybrid,HYBRID_ALPHA0.7_BETA0.3,0.7,0.3,50,x2=0.0,1.0,0.13314,0.03829
4-chain-linear,5,46,hybrid,HYBRID_ALPHA0.7_BETA0.3,0.7,0.3,50,x2=0.0,1.0,0.10408,0.06806
4-chain-linear,6,47,hybrid,HYBRID_ALPHA0.7_BETA0.3,0.7,0.3,50,x2=0.0,1.0,0.14045,0.02197
4-chain-linear,7,48,hybrid,HYBRID_ALPHA0.7_BETA0.3,0.7,0.3,50,x2=0.0,1.0,0.10315,0.00808
4-chain-linear,8,49,hybrid,HYBRID_ALPHA0.7_BETA0.3,0.7,0.3,50,x2=0.0,1.0,0.13362,0.03633
4-chain-linear,9,50,hybrid,HYBRID_ALPHA0.7_BETA0.3,0.7,0.3,50,x2=0.0,1.0,0.14158,0.02292
4-chain-linear,10,51,hybrid,HYBRID_ALPHA0.7_BETA0.3,0.7,0.3,50,x2=0.0,1.0,0.09996,0.23785
4-chain-linear,1,42,hybrid,HYBRID_ALPHA0.6_BETA0.4,0.6,0.4,50,x2=0.0,1.0,0.14235,0.06141
4-chain-linear,2,43,hybrid,HYBRID_ALPHA0.6_BETA0.4,0.6,0.4,50,x2=0.0,0.975,0.15099,0.04444
4-chain-linear,3,44,hybrid,HYBRID_ALPHA0.6_BETA0.4,0.6,0.4,50,x2=0.0,1.0,0.12744,0.03306
4-chain-linear,4,45,hybrid,HYBRID_ALPHA0.6_BETA0.4,0.6,0.4,50,x2=0.0,1.0,0.13376,0.03829
4-chain-linear,5,46,hybrid,HYBRID_ALPHA0.6_BETA0.4,0.6,0.4,50,x2=0.0,1.0,0.12434,0.12882
4-chain-linear,6,47,hybrid,HYBRID_ALPHA0.6_BETA0.4,0.6,0.4,50,x2=0.0,1.0,0.14831,0.02373
4-chain-linear,7,48,hybrid,HYBRID_ALPHA0.6_BETA0.4,0.6,0.4,50,x2=0.0,0.975,0.10722,0.06241
4-chain-linear,8,49,hybrid,HYBRID_ALPHA0.6_BETA0.4,0.6,0.4,50,x2=0.0,1.0,0.1329,0.03633
4-chain-linear,9,50,hybrid,HYBRID_ALPHA0.6_BETA0.4,0.6,0.4,50,x2=0.0,1.0,0.14086,0.02292
4-chain-linear,10,51,hybrid,HYBRID_ALPHA0.6_BETA0.4,0.6,0.4,50,x2=0.0,1.0,0.09964,0.23776
4-chain-linear,1,42,hybrid,HYBRID_ALPHA0.5_BETA0.5,0.5,0.5,50,x2=0.0,1.0,0.14224,0.0518
4-chain-linear,2,43,hybrid,HYBRID_ALPHA0.5_BETA0.5,0.5,0.5,50,x2=0.0,1.0,0.1549,0.06973
4-chain-linear,3,44,hybrid,HYBRID_ALPHA0.5_BETA0.5,0.5,0.5,50,x2=0.0,1.0,0.11516,0.00473
4-chain-linear,4,45,hybrid,HYBRID_ALPHA0.5_BETA0.5,0.5,0.5,50,x2=0.0,0.975,0.11635,0.27833
4-chain-linear,5,46,hybrid,HYBRID_ALPHA0.5_BETA0.5,0.5,0.5,50,x2=0.0,1.0,0.12515,0.09851
4-chain-linear,6,47,hybrid,HYBRID_ALPHA0.5_BETA0.5,0.5,0.5,50,x2=0.0,1.0,0.16077,0.00619
4-chain-linear,7,48,hybrid,HYBRID_ALPHA0.5_BETA0.5,0.5,0.5,50,x2=0.0,1.0,0.11176,0.03502
4-chain-linear,8,49,hybrid,HYBRID_ALPHA0.5_BETA0.5,0.5,0.5,50,x2=0.0,1.0,0.1357,0.03622
4-chain-linear,9,50,hybrid,HYBRID_ALPHA0.5_BETA0.5,0.5,0.5,50,x2=0.0,1.0,0.14069,0.02386
4-chain-linear,10,51,hybrid,HYBRID_ALPHA0.5_BETA0.5,0.5,0.5,50,x2=0.0,1.0,0.106,0.24264
4-chain-linear,1,42,hybrid,HYBRID_ALPHA0.4_BETA0.6,0.4,0.6,50,x2=0.0,1.0,0.13562,0.01317
4-chain-linear,2,43,hybrid,HYBRID_ALPHA0.4_BETA0.6,0.4,0.6,50,x2=0.0,1.0,0.15302,0.04985
4-chain-linear,3,44,hybrid,HYBRID_ALPHA0.4_BETA0.6,0.4,0.6,50,x2=0.0,1.0,0.16412,0.43536
4-chain-linear,4,45,hybrid,HYBRID_ALPHA0.4_BETA0.6,0.4,0.6,50,x2=0.0,1.0,0.14574,0.44694
4-chain-linear,5,46,hybrid,HYBRID_ALPHA0.4_BETA0.6,0.4,0.6,50,x2=0.0,1.0,0.13887,0.06875
4-chain-linear,6,47,hybrid,HYBRID_ALPHA0.4_BETA0.6,0.4,0.6,50,x2=0.0,1.0,0.16274,0.00263
4-chain-linear,7,48,hybrid,HYBRID_ALPHA0.4_BETA0.6,0.4,0.6,50,x2=0.0,1.0,0.11386,0.02406
4-chain-linear,8,49,hybrid,HYBRID_ALPHA0.4_BETA0.6,0.4,0.6,50,x2=0.0,1.0,0.13916,0.03614
4-chain-linear,9,50,hybrid,HYBRID_ALPHA0.4_BETA0.6,0.4,0.6,50,x2=0.0,1.0,0.14059,0.02436
4-chain-linear,10,51,hybrid,HYBRID_ALPHA0.4_BETA0.6,0.4,0.6,50,x2=0.0,0.975,0.11122,0.24562
4-chain-linear,1,42,hybrid,HYBRID_ALPHA0.3_BETA0.7,0.3,0.7,50,x2=0.0,1.0,0.13352,0.03155
4-chain-linear,2,43,hybrid,HYBRID_ALPHA0.3_BETA0.7,0.3,0.7,50,x2=0.0,1.0,0.15617,0.00603
4-chain-linear,3,44,hybrid,HYBRID_ALPHA0.3_BETA0.7,0.3,0.7,50,x2=0.0,1.0,0.16007,0.43008
4-chain-linear,4,45,hybrid,HYBRID_ALPHA0.3_BETA0.7,0.3,0.7,50,x2=0.0,1.0,0.12998,0.13863
4-chain-linear,5,46,hybrid,HYBRID_ALPHA0.3_BETA0.7,0.3,0.7,50,x2=0.0,1.0,0.14213,0.03729
4-chain-linear,6,47,hybrid,HYBRID_ALPHA0.3_BETA0.7,0.3,0.7,50,x2=0.0,1.0,0.1625,0.01183
4-chain-linear,7,48,hybrid,HYBRID_ALPHA0.3_BETA0.7,0.3,0.7,50,x2=0.0,1.0,0.1143,0.06822
4-chain-linear,8,49,hybrid,HYBRID_ALPHA0.3_BETA0.7,0.3,0.7,50,x2=0.0,1.0,0.15168,0.03614
4-chain-linear,9,50,hybrid,HYBRID_ALPHA0.3_BETA0.7,0.3,0.7,50,x2=0.0,1.0,0.14026,0.02572
4-chain-linear,10,51,hybrid,HYBRID_ALPHA0.3_BETA0.7,0.3,0.7,50,x2=0.0,1.0,0.11293,0.24846
4-chain-linear,1,42,hybrid,HYBRID_ALPHA0.2_BETA0.8,0.2,0.8,50,x2=0.0,1.0,0.13685,0.06565
4-chain-linear,2,43,hybrid,HYBRID_ALPHA0.2_BETA0.8,0.2,0.8,50,x2=0.0,1.0,0.16201,0.0322
4-chain-linear,3,44,hybrid,HYBRID_ALPHA0.2_BETA0.8,0.2,0.8,50,x2=0.0,1.0,0.1549,0.40643
4-chain-linear,4,45,hybrid,HYBRID_ALPHA0.2_BETA0.8,0.2,0.8,50,x2=0.0,1.0,0.13485,0.14764
4-chain-linear,5,46,hybrid,HYBRID_ALPHA0.2_BETA0.8,0.2,0.8,50,x2=0.0,1.0,0.14046,0.02424
4-chain-linear,6,47,hybrid,HYBRID_ALPHA0.2_BETA0.8,0.2,0.8,50,x2=0.0,1.0,0.16153,0.0227
4-chain-linear,7,48,hybrid,HYBRID_ALPHA0.2_BETA0.8,0.2,0.8,50,x2=0.0,1.0,0.10975,0.15815
4-chain-linear,8,49,hybrid,HYBRID_ALPHA0.2_BETA0.8,0.2,0.8,50,x2=0.0,1.0,0.14996,0.03614
4-chain-linear,9,50,hybrid,HYBRID_ALPHA0.2_BETA0.8,0.2,0.8,50,x2=0.0,1.0,0.13904,0.0258
4-chain-linear,10,51,hybrid,HYBRID_ALPHA0.2_BETA0.8,0.2,0.8,50,x2=0.0,1.0,0.11919,0.25353
4-chain-linear,1,42,mse,MSE,1.0,0.0,100,x2=0.0,0.975,0.13256,0.12188
4-chain-linear,2,43,mse,MSE,1.0,0.0,100,x2=0.0,1.0,0.14812,0.0359
4-chain-linear,3,44,mse,MSE,1.0,0.0,100,x2=0.0,1.0,0.12604,0.0361
4-chain-linear,4,45,mse,MSE,1.0,0.0,100,x2=0.0,1.0,0.14091,0.06935
4-chain-linear,5,46,mse,MSE,1.0,0.0,100,x2=0.0,1.0,0.11581,0.05339
4-chain-linear,6,47,mse,MSE,1.0,0.0,100,x2=0.0,1.0,0.11031,0.01854
4-chain-linear,7,48,mse,MSE,1.0,0.0,100,x2=0.0,1.0,0.30634,0.1321
4-chain-linear,8,49,mse,MSE,1.0,0.0,100,x2=0.0,1.0,0.11752,0.02323
4-chain-linear,9,50,mse,MSE,1.0,0.0,100,x2=0.0,1.0,0.09102,0.09272
4-chain-linear,10,51,mse,MSE,1.0,0.0,100,x2=0.0,1.0,0.11011,0.16263
4-chain-linear,1,42,hybrid,HYBRID_ALPHA0.9_BETA0.1,0.9,0.1,100,x2=0.0,0.975,0.13559,0.17477
4-chain-linear,2,43,hybrid,HYBRID_ALPHA0.9_BETA0.1,0.9,0.1,100,x2=0.0,1.0,0.14846,0.0359
4-chain-linear,3,44,hybrid,HYBRID_ALPHA0.9_BETA0.1,0.9,0.1,100,x2=0.0,1.0,0.12609,0.0361
4-chain-linear,4,45,hybrid,HYBRID_ALPHA0.9_BETA0.1,0.9,0.1,100,x2=0.0,1.0,0.14211,0.06494
4-chain-linear,5,46,hybrid,HYBRID_ALPHA0.9_BETA0.1,0.9,0.1,100,x2=0.0,1.0,0.11947,0.09376
4-chain-linear,6,47,hybrid,HYBRID_ALPHA0.9_BETA0.1,0.9,0.1,100,x2=0.0,1.0,0.12548,0.02817
4-chain-linear,7,48,hybrid,HYBRID_ALPHA0.9_BETA0.1,0.9,0.1,100,x2=0.0,1.0,0.30643,0.15577
4-chain-linear,8,49,hybrid,HYBRID_ALPHA0.9_BETA0.1,0.9,0.1,100,x2=0.0,1.0,0.11746,0.01938
4-chain-linear,9,50,hybrid,HYBRID_ALPHA0.9_BETA0.1,0.9,0.1,100,x2=0.0,1.0,0.1358,0.0719
4-chain-linear,10,51,hybrid,HYBRID_ALPHA0.9_BETA0.1,0.9,0.1,100,x2=0.0,1.0,0.11021,0.15882
4-chain-linear,1,42,hybrid,HYBRID_ALPHA0.8_BETA0.2,0.8,0.2,100,x2=0.0,0.975,0.15054,0.16969
4-chain-linear,2,43,hybrid,HYBRID_ALPHA0.8_BETA0.2,0.8,0.2,100,x2=0.0,1.0,0.14846,0.0359
4-chain-linear,3,44,hybrid,HYBRID_ALPHA0.8_BETA0.2,0.8,0.2,100,x2=0.0,1.0,0.12634,0.03607
4-chain-linear,4,45,hybrid,HYBRID_ALPHA0.8_BETA0.2,0.8,0.2,100,x2=0.0,1.0,0.15108,0.0609
4-chain-linear,5,46,hybrid,HYBRID_ALPHA0.8_BETA0.2,0.8,0.2,100,x2=0.0,1.0,0.1296,0.06584
4-chain-linear,6,47,hybrid,HYBRID_ALPHA0.8_BETA0.2,0.8,0.2,100,x2=0.0,1.0,0.12606,0.02826
4-chain-linear,7,48,hybrid,HYBRID_ALPHA0.8_BETA0.2,0.8,0.2,100,x2=0.0,1.0,0.30642,0.15513
4-chain-linear,8,49,hybrid,HYBRID_ALPHA0.8_BETA0.2,0.8,0.2,100,x2=0.0,1.0,0.11827,0.01769
4-chain-linear,9,50,hybrid,HYBRID_ALPHA0.8_BETA0.2,0.8,0.2,100,x2=0.0,1.0,0.14217,0.07943
4-chain-linear,10,51,hybrid,HYBRID_ALPHA0.8_BETA0.2,0.8,0.2,100,x2=0.0,1.0,0.11174,0.15307
4-chain-linear,1,42,hybrid,HYBRID_ALPHA0.7_BETA0.3,0.7,0.3,100,x2=0.0,0.975,0.15253,0.16035
4-chain-linear,2,43,hybrid,HYBRID_ALPHA0.7_BETA0.3,0.7,0.3,100,x2=0.0,1.0,0.14832,0.0359
4-chain-linear,3,44,hybrid,HYBRID_ALPHA0.7_BETA0.3,0.7,0.3,100,x2=0.0,1.0,0.12675,0.03607
4-chain-linear,4,45,hybrid,HYBRID_ALPHA0.7_BETA0.3,0.7,0.3,100,x2=0.0,1.0,0.15097,0.05645
4-chain-linear,5,46,hybrid,HYBRID_ALPHA0.7_BETA0.3,0.7,0.3,100,x2=0.0,1.0,0.13074,0.03916
4-chain-linear,6,47,hybrid,HYBRID_ALPHA0.7_BETA0.3,0.7,0.3,100,x2=0.0,1.0,0.12751,0.03643
4-chain-linear,7,48,hybrid,HYBRID_ALPHA0.7_BETA0.3,0.7,0.3,100,x2=0.0,1.0,0.30664,0.13447
4-chain-linear,8,49,hybrid,HYBRID_ALPHA0.7_BETA0.3,0.7,0.3,100,x2=0.0,1.0,0.11797,0.01169
4-chain-linear,9,50,hybrid,HYBRID_ALPHA0.7_BETA0.3,0.7,0.3,100,x2=0.0,1.0,0.14397,0.08814
4-chain-linear,10,51,hybrid,HYBRID_ALPHA0.7_BETA0.3,0.7,0.3,100,x2=0.0,1.0,0.11256,0.14421
4-chain-linear,1,42,hybrid,HYBRID_ALPHA0.6_BETA0.4,0.6,0.4,100,x2=0.0,0.975,0.15234,0.12066
4-chain-linear,2,43,hybrid,HYBRID_ALPHA0.6_BETA0.4,0.6,0.4,100,x2=0.0,1.0,0.14824,0.03591
4-chain-linear,3,44,hybrid,HYBRID_ALPHA0.6_BETA0.4,0.6,0.4,100,x2=0.0,1.0,0.12711,0.03609
4-chain-linear,4,45,hybrid,HYBRID_ALPHA0.6_BETA0.4,0.6,0.4,100,x2=0.0,1.0,0.15107,0.05086
4-chain-linear,5,46,hybrid,HYBRID_ALPHA0.6_BETA0.4,0.6,0.4,100,x2=0.0,1.0,0.12947,0.04522
4-chain-linear,6,47,hybrid,HYBRID_ALPHA0.6_BETA0.4,0.6,0.4,100,x2=0.0,1.0,0.12965,0.03231
4-chain-linear,7,48,hybrid,HYBRID_ALPHA0.6_BETA0.4,0.6,0.4,100,x2=0.0,1.0,0.30622,0.11101
4-chain-linear,8,49,hybrid,HYBRID_ALPHA0.6_BETA0.4,0.6,0.4,100,x2=0.0,1.0,0.11807,0.00637
4-chain-linear,9,50,hybrid,HYBRID_ALPHA0.6_BETA0.4,0.6,0.4,100,x2=0.0,1.0,0.14267,0.09253
4-chain-linear,10,51,hybrid,HYBRID_ALPHA0.6_BETA0.4,0.6,0.4,100,x2=0.0,1.0,0.10383,0.08694
4-chain-linear,1,42,hybrid,HYBRID_ALPHA0.5_BETA0.5,0.5,0.5,100,x2=0.0,0.975,0.15251,0.10795
4-chain-linear,2,43,hybrid,HYBRID_ALPHA0.5_BETA0.5,0.5,0.5,100,x2=0.0,1.0,0.14813,0.03593
4-chain-linear,3,44,hybrid,HYBRID_ALPHA0.5_BETA0.5,0.5,0.5,100,x2=0.0,1.0,0.1273,0.03609
4-chain-linear,4,45,hybrid,HYBRID_ALPHA0.5_BETA0.5,0.5,0.5,100,x2=0.0,1.0,0.15103,0.03522
4-chain-linear,5,46,hybrid,HYBRID_ALPHA0.5_BETA0.5,0.5,0.5,100,x2=0.0,1.0,0.13407,0.03824
4-chain-linear,6,47,hybrid,HYBRID_ALPHA0.5_BETA0.5,0.5,0.5,100,x2=0.0,1.0,0.13315,0.03231
4-chain-linear,7,48,hybrid,HYBRID_ALPHA0.5_BETA0.5,0.5,0.5,100,x2=0.0,1.0,0.30547,0.08594
4-chain-linear,8,49,hybrid,HYBRID_ALPHA0.5_BETA0.5,0.5,0.5,100,x2=0.0,1.0,0.11804,0.00152
4-chain-linear,9,50,hybrid,HYBRID_ALPHA0.5_BETA0.5,0.5,0.5,100,x2=0.0,1.0,0.16209,0.00621
4-chain-linear,10,51,hybrid,HYBRID_ALPHA0.5_BETA0.5,0.5,0.5,100,x2=0.0,1.0,0.11768,0.14666
4-chain-linear,1,42,hybrid,HYBRID_ALPHA0.4_BETA0.6,0.4,0.6,100,x2=0.0,1.0,0.14995,0.09741
4-chain-linear,2,43,hybrid,HYBRID_ALPHA0.4_BETA0.6,0.4,0.6,100,x2=0.0,1.0,0.1465,0.03593
4-chain-linear,3,44,hybrid,HYBRID_ALPHA0.4_BETA0.6,0.4,0.6,100,x2=0.0,1.0,0.12788,0.03611
4-chain-linear,4,45,hybrid,HYBRID_ALPHA0.4_BETA0.6,0.4,0.6,100,x2=0.0,1.0,0.15153,0.04352
4-chain-linear,5,46,hybrid,HYBRID_ALPHA0.4_BETA0.6,0.4,0.6,100,x2=0.0,1.0,0.1357,0.03824
4-chain-linear,6,47,hybrid,HYBRID_ALPHA0.4_BETA0.6,0.4,0.6,100,x2=0.0,1.0,0.13545,0.03231
4-chain-linear,7,48,hybrid,HYBRID_ALPHA0.4_BETA0.6,0.4,0.6,100,x2=0.0,1.0,0.30409,0.06016
4-chain-linear,8,49,hybrid,HYBRID_ALPHA0.4_BETA0.6,0.4,0.6,100,x2=0.0,1.0,0.11757,0.00606
4-chain-linear,9,50,hybrid,HYBRID_ALPHA0.4_BETA0.6,0.4,0.6,100,x2=0.0,1.0,0.16582,0.00128
4-chain-linear,10,51,hybrid,HYBRID_ALPHA0.4_BETA0.6,0.4,0.6,100,x2=0.0,1.0,0.10257,0.03279
4-chain-linear,1,42,hybrid,HYBRID_ALPHA0.3_BETA0.7,0.3,0.7,100,x2=0.0,1.0,0.15236,0.0871
4-chain-linear,2,43,hybrid,HYBRID_ALPHA0.3_BETA0.7,0.3,0.7,100,x2=0.0,1.0,0.14116,0.02712
4-chain-linear,3,44,hybrid,HYBRID_ALPHA0.3_BETA0.7,0.3,0.7,100,x2=0.0,1.0,0.13066,0.03611
4-chain-linear,4,45,hybrid,HYBRID_ALPHA0.3_BETA0.7,0.3,0.7,100,x2=0.0,1.0,0.15018,0.05331
4-chain-linear,5,46,hybrid,HYBRID_ALPHA0.3_BETA0.7,0.3,0.7,100,x2=0.0,1.0,0.13487,0.11076
4-chain-linear,6,47,hybrid,HYBRID_ALPHA0.3_BETA0.7,0.3,0.7,100,x2=0.0,1.0,0.11968,0.03231
4-chain-linear,7,48,hybrid,HYBRID_ALPHA0.3_BETA0.7,0.3,0.7,100,x2=0.0,1.0,0.30309,0.05939
4-chain-linear,8,49,hybrid,HYBRID_ALPHA0.3_BETA0.7,0.3,0.7,100,x2=0.0,1.0,0.12076,0.02208
4-chain-linear,9,50,hybrid,HYBRID_ALPHA0.3_BETA0.7,0.3,0.7,100,x2=0.0,1.0,0.16912,0.0049
4-chain-linear,10,51,hybrid,HYBRID_ALPHA0.3_BETA0.7,0.3,0.7,100,x2=0.0,1.0,0.11763,0.12299
4-chain-linear,1,42,hybrid,HYBRID_ALPHA0.2_BETA0.8,0.2,0.8,100,x2=0.0,1.0,0.15348,0.06906
4-chain-linear,2,43,hybrid,HYBRID_ALPHA0.2_BETA0.8,0.2,0.8,100,x2=0.0,1.0,0.15094,0.03965
4-chain-linear,3,44,hybrid,HYBRID_ALPHA0.2_BETA0.8,0.2,0.8,100,x2=0.0,1.0,0.13158,0.03612
4-chain-linear,4,45,hybrid,HYBRID_ALPHA0.2_BETA0.8,0.2,0.8,100,x2=0.0,1.0,0.15054,0.05268
4-chain-linear,5,46,hybrid,HYBRID_ALPHA0.2_BETA0.8,0.2,0.8,100,x2=0.0,1.0,0.13597,0.03804
4-chain-linear,6,47,hybrid,HYBRID_ALPHA0.2_BETA0.8,0.2,0.8,100,x2=0.0,1.0,0.12058,0.0323
4-chain-linear,7,48,hybrid,HYBRID_ALPHA0.2_BETA0.8,0.2,0.8,100,x2=0.0,1.0,0.30343,0.03532
4-chain-linear,8,49,hybrid,HYBRID_ALPHA0.2_BETA0.8,0.2,0.8,100,x2=0.0,1.0,0.12041,0.04004
4-chain-linear,9,50,hybrid,HYBRID_ALPHA0.2_BETA0.8,0.2,0.8,100,x2=0.0,1.0,0.17094,0.02633
4-chain-linear,10,51,hybrid,HYBRID_ALPHA0.2_BETA0.8,0.2,0.8,100,x2=0.0,1.0,0.1187,0.10541
5-chain-linear,1,42,mse,MSE,1.0,0.0,50,x2=0.0,0.625,0.02834,0.83067
5-chain-linear,2,43,mse,MSE,1.0,0.0,50,x2=0.0,0.675,0.02323,0.83316
5-chain-linear,3,44,mse,MSE,1.0,0.0,50,x2=0.0,0.65,0.02447,0.83323
5-chain-linear,4,45,mse,MSE,1.0,0.0,50,x2=0.0,0.525,0.03052,0.83155
5-chain-linear,5,46,mse,MSE,1.0,0.0,50,x2=0.0,0.625,0.01908,0.83268
5-chain-linear,6,47,mse,MSE,1.0,0.0,50,x2=0.0,0.65,0.01945,0.83353
5-chain-linear,7,48,mse,MSE,1.0,0.0,50,x2=0.0,0.625,0.01889,0.8329
5-chain-linear,8,49,mse,MSE,1.0,0.0,50,x2=0.0,0.675,0.02276,0.83314
5-chain-linear,9,50,mse,MSE,1.0,0.0,50,x2=0.0,0.675,0.02283,0.83413
5-chain-linear,10,51,mse,MSE,1.0,0.0,50,x2=0.0,0.55,0.03863,0.89644
5-chain-linear,1,42,hybrid,HYBRID_ALPHA0.9_BETA0.1,0.9,0.1,50,x2=0.0,0.675,0.02865,0.83029
5-chain-linear,2,43,hybrid,HYBRID_ALPHA0.9_BETA0.1,0.9,0.1,50,x2=0.0,0.65,0.02278,0.83316
5-chain-linear,3,44,hybrid,HYBRID_ALPHA0.9_BETA0.1,0.9,0.1,50,x2=0.0,0.65,0.02428,0.83323
5-chain-linear,4,45,hybrid,HYBRID_ALPHA0.9_BETA0.1,0.9,0.1,50,x2=0.0,0.625,0.02805,0.8307
5-chain-linear,5,46,hybrid,HYBRID_ALPHA0.9_BETA0.1,0.9,0.1,50,x2=0.0,0.6,0.01826,0.83268
5-chain-linear,6,47,hybrid,HYBRID_ALPHA0.9_BETA0.1,0.9,0.1,50,x2=0.0,0.525,0.01916,0.83355
5-chain-linear,7,48,hybrid,HYBRID_ALPHA0.9_BETA0.1,0.9,0.1,50,x2=0.0,0.675,0.02285,0.83994
5-chain-linear,8,49,hybrid,HYBRID_ALPHA0.9_BETA0.1,0.9,0.1,50,x2=0.0,0.65,0.02247,0.83307
5-chain-linear,9,50,hybrid,HYBRID_ALPHA0.9_BETA0.1,0.9,0.1,50,x2=0.0,0.7,0.02443,0.83412
5-chain-linear,10,51,hybrid,HYBRID_ALPHA0.9_BETA0.1,0.9,0.1,50,x2=0.0,0.5,0.03821,0.89831
5-chain-linear,1,42,hybrid,HYBRID_ALPHA0.8_BETA0.2,0.8,0.2,50,x2=0.0,0.7,0.02906,0.83081
5-chain-linear,2,43,hybrid,HYBRID_ALPHA0.8_BETA0.2,0.8,0.2,50,x2=0.0,0.625,0.0229,0.83316
5-chain-linear,3,44,hybrid,HYBRID_ALPHA0.8_BETA0.2,0.8,0.2,50,x2=0.0,0.675,0.02422,0.83322
5-chain-linear,4,45,hybrid,HYBRID_ALPHA0.8_BETA0.2,0.8,0.2,50,x2=0.0,0.525,0.02596,0.8307
5-chain-linear,5,46,hybrid,HYBRID_ALPHA0.8_BETA0.2,0.8,0.2,50,x2=0.0,0.625,0.01995,0.83268
5-chain-linear,6,47,hybrid,HYBRID_ALPHA0.8_BETA0.2,0.8,0.2,50,x2=0.0,0.55,0.01875,0.83365
5-chain-linear,7,48,hybrid,HYBRID_ALPHA0.8_BETA0.2,0.8,0.2,50,x2=0.0,0.65,0.01473,0.83104
5-chain-linear,8,49,hybrid,HYBRID_ALPHA0.8_BETA0.2,0.8,0.2,50,x2=0.0,0.575,0.02161,0.83304
5-chain-linear,9,50,hybrid,HYBRID_ALPHA0.8_BETA0.2,0.8,0.2,50,x2=0.0,0.7,0.02464,0.83409
5-chain-linear,10,51,hybrid,HYBRID_ALPHA0.8_BETA0.2,0.8,0.2,50,x2=0.0,0.525,0.04273,0.9204
5-chain-linear,1,42,hybrid,HYBRID_ALPHA0.7_BETA0.3,0.7,0.3,50,x2=0.0,0.625,0.0283,0.83082
5-chain-linear,2,43,hybrid,HYBRID_ALPHA0.7_BETA0.3,0.7,0.3,50,x2=0.0,0.65,0.02283,0.83309
5-chain-linear,3,44,hybrid,HYBRID_ALPHA0.7_BETA0.3,0.7,0.3,50,x2=0.0,0.625,0.02403,0.83322
5-chain-linear,4,45,hybrid,HYBRID_ALPHA0.7_BETA0.3,0.7,0.3,50,x2=0.0,0.625,0.02704,0.83184
5-chain-linear,5,46,hybrid,HYBRID_ALPHA0.7_BETA0.3,0.7,0.3,50,x2=0.0,0.625,0.02057,0.83268
5-chain-linear,6,47,hybrid,HYBRID_ALPHA0.7_BETA0.3,0.7,0.3,50,x2=0.0,0.6,0.01813,0.83376
5-chain-linear,7,48,hybrid,HYBRID_ALPHA0.7_BETA0.3,0.7,0.3,50,x2=0.0,0.6,0.01525,0.83102
5-chain-linear,8,49,hybrid,HYBRID_ALPHA0.7_BETA0.3,0.7,0.3,50,x2=0.0,0.625,0.02174,0.83301
5-chain-linear,9,50,hybrid,HYBRID_ALPHA0.7_BETA0.3,0.7,0.3,50,x2=0.0,0.725,0.02451,0.83406
5-chain-linear,10,51,hybrid,HYBRID_ALPHA0.7_BETA0.3,0.7,0.3,50,x2=0.0,0.525,0.03454,0.89079
5-chain-linear,1,42,hybrid,HYBRID_ALPHA0.6_BETA0.4,0.6,0.4,50,x2=0.0,0.6,0.01856,0.83044
5-chain-linear,2,43,hybrid,HYBRID_ALPHA0.6_BETA0.4,0.6,0.4,50,x2=0.0,0.6,0.02261,0.83309
5-chain-linear,3,44,hybrid,HYBRID_ALPHA0.6_BETA0.4,0.6,0.4,50,x2=0.0,0.65,0.02375,0.83322
5-chain-linear,4,45,hybrid,HYBRID_ALPHA0.6_BETA0.4,0.6,0.4,50,x2=0.0,0.575,0.0265,0.8309
5-chain-linear,5,46,hybrid,HYBRID_ALPHA0.6_BETA0.4,0.6,0.4,50,x2=0.0,0.7,0.02534,0.83268
5-chain-linear,6,47,hybrid,HYBRID_ALPHA0.6_BETA0.4,0.6,0.4,50,x2=0.0,0.55,0.01621,0.83386
5-chain-linear,7,48,hybrid,HYBRID_ALPHA0.6_BETA0.4,0.6,0.4,50,x2=0.0,0.65,0.01478,0.83118
5-chain-linear,8,49,hybrid,HYBRID_ALPHA0.6_BETA0.4,0.6,0.4,50,x2=0.0,0.65,0.02145,0.83298
5-chain-linear,9,50,hybrid,HYBRID_ALPHA0.6_BETA0.4,0.6,0.4,50,x2=0.0,0.675,0.02382,0.8344
5-chain-linear,10,51,hybrid,HYBRID_ALPHA0.6_BETA0.4,0.6,0.4,50,x2=0.0,0.5,0.03797,0.88603
5-chain-linear,1,42,hybrid,HYBRID_ALPHA0.5_BETA0.5,0.5,0.5,50,x2=0.0,0.575,0.01904,0.83044
5-chain-linear,2,43,hybrid,HYBRID_ALPHA0.5_BETA0.5,0.5,0.5,50,x2=0.0,0.6,0.02261,0.83307
5-chain-linear,3,44,hybrid,HYBRID_ALPHA0.5_BETA0.5,0.5,0.5,50,x2=0.0,0.625,0.02407,0.83322
5-chain-linear,4,45,hybrid,HYBRID_ALPHA0.5_BETA0.5,0.5,0.5,50,x2=0.0,0.6,0.02329,0.83062
5-chain-linear,5,46,hybrid,HYBRID_ALPHA0.5_BETA0.5,0.5,0.5,50,x2=0.0,0.725,0.02489,0.83268
5-chain-linear,6,47,hybrid,HYBRID_ALPHA0.5_BETA0.5,0.5,0.5,50,x2=0.0,0.575,0.01706,0.83403
5-chain-linear,7,48,hybrid,HYBRID_ALPHA0.5_BETA0.5,0.5,0.5,50,x2=0.0,0.6,0.01456,0.83119
5-chain-linear,8,49,hybrid,HYBRID_ALPHA0.5_BETA0.5,0.5,0.5,50,x2=0.0,0.6,0.02083,0.83294
5-chain-linear,9,50,hybrid,HYBRID_ALPHA0.5_BETA0.5,0.5,0.5,50,x2=0.0,0.725,0.02361,0.83434
5-chain-linear,10,51,hybrid,HYBRID_ALPHA0.5_BETA0.5,0.5,0.5,50,x2=0.0,0.55,0.03658,0.90219
5-chain-linear,1,42,hybrid,HYBRID_ALPHA0.4_BETA0.6,0.4,0.6,50,x2=0.0,0.55,0.01775,0.83059
5-chain-linear,2,43,hybrid,HYBRID_ALPHA0.4_BETA0.6,0.4,0.6,50,x2=0.0,0.6,0.02287,0.83305
5-chain-linear,3,44,hybrid,HYBRID_ALPHA0.4_BETA0.6,0.4,0.6,50,x2=0.0,0.625,0.02403,0.83322
5-chain-linear,4,45,hybrid,HYBRID_ALPHA0.4_BETA0.6,0.4,0.6,50,x2=0.0,0.625,0.02109,0.83091
5-chain-linear,5,46,hybrid,HYBRID_ALPHA0.4_BETA0.6,0.4,0.6,50,x2=0.0,0.65,0.02433,0.83268
5-chain-linear,6,47,hybrid,HYBRID_ALPHA0.4_BETA0.6,0.4,0.6,50,x2=0.0,0.55,0.01693,0.8342
5-chain-linear,7,48,hybrid,HYBRID_ALPHA0.4_BETA0.6,0.4,0.6,50,x2=0.0,0.575,0.01414,0.8311
5-chain-linear,8,49,hybrid,HYBRID_ALPHA0.4_BETA0.6,0.4,0.6,50,x2=0.0,0.625,0.02045,0.83294
5-chain-linear,9,50,hybrid,HYBRID_ALPHA0.4_BETA0.6,0.4,0.6,50,x2=0.0,0.675,0.02299,0.83424
5-chain-linear,10,51,hybrid,HYBRID_ALPHA0.4_BETA0.6,0.4,0.6,50,x2=0.0,0.55,0.03384,0.91446
5-chain-linear,1,42,hybrid,HYBRID_ALPHA0.3_BETA0.7,0.3,0.7,50,x2=0.0,0.625,0.01819,0.83065
5-chain-linear,2,43,hybrid,HYBRID_ALPHA0.3_BETA0.7,0.3,0.7,50,x2=0.0,0.675,0.02247,0.83302
5-chain-linear,3,44,hybrid,HYBRID_ALPHA0.3_BETA0.7,0.3,0.7,50,x2=0.0,0.6,0.02405,0.8332
5-chain-linear,4,45,hybrid,HYBRID_ALPHA0.3_BETA0.7,0.3,0.7,50,x2=0.0,0.6,0.02009,0.83105
5-chain-linear,5,46,hybrid,HYBRID_ALPHA0.3_BETA0.7,0.3,0.7,50,x2=0.0,0.675,0.02458,0.83268
5-chain-linear,6,47,hybrid,HYBRID_ALPHA0.3_BETA0.7,0.3,0.7,50,x2=0.0,0.525,0.01938,0.83509
5-chain-linear,7,48,hybrid,HYBRID_ALPHA0.3_BETA0.7,0.3,0.7,50,x2=0.0,0.575,0.01316,0.83088
5-chain-linear,8,49,hybrid,HYBRID_ALPHA0.3_BETA0.7,0.3,0.7,50,x2=0.0,0.6,0.01893,0.83294
5-chain-linear,9,50,hybrid,HYBRID_ALPHA0.3_BETA0.7,0.3,0.7,50,x2=0.0,0.675,0.02261,0.83408
5-chain-linear,10,51,hybrid,HYBRID_ALPHA0.3_BETA0.7,0.3,0.7,50,x2=0.0,0.575,0.01458,0.83344
5-chain-linear,1,42,hybrid,HYBRID_ALPHA0.2_BETA0.8,0.2,0.8,50,x2=0.0,0.5,0.01881,0.83069
5-chain-linear,2,43,hybrid,HYBRID_ALPHA0.2_BETA0.8,0.2,0.8,50,x2=0.0,0.625,0.02161,0.83304
5-chain-linear,3,44,hybrid,HYBRID_ALPHA0.2_BETA0.8,0.2,0.8,50,x2=0.0,0.6,0.0233,0.8332
5-chain-linear,4,45,hybrid,HYBRID_ALPHA0.2_BETA0.8,0.2,0.8,50,x2=0.0,0.525,0.01989,0.83061
5-chain-linear,5,46,hybrid,HYBRID_ALPHA0.2_BETA0.8,0.2,0.8,50,x2=0.0,0.55,0.02349,0.83161
5-chain-linear,6,47,hybrid,HYBRID_ALPHA0.2_BETA0.8,0.2,0.8,50,x2=0.0,0.6,0.0176,0.8332
5-chain-linear,7,48,hybrid,HYBRID_ALPHA0.2_BETA0.8,0.2,0.8,50,x2=0.0,0.525,0.01237,0.83072
5-chain-linear,8,49,hybrid,HYBRID_ALPHA0.2_BETA0.8,0.2,0.8,50,x2=0.0,0.6,0.01824,0.83289
5-chain-linear,9,50,hybrid,HYBRID_ALPHA0.2_BETA0.8,0.2,0.8,50,x2=0.0,0.7,0.02292,0.83372
5-chain-linear,10,51,hybrid,HYBRID_ALPHA0.2_BETA0.8,0.2,0.8,50,x2=0.0,0.6,0.01407,0.83413
5-chain-linear,1,42,mse,MSE,1.0,0.0,100,x2=0.0,0.55,0.0186,0.836
5-chain-linear,2,43,mse,MSE,1.0,0.0,100,x2=0.0,0.675,0.01363,0.83325
5-chain-linear,3,44,mse,MSE,1.0,0.0,100,x2=0.0,0.625,0.0139,0.83368
5-chain-linear,4,45,mse,MSE,1.0,0.0,100,x2=0.0,0.6,0.01716,0.83325
5-chain-linear,5,46,mse,MSE,1.0,0.0,100,x2=0.0,0.625,0.02183,0.83436
5-chain-linear,6,47,mse,MSE,1.0,0.0,100,x2=0.0,0.575,0.0154,0.8333
5-chain-linear,7,48,mse,MSE,1.0,0.0,100,x2=0.0,0.575,0.01448,0.83138
5-chain-linear,8,49,mse,MSE,1.0,0.0,100,x2=0.0,0.55,0.01314,0.8321
5-chain-linear,9,50,mse,MSE,1.0,0.0,100,x2=0.0,0.625,0.01165,0.8339
5-chain-linear,10,51,mse,MSE,1.0,0.0,100,x2=0.0,0.7,0.02442,0.84632
5-chain-linear,1,42,hybrid,HYBRID_ALPHA0.9_BETA0.1,0.9,0.1,100,x2=0.0,0.6,0.01807,0.83587
5-chain-linear,2,43,hybrid,HYBRID_ALPHA0.9_BETA0.1,0.9,0.1,100,x2=0.0,0.7,0.014,0.83313
5-chain-linear,3,44,hybrid,HYBRID_ALPHA0.9_BETA0.1,0.9,0.1,100,x2=0.0,0.6,0.01383,0.83366
5-chain-linear,4,45,hybrid,HYBRID_ALPHA0.9_BETA0.1,0.9,0.1,100,x2=0.0,0.525,0.01706,0.83325
5-chain-linear,5,46,hybrid,HYBRID_ALPHA0.9_BETA0.1,0.9,0.1,100,x2=0.0,0.625,0.02146,0.83434
5-chain-linear,6,47,hybrid,HYBRID_ALPHA0.9_BETA0.1,0.9,0.1,100,x2=0.0,0.55,0.01477,0.8333
5-chain-linear,7,48,hybrid,HYBRID_ALPHA0.9_BETA0.1,0.9,0.1,100,x2=0.0,0.5,0.01513,0.83502
5-chain-linear,8,49,hybrid,HYBRID_ALPHA0.9_BETA0.1,0.9,0.1,100,x2=0.0,0.5,0.01498,0.83196
5-chain-linear,9,50,hybrid,HYBRID_ALPHA0.9_BETA0.1,0.9,0.1,100,x2=0.0,0.55,0.01111,0.83293
5-chain-linear,10,51,hybrid,HYBRID_ALPHA0.9_BETA0.1,0.9,0.1,100,x2=0.0,0.675,0.02248,0.84687
5-chain-linear,1,42,hybrid,HYBRID_ALPHA0.8_BETA0.2,0.8,0.2,100,x2=0.0,0.55,0.01895,0.84004
5-chain-linear,2,43,hybrid,HYBRID_ALPHA0.8_BETA0.2,0.8,0.2,100,x2=0.0,0.6,0.01373,0.83297
5-chain-linear,3,44,hybrid,HYBRID_ALPHA0.8_BETA0.2,0.8,0.2,100,x2=0.0,0.575,0.01408,0.83514
5-chain-linear,4,45,hybrid,HYBRID_ALPHA0.8_BETA0.2,0.8,0.2,100,x2=0.0,0.6,0.01736,0.83325
5-chain-linear,5,46,hybrid,HYBRID_ALPHA0.8_BETA0.2,0.8,0.2,100,x2=0.0,0.55,0.01923,0.83447
5-chain-linear,6,47,hybrid,HYBRID_ALPHA0.8_BETA0.2,0.8,0.2,100,x2=0.0,0.575,0.01424,0.83329
5-chain-linear,7,48,hybrid,HYBRID_ALPHA0.8_BETA0.2,0.8,0.2,100,x2=0.0,0.525,0.01469,0.83497
5-chain-linear,8,49,hybrid,HYBRID_ALPHA0.8_BETA0.2,0.8,0.2,100,x2=0.0,0.575,0.01417,0.8321
5-chain-linear,9,50,hybrid,HYBRID_ALPHA0.8_BETA0.2,0.8,0.2,100,x2=0.0,0.5,0.01087,0.83254
5-chain-linear,10,51,hybrid,HYBRID_ALPHA0.8_BETA0.2,0.8,0.2,100,x2=0.0,0.625,0.02158,0.84567
5-chain-linear,1,42,hybrid,HYBRID_ALPHA0.7_BETA0.3,0.7,0.3,100,x2=0.0,0.575,0.02156,0.84237
5-chain-linear,2,43,hybrid,HYBRID_ALPHA0.7_BETA0.3,0.7,0.3,100,x2=0.0,0.625,0.01392,0.83273
5-chain-linear,3,44,hybrid,HYBRID_ALPHA0.7_BETA0.3,0.7,0.3,100,x2=0.0,0.575,0.014,0.83456
5-chain-linear,4,45,hybrid,HYBRID_ALPHA0.7_BETA0.3,0.7,0.3,100,x2=0.0,0.525,0.01742,0.83324
5-chain-linear,5,46,hybrid,HYBRID_ALPHA0.7_BETA0.3,0.7,0.3,100,x2=0.0,0.575,0.01938,0.83431
5-chain-linear,6,47,hybrid,HYBRID_ALPHA0.7_BETA0.3,0.7,0.3,100,x2=0.0,0.575,0.0147,0.83329
5-chain-linear,7,48,hybrid,HYBRID_ALPHA0.7_BETA0.3,0.7,0.3,100,x2=0.0,0.55,0.01514,0.8372
5-chain-linear,8,49,hybrid,HYBRID_ALPHA0.7_BETA0.3,0.7,0.3,100,x2=0.0,0.5,0.01388,0.83224
5-chain-linear,9,50,hybrid,HYBRID_ALPHA0.7_BETA0.3,0.7,0.3,100,x2=0.0,0.575,0.01066,0.83253
5-chain-linear,10,51,hybrid,HYBRID_ALPHA0.7_BETA0.3,0.7,0.3,100,x2=0.0,0.65,0.02166,0.84435
5-chain-linear,1,42,hybrid,HYBRID_ALPHA0.6_BETA0.4,0.6,0.4,100,x2=0.0,0.55,0.02148,0.84477
5-chain-linear,2,43,hybrid,HYBRID_ALPHA0.6_BETA0.4,0.6,0.4,100,x2=0.0,0.7,0.01487,0.83254
5-chain-linear,3,44,hybrid,HYBRID_ALPHA0.6_BETA0.4,0.6,0.4,100,x2=0.0,0.675,0.01431,0.83405
5-chain-linear,4,45,hybrid,HYBRID_ALPHA0.6_BETA0.4,0.6,0.4,100,x2=0.0,0.625,0.01759,0.83317
5-chain-linear,5,46,hybrid,HYBRID_ALPHA0.6_BETA0.4,0.6,0.4,100,x2=0.0,0.6,0.01891,0.83419
5-chain-linear,6,47,hybrid,HYBRID_ALPHA0.6_BETA0.4,0.6,0.4,100,x2=0.0,0.55,0.0144,0.83327
5-chain-linear,7,48,hybrid,HYBRID_ALPHA0.6_BETA0.4,0.6,0.4,100,x2=0.0,0.525,0.01311,0.83253
5-chain-linear,8,49,hybrid,HYBRID_ALPHA0.6_BETA0.4,0.6,0.4,100,x2=0.0,0.6,0.01328,0.83244
5-chain-linear,9,50,hybrid,HYBRID_ALPHA0.6_BETA0.4,0.6,0.4,100,x2=0.0,0.6,0.01077,0.83236
5-chain-linear,10,51,hybrid,HYBRID_ALPHA0.6_BETA0.4,0.6,0.4,100,x2=0.0,0.675,0.02074,0.84377
5-chain-linear,1,42,hybrid,HYBRID_ALPHA0.5_BETA0.5,0.5,0.5,100,x2=0.0,0.55,0.0219,0.84692
5-chain-linear,2,43,hybrid,HYBRID_ALPHA0.5_BETA0.5,0.5,0.5,100,x2=0.0,0.7,0.01444,0.83218
5-chain-linear,3,44,hybrid,HYBRID_ALPHA0.5_BETA0.5,0.5,0.5,100,x2=0.0,0.675,0.01324,0.83375
5-chain-linear,4,45,hybrid,HYBRID_ALPHA0.5_BETA0.5,0.5,0.5,100,x2=0.0,0.6,0.01765,0.83312
5-chain-linear,5,46,hybrid,HYBRID_ALPHA0.5_BETA0.5,0.5,0.5,100,x2=0.0,0.6,0.01816,0.83451
5-chain-linear,6,47,hybrid,HYBRID_ALPHA0.5_BETA0.5,0.5,0.5,100,x2=0.0,0.525,0.01403,0.83327
5-chain-linear,7,48,hybrid,HYBRID_ALPHA0.5_BETA0.5,0.5,0.5,100,x2=0.0,0.575,0.01201,0.83094
5-chain-linear,8,49,hybrid,HYBRID_ALPHA0.5_BETA0.5,0.5,0.5,100,x2=0.0,0.525,0.01238,0.83161
5-chain-linear,9,50,hybrid,HYBRID_ALPHA0.5_BETA0.5,0.5,0.5,100,x2=0.0,0.575,0.01104,0.83224
5-chain-linear,10,51,hybrid,HYBRID_ALPHA0.5_BETA0.5,0.5,0.5,100,x2=0.0,0.55,0.01633,0.836
5-chain-linear,1,42,hybrid,HYBRID_ALPHA0.4_BETA0.6,0.4,0.6,100,x2=0.0,0.575,0.01831,0.84115
5-chain-linear,2,43,hybrid,HYBRID_ALPHA0.4_BETA0.6,0.4,0.6,100,x2=0.0,0.65,0.01452,0.83211
5-chain-linear,3,44,hybrid,HYBRID_ALPHA0.4_BETA0.6,0.4,0.6,100,x2=0.0,0.675,0.01346,0.83326
5-chain-linear,4,45,hybrid,HYBRID_ALPHA0.4_BETA0.6,0.4,0.6,100,x2=0.0,0.6,0.01766,0.83308
5-chain-linear,5,46,hybrid,HYBRID_ALPHA0.4_BETA0.6,0.4,0.6,100,x2=0.0,0.625,0.01783,0.83454
5-chain-linear,6,47,hybrid,HYBRID_ALPHA0.4_BETA0.6,0.4,0.6,100,x2=0.0,0.65,0.01374,0.83326
5-chain-linear,7,48,hybrid,HYBRID_ALPHA0.4_BETA0.6,0.4,0.6,100,x2=0.0,0.55,0.01079,0.83243
5-chain-linear,8,49,hybrid,HYBRID_ALPHA0.4_BETA0.6,0.4,0.6,100,x2=0.0,0.5,0.01229,0.83144
5-chain-linear,9,50,hybrid,HYBRID_ALPHA0.4_BETA0.6,0.4,0.6,100,x2=0.0,0.65,0.01104,0.83209
5-chain-linear,10,51,hybrid,HYBRID_ALPHA0.4_BETA0.6,0.4,0.6,100,x2=0.0,0.625,0.01595,0.83611
5-chain-linear,1,42,hybrid,HYBRID_ALPHA0.3_BETA0.7,0.3,0.7,100,x2=0.0,0.625,0.01739,0.84113
5-chain-linear,2,43,hybrid,HYBRID_ALPHA0.3_BETA0.7,0.3,0.7,100,x2=0.0,0.65,0.01392,0.83206
5-chain-linear,3,44,hybrid,HYBRID_ALPHA0.3_BETA0.7,0.3,0.7,100,x2=0.0,0.65,0.01343,0.83268
5-chain-linear,4,45,hybrid,HYBRID_ALPHA0.3_BETA0.7,0.3,0.7,100,x2=0.0,0.575,0.01703,0.83304
5-chain-linear,5,46,hybrid,HYBRID_ALPHA0.3_BETA0.7,0.3,0.7,100,x2=0.0,0.625,0.01643,0.83468
5-chain-linear,6,47,hybrid,HYBRID_ALPHA0.3_BETA0.7,0.3,0.7,100,x2=0.0,0.525,0.01343,0.83319
5-chain-linear,7,48,hybrid,HYBRID_ALPHA0.3_BETA0.7,0.3,0.7,100,x2=0.0,0.525,0.01069,0.83282
5-chain-linear,8,49,hybrid,HYBRID_ALPHA0.3_BETA0.7,0.3,0.7,100,x2=0.0,0.525,0.01192,0.83114
5-chain-linear,9,50,hybrid,HYBRID_ALPHA0.3_BETA0.7,0.3,0.7,100,x2=0.0,0.6,0.01007,0.83178
5-chain-linear,10,51,hybrid,HYBRID_ALPHA0.3_BETA0.7,0.3,0.7,100,x2=0.0,0.625,0.01548,0.83495
5-chain-linear,1,42,hybrid,HYBRID_ALPHA0.2_BETA0.8,0.2,0.8,100,x2=0.0,0.575,0.01575,0.84165
5-chain-linear,2,43,hybrid,HYBRID_ALPHA0.2_BETA0.8,0.2,0.8,100,x2=0.0,0.65,0.01349,0.83225
5-chain-linear,3,44,hybrid,HYBRID_ALPHA0.2_BETA0.8,0.2,0.8,100,x2=0.0,0.6,0.01295,0.83207
5-chain-linear,4,45,hybrid,HYBRID_ALPHA0.2_BETA0.8,0.2,0.8,100,x2=0.0,0.65,0.02108,0.83301
5-chain-linear,5,46,hybrid,HYBRID_ALPHA0.2_BETA0.8,0.2,0.8,100,x2=0.0,0.625,0.0155,0.83462
5-chain-linear,6,47,hybrid,HYBRID_ALPHA0.2_BETA0.8,0.2,0.8,100,x2=0.0,0.525,0.01307,0.83293
5-chain-linear,7,48,hybrid,HYBRID_ALPHA0.2_BETA0.8,0.2,0.8,100,x2=0.0,0.525,0.01037,0.83035
5-chain-linear,8,49,hybrid,HYBRID_ALPHA0.2_BETA0.8,0.2,0.8,100,x2=0.0,0.525,0.0122,0.83075
5-chain-linear,9,50,hybrid,HYBRID_ALPHA0.2_BETA0.8,0.2,0.8,100,x2=0.0,0.525,0.01069,0.83145
5-chain-linear,10,51,hybrid,HYBRID_ALPHA0.2_BETA0.8,0.2,0.8,100,x2=0.0,0.55,0.01484,0.83374
collider-linear,1,42,mse,MSE,1.0,0.0,50,x2=0.0,0.6,0.03072,0.58326
collider-linear,2,43,mse,MSE,1.0,0.0,50,x2=0.0,0.675,0.0251,0.51504
collider-linear,3,44,mse,MSE,1.0,0.0,50,x2=0.0,0.575,0.00865,0.48061
collider-linear,4,45,mse,MSE,1.0,0.0,50,x2=0.0,0.575,0.02489,0.48163
collider-linear,5,46,mse,MSE,1.0,0.0,50,x2=0.0,0.675,0.02267,0.51975
collider-linear,6,47,mse,MSE,1.0,0.0,50,x2=0.0,0.625,0.01376,2.83208
collider-linear,7,48,mse,MSE,1.0,0.0,50,x2=0.0,0.7,0.01385,0.50337
collider-linear,8,49,mse,MSE,1.0,0.0,50,x2=0.0,0.65,0.03762,0.54241
collider-linear,9,50,mse,MSE,1.0,0.0,50,x2=0.0,0.7,0.02797,0.56787
collider-linear,10,51,mse,MSE,1.0,0.0,50,x2=0.0,0.65,0.03294,0.58463
collider-linear,1,42,hybrid,HYBRID_ALPHA0.9_BETA0.1,0.9,0.1,50,x2=0.0,0.575,0.03079,0.58348
collider-linear,2,43,hybrid,HYBRID_ALPHA0.9_BETA0.1,0.9,0.1,50,x2=0.0,0.6,0.02358,0.50984
collider-linear,3,44,hybrid,HYBRID_ALPHA0.9_BETA0.1,0.9,0.1,50,x2=0.0,0.625,0.00786,0.47751
collider-linear,4,45,hybrid,HYBRID_ALPHA0.9_BETA0.1,0.9,0.1,50,x2=0.0,0.675,0.02568,0.49055
collider-linear,5,46,hybrid,HYBRID_ALPHA0.9_BETA0.1,0.9,0.1,50,x2=0.0,0.65,0.02374,0.52218
collider-linear,6,47,hybrid,HYBRID_ALPHA0.9_BETA0.1,0.9,0.1,50,x2=0.0,0.675,0.01318,2.87347
collider-linear,7,48,hybrid,HYBRID_ALPHA0.9_BETA0.1,0.9,0.1,50,x2=0.0,0.725,0.01361,0.60733
collider-linear,8,49,hybrid,HYBRID_ALPHA0.9_BETA0.1,0.9,0.1,50,x2=0.0,0.7,0.0304,0.50963
collider-linear,9,50,hybrid,HYBRID_ALPHA0.9_BETA0.1,0.9,0.1,50,x2=0.0,0.7,0.02796,0.56772
collider-linear,10,51,hybrid,HYBRID_ALPHA0.9_BETA0.1,0.9,0.1,50,x2=0.0,0.675,0.02351,0.51011
collider-linear,1,42,hybrid,HYBRID_ALPHA0.8_BETA0.2,0.8,0.2,50,x2=0.0,0.625,0.03093,0.57792
collider-linear,2,43,hybrid,HYBRID_ALPHA0.8_BETA0.2,0.8,0.2,50,x2=0.0,0.65,0.02323,0.49886
collider-linear,3,44,hybrid,HYBRID_ALPHA0.8_BETA0.2,0.8,0.2,50,x2=0.0,0.6,0.00779,0.47923
collider-linear,4,45,hybrid,HYBRID_ALPHA0.8_BETA0.2,0.8,0.2,50,x2=0.0,0.6,0.02462,0.48595
collider-linear,5,46,hybrid,HYBRID_ALPHA0.8_BETA0.2,0.8,0.2,50,x2=0.0,0.7,0.02341,0.52646
collider-linear,6,47,hybrid,HYBRID_ALPHA0.8_BETA0.2,0.8,0.2,50,x2=0.0,0.725,0.01324,2.93214
collider-linear,7,48,hybrid,HYBRID_ALPHA0.8_BETA0.2,0.8,0.2,50,x2=0.0,0.575,0.01249,0.4953
collider-linear,8,49,hybrid,HYBRID_ALPHA0.8_BETA0.2,0.8,0.2,50,x2=0.0,0.575,0.04601,0.5839
collider-linear,9,50,hybrid,HYBRID_ALPHA0.8_BETA0.2,0.8,0.2,50,x2=0.0,0.7,0.02799,0.56783
collider-linear,10,51,hybrid,HYBRID_ALPHA0.8_BETA0.2,0.8,0.2,50,x2=0.0,0.65,0.03293,0.58482
collider-linear,1,42,hybrid,HYBRID_ALPHA0.7_BETA0.3,0.7,0.3,50,x2=0.0,0.575,0.03116,0.59074
collider-linear,2,43,hybrid,HYBRID_ALPHA0.7_BETA0.3,0.7,0.3,50,x2=0.0,0.7,0.02331,0.48342
collider-linear,3,44,hybrid,HYBRID_ALPHA0.7_BETA0.3,0.7,0.3,50,x2=0.0,0.6,0.00757,0.4812
collider-linear,4,45,hybrid,HYBRID_ALPHA0.7_BETA0.3,0.7,0.3,50,x2=0.0,0.7,0.03638,0.57843
collider-linear,5,46,hybrid,HYBRID_ALPHA0.7_BETA0.3,0.7,0.3,50,x2=0.0,0.7,0.02301,0.53093
collider-linear,6,47,hybrid,HYBRID_ALPHA0.7_BETA0.3,0.7,0.3,50,x2=0.0,0.725,0.01287,3.02275
collider-linear,7,48,hybrid,HYBRID_ALPHA0.7_BETA0.3,0.7,0.3,50,x2=0.0,0.7,0.01462,0.5163
collider-linear,8,49,hybrid,HYBRID_ALPHA0.7_BETA0.3,0.7,0.3,50,x2=0.0,0.625,0.04948,0.60056
collider-linear,9,50,hybrid,HYBRID_ALPHA0.7_BETA0.3,0.7,0.3,50,x2=0.0,0.725,0.02803,0.56781
collider-linear,10,51,hybrid,HYBRID_ALPHA0.7_BETA0.3,0.7,0.3,50,x2=0.0,0.65,0.03297,0.58491
collider-linear,1,42,hybrid,HYBRID_ALPHA0.6_BETA0.4,0.6,0.4,50,x2=0.0,0.55,0.03129,0.57463
collider-linear,2,43,hybrid,HYBRID_ALPHA0.6_BETA0.4,0.6,0.4,50,x2=0.0,0.675,0.02487,0.47482
collider-linear,3,44,hybrid,HYBRID_ALPHA0.6_BETA0.4,0.6,0.4,50,x2=0.0,0.65,0.00734,0.48806
collider-linear,4,45,hybrid,HYBRID_ALPHA0.6_BETA0.4,0.6,0.4,50,x2=0.0,0.7,0.0364,0.57879
collider-linear,5,46,hybrid,HYBRID_ALPHA0.6_BETA0.4,0.6,0.4,50,x2=0.0,0.675,0.02555,0.56301
collider-linear,6,47,hybrid,HYBRID_ALPHA0.6_BETA0.4,0.6,0.4,50,x2=0.0,0.625,0.01521,3.03646
collider-linear,7,48,hybrid,HYBRID_ALPHA0.6_BETA0.4,0.6,0.4,50,x2=0.0,0.675,0.0133,0.48078
collider-linear,8,49,hybrid,HYBRID_ALPHA0.6_BETA0.4,0.6,0.4,50,x2=0.0,0.625,0.0443,0.59425
collider-linear,9,50,hybrid,HYBRID_ALPHA0.6_BETA0.4,0.6,0.4,50,x2=0.0,0.7,0.02808,0.56756
collider-linear,10,51,hybrid,HYBRID_ALPHA0.6_BETA0.4,0.6,0.4,50,x2=0.0,0.625,0.03301,0.58456
collider-linear,1,42,hybrid,HYBRID_ALPHA0.5_BETA0.5,0.5,0.5,50,x2=0.0,0.625,0.03129,0.55083
collider-linear,2,43,hybrid,HYBRID_ALPHA0.5_BETA0.5,0.5,0.5,50,x2=0.0,0.675,0.02447,0.46706
collider-linear,3,44,hybrid,HYBRID_ALPHA0.5_BETA0.5,0.5,0.5,50,x2=0.0,0.625,0.00749,0.52278
collider-linear,4,45,hybrid,HYBRID_ALPHA0.5_BETA0.5,0.5,0.5,50,x2=0.0,0.675,0.03638,0.57886
collider-linear,5,46,hybrid,HYBRID_ALPHA0.5_BETA0.5,0.5,0.5,50,x2=0.0,0.675,0.03167,0.55082
collider-linear,6,47,hybrid,HYBRID_ALPHA0.5_BETA0.5,0.5,0.5,50,x2=0.0,0.7,0.013,2.95733
collider-linear,7,48,hybrid,HYBRID_ALPHA0.5_BETA0.5,0.5,0.5,50,x2=0.0,0.625,0.01106,0.44814
collider-linear,8,49,hybrid,HYBRID_ALPHA0.5_BETA0.5,0.5,0.5,50,x2=0.0,0.65,0.03456,0.56914
collider-linear,9,50,hybrid,HYBRID_ALPHA0.5_BETA0.5,0.5,0.5,50,x2=0.0,0.675,0.02816,0.5668
collider-linear,10,51,hybrid,HYBRID_ALPHA0.5_BETA0.5,0.5,0.5,50,x2=0.0,0.625,0.033,0.58464
collider-linear,1,42,hybrid,HYBRID_ALPHA0.4_BETA0.6,0.4,0.6,50,x2=0.0,0.625,0.03077,0.54813
collider-linear,2,43,hybrid,HYBRID_ALPHA0.4_BETA0.6,0.4,0.6,50,x2=0.0,0.6,0.02492,0.45934
collider-linear,3,44,hybrid,HYBRID_ALPHA0.4_BETA0.6,0.4,0.6,50,x2=0.0,0.7,0.00902,0.47254
collider-linear,4,45,hybrid,HYBRID_ALPHA0.4_BETA0.6,0.4,0.6,50,x2=0.0,0.675,0.03639,0.57923
collider-linear,5,46,hybrid,HYBRID_ALPHA0.4_BETA0.6,0.4,0.6,50,x2=0.0,0.65,0.03488,0.5952
collider-linear,6,47,hybrid,HYBRID_ALPHA0.4_BETA0.6,0.4,0.6,50,x2=0.0,0.65,0.01306,2.21943
collider-linear,7,48,hybrid,HYBRID_ALPHA0.4_BETA0.6,0.4,0.6,50,x2=0.0,0.675,0.0152,0.43793
collider-linear,8,49,hybrid,HYBRID_ALPHA0.4_BETA0.6,0.4,0.6,50,x2=0.0,0.6,0.04168,0.59821
collider-linear,9,50,hybrid,HYBRID_ALPHA0.4_BETA0.6,0.4,0.6,50,x2=0.0,0.65,0.02846,0.56537
collider-linear,10,51,hybrid,HYBRID_ALPHA0.4_BETA0.6,0.4,0.6,50,x2=0.0,0.6,0.03305,0.58525
collider-linear,1,42,hybrid,HYBRID_ALPHA0.3_BETA0.7,0.3,0.7,50,x2=0.0,0.7,0.03104,0.52335
collider-linear,2,43,hybrid,HYBRID_ALPHA0.3_BETA0.7,0.3,0.7,50,x2=0.0,0.7,0.02796,0.50276
collider-linear,3,44,hybrid,HYBRID_ALPHA0.3_BETA0.7,0.3,0.7,50,x2=0.0,0.6,0.012,0.4504
collider-linear,4,45,hybrid,HYBRID_ALPHA0.3_BETA0.7,0.3,0.7,50,x2=0.0,0.65,0.03545,0.57141
collider-linear,5,46,hybrid,HYBRID_ALPHA0.3_BETA0.7,0.3,0.7,50,x2=0.0,0.65,0.03508,0.5951
collider-linear,6,47,hybrid,HYBRID_ALPHA0.3_BETA0.7,0.3,0.7,50,x2=0.0,0.675,0.01578,0.48876
collider-linear,7,48,hybrid,HYBRID_ALPHA0.3_BETA0.7,0.3,0.7,50,x2=0.0,0.55,0.00827,0.48806
collider-linear,8,49,hybrid,HYBRID_ALPHA0.3_BETA0.7,0.3,0.7,50,x2=0.0,0.65,0.03886,0.56851
collider-linear,9,50,hybrid,HYBRID_ALPHA0.3_BETA0.7,0.3,0.7,50,x2=0.0,0.675,0.02856,0.56514
collider-linear,10,51,hybrid,HYBRID_ALPHA0.3_BETA0.7,0.3,0.7,50,x2=0.0,0.6,0.03301,0.58537
collider-linear,1,42,hybrid,HYBRID_ALPHA0.2_BETA0.8,0.2,0.8,50,x2=0.0,0.65,0.03169,0.53328
collider-linear,2,43,hybrid,HYBRID_ALPHA0.2_BETA0.8,0.2,0.8,50,x2=0.0,0.7,0.03083,0.48112
collider-linear,3,44,hybrid,HYBRID_ALPHA0.2_BETA0.8,0.2,0.8,50,x2=0.0,0.625,0.01202,0.45104
collider-linear,4,45,hybrid,HYBRID_ALPHA0.2_BETA0.8,0.2,0.8,50,x2=0.0,0.675,0.03521,0.57347
collider-linear,5,46,hybrid,HYBRID_ALPHA0.2_BETA0.8,0.2,0.8,50,x2=0.0,0.6,0.03531,0.5971
collider-linear,6,47,hybrid,HYBRID_ALPHA0.2_BETA0.8,0.2,0.8,50,x2=0.0,0.625,0.01286,0.47205
collider-linear,7,48,hybrid,HYBRID_ALPHA0.2_BETA0.8,0.2,0.8,50,x2=0.0,0.575,0.01071,0.48822
collider-linear,8,49,hybrid,HYBRID_ALPHA0.2_BETA0.8,0.2,0.8,50,x2=0.0,0.7,0.03009,0.54297
collider-linear,9,50,hybrid,HYBRID_ALPHA0.2_BETA0.8,0.2,0.8,50,x2=0.0,0.675,0.02741,0.55726
collider-linear,10,51,hybrid,HYBRID_ALPHA0.2_BETA0.8,0.2,0.8,50,x2=0.0,0.625,0.03331,0.58769
collider-linear,1,42,mse,MSE,1.0,0.0,100,x2=0.0,0.675,0.02967,0.51101
collider-linear,2,43,mse,MSE,1.0,0.0,100,x2=0.0,0.725,0.01831,0.46946
collider-linear,3,44,mse,MSE,1.0,0.0,100,x2=0.0,0.55,0.00816,0.50226
collider-linear,4,45,mse,MSE,1.0,0.0,100,x2=0.0,0.675,0.02739,0.53317
collider-linear,5,46,mse,MSE,1.0,0.0,100,x2=0.0,0.6,0.01894,0.46415
collider-linear,6,47,mse,MSE,1.0,0.0,100,x2=0.0,0.775,0.01094,0.71246
collider-linear,7,48,mse,MSE,1.0,0.0,100,x2=0.0,0.625,0.01959,0.48601
collider-linear,8,49,mse,MSE,1.0,0.0,100,x2=0.0,0.725,0.02221,0.52645
collider-linear,9,50,mse,MSE,1.0,0.0,100,x2=0.0,0.525,0.0083,0.47194
collider-linear,10,51,mse,MSE,1.0,0.0,100,x2=0.0,0.6,0.01988,0.47531
collider-linear,1,42,hybrid,HYBRID_ALPHA0.9_BETA0.1,0.9,0.1,100,x2=0.0,0.65,0.02873,0.51245
collider-linear,2,43,hybrid,HYBRID_ALPHA0.9_BETA0.1,0.9,0.1,100,x2=0.0,0.7,0.0184,0.47427
collider-linear,3,44,hybrid,HYBRID_ALPHA0.9_BETA0.1,0.9,0.1,100,x2=0.0,0.625,0.0101,0.50248
collider-linear,4,45,hybrid,HYBRID_ALPHA0.9_BETA0.1,0.9,0.1,100,x2=0.0,0.625,0.02782,0.53637
collider-linear,5,46,hybrid,HYBRID_ALPHA0.9_BETA0.1,0.9,0.1,100,x2=0.0,0.55,0.02087,0.47427
collider-linear,6,47,hybrid,HYBRID_ALPHA0.9_BETA0.1,0.9,0.1,100,x2=0.0,0.625,0.01254,0.75736
collider-linear,7,48,hybrid,HYBRID_ALPHA0.9_BETA0.1,0.9,0.1,100,x2=0.0,0.6,0.01911,0.48372
collider-linear,8,49,hybrid,HYBRID_ALPHA0.9_BETA0.1,0.9,0.1,100,x2=0.0,0.75,0.02187,0.52191
collider-linear,9,50,hybrid,HYBRID_ALPHA0.9_BETA0.1,0.9,0.1,100,x2=0.0,0.525,0.00962,0.47534
collider-linear,10,51,hybrid,HYBRID_ALPHA0.9_BETA0.1,0.9,0.1,100,x2=0.0,0.625,0.02191,0.48019
collider-linear,1,42,hybrid,HYBRID_ALPHA0.8_BETA0.2,0.8,0.2,100,x2=0.0,0.65,0.02662,0.50926
collider-linear,2,43,hybrid,HYBRID_ALPHA0.8_BETA0.2,0.8,0.2,100,x2=0.0,0.7,0.01856,0.47911
collider-linear,3,44,hybrid,HYBRID_ALPHA0.8_BETA0.2,0.8,0.2,100,x2=0.0,0.625,0.01004,0.49699
collider-linear,4,45,hybrid,HYBRID_ALPHA0.8_BETA0.2,0.8,0.2,100,x2=0.0,0.65,0.02787,0.53812
collider-linear,5,46,hybrid,HYBRID_ALPHA0.8_BETA0.2,0.8,0.2,100,x2=0.0,0.7,0.01846,0.46737
collider-linear,6,47,hybrid,HYBRID_ALPHA0.8_BETA0.2,0.8,0.2,100,x2=0.0,0.65,0.01284,0.71478
collider-linear,7,48,hybrid,HYBRID_ALPHA0.8_BETA0.2,0.8,0.2,100,x2=0.0,0.7,0.01948,0.47253
collider-linear,8,49,hybrid,HYBRID_ALPHA0.8_BETA0.2,0.8,0.2,100,x2=0.0,0.7,0.0212,0.5162
collider-linear,9,50,hybrid,HYBRID_ALPHA0.8_BETA0.2,0.8,0.2,100,x2=0.0,0.625,0.01036,0.47337
collider-linear,10,51,hybrid,HYBRID_ALPHA0.8_BETA0.2,0.8,0.2,100,x2=0.0,0.525,0.01701,0.45131
collider-linear,1,42,hybrid,HYBRID_ALPHA0.7_BETA0.3,0.7,0.3,100,x2=0.0,0.675,0.03159,0.51821
collider-linear,2,43,hybrid,HYBRID_ALPHA0.7_BETA0.3,0.7,0.3,100,x2=0.0,0.725,0.01915,0.48078
collider-linear,3,44,hybrid,HYBRID_ALPHA0.7_BETA0.3,0.7,0.3,100,x2=0.0,0.65,0.01032,0.50163
collider-linear,4,45,hybrid,HYBRID_ALPHA0.7_BETA0.3,0.7,0.3,100,x2=0.0,0.675,0.02866,0.5495
collider-linear,5,46,hybrid,HYBRID_ALPHA0.7_BETA0.3,0.7,0.3,100,x2=0.0,0.65,0.01798,0.46928
collider-linear,6,47,hybrid,HYBRID_ALPHA0.7_BETA0.3,0.7,0.3,100,x2=0.0,0.675,0.01314,0.55186
collider-linear,7,48,hybrid,HYBRID_ALPHA0.7_BETA0.3,0.7,0.3,100,x2=0.0,0.725,0.01978,0.4767
collider-linear,8,49,hybrid,HYBRID_ALPHA0.7_BETA0.3,0.7,0.3,100,x2=0.0,0.7,0.01944,0.48373
collider-linear,9,50,hybrid,HYBRID_ALPHA0.7_BETA0.3,0.7,0.3,100,x2=0.0,0.65,0.0109,0.47326
collider-linear,10,51,hybrid,HYBRID_ALPHA0.7_BETA0.3,0.7,0.3,100,x2=0.0,0.55,0.01896,0.46233
collider-linear,1,42,hybrid,HYBRID_ALPHA0.6_BETA0.4,0.6,0.4,100,x2=0.0,0.6,0.03079,0.51855
collider-linear,2,43,hybrid,HYBRID_ALPHA0.6_BETA0.4,0.6,0.4,100,x2=0.0,0.675,0.01958,0.48245
collider-linear,3,44,hybrid,HYBRID_ALPHA0.6_BETA0.4,0.6,0.4,100,x2=0.0,0.675,0.01125,0.47146
collider-linear,4,45,hybrid,HYBRID_ALPHA0.6_BETA0.4,0.6,0.4,100,x2=0.0,0.675,0.02798,0.54097
collider-linear,5,46,hybrid,HYBRID_ALPHA0.6_BETA0.4,0.6,0.4,100,x2=0.0,0.625,0.01722,0.46682
collider-linear,6,47,hybrid,HYBRID_ALPHA0.6_BETA0.4,0.6,0.4,100,x2=0.0,0.675,0.01332,0.47676
collider-linear,7,48,hybrid,HYBRID_ALPHA0.6_BETA0.4,0.6,0.4,100,x2=0.0,0.7,0.02024,0.48143
collider-linear,8,49,hybrid,HYBRID_ALPHA0.6_BETA0.4,0.6,0.4,100,x2=0.0,0.675,0.01872,0.50353
collider-linear,9,50,hybrid,HYBRID_ALPHA0.6_BETA0.4,0.6,0.4,100,x2=0.0,0.625,0.0107,0.47603
collider-linear,10,51,hybrid,HYBRID_ALPHA0.6_BETA0.4,0.6,0.4,100,x2=0.0,0.55,0.02042,0.47148
collider-linear,1,42,hybrid,HYBRID_ALPHA0.5_BETA0.5,0.5,0.5,100,x2=0.0,0.6,0.02958,0.51559
collider-linear,2,43,hybrid,HYBRID_ALPHA0.5_BETA0.5,0.5,0.5,100,x2=0.0,0.725,0.02093,0.47263
collider-linear,3,44,hybrid,HYBRID_ALPHA0.5_BETA0.5,0.5,0.5,100,x2=0.0,0.675,0.01333,0.5265
collider-linear,4,45,hybrid,HYBRID_ALPHA0.5_BETA0.5,0.5,0.5,100,x2=0.0,0.675,0.03017,0.5644
collider-linear,5,46,hybrid,HYBRID_ALPHA0.5_BETA0.5,0.5,0.5,100,x2=0.0,0.65,0.01643,0.45504
collider-linear,6,47,hybrid,HYBRID_ALPHA0.5_BETA0.5,0.5,0.5,100,x2=0.0,0.65,0.01628,0.48742
collider-linear,7,48,hybrid,HYBRID_ALPHA0.5_BETA0.5,0.5,0.5,100,x2=0.0,0.675,0.02083,0.48565
collider-linear,8,49,hybrid,HYBRID_ALPHA0.5_BETA0.5,0.5,0.5,100,x2=0.0,0.725,0.01943,0.48363
collider-linear,9,50,hybrid,HYBRID_ALPHA0.5_BETA0.5,0.5,0.5,100,x2=0.0,0.575,0.01367,0.46904
collider-linear,10,51,hybrid,HYBRID_ALPHA0.5_BETA0.5,0.5,0.5,100,x2=0.0,0.575,0.02093,0.47354
collider-linear,1,42,hybrid,HYBRID_ALPHA0.4_BETA0.6,0.4,0.6,100,x2=0.0,0.65,0.02823,0.52834
collider-linear,2,43,hybrid,HYBRID_ALPHA0.4_BETA0.6,0.4,0.6,100,x2=0.0,0.775,0.02343,0.47895
collider-linear,3,44,hybrid,HYBRID_ALPHA0.4_BETA0.6,0.4,0.6,100,x2=0.0,0.65,0.01229,0.4922
collider-linear,4,45,hybrid,HYBRID_ALPHA0.4_BETA0.6,0.4,0.6,100,x2=0.0,0.7,0.02945,0.55646
collider-linear,5,46,hybrid,HYBRID_ALPHA0.4_BETA0.6,0.4,0.6,100,x2=0.0,0.725,0.01658,0.4656
collider-linear,6,47,hybrid,HYBRID_ALPHA0.4_BETA0.6,0.4,0.6,100,x2=0.0,0.65,0.01565,0.452
collider-linear,7,48,hybrid,HYBRID_ALPHA0.4_BETA0.6,0.4,0.6,100,x2=0.0,0.625,0.02208,0.49337
collider-linear,8,49,hybrid,HYBRID_ALPHA0.4_BETA0.6,0.4,0.6,100,x2=0.0,0.7,0.0205,0.48053
collider-linear,9,50,hybrid,HYBRID_ALPHA0.4_BETA0.6,0.4,0.6,100,x2=0.0,0.7,0.01774,0.46427
collider-linear,10,51,hybrid,HYBRID_ALPHA0.4_BETA0.6,0.4,0.6,100,x2=0.0,0.55,0.0197,0.46527
collider-linear,1,42,hybrid,HYBRID_ALPHA0.3_BETA0.7,0.3,0.7,100,x2=0.0,0.65,0.02654,0.50045
collider-linear,2,43,hybrid,HYBRID_ALPHA0.3_BETA0.7,0.3,0.7,100,x2=0.0,0.675,0.02535,0.47996
collider-linear,3,44,hybrid,HYBRID_ALPHA0.3_BETA0.7,0.3,0.7,100,x2=0.0,0.625,0.01275,0.4884
collider-linear,4,45,hybrid,HYBRID_ALPHA0.3_BETA0.7,0.3,0.7,100,x2=0.0,0.7,0.02977,0.5606
collider-linear,5,46,hybrid,HYBRID_ALPHA0.3_BETA0.7,0.3,0.7,100,x2=0.0,0.7,0.01847,0.48012
collider-linear,6,47,hybrid,HYBRID_ALPHA0.3_BETA0.7,0.3,0.7,100,x2=0.0,0.7,0.01294,0.488
collider-linear,7,48,hybrid,HYBRID_ALPHA0.3_BETA0.7,0.3,0.7,100,x2=0.0,0.65,0.02281,0.49784
collider-linear,8,49,hybrid,HYBRID_ALPHA0.3_BETA0.7,0.3,0.7,100,x2=0.0,0.675,0.02283,0.49836
collider-linear,9,50,hybrid,HYBRID_ALPHA0.3_BETA0.7,0.3,0.7,100,x2=0.0,0.65,0.01732,0.47021
collider-linear,10,51,hybrid,HYBRID_ALPHA0.3_BETA0.7,0.3,0.7,100,x2=0.0,0.575,0.01812,0.47838
collider-linear,1,42,hybrid,HYBRID_ALPHA0.2_BETA0.8,0.2,0.8,100,x2=0.0,0.65,0.02744,0.51894
collider-linear,2,43,hybrid,HYBRID_ALPHA0.2_BETA0.8,0.2,0.8,100,x2=0.0,0.7,0.02585,0.49711
collider-linear,3,44,hybrid,HYBRID_ALPHA0.2_BETA0.8,0.2,0.8,100,x2=0.0,0.625,0.01285,0.47618
collider-linear,4,45,hybrid,HYBRID_ALPHA0.2_BETA0.8,0.2,0.8,100,x2=0.0,0.7,0.03088,0.57192
collider-linear,5,46,hybrid,HYBRID_ALPHA0.2_BETA0.8,0.2,0.8,100,x2=0.0,0.65,0.02161,0.49656
collider-linear,6,47,hybrid,HYBRID_ALPHA0.2_BETA0.8,0.2,0.8,100,x2=0.0,0.65,0.01656,0.48767
collider-linear,7,48,hybrid,HYBRID_ALPHA0.2_BETA0.8,0.2,0.8,100,x2=0.0,0.65,0.0213,0.48827
collider-linear,8,49,hybrid,HYBRID_ALPHA0.2_BETA0.8,0.2,0.8,100,x2=0.0,0.65,0.02434,0.50436
collider-linear,9,50,hybrid,HYBRID_ALPHA0.2_BETA0.8,0.2,0.8,100,x2=0.0,0.625,0.01647,0.45974
collider-linear,10,51,hybrid,HYBRID_ALPHA0.2_BETA0.8,0.2,0.8,100,x2=0.0,0.65,0.02013,0.48581
fork-linear,1,42,mse,MSE,1.0,0.0,50,x2=0.0,0.725,0.04877,0.69857
fork-linear,2,43,mse,MSE,1.0,0.0,50,x2=0.0,0.675,0.05673,0.50359
fork-linear,3,44,mse,MSE,1.0,0.0,50,x2=0.0,0.575,0.01472,0.31174
fork-linear,4,45,mse,MSE,1.0,0.0,50,x2=0.0,0.75,0.06831,0.64748
fork-linear,5,46,mse,MSE,1.0,0.0,50,x2=0.0,0.6,0.01782,0.30917
fork-linear,6,47,mse,MSE,1.0,0.0,50,x2=0.0,0.725,0.04761,1.14857
fork-linear,7,48,mse,MSE,1.0,0.0,50,x2=0.0,0.75,0.04706,0.30542
fork-linear,8,49,mse,MSE,1.0,0.0,50,x2=0.0,0.6,0.02774,0.50521
fork-linear,9,50,mse,MSE,1.0,0.0,50,x2=0.0,0.65,0.04461,0.6607
fork-linear,10,51,mse,MSE,1.0,0.0,50,x2=0.0,0.65,0.04384,0.6547
fork-linear,1,42,hybrid,HYBRID_ALPHA0.9_BETA0.1,0.9,0.1,50,x2=0.0,0.725,0.04805,0.70031
fork-linear,2,43,hybrid,HYBRID_ALPHA0.9_BETA0.1,0.9,0.1,50,x2=0.0,0.65,0.02778,0.3712
fork-linear,3,44,hybrid,HYBRID_ALPHA0.9_BETA0.1,0.9,0.1,50,x2=0.0,0.675,0.0129,0.34505
fork-linear,4,45,hybrid,HYBRID_ALPHA0.9_BETA0.1,0.9,0.1,50,x2=0.0,0.725,0.06829,0.64714
fork-linear,5,46,hybrid,HYBRID_ALPHA0.9_BETA0.1,0.9,0.1,50,x2=0.0,0.7,0.01627,0.3003
fork-linear,6,47,hybrid,HYBRID_ALPHA0.9_BETA0.1,0.9,0.1,50,x2=0.0,0.75,0.04829,1.21462
fork-linear,7,48,hybrid,HYBRID_ALPHA0.9_BETA0.1,0.9,0.1,50,x2=0.0,0.65,0.04692,0.43067
fork-linear,8,49,hybrid,HYBRID_ALPHA0.9_BETA0.1,0.9,0.1,50,x2=0.0,0.6,0.02762,0.50848
fork-linear,9,50,hybrid,HYBRID_ALPHA0.9_BETA0.1,0.9,0.1,50,x2=0.0,0.6,0.03935,0.66358
fork-linear,10,51,hybrid,HYBRID_ALPHA0.9_BETA0.1,0.9,0.1,50,x2=0.0,0.675,0.03954,0.66179
fork-linear,1,42,hybrid,HYBRID_ALPHA0.8_BETA0.2,0.8,0.2,50,x2=0.0,0.675,0.04764,0.70126
fork-linear,2,43,hybrid,HYBRID_ALPHA0.8_BETA0.2,0.8,0.2,50,x2=0.0,0.6,0.02369,0.36654
fork-linear,3,44,hybrid,HYBRID_ALPHA0.8_BETA0.2,0.8,0.2,50,x2=0.0,0.625,0.00859,0.29689
fork-linear,4,45,hybrid,HYBRID_ALPHA0.8_BETA0.2,0.8,0.2,50,x2=0.0,0.7,0.05482,0.65028
fork-linear,5,46,hybrid,HYBRID_ALPHA0.8_BETA0.2,0.8,0.2,50,x2=0.0,0.675,0.01439,0.30082
fork-linear,6,47,hybrid,HYBRID_ALPHA0.8_BETA0.2,0.8,0.2,50,x2=0.0,0.775,0.05168,1.6627
fork-linear,7,48,hybrid,HYBRID_ALPHA0.8_BETA0.2,0.8,0.2,50,x2=0.0,0.675,0.04615,1.27724
fork-linear,8,49,hybrid,HYBRID_ALPHA0.8_BETA0.2,0.8,0.2,50,x2=0.0,0.5,0.02787,0.50908
fork-linear,9,50,hybrid,HYBRID_ALPHA0.8_BETA0.2,0.8,0.2,50,x2=0.0,0.65,0.03834,0.66749
fork-linear,10,51,hybrid,HYBRID_ALPHA0.8_BETA0.2,0.8,0.2,50,x2=0.0,0.65,0.02093,0.66938
fork-linear,1,42,hybrid,HYBRID_ALPHA0.7_BETA0.3,0.7,0.3,50,x2=0.0,0.725,0.04938,0.70096
fork-linear,2,43,hybrid,HYBRID_ALPHA0.7_BETA0.3,0.7,0.3,50,x2=0.0,0.625,0.02946,0.38531
fork-linear,3,44,hybrid,HYBRID_ALPHA0.7_BETA0.3,0.7,0.3,50,x2=0.0,0.55,0.01039,0.31442
fork-linear,4,45,hybrid,HYBRID_ALPHA0.7_BETA0.3,0.7,0.3,50,x2=0.0,0.725,0.05958,0.65213
fork-linear,5,46,hybrid,HYBRID_ALPHA0.7_BETA0.3,0.7,0.3,50,x2=0.0,0.7,0.01452,0.30044
fork-linear,6,47,hybrid,HYBRID_ALPHA0.7_BETA0.3,0.7,0.3,50,x2=0.0,0.75,0.05024,1.13498
fork-linear,7,48,hybrid,HYBRID_ALPHA0.7_BETA0.3,0.7,0.3,50,x2=0.0,0.7,0.04608,1.83412
fork-linear,8,49,hybrid,HYBRID_ALPHA0.7_BETA0.3,0.7,0.3,50,x2=0.0,0.725,0.02213,0.43139
fork-linear,9,50,hybrid,HYBRID_ALPHA0.7_BETA0.3,0.7,0.3,50,x2=0.0,0.6,0.04186,0.68061
fork-linear,10,51,hybrid,HYBRID_ALPHA0.7_BETA0.3,0.7,0.3,50,x2=0.0,0.625,0.01496,1.52779
fork-linear,1,42,hybrid,HYBRID_ALPHA0.6_BETA0.4,0.6,0.4,50,x2=0.0,0.675,0.05024,0.69838
fork-linear,2,43,hybrid,HYBRID_ALPHA0.6_BETA0.4,0.6,0.4,50,x2=0.0,0.6,0.03052,0.38784
fork-linear,3,44,hybrid,HYBRID_ALPHA0.6_BETA0.4,0.6,0.4,50,x2=0.0,0.525,0.01019,0.31274
fork-linear,4,45,hybrid,HYBRID_ALPHA0.6_BETA0.4,0.6,0.4,50,x2=0.0,0.775,0.06392,0.65548
fork-linear,5,46,hybrid,HYBRID_ALPHA0.6_BETA0.4,0.6,0.4,50,x2=0.0,0.725,0.01371,0.27182
fork-linear,6,47,hybrid,HYBRID_ALPHA0.6_BETA0.4,0.6,0.4,50,x2=0.0,0.725,0.04052,0.37358
fork-linear,7,48,hybrid,HYBRID_ALPHA0.6_BETA0.4,0.6,0.4,50,x2=0.0,0.725,0.04603,0.5918
fork-linear,8,49,hybrid,HYBRID_ALPHA0.6_BETA0.4,0.6,0.4,50,x2=0.0,0.675,0.01917,0.37937
fork-linear,9,50,hybrid,HYBRID_ALPHA0.6_BETA0.4,0.6,0.4,50,x2=0.0,0.65,0.04278,0.69182
fork-linear,10,51,hybrid,HYBRID_ALPHA0.6_BETA0.4,0.6,0.4,50,x2=0.0,0.675,0.0292,1.18314
fork-linear,1,42,hybrid,HYBRID_ALPHA0.5_BETA0.5,0.5,0.5,50,x2=0.0,0.7,0.04849,0.69679
fork-linear,2,43,hybrid,HYBRID_ALPHA0.5_BETA0.5,0.5,0.5,50,x2=0.0,0.725,0.02889,0.38287
fork-linear,3,44,hybrid,HYBRID_ALPHA0.5_BETA0.5,0.5,0.5,50,x2=0.0,0.65,0.01359,0.39999
fork-linear,4,45,hybrid,HYBRID_ALPHA0.5_BETA0.5,0.5,0.5,50,x2=0.0,0.775,0.06571,0.66167
fork-linear,5,46,hybrid,HYBRID_ALPHA0.5_BETA0.5,0.5,0.5,50,x2=0.0,0.65,0.01369,0.31185
fork-linear,6,47,hybrid,HYBRID_ALPHA0.5_BETA0.5,0.5,0.5,50,x2=0.0,0.65,0.03574,0.43287
fork-linear,7,48,hybrid,HYBRID_ALPHA0.5_BETA0.5,0.5,0.5,50,x2=0.0,0.75,0.04691,0.48791
fork-linear,8,49,hybrid,HYBRID_ALPHA0.5_BETA0.5,0.5,0.5,50,x2=0.0,0.7,0.02157,0.36668
fork-linear,9,50,hybrid,HYBRID_ALPHA0.5_BETA0.5,0.5,0.5,50,x2=0.0,0.7,0.04556,0.69642
fork-linear,10,51,hybrid,HYBRID_ALPHA0.5_BETA0.5,0.5,0.5,50,x2=0.0,0.55,0.0285,1.33803
fork-linear,1,42,hybrid,HYBRID_ALPHA0.4_BETA0.6,0.4,0.6,50,x2=0.0,0.7,0.04867,0.67373
fork-linear,2,43,hybrid,HYBRID_ALPHA0.4_BETA0.6,0.4,0.6,50,x2=0.0,0.7,0.05365,0.36173
fork-linear,3,44,hybrid,HYBRID_ALPHA0.4_BETA0.6,0.4,0.6,50,x2=0.0,0.55,0.01576,0.38995
fork-linear,4,45,hybrid,HYBRID_ALPHA0.4_BETA0.6,0.4,0.6,50,x2=0.0,0.825,0.06805,0.69073
fork-linear,5,46,hybrid,HYBRID_ALPHA0.4_BETA0.6,0.4,0.6,50,x2=0.0,0.6,0.01738,0.31571
fork-linear,6,47,hybrid,HYBRID_ALPHA0.4_BETA0.6,0.4,0.6,50,x2=0.0,0.575,0.02064,0.30011
fork-linear,7,48,hybrid,HYBRID_ALPHA0.4_BETA0.6,0.4,0.6,50,x2=0.0,0.75,0.04608,0.29798
fork-linear,8,49,hybrid,HYBRID_ALPHA0.4_BETA0.6,0.4,0.6,50,x2=0.0,0.625,0.01362,0.31549
fork-linear,9,50,hybrid,HYBRID_ALPHA0.4_BETA0.6,0.4,0.6,50,x2=0.0,0.725,0.04462,0.6971
fork-linear,10,51,hybrid,HYBRID_ALPHA0.4_BETA0.6,0.4,0.6,50,x2=0.0,0.575,0.02182,2.38622
fork-linear,1,42,hybrid,HYBRID_ALPHA0.3_BETA0.7,0.3,0.7,50,x2=0.0,0.675,0.04572,0.6389
fork-linear,2,43,hybrid,HYBRID_ALPHA0.3_BETA0.7,0.3,0.7,50,x2=0.0,0.725,0.03443,0.42507
fork-linear,3,44,hybrid,HYBRID_ALPHA0.3_BETA0.7,0.3,0.7,50,x2=0.0,0.55,0.0163,0.99263
fork-linear,4,45,hybrid,HYBRID_ALPHA0.3_BETA0.7,0.3,0.7,50,x2=0.0,0.775,0.0697,0.69828
fork-linear,5,46,hybrid,HYBRID_ALPHA0.3_BETA0.7,0.3,0.7,50,x2=0.0,0.625,0.01865,0.33128
fork-linear,6,47,hybrid,HYBRID_ALPHA0.3_BETA0.7,0.3,0.7,50,x2=0.0,0.8,0.02568,1.27042
fork-linear,7,48,hybrid,HYBRID_ALPHA0.3_BETA0.7,0.3,0.7,50,x2=0.0,0.7,0.04924,0.33161
fork-linear,8,49,hybrid,HYBRID_ALPHA0.3_BETA0.7,0.3,0.7,50,x2=0.0,0.675,0.01739,0.34286
fork-linear,9,50,hybrid,HYBRID_ALPHA0.3_BETA0.7,0.3,0.7,50,x2=0.0,0.725,0.04446,0.68907
fork-linear,10,51,hybrid,HYBRID_ALPHA0.3_BETA0.7,0.3,0.7,50,x2=0.0,0.675,0.01697,3.48914
fork-linear,1,42,hybrid,HYBRID_ALPHA0.2_BETA0.8,0.2,0.8,50,x2=0.0,0.675,0.0429,0.63742
fork-linear,2,43,hybrid,HYBRID_ALPHA0.2_BETA0.8,0.2,0.8,50,x2=0.0,0.725,0.03121,0.37857
fork-linear,3,44,hybrid,HYBRID_ALPHA0.2_BETA0.8,0.2,0.8,50,x2=0.0,0.65,0.03094,3.3014
fork-linear,4,45,hybrid,HYBRID_ALPHA0.2_BETA0.8,0.2,0.8,50,x2=0.0,0.725,0.06572,0.65973
fork-linear,5,46,hybrid,HYBRID_ALPHA0.2_BETA0.8,0.2,0.8,50,x2=0.0,0.675,0.01398,0.35337
fork-linear,6,47,hybrid,HYBRID_ALPHA0.2_BETA0.8,0.2,0.8,50,x2=0.0,0.725,0.01874,6.33044
fork-linear,7,48,hybrid,HYBRID_ALPHA0.2_BETA0.8,0.2,0.8,50,x2=0.0,0.7,0.04908,0.35884
fork-linear,8,49,hybrid,HYBRID_ALPHA0.2_BETA0.8,0.2,0.8,50,x2=0.0,0.775,0.03729,0.49446
fork-linear,9,50,hybrid,HYBRID_ALPHA0.2_BETA0.8,0.2,0.8,50,x2=0.0,0.625,0.03637,0.54879
fork-linear,10,51,hybrid,HYBRID_ALPHA0.2_BETA0.8,0.2,0.8,50,x2=0.0,0.65,0.01852,1.66239
fork-linear,1,42,mse,MSE,1.0,0.0,100,x2=0.0,0.5,0.01445,0.27879
fork-linear,2,43,mse,MSE,1.0,0.0,100,x2=0.0,0.6,0.01895,0.27464
fork-linear,3,44,mse,MSE,1.0,0.0,100,x2=0.0,0.575,0.01488,0.29014
fork-linear,4,45,mse,MSE,1.0,0.0,100,x2=0.0,0.5,0.01452,0.25579
fork-linear,5,46,mse,MSE,1.0,0.0,100,x2=0.0,0.55,0.0152,0.26113
fork-linear,6,47,mse,MSE,1.0,0.0,100,x2=0.0,0.6,0.01279,0.24137
fork-linear,7,48,mse,MSE,1.0,0.0,100,x2=0.0,0.575,0.01489,0.26587
fork-linear,8,49,mse,MSE,1.0,0.0,100,x2=0.0,0.525,0.0304,0.30969
fork-linear,9,50,mse,MSE,1.0,0.0,100,x2=0.0,0.7,0.04783,0.26076
fork-linear,10,51,mse,MSE,1.0,0.0,100,x2=0.0,0.625,0.01321,0.30371
fork-linear,1,42,hybrid,HYBRID_ALPHA0.9_BETA0.1,0.9,0.1,100,x2=0.0,0.575,0.01277,0.31647
fork-linear,2,43,hybrid,HYBRID_ALPHA0.9_BETA0.1,0.9,0.1,100,x2=0.0,0.6,0.01964,0.31095
fork-linear,3,44,hybrid,HYBRID_ALPHA0.9_BETA0.1,0.9,0.1,100,x2=0.0,0.6,0.01113,0.29062
fork-linear,4,45,hybrid,HYBRID_ALPHA0.9_BETA0.1,0.9,0.1,100,x2=0.0,0.55,0.01218,0.26373
fork-linear,5,46,hybrid,HYBRID_ALPHA0.9_BETA0.1,0.9,0.1,100,x2=0.0,0.525,0.0139,0.2682
fork-linear,6,47,hybrid,HYBRID_ALPHA0.9_BETA0.1,0.9,0.1,100,x2=0.0,0.625,0.01033,0.23462
fork-linear,7,48,hybrid,HYBRID_ALPHA0.9_BETA0.1,0.9,0.1,100,x2=0.0,0.55,0.01279,0.26582
fork-linear,8,49,hybrid,HYBRID_ALPHA0.9_BETA0.1,0.9,0.1,100,x2=0.0,0.55,0.03159,0.30283
fork-linear,9,50,hybrid,HYBRID_ALPHA0.9_BETA0.1,0.9,0.1,100,x2=0.0,0.675,0.0475,0.25009
fork-linear,10,51,hybrid,HYBRID_ALPHA0.9_BETA0.1,0.9,0.1,100,x2=0.0,0.55,0.01137,0.29946
fork-linear,1,42,hybrid,HYBRID_ALPHA0.8_BETA0.2,0.8,0.2,100,x2=0.0,0.625,0.01252,0.30893
fork-linear,2,43,hybrid,HYBRID_ALPHA0.8_BETA0.2,0.8,0.2,100,x2=0.0,0.675,0.01891,0.31584
fork-linear,3,44,hybrid,HYBRID_ALPHA0.8_BETA0.2,0.8,0.2,100,x2=0.0,0.55,0.01043,0.27765
fork-linear,4,45,hybrid,HYBRID_ALPHA0.8_BETA0.2,0.8,0.2,100,x2=0.0,0.5,0.01108,0.25771
fork-linear,5,46,hybrid,HYBRID_ALPHA0.8_BETA0.2,0.8,0.2,100,x2=0.0,0.525,0.0136,0.27091
fork-linear,6,47,hybrid,HYBRID_ALPHA0.8_BETA0.2,0.8,0.2,100,x2=0.0,0.55,0.00962,0.24512
fork-linear,7,48,hybrid,HYBRID_ALPHA0.8_BETA0.2,0.8,0.2,100,x2=0.0,0.525,0.01222,0.26614
fork-linear,8,49,hybrid,HYBRID_ALPHA0.8_BETA0.2,0.8,0.2,100,x2=0.0,0.575,0.02525,0.31878
fork-linear,9,50,hybrid,HYBRID_ALPHA0.8_BETA0.2,0.8,0.2,100,x2=0.0,0.7,0.04656,0.26222
fork-linear,10,51,hybrid,HYBRID_ALPHA0.8_BETA0.2,0.8,0.2,100,x2=0.0,0.6,0.01265,0.2843
fork-linear,1,42,hybrid,HYBRID_ALPHA0.7_BETA0.3,0.7,0.3,100,x2=0.0,0.55,0.01142,0.28979
fork-linear,2,43,hybrid,HYBRID_ALPHA0.7_BETA0.3,0.7,0.3,100,x2=0.0,0.65,0.01866,0.31798
fork-linear,3,44,hybrid,HYBRID_ALPHA0.7_BETA0.3,0.7,0.3,100,x2=0.0,0.6,0.01031,0.28138
fork-linear,4,45,hybrid,HYBRID_ALPHA0.7_BETA0.3,0.7,0.3,100,x2=0.0,0.55,0.01091,0.25548
fork-linear,5,46,hybrid,HYBRID_ALPHA0.7_BETA0.3,0.7,0.3,100,x2=0.0,0.55,0.01251,0.28464
fork-linear,6,47,hybrid,HYBRID_ALPHA0.7_BETA0.3,0.7,0.3,100,x2=0.0,0.6,0.00905,0.23974
fork-linear,7,48,hybrid,HYBRID_ALPHA0.7_BETA0.3,0.7,0.3,100,x2=0.0,0.525,0.01168,0.26851
fork-linear,8,49,hybrid,HYBRID_ALPHA0.7_BETA0.3,0.7,0.3,100,x2=0.0,0.575,0.02273,0.30933
fork-linear,9,50,hybrid,HYBRID_ALPHA0.7_BETA0.3,0.7,0.3,100,x2=0.0,0.6,0.013,0.25879
fork-linear,10,51,hybrid,HYBRID_ALPHA0.7_BETA0.3,0.7,0.3,100,x2=0.0,0.55,0.01217,0.2767
fork-linear,1,42,hybrid,HYBRID_ALPHA0.6_BETA0.4,0.6,0.4,100,x2=0.0,0.675,0.01268,0.2878
fork-linear,2,43,hybrid,HYBRID_ALPHA0.6_BETA0.4,0.6,0.4,100,x2=0.0,0.65,0.01864,0.32144
fork-linear,3,44,hybrid,HYBRID_ALPHA0.6_BETA0.4,0.6,0.4,100,x2=0.0,0.55,0.00916,0.28199
fork-linear,4,45,hybrid,HYBRID_ALPHA0.6_BETA0.4,0.6,0.4,100,x2=0.0,0.575,0.01031,0.26146
fork-linear,5,46,hybrid,HYBRID_ALPHA0.6_BETA0.4,0.6,0.4,100,x2=0.0,0.55,0.01292,0.28557
fork-linear,6,47,hybrid,HYBRID_ALPHA0.6_BETA0.4,0.6,0.4,100,x2=0.0,0.575,0.00864,0.23732
fork-linear,7,48,hybrid,HYBRID_ALPHA0.6_BETA0.4,0.6,0.4,100,x2=0.0,0.6,0.0122,0.27137
fork-linear,8,49,hybrid,HYBRID_ALPHA0.6_BETA0.4,0.6,0.4,100,x2=0.0,0.575,0.02305,0.28235
fork-linear,9,50,hybrid,HYBRID_ALPHA0.6_BETA0.4,0.6,0.4,100,x2=0.0,0.55,0.01022,0.27297
fork-linear,10,51,hybrid,HYBRID_ALPHA0.6_BETA0.4,0.6,0.4,100,x2=0.0,0.55,0.0105,0.30743
fork-linear,1,42,hybrid,HYBRID_ALPHA0.5_BETA0.5,0.5,0.5,100,x2=0.0,0.675,0.01219,0.29523
fork-linear,2,43,hybrid,HYBRID_ALPHA0.5_BETA0.5,0.5,0.5,100,x2=0.0,0.575,0.01866,0.32726
fork-linear,3,44,hybrid,HYBRID_ALPHA0.5_BETA0.5,0.5,0.5,100,x2=0.0,0.6,0.01288,0.32422
fork-linear,4,45,hybrid,HYBRID_ALPHA0.5_BETA0.5,0.5,0.5,100,x2=0.0,0.525,0.01031,0.25963
fork-linear,5,46,hybrid,HYBRID_ALPHA0.5_BETA0.5,0.5,0.5,100,x2=0.0,0.55,0.01294,0.27557
fork-linear,6,47,hybrid,HYBRID_ALPHA0.5_BETA0.5,0.5,0.5,100,x2=0.0,0.525,0.00789,0.23921
fork-linear,7,48,hybrid,HYBRID_ALPHA0.5_BETA0.5,0.5,0.5,100,x2=0.0,0.525,0.01285,0.25651
fork-linear,8,49,hybrid,HYBRID_ALPHA0.5_BETA0.5,0.5,0.5,100,x2=0.0,0.525,0.02219,0.27832
fork-linear,9,50,hybrid,HYBRID_ALPHA0.5_BETA0.5,0.5,0.5,100,x2=0.0,0.5,0.01099,0.27384
fork-linear,10,51,hybrid,HYBRID_ALPHA0.5_BETA0.5,0.5,0.5,100,x2=0.0,0.575,0.01117,0.30954
fork-linear,1,42,hybrid,HYBRID_ALPHA0.4_BETA0.6,0.4,0.6,100,x2=0.0,0.65,0.01206,0.30078
fork-linear,2,43,hybrid,HYBRID_ALPHA0.4_BETA0.6,0.4,0.6,100,x2=0.0,0.575,0.01895,0.33241
fork-linear,3,44,hybrid,HYBRID_ALPHA0.4_BETA0.6,0.4,0.6,100,x2=0.0,0.6,0.01176,0.27166
fork-linear,4,45,hybrid,HYBRID_ALPHA0.4_BETA0.6,0.4,0.6,100,x2=0.0,0.525,0.01343,0.32146
fork-linear,5,46,hybrid,HYBRID_ALPHA0.4_BETA0.6,0.4,0.6,100,x2=0.0,0.5,0.01234,0.28065
fork-linear,6,47,hybrid,HYBRID_ALPHA0.4_BETA0.6,0.4,0.6,100,x2=0.0,0.625,0.00971,0.29342
fork-linear,7,48,hybrid,HYBRID_ALPHA0.4_BETA0.6,0.4,0.6,100,x2=0.0,0.55,0.01281,0.26199
fork-linear,8,49,hybrid,HYBRID_ALPHA0.4_BETA0.6,0.4,0.6,100,x2=0.0,0.575,0.01939,0.27166
fork-linear,9,50,hybrid,HYBRID_ALPHA0.4_BETA0.6,0.4,0.6,100,x2=0.0,0.525,0.01097,0.27404
fork-linear,10,51,hybrid,HYBRID_ALPHA0.4_BETA0.6,0.4,0.6,100,x2=0.0,0.625,0.01135,0.33424
fork-linear,1,42,hybrid,HYBRID_ALPHA0.3_BETA0.7,0.3,0.7,100,x2=0.0,0.65,0.02197,0.44548
fork-linear,2,43,hybrid,HYBRID_ALPHA0.3_BETA0.7,0.3,0.7,100,x2=0.0,0.65,0.0181,0.33158
fork-linear,3,44,hybrid,HYBRID_ALPHA0.3_BETA0.7,0.3,0.7,100,x2=0.0,0.575,0.01472,0.31789
fork-linear,4,45,hybrid,HYBRID_ALPHA0.3_BETA0.7,0.3,0.7,100,x2=0.0,0.525,0.0148,0.32937
fork-linear,5,46,hybrid,HYBRID_ALPHA0.3_BETA0.7,0.3,0.7,100,x2=0.0,0.55,0.01301,0.29738
fork-linear,6,47,hybrid,HYBRID_ALPHA0.3_BETA0.7,0.3,0.7,100,x2=0.0,0.625,0.00933,0.24452
fork-linear,7,48,hybrid,HYBRID_ALPHA0.3_BETA0.7,0.3,0.7,100,x2=0.0,0.65,0.01792,0.34022
fork-linear,8,49,hybrid,HYBRID_ALPHA0.3_BETA0.7,0.3,0.7,100,x2=0.0,0.55,0.01831,0.26243
fork-linear,9,50,hybrid,HYBRID_ALPHA0.3_BETA0.7,0.3,0.7,100,x2=0.0,0.525,0.01187,0.27543
fork-linear,10,51,hybrid,HYBRID_ALPHA0.3_BETA0.7,0.3,0.7,100,x2=0.0,0.625,0.0113,0.32341
fork-linear,1,42,hybrid,HYBRID_ALPHA0.2_BETA0.8,0.2,0.8,100,x2=0.0,0.6,0.02637,0.56507
fork-linear,2,43,hybrid,HYBRID_ALPHA0.2_BETA0.8,0.2,0.8,100,x2=0.0,0.55,0.01898,0.33982
fork-linear,3,44,hybrid,HYBRID_ALPHA0.2_BETA0.8,0.2,0.8,100,x2=0.0,0.75,0.04919,0.74164
fork-linear,4,45,hybrid,HYBRID_ALPHA0.2_BETA0.8,0.2,0.8,100,x2=0.0,0.525,0.01147,0.26751
fork-linear,5,46,hybrid,HYBRID_ALPHA0.2_BETA0.8,0.2,0.8,100,x2=0.0,0.525,0.01811,0.34228
fork-linear,6,47,hybrid,HYBRID_ALPHA0.2_BETA0.8,0.2,0.8,100,x2=0.0,0.7,0.00832,0.25329
fork-linear,7,48,hybrid,HYBRID_ALPHA0.2_BETA0.8,0.2,0.8,100,x2=0.0,0.625,0.0129,0.27594
fork-linear,8,49,hybrid,HYBRID_ALPHA0.2_BETA0.8,0.2,0.8,100,x2=0.0,0.525,0.02009,0.27643
fork-linear,9,50,hybrid,HYBRID_ALPHA0.2_BETA0.8,0.2,0.8,100,x2=0.0,0.575,0.01201,0.27468
fork-linear,10,51,hybrid,HYBRID_ALPHA0.2_BETA0.8,0.2,0.8,100,x2=0.0,0.575,0.0124,0.33163
fork-non-linear,1,42,mse,MSE,1.0,0.0,50,x2=0.0,0.825,0.14131,0.4721
fork-non-linear,2,43,mse,MSE,1.0,0.0,50,x2=0.0,0.875,0.17213,0.79038
fork-non-linear,3,44,mse,MSE,1.0,0.0,50,x2=0.0,0.55,0.01748,0.43364
fork-non-linear,4,45,mse,MSE,1.0,0.0,50,x2=0.0,0.85,0.08988,0.62531
fork-non-linear,5,46,mse,MSE,1.0,0.0,50,x2=0.0,0.825,0.08809,0.47366
fork-non-linear,6,47,mse,MSE,1.0,0.0,50,x2=0.0,0.775,0.15013,0.61334
fork-non-linear,7,48,mse,MSE,1.0,0.0,50,x2=0.0,0.875,0.17205,0.79097
fork-non-linear,8,49,mse,MSE,1.0,0.0,50,x2=0.0,0.9,0.15298,0.60377
fork-non-linear,9,50,mse,MSE,1.0,0.0,50,x2=0.0,0.875,0.15016,0.66713
fork-non-linear,10,51,mse,MSE,1.0,0.0,50,x2=0.0,0.85,0.20368,0.76114
fork-non-linear,1,42,hybrid,HYBRID_ALPHA0.9_BETA0.1,0.9,0.1,50,x2=0.0,0.85,0.13925,0.47556
fork-non-linear,2,43,hybrid,HYBRID_ALPHA0.9_BETA0.1,0.9,0.1,50,x2=0.0,0.875,0.17065,0.79038
fork-non-linear,3,44,hybrid,HYBRID_ALPHA0.9_BETA0.1,0.9,0.1,50,x2=0.0,0.725,0.0222,0.54184
fork-non-linear,4,45,hybrid,HYBRID_ALPHA0.9_BETA0.1,0.9,0.1,50,x2=0.0,0.75,0.06379,0.56373
fork-non-linear,5,46,hybrid,HYBRID_ALPHA0.9_BETA0.1,0.9,0.1,50,x2=0.0,0.75,0.07997,0.48892
fork-non-linear,6,47,hybrid,HYBRID_ALPHA0.9_BETA0.1,0.9,0.1,50,x2=0.0,0.75,0.15453,0.60333
fork-non-linear,7,48,hybrid,HYBRID_ALPHA0.9_BETA0.1,0.9,0.1,50,x2=0.0,0.875,0.17015,0.79168
fork-non-linear,8,49,hybrid,HYBRID_ALPHA0.9_BETA0.1,0.9,0.1,50,x2=0.0,0.9,0.15506,0.60819
fork-non-linear,9,50,hybrid,HYBRID_ALPHA0.9_BETA0.1,0.9,0.1,50,x2=0.0,0.875,0.14903,0.6407
fork-non-linear,10,51,hybrid,HYBRID_ALPHA0.9_BETA0.1,0.9,0.1,50,x2=0.0,0.825,0.20322,0.76159
fork-non-linear,1,42,hybrid,HYBRID_ALPHA0.8_BETA0.2,0.8,0.2,50,x2=0.0,0.75,0.11291,0.46497
fork-non-linear,2,43,hybrid,HYBRID_ALPHA0.8_BETA0.2,0.8,0.2,50,x2=0.0,0.875,0.1692,0.79067
fork-non-linear,3,44,hybrid,HYBRID_ALPHA0.8_BETA0.2,0.8,0.2,50,x2=0.0,0.575,0.02577,0.28775
fork-non-linear,4,45,hybrid,HYBRID_ALPHA0.8_BETA0.2,0.8,0.2,50,x2=0.0,0.725,0.05518,0.49364
fork-non-linear,5,46,hybrid,HYBRID_ALPHA0.8_BETA0.2,0.8,0.2,50,x2=0.0,0.725,0.06766,0.47878
fork-non-linear,6,47,hybrid,HYBRID_ALPHA0.8_BETA0.2,0.8,0.2,50,x2=0.0,0.775,0.15223,0.61026
fork-non-linear,7,48,hybrid,HYBRID_ALPHA0.8_BETA0.2,0.8,0.2,50,x2=0.0,0.825,0.1665,0.79193
fork-non-linear,8,49,hybrid,HYBRID_ALPHA0.8_BETA0.2,0.8,0.2,50,x2=0.0,0.875,0.15291,0.61791
fork-non-linear,9,50,hybrid,HYBRID_ALPHA0.8_BETA0.2,0.8,0.2,50,x2=0.0,0.9,0.16274,0.62077
fork-non-linear,10,51,hybrid,HYBRID_ALPHA0.8_BETA0.2,0.8,0.2,50,x2=0.0,0.85,0.20176,0.76305
fork-non-linear,1,42,hybrid,HYBRID_ALPHA0.7_BETA0.3,0.7,0.3,50,x2=0.0,0.775,0.14093,0.75108
fork-non-linear,2,43,hybrid,HYBRID_ALPHA0.7_BETA0.3,0.7,0.3,50,x2=0.0,0.825,0.16743,0.7907
fork-non-linear,3,44,hybrid,HYBRID_ALPHA0.7_BETA0.3,0.7,0.3,50,x2=0.0,0.7,0.02747,0.24095
fork-non-linear,4,45,hybrid,HYBRID_ALPHA0.7_BETA0.3,0.7,0.3,50,x2=0.0,0.725,0.02128,0.38241
fork-non-linear,5,46,hybrid,HYBRID_ALPHA0.7_BETA0.3,0.7,0.3,50,x2=0.0,0.7,0.06235,0.49321
fork-non-linear,6,47,hybrid,HYBRID_ALPHA0.7_BETA0.3,0.7,0.3,50,x2=0.0,0.725,0.15042,0.61555
fork-non-linear,7,48,hybrid,HYBRID_ALPHA0.7_BETA0.3,0.7,0.3,50,x2=0.0,0.85,0.16104,0.79194
fork-non-linear,8,49,hybrid,HYBRID_ALPHA0.7_BETA0.3,0.7,0.3,50,x2=0.0,0.925,0.15097,0.62057
fork-non-linear,9,50,hybrid,HYBRID_ALPHA0.7_BETA0.3,0.7,0.3,50,x2=0.0,0.875,0.15053,0.55222
fork-non-linear,10,51,hybrid,HYBRID_ALPHA0.7_BETA0.3,0.7,0.3,50,x2=0.0,0.825,0.20477,0.76326
fork-non-linear,1,42,hybrid,HYBRID_ALPHA0.6_BETA0.4,0.6,0.4,50,x2=0.0,0.85,0.12238,0.77976
fork-non-linear,2,43,hybrid,HYBRID_ALPHA0.6_BETA0.4,0.6,0.4,50,x2=0.0,0.85,0.16725,0.79076
fork-non-linear,3,44,hybrid,HYBRID_ALPHA0.6_BETA0.4,0.6,0.4,50,x2=0.0,0.6,0.0372,0.3148
fork-non-linear,4,45,hybrid,HYBRID_ALPHA0.6_BETA0.4,0.6,0.4,50,x2=0.0,0.7,0.02322,0.31962
fork-non-linear,5,46,hybrid,HYBRID_ALPHA0.6_BETA0.4,0.6,0.4,50,x2=0.0,0.775,0.03605,0.38349
fork-non-linear,6,47,hybrid,HYBRID_ALPHA0.6_BETA0.4,0.6,0.4,50,x2=0.0,0.675,0.14021,0.60225
fork-non-linear,7,48,hybrid,HYBRID_ALPHA0.6_BETA0.4,0.6,0.4,50,x2=0.0,0.825,0.16461,0.79188
fork-non-linear,8,49,hybrid,HYBRID_ALPHA0.6_BETA0.4,0.6,0.4,50,x2=0.0,0.9,0.14453,0.62131
fork-non-linear,9,50,hybrid,HYBRID_ALPHA0.6_BETA0.4,0.6,0.4,50,x2=0.0,0.875,0.14029,0.5137
fork-non-linear,10,51,hybrid,HYBRID_ALPHA0.6_BETA0.4,0.6,0.4,50,x2=0.0,0.85,0.20315,0.76365
fork-non-linear,1,42,hybrid,HYBRID_ALPHA0.5_BETA0.5,0.5,0.5,50,x2=0.0,0.85,0.11204,0.75086
fork-non-linear,2,43,hybrid,HYBRID_ALPHA0.5_BETA0.5,0.5,0.5,50,x2=0.0,0.85,0.16722,0.79099
fork-non-linear,3,44,hybrid,HYBRID_ALPHA0.5_BETA0.5,0.5,0.5,50,x2=0.0,0.825,0.17586,0.7785
fork-non-linear,4,45,hybrid,HYBRID_ALPHA0.5_BETA0.5,0.5,0.5,50,x2=0.0,0.675,0.0473,0.38164
fork-non-linear,5,46,hybrid,HYBRID_ALPHA0.5_BETA0.5,0.5,0.5,50,x2=0.0,0.775,0.1639,0.78677
fork-non-linear,6,47,hybrid,HYBRID_ALPHA0.5_BETA0.5,0.5,0.5,50,x2=0.0,0.675,0.03955,0.2615
fork-non-linear,7,48,hybrid,HYBRID_ALPHA0.5_BETA0.5,0.5,0.5,50,x2=0.0,0.825,0.16466,0.79188
fork-non-linear,8,49,hybrid,HYBRID_ALPHA0.5_BETA0.5,0.5,0.5,50,x2=0.0,0.925,0.15338,0.5987
fork-non-linear,9,50,hybrid,HYBRID_ALPHA0.5_BETA0.5,0.5,0.5,50,x2=0.0,0.875,0.13948,0.52624
fork-non-linear,10,51,hybrid,HYBRID_ALPHA0.5_BETA0.5,0.5,0.5,50,x2=0.0,0.825,0.21331,0.76388
fork-non-linear,1,42,hybrid,HYBRID_ALPHA0.4_BETA0.6,0.4,0.6,50,x2=0.0,0.8,0.20739,0.83367
fork-non-linear,2,43,hybrid,HYBRID_ALPHA0.4_BETA0.6,0.4,0.6,50,x2=0.0,0.85,0.16642,0.79099
fork-non-linear,3,44,hybrid,HYBRID_ALPHA0.4_BETA0.6,0.4,0.6,50,x2=0.0,0.8,0.16838,0.79193
fork-non-linear,4,45,hybrid,HYBRID_ALPHA0.4_BETA0.6,0.4,0.6,50,x2=0.0,0.65,0.02759,0.32194
fork-non-linear,5,46,hybrid,HYBRID_ALPHA0.4_BETA0.6,0.4,0.6,50,x2=0.0,0.8,0.16608,0.78603
fork-non-linear,6,47,hybrid,HYBRID_ALPHA0.4_BETA0.6,0.4,0.6,50,x2=0.0,0.7,0.12059,0.57861
fork-non-linear,7,48,hybrid,HYBRID_ALPHA0.4_BETA0.6,0.4,0.6,50,x2=0.0,0.85,0.167,0.79185
fork-non-linear,8,49,hybrid,HYBRID_ALPHA0.4_BETA0.6,0.4,0.6,50,x2=0.0,0.9,0.15178,0.61818
fork-non-linear,9,50,hybrid,HYBRID_ALPHA0.4_BETA0.6,0.4,0.6,50,x2=0.0,0.875,0.16226,0.68559
fork-non-linear,10,51,hybrid,HYBRID_ALPHA0.4_BETA0.6,0.4,0.6,50,x2=0.0,0.85,0.20606,0.76451
fork-non-linear,1,42,hybrid,HYBRID_ALPHA0.3_BETA0.7,0.3,0.7,50,x2=0.0,0.85,0.21545,0.82875
fork-non-linear,2,43,hybrid,HYBRID_ALPHA0.3_BETA0.7,0.3,0.7,50,x2=0.0,0.85,0.16643,0.79169
fork-non-linear,3,44,hybrid,HYBRID_ALPHA0.3_BETA0.7,0.3,0.7,50,x2=0.0,0.775,0.16955,0.79254
fork-non-linear,4,45,hybrid,HYBRID_ALPHA0.3_BETA0.7,0.3,0.7,50,x2=0.0,0.75,0.14374,0.64315
fork-non-linear,5,46,hybrid,HYBRID_ALPHA0.3_BETA0.7,0.3,0.7,50,x2=0.0,0.825,0.18049,0.7867
fork-non-linear,6,47,hybrid,HYBRID_ALPHA0.3_BETA0.7,0.3,0.7,50,x2=0.0,0.725,0.03707,0.26917
fork-non-linear,7,48,hybrid,HYBRID_ALPHA0.3_BETA0.7,0.3,0.7,50,x2=0.0,0.925,0.19201,0.79251
fork-non-linear,8,49,hybrid,HYBRID_ALPHA0.3_BETA0.7,0.3,0.7,50,x2=0.0,0.9,0.17637,0.70631
fork-non-linear,9,50,hybrid,HYBRID_ALPHA0.3_BETA0.7,0.3,0.7,50,x2=0.0,0.875,0.14134,0.60824
fork-non-linear,10,51,hybrid,HYBRID_ALPHA0.3_BETA0.7,0.3,0.7,50,x2=0.0,0.85,0.21188,0.76619
fork-non-linear,1,42,hybrid,HYBRID_ALPHA0.2_BETA0.8,0.2,0.8,50,x2=0.0,0.85,0.22886,0.96085
fork-non-linear,2,43,hybrid,HYBRID_ALPHA0.2_BETA0.8,0.2,0.8,50,x2=0.0,0.9,0.16747,0.79198
fork-non-linear,3,44,hybrid,HYBRID_ALPHA0.2_BETA0.8,0.2,0.8,50,x2=0.0,0.8,0.17384,0.7931
fork-non-linear,4,45,hybrid,HYBRID_ALPHA0.2_BETA0.8,0.2,0.8,50,x2=0.0,0.75,0.16633,0.81048
fork-non-linear,5,46,hybrid,HYBRID_ALPHA0.2_BETA0.8,0.2,0.8,50,x2=0.0,0.8,0.18135,0.78676
fork-non-linear,6,47,hybrid,HYBRID_ALPHA0.2_BETA0.8,0.2,0.8,50,x2=0.0,0.8,0.07186,0.35074
fork-non-linear,7,48,hybrid,HYBRID_ALPHA0.2_BETA0.8,0.2,0.8,50,x2=0.0,0.9,0.206,0.80817
fork-non-linear,8,49,hybrid,HYBRID_ALPHA0.2_BETA0.8,0.2,0.8,50,x2=0.0,0.925,0.16666,0.5406
fork-non-linear,9,50,hybrid,HYBRID_ALPHA0.2_BETA0.8,0.2,0.8,50,x2=0.0,0.9,0.14429,0.54725
fork-non-linear,10,51,hybrid,HYBRID_ALPHA0.2_BETA0.8,0.2,0.8,50,x2=0.0,0.875,0.26148,0.76822
fork-non-linear,1,42,mse,MSE,1.0,0.0,100,x2=0.0,0.775,0.0901,0.43498
fork-non-linear,2,43,mse,MSE,1.0,0.0,100,x2=0.0,0.825,0.18649,0.78817
fork-non-linear,3,44,mse,MSE,1.0,0.0,100,x2=0.0,0.625,0.02821,0.27481
fork-non-linear,4,45,mse,MSE,1.0,0.0,100,x2=0.0,0.9,0.12046,0.35769
fork-non-linear,5,46,mse,MSE,1.0,0.0,100,x2=0.0,0.775,0.05672,0.41278
fork-non-linear,6,47,mse,MSE,1.0,0.0,100,x2=0.0,0.7,0.05197,0.34275
fork-non-linear,7,48,mse,MSE,1.0,0.0,100,x2=0.0,0.925,0.13628,0.39213
fork-non-linear,8,49,mse,MSE,1.0,0.0,100,x2=0.0,0.725,0.05941,0.44595
fork-non-linear,9,50,mse,MSE,1.0,0.0,100,x2=0.0,0.9,0.19729,0.72125
fork-non-linear,10,51,mse,MSE,1.0,0.0,100,x2=0.0,0.825,0.06171,0.3278
fork-non-linear,1,42,hybrid,HYBRID_ALPHA0.9_BETA0.1,0.9,0.1,100,x2=0.0,0.7,0.05928,0.38412
fork-non-linear,2,43,hybrid,HYBRID_ALPHA0.9_BETA0.1,0.9,0.1,100,x2=0.0,0.825,0.18486,0.78817
fork-non-linear,3,44,hybrid,HYBRID_ALPHA0.9_BETA0.1,0.9,0.1,100,x2=0.0,0.625,0.02556,0.24431
fork-non-linear,4,45,hybrid,HYBRID_ALPHA0.9_BETA0.1,0.9,0.1,100,x2=0.0,0.875,0.10993,0.36407
fork-non-linear,5,46,hybrid,HYBRID_ALPHA0.9_BETA0.1,0.9,0.1,100,x2=0.0,0.775,0.05235,0.37943
fork-non-linear,6,47,hybrid,HYBRID_ALPHA0.9_BETA0.1,0.9,0.1,100,x2=0.0,0.7,0.04515,0.34301
fork-non-linear,7,48,hybrid,HYBRID_ALPHA0.9_BETA0.1,0.9,0.1,100,x2=0.0,0.875,0.13579,0.38211
fork-non-linear,8,49,hybrid,HYBRID_ALPHA0.9_BETA0.1,0.9,0.1,100,x2=0.0,0.775,0.05406,0.46082
fork-non-linear,9,50,hybrid,HYBRID_ALPHA0.9_BETA0.1,0.9,0.1,100,x2=0.0,0.9,0.19759,0.72361
fork-non-linear,10,51,hybrid,HYBRID_ALPHA0.9_BETA0.1,0.9,0.1,100,x2=0.0,0.775,0.05383,0.29802
fork-non-linear,1,42,hybrid,HYBRID_ALPHA0.8_BETA0.2,0.8,0.2,100,x2=0.0,0.675,0.05286,0.35707
fork-non-linear,2,43,hybrid,HYBRID_ALPHA0.8_BETA0.2,0.8,0.2,100,x2=0.0,0.8,0.18646,0.78816
fork-non-linear,3,44,hybrid,HYBRID_ALPHA0.8_BETA0.2,0.8,0.2,100,x2=0.0,0.525,0.02293,0.22636
fork-non-linear,4,45,hybrid,HYBRID_ALPHA0.8_BETA0.2,0.8,0.2,100,x2=0.0,0.85,0.10849,0.29235
fork-non-linear,5,46,hybrid,HYBRID_ALPHA0.8_BETA0.2,0.8,0.2,100,x2=0.0,0.65,0.04362,0.28377
fork-non-linear,6,47,hybrid,HYBRID_ALPHA0.8_BETA0.2,0.8,0.2,100,x2=0.0,0.675,0.0452,0.34357
fork-non-linear,7,48,hybrid,HYBRID_ALPHA0.8_BETA0.2,0.8,0.2,100,x2=0.0,0.925,0.13689,0.38846
fork-non-linear,8,49,hybrid,HYBRID_ALPHA0.8_BETA0.2,0.8,0.2,100,x2=0.0,0.725,0.05126,0.58087
fork-non-linear,9,50,hybrid,HYBRID_ALPHA0.8_BETA0.2,0.8,0.2,100,x2=0.0,0.9,0.1924,0.72719
fork-non-linear,10,51,hybrid,HYBRID_ALPHA0.8_BETA0.2,0.8,0.2,100,x2=0.0,0.75,0.04793,0.2913
fork-non-linear,1,42,hybrid,HYBRID_ALPHA0.7_BETA0.3,0.7,0.3,100,x2=0.0,0.725,0.0493,0.35225
fork-non-linear,2,43,hybrid,HYBRID_ALPHA0.7_BETA0.3,0.7,0.3,100,x2=0.0,0.825,0.18543,0.7881
fork-non-linear,3,44,hybrid,HYBRID_ALPHA0.7_BETA0.3,0.7,0.3,100,x2=0.0,0.6,0.01669,0.2138
fork-non-linear,4,45,hybrid,HYBRID_ALPHA0.7_BETA0.3,0.7,0.3,100,x2=0.0,0.825,0.11867,0.35981
fork-non-linear,5,46,hybrid,HYBRID_ALPHA0.7_BETA0.3,0.7,0.3,100,x2=0.0,0.6,0.03569,0.28151
fork-non-linear,6,47,hybrid,HYBRID_ALPHA0.7_BETA0.3,0.7,0.3,100,x2=0.0,0.7,0.04297,0.34151
fork-non-linear,7,48,hybrid,HYBRID_ALPHA0.7_BETA0.3,0.7,0.3,100,x2=0.0,0.9,0.13768,0.39538
fork-non-linear,8,49,hybrid,HYBRID_ALPHA0.7_BETA0.3,0.7,0.3,100,x2=0.0,0.7,0.05312,0.55055
fork-non-linear,9,50,hybrid,HYBRID_ALPHA0.7_BETA0.3,0.7,0.3,100,x2=0.0,0.9,0.19459,0.72914
fork-non-linear,10,51,hybrid,HYBRID_ALPHA0.7_BETA0.3,0.7,0.3,100,x2=0.0,0.75,0.07619,0.34371
fork-non-linear,1,42,hybrid,HYBRID_ALPHA0.6_BETA0.4,0.6,0.4,100,x2=0.0,0.65,0.04363,0.30735
fork-non-linear,2,43,hybrid,HYBRID_ALPHA0.6_BETA0.4,0.6,0.4,100,x2=0.0,0.825,0.18306,0.78786
fork-non-linear,3,44,hybrid,HYBRID_ALPHA0.6_BETA0.4,0.6,0.4,100,x2=0.0,0.55,0.02016,0.23053
fork-non-linear,4,45,hybrid,HYBRID_ALPHA0.6_BETA0.4,0.6,0.4,100,x2=0.0,0.875,0.13862,0.45684
fork-non-linear,5,46,hybrid,HYBRID_ALPHA0.6_BETA0.4,0.6,0.4,100,x2=0.0,0.65,0.02793,0.28286
fork-non-linear,6,47,hybrid,HYBRID_ALPHA0.6_BETA0.4,0.6,0.4,100,x2=0.0,0.75,0.0531,0.36898
fork-non-linear,7,48,hybrid,HYBRID_ALPHA0.6_BETA0.4,0.6,0.4,100,x2=0.0,0.9,0.13738,0.36973
fork-non-linear,8,49,hybrid,HYBRID_ALPHA0.6_BETA0.4,0.6,0.4,100,x2=0.0,0.725,0.15448,0.73179
fork-non-linear,9,50,hybrid,HYBRID_ALPHA0.6_BETA0.4,0.6,0.4,100,x2=0.0,0.9,0.20223,0.73135
fork-non-linear,10,51,hybrid,HYBRID_ALPHA0.6_BETA0.4,0.6,0.4,100,x2=0.0,0.75,0.07388,0.3497
fork-non-linear,1,42,hybrid,HYBRID_ALPHA0.5_BETA0.5,0.5,0.5,100,x2=0.0,0.75,0.03175,0.26309
fork-non-linear,2,43,hybrid,HYBRID_ALPHA0.5_BETA0.5,0.5,0.5,100,x2=0.0,0.8,0.18024,0.78833
fork-non-linear,3,44,hybrid,HYBRID_ALPHA0.5_BETA0.5,0.5,0.5,100,x2=0.0,0.5,0.02113,0.23345
fork-non-linear,4,45,hybrid,HYBRID_ALPHA0.5_BETA0.5,0.5,0.5,100,x2=0.0,0.85,0.14668,0.48374
fork-non-linear,5,46,hybrid,HYBRID_ALPHA0.5_BETA0.5,0.5,0.5,100,x2=0.0,0.7,0.04572,0.32288
fork-non-linear,6,47,hybrid,HYBRID_ALPHA0.5_BETA0.5,0.5,0.5,100,x2=0.0,0.7,0.05099,0.38473
fork-non-linear,7,48,hybrid,HYBRID_ALPHA0.5_BETA0.5,0.5,0.5,100,x2=0.0,0.875,0.14258,0.40479
fork-non-linear,8,49,hybrid,HYBRID_ALPHA0.5_BETA0.5,0.5,0.5,100,x2=0.0,0.85,0.16623,0.75661
fork-non-linear,9,50,hybrid,HYBRID_ALPHA0.5_BETA0.5,0.5,0.5,100,x2=0.0,0.9,0.20101,0.72726
fork-non-linear,10,51,hybrid,HYBRID_ALPHA0.5_BETA0.5,0.5,0.5,100,x2=0.0,0.725,0.07537,0.3515
fork-non-linear,1,42,hybrid,HYBRID_ALPHA0.4_BETA0.6,0.4,0.6,100,x2=0.0,0.575,0.02475,0.25211
fork-non-linear,2,43,hybrid,HYBRID_ALPHA0.4_BETA0.6,0.4,0.6,100,x2=0.0,0.8,0.17951,0.78896
fork-non-linear,3,44,hybrid,HYBRID_ALPHA0.4_BETA0.6,0.4,0.6,100,x2=0.0,0.675,0.0242,0.24909
fork-non-linear,4,45,hybrid,HYBRID_ALPHA0.4_BETA0.6,0.4,0.6,100,x2=0.0,0.875,0.10876,0.29186
fork-non-linear,5,46,hybrid,HYBRID_ALPHA0.4_BETA0.6,0.4,0.6,100,x2=0.0,0.65,0.03812,0.30309
fork-non-linear,6,47,hybrid,HYBRID_ALPHA0.4_BETA0.6,0.4,0.6,100,x2=0.0,0.825,0.06526,0.39692
fork-non-linear,7,48,hybrid,HYBRID_ALPHA0.4_BETA0.6,0.4,0.6,100,x2=0.0,0.9,0.13433,0.39144
fork-non-linear,8,49,hybrid,HYBRID_ALPHA0.4_BETA0.6,0.4,0.6,100,x2=0.0,0.75,0.17124,0.77507
fork-non-linear,9,50,hybrid,HYBRID_ALPHA0.4_BETA0.6,0.4,0.6,100,x2=0.0,0.9,0.20067,0.73003
fork-non-linear,10,51,hybrid,HYBRID_ALPHA0.4_BETA0.6,0.4,0.6,100,x2=0.0,0.7,0.07282,0.35401
fork-non-linear,1,42,hybrid,HYBRID_ALPHA0.3_BETA0.7,0.3,0.7,100,x2=0.0,0.7,0.03957,0.32817
fork-non-linear,2,43,hybrid,HYBRID_ALPHA0.3_BETA0.7,0.3,0.7,100,x2=0.0,0.8,0.17701,0.7898
fork-non-linear,3,44,hybrid,HYBRID_ALPHA0.3_BETA0.7,0.3,0.7,100,x2=0.0,0.625,0.01845,0.23738
fork-non-linear,4,45,hybrid,HYBRID_ALPHA0.3_BETA0.7,0.3,0.7,100,x2=0.0,0.875,0.12047,0.28014
fork-non-linear,5,46,hybrid,HYBRID_ALPHA0.3_BETA0.7,0.3,0.7,100,x2=0.0,0.675,0.02979,0.22368
fork-non-linear,6,47,hybrid,HYBRID_ALPHA0.3_BETA0.7,0.3,0.7,100,x2=0.0,0.85,0.06921,0.34613
fork-non-linear,7,48,hybrid,HYBRID_ALPHA0.3_BETA0.7,0.3,0.7,100,x2=0.0,0.875,0.13181,0.33962
fork-non-linear,8,49,hybrid,HYBRID_ALPHA0.3_BETA0.7,0.3,0.7,100,x2=0.0,0.9,0.1402,0.63775
fork-non-linear,9,50,hybrid,HYBRID_ALPHA0.3_BETA0.7,0.3,0.7,100,x2=0.0,0.9,0.20137,0.73368
fork-non-linear,10,51,hybrid,HYBRID_ALPHA0.3_BETA0.7,0.3,0.7,100,x2=0.0,0.8,0.06469,0.33618
fork-non-linear,1,42,hybrid,HYBRID_ALPHA0.2_BETA0.8,0.2,0.8,100,x2=0.0,0.65,0.04124,0.3688
fork-non-linear,2,43,hybrid,HYBRID_ALPHA0.2_BETA0.8,0.2,0.8,100,x2=0.0,0.825,0.18156,0.79109
fork-non-linear,3,44,hybrid,HYBRID_ALPHA0.2_BETA0.8,0.2,0.8,100,x2=0.0,0.55,0.01462,0.2459
fork-non-linear,4,45,hybrid,HYBRID_ALPHA0.2_BETA0.8,0.2,0.8,100,x2=0.0,0.925,0.17795,0.5723
fork-non-linear,5,46,hybrid,HYBRID_ALPHA0.2_BETA0.8,0.2,0.8,100,x2=0.0,0.725,0.15524,0.68834
fork-non-linear,6,47,hybrid,HYBRID_ALPHA0.2_BETA0.8,0.2,0.8,100,x2=0.0,0.85,0.0607,0.47239
fork-non-linear,7,48,hybrid,HYBRID_ALPHA0.2_BETA0.8,0.2,0.8,100,x2=0.0,0.875,0.1245,0.30946
fork-non-linear,8,49,hybrid,HYBRID_ALPHA0.2_BETA0.8,0.2,0.8,100,x2=0.0,0.8,0.06957,0.3873
fork-non-linear,9,50,hybrid,HYBRID_ALPHA0.2_BETA0.8,0.2,0.8,100,x2=0.0,0.875,0.09589,0.26804
fork-non-linear,10,51,hybrid,HYBRID_ALPHA0.2_BETA0.8,0.2,0.8,100,x2=0.0,0.725,0.07543,0.4571
simpson-non-linear,1,42,mse,MSE,1.0,0.0,50,x2=0.0,0.675,0.0542,1.03481
simpson-non-linear,2,43,mse,MSE,1.0,0.0,50,x2=0.0,0.7,0.04301,0.71605
simpson-non-linear,3,44,mse,MSE,1.0,0.0,50,x2=0.0,0.725,0.05554,1.11688
simpson-non-linear,4,45,mse,MSE,1.0,0.0,50,x2=0.0,0.7,0.03509,0.70162
simpson-non-linear,5,46,mse,MSE,1.0,0.0,50,x2=0.0,0.625,0.04673,1.10745
simpson-non-linear,6,47,mse,MSE,1.0,0.0,50,x2=0.0,0.625,0.02071,1.0241
simpson-non-linear,7,48,mse,MSE,1.0,0.0,50,x2=0.0,0.675,0.0427,0.9883
simpson-non-linear,8,49,mse,MSE,1.0,0.0,50,x2=0.0,0.675,0.04825,1.03881
simpson-non-linear,9,50,mse,MSE,1.0,0.0,50,x2=0.0,0.7,0.05362,1.02615
simpson-non-linear,10,51,mse,MSE,1.0,0.0,50,x2=0.0,0.6,0.04434,1.03853
simpson-non-linear,1,42,hybrid,HYBRID_ALPHA0.9_BETA0.1,0.9,0.1,50,x2=0.0,0.725,0.05415,1.03549
simpson-non-linear,2,43,hybrid,HYBRID_ALPHA0.9_BETA0.1,0.9,0.1,50,x2=0.0,0.675,0.04662,0.72473
simpson-non-linear,3,44,hybrid,HYBRID_ALPHA0.9_BETA0.1,0.9,0.1,50,x2=0.0,0.75,0.05664,1.38297
simpson-non-linear,4,45,hybrid,HYBRID_ALPHA0.9_BETA0.1,0.9,0.1,50,x2=0.0,0.675,0.0331,0.65679
simpson-non-linear,5,46,hybrid,HYBRID_ALPHA0.9_BETA0.1,0.9,0.1,50,x2=0.0,0.675,0.04688,1.10184
simpson-non-linear,6,47,hybrid,HYBRID_ALPHA0.9_BETA0.1,0.9,0.1,50,x2=0.0,0.55,0.02112,0.70754
simpson-non-linear,7,48,hybrid,HYBRID_ALPHA0.9_BETA0.1,0.9,0.1,50,x2=0.0,0.65,0.04172,2.99075
simpson-non-linear,8,49,hybrid,HYBRID_ALPHA0.9_BETA0.1,0.9,0.1,50,x2=0.0,0.7,0.0486,1.03383
simpson-non-linear,9,50,hybrid,HYBRID_ALPHA0.9_BETA0.1,0.9,0.1,50,x2=0.0,0.675,0.05032,0.88229
simpson-non-linear,10,51,hybrid,HYBRID_ALPHA0.9_BETA0.1,0.9,0.1,50,x2=0.0,0.6,0.0444,1.03958
simpson-non-linear,1,42,hybrid,HYBRID_ALPHA0.8_BETA0.2,0.8,0.2,50,x2=0.0,0.7,0.05446,1.02243
simpson-non-linear,2,43,hybrid,HYBRID_ALPHA0.8_BETA0.2,0.8,0.2,50,x2=0.0,0.6,0.04272,0.72532
simpson-non-linear,3,44,hybrid,HYBRID_ALPHA0.8_BETA0.2,0.8,0.2,50,x2=0.0,0.625,0.05506,1.50076
simpson-non-linear,4,45,hybrid,HYBRID_ALPHA0.8_BETA0.2,0.8,0.2,50,x2=0.0,0.7,0.03418,0.67232
simpson-non-linear,5,46,hybrid,HYBRID_ALPHA0.8_BETA0.2,0.8,0.2,50,x2=0.0,0.7,0.04691,1.09372
simpson-non-linear,6,47,hybrid,HYBRID_ALPHA0.8_BETA0.2,0.8,0.2,50,x2=0.0,0.6,0.03327,0.74635
simpson-non-linear,7,48,hybrid,HYBRID_ALPHA0.8_BETA0.2,0.8,0.2,50,x2=0.0,0.675,0.03781,2.9988
simpson-non-linear,8,49,hybrid,HYBRID_ALPHA0.8_BETA0.2,0.8,0.2,50,x2=0.0,0.7,0.04844,1.04589
simpson-non-linear,9,50,hybrid,HYBRID_ALPHA0.8_BETA0.2,0.8,0.2,50,x2=0.0,0.675,0.05092,0.93675
simpson-non-linear,10,51,hybrid,HYBRID_ALPHA0.8_BETA0.2,0.8,0.2,50,x2=0.0,0.625,0.04343,1.04105
simpson-non-linear,1,42,hybrid,HYBRID_ALPHA0.7_BETA0.3,0.7,0.3,50,x2=0.0,0.625,0.05005,0.83621
simpson-non-linear,2,43,hybrid,HYBRID_ALPHA0.7_BETA0.3,0.7,0.3,50,x2=0.0,0.625,0.0417,0.72544
simpson-non-linear,3,44,hybrid,HYBRID_ALPHA0.7_BETA0.3,0.7,0.3,50,x2=0.0,0.675,0.05292,1.39264
simpson-non-linear,4,45,hybrid,HYBRID_ALPHA0.7_BETA0.3,0.7,0.3,50,x2=0.0,0.675,0.03614,0.7066
simpson-non-linear,5,46,hybrid,HYBRID_ALPHA0.7_BETA0.3,0.7,0.3,50,x2=0.0,0.625,0.0461,1.07536
simpson-non-linear,6,47,hybrid,HYBRID_ALPHA0.7_BETA0.3,0.7,0.3,50,x2=0.0,0.675,0.01877,0.86246
simpson-non-linear,7,48,hybrid,HYBRID_ALPHA0.7_BETA0.3,0.7,0.3,50,x2=0.0,0.625,0.04238,2.9738
simpson-non-linear,8,49,hybrid,HYBRID_ALPHA0.7_BETA0.3,0.7,0.3,50,x2=0.0,0.7,0.04827,1.05736
simpson-non-linear,9,50,hybrid,HYBRID_ALPHA0.7_BETA0.3,0.7,0.3,50,x2=0.0,0.675,0.05352,1.16846
simpson-non-linear,10,51,hybrid,HYBRID_ALPHA0.7_BETA0.3,0.7,0.3,50,x2=0.0,0.625,0.0434,1.04816
simpson-non-linear,1,42,hybrid,HYBRID_ALPHA0.6_BETA0.4,0.6,0.4,50,x2=0.0,0.7,0.0538,1.02753
simpson-non-linear,2,43,hybrid,HYBRID_ALPHA0.6_BETA0.4,0.6,0.4,50,x2=0.0,0.625,0.04166,0.73735
simpson-non-linear,3,44,hybrid,HYBRID_ALPHA0.6_BETA0.4,0.6,0.4,50,x2=0.0,0.65,0.05692,1.38148
simpson-non-linear,4,45,hybrid,HYBRID_ALPHA0.6_BETA0.4,0.6,0.4,50,x2=0.0,0.625,0.03885,0.75498
simpson-non-linear,5,46,hybrid,HYBRID_ALPHA0.6_BETA0.4,0.6,0.4,50,x2=0.0,0.65,0.05058,0.88057
simpson-non-linear,6,47,hybrid,HYBRID_ALPHA0.6_BETA0.4,0.6,0.4,50,x2=0.0,0.65,0.02531,0.73528
simpson-non-linear,7,48,hybrid,HYBRID_ALPHA0.6_BETA0.4,0.6,0.4,50,x2=0.0,0.6,0.03444,1.35491
simpson-non-linear,8,49,hybrid,HYBRID_ALPHA0.6_BETA0.4,0.6,0.4,50,x2=0.0,0.675,0.04734,1.06152
simpson-non-linear,9,50,hybrid,HYBRID_ALPHA0.6_BETA0.4,0.6,0.4,50,x2=0.0,0.675,0.05306,0.8748
simpson-non-linear,10,51,hybrid,HYBRID_ALPHA0.6_BETA0.4,0.6,0.4,50,x2=0.0,0.6,0.04391,1.05489
simpson-non-linear,1,42,hybrid,HYBRID_ALPHA0.5_BETA0.5,0.5,0.5,50,x2=0.0,0.675,0.05421,0.93475
simpson-non-linear,2,43,hybrid,HYBRID_ALPHA0.5_BETA0.5,0.5,0.5,50,x2=0.0,0.65,0.04495,0.82765
simpson-non-linear,3,44,hybrid,HYBRID_ALPHA0.5_BETA0.5,0.5,0.5,50,x2=0.0,0.65,0.05807,1.16595
simpson-non-linear,4,45,hybrid,HYBRID_ALPHA0.5_BETA0.5,0.5,0.5,50,x2=0.0,0.625,0.03571,0.70433
simpson-non-linear,5,46,hybrid,HYBRID_ALPHA0.5_BETA0.5,0.5,0.5,50,x2=0.0,0.55,0.05089,0.86579
simpson-non-linear,6,47,hybrid,HYBRID_ALPHA0.5_BETA0.5,0.5,0.5,50,x2=0.0,0.625,0.03528,0.75026
simpson-non-linear,7,48,hybrid,HYBRID_ALPHA0.5_BETA0.5,0.5,0.5,50,x2=0.0,0.625,0.03219,0.81318
simpson-non-linear,8,49,hybrid,HYBRID_ALPHA0.5_BETA0.5,0.5,0.5,50,x2=0.0,0.7,0.04706,1.07009
simpson-non-linear,9,50,hybrid,HYBRID_ALPHA0.5_BETA0.5,0.5,0.5,50,x2=0.0,0.6,0.05835,0.74622
simpson-non-linear,10,51,hybrid,HYBRID_ALPHA0.5_BETA0.5,0.5,0.5,50,x2=0.0,0.6,0.04458,1.06114
simpson-non-linear,1,42,hybrid,HYBRID_ALPHA0.4_BETA0.6,0.4,0.6,50,x2=0.0,0.675,0.03919,0.89077
simpson-non-linear,2,43,hybrid,HYBRID_ALPHA0.4_BETA0.6,0.4,0.6,50,x2=0.0,0.575,0.04095,0.76683
simpson-non-linear,3,44,hybrid,HYBRID_ALPHA0.4_BETA0.6,0.4,0.6,50,x2=0.0,0.65,0.04435,1.09158
simpson-non-linear,4,45,hybrid,HYBRID_ALPHA0.4_BETA0.6,0.4,0.6,50,x2=0.0,0.65,0.03601,0.74461
simpson-non-linear,5,46,hybrid,HYBRID_ALPHA0.4_BETA0.6,0.4,0.6,50,x2=0.0,0.6,0.05034,1.01768
simpson-non-linear,6,47,hybrid,HYBRID_ALPHA0.4_BETA0.6,0.4,0.6,50,x2=0.0,0.525,0.02528,0.67834
simpson-non-linear,7,48,hybrid,HYBRID_ALPHA0.4_BETA0.6,0.4,0.6,50,x2=0.0,0.65,0.0455,0.87356
simpson-non-linear,8,49,hybrid,HYBRID_ALPHA0.4_BETA0.6,0.4,0.6,50,x2=0.0,0.675,0.04695,1.08391
simpson-non-linear,9,50,hybrid,HYBRID_ALPHA0.4_BETA0.6,0.4,0.6,50,x2=0.0,0.725,0.06077,0.89072
simpson-non-linear,10,51,hybrid,HYBRID_ALPHA0.4_BETA0.6,0.4,0.6,50,x2=0.0,0.575,0.02376,0.81358
simpson-non-linear,1,42,hybrid,HYBRID_ALPHA0.3_BETA0.7,0.3,0.7,50,x2=0.0,0.7,0.03776,0.86766
simpson-non-linear,2,43,hybrid,HYBRID_ALPHA0.3_BETA0.7,0.3,0.7,50,x2=0.0,0.575,0.04351,0.79067
simpson-non-linear,3,44,hybrid,HYBRID_ALPHA0.3_BETA0.7,0.3,0.7,50,x2=0.0,0.675,0.04286,0.92329
simpson-non-linear,4,45,hybrid,HYBRID_ALPHA0.3_BETA0.7,0.3,0.7,50,x2=0.0,0.675,0.04708,0.93217
simpson-non-linear,5,46,hybrid,HYBRID_ALPHA0.3_BETA0.7,0.3,0.7,50,x2=0.0,0.675,0.0483,1.05336
simpson-non-linear,6,47,hybrid,HYBRID_ALPHA0.3_BETA0.7,0.3,0.7,50,x2=0.0,0.7,0.03427,0.93222
simpson-non-linear,7,48,hybrid,HYBRID_ALPHA0.3_BETA0.7,0.3,0.7,50,x2=0.0,0.625,0.02188,0.71692
simpson-non-linear,8,49,hybrid,HYBRID_ALPHA0.3_BETA0.7,0.3,0.7,50,x2=0.0,0.675,0.04586,1.11203
simpson-non-linear,9,50,hybrid,HYBRID_ALPHA0.3_BETA0.7,0.3,0.7,50,x2=0.0,0.65,0.05516,1.03425
simpson-non-linear,10,51,hybrid,HYBRID_ALPHA0.3_BETA0.7,0.3,0.7,50,x2=0.0,0.625,0.03687,0.62396
simpson-non-linear,1,42,hybrid,HYBRID_ALPHA0.2_BETA0.8,0.2,0.8,50,x2=0.0,0.625,0.04556,1.06855
simpson-non-linear,2,43,hybrid,HYBRID_ALPHA0.2_BETA0.8,0.2,0.8,50,x2=0.0,0.6,0.04773,0.87738
simpson-non-linear,3,44,hybrid,HYBRID_ALPHA0.2_BETA0.8,0.2,0.8,50,x2=0.0,0.625,0.03941,0.92162
simpson-non-linear,4,45,hybrid,HYBRID_ALPHA0.2_BETA0.8,0.2,0.8,50,x2=0.0,0.6,0.03764,0.77863
simpson-non-linear,5,46,hybrid,HYBRID_ALPHA0.2_BETA0.8,0.2,0.8,50,x2=0.0,0.675,0.04765,1.06108
simpson-non-linear,6,47,hybrid,HYBRID_ALPHA0.2_BETA0.8,0.2,0.8,50,x2=0.0,0.625,0.0439,0.87234
simpson-non-linear,7,48,hybrid,HYBRID_ALPHA0.2_BETA0.8,0.2,0.8,50,x2=0.0,0.6,0.02772,0.70541
simpson-non-linear,8,49,hybrid,HYBRID_ALPHA0.2_BETA0.8,0.2,0.8,50,x2=0.0,0.675,0.04655,1.08483
simpson-non-linear,9,50,hybrid,HYBRID_ALPHA0.2_BETA0.8,0.2,0.8,50,x2=0.0,0.625,0.05309,1.04887
simpson-non-linear,10,51,hybrid,HYBRID_ALPHA0.2_BETA0.8,0.2,0.8,50,x2=0.0,0.6,0.03246,0.62465
simpson-non-linear,1,42,mse,MSE,1.0,0.0,100,x2=0.0,0.75,0.06639,0.96509
simpson-non-linear,2,43,mse,MSE,1.0,0.0,100,x2=0.0,0.525,0.02328,0.64123
simpson-non-linear,3,44,mse,MSE,1.0,0.0,100,x2=0.0,0.625,0.0115,0.6513
simpson-non-linear,4,45,mse,MSE,1.0,0.0,100,x2=0.0,0.625,0.03413,0.85876
simpson-non-linear,5,46,mse,MSE,1.0,0.0,100,x2=0.0,0.625,0.04523,0.66467
simpson-non-linear,6,47,mse,MSE,1.0,0.0,100,x2=0.0,0.625,0.03791,1.01969
simpson-non-linear,7,48,mse,MSE,1.0,0.0,100,x2=0.0,0.575,0.02518,0.57451
simpson-non-linear,8,49,mse,MSE,1.0,0.0,100,x2=0.0,0.7,0.04119,1.01707
simpson-non-linear,9,50,mse,MSE,1.0,0.0,100,x2=0.0,0.575,0.01396,0.48632
simpson-non-linear,10,51,mse,MSE,1.0,0.0,100,x2=0.0,0.525,0.01914,0.50006
simpson-non-linear,1,42,hybrid,HYBRID_ALPHA0.9_BETA0.1,0.9,0.1,100,x2=0.0,0.775,0.06259,0.94877
simpson-non-linear,2,43,hybrid,HYBRID_ALPHA0.9_BETA0.1,0.9,0.1,100,x2=0.0,0.575,0.01967,0.63043
simpson-non-linear,3,44,hybrid,HYBRID_ALPHA0.9_BETA0.1,0.9,0.1,100,x2=0.0,0.575,0.01145,0.65802
simpson-non-linear,4,45,hybrid,HYBRID_ALPHA0.9_BETA0.1,0.9,0.1,100,x2=0.0,0.6,0.03495,0.70185
simpson-non-linear,5,46,hybrid,HYBRID_ALPHA0.9_BETA0.1,0.9,0.1,100,x2=0.0,0.625,0.04452,0.66433
simpson-non-linear,6,47,hybrid,HYBRID_ALPHA0.9_BETA0.1,0.9,0.1,100,x2=0.0,0.65,0.03028,0.70662
simpson-non-linear,7,48,hybrid,HYBRID_ALPHA0.9_BETA0.1,0.9,0.1,100,x2=0.0,0.575,0.02521,0.56382
simpson-non-linear,8,49,hybrid,HYBRID_ALPHA0.9_BETA0.1,0.9,0.1,100,x2=0.0,0.675,0.03815,0.97429
simpson-non-linear,9,50,hybrid,HYBRID_ALPHA0.9_BETA0.1,0.9,0.1,100,x2=0.0,0.55,0.0123,0.46957
simpson-non-linear,10,51,hybrid,HYBRID_ALPHA0.9_BETA0.1,0.9,0.1,100,x2=0.0,0.5,0.02016,0.49507
simpson-non-linear,1,42,hybrid,HYBRID_ALPHA0.8_BETA0.2,0.8,0.2,100,x2=0.0,0.75,0.06099,0.87723
simpson-non-linear,2,43,hybrid,HYBRID_ALPHA0.8_BETA0.2,0.8,0.2,100,x2=0.0,0.5,0.02275,0.62547
simpson-non-linear,3,44,hybrid,HYBRID_ALPHA0.8_BETA0.2,0.8,0.2,100,x2=0.0,0.525,0.01174,0.6627
simpson-non-linear,4,45,hybrid,HYBRID_ALPHA0.8_BETA0.2,0.8,0.2,100,x2=0.0,0.6,0.03303,0.7101
simpson-non-linear,5,46,hybrid,HYBRID_ALPHA0.8_BETA0.2,0.8,0.2,100,x2=0.0,0.6,0.04503,0.6701
simpson-non-linear,6,47,hybrid,HYBRID_ALPHA0.8_BETA0.2,0.8,0.2,100,x2=0.0,0.625,0.03287,4.46198
simpson-non-linear,7,48,hybrid,HYBRID_ALPHA0.8_BETA0.2,0.8,0.2,100,x2=0.0,0.55,0.02325,0.50973
simpson-non-linear,8,49,hybrid,HYBRID_ALPHA0.8_BETA0.2,0.8,0.2,100,x2=0.0,0.7,0.03651,0.98645
simpson-non-linear,9,50,hybrid,HYBRID_ALPHA0.8_BETA0.2,0.8,0.2,100,x2=0.0,0.5,0.01054,0.4695
simpson-non-linear,10,51,hybrid,HYBRID_ALPHA0.8_BETA0.2,0.8,0.2,100,x2=0.0,0.55,0.01891,0.47658
simpson-non-linear,1,42,hybrid,HYBRID_ALPHA0.7_BETA0.3,0.7,0.3,100,x2=0.0,0.7,0.04572,0.78432
simpson-non-linear,2,43,hybrid,HYBRID_ALPHA0.7_BETA0.3,0.7,0.3,100,x2=0.0,0.55,0.01644,0.56944
simpson-non-linear,3,44,hybrid,HYBRID_ALPHA0.7_BETA0.3,0.7,0.3,100,x2=0.0,0.55,0.01445,0.64069
simpson-non-linear,4,45,hybrid,HYBRID_ALPHA0.7_BETA0.3,0.7,0.3,100,x2=0.0,0.6,0.02961,0.80888
simpson-non-linear,5,46,hybrid,HYBRID_ALPHA0.7_BETA0.3,0.7,0.3,100,x2=0.0,0.625,0.04547,0.68375
simpson-non-linear,6,47,hybrid,HYBRID_ALPHA0.7_BETA0.3,0.7,0.3,100,x2=0.0,0.6,0.02738,0.6754
simpson-non-linear,7,48,hybrid,HYBRID_ALPHA0.7_BETA0.3,0.7,0.3,100,x2=0.0,0.575,0.02326,0.52586
simpson-non-linear,8,49,hybrid,HYBRID_ALPHA0.7_BETA0.3,0.7,0.3,100,x2=0.0,0.65,0.03548,0.97261
simpson-non-linear,9,50,hybrid,HYBRID_ALPHA0.7_BETA0.3,0.7,0.3,100,x2=0.0,0.575,0.01206,0.48735
simpson-non-linear,10,51,hybrid,HYBRID_ALPHA0.7_BETA0.3,0.7,0.3,100,x2=0.0,0.525,0.01513,0.52433
simpson-non-linear,1,42,hybrid,HYBRID_ALPHA0.6_BETA0.4,0.6,0.4,100,x2=0.0,0.65,0.04785,0.80529
simpson-non-linear,2,43,hybrid,HYBRID_ALPHA0.6_BETA0.4,0.6,0.4,100,x2=0.0,0.5,0.02186,0.61905
simpson-non-linear,3,44,hybrid,HYBRID_ALPHA0.6_BETA0.4,0.6,0.4,100,x2=0.0,0.525,0.01918,0.70658
simpson-non-linear,4,45,hybrid,HYBRID_ALPHA0.6_BETA0.4,0.6,0.4,100,x2=0.0,0.6,0.0279,0.77771
simpson-non-linear,5,46,hybrid,HYBRID_ALPHA0.6_BETA0.4,0.6,0.4,100,x2=0.0,0.525,0.0495,0.76128
simpson-non-linear,6,47,hybrid,HYBRID_ALPHA0.6_BETA0.4,0.6,0.4,100,x2=0.0,0.65,0.02853,0.68804
simpson-non-linear,7,48,hybrid,HYBRID_ALPHA0.6_BETA0.4,0.6,0.4,100,x2=0.0,0.55,0.0223,0.55208
simpson-non-linear,8,49,hybrid,HYBRID_ALPHA0.6_BETA0.4,0.6,0.4,100,x2=0.0,0.575,0.02018,0.73035
simpson-non-linear,9,50,hybrid,HYBRID_ALPHA0.6_BETA0.4,0.6,0.4,100,x2=0.0,0.65,0.04077,0.94828
simpson-non-linear,10,51,hybrid,HYBRID_ALPHA0.6_BETA0.4,0.6,0.4,100,x2=0.0,0.5,0.02447,0.54122
simpson-non-linear,1,42,hybrid,HYBRID_ALPHA0.5_BETA0.5,0.5,0.5,100,x2=0.0,0.65,0.04656,0.85393
simpson-non-linear,2,43,hybrid,HYBRID_ALPHA0.5_BETA0.5,0.5,0.5,100,x2=0.0,0.5,0.01726,0.59757
simpson-non-linear,3,44,hybrid,HYBRID_ALPHA0.5_BETA0.5,0.5,0.5,100,x2=0.0,0.525,0.02996,0.81775
simpson-non-linear,4,45,hybrid,HYBRID_ALPHA0.5_BETA0.5,0.5,0.5,100,x2=0.0,0.6,0.03068,0.65198
simpson-non-linear,5,46,hybrid,HYBRID_ALPHA0.5_BETA0.5,0.5,0.5,100,x2=0.0,0.6,0.0499,0.79233
simpson-non-linear,6,47,hybrid,HYBRID_ALPHA0.5_BETA0.5,0.5,0.5,100,x2=0.0,0.55,0.02324,0.67821
simpson-non-linear,7,48,hybrid,HYBRID_ALPHA0.5_BETA0.5,0.5,0.5,100,x2=0.0,0.575,0.02224,0.55983
simpson-non-linear,8,49,hybrid,HYBRID_ALPHA0.5_BETA0.5,0.5,0.5,100,x2=0.0,0.575,0.02615,0.77962
simpson-non-linear,9,50,hybrid,HYBRID_ALPHA0.5_BETA0.5,0.5,0.5,100,x2=0.0,0.675,0.04288,1.03568
simpson-non-linear,10,51,hybrid,HYBRID_ALPHA0.5_BETA0.5,0.5,0.5,100,x2=0.0,0.525,0.03017,0.58402
simpson-non-linear,1,42,hybrid,HYBRID_ALPHA0.4_BETA0.6,0.4,0.6,100,x2=0.0,0.65,0.04057,0.78629
simpson-non-linear,2,43,hybrid,HYBRID_ALPHA0.4_BETA0.6,0.4,0.6,100,x2=0.0,0.575,0.05125,0.90588
simpson-non-linear,3,44,hybrid,HYBRID_ALPHA0.4_BETA0.6,0.4,0.6,100,x2=0.0,0.575,0.02212,1.62787
simpson-non-linear,4,45,hybrid,HYBRID_ALPHA0.4_BETA0.6,0.4,0.6,100,x2=0.0,0.625,0.03047,0.66968
simpson-non-linear,5,46,hybrid,HYBRID_ALPHA0.4_BETA0.6,0.4,0.6,100,x2=0.0,0.575,0.05018,0.83997
simpson-non-linear,6,47,hybrid,HYBRID_ALPHA0.4_BETA0.6,0.4,0.6,100,x2=0.0,0.6,0.02205,0.69507
simpson-non-linear,7,48,hybrid,HYBRID_ALPHA0.4_BETA0.6,0.4,0.6,100,x2=0.0,0.55,0.02204,0.57243
simpson-non-linear,8,49,hybrid,HYBRID_ALPHA0.4_BETA0.6,0.4,0.6,100,x2=0.0,0.65,0.02044,0.70318
simpson-non-linear,9,50,hybrid,HYBRID_ALPHA0.4_BETA0.6,0.4,0.6,100,x2=0.0,0.6,0.04264,1.04136
simpson-non-linear,10,51,hybrid,HYBRID_ALPHA0.4_BETA0.6,0.4,0.6,100,x2=0.0,0.575,0.03386,1.97053
simpson-non-linear,1,42,hybrid,HYBRID_ALPHA0.3_BETA0.7,0.3,0.7,100,x2=0.0,0.65,0.04075,0.76812
simpson-non-linear,2,43,hybrid,HYBRID_ALPHA0.3_BETA0.7,0.3,0.7,100,x2=0.0,0.55,0.01944,0.76539
simpson-non-linear,3,44,hybrid,HYBRID_ALPHA0.3_BETA0.7,0.3,0.7,100,x2=0.0,0.525,0.01858,0.62321
simpson-non-linear,4,45,hybrid,HYBRID_ALPHA0.3_BETA0.7,0.3,0.7,100,x2=0.0,0.6,0.03546,0.68933
simpson-non-linear,5,46,hybrid,HYBRID_ALPHA0.3_BETA0.7,0.3,0.7,100,x2=0.0,0.575,0.03398,0.73863
simpson-non-linear,6,47,hybrid,HYBRID_ALPHA0.3_BETA0.7,0.3,0.7,100,x2=0.0,0.5,0.01831,0.55246
simpson-non-linear,7,48,hybrid,HYBRID_ALPHA0.3_BETA0.7,0.3,0.7,100,x2=0.0,0.6,0.01744,0.58368
simpson-non-linear,8,49,hybrid,HYBRID_ALPHA0.3_BETA0.7,0.3,0.7,100,x2=0.0,0.6,0.02116,0.69741
simpson-non-linear,9,50,hybrid,HYBRID_ALPHA0.3_BETA0.7,0.3,0.7,100,x2=0.0,0.65,0.04245,1.0523
simpson-non-linear,10,51,hybrid,HYBRID_ALPHA0.3_BETA0.7,0.3,0.7,100,x2=0.0,0.575,0.01754,0.82617
simpson-non-linear,1,42,hybrid,HYBRID_ALPHA0.2_BETA0.8,0.2,0.8,100,x2=0.0,0.6,0.03435,0.67168
simpson-non-linear,2,43,hybrid,HYBRID_ALPHA0.2_BETA0.8,0.2,0.8,100,x2=0.0,0.6,0.02452,0.57763
simpson-non-linear,3,44,hybrid,HYBRID_ALPHA0.2_BETA0.8,0.2,0.8,100,x2=0.0,0.55,0.02182,0.65077
simpson-non-linear,4,45,hybrid,HYBRID_ALPHA0.2_BETA0.8,0.2,0.8,100,x2=0.0,0.575,0.03146,0.66408
simpson-non-linear,5,46,hybrid,HYBRID_ALPHA0.2_BETA0.8,0.2,0.8,100,x2=0.0,0.6,0.03203,0.75516
simpson-non-linear,6,47,hybrid,HYBRID_ALPHA0.2_BETA0.8,0.2,0.8,100,x2=0.0,0.575,0.02847,0.6056
simpson-non-linear,7,48,hybrid,HYBRID_ALPHA0.2_BETA0.8,0.2,0.8,100,x2=0.0,0.55,0.01597,0.58963
simpson-non-linear,8,49,hybrid,HYBRID_ALPHA0.2_BETA0.8,0.2,0.8,100,x2=0.0,0.575,0.01739,0.64428
simpson-non-linear,9,50,hybrid,HYBRID_ALPHA0.2_BETA0.8,0.2,0.8,100,x2=0.0,0.675,0.03661,0.89994
simpson-non-linear,10,51,hybrid,HYBRID_ALPHA0.2_BETA0.8,0.2,0.8,100,x2=0.0,0.625,0.0266,0.54742
simpson-symprod,1,42,mse,MSE,1.0,0.0,50,x2=0.0,0.6,0.04099,0.78149
simpson-symprod,2,43,mse,MSE,1.0,0.0,50,x2=0.0,0.6,0.06972,0.78022
simpson-symprod,3,44,mse,MSE,1.0,0.0,50,x2=0.0,0.625,0.07195,0.77912
simpson-symprod,4,45,mse,MSE,1.0,0.0,50,x2=0.0,0.75,0.07222,0.77586
simpson-symprod,5,46,mse,MSE,1.0,0.0,50,x2=0.0,0.6,0.05258,0.71047
simpson-symprod,6,47,mse,MSE,1.0,0.0,50,x2=0.0,0.55,0.02695,0.58935
simpson-symprod,7,48,mse,MSE,1.0,0.0,50,x2=0.0,0.625,0.02914,1.042
simpson-symprod,8,49,mse,MSE,1.0,0.0,50,x2=0.0,0.7,0.07293,0.78328
simpson-symprod,9,50,mse,MSE,1.0,0.0,50,x2=0.0,0.775,0.0697,0.78761
simpson-symprod,10,51,mse,MSE,1.0,0.0,50,x2=0.0,0.725,0.03565,0.85963
simpson-symprod,1,42,hybrid,HYBRID_ALPHA0.9_BETA0.1,0.9,0.1,50,x2=0.0,0.65,0.04633,0.64426
simpson-symprod,2,43,hybrid,HYBRID_ALPHA0.9_BETA0.1,0.9,0.1,50,x2=0.0,0.55,0.06947,0.78028
simpson-symprod,3,44,hybrid,HYBRID_ALPHA0.9_BETA0.1,0.9,0.1,50,x2=0.0,0.65,0.07168,0.77917
simpson-symprod,4,45,hybrid,HYBRID_ALPHA0.9_BETA0.1,0.9,0.1,50,x2=0.0,0.75,0.07208,0.77586
simpson-symprod,5,46,hybrid,HYBRID_ALPHA0.9_BETA0.1,0.9,0.1,50,x2=0.0,0.625,0.0551,0.74437
simpson-symprod,6,47,hybrid,HYBRID_ALPHA0.9_BETA0.1,0.9,0.1,50,x2=0.0,0.75,0.03571,0.60212
simpson-symprod,7,48,hybrid,HYBRID_ALPHA0.9_BETA0.1,0.9,0.1,50,x2=0.0,0.625,0.02883,0.98614
simpson-symprod,8,49,hybrid,HYBRID_ALPHA0.9_BETA0.1,0.9,0.1,50,x2=0.0,0.725,0.07236,0.78322
simpson-symprod,9,50,hybrid,HYBRID_ALPHA0.9_BETA0.1,0.9,0.1,50,x2=0.0,0.8,0.06973,0.7876
simpson-symprod,10,51,hybrid,HYBRID_ALPHA0.9_BETA0.1,0.9,0.1,50,x2=0.0,0.75,0.02893,0.92752
simpson-symprod,1,42,hybrid,HYBRID_ALPHA0.8_BETA0.2,0.8,0.2,50,x2=0.0,0.675,0.03986,0.64408
simpson-symprod,2,43,hybrid,HYBRID_ALPHA0.8_BETA0.2,0.8,0.2,50,x2=0.0,0.55,0.06945,0.78098
simpson-symprod,3,44,hybrid,HYBRID_ALPHA0.8_BETA0.2,0.8,0.2,50,x2=0.0,0.675,0.07153,0.77913
simpson-symprod,4,45,hybrid,HYBRID_ALPHA0.8_BETA0.2,0.8,0.2,50,x2=0.0,0.8,0.0728,0.77619
simpson-symprod,5,46,hybrid,HYBRID_ALPHA0.8_BETA0.2,0.8,0.2,50,x2=0.0,0.65,0.05385,0.73346
simpson-symprod,6,47,hybrid,HYBRID_ALPHA0.8_BETA0.2,0.8,0.2,50,x2=0.0,0.75,0.04306,0.60823
simpson-symprod,7,48,hybrid,HYBRID_ALPHA0.8_BETA0.2,0.8,0.2,50,x2=0.0,0.65,0.02291,0.65202
simpson-symprod,8,49,hybrid,HYBRID_ALPHA0.8_BETA0.2,0.8,0.2,50,x2=0.0,0.65,0.07242,0.7832
simpson-symprod,9,50,hybrid,HYBRID_ALPHA0.8_BETA0.2,0.8,0.2,50,x2=0.0,0.725,0.06987,0.78763
simpson-symprod,10,51,hybrid,HYBRID_ALPHA0.8_BETA0.2,0.8,0.2,50,x2=0.0,0.7,0.02848,0.90421
simpson-symprod,1,42,hybrid,HYBRID_ALPHA0.7_BETA0.3,0.7,0.3,50,x2=0.0,0.675,0.03927,0.95225
simpson-symprod,2,43,hybrid,HYBRID_ALPHA0.7_BETA0.3,0.7,0.3,50,x2=0.0,0.525,0.06941,0.78098
simpson-symprod,3,44,hybrid,HYBRID_ALPHA0.7_BETA0.3,0.7,0.3,50,x2=0.0,0.7,0.07231,0.77915
simpson-symprod,4,45,hybrid,HYBRID_ALPHA0.7_BETA0.3,0.7,0.3,50,x2=0.0,0.775,0.07415,0.77619
simpson-symprod,5,46,hybrid,HYBRID_ALPHA0.7_BETA0.3,0.7,0.3,50,x2=0.0,0.6,0.05606,0.73653
simpson-symprod,6,47,hybrid,HYBRID_ALPHA0.7_BETA0.3,0.7,0.3,50,x2=0.0,0.725,0.05153,0.60982
simpson-symprod,7,48,hybrid,HYBRID_ALPHA0.7_BETA0.3,0.7,0.3,50,x2=0.0,0.65,0.02251,0.68955
simpson-symprod,8,49,hybrid,HYBRID_ALPHA0.7_BETA0.3,0.7,0.3,50,x2=0.0,0.6,0.07249,0.78345
simpson-symprod,9,50,hybrid,HYBRID_ALPHA0.7_BETA0.3,0.7,0.3,50,x2=0.0,0.725,0.07002,0.78757
simpson-symprod,10,51,hybrid,HYBRID_ALPHA0.7_BETA0.3,0.7,0.3,50,x2=0.0,0.775,0.02808,0.88433
simpson-symprod,1,42,hybrid,HYBRID_ALPHA0.6_BETA0.4,0.6,0.4,50,x2=0.0,0.625,0.047,0.67818
simpson-symprod,2,43,hybrid,HYBRID_ALPHA0.6_BETA0.4,0.6,0.4,50,x2=0.0,0.575,0.06975,0.78098
simpson-symprod,3,44,hybrid,HYBRID_ALPHA0.6_BETA0.4,0.6,0.4,50,x2=0.0,0.7,0.0721,0.77928
simpson-symprod,4,45,hybrid,HYBRID_ALPHA0.6_BETA0.4,0.6,0.4,50,x2=0.0,0.725,0.07306,0.77637
simpson-symprod,5,46,hybrid,HYBRID_ALPHA0.6_BETA0.4,0.6,0.4,50,x2=0.0,0.625,0.05166,0.73034
simpson-symprod,6,47,hybrid,HYBRID_ALPHA0.6_BETA0.4,0.6,0.4,50,x2=0.0,0.725,0.051,0.63557
simpson-symprod,7,48,hybrid,HYBRID_ALPHA0.6_BETA0.4,0.6,0.4,50,x2=0.0,0.725,0.03122,0.67675
simpson-symprod,8,49,hybrid,HYBRID_ALPHA0.6_BETA0.4,0.6,0.4,50,x2=0.0,0.575,0.07292,0.78302
simpson-symprod,9,50,hybrid,HYBRID_ALPHA0.6_BETA0.4,0.6,0.4,50,x2=0.0,0.75,0.0702,0.78767
simpson-symprod,10,51,hybrid,HYBRID_ALPHA0.6_BETA0.4,0.6,0.4,50,x2=0.0,0.675,0.02587,0.79838
simpson-symprod,1,42,hybrid,HYBRID_ALPHA0.5_BETA0.5,0.5,0.5,50,x2=0.0,0.675,0.05249,0.67623
simpson-symprod,2,43,hybrid,HYBRID_ALPHA0.5_BETA0.5,0.5,0.5,50,x2=0.0,0.6,0.06991,0.78129
simpson-symprod,3,44,hybrid,HYBRID_ALPHA0.5_BETA0.5,0.5,0.5,50,x2=0.0,0.625,0.07392,0.77876
simpson-symprod,4,45,hybrid,HYBRID_ALPHA0.5_BETA0.5,0.5,0.5,50,x2=0.0,0.8,0.0768,0.77635
simpson-symprod,5,46,hybrid,HYBRID_ALPHA0.5_BETA0.5,0.5,0.5,50,x2=0.0,0.65,0.05089,0.74839
simpson-symprod,6,47,hybrid,HYBRID_ALPHA0.5_BETA0.5,0.5,0.5,50,x2=0.0,0.725,0.05,0.62331
simpson-symprod,7,48,hybrid,HYBRID_ALPHA0.5_BETA0.5,0.5,0.5,50,x2=0.0,0.7,0.04013,0.73237
simpson-symprod,8,49,hybrid,HYBRID_ALPHA0.5_BETA0.5,0.5,0.5,50,x2=0.0,0.65,0.07289,0.78299
simpson-symprod,9,50,hybrid,HYBRID_ALPHA0.5_BETA0.5,0.5,0.5,50,x2=0.0,0.75,0.07034,0.78768
simpson-symprod,10,51,hybrid,HYBRID_ALPHA0.5_BETA0.5,0.5,0.5,50,x2=0.0,0.7,0.0211,0.80993
simpson-symprod,1,42,hybrid,HYBRID_ALPHA0.4_BETA0.6,0.4,0.6,50,x2=0.0,0.6,0.02559,0.72533
simpson-symprod,2,43,hybrid,HYBRID_ALPHA0.4_BETA0.6,0.4,0.6,50,x2=0.0,0.575,0.07015,0.78127
simpson-symprod,3,44,hybrid,HYBRID_ALPHA0.4_BETA0.6,0.4,0.6,50,x2=0.0,0.625,0.07277,0.76358
simpson-symprod,4,45,hybrid,HYBRID_ALPHA0.4_BETA0.6,0.4,0.6,50,x2=0.0,0.85,0.07685,0.77671
simpson-symprod,5,46,hybrid,HYBRID_ALPHA0.4_BETA0.6,0.4,0.6,50,x2=0.0,0.575,0.05297,0.73389
simpson-symprod,6,47,hybrid,HYBRID_ALPHA0.4_BETA0.6,0.4,0.6,50,x2=0.0,0.7,0.04815,0.6403
simpson-symprod,7,48,hybrid,HYBRID_ALPHA0.4_BETA0.6,0.4,0.6,50,x2=0.0,0.65,0.03641,0.60898
simpson-symprod,8,49,hybrid,HYBRID_ALPHA0.4_BETA0.6,0.4,0.6,50,x2=0.0,0.625,0.07153,0.78983
simpson-symprod,9,50,hybrid,HYBRID_ALPHA0.4_BETA0.6,0.4,0.6,50,x2=0.0,0.725,0.07033,0.7877
simpson-symprod,10,51,hybrid,HYBRID_ALPHA0.4_BETA0.6,0.4,0.6,50,x2=0.0,0.675,0.02408,0.68112
simpson-symprod,1,42,hybrid,HYBRID_ALPHA0.3_BETA0.7,0.3,0.7,50,x2=0.0,0.725,0.06485,0.69882
simpson-symprod,2,43,hybrid,HYBRID_ALPHA0.3_BETA0.7,0.3,0.7,50,x2=0.0,0.675,0.07025,0.77114
simpson-symprod,3,44,hybrid,HYBRID_ALPHA0.3_BETA0.7,0.3,0.7,50,x2=0.0,0.675,0.07309,0.76518
simpson-symprod,4,45,hybrid,HYBRID_ALPHA0.3_BETA0.7,0.3,0.7,50,x2=0.0,0.85,0.07598,0.77714
simpson-symprod,5,46,hybrid,HYBRID_ALPHA0.3_BETA0.7,0.3,0.7,50,x2=0.0,0.65,0.06182,0.76425
simpson-symprod,6,47,hybrid,HYBRID_ALPHA0.3_BETA0.7,0.3,0.7,50,x2=0.0,0.75,0.0712,0.72728
simpson-symprod,7,48,hybrid,HYBRID_ALPHA0.3_BETA0.7,0.3,0.7,50,x2=0.0,0.65,0.03919,0.64808
simpson-symprod,8,49,hybrid,HYBRID_ALPHA0.3_BETA0.7,0.3,0.7,50,x2=0.0,0.625,0.07132,0.78877
simpson-symprod,9,50,hybrid,HYBRID_ALPHA0.3_BETA0.7,0.3,0.7,50,x2=0.0,0.7,0.0703,0.78773
simpson-symprod,10,51,hybrid,HYBRID_ALPHA0.3_BETA0.7,0.3,0.7,50,x2=0.0,0.7,0.02486,0.67199
simpson-symprod,1,42,hybrid,HYBRID_ALPHA0.2_BETA0.8,0.2,0.8,50,x2=0.0,0.775,0.06821,0.76131
simpson-symprod,2,43,hybrid,HYBRID_ALPHA0.2_BETA0.8,0.2,0.8,50,x2=0.0,0.675,0.07284,0.76345
simpson-symprod,3,44,hybrid,HYBRID_ALPHA0.2_BETA0.8,0.2,0.8,50,x2=0.0,0.65,0.05728,0.62123
simpson-symprod,4,45,hybrid,HYBRID_ALPHA0.2_BETA0.8,0.2,0.8,50,x2=0.0,0.7,0.07047,0.77767
simpson-symprod,5,46,hybrid,HYBRID_ALPHA0.2_BETA0.8,0.2,0.8,50,x2=0.0,0.725,0.06683,0.77323
simpson-symprod,6,47,hybrid,HYBRID_ALPHA0.2_BETA0.8,0.2,0.8,50,x2=0.0,0.775,0.07259,0.73269
simpson-symprod,7,48,hybrid,HYBRID_ALPHA0.2_BETA0.8,0.2,0.8,50,x2=0.0,0.75,0.06155,0.7095
simpson-symprod,8,49,hybrid,HYBRID_ALPHA0.2_BETA0.8,0.2,0.8,50,x2=0.0,0.725,0.07305,0.77976
simpson-symprod,9,50,hybrid,HYBRID_ALPHA0.2_BETA0.8,0.2,0.8,50,x2=0.0,0.65,0.07036,0.78725
simpson-symprod,10,51,hybrid,HYBRID_ALPHA0.2_BETA0.8,0.2,0.8,50,x2=0.0,0.625,0.02032,0.59949
simpson-symprod,1,42,mse,MSE,1.0,0.0,100,x2=0.0,0.575,0.01897,0.72689
simpson-symprod,2,43,mse,MSE,1.0,0.0,100,x2=0.0,0.575,0.06091,0.75211
simpson-symprod,3,44,mse,MSE,1.0,0.0,100,x2=0.0,0.625,0.06571,0.76731
simpson-symprod,4,45,mse,MSE,1.0,0.0,100,x2=0.0,0.6,0.02643,0.6264
simpson-symprod,5,46,mse,MSE,1.0,0.0,100,x2=0.0,0.65,0.05953,0.72205
simpson-symprod,6,47,mse,MSE,1.0,0.0,100,x2=0.0,0.6,0.03987,0.65971
simpson-symprod,7,48,mse,MSE,1.0,0.0,100,x2=0.0,0.575,0.02363,0.61088
simpson-symprod,8,49,mse,MSE,1.0,0.0,100,x2=0.0,0.625,0.02644,0.59793
simpson-symprod,9,50,mse,MSE,1.0,0.0,100,x2=0.0,0.65,0.07082,0.78374
simpson-symprod,10,51,mse,MSE,1.0,0.0,100,x2=0.0,0.575,0.02058,0.60037
simpson-symprod,1,42,hybrid,HYBRID_ALPHA0.9_BETA0.1,0.9,0.1,100,x2=0.0,0.55,0.0225,0.59799
simpson-symprod,2,43,hybrid,HYBRID_ALPHA0.9_BETA0.1,0.9,0.1,100,x2=0.0,0.6,0.06093,0.75104
simpson-symprod,3,44,hybrid,HYBRID_ALPHA0.9_BETA0.1,0.9,0.1,100,x2=0.0,0.65,0.06572,0.76745
simpson-symprod,4,45,hybrid,HYBRID_ALPHA0.9_BETA0.1,0.9,0.1,100,x2=0.0,0.6,0.02872,0.67317
simpson-symprod,5,46,hybrid,HYBRID_ALPHA0.9_BETA0.1,0.9,0.1,100,x2=0.0,0.625,0.06028,0.72866
simpson-symprod,6,47,hybrid,HYBRID_ALPHA0.9_BETA0.1,0.9,0.1,100,x2=0.0,0.625,0.04005,0.66121
simpson-symprod,7,48,hybrid,HYBRID_ALPHA0.9_BETA0.1,0.9,0.1,100,x2=0.0,0.55,0.02438,0.60633
simpson-symprod,8,49,hybrid,HYBRID_ALPHA0.9_BETA0.1,0.9,0.1,100,x2=0.0,0.625,0.02978,0.6417
simpson-symprod,9,50,hybrid,HYBRID_ALPHA0.9_BETA0.1,0.9,0.1,100,x2=0.0,0.65,0.07119,0.78398
simpson-symprod,10,51,hybrid,HYBRID_ALPHA0.9_BETA0.1,0.9,0.1,100,x2=0.0,0.7,0.01479,0.5682
simpson-symprod,1,42,hybrid,HYBRID_ALPHA0.8_BETA0.2,0.8,0.2,100,x2=0.0,0.625,0.02248,0.59506
simpson-symprod,2,43,hybrid,HYBRID_ALPHA0.8_BETA0.2,0.8,0.2,100,x2=0.0,0.675,0.06711,0.77764
simpson-symprod,3,44,hybrid,HYBRID_ALPHA0.8_BETA0.2,0.8,0.2,100,x2=0.0,0.725,0.06325,0.7638
simpson-symprod,4,45,hybrid,HYBRID_ALPHA0.8_BETA0.2,0.8,0.2,100,x2=0.0,0.6,0.02135,0.59825
simpson-symprod,5,46,hybrid,HYBRID_ALPHA0.8_BETA0.2,0.8,0.2,100,x2=0.0,0.7,0.04157,0.81284
simpson-symprod,6,47,hybrid,HYBRID_ALPHA0.8_BETA0.2,0.8,0.2,100,x2=0.0,0.65,0.04525,0.65908
simpson-symprod,7,48,hybrid,HYBRID_ALPHA0.8_BETA0.2,0.8,0.2,100,x2=0.0,0.575,0.02047,0.56235
simpson-symprod,8,49,hybrid,HYBRID_ALPHA0.8_BETA0.2,0.8,0.2,100,x2=0.0,0.6,0.02891,0.61398
simpson-symprod,9,50,hybrid,HYBRID_ALPHA0.8_BETA0.2,0.8,0.2,100,x2=0.0,0.7,0.07096,0.78048
simpson-symprod,10,51,hybrid,HYBRID_ALPHA0.8_BETA0.2,0.8,0.2,100,x2=0.0,0.675,0.01647,0.57065
simpson-symprod,1,42,hybrid,HYBRID_ALPHA0.7_BETA0.3,0.7,0.3,100,x2=0.0,0.725,0.02456,0.72947
simpson-symprod,2,43,hybrid,HYBRID_ALPHA0.7_BETA0.3,0.7,0.3,100,x2=0.0,0.725,0.07241,0.7777
simpson-symprod,3,44,hybrid,HYBRID_ALPHA0.7_BETA0.3,0.7,0.3,100,x2=0.0,0.725,0.06124,0.75148
simpson-symprod,4,45,hybrid,HYBRID_ALPHA0.7_BETA0.3,0.7,0.3,100,x2=0.0,0.625,0.02921,0.64324
simpson-symprod,5,46,hybrid,HYBRID_ALPHA0.7_BETA0.3,0.7,0.3,100,x2=0.0,0.7,0.06308,0.75764
simpson-symprod,6,47,hybrid,HYBRID_ALPHA0.7_BETA0.3,0.7,0.3,100,x2=0.0,0.6,0.04204,0.6396
simpson-symprod,7,48,hybrid,HYBRID_ALPHA0.7_BETA0.3,0.7,0.3,100,x2=0.0,0.6,0.02422,0.61533
simpson-symprod,8,49,hybrid,HYBRID_ALPHA0.7_BETA0.3,0.7,0.3,100,x2=0.0,0.675,0.03175,0.63017
simpson-symprod,9,50,hybrid,HYBRID_ALPHA0.7_BETA0.3,0.7,0.3,100,x2=0.0,0.675,0.07115,0.77781
simpson-symprod,10,51,hybrid,HYBRID_ALPHA0.7_BETA0.3,0.7,0.3,100,x2=0.0,0.6,0.01579,0.56892
simpson-symprod,1,42,hybrid,HYBRID_ALPHA0.6_BETA0.4,0.6,0.4,100,x2=0.0,0.55,0.02464,0.611
simpson-symprod,2,43,hybrid,HYBRID_ALPHA0.6_BETA0.4,0.6,0.4,100,x2=0.0,0.675,0.07259,0.77769
simpson-symprod,3,44,hybrid,HYBRID_ALPHA0.6_BETA0.4,0.6,0.4,100,x2=0.0,0.725,0.0649,0.76251
simpson-symprod,4,45,hybrid,HYBRID_ALPHA0.6_BETA0.4,0.6,0.4,100,x2=0.0,0.65,0.03497,0.66377
simpson-symprod,5,46,hybrid,HYBRID_ALPHA0.6_BETA0.4,0.6,0.4,100,x2=0.0,0.725,0.04877,0.83832
simpson-symprod,6,47,hybrid,HYBRID_ALPHA0.6_BETA0.4,0.6,0.4,100,x2=0.0,0.6,0.0334,0.60564
simpson-symprod,7,48,hybrid,HYBRID_ALPHA0.6_BETA0.4,0.6,0.4,100,x2=0.0,0.575,0.026,0.6244
simpson-symprod,8,49,hybrid,HYBRID_ALPHA0.6_BETA0.4,0.6,0.4,100,x2=0.0,0.6,0.03171,0.6299
simpson-symprod,9,50,hybrid,HYBRID_ALPHA0.6_BETA0.4,0.6,0.4,100,x2=0.0,0.575,0.07112,0.77467
simpson-symprod,10,51,hybrid,HYBRID_ALPHA0.6_BETA0.4,0.6,0.4,100,x2=0.0,0.625,0.01601,0.5738
simpson-symprod,1,42,hybrid,HYBRID_ALPHA0.5_BETA0.5,0.5,0.5,100,x2=0.0,0.7,0.02681,0.73689
simpson-symprod,2,43,hybrid,HYBRID_ALPHA0.5_BETA0.5,0.5,0.5,100,x2=0.0,0.675,0.07289,0.77758
simpson-symprod,3,44,hybrid,HYBRID_ALPHA0.5_BETA0.5,0.5,0.5,100,x2=0.0,0.7,0.06771,0.76569
simpson-symprod,4,45,hybrid,HYBRID_ALPHA0.5_BETA0.5,0.5,0.5,100,x2=0.0,0.6,0.03805,0.65323
simpson-symprod,5,46,hybrid,HYBRID_ALPHA0.5_BETA0.5,0.5,0.5,100,x2=0.0,0.675,0.05093,0.73536
simpson-symprod,6,47,hybrid,HYBRID_ALPHA0.5_BETA0.5,0.5,0.5,100,x2=0.0,0.625,0.04021,0.66369
simpson-symprod,7,48,hybrid,HYBRID_ALPHA0.5_BETA0.5,0.5,0.5,100,x2=0.0,0.6,0.04295,0.71314
simpson-symprod,8,49,hybrid,HYBRID_ALPHA0.5_BETA0.5,0.5,0.5,100,x2=0.0,0.625,0.03262,0.62537
simpson-symprod,9,50,hybrid,HYBRID_ALPHA0.5_BETA0.5,0.5,0.5,100,x2=0.0,0.6,0.07233,0.7815
simpson-symprod,10,51,hybrid,HYBRID_ALPHA0.5_BETA0.5,0.5,0.5,100,x2=0.0,0.625,0.01947,0.71602
simpson-symprod,1,42,hybrid,HYBRID_ALPHA0.4_BETA0.6,0.4,0.6,100,x2=0.0,0.675,0.04091,0.67953
simpson-symprod,2,43,hybrid,HYBRID_ALPHA0.4_BETA0.6,0.4,0.6,100,x2=0.0,0.625,0.07327,0.77777
simpson-symprod,3,44,hybrid,HYBRID_ALPHA0.4_BETA0.6,0.4,0.6,100,x2=0.0,0.7,0.0676,0.75872
simpson-symprod,4,45,hybrid,HYBRID_ALPHA0.4_BETA0.6,0.4,0.6,100,x2=0.0,0.65,0.03385,0.642
simpson-symprod,5,46,hybrid,HYBRID_ALPHA0.4_BETA0.6,0.4,0.6,100,x2=0.0,0.65,0.03232,0.59915
simpson-symprod,6,47,hybrid,HYBRID_ALPHA0.4_BETA0.6,0.4,0.6,100,x2=0.0,0.625,0.04293,0.67895
simpson-symprod,7,48,hybrid,HYBRID_ALPHA0.4_BETA0.6,0.4,0.6,100,x2=0.0,0.575,0.04571,0.71943
simpson-symprod,8,49,hybrid,HYBRID_ALPHA0.4_BETA0.6,0.4,0.6,100,x2=0.0,0.65,0.033,0.62965
simpson-symprod,9,50,hybrid,HYBRID_ALPHA0.4_BETA0.6,0.4,0.6,100,x2=0.0,0.6,0.07243,0.78148
simpson-symprod,10,51,hybrid,HYBRID_ALPHA0.4_BETA0.6,0.4,0.6,100,x2=0.0,0.675,0.02522,0.67388
simpson-symprod,1,42,hybrid,HYBRID_ALPHA0.3_BETA0.7,0.3,0.7,100,x2=0.0,0.65,0.04672,0.74955
simpson-symprod,2,43,hybrid,HYBRID_ALPHA0.3_BETA0.7,0.3,0.7,100,x2=0.0,0.725,0.07427,0.77777
simpson-symprod,3,44,hybrid,HYBRID_ALPHA0.3_BETA0.7,0.3,0.7,100,x2=0.0,0.7,0.06932,0.7575
simpson-symprod,4,45,hybrid,HYBRID_ALPHA0.3_BETA0.7,0.3,0.7,100,x2=0.0,0.575,0.02132,0.60125
simpson-symprod,5,46,hybrid,HYBRID_ALPHA0.3_BETA0.7,0.3,0.7,100,x2=0.0,0.6,0.03694,0.60816
simpson-symprod,6,47,hybrid,HYBRID_ALPHA0.3_BETA0.7,0.3,0.7,100,x2=0.0,0.7,0.04815,0.69664
simpson-symprod,7,48,hybrid,HYBRID_ALPHA0.3_BETA0.7,0.3,0.7,100,x2=0.0,0.575,0.04858,0.67646
simpson-symprod,8,49,hybrid,HYBRID_ALPHA0.3_BETA0.7,0.3,0.7,100,x2=0.0,0.7,0.03834,0.74547
simpson-symprod,9,50,hybrid,HYBRID_ALPHA0.3_BETA0.7,0.3,0.7,100,x2=0.0,0.625,0.07349,0.78455
simpson-symprod,10,51,hybrid,HYBRID_ALPHA0.3_BETA0.7,0.3,0.7,100,x2=0.0,0.775,0.04273,0.89609
simpson-symprod,1,42,hybrid,HYBRID_ALPHA0.2_BETA0.8,0.2,0.8,100,x2=0.0,0.725,0.06606,0.86285
simpson-symprod,2,43,hybrid,HYBRID_ALPHA0.2_BETA0.8,0.2,0.8,100,x2=0.0,0.7,0.07574,0.77783
simpson-symprod,3,44,hybrid,HYBRID_ALPHA0.2_BETA0.8,0.2,0.8,100,x2=0.0,0.7,0.06964,0.75951
simpson-symprod,4,45,hybrid,HYBRID_ALPHA0.2_BETA0.8,0.2,0.8,100,x2=0.0,0.575,0.06337,0.74513
simpson-symprod,5,46,hybrid,HYBRID_ALPHA0.2_BETA0.8,0.2,0.8,100,x2=0.0,0.675,0.03959,0.63852
simpson-symprod,6,47,hybrid,HYBRID_ALPHA0.2_BETA0.8,0.2,0.8,100,x2=0.0,0.65,0.0684,0.75741
simpson-symprod,7,48,hybrid,HYBRID_ALPHA0.2_BETA0.8,0.2,0.8,100,x2=0.0,0.65,0.05079,0.69681
simpson-symprod,8,49,hybrid,HYBRID_ALPHA0.2_BETA0.8,0.2,0.8,100,x2=0.0,0.7,0.06786,0.71117
simpson-symprod,9,50,hybrid,HYBRID_ALPHA0.2_BETA0.8,0.2,0.8,100,x2=0.0,0.6,0.07293,0.78572
simpson-symprod,10,51,hybrid,HYBRID_ALPHA0.2_BETA0.8,0.2,0.8,100,x2=0.0,0.55,0.03064,0.60016
triangle-linear,1,42,mse,MSE,1.0,0.0,50,x2=0.0,0.575,0.04669,0.88194
triangle-linear,2,43,mse,MSE,1.0,0.0,50,x2=0.0,0.525,0.0418,0.70918
triangle-linear,3,44,mse,MSE,1.0,0.0,50,x2=0.0,0.5,0.0301,1.00705
triangle-linear,4,45,mse,MSE,1.0,0.0,50,x2=0.0,0.675,0.04232,4.24726
triangle-linear,5,46,mse,MSE,1.0,0.0,50,x2=0.0,0.575,0.04851,2.0561
triangle-linear,6,47,mse,MSE,1.0,0.0,50,x2=0.0,0.8,0.10661,1.47971
triangle-linear,7,48,mse,MSE,1.0,0.0,50,x2=0.0,0.575,0.04621,2.56111
triangle-linear,8,49,mse,MSE,1.0,0.0,50,x2=0.0,0.65,0.02737,1.58893
triangle-linear,9,50,mse,MSE,1.0,0.0,50,x2=0.0,0.725,0.03853,3.46832
triangle-linear,10,51,mse,MSE,1.0,0.0,50,x2=0.0,0.65,0.03955,0.91548
triangle-linear,1,42,hybrid,HYBRID_ALPHA0.9_BETA0.1,0.9,0.1,50,x2=0.0,0.55,0.04555,0.81848
triangle-linear,2,43,hybrid,HYBRID_ALPHA0.9_BETA0.1,0.9,0.1,50,x2=0.0,0.5,0.04172,0.7089
triangle-linear,3,44,hybrid,HYBRID_ALPHA0.9_BETA0.1,0.9,0.1,50,x2=0.0,0.575,0.03042,1.21021
triangle-linear,4,45,hybrid,HYBRID_ALPHA0.9_BETA0.1,0.9,0.1,50,x2=0.0,0.575,0.02499,16.14275
triangle-linear,5,46,hybrid,HYBRID_ALPHA0.9_BETA0.1,0.9,0.1,50,x2=0.0,0.6,0.0482,2.15245
triangle-linear,6,47,hybrid,HYBRID_ALPHA0.9_BETA0.1,0.9,0.1,50,x2=0.0,0.625,0.03986,1.16455
triangle-linear,7,48,hybrid,HYBRID_ALPHA0.9_BETA0.1,0.9,0.1,50,x2=0.0,0.55,0.04554,3.16249
triangle-linear,8,49,hybrid,HYBRID_ALPHA0.9_BETA0.1,0.9,0.1,50,x2=0.0,0.65,0.03439,1.03945
triangle-linear,9,50,hybrid,HYBRID_ALPHA0.9_BETA0.1,0.9,0.1,50,x2=0.0,0.65,0.03825,1.255
triangle-linear,10,51,hybrid,HYBRID_ALPHA0.9_BETA0.1,0.9,0.1,50,x2=0.0,0.525,0.03664,2.00135
triangle-linear,1,42,hybrid,HYBRID_ALPHA0.8_BETA0.2,0.8,0.2,50,x2=0.0,0.575,0.04255,0.72946
triangle-linear,2,43,hybrid,HYBRID_ALPHA0.8_BETA0.2,0.8,0.2,50,x2=0.0,0.5,0.04129,0.70812
triangle-linear,3,44,hybrid,HYBRID_ALPHA0.8_BETA0.2,0.8,0.2,50,x2=0.0,0.5,0.02376,0.65127
triangle-linear,4,45,hybrid,HYBRID_ALPHA0.8_BETA0.2,0.8,0.2,50,x2=0.0,0.525,0.0279,17.04195
triangle-linear,5,46,hybrid,HYBRID_ALPHA0.8_BETA0.2,0.8,0.2,50,x2=0.0,0.575,0.04751,2.19872
triangle-linear,6,47,hybrid,HYBRID_ALPHA0.8_BETA0.2,0.8,0.2,50,x2=0.0,0.625,0.03933,1.16224
triangle-linear,7,48,hybrid,HYBRID_ALPHA0.8_BETA0.2,0.8,0.2,50,x2=0.0,0.575,0.04598,3.63852
triangle-linear,8,49,hybrid,HYBRID_ALPHA0.8_BETA0.2,0.8,0.2,50,x2=0.0,0.675,0.02862,1.22252
triangle-linear,9,50,hybrid,HYBRID_ALPHA0.8_BETA0.2,0.8,0.2,50,x2=0.0,0.7,0.03903,3.15785
triangle-linear,10,51,hybrid,HYBRID_ALPHA0.8_BETA0.2,0.8,0.2,50,x2=0.0,0.525,0.03672,1.9255
triangle-linear,1,42,hybrid,HYBRID_ALPHA0.7_BETA0.3,0.7,0.3,50,x2=0.0,0.575,0.04177,0.72028
triangle-linear,2,43,hybrid,HYBRID_ALPHA0.7_BETA0.3,0.7,0.3,50,x2=0.0,0.525,0.04115,0.71901
triangle-linear,3,44,hybrid,HYBRID_ALPHA0.7_BETA0.3,0.7,0.3,50,x2=0.0,0.5,0.02697,0.85604
triangle-linear,4,45,hybrid,HYBRID_ALPHA0.7_BETA0.3,0.7,0.3,50,x2=0.0,0.575,0.02772,11.68417
triangle-linear,5,46,hybrid,HYBRID_ALPHA0.7_BETA0.3,0.7,0.3,50,x2=0.0,0.55,0.04715,2.0165
triangle-linear,6,47,hybrid,HYBRID_ALPHA0.7_BETA0.3,0.7,0.3,50,x2=0.0,0.6,0.03886,1.15074
triangle-linear,7,48,hybrid,HYBRID_ALPHA0.7_BETA0.3,0.7,0.3,50,x2=0.0,0.6,0.04415,4.70339
triangle-linear,8,49,hybrid,HYBRID_ALPHA0.7_BETA0.3,0.7,0.3,50,x2=0.0,0.6,0.02537,1.37548
triangle-linear,9,50,hybrid,HYBRID_ALPHA0.7_BETA0.3,0.7,0.3,50,x2=0.0,0.7,0.0364,3.15612
triangle-linear,10,51,hybrid,HYBRID_ALPHA0.7_BETA0.3,0.7,0.3,50,x2=0.0,0.525,0.0374,1.86224
triangle-linear,1,42,hybrid,HYBRID_ALPHA0.6_BETA0.4,0.6,0.4,50,x2=0.0,0.6,0.04247,0.78581
triangle-linear,2,43,hybrid,HYBRID_ALPHA0.6_BETA0.4,0.6,0.4,50,x2=0.0,0.525,0.04016,0.71761
triangle-linear,3,44,hybrid,HYBRID_ALPHA0.6_BETA0.4,0.6,0.4,50,x2=0.0,0.525,0.02591,0.74672
triangle-linear,4,45,hybrid,HYBRID_ALPHA0.6_BETA0.4,0.6,0.4,50,x2=0.0,0.575,0.02991,6.48427
triangle-linear,5,46,hybrid,HYBRID_ALPHA0.6_BETA0.4,0.6,0.4,50,x2=0.0,0.65,0.04733,0.96031
triangle-linear,6,47,hybrid,HYBRID_ALPHA0.6_BETA0.4,0.6,0.4,50,x2=0.0,0.65,0.03908,0.90722
triangle-linear,7,48,hybrid,HYBRID_ALPHA0.6_BETA0.4,0.6,0.4,50,x2=0.0,0.6,0.03051,7.68041
triangle-linear,8,49,hybrid,HYBRID_ALPHA0.6_BETA0.4,0.6,0.4,50,x2=0.0,0.65,0.02699,1.23163
triangle-linear,9,50,hybrid,HYBRID_ALPHA0.6_BETA0.4,0.6,0.4,50,x2=0.0,0.7,0.03672,2.4184
triangle-linear,10,51,hybrid,HYBRID_ALPHA0.6_BETA0.4,0.6,0.4,50,x2=0.0,0.55,0.03778,0.55513
triangle-linear,1,42,hybrid,HYBRID_ALPHA0.5_BETA0.5,0.5,0.5,50,x2=0.0,0.525,0.03444,1.26545
triangle-linear,2,43,hybrid,HYBRID_ALPHA0.5_BETA0.5,0.5,0.5,50,x2=0.0,0.525,0.04035,0.70517
triangle-linear,3,44,hybrid,HYBRID_ALPHA0.5_BETA0.5,0.5,0.5,50,x2=0.0,0.55,0.01655,0.62341
triangle-linear,4,45,hybrid,HYBRID_ALPHA0.5_BETA0.5,0.5,0.5,50,x2=0.0,0.5,0.03053,2.54646
triangle-linear,5,46,hybrid,HYBRID_ALPHA0.5_BETA0.5,0.5,0.5,50,x2=0.0,0.625,0.04648,0.61989
triangle-linear,6,47,hybrid,HYBRID_ALPHA0.5_BETA0.5,0.5,0.5,50,x2=0.0,0.6,0.03287,0.66566
triangle-linear,7,48,hybrid,HYBRID_ALPHA0.5_BETA0.5,0.5,0.5,50,x2=0.0,0.6,0.03032,5.58816
triangle-linear,8,49,hybrid,HYBRID_ALPHA0.5_BETA0.5,0.5,0.5,50,x2=0.0,0.575,0.02741,1.31204
triangle-linear,9,50,hybrid,HYBRID_ALPHA0.5_BETA0.5,0.5,0.5,50,x2=0.0,0.675,0.0435,2.21119
triangle-linear,10,51,hybrid,HYBRID_ALPHA0.5_BETA0.5,0.5,0.5,50,x2=0.0,0.6,0.03789,0.54902
triangle-linear,1,42,hybrid,HYBRID_ALPHA0.4_BETA0.6,0.4,0.6,50,x2=0.0,0.525,0.03406,1.18153
triangle-linear,2,43,hybrid,HYBRID_ALPHA0.4_BETA0.6,0.4,0.6,50,x2=0.0,0.525,0.03916,0.71132
triangle-linear,3,44,hybrid,HYBRID_ALPHA0.4_BETA0.6,0.4,0.6,50,x2=0.0,0.5,0.01653,0.63637
triangle-linear,4,45,hybrid,HYBRID_ALPHA0.4_BETA0.6,0.4,0.6,50,x2=0.0,0.55,0.03148,6.08355
triangle-linear,5,46,hybrid,HYBRID_ALPHA0.4_BETA0.6,0.4,0.6,50,x2=0.0,0.65,0.04446,0.63889
triangle-linear,6,47,hybrid,HYBRID_ALPHA0.4_BETA0.6,0.4,0.6,50,x2=0.0,0.6,0.03288,0.66564
triangle-linear,7,48,hybrid,HYBRID_ALPHA0.4_BETA0.6,0.4,0.6,50,x2=0.0,0.625,0.031,6.50184
triangle-linear,8,49,hybrid,HYBRID_ALPHA0.4_BETA0.6,0.4,0.6,50,x2=0.0,0.725,0.03847,1.44739
triangle-linear,9,50,hybrid,HYBRID_ALPHA0.4_BETA0.6,0.4,0.6,50,x2=0.0,0.65,0.0503,1.04607
triangle-linear,10,51,hybrid,HYBRID_ALPHA0.4_BETA0.6,0.4,0.6,50,x2=0.0,0.55,0.03377,0.81556
triangle-linear,1,42,hybrid,HYBRID_ALPHA0.3_BETA0.7,0.3,0.7,50,x2=0.0,0.625,0.03194,0.94661
triangle-linear,2,43,hybrid,HYBRID_ALPHA0.3_BETA0.7,0.3,0.7,50,x2=0.0,0.525,0.04009,0.92134
triangle-linear,3,44,hybrid,HYBRID_ALPHA0.3_BETA0.7,0.3,0.7,50,x2=0.0,0.6,0.01754,0.58797
triangle-linear,4,45,hybrid,HYBRID_ALPHA0.3_BETA0.7,0.3,0.7,50,x2=0.0,0.55,0.03816,2.56765
triangle-linear,5,46,hybrid,HYBRID_ALPHA0.3_BETA0.7,0.3,0.7,50,x2=0.0,0.6,0.04421,0.65132
triangle-linear,6,47,hybrid,HYBRID_ALPHA0.3_BETA0.7,0.3,0.7,50,x2=0.0,0.575,0.03289,0.66562
triangle-linear,7,48,hybrid,HYBRID_ALPHA0.3_BETA0.7,0.3,0.7,50,x2=0.0,0.5,0.03034,4.80903
triangle-linear,8,49,hybrid,HYBRID_ALPHA0.3_BETA0.7,0.3,0.7,50,x2=0.0,0.625,0.03613,0.62165
triangle-linear,9,50,hybrid,HYBRID_ALPHA0.3_BETA0.7,0.3,0.7,50,x2=0.0,0.65,0.04644,1.16052
triangle-linear,10,51,hybrid,HYBRID_ALPHA0.3_BETA0.7,0.3,0.7,50,x2=0.0,0.7,0.0367,0.57418
triangle-linear,1,42,hybrid,HYBRID_ALPHA0.2_BETA0.8,0.2,0.8,50,x2=0.0,0.575,0.03713,0.73774
triangle-linear,2,43,hybrid,HYBRID_ALPHA0.2_BETA0.8,0.2,0.8,50,x2=0.0,0.525,0.03917,0.70801
triangle-linear,3,44,hybrid,HYBRID_ALPHA0.2_BETA0.8,0.2,0.8,50,x2=0.0,0.575,0.01823,1.95427
triangle-linear,4,45,hybrid,HYBRID_ALPHA0.2_BETA0.8,0.2,0.8,50,x2=0.0,0.65,0.04132,3.3579
triangle-linear,5,46,hybrid,HYBRID_ALPHA0.2_BETA0.8,0.2,0.8,50,x2=0.0,0.55,0.0431,0.71505
triangle-linear,6,47,hybrid,HYBRID_ALPHA0.2_BETA0.8,0.2,0.8,50,x2=0.0,0.6,0.03292,0.66444
triangle-linear,7,48,hybrid,HYBRID_ALPHA0.2_BETA0.8,0.2,0.8,50,x2=0.0,0.55,0.03472,1.05798
triangle-linear,8,49,hybrid,HYBRID_ALPHA0.2_BETA0.8,0.2,0.8,50,x2=0.0,0.625,0.03323,0.59252
triangle-linear,9,50,hybrid,HYBRID_ALPHA0.2_BETA0.8,0.2,0.8,50,x2=0.0,0.6,0.04876,1.20768
triangle-linear,10,51,hybrid,HYBRID_ALPHA0.2_BETA0.8,0.2,0.8,50,x2=0.0,0.6,0.04018,0.60569
triangle-linear,1,42,mse,MSE,1.0,0.0,100,x2=0.0,0.6,0.03544,2.83754
triangle-linear,2,43,mse,MSE,1.0,0.0,100,x2=0.0,0.6,0.04897,0.78487
triangle-linear,3,44,mse,MSE,1.0,0.0,100,x2=0.0,0.65,0.03433,6.48803
triangle-linear,4,45,mse,MSE,1.0,0.0,100,x2=0.0,0.625,0.02887,0.68009
triangle-linear,5,46,mse,MSE,1.0,0.0,100,x2=0.0,0.5,0.03533,4.06227
triangle-linear,6,47,mse,MSE,1.0,0.0,100,x2=0.0,0.625,0.03449,1.64539
triangle-linear,7,48,mse,MSE,1.0,0.0,100,x2=0.0,0.6,0.02836,0.58035
triangle-linear,8,49,mse,MSE,1.0,0.0,100,x2=0.0,0.55,0.02316,0.61706
triangle-linear,9,50,mse,MSE,1.0,0.0,100,x2=0.0,0.625,0.04296,0.68616
triangle-linear,10,51,mse,MSE,1.0,0.0,100,x2=0.0,0.575,0.03543,2.39943
triangle-linear,1,42,hybrid,HYBRID_ALPHA0.9_BETA0.1,0.9,0.1,100,x2=0.0,0.575,0.03619,2.61234
triangle-linear,2,43,hybrid,HYBRID_ALPHA0.9_BETA0.1,0.9,0.1,100,x2=0.0,0.6,0.04888,0.79672
triangle-linear,3,44,hybrid,HYBRID_ALPHA0.9_BETA0.1,0.9,0.1,100,x2=0.0,0.575,0.03424,5.77913
triangle-linear,4,45,hybrid,HYBRID_ALPHA0.9_BETA0.1,0.9,0.1,100,x2=0.0,0.675,0.02907,0.63818
triangle-linear,5,46,hybrid,HYBRID_ALPHA0.9_BETA0.1,0.9,0.1,100,x2=0.0,0.575,0.03351,4.02385
triangle-linear,6,47,hybrid,HYBRID_ALPHA0.9_BETA0.1,0.9,0.1,100,x2=0.0,0.575,0.02558,0.80901
triangle-linear,7,48,hybrid,HYBRID_ALPHA0.9_BETA0.1,0.9,0.1,100,x2=0.0,0.6,0.02675,0.57883
triangle-linear,8,49,hybrid,HYBRID_ALPHA0.9_BETA0.1,0.9,0.1,100,x2=0.0,0.575,0.02586,0.60233
triangle-linear,9,50,hybrid,HYBRID_ALPHA0.9_BETA0.1,0.9,0.1,100,x2=0.0,0.55,0.037,0.64956
triangle-linear,10,51,hybrid,HYBRID_ALPHA0.9_BETA0.1,0.9,0.1,100,x2=0.0,0.6,0.03316,0.5118
triangle-linear,1,42,hybrid,HYBRID_ALPHA0.8_BETA0.2,0.8,0.2,100,x2=0.0,0.65,0.02538,2.27139
triangle-linear,2,43,hybrid,HYBRID_ALPHA0.8_BETA0.2,0.8,0.2,100,x2=0.0,0.6,0.04875,0.81152
triangle-linear,3,44,hybrid,HYBRID_ALPHA0.8_BETA0.2,0.8,0.2,100,x2=0.0,0.55,0.02207,2.36791
triangle-linear,4,45,hybrid,HYBRID_ALPHA0.8_BETA0.2,0.8,0.2,100,x2=0.0,0.675,0.02795,0.56305
triangle-linear,5,46,hybrid,HYBRID_ALPHA0.8_BETA0.2,0.8,0.2,100,x2=0.0,0.525,0.03387,3.82953
triangle-linear,6,47,hybrid,HYBRID_ALPHA0.8_BETA0.2,0.8,0.2,100,x2=0.0,0.575,0.02516,0.59219
triangle-linear,7,48,hybrid,HYBRID_ALPHA0.8_BETA0.2,0.8,0.2,100,x2=0.0,0.55,0.02243,0.45339
triangle-linear,8,49,hybrid,HYBRID_ALPHA0.8_BETA0.2,0.8,0.2,100,x2=0.0,0.55,0.02524,0.6381
triangle-linear,9,50,hybrid,HYBRID_ALPHA0.8_BETA0.2,0.8,0.2,100,x2=0.0,0.6,0.04148,0.63842
triangle-linear,10,51,hybrid,HYBRID_ALPHA0.8_BETA0.2,0.8,0.2,100,x2=0.0,0.575,0.03281,0.53031
triangle-linear,1,42,hybrid,HYBRID_ALPHA0.7_BETA0.3,0.7,0.3,100,x2=0.0,0.625,0.02823,0.72727
triangle-linear,2,43,hybrid,HYBRID_ALPHA0.7_BETA0.3,0.7,0.3,100,x2=0.0,0.625,0.04729,0.76376
triangle-linear,3,44,hybrid,HYBRID_ALPHA0.7_BETA0.3,0.7,0.3,100,x2=0.0,0.6,0.02121,2.68974
triangle-linear,4,45,hybrid,HYBRID_ALPHA0.7_BETA0.3,0.7,0.3,100,x2=0.0,0.65,0.02759,0.52212
triangle-linear,5,46,hybrid,HYBRID_ALPHA0.7_BETA0.3,0.7,0.3,100,x2=0.0,0.525,0.0314,3.62081
triangle-linear,6,47,hybrid,HYBRID_ALPHA0.7_BETA0.3,0.7,0.3,100,x2=0.0,0.525,0.02187,0.78754
triangle-linear,7,48,hybrid,HYBRID_ALPHA0.7_BETA0.3,0.7,0.3,100,x2=0.0,0.55,0.02516,0.47739
triangle-linear,8,49,hybrid,HYBRID_ALPHA0.7_BETA0.3,0.7,0.3,100,x2=0.0,0.575,0.02561,0.62875
triangle-linear,9,50,hybrid,HYBRID_ALPHA0.7_BETA0.3,0.7,0.3,100,x2=0.0,0.575,0.02105,0.51363
triangle-linear,10,51,hybrid,HYBRID_ALPHA0.7_BETA0.3,0.7,0.3,100,x2=0.0,0.575,0.03284,0.58486
triangle-linear,1,42,hybrid,HYBRID_ALPHA0.6_BETA0.4,0.6,0.4,100,x2=0.0,0.575,0.02242,0.56753
triangle-linear,2,43,hybrid,HYBRID_ALPHA0.6_BETA0.4,0.6,0.4,100,x2=0.0,0.625,0.04954,0.84208
triangle-linear,3,44,hybrid,HYBRID_ALPHA0.6_BETA0.4,0.6,0.4,100,x2=0.0,0.525,0.02907,8.89532
triangle-linear,4,45,hybrid,HYBRID_ALPHA0.6_BETA0.4,0.6,0.4,100,x2=0.0,0.675,0.02681,0.52833
triangle-linear,5,46,hybrid,HYBRID_ALPHA0.6_BETA0.4,0.6,0.4,100,x2=0.0,0.575,0.03416,2.69581
triangle-linear,6,47,hybrid,HYBRID_ALPHA0.6_BETA0.4,0.6,0.4,100,x2=0.0,0.5,0.02172,0.70908
triangle-linear,7,48,hybrid,HYBRID_ALPHA0.6_BETA0.4,0.6,0.4,100,x2=0.0,0.575,0.02524,0.48758
triangle-linear,8,49,hybrid,HYBRID_ALPHA0.6_BETA0.4,0.6,0.4,100,x2=0.0,0.6,0.02239,0.55298
triangle-linear,9,50,hybrid,HYBRID_ALPHA0.6_BETA0.4,0.6,0.4,100,x2=0.0,0.525,0.03971,0.59722
triangle-linear,10,51,hybrid,HYBRID_ALPHA0.6_BETA0.4,0.6,0.4,100,x2=0.0,0.625,0.03208,0.60035
triangle-linear,1,42,hybrid,HYBRID_ALPHA0.5_BETA0.5,0.5,0.5,100,x2=0.0,0.575,0.03685,0.84949
triangle-linear,2,43,hybrid,HYBRID_ALPHA0.5_BETA0.5,0.5,0.5,100,x2=0.0,0.625,0.05024,0.833
triangle-linear,3,44,hybrid,HYBRID_ALPHA0.5_BETA0.5,0.5,0.5,100,x2=0.0,0.625,0.02814,0.71954
triangle-linear,4,45,hybrid,HYBRID_ALPHA0.5_BETA0.5,0.5,0.5,100,x2=0.0,0.7,0.02627,0.53188
triangle-linear,5,46,hybrid,HYBRID_ALPHA0.5_BETA0.5,0.5,0.5,100,x2=0.0,0.575,0.04171,1.77296
triangle-linear,6,47,hybrid,HYBRID_ALPHA0.5_BETA0.5,0.5,0.5,100,x2=0.0,0.5,0.02971,0.55421
triangle-linear,7,48,hybrid,HYBRID_ALPHA0.5_BETA0.5,0.5,0.5,100,x2=0.0,0.675,0.02564,0.51017
triangle-linear,8,49,hybrid,HYBRID_ALPHA0.5_BETA0.5,0.5,0.5,100,x2=0.0,0.575,0.02495,0.53209
triangle-linear,9,50,hybrid,HYBRID_ALPHA0.5_BETA0.5,0.5,0.5,100,x2=0.0,0.575,0.03197,0.62507
triangle-linear,10,51,hybrid,HYBRID_ALPHA0.5_BETA0.5,0.5,0.5,100,x2=0.0,0.55,0.03232,0.80618
triangle-linear,1,42,hybrid,HYBRID_ALPHA0.4_BETA0.6,0.4,0.6,100,x2=0.0,0.575,0.03229,0.68255
triangle-linear,2,43,hybrid,HYBRID_ALPHA0.4_BETA0.6,0.4,0.6,100,x2=0.0,0.575,0.05113,0.75801
triangle-linear,3,44,hybrid,HYBRID_ALPHA0.4_BETA0.6,0.4,0.6,100,x2=0.0,0.525,0.02817,1.149
triangle-linear,4,45,hybrid,HYBRID_ALPHA0.4_BETA0.6,0.4,0.6,100,x2=0.0,0.75,0.02588,0.53733
triangle-linear,5,46,hybrid,HYBRID_ALPHA0.4_BETA0.6,0.4,0.6,100,x2=0.0,0.55,0.0353,0.65266
triangle-linear,6,47,hybrid,HYBRID_ALPHA0.4_BETA0.6,0.4,0.6,100,x2=0.0,0.525,0.02383,0.52979
triangle-linear,7,48,hybrid,HYBRID_ALPHA0.4_BETA0.6,0.4,0.6,100,x2=0.0,0.65,0.02708,0.54434
triangle-linear,8,49,hybrid,HYBRID_ALPHA0.4_BETA0.6,0.4,0.6,100,x2=0.0,0.525,0.02768,0.49599
triangle-linear,9,50,hybrid,HYBRID_ALPHA0.4_BETA0.6,0.4,0.6,100,x2=0.0,0.625,0.0315,0.61354
triangle-linear,10,51,hybrid,HYBRID_ALPHA0.4_BETA0.6,0.4,0.6,100,x2=0.0,0.625,0.03778,0.54434
triangle-linear,1,42,hybrid,HYBRID_ALPHA0.3_BETA0.7,0.3,0.7,100,x2=0.0,0.625,0.03364,0.55216
triangle-linear,2,43,hybrid,HYBRID_ALPHA0.3_BETA0.7,0.3,0.7,100,x2=0.0,0.6,0.05175,0.69281
triangle-linear,3,44,hybrid,HYBRID_ALPHA0.3_BETA0.7,0.3,0.7,100,x2=0.0,0.525,0.03209,2.18611
triangle-linear,4,45,hybrid,HYBRID_ALPHA0.3_BETA0.7,0.3,0.7,100,x2=0.0,0.7,0.02663,0.55673
triangle-linear,5,46,hybrid,HYBRID_ALPHA0.3_BETA0.7,0.3,0.7,100,x2=0.0,0.55,0.03511,0.64213
triangle-linear,6,47,hybrid,HYBRID_ALPHA0.3_BETA0.7,0.3,0.7,100,x2=0.0,0.525,0.02075,0.52707
triangle-linear,7,48,hybrid,HYBRID_ALPHA0.3_BETA0.7,0.3,0.7,100,x2=0.0,0.675,0.03169,0.76511
triangle-linear,8,49,hybrid,HYBRID_ALPHA0.3_BETA0.7,0.3,0.7,100,x2=0.0,0.6,0.02884,0.50701
triangle-linear,9,50,hybrid,HYBRID_ALPHA0.3_BETA0.7,0.3,0.7,100,x2=0.0,0.55,0.01945,0.47834
triangle-linear,10,51,hybrid,HYBRID_ALPHA0.3_BETA0.7,0.3,0.7,100,x2=0.0,0.6,0.03782,0.59705
triangle-linear,1,42,hybrid,HYBRID_ALPHA0.2_BETA0.8,0.2,0.8,100,x2=0.0,0.65,0.0343,0.55015
triangle-linear,2,43,hybrid,HYBRID_ALPHA0.2_BETA0.8,0.2,0.8,100,x2=0.0,0.575,0.04798,0.62791
triangle-linear,3,44,hybrid,HYBRID_ALPHA0.2_BETA0.8,0.2,0.8,100,x2=0.0,0.55,0.03358,4.42983
triangle-linear,4,45,hybrid,HYBRID_ALPHA0.2_BETA0.8,0.2,0.8,100,x2=0.0,0.65,0.02526,0.62609
triangle-linear,5,46,hybrid,HYBRID_ALPHA0.2_BETA0.8,0.2,0.8,100,x2=0.0,0.55,0.0349,0.64232
triangle-linear,6,47,hybrid,HYBRID_ALPHA0.2_BETA0.8,0.2,0.8,100,x2=0.0,0.55,0.02289,0.5344
triangle-linear,7,48,hybrid,HYBRID_ALPHA0.2_BETA0.8,0.2,0.8,100,x2=0.0,0.675,0.03158,0.7191
triangle-linear,8,49,hybrid,HYBRID_ALPHA0.2_BETA0.8,0.2,0.8,100,x2=0.0,0.575,0.02584,0.51515
triangle-linear,9,50,hybrid,HYBRID_ALPHA0.2_BETA0.8,0.2,0.8,100,x2=0.0,0.5,0.02218,0.49461
triangle-linear,10,51,hybrid,HYBRID_ALPHA0.2_BETA0.8,0.2,0.8,100,x2=0.0,0.575,0.03813,0.68792
triangle-non-linear,1,42,mse,MSE,1.0,0.0,50,x2=0.0,0.6,0.03619,2.52123
triangle-non-linear,2,43,mse,MSE,1.0,0.0,50,x2=0.0,0.725,0.07967,0.77725
triangle-non-linear,3,44,mse,MSE,1.0,0.0,50,x2=0.0,0.6,0.03538,0.46561
triangle-non-linear,4,45,mse,MSE,1.0,0.0,50,x2=0.0,0.75,0.06198,0.67813
triangle-non-linear,5,46,mse,MSE,1.0,0.0,50,x2=0.0,0.575,0.02257,0.32219
triangle-non-linear,6,47,mse,MSE,1.0,0.0,50,x2=0.0,0.775,0.04426,0.91827
triangle-non-linear,7,48,mse,MSE,1.0,0.0,50,x2=0.0,0.675,0.06841,0.82438
triangle-non-linear,8,49,mse,MSE,1.0,0.0,50,x2=0.0,0.8,0.02585,0.6268
triangle-non-linear,9,50,mse,MSE,1.0,0.0,50,x2=0.0,0.825,0.07145,1.23973
triangle-non-linear,10,51,mse,MSE,1.0,0.0,50,x2=0.0,0.65,0.02799,0.39169
triangle-non-linear,1,42,hybrid,HYBRID_ALPHA0.9_BETA0.1,0.9,0.1,50,x2=0.0,0.575,0.03066,0.98541
triangle-non-linear,2,43,hybrid,HYBRID_ALPHA0.9_BETA0.1,0.9,0.1,50,x2=0.0,0.725,0.06647,0.65071
triangle-non-linear,3,44,hybrid,HYBRID_ALPHA0.9_BETA0.1,0.9,0.1,50,x2=0.0,0.625,0.03076,0.44326
triangle-non-linear,4,45,hybrid,HYBRID_ALPHA0.9_BETA0.1,0.9,0.1,50,x2=0.0,0.7,0.06088,0.6114
triangle-non-linear,5,46,hybrid,HYBRID_ALPHA0.9_BETA0.1,0.9,0.1,50,x2=0.0,0.6,0.01925,0.272
triangle-non-linear,6,47,hybrid,HYBRID_ALPHA0.9_BETA0.1,0.9,0.1,50,x2=0.0,0.675,0.0309,0.81107
triangle-non-linear,7,48,hybrid,HYBRID_ALPHA0.9_BETA0.1,0.9,0.1,50,x2=0.0,0.7,0.06879,0.82144
triangle-non-linear,8,49,hybrid,HYBRID_ALPHA0.9_BETA0.1,0.9,0.1,50,x2=0.0,0.725,0.02432,0.46812
triangle-non-linear,9,50,hybrid,HYBRID_ALPHA0.9_BETA0.1,0.9,0.1,50,x2=0.0,0.875,0.07243,1.30689
triangle-non-linear,10,51,hybrid,HYBRID_ALPHA0.9_BETA0.1,0.9,0.1,50,x2=0.0,0.7,0.03092,0.46344
triangle-non-linear,1,42,hybrid,HYBRID_ALPHA0.8_BETA0.2,0.8,0.2,50,x2=0.0,0.65,0.03115,0.94175
triangle-non-linear,2,43,hybrid,HYBRID_ALPHA0.8_BETA0.2,0.8,0.2,50,x2=0.0,0.725,0.08501,0.85212
triangle-non-linear,3,44,hybrid,HYBRID_ALPHA0.8_BETA0.2,0.8,0.2,50,x2=0.0,0.575,0.02044,0.3897
triangle-non-linear,4,45,hybrid,HYBRID_ALPHA0.8_BETA0.2,0.8,0.2,50,x2=0.0,0.7,0.0623,0.6537
triangle-non-linear,5,46,hybrid,HYBRID_ALPHA0.8_BETA0.2,0.8,0.2,50,x2=0.0,0.525,0.01665,0.26657
triangle-non-linear,6,47,hybrid,HYBRID_ALPHA0.8_BETA0.2,0.8,0.2,50,x2=0.0,0.725,0.04113,0.63009
triangle-non-linear,7,48,hybrid,HYBRID_ALPHA0.8_BETA0.2,0.8,0.2,50,x2=0.0,0.7,0.06879,0.82252
triangle-non-linear,8,49,hybrid,HYBRID_ALPHA0.8_BETA0.2,0.8,0.2,50,x2=0.0,0.8,0.0205,0.59683
triangle-non-linear,9,50,hybrid,HYBRID_ALPHA0.8_BETA0.2,0.8,0.2,50,x2=0.0,0.9,0.07354,1.42486
triangle-non-linear,10,51,hybrid,HYBRID_ALPHA0.8_BETA0.2,0.8,0.2,50,x2=0.0,0.65,0.02557,0.43673
triangle-non-linear,1,42,hybrid,HYBRID_ALPHA0.7_BETA0.3,0.7,0.3,50,x2=0.0,0.575,0.03333,0.50197
triangle-non-linear,2,43,hybrid,HYBRID_ALPHA0.7_BETA0.3,0.7,0.3,50,x2=0.0,0.75,0.08718,0.91541
triangle-non-linear,3,44,hybrid,HYBRID_ALPHA0.7_BETA0.3,0.7,0.3,50,x2=0.0,0.65,0.01965,0.38936
triangle-non-linear,4,45,hybrid,HYBRID_ALPHA0.7_BETA0.3,0.7,0.3,50,x2=0.0,0.725,0.06046,0.72932
triangle-non-linear,5,46,hybrid,HYBRID_ALPHA0.7_BETA0.3,0.7,0.3,50,x2=0.0,0.65,0.02145,0.33751
triangle-non-linear,6,47,hybrid,HYBRID_ALPHA0.7_BETA0.3,0.7,0.3,50,x2=0.0,0.725,0.03997,0.63041
triangle-non-linear,7,48,hybrid,HYBRID_ALPHA0.7_BETA0.3,0.7,0.3,50,x2=0.0,0.675,0.07087,0.86003
triangle-non-linear,8,49,hybrid,HYBRID_ALPHA0.7_BETA0.3,0.7,0.3,50,x2=0.0,0.775,0.03053,0.90995
triangle-non-linear,9,50,hybrid,HYBRID_ALPHA0.7_BETA0.3,0.7,0.3,50,x2=0.0,0.9,0.07477,1.5106
triangle-non-linear,10,51,hybrid,HYBRID_ALPHA0.7_BETA0.3,0.7,0.3,50,x2=0.0,0.65,0.02497,0.45661
triangle-non-linear,1,42,hybrid,HYBRID_ALPHA0.6_BETA0.4,0.6,0.4,50,x2=0.0,0.625,0.03077,0.41446
triangle-non-linear,2,43,hybrid,HYBRID_ALPHA0.6_BETA0.4,0.6,0.4,50,x2=0.0,0.75,0.08427,0.81872
triangle-non-linear,3,44,hybrid,HYBRID_ALPHA0.6_BETA0.4,0.6,0.4,50,x2=0.0,0.6,0.0225,0.4489
triangle-non-linear,4,45,hybrid,HYBRID_ALPHA0.6_BETA0.4,0.6,0.4,50,x2=0.0,0.7,0.05197,1.00503
triangle-non-linear,5,46,hybrid,HYBRID_ALPHA0.6_BETA0.4,0.6,0.4,50,x2=0.0,0.55,0.01831,0.31713
triangle-non-linear,6,47,hybrid,HYBRID_ALPHA0.6_BETA0.4,0.6,0.4,50,x2=0.0,0.725,0.03857,0.69157
triangle-non-linear,7,48,hybrid,HYBRID_ALPHA0.6_BETA0.4,0.6,0.4,50,x2=0.0,0.7,0.07115,0.86537
triangle-non-linear,8,49,hybrid,HYBRID_ALPHA0.6_BETA0.4,0.6,0.4,50,x2=0.0,0.8,0.02872,0.71804
triangle-non-linear,9,50,hybrid,HYBRID_ALPHA0.6_BETA0.4,0.6,0.4,50,x2=0.0,0.9,0.07775,2.93672
triangle-non-linear,10,51,hybrid,HYBRID_ALPHA0.6_BETA0.4,0.6,0.4,50,x2=0.0,0.825,0.02109,0.4848
triangle-non-linear,1,42,hybrid,HYBRID_ALPHA0.5_BETA0.5,0.5,0.5,50,x2=0.0,0.6,0.03252,0.6989
triangle-non-linear,2,43,hybrid,HYBRID_ALPHA0.5_BETA0.5,0.5,0.5,50,x2=0.0,0.75,0.08404,0.81457
triangle-non-linear,3,44,hybrid,HYBRID_ALPHA0.5_BETA0.5,0.5,0.5,50,x2=0.0,0.65,0.03227,0.47081
triangle-non-linear,4,45,hybrid,HYBRID_ALPHA0.5_BETA0.5,0.5,0.5,50,x2=0.0,0.7,0.06132,0.87106
triangle-non-linear,5,46,hybrid,HYBRID_ALPHA0.5_BETA0.5,0.5,0.5,50,x2=0.0,0.575,0.02034,0.35611
triangle-non-linear,6,47,hybrid,HYBRID_ALPHA0.5_BETA0.5,0.5,0.5,50,x2=0.0,0.65,0.03966,0.90047
triangle-non-linear,7,48,hybrid,HYBRID_ALPHA0.5_BETA0.5,0.5,0.5,50,x2=0.0,0.675,0.07141,0.86974
triangle-non-linear,8,49,hybrid,HYBRID_ALPHA0.5_BETA0.5,0.5,0.5,50,x2=0.0,0.725,0.02957,1.17315
triangle-non-linear,9,50,hybrid,HYBRID_ALPHA0.5_BETA0.5,0.5,0.5,50,x2=0.0,0.825,0.0765,3.09543
triangle-non-linear,10,51,hybrid,HYBRID_ALPHA0.5_BETA0.5,0.5,0.5,50,x2=0.0,0.75,0.02584,1.15031
triangle-non-linear,1,42,hybrid,HYBRID_ALPHA0.4_BETA0.6,0.4,0.6,50,x2=0.0,0.675,0.02669,0.66264
triangle-non-linear,2,43,hybrid,HYBRID_ALPHA0.4_BETA0.6,0.4,0.6,50,x2=0.0,0.725,0.08306,0.81222
triangle-non-linear,3,44,hybrid,HYBRID_ALPHA0.4_BETA0.6,0.4,0.6,50,x2=0.0,0.7,0.04711,0.7331
triangle-non-linear,4,45,hybrid,HYBRID_ALPHA0.4_BETA0.6,0.4,0.6,50,x2=0.0,0.7,0.06245,0.84335
triangle-non-linear,5,46,hybrid,HYBRID_ALPHA0.4_BETA0.6,0.4,0.6,50,x2=0.0,0.675,0.02296,0.38805
triangle-non-linear,6,47,hybrid,HYBRID_ALPHA0.4_BETA0.6,0.4,0.6,50,x2=0.0,0.675,0.04871,1.22452
triangle-non-linear,7,48,hybrid,HYBRID_ALPHA0.4_BETA0.6,0.4,0.6,50,x2=0.0,0.625,0.07159,0.81462
triangle-non-linear,8,49,hybrid,HYBRID_ALPHA0.4_BETA0.6,0.4,0.6,50,x2=0.0,0.725,0.06561,1.21235
triangle-non-linear,9,50,hybrid,HYBRID_ALPHA0.4_BETA0.6,0.4,0.6,50,x2=0.0,0.85,0.07075,3.7147
triangle-non-linear,10,51,hybrid,HYBRID_ALPHA0.4_BETA0.6,0.4,0.6,50,x2=0.0,0.775,0.0815,0.91372
triangle-non-linear,1,42,hybrid,HYBRID_ALPHA0.3_BETA0.7,0.3,0.7,50,x2=0.0,0.7,0.02836,0.48147
triangle-non-linear,2,43,hybrid,HYBRID_ALPHA0.3_BETA0.7,0.3,0.7,50,x2=0.0,0.725,0.06143,0.98198
triangle-non-linear,3,44,hybrid,HYBRID_ALPHA0.3_BETA0.7,0.3,0.7,50,x2=0.0,0.6,0.02728,4.13319
triangle-non-linear,4,45,hybrid,HYBRID_ALPHA0.3_BETA0.7,0.3,0.7,50,x2=0.0,0.65,0.04967,0.75714
triangle-non-linear,5,46,hybrid,HYBRID_ALPHA0.3_BETA0.7,0.3,0.7,50,x2=0.0,0.625,0.02587,0.35868
triangle-non-linear,6,47,hybrid,HYBRID_ALPHA0.3_BETA0.7,0.3,0.7,50,x2=0.0,0.75,0.05179,1.74919
triangle-non-linear,7,48,hybrid,HYBRID_ALPHA0.3_BETA0.7,0.3,0.7,50,x2=0.0,0.675,0.07347,0.81217
triangle-non-linear,8,49,hybrid,HYBRID_ALPHA0.3_BETA0.7,0.3,0.7,50,x2=0.0,0.75,0.02944,1.03471
triangle-non-linear,9,50,hybrid,HYBRID_ALPHA0.3_BETA0.7,0.3,0.7,50,x2=0.0,0.8,0.0577,4.85841
triangle-non-linear,10,51,hybrid,HYBRID_ALPHA0.3_BETA0.7,0.3,0.7,50,x2=0.0,0.775,0.08153,0.9143
triangle-non-linear,1,42,hybrid,HYBRID_ALPHA0.2_BETA0.8,0.2,0.8,50,x2=0.0,0.7,0.03235,0.58463
triangle-non-linear,2,43,hybrid,HYBRID_ALPHA0.2_BETA0.8,0.2,0.8,50,x2=0.0,0.7,0.08247,1.23025
triangle-non-linear,3,44,hybrid,HYBRID_ALPHA0.2_BETA0.8,0.2,0.8,50,x2=0.0,0.7,0.04856,1.80445
triangle-non-linear,4,45,hybrid,HYBRID_ALPHA0.2_BETA0.8,0.2,0.8,50,x2=0.0,0.725,0.05965,1.01981
triangle-non-linear,5,46,hybrid,HYBRID_ALPHA0.2_BETA0.8,0.2,0.8,50,x2=0.0,0.55,0.02503,0.34291
triangle-non-linear,6,47,hybrid,HYBRID_ALPHA0.2_BETA0.8,0.2,0.8,50,x2=0.0,0.7,0.07301,1.90547
triangle-non-linear,7,48,hybrid,HYBRID_ALPHA0.2_BETA0.8,0.2,0.8,50,x2=0.0,0.75,0.08228,0.76423
triangle-non-linear,8,49,hybrid,HYBRID_ALPHA0.2_BETA0.8,0.2,0.8,50,x2=0.0,0.65,0.02866,1.01892
triangle-non-linear,9,50,hybrid,HYBRID_ALPHA0.2_BETA0.8,0.2,0.8,50,x2=0.0,0.8,0.08373,2.22049
triangle-non-linear,10,51,hybrid,HYBRID_ALPHA0.2_BETA0.8,0.2,0.8,50,x2=0.0,0.775,0.08156,0.91451
triangle-non-linear,1,42,mse,MSE,1.0,0.0,100,x2=0.0,0.625,0.01727,0.32328
triangle-non-linear,2,43,mse,MSE,1.0,0.0,100,x2=0.0,0.55,0.034,0.32472
triangle-non-linear,3,44,mse,MSE,1.0,0.0,100,x2=0.0,0.575,0.01643,0.29014
triangle-non-linear,4,45,mse,MSE,1.0,0.0,100,x2=0.0,0.625,0.01508,0.28746
triangle-non-linear,5,46,mse,MSE,1.0,0.0,100,x2=0.0,0.675,0.01943,0.30471
triangle-non-linear,6,47,mse,MSE,1.0,0.0,100,x2=0.0,0.775,0.02956,0.36087
triangle-non-linear,7,48,mse,MSE,1.0,0.0,100,x2=0.0,0.65,0.02745,0.9855
triangle-non-linear,8,49,mse,MSE,1.0,0.0,100,x2=0.0,0.65,0.0327,0.38446
triangle-non-linear,9,50,mse,MSE,1.0,0.0,100,x2=0.0,0.825,0.04456,0.48254
triangle-non-linear,10,51,mse,MSE,1.0,0.0,100,x2=0.0,0.725,0.02476,0.3729
triangle-non-linear,1,42,hybrid,HYBRID_ALPHA0.9_BETA0.1,0.9,0.1,100,x2=0.0,0.65,0.01675,0.31037
triangle-non-linear,2,43,hybrid,HYBRID_ALPHA0.9_BETA0.1,0.9,0.1,100,x2=0.0,0.675,0.03464,0.35386
triangle-non-linear,3,44,hybrid,HYBRID_ALPHA0.9_BETA0.1,0.9,0.1,100,x2=0.0,0.6,0.01419,0.27004
triangle-non-linear,4,45,hybrid,HYBRID_ALPHA0.9_BETA0.1,0.9,0.1,100,x2=0.0,0.625,0.01381,0.24522
triangle-non-linear,5,46,hybrid,HYBRID_ALPHA0.9_BETA0.1,0.9,0.1,100,x2=0.0,0.65,0.01771,0.29376
triangle-non-linear,6,47,hybrid,HYBRID_ALPHA0.9_BETA0.1,0.9,0.1,100,x2=0.0,0.775,0.02925,0.35332
triangle-non-linear,7,48,hybrid,HYBRID_ALPHA0.9_BETA0.1,0.9,0.1,100,x2=0.0,0.675,0.03354,2.24302
triangle-non-linear,8,49,hybrid,HYBRID_ALPHA0.9_BETA0.1,0.9,0.1,100,x2=0.0,0.75,0.04449,0.54302
triangle-non-linear,9,50,hybrid,HYBRID_ALPHA0.9_BETA0.1,0.9,0.1,100,x2=0.0,0.8,0.04402,0.48139
triangle-non-linear,10,51,hybrid,HYBRID_ALPHA0.9_BETA0.1,0.9,0.1,100,x2=0.0,0.65,0.0236,0.29837
triangle-non-linear,1,42,hybrid,HYBRID_ALPHA0.8_BETA0.2,0.8,0.2,100,x2=0.0,0.5,0.01549,0.3415
triangle-non-linear,2,43,hybrid,HYBRID_ALPHA0.8_BETA0.2,0.8,0.2,100,x2=0.0,0.7,0.03371,0.31906
triangle-non-linear,3,44,hybrid,HYBRID_ALPHA0.8_BETA0.2,0.8,0.2,100,x2=0.0,0.6,0.01204,0.26387
triangle-non-linear,4,45,hybrid,HYBRID_ALPHA0.8_BETA0.2,0.8,0.2,100,x2=0.0,0.625,0.01316,0.24872
triangle-non-linear,5,46,hybrid,HYBRID_ALPHA0.8_BETA0.2,0.8,0.2,100,x2=0.0,0.65,0.01719,0.29473
triangle-non-linear,6,47,hybrid,HYBRID_ALPHA0.8_BETA0.2,0.8,0.2,100,x2=0.0,0.675,0.02372,0.36372
triangle-non-linear,7,48,hybrid,HYBRID_ALPHA0.8_BETA0.2,0.8,0.2,100,x2=0.0,0.7,0.03272,2.20426
triangle-non-linear,8,49,hybrid,HYBRID_ALPHA0.8_BETA0.2,0.8,0.2,100,x2=0.0,0.725,0.04777,0.6461
triangle-non-linear,9,50,hybrid,HYBRID_ALPHA0.8_BETA0.2,0.8,0.2,100,x2=0.0,0.8,0.04521,0.50506
triangle-non-linear,10,51,hybrid,HYBRID_ALPHA0.8_BETA0.2,0.8,0.2,100,x2=0.0,0.625,0.0222,0.2785
triangle-non-linear,1,42,hybrid,HYBRID_ALPHA0.7_BETA0.3,0.7,0.3,100,x2=0.0,0.625,0.01619,0.28309
triangle-non-linear,2,43,hybrid,HYBRID_ALPHA0.7_BETA0.3,0.7,0.3,100,x2=0.0,0.675,0.0249,0.29125
triangle-non-linear,3,44,hybrid,HYBRID_ALPHA0.7_BETA0.3,0.7,0.3,100,x2=0.0,0.625,0.02139,0.37779
triangle-non-linear,4,45,hybrid,HYBRID_ALPHA0.7_BETA0.3,0.7,0.3,100,x2=0.0,0.625,0.01321,0.28967
triangle-non-linear,5,46,hybrid,HYBRID_ALPHA0.7_BETA0.3,0.7,0.3,100,x2=0.0,0.65,0.01662,0.27323
triangle-non-linear,6,47,hybrid,HYBRID_ALPHA0.7_BETA0.3,0.7,0.3,100,x2=0.0,0.7,0.01849,0.48237
triangle-non-linear,7,48,hybrid,HYBRID_ALPHA0.7_BETA0.3,0.7,0.3,100,x2=0.0,0.625,0.02944,2.19581
triangle-non-linear,8,49,hybrid,HYBRID_ALPHA0.7_BETA0.3,0.7,0.3,100,x2=0.0,0.675,0.02907,0.34506
triangle-non-linear,9,50,hybrid,HYBRID_ALPHA0.7_BETA0.3,0.7,0.3,100,x2=0.0,0.775,0.05236,0.52859
triangle-non-linear,10,51,hybrid,HYBRID_ALPHA0.7_BETA0.3,0.7,0.3,100,x2=0.0,0.725,0.02235,0.28101
triangle-non-linear,1,42,hybrid,HYBRID_ALPHA0.6_BETA0.4,0.6,0.4,100,x2=0.0,0.6,0.01495,0.27375
triangle-non-linear,2,43,hybrid,HYBRID_ALPHA0.6_BETA0.4,0.6,0.4,100,x2=0.0,0.65,0.0323,0.31155
triangle-non-linear,3,44,hybrid,HYBRID_ALPHA0.6_BETA0.4,0.6,0.4,100,x2=0.0,0.675,0.01539,0.24888
triangle-non-linear,4,45,hybrid,HYBRID_ALPHA0.6_BETA0.4,0.6,0.4,100,x2=0.0,0.6,0.01361,0.23085
triangle-non-linear,5,46,hybrid,HYBRID_ALPHA0.6_BETA0.4,0.6,0.4,100,x2=0.0,0.65,0.01597,0.26817
triangle-non-linear,6,47,hybrid,HYBRID_ALPHA0.6_BETA0.4,0.6,0.4,100,x2=0.0,0.7,0.05367,0.94704
triangle-non-linear,7,48,hybrid,HYBRID_ALPHA0.6_BETA0.4,0.6,0.4,100,x2=0.0,0.6,0.0325,1.6152
triangle-non-linear,8,49,hybrid,HYBRID_ALPHA0.6_BETA0.4,0.6,0.4,100,x2=0.0,0.75,0.03527,0.4526
triangle-non-linear,9,50,hybrid,HYBRID_ALPHA0.6_BETA0.4,0.6,0.4,100,x2=0.0,0.8,0.05963,0.60527
triangle-non-linear,10,51,hybrid,HYBRID_ALPHA0.6_BETA0.4,0.6,0.4,100,x2=0.0,0.7,0.02333,0.28531
triangle-non-linear,1,42,hybrid,HYBRID_ALPHA0.5_BETA0.5,0.5,0.5,100,x2=0.0,0.6,0.01805,0.29241
triangle-non-linear,2,43,hybrid,HYBRID_ALPHA0.5_BETA0.5,0.5,0.5,100,x2=0.0,0.75,0.02353,0.3265
triangle-non-linear,3,44,hybrid,HYBRID_ALPHA0.5_BETA0.5,0.5,0.5,100,x2=0.0,0.65,0.01309,0.36128
triangle-non-linear,4,45,hybrid,HYBRID_ALPHA0.5_BETA0.5,0.5,0.5,100,x2=0.0,0.625,0.01247,0.22974
triangle-non-linear,5,46,hybrid,HYBRID_ALPHA0.5_BETA0.5,0.5,0.5,100,x2=0.0,0.6,0.01235,0.2563
triangle-non-linear,6,47,hybrid,HYBRID_ALPHA0.5_BETA0.5,0.5,0.5,100,x2=0.0,0.75,0.02528,0.34141
triangle-non-linear,7,48,hybrid,HYBRID_ALPHA0.5_BETA0.5,0.5,0.5,100,x2=0.0,0.7,0.0228,1.42125
triangle-non-linear,8,49,hybrid,HYBRID_ALPHA0.5_BETA0.5,0.5,0.5,100,x2=0.0,0.8,0.03292,0.43092
triangle-non-linear,9,50,hybrid,HYBRID_ALPHA0.5_BETA0.5,0.5,0.5,100,x2=0.0,0.775,0.07686,0.57034
triangle-non-linear,10,51,hybrid,HYBRID_ALPHA0.5_BETA0.5,0.5,0.5,100,x2=0.0,0.65,0.01947,0.29353
triangle-non-linear,1,42,hybrid,HYBRID_ALPHA0.4_BETA0.6,0.4,0.6,100,x2=0.0,0.625,0.01825,0.30067
triangle-non-linear,2,43,hybrid,HYBRID_ALPHA0.4_BETA0.6,0.4,0.6,100,x2=0.0,0.75,0.03071,0.33779
triangle-non-linear,3,44,hybrid,HYBRID_ALPHA0.4_BETA0.6,0.4,0.6,100,x2=0.0,0.65,0.01411,0.30242
triangle-non-linear,4,45,hybrid,HYBRID_ALPHA0.4_BETA0.6,0.4,0.6,100,x2=0.0,0.625,0.01554,0.23444
triangle-non-linear,5,46,hybrid,HYBRID_ALPHA0.4_BETA0.6,0.4,0.6,100,x2=0.0,0.5,0.01128,0.23651
triangle-non-linear,6,47,hybrid,HYBRID_ALPHA0.4_BETA0.6,0.4,0.6,100,x2=0.0,0.725,0.04456,0.46495
triangle-non-linear,7,48,hybrid,HYBRID_ALPHA0.4_BETA0.6,0.4,0.6,100,x2=0.0,0.575,0.01185,0.23398
triangle-non-linear,8,49,hybrid,HYBRID_ALPHA0.4_BETA0.6,0.4,0.6,100,x2=0.0,0.725,0.0318,0.35492
triangle-non-linear,9,50,hybrid,HYBRID_ALPHA0.4_BETA0.6,0.4,0.6,100,x2=0.0,0.825,0.07968,0.47081
triangle-non-linear,10,51,hybrid,HYBRID_ALPHA0.4_BETA0.6,0.4,0.6,100,x2=0.0,0.675,0.01534,0.2997
triangle-non-linear,1,42,hybrid,HYBRID_ALPHA0.3_BETA0.7,0.3,0.7,100,x2=0.0,0.6,0.0184,0.30489
triangle-non-linear,2,43,hybrid,HYBRID_ALPHA0.3_BETA0.7,0.3,0.7,100,x2=0.0,0.7,0.06296,0.69936
triangle-non-linear,3,44,hybrid,HYBRID_ALPHA0.3_BETA0.7,0.3,0.7,100,x2=0.0,0.6,0.01559,0.39675
triangle-non-linear,4,45,hybrid,HYBRID_ALPHA0.3_BETA0.7,0.3,0.7,100,x2=0.0,0.575,0.01741,0.30607
triangle-non-linear,5,46,hybrid,HYBRID_ALPHA0.3_BETA0.7,0.3,0.7,100,x2=0.0,0.65,0.01199,0.2294
triangle-non-linear,6,47,hybrid,HYBRID_ALPHA0.3_BETA0.7,0.3,0.7,100,x2=0.0,0.7,0.04613,0.43706
triangle-non-linear,7,48,hybrid,HYBRID_ALPHA0.3_BETA0.7,0.3,0.7,100,x2=0.0,0.6,0.01239,0.22988
triangle-non-linear,8,49,hybrid,HYBRID_ALPHA0.3_BETA0.7,0.3,0.7,100,x2=0.0,0.775,0.03521,0.49326
triangle-non-linear,9,50,hybrid,HYBRID_ALPHA0.3_BETA0.7,0.3,0.7,100,x2=0.0,0.85,0.09391,0.49961
triangle-non-linear,10,51,hybrid,HYBRID_ALPHA0.3_BETA0.7,0.3,0.7,100,x2=0.0,0.625,0.0202,0.29912
triangle-non-linear,1,42,hybrid,HYBRID_ALPHA0.2_BETA0.8,0.2,0.8,100,x2=0.0,0.575,0.01601,0.2552
triangle-non-linear,2,43,hybrid,HYBRID_ALPHA0.2_BETA0.8,0.2,0.8,100,x2=0.0,0.65,0.01834,0.38741
triangle-non-linear,3,44,hybrid,HYBRID_ALPHA0.2_BETA0.8,0.2,0.8,100,x2=0.0,0.75,0.07396,0.82283
triangle-non-linear,4,45,hybrid,HYBRID_ALPHA0.2_BETA0.8,0.2,0.8,100,x2=0.0,0.625,0.01816,0.33273
triangle-non-linear,5,46,hybrid,HYBRID_ALPHA0.2_BETA0.8,0.2,0.8,100,x2=0.0,0.625,0.02337,0.42858
triangle-non-linear,6,47,hybrid,HYBRID_ALPHA0.2_BETA0.8,0.2,0.8,100,x2=0.0,0.6,0.06788,0.92858
triangle-non-linear,7,48,hybrid,HYBRID_ALPHA0.2_BETA0.8,0.2,0.8,100,x2=0.0,0.65,0.01469,0.2492
triangle-non-linear,8,49,hybrid,HYBRID_ALPHA0.2_BETA0.8,0.2,0.8,100,x2=0.0,0.65,0.03261,0.48186
triangle-non-linear,9,50,hybrid,HYBRID_ALPHA0.2_BETA0.8,0.2,0.8,100,x2=0.0,0.825,0.10516,0.53145
triangle-non-linear,10,51,hybrid,HYBRID_ALPHA0.2_BETA0.8,0.2,0.8,100,x2=0.0,0.675,0.04145,0.63044
