Dataset,Experiment,Seed,Loss,Conf,Alpha,Beta,N,Do,RF Acc,MMD,MAE x3
3-chain-linear,1,42,mse,MSE,1.0,0.0,50,x2=0.0,0.525,0.02827,0.77691
3-chain-linear,2,43,mse,MSE,1.0,0.0,50,x2=0.0,0.525,0.01592,0.769
3-chain-linear,3,44,mse,MSE,1.0,0.0,50,x2=0.0,0.575,0.02354,0.82186
3-chain-linear,4,45,mse,MSE,1.0,0.0,50,x2=0.0,0.525,0.0294,0.77179
3-chain-linear,5,46,mse,MSE,1.0,0.0,50,x2=0.0,0.55,0.01728,0.76746
3-chain-linear,6,47,mse,MSE,1.0,0.0,50,x2=0.0,0.625,0.02617,0.77172
3-chain-linear,7,48,mse,MSE,1.0,0.0,50,x2=0.0,0.5,0.02273,0.77175
3-chain-linear,8,49,mse,MSE,1.0,0.0,50,x2=0.0,0.575,0.026,0.77329
3-chain-linear,9,50,mse,MSE,1.0,0.0,50,x2=0.0,0.575,0.02242,0.7706
3-chain-linear,10,51,mse,MSE,1.0,0.0,50,x2=0.0,0.525,0.0158,0.77165
3-chain-linear,1,42,hybrid,HYBRID_ALPHA0.9_BETA0.1,0.9,0.1,50,x2=0.0,0.525,0.0283,0.7775
3-chain-linear,2,43,hybrid,HYBRID_ALPHA0.9_BETA0.1,0.9,0.1,50,x2=0.0,0.575,0.01597,0.76871
3-chain-linear,3,44,hybrid,HYBRID_ALPHA0.9_BETA0.1,0.9,0.1,50,x2=0.0,0.575,0.02279,0.81842
3-chain-linear,4,45,hybrid,HYBRID_ALPHA0.9_BETA0.1,0.9,0.1,50,x2=0.0,0.525,0.02938,0.77179
3-chain-linear,5,46,hybrid,HYBRID_ALPHA0.9_BETA0.1,0.9,0.1,50,x2=0.0,0.55,0.01728,0.76737
3-chain-linear,6,47,hybrid,HYBRID_ALPHA0.9_BETA0.1,0.9,0.1,50,x2=0.0,0.625,0.02617,0.77172
3-chain-linear,7,48,hybrid,HYBRID_ALPHA0.9_BETA0.1,0.9,0.1,50,x2=0.0,0.5,0.02273,0.77175
3-chain-linear,8,49,hybrid,HYBRID_ALPHA0.9_BETA0.1,0.9,0.1,50,x2=0.0,0.575,0.026,0.77329
3-chain-linear,9,50,hybrid,HYBRID_ALPHA0.9_BETA0.1,0.9,0.1,50,x2=0.0,0.575,0.02241,0.77017
3-chain-linear,10,51,hybrid,HYBRID_ALPHA0.9_BETA0.1,0.9,0.1,50,x2=0.0,0.525,0.0158,0.77166
3-chain-linear,1,42,hybrid,HYBRID_ALPHA0.8_BETA0.2,0.8,0.2,50,x2=0.0,0.525,0.0283,0.77747
3-chain-linear,2,43,hybrid,HYBRID_ALPHA0.8_BETA0.2,0.8,0.2,50,x2=0.0,0.5,0.01591,0.76805
3-chain-linear,3,44,hybrid,HYBRID_ALPHA0.8_BETA0.2,0.8,0.2,50,x2=0.0,0.6,0.02217,0.81604
3-chain-linear,4,45,hybrid,HYBRID_ALPHA0.8_BETA0.2,0.8,0.2,50,x2=0.0,0.525,0.02938,0.77179
3-chain-linear,5,46,hybrid,HYBRID_ALPHA0.8_BETA0.2,0.8,0.2,50,x2=0.0,0.525,0.01739,0.767
3-chain-linear,6,47,hybrid,HYBRID_ALPHA0.8_BETA0.2,0.8,0.2,50,x2=0.0,0.625,0.02617,0.77172
3-chain-linear,7,48,hybrid,HYBRID_ALPHA0.8_BETA0.2,0.8,0.2,50,x2=0.0,0.5,0.02273,0.77183
3-chain-linear,8,49,hybrid,HYBRID_ALPHA0.8_BETA0.2,0.8,0.2,50,x2=0.0,0.575,0.026,0.77316
3-chain-linear,9,50,hybrid,HYBRID_ALPHA0.8_BETA0.2,0.8,0.2,50,x2=0.0,0.575,0.02241,0.76991
3-chain-linear,10,51,hybrid,HYBRID_ALPHA0.8_BETA0.2,0.8,0.2,50,x2=0.0,0.525,0.0158,0.77166
3-chain-linear,1,42,hybrid,HYBRID_ALPHA0.7_BETA0.3,0.7,0.3,50,x2=0.0,0.525,0.02829,0.77744
3-chain-linear,2,43,hybrid,HYBRID_ALPHA0.7_BETA0.3,0.7,0.3,50,x2=0.0,0.525,0.01588,0.76739
3-chain-linear,3,44,hybrid,HYBRID_ALPHA0.7_BETA0.3,0.7,0.3,50,x2=0.0,0.55,0.02148,0.81324
3-chain-linear,4,45,hybrid,HYBRID_ALPHA0.7_BETA0.3,0.7,0.3,50,x2=0.0,0.525,0.02938,0.77179
3-chain-linear,5,46,hybrid,HYBRID_ALPHA0.7_BETA0.3,0.7,0.3,50,x2=0.0,0.5,0.01734,0.76684
3-chain-linear,6,47,hybrid,HYBRID_ALPHA0.7_BETA0.3,0.7,0.3,50,x2=0.0,0.625,0.02617,0.77173
3-chain-linear,7,48,hybrid,HYBRID_ALPHA0.7_BETA0.3,0.7,0.3,50,x2=0.0,0.525,0.02273,0.77192
3-chain-linear,8,49,hybrid,HYBRID_ALPHA0.7_BETA0.3,0.7,0.3,50,x2=0.0,0.6,0.02587,0.7733
3-chain-linear,9,50,hybrid,HYBRID_ALPHA0.7_BETA0.3,0.7,0.3,50,x2=0.0,0.575,0.0224,0.76962
3-chain-linear,10,51,hybrid,HYBRID_ALPHA0.7_BETA0.3,0.7,0.3,50,x2=0.0,0.525,0.0158,0.77166
3-chain-linear,1,42,hybrid,HYBRID_ALPHA0.6_BETA0.4,0.6,0.4,50,x2=0.0,0.525,0.02833,0.77797
3-chain-linear,2,43,hybrid,HYBRID_ALPHA0.6_BETA0.4,0.6,0.4,50,x2=0.0,0.525,0.01589,0.76691
3-chain-linear,3,44,hybrid,HYBRID_ALPHA0.6_BETA0.4,0.6,0.4,50,x2=0.0,0.5,0.02073,0.80974
3-chain-linear,4,45,hybrid,HYBRID_ALPHA0.6_BETA0.4,0.6,0.4,50,x2=0.0,0.525,0.02937,0.77181
3-chain-linear,5,46,hybrid,HYBRID_ALPHA0.6_BETA0.4,0.6,0.4,50,x2=0.0,0.55,0.01757,0.76633
3-chain-linear,6,47,hybrid,HYBRID_ALPHA0.6_BETA0.4,0.6,0.4,50,x2=0.0,0.625,0.02617,0.77173
3-chain-linear,7,48,hybrid,HYBRID_ALPHA0.6_BETA0.4,0.6,0.4,50,x2=0.0,0.5,0.02272,0.77195
3-chain-linear,8,49,hybrid,HYBRID_ALPHA0.6_BETA0.4,0.6,0.4,50,x2=0.0,0.6,0.02656,0.78119
3-chain-linear,9,50,hybrid,HYBRID_ALPHA0.6_BETA0.4,0.6,0.4,50,x2=0.0,0.575,0.0224,0.76919
3-chain-linear,10,51,hybrid,HYBRID_ALPHA0.6_BETA0.4,0.6,0.4,50,x2=0.0,0.525,0.0158,0.77166
3-chain-linear,1,42,hybrid,HYBRID_ALPHA0.5_BETA0.5,0.5,0.5,50,x2=0.0,0.525,0.02832,0.7778
3-chain-linear,2,43,hybrid,HYBRID_ALPHA0.5_BETA0.5,0.5,0.5,50,x2=0.0,0.525,0.01588,0.76654
3-chain-linear,3,44,hybrid,HYBRID_ALPHA0.5_BETA0.5,0.5,0.5,50,x2=0.0,0.575,0.02006,0.80696
3-chain-linear,4,45,hybrid,HYBRID_ALPHA0.5_BETA0.5,0.5,0.5,50,x2=0.0,0.5,0.02936,0.7718
3-chain-linear,5,46,hybrid,HYBRID_ALPHA0.5_BETA0.5,0.5,0.5,50,x2=0.0,0.55,0.01762,0.76596
3-chain-linear,6,47,hybrid,HYBRID_ALPHA0.5_BETA0.5,0.5,0.5,50,x2=0.0,0.625,0.02617,0.77175
3-chain-linear,7,48,hybrid,HYBRID_ALPHA0.5_BETA0.5,0.5,0.5,50,x2=0.0,0.5,0.02272,0.77195
3-chain-linear,8,49,hybrid,HYBRID_ALPHA0.5_BETA0.5,0.5,0.5,50,x2=0.0,0.6,0.02654,0.77938
3-chain-linear,9,50,hybrid,HYBRID_ALPHA0.5_BETA0.5,0.5,0.5,50,x2=0.0,0.575,0.02239,0.76822
3-chain-linear,10,51,hybrid,HYBRID_ALPHA0.5_BETA0.5,0.5,0.5,50,x2=0.0,0.525,0.0158,0.77166
3-chain-linear,1,42,hybrid,HYBRID_ALPHA0.4_BETA0.6,0.4,0.6,50,x2=0.0,0.55,0.02844,0.77877
3-chain-linear,2,43,hybrid,HYBRID_ALPHA0.4_BETA0.6,0.4,0.6,50,x2=0.0,0.525,0.01585,0.76595
3-chain-linear,3,44,hybrid,HYBRID_ALPHA0.4_BETA0.6,0.4,0.6,50,x2=0.0,0.525,0.01944,0.8043
3-chain-linear,4,45,hybrid,HYBRID_ALPHA0.4_BETA0.6,0.4,0.6,50,x2=0.0,0.5,0.02936,0.7718
3-chain-linear,5,46,hybrid,HYBRID_ALPHA0.4_BETA0.6,0.4,0.6,50,x2=0.0,0.525,0.01754,0.76558
3-chain-linear,6,47,hybrid,HYBRID_ALPHA0.4_BETA0.6,0.4,0.6,50,x2=0.0,0.625,0.02617,0.77175
3-chain-linear,7,48,hybrid,HYBRID_ALPHA0.4_BETA0.6,0.4,0.6,50,x2=0.0,0.5,0.02272,0.77195
3-chain-linear,8,49,hybrid,HYBRID_ALPHA0.4_BETA0.6,0.4,0.6,50,x2=0.0,0.6,0.02649,0.77748
3-chain-linear,9,50,hybrid,HYBRID_ALPHA0.4_BETA0.6,0.4,0.6,50,x2=0.0,0.575,0.0224,0.76738
3-chain-linear,10,51,hybrid,HYBRID_ALPHA0.4_BETA0.6,0.4,0.6,50,x2=0.0,0.525,0.0158,0.77166
3-chain-linear,1,42,hybrid,HYBRID_ALPHA0.3_BETA0.7,0.3,0.7,50,x2=0.0,0.55,0.02843,0.77513
3-chain-linear,2,43,hybrid,HYBRID_ALPHA0.3_BETA0.7,0.3,0.7,50,x2=0.0,0.55,0.01583,0.76573
3-chain-linear,3,44,hybrid,HYBRID_ALPHA0.3_BETA0.7,0.3,0.7,50,x2=0.0,0.575,0.01967,0.80896
3-chain-linear,4,45,hybrid,HYBRID_ALPHA0.3_BETA0.7,0.3,0.7,50,x2=0.0,0.5,0.02928,0.77082
3-chain-linear,5,46,hybrid,HYBRID_ALPHA0.3_BETA0.7,0.3,0.7,50,x2=0.0,0.55,0.01748,0.76563
3-chain-linear,6,47,hybrid,HYBRID_ALPHA0.3_BETA0.7,0.3,0.7,50,x2=0.0,0.625,0.02617,0.77175
3-chain-linear,7,48,hybrid,HYBRID_ALPHA0.3_BETA0.7,0.3,0.7,50,x2=0.0,0.5,0.02272,0.77195
3-chain-linear,8,49,hybrid,HYBRID_ALPHA0.3_BETA0.7,0.3,0.7,50,x2=0.0,0.6,0.02645,0.7754
3-chain-linear,9,50,hybrid,HYBRID_ALPHA0.3_BETA0.7,0.3,0.7,50,x2=0.0,0.55,0.02233,0.7665
3-chain-linear,10,51,hybrid,HYBRID_ALPHA0.3_BETA0.7,0.3,0.7,50,x2=0.0,0.525,0.0158,0.77166
3-chain-linear,1,42,hybrid,HYBRID_ALPHA0.2_BETA0.8,0.2,0.8,50,x2=0.0,0.525,0.02833,0.77165
3-chain-linear,2,43,hybrid,HYBRID_ALPHA0.2_BETA0.8,0.2,0.8,50,x2=0.0,0.55,0.01582,0.7655
3-chain-linear,3,44,hybrid,HYBRID_ALPHA0.2_BETA0.8,0.2,0.8,50,x2=0.0,0.55,0.01931,0.80595
3-chain-linear,4,45,hybrid,HYBRID_ALPHA0.2_BETA0.8,0.2,0.8,50,x2=0.0,0.525,0.02915,0.76906
3-chain-linear,5,46,hybrid,HYBRID_ALPHA0.2_BETA0.8,0.2,0.8,50,x2=0.0,0.55,0.01738,0.76849
3-chain-linear,6,47,hybrid,HYBRID_ALPHA0.2_BETA0.8,0.2,0.8,50,x2=0.0,0.625,0.02617,0.77175
3-chain-linear,7,48,hybrid,HYBRID_ALPHA0.2_BETA0.8,0.2,0.8,50,x2=0.0,0.525,0.02272,0.77195
3-chain-linear,8,49,hybrid,HYBRID_ALPHA0.2_BETA0.8,0.2,0.8,50,x2=0.0,0.6,0.02644,0.77426
3-chain-linear,9,50,hybrid,HYBRID_ALPHA0.2_BETA0.8,0.2,0.8,50,x2=0.0,0.55,0.02231,0.76552
3-chain-linear,10,51,hybrid,HYBRID_ALPHA0.2_BETA0.8,0.2,0.8,50,x2=0.0,0.525,0.0158,0.77166
3-chain-linear,1,42,mse,MSE,1.0,0.0,100,x2=0.0,0.525,0.02184,0.77342
3-chain-linear,2,43,mse,MSE,1.0,0.0,100,x2=0.0,0.575,0.02205,0.78747
3-chain-linear,3,44,mse,MSE,1.0,0.0,100,x2=0.0,0.55,0.01579,0.77338
3-chain-linear,4,45,mse,MSE,1.0,0.0,100,x2=0.0,0.55,0.01488,0.76683
3-chain-linear,5,46,mse,MSE,1.0,0.0,100,x2=0.0,0.55,0.02093,0.79011
3-chain-linear,6,47,mse,MSE,1.0,0.0,100,x2=0.0,0.575,0.04567,0.8621
3-chain-linear,7,48,mse,MSE,1.0,0.0,100,x2=0.0,0.55,0.02298,0.77299
3-chain-linear,8,49,mse,MSE,1.0,0.0,100,x2=0.0,0.625,0.0216,0.77072
3-chain-linear,9,50,mse,MSE,1.0,0.0,100,x2=0.0,0.55,0.02409,0.79642
3-chain-linear,10,51,mse,MSE,1.0,0.0,100,x2=0.0,0.6,0.01996,0.76703
3-chain-linear,1,42,hybrid,HYBRID_ALPHA0.9_BETA0.1,0.9,0.1,100,x2=0.0,0.525,0.02184,0.77342
3-chain-linear,2,43,hybrid,HYBRID_ALPHA0.9_BETA0.1,0.9,0.1,100,x2=0.0,0.625,0.02129,0.78353
3-chain-linear,3,44,hybrid,HYBRID_ALPHA0.9_BETA0.1,0.9,0.1,100,x2=0.0,0.55,0.01578,0.7733
3-chain-linear,4,45,hybrid,HYBRID_ALPHA0.9_BETA0.1,0.9,0.1,100,x2=0.0,0.6,0.01746,0.77228
3-chain-linear,5,46,hybrid,HYBRID_ALPHA0.9_BETA0.1,0.9,0.1,100,x2=0.0,0.6,0.02062,0.78964
3-chain-linear,6,47,hybrid,HYBRID_ALPHA0.9_BETA0.1,0.9,0.1,100,x2=0.0,0.7,0.05917,0.9084
3-chain-linear,7,48,hybrid,HYBRID_ALPHA0.9_BETA0.1,0.9,0.1,100,x2=0.0,0.55,0.02287,0.77645
3-chain-linear,8,49,hybrid,HYBRID_ALPHA0.9_BETA0.1,0.9,0.1,100,x2=0.0,0.575,0.02212,0.76643
3-chain-linear,9,50,hybrid,HYBRID_ALPHA0.9_BETA0.1,0.9,0.1,100,x2=0.0,0.525,0.02411,0.79652
3-chain-linear,10,51,hybrid,HYBRID_ALPHA0.9_BETA0.1,0.9,0.1,100,x2=0.0,0.6,0.01996,0.76693
3-chain-linear,1,42,hybrid,HYBRID_ALPHA0.8_BETA0.2,0.8,0.2,100,x2=0.0,0.525,0.02183,0.77337
3-chain-linear,2,43,hybrid,HYBRID_ALPHA0.8_BETA0.2,0.8,0.2,100,x2=0.0,0.575,0.02073,0.78027
3-chain-linear,3,44,hybrid,HYBRID_ALPHA0.8_BETA0.2,0.8,0.2,100,x2=0.0,0.55,0.01578,0.7733
3-chain-linear,4,45,hybrid,HYBRID_ALPHA0.8_BETA0.2,0.8,0.2,100,x2=0.0,0.55,0.01641,0.77008
3-chain-linear,5,46,hybrid,HYBRID_ALPHA0.8_BETA0.2,0.8,0.2,100,x2=0.0,0.6,0.02011,0.78711
3-chain-linear,6,47,hybrid,HYBRID_ALPHA0.8_BETA0.2,0.8,0.2,100,x2=0.0,0.525,0.02341,0.7744
3-chain-linear,7,48,hybrid,HYBRID_ALPHA0.8_BETA0.2,0.8,0.2,100,x2=0.0,0.55,0.02283,0.7793
3-chain-linear,8,49,hybrid,HYBRID_ALPHA0.8_BETA0.2,0.8,0.2,100,x2=0.0,0.575,0.02043,0.77139
3-chain-linear,9,50,hybrid,HYBRID_ALPHA0.8_BETA0.2,0.8,0.2,100,x2=0.0,0.55,0.02407,0.7969
3-chain-linear,10,51,hybrid,HYBRID_ALPHA0.8_BETA0.2,0.8,0.2,100,x2=0.0,0.65,0.01996,0.76675
3-chain-linear,1,42,hybrid,HYBRID_ALPHA0.7_BETA0.3,0.7,0.3,100,x2=0.0,0.525,0.02183,0.77324
3-chain-linear,2,43,hybrid,HYBRID_ALPHA0.7_BETA0.3,0.7,0.3,100,x2=0.0,0.55,0.0202,0.77724
3-chain-linear,3,44,hybrid,HYBRID_ALPHA0.7_BETA0.3,0.7,0.3,100,x2=0.0,0.55,0.01578,0.77329
3-chain-linear,4,45,hybrid,HYBRID_ALPHA0.7_BETA0.3,0.7,0.3,100,x2=0.0,0.525,0.015,0.76699
3-chain-linear,5,46,hybrid,HYBRID_ALPHA0.7_BETA0.3,0.7,0.3,100,x2=0.0,0.55,0.01966,0.78465
3-chain-linear,6,47,hybrid,HYBRID_ALPHA0.7_BETA0.3,0.7,0.3,100,x2=0.0,0.6,0.02333,0.77344
3-chain-linear,7,48,hybrid,HYBRID_ALPHA0.7_BETA0.3,0.7,0.3,100,x2=0.0,0.575,0.02278,0.77958
3-chain-linear,8,49,hybrid,HYBRID_ALPHA0.7_BETA0.3,0.7,0.3,100,x2=0.0,0.575,0.02043,0.77139
3-chain-linear,9,50,hybrid,HYBRID_ALPHA0.7_BETA0.3,0.7,0.3,100,x2=0.0,0.55,0.02423,0.7975
3-chain-linear,10,51,hybrid,HYBRID_ALPHA0.7_BETA0.3,0.7,0.3,100,x2=0.0,0.65,0.01995,0.76661
3-chain-linear,1,42,hybrid,HYBRID_ALPHA0.6_BETA0.4,0.6,0.4,100,x2=0.0,0.525,0.02183,0.77314
3-chain-linear,2,43,hybrid,HYBRID_ALPHA0.6_BETA0.4,0.6,0.4,100,x2=0.0,0.575,0.02082,0.78131
3-chain-linear,3,44,hybrid,HYBRID_ALPHA0.6_BETA0.4,0.6,0.4,100,x2=0.0,0.55,0.01578,0.77319
3-chain-linear,4,45,hybrid,HYBRID_ALPHA0.6_BETA0.4,0.6,0.4,100,x2=0.0,0.55,0.01398,0.7655
3-chain-linear,5,46,hybrid,HYBRID_ALPHA0.6_BETA0.4,0.6,0.4,100,x2=0.0,0.55,0.01922,0.78198
3-chain-linear,6,47,hybrid,HYBRID_ALPHA0.6_BETA0.4,0.6,0.4,100,x2=0.0,0.575,0.02331,0.77344
3-chain-linear,7,48,hybrid,HYBRID_ALPHA0.6_BETA0.4,0.6,0.4,100,x2=0.0,0.6,0.02278,0.78077
3-chain-linear,8,49,hybrid,HYBRID_ALPHA0.6_BETA0.4,0.6,0.4,100,x2=0.0,0.575,0.02043,0.77139
3-chain-linear,9,50,hybrid,HYBRID_ALPHA0.6_BETA0.4,0.6,0.4,100,x2=0.0,0.525,0.0242,0.79767
3-chain-linear,10,51,hybrid,HYBRID_ALPHA0.6_BETA0.4,0.6,0.4,100,x2=0.0,0.65,0.01993,0.76651
3-chain-linear,1,42,hybrid,HYBRID_ALPHA0.5_BETA0.5,0.5,0.5,100,x2=0.0,0.5,0.02189,0.78066
3-chain-linear,2,43,hybrid,HYBRID_ALPHA0.5_BETA0.5,0.5,0.5,100,x2=0.0,0.525,0.02041,0.77903
3-chain-linear,3,44,hybrid,HYBRID_ALPHA0.5_BETA0.5,0.5,0.5,100,x2=0.0,0.55,0.01578,0.77319
3-chain-linear,4,45,hybrid,HYBRID_ALPHA0.5_BETA0.5,0.5,0.5,100,x2=0.0,0.575,0.01394,0.7655
3-chain-linear,5,46,hybrid,HYBRID_ALPHA0.5_BETA0.5,0.5,0.5,100,x2=0.0,0.525,0.01904,0.77948
3-chain-linear,6,47,hybrid,HYBRID_ALPHA0.5_BETA0.5,0.5,0.5,100,x2=0.0,0.575,0.0233,0.77345
3-chain-linear,7,48,hybrid,HYBRID_ALPHA0.5_BETA0.5,0.5,0.5,100,x2=0.0,0.5,0.02287,0.78441
3-chain-linear,8,49,hybrid,HYBRID_ALPHA0.5_BETA0.5,0.5,0.5,100,x2=0.0,0.575,0.02043,0.77139
3-chain-linear,9,50,hybrid,HYBRID_ALPHA0.5_BETA0.5,0.5,0.5,100,x2=0.0,0.5,0.02399,0.79653
3-chain-linear,10,51,hybrid,HYBRID_ALPHA0.5_BETA0.5,0.5,0.5,100,x2=0.0,0.65,0.01995,0.76635
3-chain-linear,1,42,hybrid,HYBRID_ALPHA0.4_BETA0.6,0.4,0.6,100,x2=0.0,0.525,0.0224,0.79624
3-chain-linear,2,43,hybrid,HYBRID_ALPHA0.4_BETA0.6,0.4,0.6,100,x2=0.0,0.525,0.02003,0.77665
3-chain-linear,3,44,hybrid,HYBRID_ALPHA0.4_BETA0.6,0.4,0.6,100,x2=0.0,0.55,0.01577,0.77236
3-chain-linear,4,45,hybrid,HYBRID_ALPHA0.4_BETA0.6,0.4,0.6,100,x2=0.0,0.55,0.01388,0.76553
3-chain-linear,5,46,hybrid,HYBRID_ALPHA0.4_BETA0.6,0.4,0.6,100,x2=0.0,0.525,0.01896,0.77835
3-chain-linear,6,47,hybrid,HYBRID_ALPHA0.4_BETA0.6,0.4,0.6,100,x2=0.0,0.55,0.02329,0.77357
3-chain-linear,7,48,hybrid,HYBRID_ALPHA0.4_BETA0.6,0.4,0.6,100,x2=0.0,0.5,0.02285,0.78429
3-chain-linear,8,49,hybrid,HYBRID_ALPHA0.4_BETA0.6,0.4,0.6,100,x2=0.0,0.55,0.02043,0.77141
3-chain-linear,9,50,hybrid,HYBRID_ALPHA0.4_BETA0.6,0.4,0.6,100,x2=0.0,0.525,0.02351,0.794
3-chain-linear,10,51,hybrid,HYBRID_ALPHA0.4_BETA0.6,0.4,0.6,100,x2=0.0,0.65,0.01994,0.76612
3-chain-linear,1,42,hybrid,HYBRID_ALPHA0.3_BETA0.7,0.3,0.7,100,x2=0.0,0.525,0.02228,0.79521
3-chain-linear,2,43,hybrid,HYBRID_ALPHA0.3_BETA0.7,0.3,0.7,100,x2=0.0,0.525,0.01972,0.7749
3-chain-linear,3,44,hybrid,HYBRID_ALPHA0.3_BETA0.7,0.3,0.7,100,x2=0.0,0.55,0.01575,0.77203
3-chain-linear,4,45,hybrid,HYBRID_ALPHA0.3_BETA0.7,0.3,0.7,100,x2=0.0,0.525,0.01371,0.76562
3-chain-linear,5,46,hybrid,HYBRID_ALPHA0.3_BETA0.7,0.3,0.7,100,x2=0.0,0.525,0.01894,0.77796
3-chain-linear,6,47,hybrid,HYBRID_ALPHA0.3_BETA0.7,0.3,0.7,100,x2=0.0,0.55,0.02327,0.77347
3-chain-linear,7,48,hybrid,HYBRID_ALPHA0.3_BETA0.7,0.3,0.7,100,x2=0.0,0.5,0.02287,0.78499
3-chain-linear,8,49,hybrid,HYBRID_ALPHA0.3_BETA0.7,0.3,0.7,100,x2=0.0,0.55,0.02042,0.77141
3-chain-linear,9,50,hybrid,HYBRID_ALPHA0.3_BETA0.7,0.3,0.7,100,x2=0.0,0.5,0.02265,0.79212
3-chain-linear,10,51,hybrid,HYBRID_ALPHA0.3_BETA0.7,0.3,0.7,100,x2=0.0,0.65,0.01994,0.76585
3-chain-linear,1,42,hybrid,HYBRID_ALPHA0.2_BETA0.8,0.2,0.8,100,x2=0.0,0.55,0.02222,0.79427
3-chain-linear,2,43,hybrid,HYBRID_ALPHA0.2_BETA0.8,0.2,0.8,100,x2=0.0,0.5,0.01913,0.76947
3-chain-linear,3,44,hybrid,HYBRID_ALPHA0.2_BETA0.8,0.2,0.8,100,x2=0.0,0.55,0.01575,0.77202
3-chain-linear,4,45,hybrid,HYBRID_ALPHA0.2_BETA0.8,0.2,0.8,100,x2=0.0,0.55,0.01359,0.76584
3-chain-linear,5,46,hybrid,HYBRID_ALPHA0.2_BETA0.8,0.2,0.8,100,x2=0.0,0.55,0.01884,0.77448
3-chain-linear,6,47,hybrid,HYBRID_ALPHA0.2_BETA0.8,0.2,0.8,100,x2=0.0,0.55,0.02328,0.77344
3-chain-linear,7,48,hybrid,HYBRID_ALPHA0.2_BETA0.8,0.2,0.8,100,x2=0.0,0.55,0.02288,0.78515
3-chain-linear,8,49,hybrid,HYBRID_ALPHA0.2_BETA0.8,0.2,0.8,100,x2=0.0,0.55,0.02042,0.7714
3-chain-linear,9,50,hybrid,HYBRID_ALPHA0.2_BETA0.8,0.2,0.8,100,x2=0.0,0.575,0.02477,0.79947
3-chain-linear,10,51,hybrid,HYBRID_ALPHA0.2_BETA0.8,0.2,0.8,100,x2=0.0,0.65,0.01993,0.7655
3-chain-non-linear,1,42,mse,MSE,1.0,0.0,50,x2=0.0,1.0,0.09035,0.26339
3-chain-non-linear,2,43,mse,MSE,1.0,0.0,50,x2=0.0,1.0,0.04215,0.0657
3-chain-non-linear,3,44,mse,MSE,1.0,0.0,50,x2=0.0,0.975,0.05386,0.12565
3-chain-non-linear,4,45,mse,MSE,1.0,0.0,50,x2=0.0,0.95,0.04218,0.07537
3-chain-non-linear,5,46,mse,MSE,1.0,0.0,50,x2=0.0,1.0,0.05825,0.09405
3-chain-non-linear,6,47,mse,MSE,1.0,0.0,50,x2=0.0,0.975,0.06854,0.09793
3-chain-non-linear,7,48,mse,MSE,1.0,0.0,50,x2=0.0,0.975,0.05308,0.01521
3-chain-non-linear,8,49,mse,MSE,1.0,0.0,50,x2=0.0,1.0,0.06422,0.09137
3-chain-non-linear,9,50,mse,MSE,1.0,0.0,50,x2=0.0,1.0,0.07792,0.17723
3-chain-non-linear,10,51,mse,MSE,1.0,0.0,50,x2=0.0,0.975,0.04668,0.0949
3-chain-non-linear,1,42,hybrid,HYBRID_ALPHA0.9_BETA0.1,0.9,0.1,50,x2=0.0,0.975,0.09067,0.26901
3-chain-non-linear,2,43,hybrid,HYBRID_ALPHA0.9_BETA0.1,0.9,0.1,50,x2=0.0,1.0,0.03986,0.0445
3-chain-non-linear,3,44,hybrid,HYBRID_ALPHA0.9_BETA0.1,0.9,0.1,50,x2=0.0,1.0,0.05062,0.19231
3-chain-non-linear,4,45,hybrid,HYBRID_ALPHA0.9_BETA0.1,0.9,0.1,50,x2=0.0,1.0,0.03789,0.04776
3-chain-non-linear,5,46,hybrid,HYBRID_ALPHA0.9_BETA0.1,0.9,0.1,50,x2=0.0,1.0,0.05556,0.06384
3-chain-non-linear,6,47,hybrid,HYBRID_ALPHA0.9_BETA0.1,0.9,0.1,50,x2=0.0,1.0,0.0643,0.08172
3-chain-non-linear,7,48,hybrid,HYBRID_ALPHA0.9_BETA0.1,0.9,0.1,50,x2=0.0,1.0,0.05325,0.01654
3-chain-non-linear,8,49,hybrid,HYBRID_ALPHA0.9_BETA0.1,0.9,0.1,50,x2=0.0,0.975,0.06007,0.09706
3-chain-non-linear,9,50,hybrid,HYBRID_ALPHA0.9_BETA0.1,0.9,0.1,50,x2=0.0,1.0,0.0759,0.16879
3-chain-non-linear,10,51,hybrid,HYBRID_ALPHA0.9_BETA0.1,0.9,0.1,50,x2=0.0,0.975,0.04162,0.07104
3-chain-non-linear,1,42,hybrid,HYBRID_ALPHA0.8_BETA0.2,0.8,0.2,50,x2=0.0,0.975,0.08588,0.27002
3-chain-non-linear,2,43,hybrid,HYBRID_ALPHA0.8_BETA0.2,0.8,0.2,50,x2=0.0,1.0,0.03915,0.03483
3-chain-non-linear,3,44,hybrid,HYBRID_ALPHA0.8_BETA0.2,0.8,0.2,50,x2=0.0,1.0,0.05035,0.18961
3-chain-non-linear,4,45,hybrid,HYBRID_ALPHA0.8_BETA0.2,0.8,0.2,50,x2=0.0,1.0,0.0351,0.01203
3-chain-non-linear,5,46,hybrid,HYBRID_ALPHA0.8_BETA0.2,0.8,0.2,50,x2=0.0,1.0,0.04114,0.00873
3-chain-non-linear,6,47,hybrid,HYBRID_ALPHA0.8_BETA0.2,0.8,0.2,50,x2=0.0,1.0,0.06127,0.06781
3-chain-non-linear,7,48,hybrid,HYBRID_ALPHA0.8_BETA0.2,0.8,0.2,50,x2=0.0,1.0,0.05344,0.02118
3-chain-non-linear,8,49,hybrid,HYBRID_ALPHA0.8_BETA0.2,0.8,0.2,50,x2=0.0,0.975,0.05869,0.09022
3-chain-non-linear,9,50,hybrid,HYBRID_ALPHA0.8_BETA0.2,0.8,0.2,50,x2=0.0,1.0,0.06933,0.14611
3-chain-non-linear,10,51,hybrid,HYBRID_ALPHA0.8_BETA0.2,0.8,0.2,50,x2=0.0,0.975,0.04182,0.07051
3-chain-non-linear,1,42,hybrid,HYBRID_ALPHA0.7_BETA0.3,0.7,0.3,50,x2=0.0,0.975,0.0799,0.28521
3-chain-non-linear,2,43,hybrid,HYBRID_ALPHA0.7_BETA0.3,0.7,0.3,50,x2=0.0,1.0,0.03905,0.01844
3-chain-non-linear,3,44,hybrid,HYBRID_ALPHA0.7_BETA0.3,0.7,0.3,50,x2=0.0,1.0,0.05022,0.19973
3-chain-non-linear,4,45,hybrid,HYBRID_ALPHA0.7_BETA0.3,0.7,0.3,50,x2=0.0,1.0,0.03514,0.00692
3-chain-non-linear,5,46,hybrid,HYBRID_ALPHA0.7_BETA0.3,0.7,0.3,50,x2=0.0,1.0,0.04094,0.03337
3-chain-non-linear,6,47,hybrid,HYBRID_ALPHA0.7_BETA0.3,0.7,0.3,50,x2=0.0,1.0,0.06223,0.07247
3-chain-non-linear,7,48,hybrid,HYBRID_ALPHA0.7_BETA0.3,0.7,0.3,50,x2=0.0,0.975,0.05289,0.01104
3-chain-non-linear,8,49,hybrid,HYBRID_ALPHA0.7_BETA0.3,0.7,0.3,50,x2=0.0,1.0,0.05801,0.06459
3-chain-non-linear,9,50,hybrid,HYBRID_ALPHA0.7_BETA0.3,0.7,0.3,50,x2=0.0,1.0,0.0733,0.15639
3-chain-non-linear,10,51,hybrid,HYBRID_ALPHA0.7_BETA0.3,0.7,0.3,50,x2=0.0,0.975,0.03937,0.03472
3-chain-non-linear,1,42,hybrid,HYBRID_ALPHA0.6_BETA0.4,0.6,0.4,50,x2=0.0,0.975,0.08065,0.38443
3-chain-non-linear,2,43,hybrid,HYBRID_ALPHA0.6_BETA0.4,0.6,0.4,50,x2=0.0,1.0,0.03923,0.00185
3-chain-non-linear,3,44,hybrid,HYBRID_ALPHA0.6_BETA0.4,0.6,0.4,50,x2=0.0,1.0,0.04922,0.19277
3-chain-non-linear,4,45,hybrid,HYBRID_ALPHA0.6_BETA0.4,0.6,0.4,50,x2=0.0,1.0,0.03465,0.01155
3-chain-non-linear,5,46,hybrid,HYBRID_ALPHA0.6_BETA0.4,0.6,0.4,50,x2=0.0,1.0,0.05308,0.1117
3-chain-non-linear,6,47,hybrid,HYBRID_ALPHA0.6_BETA0.4,0.6,0.4,50,x2=0.0,0.975,0.0622,0.0764
3-chain-non-linear,7,48,hybrid,HYBRID_ALPHA0.6_BETA0.4,0.6,0.4,50,x2=0.0,0.975,0.05349,0.0172
3-chain-non-linear,8,49,hybrid,HYBRID_ALPHA0.6_BETA0.4,0.6,0.4,50,x2=0.0,1.0,0.05892,0.22018
3-chain-non-linear,9,50,hybrid,HYBRID_ALPHA0.6_BETA0.4,0.6,0.4,50,x2=0.0,1.0,0.07435,0.16513
3-chain-non-linear,10,51,hybrid,HYBRID_ALPHA0.6_BETA0.4,0.6,0.4,50,x2=0.0,1.0,0.03957,0.10382
3-chain-non-linear,1,42,hybrid,HYBRID_ALPHA0.5_BETA0.5,0.5,0.5,50,x2=0.0,1.0,0.10922,0.53084
3-chain-non-linear,2,43,hybrid,HYBRID_ALPHA0.5_BETA0.5,0.5,0.5,50,x2=0.0,1.0,0.0426,0.03762
3-chain-non-linear,3,44,hybrid,HYBRID_ALPHA0.5_BETA0.5,0.5,0.5,50,x2=0.0,0.95,0.04697,0.19199
3-chain-non-linear,4,45,hybrid,HYBRID_ALPHA0.5_BETA0.5,0.5,0.5,50,x2=0.0,1.0,0.03472,0.01869
3-chain-non-linear,5,46,hybrid,HYBRID_ALPHA0.5_BETA0.5,0.5,0.5,50,x2=0.0,1.0,0.03658,0.05267
3-chain-non-linear,6,47,hybrid,HYBRID_ALPHA0.5_BETA0.5,0.5,0.5,50,x2=0.0,1.0,0.06365,0.05416
3-chain-non-linear,7,48,hybrid,HYBRID_ALPHA0.5_BETA0.5,0.5,0.5,50,x2=0.0,0.975,0.05849,0.0586
3-chain-non-linear,8,49,hybrid,HYBRID_ALPHA0.5_BETA0.5,0.5,0.5,50,x2=0.0,0.975,0.09062,0.33584
3-chain-non-linear,9,50,hybrid,HYBRID_ALPHA0.5_BETA0.5,0.5,0.5,50,x2=0.0,1.0,0.07715,0.18797
3-chain-non-linear,10,51,hybrid,HYBRID_ALPHA0.5_BETA0.5,0.5,0.5,50,x2=0.0,0.975,0.0384,0.0944
3-chain-non-linear,1,42,hybrid,HYBRID_ALPHA0.4_BETA0.6,0.4,0.6,50,x2=0.0,0.975,0.07208,0.09439
3-chain-non-linear,2,43,hybrid,HYBRID_ALPHA0.4_BETA0.6,0.4,0.6,50,x2=0.0,1.0,0.03886,0.02729
3-chain-non-linear,3,44,hybrid,HYBRID_ALPHA0.4_BETA0.6,0.4,0.6,50,x2=0.0,1.0,0.03993,0.14885
3-chain-non-linear,4,45,hybrid,HYBRID_ALPHA0.4_BETA0.6,0.4,0.6,50,x2=0.0,1.0,0.0344,0.03026
3-chain-non-linear,5,46,hybrid,HYBRID_ALPHA0.4_BETA0.6,0.4,0.6,50,x2=0.0,0.975,0.03669,0.02459
3-chain-non-linear,6,47,hybrid,HYBRID_ALPHA0.4_BETA0.6,0.4,0.6,50,x2=0.0,1.0,0.06086,0.02554
3-chain-non-linear,7,48,hybrid,HYBRID_ALPHA0.4_BETA0.6,0.4,0.6,50,x2=0.0,0.975,0.05987,0.06627
3-chain-non-linear,8,49,hybrid,HYBRID_ALPHA0.4_BETA0.6,0.4,0.6,50,x2=0.0,1.0,0.10991,0.3718
3-chain-non-linear,9,50,hybrid,HYBRID_ALPHA0.4_BETA0.6,0.4,0.6,50,x2=0.0,1.0,0.08431,0.24141
3-chain-non-linear,10,51,hybrid,HYBRID_ALPHA0.4_BETA0.6,0.4,0.6,50,x2=0.0,0.95,0.13088,0.45518
3-chain-non-linear,1,42,hybrid,HYBRID_ALPHA0.3_BETA0.7,0.3,0.7,50,x2=0.0,0.975,0.08394,0.04982
3-chain-non-linear,2,43,hybrid,HYBRID_ALPHA0.3_BETA0.7,0.3,0.7,50,x2=0.0,1.0,0.10594,0.44304
3-chain-non-linear,3,44,hybrid,HYBRID_ALPHA0.3_BETA0.7,0.3,0.7,50,x2=0.0,1.0,0.03682,0.10802
3-chain-non-linear,4,45,hybrid,HYBRID_ALPHA0.3_BETA0.7,0.3,0.7,50,x2=0.0,1.0,0.03477,0.03696
3-chain-non-linear,5,46,hybrid,HYBRID_ALPHA0.3_BETA0.7,0.3,0.7,50,x2=0.0,1.0,0.03485,0.06101
3-chain-non-linear,6,47,hybrid,HYBRID_ALPHA0.3_BETA0.7,0.3,0.7,50,x2=0.0,1.0,0.06173,0.03596
3-chain-non-linear,7,48,hybrid,HYBRID_ALPHA0.3_BETA0.7,0.3,0.7,50,x2=0.0,1.0,0.0774,0.03442
3-chain-non-linear,8,49,hybrid,HYBRID_ALPHA0.3_BETA0.7,0.3,0.7,50,x2=0.0,1.0,0.13758,0.57001
3-chain-non-linear,9,50,hybrid,HYBRID_ALPHA0.3_BETA0.7,0.3,0.7,50,x2=0.0,0.975,0.08504,0.16815
3-chain-non-linear,10,51,hybrid,HYBRID_ALPHA0.3_BETA0.7,0.3,0.7,50,x2=0.0,0.95,0.13241,0.46024
3-chain-non-linear,1,42,hybrid,HYBRID_ALPHA0.2_BETA0.8,0.2,0.8,50,x2=0.0,0.975,0.08457,0.10631
3-chain-non-linear,2,43,hybrid,HYBRID_ALPHA0.2_BETA0.8,0.2,0.8,50,x2=0.0,1.0,0.11308,0.51744
3-chain-non-linear,3,44,hybrid,HYBRID_ALPHA0.2_BETA0.8,0.2,0.8,50,x2=0.0,1.0,0.03648,0.07888
3-chain-non-linear,4,45,hybrid,HYBRID_ALPHA0.2_BETA0.8,0.2,0.8,50,x2=0.0,1.0,0.03458,0.04019
3-chain-non-linear,5,46,hybrid,HYBRID_ALPHA0.2_BETA0.8,0.2,0.8,50,x2=0.0,1.0,0.04752,0.06695
3-chain-non-linear,6,47,hybrid,HYBRID_ALPHA0.2_BETA0.8,0.2,0.8,50,x2=0.0,1.0,0.06409,0.12838
3-chain-non-linear,7,48,hybrid,HYBRID_ALPHA0.2_BETA0.8,0.2,0.8,50,x2=0.0,1.0,0.07737,0.02451
3-chain-non-linear,8,49,hybrid,HYBRID_ALPHA0.2_BETA0.8,0.2,0.8,50,x2=0.0,1.0,0.16409,0.77692
3-chain-non-linear,9,50,hybrid,HYBRID_ALPHA0.2_BETA0.8,0.2,0.8,50,x2=0.0,1.0,0.09153,0.36666
3-chain-non-linear,10,51,hybrid,HYBRID_ALPHA0.2_BETA0.8,0.2,0.8,50,x2=0.0,1.0,0.14255,0.64296
3-chain-non-linear,1,42,mse,MSE,1.0,0.0,100,x2=0.0,0.975,0.05043,0.05849
3-chain-non-linear,2,43,mse,MSE,1.0,0.0,100,x2=0.0,0.95,0.05408,0.11603
3-chain-non-linear,3,44,mse,MSE,1.0,0.0,100,x2=0.0,1.0,0.03867,0.05099
3-chain-non-linear,4,45,mse,MSE,1.0,0.0,100,x2=0.0,1.0,0.05081,0.13356
3-chain-non-linear,5,46,mse,MSE,1.0,0.0,100,x2=0.0,0.975,0.04704,0.08562
3-chain-non-linear,6,47,mse,MSE,1.0,0.0,100,x2=0.0,1.0,0.05652,0.04473
3-chain-non-linear,7,48,mse,MSE,1.0,0.0,100,x2=0.0,1.0,0.06501,0.13284
3-chain-non-linear,8,49,mse,MSE,1.0,0.0,100,x2=0.0,1.0,0.07817,0.185
3-chain-non-linear,9,50,mse,MSE,1.0,0.0,100,x2=0.0,0.975,0.04243,0.05149
3-chain-non-linear,10,51,mse,MSE,1.0,0.0,100,x2=0.0,0.975,0.049,0.03688
3-chain-non-linear,1,42,hybrid,HYBRID_ALPHA0.9_BETA0.1,0.9,0.1,100,x2=0.0,0.975,0.05295,0.08803
3-chain-non-linear,2,43,hybrid,HYBRID_ALPHA0.9_BETA0.1,0.9,0.1,100,x2=0.0,1.0,0.04754,0.0251
3-chain-non-linear,3,44,hybrid,HYBRID_ALPHA0.9_BETA0.1,0.9,0.1,100,x2=0.0,0.975,0.0397,0.03971
3-chain-non-linear,4,45,hybrid,HYBRID_ALPHA0.9_BETA0.1,0.9,0.1,100,x2=0.0,0.975,0.04415,0.12312
3-chain-non-linear,5,46,hybrid,HYBRID_ALPHA0.9_BETA0.1,0.9,0.1,100,x2=0.0,1.0,0.04474,0.06005
3-chain-non-linear,6,47,hybrid,HYBRID_ALPHA0.9_BETA0.1,0.9,0.1,100,x2=0.0,1.0,0.05533,0.0006
3-chain-non-linear,7,48,hybrid,HYBRID_ALPHA0.9_BETA0.1,0.9,0.1,100,x2=0.0,0.95,0.05704,0.07486
3-chain-non-linear,8,49,hybrid,HYBRID_ALPHA0.9_BETA0.1,0.9,0.1,100,x2=0.0,1.0,0.08142,0.19759
3-chain-non-linear,9,50,hybrid,HYBRID_ALPHA0.9_BETA0.1,0.9,0.1,100,x2=0.0,1.0,0.03959,0.01789
3-chain-non-linear,10,51,hybrid,HYBRID_ALPHA0.9_BETA0.1,0.9,0.1,100,x2=0.0,1.0,0.04785,0.01618
3-chain-non-linear,1,42,hybrid,HYBRID_ALPHA0.8_BETA0.2,0.8,0.2,100,x2=0.0,0.975,0.0554,0.10976
3-chain-non-linear,2,43,hybrid,HYBRID_ALPHA0.8_BETA0.2,0.8,0.2,100,x2=0.0,0.975,0.04813,0.06023
3-chain-non-linear,3,44,hybrid,HYBRID_ALPHA0.8_BETA0.2,0.8,0.2,100,x2=0.0,0.975,0.04021,0.00306
3-chain-non-linear,4,45,hybrid,HYBRID_ALPHA0.8_BETA0.2,0.8,0.2,100,x2=0.0,1.0,0.03778,0.11372
3-chain-non-linear,5,46,hybrid,HYBRID_ALPHA0.8_BETA0.2,0.8,0.2,100,x2=0.0,1.0,0.04337,0.02987
3-chain-non-linear,6,47,hybrid,HYBRID_ALPHA0.8_BETA0.2,0.8,0.2,100,x2=0.0,1.0,0.05823,0.03983
3-chain-non-linear,7,48,hybrid,HYBRID_ALPHA0.8_BETA0.2,0.8,0.2,100,x2=0.0,0.95,0.05443,0.05579
3-chain-non-linear,8,49,hybrid,HYBRID_ALPHA0.8_BETA0.2,0.8,0.2,100,x2=0.0,0.975,0.06211,0.1026
3-chain-non-linear,9,50,hybrid,HYBRID_ALPHA0.8_BETA0.2,0.8,0.2,100,x2=0.0,0.975,0.04203,0.03752
3-chain-non-linear,10,51,hybrid,HYBRID_ALPHA0.8_BETA0.2,0.8,0.2,100,x2=0.0,1.0,0.04816,0.04731
3-chain-non-linear,1,42,hybrid,HYBRID_ALPHA0.7_BETA0.3,0.7,0.3,100,x2=0.0,0.975,0.05778,0.12697
3-chain-non-linear,2,43,hybrid,HYBRID_ALPHA0.7_BETA0.3,0.7,0.3,100,x2=0.0,0.975,0.05908,0.11257
3-chain-non-linear,3,44,hybrid,HYBRID_ALPHA0.7_BETA0.3,0.7,0.3,100,x2=0.0,0.975,0.03984,0.04401
3-chain-non-linear,4,45,hybrid,HYBRID_ALPHA0.7_BETA0.3,0.7,0.3,100,x2=0.0,1.0,0.04949,0.18111
3-chain-non-linear,5,46,hybrid,HYBRID_ALPHA0.7_BETA0.3,0.7,0.3,100,x2=0.0,0.975,0.04444,0.02697
3-chain-non-linear,6,47,hybrid,HYBRID_ALPHA0.7_BETA0.3,0.7,0.3,100,x2=0.0,1.0,0.06035,0.07336
3-chain-non-linear,7,48,hybrid,HYBRID_ALPHA0.7_BETA0.3,0.7,0.3,100,x2=0.0,0.975,0.05364,0.03212
3-chain-non-linear,8,49,hybrid,HYBRID_ALPHA0.7_BETA0.3,0.7,0.3,100,x2=0.0,1.0,0.0614,0.13074
3-chain-non-linear,9,50,hybrid,HYBRID_ALPHA0.7_BETA0.3,0.7,0.3,100,x2=0.0,0.975,0.04078,0.03145
3-chain-non-linear,10,51,hybrid,HYBRID_ALPHA0.7_BETA0.3,0.7,0.3,100,x2=0.0,0.975,0.05057,0.05112
3-chain-non-linear,1,42,hybrid,HYBRID_ALPHA0.6_BETA0.4,0.6,0.4,100,x2=0.0,0.975,0.05943,0.14171
3-chain-non-linear,2,43,hybrid,HYBRID_ALPHA0.6_BETA0.4,0.6,0.4,100,x2=0.0,1.0,0.06706,0.14812
3-chain-non-linear,3,44,hybrid,HYBRID_ALPHA0.6_BETA0.4,0.6,0.4,100,x2=0.0,0.975,0.03983,0.09251
3-chain-non-linear,4,45,hybrid,HYBRID_ALPHA0.6_BETA0.4,0.6,0.4,100,x2=0.0,1.0,0.0423,0.1018
3-chain-non-linear,5,46,hybrid,HYBRID_ALPHA0.6_BETA0.4,0.6,0.4,100,x2=0.0,1.0,0.06434,0.137
3-chain-non-linear,6,47,hybrid,HYBRID_ALPHA0.6_BETA0.4,0.6,0.4,100,x2=0.0,1.0,0.06216,0.09749
3-chain-non-linear,7,48,hybrid,HYBRID_ALPHA0.6_BETA0.4,0.6,0.4,100,x2=0.0,0.975,0.06013,0.07757
3-chain-non-linear,8,49,hybrid,HYBRID_ALPHA0.6_BETA0.4,0.6,0.4,100,x2=0.0,1.0,0.06409,0.19401
3-chain-non-linear,9,50,hybrid,HYBRID_ALPHA0.6_BETA0.4,0.6,0.4,100,x2=0.0,0.975,0.04226,0.04204
3-chain-non-linear,10,51,hybrid,HYBRID_ALPHA0.6_BETA0.4,0.6,0.4,100,x2=0.0,1.0,0.05132,0.05323
3-chain-non-linear,1,42,hybrid,HYBRID_ALPHA0.5_BETA0.5,0.5,0.5,100,x2=0.0,0.95,0.06304,0.1721
3-chain-non-linear,2,43,hybrid,HYBRID_ALPHA0.5_BETA0.5,0.5,0.5,100,x2=0.0,1.0,0.07304,0.20525
3-chain-non-linear,3,44,hybrid,HYBRID_ALPHA0.5_BETA0.5,0.5,0.5,100,x2=0.0,1.0,0.03811,0.06145
3-chain-non-linear,4,45,hybrid,HYBRID_ALPHA0.5_BETA0.5,0.5,0.5,100,x2=0.0,1.0,0.03706,0.07844
3-chain-non-linear,5,46,hybrid,HYBRID_ALPHA0.5_BETA0.5,0.5,0.5,100,x2=0.0,0.975,0.05799,0.13867
3-chain-non-linear,6,47,hybrid,HYBRID_ALPHA0.5_BETA0.5,0.5,0.5,100,x2=0.0,0.975,0.08542,0.02961
3-chain-non-linear,7,48,hybrid,HYBRID_ALPHA0.5_BETA0.5,0.5,0.5,100,x2=0.0,0.975,0.06357,0.10592
3-chain-non-linear,8,49,hybrid,HYBRID_ALPHA0.5_BETA0.5,0.5,0.5,100,x2=0.0,1.0,0.1023,0.23427
3-chain-non-linear,9,50,hybrid,HYBRID_ALPHA0.5_BETA0.5,0.5,0.5,100,x2=0.0,0.975,0.04468,0.06216
3-chain-non-linear,10,51,hybrid,HYBRID_ALPHA0.5_BETA0.5,0.5,0.5,100,x2=0.0,1.0,0.04822,0.06812
3-chain-non-linear,1,42,hybrid,HYBRID_ALPHA0.4_BETA0.6,0.4,0.6,100,x2=0.0,1.0,0.07084,0.20046
3-chain-non-linear,2,43,hybrid,HYBRID_ALPHA0.4_BETA0.6,0.4,0.6,100,x2=0.0,1.0,0.08085,0.27065
3-chain-non-linear,3,44,hybrid,HYBRID_ALPHA0.4_BETA0.6,0.4,0.6,100,x2=0.0,1.0,0.03744,0.02128
3-chain-non-linear,4,45,hybrid,HYBRID_ALPHA0.4_BETA0.6,0.4,0.6,100,x2=0.0,1.0,0.04282,0.10188
3-chain-non-linear,5,46,hybrid,HYBRID_ALPHA0.4_BETA0.6,0.4,0.6,100,x2=0.0,0.975,0.0463,0.0611
3-chain-non-linear,6,47,hybrid,HYBRID_ALPHA0.4_BETA0.6,0.4,0.6,100,x2=0.0,1.0,0.13783,0.45775
3-chain-non-linear,7,48,hybrid,HYBRID_ALPHA0.4_BETA0.6,0.4,0.6,100,x2=0.0,0.95,0.08512,0.0499
3-chain-non-linear,8,49,hybrid,HYBRID_ALPHA0.4_BETA0.6,0.4,0.6,100,x2=0.0,1.0,0.11181,0.2826
3-chain-non-linear,9,50,hybrid,HYBRID_ALPHA0.4_BETA0.6,0.4,0.6,100,x2=0.0,1.0,0.04898,0.14863
3-chain-non-linear,10,51,hybrid,HYBRID_ALPHA0.4_BETA0.6,0.4,0.6,100,x2=0.0,0.975,0.04883,0.09522
3-chain-non-linear,1,42,hybrid,HYBRID_ALPHA0.3_BETA0.7,0.3,0.7,100,x2=0.0,1.0,0.08595,0.14514
3-chain-non-linear,2,43,hybrid,HYBRID_ALPHA0.3_BETA0.7,0.3,0.7,100,x2=0.0,1.0,0.14387,0.41925
3-chain-non-linear,3,44,hybrid,HYBRID_ALPHA0.3_BETA0.7,0.3,0.7,100,x2=0.0,1.0,0.03981,0.06709
3-chain-non-linear,4,45,hybrid,HYBRID_ALPHA0.3_BETA0.7,0.3,0.7,100,x2=0.0,1.0,0.13844,0.33903
3-chain-non-linear,5,46,hybrid,HYBRID_ALPHA0.3_BETA0.7,0.3,0.7,100,x2=0.0,1.0,0.05526,0.17429
3-chain-non-linear,6,47,hybrid,HYBRID_ALPHA0.3_BETA0.7,0.3,0.7,100,x2=0.0,0.975,0.08499,0.19279
3-chain-non-linear,7,48,hybrid,HYBRID_ALPHA0.3_BETA0.7,0.3,0.7,100,x2=0.0,0.95,0.07078,0.1154
3-chain-non-linear,8,49,hybrid,HYBRID_ALPHA0.3_BETA0.7,0.3,0.7,100,x2=0.0,1.0,0.10645,0.28772
3-chain-non-linear,9,50,hybrid,HYBRID_ALPHA0.3_BETA0.7,0.3,0.7,100,x2=0.0,0.975,0.06194,0.11368
3-chain-non-linear,10,51,hybrid,HYBRID_ALPHA0.3_BETA0.7,0.3,0.7,100,x2=0.0,0.975,0.04949,0.04757
3-chain-non-linear,1,42,hybrid,HYBRID_ALPHA0.2_BETA0.8,0.2,0.8,100,x2=0.0,0.975,0.0658,0.06104
3-chain-non-linear,2,43,hybrid,HYBRID_ALPHA0.2_BETA0.8,0.2,0.8,100,x2=0.0,1.0,0.17612,0.53245
3-chain-non-linear,3,44,hybrid,HYBRID_ALPHA0.2_BETA0.8,0.2,0.8,100,x2=0.0,0.975,0.04282,0.09898
3-chain-non-linear,4,45,hybrid,HYBRID_ALPHA0.2_BETA0.8,0.2,0.8,100,x2=0.0,0.975,0.03548,0.04613
3-chain-non-linear,5,46,hybrid,HYBRID_ALPHA0.2_BETA0.8,0.2,0.8,100,x2=0.0,1.0,0.08399,0.3678
3-chain-non-linear,6,47,hybrid,HYBRID_ALPHA0.2_BETA0.8,0.2,0.8,100,x2=0.0,1.0,0.13745,0.36872
3-chain-non-linear,7,48,hybrid,HYBRID_ALPHA0.2_BETA0.8,0.2,0.8,100,x2=0.0,0.975,0.09171,0.13207
3-chain-non-linear,8,49,hybrid,HYBRID_ALPHA0.2_BETA0.8,0.2,0.8,100,x2=0.0,0.975,0.08322,0.0928
3-chain-non-linear,9,50,hybrid,HYBRID_ALPHA0.2_BETA0.8,0.2,0.8,100,x2=0.0,1.0,0.07966,0.28619
3-chain-non-linear,10,51,hybrid,HYBRID_ALPHA0.2_BETA0.8,0.2,0.8,100,x2=0.0,0.975,0.13908,0.39116
4-chain-linear,1,42,mse,MSE,1.0,0.0,50,x2=0.0,1.0,0.13294,0.01081
4-chain-linear,2,43,mse,MSE,1.0,0.0,50,x2=0.0,1.0,0.14886,0.01797
4-chain-linear,3,44,mse,MSE,1.0,0.0,50,x2=0.0,1.0,0.14612,0.04448
4-chain-linear,4,45,mse,MSE,1.0,0.0,50,x2=0.0,1.0,0.15921,0.05505
4-chain-linear,5,46,mse,MSE,1.0,0.0,50,x2=0.0,1.0,0.11574,0.02734
4-chain-linear,6,47,mse,MSE,1.0,0.0,50,x2=0.0,1.0,0.14198,0.00436
4-chain-linear,7,48,mse,MSE,1.0,0.0,50,x2=0.0,1.0,0.13496,0.05093
4-chain-linear,8,49,mse,MSE,1.0,0.0,50,x2=0.0,1.0,0.13739,0.04203
4-chain-linear,9,50,mse,MSE,1.0,0.0,50,x2=0.0,1.0,0.14209,0.01007
4-chain-linear,10,51,mse,MSE,1.0,0.0,50,x2=0.0,1.0,0.14919,0.02034
4-chain-linear,1,42,hybrid,HYBRID_ALPHA0.9_BETA0.1,0.9,0.1,50,x2=0.0,0.95,0.14731,0.10509
4-chain-linear,2,43,hybrid,HYBRID_ALPHA0.9_BETA0.1,0.9,0.1,50,x2=0.0,1.0,0.14809,0.00907
4-chain-linear,3,44,hybrid,HYBRID_ALPHA0.9_BETA0.1,0.9,0.1,50,x2=0.0,1.0,0.14612,0.04448
4-chain-linear,4,45,hybrid,HYBRID_ALPHA0.9_BETA0.1,0.9,0.1,50,x2=0.0,1.0,0.15853,0.05505
4-chain-linear,5,46,hybrid,HYBRID_ALPHA0.9_BETA0.1,0.9,0.1,50,x2=0.0,1.0,0.13979,0.00962
4-chain-linear,6,47,hybrid,HYBRID_ALPHA0.9_BETA0.1,0.9,0.1,50,x2=0.0,1.0,0.14164,0.01109
4-chain-linear,7,48,hybrid,HYBRID_ALPHA0.9_BETA0.1,0.9,0.1,50,x2=0.0,1.0,0.13595,0.04993
4-chain-linear,8,49,hybrid,HYBRID_ALPHA0.9_BETA0.1,0.9,0.1,50,x2=0.0,1.0,0.13896,0.04203
4-chain-linear,9,50,hybrid,HYBRID_ALPHA0.9_BETA0.1,0.9,0.1,50,x2=0.0,1.0,0.14249,0.01
4-chain-linear,10,51,hybrid,HYBRID_ALPHA0.9_BETA0.1,0.9,0.1,50,x2=0.0,1.0,0.15421,0.02955
4-chain-linear,1,42,hybrid,HYBRID_ALPHA0.8_BETA0.2,0.8,0.2,50,x2=0.0,0.95,0.14915,0.10659
4-chain-linear,2,43,hybrid,HYBRID_ALPHA0.8_BETA0.2,0.8,0.2,50,x2=0.0,1.0,0.14813,0.00903
4-chain-linear,3,44,hybrid,HYBRID_ALPHA0.8_BETA0.2,0.8,0.2,50,x2=0.0,1.0,0.147,0.04449
4-chain-linear,4,45,hybrid,HYBRID_ALPHA0.8_BETA0.2,0.8,0.2,50,x2=0.0,1.0,0.15645,0.05505
4-chain-linear,5,46,hybrid,HYBRID_ALPHA0.8_BETA0.2,0.8,0.2,50,x2=0.0,1.0,0.13982,0.00992
4-chain-linear,6,47,hybrid,HYBRID_ALPHA0.8_BETA0.2,0.8,0.2,50,x2=0.0,1.0,0.14309,0.00906
4-chain-linear,7,48,hybrid,HYBRID_ALPHA0.8_BETA0.2,0.8,0.2,50,x2=0.0,1.0,0.13641,0.05006
4-chain-linear,8,49,hybrid,HYBRID_ALPHA0.8_BETA0.2,0.8,0.2,50,x2=0.0,1.0,0.1437,0.04215
4-chain-linear,9,50,hybrid,HYBRID_ALPHA0.8_BETA0.2,0.8,0.2,50,x2=0.0,1.0,0.14711,0.00993
4-chain-linear,10,51,hybrid,HYBRID_ALPHA0.8_BETA0.2,0.8,0.2,50,x2=0.0,1.0,0.1659,0.03675
4-chain-linear,1,42,hybrid,HYBRID_ALPHA0.7_BETA0.3,0.7,0.3,50,x2=0.0,1.0,0.15068,0.05248
4-chain-linear,2,43,hybrid,HYBRID_ALPHA0.7_BETA0.3,0.7,0.3,50,x2=0.0,1.0,0.1482,0.00901
4-chain-linear,3,44,hybrid,HYBRID_ALPHA0.7_BETA0.3,0.7,0.3,50,x2=0.0,1.0,0.14761,0.04453
4-chain-linear,4,45,hybrid,HYBRID_ALPHA0.7_BETA0.3,0.7,0.3,50,x2=0.0,1.0,0.16979,0.05513
4-chain-linear,5,46,hybrid,HYBRID_ALPHA0.7_BETA0.3,0.7,0.3,50,x2=0.0,1.0,0.15003,0.02109
4-chain-linear,6,47,hybrid,HYBRID_ALPHA0.7_BETA0.3,0.7,0.3,50,x2=0.0,1.0,0.14188,0.03492
4-chain-linear,7,48,hybrid,HYBRID_ALPHA0.7_BETA0.3,0.7,0.3,50,x2=0.0,1.0,0.13743,0.05006
4-chain-linear,8,49,hybrid,HYBRID_ALPHA0.7_BETA0.3,0.7,0.3,50,x2=0.0,1.0,0.14153,0.04216
4-chain-linear,9,50,hybrid,HYBRID_ALPHA0.7_BETA0.3,0.7,0.3,50,x2=0.0,1.0,0.15008,0.03577
4-chain-linear,10,51,hybrid,HYBRID_ALPHA0.7_BETA0.3,0.7,0.3,50,x2=0.0,1.0,0.16819,0.0456
4-chain-linear,1,42,hybrid,HYBRID_ALPHA0.6_BETA0.4,0.6,0.4,50,x2=0.0,1.0,0.14832,0.03243
4-chain-linear,2,43,hybrid,HYBRID_ALPHA0.6_BETA0.4,0.6,0.4,50,x2=0.0,1.0,0.14758,0.01941
4-chain-linear,3,44,hybrid,HYBRID_ALPHA0.6_BETA0.4,0.6,0.4,50,x2=0.0,1.0,0.14797,0.04473
4-chain-linear,4,45,hybrid,HYBRID_ALPHA0.6_BETA0.4,0.6,0.4,50,x2=0.0,1.0,0.17228,0.05513
4-chain-linear,5,46,hybrid,HYBRID_ALPHA0.6_BETA0.4,0.6,0.4,50,x2=0.0,1.0,0.15099,0.02129
4-chain-linear,6,47,hybrid,HYBRID_ALPHA0.6_BETA0.4,0.6,0.4,50,x2=0.0,1.0,0.14298,0.01471
4-chain-linear,7,48,hybrid,HYBRID_ALPHA0.6_BETA0.4,0.6,0.4,50,x2=0.0,1.0,0.13724,0.05097
4-chain-linear,8,49,hybrid,HYBRID_ALPHA0.6_BETA0.4,0.6,0.4,50,x2=0.0,1.0,0.15124,0.04216
4-chain-linear,9,50,hybrid,HYBRID_ALPHA0.6_BETA0.4,0.6,0.4,50,x2=0.0,1.0,0.15064,0.02692
4-chain-linear,10,51,hybrid,HYBRID_ALPHA0.6_BETA0.4,0.6,0.4,50,x2=0.0,0.975,0.16138,0.04557
4-chain-linear,1,42,hybrid,HYBRID_ALPHA0.5_BETA0.5,0.5,0.5,50,x2=0.0,1.0,0.1394,0.02996
4-chain-linear,2,43,hybrid,HYBRID_ALPHA0.5_BETA0.5,0.5,0.5,50,x2=0.0,1.0,0.14833,0.01946
4-chain-linear,3,44,hybrid,HYBRID_ALPHA0.5_BETA0.5,0.5,0.5,50,x2=0.0,1.0,0.14838,0.04837
4-chain-linear,4,45,hybrid,HYBRID_ALPHA0.5_BETA0.5,0.5,0.5,50,x2=0.0,1.0,0.17228,0.0555
4-chain-linear,5,46,hybrid,HYBRID_ALPHA0.5_BETA0.5,0.5,0.5,50,x2=0.0,1.0,0.15177,0.02126
4-chain-linear,6,47,hybrid,HYBRID_ALPHA0.5_BETA0.5,0.5,0.5,50,x2=0.0,1.0,0.14047,0.03749
4-chain-linear,7,48,hybrid,HYBRID_ALPHA0.5_BETA0.5,0.5,0.5,50,x2=0.0,1.0,0.14841,0.05002
4-chain-linear,8,49,hybrid,HYBRID_ALPHA0.5_BETA0.5,0.5,0.5,50,x2=0.0,1.0,0.15311,0.04216
4-chain-linear,9,50,hybrid,HYBRID_ALPHA0.5_BETA0.5,0.5,0.5,50,x2=0.0,1.0,0.14973,0.02391
4-chain-linear,10,51,hybrid,HYBRID_ALPHA0.5_BETA0.5,0.5,0.5,50,x2=0.0,1.0,0.16622,0.04563
4-chain-linear,1,42,hybrid,HYBRID_ALPHA0.4_BETA0.6,0.4,0.6,50,x2=0.0,1.0,0.13679,0.02508
4-chain-linear,2,43,hybrid,HYBRID_ALPHA0.4_BETA0.6,0.4,0.6,50,x2=0.0,1.0,0.15295,0.02052
4-chain-linear,3,44,hybrid,HYBRID_ALPHA0.4_BETA0.6,0.4,0.6,50,x2=0.0,1.0,0.15094,0.04893
4-chain-linear,4,45,hybrid,HYBRID_ALPHA0.4_BETA0.6,0.4,0.6,50,x2=0.0,1.0,0.16839,0.05551
4-chain-linear,5,46,hybrid,HYBRID_ALPHA0.4_BETA0.6,0.4,0.6,50,x2=0.0,1.0,0.15246,0.02126
4-chain-linear,6,47,hybrid,HYBRID_ALPHA0.4_BETA0.6,0.4,0.6,50,x2=0.0,1.0,0.14294,0.02395
4-chain-linear,7,48,hybrid,HYBRID_ALPHA0.4_BETA0.6,0.4,0.6,50,x2=0.0,1.0,0.14233,0.04936
4-chain-linear,8,49,hybrid,HYBRID_ALPHA0.4_BETA0.6,0.4,0.6,50,x2=0.0,1.0,0.15346,0.04214
4-chain-linear,9,50,hybrid,HYBRID_ALPHA0.4_BETA0.6,0.4,0.6,50,x2=0.0,1.0,0.15185,0.0006
4-chain-linear,10,51,hybrid,HYBRID_ALPHA0.4_BETA0.6,0.4,0.6,50,x2=0.0,1.0,0.16676,0.02902
4-chain-linear,1,42,hybrid,HYBRID_ALPHA0.3_BETA0.7,0.3,0.7,50,x2=0.0,1.0,0.13755,0.02132
4-chain-linear,2,43,hybrid,HYBRID_ALPHA0.3_BETA0.7,0.3,0.7,50,x2=0.0,1.0,0.16293,0.02059
4-chain-linear,3,44,hybrid,HYBRID_ALPHA0.3_BETA0.7,0.3,0.7,50,x2=0.0,1.0,0.15459,0.05432
4-chain-linear,4,45,hybrid,HYBRID_ALPHA0.3_BETA0.7,0.3,0.7,50,x2=0.0,1.0,0.16258,0.05555
4-chain-linear,5,46,hybrid,HYBRID_ALPHA0.3_BETA0.7,0.3,0.7,50,x2=0.0,1.0,0.1542,0.0272
4-chain-linear,6,47,hybrid,HYBRID_ALPHA0.3_BETA0.7,0.3,0.7,50,x2=0.0,1.0,0.14465,0.00776
4-chain-linear,7,48,hybrid,HYBRID_ALPHA0.3_BETA0.7,0.3,0.7,50,x2=0.0,1.0,0.14131,0.0452
4-chain-linear,8,49,hybrid,HYBRID_ALPHA0.3_BETA0.7,0.3,0.7,50,x2=0.0,1.0,0.15433,0.04213
4-chain-linear,9,50,hybrid,HYBRID_ALPHA0.3_BETA0.7,0.3,0.7,50,x2=0.0,1.0,0.15587,0.02966
4-chain-linear,10,51,hybrid,HYBRID_ALPHA0.3_BETA0.7,0.3,0.7,50,x2=0.0,1.0,0.16826,0.02845
4-chain-linear,1,42,hybrid,HYBRID_ALPHA0.2_BETA0.8,0.2,0.8,50,x2=0.0,1.0,0.13583,0.07224
4-chain-linear,2,43,hybrid,HYBRID_ALPHA0.2_BETA0.8,0.2,0.8,50,x2=0.0,1.0,0.15954,0.03186
4-chain-linear,3,44,hybrid,HYBRID_ALPHA0.2_BETA0.8,0.2,0.8,50,x2=0.0,1.0,0.15487,0.0553
4-chain-linear,4,45,hybrid,HYBRID_ALPHA0.2_BETA0.8,0.2,0.8,50,x2=0.0,1.0,0.16159,0.05572
4-chain-linear,5,46,hybrid,HYBRID_ALPHA0.2_BETA0.8,0.2,0.8,50,x2=0.0,1.0,0.15424,0.02721
4-chain-linear,6,47,hybrid,HYBRID_ALPHA0.2_BETA0.8,0.2,0.8,50,x2=0.0,1.0,0.14785,0.02421
4-chain-linear,7,48,hybrid,HYBRID_ALPHA0.2_BETA0.8,0.2,0.8,50,x2=0.0,1.0,0.13989,0.04158
4-chain-linear,8,49,hybrid,HYBRID_ALPHA0.2_BETA0.8,0.2,0.8,50,x2=0.0,1.0,0.15521,0.04216
4-chain-linear,9,50,hybrid,HYBRID_ALPHA0.2_BETA0.8,0.2,0.8,50,x2=0.0,1.0,0.1623,0.00541
4-chain-linear,10,51,hybrid,HYBRID_ALPHA0.2_BETA0.8,0.2,0.8,50,x2=0.0,1.0,0.17405,0.00259
4-chain-linear,1,42,mse,MSE,1.0,0.0,100,x2=0.0,1.0,0.15694,0.04551
4-chain-linear,2,43,mse,MSE,1.0,0.0,100,x2=0.0,1.0,0.46172,0.02489
4-chain-linear,3,44,mse,MSE,1.0,0.0,100,x2=0.0,1.0,0.13576,0.06698
4-chain-linear,4,45,mse,MSE,1.0,0.0,100,x2=0.0,1.0,0.12696,0.12402
4-chain-linear,5,46,mse,MSE,1.0,0.0,100,x2=0.0,1.0,0.14253,0.04307
4-chain-linear,6,47,mse,MSE,1.0,0.0,100,x2=0.0,1.0,0.16259,0.04499
4-chain-linear,7,48,mse,MSE,1.0,0.0,100,x2=0.0,1.0,0.13576,0.04201
4-chain-linear,8,49,mse,MSE,1.0,0.0,100,x2=0.0,1.0,0.11824,0.0837
4-chain-linear,9,50,mse,MSE,1.0,0.0,100,x2=0.0,1.0,0.13251,0.06746
4-chain-linear,10,51,mse,MSE,1.0,0.0,100,x2=0.0,1.0,0.12506,0.01837
4-chain-linear,1,42,hybrid,HYBRID_ALPHA0.9_BETA0.1,0.9,0.1,100,x2=0.0,1.0,0.15683,0.04551
4-chain-linear,2,43,hybrid,HYBRID_ALPHA0.9_BETA0.1,0.9,0.1,100,x2=0.0,1.0,0.46118,0.0245
4-chain-linear,3,44,hybrid,HYBRID_ALPHA0.9_BETA0.1,0.9,0.1,100,x2=0.0,1.0,0.13671,0.04991
4-chain-linear,4,45,hybrid,HYBRID_ALPHA0.9_BETA0.1,0.9,0.1,100,x2=0.0,1.0,0.12862,0.13101
4-chain-linear,5,46,hybrid,HYBRID_ALPHA0.9_BETA0.1,0.9,0.1,100,x2=0.0,1.0,0.14279,0.04307
4-chain-linear,6,47,hybrid,HYBRID_ALPHA0.9_BETA0.1,0.9,0.1,100,x2=0.0,1.0,0.16243,0.04499
4-chain-linear,7,48,hybrid,HYBRID_ALPHA0.9_BETA0.1,0.9,0.1,100,x2=0.0,1.0,0.14034,0.04226
4-chain-linear,8,49,hybrid,HYBRID_ALPHA0.9_BETA0.1,0.9,0.1,100,x2=0.0,1.0,0.1422,0.08304
4-chain-linear,9,50,hybrid,HYBRID_ALPHA0.9_BETA0.1,0.9,0.1,100,x2=0.0,1.0,0.13126,0.06732
4-chain-linear,10,51,hybrid,HYBRID_ALPHA0.9_BETA0.1,0.9,0.1,100,x2=0.0,1.0,0.12495,0.02346
4-chain-linear,1,42,hybrid,HYBRID_ALPHA0.8_BETA0.2,0.8,0.2,100,x2=0.0,1.0,0.15739,0.04587
4-chain-linear,2,43,hybrid,HYBRID_ALPHA0.8_BETA0.2,0.8,0.2,100,x2=0.0,1.0,0.4606,0.02439
4-chain-linear,3,44,hybrid,HYBRID_ALPHA0.8_BETA0.2,0.8,0.2,100,x2=0.0,1.0,0.13826,0.03576
4-chain-linear,4,45,hybrid,HYBRID_ALPHA0.8_BETA0.2,0.8,0.2,100,x2=0.0,1.0,0.12974,0.13545
4-chain-linear,5,46,hybrid,HYBRID_ALPHA0.8_BETA0.2,0.8,0.2,100,x2=0.0,1.0,0.14307,0.04304
4-chain-linear,6,47,hybrid,HYBRID_ALPHA0.8_BETA0.2,0.8,0.2,100,x2=0.0,1.0,0.16086,0.04499
4-chain-linear,7,48,hybrid,HYBRID_ALPHA0.8_BETA0.2,0.8,0.2,100,x2=0.0,1.0,0.13901,0.04238
4-chain-linear,8,49,hybrid,HYBRID_ALPHA0.8_BETA0.2,0.8,0.2,100,x2=0.0,1.0,0.14409,0.08004
4-chain-linear,9,50,hybrid,HYBRID_ALPHA0.8_BETA0.2,0.8,0.2,100,x2=0.0,1.0,0.13149,0.06775
4-chain-linear,10,51,hybrid,HYBRID_ALPHA0.8_BETA0.2,0.8,0.2,100,x2=0.0,1.0,0.12731,0.021
4-chain-linear,1,42,hybrid,HYBRID_ALPHA0.7_BETA0.3,0.7,0.3,100,x2=0.0,1.0,0.15767,0.04588
4-chain-linear,2,43,hybrid,HYBRID_ALPHA0.7_BETA0.3,0.7,0.3,100,x2=0.0,1.0,0.46021,0.02435
4-chain-linear,3,44,hybrid,HYBRID_ALPHA0.7_BETA0.3,0.7,0.3,100,x2=0.0,1.0,0.14055,0.02749
4-chain-linear,4,45,hybrid,HYBRID_ALPHA0.7_BETA0.3,0.7,0.3,100,x2=0.0,1.0,0.13026,0.14045
4-chain-linear,5,46,hybrid,HYBRID_ALPHA0.7_BETA0.3,0.7,0.3,100,x2=0.0,1.0,0.14225,0.04321
4-chain-linear,6,47,hybrid,HYBRID_ALPHA0.7_BETA0.3,0.7,0.3,100,x2=0.0,1.0,0.16087,0.04522
4-chain-linear,7,48,hybrid,HYBRID_ALPHA0.7_BETA0.3,0.7,0.3,100,x2=0.0,1.0,0.13529,0.04247
4-chain-linear,8,49,hybrid,HYBRID_ALPHA0.7_BETA0.3,0.7,0.3,100,x2=0.0,1.0,0.1445,0.07834
4-chain-linear,9,50,hybrid,HYBRID_ALPHA0.7_BETA0.3,0.7,0.3,100,x2=0.0,1.0,0.13208,0.06989
4-chain-linear,10,51,hybrid,HYBRID_ALPHA0.7_BETA0.3,0.7,0.3,100,x2=0.0,1.0,0.12737,0.01183
4-chain-linear,1,42,hybrid,HYBRID_ALPHA0.6_BETA0.4,0.6,0.4,100,x2=0.0,1.0,0.15778,0.04975
4-chain-linear,2,43,hybrid,HYBRID_ALPHA0.6_BETA0.4,0.6,0.4,100,x2=0.0,1.0,0.46041,0.0243
4-chain-linear,3,44,hybrid,HYBRID_ALPHA0.6_BETA0.4,0.6,0.4,100,x2=0.0,1.0,0.14645,0.0205
4-chain-linear,4,45,hybrid,HYBRID_ALPHA0.6_BETA0.4,0.6,0.4,100,x2=0.0,1.0,0.13056,0.144
4-chain-linear,5,46,hybrid,HYBRID_ALPHA0.6_BETA0.4,0.6,0.4,100,x2=0.0,1.0,0.1423,0.04327
4-chain-linear,6,47,hybrid,HYBRID_ALPHA0.6_BETA0.4,0.6,0.4,100,x2=0.0,1.0,0.15999,0.04522
4-chain-linear,7,48,hybrid,HYBRID_ALPHA0.6_BETA0.4,0.6,0.4,100,x2=0.0,1.0,0.13425,0.04278
4-chain-linear,8,49,hybrid,HYBRID_ALPHA0.6_BETA0.4,0.6,0.4,100,x2=0.0,1.0,0.14503,0.07611
4-chain-linear,9,50,hybrid,HYBRID_ALPHA0.6_BETA0.4,0.6,0.4,100,x2=0.0,1.0,0.12882,0.07122
4-chain-linear,10,51,hybrid,HYBRID_ALPHA0.6_BETA0.4,0.6,0.4,100,x2=0.0,1.0,0.12803,0.0041
4-chain-linear,1,42,hybrid,HYBRID_ALPHA0.5_BETA0.5,0.5,0.5,100,x2=0.0,0.975,0.15821,0.05263
4-chain-linear,2,43,hybrid,HYBRID_ALPHA0.5_BETA0.5,0.5,0.5,100,x2=0.0,1.0,0.46071,0.02921
4-chain-linear,3,44,hybrid,HYBRID_ALPHA0.5_BETA0.5,0.5,0.5,100,x2=0.0,1.0,0.15484,0.01898
4-chain-linear,4,45,hybrid,HYBRID_ALPHA0.5_BETA0.5,0.5,0.5,100,x2=0.0,1.0,0.13126,0.142
4-chain-linear,5,46,hybrid,HYBRID_ALPHA0.5_BETA0.5,0.5,0.5,100,x2=0.0,1.0,0.14261,0.04357
4-chain-linear,6,47,hybrid,HYBRID_ALPHA0.5_BETA0.5,0.5,0.5,100,x2=0.0,1.0,0.15983,0.04522
4-chain-linear,7,48,hybrid,HYBRID_ALPHA0.5_BETA0.5,0.5,0.5,100,x2=0.0,1.0,0.13185,0.0005
4-chain-linear,8,49,hybrid,HYBRID_ALPHA0.5_BETA0.5,0.5,0.5,100,x2=0.0,1.0,0.14588,0.07767
4-chain-linear,9,50,hybrid,HYBRID_ALPHA0.5_BETA0.5,0.5,0.5,100,x2=0.0,1.0,0.13008,0.0775
4-chain-linear,10,51,hybrid,HYBRID_ALPHA0.5_BETA0.5,0.5,0.5,100,x2=0.0,1.0,0.12886,0.001
4-chain-linear,1,42,hybrid,HYBRID_ALPHA0.4_BETA0.6,0.4,0.6,100,x2=0.0,1.0,0.15891,0.05611
4-chain-linear,2,43,hybrid,HYBRID_ALPHA0.4_BETA0.6,0.4,0.6,100,x2=0.0,1.0,0.46077,0.02639
4-chain-linear,3,44,hybrid,HYBRID_ALPHA0.4_BETA0.6,0.4,0.6,100,x2=0.0,1.0,0.15504,0.02606
4-chain-linear,4,45,hybrid,HYBRID_ALPHA0.4_BETA0.6,0.4,0.6,100,x2=0.0,1.0,0.13169,0.14807
4-chain-linear,5,46,hybrid,HYBRID_ALPHA0.4_BETA0.6,0.4,0.6,100,x2=0.0,1.0,0.1424,0.0449
4-chain-linear,6,47,hybrid,HYBRID_ALPHA0.4_BETA0.6,0.4,0.6,100,x2=0.0,1.0,0.1597,0.04504
4-chain-linear,7,48,hybrid,HYBRID_ALPHA0.4_BETA0.6,0.4,0.6,100,x2=0.0,1.0,0.13327,0.01328
4-chain-linear,8,49,hybrid,HYBRID_ALPHA0.4_BETA0.6,0.4,0.6,100,x2=0.0,1.0,0.14659,0.11834
4-chain-linear,9,50,hybrid,HYBRID_ALPHA0.4_BETA0.6,0.4,0.6,100,x2=0.0,1.0,0.13098,0.08205
4-chain-linear,10,51,hybrid,HYBRID_ALPHA0.4_BETA0.6,0.4,0.6,100,x2=0.0,1.0,0.13129,0.00771
4-chain-linear,1,42,hybrid,HYBRID_ALPHA0.3_BETA0.7,0.3,0.7,100,x2=0.0,1.0,0.15472,0.1099
4-chain-linear,2,43,hybrid,HYBRID_ALPHA0.3_BETA0.7,0.3,0.7,100,x2=0.0,1.0,0.46082,0.00863
4-chain-linear,3,44,hybrid,HYBRID_ALPHA0.3_BETA0.7,0.3,0.7,100,x2=0.0,1.0,0.15971,0.03289
4-chain-linear,4,45,hybrid,HYBRID_ALPHA0.3_BETA0.7,0.3,0.7,100,x2=0.0,1.0,0.13272,0.14203
4-chain-linear,5,46,hybrid,HYBRID_ALPHA0.3_BETA0.7,0.3,0.7,100,x2=0.0,1.0,0.14131,0.04744
4-chain-linear,6,47,hybrid,HYBRID_ALPHA0.3_BETA0.7,0.3,0.7,100,x2=0.0,1.0,0.15494,0.03271
4-chain-linear,7,48,hybrid,HYBRID_ALPHA0.3_BETA0.7,0.3,0.7,100,x2=0.0,1.0,0.13459,0.01393
4-chain-linear,8,49,hybrid,HYBRID_ALPHA0.3_BETA0.7,0.3,0.7,100,x2=0.0,1.0,0.14688,0.12826
4-chain-linear,9,50,hybrid,HYBRID_ALPHA0.3_BETA0.7,0.3,0.7,100,x2=0.0,1.0,0.13242,0.08403
4-chain-linear,10,51,hybrid,HYBRID_ALPHA0.3_BETA0.7,0.3,0.7,100,x2=0.0,1.0,0.13678,0.01818
4-chain-linear,1,42,hybrid,HYBRID_ALPHA0.2_BETA0.8,0.2,0.8,100,x2=0.0,1.0,0.15619,0.13929
4-chain-linear,2,43,hybrid,HYBRID_ALPHA0.2_BETA0.8,0.2,0.8,100,x2=0.0,1.0,0.46092,0.02041
4-chain-linear,3,44,hybrid,HYBRID_ALPHA0.2_BETA0.8,0.2,0.8,100,x2=0.0,1.0,0.16076,0.03885
4-chain-linear,4,45,hybrid,HYBRID_ALPHA0.2_BETA0.8,0.2,0.8,100,x2=0.0,1.0,0.13277,0.0828
4-chain-linear,5,46,hybrid,HYBRID_ALPHA0.2_BETA0.8,0.2,0.8,100,x2=0.0,1.0,0.14102,0.05323
4-chain-linear,6,47,hybrid,HYBRID_ALPHA0.2_BETA0.8,0.2,0.8,100,x2=0.0,1.0,0.15926,0.045
4-chain-linear,7,48,hybrid,HYBRID_ALPHA0.2_BETA0.8,0.2,0.8,100,x2=0.0,1.0,0.1366,0.01822
4-chain-linear,8,49,hybrid,HYBRID_ALPHA0.2_BETA0.8,0.2,0.8,100,x2=0.0,1.0,0.14815,0.09693
4-chain-linear,9,50,hybrid,HYBRID_ALPHA0.2_BETA0.8,0.2,0.8,100,x2=0.0,1.0,0.13375,0.08985
4-chain-linear,10,51,hybrid,HYBRID_ALPHA0.2_BETA0.8,0.2,0.8,100,x2=0.0,1.0,0.1359,0.0084
5-chain-linear,1,42,mse,MSE,1.0,0.0,50,x2=0.0,0.675,0.03647,0.77691
5-chain-linear,2,43,mse,MSE,1.0,0.0,50,x2=0.0,0.625,0.02297,0.769
5-chain-linear,3,44,mse,MSE,1.0,0.0,50,x2=0.0,0.6,0.03065,0.82186
5-chain-linear,4,45,mse,MSE,1.0,0.0,50,x2=0.0,0.525,0.04464,0.77179
5-chain-linear,5,46,mse,MSE,1.0,0.0,50,x2=0.0,0.625,0.02736,0.76746
5-chain-linear,6,47,mse,MSE,1.0,0.0,50,x2=0.0,0.675,0.02243,0.77172
5-chain-linear,7,48,mse,MSE,1.0,0.0,50,x2=0.0,0.65,0.03244,0.77175
5-chain-linear,8,49,mse,MSE,1.0,0.0,50,x2=0.0,0.675,0.03731,0.77329
5-chain-linear,9,50,mse,MSE,1.0,0.0,50,x2=0.0,0.6,0.02816,0.7706
5-chain-linear,10,51,mse,MSE,1.0,0.0,50,x2=0.0,0.6,0.02097,0.77165
5-chain-linear,1,42,hybrid,HYBRID_ALPHA0.9_BETA0.1,0.9,0.1,50,x2=0.0,0.675,0.03646,0.7775
5-chain-linear,2,43,hybrid,HYBRID_ALPHA0.9_BETA0.1,0.9,0.1,50,x2=0.0,0.6,0.02291,0.76871
5-chain-linear,3,44,hybrid,HYBRID_ALPHA0.9_BETA0.1,0.9,0.1,50,x2=0.0,0.65,0.02968,0.81842
5-chain-linear,4,45,hybrid,HYBRID_ALPHA0.9_BETA0.1,0.9,0.1,50,x2=0.0,0.525,0.04329,0.77179
5-chain-linear,5,46,hybrid,HYBRID_ALPHA0.9_BETA0.1,0.9,0.1,50,x2=0.0,0.575,0.02687,0.76737
5-chain-linear,6,47,hybrid,HYBRID_ALPHA0.9_BETA0.1,0.9,0.1,50,x2=0.0,0.625,0.02244,0.77172
5-chain-linear,7,48,hybrid,HYBRID_ALPHA0.9_BETA0.1,0.9,0.1,50,x2=0.0,0.65,0.03193,0.77175
5-chain-linear,8,49,hybrid,HYBRID_ALPHA0.9_BETA0.1,0.9,0.1,50,x2=0.0,0.725,0.03575,0.77329
5-chain-linear,9,50,hybrid,HYBRID_ALPHA0.9_BETA0.1,0.9,0.1,50,x2=0.0,0.6,0.02683,0.77017
5-chain-linear,10,51,hybrid,HYBRID_ALPHA0.9_BETA0.1,0.9,0.1,50,x2=0.0,0.65,0.02123,0.77166
5-chain-linear,1,42,hybrid,HYBRID_ALPHA0.8_BETA0.2,0.8,0.2,50,x2=0.0,0.675,0.03646,0.77747
5-chain-linear,2,43,hybrid,HYBRID_ALPHA0.8_BETA0.2,0.8,0.2,50,x2=0.0,0.575,0.02293,0.76805
5-chain-linear,3,44,hybrid,HYBRID_ALPHA0.8_BETA0.2,0.8,0.2,50,x2=0.0,0.6,0.02883,0.81604
5-chain-linear,4,45,hybrid,HYBRID_ALPHA0.8_BETA0.2,0.8,0.2,50,x2=0.0,0.525,0.04155,0.77179
5-chain-linear,5,46,hybrid,HYBRID_ALPHA0.8_BETA0.2,0.8,0.2,50,x2=0.0,0.6,0.02642,0.767
5-chain-linear,6,47,hybrid,HYBRID_ALPHA0.8_BETA0.2,0.8,0.2,50,x2=0.0,0.575,0.02245,0.77172
5-chain-linear,7,48,hybrid,HYBRID_ALPHA0.8_BETA0.2,0.8,0.2,50,x2=0.0,0.65,0.03133,0.77183
5-chain-linear,8,49,hybrid,HYBRID_ALPHA0.8_BETA0.2,0.8,0.2,50,x2=0.0,0.625,0.02786,0.77316
5-chain-linear,9,50,hybrid,HYBRID_ALPHA0.8_BETA0.2,0.8,0.2,50,x2=0.0,0.6,0.02645,0.76991
5-chain-linear,10,51,hybrid,HYBRID_ALPHA0.8_BETA0.2,0.8,0.2,50,x2=0.0,0.625,0.01778,0.77166
5-chain-linear,1,42,hybrid,HYBRID_ALPHA0.7_BETA0.3,0.7,0.3,50,x2=0.0,0.675,0.03645,0.77744
5-chain-linear,2,43,hybrid,HYBRID_ALPHA0.7_BETA0.3,0.7,0.3,50,x2=0.0,0.575,0.0223,0.76739
5-chain-linear,3,44,hybrid,HYBRID_ALPHA0.7_BETA0.3,0.7,0.3,50,x2=0.0,0.675,0.02795,0.81324
5-chain-linear,4,45,hybrid,HYBRID_ALPHA0.7_BETA0.3,0.7,0.3,50,x2=0.0,0.525,0.04016,0.77179
5-chain-linear,5,46,hybrid,HYBRID_ALPHA0.7_BETA0.3,0.7,0.3,50,x2=0.0,0.65,0.02555,0.76684
5-chain-linear,6,47,hybrid,HYBRID_ALPHA0.7_BETA0.3,0.7,0.3,50,x2=0.0,0.55,0.02176,0.77173
5-chain-linear,7,48,hybrid,HYBRID_ALPHA0.7_BETA0.3,0.7,0.3,50,x2=0.0,0.65,0.03048,0.77192
5-chain-linear,8,49,hybrid,HYBRID_ALPHA0.7_BETA0.3,0.7,0.3,50,x2=0.0,0.575,0.03025,0.7733
5-chain-linear,9,50,hybrid,HYBRID_ALPHA0.7_BETA0.3,0.7,0.3,50,x2=0.0,0.55,0.02728,0.76962
5-chain-linear,10,51,hybrid,HYBRID_ALPHA0.7_BETA0.3,0.7,0.3,50,x2=0.0,0.65,0.02165,0.77166
5-chain-linear,1,42,hybrid,HYBRID_ALPHA0.6_BETA0.4,0.6,0.4,50,x2=0.0,0.725,0.03692,0.77797
5-chain-linear,2,43,hybrid,HYBRID_ALPHA0.6_BETA0.4,0.6,0.4,50,x2=0.0,0.55,0.02237,0.76691
5-chain-linear,3,44,hybrid,HYBRID_ALPHA0.6_BETA0.4,0.6,0.4,50,x2=0.0,0.625,0.02696,0.80974
5-chain-linear,4,45,hybrid,HYBRID_ALPHA0.6_BETA0.4,0.6,0.4,50,x2=0.0,0.6,0.03899,0.77181
5-chain-linear,5,46,hybrid,HYBRID_ALPHA0.6_BETA0.4,0.6,0.4,50,x2=0.0,0.6,0.02451,0.76633
5-chain-linear,6,47,hybrid,HYBRID_ALPHA0.6_BETA0.4,0.6,0.4,50,x2=0.0,0.575,0.02269,0.77173
5-chain-linear,7,48,hybrid,HYBRID_ALPHA0.6_BETA0.4,0.6,0.4,50,x2=0.0,0.575,0.02944,0.77195
5-chain-linear,8,49,hybrid,HYBRID_ALPHA0.6_BETA0.4,0.6,0.4,50,x2=0.0,0.6,0.0305,0.78119
5-chain-linear,9,50,hybrid,HYBRID_ALPHA0.6_BETA0.4,0.6,0.4,50,x2=0.0,0.575,0.02425,0.76919
5-chain-linear,10,51,hybrid,HYBRID_ALPHA0.6_BETA0.4,0.6,0.4,50,x2=0.0,0.625,0.01722,0.77166
5-chain-linear,1,42,hybrid,HYBRID_ALPHA0.5_BETA0.5,0.5,0.5,50,x2=0.0,0.7,0.03642,0.7778
5-chain-linear,2,43,hybrid,HYBRID_ALPHA0.5_BETA0.5,0.5,0.5,50,x2=0.0,0.55,0.02094,0.76654
5-chain-linear,3,44,hybrid,HYBRID_ALPHA0.5_BETA0.5,0.5,0.5,50,x2=0.0,0.525,0.02592,0.80696
5-chain-linear,4,45,hybrid,HYBRID_ALPHA0.5_BETA0.5,0.5,0.5,50,x2=0.0,0.575,0.03827,0.7718
5-chain-linear,5,46,hybrid,HYBRID_ALPHA0.5_BETA0.5,0.5,0.5,50,x2=0.0,0.575,0.02342,0.76596
5-chain-linear,6,47,hybrid,HYBRID_ALPHA0.5_BETA0.5,0.5,0.5,50,x2=0.0,0.6,0.02148,0.77175
5-chain-linear,7,48,hybrid,HYBRID_ALPHA0.5_BETA0.5,0.5,0.5,50,x2=0.0,0.6,0.02862,0.77195
5-chain-linear,8,49,hybrid,HYBRID_ALPHA0.5_BETA0.5,0.5,0.5,50,x2=0.0,0.625,0.03407,0.77938
5-chain-linear,9,50,hybrid,HYBRID_ALPHA0.5_BETA0.5,0.5,0.5,50,x2=0.0,0.575,0.02262,0.76822
5-chain-linear,10,51,hybrid,HYBRID_ALPHA0.5_BETA0.5,0.5,0.5,50,x2=0.0,0.625,0.02164,0.77166
5-chain-linear,1,42,hybrid,HYBRID_ALPHA0.4_BETA0.6,0.4,0.6,50,x2=0.0,0.7,0.03642,0.77877
5-chain-linear,2,43,hybrid,HYBRID_ALPHA0.4_BETA0.6,0.4,0.6,50,x2=0.0,0.55,0.02039,0.76595
5-chain-linear,3,44,hybrid,HYBRID_ALPHA0.4_BETA0.6,0.4,0.6,50,x2=0.0,0.55,0.02503,0.8043
5-chain-linear,4,45,hybrid,HYBRID_ALPHA0.4_BETA0.6,0.4,0.6,50,x2=0.0,0.6,0.03706,0.7718
5-chain-linear,5,46,hybrid,HYBRID_ALPHA0.4_BETA0.6,0.4,0.6,50,x2=0.0,0.5,0.02284,0.76558
5-chain-linear,6,47,hybrid,HYBRID_ALPHA0.4_BETA0.6,0.4,0.6,50,x2=0.0,0.6,0.02207,0.77175
5-chain-linear,7,48,hybrid,HYBRID_ALPHA0.4_BETA0.6,0.4,0.6,50,x2=0.0,0.65,0.02724,0.77195
5-chain-linear,8,49,hybrid,HYBRID_ALPHA0.4_BETA0.6,0.4,0.6,50,x2=0.0,0.625,0.03001,0.77748
5-chain-linear,9,50,hybrid,HYBRID_ALPHA0.4_BETA0.6,0.4,0.6,50,x2=0.0,0.525,0.02264,0.76738
5-chain-linear,10,51,hybrid,HYBRID_ALPHA0.4_BETA0.6,0.4,0.6,50,x2=0.0,0.675,0.02194,0.77166
5-chain-linear,1,42,hybrid,HYBRID_ALPHA0.3_BETA0.7,0.3,0.7,50,x2=0.0,0.7,0.03042,0.77513
5-chain-linear,2,43,hybrid,HYBRID_ALPHA0.3_BETA0.7,0.3,0.7,50,x2=0.0,0.525,0.02009,0.76573
5-chain-linear,3,44,hybrid,HYBRID_ALPHA0.3_BETA0.7,0.3,0.7,50,x2=0.0,0.575,0.02672,0.80896
5-chain-linear,4,45,hybrid,HYBRID_ALPHA0.3_BETA0.7,0.3,0.7,50,x2=0.0,0.6,0.03467,0.77082
5-chain-linear,5,46,hybrid,HYBRID_ALPHA0.3_BETA0.7,0.3,0.7,50,x2=0.0,0.575,0.02128,0.76563
5-chain-linear,6,47,hybrid,HYBRID_ALPHA0.3_BETA0.7,0.3,0.7,50,x2=0.0,0.575,0.01983,0.77175
5-chain-linear,7,48,hybrid,HYBRID_ALPHA0.3_BETA0.7,0.3,0.7,50,x2=0.0,0.6,0.0255,0.77195
5-chain-linear,8,49,hybrid,HYBRID_ALPHA0.3_BETA0.7,0.3,0.7,50,x2=0.0,0.6,0.02909,0.7754
5-chain-linear,9,50,hybrid,HYBRID_ALPHA0.3_BETA0.7,0.3,0.7,50,x2=0.0,0.5,0.02355,0.7665
5-chain-linear,10,51,hybrid,HYBRID_ALPHA0.3_BETA0.7,0.3,0.7,50,x2=0.0,0.65,0.02251,0.77166
5-chain-linear,1,42,hybrid,HYBRID_ALPHA0.2_BETA0.8,0.2,0.8,50,x2=0.0,0.7,0.03074,0.77165
5-chain-linear,2,43,hybrid,HYBRID_ALPHA0.2_BETA0.8,0.2,0.8,50,x2=0.0,0.6,0.02363,0.7655
5-chain-linear,3,44,hybrid,HYBRID_ALPHA0.2_BETA0.8,0.2,0.8,50,x2=0.0,0.55,0.02374,0.80595
5-chain-linear,4,45,hybrid,HYBRID_ALPHA0.2_BETA0.8,0.2,0.8,50,x2=0.0,0.6,0.03306,0.76906
5-chain-linear,5,46,hybrid,HYBRID_ALPHA0.2_BETA0.8,0.2,0.8,50,x2=0.0,0.575,0.01961,0.76849
5-chain-linear,6,47,hybrid,HYBRID_ALPHA0.2_BETA0.8,0.2,0.8,50,x2=0.0,0.575,0.02019,0.77175
5-chain-linear,7,48,hybrid,HYBRID_ALPHA0.2_BETA0.8,0.2,0.8,50,x2=0.0,0.6,0.02507,0.77195
5-chain-linear,8,49,hybrid,HYBRID_ALPHA0.2_BETA0.8,0.2,0.8,50,x2=0.0,0.625,0.02851,0.77426
5-chain-linear,9,50,hybrid,HYBRID_ALPHA0.2_BETA0.8,0.2,0.8,50,x2=0.0,0.65,0.02317,0.76552
5-chain-linear,10,51,hybrid,HYBRID_ALPHA0.2_BETA0.8,0.2,0.8,50,x2=0.0,0.65,0.01984,0.77166
5-chain-linear,1,42,mse,MSE,1.0,0.0,100,x2=0.0,0.5,0.01974,0.77342
5-chain-linear,2,43,mse,MSE,1.0,0.0,100,x2=0.0,0.575,0.01941,0.78747
5-chain-linear,3,44,mse,MSE,1.0,0.0,100,x2=0.0,0.55,0.01698,0.77338
5-chain-linear,4,45,mse,MSE,1.0,0.0,100,x2=0.0,0.65,0.01661,0.76683
5-chain-linear,5,46,mse,MSE,1.0,0.0,100,x2=0.0,0.575,0.02499,0.79011
5-chain-linear,6,47,mse,MSE,1.0,0.0,100,x2=0.0,0.575,0.03664,0.8621
5-chain-linear,7,48,mse,MSE,1.0,0.0,100,x2=0.0,0.55,0.02616,0.77299
5-chain-linear,8,49,mse,MSE,1.0,0.0,100,x2=0.0,0.6,0.02547,0.77072
5-chain-linear,9,50,mse,MSE,1.0,0.0,100,x2=0.0,0.6,0.02412,0.79642
5-chain-linear,10,51,mse,MSE,1.0,0.0,100,x2=0.0,0.525,0.01698,0.76703
5-chain-linear,1,42,hybrid,HYBRID_ALPHA0.9_BETA0.1,0.9,0.1,100,x2=0.0,0.5,0.01914,0.77342
5-chain-linear,2,43,hybrid,HYBRID_ALPHA0.9_BETA0.1,0.9,0.1,100,x2=0.0,0.525,0.01798,0.78353
5-chain-linear,3,44,hybrid,HYBRID_ALPHA0.9_BETA0.1,0.9,0.1,100,x2=0.0,0.55,0.01661,0.7733
5-chain-linear,4,45,hybrid,HYBRID_ALPHA0.9_BETA0.1,0.9,0.1,100,x2=0.0,0.675,0.01767,0.77228
5-chain-linear,5,46,hybrid,HYBRID_ALPHA0.9_BETA0.1,0.9,0.1,100,x2=0.0,0.575,0.0244,0.78964
5-chain-linear,6,47,hybrid,HYBRID_ALPHA0.9_BETA0.1,0.9,0.1,100,x2=0.0,0.575,0.04692,0.9084
5-chain-linear,7,48,hybrid,HYBRID_ALPHA0.9_BETA0.1,0.9,0.1,100,x2=0.0,0.575,0.02363,0.77645
5-chain-linear,8,49,hybrid,HYBRID_ALPHA0.9_BETA0.1,0.9,0.1,100,x2=0.0,0.6,0.02395,0.76643
5-chain-linear,9,50,hybrid,HYBRID_ALPHA0.9_BETA0.1,0.9,0.1,100,x2=0.0,0.575,0.02428,0.79652
5-chain-linear,10,51,hybrid,HYBRID_ALPHA0.9_BETA0.1,0.9,0.1,100,x2=0.0,0.55,0.01633,0.76693
5-chain-linear,1,42,hybrid,HYBRID_ALPHA0.8_BETA0.2,0.8,0.2,100,x2=0.0,0.525,0.01928,0.77337
5-chain-linear,2,43,hybrid,HYBRID_ALPHA0.8_BETA0.2,0.8,0.2,100,x2=0.0,0.55,0.01723,0.78027
5-chain-linear,3,44,hybrid,HYBRID_ALPHA0.8_BETA0.2,0.8,0.2,100,x2=0.0,0.525,0.01627,0.7733
5-chain-linear,4,45,hybrid,HYBRID_ALPHA0.8_BETA0.2,0.8,0.2,100,x2=0.0,0.65,0.0172,0.77008
5-chain-linear,5,46,hybrid,HYBRID_ALPHA0.8_BETA0.2,0.8,0.2,100,x2=0.0,0.625,0.02398,0.78711
5-chain-linear,6,47,hybrid,HYBRID_ALPHA0.8_BETA0.2,0.8,0.2,100,x2=0.0,0.625,0.0212,0.7744
5-chain-linear,7,48,hybrid,HYBRID_ALPHA0.8_BETA0.2,0.8,0.2,100,x2=0.0,0.55,0.02377,0.7793
5-chain-linear,8,49,hybrid,HYBRID_ALPHA0.8_BETA0.2,0.8,0.2,100,x2=0.0,0.575,0.02403,0.77139
5-chain-linear,9,50,hybrid,HYBRID_ALPHA0.8_BETA0.2,0.8,0.2,100,x2=0.0,0.525,0.02408,0.7969
5-chain-linear,10,51,hybrid,HYBRID_ALPHA0.8_BETA0.2,0.8,0.2,100,x2=0.0,0.5,0.0159,0.76675
5-chain-linear,1,42,hybrid,HYBRID_ALPHA0.7_BETA0.3,0.7,0.3,100,x2=0.0,0.5,0.01888,0.77324
5-chain-linear,2,43,hybrid,HYBRID_ALPHA0.7_BETA0.3,0.7,0.3,100,x2=0.0,0.525,0.01676,0.77724
5-chain-linear,3,44,hybrid,HYBRID_ALPHA0.7_BETA0.3,0.7,0.3,100,x2=0.0,0.575,0.01526,0.77329
5-chain-linear,4,45,hybrid,HYBRID_ALPHA0.7_BETA0.3,0.7,0.3,100,x2=0.0,0.625,0.0152,0.76699
5-chain-linear,5,46,hybrid,HYBRID_ALPHA0.7_BETA0.3,0.7,0.3,100,x2=0.0,0.575,0.0235,0.78465
5-chain-linear,6,47,hybrid,HYBRID_ALPHA0.7_BETA0.3,0.7,0.3,100,x2=0.0,0.625,0.02081,0.77344
5-chain-linear,7,48,hybrid,HYBRID_ALPHA0.7_BETA0.3,0.7,0.3,100,x2=0.0,0.55,0.0233,0.77958
5-chain-linear,8,49,hybrid,HYBRID_ALPHA0.7_BETA0.3,0.7,0.3,100,x2=0.0,0.65,0.02534,0.77139
5-chain-linear,9,50,hybrid,HYBRID_ALPHA0.7_BETA0.3,0.7,0.3,100,x2=0.0,0.525,0.0228,0.7975
5-chain-linear,10,51,hybrid,HYBRID_ALPHA0.7_BETA0.3,0.7,0.3,100,x2=0.0,0.525,0.01554,0.76661
5-chain-linear,1,42,hybrid,HYBRID_ALPHA0.6_BETA0.4,0.6,0.4,100,x2=0.0,0.525,0.01978,0.77314
5-chain-linear,2,43,hybrid,HYBRID_ALPHA0.6_BETA0.4,0.6,0.4,100,x2=0.0,0.575,0.01736,0.78131
5-chain-linear,3,44,hybrid,HYBRID_ALPHA0.6_BETA0.4,0.6,0.4,100,x2=0.0,0.525,0.01528,0.77319
5-chain-linear,4,45,hybrid,HYBRID_ALPHA0.6_BETA0.4,0.6,0.4,100,x2=0.0,0.575,0.01669,0.7655
5-chain-linear,5,46,hybrid,HYBRID_ALPHA0.6_BETA0.4,0.6,0.4,100,x2=0.0,0.55,0.0227,0.78198
5-chain-linear,6,47,hybrid,HYBRID_ALPHA0.6_BETA0.4,0.6,0.4,100,x2=0.0,0.6,0.02103,0.77344
5-chain-linear,7,48,hybrid,HYBRID_ALPHA0.6_BETA0.4,0.6,0.4,100,x2=0.0,0.55,0.02325,0.78077
5-chain-linear,8,49,hybrid,HYBRID_ALPHA0.6_BETA0.4,0.6,0.4,100,x2=0.0,0.575,0.02433,0.77139
5-chain-linear,9,50,hybrid,HYBRID_ALPHA0.6_BETA0.4,0.6,0.4,100,x2=0.0,0.575,0.02245,0.79767
5-chain-linear,10,51,hybrid,HYBRID_ALPHA0.6_BETA0.4,0.6,0.4,100,x2=0.0,0.55,0.01626,0.76651
5-chain-linear,1,42,hybrid,HYBRID_ALPHA0.5_BETA0.5,0.5,0.5,100,x2=0.0,0.525,0.02077,0.78066
5-chain-linear,2,43,hybrid,HYBRID_ALPHA0.5_BETA0.5,0.5,0.5,100,x2=0.0,0.55,0.01693,0.77903
5-chain-linear,3,44,hybrid,HYBRID_ALPHA0.5_BETA0.5,0.5,0.5,100,x2=0.0,0.6,0.01566,0.77319
5-chain-linear,4,45,hybrid,HYBRID_ALPHA0.5_BETA0.5,0.5,0.5,100,x2=0.0,0.6,0.01685,0.7655
5-chain-linear,5,46,hybrid,HYBRID_ALPHA0.5_BETA0.5,0.5,0.5,100,x2=0.0,0.55,0.02218,0.77948
5-chain-linear,6,47,hybrid,HYBRID_ALPHA0.5_BETA0.5,0.5,0.5,100,x2=0.0,0.6,0.02094,0.77345
5-chain-linear,7,48,hybrid,HYBRID_ALPHA0.5_BETA0.5,0.5,0.5,100,x2=0.0,0.5,0.02348,0.78441
5-chain-linear,8,49,hybrid,HYBRID_ALPHA0.5_BETA0.5,0.5,0.5,100,x2=0.0,0.575,0.0237,0.77139
5-chain-linear,9,50,hybrid,HYBRID_ALPHA0.5_BETA0.5,0.5,0.5,100,x2=0.0,0.525,0.02219,0.79653
5-chain-linear,10,51,hybrid,HYBRID_ALPHA0.5_BETA0.5,0.5,0.5,100,x2=0.0,0.55,0.01597,0.76635
5-chain-linear,1,42,hybrid,HYBRID_ALPHA0.4_BETA0.6,0.4,0.6,100,x2=0.0,0.5,0.02089,0.79624
5-chain-linear,2,43,hybrid,HYBRID_ALPHA0.4_BETA0.6,0.4,0.6,100,x2=0.0,0.575,0.01689,0.77665
5-chain-linear,3,44,hybrid,HYBRID_ALPHA0.4_BETA0.6,0.4,0.6,100,x2=0.0,0.65,0.01824,0.77236
5-chain-linear,4,45,hybrid,HYBRID_ALPHA0.4_BETA0.6,0.4,0.6,100,x2=0.0,0.575,0.01417,0.76553
5-chain-linear,5,46,hybrid,HYBRID_ALPHA0.4_BETA0.6,0.4,0.6,100,x2=0.0,0.55,0.02057,0.77835
5-chain-linear,6,47,hybrid,HYBRID_ALPHA0.4_BETA0.6,0.4,0.6,100,x2=0.0,0.625,0.0209,0.77357
5-chain-linear,7,48,hybrid,HYBRID_ALPHA0.4_BETA0.6,0.4,0.6,100,x2=0.0,0.575,0.02226,0.78429
5-chain-linear,8,49,hybrid,HYBRID_ALPHA0.4_BETA0.6,0.4,0.6,100,x2=0.0,0.6,0.02466,0.77141
5-chain-linear,9,50,hybrid,HYBRID_ALPHA0.4_BETA0.6,0.4,0.6,100,x2=0.0,0.55,0.02148,0.794
5-chain-linear,10,51,hybrid,HYBRID_ALPHA0.4_BETA0.6,0.4,0.6,100,x2=0.0,0.55,0.0157,0.76612
5-chain-linear,1,42,hybrid,HYBRID_ALPHA0.3_BETA0.7,0.3,0.7,100,x2=0.0,0.5,0.02012,0.79521
5-chain-linear,2,43,hybrid,HYBRID_ALPHA0.3_BETA0.7,0.3,0.7,100,x2=0.0,0.55,0.01603,0.7749
5-chain-linear,3,44,hybrid,HYBRID_ALPHA0.3_BETA0.7,0.3,0.7,100,x2=0.0,0.6,0.01911,0.77203
5-chain-linear,4,45,hybrid,HYBRID_ALPHA0.3_BETA0.7,0.3,0.7,100,x2=0.0,0.6,0.01673,0.76562
5-chain-linear,5,46,hybrid,HYBRID_ALPHA0.3_BETA0.7,0.3,0.7,100,x2=0.0,0.575,0.02014,0.77796
5-chain-linear,6,47,hybrid,HYBRID_ALPHA0.3_BETA0.7,0.3,0.7,100,x2=0.0,0.6,0.02101,0.77347
5-chain-linear,7,48,hybrid,HYBRID_ALPHA0.3_BETA0.7,0.3,0.7,100,x2=0.0,0.575,0.02206,0.78499
5-chain-linear,8,49,hybrid,HYBRID_ALPHA0.3_BETA0.7,0.3,0.7,100,x2=0.0,0.6,0.02529,0.77141
5-chain-linear,9,50,hybrid,HYBRID_ALPHA0.3_BETA0.7,0.3,0.7,100,x2=0.0,0.525,0.02096,0.79212
5-chain-linear,10,51,hybrid,HYBRID_ALPHA0.3_BETA0.7,0.3,0.7,100,x2=0.0,0.525,0.01472,0.76585
5-chain-linear,1,42,hybrid,HYBRID_ALPHA0.2_BETA0.8,0.2,0.8,100,x2=0.0,0.525,0.01953,0.79427
5-chain-linear,2,43,hybrid,HYBRID_ALPHA0.2_BETA0.8,0.2,0.8,100,x2=0.0,0.525,0.01395,0.76947
5-chain-linear,3,44,hybrid,HYBRID_ALPHA0.2_BETA0.8,0.2,0.8,100,x2=0.0,0.6,0.01766,0.77202
5-chain-linear,4,45,hybrid,HYBRID_ALPHA0.2_BETA0.8,0.2,0.8,100,x2=0.0,0.6,0.01626,0.76584
5-chain-linear,5,46,hybrid,HYBRID_ALPHA0.2_BETA0.8,0.2,0.8,100,x2=0.0,0.55,0.01983,0.77448
5-chain-linear,6,47,hybrid,HYBRID_ALPHA0.2_BETA0.8,0.2,0.8,100,x2=0.0,0.575,0.02105,0.77344
5-chain-linear,7,48,hybrid,HYBRID_ALPHA0.2_BETA0.8,0.2,0.8,100,x2=0.0,0.575,0.02335,0.78515
5-chain-linear,8,49,hybrid,HYBRID_ALPHA0.2_BETA0.8,0.2,0.8,100,x2=0.0,0.55,0.02506,0.7714
5-chain-linear,9,50,hybrid,HYBRID_ALPHA0.2_BETA0.8,0.2,0.8,100,x2=0.0,0.5,0.02233,0.79947
5-chain-linear,10,51,hybrid,HYBRID_ALPHA0.2_BETA0.8,0.2,0.8,100,x2=0.0,0.575,0.01284,0.7655
collider-linear,1,42,mse,MSE,1.0,0.0,50,x2=0.0,0.7,0.04649,0.37217
collider-linear,2,43,mse,MSE,1.0,0.0,50,x2=0.0,0.675,0.05328,0.35481
collider-linear,3,44,mse,MSE,1.0,0.0,50,x2=0.0,0.675,0.04789,0.30693
collider-linear,4,45,mse,MSE,1.0,0.0,50,x2=0.0,0.675,0.06123,0.50925
collider-linear,5,46,mse,MSE,1.0,0.0,50,x2=0.0,0.725,0.03959,0.4853
collider-linear,6,47,mse,MSE,1.0,0.0,50,x2=0.0,0.775,0.05561,0.32469
collider-linear,7,48,mse,MSE,1.0,0.0,50,x2=0.0,0.825,0.07543,0.57571
collider-linear,8,49,mse,MSE,1.0,0.0,50,x2=0.0,0.725,0.06103,0.31142
collider-linear,9,50,mse,MSE,1.0,0.0,50,x2=0.0,0.775,0.07011,0.42298
collider-linear,10,51,mse,MSE,1.0,0.0,50,x2=0.0,0.675,0.05155,0.39855
collider-linear,1,42,hybrid,HYBRID_ALPHA0.9_BETA0.1,0.9,0.1,50,x2=0.0,0.725,0.05641,0.36716
collider-linear,2,43,hybrid,HYBRID_ALPHA0.9_BETA0.1,0.9,0.1,50,x2=0.0,0.75,0.05006,0.35486
collider-linear,3,44,hybrid,HYBRID_ALPHA0.9_BETA0.1,0.9,0.1,50,x2=0.0,0.675,0.04315,0.43242
collider-linear,4,45,hybrid,HYBRID_ALPHA0.9_BETA0.1,0.9,0.1,50,x2=0.0,0.625,0.06203,0.52576
collider-linear,5,46,hybrid,HYBRID_ALPHA0.9_BETA0.1,0.9,0.1,50,x2=0.0,0.675,0.0422,0.51074
collider-linear,6,47,hybrid,HYBRID_ALPHA0.9_BETA0.1,0.9,0.1,50,x2=0.0,0.8,0.05759,0.33533
collider-linear,7,48,hybrid,HYBRID_ALPHA0.9_BETA0.1,0.9,0.1,50,x2=0.0,0.825,0.07542,0.5757
collider-linear,8,49,hybrid,HYBRID_ALPHA0.9_BETA0.1,0.9,0.1,50,x2=0.0,0.75,0.05633,0.30079
collider-linear,9,50,hybrid,HYBRID_ALPHA0.9_BETA0.1,0.9,0.1,50,x2=0.0,0.775,0.07078,0.43203
collider-linear,10,51,hybrid,HYBRID_ALPHA0.9_BETA0.1,0.9,0.1,50,x2=0.0,0.675,0.06152,0.41466
collider-linear,1,42,hybrid,HYBRID_ALPHA0.8_BETA0.2,0.8,0.2,50,x2=0.0,0.65,0.04984,0.36738
collider-linear,2,43,hybrid,HYBRID_ALPHA0.8_BETA0.2,0.8,0.2,50,x2=0.0,0.75,0.05128,0.34124
collider-linear,3,44,hybrid,HYBRID_ALPHA0.8_BETA0.2,0.8,0.2,50,x2=0.0,0.65,0.04215,0.43269
collider-linear,4,45,hybrid,HYBRID_ALPHA0.8_BETA0.2,0.8,0.2,50,x2=0.0,0.625,0.06021,0.51605
collider-linear,5,46,hybrid,HYBRID_ALPHA0.8_BETA0.2,0.8,0.2,50,x2=0.0,0.775,0.04343,0.39097
collider-linear,6,47,hybrid,HYBRID_ALPHA0.8_BETA0.2,0.8,0.2,50,x2=0.0,0.775,0.05886,0.33635
collider-linear,7,48,hybrid,HYBRID_ALPHA0.8_BETA0.2,0.8,0.2,50,x2=0.0,0.825,0.07542,0.57558
collider-linear,8,49,hybrid,HYBRID_ALPHA0.8_BETA0.2,0.8,0.2,50,x2=0.0,0.75,0.05406,0.31589
collider-linear,9,50,hybrid,HYBRID_ALPHA0.8_BETA0.2,0.8,0.2,50,x2=0.0,0.75,0.06667,0.40807
collider-linear,10,51,hybrid,HYBRID_ALPHA0.8_BETA0.2,0.8,0.2,50,x2=0.0,0.675,0.05184,0.40546
collider-linear,1,42,hybrid,HYBRID_ALPHA0.7_BETA0.3,0.7,0.3,50,x2=0.0,0.675,0.04753,0.39792
collider-linear,2,43,hybrid,HYBRID_ALPHA0.7_BETA0.3,0.7,0.3,50,x2=0.0,0.725,0.05323,0.32214
collider-linear,3,44,hybrid,HYBRID_ALPHA0.7_BETA0.3,0.7,0.3,50,x2=0.0,0.675,0.04186,0.43384
collider-linear,4,45,hybrid,HYBRID_ALPHA0.7_BETA0.3,0.7,0.3,50,x2=0.0,0.625,0.05904,0.55539
collider-linear,5,46,hybrid,HYBRID_ALPHA0.7_BETA0.3,0.7,0.3,50,x2=0.0,0.7,0.0453,0.43517
collider-linear,6,47,hybrid,HYBRID_ALPHA0.7_BETA0.3,0.7,0.3,50,x2=0.0,0.775,0.05886,0.33964
collider-linear,7,48,hybrid,HYBRID_ALPHA0.7_BETA0.3,0.7,0.3,50,x2=0.0,0.825,0.07544,0.5758
collider-linear,8,49,hybrid,HYBRID_ALPHA0.7_BETA0.3,0.7,0.3,50,x2=0.0,0.75,0.05351,0.28752
collider-linear,9,50,hybrid,HYBRID_ALPHA0.7_BETA0.3,0.7,0.3,50,x2=0.0,0.725,0.06829,0.36524
collider-linear,10,51,hybrid,HYBRID_ALPHA0.7_BETA0.3,0.7,0.3,50,x2=0.0,0.8,0.06396,0.54425
collider-linear,1,42,hybrid,HYBRID_ALPHA0.6_BETA0.4,0.6,0.4,50,x2=0.0,0.725,0.04351,0.44257
collider-linear,2,43,hybrid,HYBRID_ALPHA0.6_BETA0.4,0.6,0.4,50,x2=0.0,0.65,0.05058,0.33316
collider-linear,3,44,hybrid,HYBRID_ALPHA0.6_BETA0.4,0.6,0.4,50,x2=0.0,0.725,0.0369,0.3305
collider-linear,4,45,hybrid,HYBRID_ALPHA0.6_BETA0.4,0.6,0.4,50,x2=0.0,0.675,0.0585,0.50324
collider-linear,5,46,hybrid,HYBRID_ALPHA0.6_BETA0.4,0.6,0.4,50,x2=0.0,0.775,0.04155,0.44716
collider-linear,6,47,hybrid,HYBRID_ALPHA0.6_BETA0.4,0.6,0.4,50,x2=0.0,0.825,0.06368,0.36591
collider-linear,7,48,hybrid,HYBRID_ALPHA0.6_BETA0.4,0.6,0.4,50,x2=0.0,0.825,0.07547,0.57624
collider-linear,8,49,hybrid,HYBRID_ALPHA0.6_BETA0.4,0.6,0.4,50,x2=0.0,0.75,0.05604,0.32691
collider-linear,9,50,hybrid,HYBRID_ALPHA0.6_BETA0.4,0.6,0.4,50,x2=0.0,0.7,0.06808,0.38275
collider-linear,10,51,hybrid,HYBRID_ALPHA0.6_BETA0.4,0.6,0.4,50,x2=0.0,0.8,0.06411,0.54601
collider-linear,1,42,hybrid,HYBRID_ALPHA0.5_BETA0.5,0.5,0.5,50,x2=0.0,0.7,0.04901,0.45039
collider-linear,2,43,hybrid,HYBRID_ALPHA0.5_BETA0.5,0.5,0.5,50,x2=0.0,0.7,0.04846,0.39581
collider-linear,3,44,hybrid,HYBRID_ALPHA0.5_BETA0.5,0.5,0.5,50,x2=0.0,0.75,0.04604,0.44007
collider-linear,4,45,hybrid,HYBRID_ALPHA0.5_BETA0.5,0.5,0.5,50,x2=0.0,0.825,0.03792,0.43351
collider-linear,5,46,hybrid,HYBRID_ALPHA0.5_BETA0.5,0.5,0.5,50,x2=0.0,0.7,0.0425,0.50886
collider-linear,6,47,hybrid,HYBRID_ALPHA0.5_BETA0.5,0.5,0.5,50,x2=0.0,0.825,0.06427,0.36869
collider-linear,7,48,hybrid,HYBRID_ALPHA0.5_BETA0.5,0.5,0.5,50,x2=0.0,0.825,0.07545,0.57608
collider-linear,8,49,hybrid,HYBRID_ALPHA0.5_BETA0.5,0.5,0.5,50,x2=0.0,0.675,0.05731,0.33771
collider-linear,9,50,hybrid,HYBRID_ALPHA0.5_BETA0.5,0.5,0.5,50,x2=0.0,0.725,0.06682,0.38457
collider-linear,10,51,hybrid,HYBRID_ALPHA0.5_BETA0.5,0.5,0.5,50,x2=0.0,0.775,0.06566,0.56723
collider-linear,1,42,hybrid,HYBRID_ALPHA0.4_BETA0.6,0.4,0.6,50,x2=0.0,0.725,0.04794,0.39551
collider-linear,2,43,hybrid,HYBRID_ALPHA0.4_BETA0.6,0.4,0.6,50,x2=0.0,0.775,0.04898,0.38032
collider-linear,3,44,hybrid,HYBRID_ALPHA0.4_BETA0.6,0.4,0.6,50,x2=0.0,0.725,0.04774,0.42409
collider-linear,4,45,hybrid,HYBRID_ALPHA0.4_BETA0.6,0.4,0.6,50,x2=0.0,0.625,0.07478,0.44018
collider-linear,5,46,hybrid,HYBRID_ALPHA0.4_BETA0.6,0.4,0.6,50,x2=0.0,0.65,0.02276,0.32939
collider-linear,6,47,hybrid,HYBRID_ALPHA0.4_BETA0.6,0.4,0.6,50,x2=0.0,0.75,0.06756,0.38608
collider-linear,7,48,hybrid,HYBRID_ALPHA0.4_BETA0.6,0.4,0.6,50,x2=0.0,0.825,0.07543,0.57603
collider-linear,8,49,hybrid,HYBRID_ALPHA0.4_BETA0.6,0.4,0.6,50,x2=0.0,0.775,0.05124,0.31448
collider-linear,9,50,hybrid,HYBRID_ALPHA0.4_BETA0.6,0.4,0.6,50,x2=0.0,0.75,0.08913,0.53983
collider-linear,10,51,hybrid,HYBRID_ALPHA0.4_BETA0.6,0.4,0.6,50,x2=0.0,0.775,0.06598,0.56977
collider-linear,1,42,hybrid,HYBRID_ALPHA0.3_BETA0.7,0.3,0.7,50,x2=0.0,0.8,0.04004,0.34676
collider-linear,2,43,hybrid,HYBRID_ALPHA0.3_BETA0.7,0.3,0.7,50,x2=0.0,0.825,0.06169,0.41902
collider-linear,3,44,hybrid,HYBRID_ALPHA0.3_BETA0.7,0.3,0.7,50,x2=0.0,0.7,0.05118,0.44991
collider-linear,4,45,hybrid,HYBRID_ALPHA0.3_BETA0.7,0.3,0.7,50,x2=0.0,0.75,0.04509,0.44167
collider-linear,5,46,hybrid,HYBRID_ALPHA0.3_BETA0.7,0.3,0.7,50,x2=0.0,0.675,0.04622,0.48114
collider-linear,6,47,hybrid,HYBRID_ALPHA0.3_BETA0.7,0.3,0.7,50,x2=0.0,0.775,0.07119,0.38725
collider-linear,7,48,hybrid,HYBRID_ALPHA0.3_BETA0.7,0.3,0.7,50,x2=0.0,0.825,0.07541,0.57585
collider-linear,8,49,hybrid,HYBRID_ALPHA0.3_BETA0.7,0.3,0.7,50,x2=0.0,0.775,0.04756,0.31856
collider-linear,9,50,hybrid,HYBRID_ALPHA0.3_BETA0.7,0.3,0.7,50,x2=0.0,0.725,0.08428,0.49649
collider-linear,10,51,hybrid,HYBRID_ALPHA0.3_BETA0.7,0.3,0.7,50,x2=0.0,0.75,0.06695,0.57861
collider-linear,1,42,hybrid,HYBRID_ALPHA0.2_BETA0.8,0.2,0.8,50,x2=0.0,0.8,0.05326,0.49995
collider-linear,2,43,hybrid,HYBRID_ALPHA0.2_BETA0.8,0.2,0.8,50,x2=0.0,0.825,0.06066,0.41094
collider-linear,3,44,hybrid,HYBRID_ALPHA0.2_BETA0.8,0.2,0.8,50,x2=0.0,0.8,0.05418,0.43474
collider-linear,4,45,hybrid,HYBRID_ALPHA0.2_BETA0.8,0.2,0.8,50,x2=0.0,0.675,0.07095,0.52094
collider-linear,5,46,hybrid,HYBRID_ALPHA0.2_BETA0.8,0.2,0.8,50,x2=0.0,0.7,0.02393,0.3737
collider-linear,6,47,hybrid,HYBRID_ALPHA0.2_BETA0.8,0.2,0.8,50,x2=0.0,0.8,0.079,0.47641
collider-linear,7,48,hybrid,HYBRID_ALPHA0.2_BETA0.8,0.2,0.8,50,x2=0.0,0.825,0.06265,0.44341
collider-linear,8,49,hybrid,HYBRID_ALPHA0.2_BETA0.8,0.2,0.8,50,x2=0.0,0.775,0.05278,0.38353
collider-linear,9,50,hybrid,HYBRID_ALPHA0.2_BETA0.8,0.2,0.8,50,x2=0.0,0.775,0.066,0.51648
collider-linear,10,51,hybrid,HYBRID_ALPHA0.2_BETA0.8,0.2,0.8,50,x2=0.0,0.75,0.06776,0.58512
collider-linear,1,42,mse,MSE,1.0,0.0,100,x2=0.0,0.675,0.05306,0.32921
collider-linear,2,43,mse,MSE,1.0,0.0,100,x2=0.0,0.75,0.07463,0.58393
collider-linear,3,44,mse,MSE,1.0,0.0,100,x2=0.0,0.725,0.05045,0.42813
collider-linear,4,45,mse,MSE,1.0,0.0,100,x2=0.0,0.575,0.07524,0.44495
collider-linear,5,46,mse,MSE,1.0,0.0,100,x2=0.0,0.725,0.05492,0.36682
collider-linear,6,47,mse,MSE,1.0,0.0,100,x2=0.0,0.725,0.04825,0.35445
collider-linear,7,48,mse,MSE,1.0,0.0,100,x2=0.0,0.725,0.04615,0.34186
collider-linear,8,49,mse,MSE,1.0,0.0,100,x2=0.0,0.775,0.06636,0.42119
collider-linear,9,50,mse,MSE,1.0,0.0,100,x2=0.0,0.65,0.03637,0.31709
collider-linear,10,51,mse,MSE,1.0,0.0,100,x2=0.0,0.725,0.0803,0.39436
collider-linear,1,42,hybrid,HYBRID_ALPHA0.9_BETA0.1,0.9,0.1,100,x2=0.0,0.675,0.05497,0.33291
collider-linear,2,43,hybrid,HYBRID_ALPHA0.9_BETA0.1,0.9,0.1,100,x2=0.0,0.75,0.07463,0.58399
collider-linear,3,44,hybrid,HYBRID_ALPHA0.9_BETA0.1,0.9,0.1,100,x2=0.0,0.75,0.04893,0.43358
collider-linear,4,45,hybrid,HYBRID_ALPHA0.9_BETA0.1,0.9,0.1,100,x2=0.0,0.675,0.07781,0.43921
collider-linear,5,46,hybrid,HYBRID_ALPHA0.9_BETA0.1,0.9,0.1,100,x2=0.0,0.725,0.05486,0.36288
collider-linear,6,47,hybrid,HYBRID_ALPHA0.9_BETA0.1,0.9,0.1,100,x2=0.0,0.75,0.0435,0.31241
collider-linear,7,48,hybrid,HYBRID_ALPHA0.9_BETA0.1,0.9,0.1,100,x2=0.0,0.675,0.04648,0.35064
collider-linear,8,49,hybrid,HYBRID_ALPHA0.9_BETA0.1,0.9,0.1,100,x2=0.0,0.775,0.06381,0.41016
collider-linear,9,50,hybrid,HYBRID_ALPHA0.9_BETA0.1,0.9,0.1,100,x2=0.0,0.55,0.03174,0.41289
collider-linear,10,51,hybrid,HYBRID_ALPHA0.9_BETA0.1,0.9,0.1,100,x2=0.0,0.725,0.07888,0.38544
collider-linear,1,42,hybrid,HYBRID_ALPHA0.8_BETA0.2,0.8,0.2,100,x2=0.0,0.75,0.05467,0.34384
collider-linear,2,43,hybrid,HYBRID_ALPHA0.8_BETA0.2,0.8,0.2,100,x2=0.0,0.75,0.07464,0.58398
collider-linear,3,44,hybrid,HYBRID_ALPHA0.8_BETA0.2,0.8,0.2,100,x2=0.0,0.8,0.04808,0.42707
collider-linear,4,45,hybrid,HYBRID_ALPHA0.8_BETA0.2,0.8,0.2,100,x2=0.0,0.675,0.07568,0.43837
collider-linear,5,46,hybrid,HYBRID_ALPHA0.8_BETA0.2,0.8,0.2,100,x2=0.0,0.725,0.05491,0.37254
collider-linear,6,47,hybrid,HYBRID_ALPHA0.8_BETA0.2,0.8,0.2,100,x2=0.0,0.75,0.04344,0.31181
collider-linear,7,48,hybrid,HYBRID_ALPHA0.8_BETA0.2,0.8,0.2,100,x2=0.0,0.725,0.046,0.32267
collider-linear,8,49,hybrid,HYBRID_ALPHA0.8_BETA0.2,0.8,0.2,100,x2=0.0,0.725,0.0602,0.38557
collider-linear,9,50,hybrid,HYBRID_ALPHA0.8_BETA0.2,0.8,0.2,100,x2=0.0,0.7,0.03306,0.36516
collider-linear,10,51,hybrid,HYBRID_ALPHA0.8_BETA0.2,0.8,0.2,100,x2=0.0,0.725,0.06253,0.4009
collider-linear,1,42,hybrid,HYBRID_ALPHA0.7_BETA0.3,0.7,0.3,100,x2=0.0,0.7,0.05221,0.35312
collider-linear,2,43,hybrid,HYBRID_ALPHA0.7_BETA0.3,0.7,0.3,100,x2=0.0,0.75,0.07465,0.58415
collider-linear,3,44,hybrid,HYBRID_ALPHA0.7_BETA0.3,0.7,0.3,100,x2=0.0,0.775,0.04593,0.41771
collider-linear,4,45,hybrid,HYBRID_ALPHA0.7_BETA0.3,0.7,0.3,100,x2=0.0,0.65,0.06912,0.39053
collider-linear,5,46,hybrid,HYBRID_ALPHA0.7_BETA0.3,0.7,0.3,100,x2=0.0,0.7,0.05539,0.31681
collider-linear,6,47,hybrid,HYBRID_ALPHA0.7_BETA0.3,0.7,0.3,100,x2=0.0,0.725,0.04526,0.31406
collider-linear,7,48,hybrid,HYBRID_ALPHA0.7_BETA0.3,0.7,0.3,100,x2=0.0,0.675,0.04205,0.33532
collider-linear,8,49,hybrid,HYBRID_ALPHA0.7_BETA0.3,0.7,0.3,100,x2=0.0,0.725,0.06468,0.38409
collider-linear,9,50,hybrid,HYBRID_ALPHA0.7_BETA0.3,0.7,0.3,100,x2=0.0,0.65,0.03546,0.31981
collider-linear,10,51,hybrid,HYBRID_ALPHA0.7_BETA0.3,0.7,0.3,100,x2=0.0,0.75,0.06202,0.42119
collider-linear,1,42,hybrid,HYBRID_ALPHA0.6_BETA0.4,0.6,0.4,100,x2=0.0,0.625,0.04936,0.3535
collider-linear,2,43,hybrid,HYBRID_ALPHA0.6_BETA0.4,0.6,0.4,100,x2=0.0,0.75,0.07464,0.58417
collider-linear,3,44,hybrid,HYBRID_ALPHA0.6_BETA0.4,0.6,0.4,100,x2=0.0,0.775,0.04577,0.41388
collider-linear,4,45,hybrid,HYBRID_ALPHA0.6_BETA0.4,0.6,0.4,100,x2=0.0,0.65,0.06628,0.3817
collider-linear,5,46,hybrid,HYBRID_ALPHA0.6_BETA0.4,0.6,0.4,100,x2=0.0,0.725,0.05005,0.3005
collider-linear,6,47,hybrid,HYBRID_ALPHA0.6_BETA0.4,0.6,0.4,100,x2=0.0,0.725,0.04531,0.31502
collider-linear,7,48,hybrid,HYBRID_ALPHA0.6_BETA0.4,0.6,0.4,100,x2=0.0,0.725,0.04255,0.35581
collider-linear,8,49,hybrid,HYBRID_ALPHA0.6_BETA0.4,0.6,0.4,100,x2=0.0,0.8,0.06723,0.39631
collider-linear,9,50,hybrid,HYBRID_ALPHA0.6_BETA0.4,0.6,0.4,100,x2=0.0,0.7,0.03668,0.32509
collider-linear,10,51,hybrid,HYBRID_ALPHA0.6_BETA0.4,0.6,0.4,100,x2=0.0,0.75,0.06221,0.40394
collider-linear,1,42,hybrid,HYBRID_ALPHA0.5_BETA0.5,0.5,0.5,100,x2=0.0,0.7,0.04591,0.38651
collider-linear,2,43,hybrid,HYBRID_ALPHA0.5_BETA0.5,0.5,0.5,100,x2=0.0,0.775,0.07422,0.58444
collider-linear,3,44,hybrid,HYBRID_ALPHA0.5_BETA0.5,0.5,0.5,100,x2=0.0,0.825,0.04448,0.41014
collider-linear,4,45,hybrid,HYBRID_ALPHA0.5_BETA0.5,0.5,0.5,100,x2=0.0,0.675,0.05976,0.37303
collider-linear,5,46,hybrid,HYBRID_ALPHA0.5_BETA0.5,0.5,0.5,100,x2=0.0,0.7,0.05711,0.38734
collider-linear,6,47,hybrid,HYBRID_ALPHA0.5_BETA0.5,0.5,0.5,100,x2=0.0,0.725,0.04473,0.31704
collider-linear,7,48,hybrid,HYBRID_ALPHA0.5_BETA0.5,0.5,0.5,100,x2=0.0,0.75,0.04772,0.3581
collider-linear,8,49,hybrid,HYBRID_ALPHA0.5_BETA0.5,0.5,0.5,100,x2=0.0,0.825,0.06376,0.37986
collider-linear,9,50,hybrid,HYBRID_ALPHA0.5_BETA0.5,0.5,0.5,100,x2=0.0,0.7,0.03672,0.33567
collider-linear,10,51,hybrid,HYBRID_ALPHA0.5_BETA0.5,0.5,0.5,100,x2=0.0,0.75,0.06005,0.41527
collider-linear,1,42,hybrid,HYBRID_ALPHA0.4_BETA0.6,0.4,0.6,100,x2=0.0,0.7,0.05663,0.41594
collider-linear,2,43,hybrid,HYBRID_ALPHA0.4_BETA0.6,0.4,0.6,100,x2=0.0,0.775,0.07424,0.58479
collider-linear,3,44,hybrid,HYBRID_ALPHA0.4_BETA0.6,0.4,0.6,100,x2=0.0,0.7,0.04624,0.3737
collider-linear,4,45,hybrid,HYBRID_ALPHA0.4_BETA0.6,0.4,0.6,100,x2=0.0,0.675,0.06905,0.43095
collider-linear,5,46,hybrid,HYBRID_ALPHA0.4_BETA0.6,0.4,0.6,100,x2=0.0,0.725,0.0474,0.34247
collider-linear,6,47,hybrid,HYBRID_ALPHA0.4_BETA0.6,0.4,0.6,100,x2=0.0,0.75,0.04415,0.33123
collider-linear,7,48,hybrid,HYBRID_ALPHA0.4_BETA0.6,0.4,0.6,100,x2=0.0,0.725,0.04034,0.37599
collider-linear,8,49,hybrid,HYBRID_ALPHA0.4_BETA0.6,0.4,0.6,100,x2=0.0,0.675,0.06675,0.40624
collider-linear,9,50,hybrid,HYBRID_ALPHA0.4_BETA0.6,0.4,0.6,100,x2=0.0,0.775,0.03293,0.34968
collider-linear,10,51,hybrid,HYBRID_ALPHA0.4_BETA0.6,0.4,0.6,100,x2=0.0,0.825,0.0581,0.3044
collider-linear,1,42,hybrid,HYBRID_ALPHA0.3_BETA0.7,0.3,0.7,100,x2=0.0,0.65,0.0522,0.37997
collider-linear,2,43,hybrid,HYBRID_ALPHA0.3_BETA0.7,0.3,0.7,100,x2=0.0,0.75,0.0725,0.57032
collider-linear,3,44,hybrid,HYBRID_ALPHA0.3_BETA0.7,0.3,0.7,100,x2=0.0,0.8,0.0479,0.33752
collider-linear,4,45,hybrid,HYBRID_ALPHA0.3_BETA0.7,0.3,0.7,100,x2=0.0,0.75,0.06588,0.41727
collider-linear,5,46,hybrid,HYBRID_ALPHA0.3_BETA0.7,0.3,0.7,100,x2=0.0,0.725,0.04971,0.36431
collider-linear,6,47,hybrid,HYBRID_ALPHA0.3_BETA0.7,0.3,0.7,100,x2=0.0,0.75,0.0454,0.34441
collider-linear,7,48,hybrid,HYBRID_ALPHA0.3_BETA0.7,0.3,0.7,100,x2=0.0,0.725,0.05458,0.41264
collider-linear,8,49,hybrid,HYBRID_ALPHA0.3_BETA0.7,0.3,0.7,100,x2=0.0,0.7,0.05529,0.37839
collider-linear,9,50,hybrid,HYBRID_ALPHA0.3_BETA0.7,0.3,0.7,100,x2=0.0,0.65,0.03168,0.34699
collider-linear,10,51,hybrid,HYBRID_ALPHA0.3_BETA0.7,0.3,0.7,100,x2=0.0,0.7,0.04982,0.31756
collider-linear,1,42,hybrid,HYBRID_ALPHA0.2_BETA0.8,0.2,0.8,100,x2=0.0,0.7,0.04506,0.36058
collider-linear,2,43,hybrid,HYBRID_ALPHA0.2_BETA0.8,0.2,0.8,100,x2=0.0,0.725,0.07152,0.55986
collider-linear,3,44,hybrid,HYBRID_ALPHA0.2_BETA0.8,0.2,0.8,100,x2=0.0,0.725,0.05674,0.35385
collider-linear,4,45,hybrid,HYBRID_ALPHA0.2_BETA0.8,0.2,0.8,100,x2=0.0,0.7,0.06402,0.41422
collider-linear,5,46,hybrid,HYBRID_ALPHA0.2_BETA0.8,0.2,0.8,100,x2=0.0,0.7,0.06609,0.36461
collider-linear,6,47,hybrid,HYBRID_ALPHA0.2_BETA0.8,0.2,0.8,100,x2=0.0,0.775,0.04502,0.32259
collider-linear,7,48,hybrid,HYBRID_ALPHA0.2_BETA0.8,0.2,0.8,100,x2=0.0,0.725,0.0603,0.43354
collider-linear,8,49,hybrid,HYBRID_ALPHA0.2_BETA0.8,0.2,0.8,100,x2=0.0,0.75,0.05829,0.37409
collider-linear,9,50,hybrid,HYBRID_ALPHA0.2_BETA0.8,0.2,0.8,100,x2=0.0,0.725,0.0325,0.37109
collider-linear,10,51,hybrid,HYBRID_ALPHA0.2_BETA0.8,0.2,0.8,100,x2=0.0,0.775,0.04826,0.32856
fork-linear,1,42,mse,MSE,1.0,0.0,50,x2=0.0,0.775,0.0766,0.40596
fork-linear,2,43,mse,MSE,1.0,0.0,50,x2=0.0,0.6,0.05911,0.22527
fork-linear,3,44,mse,MSE,1.0,0.0,50,x2=0.0,0.65,0.04601,0.44425
fork-linear,4,45,mse,MSE,1.0,0.0,50,x2=0.0,0.8,0.09025,0.71735
fork-linear,5,46,mse,MSE,1.0,0.0,50,x2=0.0,0.725,0.05445,0.27794
fork-linear,6,47,mse,MSE,1.0,0.0,50,x2=0.0,0.65,0.07535,0.42762
fork-linear,7,48,mse,MSE,1.0,0.0,50,x2=0.0,0.775,0.0891,0.35552
fork-linear,8,49,mse,MSE,1.0,0.0,50,x2=0.0,0.625,0.04765,0.27118
fork-linear,9,50,mse,MSE,1.0,0.0,50,x2=0.0,0.725,0.04693,0.2334
fork-linear,10,51,mse,MSE,1.0,0.0,50,x2=0.0,0.675,0.04212,0.22997
fork-linear,1,42,hybrid,HYBRID_ALPHA0.9_BETA0.1,0.9,0.1,50,x2=0.0,0.825,0.07862,0.40497
fork-linear,2,43,hybrid,HYBRID_ALPHA0.9_BETA0.1,0.9,0.1,50,x2=0.0,0.7,0.05669,0.24401
fork-linear,3,44,hybrid,HYBRID_ALPHA0.9_BETA0.1,0.9,0.1,50,x2=0.0,0.575,0.03899,0.46329
fork-linear,4,45,hybrid,HYBRID_ALPHA0.9_BETA0.1,0.9,0.1,50,x2=0.0,0.675,0.08836,0.71142
fork-linear,5,46,hybrid,HYBRID_ALPHA0.9_BETA0.1,0.9,0.1,50,x2=0.0,0.65,0.06134,0.29647
fork-linear,6,47,hybrid,HYBRID_ALPHA0.9_BETA0.1,0.9,0.1,50,x2=0.0,0.7,0.07521,0.44055
fork-linear,7,48,hybrid,HYBRID_ALPHA0.9_BETA0.1,0.9,0.1,50,x2=0.0,0.675,0.05488,0.31337
fork-linear,8,49,hybrid,HYBRID_ALPHA0.9_BETA0.1,0.9,0.1,50,x2=0.0,0.6,0.03929,0.20547
fork-linear,9,50,hybrid,HYBRID_ALPHA0.9_BETA0.1,0.9,0.1,50,x2=0.0,0.65,0.04809,0.22679
fork-linear,10,51,hybrid,HYBRID_ALPHA0.9_BETA0.1,0.9,0.1,50,x2=0.0,0.725,0.03677,0.23497
fork-linear,1,42,hybrid,HYBRID_ALPHA0.8_BETA0.2,0.8,0.2,50,x2=0.0,0.85,0.07666,0.36484
fork-linear,2,43,hybrid,HYBRID_ALPHA0.8_BETA0.2,0.8,0.2,50,x2=0.0,0.675,0.05692,0.26354
fork-linear,3,44,hybrid,HYBRID_ALPHA0.8_BETA0.2,0.8,0.2,50,x2=0.0,0.65,0.03495,0.21492
fork-linear,4,45,hybrid,HYBRID_ALPHA0.8_BETA0.2,0.8,0.2,50,x2=0.0,0.75,0.07897,0.49586
fork-linear,5,46,hybrid,HYBRID_ALPHA0.8_BETA0.2,0.8,0.2,50,x2=0.0,0.575,0.05502,0.29387
fork-linear,6,47,hybrid,HYBRID_ALPHA0.8_BETA0.2,0.8,0.2,50,x2=0.0,0.7,0.07908,0.42219
fork-linear,7,48,hybrid,HYBRID_ALPHA0.8_BETA0.2,0.8,0.2,50,x2=0.0,0.65,0.06033,0.48187
fork-linear,8,49,hybrid,HYBRID_ALPHA0.8_BETA0.2,0.8,0.2,50,x2=0.0,0.65,0.03562,0.21348
fork-linear,9,50,hybrid,HYBRID_ALPHA0.8_BETA0.2,0.8,0.2,50,x2=0.0,0.8,0.07356,0.28106
fork-linear,10,51,hybrid,HYBRID_ALPHA0.8_BETA0.2,0.8,0.2,50,x2=0.0,0.675,0.03345,0.22512
fork-linear,1,42,hybrid,HYBRID_ALPHA0.7_BETA0.3,0.7,0.3,50,x2=0.0,0.75,0.05815,0.45836
fork-linear,2,43,hybrid,HYBRID_ALPHA0.7_BETA0.3,0.7,0.3,50,x2=0.0,0.675,0.06055,0.28163
fork-linear,3,44,hybrid,HYBRID_ALPHA0.7_BETA0.3,0.7,0.3,50,x2=0.0,0.575,0.03035,0.30277
fork-linear,4,45,hybrid,HYBRID_ALPHA0.7_BETA0.3,0.7,0.3,50,x2=0.0,0.775,0.09634,0.39855
fork-linear,5,46,hybrid,HYBRID_ALPHA0.7_BETA0.3,0.7,0.3,50,x2=0.0,0.55,0.05458,0.25519
fork-linear,6,47,hybrid,HYBRID_ALPHA0.7_BETA0.3,0.7,0.3,50,x2=0.0,0.65,0.07372,0.22784
fork-linear,7,48,hybrid,HYBRID_ALPHA0.7_BETA0.3,0.7,0.3,50,x2=0.0,0.7,0.0568,0.49018
fork-linear,8,49,hybrid,HYBRID_ALPHA0.7_BETA0.3,0.7,0.3,50,x2=0.0,0.7,0.03606,0.23864
fork-linear,9,50,hybrid,HYBRID_ALPHA0.7_BETA0.3,0.7,0.3,50,x2=0.0,0.85,0.08374,0.27735
fork-linear,10,51,hybrid,HYBRID_ALPHA0.7_BETA0.3,0.7,0.3,50,x2=0.0,0.625,0.02902,0.23978
fork-linear,1,42,hybrid,HYBRID_ALPHA0.6_BETA0.4,0.6,0.4,50,x2=0.0,0.75,0.04892,0.57278
fork-linear,2,43,hybrid,HYBRID_ALPHA0.6_BETA0.4,0.6,0.4,50,x2=0.0,0.625,0.05483,0.24432
fork-linear,3,44,hybrid,HYBRID_ALPHA0.6_BETA0.4,0.6,0.4,50,x2=0.0,0.525,0.02857,0.27358
fork-linear,4,45,hybrid,HYBRID_ALPHA0.6_BETA0.4,0.6,0.4,50,x2=0.0,0.8,0.09619,0.46219
fork-linear,5,46,hybrid,HYBRID_ALPHA0.6_BETA0.4,0.6,0.4,50,x2=0.0,0.55,0.05445,0.27424
fork-linear,6,47,hybrid,HYBRID_ALPHA0.6_BETA0.4,0.6,0.4,50,x2=0.0,0.65,0.06861,0.23166
fork-linear,7,48,hybrid,HYBRID_ALPHA0.6_BETA0.4,0.6,0.4,50,x2=0.0,0.675,0.05588,0.49694
fork-linear,8,49,hybrid,HYBRID_ALPHA0.6_BETA0.4,0.6,0.4,50,x2=0.0,0.725,0.03362,0.29438
fork-linear,9,50,hybrid,HYBRID_ALPHA0.6_BETA0.4,0.6,0.4,50,x2=0.0,0.825,0.0802,0.25169
fork-linear,10,51,hybrid,HYBRID_ALPHA0.6_BETA0.4,0.6,0.4,50,x2=0.0,0.7,0.07232,0.53108
fork-linear,1,42,hybrid,HYBRID_ALPHA0.5_BETA0.5,0.5,0.5,50,x2=0.0,0.825,0.06162,0.2129
fork-linear,2,43,hybrid,HYBRID_ALPHA0.5_BETA0.5,0.5,0.5,50,x2=0.0,0.7,0.05849,0.25827
fork-linear,3,44,hybrid,HYBRID_ALPHA0.5_BETA0.5,0.5,0.5,50,x2=0.0,0.6,0.02941,0.29358
fork-linear,4,45,hybrid,HYBRID_ALPHA0.5_BETA0.5,0.5,0.5,50,x2=0.0,0.775,0.09587,0.5811
fork-linear,5,46,hybrid,HYBRID_ALPHA0.5_BETA0.5,0.5,0.5,50,x2=0.0,0.6,0.05596,0.31959
fork-linear,6,47,hybrid,HYBRID_ALPHA0.5_BETA0.5,0.5,0.5,50,x2=0.0,0.625,0.06761,0.22274
fork-linear,7,48,hybrid,HYBRID_ALPHA0.5_BETA0.5,0.5,0.5,50,x2=0.0,0.675,0.0562,0.50127
fork-linear,8,49,hybrid,HYBRID_ALPHA0.5_BETA0.5,0.5,0.5,50,x2=0.0,0.725,0.03485,0.29834
fork-linear,9,50,hybrid,HYBRID_ALPHA0.5_BETA0.5,0.5,0.5,50,x2=0.0,0.675,0.04996,0.25328
fork-linear,10,51,hybrid,HYBRID_ALPHA0.5_BETA0.5,0.5,0.5,50,x2=0.0,0.85,0.08282,0.5366
fork-linear,1,42,hybrid,HYBRID_ALPHA0.4_BETA0.6,0.4,0.6,50,x2=0.0,0.8,0.04879,0.24463
fork-linear,2,43,hybrid,HYBRID_ALPHA0.4_BETA0.6,0.4,0.6,50,x2=0.0,0.625,0.0572,0.28879
fork-linear,3,44,hybrid,HYBRID_ALPHA0.4_BETA0.6,0.4,0.6,50,x2=0.0,0.575,0.0272,0.28035
fork-linear,4,45,hybrid,HYBRID_ALPHA0.4_BETA0.6,0.4,0.6,50,x2=0.0,0.875,0.11369,0.53468
fork-linear,5,46,hybrid,HYBRID_ALPHA0.4_BETA0.6,0.4,0.6,50,x2=0.0,0.675,0.05704,0.37991
fork-linear,6,47,hybrid,HYBRID_ALPHA0.4_BETA0.6,0.4,0.6,50,x2=0.0,0.65,0.05803,0.19138
fork-linear,7,48,hybrid,HYBRID_ALPHA0.4_BETA0.6,0.4,0.6,50,x2=0.0,0.7,0.05325,0.52597
fork-linear,8,49,hybrid,HYBRID_ALPHA0.4_BETA0.6,0.4,0.6,50,x2=0.0,0.675,0.03491,0.30607
fork-linear,9,50,hybrid,HYBRID_ALPHA0.4_BETA0.6,0.4,0.6,50,x2=0.0,0.725,0.04806,0.28319
fork-linear,10,51,hybrid,HYBRID_ALPHA0.4_BETA0.6,0.4,0.6,50,x2=0.0,0.825,0.08521,0.5533
fork-linear,1,42,hybrid,HYBRID_ALPHA0.3_BETA0.7,0.3,0.7,50,x2=0.0,0.825,0.06275,0.29641
fork-linear,2,43,hybrid,HYBRID_ALPHA0.3_BETA0.7,0.3,0.7,50,x2=0.0,0.7,0.05871,0.29734
fork-linear,3,44,hybrid,HYBRID_ALPHA0.3_BETA0.7,0.3,0.7,50,x2=0.0,0.55,0.03151,0.35196
fork-linear,4,45,hybrid,HYBRID_ALPHA0.3_BETA0.7,0.3,0.7,50,x2=0.0,0.875,0.17544,0.68654
fork-linear,5,46,hybrid,HYBRID_ALPHA0.3_BETA0.7,0.3,0.7,50,x2=0.0,0.675,0.05332,0.41005
fork-linear,6,47,hybrid,HYBRID_ALPHA0.3_BETA0.7,0.3,0.7,50,x2=0.0,0.625,0.06771,0.21109
fork-linear,7,48,hybrid,HYBRID_ALPHA0.3_BETA0.7,0.3,0.7,50,x2=0.0,0.675,0.0546,0.62321
fork-linear,8,49,hybrid,HYBRID_ALPHA0.3_BETA0.7,0.3,0.7,50,x2=0.0,0.675,0.03595,0.29065
fork-linear,9,50,hybrid,HYBRID_ALPHA0.3_BETA0.7,0.3,0.7,50,x2=0.0,0.725,0.063,0.34571
fork-linear,10,51,hybrid,HYBRID_ALPHA0.3_BETA0.7,0.3,0.7,50,x2=0.0,0.875,0.0913,0.64306
fork-linear,1,42,hybrid,HYBRID_ALPHA0.2_BETA0.8,0.2,0.8,50,x2=0.0,0.825,0.04623,0.34223
fork-linear,2,43,hybrid,HYBRID_ALPHA0.2_BETA0.8,0.2,0.8,50,x2=0.0,0.725,0.05288,0.28626
fork-linear,3,44,hybrid,HYBRID_ALPHA0.2_BETA0.8,0.2,0.8,50,x2=0.0,0.55,0.03354,0.26988
fork-linear,4,45,hybrid,HYBRID_ALPHA0.2_BETA0.8,0.2,0.8,50,x2=0.0,0.85,0.0866,0.65232
fork-linear,5,46,hybrid,HYBRID_ALPHA0.2_BETA0.8,0.2,0.8,50,x2=0.0,0.6,0.04947,0.32853
fork-linear,6,47,hybrid,HYBRID_ALPHA0.2_BETA0.8,0.2,0.8,50,x2=0.0,0.625,0.0682,0.21053
fork-linear,7,48,hybrid,HYBRID_ALPHA0.2_BETA0.8,0.2,0.8,50,x2=0.0,0.75,0.04421,0.61491
fork-linear,8,49,hybrid,HYBRID_ALPHA0.2_BETA0.8,0.2,0.8,50,x2=0.0,0.825,0.04359,0.28498
fork-linear,9,50,hybrid,HYBRID_ALPHA0.2_BETA0.8,0.2,0.8,50,x2=0.0,0.825,0.05989,0.3886
fork-linear,10,51,hybrid,HYBRID_ALPHA0.2_BETA0.8,0.2,0.8,50,x2=0.0,0.875,0.09093,0.65905
fork-linear,1,42,mse,MSE,1.0,0.0,100,x2=0.0,0.6,0.04012,0.26055
fork-linear,2,43,mse,MSE,1.0,0.0,100,x2=0.0,0.7,0.04945,0.23898
fork-linear,3,44,mse,MSE,1.0,0.0,100,x2=0.0,0.6,0.03706,0.21308
fork-linear,4,45,mse,MSE,1.0,0.0,100,x2=0.0,0.625,0.04982,0.21413
fork-linear,5,46,mse,MSE,1.0,0.0,100,x2=0.0,0.6,0.03069,0.21262
fork-linear,6,47,mse,MSE,1.0,0.0,100,x2=0.0,0.8,0.09912,0.27293
fork-linear,7,48,mse,MSE,1.0,0.0,100,x2=0.0,0.75,0.06956,0.30509
fork-linear,8,49,mse,MSE,1.0,0.0,100,x2=0.0,0.625,0.03771,0.1816
fork-linear,9,50,mse,MSE,1.0,0.0,100,x2=0.0,0.725,0.05311,0.33806
fork-linear,10,51,mse,MSE,1.0,0.0,100,x2=0.0,0.7,0.04458,0.19493
fork-linear,1,42,hybrid,HYBRID_ALPHA0.9_BETA0.1,0.9,0.1,100,x2=0.0,0.625,0.03921,0.27064
fork-linear,2,43,hybrid,HYBRID_ALPHA0.9_BETA0.1,0.9,0.1,100,x2=0.0,0.625,0.04715,0.2596
fork-linear,3,44,hybrid,HYBRID_ALPHA0.9_BETA0.1,0.9,0.1,100,x2=0.0,0.55,0.03577,0.22204
fork-linear,4,45,hybrid,HYBRID_ALPHA0.9_BETA0.1,0.9,0.1,100,x2=0.0,0.65,0.04954,0.22917
fork-linear,5,46,hybrid,HYBRID_ALPHA0.9_BETA0.1,0.9,0.1,100,x2=0.0,0.65,0.02921,0.22928
fork-linear,6,47,hybrid,HYBRID_ALPHA0.9_BETA0.1,0.9,0.1,100,x2=0.0,0.775,0.09926,0.27319
fork-linear,7,48,hybrid,HYBRID_ALPHA0.9_BETA0.1,0.9,0.1,100,x2=0.0,0.75,0.0735,0.33204
fork-linear,8,49,hybrid,HYBRID_ALPHA0.9_BETA0.1,0.9,0.1,100,x2=0.0,0.6,0.03849,0.19004
fork-linear,9,50,hybrid,HYBRID_ALPHA0.9_BETA0.1,0.9,0.1,100,x2=0.0,0.75,0.05612,0.34732
fork-linear,10,51,hybrid,HYBRID_ALPHA0.9_BETA0.1,0.9,0.1,100,x2=0.0,0.625,0.05435,0.24738
fork-linear,1,42,hybrid,HYBRID_ALPHA0.8_BETA0.2,0.8,0.2,100,x2=0.0,0.625,0.04254,0.27109
fork-linear,2,43,hybrid,HYBRID_ALPHA0.8_BETA0.2,0.8,0.2,100,x2=0.0,0.675,0.04994,0.37774
fork-linear,3,44,hybrid,HYBRID_ALPHA0.8_BETA0.2,0.8,0.2,100,x2=0.0,0.6,0.03371,0.25164
fork-linear,4,45,hybrid,HYBRID_ALPHA0.8_BETA0.2,0.8,0.2,100,x2=0.0,0.625,0.04711,0.23607
fork-linear,5,46,hybrid,HYBRID_ALPHA0.8_BETA0.2,0.8,0.2,100,x2=0.0,0.65,0.03133,0.2316
fork-linear,6,47,hybrid,HYBRID_ALPHA0.8_BETA0.2,0.8,0.2,100,x2=0.0,0.775,0.07312,0.27682
fork-linear,7,48,hybrid,HYBRID_ALPHA0.8_BETA0.2,0.8,0.2,100,x2=0.0,0.725,0.07556,0.32501
fork-linear,8,49,hybrid,HYBRID_ALPHA0.8_BETA0.2,0.8,0.2,100,x2=0.0,0.6,0.03677,0.1877
fork-linear,9,50,hybrid,HYBRID_ALPHA0.8_BETA0.2,0.8,0.2,100,x2=0.0,0.75,0.05901,0.26601
fork-linear,10,51,hybrid,HYBRID_ALPHA0.8_BETA0.2,0.8,0.2,100,x2=0.0,0.65,0.06896,0.30052
fork-linear,1,42,hybrid,HYBRID_ALPHA0.7_BETA0.3,0.7,0.3,100,x2=0.0,0.6,0.04136,0.26922
fork-linear,2,43,hybrid,HYBRID_ALPHA0.7_BETA0.3,0.7,0.3,100,x2=0.0,0.6,0.03593,0.22091
fork-linear,3,44,hybrid,HYBRID_ALPHA0.7_BETA0.3,0.7,0.3,100,x2=0.0,0.675,0.03851,0.2488
fork-linear,4,45,hybrid,HYBRID_ALPHA0.7_BETA0.3,0.7,0.3,100,x2=0.0,0.625,0.04706,0.2404
fork-linear,5,46,hybrid,HYBRID_ALPHA0.7_BETA0.3,0.7,0.3,100,x2=0.0,0.625,0.03361,0.23116
fork-linear,6,47,hybrid,HYBRID_ALPHA0.7_BETA0.3,0.7,0.3,100,x2=0.0,0.775,0.07326,0.2804
fork-linear,7,48,hybrid,HYBRID_ALPHA0.7_BETA0.3,0.7,0.3,100,x2=0.0,0.775,0.07188,0.34139
fork-linear,8,49,hybrid,HYBRID_ALPHA0.7_BETA0.3,0.7,0.3,100,x2=0.0,0.65,0.0439,0.2038
fork-linear,9,50,hybrid,HYBRID_ALPHA0.7_BETA0.3,0.7,0.3,100,x2=0.0,0.75,0.06323,0.29482
fork-linear,10,51,hybrid,HYBRID_ALPHA0.7_BETA0.3,0.7,0.3,100,x2=0.0,0.65,0.0727,0.37132
fork-linear,1,42,hybrid,HYBRID_ALPHA0.6_BETA0.4,0.6,0.4,100,x2=0.0,0.65,0.04099,0.26422
fork-linear,2,43,hybrid,HYBRID_ALPHA0.6_BETA0.4,0.6,0.4,100,x2=0.0,0.6,0.0327,0.21161
fork-linear,3,44,hybrid,HYBRID_ALPHA0.6_BETA0.4,0.6,0.4,100,x2=0.0,0.65,0.03949,0.25915
fork-linear,4,45,hybrid,HYBRID_ALPHA0.6_BETA0.4,0.6,0.4,100,x2=0.0,0.55,0.0431,0.24581
fork-linear,5,46,hybrid,HYBRID_ALPHA0.6_BETA0.4,0.6,0.4,100,x2=0.0,0.675,0.02928,0.23164
fork-linear,6,47,hybrid,HYBRID_ALPHA0.6_BETA0.4,0.6,0.4,100,x2=0.0,0.825,0.07384,0.28352
fork-linear,7,48,hybrid,HYBRID_ALPHA0.6_BETA0.4,0.6,0.4,100,x2=0.0,0.775,0.07113,0.34022
fork-linear,8,49,hybrid,HYBRID_ALPHA0.6_BETA0.4,0.6,0.4,100,x2=0.0,0.675,0.03945,0.19786
fork-linear,9,50,hybrid,HYBRID_ALPHA0.6_BETA0.4,0.6,0.4,100,x2=0.0,0.725,0.04076,0.3001
fork-linear,10,51,hybrid,HYBRID_ALPHA0.6_BETA0.4,0.6,0.4,100,x2=0.0,0.7,0.07317,0.37462
fork-linear,1,42,hybrid,HYBRID_ALPHA0.5_BETA0.5,0.5,0.5,100,x2=0.0,0.675,0.04217,0.28267
fork-linear,2,43,hybrid,HYBRID_ALPHA0.5_BETA0.5,0.5,0.5,100,x2=0.0,0.6,0.03305,0.20342
fork-linear,3,44,hybrid,HYBRID_ALPHA0.5_BETA0.5,0.5,0.5,100,x2=0.0,0.7,0.03929,0.26136
fork-linear,4,45,hybrid,HYBRID_ALPHA0.5_BETA0.5,0.5,0.5,100,x2=0.0,0.625,0.04149,0.24354
fork-linear,5,46,hybrid,HYBRID_ALPHA0.5_BETA0.5,0.5,0.5,100,x2=0.0,0.7,0.02575,0.22154
fork-linear,6,47,hybrid,HYBRID_ALPHA0.5_BETA0.5,0.5,0.5,100,x2=0.0,0.8,0.07831,0.2873
fork-linear,7,48,hybrid,HYBRID_ALPHA0.5_BETA0.5,0.5,0.5,100,x2=0.0,0.775,0.07677,0.32107
fork-linear,8,49,hybrid,HYBRID_ALPHA0.5_BETA0.5,0.5,0.5,100,x2=0.0,0.625,0.03581,0.20474
fork-linear,9,50,hybrid,HYBRID_ALPHA0.5_BETA0.5,0.5,0.5,100,x2=0.0,0.75,0.04654,0.29613
fork-linear,10,51,hybrid,HYBRID_ALPHA0.5_BETA0.5,0.5,0.5,100,x2=0.0,0.725,0.07383,0.37415
fork-linear,1,42,hybrid,HYBRID_ALPHA0.4_BETA0.6,0.4,0.6,100,x2=0.0,0.625,0.03935,0.31255
fork-linear,2,43,hybrid,HYBRID_ALPHA0.4_BETA0.6,0.4,0.6,100,x2=0.0,0.55,0.03528,0.23645
fork-linear,3,44,hybrid,HYBRID_ALPHA0.4_BETA0.6,0.4,0.6,100,x2=0.0,0.575,0.04041,0.26783
fork-linear,4,45,hybrid,HYBRID_ALPHA0.4_BETA0.6,0.4,0.6,100,x2=0.0,0.575,0.04065,0.24693
fork-linear,5,46,hybrid,HYBRID_ALPHA0.4_BETA0.6,0.4,0.6,100,x2=0.0,0.675,0.03148,0.24274
fork-linear,6,47,hybrid,HYBRID_ALPHA0.4_BETA0.6,0.4,0.6,100,x2=0.0,0.8,0.0786,0.2874
fork-linear,7,48,hybrid,HYBRID_ALPHA0.4_BETA0.6,0.4,0.6,100,x2=0.0,0.775,0.07417,0.30333
fork-linear,8,49,hybrid,HYBRID_ALPHA0.4_BETA0.6,0.4,0.6,100,x2=0.0,0.675,0.03566,0.22181
fork-linear,9,50,hybrid,HYBRID_ALPHA0.4_BETA0.6,0.4,0.6,100,x2=0.0,0.775,0.04097,0.22898
fork-linear,10,51,hybrid,HYBRID_ALPHA0.4_BETA0.6,0.4,0.6,100,x2=0.0,0.7,0.06536,0.32896
fork-linear,1,42,hybrid,HYBRID_ALPHA0.3_BETA0.7,0.3,0.7,100,x2=0.0,0.625,0.03772,0.27931
fork-linear,2,43,hybrid,HYBRID_ALPHA0.3_BETA0.7,0.3,0.7,100,x2=0.0,0.625,0.04272,0.26896
fork-linear,3,44,hybrid,HYBRID_ALPHA0.3_BETA0.7,0.3,0.7,100,x2=0.0,0.7,0.03831,0.25152
fork-linear,4,45,hybrid,HYBRID_ALPHA0.3_BETA0.7,0.3,0.7,100,x2=0.0,0.575,0.03897,0.25174
fork-linear,5,46,hybrid,HYBRID_ALPHA0.3_BETA0.7,0.3,0.7,100,x2=0.0,0.675,0.03001,0.25481
fork-linear,6,47,hybrid,HYBRID_ALPHA0.3_BETA0.7,0.3,0.7,100,x2=0.0,0.8,0.0841,0.29968
fork-linear,7,48,hybrid,HYBRID_ALPHA0.3_BETA0.7,0.3,0.7,100,x2=0.0,0.75,0.07706,0.32851
fork-linear,8,49,hybrid,HYBRID_ALPHA0.3_BETA0.7,0.3,0.7,100,x2=0.0,0.7,0.04264,0.25153
fork-linear,9,50,hybrid,HYBRID_ALPHA0.3_BETA0.7,0.3,0.7,100,x2=0.0,0.75,0.0427,0.41053
fork-linear,10,51,hybrid,HYBRID_ALPHA0.3_BETA0.7,0.3,0.7,100,x2=0.0,0.625,0.04461,0.24123
fork-linear,1,42,hybrid,HYBRID_ALPHA0.2_BETA0.8,0.2,0.8,100,x2=0.0,0.65,0.04199,0.40596
fork-linear,2,43,hybrid,HYBRID_ALPHA0.2_BETA0.8,0.2,0.8,100,x2=0.0,0.6,0.03845,0.20938
fork-linear,3,44,hybrid,HYBRID_ALPHA0.2_BETA0.8,0.2,0.8,100,x2=0.0,0.725,0.03949,0.21384
fork-linear,4,45,hybrid,HYBRID_ALPHA0.2_BETA0.8,0.2,0.8,100,x2=0.0,0.575,0.04582,0.25928
fork-linear,5,46,hybrid,HYBRID_ALPHA0.2_BETA0.8,0.2,0.8,100,x2=0.0,0.75,0.02869,0.27935
fork-linear,6,47,hybrid,HYBRID_ALPHA0.2_BETA0.8,0.2,0.8,100,x2=0.0,0.775,0.08708,0.32406
fork-linear,7,48,hybrid,HYBRID_ALPHA0.2_BETA0.8,0.2,0.8,100,x2=0.0,0.75,0.07212,0.30503
fork-linear,8,49,hybrid,HYBRID_ALPHA0.2_BETA0.8,0.2,0.8,100,x2=0.0,0.675,0.03525,0.23021
fork-linear,9,50,hybrid,HYBRID_ALPHA0.2_BETA0.8,0.2,0.8,100,x2=0.0,0.825,0.06424,0.30737
fork-linear,10,51,hybrid,HYBRID_ALPHA0.2_BETA0.8,0.2,0.8,100,x2=0.0,0.675,0.04407,0.22787
fork-non-linear,1,42,mse,MSE,1.0,0.0,50,x2=0.0,0.85,0.12767,0.51837
fork-non-linear,2,43,mse,MSE,1.0,0.0,50,x2=0.0,0.775,0.0765,0.32637
fork-non-linear,3,44,mse,MSE,1.0,0.0,50,x2=0.0,0.925,0.12733,0.47777
fork-non-linear,4,45,mse,MSE,1.0,0.0,50,x2=0.0,0.9,0.19317,0.50266
fork-non-linear,5,46,mse,MSE,1.0,0.0,50,x2=0.0,0.825,0.12192,0.31773
fork-non-linear,6,47,mse,MSE,1.0,0.0,50,x2=0.0,0.95,0.18473,0.43986
fork-non-linear,7,48,mse,MSE,1.0,0.0,50,x2=0.0,0.975,0.16958,0.38907
fork-non-linear,8,49,mse,MSE,1.0,0.0,50,x2=0.0,0.925,0.16741,0.48719
fork-non-linear,9,50,mse,MSE,1.0,0.0,50,x2=0.0,0.825,0.12883,1.59566
fork-non-linear,10,51,mse,MSE,1.0,0.0,50,x2=0.0,0.75,0.07607,0.55072
fork-non-linear,1,42,hybrid,HYBRID_ALPHA0.9_BETA0.1,0.9,0.1,50,x2=0.0,0.85,0.12224,0.74455
fork-non-linear,2,43,hybrid,HYBRID_ALPHA0.9_BETA0.1,0.9,0.1,50,x2=0.0,0.725,0.05552,0.29519
fork-non-linear,3,44,hybrid,HYBRID_ALPHA0.9_BETA0.1,0.9,0.1,50,x2=0.0,0.875,0.11277,0.45883
fork-non-linear,4,45,hybrid,HYBRID_ALPHA0.9_BETA0.1,0.9,0.1,50,x2=0.0,0.8,0.14818,0.6142
fork-non-linear,5,46,hybrid,HYBRID_ALPHA0.9_BETA0.1,0.9,0.1,50,x2=0.0,0.8,0.12232,0.25557
fork-non-linear,6,47,hybrid,HYBRID_ALPHA0.9_BETA0.1,0.9,0.1,50,x2=0.0,0.925,0.18707,0.46008
fork-non-linear,7,48,hybrid,HYBRID_ALPHA0.9_BETA0.1,0.9,0.1,50,x2=0.0,0.9,0.14949,0.28382
fork-non-linear,8,49,hybrid,HYBRID_ALPHA0.9_BETA0.1,0.9,0.1,50,x2=0.0,0.9,0.19436,0.60701
fork-non-linear,9,50,hybrid,HYBRID_ALPHA0.9_BETA0.1,0.9,0.1,50,x2=0.0,0.75,0.11654,1.86412
fork-non-linear,10,51,hybrid,HYBRID_ALPHA0.9_BETA0.1,0.9,0.1,50,x2=0.0,0.8,0.07,0.50355
fork-non-linear,1,42,hybrid,HYBRID_ALPHA0.8_BETA0.2,0.8,0.2,50,x2=0.0,0.775,0.06548,0.99583
fork-non-linear,2,43,hybrid,HYBRID_ALPHA0.8_BETA0.2,0.8,0.2,50,x2=0.0,0.75,0.04139,0.26064
fork-non-linear,3,44,hybrid,HYBRID_ALPHA0.8_BETA0.2,0.8,0.2,50,x2=0.0,0.825,0.11201,0.44213
fork-non-linear,4,45,hybrid,HYBRID_ALPHA0.8_BETA0.2,0.8,0.2,50,x2=0.0,0.825,0.13609,0.70309
fork-non-linear,5,46,hybrid,HYBRID_ALPHA0.8_BETA0.2,0.8,0.2,50,x2=0.0,0.825,0.12038,0.25503
fork-non-linear,6,47,hybrid,HYBRID_ALPHA0.8_BETA0.2,0.8,0.2,50,x2=0.0,0.95,0.19229,0.46514
fork-non-linear,7,48,hybrid,HYBRID_ALPHA0.8_BETA0.2,0.8,0.2,50,x2=0.0,0.9,0.15061,0.28723
fork-non-linear,8,49,hybrid,HYBRID_ALPHA0.8_BETA0.2,0.8,0.2,50,x2=0.0,0.925,0.202,0.73636
fork-non-linear,9,50,hybrid,HYBRID_ALPHA0.8_BETA0.2,0.8,0.2,50,x2=0.0,0.925,0.13569,1.33759
fork-non-linear,10,51,hybrid,HYBRID_ALPHA0.8_BETA0.2,0.8,0.2,50,x2=0.0,0.75,0.06219,0.56085
fork-non-linear,1,42,hybrid,HYBRID_ALPHA0.7_BETA0.3,0.7,0.3,50,x2=0.0,0.9,0.13361,0.8783
fork-non-linear,2,43,hybrid,HYBRID_ALPHA0.7_BETA0.3,0.7,0.3,50,x2=0.0,0.775,0.04023,0.26752
fork-non-linear,3,44,hybrid,HYBRID_ALPHA0.7_BETA0.3,0.7,0.3,50,x2=0.0,0.925,0.1183,0.44523
fork-non-linear,4,45,hybrid,HYBRID_ALPHA0.7_BETA0.3,0.7,0.3,50,x2=0.0,0.825,0.13057,0.80606
fork-non-linear,5,46,hybrid,HYBRID_ALPHA0.7_BETA0.3,0.7,0.3,50,x2=0.0,0.875,0.1242,0.26223
fork-non-linear,6,47,hybrid,HYBRID_ALPHA0.7_BETA0.3,0.7,0.3,50,x2=0.0,0.925,0.22047,0.63819
fork-non-linear,7,48,hybrid,HYBRID_ALPHA0.7_BETA0.3,0.7,0.3,50,x2=0.0,0.925,0.15086,0.287
fork-non-linear,8,49,hybrid,HYBRID_ALPHA0.7_BETA0.3,0.7,0.3,50,x2=0.0,0.9,0.20794,1.06026
fork-non-linear,9,50,hybrid,HYBRID_ALPHA0.7_BETA0.3,0.7,0.3,50,x2=0.0,0.875,0.14488,0.86307
fork-non-linear,10,51,hybrid,HYBRID_ALPHA0.7_BETA0.3,0.7,0.3,50,x2=0.0,0.725,0.07078,0.61866
fork-non-linear,1,42,hybrid,HYBRID_ALPHA0.6_BETA0.4,0.6,0.4,50,x2=0.0,0.8,0.16925,1.00681
fork-non-linear,2,43,hybrid,HYBRID_ALPHA0.6_BETA0.4,0.6,0.4,50,x2=0.0,0.75,0.041,0.24848
fork-non-linear,3,44,hybrid,HYBRID_ALPHA0.6_BETA0.4,0.6,0.4,50,x2=0.0,0.9,0.14138,0.44192
fork-non-linear,4,45,hybrid,HYBRID_ALPHA0.6_BETA0.4,0.6,0.4,50,x2=0.0,0.75,0.09641,0.80967
fork-non-linear,5,46,hybrid,HYBRID_ALPHA0.6_BETA0.4,0.6,0.4,50,x2=0.0,0.85,0.12626,0.28067
fork-non-linear,6,47,hybrid,HYBRID_ALPHA0.6_BETA0.4,0.6,0.4,50,x2=0.0,0.95,0.16578,0.45335
fork-non-linear,7,48,hybrid,HYBRID_ALPHA0.6_BETA0.4,0.6,0.4,50,x2=0.0,0.925,0.14958,0.30874
fork-non-linear,8,49,hybrid,HYBRID_ALPHA0.6_BETA0.4,0.6,0.4,50,x2=0.0,0.95,0.22966,1.30635
fork-non-linear,9,50,hybrid,HYBRID_ALPHA0.6_BETA0.4,0.6,0.4,50,x2=0.0,0.925,0.10679,0.38435
fork-non-linear,10,51,hybrid,HYBRID_ALPHA0.6_BETA0.4,0.6,0.4,50,x2=0.0,0.775,0.07617,0.55741
fork-non-linear,1,42,hybrid,HYBRID_ALPHA0.5_BETA0.5,0.5,0.5,50,x2=0.0,0.875,0.17161,1.05142
fork-non-linear,2,43,hybrid,HYBRID_ALPHA0.5_BETA0.5,0.5,0.5,50,x2=0.0,0.75,0.04635,0.25582
fork-non-linear,3,44,hybrid,HYBRID_ALPHA0.5_BETA0.5,0.5,0.5,50,x2=0.0,0.9,0.12411,0.41695
fork-non-linear,4,45,hybrid,HYBRID_ALPHA0.5_BETA0.5,0.5,0.5,50,x2=0.0,0.9,0.26314,0.7169
fork-non-linear,5,46,hybrid,HYBRID_ALPHA0.5_BETA0.5,0.5,0.5,50,x2=0.0,0.85,0.13401,0.40769
fork-non-linear,6,47,hybrid,HYBRID_ALPHA0.5_BETA0.5,0.5,0.5,50,x2=0.0,0.9,0.15196,0.51643
fork-non-linear,7,48,hybrid,HYBRID_ALPHA0.5_BETA0.5,0.5,0.5,50,x2=0.0,0.9,0.15259,0.31113
fork-non-linear,8,49,hybrid,HYBRID_ALPHA0.5_BETA0.5,0.5,0.5,50,x2=0.0,0.95,0.2399,1.52613
fork-non-linear,9,50,hybrid,HYBRID_ALPHA0.5_BETA0.5,0.5,0.5,50,x2=0.0,0.925,0.1202,0.55494
fork-non-linear,10,51,hybrid,HYBRID_ALPHA0.5_BETA0.5,0.5,0.5,50,x2=0.0,0.8,0.09534,0.6019
fork-non-linear,1,42,hybrid,HYBRID_ALPHA0.4_BETA0.6,0.4,0.6,50,x2=0.0,0.85,0.08929,0.3648
fork-non-linear,2,43,hybrid,HYBRID_ALPHA0.4_BETA0.6,0.4,0.6,50,x2=0.0,0.7,0.04158,0.26238
fork-non-linear,3,44,hybrid,HYBRID_ALPHA0.4_BETA0.6,0.4,0.6,50,x2=0.0,0.9,0.12851,0.4464
fork-non-linear,4,45,hybrid,HYBRID_ALPHA0.4_BETA0.6,0.4,0.6,50,x2=0.0,0.95,0.23354,0.74502
fork-non-linear,5,46,hybrid,HYBRID_ALPHA0.4_BETA0.6,0.4,0.6,50,x2=0.0,0.825,0.1272,0.44462
fork-non-linear,6,47,hybrid,HYBRID_ALPHA0.4_BETA0.6,0.4,0.6,50,x2=0.0,0.925,0.22791,0.80692
fork-non-linear,7,48,hybrid,HYBRID_ALPHA0.4_BETA0.6,0.4,0.6,50,x2=0.0,0.925,0.15539,0.30118
fork-non-linear,8,49,hybrid,HYBRID_ALPHA0.4_BETA0.6,0.4,0.6,50,x2=0.0,0.925,0.16957,1.03562
fork-non-linear,9,50,hybrid,HYBRID_ALPHA0.4_BETA0.6,0.4,0.6,50,x2=0.0,0.95,0.11637,0.5355
fork-non-linear,10,51,hybrid,HYBRID_ALPHA0.4_BETA0.6,0.4,0.6,50,x2=0.0,0.7,0.0686,0.49141
fork-non-linear,1,42,hybrid,HYBRID_ALPHA0.3_BETA0.7,0.3,0.7,50,x2=0.0,0.875,0.15255,0.67161
fork-non-linear,2,43,hybrid,HYBRID_ALPHA0.3_BETA0.7,0.3,0.7,50,x2=0.0,0.675,0.04012,0.22854
fork-non-linear,3,44,hybrid,HYBRID_ALPHA0.3_BETA0.7,0.3,0.7,50,x2=0.0,0.975,0.12544,0.45841
fork-non-linear,4,45,hybrid,HYBRID_ALPHA0.3_BETA0.7,0.3,0.7,50,x2=0.0,0.95,0.23137,0.80468
fork-non-linear,5,46,hybrid,HYBRID_ALPHA0.3_BETA0.7,0.3,0.7,50,x2=0.0,0.8,0.12966,0.48044
fork-non-linear,6,47,hybrid,HYBRID_ALPHA0.3_BETA0.7,0.3,0.7,50,x2=0.0,0.9,0.24864,1.32421
fork-non-linear,7,48,hybrid,HYBRID_ALPHA0.3_BETA0.7,0.3,0.7,50,x2=0.0,0.825,0.08401,0.26006
fork-non-linear,8,49,hybrid,HYBRID_ALPHA0.3_BETA0.7,0.3,0.7,50,x2=0.0,0.975,0.23345,1.3497
fork-non-linear,9,50,hybrid,HYBRID_ALPHA0.3_BETA0.7,0.3,0.7,50,x2=0.0,0.875,0.07493,0.30118
fork-non-linear,10,51,hybrid,HYBRID_ALPHA0.3_BETA0.7,0.3,0.7,50,x2=0.0,0.9,0.12576,0.45406
fork-non-linear,1,42,hybrid,HYBRID_ALPHA0.2_BETA0.8,0.2,0.8,50,x2=0.0,0.95,0.19622,0.84105
fork-non-linear,2,43,hybrid,HYBRID_ALPHA0.2_BETA0.8,0.2,0.8,50,x2=0.0,0.825,0.08272,0.48815
fork-non-linear,3,44,hybrid,HYBRID_ALPHA0.2_BETA0.8,0.2,0.8,50,x2=0.0,1.0,0.12555,0.48256
fork-non-linear,4,45,hybrid,HYBRID_ALPHA0.2_BETA0.8,0.2,0.8,50,x2=0.0,0.925,0.22695,0.80491
fork-non-linear,5,46,hybrid,HYBRID_ALPHA0.2_BETA0.8,0.2,0.8,50,x2=0.0,0.85,0.13438,0.31035
fork-non-linear,6,47,hybrid,HYBRID_ALPHA0.2_BETA0.8,0.2,0.8,50,x2=0.0,0.9,0.2335,0.97053
fork-non-linear,7,48,hybrid,HYBRID_ALPHA0.2_BETA0.8,0.2,0.8,50,x2=0.0,0.95,0.20887,0.77448
fork-non-linear,8,49,hybrid,HYBRID_ALPHA0.2_BETA0.8,0.2,0.8,50,x2=0.0,0.95,0.24399,2.8259
fork-non-linear,9,50,hybrid,HYBRID_ALPHA0.2_BETA0.8,0.2,0.8,50,x2=0.0,0.9,0.07371,0.34237
fork-non-linear,10,51,hybrid,HYBRID_ALPHA0.2_BETA0.8,0.2,0.8,50,x2=0.0,0.9,0.07219,0.50933
fork-non-linear,1,42,mse,MSE,1.0,0.0,100,x2=0.0,0.95,0.19465,0.64512
fork-non-linear,2,43,mse,MSE,1.0,0.0,100,x2=0.0,0.9,0.1359,0.49
fork-non-linear,3,44,mse,MSE,1.0,0.0,100,x2=0.0,0.7,0.06848,0.31066
fork-non-linear,4,45,mse,MSE,1.0,0.0,100,x2=0.0,0.9,0.09287,0.34156
fork-non-linear,5,46,mse,MSE,1.0,0.0,100,x2=0.0,0.85,0.12104,0.50797
fork-non-linear,6,47,mse,MSE,1.0,0.0,100,x2=0.0,0.825,0.10858,0.37096
fork-non-linear,7,48,mse,MSE,1.0,0.0,100,x2=0.0,0.925,0.22928,0.55188
fork-non-linear,8,49,mse,MSE,1.0,0.0,100,x2=0.0,0.95,0.13456,0.46594
fork-non-linear,9,50,mse,MSE,1.0,0.0,100,x2=0.0,0.95,0.20105,0.75482
fork-non-linear,10,51,mse,MSE,1.0,0.0,100,x2=0.0,0.75,0.06469,0.26883
fork-non-linear,1,42,hybrid,HYBRID_ALPHA0.9_BETA0.1,0.9,0.1,100,x2=0.0,0.95,0.17097,0.45885
fork-non-linear,2,43,hybrid,HYBRID_ALPHA0.9_BETA0.1,0.9,0.1,100,x2=0.0,0.925,0.1327,0.48385
fork-non-linear,3,44,hybrid,HYBRID_ALPHA0.9_BETA0.1,0.9,0.1,100,x2=0.0,0.75,0.08254,0.36074
fork-non-linear,4,45,hybrid,HYBRID_ALPHA0.9_BETA0.1,0.9,0.1,100,x2=0.0,0.9,0.07508,0.32382
fork-non-linear,5,46,hybrid,HYBRID_ALPHA0.9_BETA0.1,0.9,0.1,100,x2=0.0,0.875,0.11439,0.50018
fork-non-linear,6,47,hybrid,HYBRID_ALPHA0.9_BETA0.1,0.9,0.1,100,x2=0.0,0.85,0.12727,0.30974
fork-non-linear,7,48,hybrid,HYBRID_ALPHA0.9_BETA0.1,0.9,0.1,100,x2=0.0,0.95,0.2275,0.53755
fork-non-linear,8,49,hybrid,HYBRID_ALPHA0.9_BETA0.1,0.9,0.1,100,x2=0.0,0.9,0.12151,0.45808
fork-non-linear,9,50,hybrid,HYBRID_ALPHA0.9_BETA0.1,0.9,0.1,100,x2=0.0,0.95,0.19883,0.75489
fork-non-linear,10,51,hybrid,HYBRID_ALPHA0.9_BETA0.1,0.9,0.1,100,x2=0.0,0.725,0.05736,0.24339
fork-non-linear,1,42,hybrid,HYBRID_ALPHA0.8_BETA0.2,0.8,0.2,100,x2=0.0,0.975,0.19812,0.64847
fork-non-linear,2,43,hybrid,HYBRID_ALPHA0.8_BETA0.2,0.8,0.2,100,x2=0.0,0.825,0.08585,0.45802
fork-non-linear,3,44,hybrid,HYBRID_ALPHA0.8_BETA0.2,0.8,0.2,100,x2=0.0,0.7,0.06696,0.29779
fork-non-linear,4,45,hybrid,HYBRID_ALPHA0.8_BETA0.2,0.8,0.2,100,x2=0.0,0.85,0.06996,0.31797
fork-non-linear,5,46,hybrid,HYBRID_ALPHA0.8_BETA0.2,0.8,0.2,100,x2=0.0,0.825,0.11754,0.49982
fork-non-linear,6,47,hybrid,HYBRID_ALPHA0.8_BETA0.2,0.8,0.2,100,x2=0.0,0.85,0.12431,0.35719
fork-non-linear,7,48,hybrid,HYBRID_ALPHA0.8_BETA0.2,0.8,0.2,100,x2=0.0,0.925,0.20338,0.5176
fork-non-linear,8,49,hybrid,HYBRID_ALPHA0.8_BETA0.2,0.8,0.2,100,x2=0.0,0.9,0.11338,0.45141
fork-non-linear,9,50,hybrid,HYBRID_ALPHA0.8_BETA0.2,0.8,0.2,100,x2=0.0,0.925,0.19929,0.75544
fork-non-linear,10,51,hybrid,HYBRID_ALPHA0.8_BETA0.2,0.8,0.2,100,x2=0.0,0.775,0.06055,0.26703
fork-non-linear,1,42,hybrid,HYBRID_ALPHA0.7_BETA0.3,0.7,0.3,100,x2=0.0,0.95,0.18725,0.59663
fork-non-linear,2,43,hybrid,HYBRID_ALPHA0.7_BETA0.3,0.7,0.3,100,x2=0.0,0.9,0.13733,0.44103
fork-non-linear,3,44,hybrid,HYBRID_ALPHA0.7_BETA0.3,0.7,0.3,100,x2=0.0,0.725,0.06134,0.28286
fork-non-linear,4,45,hybrid,HYBRID_ALPHA0.7_BETA0.3,0.7,0.3,100,x2=0.0,0.875,0.07466,0.30672
fork-non-linear,5,46,hybrid,HYBRID_ALPHA0.7_BETA0.3,0.7,0.3,100,x2=0.0,0.8,0.1129,0.49086
fork-non-linear,6,47,hybrid,HYBRID_ALPHA0.7_BETA0.3,0.7,0.3,100,x2=0.0,0.85,0.13151,0.4717
fork-non-linear,7,48,hybrid,HYBRID_ALPHA0.7_BETA0.3,0.7,0.3,100,x2=0.0,0.9,0.19604,0.50184
fork-non-linear,8,49,hybrid,HYBRID_ALPHA0.7_BETA0.3,0.7,0.3,100,x2=0.0,0.925,0.11056,0.45179
fork-non-linear,9,50,hybrid,HYBRID_ALPHA0.7_BETA0.3,0.7,0.3,100,x2=0.0,0.85,0.20398,0.7555
fork-non-linear,10,51,hybrid,HYBRID_ALPHA0.7_BETA0.3,0.7,0.3,100,x2=0.0,0.65,0.05137,0.25888
fork-non-linear,1,42,hybrid,HYBRID_ALPHA0.6_BETA0.4,0.6,0.4,100,x2=0.0,0.975,0.21803,0.6987
fork-non-linear,2,43,hybrid,HYBRID_ALPHA0.6_BETA0.4,0.6,0.4,100,x2=0.0,0.825,0.13535,0.40683
fork-non-linear,3,44,hybrid,HYBRID_ALPHA0.6_BETA0.4,0.6,0.4,100,x2=0.0,0.775,0.09991,0.42187
fork-non-linear,4,45,hybrid,HYBRID_ALPHA0.6_BETA0.4,0.6,0.4,100,x2=0.0,0.85,0.0706,0.25513
fork-non-linear,5,46,hybrid,HYBRID_ALPHA0.6_BETA0.4,0.6,0.4,100,x2=0.0,0.825,0.12759,0.82272
fork-non-linear,6,47,hybrid,HYBRID_ALPHA0.6_BETA0.4,0.6,0.4,100,x2=0.0,0.875,0.13059,0.35024
fork-non-linear,7,48,hybrid,HYBRID_ALPHA0.6_BETA0.4,0.6,0.4,100,x2=0.0,0.95,0.20282,0.49462
fork-non-linear,8,49,hybrid,HYBRID_ALPHA0.6_BETA0.4,0.6,0.4,100,x2=0.0,0.925,0.11173,0.47637
fork-non-linear,9,50,hybrid,HYBRID_ALPHA0.6_BETA0.4,0.6,0.4,100,x2=0.0,0.925,0.2037,0.75605
fork-non-linear,10,51,hybrid,HYBRID_ALPHA0.6_BETA0.4,0.6,0.4,100,x2=0.0,0.9,0.1005,0.4073
fork-non-linear,1,42,hybrid,HYBRID_ALPHA0.5_BETA0.5,0.5,0.5,100,x2=0.0,0.825,0.10949,0.28292
fork-non-linear,2,43,hybrid,HYBRID_ALPHA0.5_BETA0.5,0.5,0.5,100,x2=0.0,0.875,0.13497,0.33095
fork-non-linear,3,44,hybrid,HYBRID_ALPHA0.5_BETA0.5,0.5,0.5,100,x2=0.0,0.7,0.04985,0.25697
fork-non-linear,4,45,hybrid,HYBRID_ALPHA0.5_BETA0.5,0.5,0.5,100,x2=0.0,0.925,0.18816,0.65569
fork-non-linear,5,46,hybrid,HYBRID_ALPHA0.5_BETA0.5,0.5,0.5,100,x2=0.0,0.95,0.10172,0.60018
fork-non-linear,6,47,hybrid,HYBRID_ALPHA0.5_BETA0.5,0.5,0.5,100,x2=0.0,0.9,0.13792,0.37207
fork-non-linear,7,48,hybrid,HYBRID_ALPHA0.5_BETA0.5,0.5,0.5,100,x2=0.0,0.925,0.26228,0.65067
fork-non-linear,8,49,hybrid,HYBRID_ALPHA0.5_BETA0.5,0.5,0.5,100,x2=0.0,0.925,0.18127,0.70261
fork-non-linear,9,50,hybrid,HYBRID_ALPHA0.5_BETA0.5,0.5,0.5,100,x2=0.0,0.85,0.13844,0.63574
fork-non-linear,10,51,hybrid,HYBRID_ALPHA0.5_BETA0.5,0.5,0.5,100,x2=0.0,0.9,0.09937,0.41203
fork-non-linear,1,42,hybrid,HYBRID_ALPHA0.4_BETA0.6,0.4,0.6,100,x2=0.0,0.875,0.10467,0.32266
fork-non-linear,2,43,hybrid,HYBRID_ALPHA0.4_BETA0.6,0.4,0.6,100,x2=0.0,0.9,0.1475,0.40044
fork-non-linear,3,44,hybrid,HYBRID_ALPHA0.4_BETA0.6,0.4,0.6,100,x2=0.0,0.75,0.04195,0.22269
fork-non-linear,4,45,hybrid,HYBRID_ALPHA0.4_BETA0.6,0.4,0.6,100,x2=0.0,0.925,0.19716,0.6855
fork-non-linear,5,46,hybrid,HYBRID_ALPHA0.4_BETA0.6,0.4,0.6,100,x2=0.0,0.9,0.0927,0.55536
fork-non-linear,6,47,hybrid,HYBRID_ALPHA0.4_BETA0.6,0.4,0.6,100,x2=0.0,0.875,0.13632,0.50565
fork-non-linear,7,48,hybrid,HYBRID_ALPHA0.4_BETA0.6,0.4,0.6,100,x2=0.0,0.9,0.29029,0.6579
fork-non-linear,8,49,hybrid,HYBRID_ALPHA0.4_BETA0.6,0.4,0.6,100,x2=0.0,0.9,0.20166,0.72001
fork-non-linear,9,50,hybrid,HYBRID_ALPHA0.4_BETA0.6,0.4,0.6,100,x2=0.0,0.775,0.13963,0.68182
fork-non-linear,10,51,hybrid,HYBRID_ALPHA0.4_BETA0.6,0.4,0.6,100,x2=0.0,0.9,0.10361,0.41646
fork-non-linear,1,42,hybrid,HYBRID_ALPHA0.3_BETA0.7,0.3,0.7,100,x2=0.0,0.9,0.10925,0.28351
fork-non-linear,2,43,hybrid,HYBRID_ALPHA0.3_BETA0.7,0.3,0.7,100,x2=0.0,0.9,0.15331,0.4366
fork-non-linear,3,44,hybrid,HYBRID_ALPHA0.3_BETA0.7,0.3,0.7,100,x2=0.0,0.8,0.04673,0.20544
fork-non-linear,4,45,hybrid,HYBRID_ALPHA0.3_BETA0.7,0.3,0.7,100,x2=0.0,0.925,0.19185,0.71274
fork-non-linear,5,46,hybrid,HYBRID_ALPHA0.3_BETA0.7,0.3,0.7,100,x2=0.0,0.825,0.1079,0.5595
fork-non-linear,6,47,hybrid,HYBRID_ALPHA0.3_BETA0.7,0.3,0.7,100,x2=0.0,0.8,0.06715,0.39284
fork-non-linear,7,48,hybrid,HYBRID_ALPHA0.3_BETA0.7,0.3,0.7,100,x2=0.0,0.975,0.22636,0.68964
fork-non-linear,8,49,hybrid,HYBRID_ALPHA0.3_BETA0.7,0.3,0.7,100,x2=0.0,0.95,0.18468,0.74504
fork-non-linear,9,50,hybrid,HYBRID_ALPHA0.3_BETA0.7,0.3,0.7,100,x2=0.0,0.85,0.15868,0.70387
fork-non-linear,10,51,hybrid,HYBRID_ALPHA0.3_BETA0.7,0.3,0.7,100,x2=0.0,0.9,0.09019,0.38293
fork-non-linear,1,42,hybrid,HYBRID_ALPHA0.2_BETA0.8,0.2,0.8,100,x2=0.0,0.825,0.1152,0.3445
fork-non-linear,2,43,hybrid,HYBRID_ALPHA0.2_BETA0.8,0.2,0.8,100,x2=0.0,0.9,0.14782,0.37184
fork-non-linear,3,44,hybrid,HYBRID_ALPHA0.2_BETA0.8,0.2,0.8,100,x2=0.0,0.775,0.05749,0.29008
fork-non-linear,4,45,hybrid,HYBRID_ALPHA0.2_BETA0.8,0.2,0.8,100,x2=0.0,0.95,0.1941,0.72736
fork-non-linear,5,46,hybrid,HYBRID_ALPHA0.2_BETA0.8,0.2,0.8,100,x2=0.0,0.85,0.12691,0.7314
fork-non-linear,6,47,hybrid,HYBRID_ALPHA0.2_BETA0.8,0.2,0.8,100,x2=0.0,0.75,0.07465,0.4263
fork-non-linear,7,48,hybrid,HYBRID_ALPHA0.2_BETA0.8,0.2,0.8,100,x2=0.0,0.95,0.23224,0.71674
fork-non-linear,8,49,hybrid,HYBRID_ALPHA0.2_BETA0.8,0.2,0.8,100,x2=0.0,0.875,0.17688,0.77466
fork-non-linear,9,50,hybrid,HYBRID_ALPHA0.2_BETA0.8,0.2,0.8,100,x2=0.0,0.925,0.14508,0.73207
fork-non-linear,10,51,hybrid,HYBRID_ALPHA0.2_BETA0.8,0.2,0.8,100,x2=0.0,0.875,0.0533,0.17822
simpson-non-linear,1,42,mse,MSE,1.0,0.0,50,x2=0.0,0.65,0.04186,0.65323
simpson-non-linear,2,43,mse,MSE,1.0,0.0,50,x2=0.0,0.625,0.06308,0.70788
simpson-non-linear,3,44,mse,MSE,1.0,0.0,50,x2=0.0,0.75,0.08905,0.58034
simpson-non-linear,4,45,mse,MSE,1.0,0.0,50,x2=0.0,0.725,0.07197,1.05385
simpson-non-linear,5,46,mse,MSE,1.0,0.0,50,x2=0.0,0.65,0.05879,0.82214
simpson-non-linear,6,47,mse,MSE,1.0,0.0,50,x2=0.0,0.7,0.0614,0.61241
simpson-non-linear,7,48,mse,MSE,1.0,0.0,50,x2=0.0,0.625,0.05013,0.4308
simpson-non-linear,8,49,mse,MSE,1.0,0.0,50,x2=0.0,0.75,0.11794,1.03415
simpson-non-linear,9,50,mse,MSE,1.0,0.0,50,x2=0.0,0.65,0.06576,0.60444
simpson-non-linear,10,51,mse,MSE,1.0,0.0,50,x2=0.0,0.75,0.07663,1.06145
simpson-non-linear,1,42,hybrid,HYBRID_ALPHA0.9_BETA0.1,0.9,0.1,50,x2=0.0,0.725,0.05036,0.69499
simpson-non-linear,2,43,hybrid,HYBRID_ALPHA0.9_BETA0.1,0.9,0.1,50,x2=0.0,0.7,0.0589,0.84934
simpson-non-linear,3,44,hybrid,HYBRID_ALPHA0.9_BETA0.1,0.9,0.1,50,x2=0.0,0.675,0.08638,0.6082
simpson-non-linear,4,45,hybrid,HYBRID_ALPHA0.9_BETA0.1,0.9,0.1,50,x2=0.0,0.75,0.07213,1.05385
simpson-non-linear,5,46,hybrid,HYBRID_ALPHA0.9_BETA0.1,0.9,0.1,50,x2=0.0,0.675,0.05886,0.82818
simpson-non-linear,6,47,hybrid,HYBRID_ALPHA0.9_BETA0.1,0.9,0.1,50,x2=0.0,0.7,0.05956,0.61836
simpson-non-linear,7,48,hybrid,HYBRID_ALPHA0.9_BETA0.1,0.9,0.1,50,x2=0.0,0.675,0.05399,0.4447
simpson-non-linear,8,49,hybrid,HYBRID_ALPHA0.9_BETA0.1,0.9,0.1,50,x2=0.0,0.675,0.06318,0.63706
simpson-non-linear,9,50,hybrid,HYBRID_ALPHA0.9_BETA0.1,0.9,0.1,50,x2=0.0,0.75,0.06799,0.5902
simpson-non-linear,10,51,hybrid,HYBRID_ALPHA0.9_BETA0.1,0.9,0.1,50,x2=0.0,0.75,0.07676,1.0615
simpson-non-linear,1,42,hybrid,HYBRID_ALPHA0.8_BETA0.2,0.8,0.2,50,x2=0.0,0.75,0.05417,0.71543
simpson-non-linear,2,43,hybrid,HYBRID_ALPHA0.8_BETA0.2,0.8,0.2,50,x2=0.0,0.625,0.05931,0.66541
simpson-non-linear,3,44,hybrid,HYBRID_ALPHA0.8_BETA0.2,0.8,0.2,50,x2=0.0,0.725,0.07418,0.54701
simpson-non-linear,4,45,hybrid,HYBRID_ALPHA0.8_BETA0.2,0.8,0.2,50,x2=0.0,0.725,0.06817,1.05399
simpson-non-linear,5,46,hybrid,HYBRID_ALPHA0.8_BETA0.2,0.8,0.2,50,x2=0.0,0.675,0.0496,0.70827
simpson-non-linear,6,47,hybrid,HYBRID_ALPHA0.8_BETA0.2,0.8,0.2,50,x2=0.0,0.7,0.05975,0.64146
simpson-non-linear,7,48,hybrid,HYBRID_ALPHA0.8_BETA0.2,0.8,0.2,50,x2=0.0,0.7,0.06053,0.59452
simpson-non-linear,8,49,hybrid,HYBRID_ALPHA0.8_BETA0.2,0.8,0.2,50,x2=0.0,0.75,0.11812,0.85014
simpson-non-linear,9,50,hybrid,HYBRID_ALPHA0.8_BETA0.2,0.8,0.2,50,x2=0.0,0.7,0.06468,0.54887
simpson-non-linear,10,51,hybrid,HYBRID_ALPHA0.8_BETA0.2,0.8,0.2,50,x2=0.0,0.75,0.07677,1.0615
simpson-non-linear,1,42,hybrid,HYBRID_ALPHA0.7_BETA0.3,0.7,0.3,50,x2=0.0,0.75,0.05528,0.70931
simpson-non-linear,2,43,hybrid,HYBRID_ALPHA0.7_BETA0.3,0.7,0.3,50,x2=0.0,0.625,0.05996,0.64074
simpson-non-linear,3,44,hybrid,HYBRID_ALPHA0.7_BETA0.3,0.7,0.3,50,x2=0.0,0.7,0.07608,0.53457
simpson-non-linear,4,45,hybrid,HYBRID_ALPHA0.7_BETA0.3,0.7,0.3,50,x2=0.0,0.75,0.06846,1.05378
simpson-non-linear,5,46,hybrid,HYBRID_ALPHA0.7_BETA0.3,0.7,0.3,50,x2=0.0,0.65,0.05112,0.72509
simpson-non-linear,6,47,hybrid,HYBRID_ALPHA0.7_BETA0.3,0.7,0.3,50,x2=0.0,0.725,0.06262,0.66783
simpson-non-linear,7,48,hybrid,HYBRID_ALPHA0.7_BETA0.3,0.7,0.3,50,x2=0.0,0.7,0.05526,0.45802
simpson-non-linear,8,49,hybrid,HYBRID_ALPHA0.7_BETA0.3,0.7,0.3,50,x2=0.0,0.675,0.05238,0.77706
simpson-non-linear,9,50,hybrid,HYBRID_ALPHA0.7_BETA0.3,0.7,0.3,50,x2=0.0,0.7,0.06516,0.55591
simpson-non-linear,10,51,hybrid,HYBRID_ALPHA0.7_BETA0.3,0.7,0.3,50,x2=0.0,0.775,0.07661,1.06151
simpson-non-linear,1,42,hybrid,HYBRID_ALPHA0.6_BETA0.4,0.6,0.4,50,x2=0.0,0.625,0.04914,0.68137
simpson-non-linear,2,43,hybrid,HYBRID_ALPHA0.6_BETA0.4,0.6,0.4,50,x2=0.0,0.625,0.05062,0.50365
simpson-non-linear,3,44,hybrid,HYBRID_ALPHA0.6_BETA0.4,0.6,0.4,50,x2=0.0,0.725,0.05064,0.44374
simpson-non-linear,4,45,hybrid,HYBRID_ALPHA0.6_BETA0.4,0.6,0.4,50,x2=0.0,0.75,0.06923,1.05396
simpson-non-linear,5,46,hybrid,HYBRID_ALPHA0.6_BETA0.4,0.6,0.4,50,x2=0.0,0.675,0.04972,0.68265
simpson-non-linear,6,47,hybrid,HYBRID_ALPHA0.6_BETA0.4,0.6,0.4,50,x2=0.0,0.75,0.06349,0.67861
simpson-non-linear,7,48,hybrid,HYBRID_ALPHA0.6_BETA0.4,0.6,0.4,50,x2=0.0,0.725,0.05019,0.45104
simpson-non-linear,8,49,hybrid,HYBRID_ALPHA0.6_BETA0.4,0.6,0.4,50,x2=0.0,0.675,0.06179,0.66457
simpson-non-linear,9,50,hybrid,HYBRID_ALPHA0.6_BETA0.4,0.6,0.4,50,x2=0.0,0.675,0.06339,0.57545
simpson-non-linear,10,51,hybrid,HYBRID_ALPHA0.6_BETA0.4,0.6,0.4,50,x2=0.0,0.775,0.07678,1.06165
simpson-non-linear,1,42,hybrid,HYBRID_ALPHA0.5_BETA0.5,0.5,0.5,50,x2=0.0,0.725,0.05799,0.72976
simpson-non-linear,2,43,hybrid,HYBRID_ALPHA0.5_BETA0.5,0.5,0.5,50,x2=0.0,0.625,0.03859,0.38873
simpson-non-linear,3,44,hybrid,HYBRID_ALPHA0.5_BETA0.5,0.5,0.5,50,x2=0.0,0.65,0.05003,0.42647
simpson-non-linear,4,45,hybrid,HYBRID_ALPHA0.5_BETA0.5,0.5,0.5,50,x2=0.0,0.775,0.06883,1.05397
simpson-non-linear,5,46,hybrid,HYBRID_ALPHA0.5_BETA0.5,0.5,0.5,50,x2=0.0,0.675,0.06096,0.8413
simpson-non-linear,6,47,hybrid,HYBRID_ALPHA0.5_BETA0.5,0.5,0.5,50,x2=0.0,0.725,0.06004,0.66545
simpson-non-linear,7,48,hybrid,HYBRID_ALPHA0.5_BETA0.5,0.5,0.5,50,x2=0.0,0.7,0.04785,0.47791
simpson-non-linear,8,49,hybrid,HYBRID_ALPHA0.5_BETA0.5,0.5,0.5,50,x2=0.0,0.725,0.05796,0.74267
simpson-non-linear,9,50,hybrid,HYBRID_ALPHA0.5_BETA0.5,0.5,0.5,50,x2=0.0,0.625,0.07196,0.60457
simpson-non-linear,10,51,hybrid,HYBRID_ALPHA0.5_BETA0.5,0.5,0.5,50,x2=0.0,0.8,0.07692,1.06172
simpson-non-linear,1,42,hybrid,HYBRID_ALPHA0.4_BETA0.6,0.4,0.6,50,x2=0.0,0.7,0.05604,0.73507
simpson-non-linear,2,43,hybrid,HYBRID_ALPHA0.4_BETA0.6,0.4,0.6,50,x2=0.0,0.625,0.03901,0.40688
simpson-non-linear,3,44,hybrid,HYBRID_ALPHA0.4_BETA0.6,0.4,0.6,50,x2=0.0,0.7,0.06958,0.571
simpson-non-linear,4,45,hybrid,HYBRID_ALPHA0.4_BETA0.6,0.4,0.6,50,x2=0.0,0.7,0.07034,1.05371
simpson-non-linear,5,46,hybrid,HYBRID_ALPHA0.4_BETA0.6,0.4,0.6,50,x2=0.0,0.65,0.06097,0.85296
simpson-non-linear,6,47,hybrid,HYBRID_ALPHA0.4_BETA0.6,0.4,0.6,50,x2=0.0,0.75,0.06393,0.73571
simpson-non-linear,7,48,hybrid,HYBRID_ALPHA0.4_BETA0.6,0.4,0.6,50,x2=0.0,0.75,0.05482,0.54116
simpson-non-linear,8,49,hybrid,HYBRID_ALPHA0.4_BETA0.6,0.4,0.6,50,x2=0.0,0.7,0.05502,0.75524
simpson-non-linear,9,50,hybrid,HYBRID_ALPHA0.4_BETA0.6,0.4,0.6,50,x2=0.0,0.7,0.0756,0.79777
simpson-non-linear,10,51,hybrid,HYBRID_ALPHA0.4_BETA0.6,0.4,0.6,50,x2=0.0,0.775,0.0773,1.06235
simpson-non-linear,1,42,hybrid,HYBRID_ALPHA0.3_BETA0.7,0.3,0.7,50,x2=0.0,0.675,0.05385,0.78515
simpson-non-linear,2,43,hybrid,HYBRID_ALPHA0.3_BETA0.7,0.3,0.7,50,x2=0.0,0.625,0.06372,0.7517
simpson-non-linear,3,44,hybrid,HYBRID_ALPHA0.3_BETA0.7,0.3,0.7,50,x2=0.0,0.7,0.07421,0.60077
simpson-non-linear,4,45,hybrid,HYBRID_ALPHA0.3_BETA0.7,0.3,0.7,50,x2=0.0,0.7,0.07034,1.05384
simpson-non-linear,5,46,hybrid,HYBRID_ALPHA0.3_BETA0.7,0.3,0.7,50,x2=0.0,0.675,0.05142,0.78575
simpson-non-linear,6,47,hybrid,HYBRID_ALPHA0.3_BETA0.7,0.3,0.7,50,x2=0.0,0.725,0.0665,0.81612
simpson-non-linear,7,48,hybrid,HYBRID_ALPHA0.3_BETA0.7,0.3,0.7,50,x2=0.0,0.725,0.05859,0.74636
simpson-non-linear,8,49,hybrid,HYBRID_ALPHA0.3_BETA0.7,0.3,0.7,50,x2=0.0,0.65,0.05601,0.76578
simpson-non-linear,9,50,hybrid,HYBRID_ALPHA0.3_BETA0.7,0.3,0.7,50,x2=0.0,0.675,0.08078,0.73242
simpson-non-linear,10,51,hybrid,HYBRID_ALPHA0.3_BETA0.7,0.3,0.7,50,x2=0.0,0.775,0.07766,1.06273
simpson-non-linear,1,42,hybrid,HYBRID_ALPHA0.2_BETA0.8,0.2,0.8,50,x2=0.0,0.675,0.05331,0.91229
simpson-non-linear,2,43,hybrid,HYBRID_ALPHA0.2_BETA0.8,0.2,0.8,50,x2=0.0,0.65,0.03932,0.36181
simpson-non-linear,3,44,hybrid,HYBRID_ALPHA0.2_BETA0.8,0.2,0.8,50,x2=0.0,0.65,0.06178,0.53546
simpson-non-linear,4,45,hybrid,HYBRID_ALPHA0.2_BETA0.8,0.2,0.8,50,x2=0.0,0.75,0.07116,1.0538
simpson-non-linear,5,46,hybrid,HYBRID_ALPHA0.2_BETA0.8,0.2,0.8,50,x2=0.0,0.675,0.04877,0.80716
simpson-non-linear,6,47,hybrid,HYBRID_ALPHA0.2_BETA0.8,0.2,0.8,50,x2=0.0,0.775,0.07525,1.05998
simpson-non-linear,7,48,hybrid,HYBRID_ALPHA0.2_BETA0.8,0.2,0.8,50,x2=0.0,0.7,0.06017,0.7335
simpson-non-linear,8,49,hybrid,HYBRID_ALPHA0.2_BETA0.8,0.2,0.8,50,x2=0.0,0.7,0.05608,0.78836
simpson-non-linear,9,50,hybrid,HYBRID_ALPHA0.2_BETA0.8,0.2,0.8,50,x2=0.0,0.675,0.06162,0.91055
simpson-non-linear,10,51,hybrid,HYBRID_ALPHA0.2_BETA0.8,0.2,0.8,50,x2=0.0,0.75,0.07757,1.06322
simpson-non-linear,1,42,mse,MSE,1.0,0.0,100,x2=0.0,0.575,0.05378,0.4672
simpson-non-linear,2,43,mse,MSE,1.0,0.0,100,x2=0.0,0.675,0.055,0.67303
simpson-non-linear,3,44,mse,MSE,1.0,0.0,100,x2=0.0,0.6,0.0394,0.35299
simpson-non-linear,4,45,mse,MSE,1.0,0.0,100,x2=0.0,0.65,0.04825,0.39873
simpson-non-linear,5,46,mse,MSE,1.0,0.0,100,x2=0.0,0.675,0.05494,0.64265
simpson-non-linear,6,47,mse,MSE,1.0,0.0,100,x2=0.0,0.6,0.06494,0.56642
simpson-non-linear,7,48,mse,MSE,1.0,0.0,100,x2=0.0,0.725,0.07752,0.65901
simpson-non-linear,8,49,mse,MSE,1.0,0.0,100,x2=0.0,0.65,0.04907,0.39514
simpson-non-linear,9,50,mse,MSE,1.0,0.0,100,x2=0.0,0.675,0.04565,0.57116
simpson-non-linear,10,51,mse,MSE,1.0,0.0,100,x2=0.0,0.725,0.0639,0.78837
simpson-non-linear,1,42,hybrid,HYBRID_ALPHA0.9_BETA0.1,0.9,0.1,100,x2=0.0,0.6,0.05422,0.44997
simpson-non-linear,2,43,hybrid,HYBRID_ALPHA0.9_BETA0.1,0.9,0.1,100,x2=0.0,0.55,0.05416,0.74983
simpson-non-linear,3,44,hybrid,HYBRID_ALPHA0.9_BETA0.1,0.9,0.1,100,x2=0.0,0.6,0.03688,0.3248
simpson-non-linear,4,45,hybrid,HYBRID_ALPHA0.9_BETA0.1,0.9,0.1,100,x2=0.0,0.7,0.04715,0.39339
simpson-non-linear,5,46,hybrid,HYBRID_ALPHA0.9_BETA0.1,0.9,0.1,100,x2=0.0,0.675,0.05289,0.65017
simpson-non-linear,6,47,hybrid,HYBRID_ALPHA0.9_BETA0.1,0.9,0.1,100,x2=0.0,0.625,0.0678,0.60465
simpson-non-linear,7,48,hybrid,HYBRID_ALPHA0.9_BETA0.1,0.9,0.1,100,x2=0.0,0.7,0.06385,0.55997
simpson-non-linear,8,49,hybrid,HYBRID_ALPHA0.9_BETA0.1,0.9,0.1,100,x2=0.0,0.625,0.05291,0.41344
simpson-non-linear,9,50,hybrid,HYBRID_ALPHA0.9_BETA0.1,0.9,0.1,100,x2=0.0,0.725,0.04361,0.65959
simpson-non-linear,10,51,hybrid,HYBRID_ALPHA0.9_BETA0.1,0.9,0.1,100,x2=0.0,0.7,0.06457,0.79185
simpson-non-linear,1,42,hybrid,HYBRID_ALPHA0.8_BETA0.2,0.8,0.2,100,x2=0.0,0.625,0.05494,0.56483
simpson-non-linear,2,43,hybrid,HYBRID_ALPHA0.8_BETA0.2,0.8,0.2,100,x2=0.0,0.675,0.03081,0.39596
simpson-non-linear,3,44,hybrid,HYBRID_ALPHA0.8_BETA0.2,0.8,0.2,100,x2=0.0,0.625,0.03629,0.32489
simpson-non-linear,4,45,hybrid,HYBRID_ALPHA0.8_BETA0.2,0.8,0.2,100,x2=0.0,0.75,0.04476,0.44055
simpson-non-linear,5,46,hybrid,HYBRID_ALPHA0.8_BETA0.2,0.8,0.2,100,x2=0.0,0.675,0.05342,0.65097
simpson-non-linear,6,47,hybrid,HYBRID_ALPHA0.8_BETA0.2,0.8,0.2,100,x2=0.0,0.625,0.07006,0.65648
simpson-non-linear,7,48,hybrid,HYBRID_ALPHA0.8_BETA0.2,0.8,0.2,100,x2=0.0,0.675,0.06467,0.55127
simpson-non-linear,8,49,hybrid,HYBRID_ALPHA0.8_BETA0.2,0.8,0.2,100,x2=0.0,0.625,0.05033,0.409
simpson-non-linear,9,50,hybrid,HYBRID_ALPHA0.8_BETA0.2,0.8,0.2,100,x2=0.0,0.7,0.0494,0.86904
simpson-non-linear,10,51,hybrid,HYBRID_ALPHA0.8_BETA0.2,0.8,0.2,100,x2=0.0,0.75,0.06479,0.83834
simpson-non-linear,1,42,hybrid,HYBRID_ALPHA0.7_BETA0.3,0.7,0.3,100,x2=0.0,0.65,0.05604,0.58406
simpson-non-linear,2,43,hybrid,HYBRID_ALPHA0.7_BETA0.3,0.7,0.3,100,x2=0.0,0.575,0.03045,0.38607
simpson-non-linear,3,44,hybrid,HYBRID_ALPHA0.7_BETA0.3,0.7,0.3,100,x2=0.0,0.7,0.05792,0.72994
simpson-non-linear,4,45,hybrid,HYBRID_ALPHA0.7_BETA0.3,0.7,0.3,100,x2=0.0,0.675,0.04223,0.47936
simpson-non-linear,5,46,hybrid,HYBRID_ALPHA0.7_BETA0.3,0.7,0.3,100,x2=0.0,0.675,0.05207,0.64528
simpson-non-linear,6,47,hybrid,HYBRID_ALPHA0.7_BETA0.3,0.7,0.3,100,x2=0.0,0.675,0.07123,0.67369
simpson-non-linear,7,48,hybrid,HYBRID_ALPHA0.7_BETA0.3,0.7,0.3,100,x2=0.0,0.65,0.06471,0.52861
simpson-non-linear,8,49,hybrid,HYBRID_ALPHA0.7_BETA0.3,0.7,0.3,100,x2=0.0,0.725,0.04997,0.41943
simpson-non-linear,9,50,hybrid,HYBRID_ALPHA0.7_BETA0.3,0.7,0.3,100,x2=0.0,0.725,0.05144,0.6467
simpson-non-linear,10,51,hybrid,HYBRID_ALPHA0.7_BETA0.3,0.7,0.3,100,x2=0.0,0.725,0.06482,0.84123
simpson-non-linear,1,42,hybrid,HYBRID_ALPHA0.6_BETA0.4,0.6,0.4,100,x2=0.0,0.575,0.05673,0.5945
simpson-non-linear,2,43,hybrid,HYBRID_ALPHA0.6_BETA0.4,0.6,0.4,100,x2=0.0,0.65,0.03346,0.38676
simpson-non-linear,3,44,hybrid,HYBRID_ALPHA0.6_BETA0.4,0.6,0.4,100,x2=0.0,0.725,0.05651,0.75539
simpson-non-linear,4,45,hybrid,HYBRID_ALPHA0.6_BETA0.4,0.6,0.4,100,x2=0.0,0.675,0.05255,0.44659
simpson-non-linear,5,46,hybrid,HYBRID_ALPHA0.6_BETA0.4,0.6,0.4,100,x2=0.0,0.675,0.05147,0.64526
simpson-non-linear,6,47,hybrid,HYBRID_ALPHA0.6_BETA0.4,0.6,0.4,100,x2=0.0,0.7,0.06185,0.56539
simpson-non-linear,7,48,hybrid,HYBRID_ALPHA0.6_BETA0.4,0.6,0.4,100,x2=0.0,0.65,0.06208,0.54633
simpson-non-linear,8,49,hybrid,HYBRID_ALPHA0.6_BETA0.4,0.6,0.4,100,x2=0.0,0.6,0.04472,0.40482
simpson-non-linear,9,50,hybrid,HYBRID_ALPHA0.6_BETA0.4,0.6,0.4,100,x2=0.0,0.725,0.05312,0.55242
simpson-non-linear,10,51,hybrid,HYBRID_ALPHA0.6_BETA0.4,0.6,0.4,100,x2=0.0,0.75,0.06492,0.88076
simpson-non-linear,1,42,hybrid,HYBRID_ALPHA0.5_BETA0.5,0.5,0.5,100,x2=0.0,0.55,0.05681,0.63608
simpson-non-linear,2,43,hybrid,HYBRID_ALPHA0.5_BETA0.5,0.5,0.5,100,x2=0.0,0.6,0.03923,0.41172
simpson-non-linear,3,44,hybrid,HYBRID_ALPHA0.5_BETA0.5,0.5,0.5,100,x2=0.0,0.725,0.05747,0.76431
simpson-non-linear,4,45,hybrid,HYBRID_ALPHA0.5_BETA0.5,0.5,0.5,100,x2=0.0,0.575,0.03747,0.38524
simpson-non-linear,5,46,hybrid,HYBRID_ALPHA0.5_BETA0.5,0.5,0.5,100,x2=0.0,0.725,0.05362,0.7052
simpson-non-linear,6,47,hybrid,HYBRID_ALPHA0.5_BETA0.5,0.5,0.5,100,x2=0.0,0.675,0.05043,0.40493
simpson-non-linear,7,48,hybrid,HYBRID_ALPHA0.5_BETA0.5,0.5,0.5,100,x2=0.0,0.625,0.06356,0.57085
simpson-non-linear,8,49,hybrid,HYBRID_ALPHA0.5_BETA0.5,0.5,0.5,100,x2=0.0,0.625,0.0433,0.40003
simpson-non-linear,9,50,hybrid,HYBRID_ALPHA0.5_BETA0.5,0.5,0.5,100,x2=0.0,0.7,0.04892,0.60414
simpson-non-linear,10,51,hybrid,HYBRID_ALPHA0.5_BETA0.5,0.5,0.5,100,x2=0.0,0.75,0.06354,0.88688
simpson-non-linear,1,42,hybrid,HYBRID_ALPHA0.4_BETA0.6,0.4,0.6,100,x2=0.0,0.6,0.04971,0.41535
simpson-non-linear,2,43,hybrid,HYBRID_ALPHA0.4_BETA0.6,0.4,0.6,100,x2=0.0,0.625,0.03535,0.38297
simpson-non-linear,3,44,hybrid,HYBRID_ALPHA0.4_BETA0.6,0.4,0.6,100,x2=0.0,0.675,0.06214,0.7801
simpson-non-linear,4,45,hybrid,HYBRID_ALPHA0.4_BETA0.6,0.4,0.6,100,x2=0.0,0.625,0.0362,0.37394
simpson-non-linear,5,46,hybrid,HYBRID_ALPHA0.4_BETA0.6,0.4,0.6,100,x2=0.0,0.7,0.05868,2.11727
simpson-non-linear,6,47,hybrid,HYBRID_ALPHA0.4_BETA0.6,0.4,0.6,100,x2=0.0,0.7,0.04621,0.41363
simpson-non-linear,7,48,hybrid,HYBRID_ALPHA0.4_BETA0.6,0.4,0.6,100,x2=0.0,0.65,0.07007,0.80246
simpson-non-linear,8,49,hybrid,HYBRID_ALPHA0.4_BETA0.6,0.4,0.6,100,x2=0.0,0.525,0.04496,0.42316
simpson-non-linear,9,50,hybrid,HYBRID_ALPHA0.4_BETA0.6,0.4,0.6,100,x2=0.0,0.725,0.04512,0.64887
simpson-non-linear,10,51,hybrid,HYBRID_ALPHA0.4_BETA0.6,0.4,0.6,100,x2=0.0,0.725,0.06542,0.89437
simpson-non-linear,1,42,hybrid,HYBRID_ALPHA0.3_BETA0.7,0.3,0.7,100,x2=0.0,0.7,0.05348,0.39745
simpson-non-linear,2,43,hybrid,HYBRID_ALPHA0.3_BETA0.7,0.3,0.7,100,x2=0.0,0.6,0.04128,0.42305
simpson-non-linear,3,44,hybrid,HYBRID_ALPHA0.3_BETA0.7,0.3,0.7,100,x2=0.0,0.7,0.06261,0.79214
simpson-non-linear,4,45,hybrid,HYBRID_ALPHA0.3_BETA0.7,0.3,0.7,100,x2=0.0,0.65,0.03578,0.36329
simpson-non-linear,5,46,hybrid,HYBRID_ALPHA0.3_BETA0.7,0.3,0.7,100,x2=0.0,0.75,0.0562,0.7582
simpson-non-linear,6,47,hybrid,HYBRID_ALPHA0.3_BETA0.7,0.3,0.7,100,x2=0.0,0.7,0.06155,0.8195
simpson-non-linear,7,48,hybrid,HYBRID_ALPHA0.3_BETA0.7,0.3,0.7,100,x2=0.0,0.625,0.068,0.80949
simpson-non-linear,8,49,hybrid,HYBRID_ALPHA0.3_BETA0.7,0.3,0.7,100,x2=0.0,0.675,0.04457,0.389
simpson-non-linear,9,50,hybrid,HYBRID_ALPHA0.3_BETA0.7,0.3,0.7,100,x2=0.0,0.725,0.04486,0.73434
simpson-non-linear,10,51,hybrid,HYBRID_ALPHA0.3_BETA0.7,0.3,0.7,100,x2=0.0,0.75,0.06602,0.88631
simpson-non-linear,1,42,hybrid,HYBRID_ALPHA0.2_BETA0.8,0.2,0.8,100,x2=0.0,0.725,0.05305,0.40648
simpson-non-linear,2,43,hybrid,HYBRID_ALPHA0.2_BETA0.8,0.2,0.8,100,x2=0.0,0.625,0.03652,0.57815
simpson-non-linear,3,44,hybrid,HYBRID_ALPHA0.2_BETA0.8,0.2,0.8,100,x2=0.0,0.725,0.06346,0.82631
simpson-non-linear,4,45,hybrid,HYBRID_ALPHA0.2_BETA0.8,0.2,0.8,100,x2=0.0,0.725,0.06241,0.80158
simpson-non-linear,5,46,hybrid,HYBRID_ALPHA0.2_BETA0.8,0.2,0.8,100,x2=0.0,0.7,0.06266,0.84527
simpson-non-linear,6,47,hybrid,HYBRID_ALPHA0.2_BETA0.8,0.2,0.8,100,x2=0.0,0.75,0.05746,0.44003
simpson-non-linear,7,48,hybrid,HYBRID_ALPHA0.2_BETA0.8,0.2,0.8,100,x2=0.0,0.625,0.04869,0.60921
simpson-non-linear,8,49,hybrid,HYBRID_ALPHA0.2_BETA0.8,0.2,0.8,100,x2=0.0,0.725,0.05851,0.58689
simpson-non-linear,9,50,hybrid,HYBRID_ALPHA0.2_BETA0.8,0.2,0.8,100,x2=0.0,0.675,0.0612,0.95405
simpson-non-linear,10,51,hybrid,HYBRID_ALPHA0.2_BETA0.8,0.2,0.8,100,x2=0.0,0.75,0.07209,0.95813
simpson-symprod,1,42,mse,MSE,1.0,0.0,50,x2=0.0,0.9,0.09021,0.74954
simpson-symprod,2,43,mse,MSE,1.0,0.0,50,x2=0.0,0.8,0.08567,0.73082
simpson-symprod,3,44,mse,MSE,1.0,0.0,50,x2=0.0,0.75,0.04418,0.63214
simpson-symprod,4,45,mse,MSE,1.0,0.0,50,x2=0.0,0.8,0.09057,0.88305
simpson-symprod,5,46,mse,MSE,1.0,0.0,50,x2=0.0,0.75,0.06752,0.70244
simpson-symprod,6,47,mse,MSE,1.0,0.0,50,x2=0.0,0.75,0.07562,0.79088
simpson-symprod,7,48,mse,MSE,1.0,0.0,50,x2=0.0,0.7,0.08998,0.90076
simpson-symprod,8,49,mse,MSE,1.0,0.0,50,x2=0.0,0.825,0.10578,0.80434
simpson-symprod,9,50,mse,MSE,1.0,0.0,50,x2=0.0,0.675,0.04581,0.71576
simpson-symprod,10,51,mse,MSE,1.0,0.0,50,x2=0.0,0.7,0.06747,1.90184
simpson-symprod,1,42,hybrid,HYBRID_ALPHA0.9_BETA0.1,0.9,0.1,50,x2=0.0,0.825,0.05369,0.71845
simpson-symprod,2,43,hybrid,HYBRID_ALPHA0.9_BETA0.1,0.9,0.1,50,x2=0.0,0.75,0.08675,0.80072
simpson-symprod,3,44,hybrid,HYBRID_ALPHA0.9_BETA0.1,0.9,0.1,50,x2=0.0,0.65,0.03657,0.59431
simpson-symprod,4,45,hybrid,HYBRID_ALPHA0.9_BETA0.1,0.9,0.1,50,x2=0.0,0.825,0.09156,0.90598
simpson-symprod,5,46,hybrid,HYBRID_ALPHA0.9_BETA0.1,0.9,0.1,50,x2=0.0,0.75,0.06791,0.70459
simpson-symprod,6,47,hybrid,HYBRID_ALPHA0.9_BETA0.1,0.9,0.1,50,x2=0.0,0.725,0.04921,0.75531
simpson-symprod,7,48,hybrid,HYBRID_ALPHA0.9_BETA0.1,0.9,0.1,50,x2=0.0,0.75,0.08272,0.82143
simpson-symprod,8,49,hybrid,HYBRID_ALPHA0.9_BETA0.1,0.9,0.1,50,x2=0.0,0.85,0.10418,0.80426
simpson-symprod,9,50,hybrid,HYBRID_ALPHA0.9_BETA0.1,0.9,0.1,50,x2=0.0,0.675,0.04192,0.72558
simpson-symprod,10,51,hybrid,HYBRID_ALPHA0.9_BETA0.1,0.9,0.1,50,x2=0.0,0.725,0.07016,2.12436
simpson-symprod,1,42,hybrid,HYBRID_ALPHA0.8_BETA0.2,0.8,0.2,50,x2=0.0,0.75,0.06494,0.83066
simpson-symprod,2,43,hybrid,HYBRID_ALPHA0.8_BETA0.2,0.8,0.2,50,x2=0.0,0.75,0.08384,0.80274
simpson-symprod,3,44,hybrid,HYBRID_ALPHA0.8_BETA0.2,0.8,0.2,50,x2=0.0,0.65,0.04549,0.64661
simpson-symprod,4,45,hybrid,HYBRID_ALPHA0.8_BETA0.2,0.8,0.2,50,x2=0.0,0.8,0.09302,0.9325
simpson-symprod,5,46,hybrid,HYBRID_ALPHA0.8_BETA0.2,0.8,0.2,50,x2=0.0,0.75,0.06857,0.70443
simpson-symprod,6,47,hybrid,HYBRID_ALPHA0.8_BETA0.2,0.8,0.2,50,x2=0.0,0.725,0.05185,0.75424
simpson-symprod,7,48,hybrid,HYBRID_ALPHA0.8_BETA0.2,0.8,0.2,50,x2=0.0,0.775,0.08341,0.83217
simpson-symprod,8,49,hybrid,HYBRID_ALPHA0.8_BETA0.2,0.8,0.2,50,x2=0.0,0.775,0.10841,0.80431
simpson-symprod,9,50,hybrid,HYBRID_ALPHA0.8_BETA0.2,0.8,0.2,50,x2=0.0,0.725,0.04382,0.67545
simpson-symprod,10,51,hybrid,HYBRID_ALPHA0.8_BETA0.2,0.8,0.2,50,x2=0.0,0.725,0.07204,2.01859
simpson-symprod,1,42,hybrid,HYBRID_ALPHA0.7_BETA0.3,0.7,0.3,50,x2=0.0,0.775,0.04279,0.70619
simpson-symprod,2,43,hybrid,HYBRID_ALPHA0.7_BETA0.3,0.7,0.3,50,x2=0.0,0.75,0.07699,0.80738
simpson-symprod,3,44,hybrid,HYBRID_ALPHA0.7_BETA0.3,0.7,0.3,50,x2=0.0,0.625,0.04551,0.64694
simpson-symprod,4,45,hybrid,HYBRID_ALPHA0.7_BETA0.3,0.7,0.3,50,x2=0.0,0.8,0.08998,1.26836
simpson-symprod,5,46,hybrid,HYBRID_ALPHA0.7_BETA0.3,0.7,0.3,50,x2=0.0,0.75,0.07127,0.71719
simpson-symprod,6,47,hybrid,HYBRID_ALPHA0.7_BETA0.3,0.7,0.3,50,x2=0.0,0.825,0.08068,0.79113
simpson-symprod,7,48,hybrid,HYBRID_ALPHA0.7_BETA0.3,0.7,0.3,50,x2=0.0,0.75,0.08133,0.82746
simpson-symprod,8,49,hybrid,HYBRID_ALPHA0.7_BETA0.3,0.7,0.3,50,x2=0.0,0.825,0.10647,0.80488
simpson-symprod,9,50,hybrid,HYBRID_ALPHA0.7_BETA0.3,0.7,0.3,50,x2=0.0,0.675,0.04346,0.67677
simpson-symprod,10,51,hybrid,HYBRID_ALPHA0.7_BETA0.3,0.7,0.3,50,x2=0.0,0.625,0.06172,0.62452
simpson-symprod,1,42,hybrid,HYBRID_ALPHA0.6_BETA0.4,0.6,0.4,50,x2=0.0,0.7,0.04554,0.71358
simpson-symprod,2,43,hybrid,HYBRID_ALPHA0.6_BETA0.4,0.6,0.4,50,x2=0.0,0.8,0.08092,0.81296
simpson-symprod,3,44,hybrid,HYBRID_ALPHA0.6_BETA0.4,0.6,0.4,50,x2=0.0,0.625,0.04443,0.64926
simpson-symprod,4,45,hybrid,HYBRID_ALPHA0.6_BETA0.4,0.6,0.4,50,x2=0.0,0.8,0.09397,0.78741
simpson-symprod,5,46,hybrid,HYBRID_ALPHA0.6_BETA0.4,0.6,0.4,50,x2=0.0,0.75,0.07106,0.71905
simpson-symprod,6,47,hybrid,HYBRID_ALPHA0.6_BETA0.4,0.6,0.4,50,x2=0.0,0.8,0.08794,0.78335
simpson-symprod,7,48,hybrid,HYBRID_ALPHA0.6_BETA0.4,0.6,0.4,50,x2=0.0,0.75,0.09035,0.88078
simpson-symprod,8,49,hybrid,HYBRID_ALPHA0.6_BETA0.4,0.6,0.4,50,x2=0.0,0.85,0.10838,0.80493
simpson-symprod,9,50,hybrid,HYBRID_ALPHA0.6_BETA0.4,0.6,0.4,50,x2=0.0,0.725,0.04251,0.67913
simpson-symprod,10,51,hybrid,HYBRID_ALPHA0.6_BETA0.4,0.6,0.4,50,x2=0.0,0.7,0.06372,0.66651
simpson-symprod,1,42,hybrid,HYBRID_ALPHA0.5_BETA0.5,0.5,0.5,50,x2=0.0,0.75,0.04853,0.7239
simpson-symprod,2,43,hybrid,HYBRID_ALPHA0.5_BETA0.5,0.5,0.5,50,x2=0.0,0.825,0.08918,0.81412
simpson-symprod,3,44,hybrid,HYBRID_ALPHA0.5_BETA0.5,0.5,0.5,50,x2=0.0,0.775,0.04943,0.67164
simpson-symprod,4,45,hybrid,HYBRID_ALPHA0.5_BETA0.5,0.5,0.5,50,x2=0.0,0.825,0.09742,0.79848
simpson-symprod,5,46,hybrid,HYBRID_ALPHA0.5_BETA0.5,0.5,0.5,50,x2=0.0,0.725,0.07164,0.71982
simpson-symprod,6,47,hybrid,HYBRID_ALPHA0.5_BETA0.5,0.5,0.5,50,x2=0.0,0.775,0.08967,0.77562
simpson-symprod,7,48,hybrid,HYBRID_ALPHA0.5_BETA0.5,0.5,0.5,50,x2=0.0,0.775,0.09129,0.88016
simpson-symprod,8,49,hybrid,HYBRID_ALPHA0.5_BETA0.5,0.5,0.5,50,x2=0.0,0.85,0.10724,0.80478
simpson-symprod,9,50,hybrid,HYBRID_ALPHA0.5_BETA0.5,0.5,0.5,50,x2=0.0,0.75,0.03991,0.68545
simpson-symprod,10,51,hybrid,HYBRID_ALPHA0.5_BETA0.5,0.5,0.5,50,x2=0.0,0.85,0.08727,0.76621
simpson-symprod,1,42,hybrid,HYBRID_ALPHA0.4_BETA0.6,0.4,0.6,50,x2=0.0,0.825,0.09248,0.78129
simpson-symprod,2,43,hybrid,HYBRID_ALPHA0.4_BETA0.6,0.4,0.6,50,x2=0.0,0.75,0.08781,0.81718
simpson-symprod,3,44,hybrid,HYBRID_ALPHA0.4_BETA0.6,0.4,0.6,50,x2=0.0,0.675,0.04246,0.65957
simpson-symprod,4,45,hybrid,HYBRID_ALPHA0.4_BETA0.6,0.4,0.6,50,x2=0.0,0.85,0.10002,0.8029
simpson-symprod,5,46,hybrid,HYBRID_ALPHA0.4_BETA0.6,0.4,0.6,50,x2=0.0,0.825,0.07401,0.72403
simpson-symprod,6,47,hybrid,HYBRID_ALPHA0.4_BETA0.6,0.4,0.6,50,x2=0.0,0.8,0.09223,0.7872
simpson-symprod,7,48,hybrid,HYBRID_ALPHA0.4_BETA0.6,0.4,0.6,50,x2=0.0,0.8,0.09064,0.8608
simpson-symprod,8,49,hybrid,HYBRID_ALPHA0.4_BETA0.6,0.4,0.6,50,x2=0.0,0.85,0.10736,0.80454
simpson-symprod,9,50,hybrid,HYBRID_ALPHA0.4_BETA0.6,0.4,0.6,50,x2=0.0,0.75,0.04857,0.68497
simpson-symprod,10,51,hybrid,HYBRID_ALPHA0.4_BETA0.6,0.4,0.6,50,x2=0.0,0.825,0.0962,0.80147
simpson-symprod,1,42,hybrid,HYBRID_ALPHA0.3_BETA0.7,0.3,0.7,50,x2=0.0,0.9,0.10857,0.78589
simpson-symprod,2,43,hybrid,HYBRID_ALPHA0.3_BETA0.7,0.3,0.7,50,x2=0.0,0.725,0.08237,0.80785
simpson-symprod,3,44,hybrid,HYBRID_ALPHA0.3_BETA0.7,0.3,0.7,50,x2=0.0,0.775,0.05342,0.66326
simpson-symprod,4,45,hybrid,HYBRID_ALPHA0.3_BETA0.7,0.3,0.7,50,x2=0.0,0.8,0.10268,0.80196
simpson-symprod,5,46,hybrid,HYBRID_ALPHA0.3_BETA0.7,0.3,0.7,50,x2=0.0,0.825,0.07479,0.71573
simpson-symprod,6,47,hybrid,HYBRID_ALPHA0.3_BETA0.7,0.3,0.7,50,x2=0.0,0.825,0.09295,0.79151
simpson-symprod,7,48,hybrid,HYBRID_ALPHA0.3_BETA0.7,0.3,0.7,50,x2=0.0,0.85,0.09219,0.85418
simpson-symprod,8,49,hybrid,HYBRID_ALPHA0.3_BETA0.7,0.3,0.7,50,x2=0.0,0.85,0.10714,0.80465
simpson-symprod,9,50,hybrid,HYBRID_ALPHA0.3_BETA0.7,0.3,0.7,50,x2=0.0,0.725,0.06033,1.10866
simpson-symprod,10,51,hybrid,HYBRID_ALPHA0.3_BETA0.7,0.3,0.7,50,x2=0.0,0.75,0.10091,0.82025
simpson-symprod,1,42,hybrid,HYBRID_ALPHA0.2_BETA0.8,0.2,0.8,50,x2=0.0,0.9,0.11026,0.7793
simpson-symprod,2,43,hybrid,HYBRID_ALPHA0.2_BETA0.8,0.2,0.8,50,x2=0.0,0.825,0.09532,0.79876
simpson-symprod,3,44,hybrid,HYBRID_ALPHA0.2_BETA0.8,0.2,0.8,50,x2=0.0,0.75,0.04683,0.64902
simpson-symprod,4,45,hybrid,HYBRID_ALPHA0.2_BETA0.8,0.2,0.8,50,x2=0.0,0.8,0.1018,0.79845
simpson-symprod,5,46,hybrid,HYBRID_ALPHA0.2_BETA0.8,0.2,0.8,50,x2=0.0,0.8,0.07866,0.7251
simpson-symprod,6,47,hybrid,HYBRID_ALPHA0.2_BETA0.8,0.2,0.8,50,x2=0.0,0.875,0.10648,1.16684
simpson-symprod,7,48,hybrid,HYBRID_ALPHA0.2_BETA0.8,0.2,0.8,50,x2=0.0,0.825,0.09525,0.84391
simpson-symprod,8,49,hybrid,HYBRID_ALPHA0.2_BETA0.8,0.2,0.8,50,x2=0.0,0.85,0.1051,0.80437
simpson-symprod,9,50,hybrid,HYBRID_ALPHA0.2_BETA0.8,0.2,0.8,50,x2=0.0,0.7,0.06275,1.02129
simpson-symprod,10,51,hybrid,HYBRID_ALPHA0.2_BETA0.8,0.2,0.8,50,x2=0.0,0.7,0.10081,0.8296
simpson-symprod,1,42,mse,MSE,1.0,0.0,100,x2=0.0,0.875,0.10111,0.80589
simpson-symprod,2,43,mse,MSE,1.0,0.0,100,x2=0.0,0.75,0.0565,0.65426
simpson-symprod,3,44,mse,MSE,1.0,0.0,100,x2=0.0,0.725,0.08905,0.75452
simpson-symprod,4,45,mse,MSE,1.0,0.0,100,x2=0.0,0.675,0.05185,0.81074
simpson-symprod,5,46,mse,MSE,1.0,0.0,100,x2=0.0,0.65,0.05377,0.64113
simpson-symprod,6,47,mse,MSE,1.0,0.0,100,x2=0.0,0.825,0.06976,0.62909
simpson-symprod,7,48,mse,MSE,1.0,0.0,100,x2=0.0,0.775,0.08688,0.73248
simpson-symprod,8,49,mse,MSE,1.0,0.0,100,x2=0.0,0.75,0.06313,0.72969
simpson-symprod,9,50,mse,MSE,1.0,0.0,100,x2=0.0,0.7,0.04298,1.10732
simpson-symprod,10,51,mse,MSE,1.0,0.0,100,x2=0.0,0.85,0.07,0.71128
simpson-symprod,1,42,hybrid,HYBRID_ALPHA0.9_BETA0.1,0.9,0.1,100,x2=0.0,0.875,0.1013,0.80602
simpson-symprod,2,43,hybrid,HYBRID_ALPHA0.9_BETA0.1,0.9,0.1,100,x2=0.0,0.7,0.05569,0.65484
simpson-symprod,3,44,hybrid,HYBRID_ALPHA0.9_BETA0.1,0.9,0.1,100,x2=0.0,0.7,0.08638,0.75385
simpson-symprod,4,45,hybrid,HYBRID_ALPHA0.9_BETA0.1,0.9,0.1,100,x2=0.0,0.675,0.05078,0.81467
simpson-symprod,5,46,hybrid,HYBRID_ALPHA0.9_BETA0.1,0.9,0.1,100,x2=0.0,0.75,0.05241,0.63271
simpson-symprod,6,47,hybrid,HYBRID_ALPHA0.9_BETA0.1,0.9,0.1,100,x2=0.0,0.85,0.06883,0.61191
simpson-symprod,7,48,hybrid,HYBRID_ALPHA0.9_BETA0.1,0.9,0.1,100,x2=0.0,0.775,0.0867,0.73724
simpson-symprod,8,49,hybrid,HYBRID_ALPHA0.9_BETA0.1,0.9,0.1,100,x2=0.0,0.775,0.06331,0.72115
simpson-symprod,9,50,hybrid,HYBRID_ALPHA0.9_BETA0.1,0.9,0.1,100,x2=0.0,0.7,0.0453,0.78203
simpson-symprod,10,51,hybrid,HYBRID_ALPHA0.9_BETA0.1,0.9,0.1,100,x2=0.0,0.825,0.07004,0.71806
simpson-symprod,1,42,hybrid,HYBRID_ALPHA0.8_BETA0.2,0.8,0.2,100,x2=0.0,0.85,0.10139,0.80602
simpson-symprod,2,43,hybrid,HYBRID_ALPHA0.8_BETA0.2,0.8,0.2,100,x2=0.0,0.75,0.0558,0.65648
simpson-symprod,3,44,hybrid,HYBRID_ALPHA0.8_BETA0.2,0.8,0.2,100,x2=0.0,0.75,0.08621,0.75491
simpson-symprod,4,45,hybrid,HYBRID_ALPHA0.8_BETA0.2,0.8,0.2,100,x2=0.0,0.675,0.05024,0.81897
simpson-symprod,5,46,hybrid,HYBRID_ALPHA0.8_BETA0.2,0.8,0.2,100,x2=0.0,0.725,0.05162,0.63275
simpson-symprod,6,47,hybrid,HYBRID_ALPHA0.8_BETA0.2,0.8,0.2,100,x2=0.0,0.85,0.07379,0.64658
simpson-symprod,7,48,hybrid,HYBRID_ALPHA0.8_BETA0.2,0.8,0.2,100,x2=0.0,0.75,0.08486,0.74276
simpson-symprod,8,49,hybrid,HYBRID_ALPHA0.8_BETA0.2,0.8,0.2,100,x2=0.0,0.75,0.06416,0.70398
simpson-symprod,9,50,hybrid,HYBRID_ALPHA0.8_BETA0.2,0.8,0.2,100,x2=0.0,0.7,0.05463,0.72536
simpson-symprod,10,51,hybrid,HYBRID_ALPHA0.8_BETA0.2,0.8,0.2,100,x2=0.0,0.85,0.0706,0.7233
simpson-symprod,1,42,hybrid,HYBRID_ALPHA0.7_BETA0.3,0.7,0.3,100,x2=0.0,0.825,0.10143,0.80608
simpson-symprod,2,43,hybrid,HYBRID_ALPHA0.7_BETA0.3,0.7,0.3,100,x2=0.0,0.7,0.05752,0.66017
simpson-symprod,3,44,hybrid,HYBRID_ALPHA0.7_BETA0.3,0.7,0.3,100,x2=0.0,0.775,0.08216,0.75351
simpson-symprod,4,45,hybrid,HYBRID_ALPHA0.7_BETA0.3,0.7,0.3,100,x2=0.0,0.775,0.05432,0.74372
simpson-symprod,5,46,hybrid,HYBRID_ALPHA0.7_BETA0.3,0.7,0.3,100,x2=0.0,0.725,0.05403,0.64553
simpson-symprod,6,47,hybrid,HYBRID_ALPHA0.7_BETA0.3,0.7,0.3,100,x2=0.0,0.875,0.07496,0.65353
simpson-symprod,7,48,hybrid,HYBRID_ALPHA0.7_BETA0.3,0.7,0.3,100,x2=0.0,0.75,0.08823,0.74993
simpson-symprod,8,49,hybrid,HYBRID_ALPHA0.7_BETA0.3,0.7,0.3,100,x2=0.0,0.775,0.06343,0.69909
simpson-symprod,9,50,hybrid,HYBRID_ALPHA0.7_BETA0.3,0.7,0.3,100,x2=0.0,0.675,0.05713,0.7392
simpson-symprod,10,51,hybrid,HYBRID_ALPHA0.7_BETA0.3,0.7,0.3,100,x2=0.0,0.825,0.07195,0.72996
simpson-symprod,1,42,hybrid,HYBRID_ALPHA0.6_BETA0.4,0.6,0.4,100,x2=0.0,0.825,0.10033,0.80608
simpson-symprod,2,43,hybrid,HYBRID_ALPHA0.6_BETA0.4,0.6,0.4,100,x2=0.0,0.725,0.05725,0.6576
simpson-symprod,3,44,hybrid,HYBRID_ALPHA0.6_BETA0.4,0.6,0.4,100,x2=0.0,0.75,0.08121,0.75529
simpson-symprod,4,45,hybrid,HYBRID_ALPHA0.6_BETA0.4,0.6,0.4,100,x2=0.0,0.675,0.04899,0.81445
simpson-symprod,5,46,hybrid,HYBRID_ALPHA0.6_BETA0.4,0.6,0.4,100,x2=0.0,0.775,0.05522,0.69574
simpson-symprod,6,47,hybrid,HYBRID_ALPHA0.6_BETA0.4,0.6,0.4,100,x2=0.0,0.8,0.07426,0.65994
simpson-symprod,7,48,hybrid,HYBRID_ALPHA0.6_BETA0.4,0.6,0.4,100,x2=0.0,0.725,0.0879,0.76
simpson-symprod,8,49,hybrid,HYBRID_ALPHA0.6_BETA0.4,0.6,0.4,100,x2=0.0,0.8,0.06283,0.69526
simpson-symprod,9,50,hybrid,HYBRID_ALPHA0.6_BETA0.4,0.6,0.4,100,x2=0.0,0.725,0.03661,0.63476
simpson-symprod,10,51,hybrid,HYBRID_ALPHA0.6_BETA0.4,0.6,0.4,100,x2=0.0,0.9,0.07392,0.74335
simpson-symprod,1,42,hybrid,HYBRID_ALPHA0.5_BETA0.5,0.5,0.5,100,x2=0.0,0.825,0.09622,0.80614
simpson-symprod,2,43,hybrid,HYBRID_ALPHA0.5_BETA0.5,0.5,0.5,100,x2=0.0,0.75,0.05697,0.65876
simpson-symprod,3,44,hybrid,HYBRID_ALPHA0.5_BETA0.5,0.5,0.5,100,x2=0.0,0.8,0.08087,0.75691
simpson-symprod,4,45,hybrid,HYBRID_ALPHA0.5_BETA0.5,0.5,0.5,100,x2=0.0,0.65,0.0511,0.96795
simpson-symprod,5,46,hybrid,HYBRID_ALPHA0.5_BETA0.5,0.5,0.5,100,x2=0.0,0.725,0.05859,0.67097
simpson-symprod,6,47,hybrid,HYBRID_ALPHA0.5_BETA0.5,0.5,0.5,100,x2=0.0,0.8,0.07579,0.67097
simpson-symprod,7,48,hybrid,HYBRID_ALPHA0.5_BETA0.5,0.5,0.5,100,x2=0.0,0.75,0.08758,0.75997
simpson-symprod,8,49,hybrid,HYBRID_ALPHA0.5_BETA0.5,0.5,0.5,100,x2=0.0,0.75,0.06176,0.69602
simpson-symprod,9,50,hybrid,HYBRID_ALPHA0.5_BETA0.5,0.5,0.5,100,x2=0.0,0.625,0.03595,0.63281
simpson-symprod,10,51,hybrid,HYBRID_ALPHA0.5_BETA0.5,0.5,0.5,100,x2=0.0,0.8,0.09697,0.76649
simpson-symprod,1,42,hybrid,HYBRID_ALPHA0.4_BETA0.6,0.4,0.6,100,x2=0.0,0.775,0.09661,0.80614
simpson-symprod,2,43,hybrid,HYBRID_ALPHA0.4_BETA0.6,0.4,0.6,100,x2=0.0,0.775,0.05737,0.66464
simpson-symprod,3,44,hybrid,HYBRID_ALPHA0.4_BETA0.6,0.4,0.6,100,x2=0.0,0.75,0.08189,0.75659
simpson-symprod,4,45,hybrid,HYBRID_ALPHA0.4_BETA0.6,0.4,0.6,100,x2=0.0,0.775,0.05034,0.94752
simpson-symprod,5,46,hybrid,HYBRID_ALPHA0.4_BETA0.6,0.4,0.6,100,x2=0.0,0.75,0.06031,0.67429
simpson-symprod,6,47,hybrid,HYBRID_ALPHA0.4_BETA0.6,0.4,0.6,100,x2=0.0,0.775,0.06713,0.65643
simpson-symprod,7,48,hybrid,HYBRID_ALPHA0.4_BETA0.6,0.4,0.6,100,x2=0.0,0.8,0.08423,0.76474
simpson-symprod,8,49,hybrid,HYBRID_ALPHA0.4_BETA0.6,0.4,0.6,100,x2=0.0,0.75,0.0581,0.70175
simpson-symprod,9,50,hybrid,HYBRID_ALPHA0.4_BETA0.6,0.4,0.6,100,x2=0.0,0.825,0.10341,3.89717
simpson-symprod,10,51,hybrid,HYBRID_ALPHA0.4_BETA0.6,0.4,0.6,100,x2=0.0,0.8,0.10136,0.78552
simpson-symprod,1,42,hybrid,HYBRID_ALPHA0.3_BETA0.7,0.3,0.7,100,x2=0.0,0.775,0.09807,0.80682
simpson-symprod,2,43,hybrid,HYBRID_ALPHA0.3_BETA0.7,0.3,0.7,100,x2=0.0,0.65,0.04925,0.64954
simpson-symprod,3,44,hybrid,HYBRID_ALPHA0.3_BETA0.7,0.3,0.7,100,x2=0.0,0.775,0.08122,0.75748
simpson-symprod,4,45,hybrid,HYBRID_ALPHA0.3_BETA0.7,0.3,0.7,100,x2=0.0,0.8,0.05538,0.72366
simpson-symprod,5,46,hybrid,HYBRID_ALPHA0.3_BETA0.7,0.3,0.7,100,x2=0.0,0.75,0.06326,0.67681
simpson-symprod,6,47,hybrid,HYBRID_ALPHA0.3_BETA0.7,0.3,0.7,100,x2=0.0,0.8,0.06692,0.64791
simpson-symprod,7,48,hybrid,HYBRID_ALPHA0.3_BETA0.7,0.3,0.7,100,x2=0.0,0.75,0.08684,0.76911
simpson-symprod,8,49,hybrid,HYBRID_ALPHA0.3_BETA0.7,0.3,0.7,100,x2=0.0,0.75,0.0551,0.70479
simpson-symprod,9,50,hybrid,HYBRID_ALPHA0.3_BETA0.7,0.3,0.7,100,x2=0.0,0.7,0.05035,0.61568
simpson-symprod,10,51,hybrid,HYBRID_ALPHA0.3_BETA0.7,0.3,0.7,100,x2=0.0,0.825,0.10609,0.80535
simpson-symprod,1,42,hybrid,HYBRID_ALPHA0.2_BETA0.8,0.2,0.8,100,x2=0.0,0.825,0.09519,0.8068
simpson-symprod,2,43,hybrid,HYBRID_ALPHA0.2_BETA0.8,0.2,0.8,100,x2=0.0,0.75,0.0555,0.67338
simpson-symprod,3,44,hybrid,HYBRID_ALPHA0.2_BETA0.8,0.2,0.8,100,x2=0.0,0.725,0.07935,0.76162
simpson-symprod,4,45,hybrid,HYBRID_ALPHA0.2_BETA0.8,0.2,0.8,100,x2=0.0,0.725,0.04914,0.72459
simpson-symprod,5,46,hybrid,HYBRID_ALPHA0.2_BETA0.8,0.2,0.8,100,x2=0.0,0.8,0.06372,0.66539
simpson-symprod,6,47,hybrid,HYBRID_ALPHA0.2_BETA0.8,0.2,0.8,100,x2=0.0,0.775,0.08062,0.69132
simpson-symprod,7,48,hybrid,HYBRID_ALPHA0.2_BETA0.8,0.2,0.8,100,x2=0.0,0.825,0.08852,0.78369
simpson-symprod,8,49,hybrid,HYBRID_ALPHA0.2_BETA0.8,0.2,0.8,100,x2=0.0,0.775,0.05646,0.70872
simpson-symprod,9,50,hybrid,HYBRID_ALPHA0.2_BETA0.8,0.2,0.8,100,x2=0.0,0.775,0.05279,0.61843
simpson-symprod,10,51,hybrid,HYBRID_ALPHA0.2_BETA0.8,0.2,0.8,100,x2=0.0,0.825,0.10543,0.80535
triangle-linear,1,42,mse,MSE,1.0,0.0,50,x2=0.0,0.65,0.07113,2.77896
triangle-linear,2,43,mse,MSE,1.0,0.0,50,x2=0.0,0.725,0.04023,0.36125
triangle-linear,3,44,mse,MSE,1.0,0.0,50,x2=0.0,0.675,0.06889,0.54028
triangle-linear,4,45,mse,MSE,1.0,0.0,50,x2=0.0,0.6,0.05257,0.57791
triangle-linear,5,46,mse,MSE,1.0,0.0,50,x2=0.0,0.6,0.0449,0.53366
triangle-linear,6,47,mse,MSE,1.0,0.0,50,x2=0.0,0.75,0.0518,0.80793
triangle-linear,7,48,mse,MSE,1.0,0.0,50,x2=0.0,0.725,0.07148,0.64704
triangle-linear,8,49,mse,MSE,1.0,0.0,50,x2=0.0,0.675,0.06347,2.1743
triangle-linear,9,50,mse,MSE,1.0,0.0,50,x2=0.0,0.625,0.04453,0.53673
triangle-linear,10,51,mse,MSE,1.0,0.0,50,x2=0.0,0.775,0.05593,0.64803
triangle-linear,1,42,hybrid,HYBRID_ALPHA0.9_BETA0.1,0.9,0.1,50,x2=0.0,0.65,0.0691,2.91452
triangle-linear,2,43,hybrid,HYBRID_ALPHA0.9_BETA0.1,0.9,0.1,50,x2=0.0,0.625,0.04346,0.3769
triangle-linear,3,44,hybrid,HYBRID_ALPHA0.9_BETA0.1,0.9,0.1,50,x2=0.0,0.625,0.07176,0.54419
triangle-linear,4,45,hybrid,HYBRID_ALPHA0.9_BETA0.1,0.9,0.1,50,x2=0.0,0.6,0.05257,0.58524
triangle-linear,5,46,hybrid,HYBRID_ALPHA0.9_BETA0.1,0.9,0.1,50,x2=0.0,0.6,0.0446,0.51292
triangle-linear,6,47,hybrid,HYBRID_ALPHA0.9_BETA0.1,0.9,0.1,50,x2=0.0,0.8,0.05248,1.74204
triangle-linear,7,48,hybrid,HYBRID_ALPHA0.9_BETA0.1,0.9,0.1,50,x2=0.0,0.7,0.07189,0.64957
triangle-linear,8,49,hybrid,HYBRID_ALPHA0.9_BETA0.1,0.9,0.1,50,x2=0.0,0.65,0.0621,2.43897
triangle-linear,9,50,hybrid,HYBRID_ALPHA0.9_BETA0.1,0.9,0.1,50,x2=0.0,0.625,0.04466,0.54392
triangle-linear,10,51,hybrid,HYBRID_ALPHA0.9_BETA0.1,0.9,0.1,50,x2=0.0,0.775,0.05593,0.64814
triangle-linear,1,42,hybrid,HYBRID_ALPHA0.8_BETA0.2,0.8,0.2,50,x2=0.0,0.725,0.06732,4.51108
triangle-linear,2,43,hybrid,HYBRID_ALPHA0.8_BETA0.2,0.8,0.2,50,x2=0.0,0.725,0.03669,0.34177
triangle-linear,3,44,hybrid,HYBRID_ALPHA0.8_BETA0.2,0.8,0.2,50,x2=0.0,0.675,0.07321,0.52218
triangle-linear,4,45,hybrid,HYBRID_ALPHA0.8_BETA0.2,0.8,0.2,50,x2=0.0,0.65,0.05245,0.59002
triangle-linear,5,46,hybrid,HYBRID_ALPHA0.8_BETA0.2,0.8,0.2,50,x2=0.0,0.65,0.04561,0.50441
triangle-linear,6,47,hybrid,HYBRID_ALPHA0.8_BETA0.2,0.8,0.2,50,x2=0.0,0.725,0.05381,2.41819
triangle-linear,7,48,hybrid,HYBRID_ALPHA0.8_BETA0.2,0.8,0.2,50,x2=0.0,0.725,0.07146,0.637
triangle-linear,8,49,hybrid,HYBRID_ALPHA0.8_BETA0.2,0.8,0.2,50,x2=0.0,0.675,0.06258,1.06072
triangle-linear,9,50,hybrid,HYBRID_ALPHA0.8_BETA0.2,0.8,0.2,50,x2=0.0,0.525,0.04621,0.59061
triangle-linear,10,51,hybrid,HYBRID_ALPHA0.8_BETA0.2,0.8,0.2,50,x2=0.0,0.75,0.08911,0.56204
triangle-linear,1,42,hybrid,HYBRID_ALPHA0.7_BETA0.3,0.7,0.3,50,x2=0.0,0.65,0.06469,2.72911
triangle-linear,2,43,hybrid,HYBRID_ALPHA0.7_BETA0.3,0.7,0.3,50,x2=0.0,0.675,0.03672,0.33809
triangle-linear,3,44,hybrid,HYBRID_ALPHA0.7_BETA0.3,0.7,0.3,50,x2=0.0,0.65,0.07482,0.54924
triangle-linear,4,45,hybrid,HYBRID_ALPHA0.7_BETA0.3,0.7,0.3,50,x2=0.0,0.625,0.05217,0.59372
triangle-linear,5,46,hybrid,HYBRID_ALPHA0.7_BETA0.3,0.7,0.3,50,x2=0.0,0.65,0.04633,0.50307
triangle-linear,6,47,hybrid,HYBRID_ALPHA0.7_BETA0.3,0.7,0.3,50,x2=0.0,0.725,0.05251,1.61999
triangle-linear,7,48,hybrid,HYBRID_ALPHA0.7_BETA0.3,0.7,0.3,50,x2=0.0,0.7,0.06837,0.6113
triangle-linear,8,49,hybrid,HYBRID_ALPHA0.7_BETA0.3,0.7,0.3,50,x2=0.0,0.675,0.06225,0.65889
triangle-linear,9,50,hybrid,HYBRID_ALPHA0.7_BETA0.3,0.7,0.3,50,x2=0.0,0.55,0.04613,2.23174
triangle-linear,10,51,hybrid,HYBRID_ALPHA0.7_BETA0.3,0.7,0.3,50,x2=0.0,0.7,0.08294,0.5779
triangle-linear,1,42,hybrid,HYBRID_ALPHA0.6_BETA0.4,0.6,0.4,50,x2=0.0,0.775,0.05971,1.78316
triangle-linear,2,43,hybrid,HYBRID_ALPHA0.6_BETA0.4,0.6,0.4,50,x2=0.0,0.65,0.0363,0.32994
triangle-linear,3,44,hybrid,HYBRID_ALPHA0.6_BETA0.4,0.6,0.4,50,x2=0.0,0.675,0.07537,0.54471
triangle-linear,4,45,hybrid,HYBRID_ALPHA0.6_BETA0.4,0.6,0.4,50,x2=0.0,0.625,0.05164,0.5976
triangle-linear,5,46,hybrid,HYBRID_ALPHA0.6_BETA0.4,0.6,0.4,50,x2=0.0,0.675,0.04605,0.5019
triangle-linear,6,47,hybrid,HYBRID_ALPHA0.6_BETA0.4,0.6,0.4,50,x2=0.0,0.75,0.05146,1.44488
triangle-linear,7,48,hybrid,HYBRID_ALPHA0.6_BETA0.4,0.6,0.4,50,x2=0.0,0.725,0.06835,0.61396
triangle-linear,8,49,hybrid,HYBRID_ALPHA0.6_BETA0.4,0.6,0.4,50,x2=0.0,0.675,0.06237,0.61124
triangle-linear,9,50,hybrid,HYBRID_ALPHA0.6_BETA0.4,0.6,0.4,50,x2=0.0,0.55,0.04514,3.06611
triangle-linear,10,51,hybrid,HYBRID_ALPHA0.6_BETA0.4,0.6,0.4,50,x2=0.0,0.75,0.08208,0.99917
triangle-linear,1,42,hybrid,HYBRID_ALPHA0.5_BETA0.5,0.5,0.5,50,x2=0.0,0.725,0.05544,1.70362
triangle-linear,2,43,hybrid,HYBRID_ALPHA0.5_BETA0.5,0.5,0.5,50,x2=0.0,0.725,0.03057,0.35502
triangle-linear,3,44,hybrid,HYBRID_ALPHA0.5_BETA0.5,0.5,0.5,50,x2=0.0,0.675,0.07601,0.55062
triangle-linear,4,45,hybrid,HYBRID_ALPHA0.5_BETA0.5,0.5,0.5,50,x2=0.0,0.625,0.05143,0.59839
triangle-linear,5,46,hybrid,HYBRID_ALPHA0.5_BETA0.5,0.5,0.5,50,x2=0.0,0.7,0.04588,0.5019
triangle-linear,6,47,hybrid,HYBRID_ALPHA0.5_BETA0.5,0.5,0.5,50,x2=0.0,0.775,0.05819,1.46292
triangle-linear,7,48,hybrid,HYBRID_ALPHA0.5_BETA0.5,0.5,0.5,50,x2=0.0,0.7,0.06925,0.62812
triangle-linear,8,49,hybrid,HYBRID_ALPHA0.5_BETA0.5,0.5,0.5,50,x2=0.0,0.725,0.06164,0.59173
triangle-linear,9,50,hybrid,HYBRID_ALPHA0.5_BETA0.5,0.5,0.5,50,x2=0.0,0.65,0.04499,2.82073
triangle-linear,10,51,hybrid,HYBRID_ALPHA0.5_BETA0.5,0.5,0.5,50,x2=0.0,0.65,0.07342,1.12332
triangle-linear,1,42,hybrid,HYBRID_ALPHA0.4_BETA0.6,0.4,0.6,50,x2=0.0,0.725,0.09027,0.49013
triangle-linear,2,43,hybrid,HYBRID_ALPHA0.4_BETA0.6,0.4,0.6,50,x2=0.0,0.625,0.07357,0.56223
triangle-linear,3,44,hybrid,HYBRID_ALPHA0.4_BETA0.6,0.4,0.6,50,x2=0.0,0.7,0.02754,0.36844
triangle-linear,4,45,hybrid,HYBRID_ALPHA0.4_BETA0.6,0.4,0.6,50,x2=0.0,0.625,0.05151,0.60078
triangle-linear,5,46,hybrid,HYBRID_ALPHA0.4_BETA0.6,0.4,0.6,50,x2=0.0,0.65,0.04578,0.50108
triangle-linear,6,47,hybrid,HYBRID_ALPHA0.4_BETA0.6,0.4,0.6,50,x2=0.0,0.725,0.06528,1.69937
triangle-linear,7,48,hybrid,HYBRID_ALPHA0.4_BETA0.6,0.4,0.6,50,x2=0.0,0.75,0.06948,0.62409
triangle-linear,8,49,hybrid,HYBRID_ALPHA0.4_BETA0.6,0.4,0.6,50,x2=0.0,0.65,0.06526,0.86272
triangle-linear,9,50,hybrid,HYBRID_ALPHA0.4_BETA0.6,0.4,0.6,50,x2=0.0,0.575,0.04458,2.53746
triangle-linear,10,51,hybrid,HYBRID_ALPHA0.4_BETA0.6,0.4,0.6,50,x2=0.0,0.65,0.05322,0.8644
triangle-linear,1,42,hybrid,HYBRID_ALPHA0.3_BETA0.7,0.3,0.7,50,x2=0.0,0.75,0.05678,0.93187
triangle-linear,2,43,hybrid,HYBRID_ALPHA0.3_BETA0.7,0.3,0.7,50,x2=0.0,0.65,0.07247,0.56153
triangle-linear,3,44,hybrid,HYBRID_ALPHA0.3_BETA0.7,0.3,0.7,50,x2=0.0,0.6,0.04964,0.50254
triangle-linear,4,45,hybrid,HYBRID_ALPHA0.3_BETA0.7,0.3,0.7,50,x2=0.0,0.65,0.05203,0.61178
triangle-linear,5,46,hybrid,HYBRID_ALPHA0.3_BETA0.7,0.3,0.7,50,x2=0.0,0.7,0.04685,0.4942
triangle-linear,6,47,hybrid,HYBRID_ALPHA0.3_BETA0.7,0.3,0.7,50,x2=0.0,0.725,0.06673,0.79502
triangle-linear,7,48,hybrid,HYBRID_ALPHA0.3_BETA0.7,0.3,0.7,50,x2=0.0,0.725,0.07139,0.64436
triangle-linear,8,49,hybrid,HYBRID_ALPHA0.3_BETA0.7,0.3,0.7,50,x2=0.0,0.65,0.0654,0.80414
triangle-linear,9,50,hybrid,HYBRID_ALPHA0.3_BETA0.7,0.3,0.7,50,x2=0.0,0.65,0.04894,2.14818
triangle-linear,10,51,hybrid,HYBRID_ALPHA0.3_BETA0.7,0.3,0.7,50,x2=0.0,0.7,0.04255,0.81193
triangle-linear,1,42,hybrid,HYBRID_ALPHA0.2_BETA0.8,0.2,0.8,50,x2=0.0,0.725,0.05622,0.55529
triangle-linear,2,43,hybrid,HYBRID_ALPHA0.2_BETA0.8,0.2,0.8,50,x2=0.0,0.65,0.07536,0.56799
triangle-linear,3,44,hybrid,HYBRID_ALPHA0.2_BETA0.8,0.2,0.8,50,x2=0.0,0.575,0.04893,0.49106
triangle-linear,4,45,hybrid,HYBRID_ALPHA0.2_BETA0.8,0.2,0.8,50,x2=0.0,0.65,0.05368,0.58321
triangle-linear,5,46,hybrid,HYBRID_ALPHA0.2_BETA0.8,0.2,0.8,50,x2=0.0,0.65,0.03398,0.46285
triangle-linear,6,47,hybrid,HYBRID_ALPHA0.2_BETA0.8,0.2,0.8,50,x2=0.0,0.7,0.05789,1.52983
triangle-linear,7,48,hybrid,HYBRID_ALPHA0.2_BETA0.8,0.2,0.8,50,x2=0.0,0.775,0.07314,0.65937
triangle-linear,8,49,hybrid,HYBRID_ALPHA0.2_BETA0.8,0.2,0.8,50,x2=0.0,0.65,0.0584,0.92724
triangle-linear,9,50,hybrid,HYBRID_ALPHA0.2_BETA0.8,0.2,0.8,50,x2=0.0,0.7,0.05951,4.34794
triangle-linear,10,51,hybrid,HYBRID_ALPHA0.2_BETA0.8,0.2,0.8,50,x2=0.0,0.7,0.05985,0.49974
triangle-linear,1,42,mse,MSE,1.0,0.0,100,x2=0.0,0.7,0.06296,0.62684
triangle-linear,2,43,mse,MSE,1.0,0.0,100,x2=0.0,0.7,0.07047,0.54241
triangle-linear,3,44,mse,MSE,1.0,0.0,100,x2=0.0,0.625,0.04164,0.46195
triangle-linear,4,45,mse,MSE,1.0,0.0,100,x2=0.0,0.65,0.03412,0.4318
triangle-linear,5,46,mse,MSE,1.0,0.0,100,x2=0.0,0.65,0.05364,0.41199
triangle-linear,6,47,mse,MSE,1.0,0.0,100,x2=0.0,0.725,0.07357,0.64327
triangle-linear,7,48,mse,MSE,1.0,0.0,100,x2=0.0,0.7,0.05136,1.08155
triangle-linear,8,49,mse,MSE,1.0,0.0,100,x2=0.0,0.625,0.03969,0.33226
triangle-linear,9,50,mse,MSE,1.0,0.0,100,x2=0.0,0.725,0.0557,0.62905
triangle-linear,10,51,mse,MSE,1.0,0.0,100,x2=0.0,0.65,0.05384,0.49696
triangle-linear,1,42,hybrid,HYBRID_ALPHA0.9_BETA0.1,0.9,0.1,100,x2=0.0,0.625,0.0686,0.55982
triangle-linear,2,43,hybrid,HYBRID_ALPHA0.9_BETA0.1,0.9,0.1,100,x2=0.0,0.65,0.06712,0.52888
triangle-linear,3,44,hybrid,HYBRID_ALPHA0.9_BETA0.1,0.9,0.1,100,x2=0.0,0.675,0.04435,0.46989
triangle-linear,4,45,hybrid,HYBRID_ALPHA0.9_BETA0.1,0.9,0.1,100,x2=0.0,0.625,0.03446,0.44282
triangle-linear,5,46,hybrid,HYBRID_ALPHA0.9_BETA0.1,0.9,0.1,100,x2=0.0,0.675,0.04806,0.41209
triangle-linear,6,47,hybrid,HYBRID_ALPHA0.9_BETA0.1,0.9,0.1,100,x2=0.0,0.725,0.07358,0.6434
triangle-linear,7,48,hybrid,HYBRID_ALPHA0.9_BETA0.1,0.9,0.1,100,x2=0.0,0.7,0.05159,1.0724
triangle-linear,8,49,hybrid,HYBRID_ALPHA0.9_BETA0.1,0.9,0.1,100,x2=0.0,0.675,0.0396,0.33174
triangle-linear,9,50,hybrid,HYBRID_ALPHA0.9_BETA0.1,0.9,0.1,100,x2=0.0,0.725,0.05215,0.87809
triangle-linear,10,51,hybrid,HYBRID_ALPHA0.9_BETA0.1,0.9,0.1,100,x2=0.0,0.65,0.05392,0.49251
triangle-linear,1,42,hybrid,HYBRID_ALPHA0.8_BETA0.2,0.8,0.2,100,x2=0.0,0.675,0.07313,0.52395
triangle-linear,2,43,hybrid,HYBRID_ALPHA0.8_BETA0.2,0.8,0.2,100,x2=0.0,0.65,0.06722,0.52879
triangle-linear,3,44,hybrid,HYBRID_ALPHA0.8_BETA0.2,0.8,0.2,100,x2=0.0,0.7,0.04483,0.45366
triangle-linear,4,45,hybrid,HYBRID_ALPHA0.8_BETA0.2,0.8,0.2,100,x2=0.0,0.675,0.03429,0.4387
triangle-linear,5,46,hybrid,HYBRID_ALPHA0.8_BETA0.2,0.8,0.2,100,x2=0.0,0.65,0.04764,0.41227
triangle-linear,6,47,hybrid,HYBRID_ALPHA0.8_BETA0.2,0.8,0.2,100,x2=0.0,0.725,0.07359,0.64359
triangle-linear,7,48,hybrid,HYBRID_ALPHA0.8_BETA0.2,0.8,0.2,100,x2=0.0,0.675,0.05227,1.07002
triangle-linear,8,49,hybrid,HYBRID_ALPHA0.8_BETA0.2,0.8,0.2,100,x2=0.0,0.675,0.05317,0.43368
triangle-linear,9,50,hybrid,HYBRID_ALPHA0.8_BETA0.2,0.8,0.2,100,x2=0.0,0.7,0.05283,0.85723
triangle-linear,10,51,hybrid,HYBRID_ALPHA0.8_BETA0.2,0.8,0.2,100,x2=0.0,0.675,0.05387,0.488
triangle-linear,1,42,hybrid,HYBRID_ALPHA0.7_BETA0.3,0.7,0.3,100,x2=0.0,0.7,0.07497,0.52879
triangle-linear,2,43,hybrid,HYBRID_ALPHA0.7_BETA0.3,0.7,0.3,100,x2=0.0,0.6,0.06471,0.51915
triangle-linear,3,44,hybrid,HYBRID_ALPHA0.7_BETA0.3,0.7,0.3,100,x2=0.0,0.6,0.04426,0.49603
triangle-linear,4,45,hybrid,HYBRID_ALPHA0.7_BETA0.3,0.7,0.3,100,x2=0.0,0.65,0.03254,0.41917
triangle-linear,5,46,hybrid,HYBRID_ALPHA0.7_BETA0.3,0.7,0.3,100,x2=0.0,0.6,0.04714,0.41145
triangle-linear,6,47,hybrid,HYBRID_ALPHA0.7_BETA0.3,0.7,0.3,100,x2=0.0,0.725,0.0736,0.64389
triangle-linear,7,48,hybrid,HYBRID_ALPHA0.7_BETA0.3,0.7,0.3,100,x2=0.0,0.675,0.0585,0.80512
triangle-linear,8,49,hybrid,HYBRID_ALPHA0.7_BETA0.3,0.7,0.3,100,x2=0.0,0.65,0.05796,0.48539
triangle-linear,9,50,hybrid,HYBRID_ALPHA0.7_BETA0.3,0.7,0.3,100,x2=0.0,0.675,0.05348,0.83954
triangle-linear,10,51,hybrid,HYBRID_ALPHA0.7_BETA0.3,0.7,0.3,100,x2=0.0,0.725,0.05423,0.48548
triangle-linear,1,42,hybrid,HYBRID_ALPHA0.6_BETA0.4,0.6,0.4,100,x2=0.0,0.7,0.07658,0.52791
triangle-linear,2,43,hybrid,HYBRID_ALPHA0.6_BETA0.4,0.6,0.4,100,x2=0.0,0.675,0.0637,0.51502
triangle-linear,3,44,hybrid,HYBRID_ALPHA0.6_BETA0.4,0.6,0.4,100,x2=0.0,0.7,0.05374,0.51299
triangle-linear,4,45,hybrid,HYBRID_ALPHA0.6_BETA0.4,0.6,0.4,100,x2=0.0,0.675,0.03314,0.42019
triangle-linear,5,46,hybrid,HYBRID_ALPHA0.6_BETA0.4,0.6,0.4,100,x2=0.0,0.625,0.0468,0.41182
triangle-linear,6,47,hybrid,HYBRID_ALPHA0.6_BETA0.4,0.6,0.4,100,x2=0.0,0.7,0.07359,0.64445
triangle-linear,7,48,hybrid,HYBRID_ALPHA0.6_BETA0.4,0.6,0.4,100,x2=0.0,0.6,0.06269,0.53275
triangle-linear,8,49,hybrid,HYBRID_ALPHA0.6_BETA0.4,0.6,0.4,100,x2=0.0,0.65,0.05809,0.4907
triangle-linear,9,50,hybrid,HYBRID_ALPHA0.6_BETA0.4,0.6,0.4,100,x2=0.0,0.7,0.0518,0.57482
triangle-linear,10,51,hybrid,HYBRID_ALPHA0.6_BETA0.4,0.6,0.4,100,x2=0.0,0.675,0.05452,0.48236
triangle-linear,1,42,hybrid,HYBRID_ALPHA0.5_BETA0.5,0.5,0.5,100,x2=0.0,0.675,0.07663,0.52081
triangle-linear,2,43,hybrid,HYBRID_ALPHA0.5_BETA0.5,0.5,0.5,100,x2=0.0,0.675,0.06285,0.51922
triangle-linear,3,44,hybrid,HYBRID_ALPHA0.5_BETA0.5,0.5,0.5,100,x2=0.0,0.675,0.05475,0.51882
triangle-linear,4,45,hybrid,HYBRID_ALPHA0.5_BETA0.5,0.5,0.5,100,x2=0.0,0.675,0.03758,0.46964
triangle-linear,5,46,hybrid,HYBRID_ALPHA0.5_BETA0.5,0.5,0.5,100,x2=0.0,0.625,0.04671,0.41509
triangle-linear,6,47,hybrid,HYBRID_ALPHA0.5_BETA0.5,0.5,0.5,100,x2=0.0,0.7,0.07358,0.64454
triangle-linear,7,48,hybrid,HYBRID_ALPHA0.5_BETA0.5,0.5,0.5,100,x2=0.0,0.6,0.06391,0.53993
triangle-linear,8,49,hybrid,HYBRID_ALPHA0.5_BETA0.5,0.5,0.5,100,x2=0.0,0.65,0.05791,0.48846
triangle-linear,9,50,hybrid,HYBRID_ALPHA0.5_BETA0.5,0.5,0.5,100,x2=0.0,0.675,0.05191,0.57522
triangle-linear,10,51,hybrid,HYBRID_ALPHA0.5_BETA0.5,0.5,0.5,100,x2=0.0,0.7,0.05458,0.48162
triangle-linear,1,42,hybrid,HYBRID_ALPHA0.4_BETA0.6,0.4,0.6,100,x2=0.0,0.725,0.07631,0.54514
triangle-linear,2,43,hybrid,HYBRID_ALPHA0.4_BETA0.6,0.4,0.6,100,x2=0.0,0.625,0.062,0.50993
triangle-linear,3,44,hybrid,HYBRID_ALPHA0.4_BETA0.6,0.4,0.6,100,x2=0.0,0.65,0.04426,0.49203
triangle-linear,4,45,hybrid,HYBRID_ALPHA0.4_BETA0.6,0.4,0.6,100,x2=0.0,0.65,0.03769,0.44989
triangle-linear,5,46,hybrid,HYBRID_ALPHA0.4_BETA0.6,0.4,0.6,100,x2=0.0,0.6,0.04655,0.41797
triangle-linear,6,47,hybrid,HYBRID_ALPHA0.4_BETA0.6,0.4,0.6,100,x2=0.0,0.725,0.07298,0.63861
triangle-linear,7,48,hybrid,HYBRID_ALPHA0.4_BETA0.6,0.4,0.6,100,x2=0.0,0.65,0.06192,0.70288
triangle-linear,8,49,hybrid,HYBRID_ALPHA0.4_BETA0.6,0.4,0.6,100,x2=0.0,0.65,0.05733,0.49959
triangle-linear,9,50,hybrid,HYBRID_ALPHA0.4_BETA0.6,0.4,0.6,100,x2=0.0,0.675,0.052,0.57572
triangle-linear,10,51,hybrid,HYBRID_ALPHA0.4_BETA0.6,0.4,0.6,100,x2=0.0,0.65,0.05846,0.50902
triangle-linear,1,42,hybrid,HYBRID_ALPHA0.3_BETA0.7,0.3,0.7,100,x2=0.0,0.65,0.07326,0.55146
triangle-linear,2,43,hybrid,HYBRID_ALPHA0.3_BETA0.7,0.3,0.7,100,x2=0.0,0.7,0.062,0.50181
triangle-linear,3,44,hybrid,HYBRID_ALPHA0.3_BETA0.7,0.3,0.7,100,x2=0.0,0.675,0.04266,0.46934
triangle-linear,4,45,hybrid,HYBRID_ALPHA0.3_BETA0.7,0.3,0.7,100,x2=0.0,0.675,0.03795,0.45823
triangle-linear,5,46,hybrid,HYBRID_ALPHA0.3_BETA0.7,0.3,0.7,100,x2=0.0,0.7,0.07216,0.54944
triangle-linear,6,47,hybrid,HYBRID_ALPHA0.3_BETA0.7,0.3,0.7,100,x2=0.0,0.7,0.07257,0.63782
triangle-linear,7,48,hybrid,HYBRID_ALPHA0.3_BETA0.7,0.3,0.7,100,x2=0.0,0.675,0.06631,0.62789
triangle-linear,8,49,hybrid,HYBRID_ALPHA0.3_BETA0.7,0.3,0.7,100,x2=0.0,0.65,0.05918,0.50568
triangle-linear,9,50,hybrid,HYBRID_ALPHA0.3_BETA0.7,0.3,0.7,100,x2=0.0,0.7,0.05174,0.56847
triangle-linear,10,51,hybrid,HYBRID_ALPHA0.3_BETA0.7,0.3,0.7,100,x2=0.0,0.7,0.05758,0.50417
triangle-linear,1,42,hybrid,HYBRID_ALPHA0.2_BETA0.8,0.2,0.8,100,x2=0.0,0.625,0.06798,0.62551
triangle-linear,2,43,hybrid,HYBRID_ALPHA0.2_BETA0.8,0.2,0.8,100,x2=0.0,0.7,0.06986,0.53211
triangle-linear,3,44,hybrid,HYBRID_ALPHA0.2_BETA0.8,0.2,0.8,100,x2=0.0,0.7,0.04247,0.46646
triangle-linear,4,45,hybrid,HYBRID_ALPHA0.2_BETA0.8,0.2,0.8,100,x2=0.0,0.675,0.05188,0.56003
triangle-linear,5,46,hybrid,HYBRID_ALPHA0.2_BETA0.8,0.2,0.8,100,x2=0.0,0.7,0.07069,0.53092
triangle-linear,6,47,hybrid,HYBRID_ALPHA0.2_BETA0.8,0.2,0.8,100,x2=0.0,0.725,0.07272,0.63809
triangle-linear,7,48,hybrid,HYBRID_ALPHA0.2_BETA0.8,0.2,0.8,100,x2=0.0,0.725,0.06612,0.6615
triangle-linear,8,49,hybrid,HYBRID_ALPHA0.2_BETA0.8,0.2,0.8,100,x2=0.0,0.675,0.05612,0.50657
triangle-linear,9,50,hybrid,HYBRID_ALPHA0.2_BETA0.8,0.2,0.8,100,x2=0.0,0.725,0.05784,0.65151
triangle-linear,10,51,hybrid,HYBRID_ALPHA0.2_BETA0.8,0.2,0.8,100,x2=0.0,0.675,0.0578,0.54338
triangle-non-linear,1,42,mse,MSE,1.0,0.0,50,x2=0.0,0.875,0.11621,1.35863
triangle-non-linear,2,43,mse,MSE,1.0,0.0,50,x2=0.0,0.7,0.07046,4.62526
triangle-non-linear,3,44,mse,MSE,1.0,0.0,50,x2=0.0,0.7,0.04066,0.45184
triangle-non-linear,4,45,mse,MSE,1.0,0.0,50,x2=0.0,0.9,0.20109,0.83976
triangle-non-linear,5,46,mse,MSE,1.0,0.0,50,x2=0.0,0.825,0.06652,0.94361
triangle-non-linear,6,47,mse,MSE,1.0,0.0,50,x2=0.0,0.75,0.11659,0.51766
triangle-non-linear,7,48,mse,MSE,1.0,0.0,50,x2=0.0,0.725,0.07796,0.58576
triangle-non-linear,8,49,mse,MSE,1.0,0.0,50,x2=0.0,0.85,0.04793,1.38875
triangle-non-linear,9,50,mse,MSE,1.0,0.0,50,x2=0.0,0.8,0.11874,0.68832
triangle-non-linear,10,51,mse,MSE,1.0,0.0,50,x2=0.0,0.8,0.05945,1.69905
triangle-non-linear,1,42,hybrid,HYBRID_ALPHA0.9_BETA0.1,0.9,0.1,50,x2=0.0,0.85,0.11172,1.24286
triangle-non-linear,2,43,hybrid,HYBRID_ALPHA0.9_BETA0.1,0.9,0.1,50,x2=0.0,0.675,0.03059,8.06938
triangle-non-linear,3,44,hybrid,HYBRID_ALPHA0.9_BETA0.1,0.9,0.1,50,x2=0.0,0.625,0.03882,0.70646
triangle-non-linear,4,45,hybrid,HYBRID_ALPHA0.9_BETA0.1,0.9,0.1,50,x2=0.0,0.975,0.252,1.10015
triangle-non-linear,5,46,hybrid,HYBRID_ALPHA0.9_BETA0.1,0.9,0.1,50,x2=0.0,0.825,0.06652,0.94361
triangle-non-linear,6,47,hybrid,HYBRID_ALPHA0.9_BETA0.1,0.9,0.1,50,x2=0.0,0.8,0.09547,0.37411
triangle-non-linear,7,48,hybrid,HYBRID_ALPHA0.9_BETA0.1,0.9,0.1,50,x2=0.0,0.725,0.06666,0.57194
triangle-non-linear,8,49,hybrid,HYBRID_ALPHA0.9_BETA0.1,0.9,0.1,50,x2=0.0,0.8,0.04445,1.38062
triangle-non-linear,9,50,hybrid,HYBRID_ALPHA0.9_BETA0.1,0.9,0.1,50,x2=0.0,0.825,0.1236,0.61658
triangle-non-linear,10,51,hybrid,HYBRID_ALPHA0.9_BETA0.1,0.9,0.1,50,x2=0.0,0.8,0.03752,1.45579
triangle-non-linear,1,42,hybrid,HYBRID_ALPHA0.8_BETA0.2,0.8,0.2,50,x2=0.0,0.825,0.10841,0.43769
triangle-non-linear,2,43,hybrid,HYBRID_ALPHA0.8_BETA0.2,0.8,0.2,50,x2=0.0,0.725,0.02356,1.59566
triangle-non-linear,3,44,hybrid,HYBRID_ALPHA0.8_BETA0.2,0.8,0.2,50,x2=0.0,0.625,0.03708,0.82778
triangle-non-linear,4,45,hybrid,HYBRID_ALPHA0.8_BETA0.2,0.8,0.2,50,x2=0.0,0.925,0.18293,0.9399
triangle-non-linear,5,46,hybrid,HYBRID_ALPHA0.8_BETA0.2,0.8,0.2,50,x2=0.0,0.825,0.06652,0.94362
triangle-non-linear,6,47,hybrid,HYBRID_ALPHA0.8_BETA0.2,0.8,0.2,50,x2=0.0,0.7,0.0947,0.36754
triangle-non-linear,7,48,hybrid,HYBRID_ALPHA0.8_BETA0.2,0.8,0.2,50,x2=0.0,0.65,0.06744,0.59798
triangle-non-linear,8,49,hybrid,HYBRID_ALPHA0.8_BETA0.2,0.8,0.2,50,x2=0.0,0.8,0.0433,1.36856
triangle-non-linear,9,50,hybrid,HYBRID_ALPHA0.8_BETA0.2,0.8,0.2,50,x2=0.0,0.85,0.12123,0.62513
triangle-non-linear,10,51,hybrid,HYBRID_ALPHA0.8_BETA0.2,0.8,0.2,50,x2=0.0,0.775,0.05642,1.8776
triangle-non-linear,1,42,hybrid,HYBRID_ALPHA0.7_BETA0.3,0.7,0.3,50,x2=0.0,0.85,0.08175,0.92805
triangle-non-linear,2,43,hybrid,HYBRID_ALPHA0.7_BETA0.3,0.7,0.3,50,x2=0.0,0.725,0.02565,1.63675
triangle-non-linear,3,44,hybrid,HYBRID_ALPHA0.7_BETA0.3,0.7,0.3,50,x2=0.0,0.675,0.0355,0.41173
triangle-non-linear,4,45,hybrid,HYBRID_ALPHA0.7_BETA0.3,0.7,0.3,50,x2=0.0,0.925,0.18705,0.74819
triangle-non-linear,5,46,hybrid,HYBRID_ALPHA0.7_BETA0.3,0.7,0.3,50,x2=0.0,0.825,0.06653,0.94362
triangle-non-linear,6,47,hybrid,HYBRID_ALPHA0.7_BETA0.3,0.7,0.3,50,x2=0.0,0.825,0.1081,0.45055
triangle-non-linear,7,48,hybrid,HYBRID_ALPHA0.7_BETA0.3,0.7,0.3,50,x2=0.0,0.7,0.06632,0.50759
triangle-non-linear,8,49,hybrid,HYBRID_ALPHA0.7_BETA0.3,0.7,0.3,50,x2=0.0,0.725,0.06586,0.46574
triangle-non-linear,9,50,hybrid,HYBRID_ALPHA0.7_BETA0.3,0.7,0.3,50,x2=0.0,0.825,0.11595,0.5999
triangle-non-linear,10,51,hybrid,HYBRID_ALPHA0.7_BETA0.3,0.7,0.3,50,x2=0.0,0.775,0.05199,1.58819
triangle-non-linear,1,42,hybrid,HYBRID_ALPHA0.6_BETA0.4,0.6,0.4,50,x2=0.0,0.825,0.08254,0.93101
triangle-non-linear,2,43,hybrid,HYBRID_ALPHA0.6_BETA0.4,0.6,0.4,50,x2=0.0,0.625,0.04831,0.49925
triangle-non-linear,3,44,hybrid,HYBRID_ALPHA0.6_BETA0.4,0.6,0.4,50,x2=0.0,0.725,0.04868,0.36206
triangle-non-linear,4,45,hybrid,HYBRID_ALPHA0.6_BETA0.4,0.6,0.4,50,x2=0.0,0.925,0.19354,0.78357
triangle-non-linear,5,46,hybrid,HYBRID_ALPHA0.6_BETA0.4,0.6,0.4,50,x2=0.0,0.825,0.06652,0.94387
triangle-non-linear,6,47,hybrid,HYBRID_ALPHA0.6_BETA0.4,0.6,0.4,50,x2=0.0,0.85,0.11151,0.51059
triangle-non-linear,7,48,hybrid,HYBRID_ALPHA0.6_BETA0.4,0.6,0.4,50,x2=0.0,0.675,0.07382,0.60813
triangle-non-linear,8,49,hybrid,HYBRID_ALPHA0.6_BETA0.4,0.6,0.4,50,x2=0.0,0.8,0.06585,0.42306
triangle-non-linear,9,50,hybrid,HYBRID_ALPHA0.6_BETA0.4,0.6,0.4,50,x2=0.0,0.775,0.10966,0.58167
triangle-non-linear,10,51,hybrid,HYBRID_ALPHA0.6_BETA0.4,0.6,0.4,50,x2=0.0,0.8,0.04967,0.9879
triangle-non-linear,1,42,hybrid,HYBRID_ALPHA0.5_BETA0.5,0.5,0.5,50,x2=0.0,0.825,0.08251,0.94106
triangle-non-linear,2,43,hybrid,HYBRID_ALPHA0.5_BETA0.5,0.5,0.5,50,x2=0.0,0.675,0.0502,0.48486
triangle-non-linear,3,44,hybrid,HYBRID_ALPHA0.5_BETA0.5,0.5,0.5,50,x2=0.0,0.7,0.02662,0.42765
triangle-non-linear,4,45,hybrid,HYBRID_ALPHA0.5_BETA0.5,0.5,0.5,50,x2=0.0,0.925,0.22204,0.87337
triangle-non-linear,5,46,hybrid,HYBRID_ALPHA0.5_BETA0.5,0.5,0.5,50,x2=0.0,0.825,0.06653,0.94393
triangle-non-linear,6,47,hybrid,HYBRID_ALPHA0.5_BETA0.5,0.5,0.5,50,x2=0.0,0.8,0.12492,0.60513
triangle-non-linear,7,48,hybrid,HYBRID_ALPHA0.5_BETA0.5,0.5,0.5,50,x2=0.0,0.725,0.0769,0.53133
triangle-non-linear,8,49,hybrid,HYBRID_ALPHA0.5_BETA0.5,0.5,0.5,50,x2=0.0,0.75,0.06942,0.44699
triangle-non-linear,9,50,hybrid,HYBRID_ALPHA0.5_BETA0.5,0.5,0.5,50,x2=0.0,0.75,0.09072,0.59249
triangle-non-linear,10,51,hybrid,HYBRID_ALPHA0.5_BETA0.5,0.5,0.5,50,x2=0.0,0.75,0.04451,0.59233
triangle-non-linear,1,42,hybrid,HYBRID_ALPHA0.4_BETA0.6,0.4,0.6,50,x2=0.0,0.85,0.08261,0.95056
triangle-non-linear,2,43,hybrid,HYBRID_ALPHA0.4_BETA0.6,0.4,0.6,50,x2=0.0,0.675,0.05069,0.49952
triangle-non-linear,3,44,hybrid,HYBRID_ALPHA0.4_BETA0.6,0.4,0.6,50,x2=0.0,0.725,0.05628,0.67107
triangle-non-linear,4,45,hybrid,HYBRID_ALPHA0.4_BETA0.6,0.4,0.6,50,x2=0.0,0.975,0.24208,0.88372
triangle-non-linear,5,46,hybrid,HYBRID_ALPHA0.4_BETA0.6,0.4,0.6,50,x2=0.0,0.825,0.06653,0.94426
triangle-non-linear,6,47,hybrid,HYBRID_ALPHA0.4_BETA0.6,0.4,0.6,50,x2=0.0,0.8,0.11941,0.56971
triangle-non-linear,7,48,hybrid,HYBRID_ALPHA0.4_BETA0.6,0.4,0.6,50,x2=0.0,0.725,0.06553,0.4425
triangle-non-linear,8,49,hybrid,HYBRID_ALPHA0.4_BETA0.6,0.4,0.6,50,x2=0.0,0.775,0.03863,1.23218
triangle-non-linear,9,50,hybrid,HYBRID_ALPHA0.4_BETA0.6,0.4,0.6,50,x2=0.0,0.875,0.12797,0.62227
triangle-non-linear,10,51,hybrid,HYBRID_ALPHA0.4_BETA0.6,0.4,0.6,50,x2=0.0,0.8,0.04687,0.56784
triangle-non-linear,1,42,hybrid,HYBRID_ALPHA0.3_BETA0.7,0.3,0.7,50,x2=0.0,0.85,0.08257,0.95492
triangle-non-linear,2,43,hybrid,HYBRID_ALPHA0.3_BETA0.7,0.3,0.7,50,x2=0.0,0.65,0.06025,0.67996
triangle-non-linear,3,44,hybrid,HYBRID_ALPHA0.3_BETA0.7,0.3,0.7,50,x2=0.0,0.6,0.03148,0.32611
triangle-non-linear,4,45,hybrid,HYBRID_ALPHA0.3_BETA0.7,0.3,0.7,50,x2=0.0,0.95,0.24591,0.91785
triangle-non-linear,5,46,hybrid,HYBRID_ALPHA0.3_BETA0.7,0.3,0.7,50,x2=0.0,0.825,0.06654,0.9444
triangle-non-linear,6,47,hybrid,HYBRID_ALPHA0.3_BETA0.7,0.3,0.7,50,x2=0.0,0.85,0.13766,0.58953
triangle-non-linear,7,48,hybrid,HYBRID_ALPHA0.3_BETA0.7,0.3,0.7,50,x2=0.0,0.8,0.04781,1.25353
triangle-non-linear,8,49,hybrid,HYBRID_ALPHA0.3_BETA0.7,0.3,0.7,50,x2=0.0,0.775,0.04261,1.0453
triangle-non-linear,9,50,hybrid,HYBRID_ALPHA0.3_BETA0.7,0.3,0.7,50,x2=0.0,0.75,0.06742,0.65109
triangle-non-linear,10,51,hybrid,HYBRID_ALPHA0.3_BETA0.7,0.3,0.7,50,x2=0.0,0.775,0.04875,0.48008
triangle-non-linear,1,42,hybrid,HYBRID_ALPHA0.2_BETA0.8,0.2,0.8,50,x2=0.0,0.85,0.08265,0.95883
triangle-non-linear,2,43,hybrid,HYBRID_ALPHA0.2_BETA0.8,0.2,0.8,50,x2=0.0,0.675,0.04183,0.88653
triangle-non-linear,3,44,hybrid,HYBRID_ALPHA0.2_BETA0.8,0.2,0.8,50,x2=0.0,0.75,0.0623,0.75995
triangle-non-linear,4,45,hybrid,HYBRID_ALPHA0.2_BETA0.8,0.2,0.8,50,x2=0.0,0.975,0.23999,1.04067
triangle-non-linear,5,46,hybrid,HYBRID_ALPHA0.2_BETA0.8,0.2,0.8,50,x2=0.0,0.8,0.06654,0.94473
triangle-non-linear,6,47,hybrid,HYBRID_ALPHA0.2_BETA0.8,0.2,0.8,50,x2=0.0,0.675,0.09233,0.42823
triangle-non-linear,7,48,hybrid,HYBRID_ALPHA0.2_BETA0.8,0.2,0.8,50,x2=0.0,0.775,0.0565,0.81653
triangle-non-linear,8,49,hybrid,HYBRID_ALPHA0.2_BETA0.8,0.2,0.8,50,x2=0.0,0.8,0.04826,0.49317
triangle-non-linear,9,50,hybrid,HYBRID_ALPHA0.2_BETA0.8,0.2,0.8,50,x2=0.0,0.75,0.11173,0.64294
triangle-non-linear,10,51,hybrid,HYBRID_ALPHA0.2_BETA0.8,0.2,0.8,50,x2=0.0,0.75,0.05257,0.55512
triangle-non-linear,1,42,mse,MSE,1.0,0.0,100,x2=0.0,0.625,0.02844,0.88989
triangle-non-linear,2,43,mse,MSE,1.0,0.0,100,x2=0.0,0.825,0.07547,0.93909
triangle-non-linear,3,44,mse,MSE,1.0,0.0,100,x2=0.0,0.625,0.03175,0.66361
triangle-non-linear,4,45,mse,MSE,1.0,0.0,100,x2=0.0,0.725,0.03156,0.55754
triangle-non-linear,5,46,mse,MSE,1.0,0.0,100,x2=0.0,0.7,0.05936,0.59017
triangle-non-linear,6,47,mse,MSE,1.0,0.0,100,x2=0.0,0.8,0.07817,0.93998
triangle-non-linear,7,48,mse,MSE,1.0,0.0,100,x2=0.0,0.775,0.07955,0.95369
triangle-non-linear,8,49,mse,MSE,1.0,0.0,100,x2=0.0,0.725,0.0324,1.50089
triangle-non-linear,9,50,mse,MSE,1.0,0.0,100,x2=0.0,0.775,0.06869,0.94181
triangle-non-linear,10,51,mse,MSE,1.0,0.0,100,x2=0.0,0.725,0.04183,0.2549
triangle-non-linear,1,42,hybrid,HYBRID_ALPHA0.9_BETA0.1,0.9,0.1,100,x2=0.0,0.675,0.03,1.0317
triangle-non-linear,2,43,hybrid,HYBRID_ALPHA0.9_BETA0.1,0.9,0.1,100,x2=0.0,0.825,0.07547,0.93909
triangle-non-linear,3,44,hybrid,HYBRID_ALPHA0.9_BETA0.1,0.9,0.1,100,x2=0.0,0.65,0.03328,0.33144
triangle-non-linear,4,45,hybrid,HYBRID_ALPHA0.9_BETA0.1,0.9,0.1,100,x2=0.0,0.675,0.02908,0.53929
triangle-non-linear,5,46,hybrid,HYBRID_ALPHA0.9_BETA0.1,0.9,0.1,100,x2=0.0,0.625,0.05534,0.5137
triangle-non-linear,6,47,hybrid,HYBRID_ALPHA0.9_BETA0.1,0.9,0.1,100,x2=0.0,0.8,0.07817,0.93998
triangle-non-linear,7,48,hybrid,HYBRID_ALPHA0.9_BETA0.1,0.9,0.1,100,x2=0.0,0.775,0.07955,0.95376
triangle-non-linear,8,49,hybrid,HYBRID_ALPHA0.9_BETA0.1,0.9,0.1,100,x2=0.0,0.85,0.05317,3.33399
triangle-non-linear,9,50,hybrid,HYBRID_ALPHA0.9_BETA0.1,0.9,0.1,100,x2=0.0,0.775,0.06869,0.94169
triangle-non-linear,10,51,hybrid,HYBRID_ALPHA0.9_BETA0.1,0.9,0.1,100,x2=0.0,0.725,0.04106,0.24828
triangle-non-linear,1,42,hybrid,HYBRID_ALPHA0.8_BETA0.2,0.8,0.2,100,x2=0.0,0.675,0.03116,1.07853
triangle-non-linear,2,43,hybrid,HYBRID_ALPHA0.8_BETA0.2,0.8,0.2,100,x2=0.0,0.825,0.07548,0.93909
triangle-non-linear,3,44,hybrid,HYBRID_ALPHA0.8_BETA0.2,0.8,0.2,100,x2=0.0,0.65,0.02615,1.03382
triangle-non-linear,4,45,hybrid,HYBRID_ALPHA0.8_BETA0.2,0.8,0.2,100,x2=0.0,0.725,0.02788,0.27839
triangle-non-linear,5,46,hybrid,HYBRID_ALPHA0.8_BETA0.2,0.8,0.2,100,x2=0.0,0.75,0.07514,0.97797
triangle-non-linear,6,47,hybrid,HYBRID_ALPHA0.8_BETA0.2,0.8,0.2,100,x2=0.0,0.8,0.07817,0.94002
triangle-non-linear,7,48,hybrid,HYBRID_ALPHA0.8_BETA0.2,0.8,0.2,100,x2=0.0,0.775,0.07955,0.95425
triangle-non-linear,8,49,hybrid,HYBRID_ALPHA0.8_BETA0.2,0.8,0.2,100,x2=0.0,0.85,0.05733,3.43476
triangle-non-linear,9,50,hybrid,HYBRID_ALPHA0.8_BETA0.2,0.8,0.2,100,x2=0.0,0.775,0.06869,0.94179
triangle-non-linear,10,51,hybrid,HYBRID_ALPHA0.8_BETA0.2,0.8,0.2,100,x2=0.0,0.775,0.04056,0.24329
triangle-non-linear,1,42,hybrid,HYBRID_ALPHA0.7_BETA0.3,0.7,0.3,100,x2=0.0,0.65,0.03051,1.06134
triangle-non-linear,2,43,hybrid,HYBRID_ALPHA0.7_BETA0.3,0.7,0.3,100,x2=0.0,0.825,0.07548,0.93911
triangle-non-linear,3,44,hybrid,HYBRID_ALPHA0.7_BETA0.3,0.7,0.3,100,x2=0.0,0.7,0.02251,1.38805
triangle-non-linear,4,45,hybrid,HYBRID_ALPHA0.7_BETA0.3,0.7,0.3,100,x2=0.0,0.725,0.02797,0.31633
triangle-non-linear,5,46,hybrid,HYBRID_ALPHA0.7_BETA0.3,0.7,0.3,100,x2=0.0,0.8,0.07504,0.97812
triangle-non-linear,6,47,hybrid,HYBRID_ALPHA0.7_BETA0.3,0.7,0.3,100,x2=0.0,0.825,0.07818,0.94021
triangle-non-linear,7,48,hybrid,HYBRID_ALPHA0.7_BETA0.3,0.7,0.3,100,x2=0.0,0.775,0.07955,0.95428
triangle-non-linear,8,49,hybrid,HYBRID_ALPHA0.7_BETA0.3,0.7,0.3,100,x2=0.0,0.85,0.06235,5.25272
triangle-non-linear,9,50,hybrid,HYBRID_ALPHA0.7_BETA0.3,0.7,0.3,100,x2=0.0,0.775,0.06873,0.94211
triangle-non-linear,10,51,hybrid,HYBRID_ALPHA0.7_BETA0.3,0.7,0.3,100,x2=0.0,0.75,0.05119,0.38569
triangle-non-linear,1,42,hybrid,HYBRID_ALPHA0.6_BETA0.4,0.6,0.4,100,x2=0.0,0.625,0.03438,0.87532
triangle-non-linear,2,43,hybrid,HYBRID_ALPHA0.6_BETA0.4,0.6,0.4,100,x2=0.0,0.825,0.07548,0.93913
triangle-non-linear,3,44,hybrid,HYBRID_ALPHA0.6_BETA0.4,0.6,0.4,100,x2=0.0,0.6,0.0247,0.96491
triangle-non-linear,4,45,hybrid,HYBRID_ALPHA0.6_BETA0.4,0.6,0.4,100,x2=0.0,0.675,0.02885,0.57589
triangle-non-linear,5,46,hybrid,HYBRID_ALPHA0.6_BETA0.4,0.6,0.4,100,x2=0.0,0.8,0.07505,0.97821
triangle-non-linear,6,47,hybrid,HYBRID_ALPHA0.6_BETA0.4,0.6,0.4,100,x2=0.0,0.825,0.07819,0.94052
triangle-non-linear,7,48,hybrid,HYBRID_ALPHA0.6_BETA0.4,0.6,0.4,100,x2=0.0,0.775,0.07955,0.9543
triangle-non-linear,8,49,hybrid,HYBRID_ALPHA0.6_BETA0.4,0.6,0.4,100,x2=0.0,0.85,0.06377,4.67952
triangle-non-linear,9,50,hybrid,HYBRID_ALPHA0.6_BETA0.4,0.6,0.4,100,x2=0.0,0.775,0.06873,0.94212
triangle-non-linear,10,51,hybrid,HYBRID_ALPHA0.6_BETA0.4,0.6,0.4,100,x2=0.0,0.775,0.04482,0.34287
triangle-non-linear,1,42,hybrid,HYBRID_ALPHA0.5_BETA0.5,0.5,0.5,100,x2=0.0,0.7,0.0303,1.12316
triangle-non-linear,2,43,hybrid,HYBRID_ALPHA0.5_BETA0.5,0.5,0.5,100,x2=0.0,0.825,0.07548,0.93913
triangle-non-linear,3,44,hybrid,HYBRID_ALPHA0.5_BETA0.5,0.5,0.5,100,x2=0.0,0.65,0.02784,0.41591
triangle-non-linear,4,45,hybrid,HYBRID_ALPHA0.5_BETA0.5,0.5,0.5,100,x2=0.0,0.675,0.03277,0.32648
triangle-non-linear,5,46,hybrid,HYBRID_ALPHA0.5_BETA0.5,0.5,0.5,100,x2=0.0,0.8,0.07505,0.97835
triangle-non-linear,6,47,hybrid,HYBRID_ALPHA0.5_BETA0.5,0.5,0.5,100,x2=0.0,0.8,0.07819,0.94054
triangle-non-linear,7,48,hybrid,HYBRID_ALPHA0.5_BETA0.5,0.5,0.5,100,x2=0.0,0.775,0.07955,0.95447
triangle-non-linear,8,49,hybrid,HYBRID_ALPHA0.5_BETA0.5,0.5,0.5,100,x2=0.0,0.85,0.07,4.95977
triangle-non-linear,9,50,hybrid,HYBRID_ALPHA0.5_BETA0.5,0.5,0.5,100,x2=0.0,0.775,0.06872,0.94198
triangle-non-linear,10,51,hybrid,HYBRID_ALPHA0.5_BETA0.5,0.5,0.5,100,x2=0.0,0.825,0.05758,0.59866
triangle-non-linear,1,42,hybrid,HYBRID_ALPHA0.4_BETA0.6,0.4,0.6,100,x2=0.0,0.675,0.0273,1.19817
triangle-non-linear,2,43,hybrid,HYBRID_ALPHA0.4_BETA0.6,0.4,0.6,100,x2=0.0,0.825,0.07549,0.93943
triangle-non-linear,3,44,hybrid,HYBRID_ALPHA0.4_BETA0.6,0.4,0.6,100,x2=0.0,0.7,0.03397,0.52475
triangle-non-linear,4,45,hybrid,HYBRID_ALPHA0.4_BETA0.6,0.4,0.6,100,x2=0.0,0.675,0.02847,0.31931
triangle-non-linear,5,46,hybrid,HYBRID_ALPHA0.4_BETA0.6,0.4,0.6,100,x2=0.0,0.8,0.07505,0.97861
triangle-non-linear,6,47,hybrid,HYBRID_ALPHA0.4_BETA0.6,0.4,0.6,100,x2=0.0,0.8,0.0782,0.94075
triangle-non-linear,7,48,hybrid,HYBRID_ALPHA0.4_BETA0.6,0.4,0.6,100,x2=0.0,0.775,0.07955,0.95495
triangle-non-linear,8,49,hybrid,HYBRID_ALPHA0.4_BETA0.6,0.4,0.6,100,x2=0.0,0.85,0.07018,4.68487
triangle-non-linear,9,50,hybrid,HYBRID_ALPHA0.4_BETA0.6,0.4,0.6,100,x2=0.0,0.7,0.03876,0.51026
triangle-non-linear,10,51,hybrid,HYBRID_ALPHA0.4_BETA0.6,0.4,0.6,100,x2=0.0,0.75,0.05284,0.69241
triangle-non-linear,1,42,hybrid,HYBRID_ALPHA0.3_BETA0.7,0.3,0.7,100,x2=0.0,0.675,0.02597,1.30149
triangle-non-linear,2,43,hybrid,HYBRID_ALPHA0.3_BETA0.7,0.3,0.7,100,x2=0.0,0.825,0.07549,0.93945
triangle-non-linear,3,44,hybrid,HYBRID_ALPHA0.3_BETA0.7,0.3,0.7,100,x2=0.0,0.7,0.03323,0.4447
triangle-non-linear,4,45,hybrid,HYBRID_ALPHA0.3_BETA0.7,0.3,0.7,100,x2=0.0,0.7,0.02799,0.31936
triangle-non-linear,5,46,hybrid,HYBRID_ALPHA0.3_BETA0.7,0.3,0.7,100,x2=0.0,0.8,0.07505,0.97864
triangle-non-linear,6,47,hybrid,HYBRID_ALPHA0.3_BETA0.7,0.3,0.7,100,x2=0.0,0.825,0.07832,0.94123
triangle-non-linear,7,48,hybrid,HYBRID_ALPHA0.3_BETA0.7,0.3,0.7,100,x2=0.0,0.775,0.07955,0.95508
triangle-non-linear,8,49,hybrid,HYBRID_ALPHA0.3_BETA0.7,0.3,0.7,100,x2=0.0,0.875,0.06548,2.74051
triangle-non-linear,9,50,hybrid,HYBRID_ALPHA0.3_BETA0.7,0.3,0.7,100,x2=0.0,0.75,0.04274,0.65838
triangle-non-linear,10,51,hybrid,HYBRID_ALPHA0.3_BETA0.7,0.3,0.7,100,x2=0.0,0.8,0.04266,0.6311
triangle-non-linear,1,42,hybrid,HYBRID_ALPHA0.2_BETA0.8,0.2,0.8,100,x2=0.0,0.65,0.02748,0.68494
triangle-non-linear,2,43,hybrid,HYBRID_ALPHA0.2_BETA0.8,0.2,0.8,100,x2=0.0,0.825,0.07547,0.93981
triangle-non-linear,3,44,hybrid,HYBRID_ALPHA0.2_BETA0.8,0.2,0.8,100,x2=0.0,0.825,0.03442,1.07801
triangle-non-linear,4,45,hybrid,HYBRID_ALPHA0.2_BETA0.8,0.2,0.8,100,x2=0.0,0.775,0.03189,0.4542
triangle-non-linear,5,46,hybrid,HYBRID_ALPHA0.2_BETA0.8,0.2,0.8,100,x2=0.0,0.8,0.07506,0.97894
triangle-non-linear,6,47,hybrid,HYBRID_ALPHA0.2_BETA0.8,0.2,0.8,100,x2=0.0,0.825,0.07837,0.94155
triangle-non-linear,7,48,hybrid,HYBRID_ALPHA0.2_BETA0.8,0.2,0.8,100,x2=0.0,0.775,0.07956,0.95516
triangle-non-linear,8,49,hybrid,HYBRID_ALPHA0.2_BETA0.8,0.2,0.8,100,x2=0.0,0.8,0.029,0.92724
triangle-non-linear,9,50,hybrid,HYBRID_ALPHA0.2_BETA0.8,0.2,0.8,100,x2=0.0,0.75,0.03669,0.83445
triangle-non-linear,10,51,hybrid,HYBRID_ALPHA0.2_BETA0.8,0.2,0.8,100,x2=0.0,0.825,0.04386,0.66039
