Experiment,Seed,Loss,Conf,Alpha,Beta,N,Y_do,MSE Y,MAE Y,"HSIC(Y,X)",MSE Z,MAE Z,"HSIC(Z,X)","HSIC(Z,Y)",dHSIC Total,MMD,RF Acc
1,42,hsic,HSIC,0.0,1.0,50,1.0,5.05042,1.49165,0.16608,1.57808,1.02244,0.40958,,0.01576,0.08843,0.725
1,42,hsic,HSIC,0.0,1.0,50,0.0,5.05042,1.49165,0.16608,2.89763,1.48322,0.41581,,0.01582,0.18468,0.825
1,42,hsic,HSIC,0.0,1.0,100,1.0,3.08157,1.14509,0.07266,1.47763,0.98313,0.38777,,0.01459,0.16946,0.75
1,42,hsic,HSIC,0.0,1.0,100,0.0,3.08157,1.14509,0.07266,2.57554,1.39626,0.39351,,0.01506,0.21765,0.8
1,42,hsic,HSIC,0.0,1.0,300,1.0,3.34631,1.27514,0.0334,1.39019,0.9644,0.37607,,0.01542,0.18864,0.825
1,42,hsic,HSIC,0.0,1.0,300,0.0,3.34631,1.27514,0.0334,2.65793,1.41418,0.37891,,0.01561,0.23788,0.825
1,42,hsic,HSIC,0.0,1.0,500,1.0,2.96055,1.14012,0.06878,3.90353,1.78058,0.15073,,0.01155,0.12723,0.775
1,42,hsic,HSIC,0.0,1.0,500,0.0,2.96055,1.14012,0.06878,2.25119,1.26329,0.14602,,0.015,0.15035,0.775
1,42,hybrid,HYBRID_ALPHA0.1_BETA0.9,0.1,0.9,50,1.0,4.11115,1.3201,0.15758,1.25322,0.92928,0.2312,,0.0133,0.0848,0.725
1,42,hybrid,HYBRID_ALPHA0.2_BETA0.8,0.2,0.8,50,1.0,3.76695,1.26074,0.15729,1.13667,0.87643,0.21195,,0.01351,0.07747,0.7
1,42,hybrid,HYBRID_ALPHA0.3_BETA0.7,0.3,0.7,50,1.0,3.23269,1.19744,0.14302,1.04197,0.84276,0.18008,,0.01269,0.07053,0.725
1,42,hybrid,HYBRID_ALPHA0.4_BETA0.6,0.4,0.6,50,1.0,3.20589,1.20576,0.16949,1.09723,0.85441,0.15786,,0.01084,0.06583,0.65
1,42,hybrid,HYBRID_ALPHA0.5_BETA0.5,0.5,0.5,50,1.0,2.92623,1.18315,0.13671,1.38636,0.8656,0.13973,,0.00981,0.1041,0.725
1,42,hybrid,HYBRID_ALPHA0.6_BETA0.4,0.6,0.4,50,1.0,2.80547,1.17224,0.13307,1.56008,0.92875,0.12313,,0.00925,0.11517,0.7
1,42,hybrid,HYBRID_ALPHA0.7_BETA0.3,0.7,0.3,50,1.0,2.74735,1.15632,0.12788,1.18447,0.90211,0.13426,,0.00982,0.11193,0.775
1,42,hybrid,HYBRID_ALPHA0.8_BETA0.2,0.8,0.2,50,1.0,2.68455,1.1424,0.11956,1.13561,0.89558,0.13998,,0.01011,0.11436,0.725
1,42,hybrid,HYBRID_ALPHA0.9_BETA0.1,0.9,0.1,50,1.0,2.74722,1.13649,0.11757,1.11144,0.8871,0.15119,,0.01027,0.11467,0.75
1,42,hybrid,HYBRID_ALPHA0.1_BETA0.9,0.1,0.9,50,0.0,4.11115,1.3201,0.15758,1.58149,1.05248,0.30955,,0.01533,0.10711,0.7
1,42,hybrid,HYBRID_ALPHA0.2_BETA0.8,0.2,0.8,50,0.0,3.76695,1.26074,0.15729,1.76968,1.07564,0.3032,,0.0152,0.11264,0.725
1,42,hybrid,HYBRID_ALPHA0.3_BETA0.7,0.3,0.7,50,0.0,3.23269,1.19744,0.14302,1.8135,1.08796,0.2834,,0.01489,0.12204,0.65
1,42,hybrid,HYBRID_ALPHA0.4_BETA0.6,0.4,0.6,50,0.0,3.20589,1.20576,0.16949,1.64502,1.08282,0.26027,,0.01428,0.12753,0.725
1,42,hybrid,HYBRID_ALPHA0.5_BETA0.5,0.5,0.5,50,0.0,2.92623,1.18315,0.13671,0.7364,0.70118,0.06439,,0.0067,0.08079,0.7
1,42,hybrid,HYBRID_ALPHA0.6_BETA0.4,0.6,0.4,50,0.0,2.80547,1.17224,0.13307,0.66977,0.68037,0.01265,,0.00384,0.06636,0.775
1,42,hybrid,HYBRID_ALPHA0.7_BETA0.3,0.7,0.3,50,0.0,2.74735,1.15632,0.12788,0.76852,0.73666,0.01044,,0.00299,0.08406,0.775
1,42,hybrid,HYBRID_ALPHA0.8_BETA0.2,0.8,0.2,50,0.0,2.68455,1.1424,0.11956,0.80318,0.75409,0.01252,,0.00269,0.09264,0.75
1,42,hybrid,HYBRID_ALPHA0.9_BETA0.1,0.9,0.1,50,0.0,2.74722,1.13649,0.11757,0.82037,0.75928,0.03145,,0.00257,0.10089,0.75
1,42,hybrid,HYBRID_ALPHA0.1_BETA0.9,0.1,0.9,100,1.0,1.47997,0.94689,0.05685,1.11286,0.87708,0.08072,,0.0054,0.04407,0.6
1,42,hybrid,HYBRID_ALPHA0.2_BETA0.8,0.2,0.8,100,1.0,5.20881,1.17048,0.07944,0.69419,0.65263,0.01712,,0.00148,0.03281,0.65
1,42,hybrid,HYBRID_ALPHA0.3_BETA0.7,0.3,0.7,100,1.0,3.58879,1.11529,0.07234,0.68954,0.65063,0.01681,,0.00151,0.03212,0.675
1,42,hybrid,HYBRID_ALPHA0.4_BETA0.6,0.4,0.6,100,1.0,3.48235,1.13402,0.0851,0.809,0.74872,0.06619,,0.00681,0.04436,0.55
1,42,hybrid,HYBRID_ALPHA0.5_BETA0.5,0.5,0.5,100,1.0,3.32157,1.14393,0.09317,0.63914,0.63594,0.01289,,0.00144,0.02992,0.6
1,42,hybrid,HYBRID_ALPHA0.6_BETA0.4,0.6,0.4,100,1.0,3.16114,1.14545,0.09113,1.10683,0.62779,0.02023,,0.0024,0.02344,0.625
1,42,hybrid,HYBRID_ALPHA0.7_BETA0.3,0.7,0.3,100,1.0,2.87641,1.11988,0.07495,1.02572,0.6356,0.02527,,0.00214,0.0238,0.575
1,42,hybrid,HYBRID_ALPHA0.8_BETA0.2,0.8,0.2,100,1.0,2.78838,1.1206,0.07702,0.59905,0.61816,0.02356,,0.00161,0.02776,0.65
1,42,hybrid,HYBRID_ALPHA0.9_BETA0.1,0.9,0.1,100,1.0,2.71577,1.12118,0.07917,0.57916,0.61247,0.02839,,0.00357,0.02812,0.625
1,42,hybrid,HYBRID_ALPHA0.1_BETA0.9,0.1,0.9,100,0.0,1.47997,0.94689,0.05685,1.76567,1.16291,0.16008,,0.01213,0.09993,0.625
1,42,hybrid,HYBRID_ALPHA0.2_BETA0.8,0.2,0.8,100,0.0,5.20881,1.17048,0.07944,0.66758,0.64305,0.02487,,0.00144,0.03228,0.6
1,42,hybrid,HYBRID_ALPHA0.3_BETA0.7,0.3,0.7,100,0.0,3.58879,1.11529,0.07234,0.6649,0.6433,0.02318,,0.00146,0.03216,0.6
1,42,hybrid,HYBRID_ALPHA0.4_BETA0.6,0.4,0.6,100,0.0,3.48235,1.13402,0.0851,1.35921,0.99711,0.1909,,0.01148,0.09119,0.7
1,42,hybrid,HYBRID_ALPHA0.5_BETA0.5,0.5,0.5,100,0.0,3.32157,1.14393,0.09317,0.65266,0.64593,0.01161,,0.00137,0.03248,0.55
1,42,hybrid,HYBRID_ALPHA0.6_BETA0.4,0.6,0.4,100,0.0,3.16114,1.14545,0.09113,1.25917,0.72101,0.02509,,0.00266,0.03822,0.575
1,42,hybrid,HYBRID_ALPHA0.7_BETA0.3,0.7,0.3,100,0.0,2.87641,1.11988,0.07495,1.19019,0.72122,0.03693,,0.00256,0.03791,0.7
1,42,hybrid,HYBRID_ALPHA0.8_BETA0.2,0.8,0.2,100,0.0,2.78838,1.1206,0.07702,0.7155,0.67027,0.04427,,0.00178,0.0338,0.65
1,42,hybrid,HYBRID_ALPHA0.9_BETA0.1,0.9,0.1,100,0.0,2.71577,1.12118,0.07917,0.67997,0.66651,0.05421,,0.00227,0.03374,0.675
1,42,hybrid,HYBRID_ALPHA0.1_BETA0.9,0.1,0.9,300,1.0,1.7442,0.95504,0.03136,1.61671,1.11185,0.1461,,0.01148,0.05327,0.725
1,42,hybrid,HYBRID_ALPHA0.2_BETA0.8,0.2,0.8,300,1.0,1.7545,0.95708,0.02956,1.00539,0.81617,0.17547,,0.00998,0.07184,0.725
1,42,hybrid,HYBRID_ALPHA0.3_BETA0.7,0.3,0.7,300,1.0,1.71076,0.94786,0.02885,0.98533,0.80812,0.16948,,0.00992,0.0726,0.725
1,42,hybrid,HYBRID_ALPHA0.4_BETA0.6,0.4,0.6,300,1.0,1.71458,0.94729,0.03009,0.95862,0.79666,0.1619,,0.00991,0.07375,0.725
1,42,hybrid,HYBRID_ALPHA0.5_BETA0.5,0.5,0.5,300,1.0,1.70523,0.94332,0.02994,0.93551,0.7868,0.15654,,0.01,0.07596,0.7
1,42,hybrid,HYBRID_ALPHA0.6_BETA0.4,0.6,0.4,300,1.0,1.69848,0.94041,0.02978,0.92217,0.78142,0.15268,,0.01,0.07817,0.7
1,42,hybrid,HYBRID_ALPHA0.7_BETA0.3,0.7,0.3,300,1.0,1.67729,0.93663,0.03088,0.9213,0.78311,0.15068,,0.01002,0.08077,0.725
1,42,hybrid,HYBRID_ALPHA0.8_BETA0.2,0.8,0.2,300,1.0,1.67359,0.93659,0.03169,0.93438,0.79223,0.15136,,0.01018,0.08413,0.725
1,42,hybrid,HYBRID_ALPHA0.9_BETA0.1,0.9,0.1,300,1.0,1.68887,0.93918,0.03467,0.95924,0.80755,0.15204,,0.01031,0.08783,0.775
1,42,hybrid,HYBRID_ALPHA0.1_BETA0.9,0.1,0.9,300,0.0,1.7442,0.95504,0.03136,2.25568,1.29902,0.28579,,0.01539,0.08375,0.7
1,42,hybrid,HYBRID_ALPHA0.2_BETA0.8,0.2,0.8,300,0.0,1.7545,0.95708,0.02956,1.11134,0.8681,0.28464,,0.01335,0.06709,0.725
1,42,hybrid,HYBRID_ALPHA0.3_BETA0.7,0.3,0.7,300,0.0,1.71076,0.94786,0.02885,1.06227,0.84533,0.27473,,0.0132,0.06503,0.7
1,42,hybrid,HYBRID_ALPHA0.4_BETA0.6,0.4,0.6,300,0.0,1.71458,0.94729,0.03009,1.0104,0.8204,0.2647,,0.01307,0.06351,0.7
1,42,hybrid,HYBRID_ALPHA0.5_BETA0.5,0.5,0.5,300,0.0,1.70523,0.94332,0.02994,0.96403,0.79773,0.2561,,0.01304,0.06296,0.725
1,42,hybrid,HYBRID_ALPHA0.6_BETA0.4,0.6,0.4,300,0.0,1.69848,0.94041,0.02978,0.92637,0.78001,0.24767,,0.01294,0.06216,0.7
1,42,hybrid,HYBRID_ALPHA0.7_BETA0.3,0.7,0.3,300,0.0,1.67729,0.93663,0.03088,0.90057,0.76792,0.2408,,0.01283,0.06166,0.7
1,42,hybrid,HYBRID_ALPHA0.8_BETA0.2,0.8,0.2,300,0.0,1.67359,0.93659,0.03169,0.89156,0.76312,0.23633,,0.01287,0.0629,0.7
1,42,hybrid,HYBRID_ALPHA0.9_BETA0.1,0.9,0.1,300,0.0,1.68887,0.93918,0.03467,0.89491,0.76348,0.23217,,0.01293,0.065,0.7
1,42,hybrid,HYBRID_ALPHA0.1_BETA0.9,0.1,0.9,500,1.0,1.82176,1.00941,0.05099,0.72474,0.7163,0.01999,,0.00493,0.05006,0.75
1,42,hybrid,HYBRID_ALPHA0.2_BETA0.8,0.2,0.8,500,1.0,1.68568,0.98005,0.03869,0.98069,0.84318,0.04402,,0.00549,0.08388,0.725
1,42,hybrid,HYBRID_ALPHA0.3_BETA0.7,0.3,0.7,500,1.0,1.58737,0.96275,0.03177,1.1678,0.92918,0.06903,,0.00718,0.09772,0.725
1,42,hybrid,HYBRID_ALPHA0.4_BETA0.6,0.4,0.6,500,1.0,1.57812,0.96283,0.03083,0.59137,0.62013,0.01081,,0.00245,0.02967,0.675
1,42,hybrid,HYBRID_ALPHA0.5_BETA0.5,0.5,0.5,500,1.0,1.56437,0.96126,0.02993,0.59072,0.62023,0.01043,,0.00257,0.03036,0.675
1,42,hybrid,HYBRID_ALPHA0.6_BETA0.4,0.6,0.4,500,1.0,1.54948,0.96518,0.03024,0.59959,0.62426,0.01173,,0.00233,0.03062,0.75
1,42,hybrid,HYBRID_ALPHA0.7_BETA0.3,0.7,0.3,500,1.0,1.51935,0.96044,0.0271,0.60746,0.62923,0.01337,,0.00226,0.03123,0.7
1,42,hybrid,HYBRID_ALPHA0.8_BETA0.2,0.8,0.2,500,1.0,1.51041,0.95866,0.02833,0.95416,0.81736,0.09019,,0.00813,0.0612,0.65
1,42,hybrid,HYBRID_ALPHA0.9_BETA0.1,0.9,0.1,500,1.0,1.50614,0.95794,0.03052,0.97449,0.82302,0.11416,,0.00944,0.05691,0.6
1,42,hybrid,HYBRID_ALPHA0.1_BETA0.9,0.1,0.9,500,0.0,1.82176,1.00941,0.05099,0.5723,0.60937,0.01678,,0.00479,0.02788,0.7
1,42,hybrid,HYBRID_ALPHA0.2_BETA0.8,0.2,0.8,500,0.0,1.68568,0.98005,0.03869,0.56503,0.61126,0.02751,,0.00531,0.02822,0.575
1,42,hybrid,HYBRID_ALPHA0.3_BETA0.7,0.3,0.7,500,0.0,1.58737,0.96275,0.03177,0.56768,0.61424,0.03264,,0.00505,0.02508,0.625
1,42,hybrid,HYBRID_ALPHA0.4_BETA0.6,0.4,0.6,500,0.0,1.57812,0.96283,0.03083,0.57013,0.60494,0.00904,,0.00295,0.02735,0.65
1,42,hybrid,HYBRID_ALPHA0.5_BETA0.5,0.5,0.5,500,0.0,1.56437,0.96126,0.02993,0.56655,0.60217,0.00912,,0.00312,0.0274,0.65
1,42,hybrid,HYBRID_ALPHA0.6_BETA0.4,0.6,0.4,500,0.0,1.54948,0.96518,0.03024,0.57096,0.60278,0.00989,,0.00285,0.02705,0.675
1,42,hybrid,HYBRID_ALPHA0.7_BETA0.3,0.7,0.3,500,0.0,1.51935,0.96044,0.0271,0.57606,0.60578,0.01163,,0.00263,0.02683,0.7
1,42,hybrid,HYBRID_ALPHA0.8_BETA0.2,0.8,0.2,500,0.0,1.51041,0.95866,0.02833,1.33476,0.98577,0.19636,,0.01375,0.10083,0.725
1,42,hybrid,HYBRID_ALPHA0.9_BETA0.1,0.9,0.1,500,0.0,1.50614,0.95794,0.03052,1.53533,1.06666,0.21896,,0.01479,0.11048,0.8
1,42,mse,MSE,1.0,0.0,50,1.0,2.71285,1.12436,0.11704,1.09027,0.87248,0.16913,,0.01079,0.11321,0.725
1,42,mse,MSE,1.0,0.0,50,0.0,2.71285,1.12436,0.11704,0.86725,0.76541,0.06749,,0.00209,0.1159,0.75
1,42,mse,MSE,1.0,0.0,100,1.0,2.64579,1.11968,0.08044,0.58175,0.61461,0.02639,,0.00243,0.02857,0.65
1,42,mse,MSE,1.0,0.0,100,0.0,2.64579,1.11968,0.08044,0.63353,0.64467,0.03686,,0.00346,0.03449,0.7
1,42,mse,MSE,1.0,0.0,300,1.0,1.68889,0.94119,0.0365,1.02276,0.84489,0.1505,,0.01056,0.0954,0.7
1,42,mse,MSE,1.0,0.0,300,0.0,1.68889,0.94119,0.0365,0.9617,0.7926,0.22911,,0.01333,0.07652,0.725
1,42,mse,MSE,1.0,0.0,500,1.0,1.4958,0.95857,0.03097,0.94968,0.81014,0.12583,,0.01017,0.05372,0.7
1,42,mse,MSE,1.0,0.0,500,0.0,1.4958,0.95857,0.03097,1.67856,1.1194,0.23292,,0.01548,0.11979,0.825
2,43,hsic,HSIC,0.0,1.0,50,1.0,5.58966,1.75006,0.11682,4.94283,1.38959,0.37579,,0.00602,0.20887,0.825
2,43,hsic,HSIC,0.0,1.0,50,0.0,5.58966,1.75006,0.11682,10.65498,2.13778,0.39677,,0.00437,0.25235,0.85
2,43,hsic,HSIC,0.0,1.0,100,1.0,3.56803,1.31334,0.05348,1.33125,0.93645,0.37562,,0.01568,0.24489,0.9
2,43,hsic,HSIC,0.0,1.0,100,0.0,3.56803,1.31334,0.05348,2.58383,1.39192,0.37767,,0.01573,0.27858,0.85
2,43,hsic,HSIC,0.0,1.0,300,1.0,2.49846,1.04994,0.05862,0.84033,0.69113,0.12901,,0.00676,0.28213,0.875
2,43,hsic,HSIC,0.0,1.0,300,0.0,2.49846,1.04994,0.05862,1.48472,0.98966,0.05308,,0.00634,0.25449,0.9
2,43,hsic,HSIC,0.0,1.0,500,1.0,2.47371,1.04686,0.03933,1.37361,0.92562,0.10473,,0.01489,0.21291,0.9
2,43,hsic,HSIC,0.0,1.0,500,0.0,2.47371,1.04686,0.03933,1.28141,0.88265,0.13151,,0.01892,0.21823,0.875
2,43,hybrid,HYBRID_ALPHA0.1_BETA0.9,0.1,0.9,50,1.0,2.03353,1.07173,0.05758,1.79001,1.00219,0.19575,,0.01068,0.05231,0.675
2,43,hybrid,HYBRID_ALPHA0.2_BETA0.8,0.2,0.8,50,1.0,1.92141,1.04988,0.05198,1.2098,0.93084,0.12853,,0.01034,0.05832,0.7
2,43,hybrid,HYBRID_ALPHA0.3_BETA0.7,0.3,0.7,50,1.0,1.76371,1.03333,0.04286,1.12664,0.8925,0.12793,,0.0104,0.05779,0.7
2,43,hybrid,HYBRID_ALPHA0.4_BETA0.6,0.4,0.6,50,1.0,1.75165,1.02832,0.04223,1.07372,0.86861,0.12782,,0.01043,0.05722,0.675
2,43,hybrid,HYBRID_ALPHA0.5_BETA0.5,0.5,0.5,50,1.0,1.7788,1.03256,0.04247,1.05115,0.85711,0.12727,,0.01025,0.05678,0.7
2,43,hybrid,HYBRID_ALPHA0.6_BETA0.4,0.6,0.4,50,1.0,1.90773,1.04146,0.0438,1.02562,0.84429,0.12626,,0.01014,0.05502,0.7
2,43,hybrid,HYBRID_ALPHA0.7_BETA0.3,0.7,0.3,50,1.0,1.93813,1.04215,0.04574,1.01071,0.83546,0.12485,,0.00983,0.05228,0.65
2,43,hybrid,HYBRID_ALPHA0.8_BETA0.2,0.8,0.2,50,1.0,2.29373,1.14313,0.05367,0.75477,0.68526,0.21203,,0.01363,0.04458,0.65
2,43,hybrid,HYBRID_ALPHA0.9_BETA0.1,0.9,0.1,50,1.0,2.40377,1.13498,0.05912,0.78426,0.7023,0.21225,,0.01355,0.04984,0.725
2,43,hybrid,HYBRID_ALPHA0.1_BETA0.9,0.1,0.9,50,0.0,2.03353,1.07173,0.05758,2.48894,1.31599,0.33021,,0.00961,0.10775,0.7
2,43,hybrid,HYBRID_ALPHA0.2_BETA0.8,0.2,0.8,50,0.0,1.92141,1.04988,0.05198,1.96002,1.21808,0.24054,,0.01561,0.12832,0.825
2,43,hybrid,HYBRID_ALPHA0.3_BETA0.7,0.3,0.7,50,0.0,1.76371,1.03333,0.04286,1.85091,1.18016,0.23988,,0.01558,0.12914,0.8
2,43,hybrid,HYBRID_ALPHA0.4_BETA0.6,0.4,0.6,50,0.0,1.75165,1.02832,0.04223,1.77857,1.15381,0.24062,,0.01567,0.12948,0.8
2,43,hybrid,HYBRID_ALPHA0.5_BETA0.5,0.5,0.5,50,0.0,1.7788,1.03256,0.04247,1.72645,1.13498,0.23852,,0.01555,0.12809,0.8
2,43,hybrid,HYBRID_ALPHA0.6_BETA0.4,0.6,0.4,50,0.0,1.90773,1.04146,0.0438,1.67005,1.11391,0.23878,,0.01556,0.1243,0.8
2,43,hybrid,HYBRID_ALPHA0.7_BETA0.3,0.7,0.3,50,0.0,1.93813,1.04215,0.04574,1.62866,1.09711,0.24433,,0.01625,0.12032,0.775
2,43,hybrid,HYBRID_ALPHA0.8_BETA0.2,0.8,0.2,50,0.0,2.29373,1.14313,0.05367,0.94223,0.78232,0.31049,,0.01666,0.05344,0.625
2,43,hybrid,HYBRID_ALPHA0.9_BETA0.1,0.9,0.1,50,0.0,2.40377,1.13498,0.05912,0.96346,0.79107,0.31017,,0.01684,0.05851,0.65
2,43,hybrid,HYBRID_ALPHA0.1_BETA0.9,0.1,0.9,100,1.0,1.25343,0.91262,0.02532,1.78583,1.17314,0.14665,,0.011,0.06091,0.775
2,43,hybrid,HYBRID_ALPHA0.2_BETA0.8,0.2,0.8,100,1.0,2.10228,0.99351,0.02716,1.28765,0.94493,0.11842,,0.00825,0.04978,0.7
2,43,hybrid,HYBRID_ALPHA0.3_BETA0.7,0.3,0.7,100,1.0,6.04664,1.12592,0.02642,1.02161,0.83911,0.10718,,0.00829,0.04752,0.7
2,43,hybrid,HYBRID_ALPHA0.4_BETA0.6,0.4,0.6,100,1.0,4.96317,1.10084,0.02697,0.93041,0.80495,0.09143,,0.00889,0.04767,0.675
2,43,hybrid,HYBRID_ALPHA0.5_BETA0.5,0.5,0.5,100,1.0,2.75019,1.03142,0.02824,0.92687,0.80421,0.08882,,0.0092,0.04808,0.65
2,43,hybrid,HYBRID_ALPHA0.6_BETA0.4,0.6,0.4,100,1.0,2.4636,1.01649,0.03118,0.94581,0.81502,0.08403,,0.0092,0.05057,0.675
2,43,hybrid,HYBRID_ALPHA0.7_BETA0.3,0.7,0.3,100,1.0,2.17616,1.01214,0.03301,0.68184,0.67487,0.02515,,0.0027,0.05028,0.7
2,43,hybrid,HYBRID_ALPHA0.8_BETA0.2,0.8,0.2,100,1.0,2.61125,1.03108,0.0382,0.68857,0.67724,0.02846,,0.00259,0.0509,0.65
2,43,hybrid,HYBRID_ALPHA0.9_BETA0.1,0.9,0.1,100,1.0,2.31656,1.02262,0.03572,0.69736,0.68039,0.03231,,0.00222,0.05123,0.7
2,43,hybrid,HYBRID_ALPHA0.1_BETA0.9,0.1,0.9,100,0.0,1.25343,0.91262,0.02532,2.67065,1.43972,0.27939,,0.01627,0.0954,0.8
2,43,hybrid,HYBRID_ALPHA0.2_BETA0.8,0.2,0.8,100,0.0,2.10228,0.99351,0.02716,2.28274,1.33129,0.19626,,0.01331,0.10232,0.75
2,43,hybrid,HYBRID_ALPHA0.3_BETA0.7,0.3,0.7,100,0.0,6.04664,1.12592,0.02642,1.81899,1.17684,0.20616,,0.01488,0.09864,0.75
2,43,hybrid,HYBRID_ALPHA0.4_BETA0.6,0.4,0.6,100,0.0,4.96317,1.10084,0.02697,1.57005,1.08189,0.19928,,0.01454,0.09653,0.8
2,43,hybrid,HYBRID_ALPHA0.5_BETA0.5,0.5,0.5,100,0.0,2.75019,1.03142,0.02824,1.53435,1.06599,0.19995,,0.01424,0.09447,0.8
2,43,hybrid,HYBRID_ALPHA0.6_BETA0.4,0.6,0.4,100,0.0,2.4636,1.01649,0.03118,1.52245,1.06125,0.1949,,0.0138,0.09543,0.8
2,43,hybrid,HYBRID_ALPHA0.7_BETA0.3,0.7,0.3,100,0.0,2.17616,1.01214,0.03301,0.60495,0.61785,0.03823,,0.00334,0.03557,0.625
2,43,hybrid,HYBRID_ALPHA0.8_BETA0.2,0.8,0.2,100,0.0,2.61125,1.03108,0.0382,0.60561,0.61831,0.03915,,0.00315,0.03531,0.65
2,43,hybrid,HYBRID_ALPHA0.9_BETA0.1,0.9,0.1,100,0.0,2.31656,1.02262,0.03572,0.6064,0.61779,0.03678,,0.00248,0.03486,0.65
2,43,hybrid,HYBRID_ALPHA0.1_BETA0.9,0.1,0.9,300,1.0,1.68756,0.97558,0.04219,1.96238,1.24362,0.10227,,0.00875,0.06004,0.675
2,43,hybrid,HYBRID_ALPHA0.2_BETA0.8,0.2,0.8,300,1.0,1.6666,0.97908,0.04454,1.96547,1.24136,0.09998,,0.00796,0.06435,0.7
2,43,hybrid,HYBRID_ALPHA0.3_BETA0.7,0.3,0.7,300,1.0,1.61222,0.97299,0.04102,1.82376,1.19108,0.09918,,0.0081,0.06919,0.75
2,43,hybrid,HYBRID_ALPHA0.4_BETA0.6,0.4,0.6,300,1.0,1.55611,0.95729,0.03321,1.563,1.0953,0.09269,,0.00862,0.0815,0.775
2,43,hybrid,HYBRID_ALPHA0.5_BETA0.5,0.5,0.5,300,1.0,1.46694,0.95548,0.02338,1.50627,1.06645,0.09765,,0.00818,0.08194,0.775
2,43,hybrid,HYBRID_ALPHA0.6_BETA0.4,0.6,0.4,300,1.0,1.47993,0.9648,0.02438,1.44442,1.03851,0.0973,,0.00793,0.0788,0.725
2,43,hybrid,HYBRID_ALPHA0.7_BETA0.3,0.7,0.3,300,1.0,1.63933,0.98807,0.04155,1.42769,1.02757,0.101,,0.00782,0.07186,0.725
2,43,hybrid,HYBRID_ALPHA0.8_BETA0.2,0.8,0.2,300,1.0,1.56858,0.97737,0.03266,1.37111,1.0071,0.09953,,0.00801,0.07651,0.725
2,43,hybrid,HYBRID_ALPHA0.9_BETA0.1,0.9,0.1,300,1.0,1.47413,0.9647,0.02459,1.24407,0.95318,0.103,,0.00857,0.08523,0.75
2,43,hybrid,HYBRID_ALPHA0.1_BETA0.9,0.1,0.9,300,0.0,1.68756,0.97558,0.04219,2.41591,1.37256,0.22003,,0.01498,0.088,0.825
2,43,hybrid,HYBRID_ALPHA0.2_BETA0.8,0.2,0.8,300,0.0,1.6666,0.97908,0.04454,2.36063,1.35809,0.19807,,0.01434,0.09251,0.75
2,43,hybrid,HYBRID_ALPHA0.3_BETA0.7,0.3,0.7,300,0.0,1.61222,0.97299,0.04102,2.1176,1.27973,0.19853,,0.01433,0.09378,0.8
2,43,hybrid,HYBRID_ALPHA0.4_BETA0.6,0.4,0.6,300,0.0,1.55611,0.95729,0.03321,1.51605,1.06197,0.19651,,0.0141,0.08323,0.775
2,43,hybrid,HYBRID_ALPHA0.5_BETA0.5,0.5,0.5,300,0.0,1.46694,0.95548,0.02338,1.58531,1.09038,0.19375,,0.01414,0.09446,0.725
2,43,hybrid,HYBRID_ALPHA0.6_BETA0.4,0.6,0.4,300,0.0,1.47993,0.9648,0.02438,1.6643,1.12175,0.18971,,0.01389,0.10236,0.775
2,43,hybrid,HYBRID_ALPHA0.7_BETA0.3,0.7,0.3,300,0.0,1.63933,0.98807,0.04155,1.93935,1.22127,0.18904,,0.01375,0.11593,0.825
2,43,hybrid,HYBRID_ALPHA0.8_BETA0.2,0.8,0.2,300,0.0,1.56858,0.97737,0.03266,1.89865,1.20767,0.18969,,0.01373,0.12303,0.75
2,43,hybrid,HYBRID_ALPHA0.9_BETA0.1,0.9,0.1,300,0.0,1.47413,0.9647,0.02459,1.6566,1.11836,0.1937,,0.01377,0.1254,0.75
2,43,hybrid,HYBRID_ALPHA0.1_BETA0.9,0.1,0.9,500,1.0,1.51601,0.94838,0.02464,1.6982,1.14578,0.11603,,0.01063,0.08266,0.75
2,43,hybrid,HYBRID_ALPHA0.2_BETA0.8,0.2,0.8,500,1.0,1.44223,0.94515,0.02255,1.67132,1.12991,0.11056,,0.00892,0.08455,0.75
2,43,hybrid,HYBRID_ALPHA0.3_BETA0.7,0.3,0.7,500,1.0,1.47486,0.95186,0.0258,1.06383,0.8703,0.06188,,0.00465,0.0771,0.75
2,43,hybrid,HYBRID_ALPHA0.4_BETA0.6,0.4,0.6,500,1.0,1.48425,0.94951,0.03124,0.79185,0.71816,0.07954,,0.00401,0.04893,0.7
2,43,hybrid,HYBRID_ALPHA0.5_BETA0.5,0.5,0.5,500,1.0,1.47349,0.94621,0.02947,0.98156,0.82562,0.06764,,0.00485,0.07553,0.725
2,43,hybrid,HYBRID_ALPHA0.6_BETA0.4,0.6,0.4,500,1.0,1.46104,0.94927,0.02755,0.84068,0.75047,0.06679,,0.00288,0.05004,0.725
2,43,hybrid,HYBRID_ALPHA0.7_BETA0.3,0.7,0.3,500,1.0,1.41732,0.94051,0.02488,1.07093,0.86812,0.09309,,0.00749,0.06689,0.675
2,43,hybrid,HYBRID_ALPHA0.8_BETA0.2,0.8,0.2,500,1.0,1.37431,0.93377,0.02536,1.04059,0.85277,0.10238,,0.00822,0.0657,0.65
2,43,hybrid,HYBRID_ALPHA0.9_BETA0.1,0.9,0.1,500,1.0,1.36401,0.93269,0.02507,0.98644,0.82538,0.1094,,0.00872,0.06161,0.725
2,43,hybrid,HYBRID_ALPHA0.1_BETA0.9,0.1,0.9,500,0.0,1.51601,0.94838,0.02464,1.99486,1.22781,0.23854,,0.01546,0.11164,0.8
2,43,hybrid,HYBRID_ALPHA0.2_BETA0.8,0.2,0.8,500,0.0,1.44223,0.94515,0.02255,1.87096,1.19542,0.19996,,0.01451,0.11242,0.8
2,43,hybrid,HYBRID_ALPHA0.3_BETA0.7,0.3,0.7,500,0.0,1.47486,0.95186,0.0258,0.68573,0.69017,0.02596,,0.00452,0.04803,0.7
2,43,hybrid,HYBRID_ALPHA0.4_BETA0.6,0.4,0.6,500,0.0,1.48425,0.94951,0.03124,0.80219,0.74894,0.03702,,0.00648,0.07625,0.7
2,43,hybrid,HYBRID_ALPHA0.5_BETA0.5,0.5,0.5,500,0.0,1.47349,0.94621,0.02947,0.8879,0.79339,0.03766,,0.00658,0.08167,0.775
2,43,hybrid,HYBRID_ALPHA0.6_BETA0.4,0.6,0.4,500,0.0,1.46104,0.94927,0.02755,0.81702,0.7567,0.04888,,0.00602,0.06646,0.75
2,43,hybrid,HYBRID_ALPHA0.7_BETA0.3,0.7,0.3,500,0.0,1.41732,0.94051,0.02488,1.26281,0.95664,0.18723,,0.01353,0.09284,0.75
2,43,hybrid,HYBRID_ALPHA0.8_BETA0.2,0.8,0.2,500,0.0,1.37431,0.93377,0.02536,1.37065,1.00158,0.20238,,0.01429,0.10461,0.8
2,43,hybrid,HYBRID_ALPHA0.9_BETA0.1,0.9,0.1,500,0.0,1.36401,0.93269,0.02507,1.48476,1.04668,0.21621,,0.01494,0.11616,0.8
2,43,mse,MSE,1.0,0.0,50,1.0,2.05961,1.06468,0.05277,0.83361,0.72834,0.21441,,0.01318,0.05739,0.625
2,43,mse,MSE,1.0,0.0,50,0.0,2.05961,1.06468,0.05277,1.01264,0.81432,0.31376,,0.01684,0.06581,0.6
2,43,mse,MSE,1.0,0.0,100,1.0,2.25903,1.01258,0.04067,0.68176,0.66291,0.05111,,0.00222,0.04708,0.725
2,43,mse,MSE,1.0,0.0,100,0.0,2.25903,1.01258,0.04067,0.62257,0.62111,0.04821,,0.00217,0.03486,0.65
2,43,mse,MSE,1.0,0.0,300,1.0,1.57179,0.97777,0.03379,1.01361,0.81834,0.15195,,0.00995,0.08419,0.725
2,43,mse,MSE,1.0,0.0,300,0.0,1.57179,0.97777,0.03379,0.89163,0.75717,0.16729,,0.01031,0.06555,0.725
2,43,mse,MSE,1.0,0.0,500,1.0,1.3559,0.93156,0.02471,1.03402,0.85541,0.1002,,0.00882,0.08613,0.725
2,43,mse,MSE,1.0,0.0,500,0.0,1.3559,0.93156,0.02471,1.19672,0.92263,0.19561,,0.01378,0.10521,0.75
3,44,hsic,HSIC,0.0,1.0,50,1.0,4.0608,1.3069,0.19159,2.25256,1.107,0.38256,,0.01507,0.2272,0.875
3,44,hsic,HSIC,0.0,1.0,50,0.0,4.0608,1.3069,0.19159,4.07037,1.55428,0.38754,,0.01399,0.25138,0.8
3,44,hsic,HSIC,0.0,1.0,100,1.0,2.22796,1.04632,0.08147,1.11581,0.86334,0.18879,,0.00657,0.27447,0.9
3,44,hsic,HSIC,0.0,1.0,100,0.0,2.22796,1.04632,0.08147,0.77415,0.7058,0.05553,,0.00404,0.26478,0.925
3,44,hsic,HSIC,0.0,1.0,300,1.0,2.57005,1.0618,0.05451,1.39835,0.97465,0.38047,,0.01567,0.28014,0.9
3,44,hsic,HSIC,0.0,1.0,300,0.0,2.57005,1.0618,0.05451,2.72981,1.43551,0.38394,,0.01582,0.30748,0.9
3,44,hsic,HSIC,0.0,1.0,500,1.0,4.2381,1.3413,0.10855,1.52383,1.03796,0.37217,,0.01544,0.28231,0.9
3,44,hsic,HSIC,0.0,1.0,500,0.0,4.2381,1.3413,0.10855,3.07689,1.53275,0.37042,,0.01549,0.3104,0.9
3,44,hybrid,HYBRID_ALPHA0.1_BETA0.9,0.1,0.9,50,1.0,3.85017,1.27971,0.19843,1.48058,1.0081,0.32111,,0.0146,0.13772,0.8
3,44,hybrid,HYBRID_ALPHA0.2_BETA0.8,0.2,0.8,50,1.0,3.60294,1.24738,0.18909,1.3944,0.97386,0.26557,,0.01379,0.11965,0.675
3,44,hybrid,HYBRID_ALPHA0.3_BETA0.7,0.3,0.7,50,1.0,3.44361,1.22837,0.1846,1.25389,0.93101,0.24679,,0.01525,0.09718,0.725
3,44,hybrid,HYBRID_ALPHA0.4_BETA0.6,0.4,0.6,50,1.0,3.5208,1.24786,0.19829,1.2571,0.9309,0.24996,,0.01502,0.08733,0.7
3,44,hybrid,HYBRID_ALPHA0.5_BETA0.5,0.5,0.5,50,1.0,3.3149,1.22551,0.18961,1.20646,0.91153,0.23544,,0.01482,0.07889,0.75
3,44,hybrid,HYBRID_ALPHA0.6_BETA0.4,0.6,0.4,50,1.0,3.57371,1.25222,0.19727,1.09251,0.87025,0.18508,,0.01291,0.08454,0.75
3,44,hybrid,HYBRID_ALPHA0.7_BETA0.3,0.7,0.3,50,1.0,3.44909,1.25607,0.2043,1.20861,0.86682,0.09049,,0.00656,0.04202,0.7
3,44,hybrid,HYBRID_ALPHA0.8_BETA0.2,0.8,0.2,50,1.0,3.86044,1.31327,0.22782,1.16252,0.85793,0.09029,,0.00672,0.0484,0.6
3,44,hybrid,HYBRID_ALPHA0.9_BETA0.1,0.9,0.1,50,1.0,3.6346,1.27694,0.21483,1.07794,0.81009,0.2072,,0.01217,0.05197,0.675
3,44,hybrid,HYBRID_ALPHA0.1_BETA0.9,0.1,0.9,50,0.0,3.85017,1.27971,0.19843,2.68455,1.42668,0.37761,,0.01491,0.1744,0.825
3,44,hybrid,HYBRID_ALPHA0.2_BETA0.8,0.2,0.8,50,0.0,3.60294,1.24738,0.18909,2.75765,1.41008,0.34521,,0.0152,0.15849,0.825
3,44,hybrid,HYBRID_ALPHA0.3_BETA0.7,0.3,0.7,50,0.0,3.44361,1.22837,0.1846,3.25762,1.40768,0.32306,,0.01543,0.14205,0.825
3,44,hybrid,HYBRID_ALPHA0.4_BETA0.6,0.4,0.6,50,0.0,3.5208,1.24786,0.19829,4.51572,1.43266,0.32215,,0.01517,0.13417,0.775
3,44,hybrid,HYBRID_ALPHA0.5_BETA0.5,0.5,0.5,50,0.0,3.3149,1.22551,0.18961,4.06176,1.35399,0.31061,,0.01488,0.1245,0.8
3,44,hybrid,HYBRID_ALPHA0.6_BETA0.4,0.6,0.4,50,0.0,3.57371,1.25222,0.19727,2.80422,0.99987,0.17507,,0.00881,0.09231,0.775
3,44,hybrid,HYBRID_ALPHA0.7_BETA0.3,0.7,0.3,50,0.0,3.44909,1.25607,0.2043,2.01552,1.04748,0.16441,,0.0108,0.07008,0.675
3,44,hybrid,HYBRID_ALPHA0.8_BETA0.2,0.8,0.2,50,0.0,3.86044,1.31327,0.22782,1.78006,1.00254,0.17718,,0.01091,0.07164,0.675
3,44,hybrid,HYBRID_ALPHA0.9_BETA0.1,0.9,0.1,50,0.0,3.6346,1.27694,0.21483,3.11599,1.27367,0.29421,,0.01488,0.11283,0.775
3,44,hybrid,HYBRID_ALPHA0.1_BETA0.9,0.1,0.9,100,1.0,1.59519,0.95468,0.06924,1.65855,1.12209,0.15626,,0.01087,0.09851,0.8
3,44,hybrid,HYBRID_ALPHA0.2_BETA0.8,0.2,0.8,100,1.0,5.9886,1.16515,0.07745,1.62429,1.11174,0.10189,,0.00783,0.06043,0.725
3,44,hybrid,HYBRID_ALPHA0.3_BETA0.7,0.3,0.7,100,1.0,5.48462,1.15151,0.07748,1.57004,1.0909,0.10429,,0.00816,0.06253,0.725
3,44,hybrid,HYBRID_ALPHA0.4_BETA0.6,0.4,0.6,100,1.0,5.47616,1.1634,0.08428,1.60784,1.10602,0.10928,,0.00856,0.07289,0.7
3,44,hybrid,HYBRID_ALPHA0.5_BETA0.5,0.5,0.5,100,1.0,5.57516,1.17382,0.08788,1.55185,1.08737,0.10229,,0.00848,0.09078,0.775
3,44,hybrid,HYBRID_ALPHA0.6_BETA0.4,0.6,0.4,100,1.0,5.74114,1.18382,0.0903,1.49962,1.06327,0.09775,,0.00777,0.08062,0.725
3,44,hybrid,HYBRID_ALPHA0.7_BETA0.3,0.7,0.3,100,1.0,5.63953,1.18083,0.08601,1.42595,1.03424,0.10162,,0.00837,0.08198,0.75
3,44,hybrid,HYBRID_ALPHA0.8_BETA0.2,0.8,0.2,100,1.0,5.34084,1.16521,0.0782,1.33615,0.99464,0.10449,,0.00834,0.07192,0.7
3,44,hybrid,HYBRID_ALPHA0.9_BETA0.1,0.9,0.1,100,1.0,7.73782,1.29104,0.13306,1.21705,0.94071,0.11124,,0.00848,0.08278,0.75
3,44,hybrid,HYBRID_ALPHA0.1_BETA0.9,0.1,0.9,100,0.0,1.59519,0.95468,0.06924,1.93968,1.20614,0.22742,,0.0116,0.12024,0.8
3,44,hybrid,HYBRID_ALPHA0.2_BETA0.8,0.2,0.8,100,0.0,5.9886,1.16515,0.07745,2.09143,1.27479,0.17938,,0.01315,0.10099,0.825
3,44,hybrid,HYBRID_ALPHA0.3_BETA0.7,0.3,0.7,100,0.0,5.48462,1.15151,0.07748,2.05758,1.26149,0.19001,,0.01366,0.10589,0.825
3,44,hybrid,HYBRID_ALPHA0.4_BETA0.6,0.4,0.6,100,0.0,5.47616,1.1634,0.08428,2.02701,1.25012,0.1973,,0.0139,0.11476,0.825
3,44,hybrid,HYBRID_ALPHA0.5_BETA0.5,0.5,0.5,100,0.0,5.57516,1.17382,0.08788,2.04533,1.26591,0.14494,,0.01118,0.14554,0.825
3,44,hybrid,HYBRID_ALPHA0.6_BETA0.4,0.6,0.4,100,0.0,5.74114,1.18382,0.0903,1.96853,1.23962,0.15331,,0.012,0.12851,0.8
3,44,hybrid,HYBRID_ALPHA0.7_BETA0.3,0.7,0.3,100,0.0,5.63953,1.18083,0.08601,1.84343,1.19436,0.15888,,0.01213,0.12505,0.775
3,44,hybrid,HYBRID_ALPHA0.8_BETA0.2,0.8,0.2,100,0.0,5.34084,1.16521,0.0782,1.78881,1.17332,0.17382,,0.01269,0.11671,0.8
3,44,hybrid,HYBRID_ALPHA0.9_BETA0.1,0.9,0.1,100,0.0,7.73782,1.29104,0.13306,1.51781,1.06684,0.17953,,0.01241,0.11529,0.8
3,44,hybrid,HYBRID_ALPHA0.1_BETA0.9,0.1,0.9,300,1.0,1.57009,0.96002,0.03359,1.83121,1.17936,0.10628,,0.00736,0.06166,0.7
3,44,hybrid,HYBRID_ALPHA0.2_BETA0.8,0.2,0.8,300,1.0,1.52241,0.9543,0.03146,1.71879,1.13558,0.10822,,0.00729,0.0556,0.7
3,44,hybrid,HYBRID_ALPHA0.3_BETA0.7,0.3,0.7,300,1.0,1.49351,0.95281,0.03199,0.73084,0.696,0.05808,,0.00376,0.05951,0.7
3,44,hybrid,HYBRID_ALPHA0.4_BETA0.6,0.4,0.6,300,1.0,1.50863,0.95588,0.0329,0.7288,0.69722,0.05402,,0.00368,0.05968,0.675
3,44,hybrid,HYBRID_ALPHA0.5_BETA0.5,0.5,0.5,300,1.0,1.46663,0.95046,0.02966,0.71563,0.6913,0.05141,,0.00357,0.06005,0.675
3,44,hybrid,HYBRID_ALPHA0.6_BETA0.4,0.6,0.4,300,1.0,1.42573,0.94315,0.02914,0.71937,0.69224,0.05251,,0.00337,0.06126,0.65
3,44,hybrid,HYBRID_ALPHA0.7_BETA0.3,0.7,0.3,300,1.0,1.42846,0.93796,0.0317,0.73033,0.6971,0.05502,,0.00325,0.06258,0.725
3,44,hybrid,HYBRID_ALPHA0.8_BETA0.2,0.8,0.2,300,1.0,1.41245,0.93545,0.03177,0.7475,0.70422,0.06437,,0.00326,0.06475,0.725
3,44,hybrid,HYBRID_ALPHA0.9_BETA0.1,0.9,0.1,300,1.0,1.347,0.92901,0.03523,0.78508,0.72461,0.08606,,0.0034,0.06923,0.725
3,44,hybrid,HYBRID_ALPHA0.1_BETA0.9,0.1,0.9,300,0.0,1.57009,0.96002,0.03359,2.82172,1.5077,0.18152,,0.01295,0.09716,0.775
3,44,hybrid,HYBRID_ALPHA0.2_BETA0.8,0.2,0.8,300,0.0,1.52241,0.9543,0.03146,2.74874,1.48768,0.17151,,0.01268,0.10621,0.825
3,44,hybrid,HYBRID_ALPHA0.3_BETA0.7,0.3,0.7,300,0.0,1.49351,0.95281,0.03199,0.6759,0.66431,0.08543,,0.00383,0.04526,0.725
3,44,hybrid,HYBRID_ALPHA0.4_BETA0.6,0.4,0.6,300,0.0,1.50863,0.95588,0.0329,0.67142,0.66003,0.08171,,0.00394,0.04557,0.725
3,44,hybrid,HYBRID_ALPHA0.5_BETA0.5,0.5,0.5,300,0.0,1.46663,0.95046,0.02966,0.66245,0.65316,0.08029,,0.00403,0.04612,0.725
3,44,hybrid,HYBRID_ALPHA0.6_BETA0.4,0.6,0.4,300,0.0,1.42573,0.94315,0.02914,0.65857,0.65166,0.07998,,0.00398,0.04592,0.7
3,44,hybrid,HYBRID_ALPHA0.7_BETA0.3,0.7,0.3,300,0.0,1.42846,0.93796,0.0317,0.66448,0.65558,0.08298,,0.00403,0.04661,0.725
3,44,hybrid,HYBRID_ALPHA0.8_BETA0.2,0.8,0.2,300,0.0,1.41245,0.93545,0.03177,0.67672,0.6624,0.09314,,0.0042,0.0476,0.65
3,44,hybrid,HYBRID_ALPHA0.9_BETA0.1,0.9,0.1,300,0.0,1.347,0.92901,0.03523,0.6965,0.67244,0.11036,,0.00431,0.0485,0.675
3,44,hybrid,HYBRID_ALPHA0.1_BETA0.9,0.1,0.9,500,1.0,1.39631,0.92243,0.02184,2.01987,1.26377,0.09732,,0.00816,0.05673,0.725
3,44,hybrid,HYBRID_ALPHA0.2_BETA0.8,0.2,0.8,500,1.0,1.31632,0.91064,0.01926,0.633,0.63948,0.02703,,0.00385,0.03929,0.65
3,44,hybrid,HYBRID_ALPHA0.3_BETA0.7,0.3,0.7,500,1.0,1.30156,0.90722,0.01925,0.61318,0.63236,0.01277,,0.00285,0.0366,0.675
3,44,hybrid,HYBRID_ALPHA0.4_BETA0.6,0.4,0.6,500,1.0,1.26784,0.91168,0.02092,0.63053,0.64042,0.02602,,0.00374,0.03937,0.725
3,44,hybrid,HYBRID_ALPHA0.5_BETA0.5,0.5,0.5,500,1.0,1.2413,0.90644,0.021,0.64198,0.64717,0.01148,,0.00194,0.03621,0.65
3,44,hybrid,HYBRID_ALPHA0.6_BETA0.4,0.6,0.4,500,1.0,1.22896,0.90477,0.02142,0.63692,0.64711,0.01432,,0.00213,0.03818,0.7
3,44,hybrid,HYBRID_ALPHA0.7_BETA0.3,0.7,0.3,500,1.0,1.21825,0.90266,0.02202,0.64831,0.65091,0.01505,,0.00204,0.03858,0.75
3,44,hybrid,HYBRID_ALPHA0.8_BETA0.2,0.8,0.2,500,1.0,1.21407,0.90337,0.02323,0.6813,0.66761,0.01663,,0.00207,0.03928,0.65
3,44,hybrid,HYBRID_ALPHA0.9_BETA0.1,0.9,0.1,500,1.0,1.21361,0.90399,0.02376,0.69433,0.67163,0.02093,,0.00224,0.0401,0.675
3,44,hybrid,HYBRID_ALPHA0.1_BETA0.9,0.1,0.9,500,0.0,1.39631,0.92243,0.02184,2.97804,1.55593,0.19709,,0.01444,0.08619,0.775
3,44,hybrid,HYBRID_ALPHA0.2_BETA0.8,0.2,0.8,500,0.0,1.31632,0.91064,0.01926,0.59497,0.60477,0.03595,,0.00388,0.032,0.625
3,44,hybrid,HYBRID_ALPHA0.3_BETA0.7,0.3,0.7,500,0.0,1.30156,0.90722,0.01925,0.57594,0.59799,0.01258,,0.00284,0.03016,0.65
3,44,hybrid,HYBRID_ALPHA0.4_BETA0.6,0.4,0.6,500,0.0,1.26784,0.91168,0.02092,0.58963,0.60426,0.03565,,0.00399,0.0313,0.625
3,44,hybrid,HYBRID_ALPHA0.5_BETA0.5,0.5,0.5,500,0.0,1.2413,0.90644,0.021,0.60373,0.61435,0.0103,,0.00185,0.02978,0.65
3,44,hybrid,HYBRID_ALPHA0.6_BETA0.4,0.6,0.4,500,0.0,1.22896,0.90477,0.02142,0.59023,0.60891,0.0134,,0.00208,0.03037,0.65
3,44,hybrid,HYBRID_ALPHA0.7_BETA0.3,0.7,0.3,500,0.0,1.21825,0.90266,0.02202,0.60304,0.61474,0.0132,,0.00195,0.03058,0.675
3,44,hybrid,HYBRID_ALPHA0.8_BETA0.2,0.8,0.2,500,0.0,1.21407,0.90337,0.02323,0.6309,0.62938,0.01392,,0.00194,0.031,0.675
3,44,hybrid,HYBRID_ALPHA0.9_BETA0.1,0.9,0.1,500,0.0,1.21361,0.90399,0.02376,0.65276,0.64032,0.01746,,0.00208,0.03285,0.725
3,44,mse,MSE,1.0,0.0,50,1.0,5.49009,1.51877,0.33848,1.00064,0.78491,0.2251,,0.01273,0.05175,0.675
3,44,mse,MSE,1.0,0.0,50,0.0,5.49009,1.51877,0.33848,2.7965,1.24965,0.30473,,0.01512,0.11433,0.775
3,44,mse,MSE,1.0,0.0,100,1.0,5.38281,1.16944,0.08073,1.21411,0.9399,0.15566,,0.01033,0.08923,0.75
3,44,mse,MSE,1.0,0.0,100,0.0,5.38281,1.16944,0.08073,1.52014,1.06082,0.21933,,0.01358,0.12126,0.825
3,44,mse,MSE,1.0,0.0,300,1.0,1.35509,0.93121,0.03877,0.8945,0.779,0.16041,,0.00534,0.07696,0.75
3,44,mse,MSE,1.0,0.0,300,0.0,1.35509,0.93121,0.03877,0.80511,0.72685,0.17848,,0.00611,0.05424,0.7
3,44,mse,MSE,1.0,0.0,500,1.0,1.21309,0.90479,0.0246,0.71974,0.69332,0.04322,,0.00328,0.04756,0.725
3,44,mse,MSE,1.0,0.0,500,0.0,1.21309,0.90479,0.0246,0.66579,0.66061,0.03919,,0.00309,0.03945,0.75
4,45,hsic,HSIC,0.0,1.0,50,1.0,4.90581,1.47026,0.32802,1.44149,0.9696,0.39444,,0.01503,0.10449,0.65
4,45,hsic,HSIC,0.0,1.0,50,0.0,4.90581,1.47026,0.32802,2.69255,1.42923,0.39055,,0.01522,0.17641,0.85
4,45,hsic,HSIC,0.0,1.0,100,1.0,3.33783,1.24738,0.20178,1.60728,1.04107,0.40121,,0.01579,0.29416,0.925
4,45,hsic,HSIC,0.0,1.0,100,0.0,3.33783,1.24738,0.20178,3.02722,1.52104,0.42011,,0.01539,0.3195,0.9
4,45,hsic,HSIC,0.0,1.0,300,1.0,3.28651,1.25088,0.04476,1.41396,0.98163,0.37607,,0.01568,0.283,0.9
4,45,hsic,HSIC,0.0,1.0,300,0.0,3.28651,1.25088,0.04476,2.72546,1.43291,0.37744,,0.01558,0.3091,0.9
4,45,hsic,HSIC,0.0,1.0,500,1.0,4.1605,1.41941,0.08002,1.41102,0.9714,0.38274,,0.01551,0.26669,0.9
4,45,hsic,HSIC,0.0,1.0,500,0.0,4.1605,1.41941,0.08002,2.65049,1.41361,0.38494,,0.01558,0.29484,0.85
4,45,hybrid,HYBRID_ALPHA0.1_BETA0.9,0.1,0.9,50,1.0,4.90157,1.46973,0.32775,1.56494,1.01482,0.4134,,0.01558,0.09655,0.675
4,45,hybrid,HYBRID_ALPHA0.2_BETA0.8,0.2,0.8,50,1.0,4.89587,1.46863,0.32706,1.56932,1.01545,0.41371,,0.01562,0.09464,0.65
4,45,hybrid,HYBRID_ALPHA0.3_BETA0.7,0.3,0.7,50,1.0,4.89825,1.46837,0.32666,1.61166,1.03209,0.41944,,0.01568,0.09709,0.675
4,45,hybrid,HYBRID_ALPHA0.4_BETA0.6,0.4,0.6,50,1.0,4.89848,1.46762,0.32615,1.58516,1.02222,0.41535,,0.01561,0.09532,0.65
4,45,hybrid,HYBRID_ALPHA0.5_BETA0.5,0.5,0.5,50,1.0,4.89924,1.46667,0.3255,1.61253,1.03257,0.41939,,0.01567,0.09709,0.675
4,45,hybrid,HYBRID_ALPHA0.6_BETA0.4,0.6,0.4,50,1.0,5.01925,1.48344,0.33414,1.58763,1.02528,0.41363,,0.01577,0.09719,0.675
4,45,hybrid,HYBRID_ALPHA0.7_BETA0.3,0.7,0.3,50,1.0,5.01687,1.48315,0.33408,1.5878,1.02535,0.41358,,0.01577,0.09716,0.675
4,45,hybrid,HYBRID_ALPHA0.8_BETA0.2,0.8,0.2,50,1.0,5.0181,1.48329,0.33411,1.57099,1.02009,0.40966,,0.01584,0.0971,0.675
4,45,hybrid,HYBRID_ALPHA0.9_BETA0.1,0.9,0.1,50,1.0,5.01694,1.48316,0.33426,1.58805,1.02544,0.41364,,0.01577,0.09715,0.675
4,45,hybrid,HYBRID_ALPHA0.1_BETA0.9,0.1,0.9,50,0.0,4.90157,1.46973,0.32775,2.87151,1.48066,0.42149,,0.01541,0.17424,0.85
4,45,hybrid,HYBRID_ALPHA0.2_BETA0.8,0.2,0.8,50,0.0,4.89587,1.46863,0.32706,2.86461,1.47791,0.42162,,0.01538,0.17313,0.825
4,45,hybrid,HYBRID_ALPHA0.3_BETA0.7,0.3,0.7,50,0.0,4.89825,1.46837,0.32666,2.93522,1.4978,0.42567,,0.01548,0.17463,0.825
4,45,hybrid,HYBRID_ALPHA0.4_BETA0.6,0.4,0.6,50,0.0,4.89848,1.46762,0.32615,2.87814,1.48185,0.42341,,0.01543,0.17335,0.825
4,45,hybrid,HYBRID_ALPHA0.5_BETA0.5,0.5,0.5,50,0.0,4.89924,1.46667,0.3255,2.9345,1.49764,0.42579,,0.01547,0.17457,0.825
4,45,hybrid,HYBRID_ALPHA0.6_BETA0.4,0.6,0.4,50,0.0,5.01925,1.48344,0.33414,2.91113,1.49073,0.42331,,0.0157,0.17452,0.825
4,45,hybrid,HYBRID_ALPHA0.7_BETA0.3,0.7,0.3,50,0.0,5.01687,1.48315,0.33408,2.91112,1.49071,0.42329,,0.0157,0.1745,0.825
4,45,hybrid,HYBRID_ALPHA0.8_BETA0.2,0.8,0.2,50,0.0,5.0181,1.48329,0.33411,2.90995,1.48783,0.41825,,0.01576,0.17461,0.825
4,45,hybrid,HYBRID_ALPHA0.9_BETA0.1,0.9,0.1,50,0.0,5.01694,1.48316,0.33426,2.9113,1.49076,0.4233,,0.0157,0.1745,0.825
4,45,hybrid,HYBRID_ALPHA0.1_BETA0.9,0.1,0.9,100,1.0,3.20103,1.23562,0.19848,1.26156,0.93648,0.30478,,0.01461,0.16788,0.825
4,45,hybrid,HYBRID_ALPHA0.2_BETA0.8,0.2,0.8,100,1.0,3.11658,1.22597,0.1956,1.15745,0.89072,0.22719,,0.01472,0.11608,0.775
4,45,hybrid,HYBRID_ALPHA0.3_BETA0.7,0.3,0.7,100,1.0,3.00626,1.21087,0.18956,1.16704,0.89605,0.229,,0.01488,0.11957,0.775
4,45,hybrid,HYBRID_ALPHA0.4_BETA0.6,0.4,0.6,100,1.0,2.98756,1.20886,0.18899,1.18439,0.9098,0.21135,,0.01459,0.10656,0.8
4,45,hybrid,HYBRID_ALPHA0.5_BETA0.5,0.5,0.5,100,1.0,2.97263,1.207,0.18818,1.18789,0.90396,0.23827,,0.01475,0.10463,0.8
4,45,hybrid,HYBRID_ALPHA0.6_BETA0.4,0.6,0.4,100,1.0,2.92626,1.2001,0.18479,1.11147,0.87099,0.21833,,0.01449,0.08598,0.725
4,45,hybrid,HYBRID_ALPHA0.7_BETA0.3,0.7,0.3,100,1.0,2.86484,1.19085,0.18009,1.22193,0.94154,0.1125,,0.00925,0.05073,0.725
4,45,hybrid,HYBRID_ALPHA0.8_BETA0.2,0.8,0.2,100,1.0,2.74868,1.17325,0.17152,0.99728,0.83336,0.11695,,0.0097,0.05238,0.7
4,45,hybrid,HYBRID_ALPHA0.9_BETA0.1,0.9,0.1,100,1.0,2.59562,1.15099,0.16092,0.97632,0.82258,0.12242,,0.00999,0.05225,0.675
4,45,hybrid,HYBRID_ALPHA0.1_BETA0.9,0.1,0.9,100,0.0,3.20103,1.23562,0.19848,2.51673,1.37052,0.3688,,0.01563,0.19829,0.825
4,45,hybrid,HYBRID_ALPHA0.2_BETA0.8,0.2,0.8,100,0.0,3.11658,1.22597,0.1956,2.33174,1.31186,0.33178,,0.01684,0.15572,0.8
4,45,hybrid,HYBRID_ALPHA0.3_BETA0.7,0.3,0.7,100,0.0,3.00626,1.21087,0.18956,2.30243,1.3036,0.32866,,0.01678,0.15782,0.8
4,45,hybrid,HYBRID_ALPHA0.4_BETA0.6,0.4,0.6,100,0.0,2.98756,1.20886,0.18899,2.30893,1.30935,0.31755,,0.01679,0.14693,0.8
4,45,hybrid,HYBRID_ALPHA0.5_BETA0.5,0.5,0.5,100,0.0,2.97263,1.207,0.18818,2.34755,1.32057,0.32344,,0.01628,0.14958,0.8
4,45,hybrid,HYBRID_ALPHA0.6_BETA0.4,0.6,0.4,100,0.0,2.92626,1.2001,0.18479,2.18213,1.2714,0.30837,,0.01629,0.13851,0.75
4,45,hybrid,HYBRID_ALPHA0.7_BETA0.3,0.7,0.3,100,0.0,2.86484,1.19085,0.18009,1.90438,1.20532,0.21497,,0.0151,0.10511,0.8
4,45,hybrid,HYBRID_ALPHA0.8_BETA0.2,0.8,0.2,100,0.0,2.74868,1.17325,0.17152,1.61903,1.09882,0.22536,,0.01554,0.10837,0.8
4,45,hybrid,HYBRID_ALPHA0.9_BETA0.1,0.9,0.1,100,0.0,2.59562,1.15099,0.16092,1.62562,1.1003,0.2314,,0.01576,0.11095,0.8
4,45,hybrid,HYBRID_ALPHA0.1_BETA0.9,0.1,0.9,300,1.0,1.44792,0.90967,0.02177,1.22173,0.96695,0.02148,,0.00488,0.03204,0.7
4,45,hybrid,HYBRID_ALPHA0.2_BETA0.8,0.2,0.8,300,1.0,1.36855,0.90518,0.01894,0.83384,0.77173,0.03343,,0.00465,0.03364,0.775
4,45,hybrid,HYBRID_ALPHA0.3_BETA0.7,0.3,0.7,300,1.0,1.33595,0.90924,0.02282,0.79936,0.74968,0.04037,,0.00388,0.03551,0.75
4,45,hybrid,HYBRID_ALPHA0.4_BETA0.6,0.4,0.6,300,1.0,1.33052,0.91105,0.0238,0.9841,0.8328,0.07732,,0.00875,0.05496,0.725
4,45,hybrid,HYBRID_ALPHA0.5_BETA0.5,0.5,0.5,300,1.0,1.30577,0.90788,0.02222,0.6677,0.64981,0.01622,,0.002,0.03218,0.7
4,45,hybrid,HYBRID_ALPHA0.6_BETA0.4,0.6,0.4,300,1.0,1.27399,0.89782,0.02126,0.65653,0.65636,0.01488,,0.00197,0.03281,0.7
4,45,hybrid,HYBRID_ALPHA0.7_BETA0.3,0.7,0.3,300,1.0,1.27325,0.8968,0.0233,0.67358,0.66347,0.01671,,0.00193,0.0337,0.675
4,45,hybrid,HYBRID_ALPHA0.8_BETA0.2,0.8,0.2,300,1.0,1.26758,0.89303,0.02068,0.67361,0.66249,0.02212,,0.0021,0.03464,0.675
4,45,hybrid,HYBRID_ALPHA0.9_BETA0.1,0.9,0.1,300,1.0,1.2636,0.89273,0.02182,0.69386,0.6734,0.03175,,0.0023,0.0367,0.625
4,45,hybrid,HYBRID_ALPHA0.1_BETA0.9,0.1,0.9,300,0.0,1.44792,0.90967,0.02177,1.14846,0.92626,0.03815,,0.00547,0.03184,0.7
4,45,hybrid,HYBRID_ALPHA0.2_BETA0.8,0.2,0.8,300,0.0,1.36855,0.90518,0.01894,0.75187,0.72732,0.03602,,0.00582,0.03168,0.7
4,45,hybrid,HYBRID_ALPHA0.3_BETA0.7,0.3,0.7,300,0.0,1.33595,0.90924,0.02282,0.72271,0.71066,0.04494,,0.00634,0.03457,0.65
4,45,hybrid,HYBRID_ALPHA0.4_BETA0.6,0.4,0.6,300,0.0,1.33052,0.91105,0.0238,1.17919,0.92022,0.14578,,0.01229,0.07834,0.725
4,45,hybrid,HYBRID_ALPHA0.5_BETA0.5,0.5,0.5,300,0.0,1.30577,0.90788,0.02222,0.64993,0.63374,0.01751,,0.00197,0.02887,0.6
4,45,hybrid,HYBRID_ALPHA0.6_BETA0.4,0.6,0.4,300,0.0,1.27399,0.89782,0.02126,0.60583,0.61183,0.01446,,0.00192,0.02507,0.625
4,45,hybrid,HYBRID_ALPHA0.7_BETA0.3,0.7,0.3,300,0.0,1.27325,0.8968,0.0233,0.62055,0.6172,0.01562,,0.00185,0.02575,0.65
4,45,hybrid,HYBRID_ALPHA0.8_BETA0.2,0.8,0.2,300,0.0,1.26758,0.89303,0.02068,0.61399,0.60923,0.01965,,0.00197,0.02486,0.7
4,45,hybrid,HYBRID_ALPHA0.9_BETA0.1,0.9,0.1,300,0.0,1.2636,0.89273,0.02182,0.61621,0.6098,0.02686,,0.00209,0.02375,0.6
4,45,hybrid,HYBRID_ALPHA0.1_BETA0.9,0.1,0.9,500,1.0,1.56297,0.9336,0.02645,1.4276,1.03365,0.15114,,0.01224,0.04953,0.675
4,45,hybrid,HYBRID_ALPHA0.2_BETA0.8,0.2,0.8,500,1.0,1.3926,0.91183,0.01845,1.2686,0.95846,0.11706,,0.00916,0.04284,0.65
4,45,hybrid,HYBRID_ALPHA0.3_BETA0.7,0.3,0.7,500,1.0,1.37653,0.91119,0.01824,1.12727,0.89047,0.1134,,0.00883,0.04177,0.625
4,45,hybrid,HYBRID_ALPHA0.4_BETA0.6,0.4,0.6,500,1.0,1.3783,0.91096,0.01801,1.0322,0.84463,0.11072,,0.00857,0.04135,0.65
4,45,hybrid,HYBRID_ALPHA0.5_BETA0.5,0.5,0.5,500,1.0,1.34022,0.90313,0.01829,0.96649,0.81313,0.10906,,0.00844,0.04117,0.65
4,45,hybrid,HYBRID_ALPHA0.6_BETA0.4,0.6,0.4,500,1.0,1.27992,0.89547,0.01667,0.9104,0.78898,0.11132,,0.00875,0.04185,0.6
4,45,hybrid,HYBRID_ALPHA0.7_BETA0.3,0.7,0.3,500,1.0,1.26464,0.89272,0.01689,0.87183,0.7709,0.10955,,0.00862,0.04192,0.675
4,45,hybrid,HYBRID_ALPHA0.8_BETA0.2,0.8,0.2,500,1.0,1.25366,0.88896,0.01695,0.86606,0.76794,0.11483,,0.00905,0.04253,0.6
4,45,hybrid,HYBRID_ALPHA0.9_BETA0.1,0.9,0.1,500,1.0,1.25605,0.88888,0.01817,0.85266,0.76201,0.11926,,0.00939,0.04309,0.65
4,45,hybrid,HYBRID_ALPHA0.1_BETA0.9,0.1,0.9,500,0.0,1.56297,0.9336,0.02645,2.29975,1.31865,0.2774,,0.01643,0.10388,0.725
4,45,hybrid,HYBRID_ALPHA0.2_BETA0.8,0.2,0.8,500,0.0,1.3926,0.91183,0.01845,2.11868,1.27619,0.22025,,0.01494,0.09997,0.7
4,45,hybrid,HYBRID_ALPHA0.3_BETA0.7,0.3,0.7,500,0.0,1.37653,0.91119,0.01824,1.86962,1.19321,0.21167,,0.01462,0.09643,0.7
4,45,hybrid,HYBRID_ALPHA0.4_BETA0.6,0.4,0.6,500,0.0,1.3783,0.91096,0.01801,1.68312,1.12623,0.20474,,0.01433,0.09372,0.725
4,45,hybrid,HYBRID_ALPHA0.5_BETA0.5,0.5,0.5,500,0.0,1.34022,0.90313,0.01829,1.55921,1.07892,0.201,,0.01418,0.09265,0.725
4,45,hybrid,HYBRID_ALPHA0.6_BETA0.4,0.6,0.4,500,0.0,1.27992,0.89547,0.01667,1.48541,1.04818,0.20781,,0.01451,0.09514,0.7
4,45,hybrid,HYBRID_ALPHA0.7_BETA0.3,0.7,0.3,500,0.0,1.26464,0.89272,0.01689,1.39548,1.01152,0.20597,,0.01442,0.09356,0.725
4,45,hybrid,HYBRID_ALPHA0.8_BETA0.2,0.8,0.2,500,0.0,1.25366,0.88896,0.01695,1.53492,1.06704,0.21532,,0.01481,0.10545,0.8
4,45,hybrid,HYBRID_ALPHA0.9_BETA0.1,0.9,0.1,500,0.0,1.25605,0.88888,0.01817,1.57104,1.08044,0.22109,,0.01504,0.11026,0.775
4,45,mse,MSE,1.0,0.0,50,1.0,5.01869,1.48342,0.33448,1.61304,1.03273,0.41939,,0.01567,0.09709,0.675
4,45,mse,MSE,1.0,0.0,50,0.0,5.01869,1.48342,0.33448,2.9337,1.49737,0.4258,,0.01547,0.17459,0.825
4,45,mse,MSE,1.0,0.0,100,1.0,2.26195,1.10475,0.14084,0.59227,0.62268,0.04749,,0.00497,0.01939,0.6
4,45,mse,MSE,1.0,0.0,100,0.0,2.26195,1.10475,0.14084,0.71868,0.6969,0.04818,,0.00483,0.03742,0.7
4,45,mse,MSE,1.0,0.0,300,1.0,1.26079,0.89008,0.02026,0.95223,0.79433,0.23202,,0.00968,0.0557,0.6
4,45,mse,MSE,1.0,0.0,300,0.0,1.26079,0.89008,0.02026,0.86642,0.74516,0.25145,,0.01048,0.03458,0.625
4,45,mse,MSE,1.0,0.0,500,1.0,1.24753,0.88616,0.01919,0.8392,0.75524,0.12602,,0.00988,0.04421,0.675
4,45,mse,MSE,1.0,0.0,500,0.0,1.24753,0.88616,0.01919,1.57233,1.07933,0.22901,,0.01537,0.11339,0.775
5,46,hsic,HSIC,0.0,1.0,50,1.0,3.54403,1.2415,0.08192,1.52642,1.00425,0.39685,,0.01543,0.10587,0.725
5,46,hsic,HSIC,0.0,1.0,50,0.0,3.54403,1.2415,0.08192,2.76572,1.4488,0.40278,,0.01559,0.17584,0.75
5,46,hsic,HSIC,0.0,1.0,100,1.0,4.09702,1.49368,0.04364,1.05795,0.77999,0.09419,,0.00411,0.18603,0.875
5,46,hsic,HSIC,0.0,1.0,100,0.0,4.09702,1.49368,0.04364,0.94783,0.70412,0.11141,,0.00826,0.15803,0.825
5,46,hsic,HSIC,0.0,1.0,300,1.0,2.77828,1.11119,0.095,1.31462,0.92007,0.37777,,0.01558,0.22271,0.9
5,46,hsic,HSIC,0.0,1.0,300,0.0,2.77828,1.11119,0.095,2.43369,1.34979,0.38022,,0.01569,0.26231,0.8
5,46,hsic,HSIC,0.0,1.0,500,1.0,4.36409,1.50067,0.07252,1.53892,1.03823,0.38243,,0.01552,0.22159,0.85
5,46,hsic,HSIC,0.0,1.0,500,0.0,4.36409,1.50067,0.07252,2.77393,1.44775,0.38237,,0.01565,0.2577,0.8
5,46,hybrid,HYBRID_ALPHA0.1_BETA0.9,0.1,0.9,50,1.0,2.96501,1.15833,0.08798,0.73133,0.70158,0.13887,,0.01195,0.01458,0.7
5,46,hybrid,HYBRID_ALPHA0.2_BETA0.8,0.2,0.8,50,1.0,2.7786,1.10365,0.07412,1.0455,0.85747,0.09868,,0.00845,0.04052,0.675
5,46,hybrid,HYBRID_ALPHA0.3_BETA0.7,0.3,0.7,50,1.0,4.10152,1.30757,0.20845,1.02155,0.84408,0.09355,,0.00793,0.04086,0.625
5,46,hybrid,HYBRID_ALPHA0.4_BETA0.6,0.4,0.6,50,1.0,2.4164,1.04738,0.04435,0.95689,0.78125,0.24957,,0.01154,0.01658,0.575
5,46,hybrid,HYBRID_ALPHA0.5_BETA0.5,0.5,0.5,50,1.0,2.45959,1.03128,0.04728,0.90477,0.76591,0.192,,0.0091,0.01372,0.575
5,46,hybrid,HYBRID_ALPHA0.6_BETA0.4,0.6,0.4,50,1.0,2.58291,1.04593,0.05108,0.88928,0.75527,0.17476,,0.00725,0.01451,0.525
5,46,hybrid,HYBRID_ALPHA0.7_BETA0.3,0.7,0.3,50,1.0,2.56627,1.04781,0.05067,0.89993,0.78787,0.09578,,0.00889,0.06028,0.625
5,46,hybrid,HYBRID_ALPHA0.8_BETA0.2,0.8,0.2,50,1.0,2.72091,1.0648,0.05571,0.94318,0.77457,0.18781,,0.0074,0.01544,0.65
5,46,hybrid,HYBRID_ALPHA0.9_BETA0.1,0.9,0.1,50,1.0,2.83508,1.07889,0.06081,0.83423,0.73382,0.13306,,0.00609,0.01659,0.65
5,46,hybrid,HYBRID_ALPHA0.1_BETA0.9,0.1,0.9,50,0.0,2.96501,1.15833,0.08798,0.67338,0.66696,0.0519,,0.00854,0.01844,0.65
5,46,hybrid,HYBRID_ALPHA0.2_BETA0.8,0.2,0.8,50,0.0,2.7786,1.10365,0.07412,1.58719,1.08704,0.21558,,0.01426,0.09199,0.625
5,46,hybrid,HYBRID_ALPHA0.3_BETA0.7,0.3,0.7,50,0.0,4.10152,1.30757,0.20845,1.48308,1.04164,0.21761,,0.01422,0.0871,0.65
5,46,hybrid,HYBRID_ALPHA0.4_BETA0.6,0.4,0.6,50,0.0,2.4164,1.04738,0.04435,0.77944,0.72348,0.13082,,0.01032,0.01844,0.65
5,46,hybrid,HYBRID_ALPHA0.5_BETA0.5,0.5,0.5,50,0.0,2.45959,1.03128,0.04728,0.75002,0.71082,0.08771,,0.00821,0.02134,0.675
5,46,hybrid,HYBRID_ALPHA0.6_BETA0.4,0.6,0.4,50,0.0,2.58291,1.04593,0.05108,0.70532,0.68451,0.07876,,0.00744,0.02331,0.625
5,46,hybrid,HYBRID_ALPHA0.7_BETA0.3,0.7,0.3,50,0.0,2.56627,1.04781,0.05067,0.77297,0.71707,0.11093,,0.01014,0.04997,0.575
5,46,hybrid,HYBRID_ALPHA0.8_BETA0.2,0.8,0.2,50,0.0,2.72091,1.0648,0.05571,0.78155,0.71997,0.10983,,0.00748,0.02136,0.65
5,46,hybrid,HYBRID_ALPHA0.9_BETA0.1,0.9,0.1,50,0.0,2.83508,1.07889,0.06081,0.6997,0.67737,0.06653,,0.00651,0.02361,0.575
5,46,hybrid,HYBRID_ALPHA0.1_BETA0.9,0.1,0.9,100,1.0,1.81082,0.96943,0.03116,1.63992,1.13151,0.08649,,0.0089,0.06398,0.675
5,46,hybrid,HYBRID_ALPHA0.2_BETA0.8,0.2,0.8,100,1.0,1.94246,0.99228,0.03785,1.641,1.11951,0.08593,,0.00609,0.05804,0.6
5,46,hybrid,HYBRID_ALPHA0.3_BETA0.7,0.3,0.7,100,1.0,1.87886,0.98084,0.03545,1.3381,0.99355,0.08393,,0.00611,0.05601,0.65
5,46,hybrid,HYBRID_ALPHA0.4_BETA0.6,0.4,0.6,100,1.0,1.8981,0.98149,0.03589,1.22837,0.94509,0.08133,,0.00615,0.0572,0.625
5,46,hybrid,HYBRID_ALPHA0.5_BETA0.5,0.5,0.5,100,1.0,1.87058,0.97827,0.03114,1.15967,0.91497,0.08361,,0.00658,0.05815,0.625
5,46,hybrid,HYBRID_ALPHA0.6_BETA0.4,0.6,0.4,100,1.0,1.91026,0.99124,0.03486,1.08669,0.90491,0.02483,,0.0034,0.09134,0.75
5,46,hybrid,HYBRID_ALPHA0.7_BETA0.3,0.7,0.3,100,1.0,1.92467,0.99301,0.03417,0.75377,0.72861,0.01749,,0.00104,0.06907,0.6
5,46,hybrid,HYBRID_ALPHA0.8_BETA0.2,0.8,0.2,100,1.0,1.86665,0.97826,0.0283,0.77563,0.73534,0.01754,,0.00086,0.07123,0.625
5,46,hybrid,HYBRID_ALPHA0.9_BETA0.1,0.9,0.1,100,1.0,1.95671,0.99692,0.0355,0.78581,0.73865,0.01772,,0.00067,0.07125,0.625
5,46,hybrid,HYBRID_ALPHA0.1_BETA0.9,0.1,0.9,100,0.0,1.81082,0.96943,0.03116,1.69758,1.12402,0.21644,,0.01266,0.07262,0.65
5,46,hybrid,HYBRID_ALPHA0.2_BETA0.8,0.2,0.8,100,0.0,1.94246,0.99228,0.03785,1.6618,1.12459,0.17192,,0.01219,0.07173,0.775
5,46,hybrid,HYBRID_ALPHA0.3_BETA0.7,0.3,0.7,100,0.0,1.87886,0.98084,0.03545,1.40138,1.01826,0.1793,,0.01279,0.0712,0.75
5,46,hybrid,HYBRID_ALPHA0.4_BETA0.6,0.4,0.6,100,0.0,1.8981,0.98149,0.03589,1.33416,0.99009,0.1799,,0.01279,0.07454,0.725
5,46,hybrid,HYBRID_ALPHA0.5_BETA0.5,0.5,0.5,100,0.0,1.87058,0.97827,0.03114,1.26602,0.96011,0.18343,,0.01299,0.07485,0.7
5,46,hybrid,HYBRID_ALPHA0.6_BETA0.4,0.6,0.4,100,0.0,1.91026,0.99124,0.03486,0.79513,0.73958,0.10581,,0.00703,0.05308,0.625
5,46,hybrid,HYBRID_ALPHA0.7_BETA0.3,0.7,0.3,100,0.0,1.92467,0.99301,0.03417,0.70631,0.70083,0.01613,,0.00095,0.05928,0.7
5,46,hybrid,HYBRID_ALPHA0.8_BETA0.2,0.8,0.2,100,0.0,1.86665,0.97826,0.0283,0.73581,0.71138,0.0173,,0.00083,0.0624,0.675
5,46,hybrid,HYBRID_ALPHA0.9_BETA0.1,0.9,0.1,100,0.0,1.95671,0.99692,0.0355,0.76765,0.7266,0.01984,,0.00073,0.06572,0.675
5,46,hybrid,HYBRID_ALPHA0.1_BETA0.9,0.1,0.9,300,1.0,1.32156,0.88942,0.02373,1.41074,1.03321,0.07855,,0.00492,0.08492,0.775
5,46,hybrid,HYBRID_ALPHA0.2_BETA0.8,0.2,0.8,300,1.0,1.37284,0.90369,0.02269,1.06763,0.88587,0.0521,,0.00599,0.06956,0.725
5,46,hybrid,HYBRID_ALPHA0.3_BETA0.7,0.3,0.7,300,1.0,1.26178,0.87629,0.02052,0.91288,0.79429,0.03694,,0.0042,0.0647,0.7
5,46,hybrid,HYBRID_ALPHA0.4_BETA0.6,0.4,0.6,300,1.0,1.20859,0.85843,0.02405,0.91629,0.79514,0.05475,,0.0041,0.07093,0.725
5,46,hybrid,HYBRID_ALPHA0.5_BETA0.5,0.5,0.5,300,1.0,1.29749,0.89106,0.01957,0.91291,0.79067,0.0534,,0.00407,0.06927,0.725
5,46,hybrid,HYBRID_ALPHA0.6_BETA0.4,0.6,0.4,300,1.0,2.33276,0.96593,0.0217,0.91492,0.79111,0.05864,,0.00409,0.07099,0.725
5,46,hybrid,HYBRID_ALPHA0.7_BETA0.3,0.7,0.3,300,1.0,3.30006,1.00266,0.02119,0.92597,0.79455,0.06308,,0.0042,0.07171,0.725
5,46,hybrid,HYBRID_ALPHA0.8_BETA0.2,0.8,0.2,300,1.0,4.07804,1.02701,0.02137,0.93808,0.7983,0.0689,,0.00438,0.07379,0.725
5,46,hybrid,HYBRID_ALPHA0.9_BETA0.1,0.9,0.1,300,1.0,4.48138,1.03664,0.02257,0.94976,0.80111,0.08274,,0.00484,0.07723,0.725
5,46,hybrid,HYBRID_ALPHA0.1_BETA0.9,0.1,0.9,300,0.0,1.32156,0.88942,0.02373,0.90792,0.78187,0.11814,,0.0071,0.03937,0.725
5,46,hybrid,HYBRID_ALPHA0.2_BETA0.8,0.2,0.8,300,0.0,1.37284,0.90369,0.02269,0.82909,0.74208,0.10953,,0.00814,0.04457,0.675
5,46,hybrid,HYBRID_ALPHA0.3_BETA0.7,0.3,0.7,300,0.0,1.26178,0.87629,0.02052,0.65926,0.64426,0.02887,,0.00377,0.03346,0.575
5,46,hybrid,HYBRID_ALPHA0.4_BETA0.6,0.4,0.6,300,0.0,1.20859,0.85843,0.02405,0.65329,0.64485,0.05801,,0.00438,0.03344,0.7
5,46,hybrid,HYBRID_ALPHA0.5_BETA0.5,0.5,0.5,300,0.0,1.29749,0.89106,0.01957,0.65146,0.64155,0.05044,,0.00404,0.03258,0.7
5,46,hybrid,HYBRID_ALPHA0.6_BETA0.4,0.6,0.4,300,0.0,2.33276,0.96593,0.0217,0.6525,0.64232,0.05623,,0.00409,0.03319,0.725
5,46,hybrid,HYBRID_ALPHA0.7_BETA0.3,0.7,0.3,300,0.0,3.30006,1.00266,0.02119,0.66013,0.64536,0.0585,,0.00409,0.0332,0.675
5,46,hybrid,HYBRID_ALPHA0.8_BETA0.2,0.8,0.2,300,0.0,4.07804,1.02701,0.02137,0.66951,0.64886,0.06078,,0.00408,0.03375,0.675
5,46,hybrid,HYBRID_ALPHA0.9_BETA0.1,0.9,0.1,300,0.0,4.48138,1.03664,0.02257,0.68802,0.65902,0.07303,,0.00446,0.03704,0.575
5,46,hybrid,HYBRID_ALPHA0.1_BETA0.9,0.1,0.9,500,1.0,1.54044,0.95418,0.03206,1.90291,1.22606,0.09576,,0.00891,0.04803,0.65
5,46,hybrid,HYBRID_ALPHA0.2_BETA0.8,0.2,0.8,500,1.0,1.49643,0.94701,0.02693,0.65536,0.65879,0.02287,,0.00355,0.0429,0.725
5,46,hybrid,HYBRID_ALPHA0.3_BETA0.7,0.3,0.7,500,1.0,1.48495,0.94745,0.02715,0.64194,0.65863,0.0129,,0.00283,0.03954,0.7
5,46,hybrid,HYBRID_ALPHA0.4_BETA0.6,0.4,0.6,500,1.0,1.38719,0.93373,0.02317,0.64902,0.65808,0.01791,,0.00282,0.04142,0.65
5,46,hybrid,HYBRID_ALPHA0.5_BETA0.5,0.5,0.5,500,1.0,1.38767,0.93317,0.02287,0.64394,0.65882,0.01135,,0.00215,0.03591,0.7
5,46,hybrid,HYBRID_ALPHA0.6_BETA0.4,0.6,0.4,500,1.0,1.3908,0.93473,0.0235,0.65389,0.66326,0.01477,,0.00246,0.0401,0.675
5,46,hybrid,HYBRID_ALPHA0.7_BETA0.3,0.7,0.3,500,1.0,1.38792,0.93566,0.02436,0.65696,0.66341,0.01872,,0.00273,0.04215,0.725
5,46,hybrid,HYBRID_ALPHA0.8_BETA0.2,0.8,0.2,500,1.0,1.3636,0.93109,0.02663,0.64912,0.66049,0.01488,,0.00235,0.03844,0.725
5,46,hybrid,HYBRID_ALPHA0.9_BETA0.1,0.9,0.1,500,1.0,1.36934,0.9335,0.02859,0.65317,0.66192,0.01672,,0.00237,0.03743,0.65
5,46,hybrid,HYBRID_ALPHA0.1_BETA0.9,0.1,0.9,500,0.0,1.54044,0.95418,0.03206,2.25429,1.31588,0.23993,,0.01572,0.06809,0.725
5,46,hybrid,HYBRID_ALPHA0.2_BETA0.8,0.2,0.8,500,0.0,1.49643,0.94701,0.02693,0.59027,0.61546,0.02307,,0.00359,0.0301,0.65
5,46,hybrid,HYBRID_ALPHA0.3_BETA0.7,0.3,0.7,500,0.0,1.48495,0.94745,0.02715,0.59063,0.62713,0.01051,,0.00267,0.02961,0.675
5,46,hybrid,HYBRID_ALPHA0.4_BETA0.6,0.4,0.6,500,0.0,1.38719,0.93373,0.02317,0.58732,0.61627,0.01665,,0.00281,0.02909,0.65
5,46,hybrid,HYBRID_ALPHA0.5_BETA0.5,0.5,0.5,500,0.0,1.38767,0.93317,0.02287,0.6238,0.64467,0.01081,,0.00211,0.03004,0.675
5,46,hybrid,HYBRID_ALPHA0.6_BETA0.4,0.6,0.4,500,0.0,1.3908,0.93473,0.0235,0.59763,0.629,0.01138,,0.0023,0.0289,0.675
5,46,hybrid,HYBRID_ALPHA0.7_BETA0.3,0.7,0.3,500,0.0,1.38792,0.93566,0.02436,0.59119,0.62211,0.01443,,0.00252,0.02903,0.625
5,46,hybrid,HYBRID_ALPHA0.8_BETA0.2,0.8,0.2,500,0.0,1.3636,0.93109,0.02663,0.61128,0.63712,0.01145,,0.00218,0.02962,0.625
5,46,hybrid,HYBRID_ALPHA0.9_BETA0.1,0.9,0.1,500,0.0,1.36934,0.9335,0.02859,0.62632,0.64535,0.01272,,0.00218,0.03051,0.625
5,46,mse,MSE,1.0,0.0,50,1.0,2.84501,1.08863,0.06759,0.92807,0.7612,0.17432,,0.00577,0.0161,0.7
5,46,mse,MSE,1.0,0.0,50,0.0,2.84501,1.08863,0.06759,0.84564,0.74289,0.12554,,0.00599,0.02373,0.6
5,46,mse,MSE,1.0,0.0,100,1.0,1.98119,0.99871,0.03934,1.04931,0.81472,0.0796,,0.0,0.06713,0.7
5,46,mse,MSE,1.0,0.0,100,0.0,1.98119,0.99871,0.03934,1.25989,0.87081,0.10998,,0.0,0.07762,0.75
5,46,mse,MSE,1.0,0.0,300,1.0,4.87681,1.04637,0.02075,0.87457,0.75416,0.08146,,0.00453,0.07205,0.7
5,46,mse,MSE,1.0,0.0,300,0.0,4.87681,1.04637,0.02075,0.71851,0.66739,0.07306,,0.0042,0.04732,0.625
5,46,mse,MSE,1.0,0.0,500,1.0,1.37198,0.93582,0.03077,0.66128,0.66284,0.03435,,0.00338,0.04089,0.6
5,46,mse,MSE,1.0,0.0,500,0.0,1.37198,0.93582,0.03077,0.6088,0.63122,0.02485,,0.00284,0.03094,0.625
6,47,hsic,HSIC,0.0,1.0,50,1.0,4.26496,1.5005,0.07549,2.22728,1.0931,0.40038,,0.01126,0.22835,0.825
6,47,hsic,HSIC,0.0,1.0,50,0.0,4.26496,1.5005,0.07549,3.34515,1.55256,0.42002,,0.0102,0.27174,0.85
6,47,hsic,HSIC,0.0,1.0,100,1.0,2.87092,1.18892,0.02444,2.18549,1.09769,0.37847,,0.01515,0.38383,0.925
6,47,hsic,HSIC,0.0,1.0,100,0.0,2.87092,1.18892,0.02444,3.63237,1.59167,0.37595,,0.0151,0.40023,0.925
6,47,hsic,HSIC,0.0,1.0,300,1.0,2.38514,1.05349,0.0224,1.48377,1.00851,0.37651,,0.01518,0.26142,0.9
6,47,hsic,HSIC,0.0,1.0,300,0.0,2.38514,1.05349,0.0224,2.73764,1.43745,0.37613,,0.01519,0.28902,0.825
6,47,hsic,HSIC,0.0,1.0,500,1.0,4.88226,1.64512,0.06402,1.52498,1.02997,0.3846,,0.01529,0.24287,0.9
6,47,hsic,HSIC,0.0,1.0,500,0.0,4.88226,1.64512,0.06402,2.90507,1.48771,0.38302,,0.0152,0.27479,0.825
6,47,hybrid,HYBRID_ALPHA0.1_BETA0.9,0.1,0.9,50,1.0,2.15652,1.04599,0.06012,2.14987,1.12893,0.39721,,0.01038,0.17898,0.8
6,47,hybrid,HYBRID_ALPHA0.2_BETA0.8,0.2,0.8,50,1.0,2.09685,1.05625,0.05821,2.30665,1.14678,0.39063,,0.00931,0.15623,0.775
6,47,hybrid,HYBRID_ALPHA0.3_BETA0.7,0.3,0.7,50,1.0,2.05125,1.06168,0.05655,2.58919,1.17316,0.38122,,0.00813,0.13529,0.8
6,47,hybrid,HYBRID_ALPHA0.4_BETA0.6,0.4,0.6,50,1.0,2.10943,1.07655,0.06262,1.0645,0.78294,0.03435,,0.00376,0.04903,0.7
6,47,hybrid,HYBRID_ALPHA0.5_BETA0.5,0.5,0.5,50,1.0,2.13759,1.08087,0.06517,1.17634,0.84006,0.05536,,0.00535,0.06335,0.725
6,47,hybrid,HYBRID_ALPHA0.6_BETA0.4,0.6,0.4,50,1.0,1.98907,1.05219,0.04802,1.30429,0.88707,0.07323,,0.00618,0.06409,0.7
6,47,hybrid,HYBRID_ALPHA0.7_BETA0.3,0.7,0.3,50,1.0,1.86131,1.03386,0.04471,1.19856,0.85843,0.08948,,0.00683,0.06089,0.725
6,47,hybrid,HYBRID_ALPHA0.8_BETA0.2,0.8,0.2,50,1.0,1.90196,1.04451,0.04639,1.03441,0.80547,0.11624,,0.00749,0.05668,0.75
6,47,hybrid,HYBRID_ALPHA0.9_BETA0.1,0.9,0.1,50,1.0,2.0548,1.07979,0.05728,0.98412,0.78011,0.12719,,0.00771,0.05552,0.725
6,47,hybrid,HYBRID_ALPHA0.1_BETA0.9,0.1,0.9,50,0.0,2.15652,1.04599,0.06012,3.45302,1.59481,0.42751,,0.0098,0.23346,0.85
6,47,hybrid,HYBRID_ALPHA0.2_BETA0.8,0.2,0.8,50,0.0,2.09685,1.05625,0.05821,3.81339,1.64439,0.42623,,0.00844,0.21944,0.85
6,47,hybrid,HYBRID_ALPHA0.3_BETA0.7,0.3,0.7,50,0.0,2.05125,1.06168,0.05655,4.39025,1.70735,0.42232,,0.00742,0.19919,0.8
6,47,hybrid,HYBRID_ALPHA0.4_BETA0.6,0.4,0.6,50,0.0,2.10943,1.07655,0.06262,1.49325,0.86609,0.22453,,0.012,0.05788,0.65
6,47,hybrid,HYBRID_ALPHA0.5_BETA0.5,0.5,0.5,50,0.0,2.13759,1.08087,0.06517,1.53412,0.90833,0.20916,,0.01033,0.07336,0.725
6,47,hybrid,HYBRID_ALPHA0.6_BETA0.4,0.6,0.4,50,0.0,1.98907,1.05219,0.04802,1.731,1.02384,0.24476,,0.01101,0.0864,0.8
6,47,hybrid,HYBRID_ALPHA0.7_BETA0.3,0.7,0.3,50,0.0,1.86131,1.03386,0.04471,1.75063,1.07062,0.2714,,0.01133,0.09474,0.775
6,47,hybrid,HYBRID_ALPHA0.8_BETA0.2,0.8,0.2,50,0.0,1.90196,1.04451,0.04639,1.77534,1.11601,0.30609,,0.01116,0.09994,0.75
6,47,hybrid,HYBRID_ALPHA0.9_BETA0.1,0.9,0.1,50,0.0,2.0548,1.07979,0.05728,1.80395,1.13,0.31692,,0.01127,0.104,0.75
6,47,hybrid,HYBRID_ALPHA0.1_BETA0.9,0.1,0.9,100,1.0,1.64051,0.98066,0.03743,1.68233,1.13468,0.16652,,0.01044,0.06218,0.625
6,47,hybrid,HYBRID_ALPHA0.2_BETA0.8,0.2,0.8,100,1.0,1.54402,0.9872,0.03296,1.3852,1.01823,0.11386,,0.01103,0.06058,0.65
6,47,hybrid,HYBRID_ALPHA0.3_BETA0.7,0.3,0.7,100,1.0,1.60188,0.97489,0.03488,1.36378,1.00333,0.10919,,0.00904,0.06117,0.625
6,47,hybrid,HYBRID_ALPHA0.4_BETA0.6,0.4,0.6,100,1.0,1.61984,0.97847,0.03691,1.27509,0.96429,0.10413,,0.00868,0.06726,0.65
6,47,hybrid,HYBRID_ALPHA0.5_BETA0.5,0.5,0.5,100,1.0,1.64024,0.98071,0.04043,1.2184,0.94014,0.10511,,0.00895,0.07494,0.675
6,47,hybrid,HYBRID_ALPHA0.6_BETA0.4,0.6,0.4,100,1.0,1.65566,0.98527,0.04255,1.13979,0.90839,0.10113,,0.00962,0.09187,0.775
6,47,hybrid,HYBRID_ALPHA0.7_BETA0.3,0.7,0.3,100,1.0,1.29596,0.93086,0.04177,1.11246,0.8955,0.10077,,0.00938,0.09471,0.75
6,47,hybrid,HYBRID_ALPHA0.8_BETA0.2,0.8,0.2,100,1.0,1.31034,0.9363,0.04709,1.09062,0.88552,0.10031,,0.0092,0.09656,0.75
6,47,hybrid,HYBRID_ALPHA0.9_BETA0.1,0.9,0.1,100,1.0,1.30337,0.93299,0.04337,1.07887,0.88017,0.09977,,0.00896,0.09743,0.75
6,47,hybrid,HYBRID_ALPHA0.1_BETA0.9,0.1,0.9,100,0.0,1.64051,0.98066,0.03743,2.76691,1.46624,0.28908,,0.01395,0.11656,0.75
6,47,hybrid,HYBRID_ALPHA0.2_BETA0.8,0.2,0.8,100,0.0,1.54402,0.9872,0.03296,2.12854,1.27453,0.2248,,0.01461,0.10672,0.8
6,47,hybrid,HYBRID_ALPHA0.3_BETA0.7,0.3,0.7,100,0.0,1.60188,0.97489,0.03488,2.07857,1.26571,0.20811,,0.01478,0.11038,0.825
6,47,hybrid,HYBRID_ALPHA0.4_BETA0.6,0.4,0.6,100,0.0,1.61984,0.97847,0.03691,1.97282,1.23013,0.2091,,0.01462,0.11878,0.75
6,47,hybrid,HYBRID_ALPHA0.5_BETA0.5,0.5,0.5,100,0.0,1.64024,0.98071,0.04043,1.92692,1.21353,0.21438,,0.01486,0.12625,0.8
6,47,hybrid,HYBRID_ALPHA0.6_BETA0.4,0.6,0.4,100,0.0,1.65566,0.98527,0.04255,1.53515,1.06269,0.22244,,0.01503,0.12056,0.775
6,47,hybrid,HYBRID_ALPHA0.7_BETA0.3,0.7,0.3,100,0.0,1.29596,0.93086,0.04177,1.47492,1.03822,0.22176,,0.01488,0.12069,0.775
6,47,hybrid,HYBRID_ALPHA0.8_BETA0.2,0.8,0.2,100,0.0,1.31034,0.9363,0.04709,1.44019,1.0236,0.22181,,0.01476,0.1211,0.8
6,47,hybrid,HYBRID_ALPHA0.9_BETA0.1,0.9,0.1,100,0.0,1.30337,0.93299,0.04337,1.43863,1.02336,0.22163,,0.01462,0.12227,0.8
6,47,hybrid,HYBRID_ALPHA0.1_BETA0.9,0.1,0.9,300,1.0,1.72986,0.91594,0.02257,0.68734,0.69836,0.01385,,0.00394,0.05959,0.675
6,47,hybrid,HYBRID_ALPHA0.2_BETA0.8,0.2,0.8,300,1.0,1.68458,0.91021,0.02206,1.3215,0.98297,0.08832,,0.00658,0.08742,0.75
6,47,hybrid,HYBRID_ALPHA0.3_BETA0.7,0.3,0.7,300,1.0,1.63855,0.90953,0.02058,1.16573,0.91545,0.06439,,0.00446,0.07905,0.75
6,47,hybrid,HYBRID_ALPHA0.4_BETA0.6,0.4,0.6,300,1.0,1.63189,0.90834,0.02041,1.26111,0.95095,0.11185,,0.00853,0.06285,0.7
6,47,hybrid,HYBRID_ALPHA0.5_BETA0.5,0.5,0.5,300,1.0,1.60896,0.90645,0.02049,1.17548,0.91156,0.11317,,0.00874,0.06413,0.775
6,47,hybrid,HYBRID_ALPHA0.6_BETA0.4,0.6,0.4,300,1.0,1.59569,0.90467,0.0205,1.10074,0.87753,0.11218,,0.00876,0.06396,0.725
6,47,hybrid,HYBRID_ALPHA0.7_BETA0.3,0.7,0.3,300,1.0,1.58633,0.90317,0.02074,1.06532,0.86221,0.11361,,0.00897,0.06524,0.7
6,47,hybrid,HYBRID_ALPHA0.8_BETA0.2,0.8,0.2,300,1.0,1.59427,0.90561,0.02058,1.03518,0.84858,0.11649,,0.00927,0.0662,0.675
6,47,hybrid,HYBRID_ALPHA0.9_BETA0.1,0.9,0.1,300,1.0,1.5953,0.90756,0.02064,1.01133,0.83724,0.11941,,0.00956,0.06692,0.725
6,47,hybrid,HYBRID_ALPHA0.1_BETA0.9,0.1,0.9,300,0.0,1.72986,0.91594,0.02257,0.66211,0.67344,0.0236,,0.00481,0.0532,0.675
6,47,hybrid,HYBRID_ALPHA0.2_BETA0.8,0.2,0.8,300,0.0,1.68458,0.91021,0.02206,0.73219,0.71623,0.01701,,0.00194,0.0498,0.65
6,47,hybrid,HYBRID_ALPHA0.3_BETA0.7,0.3,0.7,300,0.0,1.63855,0.90953,0.02058,0.80621,0.75585,0.02549,,0.00379,0.0624,0.725
6,47,hybrid,HYBRID_ALPHA0.4_BETA0.6,0.4,0.6,300,0.0,1.63189,0.90834,0.02041,1.9958,1.23849,0.19839,,0.01368,0.11973,0.75
6,47,hybrid,HYBRID_ALPHA0.5_BETA0.5,0.5,0.5,300,0.0,1.60896,0.90645,0.02049,1.86122,1.19098,0.20484,,0.01399,0.12053,0.775
6,47,hybrid,HYBRID_ALPHA0.6_BETA0.4,0.6,0.4,300,0.0,1.59569,0.90467,0.0205,1.77876,1.16023,0.2106,,0.01434,0.12154,0.775
6,47,hybrid,HYBRID_ALPHA0.7_BETA0.3,0.7,0.3,300,0.0,1.58633,0.90317,0.02074,1.73286,1.14279,0.21568,,0.0146,0.12298,0.75
6,47,hybrid,HYBRID_ALPHA0.8_BETA0.2,0.8,0.2,300,0.0,1.59427,0.90561,0.02058,1.71855,1.13673,0.22127,,0.01493,0.12576,0.775
6,47,hybrid,HYBRID_ALPHA0.9_BETA0.1,0.9,0.1,300,0.0,1.5953,0.90756,0.02064,1.70325,1.13011,0.22633,,0.01516,0.12732,0.8
6,47,hybrid,HYBRID_ALPHA0.1_BETA0.9,0.1,0.9,500,1.0,1.5917,0.95358,0.03695,1.95163,1.24648,0.09494,,0.00932,0.05922,0.675
6,47,hybrid,HYBRID_ALPHA0.2_BETA0.8,0.2,0.8,500,1.0,1.56881,0.95037,0.0348,0.67132,0.65686,0.05102,,0.00187,0.03779,0.725
6,47,hybrid,HYBRID_ALPHA0.3_BETA0.7,0.3,0.7,500,1.0,1.49444,0.94188,0.03027,0.63802,0.63969,0.05257,,0.00239,0.03904,0.725
6,47,hybrid,HYBRID_ALPHA0.4_BETA0.6,0.4,0.6,500,1.0,1.49084,0.94138,0.02978,0.63099,0.63471,0.05232,,0.00292,0.0402,0.725
6,47,hybrid,HYBRID_ALPHA0.5_BETA0.5,0.5,0.5,500,1.0,1.47331,0.93901,0.02768,0.65802,0.66704,0.00994,,0.00209,0.04128,0.7
6,47,hybrid,HYBRID_ALPHA0.6_BETA0.4,0.6,0.4,500,1.0,1.46787,0.93795,0.02842,0.64879,0.66216,0.01082,,0.00245,0.0451,0.65
6,47,hybrid,HYBRID_ALPHA0.7_BETA0.3,0.7,0.3,500,1.0,1.47379,0.93699,0.03018,0.67521,0.67463,0.01003,,0.00204,0.04713,0.675
6,47,hybrid,HYBRID_ALPHA0.8_BETA0.2,0.8,0.2,500,1.0,1.46262,0.93441,0.03033,0.69449,0.68348,0.01026,,0.002,0.05133,0.725
6,47,hybrid,HYBRID_ALPHA0.9_BETA0.1,0.9,0.1,500,1.0,1.4696,0.9344,0.03278,0.74979,0.70434,0.01108,,0.00199,0.05729,0.725
6,47,hybrid,HYBRID_ALPHA0.1_BETA0.9,0.1,0.9,500,0.0,1.5917,0.95358,0.03695,2.74283,1.47385,0.23206,,0.01496,0.07908,0.775
6,47,hybrid,HYBRID_ALPHA0.2_BETA0.8,0.2,0.8,500,0.0,1.56881,0.95037,0.0348,0.68897,0.66752,0.09102,,0.00192,0.03185,0.65
6,47,hybrid,HYBRID_ALPHA0.3_BETA0.7,0.3,0.7,500,0.0,1.49444,0.94188,0.03027,0.65963,0.64866,0.09008,,0.00229,0.03076,0.675
6,47,hybrid,HYBRID_ALPHA0.4_BETA0.6,0.4,0.6,500,0.0,1.49084,0.94138,0.02978,0.65108,0.64414,0.09198,,0.0029,0.03125,0.675
6,47,hybrid,HYBRID_ALPHA0.5_BETA0.5,0.5,0.5,500,0.0,1.47331,0.93901,0.02768,0.57337,0.59141,0.01031,,0.00212,0.02265,0.65
6,47,hybrid,HYBRID_ALPHA0.6_BETA0.4,0.6,0.4,500,0.0,1.46787,0.93795,0.02842,0.55918,0.58355,0.01211,,0.0026,0.02409,0.575
6,47,hybrid,HYBRID_ALPHA0.7_BETA0.3,0.7,0.3,500,0.0,1.47379,0.93699,0.03018,0.57691,0.59075,0.01028,,0.00209,0.02333,0.675
6,47,hybrid,HYBRID_ALPHA0.8_BETA0.2,0.8,0.2,500,0.0,1.46262,0.93441,0.03033,0.58003,0.59366,0.0103,,0.00206,0.02408,0.6
6,47,hybrid,HYBRID_ALPHA0.9_BETA0.1,0.9,0.1,500,0.0,1.4696,0.9344,0.03278,0.61183,0.60546,0.01207,,0.00213,0.0253,0.575
6,47,mse,MSE,1.0,0.0,50,1.0,1.97735,1.05564,0.05135,0.99297,0.7834,0.14807,,0.0082,0.05795,0.725
6,47,mse,MSE,1.0,0.0,50,0.0,1.97735,1.05564,0.05135,1.93101,1.17731,0.33325,,0.0112,0.11497,0.8
6,47,mse,MSE,1.0,0.0,100,1.0,1.4238,0.95831,0.04851,1.06665,0.87509,0.09984,,0.00879,0.09746,0.75
6,47,mse,MSE,1.0,0.0,100,0.0,1.4238,0.95831,0.04851,1.45336,1.02989,0.22232,,0.01455,0.12423,0.8
6,47,mse,MSE,1.0,0.0,300,1.0,1.5845,0.90598,0.02004,0.98019,0.82303,0.12282,,0.00982,0.06646,0.7
6,47,mse,MSE,1.0,0.0,300,0.0,1.5845,0.90598,0.02004,1.69841,1.1274,0.2315,,0.01544,0.12886,0.8
6,47,mse,MSE,1.0,0.0,500,1.0,1.47211,0.93412,0.03481,0.80236,0.715,0.01139,,0.00203,0.061,0.775
6,47,mse,MSE,1.0,0.0,500,0.0,1.47211,0.93412,0.03481,0.65651,0.61564,0.01177,,0.0021,0.02905,0.675
7,48,hsic,HSIC,0.0,1.0,50,1.0,2.51674,1.02836,0.0517,1.58603,1.02504,0.41471,,0.01594,0.18039,0.8
7,48,hsic,HSIC,0.0,1.0,50,0.0,2.51674,1.02836,0.0517,2.90757,1.49094,0.42487,,0.01582,0.24847,0.85
7,48,hsic,HSIC,0.0,1.0,100,1.0,3.15878,1.2679,0.07981,1.59878,1.04409,0.09012,,0.00985,0.24108,0.85
7,48,hsic,HSIC,0.0,1.0,100,0.0,3.15878,1.2679,0.07981,2.1231,1.15212,0.13341,,0.00625,0.21554,0.9
7,48,hsic,HSIC,0.0,1.0,300,1.0,2.18953,0.99698,0.04017,1.60503,1.03033,0.41429,,0.01585,0.44941,0.925
7,48,hsic,HSIC,0.0,1.0,300,0.0,2.18953,0.99698,0.04017,2.94038,1.49841,0.42281,,0.01555,0.46814,0.95
7,48,hsic,HSIC,0.0,1.0,500,1.0,1.9111,0.96817,0.03596,1.73734,1.12038,0.37618,,0.01505,0.4449,0.925
7,48,hsic,HSIC,0.0,1.0,500,0.0,1.9111,0.96817,0.03596,3.30277,1.59496,0.37869,,0.01509,0.462,0.95
7,48,hybrid,HYBRID_ALPHA0.1_BETA0.9,0.1,0.9,50,1.0,2.14074,1.02065,0.0637,1.35549,0.97619,0.33881,,0.0145,0.14636,0.8
7,48,hybrid,HYBRID_ALPHA0.2_BETA0.8,0.2,0.8,50,1.0,1.92966,0.98382,0.05137,1.206,0.908,0.26928,,0.01474,0.13898,0.8
7,48,hybrid,HYBRID_ALPHA0.3_BETA0.7,0.3,0.7,50,1.0,2.05076,0.97396,0.05398,1.14878,0.89647,0.19957,,0.01403,0.13012,0.825
7,48,hybrid,HYBRID_ALPHA0.4_BETA0.6,0.4,0.6,50,1.0,2.25753,1.01453,0.0466,1.19109,0.91664,0.19341,,0.01389,0.13134,0.8
7,48,hybrid,HYBRID_ALPHA0.5_BETA0.5,0.5,0.5,50,1.0,2.07613,0.98824,0.05094,1.3309,0.98958,0.15804,,0.01249,0.13339,0.825
7,48,hybrid,HYBRID_ALPHA0.6_BETA0.4,0.6,0.4,50,1.0,2.23705,1.01884,0.05164,1.40737,1.02598,0.15103,,0.01214,0.13875,0.825
7,48,hybrid,HYBRID_ALPHA0.7_BETA0.3,0.7,0.3,50,1.0,2.39388,1.07367,0.04738,1.49673,1.06442,0.14847,,0.0119,0.14436,0.85
7,48,hybrid,HYBRID_ALPHA0.8_BETA0.2,0.8,0.2,50,1.0,1.38533,0.93878,0.02802,1.63013,1.1175,0.13693,,0.01178,0.15128,0.825
7,48,hybrid,HYBRID_ALPHA0.9_BETA0.1,0.9,0.1,50,1.0,1.43975,0.95266,0.02869,1.80121,1.18681,0.12643,,0.01155,0.161,0.825
7,48,hybrid,HYBRID_ALPHA0.1_BETA0.9,0.1,0.9,50,0.0,2.14074,1.02065,0.0637,2.10743,1.2527,0.36519,,0.01507,0.20101,0.825
7,48,hybrid,HYBRID_ALPHA0.2_BETA0.8,0.2,0.8,50,0.0,1.92966,0.98382,0.05137,2.13328,1.24888,0.33756,,0.01589,0.19933,0.825
7,48,hybrid,HYBRID_ALPHA0.3_BETA0.7,0.3,0.7,50,0.0,2.05076,0.97396,0.05398,2.14797,1.2553,0.30627,,0.01678,0.19205,0.825
7,48,hybrid,HYBRID_ALPHA0.4_BETA0.6,0.4,0.6,50,0.0,2.25753,1.01453,0.0466,1.83336,1.14947,0.29831,,0.0165,0.17335,0.8
7,48,hybrid,HYBRID_ALPHA0.5_BETA0.5,0.5,0.5,50,0.0,2.07613,0.98824,0.05094,1.68136,1.09661,0.28702,,0.01561,0.15301,0.825
7,48,hybrid,HYBRID_ALPHA0.6_BETA0.4,0.6,0.4,50,0.0,2.23705,1.01884,0.05164,1.57176,1.05409,0.28611,,0.0156,0.1456,0.85
7,48,hybrid,HYBRID_ALPHA0.7_BETA0.3,0.7,0.3,50,0.0,2.39388,1.07367,0.04738,1.52085,1.03544,0.28707,,0.01552,0.14049,0.825
7,48,hybrid,HYBRID_ALPHA0.8_BETA0.2,0.8,0.2,50,0.0,1.38533,0.93878,0.02802,1.43739,1.00534,0.26386,,0.01581,0.13465,0.775
7,48,hybrid,HYBRID_ALPHA0.9_BETA0.1,0.9,0.1,50,0.0,1.43975,0.95266,0.02869,1.35291,0.98372,0.22915,,0.01519,0.12818,0.8
7,48,hybrid,HYBRID_ALPHA0.1_BETA0.9,0.1,0.9,100,1.0,2.09703,1.06961,0.08173,1.85869,1.16629,0.24809,,0.01505,0.07218,0.725
7,48,hybrid,HYBRID_ALPHA0.2_BETA0.8,0.2,0.8,100,1.0,1.9244,1.0443,0.07112,1.7954,1.15401,0.21223,,0.01471,0.07182,0.75
7,48,hybrid,HYBRID_ALPHA0.3_BETA0.7,0.3,0.7,100,1.0,1.96461,1.05135,0.07132,1.79945,1.16901,0.16219,,0.01338,0.08093,0.75
7,48,hybrid,HYBRID_ALPHA0.4_BETA0.6,0.4,0.6,100,1.0,1.95186,1.04967,0.07006,1.74008,1.15998,0.12928,,0.01253,0.08875,0.8
7,48,hybrid,HYBRID_ALPHA0.5_BETA0.5,0.5,0.5,100,1.0,1.92377,1.04153,0.06899,1.67901,1.13799,0.1219,,0.01152,0.08974,0.775
7,48,hybrid,HYBRID_ALPHA0.6_BETA0.4,0.6,0.4,100,1.0,1.88337,1.02206,0.06495,1.60471,1.10854,0.12114,,0.01109,0.09116,0.8
7,48,hybrid,HYBRID_ALPHA0.7_BETA0.3,0.7,0.3,100,1.0,1.90785,1.03299,0.06685,1.50954,1.06951,0.12153,,0.01093,0.08555,0.8
7,48,hybrid,HYBRID_ALPHA0.8_BETA0.2,0.8,0.2,100,1.0,1.93753,1.03819,0.07202,1.36008,1.00638,0.13442,,0.0122,0.07488,0.8
7,48,hybrid,HYBRID_ALPHA0.9_BETA0.1,0.9,0.1,100,1.0,1.9848,1.05706,0.08551,1.36497,0.99876,0.23464,,0.01332,0.1209,0.725
7,48,hybrid,HYBRID_ALPHA0.1_BETA0.9,0.1,0.9,100,0.0,2.09703,1.06961,0.08173,1.96933,1.18954,0.34095,,0.01702,0.0701,0.75
7,48,hybrid,HYBRID_ALPHA0.2_BETA0.8,0.2,0.8,100,0.0,1.9244,1.0443,0.07112,1.88616,1.16077,0.31988,,0.01695,0.0717,0.7
7,48,hybrid,HYBRID_ALPHA0.3_BETA0.7,0.3,0.7,100,0.0,1.96461,1.05135,0.07132,2.03654,1.22919,0.2775,,0.01588,0.09441,0.725
7,48,hybrid,HYBRID_ALPHA0.4_BETA0.6,0.4,0.6,100,0.0,1.95186,1.04967,0.07006,2.1619,1.28256,0.23677,,0.01584,0.11372,0.825
7,48,hybrid,HYBRID_ALPHA0.5_BETA0.5,0.5,0.5,100,0.0,1.92377,1.04153,0.06899,2.176,1.2929,0.22344,,0.01581,0.11841,0.825
7,48,hybrid,HYBRID_ALPHA0.6_BETA0.4,0.6,0.4,100,0.0,1.88337,1.02206,0.06495,2.1821,1.2956,0.2241,,0.01575,0.12303,0.775
7,48,hybrid,HYBRID_ALPHA0.7_BETA0.3,0.7,0.3,100,0.0,1.90785,1.03299,0.06685,2.13368,1.28012,0.22548,,0.01578,0.12094,0.825
7,48,hybrid,HYBRID_ALPHA0.8_BETA0.2,0.8,0.2,100,0.0,1.93753,1.03819,0.07202,2.16669,1.28409,0.24656,,0.01604,0.12783,0.8
7,48,hybrid,HYBRID_ALPHA0.9_BETA0.1,0.9,0.1,100,0.0,1.9848,1.05706,0.08551,0.84838,0.74129,0.26421,,0.0148,0.04985,0.575
7,48,hybrid,HYBRID_ALPHA0.1_BETA0.9,0.1,0.9,300,1.0,1.60439,0.98012,0.03584,2.10968,1.27651,0.18468,,0.01144,0.07465,0.725
7,48,hybrid,HYBRID_ALPHA0.2_BETA0.8,0.2,0.8,300,1.0,1.62094,0.98904,0.0377,2.26456,1.35012,0.11773,,0.0112,0.05834,0.675
7,48,hybrid,HYBRID_ALPHA0.3_BETA0.7,0.3,0.7,300,1.0,1.56554,0.98889,0.0357,2.72117,1.46838,0.11214,,0.00704,0.08806,0.6
7,48,hybrid,HYBRID_ALPHA0.4_BETA0.6,0.4,0.6,300,1.0,1.50923,0.97792,0.03241,2.8331,1.50214,0.1116,,0.0069,0.08255,0.675
7,48,hybrid,HYBRID_ALPHA0.5_BETA0.5,0.5,0.5,300,1.0,1.51011,0.98065,0.03376,2.99953,1.55006,0.11305,,0.00666,0.07901,0.6
7,48,hybrid,HYBRID_ALPHA0.6_BETA0.4,0.6,0.4,300,1.0,1.49582,0.97742,0.03285,3.14786,1.59172,0.11627,,0.00665,0.08611,0.7
7,48,hybrid,HYBRID_ALPHA0.7_BETA0.3,0.7,0.3,300,1.0,1.52427,0.9827,0.03698,2.72183,1.46116,0.11438,,0.00659,0.08462,0.7
7,48,hybrid,HYBRID_ALPHA0.8_BETA0.2,0.8,0.2,300,1.0,1.43546,0.96896,0.02598,2.44022,1.37523,0.11221,,0.00692,0.0838,0.5
7,48,hybrid,HYBRID_ALPHA0.9_BETA0.1,0.9,0.1,300,1.0,1.45021,0.96975,0.02999,2.18584,1.3018,0.11562,,0.00814,0.07743,0.625
7,48,hybrid,HYBRID_ALPHA0.1_BETA0.9,0.1,0.9,300,0.0,1.60439,0.98012,0.03584,2.81524,1.4775,0.29895,,0.01443,0.0848,0.65
7,48,hybrid,HYBRID_ALPHA0.2_BETA0.8,0.2,0.8,300,0.0,1.62094,0.98904,0.0377,2.97154,1.54001,0.24574,,0.01562,0.07282,0.75
7,48,hybrid,HYBRID_ALPHA0.3_BETA0.7,0.3,0.7,300,0.0,1.56554,0.98889,0.0357,3.42465,1.68841,0.16256,,0.01195,0.10256,0.7
7,48,hybrid,HYBRID_ALPHA0.4_BETA0.6,0.4,0.6,300,0.0,1.50923,0.97792,0.03241,3.54727,1.72309,0.16051,,0.01181,0.0975,0.675
7,48,hybrid,HYBRID_ALPHA0.5_BETA0.5,0.5,0.5,300,0.0,1.51011,0.98065,0.03376,3.71127,1.7677,0.15693,,0.01149,0.09387,0.7
7,48,hybrid,HYBRID_ALPHA0.6_BETA0.4,0.6,0.4,300,0.0,1.49582,0.97742,0.03285,4.0156,1.84716,0.15731,,0.01145,0.10254,0.725
7,48,hybrid,HYBRID_ALPHA0.7_BETA0.3,0.7,0.3,300,0.0,1.52427,0.9827,0.03698,3.64684,1.7487,0.15829,,0.01134,0.10297,0.725
7,48,hybrid,HYBRID_ALPHA0.8_BETA0.2,0.8,0.2,300,0.0,1.43546,0.96896,0.02598,3.25662,1.63854,0.16235,,0.01156,0.10186,0.725
7,48,hybrid,HYBRID_ALPHA0.9_BETA0.1,0.9,0.1,300,0.0,1.45021,0.96975,0.02999,2.91493,1.53435,0.18386,,0.01264,0.09771,0.775
7,48,hybrid,HYBRID_ALPHA0.1_BETA0.9,0.1,0.9,500,1.0,1.55863,0.95588,0.0304,8.79827,2.85589,0.06067,,0.00198,0.06363,0.75
7,48,hybrid,HYBRID_ALPHA0.2_BETA0.8,0.2,0.8,500,1.0,1.53791,0.95381,0.03064,3.95702,1.84966,0.08046,,0.00589,0.05585,0.675
7,48,hybrid,HYBRID_ALPHA0.3_BETA0.7,0.3,0.7,500,1.0,1.50067,0.94906,0.02977,2.91414,1.51756,0.12521,,0.00748,0.09191,0.7
7,48,hybrid,HYBRID_ALPHA0.4_BETA0.6,0.4,0.6,500,1.0,1.48342,0.94718,0.02977,3.06327,1.56171,0.12433,,0.00707,0.08622,0.625
7,48,hybrid,HYBRID_ALPHA0.5_BETA0.5,0.5,0.5,500,1.0,1.45129,0.94611,0.02804,3.12537,1.57589,0.12421,,0.00644,0.07076,0.675
7,48,hybrid,HYBRID_ALPHA0.6_BETA0.4,0.6,0.4,500,1.0,1.42838,0.94356,0.02733,2.88043,1.503,0.12224,,0.00644,0.07264,0.625
7,48,hybrid,HYBRID_ALPHA0.7_BETA0.3,0.7,0.3,500,1.0,1.40825,0.94064,0.02782,2.70438,1.45014,0.12047,,0.0066,0.07494,0.6
7,48,hybrid,HYBRID_ALPHA0.8_BETA0.2,0.8,0.2,500,1.0,1.39078,0.93437,0.02802,2.47976,1.38054,0.11973,,0.00696,0.07301,0.65
7,48,hybrid,HYBRID_ALPHA0.9_BETA0.1,0.9,0.1,500,1.0,1.3642,0.93724,0.02628,2.26695,1.32306,0.12364,,0.00843,0.06888,0.65
7,48,hybrid,HYBRID_ALPHA0.1_BETA0.9,0.1,0.9,500,0.0,1.55863,0.95588,0.0304,9.6027,2.98777,0.08531,,0.00137,0.06934,0.75
7,48,hybrid,HYBRID_ALPHA0.2_BETA0.8,0.2,0.8,500,0.0,1.53791,0.95381,0.03064,4.93243,2.07656,0.15949,,0.01211,0.07125,0.7
7,48,hybrid,HYBRID_ALPHA0.3_BETA0.7,0.3,0.7,500,0.0,1.50067,0.94906,0.02977,3.81619,1.79162,0.17142,,0.01233,0.10946,0.725
7,48,hybrid,HYBRID_ALPHA0.4_BETA0.6,0.4,0.6,500,0.0,1.48342,0.94718,0.02977,4.04405,1.852,0.1646,,0.01188,0.10462,0.725
7,48,hybrid,HYBRID_ALPHA0.5_BETA0.5,0.5,0.5,500,0.0,1.45129,0.94611,0.02804,4.25727,1.90494,0.1586,,0.01122,0.0941,0.725
7,48,hybrid,HYBRID_ALPHA0.6_BETA0.4,0.6,0.4,500,0.0,1.42838,0.94356,0.02733,3.9218,1.81911,0.15871,,0.01117,0.0956,0.75
7,48,hybrid,HYBRID_ALPHA0.7_BETA0.3,0.7,0.3,500,0.0,1.40825,0.94064,0.02782,3.65995,1.74981,0.15867,,0.01121,0.09701,0.775
7,48,hybrid,HYBRID_ALPHA0.8_BETA0.2,0.8,0.2,500,0.0,1.39078,0.93437,0.02802,3.31936,1.65425,0.16149,,0.01138,0.09473,0.725
7,48,hybrid,HYBRID_ALPHA0.9_BETA0.1,0.9,0.1,500,0.0,1.3642,0.93724,0.02628,2.94581,1.54207,0.18341,,0.01248,0.09052,0.7
7,48,mse,MSE,1.0,0.0,50,1.0,1.41022,0.93979,0.03115,1.88747,1.21408,0.13404,,0.01127,0.16887,0.8
7,48,mse,MSE,1.0,0.0,50,0.0,1.41022,0.93979,0.03115,1.29597,0.94462,0.26683,,0.01554,0.12204,0.825
7,48,mse,MSE,1.0,0.0,100,1.0,2.03643,1.07904,0.10786,1.23997,0.94574,0.16527,,0.0133,0.07161,0.75
7,48,mse,MSE,1.0,0.0,100,0.0,2.03643,1.07904,0.10786,2.27789,1.30562,0.28241,,0.01672,0.14324,0.725
7,48,mse,MSE,1.0,0.0,300,1.0,1.44761,0.97123,0.03731,1.50987,1.05388,0.18682,,0.01247,0.11361,0.7
7,48,mse,MSE,1.0,0.0,300,0.0,1.44761,0.97123,0.03731,2.78325,1.47387,0.27806,,0.01657,0.14704,0.825
7,48,mse,MSE,1.0,0.0,500,1.0,1.31183,0.93022,0.02563,1.47415,1.0394,0.20223,,0.01321,0.07536,0.675
7,48,mse,MSE,1.0,0.0,500,0.0,1.31183,0.93022,0.02563,2.56229,1.40396,0.28045,,0.01665,0.1223,0.8
8,49,hsic,HSIC,0.0,1.0,50,1.0,4.7578,1.46727,0.11147,1.0528,0.81757,0.06782,,0.00855,0.17404,0.85
8,49,hsic,HSIC,0.0,1.0,50,0.0,4.7578,1.46727,0.11147,0.90232,0.791,0.05214,,0.00718,0.17669,0.825
8,49,hsic,HSIC,0.0,1.0,100,1.0,1.76082,0.97659,0.07625,1.45265,0.99963,0.41063,,0.01758,0.24675,0.925
8,49,hsic,HSIC,0.0,1.0,100,0.0,1.76082,0.97659,0.07625,2.84578,1.47989,0.42538,,0.01625,0.27528,0.8
8,49,hsic,HSIC,0.0,1.0,300,1.0,2.56154,1.06696,0.07358,1.57727,1.0604,0.37761,,0.01506,0.28885,0.9
8,49,hsic,HSIC,0.0,1.0,300,0.0,2.56154,1.06696,0.07358,3.00801,1.51487,0.37699,,0.0152,0.31355,0.925
8,49,hsic,HSIC,0.0,1.0,500,1.0,4.4311,1.43674,0.09461,1.58257,1.06557,0.36919,,0.01512,0.26753,0.9
8,49,hsic,HSIC,0.0,1.0,500,0.0,4.4311,1.43674,0.09461,3.12307,1.54661,0.36652,,0.01521,0.29615,0.825
8,49,hybrid,HYBRID_ALPHA0.1_BETA0.9,0.1,0.9,50,1.0,2.9396,1.14535,0.1109,1.95868,1.25465,0.07734,,0.00934,0.09554,0.8
8,49,hybrid,HYBRID_ALPHA0.2_BETA0.8,0.2,0.8,50,1.0,2.93026,1.16573,0.10508,1.46936,1.0649,0.0523,,0.00473,0.11543,0.75
8,49,hybrid,HYBRID_ALPHA0.3_BETA0.7,0.3,0.7,50,1.0,2.53083,1.11063,0.09865,1.39705,1.03229,0.07265,,0.00647,0.11716,0.725
8,49,hybrid,HYBRID_ALPHA0.4_BETA0.6,0.4,0.6,50,1.0,2.43253,1.10334,0.09225,1.07108,0.88685,0.02573,,0.00325,0.0947,0.725
8,49,hybrid,HYBRID_ALPHA0.5_BETA0.5,0.5,0.5,50,1.0,2.59066,1.15787,0.09354,1.05199,0.88033,0.0223,,0.00329,0.09605,0.8
8,49,hybrid,HYBRID_ALPHA0.6_BETA0.4,0.6,0.4,50,1.0,2.04646,1.04493,0.03786,1.06477,0.89054,0.02006,,0.00364,0.1063,0.8
8,49,hybrid,HYBRID_ALPHA0.7_BETA0.3,0.7,0.3,50,1.0,2.08184,1.04999,0.03662,1.01287,0.85905,0.02028,,0.00255,0.11419,0.825
8,49,hybrid,HYBRID_ALPHA0.8_BETA0.2,0.8,0.2,50,1.0,2.15313,1.07916,0.04104,1.18194,0.92294,0.0207,,0.0016,0.12973,0.775
8,49,hybrid,HYBRID_ALPHA0.9_BETA0.1,0.9,0.1,50,1.0,2.61573,1.14544,0.12279,1.28933,0.9593,0.02242,,0.00151,0.13852,0.9
8,49,hybrid,HYBRID_ALPHA0.1_BETA0.9,0.1,0.9,50,0.0,2.9396,1.14535,0.1109,1.65607,1.11562,0.17325,,0.01237,0.08067,0.725
8,49,hybrid,HYBRID_ALPHA0.2_BETA0.8,0.2,0.8,50,0.0,2.93026,1.16573,0.10508,0.68863,0.68936,0.03238,,0.00281,0.04521,0.675
8,49,hybrid,HYBRID_ALPHA0.3_BETA0.7,0.3,0.7,50,0.0,2.53083,1.11063,0.09865,0.64946,0.66137,0.03651,,0.00394,0.04681,0.7
8,49,hybrid,HYBRID_ALPHA0.4_BETA0.6,0.4,0.6,50,0.0,2.43253,1.10334,0.09225,0.65839,0.65959,0.03832,,0.00335,0.04751,0.675
8,49,hybrid,HYBRID_ALPHA0.5_BETA0.5,0.5,0.5,50,0.0,2.59066,1.15787,0.09354,0.66099,0.66071,0.03372,,0.00306,0.04858,0.65
8,49,hybrid,HYBRID_ALPHA0.6_BETA0.4,0.6,0.4,50,0.0,2.04646,1.04493,0.03786,0.72102,0.69231,0.06284,,0.0048,0.05677,0.7
8,49,hybrid,HYBRID_ALPHA0.7_BETA0.3,0.7,0.3,50,0.0,2.08184,1.04999,0.03662,0.61895,0.63207,0.03592,,0.00283,0.04586,0.65
8,49,hybrid,HYBRID_ALPHA0.8_BETA0.2,0.8,0.2,50,0.0,2.15313,1.07916,0.04104,0.66457,0.64886,0.02377,,0.00136,0.04615,0.7
8,49,hybrid,HYBRID_ALPHA0.9_BETA0.1,0.9,0.1,50,0.0,2.61573,1.14544,0.12279,0.71211,0.66276,0.02491,,0.00125,0.04754,0.675
8,49,hybrid,HYBRID_ALPHA0.1_BETA0.9,0.1,0.9,100,1.0,1.55253,0.95073,0.05519,1.45003,0.99891,0.41008,,0.0176,0.2448,0.9
8,49,hybrid,HYBRID_ALPHA0.2_BETA0.8,0.2,0.8,100,1.0,4.06123,1.09665,0.06643,1.44433,0.99683,0.40952,,0.01764,0.24425,0.9
8,49,hybrid,HYBRID_ALPHA0.3_BETA0.7,0.3,0.7,100,1.0,5.56958,1.13319,0.06514,1.44862,0.99754,0.40329,,0.0165,0.23617,0.9
8,49,hybrid,HYBRID_ALPHA0.4_BETA0.6,0.4,0.6,100,1.0,5.05202,1.13014,0.07155,1.33493,0.99014,0.16788,,0.01321,0.0801,0.825
8,49,hybrid,HYBRID_ALPHA0.5_BETA0.5,0.5,0.5,100,1.0,4.78584,1.12781,0.07514,1.1639,0.91451,0.15778,,0.01273,0.07196,0.725
8,49,hybrid,HYBRID_ALPHA0.6_BETA0.4,0.6,0.4,100,1.0,4.70822,1.13089,0.07977,1.04831,0.85998,0.14372,,0.01182,0.06343,0.8
8,49,hybrid,HYBRID_ALPHA0.7_BETA0.3,0.7,0.3,100,1.0,4.64573,1.13153,0.08178,0.95921,0.81677,0.1373,,0.01209,0.0596,0.775
8,49,hybrid,HYBRID_ALPHA0.8_BETA0.2,0.8,0.2,100,1.0,4.59432,1.13111,0.08239,0.93755,0.80758,0.12472,,0.01153,0.0546,0.75
8,49,hybrid,HYBRID_ALPHA0.9_BETA0.1,0.9,0.1,100,1.0,3.95539,1.07896,0.05881,0.96052,0.81953,0.10174,,0.01013,0.04782,0.675
8,49,hybrid,HYBRID_ALPHA0.1_BETA0.9,0.1,0.9,100,0.0,1.55253,0.95073,0.05519,2.84492,1.4796,0.4253,,0.01627,0.27315,0.8
8,49,hybrid,HYBRID_ALPHA0.2_BETA0.8,0.2,0.8,100,0.0,4.06123,1.09665,0.06643,2.83859,1.47766,0.42509,,0.01631,0.27274,0.8
8,49,hybrid,HYBRID_ALPHA0.3_BETA0.7,0.3,0.7,100,0.0,5.56958,1.13319,0.06514,2.77191,1.45101,0.41305,,0.0174,0.26494,0.8
8,49,hybrid,HYBRID_ALPHA0.4_BETA0.6,0.4,0.6,100,0.0,5.05202,1.13014,0.07155,2.34453,1.33017,0.28335,,0.01672,0.12977,0.825
8,49,hybrid,HYBRID_ALPHA0.5_BETA0.5,0.5,0.5,100,0.0,4.78584,1.12781,0.07514,2.14648,1.26876,0.27519,,0.01668,0.12728,0.825
8,49,hybrid,HYBRID_ALPHA0.6_BETA0.4,0.6,0.4,100,0.0,4.70822,1.13089,0.07977,1.97926,1.21869,0.26296,,0.01661,0.12288,0.8
8,49,hybrid,HYBRID_ALPHA0.7_BETA0.3,0.7,0.3,100,0.0,4.64573,1.13153,0.08178,1.88738,1.18372,0.26639,,0.01577,0.11986,0.825
8,49,hybrid,HYBRID_ALPHA0.8_BETA0.2,0.8,0.2,100,0.0,4.59432,1.13111,0.08239,1.8255,1.16381,0.25384,,0.01562,0.11426,0.825
8,49,hybrid,HYBRID_ALPHA0.9_BETA0.1,0.9,0.1,100,0.0,3.95539,1.07896,0.05881,1.66064,1.11204,0.22117,,0.01492,0.10216,0.775
8,49,hybrid,HYBRID_ALPHA0.1_BETA0.9,0.1,0.9,300,1.0,1.63437,0.96284,0.03575,1.1485,0.92426,0.03149,,0.00593,0.04499,0.65
8,49,hybrid,HYBRID_ALPHA0.2_BETA0.8,0.2,0.8,300,1.0,1.59854,0.95803,0.0381,0.89834,0.78429,0.0748,,0.00312,0.03679,0.65
8,49,hybrid,HYBRID_ALPHA0.3_BETA0.7,0.3,0.7,300,1.0,1.36994,0.92027,0.01929,0.68138,0.6877,0.01593,,0.00467,0.04313,0.625
8,49,hybrid,HYBRID_ALPHA0.4_BETA0.6,0.4,0.6,300,1.0,1.29865,0.90881,0.02046,0.646,0.66458,0.01493,,0.00415,0.04269,0.625
8,49,hybrid,HYBRID_ALPHA0.5_BETA0.5,0.5,0.5,300,1.0,1.28069,0.90708,0.02324,0.63228,0.65013,0.01701,,0.0033,0.04597,0.7
8,49,hybrid,HYBRID_ALPHA0.6_BETA0.4,0.6,0.4,300,1.0,1.24437,0.89443,0.02256,0.62529,0.6482,0.01861,,0.00347,0.04405,0.7
8,49,hybrid,HYBRID_ALPHA0.7_BETA0.3,0.7,0.3,300,1.0,1.25271,0.89749,0.02118,0.64695,0.6585,0.0282,,0.00357,0.04645,0.7
8,49,hybrid,HYBRID_ALPHA0.8_BETA0.2,0.8,0.2,300,1.0,1.24765,0.89587,0.02234,0.65433,0.65565,0.04003,,0.00311,0.0502,0.6
8,49,hybrid,HYBRID_ALPHA0.9_BETA0.1,0.9,0.1,300,1.0,1.25226,0.89673,0.0225,0.70567,0.68024,0.06751,,0.00348,0.05539,0.675
8,49,hybrid,HYBRID_ALPHA0.1_BETA0.9,0.1,0.9,300,0.0,1.63437,0.96284,0.03575,1.2132,0.94898,0.05767,,0.00705,0.04935,0.675
8,49,hybrid,HYBRID_ALPHA0.2_BETA0.8,0.2,0.8,300,0.0,1.59854,0.95803,0.0381,0.89893,0.79549,0.06416,,0.0065,0.04514,0.65
8,49,hybrid,HYBRID_ALPHA0.3_BETA0.7,0.3,0.7,300,0.0,1.36994,0.92027,0.01929,0.65257,0.64751,0.0565,,0.00613,0.03893,0.6
8,49,hybrid,HYBRID_ALPHA0.4_BETA0.6,0.4,0.6,300,0.0,1.29865,0.90881,0.02046,0.61846,0.62423,0.05487,,0.00581,0.0372,0.65
8,49,hybrid,HYBRID_ALPHA0.5_BETA0.5,0.5,0.5,300,0.0,1.28069,0.90708,0.02324,0.58032,0.59869,0.04643,,0.00439,0.03299,0.675
8,49,hybrid,HYBRID_ALPHA0.6_BETA0.4,0.6,0.4,300,0.0,1.24437,0.89443,0.02256,0.59467,0.60627,0.05977,,0.00525,0.03502,0.65
8,49,hybrid,HYBRID_ALPHA0.7_BETA0.3,0.7,0.3,300,0.0,1.25271,0.89749,0.02118,0.60896,0.61343,0.07389,,0.00559,0.03575,0.65
8,49,hybrid,HYBRID_ALPHA0.8_BETA0.2,0.8,0.2,300,0.0,1.24765,0.89587,0.02234,0.60511,0.61191,0.07563,,0.00464,0.03387,0.625
8,49,hybrid,HYBRID_ALPHA0.9_BETA0.1,0.9,0.1,300,0.0,1.25226,0.89673,0.0225,0.63105,0.62551,0.09748,,0.00482,0.0345,0.6
8,49,hybrid,HYBRID_ALPHA0.1_BETA0.9,0.1,0.9,500,1.0,1.36934,0.91543,0.01772,2.09335,1.29993,0.08553,,0.0084,0.04992,0.75
8,49,hybrid,HYBRID_ALPHA0.2_BETA0.8,0.2,0.8,500,1.0,1.32399,0.90576,0.0182,0.70732,0.6908,0.02221,,0.00339,0.0488,0.675
8,49,hybrid,HYBRID_ALPHA0.3_BETA0.7,0.3,0.7,500,1.0,1.3388,0.909,0.01807,0.6917,0.68696,0.01445,,0.00411,0.04387,0.725
8,49,hybrid,HYBRID_ALPHA0.4_BETA0.6,0.4,0.6,500,1.0,1.27816,0.8975,0.01792,0.67481,0.67528,0.01469,,0.00399,0.04423,0.725
8,49,hybrid,HYBRID_ALPHA0.5_BETA0.5,0.5,0.5,500,1.0,1.24086,0.88883,0.01718,0.65761,0.65844,0.0175,,0.00364,0.0456,0.75
8,49,hybrid,HYBRID_ALPHA0.6_BETA0.4,0.6,0.4,500,1.0,1.22359,0.88461,0.01704,0.66724,0.6697,0.01435,,0.00385,0.04485,0.75
8,49,hybrid,HYBRID_ALPHA0.7_BETA0.3,0.7,0.3,500,1.0,1.23277,0.88586,0.01718,0.6675,0.6719,0.01299,,0.0039,0.04364,0.75
8,49,hybrid,HYBRID_ALPHA0.8_BETA0.2,0.8,0.2,500,1.0,1.20026,0.87741,0.01797,0.67289,0.67547,0.0129,,0.00391,0.04403,0.725
8,49,hybrid,HYBRID_ALPHA0.9_BETA0.1,0.9,0.1,500,1.0,1.19246,0.8732,0.01833,0.63528,0.65259,0.01116,,0.00395,0.03962,0.775
8,49,hybrid,HYBRID_ALPHA0.1_BETA0.9,0.1,0.9,500,0.0,1.36934,0.91543,0.01772,2.64327,1.44629,0.21625,,0.01243,0.07182,0.825
8,49,hybrid,HYBRID_ALPHA0.2_BETA0.8,0.2,0.8,500,0.0,1.32399,0.90576,0.0182,0.59889,0.61004,0.02811,,0.00318,0.03098,0.65
8,49,hybrid,HYBRID_ALPHA0.3_BETA0.7,0.3,0.7,500,0.0,1.3388,0.909,0.01807,0.59883,0.61247,0.01605,,0.00411,0.03001,0.625
8,49,hybrid,HYBRID_ALPHA0.4_BETA0.6,0.4,0.6,500,0.0,1.27816,0.8975,0.01792,0.58567,0.59674,0.01497,,0.00402,0.02939,0.65
8,49,hybrid,HYBRID_ALPHA0.5_BETA0.5,0.5,0.5,500,0.0,1.24086,0.88883,0.01718,0.57769,0.58371,0.01711,,0.00365,0.02897,0.625
8,49,hybrid,HYBRID_ALPHA0.6_BETA0.4,0.6,0.4,500,0.0,1.22359,0.88461,0.01704,0.57795,0.58852,0.01391,,0.0039,0.02869,0.625
8,49,hybrid,HYBRID_ALPHA0.7_BETA0.3,0.7,0.3,500,0.0,1.23277,0.88586,0.01718,0.58004,0.59567,0.01295,,0.00397,0.02864,0.625
8,49,hybrid,HYBRID_ALPHA0.8_BETA0.2,0.8,0.2,500,0.0,1.20026,0.87741,0.01797,0.58135,0.59836,0.01223,,0.00397,0.02885,0.725
8,49,hybrid,HYBRID_ALPHA0.9_BETA0.1,0.9,0.1,500,0.0,1.19246,0.8732,0.01833,0.58234,0.60788,0.01133,,0.00403,0.03049,0.7
8,49,mse,MSE,1.0,0.0,50,1.0,2.59409,1.1439,0.12427,1.25732,0.97344,0.02252,,0.00221,0.14992,0.85
8,49,mse,MSE,1.0,0.0,50,0.0,2.59409,1.1439,0.12427,0.6591,0.66853,0.02485,,0.00144,0.05166,0.675
8,49,mse,MSE,1.0,0.0,100,1.0,4.22911,1.10264,0.07156,0.78422,0.69981,0.21393,,0.01205,0.05446,0.75
8,49,mse,MSE,1.0,0.0,100,0.0,4.22911,1.10264,0.07156,0.79254,0.70973,0.23979,,0.01286,0.04862,0.725
8,49,mse,MSE,1.0,0.0,300,1.0,1.29702,0.90464,0.02151,0.8681,0.7629,0.16935,,0.00671,0.068,0.65
8,49,mse,MSE,1.0,0.0,300,0.0,1.29702,0.90464,0.02151,0.75696,0.68706,0.19435,,0.0079,0.04192,0.625
8,49,mse,MSE,1.0,0.0,500,1.0,1.18464,0.86944,0.01895,0.65209,0.65953,0.01455,,0.00392,0.04253,0.775
8,49,mse,MSE,1.0,0.0,500,0.0,1.18464,0.86944,0.01895,0.5864,0.60679,0.01174,,0.00397,0.03147,0.675
9,50,hsic,HSIC,0.0,1.0,50,1.0,6.54759,1.37191,0.11518,1.55626,1.04038,0.37058,,0.01444,0.13536,0.75
9,50,hsic,HSIC,0.0,1.0,50,0.0,6.54759,1.37191,0.11518,1.5551,1.05427,0.201,,0.00612,0.16147,0.8
9,50,hsic,HSIC,0.0,1.0,100,1.0,3.68515,1.24963,0.1255,1.46553,0.9955,0.38068,,0.01509,0.12904,0.725
9,50,hsic,HSIC,0.0,1.0,100,0.0,3.68515,1.24963,0.1255,2.6644,1.41688,0.37731,,0.0152,0.18666,0.825
9,50,hsic,HSIC,0.0,1.0,300,1.0,2.79114,1.1267,0.0611,1.52812,1.02287,0.3865,,0.01539,0.18059,0.775
9,50,hsic,HSIC,0.0,1.0,300,0.0,2.79114,1.1267,0.0611,2.78487,1.45246,0.3888,,0.01558,0.22669,0.825
9,50,hsic,HSIC,0.0,1.0,500,1.0,2.98754,1.13265,0.07598,1.4244,0.97681,0.38256,,0.01546,0.18602,0.8
9,50,hsic,HSIC,0.0,1.0,500,0.0,2.98754,1.13265,0.07598,2.7144,1.43267,0.38615,,0.01554,0.2334,0.825
9,50,hybrid,HYBRID_ALPHA0.1_BETA0.9,0.1,0.9,50,1.0,2.98638,1.19941,0.0797,1.43181,0.98907,0.3736,,0.01527,0.11335,0.775
9,50,hybrid,HYBRID_ALPHA0.2_BETA0.8,0.2,0.8,50,1.0,3.33772,1.2249,0.09637,0.82431,0.73853,0.08854,,0.00456,0.05489,0.675
9,50,hybrid,HYBRID_ALPHA0.3_BETA0.7,0.3,0.7,50,1.0,2.79029,1.18886,0.0897,0.8758,0.76881,0.11609,,0.0039,0.05787,0.675
9,50,hybrid,HYBRID_ALPHA0.4_BETA0.6,0.4,0.6,50,1.0,2.54146,1.15215,0.08116,0.69945,0.66647,0.04605,,0.00226,0.02847,0.575
9,50,hybrid,HYBRID_ALPHA0.5_BETA0.5,0.5,0.5,50,1.0,2.50664,1.14818,0.07658,0.74677,0.69051,0.07294,,0.0017,0.03471,0.625
9,50,hybrid,HYBRID_ALPHA0.6_BETA0.4,0.6,0.4,50,1.0,2.41588,1.13939,0.07514,0.70916,0.66576,0.09791,,0.00947,0.03157,0.625
9,50,hybrid,HYBRID_ALPHA0.7_BETA0.3,0.7,0.3,50,1.0,2.43026,1.14166,0.08432,0.91599,0.79111,0.16799,,0.00474,0.06024,0.525
9,50,hybrid,HYBRID_ALPHA0.8_BETA0.2,0.8,0.2,50,1.0,2.73254,1.19061,0.09832,0.7741,0.69698,0.12244,,0.01329,0.03375,0.7
9,50,hybrid,HYBRID_ALPHA0.9_BETA0.1,0.9,0.1,50,1.0,2.73771,1.1817,0.06628,0.66698,0.66809,0.04204,,0.00205,0.04313,0.725
9,50,hybrid,HYBRID_ALPHA0.1_BETA0.9,0.1,0.9,50,0.0,2.98638,1.19941,0.0797,2.43907,1.35008,0.37149,,0.01528,0.17681,0.725
9,50,hybrid,HYBRID_ALPHA0.2_BETA0.8,0.2,0.8,50,0.0,3.33772,1.2249,0.09637,0.69905,0.65996,0.12534,,0.0059,0.02663,0.625
9,50,hybrid,HYBRID_ALPHA0.3_BETA0.7,0.3,0.7,50,0.0,2.79029,1.18886,0.0897,0.77825,0.69273,0.1757,,0.00665,0.02942,0.575
9,50,hybrid,HYBRID_ALPHA0.4_BETA0.6,0.4,0.6,50,0.0,2.54146,1.15215,0.08116,0.71524,0.67443,0.05353,,0.00246,0.03127,0.625
9,50,hybrid,HYBRID_ALPHA0.5_BETA0.5,0.5,0.5,50,0.0,2.50664,1.14818,0.07658,0.68467,0.65333,0.07425,,0.00237,0.02595,0.55
9,50,hybrid,HYBRID_ALPHA0.6_BETA0.4,0.6,0.4,50,0.0,2.41588,1.13939,0.07514,0.83808,0.75098,0.23718,,0.01018,0.06209,0.725
9,50,hybrid,HYBRID_ALPHA0.7_BETA0.3,0.7,0.3,50,0.0,2.43026,1.14166,0.08432,0.74382,0.67844,0.17177,,0.00751,0.03023,0.575
9,50,hybrid,HYBRID_ALPHA0.8_BETA0.2,0.8,0.2,50,0.0,2.73254,1.19061,0.09832,0.97637,0.81453,0.29021,,0.01125,0.06028,0.675
9,50,hybrid,HYBRID_ALPHA0.9_BETA0.1,0.9,0.1,50,0.0,2.73771,1.1817,0.06628,0.67792,0.66411,0.10422,,0.00467,0.04441,0.7
9,50,hybrid,HYBRID_ALPHA0.1_BETA0.9,0.1,0.9,100,1.0,2.93117,1.14263,0.1155,1.00535,0.81471,0.20614,,0.01233,0.04886,0.625
9,50,hybrid,HYBRID_ALPHA0.2_BETA0.8,0.2,0.8,100,1.0,2.74043,1.1311,0.114,0.91745,0.77652,0.18525,,0.01342,0.0469,0.6
9,50,hybrid,HYBRID_ALPHA0.3_BETA0.7,0.3,0.7,100,1.0,1.60388,0.95534,0.0321,0.92831,0.77342,0.22044,,0.014,0.05128,0.7
9,50,hybrid,HYBRID_ALPHA0.4_BETA0.6,0.4,0.6,100,1.0,1.64844,0.96072,0.0324,0.86508,0.76452,0.14926,,0.01275,0.04637,0.625
9,50,hybrid,HYBRID_ALPHA0.5_BETA0.5,0.5,0.5,100,1.0,2.0608,1.04963,0.07235,0.85757,0.76034,0.14963,,0.01264,0.04634,0.6
9,50,hybrid,HYBRID_ALPHA0.6_BETA0.4,0.6,0.4,100,1.0,2.04713,1.03807,0.06949,0.84256,0.75179,0.15184,,0.01271,0.04557,0.6
9,50,hybrid,HYBRID_ALPHA0.7_BETA0.3,0.7,0.3,100,1.0,2.08615,1.05808,0.07104,0.8266,0.74327,0.15206,,0.01261,0.0443,0.675
9,50,hybrid,HYBRID_ALPHA0.8_BETA0.2,0.8,0.2,100,1.0,2.21811,1.07815,0.08079,0.80984,0.73166,0.15545,,0.01288,0.04423,0.6
9,50,hybrid,HYBRID_ALPHA0.9_BETA0.1,0.9,0.1,100,1.0,2.24082,1.08129,0.083,0.79639,0.72336,0.15377,,0.01279,0.0431,0.65
9,50,hybrid,HYBRID_ALPHA0.1_BETA0.9,0.1,0.9,100,0.0,2.93117,1.14263,0.1155,1.61997,1.07757,0.315,,0.01607,0.10703,0.65
9,50,hybrid,HYBRID_ALPHA0.2_BETA0.8,0.2,0.8,100,0.0,2.74043,1.1311,0.114,1.66147,1.09402,0.28982,,0.0169,0.11725,0.7
9,50,hybrid,HYBRID_ALPHA0.3_BETA0.7,0.3,0.7,100,0.0,1.60388,0.95534,0.0321,1.746,1.1352,0.25771,,0.01518,0.1264,0.7
9,50,hybrid,HYBRID_ALPHA0.4_BETA0.6,0.4,0.6,100,0.0,1.64844,0.96072,0.0324,1.57498,1.07947,0.20034,,0.01247,0.11032,0.65
9,50,hybrid,HYBRID_ALPHA0.5_BETA0.5,0.5,0.5,100,0.0,2.0608,1.04963,0.07235,1.52131,1.06116,0.20085,,0.01307,0.11025,0.625
9,50,hybrid,HYBRID_ALPHA0.6_BETA0.4,0.6,0.4,100,0.0,2.04713,1.03807,0.06949,1.50038,1.0538,0.20143,,0.01332,0.11125,0.625
9,50,hybrid,HYBRID_ALPHA0.7_BETA0.3,0.7,0.3,100,0.0,2.08615,1.05808,0.07104,1.40316,1.00258,0.24421,,0.01656,0.10989,0.625
9,50,hybrid,HYBRID_ALPHA0.8_BETA0.2,0.8,0.2,100,0.0,2.21811,1.07815,0.08079,1.57073,1.06893,0.20114,,0.01123,0.10959,0.6
9,50,hybrid,HYBRID_ALPHA0.9_BETA0.1,0.9,0.1,100,0.0,2.24082,1.08129,0.083,1.58961,1.07005,0.20219,,0.01073,0.10835,0.6
9,50,hybrid,HYBRID_ALPHA0.1_BETA0.9,0.1,0.9,300,1.0,1.74607,0.97642,0.04285,0.8138,0.74427,0.04836,,0.00172,0.04577,0.65
9,50,hybrid,HYBRID_ALPHA0.2_BETA0.8,0.2,0.8,300,1.0,1.75168,0.96849,0.04141,0.7943,0.75467,0.01118,,0.0036,0.0508,0.7
9,50,hybrid,HYBRID_ALPHA0.3_BETA0.7,0.3,0.7,300,1.0,1.66079,0.95416,0.0365,0.85795,0.7621,0.09255,,0.00794,0.05756,0.625
9,50,hybrid,HYBRID_ALPHA0.4_BETA0.6,0.4,0.6,300,1.0,1.67783,0.95669,0.0356,0.71948,0.686,0.06008,,0.00436,0.04781,0.625
9,50,hybrid,HYBRID_ALPHA0.5_BETA0.5,0.5,0.5,300,1.0,1.70172,0.96096,0.03623,0.73185,0.6931,0.06395,,0.00482,0.04927,0.625
9,50,hybrid,HYBRID_ALPHA0.6_BETA0.4,0.6,0.4,300,1.0,1.70803,0.95928,0.03711,0.7391,0.69687,0.06844,,0.00518,0.05041,0.625
9,50,hybrid,HYBRID_ALPHA0.7_BETA0.3,0.7,0.3,300,1.0,1.71465,0.96172,0.03738,0.73468,0.6951,0.06789,,0.00513,0.05103,0.65
9,50,hybrid,HYBRID_ALPHA0.8_BETA0.2,0.8,0.2,300,1.0,1.70958,0.96154,0.03613,0.74222,0.69962,0.07048,,0.00525,0.05209,0.525
9,50,hybrid,HYBRID_ALPHA0.9_BETA0.1,0.9,0.1,300,1.0,1.72754,0.96557,0.03737,0.73395,0.69516,0.06718,,0.00508,0.05229,0.55
9,50,hybrid,HYBRID_ALPHA0.1_BETA0.9,0.1,0.9,300,0.0,1.74607,0.97642,0.04285,0.83489,0.74229,0.08821,,0.00363,0.0423,0.625
9,50,hybrid,HYBRID_ALPHA0.2_BETA0.8,0.2,0.8,300,0.0,1.75168,0.96849,0.04141,0.75437,0.71204,0.07519,,0.00537,0.04219,0.65
9,50,hybrid,HYBRID_ALPHA0.3_BETA0.7,0.3,0.7,300,0.0,1.66079,0.95416,0.0365,1.11716,0.8707,0.24448,,0.01305,0.07806,0.65
9,50,hybrid,HYBRID_ALPHA0.4_BETA0.6,0.4,0.6,300,0.0,1.67783,0.95669,0.0356,0.80025,0.72507,0.16773,,0.008,0.04626,0.7
9,50,hybrid,HYBRID_ALPHA0.5_BETA0.5,0.5,0.5,300,0.0,1.70172,0.96096,0.03623,0.80798,0.72808,0.17499,,0.00867,0.04675,0.65
9,50,hybrid,HYBRID_ALPHA0.6_BETA0.4,0.6,0.4,300,0.0,1.70803,0.95928,0.03711,0.81117,0.72893,0.18157,,0.00916,0.04691,0.65
9,50,hybrid,HYBRID_ALPHA0.7_BETA0.3,0.7,0.3,300,0.0,1.71465,0.96172,0.03738,0.792,0.71903,0.17611,,0.00889,0.04564,0.65
9,50,hybrid,HYBRID_ALPHA0.8_BETA0.2,0.8,0.2,300,0.0,1.70958,0.96154,0.03613,0.79482,0.72011,0.17973,,0.00903,0.0458,0.625
9,50,hybrid,HYBRID_ALPHA0.9_BETA0.1,0.9,0.1,300,0.0,1.72754,0.96557,0.03737,0.76762,0.70665,0.16852,,0.00846,0.04418,0.7
9,50,hybrid,HYBRID_ALPHA0.1_BETA0.9,0.1,0.9,500,1.0,1.66895,0.9774,0.04843,0.6763,0.6804,0.01107,,0.0033,0.03794,0.675
9,50,hybrid,HYBRID_ALPHA0.2_BETA0.8,0.2,0.8,500,1.0,1.65009,0.96897,0.04283,0.665,0.67404,0.01162,,0.00332,0.04107,0.7
9,50,hybrid,HYBRID_ALPHA0.3_BETA0.7,0.3,0.7,500,1.0,1.60854,0.96056,0.03945,0.64862,0.66108,0.01338,,0.00335,0.04166,0.75
9,50,hybrid,HYBRID_ALPHA0.4_BETA0.6,0.4,0.6,500,1.0,1.54591,0.95083,0.03712,0.65362,0.66545,0.01254,,0.00322,0.04209,0.7
9,50,hybrid,HYBRID_ALPHA0.5_BETA0.5,0.5,0.5,500,1.0,1.46183,0.93591,0.02883,0.64957,0.66219,0.01284,,0.00311,0.04263,0.725
9,50,hybrid,HYBRID_ALPHA0.6_BETA0.4,0.6,0.4,500,1.0,1.2256,0.89699,0.02553,0.64326,0.65882,0.01162,,0.00294,0.04291,0.725
9,50,hybrid,HYBRID_ALPHA0.7_BETA0.3,0.7,0.3,500,1.0,4.84309,1.08179,0.0278,0.64555,0.66067,0.01121,,0.00281,0.0434,0.725
9,50,hybrid,HYBRID_ALPHA0.8_BETA0.2,0.8,0.2,500,1.0,6.17486,1.11432,0.02908,0.65873,0.66969,0.00999,,0.00257,0.04361,0.7
9,50,hybrid,HYBRID_ALPHA0.9_BETA0.1,0.9,0.1,500,1.0,6.15093,1.11557,0.02771,0.67148,0.67733,0.01048,,0.00245,0.04466,0.75
9,50,hybrid,HYBRID_ALPHA0.1_BETA0.9,0.1,0.9,500,0.0,1.66895,0.9774,0.04843,0.67297,0.67415,0.01657,,0.00356,0.0384,0.6
9,50,hybrid,HYBRID_ALPHA0.2_BETA0.8,0.2,0.8,500,0.0,1.65009,0.96897,0.04283,0.64231,0.65083,0.02129,,0.00357,0.03794,0.725
9,50,hybrid,HYBRID_ALPHA0.3_BETA0.7,0.3,0.7,500,0.0,1.60854,0.96056,0.03945,0.628,0.63799,0.0253,,0.00359,0.03796,0.675
9,50,hybrid,HYBRID_ALPHA0.4_BETA0.6,0.4,0.6,500,0.0,1.54591,0.95083,0.03712,0.62895,0.64035,0.02336,,0.00355,0.03797,0.725
9,50,hybrid,HYBRID_ALPHA0.5_BETA0.5,0.5,0.5,500,0.0,1.46183,0.93591,0.02883,0.62515,0.63805,0.02385,,0.00351,0.03829,0.75
9,50,hybrid,HYBRID_ALPHA0.6_BETA0.4,0.6,0.4,500,0.0,1.2256,0.89699,0.02553,0.62016,0.63697,0.0207,,0.00342,0.03887,0.725
9,50,hybrid,HYBRID_ALPHA0.7_BETA0.3,0.7,0.3,500,0.0,4.84309,1.08179,0.0278,0.62355,0.64102,0.01881,,0.00329,0.03982,0.7
9,50,hybrid,HYBRID_ALPHA0.8_BETA0.2,0.8,0.2,500,0.0,6.17486,1.11432,0.02908,0.63635,0.65335,0.01379,,0.00297,0.04052,0.65
9,50,hybrid,HYBRID_ALPHA0.9_BETA0.1,0.9,0.1,500,0.0,6.15093,1.11557,0.02771,0.65496,0.66593,0.01365,,0.00282,0.04265,0.725
9,50,mse,MSE,1.0,0.0,50,1.0,2.91336,1.20265,0.09225,1.01721,0.82985,0.1006,,0.00755,0.06029,0.675
9,50,mse,MSE,1.0,0.0,50,0.0,2.91336,1.20265,0.09225,1.10054,0.87621,0.16627,,0.00974,0.07323,0.775
9,50,mse,MSE,1.0,0.0,100,1.0,2.27367,1.08927,0.08776,0.78373,0.71443,0.15817,,0.01299,0.04275,0.65
9,50,mse,MSE,1.0,0.0,100,0.0,2.27367,1.08927,0.08776,1.52239,1.05498,0.19577,,0.0114,0.11101,0.625
9,50,mse,MSE,1.0,0.0,300,1.0,1.63719,0.95239,0.03292,0.92592,0.7968,0.13213,,0.01047,0.05745,0.6
9,50,mse,MSE,1.0,0.0,300,0.0,1.63719,0.95239,0.03292,1.63843,1.09692,0.24675,,0.01507,0.12711,0.775
9,50,mse,MSE,1.0,0.0,500,1.0,5.85205,1.11065,0.02847,0.67612,0.67982,0.00888,,0.0021,0.04378,0.7
9,50,mse,MSE,1.0,0.0,500,0.0,5.85205,1.11065,0.02847,0.67814,0.68211,0.00845,,0.00212,0.04398,0.7
10,51,hsic,HSIC,0.0,1.0,50,1.0,5.15866,1.49713,0.33612,1.57897,1.012,0.25495,,0.00891,0.23626,0.875
10,51,hsic,HSIC,0.0,1.0,50,0.0,5.15866,1.49713,0.33612,3.85722,1.68228,0.27056,,0.0079,0.26645,0.875
10,51,hsic,HSIC,0.0,1.0,100,1.0,2.71412,1.08959,0.09473,1.58923,1.03713,0.40493,,0.01594,0.22619,0.875
10,51,hsic,HSIC,0.0,1.0,100,0.0,2.71412,1.08959,0.09473,2.9154,1.48921,0.4165,,0.01584,0.26049,0.8
10,51,hsic,HSIC,0.0,1.0,300,1.0,3.13993,1.16459,0.06224,1.47283,0.99679,0.38341,,0.0153,0.2101,0.875
10,51,hsic,HSIC,0.0,1.0,300,0.0,3.13993,1.16459,0.06224,2.68909,1.42586,0.38633,,0.01537,0.24651,0.825
10,51,hsic,HSIC,0.0,1.0,500,1.0,3.84558,1.29135,0.07978,9.90622,3.05594,0.04826,,0.00229,0.20783,0.85
10,51,hsic,HSIC,0.0,1.0,500,0.0,3.84558,1.29135,0.07978,10.79777,3.19806,0.04989,,0.0029,0.19919,0.825
10,51,hybrid,HYBRID_ALPHA0.1_BETA0.9,0.1,0.9,50,1.0,5.14038,1.49526,0.3356,1.58141,1.01262,0.25491,,0.00891,0.23365,0.875
10,51,hybrid,HYBRID_ALPHA0.2_BETA0.8,0.2,0.8,50,1.0,5.13978,1.49523,0.3356,1.58422,1.01187,0.25528,,0.00889,0.23307,0.875
10,51,hybrid,HYBRID_ALPHA0.3_BETA0.7,0.3,0.7,50,1.0,5.13763,1.49501,0.33553,1.58288,1.01129,0.25527,,0.00889,0.233,0.875
10,51,hybrid,HYBRID_ALPHA0.4_BETA0.6,0.4,0.6,50,1.0,5.13754,1.49493,0.33546,1.5831,1.0114,0.25527,,0.00888,0.23293,0.875
10,51,hybrid,HYBRID_ALPHA0.5_BETA0.5,0.5,0.5,50,1.0,5.13754,1.49493,0.33546,1.58182,1.01083,0.25524,,0.00888,0.2329,0.875
10,51,hybrid,HYBRID_ALPHA0.6_BETA0.4,0.6,0.4,50,1.0,4.33279,1.40775,0.30027,1.58615,1.0118,0.25517,,0.00885,0.23284,0.875
10,51,hybrid,HYBRID_ALPHA0.7_BETA0.3,0.7,0.3,50,1.0,3.53116,1.34938,0.28829,1.32826,0.93756,0.36729,,0.01562,0.08535,0.725
10,51,hybrid,HYBRID_ALPHA0.8_BETA0.2,0.8,0.2,50,1.0,3.24901,1.31513,0.2761,1.1134,0.8501,0.32589,,0.01507,0.0601,0.7
10,51,hybrid,HYBRID_ALPHA0.9_BETA0.1,0.9,0.1,50,1.0,2.60384,1.19546,0.21444,1.03321,0.81356,0.30777,,0.01474,0.05455,0.675
10,51,hybrid,HYBRID_ALPHA0.1_BETA0.9,0.1,0.9,50,0.0,5.14038,1.49526,0.3356,3.85099,1.67989,0.27096,,0.00792,0.26411,0.875
10,51,hybrid,HYBRID_ALPHA0.2_BETA0.8,0.2,0.8,50,0.0,5.13978,1.49523,0.3356,3.88255,1.68314,0.27226,,0.00788,0.26364,0.85
10,51,hybrid,HYBRID_ALPHA0.3_BETA0.7,0.3,0.7,50,0.0,5.13763,1.49501,0.33553,3.87832,1.68207,0.27225,,0.00788,0.26356,0.85
10,51,hybrid,HYBRID_ALPHA0.4_BETA0.6,0.4,0.6,50,0.0,5.13754,1.49493,0.33546,3.87706,1.68195,0.27219,,0.00788,0.26348,0.85
10,51,hybrid,HYBRID_ALPHA0.5_BETA0.5,0.5,0.5,50,0.0,5.13754,1.49493,0.33546,3.87391,1.68111,0.27222,,0.00788,0.26344,0.85
10,51,hybrid,HYBRID_ALPHA0.6_BETA0.4,0.6,0.4,50,0.0,4.33279,1.40775,0.30027,3.87319,1.68106,0.2721,,0.00785,0.26334,0.875
10,51,hybrid,HYBRID_ALPHA0.7_BETA0.3,0.7,0.3,50,0.0,3.53116,1.34938,0.28829,2.50525,1.37166,0.39786,,0.01556,0.12557,0.825
10,51,hybrid,HYBRID_ALPHA0.8_BETA0.2,0.8,0.2,50,0.0,3.24901,1.31513,0.2761,2.0977,1.25098,0.38077,,0.01558,0.10918,0.75
10,51,hybrid,HYBRID_ALPHA0.9_BETA0.1,0.9,0.1,50,0.0,2.60384,1.19546,0.21444,1.98673,1.21432,0.37419,,0.01545,0.11063,0.8
10,51,hybrid,HYBRID_ALPHA0.1_BETA0.9,0.1,0.9,100,1.0,2.83538,1.15001,0.14479,1.50384,1.06367,0.14696,,0.01144,0.07962,0.775
10,51,hybrid,HYBRID_ALPHA0.2_BETA0.8,0.2,0.8,100,1.0,2.66635,1.11516,0.12779,1.60058,1.09672,0.11021,,0.00836,0.06696,0.725
10,51,hybrid,HYBRID_ALPHA0.3_BETA0.7,0.3,0.7,100,1.0,2.57473,1.09916,0.11973,1.56906,1.0838,0.10852,,0.00828,0.06526,0.725
10,51,hybrid,HYBRID_ALPHA0.4_BETA0.6,0.4,0.6,100,1.0,2.52288,1.08982,0.11476,1.5154,1.06146,0.10719,,0.00823,0.06925,0.725
10,51,hybrid,HYBRID_ALPHA0.5_BETA0.5,0.5,0.5,100,1.0,2.47409,1.08024,0.11002,1.46422,1.04068,0.10659,,0.00832,0.07113,0.675
10,51,hybrid,HYBRID_ALPHA0.6_BETA0.4,0.6,0.4,100,1.0,1.85641,0.95657,0.04496,1.37284,1.00502,0.10675,,0.00867,0.0785,0.75
10,51,hybrid,HYBRID_ALPHA0.7_BETA0.3,0.7,0.3,100,1.0,1.88689,0.96363,0.04852,1.25303,0.95559,0.11297,,0.00962,0.08951,0.725
10,51,hybrid,HYBRID_ALPHA0.8_BETA0.2,0.8,0.2,100,1.0,1.91639,0.96994,0.05314,1.41459,1.02052,0.15607,,0.01306,0.11232,0.8
10,51,hybrid,HYBRID_ALPHA0.9_BETA0.1,0.9,0.1,100,1.0,1.91801,0.97141,0.05549,1.41518,1.01919,0.17377,,0.01366,0.10912,0.8
10,51,hybrid,HYBRID_ALPHA0.1_BETA0.9,0.1,0.9,100,0.0,2.83538,1.15001,0.14479,2.54935,1.40313,0.27244,,0.01655,0.16385,0.85
10,51,hybrid,HYBRID_ALPHA0.2_BETA0.8,0.2,0.8,100,0.0,2.66635,1.11516,0.12779,2.55372,1.41865,0.19995,,0.01417,0.14295,0.875
10,51,hybrid,HYBRID_ALPHA0.3_BETA0.7,0.3,0.7,100,0.0,2.57473,1.09916,0.11973,2.49666,1.4012,0.19723,,0.01408,0.14044,0.85
10,51,hybrid,HYBRID_ALPHA0.4_BETA0.6,0.4,0.6,100,0.0,2.52288,1.08982,0.11476,2.39438,1.3686,0.19663,,0.01402,0.14176,0.85
10,51,hybrid,HYBRID_ALPHA0.5_BETA0.5,0.5,0.5,100,0.0,2.47409,1.08024,0.11002,2.28029,1.33172,0.19783,,0.01404,0.14146,0.85
10,51,hybrid,HYBRID_ALPHA0.6_BETA0.4,0.6,0.4,100,0.0,1.85641,0.95657,0.04496,2.07849,1.2658,0.20219,,0.0143,0.14529,0.85
10,51,hybrid,HYBRID_ALPHA0.7_BETA0.3,0.7,0.3,100,0.0,1.88689,0.96363,0.04852,1.72967,1.14132,0.21779,,0.01531,0.14232,0.85
10,51,hybrid,HYBRID_ALPHA0.8_BETA0.2,0.8,0.2,100,0.0,1.91639,0.96994,0.05314,1.41649,1.00687,0.24286,,0.01646,0.11419,0.85
10,51,hybrid,HYBRID_ALPHA0.9_BETA0.1,0.9,0.1,100,0.0,1.91801,0.97141,0.05549,1.45482,1.02411,0.24742,,0.01666,0.114,0.8
10,51,hybrid,HYBRID_ALPHA0.1_BETA0.9,0.1,0.9,300,1.0,1.67085,0.97591,0.03236,1.33743,0.99076,0.14757,,0.00996,0.04287,0.675
10,51,hybrid,HYBRID_ALPHA0.2_BETA0.8,0.2,0.8,300,1.0,1.4641,0.95062,0.02322,1.16202,0.91812,0.07817,,0.00738,0.04165,0.7
10,51,hybrid,HYBRID_ALPHA0.3_BETA0.7,0.3,0.7,300,1.0,1.39948,0.94047,0.01991,0.96966,0.82257,0.08455,,0.00766,0.04227,0.7
10,51,hybrid,HYBRID_ALPHA0.4_BETA0.6,0.4,0.6,300,1.0,1.55608,0.9541,0.02331,0.89153,0.78253,0.09071,,0.00769,0.04192,0.65
10,51,hybrid,HYBRID_ALPHA0.5_BETA0.5,0.5,0.5,300,1.0,1.54676,0.95283,0.02259,0.8655,0.7717,0.09273,,0.00815,0.04488,0.65
10,51,hybrid,HYBRID_ALPHA0.6_BETA0.4,0.6,0.4,300,1.0,1.58614,0.95881,0.02917,0.84369,0.76275,0.10092,,0.00886,0.04727,0.65
10,51,hybrid,HYBRID_ALPHA0.7_BETA0.3,0.7,0.3,300,1.0,1.58861,0.95827,0.0298,0.84485,0.76289,0.10937,,0.00935,0.05012,0.65
10,51,hybrid,HYBRID_ALPHA0.8_BETA0.2,0.8,0.2,300,1.0,1.62474,0.96075,0.03311,0.82915,0.75383,0.11871,,0.00984,0.05067,0.7
10,51,hybrid,HYBRID_ALPHA0.9_BETA0.1,0.9,0.1,300,1.0,1.59697,0.95678,0.03136,0.81185,0.74264,0.12666,,0.01016,0.05022,0.7
10,51,hybrid,HYBRID_ALPHA0.1_BETA0.9,0.1,0.9,300,0.0,1.67085,0.97591,0.03236,2.13952,1.25809,0.29228,,0.01437,0.08347,0.7
10,51,hybrid,HYBRID_ALPHA0.2_BETA0.8,0.2,0.8,300,0.0,1.4641,0.95062,0.02322,1.77985,1.16519,0.19761,,0.01403,0.08455,0.725
10,51,hybrid,HYBRID_ALPHA0.3_BETA0.7,0.3,0.7,300,0.0,1.39948,0.94047,0.01991,1.48592,1.04933,0.20043,,0.01418,0.08444,0.675
10,51,hybrid,HYBRID_ALPHA0.4_BETA0.6,0.4,0.6,300,0.0,1.55608,0.9541,0.02331,1.33558,0.98608,0.20098,,0.01431,0.08205,0.75
10,51,hybrid,HYBRID_ALPHA0.5_BETA0.5,0.5,0.5,300,0.0,1.54676,0.95283,0.02259,1.30271,0.96985,0.20901,,0.01465,0.08633,0.65
10,51,hybrid,HYBRID_ALPHA0.6_BETA0.4,0.6,0.4,300,0.0,1.58614,0.95881,0.02917,1.26751,0.95126,0.21938,,0.01496,0.08923,0.725
10,51,hybrid,HYBRID_ALPHA0.7_BETA0.3,0.7,0.3,300,0.0,1.58861,0.95827,0.0298,1.34036,0.98171,0.22511,,0.01465,0.09986,0.7
10,51,hybrid,HYBRID_ALPHA0.8_BETA0.2,0.8,0.2,300,0.0,1.62474,0.96075,0.03311,1.40185,1.00449,0.2319,,0.0144,0.10627,0.775
10,51,hybrid,HYBRID_ALPHA0.9_BETA0.1,0.9,0.1,300,0.0,1.59697,0.95678,0.03136,1.44322,1.01889,0.2398,,0.01451,0.11017,0.8
10,51,hybrid,HYBRID_ALPHA0.1_BETA0.9,0.1,0.9,500,1.0,1.48,0.9196,0.019,0.95226,0.81228,0.06871,,0.0042,0.04676,0.75
10,51,hybrid,HYBRID_ALPHA0.2_BETA0.8,0.2,0.8,500,1.0,1.44846,0.91466,0.01802,0.72061,0.6835,0.0642,,0.00462,0.04603,0.725
10,51,hybrid,HYBRID_ALPHA0.3_BETA0.7,0.3,0.7,500,1.0,1.43822,0.91608,0.01791,0.69722,0.67139,0.06375,,0.00482,0.04613,0.7
10,51,hybrid,HYBRID_ALPHA0.4_BETA0.6,0.4,0.6,500,1.0,1.44058,0.91562,0.01797,0.74701,0.71262,0.02636,,0.00278,0.04768,0.7
10,51,hybrid,HYBRID_ALPHA0.5_BETA0.5,0.5,0.5,500,1.0,1.43501,0.91352,0.01791,0.73679,0.70227,0.02668,,0.00268,0.0439,0.7
10,51,hybrid,HYBRID_ALPHA0.6_BETA0.4,0.6,0.4,500,1.0,1.3872,0.90672,0.01804,0.74653,0.71418,0.02738,,0.00356,0.05104,0.675
10,51,hybrid,HYBRID_ALPHA0.7_BETA0.3,0.7,0.3,500,1.0,1.39365,0.90792,0.01874,0.74519,0.69782,0.02754,,0.00279,0.04254,0.65
10,51,hybrid,HYBRID_ALPHA0.8_BETA0.2,0.8,0.2,500,1.0,1.40173,0.90954,0.01968,0.76347,0.69887,0.02903,,0.00292,0.042,0.675
10,51,hybrid,HYBRID_ALPHA0.9_BETA0.1,0.9,0.1,500,1.0,1.40574,0.91121,0.02071,0.75678,0.69899,0.03564,,0.0037,0.04446,0.65
10,51,hybrid,HYBRID_ALPHA0.1_BETA0.9,0.1,0.9,500,0.0,1.48,0.9196,0.019,0.80146,0.723,0.10867,,0.0051,0.03304,0.675
10,51,hybrid,HYBRID_ALPHA0.2_BETA0.8,0.2,0.8,500,0.0,1.44846,0.91466,0.01802,0.66344,0.6495,0.1049,,0.00549,0.03235,0.625
10,51,hybrid,HYBRID_ALPHA0.3_BETA0.7,0.3,0.7,500,0.0,1.43822,0.91608,0.01791,0.64902,0.63713,0.10677,,0.00599,0.03162,0.65
10,51,hybrid,HYBRID_ALPHA0.4_BETA0.6,0.4,0.6,500,0.0,1.44058,0.91562,0.01797,0.5986,0.6188,0.02547,,0.00228,0.02524,0.625
10,51,hybrid,HYBRID_ALPHA0.5_BETA0.5,0.5,0.5,500,0.0,1.43501,0.91352,0.01791,0.62049,0.62522,0.0261,,0.00226,0.02576,0.7
10,51,hybrid,HYBRID_ALPHA0.6_BETA0.4,0.6,0.4,500,0.0,1.3872,0.90672,0.01804,0.57431,0.60377,0.02549,,0.00339,0.02511,0.625
10,51,hybrid,HYBRID_ALPHA0.7_BETA0.3,0.7,0.3,500,0.0,1.39365,0.90792,0.01874,0.64323,0.63005,0.02635,,0.00246,0.02629,0.725
10,51,hybrid,HYBRID_ALPHA0.8_BETA0.2,0.8,0.2,500,0.0,1.40173,0.90954,0.01968,0.66293,0.63325,0.02772,,0.00266,0.02628,0.75
10,51,hybrid,HYBRID_ALPHA0.9_BETA0.1,0.9,0.1,500,0.0,1.40574,0.91121,0.02071,0.63697,0.62406,0.03293,,0.00349,0.02551,0.65
10,51,mse,MSE,1.0,0.0,50,1.0,2.74076,1.19576,0.19771,0.89764,0.75675,0.25746,,0.01378,0.04104,0.65
10,51,mse,MSE,1.0,0.0,50,0.0,2.74076,1.19576,0.19771,1.8,1.14805,0.34913,,0.01548,0.10411,0.775
10,51,mse,MSE,1.0,0.0,100,1.0,1.84722,0.96251,0.05011,1.37342,0.98348,0.27902,,0.01501,0.11956,0.7
10,51,mse,MSE,1.0,0.0,100,0.0,1.84722,0.96251,0.05011,1.08996,0.85237,0.31292,,0.01624,0.07309,0.775
10,51,mse,MSE,1.0,0.0,300,1.0,1.45025,0.93656,0.02397,0.7971,0.7323,0.13346,,0.01038,0.0497,0.75
10,51,mse,MSE,1.0,0.0,300,0.0,1.45025,0.93656,0.02397,1.46944,1.02773,0.24604,,0.01469,0.11336,0.8
10,51,mse,MSE,1.0,0.0,500,1.0,1.40595,0.91306,0.02231,0.75463,0.70081,0.05763,,0.00521,0.0504,0.675
10,51,mse,MSE,1.0,0.0,500,0.0,1.40595,0.91306,0.02231,0.61966,0.62005,0.05405,,0.00504,0.02644,0.625
11,52,hsic,HSIC,0.0,1.0,50,1.0,2.97275,1.16241,0.08969,1.52078,1.00477,0.40897,,0.0149,0.11779,0.75
11,52,hsic,HSIC,0.0,1.0,50,0.0,2.97275,1.16241,0.08969,2.72245,1.44642,0.41141,,0.01527,0.21488,0.825
11,52,hsic,HSIC,0.0,1.0,100,1.0,3.66523,1.19945,0.03962,1.32721,0.92919,0.33809,,0.01668,0.15799,0.8
11,52,hsic,HSIC,0.0,1.0,100,0.0,3.66523,1.19945,0.03962,2.80269,1.4648,0.33315,,0.01645,0.22346,0.85
11,52,hsic,HSIC,0.0,1.0,300,1.0,2.43938,1.04206,0.06334,6.07242,2.34294,0.025,,0.00307,0.30373,0.875
11,52,hsic,HSIC,0.0,1.0,300,0.0,2.43938,1.04206,0.06334,6.68772,2.46817,0.05078,,0.00468,0.30091,0.9
11,52,hsic,HSIC,0.0,1.0,500,1.0,3.80947,1.33788,0.07988,1.74042,1.13003,0.3584,,0.01424,0.2717,0.9
11,52,hsic,HSIC,0.0,1.0,500,0.0,3.80947,1.33788,0.07988,3.16494,1.56421,0.3509,,0.01424,0.29625,0.9
11,52,hybrid,HYBRID_ALPHA0.1_BETA0.9,0.1,0.9,50,1.0,2.52164,1.18755,0.10627,1.48318,1.00745,0.39768,,0.01543,0.11284,0.75
11,52,hybrid,HYBRID_ALPHA0.2_BETA0.8,0.2,0.8,50,1.0,2.71231,1.18735,0.11734,1.28261,0.93821,0.13314,,0.00566,0.08923,0.675
11,52,hybrid,HYBRID_ALPHA0.3_BETA0.7,0.3,0.7,50,1.0,2.7379,1.20849,0.12537,1.06792,0.85033,0.15129,,0.0075,0.07932,0.7
11,52,hybrid,HYBRID_ALPHA0.4_BETA0.6,0.4,0.6,50,1.0,2.34191,1.15078,0.09227,1.09323,0.85086,0.14524,,0.00768,0.07917,0.725
11,52,hybrid,HYBRID_ALPHA0.5_BETA0.5,0.5,0.5,50,1.0,2.82496,1.23217,0.14538,0.98212,0.81151,0.14614,,0.00975,0.07921,0.65
11,52,hybrid,HYBRID_ALPHA0.6_BETA0.4,0.6,0.4,50,1.0,2.88439,1.25778,0.15483,0.93951,0.803,0.13933,,0.01123,0.07813,0.675
11,52,hybrid,HYBRID_ALPHA0.7_BETA0.3,0.7,0.3,50,1.0,2.70918,1.19627,0.12411,0.92566,0.80179,0.1375,,0.01187,0.07721,0.7
11,52,hybrid,HYBRID_ALPHA0.8_BETA0.2,0.8,0.2,50,1.0,3.20922,1.25679,0.20005,0.91411,0.79706,0.13394,,0.01194,0.07611,0.7
11,52,hybrid,HYBRID_ALPHA0.9_BETA0.1,0.9,0.1,50,1.0,3.22208,1.26107,0.19657,0.88924,0.7847,0.13071,,0.01178,0.07453,0.725
11,52,hybrid,HYBRID_ALPHA0.1_BETA0.9,0.1,0.9,50,0.0,2.52164,1.18755,0.10627,2.70869,1.43366,0.4046,,0.01578,0.20847,0.825
11,52,hybrid,HYBRID_ALPHA0.2_BETA0.8,0.2,0.8,50,0.0,2.71231,1.18735,0.11734,1.84189,1.17217,0.18436,,0.0099,0.15162,0.825
11,52,hybrid,HYBRID_ALPHA0.3_BETA0.7,0.3,0.7,50,0.0,2.7379,1.20849,0.12537,1.95543,1.18206,0.35931,,0.01178,0.15516,0.775
11,52,hybrid,HYBRID_ALPHA0.4_BETA0.6,0.4,0.6,50,0.0,2.34191,1.15078,0.09227,2.13947,1.22175,0.36662,,0.01078,0.1548,0.775
11,52,hybrid,HYBRID_ALPHA0.5_BETA0.5,0.5,0.5,50,0.0,2.82496,1.23217,0.14538,1.83872,1.15094,0.35885,,0.0124,0.1538,0.8
11,52,hybrid,HYBRID_ALPHA0.6_BETA0.4,0.6,0.4,50,0.0,2.88439,1.25778,0.15483,1.67967,1.10419,0.33671,,0.01433,0.15299,0.825
11,52,hybrid,HYBRID_ALPHA0.7_BETA0.3,0.7,0.3,50,0.0,2.70918,1.19627,0.12411,1.59379,1.06762,0.31457,,0.01616,0.15319,0.825
11,52,hybrid,HYBRID_ALPHA0.8_BETA0.2,0.8,0.2,50,0.0,3.20922,1.25679,0.20005,1.54983,1.0439,0.29154,,0.01696,0.15328,0.8
11,52,hybrid,HYBRID_ALPHA0.9_BETA0.1,0.9,0.1,50,0.0,3.22208,1.26107,0.19657,1.52694,1.04346,0.27027,,0.01684,0.15473,0.8
11,52,hybrid,HYBRID_ALPHA0.1_BETA0.9,0.1,0.9,100,1.0,1.7694,0.96497,0.02925,2.25362,1.2895,0.1008,,0.00577,0.06563,0.7
11,52,hybrid,HYBRID_ALPHA0.2_BETA0.8,0.2,0.8,100,1.0,1.82901,0.96915,0.03486,1.93168,1.15693,0.12328,,0.00556,0.05817,0.65
11,52,hybrid,HYBRID_ALPHA0.3_BETA0.7,0.3,0.7,100,1.0,2.91172,1.02902,0.03774,1.63257,1.06268,0.10983,,0.00574,0.05666,0.7
11,52,hybrid,HYBRID_ALPHA0.4_BETA0.6,0.4,0.6,100,1.0,4.72071,1.09685,0.04251,1.07845,0.89478,0.01585,,0.00312,0.0907,0.75
11,52,hybrid,HYBRID_ALPHA0.5_BETA0.5,0.5,0.5,100,1.0,6.28618,1.14713,0.04844,1.07621,0.88031,0.06727,,0.00481,0.07567,0.75
11,52,hybrid,HYBRID_ALPHA0.6_BETA0.4,0.6,0.4,100,1.0,7.13086,1.17736,0.05434,1.18856,0.93225,0.06577,,0.00605,0.06849,0.775
11,52,hybrid,HYBRID_ALPHA0.7_BETA0.3,0.7,0.3,100,1.0,7.4319,1.19448,0.05941,1.14622,0.92156,0.04091,,0.00532,0.07815,0.75
11,52,hybrid,HYBRID_ALPHA0.8_BETA0.2,0.8,0.2,100,1.0,7.40263,1.20244,0.0638,1.11739,0.90792,0.04257,,0.00608,0.08227,0.775
11,52,hybrid,HYBRID_ALPHA0.9_BETA0.1,0.9,0.1,100,1.0,7.31138,1.20213,0.06507,1.11451,0.90961,0.03366,,0.00564,0.09997,0.825
11,52,hybrid,HYBRID_ALPHA0.1_BETA0.9,0.1,0.9,100,0.0,1.7694,0.96497,0.02925,2.86938,1.5153,0.16851,,0.01097,0.093,0.775
11,52,hybrid,HYBRID_ALPHA0.2_BETA0.8,0.2,0.8,100,0.0,1.82901,0.96915,0.03486,2.62386,1.44168,0.14685,,0.01033,0.09786,0.8
11,52,hybrid,HYBRID_ALPHA0.3_BETA0.7,0.3,0.7,100,0.0,2.91172,1.02902,0.03774,2.23619,1.32119,0.14859,,0.01056,0.10078,0.8
11,52,hybrid,HYBRID_ALPHA0.4_BETA0.6,0.4,0.6,100,0.0,4.72071,1.09685,0.04251,0.77758,0.73525,0.05381,,0.00599,0.05413,0.75
11,52,hybrid,HYBRID_ALPHA0.5_BETA0.5,0.5,0.5,100,0.0,6.28618,1.14713,0.04844,0.97656,0.83499,0.06923,,0.00858,0.07408,0.675
11,52,hybrid,HYBRID_ALPHA0.6_BETA0.4,0.6,0.4,100,0.0,7.13086,1.17736,0.05434,1.65993,1.12881,0.15429,,0.01233,0.11622,0.775
11,52,hybrid,HYBRID_ALPHA0.7_BETA0.3,0.7,0.3,100,0.0,7.4319,1.19448,0.05941,1.51531,1.07558,0.12509,,0.01036,0.1179,0.8
11,52,hybrid,HYBRID_ALPHA0.8_BETA0.2,0.8,0.2,100,0.0,7.40263,1.20244,0.0638,1.44583,1.04355,0.14202,,0.01075,0.11788,0.8
11,52,hybrid,HYBRID_ALPHA0.9_BETA0.1,0.9,0.1,100,0.0,7.31138,1.20213,0.06507,1.10524,0.88986,0.11854,,0.00927,0.09879,0.8
11,52,hybrid,HYBRID_ALPHA0.1_BETA0.9,0.1,0.9,300,1.0,1.58728,0.96489,0.03961,2.4555,1.39909,0.08918,,0.00543,0.05244,0.675
11,52,hybrid,HYBRID_ALPHA0.2_BETA0.8,0.2,0.8,300,1.0,1.48104,0.94525,0.03216,2.20734,1.30084,0.10315,,0.00537,0.04834,0.7
11,52,hybrid,HYBRID_ALPHA0.3_BETA0.7,0.3,0.7,300,1.0,1.3368,0.92824,0.02587,2.03905,1.23714,0.11358,,0.00594,0.04912,0.65
11,52,hybrid,HYBRID_ALPHA0.4_BETA0.6,0.4,0.6,300,1.0,1.3352,0.92733,0.02464,0.68183,0.68549,0.02049,,0.00252,0.05637,0.8
11,52,hybrid,HYBRID_ALPHA0.5_BETA0.5,0.5,0.5,300,1.0,1.30036,0.92449,0.02473,1.24159,0.92571,0.10227,,0.00601,0.05131,0.7
11,52,hybrid,HYBRID_ALPHA0.6_BETA0.4,0.6,0.4,300,1.0,1.28257,0.92205,0.02661,1.1166,0.87024,0.10186,,0.00628,0.05188,0.675
11,52,hybrid,HYBRID_ALPHA0.7_BETA0.3,0.7,0.3,300,1.0,1.27554,0.92075,0.02679,1.08361,0.85618,0.10177,,0.00656,0.05504,0.675
11,52,hybrid,HYBRID_ALPHA0.8_BETA0.2,0.8,0.2,300,1.0,1.27813,0.92176,0.02709,0.6919,0.68232,0.03276,,0.00232,0.05789,0.7
11,52,hybrid,HYBRID_ALPHA0.9_BETA0.1,0.9,0.1,300,1.0,1.2768,0.92149,0.02702,1.08381,0.87175,0.1222,,0.00947,0.06545,0.8
11,52,hybrid,HYBRID_ALPHA0.1_BETA0.9,0.1,0.9,300,0.0,1.58728,0.96489,0.03961,3.05225,1.58865,0.14364,,0.01079,0.07471,0.775
11,52,hybrid,HYBRID_ALPHA0.2_BETA0.8,0.2,0.8,300,0.0,1.48104,0.94525,0.03216,2.79544,1.50795,0.13638,,0.01022,0.07945,0.8
11,52,hybrid,HYBRID_ALPHA0.3_BETA0.7,0.3,0.7,300,0.0,1.3368,0.92824,0.02587,2.69566,1.47453,0.14279,,0.01084,0.0825,0.75
11,52,hybrid,HYBRID_ALPHA0.4_BETA0.6,0.4,0.6,300,0.0,1.3352,0.92733,0.02464,0.57521,0.60431,0.03731,,0.00366,0.03732,0.65
11,52,hybrid,HYBRID_ALPHA0.5_BETA0.5,0.5,0.5,300,0.0,1.30036,0.92449,0.02473,1.66029,1.12675,0.13999,,0.01091,0.08842,0.775
11,52,hybrid,HYBRID_ALPHA0.6_BETA0.4,0.6,0.4,300,0.0,1.28257,0.92205,0.02661,1.45969,1.04375,0.14392,,0.01115,0.08641,0.8
11,52,hybrid,HYBRID_ALPHA0.7_BETA0.3,0.7,0.3,300,0.0,1.27554,0.92075,0.02679,1.40169,1.01802,0.14801,,0.01134,0.08959,0.8
11,52,hybrid,HYBRID_ALPHA0.8_BETA0.2,0.8,0.2,300,0.0,1.27813,0.92176,0.02709,0.59723,0.61431,0.04044,,0.00272,0.03984,0.65
11,52,hybrid,HYBRID_ALPHA0.9_BETA0.1,0.9,0.1,300,0.0,1.2768,0.92149,0.02702,1.87863,1.19587,0.21113,,0.01464,0.12953,0.75
11,52,hybrid,HYBRID_ALPHA0.1_BETA0.9,0.1,0.9,500,1.0,1.45753,0.90655,0.03024,1.59544,1.09102,0.10354,,0.00748,0.04761,0.675
11,52,hybrid,HYBRID_ALPHA0.2_BETA0.8,0.2,0.8,500,1.0,1.42764,0.90722,0.0257,1.31405,0.96461,0.10217,,0.00697,0.04462,0.725
11,52,hybrid,HYBRID_ALPHA0.3_BETA0.7,0.3,0.7,500,1.0,1.41365,0.90622,0.02576,0.6781,0.65897,0.06431,,0.00492,0.04682,0.65
11,52,hybrid,HYBRID_ALPHA0.4_BETA0.6,0.4,0.6,500,1.0,1.45057,0.91303,0.02758,0.69304,0.66465,0.07459,,0.00511,0.05007,0.7
11,52,hybrid,HYBRID_ALPHA0.5_BETA0.5,0.5,0.5,500,1.0,1.43551,0.91069,0.0308,0.7169,0.67633,0.08524,,0.00513,0.05441,0.75
11,52,hybrid,HYBRID_ALPHA0.6_BETA0.4,0.6,0.4,500,1.0,1.43174,0.90978,0.03138,0.69021,0.66634,0.05479,,0.00496,0.0514,0.625
11,52,hybrid,HYBRID_ALPHA0.7_BETA0.3,0.7,0.3,500,1.0,1.40779,0.90808,0.03093,0.71082,0.67874,0.05534,,0.00472,0.05343,0.675
11,52,hybrid,HYBRID_ALPHA0.8_BETA0.2,0.8,0.2,500,1.0,1.40969,0.90684,0.03225,0.9563,0.81194,0.09765,,0.0083,0.06059,0.725
11,52,hybrid,HYBRID_ALPHA0.9_BETA0.1,0.9,0.1,500,1.0,1.4152,0.90834,0.03395,0.95353,0.81043,0.11005,,0.00913,0.06163,0.725
11,52,hybrid,HYBRID_ALPHA0.1_BETA0.9,0.1,0.9,500,0.0,1.45753,0.90655,0.03024,2.17873,1.30368,0.17611,,0.01313,0.07498,0.8
11,52,hybrid,HYBRID_ALPHA0.2_BETA0.8,0.2,0.8,500,0.0,1.42764,0.90722,0.0257,1.78622,1.17113,0.16228,,0.01235,0.07613,0.775
11,52,hybrid,HYBRID_ALPHA0.3_BETA0.7,0.3,0.7,500,0.0,1.41365,0.90622,0.02576,0.67981,0.65665,0.1209,,0.00632,0.03899,0.675
11,52,hybrid,HYBRID_ALPHA0.4_BETA0.6,0.4,0.6,500,0.0,1.45057,0.91303,0.02758,0.67616,0.65301,0.12256,,0.0062,0.03841,0.725
11,52,hybrid,HYBRID_ALPHA0.5_BETA0.5,0.5,0.5,500,0.0,1.43551,0.91069,0.0308,0.67851,0.6528,0.12491,,0.00599,0.03747,0.725
11,52,hybrid,HYBRID_ALPHA0.6_BETA0.4,0.6,0.4,500,0.0,1.43174,0.90978,0.03138,0.60717,0.60967,0.06282,,0.00527,0.03237,0.75
11,52,hybrid,HYBRID_ALPHA0.7_BETA0.3,0.7,0.3,500,0.0,1.40779,0.90808,0.03093,0.61018,0.61264,0.06032,,0.00495,0.03251,0.7
11,52,hybrid,HYBRID_ALPHA0.8_BETA0.2,0.8,0.2,500,0.0,1.40969,0.90684,0.03225,1.28434,0.96701,0.17611,,0.01316,0.09589,0.725
11,52,hybrid,HYBRID_ALPHA0.9_BETA0.1,0.9,0.1,500,0.0,1.4152,0.90834,0.03395,1.37441,1.00322,0.19716,,0.01396,0.10489,0.7
11,52,mse,MSE,1.0,0.0,50,1.0,3.34826,1.28424,0.21343,0.89338,0.78571,0.13042,,0.01179,0.07392,0.725
11,52,mse,MSE,1.0,0.0,50,0.0,3.34826,1.28424,0.21343,1.5443,1.05907,0.25574,,0.01674,0.15542,0.825
11,52,mse,MSE,1.0,0.0,100,1.0,7.00465,1.20102,0.06767,1.07952,0.89512,0.03426,,0.00575,0.09185,0.775
11,52,mse,MSE,1.0,0.0,100,0.0,7.00465,1.20102,0.06767,1.44762,1.04201,0.14294,,0.00975,0.12934,0.775
11,52,mse,MSE,1.0,0.0,300,1.0,1.27609,0.92286,0.02807,1.00833,0.83909,0.14894,,0.01178,0.0735,0.725
11,52,mse,MSE,1.0,0.0,300,0.0,1.27609,0.92286,0.02807,1.95705,1.21602,0.25126,,0.01639,0.14253,0.8
11,52,mse,MSE,1.0,0.0,500,1.0,1.44066,0.91353,0.03603,0.9415,0.80455,0.13282,,0.01045,0.06267,0.725
11,52,mse,MSE,1.0,0.0,500,0.0,1.44066,0.91353,0.03603,1.45427,1.03081,0.22617,,0.01506,0.11383,0.775
12,53,hsic,HSIC,0.0,1.0,50,1.0,3.60889,1.26465,0.20029,1.85809,1.16176,0.3389,,0.01258,0.31633,0.875
12,53,hsic,HSIC,0.0,1.0,50,0.0,3.60889,1.26465,0.20029,2.0657,1.23433,0.33785,,0.01258,0.32484,0.85
12,53,hsic,HSIC,0.0,1.0,100,1.0,2.58462,1.07315,0.07103,1.40567,0.97365,0.37333,,0.01499,0.2109,0.8
12,53,hsic,HSIC,0.0,1.0,100,0.0,2.58462,1.07315,0.07103,2.6935,1.42499,0.37529,,0.01521,0.25833,0.85
12,53,hsic,HSIC,0.0,1.0,300,1.0,2.26274,1.02426,0.05042,5.76878,2.27125,0.03156,,0.00432,0.40365,0.925
12,53,hsic,HSIC,0.0,1.0,300,0.0,2.26274,1.02426,0.05042,4.93312,2.06582,0.05221,,0.00243,0.40617,0.925
12,53,hsic,HSIC,0.0,1.0,500,1.0,2.04707,0.97252,0.04024,16.39448,3.97601,0.03014,,0.00377,0.43981,0.925
12,53,hsic,HSIC,0.0,1.0,500,0.0,2.04707,0.97252,0.04024,18.58586,4.24118,0.05723,,0.00427,0.43064,0.95
12,53,hybrid,HYBRID_ALPHA0.1_BETA0.9,0.1,0.9,50,1.0,2.95362,1.20933,0.19397,1.67766,1.11355,0.22208,,0.01301,0.14222,0.8
12,53,hybrid,HYBRID_ALPHA0.2_BETA0.8,0.2,0.8,50,1.0,2.92551,1.18966,0.17852,1.83693,1.20241,0.10914,,0.01025,0.11781,0.75
12,53,hybrid,HYBRID_ALPHA0.3_BETA0.7,0.3,0.7,50,1.0,3.59022,1.3032,0.23861,1.77835,1.1807,0.10306,,0.00937,0.1181,0.75
12,53,hybrid,HYBRID_ALPHA0.4_BETA0.6,0.4,0.6,50,1.0,3.7269,1.32375,0.24897,1.66571,1.13672,0.10113,,0.00908,0.11703,0.725
12,53,hybrid,HYBRID_ALPHA0.5_BETA0.5,0.5,0.5,50,1.0,3.7355,1.32463,0.24919,1.51098,1.07707,0.0813,,0.00701,0.10152,0.75
12,53,hybrid,HYBRID_ALPHA0.6_BETA0.4,0.6,0.4,50,1.0,3.76349,1.32622,0.24913,1.37744,1.02009,0.07516,,0.00606,0.09728,0.75
12,53,hybrid,HYBRID_ALPHA0.7_BETA0.3,0.7,0.3,50,1.0,3.74546,1.32588,0.24956,1.33641,1.00014,0.08723,,0.00702,0.10377,0.75
12,53,hybrid,HYBRID_ALPHA0.8_BETA0.2,0.8,0.2,50,1.0,3.77096,1.32741,0.24936,1.38707,1.01305,0.13026,,0.00996,0.0898,0.75
12,53,hybrid,HYBRID_ALPHA0.9_BETA0.1,0.9,0.1,50,1.0,3.72999,1.32556,0.24983,1.10648,0.88768,0.13073,,0.0097,0.08848,0.725
12,53,hybrid,HYBRID_ALPHA0.1_BETA0.9,0.1,0.9,50,0.0,2.95362,1.20933,0.19397,2.16901,1.26399,0.30532,,0.01484,0.16752,0.8
12,53,hybrid,HYBRID_ALPHA0.2_BETA0.8,0.2,0.8,50,0.0,2.92551,1.18966,0.17852,1.4186,1.02255,0.18976,,0.0138,0.09465,0.7
12,53,hybrid,HYBRID_ALPHA0.3_BETA0.7,0.3,0.7,50,0.0,3.59022,1.3032,0.23861,1.36044,1.00218,0.17023,,0.01265,0.09521,0.725
12,53,hybrid,HYBRID_ALPHA0.4_BETA0.6,0.4,0.6,50,0.0,3.7269,1.32375,0.24897,1.20491,0.93861,0.13602,,0.01102,0.09175,0.75
12,53,hybrid,HYBRID_ALPHA0.5_BETA0.5,0.5,0.5,50,0.0,3.7355,1.32463,0.24919,1.25108,0.95795,0.14567,,0.0105,0.08932,0.675
12,53,hybrid,HYBRID_ALPHA0.6_BETA0.4,0.6,0.4,50,0.0,3.76349,1.32622,0.24913,1.24285,0.95439,0.14981,,0.01021,0.09195,0.7
12,53,hybrid,HYBRID_ALPHA0.7_BETA0.3,0.7,0.3,50,0.0,3.74546,1.32588,0.24956,1.07563,0.88073,0.12441,,0.00866,0.09195,0.675
12,53,hybrid,HYBRID_ALPHA0.8_BETA0.2,0.8,0.2,50,0.0,3.77096,1.32741,0.24936,1.95054,1.21952,0.22343,,0.01455,0.12835,0.75
12,53,hybrid,HYBRID_ALPHA0.9_BETA0.1,0.9,0.1,50,0.0,3.72999,1.32556,0.24983,1.64814,1.10884,0.22591,,0.0144,0.12702,0.725
12,53,hybrid,HYBRID_ALPHA0.1_BETA0.9,0.1,0.9,100,1.0,1.83531,1.01533,0.06467,1.70633,1.14807,0.10476,,0.00877,0.06429,0.625
12,53,hybrid,HYBRID_ALPHA0.2_BETA0.8,0.2,0.8,100,1.0,1.62265,0.97947,0.04315,1.49846,1.05015,0.11048,,0.00831,0.06606,0.6
12,53,hybrid,HYBRID_ALPHA0.3_BETA0.7,0.3,0.7,100,1.0,1.59011,0.97358,0.04367,1.3142,0.98008,0.10882,,0.00878,0.06631,0.65
12,53,hybrid,HYBRID_ALPHA0.4_BETA0.6,0.4,0.6,100,1.0,1.62603,0.97995,0.04841,1.19498,0.92974,0.13771,,0.01139,0.07779,0.65
12,53,hybrid,HYBRID_ALPHA0.5_BETA0.5,0.5,0.5,100,1.0,1.68015,0.98895,0.05421,1.12682,0.89198,0.1493,,0.01183,0.07929,0.65
12,53,hybrid,HYBRID_ALPHA0.6_BETA0.4,0.6,0.4,100,1.0,1.68878,0.99355,0.06028,1.13508,0.89531,0.15257,,0.01206,0.08031,0.65
12,53,hybrid,HYBRID_ALPHA0.7_BETA0.3,0.7,0.3,100,1.0,1.59678,0.99079,0.04767,1.11895,0.88489,0.16528,,0.0126,0.08166,0.65
12,53,hybrid,HYBRID_ALPHA0.8_BETA0.2,0.8,0.2,100,1.0,1.55015,0.9931,0.04863,1.11542,0.87814,0.18293,,0.0132,0.08372,0.675
12,53,hybrid,HYBRID_ALPHA0.9_BETA0.1,0.9,0.1,100,1.0,1.62419,0.99891,0.05022,1.13086,0.87809,0.2088,,0.01408,0.08544,0.725
12,53,hybrid,HYBRID_ALPHA0.1_BETA0.9,0.1,0.9,100,0.0,1.83531,1.01533,0.06467,2.72958,1.47384,0.20949,,0.01461,0.10826,0.85
12,53,hybrid,HYBRID_ALPHA0.2_BETA0.8,0.2,0.8,100,0.0,1.62265,0.97947,0.04315,2.3703,1.35936,0.19795,,0.01382,0.10627,0.775
12,53,hybrid,HYBRID_ALPHA0.3_BETA0.7,0.3,0.7,100,0.0,1.59011,0.97358,0.04367,2.08195,1.26714,0.20694,,0.01434,0.10928,0.825
12,53,hybrid,HYBRID_ALPHA0.4_BETA0.6,0.4,0.6,100,0.0,1.62603,0.97995,0.04841,1.69855,1.10869,0.27248,,0.01513,0.10841,0.725
12,53,hybrid,HYBRID_ALPHA0.5_BETA0.5,0.5,0.5,100,0.0,1.68015,0.98895,0.05421,1.58571,1.06339,0.28032,,0.01537,0.1078,0.725
12,53,hybrid,HYBRID_ALPHA0.6_BETA0.4,0.6,0.4,100,0.0,1.68878,0.99355,0.06028,1.60416,1.07042,0.28166,,0.01546,0.10993,0.75
12,53,hybrid,HYBRID_ALPHA0.7_BETA0.3,0.7,0.3,100,0.0,1.59678,0.99079,0.04767,1.57118,1.05557,0.28932,,0.01588,0.11126,0.75
12,53,hybrid,HYBRID_ALPHA0.8_BETA0.2,0.8,0.2,100,0.0,1.55015,0.9931,0.04863,1.55532,1.04941,0.29845,,0.01617,0.11266,0.775
12,53,hybrid,HYBRID_ALPHA0.9_BETA0.1,0.9,0.1,100,0.0,1.62419,0.99891,0.05022,1.56962,1.05692,0.31198,,0.0165,0.1152,0.8
12,53,hybrid,HYBRID_ALPHA0.1_BETA0.9,0.1,0.9,300,1.0,1.64057,0.97979,0.03877,2.32191,1.36768,0.12318,,0.01078,0.07203,0.8
12,53,hybrid,HYBRID_ALPHA0.2_BETA0.8,0.2,0.8,300,1.0,1.55466,0.9732,0.03583,3.21556,1.67266,0.04193,,0.00511,0.0332,0.65
12,53,hybrid,HYBRID_ALPHA0.3_BETA0.7,0.3,0.7,300,1.0,1.50302,0.96383,0.03394,2.4799,1.39726,0.11333,,0.00753,0.04576,0.7
12,53,hybrid,HYBRID_ALPHA0.4_BETA0.6,0.4,0.6,300,1.0,1.50042,0.9622,0.03532,2.474,1.3959,0.11115,,0.00719,0.04292,0.675
12,53,hybrid,HYBRID_ALPHA0.5_BETA0.5,0.5,0.5,300,1.0,1.49928,0.96051,0.03676,0.98608,0.84914,0.05437,,0.00563,0.03833,0.7
12,53,hybrid,HYBRID_ALPHA0.6_BETA0.4,0.6,0.4,300,1.0,1.45655,0.9529,0.03234,0.87211,0.78553,0.06703,,0.0058,0.04035,0.65
12,53,hybrid,HYBRID_ALPHA0.7_BETA0.3,0.7,0.3,300,1.0,1.44365,0.95026,0.03385,0.86425,0.77324,0.08914,,0.00616,0.04406,0.625
12,53,hybrid,HYBRID_ALPHA0.8_BETA0.2,0.8,0.2,300,1.0,1.43924,0.94998,0.03545,0.84441,0.74801,0.13039,,0.00702,0.05093,0.65
12,53,hybrid,HYBRID_ALPHA0.9_BETA0.1,0.9,0.1,300,1.0,1.42072,0.94861,0.03596,0.93416,0.79106,0.19706,,0.0085,0.06048,0.675
12,53,hybrid,HYBRID_ALPHA0.1_BETA0.9,0.1,0.9,300,0.0,1.64057,0.97979,0.03877,2.94392,1.52548,0.25975,,0.01431,0.08088,0.6
12,53,hybrid,HYBRID_ALPHA0.2_BETA0.8,0.2,0.8,300,0.0,1.55466,0.9732,0.03583,3.57178,1.75784,0.10887,,0.00748,0.04373,0.725
12,53,hybrid,HYBRID_ALPHA0.3_BETA0.7,0.3,0.7,300,0.0,1.50302,0.96383,0.03394,3.10229,1.59575,0.16868,,0.01274,0.06696,0.675
12,53,hybrid,HYBRID_ALPHA0.4_BETA0.6,0.4,0.6,300,0.0,1.50042,0.9622,0.03532,3.1738,1.61847,0.16104,,0.01234,0.06719,0.725
12,53,hybrid,HYBRID_ALPHA0.5_BETA0.5,0.5,0.5,300,0.0,1.49928,0.96051,0.03676,1.10356,0.89368,0.11431,,0.00773,0.04612,0.675
12,53,hybrid,HYBRID_ALPHA0.6_BETA0.4,0.6,0.4,300,0.0,1.45655,0.9529,0.03234,0.9498,0.8095,0.12411,,0.00775,0.04576,0.675
12,53,hybrid,HYBRID_ALPHA0.7_BETA0.3,0.7,0.3,300,0.0,1.44365,0.95026,0.03385,0.90963,0.78003,0.14218,,0.00803,0.04647,0.675
12,53,hybrid,HYBRID_ALPHA0.8_BETA0.2,0.8,0.2,300,0.0,1.43924,0.94998,0.03545,0.86182,0.75423,0.17513,,0.00868,0.04909,0.675
12,53,hybrid,HYBRID_ALPHA0.9_BETA0.1,0.9,0.1,300,0.0,1.42072,0.94861,0.03596,0.92387,0.78495,0.22659,,0.00963,0.05385,0.675
12,53,hybrid,HYBRID_ALPHA0.1_BETA0.9,0.1,0.9,500,1.0,1.38874,0.93303,0.02899,7.0823,2.54702,0.06477,,0.00192,0.0482,0.725
12,53,hybrid,HYBRID_ALPHA0.2_BETA0.8,0.2,0.8,500,1.0,1.26999,0.90454,0.02743,3.39659,1.69323,0.07838,,0.0053,0.05518,0.625
12,53,hybrid,HYBRID_ALPHA0.3_BETA0.7,0.3,0.7,500,1.0,1.27451,0.9095,0.02617,2.98278,1.562,0.09432,,0.00625,0.0564,0.6
12,53,hybrid,HYBRID_ALPHA0.4_BETA0.6,0.4,0.6,500,1.0,1.31211,0.91588,0.02798,2.76871,1.51849,0.06239,,0.00496,0.05899,0.6
12,53,hybrid,HYBRID_ALPHA0.5_BETA0.5,0.5,0.5,500,1.0,1.32253,0.9176,0.0287,2.35879,1.38367,0.07073,,0.0055,0.05996,0.65
12,53,hybrid,HYBRID_ALPHA0.6_BETA0.4,0.6,0.4,500,1.0,1.32823,0.91744,0.02931,2.07564,1.28376,0.0795,,0.00613,0.06066,0.65
12,53,hybrid,HYBRID_ALPHA0.7_BETA0.3,0.7,0.3,500,1.0,1.32703,0.9139,0.02992,0.72928,0.69049,0.08123,,0.00311,0.05989,0.7
12,53,hybrid,HYBRID_ALPHA0.8_BETA0.2,0.8,0.2,500,1.0,1.33797,0.91554,0.0305,1.4947,1.06285,0.10128,,0.008,0.06429,0.625
12,53,hybrid,HYBRID_ALPHA0.9_BETA0.1,0.9,0.1,500,1.0,1.3184,0.91106,0.02974,0.99432,0.82183,0.18369,,0.00346,0.05286,0.625
12,53,hybrid,HYBRID_ALPHA0.1_BETA0.9,0.1,0.9,500,0.0,1.38874,0.93303,0.02899,6.92585,2.50553,0.12656,,0.00309,0.0453,0.6
12,53,hybrid,HYBRID_ALPHA0.2_BETA0.8,0.2,0.8,500,0.0,1.26999,0.90454,0.02743,4.46285,1.96979,0.1395,,0.011,0.08225,0.725
12,53,hybrid,HYBRID_ALPHA0.3_BETA0.7,0.3,0.7,500,0.0,1.27451,0.9095,0.02617,3.98046,1.84609,0.14812,,0.0114,0.08358,0.7
12,53,hybrid,HYBRID_ALPHA0.4_BETA0.6,0.4,0.6,500,0.0,1.31211,0.91588,0.02798,3.67988,1.7731,0.13897,,0.01099,0.08871,0.725
12,53,hybrid,HYBRID_ALPHA0.5_BETA0.5,0.5,0.5,500,0.0,1.32253,0.9176,0.0287,3.1804,1.63034,0.14238,,0.01117,0.08948,0.725
12,53,hybrid,HYBRID_ALPHA0.6_BETA0.4,0.6,0.4,500,0.0,1.32823,0.91744,0.02931,2.8378,1.52397,0.14831,,0.01146,0.09046,0.75
12,53,hybrid,HYBRID_ALPHA0.7_BETA0.3,0.7,0.3,500,0.0,1.32703,0.9139,0.02992,0.66934,0.66144,0.07589,,0.00309,0.04862,0.65
12,53,hybrid,HYBRID_ALPHA0.8_BETA0.2,0.8,0.2,500,0.0,1.33797,0.91554,0.0305,2.04728,1.26017,0.17511,,0.0126,0.09334,0.725
12,53,hybrid,HYBRID_ALPHA0.9_BETA0.1,0.9,0.1,500,0.0,1.3184,0.91106,0.02974,0.94076,0.79152,0.19624,,0.00398,0.04334,0.625
12,53,mse,MSE,1.0,0.0,50,1.0,3.73021,1.32597,0.25015,1.15315,0.90785,0.15213,,0.01164,0.0847,0.65
12,53,mse,MSE,1.0,0.0,50,0.0,3.73021,1.32597,0.25015,2.29937,1.32811,0.25411,,0.01622,0.15913,0.8
12,53,mse,MSE,1.0,0.0,100,1.0,1.87589,1.02886,0.08615,1.16488,0.8844,0.24145,,0.01519,0.08735,0.7
12,53,mse,MSE,1.0,0.0,100,0.0,1.87589,1.02886,0.08615,1.6181,1.07921,0.32827,,0.01681,0.11904,0.775
12,53,mse,MSE,1.0,0.0,300,1.0,1.32246,0.92234,0.02989,1.24951,0.89105,0.36807,,0.01511,0.05745,0.675
12,53,mse,MSE,1.0,0.0,300,0.0,1.32246,0.92234,0.02989,1.24794,0.89038,0.36794,,0.01509,0.05713,0.65
12,53,mse,MSE,1.0,0.0,500,1.0,1.31746,0.90935,0.0293,1.14005,0.89005,0.19348,,0.01288,0.07018,0.675
12,53,mse,MSE,1.0,0.0,500,0.0,1.31746,0.90935,0.0293,2.24054,1.30164,0.27901,,0.01669,0.12556,0.775
13,54,hsic,HSIC,0.0,1.0,50,1.0,5.74726,1.51744,0.33598,1.57592,1.02217,0.41225,,0.01597,0.16969,0.8
13,54,hsic,HSIC,0.0,1.0,50,0.0,5.74726,1.51744,0.33598,2.89924,1.48994,0.42268,,0.01585,0.21947,0.8
13,54,hsic,HSIC,0.0,1.0,100,1.0,2.90538,1.10285,0.07898,0.7592,0.66443,0.06002,,0.00686,0.19811,0.875
13,54,hsic,HSIC,0.0,1.0,100,0.0,2.90538,1.10285,0.07898,0.75443,0.69176,0.13691,,0.00768,0.21851,0.85
13,54,hsic,HSIC,0.0,1.0,300,1.0,2.49,1.06204,0.07747,5.29697,2.09475,0.17438,,0.00161,0.25716,0.9
13,54,hsic,HSIC,0.0,1.0,300,0.0,2.49,1.06204,0.07747,3.8091,1.76383,0.18319,,0.00083,0.26897,0.9
13,54,hsic,HSIC,0.0,1.0,500,1.0,2.02868,0.98482,0.04153,1.57143,1.03117,0.38841,,0.01523,0.21468,0.875
13,54,hsic,HSIC,0.0,1.0,500,0.0,2.02868,0.98482,0.04153,2.81669,1.46055,0.39616,,0.0154,0.25239,0.775
13,54,hybrid,HYBRID_ALPHA0.1_BETA0.9,0.1,0.9,50,1.0,4.21839,1.35317,0.24446,1.12139,0.87032,0.28911,,0.01567,0.04909,0.675
13,54,hybrid,HYBRID_ALPHA0.2_BETA0.8,0.2,0.8,50,1.0,2.11354,0.95051,0.02677,0.90068,0.77928,0.1614,,0.01225,0.04626,0.725
13,54,hybrid,HYBRID_ALPHA0.3_BETA0.7,0.3,0.7,50,1.0,2.4054,1.00242,0.02444,0.88049,0.76651,0.16099,,0.01206,0.04742,0.675
13,54,hybrid,HYBRID_ALPHA0.4_BETA0.6,0.4,0.6,50,1.0,2.18689,0.96544,0.02196,0.84517,0.74797,0.16109,,0.01212,0.0472,0.7
13,54,hybrid,HYBRID_ALPHA0.5_BETA0.5,0.5,0.5,50,1.0,2.33535,0.99058,0.02922,0.82021,0.73558,0.1587,,0.01211,0.08548,0.75
13,54,hybrid,HYBRID_ALPHA0.6_BETA0.4,0.6,0.4,50,1.0,2.21082,0.97836,0.03113,0.85545,0.7551,0.15832,,0.01231,0.06822,0.675
13,54,hybrid,HYBRID_ALPHA0.7_BETA0.3,0.7,0.3,50,1.0,2.24296,0.98716,0.03188,0.85494,0.75504,0.15942,,0.01252,0.06939,0.675
13,54,hybrid,HYBRID_ALPHA0.8_BETA0.2,0.8,0.2,50,1.0,2.08149,0.96204,0.02855,0.85042,0.75322,0.16143,,0.01258,0.06021,0.7
13,54,hybrid,HYBRID_ALPHA0.9_BETA0.1,0.9,0.1,50,1.0,2.08565,0.95773,0.027,0.8362,0.74542,0.16318,,0.01271,0.05248,0.75
13,54,hybrid,HYBRID_ALPHA0.1_BETA0.9,0.1,0.9,50,0.0,4.21839,1.35317,0.24446,2.03692,1.22339,0.35415,,0.01645,0.12699,0.7
13,54,hybrid,HYBRID_ALPHA0.2_BETA0.8,0.2,0.8,50,0.0,2.11354,0.95051,0.02677,1.81552,1.1599,0.27218,,0.01692,0.13364,0.775
13,54,hybrid,HYBRID_ALPHA0.3_BETA0.7,0.3,0.7,50,0.0,2.4054,1.00242,0.02444,1.61534,1.08432,0.26948,,0.01671,0.12505,0.775
13,54,hybrid,HYBRID_ALPHA0.4_BETA0.6,0.4,0.6,50,0.0,2.18689,0.96544,0.02196,1.52094,1.04449,0.27105,,0.01674,0.1224,0.75
13,54,hybrid,HYBRID_ALPHA0.5_BETA0.5,0.5,0.5,50,0.0,2.33535,0.99058,0.02922,0.59091,0.58353,0.02241,,0.00456,0.02081,0.65
13,54,hybrid,HYBRID_ALPHA0.6_BETA0.4,0.6,0.4,50,0.0,2.21082,0.97836,0.03113,0.55406,0.58217,0.03117,,0.00505,0.03315,0.675
13,54,hybrid,HYBRID_ALPHA0.7_BETA0.3,0.7,0.3,50,0.0,2.24296,0.98716,0.03188,0.57295,0.59329,0.04012,,0.0063,0.03812,0.725
13,54,hybrid,HYBRID_ALPHA0.8_BETA0.2,0.8,0.2,50,0.0,2.08149,0.96204,0.02855,0.67243,0.65023,0.0933,,0.00923,0.05358,0.7
13,54,hybrid,HYBRID_ALPHA0.9_BETA0.1,0.9,0.1,50,0.0,2.08565,0.95773,0.027,0.83383,0.73135,0.15468,,0.01182,0.07084,0.725
13,54,hybrid,HYBRID_ALPHA0.1_BETA0.9,0.1,0.9,100,1.0,1.96805,1.02311,0.05797,1.58953,1.10034,0.11633,,0.00722,0.0483,0.725
13,54,hybrid,HYBRID_ALPHA0.2_BETA0.8,0.2,0.8,100,1.0,1.77552,0.98675,0.04229,0.70248,0.70626,0.00993,,0.00394,0.05194,0.675
13,54,hybrid,HYBRID_ALPHA0.3_BETA0.7,0.3,0.7,100,1.0,1.60103,0.97118,0.03062,0.83441,0.77845,0.02204,,0.00441,0.06718,0.7
13,54,hybrid,HYBRID_ALPHA0.4_BETA0.6,0.4,0.6,100,1.0,1.66371,0.97997,0.03424,0.64616,0.64126,0.05638,,0.00328,0.04518,0.725
13,54,hybrid,HYBRID_ALPHA0.5_BETA0.5,0.5,0.5,100,1.0,1.67216,0.98828,0.03599,0.65568,0.64815,0.0651,,0.0034,0.0482,0.65
13,54,hybrid,HYBRID_ALPHA0.6_BETA0.4,0.6,0.4,100,1.0,1.73099,1.03205,0.03697,0.66687,0.6566,0.07446,,0.00362,0.05047,0.7
13,54,hybrid,HYBRID_ALPHA0.7_BETA0.3,0.7,0.3,100,1.0,1.67874,1.01036,0.0362,0.68092,0.66204,0.08227,,0.00441,0.05414,0.725
13,54,hybrid,HYBRID_ALPHA0.8_BETA0.2,0.8,0.2,100,1.0,1.68958,1.01058,0.03679,0.69695,0.67263,0.09277,,0.00471,0.05546,0.775
13,54,hybrid,HYBRID_ALPHA0.9_BETA0.1,0.9,0.1,100,1.0,1.64479,1.01472,0.03634,0.72004,0.6856,0.1087,,0.00525,0.05652,0.675
13,54,hybrid,HYBRID_ALPHA0.1_BETA0.9,0.1,0.9,100,0.0,1.96805,1.02311,0.05797,1.97428,1.2199,0.22284,,0.00958,0.06869,0.675
13,54,hybrid,HYBRID_ALPHA0.2_BETA0.8,0.2,0.8,100,0.0,1.77552,0.98675,0.04229,0.69547,0.68072,0.04882,,0.00573,0.04452,0.725
13,54,hybrid,HYBRID_ALPHA0.3_BETA0.7,0.3,0.7,100,0.0,1.60103,0.97118,0.03062,0.65052,0.65877,0.02821,,0.00453,0.04307,0.65
13,54,hybrid,HYBRID_ALPHA0.4_BETA0.6,0.4,0.6,100,0.0,1.66371,0.97997,0.03424,0.64987,0.64608,0.09189,,0.00333,0.03508,0.7
13,54,hybrid,HYBRID_ALPHA0.5_BETA0.5,0.5,0.5,100,0.0,1.67216,0.98828,0.03599,0.65275,0.64512,0.09902,,0.00345,0.03456,0.7
13,54,hybrid,HYBRID_ALPHA0.6_BETA0.4,0.6,0.4,100,0.0,1.73099,1.03205,0.03697,0.66105,0.64624,0.10826,,0.00377,0.0344,0.75
13,54,hybrid,HYBRID_ALPHA0.7_BETA0.3,0.7,0.3,100,0.0,1.67874,1.01036,0.0362,0.64471,0.62681,0.09635,,0.00409,0.03129,0.675
13,54,hybrid,HYBRID_ALPHA0.8_BETA0.2,0.8,0.2,100,0.0,1.68958,1.01058,0.03679,0.65862,0.63328,0.1079,,0.00442,0.03219,0.725
13,54,hybrid,HYBRID_ALPHA0.9_BETA0.1,0.9,0.1,100,0.0,1.64479,1.01472,0.03634,0.67634,0.64038,0.12069,,0.00499,0.03358,0.725
13,54,hybrid,HYBRID_ALPHA0.1_BETA0.9,0.1,0.9,300,1.0,2.03421,1.01531,0.06056,1.72719,1.15187,0.14311,,0.01073,0.04164,0.725
13,54,hybrid,HYBRID_ALPHA0.2_BETA0.8,0.2,0.8,300,1.0,1.8617,0.98919,0.04962,0.94422,0.83082,0.01246,,0.00428,0.03513,0.65
13,54,hybrid,HYBRID_ALPHA0.3_BETA0.7,0.3,0.7,300,1.0,1.81764,0.98065,0.04679,0.6579,0.65505,0.0315,,0.00336,0.03704,0.75
13,54,hybrid,HYBRID_ALPHA0.4_BETA0.6,0.4,0.6,300,1.0,1.75228,0.97221,0.04202,0.63189,0.63481,0.03826,,0.00357,0.03696,0.75
13,54,hybrid,HYBRID_ALPHA0.5_BETA0.5,0.5,0.5,300,1.0,1.72458,0.97145,0.03993,1.04051,0.86076,0.07166,,0.00685,0.0488,0.675
13,54,hybrid,HYBRID_ALPHA0.6_BETA0.4,0.6,0.4,300,1.0,1.68215,0.96762,0.03603,1.02666,0.85193,0.07675,,0.00695,0.05079,0.675
13,54,hybrid,HYBRID_ALPHA0.7_BETA0.3,0.7,0.3,300,1.0,1.68357,0.97176,0.03681,0.6773,0.66116,0.05376,,0.00406,0.04123,0.725
13,54,hybrid,HYBRID_ALPHA0.8_BETA0.2,0.8,0.2,300,1.0,1.68373,0.97933,0.03763,0.71605,0.68057,0.07321,,0.00451,0.04314,0.725
13,54,hybrid,HYBRID_ALPHA0.9_BETA0.1,0.9,0.1,300,1.0,1.63905,0.97398,0.03399,0.73784,0.69028,0.09751,,0.00537,0.04726,0.675
13,54,hybrid,HYBRID_ALPHA0.1_BETA0.9,0.1,0.9,300,0.0,2.03421,1.01531,0.06056,2.37805,1.34653,0.2658,,0.01402,0.06579,0.775
13,54,hybrid,HYBRID_ALPHA0.2_BETA0.8,0.2,0.8,300,0.0,1.8617,0.98919,0.04962,0.91368,0.79639,0.08617,,0.00684,0.03589,0.75
13,54,hybrid,HYBRID_ALPHA0.3_BETA0.7,0.3,0.7,300,0.0,1.81764,0.98065,0.04679,0.6151,0.62032,0.06159,,0.00334,0.02605,0.7
13,54,hybrid,HYBRID_ALPHA0.4_BETA0.6,0.4,0.6,300,0.0,1.75228,0.97221,0.04202,0.61877,0.62112,0.07468,,0.00373,0.02658,0.675
13,54,hybrid,HYBRID_ALPHA0.5_BETA0.5,0.5,0.5,300,0.0,1.72458,0.97145,0.03993,1.50371,1.06441,0.16045,,0.01251,0.08789,0.75
13,54,hybrid,HYBRID_ALPHA0.6_BETA0.4,0.6,0.4,300,0.0,1.68215,0.96762,0.03603,1.49987,1.06193,0.16261,,0.01247,0.09203,0.775
13,54,hybrid,HYBRID_ALPHA0.7_BETA0.3,0.7,0.3,300,0.0,1.68357,0.97176,0.03681,0.62936,0.62221,0.09127,,0.00487,0.02519,0.625
13,54,hybrid,HYBRID_ALPHA0.8_BETA0.2,0.8,0.2,300,0.0,1.68373,0.97933,0.03763,0.65418,0.6369,0.1133,,0.0056,0.02667,0.675
13,54,hybrid,HYBRID_ALPHA0.9_BETA0.1,0.9,0.1,300,0.0,1.63905,0.97398,0.03399,0.67399,0.64125,0.12898,,0.00642,0.02774,0.675
13,54,hybrid,HYBRID_ALPHA0.1_BETA0.9,0.1,0.9,500,1.0,1.63477,0.93334,0.03016,0.7995,0.73975,0.05363,,0.00466,0.05836,0.675
13,54,hybrid,HYBRID_ALPHA0.2_BETA0.8,0.2,0.8,500,1.0,1.58996,0.92861,0.02899,0.78882,0.72925,0.0886,,0.00789,0.05579,0.625
13,54,hybrid,HYBRID_ALPHA0.3_BETA0.7,0.3,0.7,500,1.0,1.56004,0.92949,0.02902,0.77892,0.72111,0.06704,,0.0048,0.06047,0.7
13,54,hybrid,HYBRID_ALPHA0.4_BETA0.6,0.4,0.6,500,1.0,1.55342,0.93133,0.02902,0.89891,0.79068,0.09253,,0.0098,0.06818,0.7
13,54,hybrid,HYBRID_ALPHA0.5_BETA0.5,0.5,0.5,500,1.0,1.55095,0.92898,0.02905,0.95157,0.80029,0.14454,,0.01069,0.07102,0.7
13,54,hybrid,HYBRID_ALPHA0.6_BETA0.4,0.6,0.4,500,1.0,1.54299,0.92703,0.02878,0.9662,0.80802,0.14805,,0.01113,0.0742,0.725
13,54,hybrid,HYBRID_ALPHA0.7_BETA0.3,0.7,0.3,500,1.0,1.5397,0.92697,0.02878,0.96043,0.82147,0.09703,,0.00984,0.07829,0.725
13,54,hybrid,HYBRID_ALPHA0.8_BETA0.2,0.8,0.2,500,1.0,1.48873,0.92345,0.02801,0.97644,0.83004,0.09682,,0.00967,0.0789,0.75
13,54,hybrid,HYBRID_ALPHA0.9_BETA0.1,0.9,0.1,500,1.0,1.47943,0.92373,0.02826,0.97689,0.82935,0.10611,,0.00998,0.08091,0.75
13,54,hybrid,HYBRID_ALPHA0.1_BETA0.9,0.1,0.9,500,0.0,1.63477,0.93334,0.03016,0.67321,0.65756,0.0773,,0.00505,0.04023,0.7
13,54,hybrid,HYBRID_ALPHA0.2_BETA0.8,0.2,0.8,500,0.0,1.58996,0.92861,0.02899,0.911,0.77192,0.20062,,0.01121,0.06196,0.675
13,54,hybrid,HYBRID_ALPHA0.3_BETA0.7,0.3,0.7,500,0.0,1.56004,0.92949,0.02902,0.66833,0.65219,0.09713,,0.0054,0.03987,0.75
13,54,hybrid,HYBRID_ALPHA0.4_BETA0.6,0.4,0.6,500,0.0,1.55342,0.93133,0.02902,1.14939,0.88379,0.22413,,0.01435,0.09093,0.725
13,54,hybrid,HYBRID_ALPHA0.5_BETA0.5,0.5,0.5,500,0.0,1.55095,0.92898,0.02905,0.99625,0.81115,0.25125,,0.01391,0.06551,0.725
13,54,hybrid,HYBRID_ALPHA0.6_BETA0.4,0.6,0.4,500,0.0,1.54299,0.92703,0.02878,1.02451,0.82387,0.25291,,0.01425,0.07078,0.75
13,54,hybrid,HYBRID_ALPHA0.7_BETA0.3,0.7,0.3,500,0.0,1.5397,0.92697,0.02878,1.21068,0.91399,0.22286,,0.01454,0.10137,0.825
13,54,hybrid,HYBRID_ALPHA0.8_BETA0.2,0.8,0.2,500,0.0,1.48873,0.92345,0.02801,1.25738,0.9383,0.22147,,0.01456,0.10546,0.8
13,54,hybrid,HYBRID_ALPHA0.9_BETA0.1,0.9,0.1,500,0.0,1.47943,0.92373,0.02826,1.24906,0.93043,0.22925,,0.01462,0.10593,0.85
13,54,mse,MSE,1.0,0.0,50,1.0,2.26772,0.98462,0.03478,0.82138,0.73565,0.16777,,0.01301,0.05049,0.65
13,54,mse,MSE,1.0,0.0,50,0.0,2.26772,0.98462,0.03478,0.87529,0.75226,0.17386,,0.01287,0.07489,0.75
13,54,mse,MSE,1.0,0.0,100,1.0,1.64891,1.01547,0.03719,0.87428,0.75167,0.17009,,0.01058,0.06624,0.675
13,54,mse,MSE,1.0,0.0,100,0.0,1.64891,1.01547,0.03719,1.06805,0.84888,0.2585,,0.0136,0.08082,0.7
13,54,mse,MSE,1.0,0.0,300,1.0,1.58559,0.96762,0.02881,0.87776,0.75603,0.20009,,0.00981,0.0548,0.7
13,54,mse,MSE,1.0,0.0,300,0.0,1.58559,0.96762,0.02881,0.81249,0.71721,0.2285,,0.01092,0.038,0.675
13,54,mse,MSE,1.0,0.0,500,1.0,1.4764,0.92294,0.02815,0.88524,0.78128,0.12283,,0.01053,0.05875,0.75
13,54,mse,MSE,1.0,0.0,500,0.0,1.4764,0.92294,0.02815,1.55064,1.06399,0.24949,,0.01628,0.12257,0.825
14,55,hsic,HSIC,0.0,1.0,50,1.0,3.6627,1.21592,0.15623,1.41056,0.93723,0.3767,,0.01518,0.16889,0.825
14,55,hsic,HSIC,0.0,1.0,50,0.0,3.6627,1.21592,0.15623,2.51,1.36631,0.3801,,0.01538,0.22524,0.85
14,55,hsic,HSIC,0.0,1.0,100,1.0,2.89277,1.10028,0.09162,0.77208,0.63794,0.03588,,0.00414,0.1596,0.775
14,55,hsic,HSIC,0.0,1.0,100,0.0,2.89277,1.10028,0.09162,0.66603,0.63476,0.05184,,0.00603,0.17108,0.75
14,55,hsic,HSIC,0.0,1.0,300,1.0,2.08709,0.98652,0.03912,8.1579,2.74484,0.04003,,0.0026,0.35582,0.925
14,55,hsic,HSIC,0.0,1.0,300,0.0,2.08709,0.98652,0.03912,8.38935,2.76462,0.1461,,0.0067,0.35946,0.9
14,55,hsic,HSIC,0.0,1.0,500,1.0,2.47421,1.04565,0.04995,13.80681,3.63594,0.01653,,0.0012,0.35797,0.925
14,55,hsic,HSIC,0.0,1.0,500,0.0,2.47421,1.04565,0.04995,14.5512,3.74195,0.02429,,0.00273,0.35649,0.9
14,55,hybrid,HYBRID_ALPHA0.1_BETA0.9,0.1,0.9,50,1.0,3.27251,1.16779,0.13815,0.90401,0.7715,0.15743,,0.01122,0.05104,0.725
14,55,hybrid,HYBRID_ALPHA0.2_BETA0.8,0.2,0.8,50,1.0,3.21496,1.14905,0.12733,0.82071,0.7218,0.16629,,0.01149,0.05111,0.725
14,55,hybrid,HYBRID_ALPHA0.3_BETA0.7,0.3,0.7,50,1.0,3.31618,1.13337,0.1057,0.83786,0.73,0.17405,,0.01164,0.05217,0.725
14,55,hybrid,HYBRID_ALPHA0.4_BETA0.6,0.4,0.6,50,1.0,3.44099,1.1467,0.08845,1.25357,0.91784,0.34594,,0.0153,0.08698,0.675
14,55,hybrid,HYBRID_ALPHA0.5_BETA0.5,0.5,0.5,50,1.0,3.32953,1.13767,0.10536,3.81166,1.24359,0.38268,,0.0073,0.09891,0.75
14,55,hybrid,HYBRID_ALPHA0.6_BETA0.4,0.6,0.4,50,1.0,3.38205,1.14496,0.10608,1.22994,0.90137,0.32414,,0.01631,0.13048,0.775
14,55,hybrid,HYBRID_ALPHA0.7_BETA0.3,0.7,0.3,50,1.0,3.27763,1.11882,0.05313,1.35753,0.96674,0.2157,,0.01053,0.13908,0.775
14,55,hybrid,HYBRID_ALPHA0.8_BETA0.2,0.8,0.2,50,1.0,3.21122,1.12785,0.05465,1.38786,0.97281,0.21682,,0.01094,0.14287,0.8
14,55,hybrid,HYBRID_ALPHA0.9_BETA0.1,0.9,0.1,50,1.0,3.1848,1.13132,0.06294,1.38804,0.97283,0.21681,,0.01094,0.14286,0.8
14,55,hybrid,HYBRID_ALPHA0.1_BETA0.9,0.1,0.9,50,0.0,3.27251,1.16779,0.13815,1.61094,1.08036,0.26614,,0.01594,0.10986,0.825
14,55,hybrid,HYBRID_ALPHA0.2_BETA0.8,0.2,0.8,50,0.0,3.21496,1.14905,0.12733,1.35045,0.97192,0.27596,,0.0158,0.1031,0.7
14,55,hybrid,HYBRID_ALPHA0.3_BETA0.7,0.3,0.7,50,0.0,3.31618,1.13337,0.1057,1.42737,1.00295,0.28976,,0.01607,0.10615,0.725
14,55,hybrid,HYBRID_ALPHA0.4_BETA0.6,0.4,0.6,50,0.0,3.44099,1.1467,0.08845,2.45645,1.36143,0.38931,,0.01543,0.17367,0.8
14,55,hybrid,HYBRID_ALPHA0.5_BETA0.5,0.5,0.5,50,0.0,3.32953,1.13767,0.10536,7.27586,1.91414,0.41942,,0.00585,0.18965,0.75
14,55,hybrid,HYBRID_ALPHA0.6_BETA0.4,0.6,0.4,50,0.0,3.38205,1.14496,0.10608,2.59014,1.41061,0.32204,,0.01629,0.20453,0.825
14,55,hybrid,HYBRID_ALPHA0.7_BETA0.3,0.7,0.3,50,0.0,3.27763,1.11882,0.05313,3.03837,1.54142,0.22574,,0.01211,0.21063,0.8
14,55,hybrid,HYBRID_ALPHA0.8_BETA0.2,0.8,0.2,50,0.0,3.21122,1.12785,0.05465,3.07929,1.55011,0.22613,,0.01216,0.21343,0.825
14,55,hybrid,HYBRID_ALPHA0.9_BETA0.1,0.9,0.1,50,0.0,3.1848,1.13132,0.06294,3.07947,1.55014,0.22613,,0.01216,0.21343,0.825
14,55,hybrid,HYBRID_ALPHA0.1_BETA0.9,0.1,0.9,100,1.0,2.36009,1.05522,0.08523,0.9311,0.83141,0.01792,,0.00353,0.05084,0.7
14,55,hybrid,HYBRID_ALPHA0.2_BETA0.8,0.2,0.8,100,1.0,2.23628,1.03958,0.08358,0.8753,0.78957,0.02971,,0.00215,0.05157,0.725
14,55,hybrid,HYBRID_ALPHA0.3_BETA0.7,0.3,0.7,100,1.0,2.14094,1.02614,0.08185,0.76188,0.7363,0.00978,,0.0034,0.04813,0.7
14,55,hybrid,HYBRID_ALPHA0.4_BETA0.6,0.4,0.6,100,1.0,2.14602,1.02461,0.08492,0.74679,0.71973,0.02627,,0.00192,0.04691,0.675
14,55,hybrid,HYBRID_ALPHA0.5_BETA0.5,0.5,0.5,100,1.0,2.15206,1.02342,0.08761,0.72351,0.69931,0.02789,,0.00151,0.04634,0.65
14,55,hybrid,HYBRID_ALPHA0.6_BETA0.4,0.6,0.4,100,1.0,2.16481,1.02429,0.09076,0.7236,0.68835,0.0322,,0.00113,0.046,0.7
14,55,hybrid,HYBRID_ALPHA0.7_BETA0.3,0.7,0.3,100,1.0,2.17012,1.02411,0.0929,0.96088,0.81584,0.11396,,0.00672,0.06891,0.675
14,55,hybrid,HYBRID_ALPHA0.8_BETA0.2,0.8,0.2,100,1.0,2.16994,1.02286,0.09435,0.99464,0.83292,0.11946,,0.00782,0.06926,0.725
14,55,hybrid,HYBRID_ALPHA0.9_BETA0.1,0.9,0.1,100,1.0,2.31099,1.05221,0.10965,1.00643,0.83353,0.14014,,0.00888,0.06862,0.7
14,55,hybrid,HYBRID_ALPHA0.1_BETA0.9,0.1,0.9,100,0.0,2.36009,1.05522,0.08523,0.80057,0.75691,0.01369,,0.00404,0.03896,0.65
14,55,hybrid,HYBRID_ALPHA0.2_BETA0.8,0.2,0.8,100,0.0,2.23628,1.03958,0.08358,0.93254,0.82579,0.01628,,0.00394,0.06311,0.65
14,55,hybrid,HYBRID_ALPHA0.3_BETA0.7,0.3,0.7,100,0.0,2.14094,1.02614,0.08185,0.8328,0.76526,0.04744,,0.00573,0.05549,0.675
14,55,hybrid,HYBRID_ALPHA0.4_BETA0.6,0.4,0.6,100,0.0,2.14602,1.02461,0.08492,0.75948,0.71269,0.06539,,0.00314,0.04682,0.75
14,55,hybrid,HYBRID_ALPHA0.5_BETA0.5,0.5,0.5,100,0.0,2.15206,1.02342,0.08761,0.73462,0.69803,0.05378,,0.00216,0.04644,0.65
14,55,hybrid,HYBRID_ALPHA0.6_BETA0.4,0.6,0.4,100,0.0,2.16481,1.02429,0.09076,0.73491,0.6931,0.0526,,0.00155,0.04702,0.7
14,55,hybrid,HYBRID_ALPHA0.7_BETA0.3,0.7,0.3,100,0.0,2.17012,1.02411,0.0929,1.10079,0.86673,0.21904,,0.01167,0.07629,0.625
14,55,hybrid,HYBRID_ALPHA0.8_BETA0.2,0.8,0.2,100,0.0,2.16994,1.02286,0.09435,1.22758,0.92209,0.22951,,0.01293,0.08799,0.7
14,55,hybrid,HYBRID_ALPHA0.9_BETA0.1,0.9,0.1,100,0.0,2.31099,1.05221,0.10965,1.28034,0.944,0.24496,,0.01371,0.09213,0.7
14,55,hybrid,HYBRID_ALPHA0.1_BETA0.9,0.1,0.9,300,1.0,1.29693,0.92691,0.02406,1.84388,1.19348,0.15766,,0.00741,0.04024,0.775
14,55,hybrid,HYBRID_ALPHA0.2_BETA0.8,0.2,0.8,300,1.0,1.27339,0.92334,0.02541,1.64833,1.12695,0.076,,0.00581,0.03636,0.725
14,55,hybrid,HYBRID_ALPHA0.3_BETA0.7,0.3,0.7,300,1.0,1.2876,0.92658,0.02338,1.68393,1.134,0.11936,,0.00921,0.05241,0.775
14,55,hybrid,HYBRID_ALPHA0.4_BETA0.6,0.4,0.6,300,1.0,1.27418,0.92387,0.02133,1.60263,1.10174,0.11697,,0.00904,0.05231,0.775
14,55,hybrid,HYBRID_ALPHA0.5_BETA0.5,0.5,0.5,300,1.0,1.26439,0.92054,0.02215,1.56701,1.08701,0.11673,,0.00901,0.05283,0.775
14,55,hybrid,HYBRID_ALPHA0.6_BETA0.4,0.6,0.4,300,1.0,1.24809,0.91362,0.02243,1.49626,1.05679,0.11698,,0.00905,0.05639,0.75
14,55,hybrid,HYBRID_ALPHA0.7_BETA0.3,0.7,0.3,300,1.0,1.2463,0.91184,0.02203,1.41156,1.02149,0.11727,,0.00913,0.05868,0.75
14,55,hybrid,HYBRID_ALPHA0.8_BETA0.2,0.8,0.2,300,1.0,1.24618,0.91112,0.02156,0.76579,0.70797,0.13761,,0.00523,0.03685,0.65
14,55,hybrid,HYBRID_ALPHA0.9_BETA0.1,0.9,0.1,300,1.0,1.24677,0.91077,0.02119,1.22879,0.94233,0.14183,,0.01136,0.07226,0.775
14,55,hybrid,HYBRID_ALPHA0.1_BETA0.9,0.1,0.9,300,0.0,1.29693,0.92691,0.02406,2.08662,1.25328,0.2545,,0.01076,0.04973,0.7
14,55,hybrid,HYBRID_ALPHA0.2_BETA0.8,0.2,0.8,300,0.0,1.27339,0.92334,0.02541,1.77967,1.17173,0.15553,,0.01174,0.04691,0.75
14,55,hybrid,HYBRID_ALPHA0.3_BETA0.7,0.3,0.7,300,0.0,1.2876,0.92658,0.02338,2.55439,1.41588,0.21815,,0.01494,0.09988,0.725
14,55,hybrid,HYBRID_ALPHA0.4_BETA0.6,0.4,0.6,300,0.0,1.27418,0.92387,0.02133,2.48166,1.39437,0.21089,,0.0147,0.1012,0.8
14,55,hybrid,HYBRID_ALPHA0.5_BETA0.5,0.5,0.5,300,0.0,1.26439,0.92054,0.02215,2.47349,1.39238,0.20839,,0.01458,0.10367,0.8
14,55,hybrid,HYBRID_ALPHA0.6_BETA0.4,0.6,0.4,300,0.0,1.24809,0.91362,0.02243,2.30635,1.34053,0.19933,,0.01431,0.10477,0.8
14,55,hybrid,HYBRID_ALPHA0.7_BETA0.3,0.7,0.3,300,0.0,1.2463,0.91184,0.02203,2.15429,1.29178,0.19773,,0.01422,0.10597,0.8
14,55,hybrid,HYBRID_ALPHA0.8_BETA0.2,0.8,0.2,300,0.0,1.24618,0.91112,0.02156,0.73886,0.68173,0.15208,,0.00555,0.02732,0.75
14,55,hybrid,HYBRID_ALPHA0.9_BETA0.1,0.9,0.1,300,0.0,1.24677,0.91077,0.02119,2.1503,1.283,0.23828,,0.01589,0.12786,0.825
14,55,hybrid,HYBRID_ALPHA0.1_BETA0.9,0.1,0.9,500,1.0,1.40244,0.93739,0.02429,2.57132,1.4359,0.16606,,0.00956,0.05534,0.675
14,55,hybrid,HYBRID_ALPHA0.2_BETA0.8,0.2,0.8,500,1.0,1.33438,0.92596,0.02268,2.71248,1.47693,0.09919,,0.00682,0.04873,0.625
14,55,hybrid,HYBRID_ALPHA0.3_BETA0.7,0.3,0.7,500,1.0,1.28501,0.91618,0.02203,2.59443,1.43707,0.10257,,0.00685,0.04864,0.675
14,55,hybrid,HYBRID_ALPHA0.4_BETA0.6,0.4,0.6,500,1.0,1.19151,0.89413,0.02281,2.31171,1.34529,0.10417,,0.00697,0.04914,0.675
14,55,hybrid,HYBRID_ALPHA0.5_BETA0.5,0.5,0.5,500,1.0,1.20307,0.89464,0.02273,1.97583,1.23435,0.11007,,0.00788,0.05499,0.675
14,55,hybrid,HYBRID_ALPHA0.6_BETA0.4,0.6,0.4,500,1.0,1.20075,0.8975,0.02414,1.67451,1.12955,0.11239,,0.00865,0.06695,0.725
14,55,hybrid,HYBRID_ALPHA0.7_BETA0.3,0.7,0.3,500,1.0,1.18868,0.88704,0.02715,1.56816,1.08558,0.10961,,0.00835,0.06803,0.675
14,55,hybrid,HYBRID_ALPHA0.8_BETA0.2,0.8,0.2,500,1.0,1.1959,0.89656,0.02722,1.50941,1.06162,0.10889,,0.00841,0.06901,0.675
14,55,hybrid,HYBRID_ALPHA0.9_BETA0.1,0.9,0.1,500,1.0,1.19805,0.8987,0.02933,1.41666,1.0226,0.12271,,0.00937,0.06922,0.7
14,55,hybrid,HYBRID_ALPHA0.1_BETA0.9,0.1,0.9,500,0.0,1.40244,0.93739,0.02429,3.2607,1.61789,0.27762,,0.01284,0.07469,0.7
14,55,hybrid,HYBRID_ALPHA0.2_BETA0.8,0.2,0.8,500,0.0,1.33438,0.92596,0.02268,3.43252,1.69504,0.15793,,0.01184,0.08009,0.675
14,55,hybrid,HYBRID_ALPHA0.3_BETA0.7,0.3,0.7,500,0.0,1.28501,0.91618,0.02203,3.30611,1.65824,0.15737,,0.01182,0.07956,0.775
14,55,hybrid,HYBRID_ALPHA0.4_BETA0.6,0.4,0.6,500,0.0,1.19151,0.89413,0.02281,3.00197,1.5678,0.15907,,0.01195,0.08184,0.775
14,55,hybrid,HYBRID_ALPHA0.5_BETA0.5,0.5,0.5,500,0.0,1.20307,0.89464,0.02273,2.60754,1.44139,0.17705,,0.01304,0.09136,0.775
14,55,hybrid,HYBRID_ALPHA0.6_BETA0.4,0.6,0.4,500,0.0,1.20075,0.8975,0.02414,2.43409,1.38598,0.17718,,0.01319,0.10906,0.85
14,55,hybrid,HYBRID_ALPHA0.7_BETA0.3,0.7,0.3,500,0.0,1.18868,0.88704,0.02715,2.17103,1.30359,0.16376,,0.01242,0.10695,0.825
14,55,hybrid,HYBRID_ALPHA0.8_BETA0.2,0.8,0.2,500,0.0,1.1959,0.89656,0.02722,2.03436,1.25884,0.16252,,0.0123,0.10612,0.8
14,55,hybrid,HYBRID_ALPHA0.9_BETA0.1,0.9,0.1,500,0.0,1.19805,0.8987,0.02933,1.97035,1.23164,0.18655,,0.01324,0.11009,0.85
14,55,mse,MSE,1.0,0.0,50,1.0,3.14903,1.1376,0.06619,1.39087,0.97283,0.21689,,0.01095,0.1427,0.8
14,55,mse,MSE,1.0,0.0,50,0.0,3.14903,1.1376,0.06619,3.08117,1.55103,0.22575,,0.01214,0.21352,0.825
14,55,mse,MSE,1.0,0.0,100,1.0,2.39574,1.07096,0.11984,1.01553,0.8298,0.16648,,0.01005,0.06618,0.725
14,55,mse,MSE,1.0,0.0,100,0.0,2.39574,1.07096,0.11984,1.33718,0.9679,0.26341,,0.01448,0.09519,0.7
14,55,mse,MSE,1.0,0.0,300,1.0,1.24938,0.91124,0.0209,1.17008,0.91343,0.16302,,0.01229,0.07172,0.8
14,55,mse,MSE,1.0,0.0,300,0.0,1.24938,0.91124,0.0209,2.1208,1.26937,0.25503,,0.01644,0.13191,0.8
14,55,mse,MSE,1.0,0.0,500,1.0,1.20087,0.90149,0.03239,1.22107,0.92947,0.19073,,0.01299,0.06858,0.725
14,55,mse,MSE,1.0,0.0,500,0.0,1.20087,0.90149,0.03239,2.06449,1.24933,0.26002,,0.01621,0.13042,0.8
15,56,hsic,HSIC,0.0,1.0,50,1.0,2.55151,1.03464,0.02947,1.58424,1.02435,0.41265,,0.016,0.1286,0.8
15,56,hsic,HSIC,0.0,1.0,50,0.0,2.55151,1.03464,0.02947,2.93776,1.50009,0.42677,,0.01544,0.21544,0.85
15,56,hsic,HSIC,0.0,1.0,100,1.0,3.05963,1.17605,0.05779,1.4899,0.99528,0.39246,,0.01662,0.15396,0.775
15,56,hsic,HSIC,0.0,1.0,100,0.0,3.05963,1.17605,0.05779,2.87442,1.46828,0.40112,,0.01629,0.21652,0.85
15,56,hsic,HSIC,0.0,1.0,300,1.0,2.81411,1.13013,0.0686,0.87546,0.71812,0.07498,,0.00771,0.28327,0.9
15,56,hsic,HSIC,0.0,1.0,300,0.0,2.81411,1.13013,0.0686,0.95084,0.75208,0.09005,,0.00885,0.28279,0.875
15,56,hsic,HSIC,0.0,1.0,500,1.0,4.14977,1.36,0.09533,1.58956,1.06579,0.3688,,0.01474,0.25945,0.875
15,56,hsic,HSIC,0.0,1.0,500,0.0,4.14977,1.36,0.09533,3.13461,1.55066,0.36627,,0.0149,0.28842,0.9
15,56,hybrid,HYBRID_ALPHA0.1_BETA0.9,0.1,0.9,50,1.0,2.10708,0.97637,0.02999,1.30108,0.9528,0.33587,,0.01539,0.10828,0.8
15,56,hybrid,HYBRID_ALPHA0.2_BETA0.8,0.2,0.8,50,1.0,1.81719,1.04613,0.09024,0.93045,0.81676,0.035,,0.00344,0.0526,0.725
15,56,hybrid,HYBRID_ALPHA0.3_BETA0.7,0.3,0.7,50,1.0,1.77565,1.02245,0.09933,0.8867,0.79049,0.02374,,0.00219,0.05312,0.7
15,56,hybrid,HYBRID_ALPHA0.4_BETA0.6,0.4,0.6,50,1.0,1.79861,1.02197,0.09806,0.92002,0.81024,0.01804,,0.00178,0.06029,0.7
15,56,hybrid,HYBRID_ALPHA0.5_BETA0.5,0.5,0.5,50,1.0,1.81369,1.02497,0.09789,0.96161,0.83429,0.01587,,0.00154,0.06886,0.725
15,56,hybrid,HYBRID_ALPHA0.6_BETA0.4,0.6,0.4,50,1.0,1.84698,1.03049,0.09743,1.03841,0.87558,0.01514,,0.00146,0.0802,0.825
15,56,hybrid,HYBRID_ALPHA0.7_BETA0.3,0.7,0.3,50,1.0,1.88004,1.03662,0.09761,1.10191,0.90673,0.01865,,0.00165,0.0907,0.8
15,56,hybrid,HYBRID_ALPHA0.8_BETA0.2,0.8,0.2,50,1.0,1.87668,1.04137,0.09994,1.12856,0.92082,0.02102,,0.00214,0.09839,0.825
15,56,hybrid,HYBRID_ALPHA0.9_BETA0.1,0.9,0.1,50,1.0,1.86289,1.04512,0.10329,1.18808,0.94835,0.02686,,0.00279,0.10545,0.8
15,56,hybrid,HYBRID_ALPHA0.1_BETA0.9,0.1,0.9,50,0.0,2.10708,0.97637,0.02999,2.69534,1.42251,0.37163,,0.01563,0.2028,0.825
15,56,hybrid,HYBRID_ALPHA0.2_BETA0.8,0.2,0.8,50,0.0,1.81719,1.04613,0.09024,1.11986,0.90553,0.07225,,0.0082,0.07597,0.7
15,56,hybrid,HYBRID_ALPHA0.3_BETA0.7,0.3,0.7,50,0.0,1.77565,1.02245,0.09933,1.18037,0.93832,0.06747,,0.00636,0.08876,0.75
15,56,hybrid,HYBRID_ALPHA0.4_BETA0.6,0.4,0.6,50,0.0,1.79861,1.02197,0.09806,1.21056,0.95448,0.07042,,0.0061,0.0958,0.8
15,56,hybrid,HYBRID_ALPHA0.5_BETA0.5,0.5,0.5,50,0.0,1.81369,1.02497,0.09789,1.23374,0.9662,0.07258,,0.00594,0.10246,0.775
15,56,hybrid,HYBRID_ALPHA0.6_BETA0.4,0.6,0.4,50,0.0,1.84698,1.03049,0.09743,1.27359,0.98315,0.07842,,0.00611,0.1079,0.775
15,56,hybrid,HYBRID_ALPHA0.7_BETA0.3,0.7,0.3,50,0.0,1.88004,1.03662,0.09761,1.29592,0.99087,0.08699,,0.00618,0.11476,0.825
15,56,hybrid,HYBRID_ALPHA0.8_BETA0.2,0.8,0.2,50,0.0,1.87668,1.04137,0.09994,1.3158,0.99884,0.09061,,0.00616,0.12362,0.775
15,56,hybrid,HYBRID_ALPHA0.9_BETA0.1,0.9,0.1,50,0.0,1.86289,1.04512,0.10329,1.41677,1.03822,0.1141,,0.00728,0.13266,0.8
15,56,hybrid,HYBRID_ALPHA0.1_BETA0.9,0.1,0.9,100,1.0,1.97102,1.05241,0.07094,1.63654,1.08722,0.23811,,0.01202,0.04867,0.675
15,56,hybrid,HYBRID_ALPHA0.2_BETA0.8,0.2,0.8,100,1.0,2.02091,1.06864,0.07478,0.71553,0.68732,0.0225,,0.00234,0.03846,0.725
15,56,hybrid,HYBRID_ALPHA0.3_BETA0.7,0.3,0.7,100,1.0,1.90649,1.03893,0.07078,1.24211,0.95213,0.12715,,0.01127,0.06756,0.8
15,56,hybrid,HYBRID_ALPHA0.4_BETA0.6,0.4,0.6,100,1.0,1.80826,0.9976,0.05239,1.10231,0.88487,0.12249,,0.01109,0.06221,0.75
15,56,hybrid,HYBRID_ALPHA0.5_BETA0.5,0.5,0.5,100,1.0,1.81508,1.00304,0.05889,1.06127,0.86547,0.12189,,0.01103,0.06084,0.75
15,56,hybrid,HYBRID_ALPHA0.6_BETA0.4,0.6,0.4,100,1.0,1.83189,1.00232,0.06049,1.04444,0.85707,0.11878,,0.0107,0.05895,0.75
15,56,hybrid,HYBRID_ALPHA0.7_BETA0.3,0.7,0.3,100,1.0,1.86033,1.00799,0.06558,1.03017,0.84981,0.11756,,0.01046,0.05621,0.725
15,56,hybrid,HYBRID_ALPHA0.8_BETA0.2,0.8,0.2,100,1.0,1.89625,1.01889,0.07242,0.83709,0.75163,0.11767,,0.00982,0.05586,0.625
15,56,hybrid,HYBRID_ALPHA0.9_BETA0.1,0.9,0.1,100,1.0,1.91195,1.01886,0.0754,0.90559,0.78887,0.11549,,0.01008,0.06193,0.65
15,56,hybrid,HYBRID_ALPHA0.1_BETA0.9,0.1,0.9,100,0.0,1.97102,1.05241,0.07094,2.28732,1.30279,0.33688,,0.01429,0.08016,0.7
15,56,hybrid,HYBRID_ALPHA0.2_BETA0.8,0.2,0.8,100,0.0,2.02091,1.06864,0.07478,0.65413,0.63995,0.06027,,0.00388,0.03159,0.8
15,56,hybrid,HYBRID_ALPHA0.3_BETA0.7,0.3,0.7,100,0.0,1.90649,1.03893,0.07078,1.93146,1.2071,0.24278,,0.01619,0.1247,0.85
15,56,hybrid,HYBRID_ALPHA0.4_BETA0.6,0.4,0.6,100,0.0,1.80826,0.9976,0.05239,1.75922,1.14521,0.24609,,0.01649,0.12044,0.85
15,56,hybrid,HYBRID_ALPHA0.5_BETA0.5,0.5,0.5,100,0.0,1.81508,1.00304,0.05889,1.67978,1.11586,0.24504,,0.01649,0.11734,0.825
15,56,hybrid,HYBRID_ALPHA0.6_BETA0.4,0.6,0.4,100,0.0,1.83189,1.00232,0.06049,1.58763,1.0819,0.23968,,0.01631,0.11065,0.725
15,56,hybrid,HYBRID_ALPHA0.7_BETA0.3,0.7,0.3,100,0.0,1.86033,1.00799,0.06558,1.55555,1.07003,0.23652,,0.01619,0.10666,0.75
15,56,hybrid,HYBRID_ALPHA0.8_BETA0.2,0.8,0.2,100,0.0,1.89625,1.01889,0.07242,1.0124,0.81542,0.24865,,0.0153,0.069,0.675
15,56,hybrid,HYBRID_ALPHA0.9_BETA0.1,0.9,0.1,100,0.0,1.91195,1.01886,0.0754,1.05344,0.8353,0.24461,,0.01519,0.07237,0.7
15,56,hybrid,HYBRID_ALPHA0.1_BETA0.9,0.1,0.9,300,1.0,1.58164,0.9501,0.02662,1.98093,1.26303,0.07097,,0.00766,0.03885,0.75
15,56,hybrid,HYBRID_ALPHA0.2_BETA0.8,0.2,0.8,300,1.0,1.44752,0.93569,0.02284,1.11233,0.90181,0.05749,,0.00795,0.04066,0.725
15,56,hybrid,HYBRID_ALPHA0.3_BETA0.7,0.3,0.7,300,1.0,1.40364,0.92916,0.02118,0.91739,0.808,0.06039,,0.00769,0.04382,0.675
15,56,hybrid,HYBRID_ALPHA0.4_BETA0.6,0.4,0.6,300,1.0,1.41017,0.9266,0.0219,0.83837,0.7662,0.06907,,0.0079,0.04805,0.7
15,56,hybrid,HYBRID_ALPHA0.5_BETA0.5,0.5,0.5,300,1.0,1.39372,0.9232,0.02045,0.7445,0.69361,0.1078,,0.00626,0.0569,0.7
15,56,hybrid,HYBRID_ALPHA0.6_BETA0.4,0.6,0.4,300,1.0,1.40524,0.91967,0.0228,0.75943,0.7007,0.11158,,0.00663,0.05794,0.725
15,56,hybrid,HYBRID_ALPHA0.7_BETA0.3,0.7,0.3,300,1.0,1.42414,0.91089,0.01909,0.76675,0.7057,0.11869,,0.00709,0.05953,0.7
15,56,hybrid,HYBRID_ALPHA0.8_BETA0.2,0.8,0.2,300,1.0,1.48783,0.91493,0.01977,0.79493,0.72081,0.13031,,0.00748,0.06257,0.65
15,56,hybrid,HYBRID_ALPHA0.9_BETA0.1,0.9,0.1,300,1.0,1.68307,0.93213,0.02602,0.83275,0.73891,0.15262,,0.00826,0.06618,0.625
15,56,hybrid,HYBRID_ALPHA0.1_BETA0.9,0.1,0.9,300,0.0,1.58164,0.9501,0.02662,2.18989,1.30166,0.191,,0.01098,0.04912,0.65
15,56,hybrid,HYBRID_ALPHA0.2_BETA0.8,0.2,0.8,300,0.0,1.44752,0.93569,0.02284,1.1861,0.91854,0.1579,,0.01119,0.04765,0.75
15,56,hybrid,HYBRID_ALPHA0.3_BETA0.7,0.3,0.7,300,0.0,1.40364,0.92916,0.02118,0.97092,0.81177,0.15268,,0.01132,0.0493,0.7
15,56,hybrid,HYBRID_ALPHA0.4_BETA0.6,0.4,0.6,300,0.0,1.41017,0.9266,0.0219,0.88343,0.76218,0.15773,,0.01162,0.05147,0.7
15,56,hybrid,HYBRID_ALPHA0.5_BETA0.5,0.5,0.5,300,0.0,1.39372,0.9232,0.02045,0.72517,0.67829,0.1606,,0.00773,0.04084,0.7
15,56,hybrid,HYBRID_ALPHA0.6_BETA0.4,0.6,0.4,300,0.0,1.40524,0.91967,0.0228,0.73044,0.68204,0.16528,,0.00822,0.04128,0.725
15,56,hybrid,HYBRID_ALPHA0.7_BETA0.3,0.7,0.3,300,0.0,1.42414,0.91089,0.01909,0.73391,0.68281,0.17233,,0.00883,0.04213,0.725
15,56,hybrid,HYBRID_ALPHA0.8_BETA0.2,0.8,0.2,300,0.0,1.48783,0.91493,0.01977,0.74065,0.68646,0.1771,,0.00909,0.04299,0.7
15,56,hybrid,HYBRID_ALPHA0.9_BETA0.1,0.9,0.1,300,0.0,1.68307,0.93213,0.02602,0.76543,0.69984,0.19101,,0.00967,0.04584,0.65
15,56,hybrid,HYBRID_ALPHA0.1_BETA0.9,0.1,0.9,500,1.0,1.40697,0.91781,0.01835,1.04114,0.87314,0.0367,,0.00366,0.05371,0.75
15,56,hybrid,HYBRID_ALPHA0.2_BETA0.8,0.2,0.8,500,1.0,1.38819,0.92232,0.01859,0.88632,0.79743,0.03457,,0.00483,0.05743,0.725
15,56,hybrid,HYBRID_ALPHA0.3_BETA0.7,0.3,0.7,500,1.0,1.38013,0.92424,0.01925,0.88567,0.79229,0.05288,,0.00549,0.06091,0.7
15,56,hybrid,HYBRID_ALPHA0.4_BETA0.6,0.4,0.6,500,1.0,1.35834,0.92423,0.02076,0.77692,0.71693,0.02279,,0.00221,0.0473,0.725
15,56,hybrid,HYBRID_ALPHA0.5_BETA0.5,0.5,0.5,500,1.0,1.33867,0.92205,0.02142,0.73654,0.70334,0.04521,,0.00369,0.05496,0.7
15,56,hybrid,HYBRID_ALPHA0.6_BETA0.4,0.6,0.4,500,1.0,1.32988,0.92028,0.02169,0.7429,0.69885,0.07003,,0.00454,0.05754,0.725
15,56,hybrid,HYBRID_ALPHA0.7_BETA0.3,0.7,0.3,500,1.0,1.32769,0.91984,0.02209,0.7607,0.71474,0.05489,,0.00414,0.05602,0.775
15,56,hybrid,HYBRID_ALPHA0.8_BETA0.2,0.8,0.2,500,1.0,1.32776,0.92025,0.02277,0.78328,0.72781,0.03919,,0.00312,0.05315,0.7
15,56,hybrid,HYBRID_ALPHA0.9_BETA0.1,0.9,0.1,500,1.0,1.24169,0.88918,0.02844,0.79007,0.73108,0.04938,,0.00368,0.05399,0.725
15,56,hybrid,HYBRID_ALPHA0.1_BETA0.9,0.1,0.9,500,0.0,1.40697,0.91781,0.01835,0.9428,0.80035,0.12448,,0.00673,0.04251,0.7
15,56,hybrid,HYBRID_ALPHA0.2_BETA0.8,0.2,0.8,500,0.0,1.38819,0.92232,0.01859,0.79185,0.71932,0.12224,,0.0077,0.04252,0.7
15,56,hybrid,HYBRID_ALPHA0.3_BETA0.7,0.3,0.7,500,0.0,1.38013,0.92424,0.01925,0.78682,0.71431,0.13439,,0.0081,0.04351,0.725
15,56,hybrid,HYBRID_ALPHA0.4_BETA0.6,0.4,0.6,500,0.0,1.35834,0.92423,0.02076,0.65055,0.63611,0.01698,,0.00197,0.02729,0.675
15,56,hybrid,HYBRID_ALPHA0.5_BETA0.5,0.5,0.5,500,0.0,1.33867,0.92205,0.02142,0.59702,0.61064,0.05122,,0.00402,0.02883,0.65
15,56,hybrid,HYBRID_ALPHA0.6_BETA0.4,0.6,0.4,500,0.0,1.32988,0.92028,0.02169,0.6285,0.62514,0.08826,,0.00517,0.03072,0.675
15,56,hybrid,HYBRID_ALPHA0.7_BETA0.3,0.7,0.3,500,0.0,1.32769,0.91984,0.02209,0.61158,0.61782,0.06085,,0.00447,0.02926,0.675
15,56,hybrid,HYBRID_ALPHA0.8_BETA0.2,0.8,0.2,500,0.0,1.32776,0.92025,0.02277,0.62128,0.62522,0.0326,,0.00288,0.02752,0.7
15,56,hybrid,HYBRID_ALPHA0.9_BETA0.1,0.9,0.1,500,0.0,1.24169,0.88918,0.02844,0.62429,0.62406,0.04367,,0.00345,0.02815,0.75
15,56,mse,MSE,1.0,0.0,50,1.0,2.69853,1.08448,0.11054,1.20774,0.95599,0.03459,,0.00338,0.1085,0.825
15,56,mse,MSE,1.0,0.0,50,0.0,2.69853,1.08448,0.11054,1.48257,1.06286,0.12866,,0.00798,0.14022,0.775
15,56,mse,MSE,1.0,0.0,100,1.0,1.93441,1.023,0.07779,0.89039,0.78351,0.115,,0.00999,0.05061,0.6
15,56,mse,MSE,1.0,0.0,100,0.0,1.93441,1.023,0.07779,1.26085,0.93981,0.23736,,0.01531,0.08698,0.675
15,56,mse,MSE,1.0,0.0,300,1.0,1.73036,0.93783,0.02905,0.63983,0.65929,0.03205,,0.00485,0.04218,0.75
15,56,mse,MSE,1.0,0.0,300,0.0,1.73036,0.93783,0.02905,0.62324,0.64946,0.03042,,0.00466,0.03885,0.8
15,56,mse,MSE,1.0,0.0,500,1.0,1.24264,0.8911,0.02991,0.78229,0.71593,0.09063,,0.00607,0.05422,0.675
15,56,mse,MSE,1.0,0.0,500,0.0,1.24264,0.8911,0.02991,0.6534,0.63635,0.09633,,0.00636,0.03152,0.675
16,57,hsic,HSIC,0.0,1.0,50,1.0,5.80461,1.83081,0.0891,2.34732,1.3074,0.27944,,0.01179,0.20786,0.825
16,57,hsic,HSIC,0.0,1.0,50,0.0,5.80461,1.83081,0.0891,5.02841,2.05589,0.26578,,0.01196,0.28169,0.85
16,57,hsic,HSIC,0.0,1.0,100,1.0,2.7758,1.15653,0.0428,1.34257,0.96199,0.38175,,0.01686,0.22189,0.875
16,57,hsic,HSIC,0.0,1.0,100,0.0,2.7758,1.15653,0.0428,2.77185,1.44086,0.38054,,0.01736,0.26691,0.8
16,57,hsic,HSIC,0.0,1.0,300,1.0,2.72161,1.11522,0.04645,1.40771,0.97568,0.37732,,0.01563,0.29461,0.85
16,57,hsic,HSIC,0.0,1.0,300,0.0,2.72161,1.11522,0.04645,2.78034,1.44868,0.38044,,0.01567,0.31823,0.9
16,57,hsic,HSIC,0.0,1.0,500,1.0,2.13445,0.99175,0.0225,1.32833,0.93708,0.37583,,0.01569,0.29335,0.9
16,57,hsic,HSIC,0.0,1.0,500,0.0,2.13445,0.99175,0.0225,2.57831,1.3907,0.37854,,0.01571,0.3208,0.875
16,57,hybrid,HYBRID_ALPHA0.1_BETA0.9,0.1,0.9,50,1.0,1.90996,0.99436,0.04174,1.36205,1.01257,0.08698,,0.00868,0.04816,0.675
16,57,hybrid,HYBRID_ALPHA0.2_BETA0.8,0.2,0.8,50,1.0,1.96215,1.01332,0.03048,1.08513,0.85796,0.10928,,0.00754,0.04417,0.675
16,57,hybrid,HYBRID_ALPHA0.3_BETA0.7,0.3,0.7,50,1.0,1.85241,0.99009,0.02798,0.98953,0.82532,0.10448,,0.00836,0.04893,0.65
16,57,hybrid,HYBRID_ALPHA0.4_BETA0.6,0.4,0.6,50,1.0,1.84372,0.98487,0.03199,0.93794,0.80428,0.09099,,0.00795,0.05588,0.7
16,57,hybrid,HYBRID_ALPHA0.5_BETA0.5,0.5,0.5,50,1.0,2.01049,1.0027,0.03916,0.93198,0.80324,0.08882,,0.00825,0.06204,0.6
16,57,hybrid,HYBRID_ALPHA0.6_BETA0.4,0.6,0.4,50,1.0,1.97724,1.00484,0.03833,0.96461,0.82379,0.08702,,0.00942,0.07049,0.65
16,57,hybrid,HYBRID_ALPHA0.7_BETA0.3,0.7,0.3,50,1.0,2.00224,1.00455,0.04011,0.96677,0.82137,0.07579,,0.0078,0.08759,0.75
16,57,hybrid,HYBRID_ALPHA0.8_BETA0.2,0.8,0.2,50,1.0,2.0074,0.98792,0.03791,0.91353,0.79332,0.07733,,0.00794,0.08244,0.8
16,57,hybrid,HYBRID_ALPHA0.9_BETA0.1,0.9,0.1,50,1.0,1.95208,0.98593,0.03574,0.7961,0.72553,0.07186,,0.00755,0.06037,0.65
16,57,hybrid,HYBRID_ALPHA0.1_BETA0.9,0.1,0.9,50,0.0,1.90996,0.99436,0.04174,1.67898,1.12113,0.21787,,0.01422,0.06905,0.75
16,57,hybrid,HYBRID_ALPHA0.2_BETA0.8,0.2,0.8,50,0.0,1.96215,1.01332,0.03048,1.40544,1.01576,0.18771,,0.01353,0.07555,0.8
16,57,hybrid,HYBRID_ALPHA0.3_BETA0.7,0.3,0.7,50,0.0,1.85241,0.99009,0.02798,1.25697,0.95161,0.20098,,0.01447,0.07793,0.775
16,57,hybrid,HYBRID_ALPHA0.4_BETA0.6,0.4,0.6,50,0.0,1.84372,0.98487,0.03199,1.0644,0.86111,0.17624,,0.01329,0.07575,0.725
16,57,hybrid,HYBRID_ALPHA0.5_BETA0.5,0.5,0.5,50,0.0,2.01049,1.0027,0.03916,0.98618,0.81873,0.1854,,0.01369,0.07147,0.7
16,57,hybrid,HYBRID_ALPHA0.6_BETA0.4,0.6,0.4,50,0.0,1.97724,1.00484,0.03833,0.92104,0.77936,0.19105,,0.01447,0.06571,0.7
16,57,hybrid,HYBRID_ALPHA0.7_BETA0.3,0.7,0.3,50,0.0,2.00224,1.00455,0.04011,0.68728,0.66089,0.12712,,0.01078,0.04828,0.65
16,57,hybrid,HYBRID_ALPHA0.8_BETA0.2,0.8,0.2,50,0.0,2.0074,0.98792,0.03791,0.65757,0.63793,0.14563,,0.01176,0.0385,0.75
16,57,hybrid,HYBRID_ALPHA0.9_BETA0.1,0.9,0.1,50,0.0,1.95208,0.98593,0.03574,0.67796,0.64149,0.12298,,0.01001,0.0344,0.725
16,57,hybrid,HYBRID_ALPHA0.1_BETA0.9,0.1,0.9,100,1.0,1.85635,0.95303,0.045,1.2288,0.90425,0.40291,,0.03211,0.07913,0.7
16,57,hybrid,HYBRID_ALPHA0.2_BETA0.8,0.2,0.8,100,1.0,1.72505,0.94512,0.02885,1.4428,0.92347,0.13461,,0.00879,0.05755,0.775
16,57,hybrid,HYBRID_ALPHA0.3_BETA0.7,0.3,0.7,100,1.0,1.76036,0.95663,0.0291,1.45232,0.89468,0.12959,,0.0087,0.05763,0.75
16,57,hybrid,HYBRID_ALPHA0.4_BETA0.6,0.4,0.6,100,1.0,1.80693,0.96457,0.03217,1.37498,0.85179,0.12774,,0.00895,0.0544,0.75
16,57,hybrid,HYBRID_ALPHA0.5_BETA0.5,0.5,0.5,100,1.0,1.83989,0.97696,0.03489,1.23217,0.83313,0.12755,,0.00909,0.05445,0.775
16,57,hybrid,HYBRID_ALPHA0.6_BETA0.4,0.6,0.4,100,1.0,1.9474,0.98946,0.04572,1.15587,0.82305,0.12944,,0.00931,0.05534,0.725
16,57,hybrid,HYBRID_ALPHA0.7_BETA0.3,0.7,0.3,100,1.0,1.97721,0.99557,0.04569,1.09625,0.82017,0.13096,,0.0095,0.05621,0.775
16,57,hybrid,HYBRID_ALPHA0.8_BETA0.2,0.8,0.2,100,1.0,2.03669,1.00345,0.05051,1.02567,0.80053,0.13383,,0.00975,0.05749,0.8
16,57,hybrid,HYBRID_ALPHA0.9_BETA0.1,0.9,0.1,100,1.0,2.05635,1.0063,0.05266,1.002,0.7982,0.13493,,0.0098,0.06054,0.75
16,57,hybrid,HYBRID_ALPHA0.1_BETA0.9,0.1,0.9,100,0.0,1.85635,0.95303,0.045,1.02872,0.83457,0.11918,,0.00341,0.06874,0.7
16,57,hybrid,HYBRID_ALPHA0.2_BETA0.8,0.2,0.8,100,0.0,1.72505,0.94512,0.02885,2.56236,1.33839,0.21237,,0.01321,0.12392,0.825
16,57,hybrid,HYBRID_ALPHA0.3_BETA0.7,0.3,0.7,100,0.0,1.76036,0.95663,0.0291,2.54587,1.30111,0.21299,,0.01321,0.12519,0.825
16,57,hybrid,HYBRID_ALPHA0.4_BETA0.6,0.4,0.6,100,0.0,1.80693,0.96457,0.03217,2.44572,1.252,0.20883,,0.01267,0.12169,0.825
16,57,hybrid,HYBRID_ALPHA0.5_BETA0.5,0.5,0.5,100,0.0,1.83989,0.97696,0.03489,2.09508,1.20595,0.20952,,0.01263,0.12098,0.825
16,57,hybrid,HYBRID_ALPHA0.6_BETA0.4,0.6,0.4,100,0.0,1.9474,0.98946,0.04572,1.95111,1.17847,0.21149,,0.01268,0.12128,0.8
16,57,hybrid,HYBRID_ALPHA0.7_BETA0.3,0.7,0.3,100,0.0,1.97721,0.99557,0.04569,1.9134,1.14995,0.22006,,0.01305,0.11496,0.85
16,57,hybrid,HYBRID_ALPHA0.8_BETA0.2,0.8,0.2,100,0.0,2.03669,1.00345,0.05051,1.74931,1.12427,0.22389,,0.01318,0.11999,0.875
16,57,hybrid,HYBRID_ALPHA0.9_BETA0.1,0.9,0.1,100,0.0,2.05635,1.0063,0.05266,1.7069,1.11585,0.22892,,0.01351,0.12339,0.85
16,57,hybrid,HYBRID_ALPHA0.1_BETA0.9,0.1,0.9,300,1.0,1.55996,0.93035,0.03069,1.38695,1.03684,0.02674,,0.00501,0.05979,0.725
16,57,hybrid,HYBRID_ALPHA0.2_BETA0.8,0.2,0.8,300,1.0,1.22942,0.87489,0.02764,1.17251,0.93519,0.03004,,0.0031,0.0713,0.7
16,57,hybrid,HYBRID_ALPHA0.3_BETA0.7,0.3,0.7,300,1.0,2.37094,0.9767,0.03137,1.05016,0.87587,0.06429,,0.00479,0.07895,0.675
16,57,hybrid,HYBRID_ALPHA0.4_BETA0.6,0.4,0.6,300,1.0,2.93138,1.00048,0.03147,0.81013,0.72698,0.06185,,0.00232,0.06312,0.7
16,57,hybrid,HYBRID_ALPHA0.5_BETA0.5,0.5,0.5,300,1.0,3.28682,1.01191,0.03141,0.80979,0.72356,0.06115,,0.00231,0.06293,0.65
16,57,hybrid,HYBRID_ALPHA0.6_BETA0.4,0.6,0.4,300,1.0,3.56597,1.02379,0.02952,0.81673,0.73278,0.06704,,0.00265,0.06648,0.75
16,57,hybrid,HYBRID_ALPHA0.7_BETA0.3,0.7,0.3,300,1.0,3.85013,1.03562,0.03316,0.8542,0.73887,0.05938,,0.00249,0.06513,0.7
16,57,hybrid,HYBRID_ALPHA0.8_BETA0.2,0.8,0.2,300,1.0,4.17192,1.04753,0.03668,0.87437,0.74653,0.06359,,0.00267,0.06744,0.675
16,57,hybrid,HYBRID_ALPHA0.9_BETA0.1,0.9,0.1,300,1.0,4.29166,1.05522,0.04097,0.97359,0.72844,0.05586,,0.00281,0.06282,0.675
16,57,hybrid,HYBRID_ALPHA0.1_BETA0.9,0.1,0.9,300,0.0,1.55996,0.93035,0.03069,1.0529,0.86832,0.09633,,0.00744,0.03794,0.75
16,57,hybrid,HYBRID_ALPHA0.2_BETA0.8,0.2,0.8,300,0.0,1.22942,0.87489,0.02764,0.76557,0.72824,0.06518,,0.00533,0.0352,0.775
16,57,hybrid,HYBRID_ALPHA0.3_BETA0.7,0.3,0.7,300,0.0,2.37094,0.9767,0.03137,0.7081,0.67808,0.10081,,0.00637,0.03814,0.675
16,57,hybrid,HYBRID_ALPHA0.4_BETA0.6,0.4,0.6,300,0.0,2.93138,1.00048,0.03147,0.6473,0.63338,0.05804,,0.00223,0.03292,0.625
16,57,hybrid,HYBRID_ALPHA0.5_BETA0.5,0.5,0.5,300,0.0,3.28682,1.01191,0.03141,0.65293,0.63204,0.05616,,0.00218,0.03305,0.6
16,57,hybrid,HYBRID_ALPHA0.6_BETA0.4,0.6,0.4,300,0.0,3.56597,1.02379,0.02952,0.63961,0.63104,0.0663,,0.00264,0.03254,0.65
16,57,hybrid,HYBRID_ALPHA0.7_BETA0.3,0.7,0.3,300,0.0,3.85013,1.03562,0.03316,0.68306,0.6344,0.05233,,0.00231,0.03349,0.65
16,57,hybrid,HYBRID_ALPHA0.8_BETA0.2,0.8,0.2,300,0.0,4.17192,1.04753,0.03668,0.69391,0.63651,0.05614,,0.00249,0.03415,0.675
16,57,hybrid,HYBRID_ALPHA0.9_BETA0.1,0.9,0.1,300,0.0,4.29166,1.05522,0.04097,0.8714,0.65668,0.04987,,0.00267,0.04122,0.65
16,57,hybrid,HYBRID_ALPHA0.1_BETA0.9,0.1,0.9,500,1.0,1.40392,0.92555,0.01866,1.97522,1.23837,0.16193,,0.0119,0.07509,0.725
16,57,hybrid,HYBRID_ALPHA0.2_BETA0.8,0.2,0.8,500,1.0,1.43246,0.93261,0.01974,1.59389,1.07731,0.11826,,0.00772,0.05247,0.65
16,57,hybrid,HYBRID_ALPHA0.3_BETA0.7,0.3,0.7,500,1.0,1.40567,0.92862,0.01903,0.67769,0.66717,0.03241,,0.00359,0.04083,0.675
16,57,hybrid,HYBRID_ALPHA0.4_BETA0.6,0.4,0.6,500,1.0,1.36013,0.91915,0.01774,0.64686,0.6458,0.03349,,0.00343,0.04101,0.625
16,57,hybrid,HYBRID_ALPHA0.5_BETA0.5,0.5,0.5,500,1.0,1.34853,0.91524,0.01746,0.65112,0.64854,0.03491,,0.00333,0.04283,0.675
16,57,hybrid,HYBRID_ALPHA0.6_BETA0.4,0.6,0.4,500,1.0,1.33903,0.91399,0.01791,0.65199,0.6492,0.03594,,0.00322,0.0445,0.65
16,57,hybrid,HYBRID_ALPHA0.7_BETA0.3,0.7,0.3,500,1.0,1.3544,0.91844,0.01853,0.65527,0.6505,0.03883,,0.00308,0.04648,0.7
16,57,hybrid,HYBRID_ALPHA0.8_BETA0.2,0.8,0.2,500,1.0,1.36635,0.92017,0.01951,0.65633,0.65255,0.03499,,0.00246,0.04786,0.65
16,57,hybrid,HYBRID_ALPHA0.9_BETA0.1,0.9,0.1,500,1.0,1.36753,0.91981,0.02036,0.66683,0.65559,0.04789,,0.00264,0.05092,0.7
16,57,hybrid,HYBRID_ALPHA0.1_BETA0.9,0.1,0.9,500,0.0,1.40392,0.92555,0.01866,2.76871,1.46293,0.2897,,0.01538,0.088,0.725
16,57,hybrid,HYBRID_ALPHA0.2_BETA0.8,0.2,0.8,500,0.0,1.43246,0.93261,0.01974,2.60387,1.43691,0.18156,,0.0129,0.08666,0.75
16,57,hybrid,HYBRID_ALPHA0.3_BETA0.7,0.3,0.7,500,0.0,1.40567,0.92862,0.01903,0.59737,0.60948,0.05053,,0.00388,0.02601,0.575
16,57,hybrid,HYBRID_ALPHA0.4_BETA0.6,0.4,0.6,500,0.0,1.36013,0.91915,0.01774,0.58992,0.60467,0.05065,,0.00384,0.02589,0.625
16,57,hybrid,HYBRID_ALPHA0.5_BETA0.5,0.5,0.5,500,0.0,1.34853,0.91524,0.01746,0.59028,0.60574,0.05076,,0.00378,0.0266,0.6
16,57,hybrid,HYBRID_ALPHA0.6_BETA0.4,0.6,0.4,500,0.0,1.33903,0.91399,0.01791,0.58977,0.60595,0.04953,,0.00368,0.02751,0.6
16,57,hybrid,HYBRID_ALPHA0.7_BETA0.3,0.7,0.3,500,0.0,1.3544,0.91844,0.01853,0.59176,0.60747,0.05008,,0.00353,0.02873,0.575
16,57,hybrid,HYBRID_ALPHA0.8_BETA0.2,0.8,0.2,500,0.0,1.36635,0.92017,0.01951,0.58755,0.60479,0.03879,,0.00267,0.03007,0.575
16,57,hybrid,HYBRID_ALPHA0.9_BETA0.1,0.9,0.1,500,0.0,1.36753,0.91981,0.02036,0.60228,0.61426,0.0513,,0.00283,0.03372,0.7
16,57,mse,MSE,1.0,0.0,50,1.0,2.0154,0.99645,0.04344,0.91459,0.77122,0.06922,,0.00866,0.0591,0.65
16,57,mse,MSE,1.0,0.0,50,0.0,2.0154,0.99645,0.04344,0.77055,0.7046,0.0618,,0.00269,0.02844,0.7
16,57,mse,MSE,1.0,0.0,100,1.0,2.07584,1.01096,0.05519,0.99386,0.80225,0.1379,,0.00995,0.0633,0.725
16,57,mse,MSE,1.0,0.0,100,0.0,2.07584,1.01096,0.05519,1.74008,1.13449,0.23109,,0.01395,0.12866,0.825
16,57,mse,MSE,1.0,0.0,300,1.0,4.32654,1.05535,0.04412,0.97746,0.81907,0.14679,,0.01091,0.05757,0.725
16,57,mse,MSE,1.0,0.0,300,0.0,4.32654,1.05535,0.04412,1.65845,1.11187,0.23756,,0.0159,0.11118,0.775
16,57,mse,MSE,1.0,0.0,500,1.0,1.3722,0.9199,0.02144,0.65429,0.64878,0.0669,,0.00381,0.05078,0.65
16,57,mse,MSE,1.0,0.0,500,0.0,1.3722,0.9199,0.02144,0.60895,0.61973,0.06009,,0.00361,0.04129,0.65
17,58,hsic,HSIC,0.0,1.0,50,1.0,4.9511,1.50926,0.19127,1.61595,1.06626,0.37066,,0.01404,0.14828,0.775
17,58,hsic,HSIC,0.0,1.0,50,0.0,4.9511,1.50926,0.19127,2.47104,1.36249,0.32882,,0.01233,0.18338,0.8
17,58,hsic,HSIC,0.0,1.0,100,1.0,4.26691,1.39,0.10438,1.4053,0.96633,0.37863,,0.01534,0.11241,0.725
17,58,hsic,HSIC,0.0,1.0,100,0.0,4.26691,1.39,0.10438,2.53708,1.37937,0.37644,,0.0155,0.18733,0.775
17,58,hsic,HSIC,0.0,1.0,300,1.0,2.75848,1.09307,0.05537,1.43148,0.98194,0.37775,,0.01554,0.14217,0.775
17,58,hsic,HSIC,0.0,1.0,300,0.0,2.75848,1.09307,0.05537,2.68385,1.4203,0.37884,,0.0156,0.20094,0.825
17,58,hsic,HSIC,0.0,1.0,500,1.0,2.454,1.03475,0.0535,1.36166,0.9498,0.37649,,0.01557,0.16346,0.775
17,58,hsic,HSIC,0.0,1.0,500,0.0,2.454,1.03475,0.0535,2.63159,1.40568,0.37823,,0.01561,0.21373,0.775
17,58,hybrid,HYBRID_ALPHA0.1_BETA0.9,0.1,0.9,50,1.0,3.23746,1.16114,0.1221,1.02063,0.8408,0.09336,,0.00704,0.02819,0.625
17,58,hybrid,HYBRID_ALPHA0.2_BETA0.8,0.2,0.8,50,1.0,2.51151,1.11796,0.10661,1.19353,0.8998,0.33491,,0.01569,0.06868,0.675
17,58,hybrid,HYBRID_ALPHA0.3_BETA0.7,0.3,0.7,50,1.0,2.48976,1.10622,0.10309,0.93769,0.7813,0.21195,,0.01338,0.03812,0.725
17,58,hybrid,HYBRID_ALPHA0.4_BETA0.6,0.4,0.6,50,1.0,2.39332,1.08768,0.09096,1.35921,0.9502,0.36988,,0.01399,0.04666,0.625
17,58,hybrid,HYBRID_ALPHA0.5_BETA0.5,0.5,0.5,50,1.0,2.3503,1.07875,0.09505,1.06198,0.83506,0.29652,,0.01406,0.04245,0.65
17,58,hybrid,HYBRID_ALPHA0.6_BETA0.4,0.6,0.4,50,1.0,2.4676,1.08963,0.08901,0.89382,0.75642,0.23208,,0.01359,0.03797,0.65
17,58,hybrid,HYBRID_ALPHA0.7_BETA0.3,0.7,0.3,50,1.0,2.34406,1.06662,0.09698,0.87016,0.74488,0.22708,,0.01345,0.03802,0.725
17,58,hybrid,HYBRID_ALPHA0.8_BETA0.2,0.8,0.2,50,1.0,2.24245,1.02542,0.08345,0.84783,0.73308,0.2246,,0.01346,0.03821,0.675
17,58,hybrid,HYBRID_ALPHA0.9_BETA0.1,0.9,0.1,50,1.0,2.37519,1.05222,0.07875,0.84136,0.72953,0.22583,,0.01334,0.03795,0.7
17,58,hybrid,HYBRID_ALPHA0.1_BETA0.9,0.1,0.9,50,0.0,3.23746,1.16114,0.1221,1.60857,1.09997,0.1811,,0.01323,0.07122,0.7
17,58,hybrid,HYBRID_ALPHA0.2_BETA0.8,0.2,0.8,50,0.0,2.51151,1.11796,0.10661,2.31048,1.30646,0.37391,,0.01647,0.12166,0.825
17,58,hybrid,HYBRID_ALPHA0.3_BETA0.7,0.3,0.7,50,0.0,2.48976,1.10622,0.10309,1.77437,1.13268,0.30878,,0.01601,0.08365,0.7
17,58,hybrid,HYBRID_ALPHA0.4_BETA0.6,0.4,0.6,50,0.0,2.39332,1.08768,0.09096,2.42804,1.35992,0.41343,,0.01536,0.09881,0.675
17,58,hybrid,HYBRID_ALPHA0.5_BETA0.5,0.5,0.5,50,0.0,2.3503,1.07875,0.09505,1.96555,1.20425,0.36837,,0.01622,0.09345,0.7
17,58,hybrid,HYBRID_ALPHA0.6_BETA0.4,0.6,0.4,50,0.0,2.4676,1.08963,0.08901,1.67617,1.09685,0.32212,,0.01616,0.08853,0.7
17,58,hybrid,HYBRID_ALPHA0.7_BETA0.3,0.7,0.3,50,0.0,2.34406,1.06662,0.09698,1.63268,1.08008,0.31409,,0.01586,0.09229,0.65
17,58,hybrid,HYBRID_ALPHA0.8_BETA0.2,0.8,0.2,50,0.0,2.24245,1.02542,0.08345,1.60184,1.06875,0.30991,,0.01562,0.09771,0.75
17,58,hybrid,HYBRID_ALPHA0.9_BETA0.1,0.9,0.1,50,0.0,2.37519,1.05222,0.07875,1.58529,1.06332,0.30858,,0.01539,0.09742,0.725
17,58,hybrid,HYBRID_ALPHA0.1_BETA0.9,0.1,0.9,100,1.0,2.29118,1.05325,0.0721,1.12861,0.89699,0.11999,,0.01116,0.06057,0.7
17,58,hybrid,HYBRID_ALPHA0.2_BETA0.8,0.2,0.8,100,1.0,2.13976,1.04899,0.06052,1.01921,0.83666,0.12039,,0.00944,0.05448,0.625
17,58,hybrid,HYBRID_ALPHA0.3_BETA0.7,0.3,0.7,100,1.0,2.11194,1.03581,0.05812,0.94482,0.80495,0.11927,,0.00979,0.05517,0.65
17,58,hybrid,HYBRID_ALPHA0.4_BETA0.6,0.4,0.6,100,1.0,2.12644,1.03655,0.05625,0.89235,0.78096,0.11863,,0.00988,0.05473,0.65
17,58,hybrid,HYBRID_ALPHA0.5_BETA0.5,0.5,0.5,100,1.0,2.15169,1.03944,0.05567,0.86415,0.76795,0.11906,,0.01008,0.05495,0.675
17,58,hybrid,HYBRID_ALPHA0.6_BETA0.4,0.6,0.4,100,1.0,2.15215,1.0404,0.05281,0.84599,0.75919,0.11928,,0.01017,0.05497,0.65
17,58,hybrid,HYBRID_ALPHA0.7_BETA0.3,0.7,0.3,100,1.0,2.15941,1.04109,0.05245,0.89925,0.78546,0.10177,,0.00809,0.07335,0.65
17,58,hybrid,HYBRID_ALPHA0.8_BETA0.2,0.8,0.2,100,1.0,2.18054,1.05417,0.0571,0.80986,0.74136,0.11865,,0.01012,0.05448,0.6
17,58,hybrid,HYBRID_ALPHA0.9_BETA0.1,0.9,0.1,100,1.0,2.17993,1.05396,0.05166,0.88285,0.77809,0.09945,,0.008,0.07438,0.65
17,58,hybrid,HYBRID_ALPHA0.1_BETA0.9,0.1,0.9,100,0.0,2.29118,1.05325,0.0721,1.57437,1.07084,0.25466,,0.01685,0.10474,0.7
17,58,hybrid,HYBRID_ALPHA0.2_BETA0.8,0.2,0.8,100,0.0,2.13976,1.04899,0.06052,1.44234,1.02913,0.21494,,0.0154,0.10579,0.725
17,58,hybrid,HYBRID_ALPHA0.3_BETA0.7,0.3,0.7,100,0.0,2.11194,1.03581,0.05812,1.31212,0.97297,0.2215,,0.01601,0.10175,0.725
17,58,hybrid,HYBRID_ALPHA0.4_BETA0.6,0.4,0.6,100,0.0,2.12644,1.03655,0.05625,1.23893,0.93836,0.22324,,0.01607,0.09997,0.675
17,58,hybrid,HYBRID_ALPHA0.5_BETA0.5,0.5,0.5,100,0.0,2.15169,1.03944,0.05567,1.21011,0.92365,0.22552,,0.01615,0.10025,0.65
17,58,hybrid,HYBRID_ALPHA0.6_BETA0.4,0.6,0.4,100,0.0,2.15215,1.0404,0.05281,1.18599,0.91153,0.22623,,0.01614,0.09963,0.65
17,58,hybrid,HYBRID_ALPHA0.7_BETA0.3,0.7,0.3,100,0.0,2.15941,1.04109,0.05245,0.6671,0.66882,0.08448,,0.00953,0.0504,0.625
17,58,hybrid,HYBRID_ALPHA0.8_BETA0.2,0.8,0.2,100,0.0,2.18054,1.05417,0.0571,1.1165,0.87838,0.22092,,0.01582,0.09634,0.625
17,58,hybrid,HYBRID_ALPHA0.9_BETA0.1,0.9,0.1,100,0.0,2.17993,1.05396,0.05166,0.61524,0.63886,0.06058,,0.00761,0.04675,0.55
17,58,hybrid,HYBRID_ALPHA0.1_BETA0.9,0.1,0.9,300,1.0,1.71338,0.93294,0.02955,1.47281,1.06024,0.11323,,0.01012,0.04274,0.7
17,58,hybrid,HYBRID_ALPHA0.2_BETA0.8,0.2,0.8,300,1.0,1.75967,0.94563,0.03346,0.59264,0.61579,0.01715,,0.00362,0.03391,0.7
17,58,hybrid,HYBRID_ALPHA0.3_BETA0.7,0.3,0.7,300,1.0,1.66902,0.929,0.02968,0.94202,0.81689,0.06516,,0.00733,0.05312,0.725
17,58,hybrid,HYBRID_ALPHA0.4_BETA0.6,0.4,0.6,300,1.0,1.68139,0.93003,0.03018,0.62262,0.65013,0.01343,,0.00465,0.03783,0.725
17,58,hybrid,HYBRID_ALPHA0.5_BETA0.5,0.5,0.5,300,1.0,1.73868,0.94582,0.03847,0.82393,0.75866,0.058,,0.00708,0.0628,0.725
17,58,hybrid,HYBRID_ALPHA0.6_BETA0.4,0.6,0.4,300,1.0,1.25343,0.86821,0.02565,0.87728,0.78522,0.0711,,0.00802,0.06683,0.675
17,58,hybrid,HYBRID_ALPHA0.7_BETA0.3,0.7,0.3,300,1.0,1.68303,0.9292,0.03348,0.60541,0.63785,0.00977,,0.00357,0.03877,0.725
17,58,hybrid,HYBRID_ALPHA0.8_BETA0.2,0.8,0.2,300,1.0,1.8874,0.94023,0.02369,0.90516,0.79678,0.09164,,0.00914,0.06865,0.7
17,58,hybrid,HYBRID_ALPHA0.9_BETA0.1,0.9,0.1,300,1.0,1.82316,0.95707,0.04445,0.61004,0.64168,0.01048,,0.00372,0.04028,0.7
17,58,hybrid,HYBRID_ALPHA0.1_BETA0.9,0.1,0.9,300,0.0,1.71338,0.93294,0.02955,2.03129,1.22846,0.26435,,0.01468,0.07005,0.725
17,58,hybrid,HYBRID_ALPHA0.2_BETA0.8,0.2,0.8,300,0.0,1.75967,0.94563,0.03346,0.59606,0.60776,0.05576,,0.00405,0.02931,0.65
17,58,hybrid,HYBRID_ALPHA0.3_BETA0.7,0.3,0.7,300,0.0,1.66902,0.929,0.02968,1.19326,0.92421,0.17502,,0.01287,0.08088,0.7
17,58,hybrid,HYBRID_ALPHA0.4_BETA0.6,0.4,0.6,300,0.0,1.68139,0.93003,0.03018,0.64015,0.63664,0.06888,,0.00703,0.03752,0.7
17,58,hybrid,HYBRID_ALPHA0.5_BETA0.5,0.5,0.5,300,0.0,1.73868,0.94582,0.03847,0.87445,0.75796,0.15352,,0.01016,0.06546,0.65
17,58,hybrid,HYBRID_ALPHA0.6_BETA0.4,0.6,0.4,300,0.0,1.25343,0.86821,0.02565,0.95357,0.79579,0.17252,,0.01161,0.0737,0.625
17,58,hybrid,HYBRID_ALPHA0.7_BETA0.3,0.7,0.3,300,0.0,1.68303,0.9292,0.03348,0.55794,0.59423,0.01435,,0.00399,0.02864,0.65
17,58,hybrid,HYBRID_ALPHA0.8_BETA0.2,0.8,0.2,300,0.0,1.8874,0.94023,0.02369,1.1013,0.86935,0.20262,,0.0133,0.0868,0.625
17,58,hybrid,HYBRID_ALPHA0.9_BETA0.1,0.9,0.1,300,0.0,1.82316,0.95707,0.04445,0.5617,0.59829,0.01444,,0.00405,0.03,0.7
17,58,hybrid,HYBRID_ALPHA0.1_BETA0.9,0.1,0.9,500,1.0,1.7076,0.9461,0.03688,0.58377,0.61972,0.01306,,0.00346,0.03115,0.6
17,58,hybrid,HYBRID_ALPHA0.2_BETA0.8,0.2,0.8,500,1.0,1.69014,0.94908,0.03831,0.58239,0.62623,0.00883,,0.00371,0.03235,0.725
17,58,hybrid,HYBRID_ALPHA0.3_BETA0.7,0.3,0.7,500,1.0,1.58734,0.93354,0.02907,0.57887,0.6251,0.00868,,0.00352,0.03249,0.725
17,58,hybrid,HYBRID_ALPHA0.4_BETA0.6,0.4,0.6,500,1.0,1.52762,0.92879,0.02864,0.58431,0.62962,0.00893,,0.00328,0.03381,0.75
17,58,hybrid,HYBRID_ALPHA0.5_BETA0.5,0.5,0.5,500,1.0,1.51941,0.92671,0.02774,0.59268,0.63563,0.00931,,0.00297,0.03538,0.7
17,58,hybrid,HYBRID_ALPHA0.6_BETA0.4,0.6,0.4,500,1.0,1.45331,0.91884,0.0288,0.59867,0.6401,0.01055,,0.00267,0.03582,0.7
17,58,hybrid,HYBRID_ALPHA0.7_BETA0.3,0.7,0.3,500,1.0,1.43923,0.91838,0.02863,0.60343,0.64252,0.01071,,0.00263,0.03753,0.725
17,58,hybrid,HYBRID_ALPHA0.8_BETA0.2,0.8,0.2,500,1.0,1.47803,0.92152,0.03158,0.60687,0.64276,0.01307,,0.00294,0.03964,0.65
17,58,hybrid,HYBRID_ALPHA0.9_BETA0.1,0.9,0.1,500,1.0,1.4703,0.92463,0.03159,0.61517,0.64773,0.01732,,0.00315,0.04137,0.7
17,58,hybrid,HYBRID_ALPHA0.1_BETA0.9,0.1,0.9,500,0.0,1.7076,0.9461,0.03688,0.58441,0.61305,0.02093,,0.00384,0.03134,0.65
17,58,hybrid,HYBRID_ALPHA0.2_BETA0.8,0.2,0.8,500,0.0,1.69014,0.94908,0.03831,0.57003,0.59818,0.03353,,0.00453,0.02881,0.625
17,58,hybrid,HYBRID_ALPHA0.3_BETA0.7,0.3,0.7,500,0.0,1.58734,0.93354,0.02907,0.56281,0.5964,0.02968,,0.00454,0.02852,0.625
17,58,hybrid,HYBRID_ALPHA0.4_BETA0.6,0.4,0.6,500,0.0,1.52762,0.92879,0.02864,0.56015,0.59682,0.02819,,0.00451,0.02851,0.65
17,58,hybrid,HYBRID_ALPHA0.5_BETA0.5,0.5,0.5,500,0.0,1.51941,0.92671,0.02774,0.56147,0.59931,0.02928,,0.00451,0.02909,0.625
17,58,hybrid,HYBRID_ALPHA0.6_BETA0.4,0.6,0.4,500,0.0,1.45331,0.91884,0.0288,0.55788,0.60198,0.02529,,0.00434,0.02838,0.575
17,58,hybrid,HYBRID_ALPHA0.7_BETA0.3,0.7,0.3,500,0.0,1.43923,0.91838,0.02863,0.56034,0.60142,0.02956,,0.00447,0.02896,0.6
17,58,hybrid,HYBRID_ALPHA0.8_BETA0.2,0.8,0.2,500,0.0,1.47803,0.92152,0.03158,0.56629,0.59942,0.03791,,0.00474,0.03004,0.625
17,58,hybrid,HYBRID_ALPHA0.9_BETA0.1,0.9,0.1,500,0.0,1.4703,0.92463,0.03159,0.5753,0.60407,0.04423,,0.00499,0.03178,0.7
17,58,mse,MSE,1.0,0.0,50,1.0,2.22368,1.03713,0.06256,0.85736,0.73666,0.23704,,0.01346,0.03832,0.725
17,58,mse,MSE,1.0,0.0,50,0.0,2.22368,1.03713,0.06256,1.61684,1.07588,0.31867,,0.01559,0.09853,0.725
17,58,mse,MSE,1.0,0.0,100,1.0,2.18915,1.05655,0.05076,0.77854,0.72645,0.11743,,0.01,0.05434,0.6
17,58,mse,MSE,1.0,0.0,100,0.0,2.18915,1.05655,0.05076,1.04599,0.84666,0.20677,,0.01493,0.0942,0.6
17,58,mse,MSE,1.0,0.0,300,1.0,1.83695,0.96047,0.04653,0.61308,0.64407,0.01086,,0.00375,0.04097,0.775
17,58,mse,MSE,1.0,0.0,300,0.0,1.83695,0.96047,0.04653,0.56642,0.60303,0.0144,,0.00407,0.0312,0.725
17,58,mse,MSE,1.0,0.0,500,1.0,1.5926,0.93946,0.04206,0.626,0.65375,0.02425,,0.00342,0.0414,0.65
17,58,mse,MSE,1.0,0.0,500,0.0,1.5926,0.93946,0.04206,0.59428,0.61944,0.04751,,0.00511,0.03495,0.6
18,59,hsic,HSIC,0.0,1.0,50,1.0,3.89178,1.29575,0.20748,1.45651,0.99925,0.37675,,0.01526,0.19492,0.825
18,59,hsic,HSIC,0.0,1.0,50,0.0,3.89178,1.29575,0.20748,2.73399,1.42925,0.3741,,0.016,0.24478,0.825
18,59,hsic,HSIC,0.0,1.0,100,1.0,3.1857,1.16825,0.1119,1.75819,1.07353,0.40775,,0.01349,0.21521,0.85
18,59,hsic,HSIC,0.0,1.0,100,0.0,3.1857,1.16825,0.1119,2.98082,1.51467,0.41698,,0.01292,0.25289,0.8
18,59,hsic,HSIC,0.0,1.0,300,1.0,3.5909,1.31382,0.06175,1.6045,1.04262,0.39379,,0.01496,0.23223,0.875
18,59,hsic,HSIC,0.0,1.0,300,0.0,3.5909,1.31382,0.06175,2.91356,1.49173,0.40823,,0.01489,0.26221,0.825
18,59,hsic,HSIC,0.0,1.0,500,1.0,1.8733,0.94588,0.03037,8.87725,2.81646,0.04592,,0.0032,0.17381,0.8
18,59,hsic,HSIC,0.0,1.0,500,0.0,1.8733,0.94588,0.03037,2.56695,1.31284,0.0531,,0.00591,0.23279,0.9
18,59,hybrid,HYBRID_ALPHA0.1_BETA0.9,0.1,0.9,50,1.0,3.10914,1.19572,0.16588,1.39684,1.02149,0.11594,,0.00988,0.05647,0.75
18,59,hybrid,HYBRID_ALPHA0.2_BETA0.8,0.2,0.8,50,1.0,1.92731,1.01381,0.04939,0.97998,0.72779,0.02429,,0.00168,0.0521,0.725
18,59,hybrid,HYBRID_ALPHA0.3_BETA0.7,0.3,0.7,50,1.0,1.77725,0.98483,0.03663,0.63357,0.64102,0.05735,,0.00249,0.0328,0.675
18,59,hybrid,HYBRID_ALPHA0.4_BETA0.6,0.4,0.6,50,1.0,2.00969,1.03337,0.05084,0.94199,0.77482,0.03406,,0.0021,0.0604,0.75
18,59,hybrid,HYBRID_ALPHA0.5_BETA0.5,0.5,0.5,50,1.0,1.94441,1.01551,0.04719,0.70787,0.69259,0.02115,,0.00097,0.05835,0.775
18,59,hybrid,HYBRID_ALPHA0.6_BETA0.4,0.6,0.4,50,1.0,2.03193,1.03793,0.04888,0.85031,0.76303,0.02917,,0.00128,0.06717,0.775
18,59,hybrid,HYBRID_ALPHA0.7_BETA0.3,0.7,0.3,50,1.0,2.09617,1.03902,0.04795,0.8115,0.72,0.02425,,0.00039,0.06052,0.775
18,59,hybrid,HYBRID_ALPHA0.8_BETA0.2,0.8,0.2,50,1.0,2.08498,1.03462,0.04334,1.10433,0.77608,0.02811,,0.00011,0.06899,0.8
18,59,hybrid,HYBRID_ALPHA0.9_BETA0.1,0.9,0.1,50,1.0,2.02583,1.03229,0.0537,1.20234,0.79479,0.03285,,0.0,0.07289,0.725
18,59,hybrid,HYBRID_ALPHA0.1_BETA0.9,0.1,0.9,50,0.0,3.10914,1.19572,0.16588,1.79231,1.15579,0.24443,,0.01615,0.08064,0.85
18,59,hybrid,HYBRID_ALPHA0.2_BETA0.8,0.2,0.8,50,0.0,1.92731,1.01381,0.04939,0.98126,0.67891,0.01762,,0.00271,0.02682,0.675
18,59,hybrid,HYBRID_ALPHA0.3_BETA0.7,0.3,0.7,50,0.0,1.77725,0.98483,0.03663,0.66569,0.65083,0.10123,,0.00372,0.0313,0.725
18,59,hybrid,HYBRID_ALPHA0.4_BETA0.6,0.4,0.6,50,0.0,2.00969,1.03337,0.05084,0.92457,0.71755,0.05095,,0.00297,0.03028,0.65
18,59,hybrid,HYBRID_ALPHA0.5_BETA0.5,0.5,0.5,50,0.0,1.94441,1.01551,0.04719,0.5954,0.59628,0.04192,,0.00181,0.02932,0.7
18,59,hybrid,HYBRID_ALPHA0.6_BETA0.4,0.6,0.4,50,0.0,2.03193,1.03793,0.04888,0.74306,0.65325,0.03424,,0.00118,0.03119,0.7
18,59,hybrid,HYBRID_ALPHA0.7_BETA0.3,0.7,0.3,50,0.0,2.09617,1.03902,0.04795,0.62755,0.61142,0.05338,,0.0015,0.03258,0.675
18,59,hybrid,HYBRID_ALPHA0.8_BETA0.2,0.8,0.2,50,0.0,2.08498,1.03462,0.04334,0.72406,0.63036,0.04381,,0.0006,0.03306,0.675
18,59,hybrid,HYBRID_ALPHA0.9_BETA0.1,0.9,0.1,50,0.0,2.02583,1.03229,0.0537,0.75229,0.63949,0.05395,,0.00059,0.03511,0.65
18,59,hybrid,HYBRID_ALPHA0.1_BETA0.9,0.1,0.9,100,1.0,2.46832,1.12717,0.15127,1.74065,1.14185,0.09238,,0.00672,0.04655,0.65
18,59,hybrid,HYBRID_ALPHA0.2_BETA0.8,0.2,0.8,100,1.0,6.6423,1.25072,0.13679,1.65881,1.08942,0.10762,,0.00641,0.04219,0.675
18,59,hybrid,HYBRID_ALPHA0.3_BETA0.7,0.3,0.7,100,1.0,10.55794,1.29498,0.09373,1.4999,1.02941,0.09062,,0.0051,0.03993,0.575
18,59,hybrid,HYBRID_ALPHA0.4_BETA0.6,0.4,0.6,100,1.0,6.61351,1.11836,0.0359,1.32015,0.96074,0.08534,,0.00543,0.04204,0.55
18,59,hybrid,HYBRID_ALPHA0.5_BETA0.5,0.5,0.5,100,1.0,12.37901,1.28871,0.0725,1.21517,0.91586,0.09794,,0.00689,0.0427,0.65
18,59,hybrid,HYBRID_ALPHA0.6_BETA0.4,0.6,0.4,100,1.0,7.98095,1.14706,0.03137,1.20671,0.9158,0.09872,,0.00719,0.04459,0.675
18,59,hybrid,HYBRID_ALPHA0.7_BETA0.3,0.7,0.3,100,1.0,8.95446,1.16437,0.03368,0.74345,0.66866,0.10129,,0.00309,0.02509,0.725
18,59,hybrid,HYBRID_ALPHA0.8_BETA0.2,0.8,0.2,100,1.0,17.84831,1.29378,0.03777,0.74432,0.66972,0.09705,,0.00263,0.02501,0.65
18,59,hybrid,HYBRID_ALPHA0.9_BETA0.1,0.9,0.1,100,1.0,16.47866,1.27731,0.042,0.73916,0.67055,0.08605,,0.00196,0.02534,0.6
18,59,hybrid,HYBRID_ALPHA0.1_BETA0.9,0.1,0.9,100,0.0,2.46832,1.12717,0.15127,2.24978,1.32375,0.17518,,0.01212,0.06571,0.7
18,59,hybrid,HYBRID_ALPHA0.2_BETA0.8,0.2,0.8,100,0.0,6.6423,1.25072,0.13679,2.11122,1.28076,0.15808,,0.01129,0.07287,0.775
18,59,hybrid,HYBRID_ALPHA0.3_BETA0.7,0.3,0.7,100,0.0,10.55794,1.29498,0.09373,2.03469,1.26129,0.12608,,0.00968,0.08303,0.675
18,59,hybrid,HYBRID_ALPHA0.4_BETA0.6,0.4,0.6,100,0.0,6.61351,1.11836,0.0359,1.81232,1.18314,0.1312,,0.01004,0.08549,0.7
18,59,hybrid,HYBRID_ALPHA0.5_BETA0.5,0.5,0.5,100,0.0,12.37901,1.28871,0.0725,1.74821,1.15507,0.16077,,0.0117,0.08761,0.675
18,59,hybrid,HYBRID_ALPHA0.6_BETA0.4,0.6,0.4,100,0.0,7.98095,1.14706,0.03137,1.84369,1.18917,0.16771,,0.01211,0.09685,0.75
18,59,hybrid,HYBRID_ALPHA0.7_BETA0.3,0.7,0.3,100,0.0,8.95446,1.16437,0.03368,0.77798,0.70858,0.0832,,0.00293,0.03618,0.65
18,59,hybrid,HYBRID_ALPHA0.8_BETA0.2,0.8,0.2,100,0.0,17.84831,1.29378,0.03777,0.78925,0.7129,0.08255,,0.00254,0.03668,0.625
18,59,hybrid,HYBRID_ALPHA0.9_BETA0.1,0.9,0.1,100,0.0,16.47866,1.27731,0.042,0.80004,0.71932,0.07454,,0.00196,0.03814,0.7
18,59,hybrid,HYBRID_ALPHA0.1_BETA0.9,0.1,0.9,300,1.0,1.85228,1.01595,0.0498,1.92539,1.21423,0.1912,,0.01272,0.05831,0.75
18,59,hybrid,HYBRID_ALPHA0.2_BETA0.8,0.2,0.8,300,1.0,1.78511,1.01431,0.04539,1.73574,1.1462,0.12072,,0.00873,0.05344,0.75
18,59,hybrid,HYBRID_ALPHA0.3_BETA0.7,0.3,0.7,300,1.0,1.51384,0.98583,0.02782,1.60144,1.09306,0.11974,,0.00864,0.05163,0.8
18,59,hybrid,HYBRID_ALPHA0.4_BETA0.6,0.4,0.6,300,1.0,1.50555,0.98746,0.02794,1.43587,1.02472,0.11867,,0.00858,0.04939,0.725
18,59,hybrid,HYBRID_ALPHA0.5_BETA0.5,0.5,0.5,300,1.0,1.50209,0.98731,0.02844,1.29725,0.96343,0.1177,,0.00848,0.04788,0.75
18,59,hybrid,HYBRID_ALPHA0.6_BETA0.4,0.6,0.4,300,1.0,1.50558,0.98669,0.02898,1.21864,0.9276,0.11757,,0.00854,0.048,0.75
18,59,hybrid,HYBRID_ALPHA0.7_BETA0.3,0.7,0.3,300,1.0,1.50426,0.98656,0.02933,1.11436,0.8815,0.11397,,0.00859,0.04964,0.75
18,59,hybrid,HYBRID_ALPHA0.8_BETA0.2,0.8,0.2,300,1.0,1.49562,0.98529,0.02976,0.64824,0.66278,0.02065,,0.004,0.0539,0.75
18,59,hybrid,HYBRID_ALPHA0.9_BETA0.1,0.9,0.1,300,1.0,1.47974,0.98755,0.02805,0.66407,0.67107,0.02751,,0.00395,0.05652,0.7
18,59,hybrid,HYBRID_ALPHA0.1_BETA0.9,0.1,0.9,300,0.0,1.85228,1.01595,0.0498,2.68667,1.43273,0.30815,,0.01534,0.09603,0.725
18,59,hybrid,HYBRID_ALPHA0.2_BETA0.8,0.2,0.8,300,0.0,1.78511,1.01431,0.04539,2.63988,1.44384,0.21041,,0.01466,0.10768,0.8
18,59,hybrid,HYBRID_ALPHA0.3_BETA0.7,0.3,0.7,300,0.0,1.51384,0.98583,0.02782,2.48125,1.39472,0.20721,,0.01458,0.10616,0.8
18,59,hybrid,HYBRID_ALPHA0.4_BETA0.6,0.4,0.6,300,0.0,1.50555,0.98746,0.02794,2.35028,1.35271,0.2077,,0.01466,0.10671,0.825
18,59,hybrid,HYBRID_ALPHA0.5_BETA0.5,0.5,0.5,300,0.0,1.50209,0.98731,0.02844,2.18138,1.29886,0.20644,,0.01464,0.10574,0.8
18,59,hybrid,HYBRID_ALPHA0.6_BETA0.4,0.6,0.4,300,0.0,1.50558,0.98669,0.02898,2.0842,1.26651,0.2092,,0.01477,0.1068,0.825
18,59,hybrid,HYBRID_ALPHA0.7_BETA0.3,0.7,0.3,300,0.0,1.50426,0.98656,0.02933,1.80702,1.17036,0.21529,,0.0149,0.1032,0.775
18,59,hybrid,HYBRID_ALPHA0.8_BETA0.2,0.8,0.2,300,0.0,1.49562,0.98529,0.02976,0.56102,0.58076,0.02394,,0.00396,0.02862,0.65
18,59,hybrid,HYBRID_ALPHA0.9_BETA0.1,0.9,0.1,300,0.0,1.47974,0.98755,0.02805,0.5729,0.58828,0.03568,,0.00393,0.03111,0.725
18,59,hybrid,HYBRID_ALPHA0.1_BETA0.9,0.1,0.9,500,1.0,1.53753,0.92742,0.02272,1.63851,1.13304,0.06859,,0.00786,0.0456,0.6
18,59,hybrid,HYBRID_ALPHA0.2_BETA0.8,0.2,0.8,500,1.0,1.46064,0.92247,0.02098,0.6874,0.67541,0.03474,,0.0031,0.04917,0.725
18,59,hybrid,HYBRID_ALPHA0.3_BETA0.7,0.3,0.7,500,1.0,1.43966,0.92241,0.02053,0.67365,0.67454,0.02341,,0.00308,0.04995,0.725
18,59,hybrid,HYBRID_ALPHA0.4_BETA0.6,0.4,0.6,500,1.0,1.42912,0.92155,0.02047,0.65473,0.6677,0.01745,,0.0032,0.0506,0.725
18,59,hybrid,HYBRID_ALPHA0.5_BETA0.5,0.5,0.5,500,1.0,1.43667,0.92048,0.02004,0.66388,0.67487,0.0163,,0.00313,0.05114,0.725
18,59,hybrid,HYBRID_ALPHA0.6_BETA0.4,0.6,0.4,500,1.0,1.33689,0.90895,0.0185,0.67307,0.68174,0.01497,,0.00302,0.05231,0.675
18,59,hybrid,HYBRID_ALPHA0.7_BETA0.3,0.7,0.3,500,1.0,1.31886,0.90663,0.01842,0.68539,0.68852,0.01814,,0.00315,0.05482,0.675
18,59,hybrid,HYBRID_ALPHA0.8_BETA0.2,0.8,0.2,500,1.0,1.30804,0.9057,0.01876,0.68643,0.68877,0.02113,,0.00315,0.05693,0.575
18,59,hybrid,HYBRID_ALPHA0.9_BETA0.1,0.9,0.1,500,1.0,1.30021,0.90525,0.0196,0.72325,0.70924,0.01383,,0.00147,0.06029,0.6
18,59,hybrid,HYBRID_ALPHA0.1_BETA0.9,0.1,0.9,500,0.0,1.53753,0.92742,0.02272,2.18667,1.30788,0.17468,,0.01305,0.07548,0.725
18,59,hybrid,HYBRID_ALPHA0.2_BETA0.8,0.2,0.8,500,0.0,1.46064,0.92247,0.02098,0.61897,0.62482,0.07361,,0.00409,0.03196,0.65
18,59,hybrid,HYBRID_ALPHA0.3_BETA0.7,0.3,0.7,500,0.0,1.43966,0.92241,0.02053,0.58077,0.59969,0.04324,,0.00374,0.03047,0.65
18,59,hybrid,HYBRID_ALPHA0.4_BETA0.6,0.4,0.6,500,0.0,1.42912,0.92155,0.02047,0.56192,0.58582,0.02759,,0.00369,0.03051,0.675
18,59,hybrid,HYBRID_ALPHA0.5_BETA0.5,0.5,0.5,500,0.0,1.43667,0.92048,0.02004,0.56185,0.58897,0.02361,,0.00359,0.03095,0.7
18,59,hybrid,HYBRID_ALPHA0.6_BETA0.4,0.6,0.4,500,0.0,1.33689,0.90895,0.0185,0.56349,0.59463,0.02043,,0.00345,0.03167,0.675
18,59,hybrid,HYBRID_ALPHA0.7_BETA0.3,0.7,0.3,500,0.0,1.31886,0.90663,0.01842,0.56634,0.5966,0.02544,,0.0036,0.03227,0.7
18,59,hybrid,HYBRID_ALPHA0.8_BETA0.2,0.8,0.2,500,0.0,1.30804,0.9057,0.01876,0.56953,0.59909,0.02814,,0.0036,0.03378,0.725
18,59,hybrid,HYBRID_ALPHA0.9_BETA0.1,0.9,0.1,500,0.0,1.30021,0.90525,0.0196,0.60721,0.63265,0.01363,,0.00103,0.03693,0.75
18,59,mse,MSE,1.0,0.0,50,1.0,2.07815,1.03668,0.05386,0.84466,0.77638,0.04519,,0.0,0.07903,0.75
18,59,mse,MSE,1.0,0.0,50,0.0,2.07815,1.03668,0.05386,0.66396,0.64005,0.08687,,0.00285,0.03916,0.675
18,59,mse,MSE,1.0,0.0,100,1.0,13.56205,1.23854,0.04656,0.72901,0.66561,0.07482,,0.00122,0.02471,0.575
18,59,mse,MSE,1.0,0.0,100,0.0,13.56205,1.23854,0.04656,0.83851,0.73669,0.06952,,0.00129,0.04175,0.725
18,59,mse,MSE,1.0,0.0,300,1.0,1.48222,0.98782,0.02782,0.72334,0.69707,0.05702,,0.00428,0.06357,0.65
18,59,mse,MSE,1.0,0.0,300,0.0,1.48222,0.98782,0.02782,0.61648,0.62079,0.07122,,0.00443,0.03657,0.7
18,59,mse,MSE,1.0,0.0,500,1.0,1.29685,0.90528,0.02102,0.67864,0.67786,0.01819,,0.00142,0.05489,0.7
18,59,mse,MSE,1.0,0.0,500,0.0,1.29685,0.90528,0.02102,0.66963,0.66551,0.0155,,0.00103,0.05001,0.65
19,60,hsic,HSIC,0.0,1.0,50,1.0,3.27368,1.18014,0.08414,4.40932,1.24508,0.35462,,0.01454,0.26891,0.85
19,60,hsic,HSIC,0.0,1.0,50,0.0,3.27368,1.18014,0.08414,3.14486,1.07904,0.22168,,0.0106,0.26917,0.825
19,60,hsic,HSIC,0.0,1.0,100,1.0,3.70764,1.24136,0.16965,1.34277,0.9473,0.37374,,0.01557,0.24326,0.875
19,60,hsic,HSIC,0.0,1.0,100,0.0,3.70764,1.24136,0.16965,2.60158,1.39592,0.37523,,0.01574,0.27974,0.85
19,60,hsic,HSIC,0.0,1.0,300,1.0,5.41597,1.78891,0.06963,1.51663,1.00196,0.38792,,0.01506,0.44179,0.95
19,60,hsic,HSIC,0.0,1.0,300,0.0,5.41597,1.78891,0.06963,2.78276,1.45293,0.39257,,0.01508,0.46346,0.9
19,60,hsic,HSIC,0.0,1.0,500,1.0,2.12157,0.94099,0.02145,1.55321,1.04958,0.36435,,0.01503,0.43259,0.925
19,60,hsic,HSIC,0.0,1.0,500,0.0,2.12157,0.94099,0.02145,3.21739,1.57303,0.365,,0.01506,0.45648,0.9
19,60,hybrid,HYBRID_ALPHA0.1_BETA0.9,0.1,0.9,50,1.0,2.21554,1.04356,0.0701,1.86707,1.20052,0.16572,,0.01136,0.10572,0.7
19,60,hybrid,HYBRID_ALPHA0.2_BETA0.8,0.2,0.8,50,1.0,2.01834,1.02185,0.06921,1.80005,1.18161,0.12602,,0.01141,0.09625,0.7
19,60,hybrid,HYBRID_ALPHA0.3_BETA0.7,0.3,0.7,50,1.0,1.43189,0.94746,0.02556,1.71614,1.14924,0.12967,,0.01153,0.10264,0.7
19,60,hybrid,HYBRID_ALPHA0.4_BETA0.6,0.4,0.6,50,1.0,1.48754,0.95055,0.02451,1.63424,1.11558,0.13417,,0.00992,0.11003,0.7
19,60,hybrid,HYBRID_ALPHA0.5_BETA0.5,0.5,0.5,50,1.0,1.51086,0.9417,0.02068,1.45477,1.04667,0.13552,,0.01217,0.11934,0.725
19,60,hybrid,HYBRID_ALPHA0.6_BETA0.4,0.6,0.4,50,1.0,1.69887,0.9549,0.0397,1.3512,1.00006,0.14435,,0.011,0.1348,0.7
19,60,hybrid,HYBRID_ALPHA0.7_BETA0.3,0.7,0.3,50,1.0,1.61487,0.94153,0.03116,1.19415,0.92914,0.13118,,0.01135,0.1041,0.675
19,60,hybrid,HYBRID_ALPHA0.8_BETA0.2,0.8,0.2,50,1.0,1.63672,0.94479,0.03697,1.1119,0.88363,0.12768,,0.00988,0.07118,0.6
19,60,hybrid,HYBRID_ALPHA0.9_BETA0.1,0.9,0.1,50,1.0,1.79538,0.96502,0.0511,1.02309,0.83495,0.13634,,0.01002,0.08331,0.6
19,60,hybrid,HYBRID_ALPHA0.1_BETA0.9,0.1,0.9,50,0.0,2.21554,1.04356,0.0701,2.03903,1.2328,0.28119,,0.01553,0.11873,0.65
19,60,hybrid,HYBRID_ALPHA0.2_BETA0.8,0.2,0.8,50,0.0,2.01834,1.02185,0.06921,2.0956,1.26316,0.23684,,0.01627,0.12435,0.7
19,60,hybrid,HYBRID_ALPHA0.3_BETA0.7,0.3,0.7,50,0.0,1.43189,0.94746,0.02556,2.01259,1.23547,0.24019,,0.01645,0.13213,0.65
19,60,hybrid,HYBRID_ALPHA0.4_BETA0.6,0.4,0.6,50,0.0,1.48754,0.95055,0.02451,1.77916,1.15627,0.23316,,0.01511,0.13309,0.675
19,60,hybrid,HYBRID_ALPHA0.5_BETA0.5,0.5,0.5,50,0.0,1.51086,0.9417,0.02068,1.58572,1.08096,0.24544,,0.01676,0.13437,0.7
19,60,hybrid,HYBRID_ALPHA0.6_BETA0.4,0.6,0.4,50,0.0,1.69887,0.9549,0.0397,1.24009,0.93421,0.23035,,0.01565,0.12357,0.7
19,60,hybrid,HYBRID_ALPHA0.7_BETA0.3,0.7,0.3,50,0.0,1.61487,0.94153,0.03116,1.37602,0.99794,0.23328,,0.01603,0.12899,0.65
19,60,hybrid,HYBRID_ALPHA0.8_BETA0.2,0.8,0.2,50,0.0,1.63672,0.94479,0.03697,1.80389,1.168,0.22159,,0.01511,0.14899,0.75
19,60,hybrid,HYBRID_ALPHA0.9_BETA0.1,0.9,0.1,50,0.0,1.79538,0.96502,0.0511,1.51453,1.0584,0.2066,,0.01402,0.153,0.7
19,60,hybrid,HYBRID_ALPHA0.1_BETA0.9,0.1,0.9,100,1.0,1.26672,0.90134,0.01803,1.35201,0.97345,0.2704,,0.01381,0.05784,0.7
19,60,hybrid,HYBRID_ALPHA0.2_BETA0.8,0.2,0.8,100,1.0,1.28071,0.90119,0.01758,1.07542,0.87005,0.14706,,0.01147,0.05932,0.75
19,60,hybrid,HYBRID_ALPHA0.3_BETA0.7,0.3,0.7,100,1.0,1.18436,0.8736,0.01761,0.92176,0.79473,0.14725,,0.01179,0.05837,0.725
19,60,hybrid,HYBRID_ALPHA0.4_BETA0.6,0.4,0.6,100,1.0,1.18605,0.87606,0.01652,0.84145,0.75398,0.14814,,0.01185,0.05732,0.725
19,60,hybrid,HYBRID_ALPHA0.5_BETA0.5,0.5,0.5,100,1.0,1.74057,0.93654,0.018,0.83204,0.74923,0.14646,,0.01169,0.05623,0.7
19,60,hybrid,HYBRID_ALPHA0.6_BETA0.4,0.6,0.4,100,1.0,2.72689,0.9859,0.01821,0.82245,0.74273,0.1517,,0.01198,0.05771,0.725
19,60,hybrid,HYBRID_ALPHA0.7_BETA0.3,0.7,0.3,100,1.0,2.92846,0.99384,0.01907,0.8069,0.73403,0.1525,,0.01197,0.05728,0.725
19,60,hybrid,HYBRID_ALPHA0.8_BETA0.2,0.8,0.2,100,1.0,2.2662,0.96949,0.02357,0.80137,0.72866,0.15984,,0.01247,0.05866,0.725
19,60,hybrid,HYBRID_ALPHA0.9_BETA0.1,0.9,0.1,100,1.0,1.48988,0.92851,0.03548,0.80625,0.72606,0.17196,,0.01311,0.06194,0.7
19,60,hybrid,HYBRID_ALPHA0.1_BETA0.9,0.1,0.9,100,0.0,1.26672,0.90134,0.01803,2.41387,1.33687,0.3443,,0.01507,0.12436,0.725
19,60,hybrid,HYBRID_ALPHA0.2_BETA0.8,0.2,0.8,100,0.0,1.28071,0.90119,0.01758,2.12569,1.26713,0.26708,,0.01671,0.12918,0.825
19,60,hybrid,HYBRID_ALPHA0.3_BETA0.7,0.3,0.7,100,0.0,1.18436,0.8736,0.01761,1.80998,1.15874,0.26622,,0.01682,0.12605,0.825
19,60,hybrid,HYBRID_ALPHA0.4_BETA0.6,0.4,0.6,100,0.0,1.18605,0.87606,0.01652,1.66816,1.10381,0.27215,,0.01695,0.12665,0.775
19,60,hybrid,HYBRID_ALPHA0.5_BETA0.5,0.5,0.5,100,0.0,1.74057,0.93654,0.018,1.64511,1.09582,0.26932,,0.01682,0.12558,0.775
19,60,hybrid,HYBRID_ALPHA0.6_BETA0.4,0.6,0.4,100,0.0,2.72689,0.9859,0.01821,1.65611,1.09801,0.27434,,0.01695,0.12946,0.8
19,60,hybrid,HYBRID_ALPHA0.7_BETA0.3,0.7,0.3,100,0.0,2.92846,0.99384,0.01907,1.6324,1.089,0.27412,,0.01692,0.13005,0.775
19,60,hybrid,HYBRID_ALPHA0.8_BETA0.2,0.8,0.2,100,0.0,2.2662,0.96949,0.02357,1.64937,1.09279,0.28077,,0.01716,0.13365,0.8
19,60,hybrid,HYBRID_ALPHA0.9_BETA0.1,0.9,0.1,100,0.0,1.48988,0.92851,0.03548,1.68786,1.10303,0.29054,,0.01741,0.13912,0.825
19,60,hybrid,HYBRID_ALPHA0.1_BETA0.9,0.1,0.9,300,1.0,1.33488,0.95234,0.02282,1.63123,1.11582,0.0956,,0.00739,0.05151,0.675
19,60,hybrid,HYBRID_ALPHA0.2_BETA0.8,0.2,0.8,300,1.0,1.25679,0.92292,0.02211,1.61872,1.09784,0.10378,,0.00707,0.10959,0.825
19,60,hybrid,HYBRID_ALPHA0.3_BETA0.7,0.3,0.7,300,1.0,1.32506,0.93771,0.02182,1.47876,1.04486,0.10022,,0.00717,0.15954,0.8
19,60,hybrid,HYBRID_ALPHA0.4_BETA0.6,0.4,0.6,300,1.0,1.27869,0.92896,0.02213,1.35703,0.99683,0.09881,,0.0075,0.19825,0.85
19,60,hybrid,HYBRID_ALPHA0.5_BETA0.5,0.5,0.5,300,1.0,1.25103,0.91841,0.02239,1.2924,0.97057,0.10011,,0.0079,0.22076,0.85
19,60,hybrid,HYBRID_ALPHA0.6_BETA0.4,0.6,0.4,300,1.0,1.23779,0.91349,0.01975,1.12313,0.89323,0.09344,,0.00758,0.24629,0.85
19,60,hybrid,HYBRID_ALPHA0.7_BETA0.3,0.7,0.3,300,1.0,1.28233,0.93265,0.02128,0.93932,0.80535,0.08468,,0.00711,0.26991,0.875
19,60,hybrid,HYBRID_ALPHA0.8_BETA0.2,0.8,0.2,300,1.0,1.22418,0.89171,0.02087,0.92581,0.79941,0.09575,,0.0078,0.2645,0.875
19,60,hybrid,HYBRID_ALPHA0.9_BETA0.1,0.9,0.1,300,1.0,1.21154,0.8992,0.01668,0.92695,0.79861,0.1088,,0.00862,0.27497,0.9
19,60,hybrid,HYBRID_ALPHA0.1_BETA0.9,0.1,0.9,300,0.0,1.33488,0.95234,0.02282,2.35866,1.3589,0.19265,,0.01397,0.06972,0.65
19,60,hybrid,HYBRID_ALPHA0.2_BETA0.8,0.2,0.8,300,0.0,1.25679,0.92292,0.02211,2.38929,1.3719,0.1741,,0.01299,0.12677,0.75
19,60,hybrid,HYBRID_ALPHA0.3_BETA0.7,0.3,0.7,300,0.0,1.32506,0.93771,0.02182,2.4029,1.37715,0.17242,,0.01304,0.17878,0.8
19,60,hybrid,HYBRID_ALPHA0.4_BETA0.6,0.4,0.6,300,0.0,1.27869,0.92896,0.02213,2.29464,1.34098,0.17756,,0.01335,0.21653,0.875
19,60,hybrid,HYBRID_ALPHA0.5_BETA0.5,0.5,0.5,300,0.0,1.25103,0.91841,0.02239,2.25118,1.3255,0.18518,,0.01371,0.23775,0.9
19,60,hybrid,HYBRID_ALPHA0.6_BETA0.4,0.6,0.4,300,0.0,1.23779,0.91349,0.01975,1.90985,1.21315,0.17919,,0.01329,0.26178,0.85
19,60,hybrid,HYBRID_ALPHA0.7_BETA0.3,0.7,0.3,300,0.0,1.28233,0.93265,0.02128,1.6132,1.10176,0.18104,,0.01359,0.28574,0.85
19,60,hybrid,HYBRID_ALPHA0.8_BETA0.2,0.8,0.2,300,0.0,1.22418,0.89171,0.02087,1.59354,1.09348,0.19021,,0.01406,0.27936,0.9
19,60,hybrid,HYBRID_ALPHA0.9_BETA0.1,0.9,0.1,300,0.0,1.21154,0.8992,0.01668,1.58928,1.0906,0.20253,,0.01433,0.28999,0.9
19,60,hybrid,HYBRID_ALPHA0.1_BETA0.9,0.1,0.9,500,1.0,1.27754,0.90418,0.01718,1.60342,1.02914,0.41294,,0.01583,0.41784,0.9
19,60,hybrid,HYBRID_ALPHA0.2_BETA0.8,0.2,0.8,500,1.0,1.30338,0.90318,0.01724,2.57372,1.41013,0.12364,,0.00741,0.05798,0.75
19,60,hybrid,HYBRID_ALPHA0.3_BETA0.7,0.3,0.7,500,1.0,1.29467,0.90396,0.01727,2.33909,1.33846,0.11984,,0.00734,0.05803,0.7
19,60,hybrid,HYBRID_ALPHA0.4_BETA0.6,0.4,0.6,500,1.0,1.27161,0.90159,0.01744,2.19712,1.29783,0.1151,,0.0074,0.05868,0.625
19,60,hybrid,HYBRID_ALPHA0.5_BETA0.5,0.5,0.5,500,1.0,1.28193,0.90196,0.01749,2.05983,1.25466,0.11378,,0.00757,0.0596,0.625
19,60,hybrid,HYBRID_ALPHA0.6_BETA0.4,0.6,0.4,500,1.0,1.29741,0.90527,0.01782,1.93408,1.21252,0.11399,,0.00784,0.06014,0.675
19,60,hybrid,HYBRID_ALPHA0.7_BETA0.3,0.7,0.3,500,1.0,1.29214,0.90587,0.0181,1.79791,1.16426,0.11682,,0.00826,0.06067,0.625
19,60,hybrid,HYBRID_ALPHA0.8_BETA0.2,0.8,0.2,500,1.0,1.29038,0.90713,0.01821,1.65872,1.11254,0.12614,,0.0091,0.06135,0.7
19,60,hybrid,HYBRID_ALPHA0.9_BETA0.1,0.9,0.1,500,1.0,1.28995,0.90752,0.01835,0.83832,0.74533,0.14849,,0.0039,0.04733,0.6
19,60,hybrid,HYBRID_ALPHA0.1_BETA0.9,0.1,0.9,500,0.0,1.27754,0.90418,0.01718,2.96272,1.50454,0.4247,,0.01538,0.44169,0.925
19,60,hybrid,HYBRID_ALPHA0.2_BETA0.8,0.2,0.8,500,0.0,1.30338,0.90318,0.01724,3.76814,1.77903,0.16588,,0.01199,0.08795,0.725
19,60,hybrid,HYBRID_ALPHA0.3_BETA0.7,0.3,0.7,500,0.0,1.29467,0.90396,0.01727,3.4686,1.69615,0.17006,,0.01205,0.09017,0.675
19,60,hybrid,HYBRID_ALPHA0.4_BETA0.6,0.4,0.6,500,0.0,1.27161,0.90159,0.01744,3.23909,1.6327,0.16981,,0.01214,0.09158,0.7
19,60,hybrid,HYBRID_ALPHA0.5_BETA0.5,0.5,0.5,500,0.0,1.28193,0.90196,0.01749,3.04873,1.57715,0.17155,,0.01232,0.09315,0.75
19,60,hybrid,HYBRID_ALPHA0.6_BETA0.4,0.6,0.4,500,0.0,1.29741,0.90527,0.01782,2.87898,1.52496,0.17529,,0.01255,0.0945,0.75
19,60,hybrid,HYBRID_ALPHA0.7_BETA0.3,0.7,0.3,500,0.0,1.29214,0.90587,0.0181,2.71386,1.4719,0.1827,,0.01289,0.09661,0.775
19,60,hybrid,HYBRID_ALPHA0.8_BETA0.2,0.8,0.2,500,0.0,1.29038,0.90713,0.01821,2.54971,1.41631,0.19896,,0.01355,0.10069,0.775
19,60,hybrid,HYBRID_ALPHA0.9_BETA0.1,0.9,0.1,500,0.0,1.28995,0.90752,0.01835,0.80151,0.72247,0.14722,,0.00386,0.04059,0.6
19,60,mse,MSE,1.0,0.0,50,1.0,1.6701,0.95968,0.05504,0.85904,0.74728,0.1742,,0.01089,0.07666,0.725
19,60,mse,MSE,1.0,0.0,50,0.0,1.6701,0.95968,0.05504,1.04657,0.8465,0.19879,,0.01225,0.10802,0.7
19,60,mse,MSE,1.0,0.0,100,1.0,1.56525,0.94473,0.05516,0.809,0.72366,0.18037,,0.01352,0.06407,0.7
19,60,mse,MSE,1.0,0.0,100,0.0,1.56525,0.94473,0.05516,1.70074,1.10543,0.29674,,0.01753,0.14186,0.8
19,60,mse,MSE,1.0,0.0,300,1.0,1.20795,0.89833,0.01644,0.93708,0.79857,0.13692,,0.01018,0.27654,0.875
19,60,mse,MSE,1.0,0.0,300,0.0,1.20795,0.89833,0.01644,1.58501,1.0844,0.22529,,0.01493,0.29153,0.9
19,60,mse,MSE,1.0,0.0,500,1.0,1.282,0.90624,0.01856,1.33994,0.97691,0.2411,,0.01524,0.07464,0.675
19,60,mse,MSE,1.0,0.0,500,0.0,1.282,0.90624,0.01856,2.34977,1.33063,0.3024,,0.0175,0.13556,0.8
20,61,hsic,HSIC,0.0,1.0,50,1.0,5.99764,1.52738,0.26554,1.6031,1.02838,0.41425,,0.01581,0.09336,0.725
20,61,hsic,HSIC,0.0,1.0,50,0.0,5.99764,1.52738,0.26554,2.93525,1.49691,0.42402,,0.01554,0.15937,0.8
20,61,hsic,HSIC,0.0,1.0,100,1.0,5.11882,1.68479,0.09007,0.72611,0.65187,0.05659,,0.00327,0.1284,0.8
20,61,hsic,HSIC,0.0,1.0,100,0.0,5.11882,1.68479,0.09007,0.9394,0.76857,0.23775,,0.01403,0.14977,0.85
20,61,hsic,HSIC,0.0,1.0,300,1.0,2.39764,1.04737,0.07322,1.32385,0.89067,0.07542,,0.00988,0.16887,0.825
20,61,hsic,HSIC,0.0,1.0,300,0.0,2.39764,1.04737,0.07322,0.98981,0.76832,0.11837,,0.01181,0.17874,0.85
20,61,hsic,HSIC,0.0,1.0,500,1.0,4.53215,1.56562,0.05851,1.41555,0.97054,0.37915,,0.01534,0.19364,0.825
20,61,hsic,HSIC,0.0,1.0,500,0.0,4.53215,1.56562,0.05851,2.60679,1.40059,0.38265,,0.01545,0.23758,0.8
20,61,hybrid,HYBRID_ALPHA0.1_BETA0.9,0.1,0.9,50,1.0,6.54429,1.56724,0.26904,1.58776,1.02435,0.41336,,0.01594,0.09149,0.725
20,61,hybrid,HYBRID_ALPHA0.2_BETA0.8,0.2,0.8,50,1.0,5.77202,1.5356,0.3118,1.05781,0.84173,0.22688,,0.01253,0.05633,0.65
20,61,hybrid,HYBRID_ALPHA0.3_BETA0.7,0.3,0.7,50,1.0,5.18578,1.48242,0.31025,0.95464,0.79178,0.20407,,0.01284,0.0536,0.75
20,61,hybrid,HYBRID_ALPHA0.4_BETA0.6,0.4,0.6,50,1.0,5.21134,1.48398,0.31042,0.90082,0.76989,0.17917,,0.01332,0.05265,0.675
20,61,hybrid,HYBRID_ALPHA0.5_BETA0.5,0.5,0.5,50,1.0,4.34848,1.37471,0.26174,1.09763,0.85523,0.29511,,0.01462,0.054,0.7
20,61,hybrid,HYBRID_ALPHA0.6_BETA0.4,0.6,0.4,50,1.0,4.29827,1.37561,0.2696,1.12966,0.86715,0.3103,,0.01479,0.05526,0.65
20,61,hybrid,HYBRID_ALPHA0.7_BETA0.3,0.7,0.3,50,1.0,3.78348,1.29563,0.22493,1.15507,0.87537,0.31799,,0.0146,0.05482,0.65
20,61,hybrid,HYBRID_ALPHA0.8_BETA0.2,0.8,0.2,50,1.0,3.76404,1.29763,0.23443,1.20336,0.88753,0.32437,,0.01435,0.05286,0.65
20,61,hybrid,HYBRID_ALPHA0.9_BETA0.1,0.9,0.1,50,1.0,3.82978,1.31032,0.24402,1.3073,0.91469,0.33278,,0.01328,0.0543,0.675
20,61,hybrid,HYBRID_ALPHA0.1_BETA0.9,0.1,0.9,50,0.0,6.54429,1.56724,0.26904,2.9158,1.49074,0.42275,,0.01576,0.15648,0.825
20,61,hybrid,HYBRID_ALPHA0.2_BETA0.8,0.2,0.8,50,0.0,5.77202,1.5356,0.3118,1.53752,1.04749,0.31116,,0.01582,0.09218,0.725
20,61,hybrid,HYBRID_ALPHA0.3_BETA0.7,0.3,0.7,50,0.0,5.18578,1.48242,0.31025,1.54368,1.04818,0.29645,,0.0159,0.09871,0.8
20,61,hybrid,HYBRID_ALPHA0.4_BETA0.6,0.4,0.6,50,0.0,5.21134,1.48398,0.31042,1.60198,1.07684,0.27676,,0.01638,0.10532,0.8
20,61,hybrid,HYBRID_ALPHA0.5_BETA0.5,0.5,0.5,50,0.0,4.34848,1.37471,0.26174,2.06029,1.22773,0.34694,,0.01573,0.11605,0.825
20,61,hybrid,HYBRID_ALPHA0.6_BETA0.4,0.6,0.4,50,0.0,4.29827,1.37561,0.2696,2.11491,1.24728,0.35424,,0.01562,0.11778,0.825
20,61,hybrid,HYBRID_ALPHA0.7_BETA0.3,0.7,0.3,50,0.0,3.78348,1.29563,0.22493,2.15113,1.25924,0.35763,,0.01561,0.12054,0.825
20,61,hybrid,HYBRID_ALPHA0.8_BETA0.2,0.8,0.2,50,0.0,3.76404,1.29763,0.23443,2.17448,1.26765,0.3617,,0.01559,0.11996,0.825
20,61,hybrid,HYBRID_ALPHA0.9_BETA0.1,0.9,0.1,50,0.0,3.82978,1.31032,0.24402,2.23654,1.28826,0.36756,,0.01545,0.12619,0.8
20,61,hybrid,HYBRID_ALPHA0.1_BETA0.9,0.1,0.9,100,1.0,2.08446,1.01023,0.05786,1.17728,0.88632,0.20669,,0.01386,0.04706,0.7
20,61,hybrid,HYBRID_ALPHA0.2_BETA0.8,0.2,0.8,100,1.0,2.104,1.0192,0.06167,1.23359,0.93526,0.15348,,0.01358,0.07041,0.75
20,61,hybrid,HYBRID_ALPHA0.3_BETA0.7,0.3,0.7,100,1.0,2.05521,1.01622,0.06011,0.9848,0.82212,0.10154,,0.01089,0.0563,0.725
20,61,hybrid,HYBRID_ALPHA0.4_BETA0.6,0.4,0.6,100,1.0,1.96285,0.99437,0.05088,0.93692,0.79735,0.10387,,0.01086,0.05297,0.675
20,61,hybrid,HYBRID_ALPHA0.5_BETA0.5,0.5,0.5,100,1.0,1.95854,0.98849,0.04913,0.93562,0.79923,0.09502,,0.01047,0.0553,0.725
20,61,hybrid,HYBRID_ALPHA0.6_BETA0.4,0.6,0.4,100,1.0,1.9727,0.98387,0.05008,1.01007,0.84283,0.1147,,0.01062,0.06962,0.65
20,61,hybrid,HYBRID_ALPHA0.7_BETA0.3,0.7,0.3,100,1.0,1.98761,0.98173,0.05113,0.92089,0.79373,0.0867,,0.00955,0.05596,0.7
20,61,hybrid,HYBRID_ALPHA0.8_BETA0.2,0.8,0.2,100,1.0,1.99409,0.98117,0.05188,1.04116,0.8644,0.04833,,0.00713,0.07395,0.775
20,61,hybrid,HYBRID_ALPHA0.9_BETA0.1,0.9,0.1,100,1.0,2.11754,1.00823,0.06252,1.08788,0.88926,0.054,,0.00754,0.0803,0.725
20,61,hybrid,HYBRID_ALPHA0.1_BETA0.9,0.1,0.9,100,0.0,2.08446,1.01023,0.05786,1.15147,0.88409,0.28172,,0.01535,0.04464,0.725
20,61,hybrid,HYBRID_ALPHA0.2_BETA0.8,0.2,0.8,100,0.0,2.104,1.0192,0.06167,0.91661,0.76188,0.21519,,0.01479,0.03848,0.675
20,61,hybrid,HYBRID_ALPHA0.3_BETA0.7,0.3,0.7,100,0.0,2.05521,1.01622,0.06011,0.79065,0.70306,0.13694,,0.01204,0.03519,0.725
20,61,hybrid,HYBRID_ALPHA0.4_BETA0.6,0.4,0.6,100,0.0,1.96285,0.99437,0.05088,0.79882,0.70739,0.14622,,0.01222,0.03699,0.7
20,61,hybrid,HYBRID_ALPHA0.5_BETA0.5,0.5,0.5,100,0.0,1.95854,0.98849,0.04913,0.77646,0.69934,0.12867,,0.01158,0.03612,0.675
20,61,hybrid,HYBRID_ALPHA0.6_BETA0.4,0.6,0.4,100,0.0,1.9727,0.98387,0.05008,1.00753,0.81336,0.22501,,0.01437,0.06571,0.65
20,61,hybrid,HYBRID_ALPHA0.7_BETA0.3,0.7,0.3,100,0.0,1.98761,0.98173,0.05113,0.76628,0.69648,0.12459,,0.01075,0.0365,0.675
20,61,hybrid,HYBRID_ALPHA0.8_BETA0.2,0.8,0.2,100,0.0,1.99409,0.98117,0.05188,0.91888,0.76829,0.19704,,0.01365,0.05469,0.65
20,61,hybrid,HYBRID_ALPHA0.9_BETA0.1,0.9,0.1,100,0.0,2.11754,1.00823,0.06252,0.96578,0.79538,0.18965,,0.01309,0.06234,0.65
20,61,hybrid,HYBRID_ALPHA0.1_BETA0.9,0.1,0.9,300,1.0,1.52664,0.93049,0.0299,0.85314,0.76078,0.06886,,0.00447,0.03504,0.625
20,61,hybrid,HYBRID_ALPHA0.2_BETA0.8,0.2,0.8,300,1.0,1.55833,0.93775,0.0328,0.73946,0.70503,0.04053,,0.00381,0.0401,0.725
20,61,hybrid,HYBRID_ALPHA0.3_BETA0.7,0.3,0.7,300,1.0,1.44268,0.92372,0.02686,0.71986,0.68855,0.05465,,0.00444,0.04028,0.7
20,61,hybrid,HYBRID_ALPHA0.4_BETA0.6,0.4,0.6,300,1.0,1.45194,0.92515,0.02696,0.63336,0.63723,0.04802,,0.00412,0.03294,0.725
20,61,hybrid,HYBRID_ALPHA0.5_BETA0.5,0.5,0.5,300,1.0,1.4484,0.92762,0.02996,0.67335,0.65663,0.07315,,0.00516,0.03807,0.725
20,61,hybrid,HYBRID_ALPHA0.6_BETA0.4,0.6,0.4,300,1.0,1.3624,0.92262,0.03621,0.68034,0.66139,0.07768,,0.00533,0.03945,0.725
20,61,hybrid,HYBRID_ALPHA0.7_BETA0.3,0.7,0.3,300,1.0,1.23812,0.89881,0.02487,0.69228,0.66839,0.08539,,0.00557,0.04132,0.65
20,61,hybrid,HYBRID_ALPHA0.8_BETA0.2,0.8,0.2,300,1.0,1.22731,0.90217,0.02601,0.70857,0.67696,0.09629,,0.00596,0.04356,0.625
20,61,hybrid,HYBRID_ALPHA0.9_BETA0.1,0.9,0.1,300,1.0,1.2673,0.91152,0.02785,0.7285,0.68714,0.11178,,0.00646,0.04587,0.65
20,61,hybrid,HYBRID_ALPHA0.1_BETA0.9,0.1,0.9,300,0.0,1.52664,0.93049,0.0299,0.91404,0.7782,0.16821,,0.00784,0.03633,0.75
20,61,hybrid,HYBRID_ALPHA0.2_BETA0.8,0.2,0.8,300,0.0,1.55833,0.93775,0.0328,0.6153,0.62286,0.05644,,0.00372,0.02307,0.6
20,61,hybrid,HYBRID_ALPHA0.3_BETA0.7,0.3,0.7,300,0.0,1.44268,0.92372,0.02686,0.64257,0.63876,0.08796,,0.00486,0.02623,0.675
20,61,hybrid,HYBRID_ALPHA0.4_BETA0.6,0.4,0.6,300,0.0,1.45194,0.92515,0.02696,0.66212,0.64576,0.11688,,0.00608,0.02852,0.725
20,61,hybrid,HYBRID_ALPHA0.5_BETA0.5,0.5,0.5,300,0.0,1.4484,0.92762,0.02996,0.70399,0.66734,0.1541,,0.00773,0.03144,0.65
20,61,hybrid,HYBRID_ALPHA0.6_BETA0.4,0.6,0.4,300,0.0,1.3624,0.92262,0.03621,0.70218,0.66528,0.1571,,0.00799,0.03135,0.675
20,61,hybrid,HYBRID_ALPHA0.7_BETA0.3,0.7,0.3,300,0.0,1.23812,0.89881,0.02487,0.70375,0.66502,0.16197,,0.00828,0.03156,0.675
20,61,hybrid,HYBRID_ALPHA0.8_BETA0.2,0.8,0.2,300,0.0,1.22731,0.90217,0.02601,0.71259,0.66874,0.17106,,0.00877,0.03262,0.675
20,61,hybrid,HYBRID_ALPHA0.9_BETA0.1,0.9,0.1,300,0.0,1.2673,0.91152,0.02785,0.72722,0.67578,0.18353,,0.00932,0.03387,0.7
20,61,hybrid,HYBRID_ALPHA0.1_BETA0.9,0.1,0.9,500,1.0,1.65598,0.9454,0.03368,0.66845,0.68038,0.02523,,0.00523,0.02893,0.75
20,61,hybrid,HYBRID_ALPHA0.2_BETA0.8,0.2,0.8,500,1.0,1.40701,0.91155,0.01845,0.63229,0.65671,0.02786,,0.00534,0.03123,0.725
20,61,hybrid,HYBRID_ALPHA0.3_BETA0.7,0.3,0.7,500,1.0,1.37988,0.91416,0.01821,0.652,0.65482,0.04177,,0.00454,0.03812,0.75
20,61,hybrid,HYBRID_ALPHA0.4_BETA0.6,0.4,0.6,500,1.0,1.35228,0.91233,0.0185,0.63835,0.64701,0.03716,,0.0044,0.04071,0.75
20,61,hybrid,HYBRID_ALPHA0.5_BETA0.5,0.5,0.5,500,1.0,1.33676,0.91184,0.01897,0.63917,0.64939,0.03719,,0.00457,0.04202,0.7
20,61,hybrid,HYBRID_ALPHA0.6_BETA0.4,0.6,0.4,500,1.0,1.36408,0.91678,0.0201,0.64349,0.65513,0.03571,,0.00468,0.04353,0.725
20,61,hybrid,HYBRID_ALPHA0.7_BETA0.3,0.7,0.3,500,1.0,1.33244,0.91532,0.01898,0.64718,0.65762,0.03905,,0.00489,0.04374,0.7
20,61,hybrid,HYBRID_ALPHA0.8_BETA0.2,0.8,0.2,500,1.0,1.33032,0.91381,0.01898,0.61506,0.63404,0.03186,,0.00248,0.02851,0.75
20,61,hybrid,HYBRID_ALPHA0.9_BETA0.1,0.9,0.1,500,1.0,1.32974,0.91441,0.01909,0.70467,0.68816,0.05775,,0.00547,0.05007,0.65
20,61,hybrid,HYBRID_ALPHA0.1_BETA0.9,0.1,0.9,500,0.0,1.65598,0.9454,0.03368,0.73253,0.69807,0.09413,,0.00791,0.03633,0.775
20,61,hybrid,HYBRID_ALPHA0.2_BETA0.8,0.2,0.8,500,0.0,1.40701,0.91155,0.01845,0.6773,0.66107,0.09412,,0.00778,0.03568,0.775
20,61,hybrid,HYBRID_ALPHA0.3_BETA0.7,0.3,0.7,500,0.0,1.37988,0.91416,0.01821,0.65587,0.64155,0.10481,,0.00623,0.03166,0.75
20,61,hybrid,HYBRID_ALPHA0.4_BETA0.6,0.4,0.6,500,0.0,1.35228,0.91233,0.0185,0.62055,0.61965,0.09307,,0.00578,0.02809,0.775
20,61,hybrid,HYBRID_ALPHA0.5_BETA0.5,0.5,0.5,500,0.0,1.33676,0.91184,0.01897,0.61212,0.61423,0.08979,,0.00592,0.02761,0.775
20,61,hybrid,HYBRID_ALPHA0.6_BETA0.4,0.6,0.4,500,0.0,1.36408,0.91678,0.0201,0.59897,0.60535,0.08085,,0.00592,0.02683,0.725
20,61,hybrid,HYBRID_ALPHA0.7_BETA0.3,0.7,0.3,500,0.0,1.33244,0.91532,0.01898,0.6121,0.61159,0.0933,,0.00653,0.02849,0.75
20,61,hybrid,HYBRID_ALPHA0.8_BETA0.2,0.8,0.2,500,0.0,1.33032,0.91381,0.01898,0.64933,0.65094,0.03394,,0.00213,0.0318,0.775
20,61,hybrid,HYBRID_ALPHA0.9_BETA0.1,0.9,0.1,500,0.0,1.32974,0.91441,0.01909,0.63045,0.622,0.10656,,0.00696,0.02972,0.725
20,61,mse,MSE,1.0,0.0,50,1.0,3.81749,1.3141,0.24702,1.29759,0.91308,0.3346,,0.01327,0.05319,0.675
20,61,mse,MSE,1.0,0.0,50,0.0,3.81749,1.3141,0.24702,2.24492,1.29208,0.36926,,0.01524,0.12534,0.825
20,61,mse,MSE,1.0,0.0,100,1.0,2.17048,1.01749,0.06746,1.03895,0.86588,0.0526,,0.00696,0.07417,0.75
20,61,mse,MSE,1.0,0.0,100,0.0,2.17048,1.01749,0.06746,1.01035,0.82336,0.17917,,0.01259,0.06897,0.6
20,61,mse,MSE,1.0,0.0,300,1.0,1.86658,0.96831,0.04058,0.76298,0.70408,0.14021,,0.00759,0.04852,0.7
20,61,mse,MSE,1.0,0.0,300,0.0,1.86658,0.96831,0.04058,0.76515,0.69677,0.20838,,0.0105,0.03715,0.7
20,61,mse,MSE,1.0,0.0,500,1.0,1.32804,0.91733,0.01964,0.70978,0.69007,0.06678,,0.00603,0.05068,0.7
20,61,mse,MSE,1.0,0.0,500,0.0,1.32804,0.91733,0.01964,0.63332,0.62277,0.10584,,0.00728,0.03144,0.775
