Experiment,Seed,Loss,Conf,Alpha,Beta,N,Y_do,MSE Y,MAE Y,"HSIC(Y,X)",MSE Z,MAE Z,"HSIC(Z,X)","HSIC(Z,Y)",dHSIC Total,MMD,RF Acc
1,42,hsic,HSIC,0.0,1.0,50,1.0,3.63759,1.32055,0.03572,1.65994,1.03306,0.17312,,0.00739,0.04206,0.675
1,42,hsic,HSIC,0.0,1.0,50,0.0,3.63759,1.32055,0.03572,2.57405,1.30531,0.16635,,0.00743,0.08277,0.65
1,42,hsic,HSIC,0.0,1.0,100,1.0,2.42728,1.23708,0.0209,1.60555,1.00697,0.16252,,0.00713,0.06607,0.575
1,42,hsic,HSIC,0.0,1.0,100,0.0,2.42728,1.23708,0.0209,2.59625,1.3145,0.15963,,0.00718,0.12643,0.575
1,42,hsic,HSIC,0.0,1.0,300,1.0,2.59245,1.27117,0.01466,1.61342,1.02101,0.1555,,0.00706,0.09203,0.675
1,42,hsic,HSIC,0.0,1.0,300,0.0,2.59245,1.27117,0.01466,2.71028,1.34322,0.15441,,0.00717,0.15122,0.625
1,42,hsic,HSIC,0.0,1.0,500,1.0,2.27572,1.19935,0.00856,1.70636,1.05424,0.15999,,0.00714,0.11659,0.65
1,42,hsic,HSIC,0.0,1.0,500,0.0,2.27572,1.19935,0.00856,2.93615,1.40122,0.16129,,0.00729,0.16589,0.7
1,42,hybrid,HYBRID_ALPHA0.1_BETA0.9,0.1,0.9,50,1.0,2.90804,1.18302,0.05198,1.68389,1.03908,0.1775,,0.00736,0.0382,0.7
1,42,hybrid,HYBRID_ALPHA0.2_BETA0.8,0.2,0.8,50,1.0,3.79105,1.2821,0.04024,1.32207,0.93668,0.03119,,0.00673,0.01705,0.65
1,42,hybrid,HYBRID_ALPHA0.3_BETA0.7,0.3,0.7,50,1.0,5.95284,1.3199,0.02773,1.24084,0.90069,0.03488,,0.00642,0.0169,0.6
1,42,hybrid,HYBRID_ALPHA0.4_BETA0.6,0.4,0.6,50,1.0,2.63656,1.22621,0.03825,1.18105,0.87021,0.03185,,0.0066,0.01633,0.625
1,42,hybrid,HYBRID_ALPHA0.5_BETA0.5,0.5,0.5,50,1.0,2.01409,1.13773,0.02108,1.14221,0.85416,0.03334,,0.00667,0.01657,0.6
1,42,hybrid,HYBRID_ALPHA0.6_BETA0.4,0.6,0.4,50,1.0,3.92157,1.33668,0.04814,1.13509,0.84946,0.03856,,0.00719,0.01696,0.575
1,42,hybrid,HYBRID_ALPHA0.7_BETA0.3,0.7,0.3,50,1.0,34.07801,1.93741,0.04571,1.59946,1.00669,0.16997,,0.00762,0.03411,0.75
1,42,hybrid,HYBRID_ALPHA0.8_BETA0.2,0.8,0.2,50,1.0,69.97207,2.24338,0.04406,1.59888,1.00645,0.16995,,0.00763,0.03408,0.75
1,42,hybrid,HYBRID_ALPHA0.9_BETA0.1,0.9,0.1,50,1.0,81.6836,2.25746,0.0421,1.59834,1.00617,0.17016,,0.00765,0.03406,0.75
1,42,hybrid,HYBRID_ALPHA0.1_BETA0.9,0.1,0.9,50,0.0,2.90804,1.18302,0.05198,2.55457,1.29935,0.17777,,0.00746,0.07724,0.625
1,42,hybrid,HYBRID_ALPHA0.2_BETA0.8,0.2,0.8,50,0.0,3.79105,1.2821,0.04024,1.76685,1.0799,0.06748,,0.00768,0.02574,0.625
1,42,hybrid,HYBRID_ALPHA0.3_BETA0.7,0.3,0.7,50,0.0,5.95284,1.3199,0.02773,1.58292,1.01546,0.06273,,0.00784,0.02569,0.575
1,42,hybrid,HYBRID_ALPHA0.4_BETA0.6,0.4,0.6,50,0.0,2.63656,1.22621,0.03825,1.39008,0.95172,0.06277,,0.00756,0.02296,0.6
1,42,hybrid,HYBRID_ALPHA0.5_BETA0.5,0.5,0.5,50,0.0,2.01409,1.13773,0.02108,1.32584,0.92426,0.06203,,0.00758,0.02336,0.55
1,42,hybrid,HYBRID_ALPHA0.6_BETA0.4,0.6,0.4,50,0.0,3.92157,1.33668,0.04814,1.28298,0.90393,0.05903,,0.00739,0.02271,0.55
1,42,hybrid,HYBRID_ALPHA0.7_BETA0.3,0.7,0.3,50,0.0,34.07801,1.93741,0.04571,2.5078,1.28553,0.18964,,0.00807,0.07395,0.625
1,42,hybrid,HYBRID_ALPHA0.8_BETA0.2,0.8,0.2,50,0.0,69.97207,2.24338,0.04406,2.50549,1.28489,0.18943,,0.00806,0.07391,0.625
1,42,hybrid,HYBRID_ALPHA0.9_BETA0.1,0.9,0.1,50,0.0,81.6836,2.25746,0.0421,2.50125,1.28372,0.18917,,0.00806,0.07385,0.625
1,42,hybrid,HYBRID_ALPHA0.1_BETA0.9,0.1,0.9,100,1.0,1.58725,1.02891,0.00939,1.39295,0.99114,0.11812,,0.00807,0.01285,0.55
1,42,hybrid,HYBRID_ALPHA0.2_BETA0.8,0.2,0.8,100,1.0,1.6773,1.05102,0.01429,1.38057,0.95953,0.03649,,0.00635,0.01467,0.575
1,42,hybrid,HYBRID_ALPHA0.3_BETA0.7,0.3,0.7,100,1.0,1.8122,1.07505,0.01735,1.35617,0.9473,0.03562,,0.00619,0.01451,0.6
1,42,hybrid,HYBRID_ALPHA0.4_BETA0.6,0.4,0.6,100,1.0,2.32447,1.11386,0.01941,1.32702,0.93304,0.03459,,0.00612,0.01442,0.6
1,42,hybrid,HYBRID_ALPHA0.5_BETA0.5,0.5,0.5,100,1.0,3.14747,1.15307,0.01957,1.404,0.98366,0.10957,,0.00742,0.01263,0.575
1,42,hybrid,HYBRID_ALPHA0.6_BETA0.4,0.6,0.4,100,1.0,2.71702,1.13957,0.01877,1.27122,0.94291,0.06334,,0.00596,0.01456,0.525
1,42,hybrid,HYBRID_ALPHA0.7_BETA0.3,0.7,0.3,100,1.0,1.80164,1.08125,0.02373,1.28626,0.9492,0.06567,,0.006,0.01518,0.525
1,42,hybrid,HYBRID_ALPHA0.8_BETA0.2,0.8,0.2,100,1.0,1.83811,1.09238,0.01941,1.2943,0.94952,0.06703,,0.00612,0.01532,0.6
1,42,hybrid,HYBRID_ALPHA0.9_BETA0.1,0.9,0.1,100,1.0,1.85062,1.09908,0.01962,1.42453,0.98267,0.10512,,0.00715,0.01305,0.675
1,42,hybrid,HYBRID_ALPHA0.1_BETA0.9,0.1,0.9,100,0.0,1.58725,1.02891,0.00939,1.56862,1.04484,0.17794,,0.01032,0.01158,0.625
1,42,hybrid,HYBRID_ALPHA0.2_BETA0.8,0.2,0.8,100,0.0,1.6773,1.05102,0.01429,2.10873,1.18754,0.06826,,0.00779,0.04012,0.55
1,42,hybrid,HYBRID_ALPHA0.3_BETA0.7,0.3,0.7,100,0.0,1.8122,1.07505,0.01735,2.01398,1.15835,0.06667,,0.00768,0.0395,0.575
1,42,hybrid,HYBRID_ALPHA0.4_BETA0.6,0.4,0.6,100,0.0,2.32447,1.11386,0.01941,1.93347,1.13304,0.06567,,0.00764,0.03917,0.575
1,42,hybrid,HYBRID_ALPHA0.5_BETA0.5,0.5,0.5,100,0.0,3.14747,1.15307,0.01957,1.61726,1.05758,0.18082,,0.01091,0.01218,0.675
1,42,hybrid,HYBRID_ALPHA0.6_BETA0.4,0.6,0.4,100,0.0,2.71702,1.13957,0.01877,1.28493,0.94206,0.06952,,0.00701,0.01385,0.575
1,42,hybrid,HYBRID_ALPHA0.7_BETA0.3,0.7,0.3,100,0.0,1.80164,1.08125,0.02373,1.3015,0.94935,0.0683,,0.0067,0.01411,0.525
1,42,hybrid,HYBRID_ALPHA0.8_BETA0.2,0.8,0.2,100,0.0,1.83811,1.09238,0.01941,1.29304,0.94484,0.06244,,0.00628,0.01436,0.65
1,42,hybrid,HYBRID_ALPHA0.9_BETA0.1,0.9,0.1,100,0.0,1.85062,1.09908,0.01962,1.43025,0.98699,0.10476,,0.00716,0.01222,0.575
1,42,hybrid,HYBRID_ALPHA0.1_BETA0.9,0.1,0.9,300,1.0,1.51927,1.00788,0.00913,1.11522,0.87117,0.02872,,0.00621,0.0123,0.5
1,42,hybrid,HYBRID_ALPHA0.2_BETA0.8,0.2,0.8,300,1.0,1.48993,0.99867,0.00843,1.09536,0.86583,0.02913,,0.00664,0.01291,0.525
1,42,hybrid,HYBRID_ALPHA0.3_BETA0.7,0.3,0.7,300,1.0,1.44832,0.99109,0.01152,1.092,0.86525,0.02895,,0.00666,0.01287,0.5
1,42,hybrid,HYBRID_ALPHA0.4_BETA0.6,0.4,0.6,300,1.0,1.43547,0.98812,0.01163,1.09134,0.86465,0.0283,,0.00664,0.0131,0.55
1,42,hybrid,HYBRID_ALPHA0.5_BETA0.5,0.5,0.5,300,1.0,1.43278,0.986,0.01003,1.09128,0.86393,0.02763,,0.00663,0.01342,0.525
1,42,hybrid,HYBRID_ALPHA0.6_BETA0.4,0.6,0.4,300,1.0,1.42764,0.9838,0.00986,1.09123,0.86335,0.02681,,0.0066,0.01369,0.525
1,42,hybrid,HYBRID_ALPHA0.7_BETA0.3,0.7,0.3,300,1.0,1.41492,0.9802,0.00989,1.32722,0.9339,0.03029,,0.00672,0.01704,0.525
1,42,hybrid,HYBRID_ALPHA0.8_BETA0.2,0.8,0.2,300,1.0,1.48578,1.00499,0.01898,1.29653,0.92169,0.03229,,0.00669,0.01711,0.525
1,42,hybrid,HYBRID_ALPHA0.9_BETA0.1,0.9,0.1,300,1.0,1.49065,1.00485,0.01843,1.29636,0.92022,0.0329,,0.00657,0.01862,0.525
1,42,hybrid,HYBRID_ALPHA0.1_BETA0.9,0.1,0.9,300,0.0,1.51927,1.00788,0.00913,1.20305,0.88987,0.02522,,0.00556,0.01695,0.55
1,42,hybrid,HYBRID_ALPHA0.2_BETA0.8,0.2,0.8,300,0.0,1.48993,0.99867,0.00843,1.13123,0.87108,0.02532,,0.00628,0.01567,0.5
1,42,hybrid,HYBRID_ALPHA0.3_BETA0.7,0.3,0.7,300,0.0,1.44832,0.99109,0.01152,1.12398,0.8692,0.02458,,0.00626,0.01551,0.55
1,42,hybrid,HYBRID_ALPHA0.4_BETA0.6,0.4,0.6,300,0.0,1.43547,0.98812,0.01163,1.11713,0.86704,0.02427,,0.00628,0.01536,0.525
1,42,hybrid,HYBRID_ALPHA0.5_BETA0.5,0.5,0.5,300,0.0,1.43278,0.986,0.01003,1.11055,0.86516,0.02406,,0.00631,0.01526,0.55
1,42,hybrid,HYBRID_ALPHA0.6_BETA0.4,0.6,0.4,300,0.0,1.42764,0.9838,0.00986,1.1072,0.86343,0.02345,,0.00629,0.0153,0.6
1,42,hybrid,HYBRID_ALPHA0.7_BETA0.3,0.7,0.3,300,0.0,1.41492,0.9802,0.00989,1.74104,1.06935,0.07164,,0.00707,0.04088,0.575
1,42,hybrid,HYBRID_ALPHA0.8_BETA0.2,0.8,0.2,300,0.0,1.48578,1.00499,0.01898,1.70431,1.05551,0.07415,,0.00705,0.04143,0.55
1,42,hybrid,HYBRID_ALPHA0.9_BETA0.1,0.9,0.1,300,0.0,1.49065,1.00485,0.01843,1.63501,1.02987,0.07247,,0.00687,0.03931,0.575
1,42,hybrid,HYBRID_ALPHA0.1_BETA0.9,0.1,0.9,500,1.0,1.44943,0.98443,0.00779,1.63111,1.05824,0.03357,,0.00703,0.01227,0.525
1,42,hybrid,HYBRID_ALPHA0.2_BETA0.8,0.2,0.8,500,1.0,1.46969,0.99335,0.00832,1.44365,0.98881,0.03453,,0.00704,0.01293,0.5
1,42,hybrid,HYBRID_ALPHA0.3_BETA0.7,0.3,0.7,500,1.0,1.45941,0.99095,0.00824,1.32077,0.93459,0.02864,,0.00693,0.01472,0.5
1,42,hybrid,HYBRID_ALPHA0.4_BETA0.6,0.4,0.6,500,1.0,1.45485,0.98971,0.0083,1.30277,0.92445,0.03382,,0.00707,0.01258,0.525
1,42,hybrid,HYBRID_ALPHA0.5_BETA0.5,0.5,0.5,500,1.0,1.46208,0.99143,0.00839,1.07514,0.85038,0.02074,,0.00651,0.01368,0.55
1,42,hybrid,HYBRID_ALPHA0.6_BETA0.4,0.6,0.4,500,1.0,1.46454,0.99103,0.00841,1.07887,0.852,0.02055,,0.00635,0.01379,0.575
1,42,hybrid,HYBRID_ALPHA0.7_BETA0.3,0.7,0.3,500,1.0,1.47909,0.99649,0.00894,1.27256,0.90925,0.04017,,0.00726,0.01502,0.5
1,42,hybrid,HYBRID_ALPHA0.8_BETA0.2,0.8,0.2,500,1.0,1.49021,1.00019,0.00923,1.26222,0.90487,0.04215,,0.0073,0.01544,0.525
1,42,hybrid,HYBRID_ALPHA0.9_BETA0.1,0.9,0.1,500,1.0,1.49427,1.0016,0.00943,1.26037,0.90358,0.04511,,0.00735,0.01598,0.55
1,42,hybrid,HYBRID_ALPHA0.1_BETA0.9,0.1,0.9,500,0.0,1.44943,0.98443,0.00779,2.00362,1.15577,0.06202,,0.00751,0.02425,0.525
1,42,hybrid,HYBRID_ALPHA0.2_BETA0.8,0.2,0.8,500,0.0,1.46969,0.99335,0.00832,1.65661,1.04547,0.04739,,0.00722,0.02315,0.575
1,42,hybrid,HYBRID_ALPHA0.3_BETA0.7,0.3,0.7,500,0.0,1.45941,0.99095,0.00824,1.47132,0.98628,0.0382,,0.00672,0.0237,0.525
1,42,hybrid,HYBRID_ALPHA0.4_BETA0.6,0.4,0.6,500,0.0,1.45485,0.98971,0.0083,1.74818,1.07355,0.06939,,0.00783,0.03353,0.525
1,42,hybrid,HYBRID_ALPHA0.5_BETA0.5,0.5,0.5,500,0.0,1.46208,0.99143,0.00839,1.13556,0.87827,0.02126,,0.0066,0.01929,0.55
1,42,hybrid,HYBRID_ALPHA0.6_BETA0.4,0.6,0.4,500,0.0,1.46454,0.99103,0.00841,1.12968,0.8746,0.02099,,0.00645,0.01936,0.55
1,42,hybrid,HYBRID_ALPHA0.7_BETA0.3,0.7,0.3,500,0.0,1.47909,0.99649,0.00894,1.89116,1.11676,0.08884,,0.00804,0.05025,0.525
1,42,hybrid,HYBRID_ALPHA0.8_BETA0.2,0.8,0.2,500,0.0,1.49021,1.00019,0.00923,1.87499,1.11091,0.09227,,0.00806,0.05164,0.575
1,42,hybrid,HYBRID_ALPHA0.9_BETA0.1,0.9,0.1,500,0.0,1.49427,1.0016,0.00943,1.889,1.11434,0.09689,,0.00808,0.05413,0.5
1,42,mse,MSE,1.0,0.0,50,1.0,60.43194,2.12934,0.03369,1.59735,1.00575,0.17055,,0.0077,0.03407,0.725
1,42,mse,MSE,1.0,0.0,50,0.0,60.43194,2.12934,0.03369,2.49468,1.28149,0.18884,,0.00808,0.07381,0.625
1,42,mse,MSE,1.0,0.0,100,1.0,1.68815,1.0548,0.01864,1.41035,0.98226,0.08055,,0.00654,0.01836,0.675
1,42,mse,MSE,1.0,0.0,100,0.0,1.68815,1.0548,0.01864,1.37525,0.96997,0.09056,,0.0075,0.0132,0.675
1,42,mse,MSE,1.0,0.0,300,1.0,1.43788,0.99999,0.01686,1.29681,0.9196,0.0363,,0.00662,0.01892,0.55
1,42,mse,MSE,1.0,0.0,300,0.0,1.43788,0.99999,0.01686,1.63909,1.03004,0.07685,,0.00694,0.03991,0.6
1,42,mse,MSE,1.0,0.0,500,1.0,1.53642,1.01306,0.00965,1.25895,0.9023,0.04801,,0.0074,0.01639,0.5
1,42,mse,MSE,1.0,0.0,500,0.0,1.53642,1.01306,0.00965,1.90953,1.12009,0.10079,,0.0081,0.05666,0.55
2,43,hsic,HSIC,0.0,1.0,50,1.0,3.48631,1.51873,0.01536,1.58258,1.0018,0.16676,,0.00759,0.10654,0.625
2,43,hsic,HSIC,0.0,1.0,50,0.0,3.48631,1.51873,0.01536,2.54882,1.2976,0.16896,,0.00769,0.16569,0.65
2,43,hsic,HSIC,0.0,1.0,100,1.0,2.84671,1.29817,0.14566,1.61086,1.01701,0.16369,,0.00747,0.06948,0.625
2,43,hsic,HSIC,0.0,1.0,100,0.0,2.84671,1.29817,0.14566,2.61402,1.31494,0.1656,,0.00762,0.12533,0.675
2,43,hsic,HSIC,0.0,1.0,300,1.0,2.48797,1.25954,0.01384,1.63728,1.02421,0.17341,,0.00759,0.08613,0.775
2,43,hsic,HSIC,0.0,1.0,300,0.0,2.48797,1.25954,0.01384,2.56237,1.30055,0.17602,,0.00773,0.14128,0.625
2,43,hsic,HSIC,0.0,1.0,500,1.0,2.61491,1.27868,0.01189,1.57709,1.00113,0.16505,,0.00762,0.08771,0.675
2,43,hsic,HSIC,0.0,1.0,500,0.0,2.61491,1.27868,0.01189,2.56896,1.30265,0.16692,,0.0077,0.15201,0.675
2,43,hybrid,HYBRID_ALPHA0.1_BETA0.9,0.1,0.9,50,1.0,1.61517,1.03889,0.01134,1.41995,0.95551,0.09598,,0.00732,0.02327,0.5
2,43,hybrid,HYBRID_ALPHA0.2_BETA0.8,0.2,0.8,50,1.0,1.72974,1.08476,0.0139,1.25382,0.89416,0.06118,,0.00787,0.02079,0.525
2,43,hybrid,HYBRID_ALPHA0.3_BETA0.7,0.3,0.7,50,1.0,1.82982,1.11028,0.01591,1.21057,0.86995,0.06123,,0.0078,0.02163,0.525
2,43,hybrid,HYBRID_ALPHA0.4_BETA0.6,0.4,0.6,50,1.0,1.76386,1.10539,0.01228,1.20323,0.86383,0.06175,,0.00776,0.02177,0.525
2,43,hybrid,HYBRID_ALPHA0.5_BETA0.5,0.5,0.5,50,1.0,1.77391,1.09584,0.01484,1.19866,0.86052,0.0613,,0.00773,0.02187,0.525
2,43,hybrid,HYBRID_ALPHA0.6_BETA0.4,0.6,0.4,50,1.0,1.80203,1.11322,0.01134,1.19672,0.85934,0.06098,,0.00771,0.02204,0.55
2,43,hybrid,HYBRID_ALPHA0.7_BETA0.3,0.7,0.3,50,1.0,1.7902,1.10422,0.01219,1.19282,0.8567,0.06059,,0.0077,0.02242,0.525
2,43,hybrid,HYBRID_ALPHA0.8_BETA0.2,0.8,0.2,50,1.0,2.09981,1.16519,0.03143,1.19241,0.85593,0.06082,,0.0077,0.02259,0.575
2,43,hybrid,HYBRID_ALPHA0.9_BETA0.1,0.9,0.1,50,1.0,1.86814,1.12565,0.02434,1.19075,0.85531,0.06001,,0.00768,0.02303,0.525
2,43,hybrid,HYBRID_ALPHA0.1_BETA0.9,0.1,0.9,50,0.0,1.61517,1.03889,0.01134,2.3425,1.24219,0.14773,,0.00783,0.06428,0.525
2,43,hybrid,HYBRID_ALPHA0.2_BETA0.8,0.2,0.8,50,0.0,1.72974,1.08476,0.0139,2.14716,1.1901,0.11892,,0.0087,0.06512,0.575
2,43,hybrid,HYBRID_ALPHA0.3_BETA0.7,0.3,0.7,50,0.0,1.82982,1.11028,0.01591,1.97597,1.13722,0.1196,,0.00865,0.06375,0.575
2,43,hybrid,HYBRID_ALPHA0.4_BETA0.6,0.4,0.6,50,0.0,1.76386,1.10539,0.01228,1.90867,1.11629,0.12142,,0.00857,0.063,0.55
2,43,hybrid,HYBRID_ALPHA0.5_BETA0.5,0.5,0.5,50,0.0,1.77391,1.09584,0.01484,1.86772,1.10396,0.12145,,0.00856,0.06228,0.575
2,43,hybrid,HYBRID_ALPHA0.6_BETA0.4,0.6,0.4,50,0.0,1.80203,1.11322,0.01134,1.84696,1.09788,0.12145,,0.00854,0.06187,0.625
2,43,hybrid,HYBRID_ALPHA0.7_BETA0.3,0.7,0.3,50,0.0,1.7902,1.10422,0.01219,1.77691,1.07637,0.12167,,0.00854,0.05918,0.65
2,43,hybrid,HYBRID_ALPHA0.8_BETA0.2,0.8,0.2,50,0.0,2.09981,1.16519,0.03143,1.74848,1.0668,0.12243,,0.00852,0.05822,0.6
2,43,hybrid,HYBRID_ALPHA0.9_BETA0.1,0.9,0.1,50,0.0,1.86814,1.12565,0.02434,1.67786,1.04324,0.12072,,0.0085,0.05399,0.575
2,43,hybrid,HYBRID_ALPHA0.1_BETA0.9,0.1,0.9,100,1.0,2.59133,1.24844,0.13057,1.41963,0.96751,0.04306,,0.00658,0.01904,0.525
2,43,hybrid,HYBRID_ALPHA0.2_BETA0.8,0.2,0.8,100,1.0,2.49716,1.22374,0.13638,1.32082,0.92972,0.03957,,0.00721,0.01746,0.5
2,43,hybrid,HYBRID_ALPHA0.3_BETA0.7,0.3,0.7,100,1.0,2.41314,1.20389,0.13204,1.27607,0.91222,0.03812,,0.00718,0.01739,0.525
2,43,hybrid,HYBRID_ALPHA0.4_BETA0.6,0.4,0.6,100,1.0,2.35431,1.18807,0.12876,1.25049,0.90105,0.03811,,0.00718,0.01748,0.55
2,43,hybrid,HYBRID_ALPHA0.5_BETA0.5,0.5,0.5,100,1.0,2.30633,1.17526,0.12569,1.21856,0.8859,0.03794,,0.00719,0.01748,0.55
2,43,hybrid,HYBRID_ALPHA0.6_BETA0.4,0.6,0.4,100,1.0,2.26349,1.16469,0.12168,1.20177,0.87779,0.03818,,0.00722,0.01761,0.5
2,43,hybrid,HYBRID_ALPHA0.7_BETA0.3,0.7,0.3,100,1.0,2.16065,1.13885,0.10476,1.19635,0.87455,0.03921,,0.00726,0.01785,0.525
2,43,hybrid,HYBRID_ALPHA0.8_BETA0.2,0.8,0.2,100,1.0,2.13261,1.13315,0.09975,1.1881,0.8701,0.03972,,0.00728,0.01807,0.55
2,43,hybrid,HYBRID_ALPHA0.9_BETA0.1,0.9,0.1,100,1.0,2.12428,1.13138,0.09827,1.18047,0.86566,0.04101,,0.00732,0.01852,0.525
2,43,hybrid,HYBRID_ALPHA0.1_BETA0.9,0.1,0.9,100,0.0,2.59133,1.24844,0.13057,1.82889,1.09176,0.10537,,0.00687,0.03135,0.55
2,43,hybrid,HYBRID_ALPHA0.2_BETA0.8,0.2,0.8,100,0.0,2.49716,1.22374,0.13638,1.86929,1.10959,0.09339,,0.00782,0.04037,0.575
2,43,hybrid,HYBRID_ALPHA0.3_BETA0.7,0.3,0.7,100,0.0,2.41314,1.20389,0.13204,1.78952,1.08434,0.09082,,0.00782,0.03937,0.625
2,43,hybrid,HYBRID_ALPHA0.4_BETA0.6,0.4,0.6,100,0.0,2.35431,1.18807,0.12876,1.75043,1.0714,0.09173,,0.00786,0.03938,0.6
2,43,hybrid,HYBRID_ALPHA0.5_BETA0.5,0.5,0.5,100,0.0,2.30633,1.17526,0.12569,1.71467,1.05909,0.096,,0.00804,0.03982,0.625
2,43,hybrid,HYBRID_ALPHA0.6_BETA0.4,0.6,0.4,100,0.0,2.26349,1.16469,0.12168,1.70475,1.0552,0.09989,,0.00818,0.04037,0.55
2,43,hybrid,HYBRID_ALPHA0.7_BETA0.3,0.7,0.3,100,0.0,2.16065,1.13885,0.10476,1.71415,1.05789,0.10214,,0.00821,0.04119,0.6
2,43,hybrid,HYBRID_ALPHA0.8_BETA0.2,0.8,0.2,100,0.0,2.13261,1.13315,0.09975,1.72108,1.06032,0.10129,,0.00823,0.04183,0.625
2,43,hybrid,HYBRID_ALPHA0.9_BETA0.1,0.9,0.1,100,0.0,2.12428,1.13138,0.09827,1.73941,1.06633,0.10431,,0.00831,0.04354,0.55
2,43,hybrid,HYBRID_ALPHA0.1_BETA0.9,0.1,0.9,300,1.0,1.59095,1.02416,0.01447,1.39516,0.96005,0.03461,,0.00713,0.01277,0.6
2,43,hybrid,HYBRID_ALPHA0.2_BETA0.8,0.2,0.8,300,1.0,1.55999,1.01776,0.01408,1.27102,0.90791,0.03425,,0.00711,0.0126,0.6
2,43,hybrid,HYBRID_ALPHA0.3_BETA0.7,0.3,0.7,300,1.0,1.54599,1.01379,0.01441,1.22348,0.8875,0.03366,,0.0071,0.01274,0.6
2,43,hybrid,HYBRID_ALPHA0.4_BETA0.6,0.4,0.6,300,1.0,1.54868,1.01434,0.01478,1.1151,0.8536,0.02107,,0.00674,0.01235,0.625
2,43,hybrid,HYBRID_ALPHA0.5_BETA0.5,0.5,0.5,300,1.0,1.55572,1.01224,0.01494,1.11251,0.84757,0.02501,,0.00682,0.01234,0.6
2,43,hybrid,HYBRID_ALPHA0.6_BETA0.4,0.6,0.4,300,1.0,1.55984,1.01604,0.01547,1.10864,0.84534,0.02571,,0.00682,0.01273,0.65
2,43,hybrid,HYBRID_ALPHA0.7_BETA0.3,0.7,0.3,300,1.0,1.56367,1.01679,0.01573,1.10547,0.84416,0.02574,,0.00682,0.01303,0.625
2,43,hybrid,HYBRID_ALPHA0.8_BETA0.2,0.8,0.2,300,1.0,1.55826,1.01189,0.0153,1.10751,0.8437,0.02677,,0.00685,0.0133,0.6
2,43,hybrid,HYBRID_ALPHA0.9_BETA0.1,0.9,0.1,300,1.0,1.5453,1.00721,0.01485,1.11306,0.84451,0.02836,,0.0069,0.01366,0.6
2,43,hybrid,HYBRID_ALPHA0.1_BETA0.9,0.1,0.9,300,0.0,1.59095,1.02416,0.01447,1.96003,1.14018,0.08139,,0.0079,0.02895,0.525
2,43,hybrid,HYBRID_ALPHA0.2_BETA0.8,0.2,0.8,300,0.0,1.55999,1.01776,0.01408,1.76466,1.07806,0.07972,,0.00801,0.03027,0.575
2,43,hybrid,HYBRID_ALPHA0.3_BETA0.7,0.3,0.7,300,0.0,1.54599,1.01379,0.01441,1.66231,1.04418,0.08222,,0.00806,0.02989,0.6
2,43,hybrid,HYBRID_ALPHA0.4_BETA0.6,0.4,0.6,300,0.0,1.54868,1.01434,0.01478,1.41188,0.95875,0.07138,,0.00757,0.0279,0.6
2,43,hybrid,HYBRID_ALPHA0.5_BETA0.5,0.5,0.5,300,0.0,1.55572,1.01224,0.01494,1.44352,0.96947,0.07803,,0.00794,0.02849,0.575
2,43,hybrid,HYBRID_ALPHA0.6_BETA0.4,0.6,0.4,300,0.0,1.55984,1.01604,0.01547,1.43151,0.96455,0.08028,,0.00798,0.02919,0.55
2,43,hybrid,HYBRID_ALPHA0.7_BETA0.3,0.7,0.3,300,0.0,1.56367,1.01679,0.01573,1.41161,0.9571,0.08043,,0.00793,0.0294,0.65
2,43,hybrid,HYBRID_ALPHA0.8_BETA0.2,0.8,0.2,300,0.0,1.55826,1.01189,0.0153,1.41512,0.95764,0.08214,,0.00796,0.02985,0.625
2,43,hybrid,HYBRID_ALPHA0.9_BETA0.1,0.9,0.1,300,0.0,1.5453,1.00721,0.01485,1.42604,0.96098,0.08566,,0.00798,0.03068,0.575
2,43,hybrid,HYBRID_ALPHA0.1_BETA0.9,0.1,0.9,500,1.0,1.51383,1.00657,0.00929,1.07356,0.85389,0.02061,,0.00677,0.01412,0.525
2,43,hybrid,HYBRID_ALPHA0.2_BETA0.8,0.2,0.8,500,1.0,1.48715,1.0033,0.00912,1.06335,0.85185,0.02079,,0.0068,0.01405,0.55
2,43,hybrid,HYBRID_ALPHA0.3_BETA0.7,0.3,0.7,500,1.0,1.47611,1.00159,0.00954,1.05763,0.85084,0.02012,,0.00677,0.01415,0.6
2,43,hybrid,HYBRID_ALPHA0.4_BETA0.6,0.4,0.6,500,1.0,1.47556,1.00159,0.00978,1.07304,0.85181,0.03045,,0.00624,0.01449,0.55
2,43,hybrid,HYBRID_ALPHA0.5_BETA0.5,0.5,0.5,500,1.0,1.47975,1.00257,0.01,1.06433,0.84754,0.02928,,0.00632,0.0147,0.55
2,43,hybrid,HYBRID_ALPHA0.6_BETA0.4,0.6,0.4,500,1.0,1.4816,1.00303,0.01009,1.06449,0.84684,0.02946,,0.00632,0.01477,0.5
2,43,hybrid,HYBRID_ALPHA0.7_BETA0.3,0.7,0.3,500,1.0,1.49031,1.00303,0.00962,1.06061,0.84607,0.02893,,0.00636,0.01486,0.525
2,43,hybrid,HYBRID_ALPHA0.8_BETA0.2,0.8,0.2,500,1.0,1.48978,1.00237,0.00952,1.05781,0.84583,0.02889,,0.0064,0.01493,0.55
2,43,hybrid,HYBRID_ALPHA0.9_BETA0.1,0.9,0.1,500,1.0,1.49459,1.00316,0.0091,1.0557,0.84553,0.02856,,0.00645,0.01498,0.575
2,43,hybrid,HYBRID_ALPHA0.1_BETA0.9,0.1,0.9,500,0.0,1.51383,1.00657,0.00929,1.07981,0.85119,0.01811,,0.00666,0.01515,0.6
2,43,hybrid,HYBRID_ALPHA0.2_BETA0.8,0.2,0.8,500,0.0,1.48715,1.0033,0.00912,1.06808,0.84875,0.01817,,0.00669,0.0151,0.5
2,43,hybrid,HYBRID_ALPHA0.3_BETA0.7,0.3,0.7,500,0.0,1.47611,1.00159,0.00954,1.06909,0.84652,0.01815,,0.00662,0.0156,0.575
2,43,hybrid,HYBRID_ALPHA0.4_BETA0.6,0.4,0.6,500,0.0,1.47556,1.00159,0.00978,1.13988,0.88851,0.03375,,0.00622,0.01562,0.525
2,43,hybrid,HYBRID_ALPHA0.5_BETA0.5,0.5,0.5,500,0.0,1.47975,1.00257,0.01,1.12764,0.88335,0.03223,,0.00631,0.01582,0.55
2,43,hybrid,HYBRID_ALPHA0.6_BETA0.4,0.6,0.4,500,0.0,1.4816,1.00303,0.01009,1.12925,0.88467,0.03288,,0.00631,0.01581,0.55
2,43,hybrid,HYBRID_ALPHA0.7_BETA0.3,0.7,0.3,500,0.0,1.49031,1.00303,0.00962,1.12741,0.88392,0.03243,,0.00637,0.01595,0.5
2,43,hybrid,HYBRID_ALPHA0.8_BETA0.2,0.8,0.2,500,0.0,1.48978,1.00237,0.00952,1.12356,0.8825,0.03213,,0.00641,0.01602,0.5
2,43,hybrid,HYBRID_ALPHA0.9_BETA0.1,0.9,0.1,500,0.0,1.49459,1.00316,0.0091,1.12343,0.88251,0.03222,,0.00646,0.01607,0.55
2,43,mse,MSE,1.0,0.0,50,1.0,2.07271,1.16066,0.02262,1.18865,0.85369,0.05953,,0.00765,0.02322,0.55
2,43,mse,MSE,1.0,0.0,50,0.0,2.07271,1.16066,0.02262,1.67709,1.04328,0.12104,,0.00847,0.05459,0.6
2,43,mse,MSE,1.0,0.0,100,1.0,2.1029,1.12704,0.094,1.16864,0.85903,0.04102,,0.00735,0.01916,0.525
2,43,mse,MSE,1.0,0.0,100,0.0,2.1029,1.12704,0.094,1.74538,1.06858,0.10392,,0.00831,0.0442,0.575
2,43,mse,MSE,1.0,0.0,300,1.0,1.54265,1.00456,0.01519,1.11775,0.84534,0.0299,,0.00696,0.01394,0.575
2,43,mse,MSE,1.0,0.0,300,0.0,1.54265,1.00456,0.01519,1.43844,0.96478,0.08826,,0.008,0.03133,0.6
2,43,mse,MSE,1.0,0.0,500,1.0,1.49859,1.00467,0.00943,1.05315,0.84487,0.02823,,0.00651,0.01506,0.575
2,43,mse,MSE,1.0,0.0,500,0.0,1.49859,1.00467,0.00943,1.12215,0.88199,0.03219,,0.00652,0.01616,0.55
3,44,hsic,HSIC,0.0,1.0,50,1.0,2.94733,1.31792,0.17842,1.58098,1.00267,0.17502,,0.00935,0.08007,0.6
3,44,hsic,HSIC,0.0,1.0,50,0.0,2.94733,1.31792,0.17842,2.63763,1.31233,0.17816,,0.00954,0.14632,0.7
3,44,hsic,HSIC,0.0,1.0,100,1.0,3.51438,1.47968,0.06954,1.72415,1.0462,0.19628,,0.00808,0.0435,0.525
3,44,hsic,HSIC,0.0,1.0,100,0.0,3.51438,1.47968,0.06954,2.75295,1.34685,0.20499,,0.00805,0.11409,0.7
3,44,hsic,HSIC,0.0,1.0,300,1.0,2.0221,1.13914,0.01254,1.62439,1.02079,0.1698,,0.00754,0.08244,0.675
3,44,hsic,HSIC,0.0,1.0,300,0.0,2.0221,1.13914,0.01254,2.605,1.31215,0.17199,,0.00765,0.13714,0.7
3,44,hsic,HSIC,0.0,1.0,500,1.0,2.7865,1.3256,0.01425,1.64347,1.0272,0.17246,,0.00758,0.08466,0.725
3,44,hsic,HSIC,0.0,1.0,500,0.0,2.7865,1.3256,0.01425,2.59215,1.30875,0.1741,,0.00766,0.14335,0.725
3,44,hybrid,HYBRID_ALPHA0.1_BETA0.9,0.1,0.9,50,1.0,2.89359,1.29766,0.1714,1.52892,1.0002,0.06642,,0.00703,0.0127,0.525
3,44,hybrid,HYBRID_ALPHA0.2_BETA0.8,0.2,0.8,50,1.0,4.26066,1.36697,0.16517,1.36217,0.94524,0.03956,,0.00696,0.01116,0.5
3,44,hybrid,HYBRID_ALPHA0.3_BETA0.7,0.3,0.7,50,1.0,2.71862,1.24732,0.16769,1.34229,0.93661,0.03984,,0.00692,0.01116,0.55
3,44,hybrid,HYBRID_ALPHA0.4_BETA0.6,0.4,0.6,50,1.0,2.70647,1.23106,0.15353,1.33017,0.93168,0.03947,,0.00686,0.01127,0.6
3,44,hybrid,HYBRID_ALPHA0.5_BETA0.5,0.5,0.5,50,1.0,5.16045,1.31184,0.06601,1.31178,0.92373,0.03889,,0.0068,0.01137,0.575
3,44,hybrid,HYBRID_ALPHA0.6_BETA0.4,0.6,0.4,50,1.0,5.0061,1.30752,0.07028,1.20317,0.87084,0.03895,,0.00679,0.01274,0.575
3,44,hybrid,HYBRID_ALPHA0.7_BETA0.3,0.7,0.3,50,1.0,33.80439,1.6992,0.04532,1.20284,0.87018,0.03917,,0.00684,0.01274,0.55
3,44,hybrid,HYBRID_ALPHA0.8_BETA0.2,0.8,0.2,50,1.0,50.602,1.93726,0.04259,1.20983,0.87486,0.03945,,0.00688,0.0127,0.525
3,44,hybrid,HYBRID_ALPHA0.9_BETA0.1,0.9,0.1,50,1.0,1.84862,1.08015,0.02499,1.21297,0.8781,0.04014,,0.00706,0.01283,0.525
3,44,hybrid,HYBRID_ALPHA0.1_BETA0.9,0.1,0.9,50,0.0,2.89359,1.29766,0.1714,2.34571,1.24363,0.13406,,0.00777,0.03333,0.5
3,44,hybrid,HYBRID_ALPHA0.2_BETA0.8,0.2,0.8,50,0.0,4.26066,1.36697,0.16517,2.17193,1.19991,0.08678,,0.0083,0.04065,0.55
3,44,hybrid,HYBRID_ALPHA0.3_BETA0.7,0.3,0.7,50,0.0,2.71862,1.24732,0.16769,2.1491,1.19254,0.08611,,0.00832,0.04317,0.575
3,44,hybrid,HYBRID_ALPHA0.4_BETA0.6,0.4,0.6,50,0.0,2.70647,1.23106,0.15353,2.09876,1.17668,0.08688,,0.00834,0.04176,0.55
3,44,hybrid,HYBRID_ALPHA0.5_BETA0.5,0.5,0.5,50,0.0,5.16045,1.31184,0.06601,2.03004,1.15548,0.08735,,0.00835,0.03982,0.55
3,44,hybrid,HYBRID_ALPHA0.6_BETA0.4,0.6,0.4,50,0.0,5.0061,1.30752,0.07028,1.64567,1.03568,0.09885,,0.00862,0.02975,0.525
3,44,hybrid,HYBRID_ALPHA0.7_BETA0.3,0.7,0.3,50,0.0,33.80439,1.6992,0.04532,1.6208,1.0262,0.10203,,0.0087,0.02916,0.525
3,44,hybrid,HYBRID_ALPHA0.8_BETA0.2,0.8,0.2,50,0.0,50.602,1.93726,0.04259,1.62386,1.02774,0.10413,,0.00857,0.02929,0.525
3,44,hybrid,HYBRID_ALPHA0.9_BETA0.1,0.9,0.1,50,0.0,1.84862,1.08015,0.02499,1.64731,1.03603,0.10507,,0.00863,0.02983,0.525
3,44,hybrid,HYBRID_ALPHA0.1_BETA0.9,0.1,0.9,100,1.0,2.0063,1.09918,0.03655,1.70313,1.04011,0.18984,,0.00788,0.04261,0.55
3,44,hybrid,HYBRID_ALPHA0.2_BETA0.8,0.2,0.8,100,1.0,1.91866,1.08375,0.03559,1.16589,0.88505,0.03283,,0.00529,0.01261,0.5
3,44,hybrid,HYBRID_ALPHA0.3_BETA0.7,0.3,0.7,100,1.0,1.99085,1.10793,0.04284,1.27782,0.91683,0.0365,,0.00587,0.0096,0.6
3,44,hybrid,HYBRID_ALPHA0.4_BETA0.6,0.4,0.6,100,1.0,2.04053,1.10696,0.03697,1.21364,0.89255,0.03328,,0.00583,0.00964,0.55
3,44,hybrid,HYBRID_ALPHA0.5_BETA0.5,0.5,0.5,100,1.0,1.90401,1.07071,0.03802,1.19214,0.88238,0.03085,,0.00585,0.00983,0.55
3,44,hybrid,HYBRID_ALPHA0.6_BETA0.4,0.6,0.4,100,1.0,1.90093,1.06963,0.0352,1.16635,0.87663,0.02557,,0.00564,0.01012,0.6
3,44,hybrid,HYBRID_ALPHA0.7_BETA0.3,0.7,0.3,100,1.0,1.88245,1.05363,0.02534,1.17967,0.88734,0.02481,,0.00474,0.01507,0.55
3,44,hybrid,HYBRID_ALPHA0.8_BETA0.2,0.8,0.2,100,1.0,1.84968,1.056,0.02367,1.17925,0.8868,0.02378,,0.00459,0.01529,0.525
3,44,hybrid,HYBRID_ALPHA0.9_BETA0.1,0.9,0.1,100,1.0,1.89362,1.05665,0.02364,1.12453,0.86824,0.02235,,0.0055,0.01481,0.525
3,44,hybrid,HYBRID_ALPHA0.1_BETA0.9,0.1,0.9,100,0.0,2.0063,1.09918,0.03655,2.72363,1.33982,0.19929,,0.0079,0.11265,0.675
3,44,hybrid,HYBRID_ALPHA0.2_BETA0.8,0.2,0.8,100,0.0,1.91866,1.08375,0.03559,1.21552,0.89964,0.03816,,0.00566,0.01229,0.575
3,44,hybrid,HYBRID_ALPHA0.3_BETA0.7,0.3,0.7,100,0.0,1.99085,1.10793,0.04284,1.56485,1.0122,0.04602,,0.00686,0.02506,0.575
3,44,hybrid,HYBRID_ALPHA0.4_BETA0.6,0.4,0.6,100,0.0,2.04053,1.10696,0.03697,1.45286,0.97481,0.04452,,0.00671,0.02435,0.525
3,44,hybrid,HYBRID_ALPHA0.5_BETA0.5,0.5,0.5,100,0.0,1.90401,1.07071,0.03802,1.42912,0.96698,0.04629,,0.00675,0.02488,0.55
3,44,hybrid,HYBRID_ALPHA0.6_BETA0.4,0.6,0.4,100,0.0,1.90093,1.06963,0.0352,1.34321,0.9352,0.03722,,0.00621,0.02375,0.525
3,44,hybrid,HYBRID_ALPHA0.7_BETA0.3,0.7,0.3,100,0.0,1.88245,1.05363,0.02534,1.28503,0.92235,0.0357,,0.00528,0.01587,0.525
3,44,hybrid,HYBRID_ALPHA0.8_BETA0.2,0.8,0.2,100,0.0,1.84968,1.056,0.02367,1.29578,0.92418,0.03339,,0.00499,0.0167,0.55
3,44,hybrid,HYBRID_ALPHA0.9_BETA0.1,0.9,0.1,100,0.0,1.89362,1.05665,0.02364,1.14748,0.87684,0.02161,,0.00548,0.01607,0.5
3,44,hybrid,HYBRID_ALPHA0.1_BETA0.9,0.1,0.9,300,1.0,1.52237,1.00471,0.01016,1.09838,0.86206,0.03644,,0.00718,0.01252,0.575
3,44,hybrid,HYBRID_ALPHA0.2_BETA0.8,0.2,0.8,300,1.0,1.48133,0.99468,0.00963,1.09469,0.85907,0.03726,,0.00735,0.01296,0.575
3,44,hybrid,HYBRID_ALPHA0.3_BETA0.7,0.3,0.7,300,1.0,1.46636,0.99214,0.01012,1.09238,0.85915,0.03755,,0.00739,0.01331,0.575
3,44,hybrid,HYBRID_ALPHA0.4_BETA0.6,0.4,0.6,300,1.0,1.46088,0.99065,0.01042,1.09099,0.85962,0.03794,,0.00745,0.01405,0.575
3,44,hybrid,HYBRID_ALPHA0.5_BETA0.5,0.5,0.5,300,1.0,1.47892,0.99702,0.01107,1.08866,0.85928,0.03792,,0.00745,0.01369,0.575
3,44,hybrid,HYBRID_ALPHA0.6_BETA0.4,0.6,0.4,300,1.0,1.45553,0.98823,0.0116,1.08734,0.85965,0.0386,,0.00749,0.01396,0.575
3,44,hybrid,HYBRID_ALPHA0.7_BETA0.3,0.7,0.3,300,1.0,1.44651,0.98526,0.01093,1.08839,0.8603,0.03925,,0.00752,0.01428,0.525
3,44,hybrid,HYBRID_ALPHA0.8_BETA0.2,0.8,0.2,300,1.0,1.42849,0.98781,0.01565,1.08796,0.86043,0.03975,,0.00754,0.01416,0.55
3,44,hybrid,HYBRID_ALPHA0.9_BETA0.1,0.9,0.1,300,1.0,1.42849,0.98682,0.0148,1.08829,0.86102,0.0405,,0.00756,0.01419,0.55
3,44,hybrid,HYBRID_ALPHA0.1_BETA0.9,0.1,0.9,300,0.0,1.52237,1.00471,0.01016,1.09472,0.86631,0.04542,,0.00772,0.00964,0.575
3,44,hybrid,HYBRID_ALPHA0.2_BETA0.8,0.2,0.8,300,0.0,1.48133,0.99468,0.00963,1.09102,0.86654,0.04665,,0.00786,0.00964,0.525
3,44,hybrid,HYBRID_ALPHA0.3_BETA0.7,0.3,0.7,300,0.0,1.46636,0.99214,0.01012,1.08742,0.86708,0.04766,,0.00792,0.00966,0.525
3,44,hybrid,HYBRID_ALPHA0.4_BETA0.6,0.4,0.6,300,0.0,1.46088,0.99065,0.01042,1.08245,0.86758,0.04924,,0.00801,0.00947,0.55
3,44,hybrid,HYBRID_ALPHA0.5_BETA0.5,0.5,0.5,300,0.0,1.47892,0.99702,0.01107,1.08113,0.8672,0.04888,,0.00799,0.00975,0.5
3,44,hybrid,HYBRID_ALPHA0.6_BETA0.4,0.6,0.4,300,0.0,1.45553,0.98823,0.0116,1.0793,0.86734,0.04977,,0.00801,0.00975,0.525
3,44,hybrid,HYBRID_ALPHA0.7_BETA0.3,0.7,0.3,300,0.0,1.44651,0.98526,0.01093,1.07813,0.86716,0.05006,,0.00801,0.0098,0.525
3,44,hybrid,HYBRID_ALPHA0.8_BETA0.2,0.8,0.2,300,0.0,1.42849,0.98781,0.01565,1.07702,0.86632,0.04949,,0.00797,0.01007,0.525
3,44,hybrid,HYBRID_ALPHA0.9_BETA0.1,0.9,0.1,300,0.0,1.42849,0.98682,0.0148,1.07555,0.86534,0.04883,,0.00792,0.01025,0.55
3,44,hybrid,HYBRID_ALPHA0.1_BETA0.9,0.1,0.9,500,1.0,1.46739,1.00295,0.00917,1.11285,0.87385,0.03241,,0.00749,0.0099,0.575
3,44,hybrid,HYBRID_ALPHA0.2_BETA0.8,0.2,0.8,500,1.0,1.47355,1.00565,0.01022,1.11575,0.87251,0.02899,,0.00723,0.01188,0.5
3,44,hybrid,HYBRID_ALPHA0.3_BETA0.7,0.3,0.7,500,1.0,1.46269,1.00022,0.01071,1.07975,0.85534,0.02871,,0.00739,0.01106,0.575
3,44,hybrid,HYBRID_ALPHA0.4_BETA0.6,0.4,0.6,500,1.0,1.45889,0.99837,0.01099,1.07447,0.85446,0.02525,,0.00715,0.01153,0.575
3,44,hybrid,HYBRID_ALPHA0.5_BETA0.5,0.5,0.5,500,1.0,1.45619,0.99713,0.01118,1.06869,0.8525,0.02317,,0.00699,0.01227,0.525
3,44,hybrid,HYBRID_ALPHA0.6_BETA0.4,0.6,0.4,500,1.0,1.45601,0.99715,0.01136,1.06798,0.85178,0.02173,,0.00686,0.01279,0.55
3,44,hybrid,HYBRID_ALPHA0.7_BETA0.3,0.7,0.3,500,1.0,1.45218,0.99541,0.01152,1.05971,0.85005,0.02077,,0.00661,0.01388,0.6
3,44,hybrid,HYBRID_ALPHA0.8_BETA0.2,0.8,0.2,500,1.0,1.45742,0.99768,0.01148,1.05766,0.84866,0.0206,,0.00658,0.0141,0.625
3,44,hybrid,HYBRID_ALPHA0.9_BETA0.1,0.9,0.1,500,1.0,1.45518,0.99677,0.01173,1.05271,0.84872,0.02218,,0.00669,0.01393,0.575
3,44,hybrid,HYBRID_ALPHA0.1_BETA0.9,0.1,0.9,500,0.0,1.46739,1.00295,0.00917,1.12062,0.86049,0.02438,,0.00706,0.0121,0.525
3,44,hybrid,HYBRID_ALPHA0.2_BETA0.8,0.2,0.8,500,0.0,1.47355,1.00565,0.01022,1.09108,0.85034,0.02596,,0.00719,0.01242,0.525
3,44,hybrid,HYBRID_ALPHA0.3_BETA0.7,0.3,0.7,500,0.0,1.46269,1.00022,0.01071,1.13197,0.85728,0.02254,,0.00659,0.01446,0.575
3,44,hybrid,HYBRID_ALPHA0.4_BETA0.6,0.4,0.6,500,0.0,1.45889,0.99837,0.01099,1.12955,0.85571,0.02316,,0.00648,0.01532,0.55
3,44,hybrid,HYBRID_ALPHA0.5_BETA0.5,0.5,0.5,500,0.0,1.45619,0.99713,0.01118,1.12031,0.85319,0.02284,,0.00641,0.01567,0.575
3,44,hybrid,HYBRID_ALPHA0.6_BETA0.4,0.6,0.4,500,0.0,1.45601,0.99715,0.01136,1.12044,0.85303,0.02348,,0.00637,0.01621,0.575
3,44,hybrid,HYBRID_ALPHA0.7_BETA0.3,0.7,0.3,500,0.0,1.45218,0.99541,0.01152,1.11309,0.84874,0.02526,,0.00612,0.01755,0.575
3,44,hybrid,HYBRID_ALPHA0.8_BETA0.2,0.8,0.2,500,0.0,1.45742,0.99768,0.01148,1.11201,0.84762,0.02587,,0.00609,0.01773,0.575
3,44,hybrid,HYBRID_ALPHA0.9_BETA0.1,0.9,0.1,500,0.0,1.45518,0.99677,0.01173,1.0886,0.84254,0.02212,,0.00614,0.0169,0.55
3,44,mse,MSE,1.0,0.0,50,1.0,1.82698,1.07737,0.01734,1.22915,0.88687,0.04237,,0.00714,0.01286,0.55
3,44,mse,MSE,1.0,0.0,50,0.0,1.82698,1.07737,0.01734,1.67699,1.04582,0.1094,,0.00864,0.03106,0.55
3,44,mse,MSE,1.0,0.0,100,1.0,1.98286,1.07034,0.03186,1.10913,0.869,0.02197,,0.0054,0.01556,0.525
3,44,mse,MSE,1.0,0.0,100,0.0,1.98286,1.07034,0.03186,1.12718,0.86042,0.01845,,0.00563,0.0182,0.525
3,44,mse,MSE,1.0,0.0,300,1.0,1.44986,0.98974,0.01141,1.08969,0.86151,0.04093,,0.00758,0.01419,0.55
3,44,mse,MSE,1.0,0.0,300,0.0,1.44986,0.98974,0.01141,1.07417,0.86384,0.04737,,0.00785,0.01058,0.525
3,44,mse,MSE,1.0,0.0,500,1.0,1.46025,0.99838,0.01175,1.05309,0.84829,0.02183,,0.00666,0.0141,0.525
3,44,mse,MSE,1.0,0.0,500,0.0,1.46025,0.99838,0.01175,1.09089,0.84308,0.02255,,0.00612,0.01699,0.575
4,45,hsic,HSIC,0.0,1.0,50,1.0,3.30617,1.36679,0.21262,1.62648,1.01767,0.17099,,0.00733,0.08859,0.575
4,45,hsic,HSIC,0.0,1.0,50,0.0,3.30617,1.36679,0.21262,2.60694,1.31283,0.1715,,0.00734,0.13257,0.625
4,45,hsic,HSIC,0.0,1.0,100,1.0,2.16335,1.1649,0.01815,1.65093,1.02821,0.17715,,0.00771,0.0667,0.65
4,45,hsic,HSIC,0.0,1.0,100,0.0,2.16335,1.1649,0.01815,2.64919,1.32364,0.17814,,0.00776,0.14232,0.675
4,45,hsic,HSIC,0.0,1.0,300,1.0,2.34664,1.22478,0.01363,1.67217,1.04104,0.15754,,0.00711,0.08299,0.675
4,45,hsic,HSIC,0.0,1.0,300,0.0,2.34664,1.22478,0.01363,2.56658,1.30443,0.1596,,0.00713,0.13227,0.65
4,45,hsic,HSIC,0.0,1.0,500,1.0,2.81201,1.33748,0.0113,1.70946,1.04237,0.17667,,0.00699,0.07727,0.675
4,45,hsic,HSIC,0.0,1.0,500,0.0,2.81201,1.33748,0.0113,2.63005,1.31841,0.18282,,0.00708,0.14002,0.675
4,45,hybrid,HYBRID_ALPHA0.1_BETA0.9,0.1,0.9,50,1.0,2.89117,1.29732,0.17742,1.67527,1.03166,0.1835,,0.00752,0.07433,0.675
4,45,hybrid,HYBRID_ALPHA0.2_BETA0.8,0.2,0.8,50,1.0,2.58602,1.23159,0.15593,1.30179,0.92334,0.03523,,0.00706,0.01961,0.6
4,45,hybrid,HYBRID_ALPHA0.3_BETA0.7,0.3,0.7,50,1.0,3.0683,1.16724,0.04811,1.21071,0.88371,0.03346,,0.00695,0.01981,0.575
4,45,hybrid,HYBRID_ALPHA0.4_BETA0.6,0.4,0.6,50,1.0,16.29192,1.60781,0.04618,1.18044,0.86829,0.03487,,0.00697,0.01983,0.6
4,45,hybrid,HYBRID_ALPHA0.5_BETA0.5,0.5,0.5,50,1.0,2.21984,1.16081,0.05912,1.15423,0.85174,0.03693,,0.00699,0.02019,0.625
4,45,hybrid,HYBRID_ALPHA0.6_BETA0.4,0.6,0.4,50,1.0,12.5598,1.75587,0.13416,1.15514,0.84844,0.03992,,0.00708,0.02067,0.625
4,45,hybrid,HYBRID_ALPHA0.7_BETA0.3,0.7,0.3,50,1.0,12.6285,1.79941,0.12426,1.10221,0.83557,0.02668,,0.00693,0.01786,0.55
4,45,hybrid,HYBRID_ALPHA0.8_BETA0.2,0.8,0.2,50,1.0,10.7021,1.67245,0.10158,1.13034,0.85377,0.02415,,0.00632,0.0178,0.55
4,45,hybrid,HYBRID_ALPHA0.9_BETA0.1,0.9,0.1,50,1.0,9.78974,1.62794,0.09397,1.11641,0.85146,0.023,,0.00621,0.01714,0.5
4,45,hybrid,HYBRID_ALPHA0.1_BETA0.9,0.1,0.9,50,0.0,2.89117,1.29732,0.17742,2.57548,1.30687,0.19478,,0.00772,0.1167,0.625
4,45,hybrid,HYBRID_ALPHA0.2_BETA0.8,0.2,0.8,50,0.0,2.58602,1.23159,0.15593,1.90152,1.11877,0.09367,,0.00804,0.03485,0.625
4,45,hybrid,HYBRID_ALPHA0.3_BETA0.7,0.3,0.7,50,0.0,3.0683,1.16724,0.04811,1.72491,1.06322,0.08631,,0.00806,0.03524,0.65
4,45,hybrid,HYBRID_ALPHA0.4_BETA0.6,0.4,0.6,50,0.0,16.29192,1.60781,0.04618,1.65306,1.03772,0.09106,,0.00791,0.03526,0.625
4,45,hybrid,HYBRID_ALPHA0.5_BETA0.5,0.5,0.5,50,0.0,2.21984,1.16081,0.05912,1.5773,1.009,0.09536,,0.00764,0.03405,0.6
4,45,hybrid,HYBRID_ALPHA0.6_BETA0.4,0.6,0.4,50,0.0,12.5598,1.75587,0.13416,1.58079,1.01237,0.08817,,0.00663,0.03521,0.6
4,45,hybrid,HYBRID_ALPHA0.7_BETA0.3,0.7,0.3,50,0.0,12.6285,1.79941,0.12426,1.34345,0.93819,0.04612,,0.00459,0.0265,0.525
4,45,hybrid,HYBRID_ALPHA0.8_BETA0.2,0.8,0.2,50,0.0,10.7021,1.67245,0.10158,1.30023,0.92271,0.03576,,0.00495,0.02539,0.575
4,45,hybrid,HYBRID_ALPHA0.9_BETA0.1,0.9,0.1,50,0.0,9.78974,1.62794,0.09397,1.24444,0.89494,0.0459,,0.00558,0.02266,0.525
4,45,hybrid,HYBRID_ALPHA0.1_BETA0.9,0.1,0.9,100,1.0,1.72301,1.04723,0.01801,1.64739,1.02933,0.17138,,0.00756,0.05957,0.6
4,45,hybrid,HYBRID_ALPHA0.2_BETA0.8,0.2,0.8,100,1.0,1.71018,1.03568,0.01727,1.60509,1.05045,0.03518,,0.00691,0.01582,0.55
4,45,hybrid,HYBRID_ALPHA0.3_BETA0.7,0.3,0.7,100,1.0,1.64081,1.02603,0.01644,1.44435,0.9882,0.03653,,0.00655,0.01513,0.575
4,45,hybrid,HYBRID_ALPHA0.4_BETA0.6,0.4,0.6,100,1.0,1.76101,1.04449,0.01494,1.36672,0.95461,0.03493,,0.00649,0.01526,0.6
4,45,hybrid,HYBRID_ALPHA0.5_BETA0.5,0.5,0.5,100,1.0,1.69516,1.03419,0.01576,1.31911,0.93206,0.03362,,0.00649,0.01533,0.625
4,45,hybrid,HYBRID_ALPHA0.6_BETA0.4,0.6,0.4,100,1.0,1.69445,1.03334,0.01561,1.24575,0.89525,0.03238,,0.0065,0.01491,0.575
4,45,hybrid,HYBRID_ALPHA0.7_BETA0.3,0.7,0.3,100,1.0,1.70286,1.03506,0.01448,1.17222,0.88807,0.02936,,0.00637,0.02396,0.55
4,45,hybrid,HYBRID_ALPHA0.8_BETA0.2,0.8,0.2,100,1.0,1.66726,1.0315,0.01484,1.13921,0.87597,0.02253,,0.00621,0.02356,0.575
4,45,hybrid,HYBRID_ALPHA0.9_BETA0.1,0.9,0.1,100,1.0,1.69467,1.0354,0.01514,1.08296,0.8489,0.01965,,0.00647,0.02381,0.525
4,45,hybrid,HYBRID_ALPHA0.1_BETA0.9,0.1,0.9,100,0.0,1.72301,1.04723,0.01801,2.63551,1.32023,0.17757,,0.00772,0.13308,0.65
4,45,hybrid,HYBRID_ALPHA0.2_BETA0.8,0.2,0.8,100,0.0,1.71018,1.03568,0.01727,2.38708,1.27139,0.07184,,0.00814,0.05246,0.675
4,45,hybrid,HYBRID_ALPHA0.3_BETA0.7,0.3,0.7,100,0.0,1.64081,1.02603,0.01644,2.16049,1.20439,0.07117,,0.00821,0.05372,0.525
4,45,hybrid,HYBRID_ALPHA0.4_BETA0.6,0.4,0.6,100,0.0,1.76101,1.04449,0.01494,2.01822,1.15754,0.07226,,0.00815,0.05301,0.55
4,45,hybrid,HYBRID_ALPHA0.5_BETA0.5,0.5,0.5,100,0.0,1.69516,1.03419,0.01576,1.93145,1.12922,0.07274,,0.0081,0.05244,0.6
4,45,hybrid,HYBRID_ALPHA0.6_BETA0.4,0.6,0.4,100,0.0,1.69445,1.03334,0.01561,1.81352,1.09013,0.07549,,0.00811,0.04971,0.6
4,45,hybrid,HYBRID_ALPHA0.7_BETA0.3,0.7,0.3,100,0.0,1.70286,1.03506,0.01448,1.16314,0.89052,0.04347,,0.00695,0.01982,0.6
4,45,hybrid,HYBRID_ALPHA0.8_BETA0.2,0.8,0.2,100,0.0,1.66726,1.0315,0.01484,1.15323,0.87704,0.02404,,0.00628,0.0232,0.625
4,45,hybrid,HYBRID_ALPHA0.9_BETA0.1,0.9,0.1,100,0.0,1.69467,1.0354,0.01514,1.21316,0.88003,0.02969,,0.00626,0.03097,0.575
4,45,hybrid,HYBRID_ALPHA0.1_BETA0.9,0.1,0.9,300,1.0,1.52182,1.02205,0.01592,1.42786,0.97067,0.03746,,0.00721,0.01336,0.5
4,45,hybrid,HYBRID_ALPHA0.2_BETA0.8,0.2,0.8,300,1.0,1.52255,1.02048,0.01687,1.35437,0.94275,0.03788,,0.00721,0.01358,0.5
4,45,hybrid,HYBRID_ALPHA0.3_BETA0.7,0.3,0.7,300,1.0,1.52904,1.02035,0.0177,1.3176,0.92902,0.03533,,0.00708,0.0137,0.525
4,45,hybrid,HYBRID_ALPHA0.4_BETA0.6,0.4,0.6,300,1.0,1.47021,1.0002,0.01287,1.20007,0.88044,0.02955,,0.00684,0.01355,0.525
4,45,hybrid,HYBRID_ALPHA0.5_BETA0.5,0.5,0.5,300,1.0,1.46766,0.99826,0.01316,1.18493,0.87332,0.02947,,0.00682,0.01367,0.525
4,45,hybrid,HYBRID_ALPHA0.6_BETA0.4,0.6,0.4,300,1.0,1.4838,1.00488,0.01354,1.06208,0.84371,0.0181,,0.00632,0.01444,0.525
4,45,hybrid,HYBRID_ALPHA0.7_BETA0.3,0.7,0.3,300,1.0,1.49479,1.00855,0.01375,1.06183,0.84412,0.01834,,0.00641,0.01438,0.525
4,45,hybrid,HYBRID_ALPHA0.8_BETA0.2,0.8,0.2,300,1.0,1.50561,1.01163,0.01393,1.0614,0.84438,0.01848,,0.00641,0.0143,0.55
4,45,hybrid,HYBRID_ALPHA0.9_BETA0.1,0.9,0.1,300,1.0,1.50987,1.01419,0.01402,1.06214,0.84513,0.01904,,0.00655,0.01421,0.525
4,45,hybrid,HYBRID_ALPHA0.1_BETA0.9,0.1,0.9,300,0.0,1.52182,1.02205,0.01592,2.07685,1.17552,0.08483,,0.00787,0.03549,0.575
4,45,hybrid,HYBRID_ALPHA0.2_BETA0.8,0.2,0.8,300,0.0,1.52255,1.02048,0.01687,1.97304,1.14353,0.08527,,0.00787,0.03759,0.55
4,45,hybrid,HYBRID_ALPHA0.3_BETA0.7,0.3,0.7,300,0.0,1.52904,1.02035,0.0177,1.82914,1.09779,0.0835,,0.00771,0.03482,0.525
4,45,hybrid,HYBRID_ALPHA0.4_BETA0.6,0.4,0.6,300,0.0,1.47021,1.0002,0.01287,1.53097,0.99621,0.0791,,0.00741,0.02887,0.625
4,45,hybrid,HYBRID_ALPHA0.5_BETA0.5,0.5,0.5,300,0.0,1.46766,0.99826,0.01316,1.50615,0.98775,0.07885,,0.00739,0.02899,0.6
4,45,hybrid,HYBRID_ALPHA0.6_BETA0.4,0.6,0.4,300,0.0,1.4838,1.00488,0.01354,1.09027,0.85851,0.02266,,0.00637,0.01397,0.55
4,45,hybrid,HYBRID_ALPHA0.7_BETA0.3,0.7,0.3,300,0.0,1.49479,1.00855,0.01375,1.09153,0.85945,0.02387,,0.00647,0.01386,0.55
4,45,hybrid,HYBRID_ALPHA0.8_BETA0.2,0.8,0.2,300,0.0,1.50561,1.01163,0.01393,1.09318,0.86117,0.02469,,0.00649,0.01378,0.525
4,45,hybrid,HYBRID_ALPHA0.9_BETA0.1,0.9,0.1,300,0.0,1.50987,1.01419,0.01402,1.09511,0.86277,0.02589,,0.00663,0.01375,0.5
4,45,hybrid,HYBRID_ALPHA0.1_BETA0.9,0.1,0.9,500,1.0,1.54326,1.01627,0.01035,1.64532,1.04816,0.03202,,0.00688,0.01234,0.5
4,45,hybrid,HYBRID_ALPHA0.2_BETA0.8,0.2,0.8,500,1.0,1.52665,1.01331,0.01105,1.22696,0.90905,0.03394,,0.00731,0.01074,0.525
4,45,hybrid,HYBRID_ALPHA0.3_BETA0.7,0.3,0.7,500,1.0,1.49088,1.00386,0.01037,1.07686,0.8565,0.02153,,0.00656,0.01291,0.5
4,45,hybrid,HYBRID_ALPHA0.4_BETA0.6,0.4,0.6,500,1.0,1.47529,1.00051,0.01133,1.29176,0.92083,0.02533,,0.00684,0.01277,0.525
4,45,hybrid,HYBRID_ALPHA0.5_BETA0.5,0.5,0.5,500,1.0,1.49576,1.00261,0.00922,1.23546,0.89686,0.02295,,0.00676,0.01306,0.5
4,45,hybrid,HYBRID_ALPHA0.6_BETA0.4,0.6,0.4,500,1.0,1.50272,1.00497,0.00918,1.07403,0.85856,0.02237,,0.00667,0.01377,0.525
4,45,hybrid,HYBRID_ALPHA0.7_BETA0.3,0.7,0.3,500,1.0,1.5045,1.00516,0.00902,1.11099,0.87183,0.03081,,0.00677,0.01441,0.525
4,45,hybrid,HYBRID_ALPHA0.8_BETA0.2,0.8,0.2,500,1.0,1.46808,0.99699,0.01046,1.1107,0.87013,0.03198,,0.00671,0.0141,0.525
4,45,hybrid,HYBRID_ALPHA0.9_BETA0.1,0.9,0.1,500,1.0,1.46854,0.99691,0.01033,1.1101,0.86966,0.03174,,0.00671,0.01415,0.525
4,45,hybrid,HYBRID_ALPHA0.1_BETA0.9,0.1,0.9,500,0.0,1.54326,1.01627,0.01035,2.28942,1.23699,0.08034,,0.00712,0.03274,0.55
4,45,hybrid,HYBRID_ALPHA0.2_BETA0.8,0.2,0.8,500,0.0,1.52665,1.01331,0.01105,1.32197,0.9345,0.02801,,0.00683,0.01735,0.55
4,45,hybrid,HYBRID_ALPHA0.3_BETA0.7,0.3,0.7,500,0.0,1.49088,1.00386,0.01037,1.11796,0.85414,0.02309,,0.00619,0.01557,0.5
4,45,hybrid,HYBRID_ALPHA0.4_BETA0.6,0.4,0.6,500,0.0,1.47529,1.00051,0.01133,1.6202,1.03023,0.06007,,0.00732,0.03031,0.55
4,45,hybrid,HYBRID_ALPHA0.5_BETA0.5,0.5,0.5,500,0.0,1.49576,1.00261,0.00922,1.4904,0.98699,0.05404,,0.00711,0.02766,0.575
4,45,hybrid,HYBRID_ALPHA0.6_BETA0.4,0.6,0.4,500,0.0,1.50272,1.00497,0.00918,1.07721,0.84733,0.02055,,0.00637,0.01498,0.55
4,45,hybrid,HYBRID_ALPHA0.7_BETA0.3,0.7,0.3,500,0.0,1.5045,1.00516,0.00902,1.1301,0.88249,0.04428,,0.00685,0.0128,0.55
4,45,hybrid,HYBRID_ALPHA0.8_BETA0.2,0.8,0.2,500,0.0,1.46808,0.99699,0.01046,1.14691,0.88931,0.04682,,0.00677,0.0132,0.55
4,45,hybrid,HYBRID_ALPHA0.9_BETA0.1,0.9,0.1,500,0.0,1.46854,0.99691,0.01033,1.1468,0.88892,0.04688,,0.00679,0.01324,0.575
4,45,mse,MSE,1.0,0.0,50,1.0,9.16568,1.59269,0.08801,1.12436,0.85633,0.02075,,0.00606,0.01846,0.6
4,45,mse,MSE,1.0,0.0,50,0.0,9.16568,1.59269,0.08801,1.18562,0.87628,0.03142,,0.00601,0.02109,0.625
4,45,mse,MSE,1.0,0.0,100,1.0,1.71183,1.03983,0.01547,1.07328,0.84814,0.01802,,0.00641,0.02379,0.525
4,45,mse,MSE,1.0,0.0,100,0.0,1.71183,1.03983,0.01547,1.16604,0.86708,0.02339,,0.00629,0.02944,0.575
4,45,mse,MSE,1.0,0.0,300,1.0,1.54894,1.02593,0.01547,1.06204,0.84547,0.01929,,0.00659,0.01414,0.525
4,45,mse,MSE,1.0,0.0,300,0.0,1.54894,1.02593,0.01547,1.09708,0.86421,0.02667,,0.00668,0.01383,0.525
4,45,mse,MSE,1.0,0.0,500,1.0,1.47089,0.99714,0.00995,1.11105,0.86876,0.03261,,0.00666,0.01397,0.525
4,45,mse,MSE,1.0,0.0,500,0.0,1.47089,0.99714,0.00995,1.16025,0.89424,0.04865,,0.00672,0.01357,0.525
5,46,hsic,HSIC,0.0,1.0,50,1.0,2.85882,1.29582,0.13025,1.66255,1.03473,0.16224,,0.00699,0.03987,0.6
5,46,hsic,HSIC,0.0,1.0,50,0.0,2.85882,1.29582,0.13025,2.18992,1.19753,0.16032,,0.00757,0.07255,0.625
5,46,hsic,HSIC,0.0,1.0,100,1.0,2.61211,1.26634,0.04268,1.56902,0.99943,0.16639,,0.00853,0.08527,0.625
5,46,hsic,HSIC,0.0,1.0,100,0.0,2.61211,1.26634,0.04268,2.58906,1.30893,0.1624,,0.00834,0.13883,0.65
5,46,hsic,HSIC,0.0,1.0,300,1.0,2.2206,1.18774,0.01028,1.61993,1.01766,0.17115,,0.00758,0.08681,0.65
5,46,hsic,HSIC,0.0,1.0,300,0.0,2.2206,1.18774,0.01028,2.61034,1.31371,0.17372,,0.00767,0.14819,0.7
5,46,hsic,HSIC,0.0,1.0,500,1.0,2.15889,1.16761,0.01438,1.5607,0.99426,0.16493,,0.00777,0.09695,0.725
5,46,hsic,HSIC,0.0,1.0,500,0.0,2.15889,1.16761,0.01438,2.51938,1.2891,0.1673,,0.00784,0.15921,0.65
5,46,hybrid,HYBRID_ALPHA0.1_BETA0.9,0.1,0.9,50,1.0,2.54348,1.2225,0.11775,1.52587,1.00318,0.07615,,0.00724,0.02084,0.6
5,46,hybrid,HYBRID_ALPHA0.2_BETA0.8,0.2,0.8,50,1.0,2.36363,1.18201,0.11825,1.45301,0.97197,0.06662,,0.00632,0.02091,0.525
5,46,hybrid,HYBRID_ALPHA0.3_BETA0.7,0.3,0.7,50,1.0,2.24554,1.15261,0.10471,1.31053,0.92321,0.05008,,0.00641,0.02066,0.575
5,46,hybrid,HYBRID_ALPHA0.4_BETA0.6,0.4,0.6,50,1.0,2.15885,1.12985,0.09333,1.20363,0.87023,0.04289,,0.0069,0.02196,0.6
5,46,hybrid,HYBRID_ALPHA0.5_BETA0.5,0.5,0.5,50,1.0,2.09533,1.10866,0.08467,1.19515,0.86775,0.04794,,0.00661,0.02317,0.55
5,46,hybrid,HYBRID_ALPHA0.6_BETA0.4,0.6,0.4,50,1.0,2.0436,1.09469,0.07256,1.21065,0.87599,0.05355,,0.00658,0.02484,0.5
5,46,hybrid,HYBRID_ALPHA0.7_BETA0.3,0.7,0.3,50,1.0,2.10063,1.10683,0.08528,1.21588,0.88827,0.05759,,0.00643,0.02471,0.55
5,46,hybrid,HYBRID_ALPHA0.8_BETA0.2,0.8,0.2,50,1.0,2.0993,1.10708,0.08226,1.34357,0.93329,0.06222,,0.00283,0.0429,0.575
5,46,hybrid,HYBRID_ALPHA0.9_BETA0.1,0.9,0.1,50,1.0,2.17141,1.12555,0.10196,1.32281,0.93195,0.06245,,0.00319,0.03787,0.6
5,46,hybrid,HYBRID_ALPHA0.1_BETA0.9,0.1,0.9,50,0.0,2.54348,1.2225,0.11775,1.725,1.0759,0.06025,,0.00751,0.03164,0.575
5,46,hybrid,HYBRID_ALPHA0.2_BETA0.8,0.2,0.8,50,0.0,2.36363,1.18201,0.11825,1.53708,1.00606,0.05316,,0.00726,0.03032,0.525
5,46,hybrid,HYBRID_ALPHA0.3_BETA0.7,0.3,0.7,50,0.0,2.24554,1.15261,0.10471,1.47797,0.98027,0.06412,,0.00782,0.03246,0.625
5,46,hybrid,HYBRID_ALPHA0.4_BETA0.6,0.4,0.6,50,0.0,2.15885,1.12985,0.09333,1.39144,0.94977,0.07823,,0.00836,0.03406,0.625
5,46,hybrid,HYBRID_ALPHA0.5_BETA0.5,0.5,0.5,50,0.0,2.09533,1.10866,0.08467,1.31723,0.91328,0.07808,,0.00843,0.0346,0.6
5,46,hybrid,HYBRID_ALPHA0.6_BETA0.4,0.6,0.4,50,0.0,2.0436,1.09469,0.07256,1.33739,0.91889,0.09019,,0.00903,0.03714,0.6
5,46,hybrid,HYBRID_ALPHA0.7_BETA0.3,0.7,0.3,50,0.0,2.10063,1.10683,0.08528,1.37645,0.93301,0.11108,,0.01042,0.04076,0.575
5,46,hybrid,HYBRID_ALPHA0.8_BETA0.2,0.8,0.2,50,0.0,2.0993,1.10708,0.08226,1.53361,0.97629,0.0967,,0.00731,0.05387,0.575
5,46,hybrid,HYBRID_ALPHA0.9_BETA0.1,0.9,0.1,50,0.0,2.17141,1.12555,0.10196,1.57541,0.99673,0.10866,,0.00841,0.05586,0.575
5,46,hybrid,HYBRID_ALPHA0.1_BETA0.9,0.1,0.9,100,1.0,1.83965,1.06783,0.03099,1.3516,0.92896,0.08164,,0.00622,0.0219,0.55
5,46,hybrid,HYBRID_ALPHA0.2_BETA0.8,0.2,0.8,100,1.0,1.87279,1.06978,0.02594,1.20946,0.87215,0.05348,,0.00671,0.02401,0.525
5,46,hybrid,HYBRID_ALPHA0.3_BETA0.7,0.3,0.7,100,1.0,1.80715,1.05887,0.02256,1.16876,0.84888,0.04863,,0.00675,0.02637,0.5
5,46,hybrid,HYBRID_ALPHA0.4_BETA0.6,0.4,0.6,100,1.0,1.75416,1.04913,0.01874,1.14857,0.84258,0.04338,,0.00692,0.02999,0.525
5,46,hybrid,HYBRID_ALPHA0.5_BETA0.5,0.5,0.5,100,1.0,1.75243,1.06308,0.01247,1.14811,0.84228,0.04425,,0.00706,0.03167,0.5
5,46,hybrid,HYBRID_ALPHA0.6_BETA0.4,0.6,0.4,100,1.0,1.78018,1.07079,0.01255,1.1507,0.84284,0.04574,,0.00721,0.03006,0.55
5,46,hybrid,HYBRID_ALPHA0.7_BETA0.3,0.7,0.3,100,1.0,1.80371,1.07654,0.01242,1.17347,0.85011,0.04717,,0.00735,0.02767,0.525
5,46,hybrid,HYBRID_ALPHA0.8_BETA0.2,0.8,0.2,100,1.0,1.80951,1.08081,0.01286,1.19047,0.86129,0.04785,,0.00758,0.02722,0.55
5,46,hybrid,HYBRID_ALPHA0.9_BETA0.1,0.9,0.1,100,1.0,1.8129,1.08567,0.01393,1.23291,0.87754,0.05453,,0.00774,0.02963,0.625
5,46,hybrid,HYBRID_ALPHA0.1_BETA0.9,0.1,0.9,100,0.0,1.83965,1.06783,0.03099,1.74349,1.06443,0.13666,,0.00733,0.02927,0.525
5,46,hybrid,HYBRID_ALPHA0.2_BETA0.8,0.2,0.8,100,0.0,1.87279,1.06978,0.02594,1.46418,0.9676,0.11041,,0.00786,0.02919,0.525
5,46,hybrid,HYBRID_ALPHA0.3_BETA0.7,0.3,0.7,100,0.0,1.80715,1.05887,0.02256,1.36885,0.92424,0.10973,,0.00812,0.02922,0.525
5,46,hybrid,HYBRID_ALPHA0.4_BETA0.6,0.4,0.6,100,0.0,1.75416,1.04913,0.01874,1.35489,0.92164,0.10291,,0.00815,0.03015,0.55
5,46,hybrid,HYBRID_ALPHA0.5_BETA0.5,0.5,0.5,100,0.0,1.75243,1.06308,0.01247,1.34577,0.91736,0.10272,,0.00817,0.03103,0.55
5,46,hybrid,HYBRID_ALPHA0.6_BETA0.4,0.6,0.4,100,0.0,1.78018,1.07079,0.01255,1.34059,0.91372,0.1048,,0.00825,0.03159,0.55
5,46,hybrid,HYBRID_ALPHA0.7_BETA0.3,0.7,0.3,100,0.0,1.80371,1.07654,0.01242,1.32374,0.9045,0.10692,,0.00866,0.03209,0.55
5,46,hybrid,HYBRID_ALPHA0.8_BETA0.2,0.8,0.2,100,0.0,1.80951,1.08081,0.01286,1.32993,0.90686,0.10873,,0.00856,0.03234,0.55
5,46,hybrid,HYBRID_ALPHA0.9_BETA0.1,0.9,0.1,100,0.0,1.8129,1.08567,0.01393,1.34299,0.91049,0.11579,,0.00887,0.03402,0.525
5,46,hybrid,HYBRID_ALPHA0.1_BETA0.9,0.1,0.9,300,1.0,1.59981,1.02823,0.01008,1.72049,1.08439,0.03208,,0.0069,0.01273,0.525
5,46,hybrid,HYBRID_ALPHA0.2_BETA0.8,0.2,0.8,300,1.0,1.60239,1.02762,0.00952,1.42726,0.98124,0.03479,,0.00689,0.01251,0.55
5,46,hybrid,HYBRID_ALPHA0.3_BETA0.7,0.3,0.7,300,1.0,1.58026,1.02075,0.00913,1.31575,0.93278,0.03336,,0.00691,0.01243,0.6
5,46,hybrid,HYBRID_ALPHA0.4_BETA0.6,0.4,0.6,300,1.0,1.57024,1.019,0.00926,1.24529,0.89695,0.03165,,0.00689,0.01219,0.55
5,46,hybrid,HYBRID_ALPHA0.5_BETA0.5,0.5,0.5,300,1.0,1.60391,1.02986,0.01046,1.19574,0.87377,0.03051,,0.00687,0.01204,0.525
5,46,hybrid,HYBRID_ALPHA0.6_BETA0.4,0.6,0.4,300,1.0,1.61953,1.03508,0.01121,1.16371,0.86104,0.02968,,0.00685,0.01191,0.525
5,46,hybrid,HYBRID_ALPHA0.7_BETA0.3,0.7,0.3,300,1.0,1.57521,1.03297,0.01024,1.14453,0.85325,0.02957,,0.00685,0.01198,0.525
5,46,hybrid,HYBRID_ALPHA0.8_BETA0.2,0.8,0.2,300,1.0,1.5979,1.03934,0.01005,1.12447,0.84819,0.02688,,0.00673,0.01165,0.525
5,46,hybrid,HYBRID_ALPHA0.9_BETA0.1,0.9,0.1,300,1.0,1.61715,1.03936,0.01106,1.11608,0.84551,0.02652,,0.00674,0.01171,0.575
5,46,hybrid,HYBRID_ALPHA0.1_BETA0.9,0.1,0.9,300,0.0,1.59981,1.02823,0.01008,2.40248,1.27109,0.07655,,0.00784,0.02881,0.525
5,46,hybrid,HYBRID_ALPHA0.2_BETA0.8,0.2,0.8,300,0.0,1.60239,1.02762,0.00952,1.96618,1.14209,0.06781,,0.00788,0.03024,0.525
5,46,hybrid,HYBRID_ALPHA0.3_BETA0.7,0.3,0.7,300,0.0,1.58026,1.02075,0.00913,1.8006,1.08889,0.06929,,0.0079,0.03073,0.55
5,46,hybrid,HYBRID_ALPHA0.4_BETA0.6,0.4,0.6,300,0.0,1.57024,1.019,0.00926,1.68485,1.05181,0.07027,,0.00789,0.03036,0.55
5,46,hybrid,HYBRID_ALPHA0.5_BETA0.5,0.5,0.5,300,0.0,1.60391,1.02986,0.01046,1.61108,1.02674,0.07179,,0.00793,0.03057,0.5
5,46,hybrid,HYBRID_ALPHA0.6_BETA0.4,0.6,0.4,300,0.0,1.61953,1.03508,0.01121,1.56799,1.01151,0.07479,,0.00803,0.03101,0.525
5,46,hybrid,HYBRID_ALPHA0.7_BETA0.3,0.7,0.3,300,0.0,1.57521,1.03297,0.01024,1.55628,1.00726,0.07888,,0.00816,0.03226,0.525
5,46,hybrid,HYBRID_ALPHA0.8_BETA0.2,0.8,0.2,300,0.0,1.5979,1.03934,0.01005,1.54032,1.00265,0.07401,,0.00801,0.03418,0.5
5,46,hybrid,HYBRID_ALPHA0.9_BETA0.1,0.9,0.1,300,0.0,1.61715,1.03936,0.01106,1.52736,0.99828,0.07476,,0.008,0.0346,0.5
5,46,hybrid,HYBRID_ALPHA0.1_BETA0.9,0.1,0.9,500,1.0,1.64186,1.03385,0.01833,1.76025,1.10145,0.03462,,0.00693,0.01792,0.55
5,46,hybrid,HYBRID_ALPHA0.2_BETA0.8,0.2,0.8,500,1.0,1.59916,1.03027,0.01653,1.09757,0.87702,0.0563,,0.0083,0.00942,0.525
5,46,hybrid,HYBRID_ALPHA0.3_BETA0.7,0.3,0.7,500,1.0,1.6021,1.03171,0.01606,1.09743,0.87683,0.05588,,0.00828,0.00945,0.525
5,46,hybrid,HYBRID_ALPHA0.4_BETA0.6,0.4,0.6,500,1.0,1.55439,1.0203,0.0113,1.09602,0.87664,0.05566,,0.00829,0.0094,0.525
5,46,hybrid,HYBRID_ALPHA0.5_BETA0.5,0.5,0.5,500,1.0,1.59667,1.02942,0.0148,1.09977,0.8773,0.05572,,0.00827,0.00958,0.55
5,46,hybrid,HYBRID_ALPHA0.6_BETA0.4,0.6,0.4,500,1.0,1.54196,1.01543,0.00982,1.07705,0.86536,0.03664,,0.0073,0.00946,0.5
5,46,hybrid,HYBRID_ALPHA0.7_BETA0.3,0.7,0.3,500,1.0,1.55431,1.01995,0.01052,1.07539,0.86324,0.03366,,0.00713,0.00978,0.525
5,46,hybrid,HYBRID_ALPHA0.8_BETA0.2,0.8,0.2,500,1.0,1.56868,1.02364,0.01129,1.08437,0.87096,0.04969,,0.00804,0.00906,0.5
5,46,hybrid,HYBRID_ALPHA0.9_BETA0.1,0.9,0.1,500,1.0,1.60627,1.03047,0.01556,1.08118,0.86873,0.04678,,0.00787,0.00929,0.525
5,46,hybrid,HYBRID_ALPHA0.1_BETA0.9,0.1,0.9,500,0.0,1.64186,1.03385,0.01833,2.54254,1.31625,0.06996,,0.00797,0.0373,0.6
5,46,hybrid,HYBRID_ALPHA0.2_BETA0.8,0.2,0.8,500,0.0,1.59916,1.03027,0.01653,1.11265,0.88507,0.06299,,0.00857,0.00929,0.525
5,46,hybrid,HYBRID_ALPHA0.3_BETA0.7,0.3,0.7,500,0.0,1.6021,1.03171,0.01606,1.11272,0.88467,0.06355,,0.00859,0.00929,0.575
5,46,hybrid,HYBRID_ALPHA0.4_BETA0.6,0.4,0.6,500,0.0,1.55439,1.0203,0.0113,1.11253,0.88472,0.06418,,0.00864,0.0092,0.55
5,46,hybrid,HYBRID_ALPHA0.5_BETA0.5,0.5,0.5,500,0.0,1.59667,1.02942,0.0148,1.11416,0.88434,0.06362,,0.00858,0.00938,0.575
5,46,hybrid,HYBRID_ALPHA0.6_BETA0.4,0.6,0.4,500,0.0,1.54196,1.01543,0.00982,1.10835,0.86722,0.02412,,0.00643,0.01284,0.525
5,46,hybrid,HYBRID_ALPHA0.7_BETA0.3,0.7,0.3,500,0.0,1.55431,1.01995,0.01052,1.11614,0.86701,0.02353,,0.00632,0.01353,0.575
5,46,hybrid,HYBRID_ALPHA0.8_BETA0.2,0.8,0.2,500,0.0,1.56868,1.02364,0.01129,1.06685,0.86382,0.03491,,0.00729,0.00963,0.525
5,46,hybrid,HYBRID_ALPHA0.9_BETA0.1,0.9,0.1,500,0.0,1.60627,1.03047,0.01556,1.06459,0.86164,0.03063,,0.00705,0.01,0.525
5,46,mse,MSE,1.0,0.0,50,1.0,2.17937,1.13063,0.10325,1.32493,0.93442,0.06742,,0.00339,0.05793,0.675
5,46,mse,MSE,1.0,0.0,50,0.0,2.17937,1.13063,0.10325,1.42268,0.96469,0.11704,,0.00833,0.0631,0.65
5,46,mse,MSE,1.0,0.0,100,1.0,1.81763,1.08898,0.01492,1.25672,0.89129,0.05364,,0.00768,0.02951,0.55
5,46,mse,MSE,1.0,0.0,100,0.0,1.81763,1.08898,0.01492,1.35633,0.91708,0.11607,,0.0089,0.03362,0.55
5,46,mse,MSE,1.0,0.0,300,1.0,1.61808,1.04085,0.01132,1.11142,0.84414,0.02606,,0.00673,0.01181,0.575
5,46,mse,MSE,1.0,0.0,300,0.0,1.61808,1.04085,0.01132,1.51838,0.99545,0.07519,,0.00795,0.0352,0.525
5,46,mse,MSE,1.0,0.0,500,1.0,1.60665,1.03246,0.01367,1.07811,0.86606,0.04343,,0.00769,0.00955,0.5
5,46,mse,MSE,1.0,0.0,500,0.0,1.60665,1.03246,0.01367,1.06459,0.85986,0.0274,,0.00686,0.01042,0.5
6,47,hsic,HSIC,0.0,1.0,50,1.0,2.72536,1.26411,0.13362,1.60954,1.0083,0.17387,,0.00839,0.08571,0.575
6,47,hsic,HSIC,0.0,1.0,50,0.0,2.72536,1.26411,0.13362,2.65839,1.32354,0.17659,,0.00851,0.15756,0.675
6,47,hsic,HSIC,0.0,1.0,100,1.0,2.42911,1.23805,0.02803,1.64434,1.02479,0.17752,,0.00766,0.05861,0.575
6,47,hsic,HSIC,0.0,1.0,100,0.0,2.42911,1.23805,0.02803,2.49734,1.28232,0.18088,,0.00781,0.11808,0.7
6,47,hsic,HSIC,0.0,1.0,300,1.0,2.42257,1.22695,0.03523,1.62967,1.02502,0.16338,,0.00737,0.09031,0.675
6,47,hsic,HSIC,0.0,1.0,300,0.0,2.42257,1.22695,0.03523,2.59795,1.3109,0.16333,,0.00746,0.14512,0.675
6,47,hsic,HSIC,0.0,1.0,500,1.0,2.42501,1.23391,0.01131,1.62919,1.02199,0.17018,,0.00753,0.07693,0.675
6,47,hsic,HSIC,0.0,1.0,500,0.0,2.42501,1.23391,0.01131,2.59233,1.30896,0.17349,,0.00765,0.14164,0.725
6,47,hybrid,HYBRID_ALPHA0.1_BETA0.9,0.1,0.9,50,1.0,2.58677,1.23437,0.14005,1.60629,1.00681,0.1737,,0.00843,0.08531,0.625
6,47,hybrid,HYBRID_ALPHA0.2_BETA0.8,0.2,0.8,50,1.0,2.05055,1.11669,0.08278,1.60535,1.00651,0.1734,,0.00843,0.08488,0.6
6,47,hybrid,HYBRID_ALPHA0.3_BETA0.7,0.3,0.7,50,1.0,2.07512,1.11565,0.09171,1.60495,1.0064,0.17316,,0.00843,0.0849,0.65
6,47,hybrid,HYBRID_ALPHA0.4_BETA0.6,0.4,0.6,50,1.0,2.00218,1.10241,0.0708,1.60466,1.00628,0.17312,,0.00843,0.08481,0.6
6,47,hybrid,HYBRID_ALPHA0.5_BETA0.5,0.5,0.5,50,1.0,1.94345,1.09001,0.05983,1.59499,1.00352,0.1684,,0.00825,0.08285,0.65
6,47,hybrid,HYBRID_ALPHA0.6_BETA0.4,0.6,0.4,50,1.0,1.99887,1.09919,0.07345,1.57705,1.0039,0.14684,,0.0075,0.07292,0.575
6,47,hybrid,HYBRID_ALPHA0.7_BETA0.3,0.7,0.3,50,1.0,1.99728,1.09738,0.07693,1.54005,0.98387,0.07225,,0.0078,0.01673,0.65
6,47,hybrid,HYBRID_ALPHA0.8_BETA0.2,0.8,0.2,50,1.0,2.00711,1.10298,0.08861,1.49357,0.97434,0.06596,,0.00762,0.01686,0.575
6,47,hybrid,HYBRID_ALPHA0.9_BETA0.1,0.9,0.1,50,1.0,2.01795,1.10613,0.09315,1.43268,0.95724,0.05228,,0.00711,0.01734,0.55
6,47,hybrid,HYBRID_ALPHA0.1_BETA0.9,0.1,0.9,50,0.0,2.58677,1.23437,0.14005,2.65736,1.32323,0.17636,,0.00857,0.15732,0.675
6,47,hybrid,HYBRID_ALPHA0.2_BETA0.8,0.2,0.8,50,0.0,2.05055,1.11669,0.08278,2.65867,1.32355,0.17645,,0.00858,0.15687,0.7
6,47,hybrid,HYBRID_ALPHA0.3_BETA0.7,0.3,0.7,50,0.0,2.07512,1.11565,0.09171,2.65516,1.32257,0.17651,,0.00859,0.15663,0.7
6,47,hybrid,HYBRID_ALPHA0.4_BETA0.6,0.4,0.6,50,0.0,2.00218,1.10241,0.0708,2.65999,1.32393,0.17635,,0.00858,0.15677,0.7
6,47,hybrid,HYBRID_ALPHA0.5_BETA0.5,0.5,0.5,50,0.0,1.94345,1.09001,0.05983,2.66081,1.32481,0.17375,,0.00848,0.15432,0.7
6,47,hybrid,HYBRID_ALPHA0.6_BETA0.4,0.6,0.4,50,0.0,1.99887,1.09919,0.07345,2.74108,1.34913,0.16969,,0.00782,0.14143,0.725
6,47,hybrid,HYBRID_ALPHA0.7_BETA0.3,0.7,0.3,50,0.0,1.99728,1.09738,0.07693,1.79911,0.98691,0.02666,,0.00653,0.01875,0.525
6,47,hybrid,HYBRID_ALPHA0.8_BETA0.2,0.8,0.2,50,0.0,2.00711,1.10298,0.08861,1.81018,1.00201,0.02447,,0.006,0.02085,0.525
6,47,hybrid,HYBRID_ALPHA0.9_BETA0.1,0.9,0.1,50,0.0,2.01795,1.10613,0.09315,1.71279,0.9927,0.0229,,0.00637,0.02095,0.525
6,47,hybrid,HYBRID_ALPHA0.1_BETA0.9,0.1,0.9,100,1.0,1.64002,1.02411,0.02137,1.28298,0.91338,0.05019,,0.00713,0.01378,0.55
6,47,hybrid,HYBRID_ALPHA0.2_BETA0.8,0.2,0.8,100,1.0,1.59337,1.01498,0.01983,1.16053,0.86411,0.0192,,0.00616,0.03314,0.525
6,47,hybrid,HYBRID_ALPHA0.3_BETA0.7,0.3,0.7,100,1.0,1.57111,1.00836,0.01811,1.16886,0.86636,0.01935,,0.0061,0.03394,0.5
6,47,hybrid,HYBRID_ALPHA0.4_BETA0.6,0.4,0.6,100,1.0,1.5264,1.01435,0.01318,1.16799,0.86602,0.01931,,0.00608,0.03364,0.575
6,47,hybrid,HYBRID_ALPHA0.5_BETA0.5,0.5,0.5,100,1.0,1.51237,1.01387,0.01394,1.16802,0.86615,0.01926,,0.00607,0.03329,0.55
6,47,hybrid,HYBRID_ALPHA0.6_BETA0.4,0.6,0.4,100,1.0,1.52634,1.01681,0.01481,1.14828,0.84927,0.03727,,0.00632,0.02131,0.525
6,47,hybrid,HYBRID_ALPHA0.7_BETA0.3,0.7,0.3,100,1.0,1.62809,1.04401,0.01454,1.15757,0.85017,0.04237,,0.00638,0.0157,0.525
6,47,hybrid,HYBRID_ALPHA0.8_BETA0.2,0.8,0.2,100,1.0,1.6086,1.03439,0.01479,1.15798,0.84827,0.04326,,0.0064,0.01716,0.525
6,47,hybrid,HYBRID_ALPHA0.9_BETA0.1,0.9,0.1,100,1.0,1.61057,1.03266,0.01545,1.15011,0.84654,0.0413,,0.00643,0.01732,0.525
6,47,hybrid,HYBRID_ALPHA0.1_BETA0.9,0.1,0.9,100,0.0,1.64002,1.02411,0.02137,1.90477,1.11522,0.11038,,0.00782,0.02727,0.625
6,47,hybrid,HYBRID_ALPHA0.2_BETA0.8,0.2,0.8,100,0.0,1.59337,1.01498,0.01983,1.13618,0.87084,0.02028,,0.00618,0.01027,0.525
6,47,hybrid,HYBRID_ALPHA0.3_BETA0.7,0.3,0.7,100,0.0,1.57111,1.00836,0.01811,1.13005,0.86831,0.02043,,0.00613,0.01002,0.575
6,47,hybrid,HYBRID_ALPHA0.4_BETA0.6,0.4,0.6,100,0.0,1.5264,1.01435,0.01318,1.12433,0.86635,0.02045,,0.00613,0.00992,0.525
6,47,hybrid,HYBRID_ALPHA0.5_BETA0.5,0.5,0.5,100,0.0,1.51237,1.01387,0.01394,1.12004,0.8647,0.02042,,0.00613,0.00988,0.55
6,47,hybrid,HYBRID_ALPHA0.6_BETA0.4,0.6,0.4,100,0.0,1.52634,1.01681,0.01481,1.31828,0.91096,0.07014,,0.00656,0.02031,0.525
6,47,hybrid,HYBRID_ALPHA0.7_BETA0.3,0.7,0.3,100,0.0,1.62809,1.04401,0.01454,1.4476,0.96117,0.09802,,0.00701,0.02398,0.525
6,47,hybrid,HYBRID_ALPHA0.8_BETA0.2,0.8,0.2,100,0.0,1.6086,1.03439,0.01479,1.4273,0.95316,0.09677,,0.00698,0.02356,0.5
6,47,hybrid,HYBRID_ALPHA0.9_BETA0.1,0.9,0.1,100,0.0,1.61057,1.03266,0.01545,1.43174,0.95586,0.09619,,0.00704,0.02389,0.5
6,47,hybrid,HYBRID_ALPHA0.1_BETA0.9,0.1,0.9,300,1.0,1.44253,0.97281,0.00875,1.53594,1.01181,0.02883,,0.00678,0.0124,0.5
6,47,hybrid,HYBRID_ALPHA0.2_BETA0.8,0.2,0.8,300,1.0,1.41829,0.96661,0.00793,1.38622,0.96129,0.02852,,0.00695,0.0123,0.525
6,47,hybrid,HYBRID_ALPHA0.3_BETA0.7,0.3,0.7,300,1.0,1.41719,0.96726,0.00785,1.33709,0.94004,0.02758,,0.00688,0.01065,0.5
6,47,hybrid,HYBRID_ALPHA0.4_BETA0.6,0.4,0.6,300,1.0,1.40915,0.96502,0.00747,1.28335,0.91613,0.0272,,0.00686,0.01061,0.5
6,47,hybrid,HYBRID_ALPHA0.5_BETA0.5,0.5,0.5,300,1.0,1.41209,0.96693,0.00759,1.21995,0.89008,0.02496,,0.00681,0.00953,0.55
6,47,hybrid,HYBRID_ALPHA0.6_BETA0.4,0.6,0.4,300,1.0,1.41102,0.96604,0.00736,1.18798,0.8781,0.024,,0.00679,0.0094,0.55
6,47,hybrid,HYBRID_ALPHA0.7_BETA0.3,0.7,0.3,300,1.0,1.39853,0.96298,0.00692,1.12579,0.86658,0.02517,,0.00696,0.00824,0.575
6,47,hybrid,HYBRID_ALPHA0.8_BETA0.2,0.8,0.2,300,1.0,1.40504,0.96386,0.00733,1.11095,0.84668,0.02576,,0.00677,0.0106,0.575
6,47,hybrid,HYBRID_ALPHA0.9_BETA0.1,0.9,0.1,300,1.0,1.40422,0.96406,0.00724,1.10852,0.84471,0.02657,,0.0068,0.01081,0.575
6,47,hybrid,HYBRID_ALPHA0.1_BETA0.9,0.1,0.9,300,0.0,1.44253,0.97281,0.00875,1.86861,1.11264,0.06227,,0.00668,0.02453,0.575
6,47,hybrid,HYBRID_ALPHA0.2_BETA0.8,0.2,0.8,300,0.0,1.41829,0.96661,0.00793,1.53057,1.00309,0.03558,,0.00665,0.02029,0.525
6,47,hybrid,HYBRID_ALPHA0.3_BETA0.7,0.3,0.7,300,0.0,1.41719,0.96726,0.00785,1.74912,1.07523,0.06391,,0.00737,0.0278,0.6
6,47,hybrid,HYBRID_ALPHA0.4_BETA0.6,0.4,0.6,300,0.0,1.40915,0.96502,0.00747,1.64197,1.03816,0.06314,,0.00733,0.02632,0.6
6,47,hybrid,HYBRID_ALPHA0.5_BETA0.5,0.5,0.5,300,0.0,1.41209,0.96693,0.00759,1.5501,1.00795,0.05941,,0.00724,0.02419,0.575
6,47,hybrid,HYBRID_ALPHA0.6_BETA0.4,0.6,0.4,300,0.0,1.41102,0.96604,0.00736,1.50671,0.99451,0.05834,,0.0072,0.02417,0.55
6,47,hybrid,HYBRID_ALPHA0.7_BETA0.3,0.7,0.3,300,0.0,1.39853,0.96298,0.00692,1.38052,0.95301,0.04205,,0.00679,0.02158,0.525
6,47,hybrid,HYBRID_ALPHA0.8_BETA0.2,0.8,0.2,300,0.0,1.40504,0.96386,0.00733,1.48326,0.98319,0.06767,,0.00724,0.02809,0.55
6,47,hybrid,HYBRID_ALPHA0.9_BETA0.1,0.9,0.1,300,0.0,1.40422,0.96406,0.00724,1.4952,0.98731,0.06785,,0.00714,0.02998,0.575
6,47,hybrid,HYBRID_ALPHA0.1_BETA0.9,0.1,0.9,500,1.0,1.5472,1.01526,0.01001,1.30366,0.93535,0.02728,,0.00728,0.01091,0.525
6,47,hybrid,HYBRID_ALPHA0.2_BETA0.8,0.2,0.8,500,1.0,1.56734,1.02146,0.01218,1.09881,0.87753,0.03629,,0.00739,0.01139,0.575
6,47,hybrid,HYBRID_ALPHA0.3_BETA0.7,0.3,0.7,500,1.0,1.4912,0.99851,0.00835,1.09711,0.87114,0.03057,,0.00704,0.01154,0.525
6,47,hybrid,HYBRID_ALPHA0.4_BETA0.6,0.4,0.6,500,1.0,1.52472,1.00943,0.00979,1.19479,0.89264,0.02655,,0.00718,0.01116,0.55
6,47,hybrid,HYBRID_ALPHA0.5_BETA0.5,0.5,0.5,500,1.0,1.51921,1.00676,0.00958,1.07344,0.86349,0.03135,,0.00718,0.01112,0.575
6,47,hybrid,HYBRID_ALPHA0.6_BETA0.4,0.6,0.4,500,1.0,1.50402,0.99965,0.00904,1.06982,0.86144,0.03058,,0.00714,0.01125,0.6
6,47,hybrid,HYBRID_ALPHA0.7_BETA0.3,0.7,0.3,500,1.0,1.50422,0.99936,0.00911,1.07056,0.8587,0.02662,,0.00689,0.01135,0.6
6,47,hybrid,HYBRID_ALPHA0.8_BETA0.2,0.8,0.2,500,1.0,1.46533,0.99142,0.00774,1.07046,0.85792,0.02624,,0.00685,0.0116,0.625
6,47,hybrid,HYBRID_ALPHA0.9_BETA0.1,0.9,0.1,500,1.0,1.5082,1.00002,0.00927,1.06778,0.85744,0.02636,,0.00687,0.01163,0.625
6,47,hybrid,HYBRID_ALPHA0.1_BETA0.9,0.1,0.9,500,0.0,1.5472,1.01526,0.01001,1.5477,1.00983,0.03003,,0.00647,0.0224,0.525
6,47,hybrid,HYBRID_ALPHA0.2_BETA0.8,0.2,0.8,500,0.0,1.56734,1.02146,0.01218,1.08817,0.87017,0.03087,,0.00725,0.01127,0.6
6,47,hybrid,HYBRID_ALPHA0.3_BETA0.7,0.3,0.7,500,0.0,1.4912,0.99851,0.00835,1.12542,0.86762,0.02229,,0.00641,0.01355,0.55
6,47,hybrid,HYBRID_ALPHA0.4_BETA0.6,0.4,0.6,500,0.0,1.52472,1.00943,0.00979,1.4017,0.96231,0.03238,,0.00653,0.02294,0.55
6,47,hybrid,HYBRID_ALPHA0.5_BETA0.5,0.5,0.5,500,0.0,1.51921,1.00676,0.00958,1.11966,0.86647,0.02169,,0.00641,0.01453,0.525
6,47,hybrid,HYBRID_ALPHA0.6_BETA0.4,0.6,0.4,500,0.0,1.50402,0.99965,0.00904,1.12233,0.86647,0.02128,,0.00637,0.015,0.525
6,47,hybrid,HYBRID_ALPHA0.7_BETA0.3,0.7,0.3,500,0.0,1.50422,0.99936,0.00911,1.15034,0.86895,0.02109,,0.00609,0.01677,0.525
6,47,hybrid,HYBRID_ALPHA0.8_BETA0.2,0.8,0.2,500,0.0,1.46533,0.99142,0.00774,1.14736,0.86729,0.02121,,0.00607,0.01697,0.525
6,47,hybrid,HYBRID_ALPHA0.9_BETA0.1,0.9,0.1,500,0.0,1.5082,1.00002,0.00927,1.1444,0.86659,0.02109,,0.00608,0.01716,0.525
6,47,mse,MSE,1.0,0.0,50,1.0,2.16587,1.14362,0.12958,1.44211,0.95279,0.04023,,0.00637,0.01658,0.575
6,47,mse,MSE,1.0,0.0,50,0.0,2.16587,1.14362,0.12958,1.84338,1.02107,0.02145,,0.00557,0.02276,0.55
6,47,mse,MSE,1.0,0.0,100,1.0,1.56604,1.02194,0.01499,1.14965,0.84415,0.04015,,0.00642,0.02036,0.5
6,47,mse,MSE,1.0,0.0,100,0.0,1.56604,1.02194,0.01499,1.38944,0.94022,0.08805,,0.00688,0.02314,0.525
6,47,mse,MSE,1.0,0.0,300,1.0,1.4167,0.96743,0.00802,1.06641,0.85361,0.02979,,0.00704,0.01289,0.65
6,47,mse,MSE,1.0,0.0,300,0.0,1.4167,0.96743,0.00802,1.13863,0.87061,0.02063,,0.00628,0.01779,0.55
6,47,mse,MSE,1.0,0.0,500,1.0,1.53186,1.00817,0.00995,1.07387,0.85789,0.02543,,0.00677,0.01223,0.575
6,47,mse,MSE,1.0,0.0,500,0.0,1.53186,1.00817,0.00995,1.15397,0.86874,0.02143,,0.00605,0.01819,0.525
7,48,hsic,HSIC,0.0,1.0,50,1.0,3.77223,1.55303,0.02004,1.7014,1.04139,0.19574,,0.00834,0.12563,0.65
7,48,hsic,HSIC,0.0,1.0,50,0.0,3.77223,1.55303,0.02004,2.71994,1.33861,0.20403,,0.00846,0.17231,0.725
7,48,hsic,HSIC,0.0,1.0,100,1.0,2.15426,1.16734,0.01911,1.65548,1.02891,0.17704,,0.00754,0.11286,0.725
7,48,hsic,HSIC,0.0,1.0,100,0.0,2.15426,1.16734,0.01911,2.51325,1.28659,0.1805,,0.00766,0.16691,0.7
7,48,hsic,HSIC,0.0,1.0,300,1.0,1.97597,1.12706,0.0173,7.97804,2.60209,0.1108,,0.00894,0.22476,0.8
7,48,hsic,HSIC,0.0,1.0,300,0.0,1.97597,1.12706,0.0173,6.98336,2.40298,0.0626,,0.00524,0.23346,0.825
7,48,hsic,HSIC,0.0,1.0,500,1.0,2.30014,1.19659,0.02153,1.65831,1.03171,0.17492,,0.00764,0.18841,0.775
7,48,hsic,HSIC,0.0,1.0,500,0.0,2.30014,1.19659,0.02153,2.62747,1.31808,0.1775,,0.00768,0.22342,0.775
7,48,hybrid,HYBRID_ALPHA0.1_BETA0.9,0.1,0.9,50,1.0,1.85827,1.08543,0.02753,1.42295,0.96873,0.03978,,0.00716,0.01227,0.55
7,48,hybrid,HYBRID_ALPHA0.2_BETA0.8,0.2,0.8,50,1.0,1.94975,1.10174,0.03422,1.27793,0.90898,0.03797,,0.00676,0.01301,0.525
7,48,hybrid,HYBRID_ALPHA0.3_BETA0.7,0.3,0.7,50,1.0,1.99844,1.1119,0.03876,1.21074,0.87585,0.03757,,0.00663,0.01475,0.525
7,48,hybrid,HYBRID_ALPHA0.4_BETA0.6,0.4,0.6,50,1.0,2.05849,1.11766,0.04337,1.19354,0.86648,0.03736,,0.00669,0.01496,0.5
7,48,hybrid,HYBRID_ALPHA0.5_BETA0.5,0.5,0.5,50,1.0,2.06265,1.11606,0.04224,1.18518,0.86153,0.03754,,0.0067,0.01516,0.525
7,48,hybrid,HYBRID_ALPHA0.6_BETA0.4,0.6,0.4,50,1.0,2.09786,1.12142,0.04632,1.17476,0.856,0.03754,,0.00669,0.01558,0.5
7,48,hybrid,HYBRID_ALPHA0.7_BETA0.3,0.7,0.3,50,1.0,2.1316,1.1272,0.04561,1.16168,0.85311,0.03503,,0.00658,0.01434,0.525
7,48,hybrid,HYBRID_ALPHA0.8_BETA0.2,0.8,0.2,50,1.0,2.13903,1.12871,0.04522,1.16434,0.85505,0.03387,,0.0065,0.01471,0.575
7,48,hybrid,HYBRID_ALPHA0.9_BETA0.1,0.9,0.1,50,1.0,2.11612,1.12351,0.05783,1.18532,0.86407,0.03596,,0.00656,0.01585,0.525
7,48,hybrid,HYBRID_ALPHA0.1_BETA0.9,0.1,0.9,50,0.0,1.85827,1.08543,0.02753,2.24733,1.22313,0.1025,,0.00809,0.0365,0.6
7,48,hybrid,HYBRID_ALPHA0.2_BETA0.8,0.2,0.8,50,0.0,1.94975,1.10174,0.03422,1.93352,1.12659,0.08133,,0.00827,0.03373,0.55
7,48,hybrid,HYBRID_ALPHA0.3_BETA0.7,0.3,0.7,50,0.0,1.99844,1.1119,0.03876,1.70984,1.05744,0.0799,,0.00812,0.03219,0.525
7,48,hybrid,HYBRID_ALPHA0.4_BETA0.6,0.4,0.6,50,0.0,2.05849,1.11766,0.04337,1.66738,1.0426,0.0793,,0.0081,0.03239,0.5
7,48,hybrid,HYBRID_ALPHA0.5_BETA0.5,0.5,0.5,50,0.0,2.06265,1.11606,0.04224,1.64773,1.03599,0.07975,,0.00811,0.03265,0.5
7,48,hybrid,HYBRID_ALPHA0.6_BETA0.4,0.6,0.4,50,0.0,2.09786,1.12142,0.04632,1.59561,1.0179,0.07919,,0.00809,0.03148,0.55
7,48,hybrid,HYBRID_ALPHA0.7_BETA0.3,0.7,0.3,50,0.0,2.1316,1.1272,0.04561,1.39164,0.94991,0.06837,,0.00771,0.02694,0.55
7,48,hybrid,HYBRID_ALPHA0.8_BETA0.2,0.8,0.2,50,0.0,2.13903,1.12871,0.04522,1.31527,0.92322,0.0543,,0.0071,0.02432,0.575
7,48,hybrid,HYBRID_ALPHA0.9_BETA0.1,0.9,0.1,50,0.0,2.11612,1.12351,0.05783,1.24339,0.89626,0.03634,,0.00632,0.02082,0.55
7,48,hybrid,HYBRID_ALPHA0.1_BETA0.9,0.1,0.9,100,1.0,1.41718,0.97469,0.01772,1.79488,1.093,0.05085,,0.00718,0.03013,0.55
7,48,hybrid,HYBRID_ALPHA0.2_BETA0.8,0.2,0.8,100,1.0,1.4856,1.00412,0.01608,1.6864,1.06346,0.03792,,0.00718,0.02941,0.525
7,48,hybrid,HYBRID_ALPHA0.3_BETA0.7,0.3,0.7,100,1.0,1.46189,0.99704,0.01871,1.61715,1.04052,0.0346,,0.00706,0.02825,0.5
7,48,hybrid,HYBRID_ALPHA0.4_BETA0.6,0.4,0.6,100,1.0,1.45411,1.00156,0.01822,1.54236,1.01576,0.03134,,0.00699,0.02692,0.525
7,48,hybrid,HYBRID_ALPHA0.5_BETA0.5,0.5,0.5,100,1.0,1.48531,1.01188,0.02156,1.3101,0.93604,0.02522,,0.00731,0.0212,0.575
7,48,hybrid,HYBRID_ALPHA0.6_BETA0.4,0.6,0.4,100,1.0,1.50692,1.01883,0.0237,1.35175,0.94612,0.02415,,0.00709,0.02354,0.55
7,48,hybrid,HYBRID_ALPHA0.7_BETA0.3,0.7,0.3,100,1.0,1.516,1.02193,0.02355,1.44756,0.95778,0.02191,,0.00694,0.03131,0.55
7,48,hybrid,HYBRID_ALPHA0.8_BETA0.2,0.8,0.2,100,1.0,1.46437,1.00048,0.01632,1.75339,1.04982,0.04872,,0.00772,0.05305,0.525
7,48,hybrid,HYBRID_ALPHA0.9_BETA0.1,0.9,0.1,100,1.0,1.53978,1.03159,0.02096,1.42351,0.96221,0.01916,,0.00675,0.02808,0.625
7,48,hybrid,HYBRID_ALPHA0.1_BETA0.9,0.1,0.9,100,0.0,1.41718,0.97469,0.01772,2.69846,1.34506,0.1058,,0.00738,0.05705,0.625
7,48,hybrid,HYBRID_ALPHA0.2_BETA0.8,0.2,0.8,100,0.0,1.4856,1.00412,0.01608,2.44967,1.28304,0.08447,,0.00756,0.05514,0.55
7,48,hybrid,HYBRID_ALPHA0.3_BETA0.7,0.3,0.7,100,0.0,1.46189,0.99704,0.01871,2.24128,1.22398,0.08031,,0.00756,0.05028,0.55
7,48,hybrid,HYBRID_ALPHA0.4_BETA0.6,0.4,0.6,100,0.0,1.45411,1.00156,0.01822,2.07982,1.17694,0.07802,,0.0076,0.04647,0.575
7,48,hybrid,HYBRID_ALPHA0.5_BETA0.5,0.5,0.5,100,0.0,1.48531,1.01188,0.02156,1.4182,0.96369,0.04833,,0.00748,0.0256,0.575
7,48,hybrid,HYBRID_ALPHA0.6_BETA0.4,0.6,0.4,100,0.0,1.50692,1.01883,0.0237,1.28717,0.91138,0.04193,,0.00767,0.01992,0.55
7,48,hybrid,HYBRID_ALPHA0.7_BETA0.3,0.7,0.3,100,0.0,1.516,1.02193,0.02355,1.24512,0.89087,0.04931,,0.00806,0.01845,0.525
7,48,hybrid,HYBRID_ALPHA0.8_BETA0.2,0.8,0.2,100,0.0,1.46437,1.00048,0.01632,1.14996,0.84531,0.03659,,0.00795,0.01311,0.5
7,48,hybrid,HYBRID_ALPHA0.9_BETA0.1,0.9,0.1,100,0.0,1.53978,1.03159,0.02096,1.4304,0.96486,0.07027,,0.00842,0.02583,0.5
7,48,hybrid,HYBRID_ALPHA0.1_BETA0.9,0.1,0.9,300,1.0,1.52471,1.00089,0.01335,2.21255,1.22799,0.04331,,0.0064,0.01386,0.525
7,48,hybrid,HYBRID_ALPHA0.2_BETA0.8,0.2,0.8,300,1.0,1.5015,0.99532,0.01216,2.14358,1.21436,0.03361,,0.00668,0.01486,0.575
7,48,hybrid,HYBRID_ALPHA0.3_BETA0.7,0.3,0.7,300,1.0,1.50257,0.99699,0.01185,1.10663,0.87341,0.02698,,0.00635,0.0054,0.575
7,48,hybrid,HYBRID_ALPHA0.4_BETA0.6,0.4,0.6,300,1.0,1.5038,0.997,0.0117,1.09271,0.86686,0.02653,,0.00631,0.00588,0.55
7,48,hybrid,HYBRID_ALPHA0.5_BETA0.5,0.5,0.5,300,1.0,1.51781,1.00091,0.01199,1.09388,0.86753,0.02651,,0.00625,0.00571,0.575
7,48,hybrid,HYBRID_ALPHA0.6_BETA0.4,0.6,0.4,300,1.0,1.51098,1.0017,0.01152,1.08363,0.86443,0.02699,,0.00644,0.00566,0.575
7,48,hybrid,HYBRID_ALPHA0.7_BETA0.3,0.7,0.3,300,1.0,1.51297,1.00352,0.01214,1.0848,0.86338,0.02501,,0.00629,0.0059,0.575
7,48,hybrid,HYBRID_ALPHA0.8_BETA0.2,0.8,0.2,300,1.0,1.51345,1.00208,0.01105,1.08025,0.86035,0.02353,,0.0063,0.00612,0.55
7,48,hybrid,HYBRID_ALPHA0.9_BETA0.1,0.9,0.1,300,1.0,1.56817,1.01681,0.01242,1.38341,0.94467,0.06662,,0.00633,0.01723,0.5
7,48,hybrid,HYBRID_ALPHA0.1_BETA0.9,0.1,0.9,300,0.0,1.52471,1.00089,0.01335,2.31464,1.24237,0.08906,,0.00628,0.01703,0.55
7,48,hybrid,HYBRID_ALPHA0.2_BETA0.8,0.2,0.8,300,0.0,1.5015,0.99532,0.01216,2.29255,1.23798,0.08124,,0.00675,0.01897,0.525
7,48,hybrid,HYBRID_ALPHA0.3_BETA0.7,0.3,0.7,300,0.0,1.50257,0.99699,0.01185,1.12405,0.86957,0.02299,,0.00583,0.00646,0.55
7,48,hybrid,HYBRID_ALPHA0.4_BETA0.6,0.4,0.6,300,0.0,1.5038,0.997,0.0117,1.10009,0.86388,0.02402,,0.00595,0.00658,0.575
7,48,hybrid,HYBRID_ALPHA0.5_BETA0.5,0.5,0.5,300,0.0,1.51781,1.00091,0.01199,1.10354,0.86487,0.02378,,0.00585,0.00647,0.575
7,48,hybrid,HYBRID_ALPHA0.6_BETA0.4,0.6,0.4,300,0.0,1.51098,1.0017,0.01152,1.08877,0.86218,0.02399,,0.00611,0.00619,0.575
7,48,hybrid,HYBRID_ALPHA0.7_BETA0.3,0.7,0.3,300,0.0,1.51297,1.00352,0.01214,1.09021,0.86144,0.02319,,0.00602,0.00636,0.575
7,48,hybrid,HYBRID_ALPHA0.8_BETA0.2,0.8,0.2,300,0.0,1.51345,1.00208,0.01105,1.08438,0.85874,0.02234,,0.00609,0.00645,0.575
7,48,hybrid,HYBRID_ALPHA0.9_BETA0.1,0.9,0.1,300,0.0,1.56817,1.01681,0.01242,1.57851,1.00961,0.11604,,0.00696,0.02379,0.525
7,48,hybrid,HYBRID_ALPHA0.1_BETA0.9,0.1,0.9,500,1.0,1.58963,1.0212,0.01757,1.63388,1.04908,0.02966,,0.00695,0.0184,0.575
7,48,hybrid,HYBRID_ALPHA0.2_BETA0.8,0.2,0.8,500,1.0,1.63421,1.03183,0.02491,1.28572,0.91955,0.02511,,0.00678,0.02057,0.625
7,48,hybrid,HYBRID_ALPHA0.3_BETA0.7,0.3,0.7,500,1.0,1.6189,1.02895,0.02333,1.19974,0.88212,0.02474,,0.00672,0.02177,0.625
7,48,hybrid,HYBRID_ALPHA0.4_BETA0.6,0.4,0.6,500,1.0,1.60964,1.02716,0.02155,1.20284,0.88314,0.02519,,0.00672,0.02337,0.55
7,48,hybrid,HYBRID_ALPHA0.5_BETA0.5,0.5,0.5,500,1.0,1.59965,1.02532,0.01973,1.20405,0.88326,0.02589,,0.00672,0.02532,0.6
7,48,hybrid,HYBRID_ALPHA0.6_BETA0.4,0.6,0.4,500,1.0,1.58969,1.02345,0.01807,1.20601,0.88395,0.0265,,0.00669,0.02717,0.6
7,48,hybrid,HYBRID_ALPHA0.7_BETA0.3,0.7,0.3,500,1.0,1.58283,1.02189,0.01716,1.21953,0.88966,0.02787,,0.00672,0.02936,0.575
7,48,hybrid,HYBRID_ALPHA0.8_BETA0.2,0.8,0.2,500,1.0,1.57976,1.02196,0.0161,1.2128,0.88607,0.02861,,0.00666,0.03105,0.575
7,48,hybrid,HYBRID_ALPHA0.9_BETA0.1,0.9,0.1,500,1.0,1.54217,1.01284,0.01249,1.21775,0.88726,0.03086,,0.00669,0.03308,0.6
7,48,hybrid,HYBRID_ALPHA0.1_BETA0.9,0.1,0.9,500,0.0,1.58963,1.0212,0.01757,2.33306,1.25282,0.0732,,0.00764,0.03789,0.625
7,48,hybrid,HYBRID_ALPHA0.2_BETA0.8,0.2,0.8,500,0.0,1.63421,1.03183,0.02491,1.73141,1.06852,0.06676,,0.00718,0.03737,0.6
7,48,hybrid,HYBRID_ALPHA0.3_BETA0.7,0.3,0.7,500,0.0,1.6189,1.02895,0.02333,1.56933,1.01115,0.06695,,0.00712,0.03734,0.6
7,48,hybrid,HYBRID_ALPHA0.4_BETA0.6,0.4,0.6,500,0.0,1.60964,1.02716,0.02155,1.56671,1.00998,0.06794,,0.00714,0.03881,0.6
7,48,hybrid,HYBRID_ALPHA0.5_BETA0.5,0.5,0.5,500,0.0,1.59965,1.02532,0.01973,1.56528,1.00922,0.06957,,0.00717,0.04066,0.575
7,48,hybrid,HYBRID_ALPHA0.6_BETA0.4,0.6,0.4,500,0.0,1.58969,1.02345,0.01807,1.56224,1.0076,0.07118,,0.00717,0.04201,0.625
7,48,hybrid,HYBRID_ALPHA0.7_BETA0.3,0.7,0.3,500,0.0,1.58283,1.02189,0.01716,1.59759,1.01919,0.07403,,0.00723,0.04474,0.6
7,48,hybrid,HYBRID_ALPHA0.8_BETA0.2,0.8,0.2,500,0.0,1.57976,1.02196,0.0161,1.56212,1.00558,0.07552,,0.00714,0.04484,0.625
7,48,hybrid,HYBRID_ALPHA0.9_BETA0.1,0.9,0.1,500,0.0,1.54217,1.01284,0.01249,1.58966,1.01444,0.07828,,0.00718,0.04727,0.625
7,48,mse,MSE,1.0,0.0,50,1.0,1.93877,1.08884,0.02353,1.19562,0.86705,0.03906,,0.0067,0.01653,0.6
7,48,mse,MSE,1.0,0.0,50,0.0,1.93877,1.08884,0.02353,1.1858,0.87972,0.02494,,0.00577,0.01792,0.625
7,48,mse,MSE,1.0,0.0,100,1.0,1.45367,0.99539,0.01639,1.54082,0.99051,0.01986,,0.00662,0.03683,0.55
7,48,mse,MSE,1.0,0.0,100,0.0,1.45367,0.99539,0.01639,1.27606,0.8987,0.05914,,0.00855,0.01864,0.525
7,48,mse,MSE,1.0,0.0,300,1.0,1.5745,1.01942,0.01242,1.08875,0.84898,0.02075,,0.00635,0.00805,0.55
7,48,mse,MSE,1.0,0.0,300,0.0,1.5745,1.01942,0.01242,1.09695,0.84956,0.02234,,0.00633,0.00843,0.575
7,48,mse,MSE,1.0,0.0,500,1.0,1.53036,1.00958,0.01111,1.18961,0.8732,0.03412,,0.00673,0.03405,0.65
7,48,mse,MSE,1.0,0.0,500,0.0,1.53036,1.00958,0.01111,1.5681,1.00589,0.08165,,0.00721,0.04822,0.6
8,49,hsic,HSIC,0.0,1.0,50,1.0,2.40833,1.21927,0.02892,1.67969,1.0331,0.16265,,0.00644,0.06093,0.65
8,49,hsic,HSIC,0.0,1.0,50,0.0,2.40833,1.21927,0.02892,2.72879,1.3473,0.16715,,0.00665,0.12816,0.625
8,49,hsic,HSIC,0.0,1.0,100,1.0,2.96015,1.35301,0.02808,1.91173,1.11838,0.17753,,0.00747,0.09457,0.7
8,49,hsic,HSIC,0.0,1.0,100,0.0,2.96015,1.35301,0.02808,3.03875,1.43128,0.14859,,0.00642,0.16146,0.6
8,49,hsic,HSIC,0.0,1.0,300,1.0,2.37746,1.22124,0.01557,1.61939,1.02102,0.16287,,0.00738,0.08931,0.7
8,49,hsic,HSIC,0.0,1.0,300,0.0,2.37746,1.22124,0.01557,2.69552,1.33724,0.16289,,0.00748,0.14262,0.7
8,49,hsic,HSIC,0.0,1.0,500,1.0,2.47722,1.24771,0.01829,1.5925,1.00904,0.16301,,0.00747,0.07649,0.625
8,49,hsic,HSIC,0.0,1.0,500,0.0,2.47722,1.24771,0.01829,2.64335,1.32241,0.16662,,0.0077,0.13928,0.65
8,49,hybrid,HYBRID_ALPHA0.1_BETA0.9,0.1,0.9,50,1.0,1.76756,1.06816,0.02079,1.6599,1.0245,0.17275,,0.00741,0.05175,0.625
8,49,hybrid,HYBRID_ALPHA0.2_BETA0.8,0.2,0.8,50,1.0,2.67423,1.15484,0.02743,1.21527,0.88485,0.03013,,0.00675,0.01597,0.5
8,49,hybrid,HYBRID_ALPHA0.3_BETA0.7,0.3,0.7,50,1.0,2.50392,1.12691,0.02891,1.17563,0.86549,0.03064,,0.00699,0.01598,0.525
8,49,hybrid,HYBRID_ALPHA0.4_BETA0.6,0.4,0.6,50,1.0,1.8561,1.06838,0.03229,1.17903,0.867,0.03033,,0.00652,0.01619,0.5
8,49,hybrid,HYBRID_ALPHA0.5_BETA0.5,0.5,0.5,50,1.0,1.71209,1.03898,0.01779,1.16319,0.86159,0.02972,,0.00644,0.01789,0.525
8,49,hybrid,HYBRID_ALPHA0.6_BETA0.4,0.6,0.4,50,1.0,1.82243,1.06543,0.01787,1.13124,0.84933,0.02557,,0.00658,0.02054,0.5
8,49,hybrid,HYBRID_ALPHA0.7_BETA0.3,0.7,0.3,50,1.0,1.82209,1.07528,0.02395,1.12203,0.84471,0.02385,,0.00687,0.02198,0.525
8,49,hybrid,HYBRID_ALPHA0.8_BETA0.2,0.8,0.2,50,1.0,1.77928,1.05994,0.0295,1.12004,0.84494,0.02344,,0.00709,0.02299,0.525
8,49,hybrid,HYBRID_ALPHA0.9_BETA0.1,0.9,0.1,50,1.0,1.79883,1.06504,0.03108,1.12307,0.84577,0.02405,,0.00713,0.02281,0.525
8,49,hybrid,HYBRID_ALPHA0.1_BETA0.9,0.1,0.9,50,0.0,1.76756,1.06816,0.02079,2.68561,1.33415,0.17687,,0.00774,0.11914,0.675
8,49,hybrid,HYBRID_ALPHA0.2_BETA0.8,0.2,0.8,50,0.0,2.67423,1.15484,0.02743,1.81173,1.09222,0.08489,,0.00791,0.03956,0.65
8,49,hybrid,HYBRID_ALPHA0.3_BETA0.7,0.3,0.7,50,0.0,2.50392,1.12691,0.02891,1.70921,1.05855,0.08381,,0.00817,0.03758,0.65
8,49,hybrid,HYBRID_ALPHA0.4_BETA0.6,0.4,0.6,50,0.0,1.8561,1.06838,0.03229,1.57111,1.00842,0.05692,,0.00725,0.03605,0.6
8,49,hybrid,HYBRID_ALPHA0.5_BETA0.5,0.5,0.5,50,0.0,1.71209,1.03898,0.01779,1.20259,0.90078,0.04814,,0.00767,0.0206,0.575
8,49,hybrid,HYBRID_ALPHA0.6_BETA0.4,0.6,0.4,50,0.0,1.82243,1.06543,0.01787,1.65704,1.05749,0.19159,,0.01542,0.02037,0.525
8,49,hybrid,HYBRID_ALPHA0.7_BETA0.3,0.7,0.3,50,0.0,1.82209,1.07528,0.02395,1.96568,1.13739,0.23214,,0.01671,0.02671,0.575
8,49,hybrid,HYBRID_ALPHA0.8_BETA0.2,0.8,0.2,50,0.0,1.77928,1.05994,0.0295,2.21551,1.19122,0.26016,,0.01798,0.03247,0.6
8,49,hybrid,HYBRID_ALPHA0.9_BETA0.1,0.9,0.1,50,0.0,1.79883,1.06504,0.03108,1.89306,1.12142,0.2284,,0.01752,0.03011,0.55
8,49,hybrid,HYBRID_ALPHA0.1_BETA0.9,0.1,0.9,100,1.0,2.97535,1.22514,0.02733,2.65309,1.36418,0.02946,,0.00658,0.03182,0.6
8,49,hybrid,HYBRID_ALPHA0.2_BETA0.8,0.2,0.8,100,1.0,2.36562,1.12293,0.01863,2.35466,1.28616,0.04272,,0.00647,0.02697,0.625
8,49,hybrid,HYBRID_ALPHA0.3_BETA0.7,0.3,0.7,100,1.0,2.59482,1.13984,0.01478,1.90975,1.15245,0.03865,,0.00654,0.02758,0.625
8,49,hybrid,HYBRID_ALPHA0.4_BETA0.6,0.4,0.6,100,1.0,2.07886,1.0919,0.0165,1.88348,1.14385,0.03328,,0.00656,0.04275,0.65
8,49,hybrid,HYBRID_ALPHA0.5_BETA0.5,0.5,0.5,100,1.0,2.1071,1.10429,0.02637,2.24401,1.2511,0.03665,,0.00513,0.08704,0.625
8,49,hybrid,HYBRID_ALPHA0.6_BETA0.4,0.6,0.4,100,1.0,2.07467,1.10061,0.02408,1.91573,1.15178,0.02943,,0.00636,0.05968,0.7
8,49,hybrid,HYBRID_ALPHA0.7_BETA0.3,0.7,0.3,100,1.0,2.0057,1.08738,0.01971,1.92374,1.15618,0.03189,,0.00665,0.05711,0.675
8,49,hybrid,HYBRID_ALPHA0.8_BETA0.2,0.8,0.2,100,1.0,1.79514,1.05414,0.01834,1.93079,1.15809,0.0317,,0.0067,0.06079,0.625
8,49,hybrid,HYBRID_ALPHA0.9_BETA0.1,0.9,0.1,100,1.0,1.84862,1.06276,0.01986,1.91224,1.15061,0.0316,,0.00669,0.06314,0.625
8,49,hybrid,HYBRID_ALPHA0.1_BETA0.9,0.1,0.9,100,0.0,2.97535,1.22514,0.02733,2.15231,1.20161,0.07297,,0.00669,0.02047,0.625
8,49,hybrid,HYBRID_ALPHA0.2_BETA0.8,0.2,0.8,100,0.0,2.36562,1.12293,0.01863,1.94608,1.14722,0.04889,,0.00714,0.02137,0.575
8,49,hybrid,HYBRID_ALPHA0.3_BETA0.7,0.3,0.7,100,0.0,2.59482,1.13984,0.01478,1.55731,1.01242,0.04703,,0.00697,0.01994,0.525
8,49,hybrid,HYBRID_ALPHA0.4_BETA0.6,0.4,0.6,100,0.0,2.07886,1.0919,0.0165,1.27466,0.90591,0.04383,,0.00728,0.01604,0.55
8,49,hybrid,HYBRID_ALPHA0.5_BETA0.5,0.5,0.5,100,0.0,2.1071,1.10429,0.02637,1.3485,0.92298,0.08025,,0.00993,0.02983,0.575
8,49,hybrid,HYBRID_ALPHA0.6_BETA0.4,0.6,0.4,100,0.0,2.07467,1.10061,0.02408,1.20414,0.85973,0.05374,,0.00724,0.01869,0.525
8,49,hybrid,HYBRID_ALPHA0.7_BETA0.3,0.7,0.3,100,0.0,2.0057,1.08738,0.01971,1.29971,0.91167,0.05957,,0.00738,0.02016,0.525
8,49,hybrid,HYBRID_ALPHA0.8_BETA0.2,0.8,0.2,100,0.0,1.79514,1.05414,0.01834,1.27663,0.90061,0.06058,,0.00742,0.01997,0.575
8,49,hybrid,HYBRID_ALPHA0.9_BETA0.1,0.9,0.1,100,0.0,1.84862,1.06276,0.01986,1.25687,0.88892,0.06242,,0.00746,0.02003,0.525
8,49,hybrid,HYBRID_ALPHA0.1_BETA0.9,0.1,0.9,300,1.0,1.5567,1.0165,0.01276,1.47043,0.98559,0.0408,,0.00724,0.01333,0.525
8,49,hybrid,HYBRID_ALPHA0.2_BETA0.8,0.2,0.8,300,1.0,1.48958,1.00433,0.01328,1.37201,0.94945,0.03743,,0.00723,0.01298,0.55
8,49,hybrid,HYBRID_ALPHA0.3_BETA0.7,0.3,0.7,300,1.0,1.4701,0.99855,0.01312,1.27256,0.90954,0.03874,,0.00724,0.01308,0.525
8,49,hybrid,HYBRID_ALPHA0.4_BETA0.6,0.4,0.6,300,1.0,1.47743,0.99859,0.01241,1.24497,0.89724,0.03874,,0.00724,0.01302,0.5
8,49,hybrid,HYBRID_ALPHA0.5_BETA0.5,0.5,0.5,300,1.0,1.4695,0.99656,0.01249,1.22738,0.88919,0.03868,,0.00724,0.01296,0.525
8,49,hybrid,HYBRID_ALPHA0.6_BETA0.4,0.6,0.4,300,1.0,1.47471,0.99792,0.01258,1.14989,0.85778,0.02877,,0.00693,0.01137,0.525
8,49,hybrid,HYBRID_ALPHA0.7_BETA0.3,0.7,0.3,300,1.0,1.4825,1.00146,0.01293,1.14395,0.8548,0.02953,,0.00693,0.01159,0.5
8,49,hybrid,HYBRID_ALPHA0.8_BETA0.2,0.8,0.2,300,1.0,1.46809,0.99783,0.01242,1.13927,0.8519,0.03043,,0.00695,0.01184,0.575
8,49,hybrid,HYBRID_ALPHA0.9_BETA0.1,0.9,0.1,300,1.0,1.49166,1.00091,0.01125,1.13797,0.85034,0.03168,,0.00696,0.01213,0.5
8,49,hybrid,HYBRID_ALPHA0.1_BETA0.9,0.1,0.9,300,0.0,1.5567,1.0165,0.01276,2.07,1.17277,0.09482,,0.00773,0.03101,0.55
8,49,hybrid,HYBRID_ALPHA0.2_BETA0.8,0.2,0.8,300,0.0,1.48958,1.00433,0.01328,1.89162,1.11809,0.0856,,0.00792,0.03075,0.55
8,49,hybrid,HYBRID_ALPHA0.3_BETA0.7,0.3,0.7,300,0.0,1.4701,0.99855,0.01312,1.78692,1.0838,0.08898,,0.00796,0.03288,0.575
8,49,hybrid,HYBRID_ALPHA0.4_BETA0.6,0.4,0.6,300,0.0,1.47743,0.99859,0.01241,1.72211,1.06273,0.08911,,0.00797,0.03227,0.55
8,49,hybrid,HYBRID_ALPHA0.5_BETA0.5,0.5,0.5,300,0.0,1.4695,0.99656,0.01249,1.66808,1.04455,0.08972,,0.008,0.03119,0.575
8,49,hybrid,HYBRID_ALPHA0.6_BETA0.4,0.6,0.4,300,0.0,1.47471,0.99792,0.01258,1.45068,0.97206,0.07432,,0.00773,0.022,0.5
8,49,hybrid,HYBRID_ALPHA0.7_BETA0.3,0.7,0.3,300,0.0,1.4825,1.00146,0.01293,1.45048,0.97132,0.07769,,0.00781,0.02279,0.5
8,49,hybrid,HYBRID_ALPHA0.8_BETA0.2,0.8,0.2,300,0.0,1.46809,0.99783,0.01242,1.45702,0.97294,0.08127,,0.0079,0.0237,0.6
8,49,hybrid,HYBRID_ALPHA0.9_BETA0.1,0.9,0.1,300,0.0,1.49166,1.00091,0.01125,1.46722,0.97572,0.08502,,0.00797,0.02469,0.6
8,49,hybrid,HYBRID_ALPHA0.1_BETA0.9,0.1,0.9,500,1.0,1.53455,1.00959,0.01177,1.08461,0.86474,0.05034,,0.00779,0.01559,0.575
8,49,hybrid,HYBRID_ALPHA0.2_BETA0.8,0.2,0.8,500,1.0,1.51486,1.00335,0.01042,1.09537,0.86728,0.05142,,0.0078,0.01572,0.5
8,49,hybrid,HYBRID_ALPHA0.3_BETA0.7,0.3,0.7,500,1.0,1.49356,0.99598,0.00974,1.10385,0.86837,0.05122,,0.00777,0.01601,0.575
8,49,hybrid,HYBRID_ALPHA0.4_BETA0.6,0.4,0.6,500,1.0,1.48572,0.99473,0.00968,1.20078,0.88246,0.02881,,0.00702,0.0121,0.575
8,49,hybrid,HYBRID_ALPHA0.5_BETA0.5,0.5,0.5,500,1.0,1.5502,1.01392,0.01362,1.11054,0.86824,0.04997,,0.00766,0.01628,0.575
8,49,hybrid,HYBRID_ALPHA0.6_BETA0.4,0.6,0.4,500,1.0,1.5225,1.00427,0.01073,1.11401,0.86796,0.04957,,0.00761,0.0165,0.6
8,49,hybrid,HYBRID_ALPHA0.7_BETA0.3,0.7,0.3,500,1.0,1.52677,1.00463,0.01101,1.11537,0.8671,0.04873,,0.00756,0.0167,0.575
8,49,hybrid,HYBRID_ALPHA0.8_BETA0.2,0.8,0.2,500,1.0,1.53091,1.00604,0.01113,1.12118,0.86688,0.04845,,0.00751,0.01713,0.575
8,49,hybrid,HYBRID_ALPHA0.9_BETA0.1,0.9,0.1,500,1.0,1.52973,1.00588,0.01103,1.11687,0.86466,0.04616,,0.00744,0.01729,0.575
8,49,hybrid,HYBRID_ALPHA0.1_BETA0.9,0.1,0.9,500,0.0,1.53455,1.00959,0.01177,1.11397,0.88569,0.06323,,0.00824,0.01383,0.55
8,49,hybrid,HYBRID_ALPHA0.2_BETA0.8,0.2,0.8,500,0.0,1.51486,1.00335,0.01042,1.12498,0.88971,0.06495,,0.00824,0.0139,0.525
8,49,hybrid,HYBRID_ALPHA0.3_BETA0.7,0.3,0.7,500,0.0,1.49356,0.99598,0.00974,1.13331,0.89263,0.06598,,0.00824,0.01399,0.5
8,49,hybrid,HYBRID_ALPHA0.4_BETA0.6,0.4,0.6,500,0.0,1.48572,0.99473,0.00968,1.56093,1.01083,0.06452,,0.00761,0.02828,0.55
8,49,hybrid,HYBRID_ALPHA0.5_BETA0.5,0.5,0.5,500,0.0,1.5502,1.01392,0.01362,1.13867,0.89316,0.06487,,0.00811,0.01416,0.55
8,49,hybrid,HYBRID_ALPHA0.6_BETA0.4,0.6,0.4,500,0.0,1.5225,1.00427,0.01073,1.14249,0.89422,0.06483,,0.00805,0.01422,0.525
8,49,hybrid,HYBRID_ALPHA0.7_BETA0.3,0.7,0.3,500,0.0,1.52677,1.00463,0.01101,1.14172,0.89314,0.06337,,0.00798,0.0143,0.5
8,49,hybrid,HYBRID_ALPHA0.8_BETA0.2,0.8,0.2,500,0.0,1.53091,1.00604,0.01113,1.14578,0.89423,0.06281,,0.00791,0.01437,0.575
8,49,hybrid,HYBRID_ALPHA0.9_BETA0.1,0.9,0.1,500,0.0,1.52973,1.00588,0.01103,1.13874,0.89029,0.05939,,0.00779,0.01451,0.55
8,49,mse,MSE,1.0,0.0,50,1.0,1.8707,1.07501,0.04639,1.12795,0.84791,0.02402,,0.00701,0.02197,0.575
8,49,mse,MSE,1.0,0.0,50,0.0,1.8707,1.07501,0.04639,1.52279,1.02167,0.15874,,0.01456,0.02856,0.6
8,49,mse,MSE,1.0,0.0,100,1.0,2.06376,1.10075,0.02664,1.88224,1.13874,0.03209,,0.00672,0.06409,0.625
8,49,mse,MSE,1.0,0.0,100,0.0,2.06376,1.10075,0.02664,1.24725,0.88193,0.06441,,0.0075,0.02017,0.525
8,49,mse,MSE,1.0,0.0,300,1.0,1.49122,1.00222,0.01107,1.14145,0.85079,0.03324,,0.00697,0.01231,0.575
8,49,mse,MSE,1.0,0.0,300,0.0,1.49122,1.00222,0.01107,1.47774,0.97843,0.0885,,0.00799,0.02567,0.625
8,49,mse,MSE,1.0,0.0,500,1.0,1.52005,1.00117,0.0099,1.11832,0.86341,0.0446,,0.00737,0.01774,0.65
8,49,mse,MSE,1.0,0.0,500,0.0,1.52005,1.00117,0.0099,1.13825,0.88941,0.05736,,0.00769,0.01467,0.525
9,50,hsic,HSIC,0.0,1.0,50,1.0,2.54551,1.25109,0.07257,1.45396,0.97966,0.03269,,0.00457,0.07477,0.8
9,50,hsic,HSIC,0.0,1.0,50,0.0,2.54551,1.25109,0.07257,1.88109,1.10321,0.08693,,0.00406,0.06436,0.675
9,50,hsic,HSIC,0.0,1.0,100,1.0,2.49532,1.24982,0.01443,1.6011,1.02981,0.03975,,0.00604,0.02465,0.6
9,50,hsic,HSIC,0.0,1.0,100,0.0,2.49532,1.24982,0.01443,1.71061,1.05971,0.06002,,0.0053,0.03032,0.625
9,50,hsic,HSIC,0.0,1.0,300,1.0,3.42746,1.49702,0.01317,1.57412,1.00154,0.16242,,0.00762,0.09268,0.625
9,50,hsic,HSIC,0.0,1.0,300,0.0,3.42746,1.49702,0.01317,2.58741,1.3077,0.16344,,0.00775,0.15217,0.625
9,50,hsic,HSIC,0.0,1.0,500,1.0,2.92681,1.36861,0.022,1.67974,1.04159,0.16938,,0.00742,0.07917,0.65
9,50,hsic,HSIC,0.0,1.0,500,0.0,2.92681,1.36861,0.022,2.66351,1.32856,0.17176,,0.00751,0.13527,0.675
9,50,hybrid,HYBRID_ALPHA0.1_BETA0.9,0.1,0.9,50,1.0,2.15769,1.14279,0.03464,1.26397,0.90347,0.03232,,0.0048,0.02124,0.575
9,50,hybrid,HYBRID_ALPHA0.2_BETA0.8,0.2,0.8,50,1.0,1.71133,1.06111,0.01673,1.18867,0.87743,0.02703,,0.00491,0.01774,0.6
9,50,hybrid,HYBRID_ALPHA0.3_BETA0.7,0.3,0.7,50,1.0,1.67606,1.05335,0.01433,1.19411,0.88286,0.0274,,0.00498,0.01629,0.625
9,50,hybrid,HYBRID_ALPHA0.4_BETA0.6,0.4,0.6,50,1.0,1.61963,1.03193,0.00964,1.12582,0.86098,0.02165,,0.00548,0.01214,0.525
9,50,hybrid,HYBRID_ALPHA0.5_BETA0.5,0.5,0.5,50,1.0,1.68883,1.05376,0.01624,1.14719,0.86686,0.02628,,0.00532,0.01232,0.525
9,50,hybrid,HYBRID_ALPHA0.6_BETA0.4,0.6,0.4,50,1.0,1.69058,1.05165,0.00856,1.1534,0.87084,0.02821,,0.00532,0.01253,0.5
9,50,hybrid,HYBRID_ALPHA0.7_BETA0.3,0.7,0.3,50,1.0,1.67923,1.04992,0.01515,1.14584,0.86447,0.02927,,0.00568,0.01344,0.525
9,50,hybrid,HYBRID_ALPHA0.8_BETA0.2,0.8,0.2,50,1.0,1.69083,1.05035,0.02047,1.16626,0.87012,0.03393,,0.00551,0.01449,0.525
9,50,hybrid,HYBRID_ALPHA0.9_BETA0.1,0.9,0.1,50,1.0,1.67825,1.05006,0.01664,1.1564,0.86581,0.03332,,0.0058,0.0138,0.55
9,50,hybrid,HYBRID_ALPHA0.1_BETA0.9,0.1,0.9,50,0.0,2.15769,1.14279,0.03464,1.30501,0.91008,0.027,,0.00406,0.02008,0.6
9,50,hybrid,HYBRID_ALPHA0.2_BETA0.8,0.2,0.8,50,0.0,1.71133,1.06111,0.01673,1.22065,0.88549,0.02245,,0.00443,0.01776,0.525
9,50,hybrid,HYBRID_ALPHA0.3_BETA0.7,0.3,0.7,50,0.0,1.67606,1.05335,0.01433,1.19934,0.8768,0.02257,,0.00453,0.01828,0.5
9,50,hybrid,HYBRID_ALPHA0.4_BETA0.6,0.4,0.6,50,0.0,1.61963,1.03193,0.00964,1.27987,0.89786,0.05196,,0.00548,0.01905,0.525
9,50,hybrid,HYBRID_ALPHA0.5_BETA0.5,0.5,0.5,50,0.0,1.68883,1.05376,0.01624,1.27429,0.89608,0.05641,,0.00519,0.01837,0.525
9,50,hybrid,HYBRID_ALPHA0.6_BETA0.4,0.6,0.4,50,0.0,1.69058,1.05165,0.00856,1.26976,0.89683,0.0561,,0.00501,0.01848,0.55
9,50,hybrid,HYBRID_ALPHA0.7_BETA0.3,0.7,0.3,50,0.0,1.67923,1.04992,0.01515,1.27418,0.8962,0.06148,,0.00513,0.01932,0.525
9,50,hybrid,HYBRID_ALPHA0.8_BETA0.2,0.8,0.2,50,0.0,1.69083,1.05035,0.02047,1.28817,0.90114,0.06373,,0.00502,0.01941,0.575
9,50,hybrid,HYBRID_ALPHA0.9_BETA0.1,0.9,0.1,50,0.0,1.67825,1.05006,0.01664,1.28789,0.89915,0.06189,,0.00504,0.01945,0.525
9,50,hybrid,HYBRID_ALPHA0.1_BETA0.9,0.1,0.9,100,1.0,1.49869,0.98341,0.01219,1.51779,0.99964,0.05467,,0.00683,0.02363,0.6
9,50,hybrid,HYBRID_ALPHA0.2_BETA0.8,0.2,0.8,100,1.0,1.45493,0.98009,0.0095,1.44286,0.97312,0.05825,,0.00712,0.02491,0.625
9,50,hybrid,HYBRID_ALPHA0.3_BETA0.7,0.3,0.7,100,1.0,1.48081,0.98913,0.00895,1.39397,0.95675,0.05041,,0.00722,0.01752,0.5
9,50,hybrid,HYBRID_ALPHA0.4_BETA0.6,0.4,0.6,100,1.0,1.46949,0.98724,0.00847,1.3199,0.92853,0.04988,,0.00728,0.01453,0.525
9,50,hybrid,HYBRID_ALPHA0.5_BETA0.5,0.5,0.5,100,1.0,1.50629,0.99142,0.01105,1.26613,0.90592,0.04876,,0.00719,0.01358,0.5
9,50,hybrid,HYBRID_ALPHA0.6_BETA0.4,0.6,0.4,100,1.0,1.48231,0.98853,0.01057,1.23469,0.89033,0.04864,,0.0072,0.01301,0.5
9,50,hybrid,HYBRID_ALPHA0.7_BETA0.3,0.7,0.3,100,1.0,1.50112,0.99466,0.01105,1.22107,0.88363,0.04856,,0.00724,0.01294,0.525
9,50,hybrid,HYBRID_ALPHA0.8_BETA0.2,0.8,0.2,100,1.0,1.58359,1.01444,0.01169,1.21681,0.88033,0.05022,,0.00728,0.01293,0.525
9,50,hybrid,HYBRID_ALPHA0.9_BETA0.1,0.9,0.1,100,1.0,1.63186,1.0284,0.01402,1.22557,0.88213,0.05441,,0.00733,0.01307,0.5
9,50,hybrid,HYBRID_ALPHA0.1_BETA0.9,0.1,0.9,100,0.0,1.49869,0.98341,0.01219,1.99911,1.14904,0.09763,,0.00718,0.05136,0.6
9,50,hybrid,HYBRID_ALPHA0.2_BETA0.8,0.2,0.8,100,0.0,1.45493,0.98009,0.0095,1.92455,1.12482,0.09876,,0.00744,0.05555,0.525
9,50,hybrid,HYBRID_ALPHA0.3_BETA0.7,0.3,0.7,100,0.0,1.48081,0.98913,0.00895,1.8905,1.11316,0.10196,,0.00776,0.04571,0.625
9,50,hybrid,HYBRID_ALPHA0.4_BETA0.6,0.4,0.6,100,0.0,1.46949,0.98724,0.00847,1.89424,1.1138,0.10464,,0.0079,0.04659,0.625
9,50,hybrid,HYBRID_ALPHA0.5_BETA0.5,0.5,0.5,100,0.0,1.50629,0.99142,0.01105,1.83477,1.09352,0.10922,,0.00799,0.04636,0.625
9,50,hybrid,HYBRID_ALPHA0.6_BETA0.4,0.6,0.4,100,0.0,1.48231,0.98853,0.01057,1.79624,1.08154,0.11183,,0.00807,0.04637,0.625
9,50,hybrid,HYBRID_ALPHA0.7_BETA0.3,0.7,0.3,100,0.0,1.50112,0.99466,0.01105,1.76799,1.07304,0.11091,,0.00809,0.0464,0.65
9,50,hybrid,HYBRID_ALPHA0.8_BETA0.2,0.8,0.2,100,0.0,1.58359,1.01444,0.01169,1.76795,1.07272,0.11222,,0.00809,0.04704,0.6
9,50,hybrid,HYBRID_ALPHA0.9_BETA0.1,0.9,0.1,100,0.0,1.63186,1.0284,0.01402,1.80671,1.08348,0.11691,,0.00809,0.04915,0.575
9,50,hybrid,HYBRID_ALPHA0.1_BETA0.9,0.1,0.9,300,1.0,1.50091,1.01286,0.01329,1.15804,0.88427,0.02469,,0.00639,0.00681,0.575
9,50,hybrid,HYBRID_ALPHA0.2_BETA0.8,0.2,0.8,300,1.0,1.53151,1.03542,0.01772,1.09358,0.86731,0.02662,,0.00681,0.00702,0.6
9,50,hybrid,HYBRID_ALPHA0.3_BETA0.7,0.3,0.7,300,1.0,1.46845,1.01238,0.01481,1.09214,0.86617,0.025,,0.00651,0.00763,0.55
9,50,hybrid,HYBRID_ALPHA0.4_BETA0.6,0.4,0.6,300,1.0,1.48039,1.02033,0.01584,1.09137,0.86527,0.02486,,0.0064,0.00813,0.525
9,50,hybrid,HYBRID_ALPHA0.5_BETA0.5,0.5,0.5,300,1.0,1.49986,1.02838,0.01577,1.07663,0.86033,0.02629,,0.0066,0.00802,0.5
9,50,hybrid,HYBRID_ALPHA0.6_BETA0.4,0.6,0.4,300,1.0,1.51074,1.02331,0.01483,1.08108,0.8624,0.02725,,0.00658,0.00819,0.5
9,50,hybrid,HYBRID_ALPHA0.7_BETA0.3,0.7,0.3,300,1.0,1.53221,1.0299,0.01549,1.08369,0.86342,0.02786,,0.00658,0.0084,0.525
9,50,hybrid,HYBRID_ALPHA0.8_BETA0.2,0.8,0.2,300,1.0,1.53871,1.03256,0.01566,1.08516,0.86441,0.0302,,0.0067,0.0084,0.525
9,50,hybrid,HYBRID_ALPHA0.9_BETA0.1,0.9,0.1,300,1.0,1.54331,1.03439,0.01604,1.13939,0.88274,0.04777,,0.00741,0.00851,0.5
9,50,hybrid,HYBRID_ALPHA0.1_BETA0.9,0.1,0.9,300,0.0,1.50091,1.01286,0.01329,1.33744,0.93191,0.02352,,0.00557,0.01453,0.525
9,50,hybrid,HYBRID_ALPHA0.2_BETA0.8,0.2,0.8,300,0.0,1.53151,1.03542,0.01772,1.18817,0.8809,0.02063,,0.00602,0.01265,0.575
9,50,hybrid,HYBRID_ALPHA0.3_BETA0.7,0.3,0.7,300,0.0,1.46845,1.01238,0.01481,1.15827,0.87043,0.0221,,0.00577,0.01192,0.5
9,50,hybrid,HYBRID_ALPHA0.4_BETA0.6,0.4,0.6,300,0.0,1.48039,1.02033,0.01584,1.14118,0.8645,0.02328,,0.0057,0.01149,0.525
9,50,hybrid,HYBRID_ALPHA0.5_BETA0.5,0.5,0.5,300,0.0,1.49986,1.02838,0.01577,1.11117,0.85794,0.02158,,0.00593,0.01086,0.55
9,50,hybrid,HYBRID_ALPHA0.6_BETA0.4,0.6,0.4,300,0.0,1.51074,1.02331,0.01483,1.10748,0.85845,0.02182,,0.00589,0.0105,0.575
9,50,hybrid,HYBRID_ALPHA0.7_BETA0.3,0.7,0.3,300,0.0,1.53221,1.0299,0.01549,1.10479,0.85823,0.02197,,0.00586,0.01033,0.6
9,50,hybrid,HYBRID_ALPHA0.8_BETA0.2,0.8,0.2,300,0.0,1.53871,1.03256,0.01566,1.09604,0.85829,0.0217,,0.00597,0.00991,0.6
9,50,hybrid,HYBRID_ALPHA0.9_BETA0.1,0.9,0.1,300,0.0,1.54331,1.03439,0.01604,1.21124,0.92539,0.06401,,0.00788,0.01126,0.625
9,50,hybrid,HYBRID_ALPHA0.1_BETA0.9,0.1,0.9,500,1.0,1.49269,0.99415,0.01065,1.66026,1.05118,0.03414,,0.00672,0.01336,0.575
9,50,hybrid,HYBRID_ALPHA0.2_BETA0.8,0.2,0.8,500,1.0,1.46346,0.98428,0.00958,1.48963,1.00407,0.03274,,0.00702,0.01239,0.5
9,50,hybrid,HYBRID_ALPHA0.3_BETA0.7,0.3,0.7,500,1.0,1.43098,0.97421,0.00897,1.36804,0.95148,0.03239,,0.00704,0.01251,0.525
9,50,hybrid,HYBRID_ALPHA0.4_BETA0.6,0.4,0.6,500,1.0,1.42556,0.97116,0.00899,1.2884,0.91814,0.03258,,0.00706,0.01275,0.5
9,50,hybrid,HYBRID_ALPHA0.5_BETA0.5,0.5,0.5,500,1.0,1.44058,0.97776,0.00923,1.25428,0.90296,0.03385,,0.00707,0.01317,0.55
9,50,hybrid,HYBRID_ALPHA0.6_BETA0.4,0.6,0.4,500,1.0,1.45334,0.98275,0.00938,1.2325,0.89286,0.03453,,0.00708,0.01327,0.55
9,50,hybrid,HYBRID_ALPHA0.7_BETA0.3,0.7,0.3,500,1.0,1.45315,0.98254,0.00932,1.21904,0.88686,0.03526,,0.00709,0.01333,0.55
9,50,hybrid,HYBRID_ALPHA0.8_BETA0.2,0.8,0.2,500,1.0,1.45665,0.9842,0.00936,1.20776,0.88213,0.03521,,0.00706,0.01324,0.575
9,50,hybrid,HYBRID_ALPHA0.9_BETA0.1,0.9,0.1,500,1.0,1.45679,0.98398,0.00934,1.06925,0.85732,0.02259,,0.00671,0.01255,0.6
9,50,hybrid,HYBRID_ALPHA0.1_BETA0.9,0.1,0.9,500,0.0,1.49269,0.99415,0.01065,2.00688,1.15311,0.08165,,0.0067,0.02396,0.55
9,50,hybrid,HYBRID_ALPHA0.2_BETA0.8,0.2,0.8,500,0.0,1.46346,0.98428,0.00958,1.93703,1.13388,0.0663,,0.00769,0.03014,0.575
9,50,hybrid,HYBRID_ALPHA0.3_BETA0.7,0.3,0.7,500,0.0,1.43098,0.97421,0.00897,1.82745,1.09883,0.07196,,0.00779,0.03256,0.575
9,50,hybrid,HYBRID_ALPHA0.4_BETA0.6,0.4,0.6,500,0.0,1.42556,0.97116,0.00899,1.73698,1.06919,0.07542,,0.00775,0.03428,0.525
9,50,hybrid,HYBRID_ALPHA0.5_BETA0.5,0.5,0.5,500,0.0,1.44058,0.97776,0.00923,1.6682,1.04553,0.07987,,0.00777,0.0342,0.525
9,50,hybrid,HYBRID_ALPHA0.6_BETA0.4,0.6,0.4,500,0.0,1.45334,0.98275,0.00938,1.63869,1.03518,0.08132,,0.00778,0.03459,0.5
9,50,hybrid,HYBRID_ALPHA0.7_BETA0.3,0.7,0.3,500,0.0,1.45315,0.98254,0.00932,1.64399,1.03674,0.08299,,0.00779,0.03641,0.525
9,50,hybrid,HYBRID_ALPHA0.8_BETA0.2,0.8,0.2,500,0.0,1.45665,0.9842,0.00936,1.68153,1.04926,0.08369,,0.00775,0.03993,0.525
9,50,hybrid,HYBRID_ALPHA0.9_BETA0.1,0.9,0.1,500,0.0,1.45679,0.98398,0.00934,1.05963,0.84991,0.02058,,0.00658,0.01257,0.575
9,50,mse,MSE,1.0,0.0,50,1.0,1.66486,1.04573,0.0124,1.15417,0.86444,0.03497,,0.00579,0.01413,0.575
9,50,mse,MSE,1.0,0.0,50,0.0,1.66486,1.04573,0.0124,1.28629,0.89754,0.06439,,0.00531,0.02044,0.5
9,50,mse,MSE,1.0,0.0,100,1.0,1.60823,1.01634,0.00963,1.23594,0.88284,0.06053,,0.00741,0.01364,0.5
9,50,mse,MSE,1.0,0.0,100,0.0,1.60823,1.01634,0.00963,1.83287,1.09012,0.12192,,0.0081,0.05118,0.55
9,50,mse,MSE,1.0,0.0,300,1.0,1.55964,1.03557,0.01565,1.08679,0.86543,0.0342,,0.00702,0.00849,0.525
9,50,mse,MSE,1.0,0.0,300,0.0,1.55964,1.03557,0.01565,1.09209,0.85655,0.02041,,0.00599,0.00992,0.55
9,50,mse,MSE,1.0,0.0,500,1.0,1.44095,0.97717,0.00934,1.06874,0.85691,0.02262,,0.00669,0.01255,0.6
9,50,mse,MSE,1.0,0.0,500,0.0,1.44095,0.97717,0.00934,1.06311,0.84969,0.02035,,0.00653,0.01279,0.575
10,51,hsic,HSIC,0.0,1.0,50,1.0,3.16795,1.34691,0.21106,1.57318,1.00823,0.16095,,0.00737,0.0683,0.625
10,51,hsic,HSIC,0.0,1.0,50,0.0,3.16795,1.34691,0.21106,2.52933,1.291,0.15601,,0.00717,0.11059,0.65
10,51,hsic,HSIC,0.0,1.0,100,1.0,3.63385,1.54727,0.01541,1.73584,1.03891,0.17346,,0.00643,0.08203,0.725
10,51,hsic,HSIC,0.0,1.0,100,0.0,3.63385,1.54727,0.01541,2.66487,1.32562,0.17826,,0.00635,0.13203,0.725
10,51,hsic,HSIC,0.0,1.0,300,1.0,3.3488,1.46447,0.03154,1.65615,1.03098,0.17188,,0.00725,0.06941,0.55
10,51,hsic,HSIC,0.0,1.0,300,0.0,3.3488,1.46447,0.03154,2.69768,1.33546,0.18304,,0.00778,0.12782,0.65
10,51,hsic,HSIC,0.0,1.0,500,1.0,2.13225,1.16794,0.01081,1.66807,1.03939,0.16267,,0.0072,0.11023,0.65
10,51,hsic,HSIC,0.0,1.0,500,0.0,2.13225,1.16794,0.01081,2.72563,1.34517,0.16365,,0.00739,0.15396,0.7
10,51,hybrid,HYBRID_ALPHA0.1_BETA0.9,0.1,0.9,50,1.0,2.72044,1.26567,0.1772,1.56023,1.00232,0.1658,,0.00774,0.05649,0.7
10,51,hybrid,HYBRID_ALPHA0.2_BETA0.8,0.2,0.8,50,1.0,2.54605,1.23057,0.17298,1.21283,0.88543,0.03762,,0.00674,0.01639,0.55
10,51,hybrid,HYBRID_ALPHA0.3_BETA0.7,0.3,0.7,50,1.0,2.4603,1.21483,0.16462,1.1903,0.87801,0.03504,,0.00642,0.01594,0.575
10,51,hybrid,HYBRID_ALPHA0.4_BETA0.6,0.4,0.6,50,1.0,2.41676,1.20668,0.16099,1.17602,0.86977,0.03358,,0.00635,0.01563,0.575
10,51,hybrid,HYBRID_ALPHA0.5_BETA0.5,0.5,0.5,50,1.0,2.55577,1.23581,0.16475,1.12088,0.84988,0.02395,,0.00679,0.01416,0.525
10,51,hybrid,HYBRID_ALPHA0.6_BETA0.4,0.6,0.4,50,1.0,21.82523,1.71319,0.12829,1.21874,0.90396,0.01827,,0.00585,0.02082,0.525
10,51,hybrid,HYBRID_ALPHA0.7_BETA0.3,0.7,0.3,50,1.0,2.03844,1.11734,0.1052,1.38893,0.93654,0.02473,,0.00589,0.03853,0.55
10,51,hybrid,HYBRID_ALPHA0.8_BETA0.2,0.8,0.2,50,1.0,2.07276,1.12729,0.10348,1.41766,0.95726,0.03551,,0.00616,0.04399,0.575
10,51,hybrid,HYBRID_ALPHA0.9_BETA0.1,0.9,0.1,50,1.0,1.98645,1.1086,0.09076,1.47836,0.96515,0.08633,,0.00894,0.05733,0.525
10,51,hybrid,HYBRID_ALPHA0.1_BETA0.9,0.1,0.9,50,0.0,2.72044,1.26567,0.1772,2.43372,1.26153,0.1729,,0.00794,0.09693,0.65
10,51,hybrid,HYBRID_ALPHA0.2_BETA0.8,0.2,0.8,50,0.0,2.54605,1.23057,0.17298,1.75929,1.07017,0.09196,,0.00765,0.03104,0.525
10,51,hybrid,HYBRID_ALPHA0.3_BETA0.7,0.3,0.7,50,0.0,2.4603,1.21483,0.16462,1.67033,1.04619,0.08968,,0.0074,0.02961,0.5
10,51,hybrid,HYBRID_ALPHA0.4_BETA0.6,0.4,0.6,50,0.0,2.41676,1.20668,0.16099,1.58482,1.01747,0.08675,,0.0073,0.02771,0.525
10,51,hybrid,HYBRID_ALPHA0.5_BETA0.5,0.5,0.5,50,0.0,2.55577,1.23581,0.16475,1.33012,0.94111,0.06029,,0.00763,0.02101,0.525
10,51,hybrid,HYBRID_ALPHA0.6_BETA0.4,0.6,0.4,50,0.0,21.82523,1.71319,0.12829,1.07568,0.86639,0.02363,,0.0066,0.01215,0.55
10,51,hybrid,HYBRID_ALPHA0.7_BETA0.3,0.7,0.3,50,0.0,2.03844,1.11734,0.1052,1.17618,0.87955,0.05501,,0.00721,0.01381,0.575
10,51,hybrid,HYBRID_ALPHA0.8_BETA0.2,0.8,0.2,50,0.0,2.07276,1.12729,0.10348,1.19554,0.88772,0.06196,,0.00739,0.01409,0.55
10,51,hybrid,HYBRID_ALPHA0.9_BETA0.1,0.9,0.1,50,0.0,1.98645,1.1086,0.09076,1.28963,0.92528,0.05889,,0.0065,0.021,0.525
10,51,hybrid,HYBRID_ALPHA0.1_BETA0.9,0.1,0.9,100,1.0,1.51703,1.00729,0.01408,1.05937,0.84737,0.03218,,0.00759,0.02368,0.55
10,51,hybrid,HYBRID_ALPHA0.2_BETA0.8,0.2,0.8,100,1.0,1.50806,1.01763,0.02289,1.28005,0.91182,0.03649,,0.00718,0.01427,0.55
10,51,hybrid,HYBRID_ALPHA0.3_BETA0.7,0.3,0.7,100,1.0,1.4752,1.00276,0.01723,1.19504,0.87244,0.03546,,0.00711,0.01453,0.5
10,51,hybrid,HYBRID_ALPHA0.4_BETA0.6,0.4,0.6,100,1.0,1.45269,0.99763,0.01797,1.07904,0.84691,0.02569,,0.0069,0.02835,0.575
10,51,hybrid,HYBRID_ALPHA0.5_BETA0.5,0.5,0.5,100,1.0,1.46452,1.00595,0.02488,1.25629,0.91349,0.05657,,0.00697,0.04257,0.6
10,51,hybrid,HYBRID_ALPHA0.6_BETA0.4,0.6,0.4,100,1.0,1.47861,1.01329,0.02763,1.26716,0.91795,0.06031,,0.0068,0.04281,0.575
10,51,hybrid,HYBRID_ALPHA0.7_BETA0.3,0.7,0.3,100,1.0,1.48278,1.01503,0.02881,1.29264,0.92873,0.06658,,0.00655,0.04362,0.575
10,51,hybrid,HYBRID_ALPHA0.8_BETA0.2,0.8,0.2,100,1.0,1.48527,1.01513,0.02911,1.19058,0.89297,0.04143,,0.0071,0.03504,0.575
10,51,hybrid,HYBRID_ALPHA0.9_BETA0.1,0.9,0.1,100,1.0,1.57036,1.02519,0.027,1.31366,0.93905,0.07559,,0.00626,0.04252,0.6
10,51,hybrid,HYBRID_ALPHA0.1_BETA0.9,0.1,0.9,100,0.0,1.51703,1.00729,0.01408,1.35141,0.95269,0.02315,,0.00696,0.01354,0.55
10,51,hybrid,HYBRID_ALPHA0.2_BETA0.8,0.2,0.8,100,0.0,1.50806,1.01763,0.02289,1.8069,1.0907,0.07821,,0.00812,0.02249,0.5
10,51,hybrid,HYBRID_ALPHA0.3_BETA0.7,0.3,0.7,100,0.0,1.4752,1.00276,0.01723,1.63767,1.0357,0.08015,,0.00827,0.02212,0.525
10,51,hybrid,HYBRID_ALPHA0.4_BETA0.6,0.4,0.6,100,0.0,1.45269,0.99763,0.01797,1.12313,0.85922,0.02092,,0.00664,0.0149,0.525
10,51,hybrid,HYBRID_ALPHA0.5_BETA0.5,0.5,0.5,100,0.0,1.46452,1.00595,0.02488,1.15821,0.903,0.0765,,0.00755,0.01521,0.525
10,51,hybrid,HYBRID_ALPHA0.6_BETA0.4,0.6,0.4,100,0.0,1.47861,1.01329,0.02763,1.18537,0.91536,0.08266,,0.00745,0.01548,0.575
10,51,hybrid,HYBRID_ALPHA0.7_BETA0.3,0.7,0.3,100,0.0,1.48278,1.01503,0.02881,1.23337,0.93387,0.09131,,0.0073,0.01597,0.6
10,51,hybrid,HYBRID_ALPHA0.8_BETA0.2,0.8,0.2,100,0.0,1.48527,1.01513,0.02911,1.0753,0.86436,0.04678,,0.00748,0.01779,0.575
10,51,hybrid,HYBRID_ALPHA0.9_BETA0.1,0.9,0.1,100,0.0,1.57036,1.02519,0.027,1.30502,0.9575,0.10341,,0.0071,0.01698,0.65
10,51,hybrid,HYBRID_ALPHA0.1_BETA0.9,0.1,0.9,300,1.0,1.52371,1.00172,0.01042,1.06822,0.85387,0.02463,,0.00663,0.01433,0.525
10,51,hybrid,HYBRID_ALPHA0.2_BETA0.8,0.2,0.8,300,1.0,1.49481,0.99529,0.00972,1.10277,0.85793,0.02245,,0.00591,0.01521,0.575
10,51,hybrid,HYBRID_ALPHA0.3_BETA0.7,0.3,0.7,300,1.0,1.4721,0.99015,0.00869,1.09102,0.85374,0.02133,,0.0061,0.01488,0.575
10,51,hybrid,HYBRID_ALPHA0.4_BETA0.6,0.4,0.6,300,1.0,1.45133,0.98495,0.00832,1.08825,0.85187,0.02114,,0.00615,0.01499,0.55
10,51,hybrid,HYBRID_ALPHA0.5_BETA0.5,0.5,0.5,300,1.0,1.45141,0.98519,0.00842,1.08147,0.84864,0.02063,,0.00623,0.01523,0.575
10,51,hybrid,HYBRID_ALPHA0.6_BETA0.4,0.6,0.4,300,1.0,1.45727,0.98744,0.00876,1.0783,0.84719,0.02049,,0.00627,0.01528,0.5
10,51,hybrid,HYBRID_ALPHA0.7_BETA0.3,0.7,0.3,300,1.0,1.47068,0.99091,0.00903,1.0779,0.84619,0.02056,,0.0063,0.01547,0.5
10,51,hybrid,HYBRID_ALPHA0.8_BETA0.2,0.8,0.2,300,1.0,1.47937,0.9937,0.00928,1.05607,0.84852,0.02222,,0.00669,0.01493,0.5
10,51,hybrid,HYBRID_ALPHA0.9_BETA0.1,0.9,0.1,300,1.0,1.48831,0.99523,0.00955,1.05554,0.84745,0.02118,,0.00664,0.01522,0.5
10,51,hybrid,HYBRID_ALPHA0.1_BETA0.9,0.1,0.9,300,0.0,1.52371,1.00172,0.01042,1.06849,0.85041,0.02358,,0.00658,0.01755,0.55
10,51,hybrid,HYBRID_ALPHA0.2_BETA0.8,0.2,0.8,300,0.0,1.49481,0.99529,0.00972,1.14591,0.86161,0.02982,,0.00556,0.01659,0.575
10,51,hybrid,HYBRID_ALPHA0.3_BETA0.7,0.3,0.7,300,0.0,1.4721,0.99015,0.00869,1.12952,0.85665,0.02743,,0.00573,0.01668,0.55
10,51,hybrid,HYBRID_ALPHA0.4_BETA0.6,0.4,0.6,300,0.0,1.45133,0.98495,0.00832,1.12972,0.85508,0.02847,,0.0058,0.01722,0.5
10,51,hybrid,HYBRID_ALPHA0.5_BETA0.5,0.5,0.5,300,0.0,1.45141,0.98519,0.00842,1.12481,0.8522,0.0286,,0.00593,0.01763,0.5
10,51,hybrid,HYBRID_ALPHA0.6_BETA0.4,0.6,0.4,300,0.0,1.45727,0.98744,0.00876,1.11959,0.84983,0.02819,,0.00601,0.01794,0.525
10,51,hybrid,HYBRID_ALPHA0.7_BETA0.3,0.7,0.3,300,0.0,1.47068,0.99091,0.00903,1.11905,0.84862,0.0288,,0.00607,0.0183,0.525
10,51,hybrid,HYBRID_ALPHA0.8_BETA0.2,0.8,0.2,300,0.0,1.47937,0.9937,0.00928,1.07291,0.84142,0.01981,,0.0064,0.01849,0.575
10,51,hybrid,HYBRID_ALPHA0.9_BETA0.1,0.9,0.1,300,0.0,1.48831,0.99523,0.00955,1.07406,0.84005,0.01974,,0.00638,0.01874,0.575
10,51,hybrid,HYBRID_ALPHA0.1_BETA0.9,0.1,0.9,500,1.0,1.56709,1.01772,0.01143,1.09309,0.86209,0.02167,,0.0065,0.01401,0.525
10,51,hybrid,HYBRID_ALPHA0.2_BETA0.8,0.2,0.8,500,1.0,1.51707,1.00283,0.00986,1.0685,0.85468,0.0211,,0.00648,0.01297,0.525
10,51,hybrid,HYBRID_ALPHA0.3_BETA0.7,0.3,0.7,500,1.0,1.49167,0.99547,0.00923,1.06856,0.85114,0.02108,,0.00638,0.01305,0.525
10,51,hybrid,HYBRID_ALPHA0.4_BETA0.6,0.4,0.6,500,1.0,1.49494,0.99543,0.0092,1.06699,0.8501,0.02159,,0.00642,0.01299,0.575
10,51,hybrid,HYBRID_ALPHA0.5_BETA0.5,0.5,0.5,500,1.0,1.49261,0.99558,0.00918,1.20971,0.88442,0.02882,,0.00692,0.01047,0.55
10,51,hybrid,HYBRID_ALPHA0.6_BETA0.4,0.6,0.4,500,1.0,1.47909,0.99475,0.00919,1.15144,0.86462,0.02395,,0.0067,0.00974,0.5
10,51,hybrid,HYBRID_ALPHA0.7_BETA0.3,0.7,0.3,500,1.0,1.47829,0.99362,0.00885,1.15461,0.8641,0.02517,,0.00667,0.01012,0.575
10,51,hybrid,HYBRID_ALPHA0.8_BETA0.2,0.8,0.2,500,1.0,1.51174,1.00003,0.00917,1.07476,0.85155,0.02251,,0.0064,0.013,0.5
10,51,hybrid,HYBRID_ALPHA0.9_BETA0.1,0.9,0.1,500,1.0,1.51088,1.00087,0.00924,1.0704,0.85113,0.02231,,0.00645,0.0128,0.55
10,51,hybrid,HYBRID_ALPHA0.1_BETA0.9,0.1,0.9,500,0.0,1.56709,1.01772,0.01143,1.09727,0.85207,0.02188,,0.00626,0.01766,0.575
10,51,hybrid,HYBRID_ALPHA0.2_BETA0.8,0.2,0.8,500,0.0,1.51707,1.00283,0.00986,1.10005,0.85012,0.02365,,0.00611,0.01564,0.55
10,51,hybrid,HYBRID_ALPHA0.3_BETA0.7,0.3,0.7,500,0.0,1.49167,0.99547,0.00923,1.10665,0.851,0.02566,,0.00601,0.01563,0.5
10,51,hybrid,HYBRID_ALPHA0.4_BETA0.6,0.4,0.6,500,0.0,1.49494,0.99543,0.0092,1.10206,0.84917,0.02414,,0.00606,0.01642,0.55
10,51,hybrid,HYBRID_ALPHA0.5_BETA0.5,0.5,0.5,500,0.0,1.49261,0.99558,0.00918,1.55177,1.00786,0.06575,,0.00756,0.02068,0.55
10,51,hybrid,HYBRID_ALPHA0.6_BETA0.4,0.6,0.4,500,0.0,1.47909,0.99475,0.00919,1.37047,0.94396,0.06131,,0.00711,0.01817,0.55
10,51,hybrid,HYBRID_ALPHA0.7_BETA0.3,0.7,0.3,500,0.0,1.47829,0.99362,0.00885,1.38536,0.94852,0.06612,,0.00721,0.019,0.55
10,51,hybrid,HYBRID_ALPHA0.8_BETA0.2,0.8,0.2,500,0.0,1.51174,1.00003,0.00917,1.12583,0.85424,0.02286,,0.00614,0.0197,0.575
10,51,hybrid,HYBRID_ALPHA0.9_BETA0.1,0.9,0.1,500,0.0,1.51088,1.00087,0.00924,1.11606,0.85202,0.02197,,0.00621,0.01919,0.55
10,51,mse,MSE,1.0,0.0,50,1.0,1.93029,1.0964,0.08055,1.4767,0.96594,0.09658,,0.00927,0.05645,0.5
10,51,mse,MSE,1.0,0.0,50,0.0,1.93029,1.0964,0.08055,1.279,0.92821,0.05492,,0.00606,0.02239,0.575
10,51,mse,MSE,1.0,0.0,100,1.0,1.61251,1.04523,0.03434,1.52992,1.01655,0.12379,,0.00771,0.05455,0.525
10,51,mse,MSE,1.0,0.0,100,0.0,1.61251,1.04523,0.03434,1.49033,1.01437,0.13207,,0.00802,0.02353,0.6
10,51,mse,MSE,1.0,0.0,300,1.0,1.49857,0.99778,0.00972,1.05629,0.84619,0.02027,,0.0066,0.01561,0.5
10,51,mse,MSE,1.0,0.0,300,0.0,1.49857,0.99778,0.00972,1.07829,0.83891,0.02025,,0.00636,0.01902,0.6
10,51,mse,MSE,1.0,0.0,500,1.0,1.51311,1.00184,0.00934,1.06841,0.85024,0.0218,,0.00645,0.01287,0.5
10,51,mse,MSE,1.0,0.0,500,0.0,1.51311,1.00184,0.00934,1.10681,0.84976,0.02147,,0.00626,0.01838,0.525
11,52,hsic,HSIC,0.0,1.0,50,1.0,3.12113,1.42493,0.02342,1.80287,1.05624,0.0239,,0.00344,0.03856,0.55
11,52,hsic,HSIC,0.0,1.0,50,0.0,3.12113,1.42493,0.02342,2.23404,1.21625,0.13015,,0.00794,0.04051,0.65
11,52,hsic,HSIC,0.0,1.0,100,1.0,2.82008,1.3008,0.14344,1.51337,0.98981,0.1104,,0.00554,0.11184,0.625
11,52,hsic,HSIC,0.0,1.0,100,0.0,2.82008,1.3008,0.14344,1.24682,0.89295,0.03299,,0.00471,0.09404,0.55
11,52,hsic,HSIC,0.0,1.0,300,1.0,2.57598,1.25589,0.04106,1.63734,1.02517,0.16855,,0.00733,0.08111,0.725
11,52,hsic,HSIC,0.0,1.0,300,0.0,2.57598,1.25589,0.04106,2.52357,1.29076,0.17175,,0.00758,0.13359,0.75
11,52,hsic,HSIC,0.0,1.0,500,1.0,2.25744,1.20029,0.0141,1.58236,1.00434,0.16371,,0.00759,0.07596,0.75
11,52,hsic,HSIC,0.0,1.0,500,0.0,2.25744,1.20029,0.0141,2.59009,1.30838,0.16461,,0.0077,0.1487,0.625
11,52,hybrid,HYBRID_ALPHA0.1_BETA0.9,0.1,0.9,50,1.0,2.3812,1.2808,0.03234,1.56982,1.03028,0.03169,,0.00641,0.0267,0.575
11,52,hybrid,HYBRID_ALPHA0.2_BETA0.8,0.2,0.8,50,1.0,12.47805,1.59658,0.02807,1.40633,0.96332,0.0306,,0.00681,0.02732,0.575
11,52,hybrid,HYBRID_ALPHA0.3_BETA0.7,0.3,0.7,50,1.0,9.3985,1.3409,0.02936,1.33975,0.93773,0.02928,,0.00617,0.02872,0.625
11,52,hybrid,HYBRID_ALPHA0.4_BETA0.6,0.4,0.6,50,1.0,8.04442,1.30464,0.0224,1.27113,0.90741,0.02528,,0.00609,0.03092,0.55
11,52,hybrid,HYBRID_ALPHA0.5_BETA0.5,0.5,0.5,50,1.0,7.15873,1.29201,0.02355,1.24878,0.89758,0.02301,,0.00608,0.0328,0.525
11,52,hybrid,HYBRID_ALPHA0.6_BETA0.4,0.6,0.4,50,1.0,5.81211,1.23774,0.02961,1.25894,0.89936,0.02063,,0.00615,0.03593,0.525
11,52,hybrid,HYBRID_ALPHA0.7_BETA0.3,0.7,0.3,50,1.0,5.38087,1.21818,0.02648,1.28442,0.90655,0.02026,,0.00627,0.0391,0.55
11,52,hybrid,HYBRID_ALPHA0.8_BETA0.2,0.8,0.2,50,1.0,5.0166,1.20441,0.02523,1.30479,0.91328,0.02061,,0.00634,0.04065,0.525
11,52,hybrid,HYBRID_ALPHA0.9_BETA0.1,0.9,0.1,50,1.0,4.91601,1.19846,0.02506,1.2629,0.89977,0.01837,,0.00606,0.03732,0.525
11,52,hybrid,HYBRID_ALPHA0.1_BETA0.9,0.1,0.9,50,0.0,2.3812,1.2808,0.03234,1.97541,1.14506,0.0675,,0.00764,0.04095,0.55
11,52,hybrid,HYBRID_ALPHA0.2_BETA0.8,0.2,0.8,50,0.0,12.47805,1.59658,0.02807,1.77413,1.07968,0.07151,,0.00784,0.04115,0.525
11,52,hybrid,HYBRID_ALPHA0.3_BETA0.7,0.3,0.7,50,0.0,9.3985,1.3409,0.02936,1.55333,1.00164,0.05225,,0.00715,0.04002,0.525
11,52,hybrid,HYBRID_ALPHA0.4_BETA0.6,0.4,0.6,50,0.0,8.04442,1.30464,0.0224,1.33503,0.92262,0.03774,,0.00674,0.03805,0.55
11,52,hybrid,HYBRID_ALPHA0.5_BETA0.5,0.5,0.5,50,0.0,7.15873,1.29201,0.02355,1.26551,0.89405,0.03273,,0.00643,0.03778,0.6
11,52,hybrid,HYBRID_ALPHA0.6_BETA0.4,0.6,0.4,50,0.0,5.81211,1.23774,0.02961,1.18472,0.87059,0.02073,,0.00592,0.03608,0.5
11,52,hybrid,HYBRID_ALPHA0.7_BETA0.3,0.7,0.3,50,0.0,5.38087,1.21818,0.02648,1.16734,0.86991,0.01767,,0.00577,0.03549,0.525
11,52,hybrid,HYBRID_ALPHA0.8_BETA0.2,0.8,0.2,50,0.0,5.0166,1.20441,0.02523,1.17333,0.87136,0.01766,,0.00578,0.03489,0.55
11,52,hybrid,HYBRID_ALPHA0.9_BETA0.1,0.9,0.1,50,0.0,4.91601,1.19846,0.02506,1.25708,0.89023,0.03167,,0.00618,0.03796,0.5
11,52,hybrid,HYBRID_ALPHA0.1_BETA0.9,0.1,0.9,100,1.0,2.61504,1.25402,0.13996,1.46173,0.98078,0.04816,,0.00719,0.04729,0.575
11,52,hybrid,HYBRID_ALPHA0.2_BETA0.8,0.2,0.8,100,1.0,2.57184,1.24523,0.1415,1.43216,0.97026,0.04474,,0.0072,0.04613,0.6
11,52,hybrid,HYBRID_ALPHA0.3_BETA0.7,0.3,0.7,100,1.0,2.4641,1.22238,0.1266,1.41094,0.96259,0.04687,,0.00719,0.04589,0.55
11,52,hybrid,HYBRID_ALPHA0.4_BETA0.6,0.4,0.6,100,1.0,2.37157,1.2008,0.11428,1.38159,0.95189,0.03959,,0.00716,0.03936,0.55
11,52,hybrid,HYBRID_ALPHA0.5_BETA0.5,0.5,0.5,100,1.0,2.27608,1.17748,0.10156,1.30133,0.92205,0.04065,,0.00718,0.02645,0.55
11,52,hybrid,HYBRID_ALPHA0.6_BETA0.4,0.6,0.4,100,1.0,2.12938,1.14251,0.08131,1.20179,0.88018,0.03414,,0.00704,0.02242,0.6
11,52,hybrid,HYBRID_ALPHA0.7_BETA0.3,0.7,0.3,100,1.0,1.98568,1.11114,0.06215,1.12625,0.86142,0.02959,,0.0081,0.02457,0.55
11,52,hybrid,HYBRID_ALPHA0.8_BETA0.2,0.8,0.2,100,1.0,1.89748,1.09389,0.05046,1.12302,0.86004,0.02713,,0.00765,0.02472,0.6
11,52,hybrid,HYBRID_ALPHA0.9_BETA0.1,0.9,0.1,100,1.0,1.99038,1.1127,0.06399,1.19003,0.87363,0.03755,,0.00713,0.02334,0.575
11,52,hybrid,HYBRID_ALPHA0.1_BETA0.9,0.1,0.9,100,0.0,2.61504,1.25402,0.13996,1.36473,0.94012,0.03773,,0.00608,0.03682,0.575
11,52,hybrid,HYBRID_ALPHA0.2_BETA0.8,0.2,0.8,100,0.0,2.57184,1.24523,0.1415,1.3104,0.92004,0.03415,,0.00624,0.0335,0.575
11,52,hybrid,HYBRID_ALPHA0.3_BETA0.7,0.3,0.7,100,0.0,2.4641,1.22238,0.1266,1.30797,0.91749,0.03711,,0.00627,0.03444,0.55
11,52,hybrid,HYBRID_ALPHA0.4_BETA0.6,0.4,0.6,100,0.0,2.37157,1.2008,0.11428,1.22109,0.89311,0.02353,,0.0063,0.02604,0.525
11,52,hybrid,HYBRID_ALPHA0.5_BETA0.5,0.5,0.5,100,0.0,2.27608,1.17748,0.10156,1.80924,1.08965,0.0916,,0.00777,0.05807,0.575
11,52,hybrid,HYBRID_ALPHA0.6_BETA0.4,0.6,0.4,100,0.0,2.12938,1.14251,0.08131,1.68598,1.05193,0.0789,,0.0077,0.05369,0.55
11,52,hybrid,HYBRID_ALPHA0.7_BETA0.3,0.7,0.3,100,0.0,1.98568,1.11114,0.06215,1.13701,0.87139,0.02525,,0.00753,0.03068,0.525
11,52,hybrid,HYBRID_ALPHA0.8_BETA0.2,0.8,0.2,100,0.0,1.89748,1.09389,0.05046,1.13209,0.86825,0.02329,,0.00703,0.03049,0.525
11,52,hybrid,HYBRID_ALPHA0.9_BETA0.1,0.9,0.1,100,0.0,1.99038,1.1127,0.06399,1.74852,1.07079,0.09068,,0.00797,0.06141,0.6
11,52,hybrid,HYBRID_ALPHA0.1_BETA0.9,0.1,0.9,300,1.0,1.87285,1.08056,0.03666,1.39005,0.96115,0.03297,,0.00713,0.01522,0.5
11,52,hybrid,HYBRID_ALPHA0.2_BETA0.8,0.2,0.8,300,1.0,1.77037,1.05954,0.03332,1.2959,0.92376,0.03574,,0.00704,0.0147,0.525
11,52,hybrid,HYBRID_ALPHA0.3_BETA0.7,0.3,0.7,300,1.0,1.73261,1.05136,0.03211,1.23559,0.89165,0.03474,,0.00707,0.0145,0.5
11,52,hybrid,HYBRID_ALPHA0.4_BETA0.6,0.4,0.6,300,1.0,1.72384,1.04801,0.03413,1.19184,0.87207,0.03416,,0.00708,0.01454,0.525
11,52,hybrid,HYBRID_ALPHA0.5_BETA0.5,0.5,0.5,300,1.0,1.71269,1.04577,0.03267,1.07552,0.85076,0.03845,,0.00686,0.01816,0.575
11,52,hybrid,HYBRID_ALPHA0.6_BETA0.4,0.6,0.4,300,1.0,1.70921,1.04524,0.03246,1.11641,0.8658,0.04541,,0.00603,0.02167,0.575
11,52,hybrid,HYBRID_ALPHA0.7_BETA0.3,0.7,0.3,300,1.0,1.70868,1.04529,0.03329,1.14588,0.8798,0.04964,,0.00527,0.02209,0.625
11,52,hybrid,HYBRID_ALPHA0.8_BETA0.2,0.8,0.2,300,1.0,1.69168,1.04196,0.03268,1.09083,0.86605,0.04695,,0.00608,0.01811,0.525
11,52,hybrid,HYBRID_ALPHA0.9_BETA0.1,0.9,0.1,300,1.0,1.69365,1.04218,0.03381,1.10869,0.87355,0.04959,,0.00572,0.01807,0.525
11,52,hybrid,HYBRID_ALPHA0.1_BETA0.9,0.1,0.9,300,0.0,1.87285,1.08056,0.03666,1.87227,1.11287,0.08279,,0.00756,0.02033,0.575
11,52,hybrid,HYBRID_ALPHA0.2_BETA0.8,0.2,0.8,300,0.0,1.77037,1.05954,0.03332,1.71151,1.06112,0.07051,,0.00795,0.02117,0.5
11,52,hybrid,HYBRID_ALPHA0.3_BETA0.7,0.3,0.7,300,0.0,1.73261,1.05136,0.03211,1.61165,1.02731,0.07301,,0.00797,0.02173,0.525
11,52,hybrid,HYBRID_ALPHA0.4_BETA0.6,0.4,0.6,300,0.0,1.72384,1.04801,0.03413,1.54378,1.004,0.07538,,0.008,0.02235,0.55
11,52,hybrid,HYBRID_ALPHA0.5_BETA0.5,0.5,0.5,300,0.0,1.71269,1.04577,0.03267,1.09955,0.87703,0.05063,,0.00714,0.01201,0.5
11,52,hybrid,HYBRID_ALPHA0.6_BETA0.4,0.6,0.4,300,0.0,1.70921,1.04524,0.03246,1.15812,0.90561,0.05514,,0.00618,0.01284,0.525
11,52,hybrid,HYBRID_ALPHA0.7_BETA0.3,0.7,0.3,300,0.0,1.70868,1.04529,0.03329,1.18925,0.91569,0.05409,,0.0053,0.01344,0.525
11,52,hybrid,HYBRID_ALPHA0.8_BETA0.2,0.8,0.2,300,0.0,1.69168,1.04196,0.03268,1.11357,0.88957,0.04896,,0.00607,0.01323,0.525
11,52,hybrid,HYBRID_ALPHA0.9_BETA0.1,0.9,0.1,300,0.0,1.69365,1.04218,0.03381,1.14527,0.90205,0.05194,,0.00568,0.01333,0.525
11,52,hybrid,HYBRID_ALPHA0.1_BETA0.9,0.1,0.9,500,1.0,1.64943,1.04649,0.01157,1.92084,1.1479,0.03126,,0.00694,0.01702,0.525
11,52,hybrid,HYBRID_ALPHA0.2_BETA0.8,0.2,0.8,500,1.0,1.55402,1.03087,0.00979,1.54395,1.02797,0.03721,,0.00694,0.01556,0.525
11,52,hybrid,HYBRID_ALPHA0.3_BETA0.7,0.3,0.7,500,1.0,1.53364,1.01947,0.01013,1.28961,0.92234,0.03122,,0.00696,0.01587,0.55
11,52,hybrid,HYBRID_ALPHA0.4_BETA0.6,0.4,0.6,500,1.0,1.54224,1.01815,0.00919,1.07948,0.85932,0.03726,,0.0067,0.01761,0.525
11,52,hybrid,HYBRID_ALPHA0.5_BETA0.5,0.5,0.5,500,1.0,1.53858,1.01862,0.00983,1.0657,0.85565,0.03801,,0.00686,0.01776,0.5
11,52,hybrid,HYBRID_ALPHA0.6_BETA0.4,0.6,0.4,500,1.0,1.53026,1.01552,0.00995,1.06661,0.85424,0.03714,,0.00693,0.01781,0.55
11,52,hybrid,HYBRID_ALPHA0.7_BETA0.3,0.7,0.3,500,1.0,1.52207,1.01543,0.01041,1.06124,0.8537,0.03713,,0.00707,0.01791,0.575
11,52,hybrid,HYBRID_ALPHA0.8_BETA0.2,0.8,0.2,500,1.0,1.51915,1.01532,0.01059,1.06039,0.85388,0.03639,,0.00718,0.01801,0.525
11,52,hybrid,HYBRID_ALPHA0.9_BETA0.1,0.9,0.1,500,1.0,1.52911,1.01496,0.01029,1.05863,0.85399,0.03626,,0.00724,0.01806,0.5
11,52,hybrid,HYBRID_ALPHA0.1_BETA0.9,0.1,0.9,500,0.0,1.64943,1.04649,0.01157,2.58106,1.31727,0.09034,,0.00754,0.03492,0.525
11,52,hybrid,HYBRID_ALPHA0.2_BETA0.8,0.2,0.8,500,0.0,1.55402,1.03087,0.00979,2.16786,1.20639,0.06653,,0.00795,0.03824,0.6
11,52,hybrid,HYBRID_ALPHA0.3_BETA0.7,0.3,0.7,500,0.0,1.53364,1.01947,0.01013,1.74968,1.07386,0.06463,,0.0078,0.03935,0.525
11,52,hybrid,HYBRID_ALPHA0.4_BETA0.6,0.4,0.6,500,0.0,1.54224,1.01815,0.00919,1.07367,0.86941,0.05089,,0.00701,0.01594,0.55
11,52,hybrid,HYBRID_ALPHA0.5_BETA0.5,0.5,0.5,500,0.0,1.53858,1.01862,0.00983,1.07655,0.86648,0.05339,,0.00742,0.01609,0.575
11,52,hybrid,HYBRID_ALPHA0.6_BETA0.4,0.6,0.4,500,0.0,1.53026,1.01552,0.00995,1.07085,0.86566,0.05265,,0.0074,0.01602,0.525
11,52,hybrid,HYBRID_ALPHA0.7_BETA0.3,0.7,0.3,500,0.0,1.52207,1.01543,0.01041,1.07115,0.86307,0.05357,,0.00766,0.01608,0.6
11,52,hybrid,HYBRID_ALPHA0.8_BETA0.2,0.8,0.2,500,0.0,1.51915,1.01532,0.01059,1.06797,0.86015,0.05317,,0.00784,0.0161,0.6
11,52,hybrid,HYBRID_ALPHA0.9_BETA0.1,0.9,0.1,500,0.0,1.52911,1.01496,0.01029,1.06808,0.85983,0.05288,,0.00795,0.01613,0.6
11,52,mse,MSE,1.0,0.0,50,1.0,4.80703,1.22797,0.02229,1.27698,0.90429,0.02729,,0.00681,0.03979,0.55
11,52,mse,MSE,1.0,0.0,50,0.0,4.80703,1.22797,0.02229,1.23123,0.87237,0.04708,,0.00763,0.037,0.575
11,52,mse,MSE,1.0,0.0,100,1.0,1.80963,1.07539,0.0396,1.18401,0.8699,0.03938,,0.00714,0.02384,0.625
11,52,mse,MSE,1.0,0.0,100,0.0,1.80963,1.07539,0.0396,1.72544,1.0628,0.093,,0.00796,0.06202,0.6
11,52,mse,MSE,1.0,0.0,300,1.0,1.6884,1.04109,0.03315,1.10274,0.8727,0.0499,,0.00586,0.0173,0.525
11,52,mse,MSE,1.0,0.0,300,0.0,1.6884,1.04109,0.03315,1.1335,0.898,0.05137,,0.00581,0.01339,0.5
11,52,mse,MSE,1.0,0.0,500,1.0,1.54789,1.01749,0.00871,1.05394,0.85332,0.02272,,0.0068,0.01867,0.55
11,52,mse,MSE,1.0,0.0,500,0.0,1.54789,1.01749,0.00871,1.10333,0.85216,0.02226,,0.00619,0.02144,0.525
12,53,hsic,HSIC,0.0,1.0,50,1.0,3.31018,1.37219,0.23182,1.56195,0.99692,0.15755,,0.00727,0.14693,0.725
12,53,hsic,HSIC,0.0,1.0,50,0.0,3.31018,1.37219,0.23182,2.53821,1.29516,0.16115,,0.00742,0.20399,0.725
12,53,hsic,HSIC,0.0,1.0,100,1.0,3.02956,1.401,0.02531,1.67832,1.03538,0.19299,,0.00849,0.09149,0.625
12,53,hsic,HSIC,0.0,1.0,100,0.0,3.02956,1.401,0.02531,2.70055,1.3331,0.20007,,0.00863,0.1675,0.625
12,53,hsic,HSIC,0.0,1.0,300,1.0,2.63387,1.2829,0.01759,1.58075,1.00392,0.16332,,0.00751,0.09196,0.65
12,53,hsic,HSIC,0.0,1.0,300,0.0,2.63387,1.2829,0.01759,2.57486,1.30434,0.16502,,0.00766,0.16176,0.65
12,53,hsic,HSIC,0.0,1.0,500,1.0,2.52913,1.25376,0.01383,1.61371,1.01421,0.1713,,0.00756,0.09185,0.7
12,53,hsic,HSIC,0.0,1.0,500,0.0,2.52913,1.25376,0.01383,2.58597,1.30677,0.17622,,0.00774,0.1491,0.725
12,53,hybrid,HYBRID_ALPHA0.1_BETA0.9,0.1,0.9,50,1.0,3.30275,1.37102,0.2312,1.53284,0.98079,0.15923,,0.00958,0.12574,0.7
12,53,hybrid,HYBRID_ALPHA0.2_BETA0.8,0.2,0.8,50,1.0,3.30029,1.37066,0.23129,1.53196,0.98048,0.15882,,0.00958,0.12543,0.7
12,53,hybrid,HYBRID_ALPHA0.3_BETA0.7,0.3,0.7,50,1.0,3.29898,1.37045,0.2313,1.53199,0.98045,0.15868,,0.00958,0.1253,0.675
12,53,hybrid,HYBRID_ALPHA0.4_BETA0.6,0.4,0.6,50,1.0,3.29848,1.37034,0.23154,1.53109,0.9801,0.15843,,0.00958,0.12523,0.675
12,53,hybrid,HYBRID_ALPHA0.5_BETA0.5,0.5,0.5,50,1.0,3.29842,1.37033,0.23159,1.53103,0.97982,0.1587,,0.00958,0.12519,0.675
12,53,hybrid,HYBRID_ALPHA0.6_BETA0.4,0.6,0.4,50,1.0,3.29814,1.37022,0.23175,1.53057,0.97993,0.15839,,0.00958,0.12519,0.675
12,53,hybrid,HYBRID_ALPHA0.7_BETA0.3,0.7,0.3,50,1.0,3.29795,1.37015,0.23183,1.53056,0.97993,0.15839,,0.00958,0.12519,0.675
12,53,hybrid,HYBRID_ALPHA0.8_BETA0.2,0.8,0.2,50,1.0,3.29786,1.37009,0.23203,1.53059,0.97993,0.15844,,0.00959,0.12519,0.675
12,53,hybrid,HYBRID_ALPHA0.9_BETA0.1,0.9,0.1,50,1.0,3.29876,1.37015,0.232,1.53059,0.97993,0.15844,,0.00959,0.12519,0.675
12,53,hybrid,HYBRID_ALPHA0.1_BETA0.9,0.1,0.9,50,0.0,3.30275,1.37102,0.2312,2.62878,1.31488,0.15296,,0.00993,0.18823,0.675
12,53,hybrid,HYBRID_ALPHA0.2_BETA0.8,0.2,0.8,50,0.0,3.30029,1.37066,0.23129,2.62821,1.31477,0.15274,,0.00993,0.18793,0.675
12,53,hybrid,HYBRID_ALPHA0.3_BETA0.7,0.3,0.7,50,0.0,3.29898,1.37045,0.2313,2.62974,1.31517,0.15275,,0.00993,0.18781,0.675
12,53,hybrid,HYBRID_ALPHA0.4_BETA0.6,0.4,0.6,50,0.0,3.29848,1.37034,0.23154,2.62883,1.3149,0.15235,,0.00993,0.1878,0.675
12,53,hybrid,HYBRID_ALPHA0.5_BETA0.5,0.5,0.5,50,0.0,3.29842,1.37033,0.23159,2.63332,1.31603,0.15268,,0.00992,0.1879,0.675
12,53,hybrid,HYBRID_ALPHA0.6_BETA0.4,0.6,0.4,50,0.0,3.29814,1.37022,0.23175,2.62841,1.31477,0.15233,,0.00994,0.18779,0.675
12,53,hybrid,HYBRID_ALPHA0.7_BETA0.3,0.7,0.3,50,0.0,3.29795,1.37015,0.23183,2.62838,1.31476,0.15233,,0.00994,0.18778,0.675
12,53,hybrid,HYBRID_ALPHA0.8_BETA0.2,0.8,0.2,50,0.0,3.29786,1.37009,0.23203,2.62673,1.31433,0.15216,,0.00994,0.18774,0.675
12,53,hybrid,HYBRID_ALPHA0.9_BETA0.1,0.9,0.1,50,0.0,3.29876,1.37015,0.232,2.62673,1.31433,0.15216,,0.00994,0.18774,0.675
12,53,hybrid,HYBRID_ALPHA0.1_BETA0.9,0.1,0.9,100,1.0,1.79243,1.08043,0.02179,1.31014,0.91264,0.02623,,0.00655,0.01309,0.55
12,53,hybrid,HYBRID_ALPHA0.2_BETA0.8,0.2,0.8,100,1.0,1.72494,1.05224,0.02135,1.19921,0.88557,0.01834,,0.00684,0.01288,0.575
12,53,hybrid,HYBRID_ALPHA0.3_BETA0.7,0.3,0.7,100,1.0,1.64378,1.03484,0.01853,1.17914,0.87909,0.01994,,0.00686,0.01355,0.55
12,53,hybrid,HYBRID_ALPHA0.4_BETA0.6,0.4,0.6,100,1.0,1.61968,1.02321,0.02069,1.17084,0.87572,0.02174,,0.0069,0.01437,0.525
12,53,hybrid,HYBRID_ALPHA0.5_BETA0.5,0.5,0.5,100,1.0,1.61366,1.02027,0.02194,1.18651,0.87888,0.02255,,0.00696,0.01546,0.55
12,53,hybrid,HYBRID_ALPHA0.6_BETA0.4,0.6,0.4,100,1.0,1.61654,1.02027,0.02304,1.18932,0.87849,0.02104,,0.00703,0.01705,0.525
12,53,hybrid,HYBRID_ALPHA0.7_BETA0.3,0.7,0.3,100,1.0,1.61463,1.01926,0.02347,1.18732,0.87699,0.02143,,0.00708,0.0168,0.6
12,53,hybrid,HYBRID_ALPHA0.8_BETA0.2,0.8,0.2,100,1.0,1.63188,1.02158,0.02467,1.20124,0.88097,0.02259,,0.00711,0.01774,0.525
12,53,hybrid,HYBRID_ALPHA0.9_BETA0.1,0.9,0.1,100,1.0,1.60344,1.01952,0.02784,1.1871,0.87733,0.02166,,0.00725,0.01738,0.55
12,53,hybrid,HYBRID_ALPHA0.1_BETA0.9,0.1,0.9,100,0.0,1.79243,1.08043,0.02179,1.47055,0.96378,0.05547,,0.00667,0.01864,0.525
12,53,hybrid,HYBRID_ALPHA0.2_BETA0.8,0.2,0.8,100,0.0,1.72494,1.05224,0.02135,1.29246,0.90652,0.04018,,0.00723,0.01733,0.55
12,53,hybrid,HYBRID_ALPHA0.3_BETA0.7,0.3,0.7,100,0.0,1.64378,1.03484,0.01853,1.27268,0.89668,0.04558,,0.00728,0.01793,0.575
12,53,hybrid,HYBRID_ALPHA0.4_BETA0.6,0.4,0.6,100,0.0,1.61968,1.02321,0.02069,1.25786,0.88968,0.04918,,0.00734,0.01836,0.575
12,53,hybrid,HYBRID_ALPHA0.5_BETA0.5,0.5,0.5,100,0.0,1.61366,1.02027,0.02194,1.28049,0.89809,0.05157,,0.0074,0.01967,0.525
12,53,hybrid,HYBRID_ALPHA0.6_BETA0.4,0.6,0.4,100,0.0,1.61654,1.02027,0.02304,1.21517,0.87773,0.04181,,0.00749,0.01833,0.55
12,53,hybrid,HYBRID_ALPHA0.7_BETA0.3,0.7,0.3,100,0.0,1.61463,1.01926,0.02347,1.21773,0.87924,0.04135,,0.00753,0.01865,0.525
12,53,hybrid,HYBRID_ALPHA0.8_BETA0.2,0.8,0.2,100,0.0,1.63188,1.02158,0.02467,1.24873,0.89231,0.0429,,0.00731,0.02001,0.5
12,53,hybrid,HYBRID_ALPHA0.9_BETA0.1,0.9,0.1,100,0.0,1.60344,1.01952,0.02784,1.20709,0.87575,0.03569,,0.00738,0.01962,0.525
12,53,hybrid,HYBRID_ALPHA0.1_BETA0.9,0.1,0.9,300,1.0,1.63547,1.04435,0.01531,1.0762,0.86367,0.04144,,0.00685,0.0095,0.6
12,53,hybrid,HYBRID_ALPHA0.2_BETA0.8,0.2,0.8,300,1.0,1.57977,1.03219,0.01298,1.0657,0.86011,0.04048,,0.00728,0.00975,0.5
12,53,hybrid,HYBRID_ALPHA0.3_BETA0.7,0.3,0.7,300,1.0,1.53142,1.02036,0.01105,1.06436,0.86021,0.03892,,0.00764,0.00984,0.575
12,53,hybrid,HYBRID_ALPHA0.4_BETA0.6,0.4,0.6,300,1.0,1.52671,1.01835,0.0108,1.10185,0.87343,0.03864,,0.00737,0.00979,0.525
12,53,hybrid,HYBRID_ALPHA0.5_BETA0.5,0.5,0.5,300,1.0,1.53521,1.02028,0.0108,1.07699,0.86447,0.02842,,0.00699,0.00953,0.575
12,53,hybrid,HYBRID_ALPHA0.6_BETA0.4,0.6,0.4,300,1.0,1.54035,1.02156,0.01096,1.07073,0.85943,0.02643,,0.00689,0.01037,0.6
12,53,hybrid,HYBRID_ALPHA0.7_BETA0.3,0.7,0.3,300,1.0,1.55841,1.02973,0.01052,1.06629,0.85775,0.02658,,0.00691,0.01079,0.55
12,53,hybrid,HYBRID_ALPHA0.8_BETA0.2,0.8,0.2,300,1.0,1.56115,1.02866,0.01017,1.0713,0.86123,0.02976,,0.00706,0.01028,0.575
12,53,hybrid,HYBRID_ALPHA0.9_BETA0.1,0.9,0.1,300,1.0,1.56645,1.03085,0.01036,1.07555,0.86323,0.02982,,0.00707,0.01006,0.55
12,53,hybrid,HYBRID_ALPHA0.1_BETA0.9,0.1,0.9,300,0.0,1.63547,1.04435,0.01531,1.11352,0.88437,0.06026,,0.00743,0.00835,0.575
12,53,hybrid,HYBRID_ALPHA0.2_BETA0.8,0.2,0.8,300,0.0,1.57977,1.03219,0.01298,1.09992,0.87311,0.05889,,0.00793,0.00849,0.575
12,53,hybrid,HYBRID_ALPHA0.3_BETA0.7,0.3,0.7,300,0.0,1.53142,1.02036,0.01105,1.09411,0.87227,0.05972,,0.00862,0.00842,0.525
12,53,hybrid,HYBRID_ALPHA0.4_BETA0.6,0.4,0.6,300,0.0,1.52671,1.01835,0.0108,1.09457,0.87084,0.05493,,0.00808,0.00924,0.525
12,53,hybrid,HYBRID_ALPHA0.5_BETA0.5,0.5,0.5,300,0.0,1.53521,1.02028,0.0108,1.09003,0.86236,0.02002,,0.00621,0.01071,0.55
12,53,hybrid,HYBRID_ALPHA0.6_BETA0.4,0.6,0.4,300,0.0,1.54035,1.02156,0.01096,1.09999,0.86714,0.02314,,0.00627,0.01056,0.5
12,53,hybrid,HYBRID_ALPHA0.7_BETA0.3,0.7,0.3,300,0.0,1.55841,1.02973,0.01052,1.08845,0.86223,0.02345,,0.00631,0.01025,0.525
12,53,hybrid,HYBRID_ALPHA0.8_BETA0.2,0.8,0.2,300,0.0,1.56115,1.02866,0.01017,1.07394,0.8571,0.02274,,0.00634,0.0105,0.55
12,53,hybrid,HYBRID_ALPHA0.9_BETA0.1,0.9,0.1,300,0.0,1.56645,1.03085,0.01036,1.07252,0.85292,0.02077,,0.00622,0.0114,0.525
12,53,hybrid,HYBRID_ALPHA0.1_BETA0.9,0.1,0.9,500,1.0,1.53995,1.01127,0.01087,1.08717,0.86996,0.0529,,0.00811,0.00724,0.675
12,53,hybrid,HYBRID_ALPHA0.2_BETA0.8,0.2,0.8,500,1.0,1.46132,0.9919,0.00905,1.10355,0.87144,0.05303,,0.0081,0.00863,0.55
12,53,hybrid,HYBRID_ALPHA0.3_BETA0.7,0.3,0.7,500,1.0,1.48158,0.99578,0.00932,1.09918,0.87004,0.05211,,0.00811,0.00891,0.525
12,53,hybrid,HYBRID_ALPHA0.4_BETA0.6,0.4,0.6,500,1.0,1.47667,0.99444,0.00913,1.09647,0.86923,0.05124,,0.0081,0.00917,0.575
12,53,hybrid,HYBRID_ALPHA0.5_BETA0.5,0.5,0.5,500,1.0,1.45103,0.98364,0.00907,1.09419,0.86882,0.05082,,0.00811,0.00942,0.55
12,53,hybrid,HYBRID_ALPHA0.6_BETA0.4,0.6,0.4,500,1.0,1.44749,0.98233,0.00899,1.0929,0.86814,0.04989,,0.00807,0.00958,0.5
12,53,hybrid,HYBRID_ALPHA0.7_BETA0.3,0.7,0.3,500,1.0,1.46144,0.98682,0.0094,1.08772,0.86872,0.04721,,0.00785,0.00722,0.5
12,53,hybrid,HYBRID_ALPHA0.8_BETA0.2,0.8,0.2,500,1.0,1.436,0.98044,0.00855,1.0812,0.86427,0.04208,,0.00758,0.00753,0.5
12,53,hybrid,HYBRID_ALPHA0.9_BETA0.1,0.9,0.1,500,1.0,1.44335,0.9845,0.00827,1.07104,0.85891,0.03676,,0.00734,0.008,0.5
12,53,hybrid,HYBRID_ALPHA0.1_BETA0.9,0.1,0.9,500,0.0,1.53995,1.01127,0.01087,1.11034,0.88232,0.06703,,0.00871,0.00643,0.625
12,53,hybrid,HYBRID_ALPHA0.2_BETA0.8,0.2,0.8,500,0.0,1.46132,0.9919,0.00905,1.10582,0.88157,0.06084,,0.00848,0.00627,0.55
12,53,hybrid,HYBRID_ALPHA0.3_BETA0.7,0.3,0.7,500,0.0,1.48158,0.99578,0.00932,1.09964,0.8797,0.05979,,0.00848,0.00637,0.575
12,53,hybrid,HYBRID_ALPHA0.4_BETA0.6,0.4,0.6,500,0.0,1.47667,0.99444,0.00913,1.09619,0.8786,0.05912,,0.00848,0.0064,0.6
12,53,hybrid,HYBRID_ALPHA0.5_BETA0.5,0.5,0.5,500,0.0,1.45103,0.98364,0.00907,1.09431,0.87824,0.05944,,0.00852,0.00641,0.525
12,53,hybrid,HYBRID_ALPHA0.6_BETA0.4,0.6,0.4,500,0.0,1.44749,0.98233,0.00899,1.09296,0.87749,0.05884,,0.0085,0.00645,0.55
12,53,hybrid,HYBRID_ALPHA0.7_BETA0.3,0.7,0.3,500,0.0,1.46144,0.98682,0.0094,1.06031,0.85397,0.02713,,0.00681,0.00823,0.5
12,53,hybrid,HYBRID_ALPHA0.8_BETA0.2,0.8,0.2,500,0.0,1.436,0.98044,0.00855,1.06131,0.85112,0.02272,,0.00652,0.00873,0.525
12,53,hybrid,HYBRID_ALPHA0.9_BETA0.1,0.9,0.1,500,0.0,1.44335,0.9845,0.00827,1.06355,0.84842,0.02008,,0.00635,0.00918,0.525
12,53,mse,MSE,1.0,0.0,50,1.0,3.29804,1.37013,0.23207,1.53049,0.97964,0.1586,,0.00959,0.12515,0.675
12,53,mse,MSE,1.0,0.0,50,0.0,3.29804,1.37013,0.23207,2.63096,1.3154,0.15255,,0.00992,0.18784,0.675
12,53,mse,MSE,1.0,0.0,100,1.0,1.60905,1.02046,0.02814,1.18667,0.87588,0.02329,,0.00734,0.01671,0.55
12,53,mse,MSE,1.0,0.0,100,0.0,1.60905,1.02046,0.02814,1.25146,0.89188,0.04031,,0.00756,0.02173,0.525
12,53,mse,MSE,1.0,0.0,300,1.0,1.57505,1.03454,0.01039,1.08849,0.86836,0.0325,,0.00718,0.0098,0.55
12,53,mse,MSE,1.0,0.0,300,0.0,1.57505,1.03454,0.01039,1.06562,0.85029,0.02022,,0.00621,0.01183,0.55
12,53,mse,MSE,1.0,0.0,500,1.0,1.47282,0.99421,0.00918,1.06648,0.85736,0.03474,,0.00725,0.00801,0.5
12,53,mse,MSE,1.0,0.0,500,0.0,1.47282,0.99421,0.00918,1.06355,0.84663,0.01961,,0.00634,0.00964,0.55
13,54,hsic,HSIC,0.0,1.0,50,1.0,4.05599,1.62297,0.02232,1.5792,1.00223,0.16144,,0.00743,0.03116,0.65
13,54,hsic,HSIC,0.0,1.0,50,0.0,4.05599,1.62297,0.02232,2.59498,1.31155,0.15808,,0.00739,0.08873,0.6
13,54,hsic,HSIC,0.0,1.0,100,1.0,2.82102,1.35376,0.01317,1.67901,1.03455,0.18713,,0.00805,0.06615,0.625
13,54,hsic,HSIC,0.0,1.0,100,0.0,2.82102,1.35376,0.01317,2.66361,1.32486,0.19478,,0.00818,0.12275,0.7
13,54,hsic,HSIC,0.0,1.0,300,1.0,1.8534,1.09736,0.02128,1.58874,1.00626,0.16556,,0.00754,0.08465,0.7
13,54,hsic,HSIC,0.0,1.0,300,0.0,1.8534,1.09736,0.02128,2.55195,1.29833,0.16618,,0.00763,0.14507,0.625
13,54,hsic,HSIC,0.0,1.0,500,1.0,2.54227,1.25622,0.02087,1.63389,1.02371,0.17098,,0.00753,0.0787,0.675
13,54,hsic,HSIC,0.0,1.0,500,0.0,2.54227,1.25622,0.02087,2.54928,1.29739,0.17419,,0.00767,0.13323,0.675
13,54,hybrid,HYBRID_ALPHA0.1_BETA0.9,0.1,0.9,50,1.0,1.70416,1.05607,0.03889,1.53562,0.98353,0.16,,0.00752,0.02737,0.625
13,54,hybrid,HYBRID_ALPHA0.2_BETA0.8,0.2,0.8,50,1.0,1.72945,1.04855,0.01582,1.09768,0.85584,0.01928,,0.00664,0.01052,0.5
13,54,hybrid,HYBRID_ALPHA0.3_BETA0.7,0.3,0.7,50,1.0,3.63643,1.24057,0.049,1.07749,0.85744,0.02159,,0.00657,0.01037,0.525
13,54,hybrid,HYBRID_ALPHA0.4_BETA0.6,0.4,0.6,50,1.0,4.54027,1.26645,0.05229,1.08291,0.86233,0.02545,,0.00674,0.01054,0.575
13,54,hybrid,HYBRID_ALPHA0.5_BETA0.5,0.5,0.5,50,1.0,4.53173,1.26338,0.05073,1.08696,0.86196,0.02609,,0.00685,0.0115,0.525
13,54,hybrid,HYBRID_ALPHA0.6_BETA0.4,0.6,0.4,50,1.0,3.58495,1.19904,0.03843,1.10494,0.8585,0.01948,,0.00655,0.01255,0.625
13,54,hybrid,HYBRID_ALPHA0.7_BETA0.3,0.7,0.3,50,1.0,2.87953,1.16049,0.039,1.09622,0.85671,0.01978,,0.00663,0.01231,0.575
13,54,hybrid,HYBRID_ALPHA0.8_BETA0.2,0.8,0.2,50,1.0,2.49696,1.15156,0.0531,1.14963,0.85726,0.02929,,0.00662,0.01531,0.525
13,54,hybrid,HYBRID_ALPHA0.9_BETA0.1,0.9,0.1,50,1.0,2.12099,1.11629,0.04873,1.14963,0.85703,0.0299,,0.00659,0.01505,0.525
13,54,hybrid,HYBRID_ALPHA0.1_BETA0.9,0.1,0.9,50,0.0,1.70416,1.05607,0.03889,2.3883,1.25365,0.16998,,0.00767,0.08315,0.6
13,54,hybrid,HYBRID_ALPHA0.2_BETA0.8,0.2,0.8,50,0.0,1.72945,1.04855,0.01582,1.55634,1.00992,0.03232,,0.00639,0.03708,0.575
13,54,hybrid,HYBRID_ALPHA0.3_BETA0.7,0.3,0.7,50,0.0,3.63643,1.24057,0.049,1.41047,0.96285,0.02533,,0.00595,0.03178,0.6
13,54,hybrid,HYBRID_ALPHA0.4_BETA0.6,0.4,0.6,50,0.0,4.54027,1.26645,0.05229,1.3205,0.9358,0.02333,,0.00627,0.02469,0.525
13,54,hybrid,HYBRID_ALPHA0.5_BETA0.5,0.5,0.5,50,0.0,4.53173,1.26338,0.05073,1.25295,0.91,0.0227,,0.00672,0.02212,0.625
13,54,hybrid,HYBRID_ALPHA0.6_BETA0.4,0.6,0.4,50,0.0,3.58495,1.19904,0.03843,1.34765,0.94584,0.03154,,0.0064,0.02531,0.625
13,54,hybrid,HYBRID_ALPHA0.7_BETA0.3,0.7,0.3,50,0.0,2.87953,1.16049,0.039,1.334,0.94101,0.02986,,0.00602,0.02562,0.65
13,54,hybrid,HYBRID_ALPHA0.8_BETA0.2,0.8,0.2,50,0.0,2.49696,1.15156,0.0531,1.38091,0.9494,0.03979,,0.00583,0.03177,0.525
13,54,hybrid,HYBRID_ALPHA0.9_BETA0.1,0.9,0.1,50,0.0,2.12099,1.11629,0.04873,1.40888,0.95783,0.04748,,0.00599,0.03105,0.55
13,54,hybrid,HYBRID_ALPHA0.1_BETA0.9,0.1,0.9,100,1.0,1.63915,1.03794,0.01477,1.64782,1.02752,0.17515,,0.00767,0.0623,0.575
13,54,hybrid,HYBRID_ALPHA0.2_BETA0.8,0.2,0.8,100,1.0,1.668,1.0455,0.01555,1.38035,0.97242,0.05764,,0.00846,0.01562,0.55
13,54,hybrid,HYBRID_ALPHA0.3_BETA0.7,0.3,0.7,100,1.0,1.80095,1.08839,0.01985,1.18566,0.90917,0.05572,,0.00802,0.02199,0.625
13,54,hybrid,HYBRID_ALPHA0.4_BETA0.6,0.4,0.6,100,1.0,1.74847,1.07108,0.02129,1.19364,0.91234,0.05828,,0.00798,0.02198,0.65
13,54,hybrid,HYBRID_ALPHA0.5_BETA0.5,0.5,0.5,100,1.0,1.82309,1.0943,0.02139,1.20159,0.91418,0.05667,,0.00775,0.02315,0.65
13,54,hybrid,HYBRID_ALPHA0.6_BETA0.4,0.6,0.4,100,1.0,1.96493,1.13526,0.02212,1.21494,0.91833,0.05732,,0.0077,0.024,0.625
13,54,hybrid,HYBRID_ALPHA0.7_BETA0.3,0.7,0.3,100,1.0,1.97989,1.14327,0.02252,1.22342,0.92104,0.0596,,0.00778,0.02455,0.6
13,54,hybrid,HYBRID_ALPHA0.8_BETA0.2,0.8,0.2,100,1.0,1.98626,1.14553,0.02264,1.23313,0.92396,0.06164,,0.00791,0.0252,0.6
13,54,hybrid,HYBRID_ALPHA0.9_BETA0.1,0.9,0.1,100,1.0,1.9462,1.13607,0.02181,1.26933,0.93396,0.06475,,0.00795,0.02708,0.675
13,54,hybrid,HYBRID_ALPHA0.1_BETA0.9,0.1,0.9,100,0.0,1.63915,1.03794,0.01477,2.56594,1.30157,0.18273,,0.00762,0.11569,0.65
13,54,hybrid,HYBRID_ALPHA0.2_BETA0.8,0.2,0.8,100,0.0,1.668,1.0455,0.01555,1.14144,0.86949,0.02114,,0.0067,0.01378,0.525
13,54,hybrid,HYBRID_ALPHA0.3_BETA0.7,0.3,0.7,100,0.0,1.80095,1.08839,0.01985,1.11072,0.85805,0.02653,,0.00656,0.02673,0.625
13,54,hybrid,HYBRID_ALPHA0.4_BETA0.6,0.4,0.6,100,0.0,1.74847,1.07108,0.02129,1.12227,0.85821,0.02541,,0.00644,0.02728,0.65
13,54,hybrid,HYBRID_ALPHA0.5_BETA0.5,0.5,0.5,100,0.0,1.82309,1.0943,0.02139,1.14574,0.86185,0.02415,,0.00616,0.02827,0.675
13,54,hybrid,HYBRID_ALPHA0.6_BETA0.4,0.6,0.4,100,0.0,1.96493,1.13526,0.02212,1.15797,0.86416,0.02349,,0.006,0.02912,0.625
13,54,hybrid,HYBRID_ALPHA0.7_BETA0.3,0.7,0.3,100,0.0,1.97989,1.14327,0.02252,1.16259,0.86552,0.02349,,0.0059,0.02965,0.6
13,54,hybrid,HYBRID_ALPHA0.8_BETA0.2,0.8,0.2,100,0.0,1.98626,1.14553,0.02264,1.16234,0.86488,0.02301,,0.0058,0.03022,0.55
13,54,hybrid,HYBRID_ALPHA0.9_BETA0.1,0.9,0.1,100,0.0,1.9462,1.13607,0.02181,1.16121,0.8721,0.02551,,0.00568,0.03286,0.625
13,54,hybrid,HYBRID_ALPHA0.1_BETA0.9,0.1,0.9,300,1.0,1.60064,1.02501,0.01565,1.75447,1.09869,0.03142,,0.007,0.01473,0.5
13,54,hybrid,HYBRID_ALPHA0.2_BETA0.8,0.2,0.8,300,1.0,1.57202,1.01467,0.01458,1.46992,0.99632,0.03337,,0.00706,0.01448,0.525
13,54,hybrid,HYBRID_ALPHA0.3_BETA0.7,0.3,0.7,300,1.0,1.54101,1.00695,0.01337,1.05851,0.85041,0.01863,,0.00669,0.01369,0.6
13,54,hybrid,HYBRID_ALPHA0.4_BETA0.6,0.4,0.6,300,1.0,1.59584,1.02844,0.01432,1.0847,0.84831,0.02236,,0.00714,0.01386,0.625
13,54,hybrid,HYBRID_ALPHA0.5_BETA0.5,0.5,0.5,300,1.0,1.55969,1.01536,0.01256,1.09018,0.84954,0.02293,,0.00715,0.01408,0.6
13,54,hybrid,HYBRID_ALPHA0.6_BETA0.4,0.6,0.4,300,1.0,1.56809,1.01715,0.01411,1.09261,0.8491,0.02364,,0.00717,0.01412,0.6
13,54,hybrid,HYBRID_ALPHA0.7_BETA0.3,0.7,0.3,300,1.0,1.5621,1.01449,0.01411,1.09901,0.85029,0.02483,,0.00712,0.01416,0.6
13,54,hybrid,HYBRID_ALPHA0.8_BETA0.2,0.8,0.2,300,1.0,1.56196,1.01512,0.01383,1.09964,0.85045,0.02512,,0.00712,0.01416,0.6
13,54,hybrid,HYBRID_ALPHA0.9_BETA0.1,0.9,0.1,300,1.0,1.5594,1.01401,0.01373,1.09725,0.84984,0.0253,,0.00715,0.0141,0.6
13,54,hybrid,HYBRID_ALPHA0.1_BETA0.9,0.1,0.9,300,0.0,1.60064,1.02501,0.01565,2.38712,1.26952,0.07238,,0.00778,0.03125,0.525
13,54,hybrid,HYBRID_ALPHA0.2_BETA0.8,0.2,0.8,300,0.0,1.57202,1.01467,0.01458,2.05677,1.17049,0.07251,,0.00788,0.03464,0.5
13,54,hybrid,HYBRID_ALPHA0.3_BETA0.7,0.3,0.7,300,0.0,1.54101,1.00695,0.01337,1.05159,0.84367,0.02062,,0.00683,0.01377,0.5
13,54,hybrid,HYBRID_ALPHA0.4_BETA0.6,0.4,0.6,300,0.0,1.59584,1.02844,0.01432,1.0479,0.84279,0.02334,,0.00715,0.01324,0.6
13,54,hybrid,HYBRID_ALPHA0.5_BETA0.5,0.5,0.5,300,0.0,1.55969,1.01536,0.01256,1.05245,0.84357,0.02353,,0.00715,0.01335,0.55
13,54,hybrid,HYBRID_ALPHA0.6_BETA0.4,0.6,0.4,300,0.0,1.56809,1.01715,0.01411,1.04915,0.84332,0.02381,,0.00722,0.01335,0.575
13,54,hybrid,HYBRID_ALPHA0.7_BETA0.3,0.7,0.3,300,0.0,1.5621,1.01449,0.01411,1.03744,0.84101,0.02521,,0.00746,0.01343,0.6
13,54,hybrid,HYBRID_ALPHA0.8_BETA0.2,0.8,0.2,300,0.0,1.56196,1.01512,0.01383,1.03891,0.84196,0.02584,,0.00748,0.0133,0.55
13,54,hybrid,HYBRID_ALPHA0.9_BETA0.1,0.9,0.1,300,0.0,1.5594,1.01401,0.01373,1.03999,0.84272,0.02629,,0.00749,0.01319,0.575
13,54,hybrid,HYBRID_ALPHA0.1_BETA0.9,0.1,0.9,500,1.0,1.6273,1.03249,0.01356,1.46355,0.98997,0.03163,,0.00702,0.01079,0.55
13,54,hybrid,HYBRID_ALPHA0.2_BETA0.8,0.2,0.8,500,1.0,1.54028,1.01451,0.00942,1.36468,0.95139,0.03445,,0.00705,0.01107,0.5
13,54,hybrid,HYBRID_ALPHA0.3_BETA0.7,0.3,0.7,500,1.0,1.46102,1.00065,0.00938,1.27542,0.9097,0.03436,,0.00707,0.01107,0.5
13,54,hybrid,HYBRID_ALPHA0.4_BETA0.6,0.4,0.6,500,1.0,1.47121,1.00414,0.00963,1.05761,0.85953,0.0347,,0.00728,0.01163,0.6
13,54,hybrid,HYBRID_ALPHA0.5_BETA0.5,0.5,0.5,500,1.0,1.50024,1.01191,0.01038,1.05924,0.85903,0.03387,,0.00728,0.01174,0.575
13,54,hybrid,HYBRID_ALPHA0.6_BETA0.4,0.6,0.4,500,1.0,1.49456,1.01135,0.01148,1.05801,0.85858,0.0334,,0.00724,0.01189,0.575
13,54,hybrid,HYBRID_ALPHA0.7_BETA0.3,0.7,0.3,500,1.0,1.4993,1.01209,0.01096,1.05869,0.858,0.03272,,0.0072,0.01213,0.625
13,54,hybrid,HYBRID_ALPHA0.8_BETA0.2,0.8,0.2,500,1.0,1.50012,1.00986,0.01031,1.05902,0.85731,0.03189,,0.00714,0.01242,0.6
13,54,hybrid,HYBRID_ALPHA0.9_BETA0.1,0.9,0.1,500,1.0,1.47282,1.01359,0.01381,1.05986,0.85644,0.03092,,0.00709,0.01278,0.625
13,54,hybrid,HYBRID_ALPHA0.1_BETA0.9,0.1,0.9,500,0.0,1.6273,1.03249,0.01356,1.9671,1.14272,0.07125,,0.00757,0.02129,0.525
13,54,hybrid,HYBRID_ALPHA0.2_BETA0.8,0.2,0.8,500,0.0,1.54028,1.01451,0.00942,1.88442,1.11627,0.07343,,0.00791,0.02495,0.55
13,54,hybrid,HYBRID_ALPHA0.3_BETA0.7,0.3,0.7,500,0.0,1.46102,1.00065,0.00938,1.74476,1.07174,0.07626,,0.00792,0.02572,0.55
13,54,hybrid,HYBRID_ALPHA0.4_BETA0.6,0.4,0.6,500,0.0,1.47121,1.00414,0.00963,1.06864,0.86659,0.04344,,0.00768,0.01029,0.525
13,54,hybrid,HYBRID_ALPHA0.5_BETA0.5,0.5,0.5,500,0.0,1.50024,1.01191,0.01038,1.06162,0.8636,0.03856,,0.00752,0.01058,0.5
13,54,hybrid,HYBRID_ALPHA0.6_BETA0.4,0.6,0.4,500,0.0,1.49456,1.01135,0.01148,1.06048,0.86338,0.03879,,0.0075,0.01061,0.55
13,54,hybrid,HYBRID_ALPHA0.7_BETA0.3,0.7,0.3,500,0.0,1.4993,1.01209,0.01096,1.05722,0.86149,0.03611,,0.00737,0.01087,0.55
13,54,hybrid,HYBRID_ALPHA0.8_BETA0.2,0.8,0.2,500,0.0,1.50012,1.00986,0.01031,1.05498,0.86006,0.0343,,0.00727,0.01109,0.525
13,54,hybrid,HYBRID_ALPHA0.9_BETA0.1,0.9,0.1,500,0.0,1.47282,1.01359,0.01381,1.05288,0.8584,0.03219,,0.00716,0.01138,0.575
13,54,mse,MSE,1.0,0.0,50,1.0,2.13594,1.13141,0.06672,1.20279,0.86769,0.0493,,0.0068,0.01596,0.55
13,54,mse,MSE,1.0,0.0,50,0.0,2.13594,1.13141,0.06672,1.52174,0.99029,0.06615,,0.006,0.03524,0.65
13,54,mse,MSE,1.0,0.0,100,1.0,1.98531,1.15051,0.01803,1.29161,0.93506,0.05705,,0.00776,0.03396,0.6
13,54,mse,MSE,1.0,0.0,100,0.0,1.98531,1.15051,0.01803,1.19084,0.87885,0.03241,,0.00601,0.03436,0.575
13,54,mse,MSE,1.0,0.0,300,1.0,1.55817,1.01326,0.01363,1.09691,0.84963,0.02564,,0.00716,0.01404,0.625
13,54,mse,MSE,1.0,0.0,300,0.0,1.55817,1.01326,0.01363,1.04061,0.84357,0.02668,,0.0075,0.01312,0.6
13,54,mse,MSE,1.0,0.0,500,1.0,1.46427,1.01267,0.01363,1.06104,0.85532,0.02964,,0.00701,0.01327,0.6
13,54,mse,MSE,1.0,0.0,500,0.0,1.46427,1.01267,0.01363,1.05107,0.85703,0.0302,,0.00705,0.01168,0.55
14,55,hsic,HSIC,0.0,1.0,50,1.0,2.09539,1.15151,0.05845,1.68493,1.03641,0.19166,,0.00831,0.07854,0.675
14,55,hsic,HSIC,0.0,1.0,50,0.0,2.09539,1.15151,0.05845,2.70825,1.33577,0.19914,,0.00844,0.15421,0.65
14,55,hsic,HSIC,0.0,1.0,100,1.0,4.52397,1.70807,0.02153,1.6158,1.01562,0.16897,,0.00744,0.11507,0.575
14,55,hsic,HSIC,0.0,1.0,100,0.0,4.52397,1.70807,0.02153,2.59308,1.30938,0.17296,,0.00756,0.16729,0.65
14,55,hsic,HSIC,0.0,1.0,300,1.0,2.73298,1.32179,0.01267,1.63428,1.0251,0.16484,,0.00744,0.165,0.725
14,55,hsic,HSIC,0.0,1.0,300,0.0,2.73298,1.32179,0.01267,2.60224,1.31251,0.16563,,0.00748,0.20262,0.7
14,55,hsic,HSIC,0.0,1.0,500,1.0,2.77194,1.33172,0.00951,1.62315,1.02304,0.16097,,0.00728,0.13784,0.625
14,55,hsic,HSIC,0.0,1.0,500,0.0,2.77194,1.33172,0.00951,2.75809,1.35433,0.16117,,0.00732,0.18234,0.725
14,55,hybrid,HYBRID_ALPHA0.1_BETA0.9,0.1,0.9,50,1.0,2.04353,1.09769,0.03134,1.63783,1.0299,0.14578,,0.00704,0.05738,0.6
14,55,hybrid,HYBRID_ALPHA0.2_BETA0.8,0.2,0.8,50,1.0,2.64452,1.17371,0.03604,1.55364,0.9991,0.12548,,0.00731,0.05377,0.6
14,55,hybrid,HYBRID_ALPHA0.3_BETA0.7,0.3,0.7,50,1.0,3.93555,1.28888,0.03559,1.47483,1.00443,0.03338,,0.00651,0.01658,0.525
14,55,hybrid,HYBRID_ALPHA0.4_BETA0.6,0.4,0.6,50,1.0,10.28201,1.47395,0.04036,1.369,0.95865,0.02906,,0.00655,0.01701,0.575
14,55,hybrid,HYBRID_ALPHA0.5_BETA0.5,0.5,0.5,50,1.0,9.99186,1.50295,0.0387,1.31474,0.93133,0.02854,,0.00633,0.01743,0.525
14,55,hybrid,HYBRID_ALPHA0.6_BETA0.4,0.6,0.4,50,1.0,8.42164,1.45282,0.03662,1.2968,0.92201,0.02992,,0.00631,0.01704,0.525
14,55,hybrid,HYBRID_ALPHA0.7_BETA0.3,0.7,0.3,50,1.0,8.33038,1.45896,0.03051,1.26029,0.90324,0.0298,,0.00634,0.01716,0.525
14,55,hybrid,HYBRID_ALPHA0.8_BETA0.2,0.8,0.2,50,1.0,3.80614,1.27384,0.06073,1.23875,0.89417,0.02904,,0.00636,0.01729,0.525
14,55,hybrid,HYBRID_ALPHA0.9_BETA0.1,0.9,0.1,50,1.0,3.78635,1.24205,0.04706,1.22081,0.88674,0.02844,,0.00637,0.01737,0.5
14,55,hybrid,HYBRID_ALPHA0.1_BETA0.9,0.1,0.9,50,0.0,2.04353,1.09769,0.03134,2.55555,1.29917,0.16582,,0.0077,0.1228,0.625
14,55,hybrid,HYBRID_ALPHA0.2_BETA0.8,0.2,0.8,50,0.0,2.64452,1.17371,0.03604,2.5375,1.294,0.15744,,0.00807,0.12175,0.6
14,55,hybrid,HYBRID_ALPHA0.3_BETA0.7,0.3,0.7,50,0.0,3.93555,1.28888,0.03559,2.07928,1.18818,0.04783,,0.00722,0.05447,0.55
14,55,hybrid,HYBRID_ALPHA0.4_BETA0.6,0.4,0.6,50,0.0,10.28201,1.47395,0.04036,1.93209,1.13376,0.05157,,0.00732,0.05447,0.625
14,55,hybrid,HYBRID_ALPHA0.5_BETA0.5,0.5,0.5,50,0.0,9.99186,1.50295,0.0387,1.83774,1.10283,0.05633,,0.00742,0.05431,0.55
14,55,hybrid,HYBRID_ALPHA0.6_BETA0.4,0.6,0.4,50,0.0,8.42164,1.45282,0.03662,1.80552,1.09093,0.06046,,0.00763,0.05248,0.575
14,55,hybrid,HYBRID_ALPHA0.7_BETA0.3,0.7,0.3,50,0.0,8.33038,1.45896,0.03051,1.74283,1.06946,0.0623,,0.00768,0.05218,0.55
14,55,hybrid,HYBRID_ALPHA0.8_BETA0.2,0.8,0.2,50,0.0,3.80614,1.27384,0.06073,1.72599,1.06351,0.06422,,0.00772,0.05321,0.55
14,55,hybrid,HYBRID_ALPHA0.9_BETA0.1,0.9,0.1,50,0.0,3.78635,1.24205,0.04706,1.70998,1.05804,0.06526,,0.00774,0.05402,0.525
14,55,hybrid,HYBRID_ALPHA0.1_BETA0.9,0.1,0.9,100,1.0,1.85953,1.07633,0.01448,1.52632,1.01646,0.03119,,0.00705,0.01266,0.575
14,55,hybrid,HYBRID_ALPHA0.2_BETA0.8,0.2,0.8,100,1.0,1.74195,1.05541,0.01388,1.36984,0.95657,0.03254,,0.00702,0.01205,0.525
14,55,hybrid,HYBRID_ALPHA0.3_BETA0.7,0.3,0.7,100,1.0,1.69723,1.04859,0.01612,1.22139,0.88629,0.0313,,0.00701,0.01122,0.525
14,55,hybrid,HYBRID_ALPHA0.4_BETA0.6,0.4,0.6,100,1.0,1.72764,1.05537,0.0245,1.13348,0.89609,0.0865,,0.00942,0.01097,0.625
14,55,hybrid,HYBRID_ALPHA0.5_BETA0.5,0.5,0.5,100,1.0,1.7454,1.06067,0.03506,1.14481,0.89742,0.08624,,0.00892,0.01337,0.575
14,55,hybrid,HYBRID_ALPHA0.6_BETA0.4,0.6,0.4,100,1.0,1.84808,1.08168,0.06391,1.13669,0.89586,0.08446,,0.00907,0.01186,0.55
14,55,hybrid,HYBRID_ALPHA0.7_BETA0.3,0.7,0.3,100,1.0,1.88223,1.09097,0.07297,1.09681,0.87774,0.06403,,0.00852,0.01098,0.525
14,55,hybrid,HYBRID_ALPHA0.8_BETA0.2,0.8,0.2,100,1.0,1.8643,1.08872,0.06738,1.08573,0.87163,0.05373,,0.00804,0.01156,0.5
14,55,hybrid,HYBRID_ALPHA0.9_BETA0.1,0.9,0.1,100,1.0,1.88239,1.0932,0.07047,1.07581,0.86529,0.04185,,0.00751,0.01234,0.575
14,55,hybrid,HYBRID_ALPHA0.1_BETA0.9,0.1,0.9,100,0.0,1.85953,1.07633,0.01448,2.24371,1.22703,0.07184,,0.0077,0.02007,0.5
14,55,hybrid,HYBRID_ALPHA0.2_BETA0.8,0.2,0.8,100,0.0,1.74195,1.05541,0.01388,2.00096,1.15363,0.06911,,0.0078,0.02137,0.55
14,55,hybrid,HYBRID_ALPHA0.3_BETA0.7,0.3,0.7,100,0.0,1.69723,1.04859,0.01612,1.74407,1.07167,0.06992,,0.00777,0.02258,0.55
14,55,hybrid,HYBRID_ALPHA0.4_BETA0.6,0.4,0.6,100,0.0,1.72764,1.05537,0.0245,1.23265,0.93195,0.0498,,0.00795,0.01638,0.55
14,55,hybrid,HYBRID_ALPHA0.5_BETA0.5,0.5,0.5,100,0.0,1.7454,1.06067,0.03506,1.14951,0.89886,0.04432,,0.00734,0.01239,0.55
14,55,hybrid,HYBRID_ALPHA0.6_BETA0.4,0.6,0.4,100,0.0,1.84808,1.08168,0.06391,1.15483,0.90062,0.04375,,0.00748,0.0124,0.5
14,55,hybrid,HYBRID_ALPHA0.7_BETA0.3,0.7,0.3,100,0.0,1.88223,1.09097,0.07297,1.20508,0.90906,0.03421,,0.00728,0.01771,0.625
14,55,hybrid,HYBRID_ALPHA0.8_BETA0.2,0.8,0.2,100,0.0,1.8643,1.08872,0.06738,1.19033,0.89894,0.0281,,0.00697,0.01861,0.6
14,55,hybrid,HYBRID_ALPHA0.9_BETA0.1,0.9,0.1,100,0.0,1.88239,1.0932,0.07047,1.18075,0.8898,0.02264,,0.0067,0.01981,0.625
14,55,hybrid,HYBRID_ALPHA0.1_BETA0.9,0.1,0.9,300,1.0,1.55609,1.01651,0.01065,1.60789,1.03712,0.03724,,0.0072,0.01567,0.6
14,55,hybrid,HYBRID_ALPHA0.2_BETA0.8,0.2,0.8,300,1.0,1.56413,1.02311,0.0109,1.44087,0.97849,0.0278,,0.0069,0.02165,0.525
14,55,hybrid,HYBRID_ALPHA0.3_BETA0.7,0.3,0.7,300,1.0,1.54341,1.01784,0.01022,1.42148,0.97305,0.02922,,0.007,0.02038,0.625
14,55,hybrid,HYBRID_ALPHA0.4_BETA0.6,0.4,0.6,300,1.0,1.54637,1.01817,0.01009,1.45406,0.98065,0.03509,,0.0071,0.01689,0.5
14,55,hybrid,HYBRID_ALPHA0.5_BETA0.5,0.5,0.5,300,1.0,1.54353,1.01612,0.00942,1.42851,0.97096,0.03669,,0.0071,0.01763,0.525
14,55,hybrid,HYBRID_ALPHA0.6_BETA0.4,0.6,0.4,300,1.0,1.55841,1.02506,0.01032,1.46882,0.98456,0.03886,,0.00713,0.02119,0.525
14,55,hybrid,HYBRID_ALPHA0.7_BETA0.3,0.7,0.3,300,1.0,1.54769,1.01864,0.00953,1.48427,0.98913,0.04078,,0.00716,0.02345,0.55
14,55,hybrid,HYBRID_ALPHA0.8_BETA0.2,0.8,0.2,300,1.0,1.55913,1.02493,0.01012,1.48407,0.9884,0.04281,,0.00719,0.02467,0.55
14,55,hybrid,HYBRID_ALPHA0.9_BETA0.1,0.9,0.1,300,1.0,1.55389,1.02421,0.00989,1.47692,0.98533,0.04507,,0.00724,0.02499,0.6
14,55,hybrid,HYBRID_ALPHA0.1_BETA0.9,0.1,0.9,300,0.0,1.55609,1.01651,0.01065,1.9517,1.13807,0.08071,,0.00767,0.03084,0.5
14,55,hybrid,HYBRID_ALPHA0.2_BETA0.8,0.2,0.8,300,0.0,1.56413,1.02311,0.0109,1.33391,0.93104,0.04147,,0.00682,0.01711,0.525
14,55,hybrid,HYBRID_ALPHA0.3_BETA0.7,0.3,0.7,300,0.0,1.54341,1.01784,0.01022,1.32931,0.9323,0.03525,,0.00683,0.01718,0.525
14,55,hybrid,HYBRID_ALPHA0.4_BETA0.6,0.4,0.6,300,0.0,1.54637,1.01817,0.01009,1.77973,1.08153,0.08502,,0.00777,0.03387,0.525
14,55,hybrid,HYBRID_ALPHA0.5_BETA0.5,0.5,0.5,300,0.0,1.54353,1.01612,0.00942,1.77444,1.07923,0.08756,,0.00775,0.03615,0.5
14,55,hybrid,HYBRID_ALPHA0.6_BETA0.4,0.6,0.4,300,0.0,1.55841,1.02506,0.01032,1.73468,1.06554,0.09083,,0.00778,0.03577,0.5
14,55,hybrid,HYBRID_ALPHA0.7_BETA0.3,0.7,0.3,300,0.0,1.54769,1.01864,0.00953,1.7041,1.05485,0.09358,,0.0078,0.03538,0.525
14,55,hybrid,HYBRID_ALPHA0.8_BETA0.2,0.8,0.2,300,0.0,1.55913,1.02493,0.01012,1.6877,1.0487,0.09588,,0.00781,0.0356,0.525
14,55,hybrid,HYBRID_ALPHA0.9_BETA0.1,0.9,0.1,300,0.0,1.55389,1.02421,0.00989,1.68346,1.04694,0.09817,,0.00784,0.03601,0.525
14,55,hybrid,HYBRID_ALPHA0.1_BETA0.9,0.1,0.9,500,1.0,1.49221,0.99845,0.00803,2.10153,1.21519,0.0323,,0.00698,0.01585,0.525
14,55,hybrid,HYBRID_ALPHA0.2_BETA0.8,0.2,0.8,500,1.0,1.44434,0.98807,0.00817,1.07172,0.85804,0.02473,,0.00649,0.0108,0.5
14,55,hybrid,HYBRID_ALPHA0.3_BETA0.7,0.3,0.7,500,1.0,1.43354,0.9849,0.00811,1.06831,0.85602,0.02432,,0.00652,0.01148,0.525
14,55,hybrid,HYBRID_ALPHA0.4_BETA0.6,0.4,0.6,500,1.0,1.42363,0.98242,0.00806,1.06659,0.85497,0.02402,,0.00654,0.01178,0.55
14,55,hybrid,HYBRID_ALPHA0.5_BETA0.5,0.5,0.5,500,1.0,1.41899,0.98157,0.00808,1.06567,0.85446,0.02355,,0.00653,0.012,0.525
14,55,hybrid,HYBRID_ALPHA0.6_BETA0.4,0.6,0.4,500,1.0,1.44283,0.9872,0.00821,1.06699,0.85436,0.02293,,0.00647,0.01233,0.5
14,55,hybrid,HYBRID_ALPHA0.7_BETA0.3,0.7,0.3,500,1.0,1.43771,0.98606,0.00828,1.06726,0.85424,0.0222,,0.00643,0.01265,0.5
14,55,hybrid,HYBRID_ALPHA0.8_BETA0.2,0.8,0.2,500,1.0,1.4443,0.98581,0.00789,1.06763,0.85397,0.02134,,0.0064,0.01298,0.525
14,55,hybrid,HYBRID_ALPHA0.9_BETA0.1,0.9,0.1,500,1.0,1.44271,0.98761,0.0083,1.06918,0.85374,0.02053,,0.00637,0.01338,0.575
14,55,hybrid,HYBRID_ALPHA0.1_BETA0.9,0.1,0.9,500,0.0,1.49221,0.99845,0.00803,2.80151,1.39301,0.0607,,0.00762,0.0258,0.55
14,55,hybrid,HYBRID_ALPHA0.2_BETA0.8,0.2,0.8,500,0.0,1.44434,0.98807,0.00817,1.09375,0.85793,0.02222,,0.0059,0.01273,0.6
14,55,hybrid,HYBRID_ALPHA0.3_BETA0.7,0.3,0.7,500,0.0,1.43354,0.9849,0.00811,1.08721,0.85599,0.02193,,0.006,0.01339,0.525
14,55,hybrid,HYBRID_ALPHA0.4_BETA0.6,0.4,0.6,500,0.0,1.42363,0.98242,0.00806,1.08249,0.8546,0.02172,,0.00607,0.0136,0.525
14,55,hybrid,HYBRID_ALPHA0.5_BETA0.5,0.5,0.5,500,0.0,1.41899,0.98157,0.00808,1.08074,0.85403,0.02164,,0.0061,0.01372,0.5
14,55,hybrid,HYBRID_ALPHA0.6_BETA0.4,0.6,0.4,500,0.0,1.44283,0.9872,0.00821,1.08204,0.85417,0.02176,,0.00608,0.01394,0.525
14,55,hybrid,HYBRID_ALPHA0.7_BETA0.3,0.7,0.3,500,0.0,1.43771,0.98606,0.00828,1.08074,0.85343,0.02152,,0.00609,0.01405,0.5
14,55,hybrid,HYBRID_ALPHA0.8_BETA0.2,0.8,0.2,500,0.0,1.4443,0.98581,0.00789,1.07942,0.85233,0.02126,,0.00611,0.01418,0.525
14,55,hybrid,HYBRID_ALPHA0.9_BETA0.1,0.9,0.1,500,0.0,1.44271,0.98761,0.0083,1.07751,0.8512,0.02092,,0.00613,0.01423,0.55
14,55,mse,MSE,1.0,0.0,50,1.0,5.59863,1.26712,0.02304,1.20662,0.88046,0.02808,,0.00659,0.01754,0.55
14,55,mse,MSE,1.0,0.0,50,0.0,5.59863,1.26712,0.02304,1.72821,1.06501,0.0696,,0.00785,0.05598,0.525
14,55,mse,MSE,1.0,0.0,100,1.0,1.91164,1.09886,0.08019,1.07175,0.85783,0.03216,,0.00711,0.01366,0.55
14,55,mse,MSE,1.0,0.0,100,0.0,1.91164,1.09886,0.08019,1.1735,0.8831,0.02044,,0.00659,0.02099,0.525
14,55,mse,MSE,1.0,0.0,300,1.0,1.5397,1.01791,0.00906,1.46338,0.98051,0.04736,,0.00728,0.02471,0.6
14,55,mse,MSE,1.0,0.0,300,0.0,1.5397,1.01791,0.00906,1.68324,1.04645,0.1005,,0.00786,0.03643,0.5
14,55,mse,MSE,1.0,0.0,500,1.0,1.44645,0.99042,0.00843,1.06508,0.85437,0.01979,,0.00653,0.01344,0.525
14,55,mse,MSE,1.0,0.0,500,0.0,1.44645,0.99042,0.00843,1.06223,0.84847,0.01933,,0.00638,0.01356,0.5
15,56,hsic,HSIC,0.0,1.0,50,1.0,64.22846,2.98093,0.11919,10.88207,1.74954,0.22693,,0.00175,0.13263,0.75
15,56,hsic,HSIC,0.0,1.0,50,0.0,64.22846,2.98093,0.11919,10.27727,2.01599,0.23165,,0.00204,0.19778,0.675
15,56,hsic,HSIC,0.0,1.0,100,1.0,2.36087,1.20598,0.05842,1.61252,1.02005,0.15635,,0.00708,0.09757,0.75
15,56,hsic,HSIC,0.0,1.0,100,0.0,2.36087,1.20598,0.05842,2.70301,1.34029,0.1551,,0.00719,0.15478,0.725
15,56,hsic,HSIC,0.0,1.0,300,1.0,2.47902,1.24717,0.01274,3.21967,1.53753,0.04591,,0.00771,0.04288,0.65
15,56,hsic,HSIC,0.0,1.0,300,0.0,2.47902,1.24717,0.01274,2.40868,1.27844,0.03398,,0.00653,0.05797,0.625
15,56,hsic,HSIC,0.0,1.0,500,1.0,3.12592,1.42177,0.01529,1.63333,1.02256,0.17309,,0.00761,0.08747,0.625
15,56,hsic,HSIC,0.0,1.0,500,0.0,3.12592,1.42177,0.01529,2.62357,1.31677,0.17662,,0.00774,0.15316,0.675
15,56,hybrid,HYBRID_ALPHA0.1_BETA0.9,0.1,0.9,50,1.0,41.2179,2.55985,0.13085,2.62527,1.21212,0.09412,,0.0001,0.01859,0.575
15,56,hybrid,HYBRID_ALPHA0.2_BETA0.8,0.2,0.8,50,1.0,41.16746,2.55761,0.13125,2.25772,1.17272,0.06148,,0.00044,0.01938,0.575
15,56,hybrid,HYBRID_ALPHA0.3_BETA0.7,0.3,0.7,50,1.0,41.06319,2.554,0.13032,2.20035,1.15748,0.05475,,0.00058,0.01994,0.55
15,56,hybrid,HYBRID_ALPHA0.4_BETA0.6,0.4,0.6,50,1.0,40.93275,2.54949,0.12934,2.17315,1.11903,0.05884,,0.00055,0.01816,0.55
15,56,hybrid,HYBRID_ALPHA0.5_BETA0.5,0.5,0.5,50,1.0,40.81018,2.54503,0.12905,2.27088,1.0957,0.0631,,0.0004,0.01549,0.5
15,56,hybrid,HYBRID_ALPHA0.6_BETA0.4,0.6,0.4,50,1.0,40.70517,2.54151,0.12858,2.94405,1.13642,0.08018,,0.00012,0.01477,0.55
15,56,hybrid,HYBRID_ALPHA0.7_BETA0.3,0.7,0.3,50,1.0,40.56895,2.5374,0.12801,2.68708,1.10063,0.07178,,0.00068,0.01501,0.525
15,56,hybrid,HYBRID_ALPHA0.8_BETA0.2,0.8,0.2,50,1.0,40.44916,2.53453,0.12759,2.88632,1.10581,0.07576,,0.00093,0.0179,0.525
15,56,hybrid,HYBRID_ALPHA0.9_BETA0.1,0.9,0.1,50,1.0,40.26473,2.52601,0.12607,3.17422,1.12923,0.08116,,0.00086,0.02073,0.525
15,56,hybrid,HYBRID_ALPHA0.1_BETA0.9,0.1,0.9,50,0.0,41.2179,2.55985,0.13085,4.52467,1.61516,0.17176,,0.00119,0.04929,0.5
15,56,hybrid,HYBRID_ALPHA0.2_BETA0.8,0.2,0.8,50,0.0,41.16746,2.55761,0.13125,4.0855,1.57928,0.14925,,0.00086,0.05267,0.525
15,56,hybrid,HYBRID_ALPHA0.3_BETA0.7,0.3,0.7,50,0.0,41.06319,2.554,0.13032,3.98585,1.5576,0.1428,,0.00077,0.05498,0.525
15,56,hybrid,HYBRID_ALPHA0.4_BETA0.6,0.4,0.6,50,0.0,40.93275,2.54949,0.12934,3.92084,1.50215,0.14433,,0.00085,0.05268,0.5
15,56,hybrid,HYBRID_ALPHA0.5_BETA0.5,0.5,0.5,50,0.0,40.81018,2.54503,0.12905,3.92584,1.43332,0.14286,,0.00088,0.0445,0.525
15,56,hybrid,HYBRID_ALPHA0.6_BETA0.4,0.6,0.4,50,0.0,40.70517,2.54151,0.12858,4.50217,1.39667,0.1418,,0.00062,0.03198,0.525
15,56,hybrid,HYBRID_ALPHA0.7_BETA0.3,0.7,0.3,50,0.0,40.56895,2.5374,0.12801,4.13045,1.33454,0.13387,,0.00095,0.02938,0.575
15,56,hybrid,HYBRID_ALPHA0.8_BETA0.2,0.8,0.2,50,0.0,40.44916,2.53453,0.12759,4.15574,1.27715,0.12029,,0.00068,0.02483,0.525
15,56,hybrid,HYBRID_ALPHA0.9_BETA0.1,0.9,0.1,50,0.0,40.26473,2.52601,0.12607,4.59656,1.28103,0.11777,,0.00069,0.02545,0.525
15,56,hybrid,HYBRID_ALPHA0.1_BETA0.9,0.1,0.9,100,1.0,1.68626,1.03681,0.04512,1.74394,1.07484,0.03502,,0.00604,0.01511,0.55
15,56,hybrid,HYBRID_ALPHA0.2_BETA0.8,0.2,0.8,100,1.0,1.61332,1.02601,0.03376,1.59524,1.04469,0.02823,,0.00688,0.01178,0.575
15,56,hybrid,HYBRID_ALPHA0.3_BETA0.7,0.3,0.7,100,1.0,1.55243,1.01276,0.02981,1.46284,0.99602,0.02784,,0.00691,0.01144,0.575
15,56,hybrid,HYBRID_ALPHA0.4_BETA0.6,0.4,0.6,100,1.0,1.54392,1.0065,0.02684,1.3656,0.95572,0.02736,,0.00689,0.0114,0.525
15,56,hybrid,HYBRID_ALPHA0.5_BETA0.5,0.5,0.5,100,1.0,1.45058,0.9712,0.01374,1.31263,0.93341,0.02694,,0.00686,0.01132,0.525
15,56,hybrid,HYBRID_ALPHA0.6_BETA0.4,0.6,0.4,100,1.0,1.46982,0.97716,0.01464,1.24805,0.91532,0.03464,,0.00737,0.01058,0.525
15,56,hybrid,HYBRID_ALPHA0.7_BETA0.3,0.7,0.3,100,1.0,1.45838,0.97305,0.01346,1.22745,0.90537,0.03237,,0.00731,0.01097,0.5
15,56,hybrid,HYBRID_ALPHA0.8_BETA0.2,0.8,0.2,100,1.0,1.491,0.98462,0.0161,1.20966,0.89767,0.03083,,0.00728,0.0111,0.5
15,56,hybrid,HYBRID_ALPHA0.9_BETA0.1,0.9,0.1,100,1.0,1.52418,0.99373,0.01602,1.18852,0.88889,0.03056,,0.00727,0.01082,0.525
15,56,hybrid,HYBRID_ALPHA0.1_BETA0.9,0.1,0.9,100,0.0,1.68626,1.03681,0.04512,2.4908,1.2949,0.07347,,0.00595,0.04216,0.6
15,56,hybrid,HYBRID_ALPHA0.2_BETA0.8,0.2,0.8,100,0.0,1.61332,1.02601,0.03376,2.31845,1.2555,0.05349,,0.00714,0.0396,0.55
15,56,hybrid,HYBRID_ALPHA0.3_BETA0.7,0.3,0.7,100,0.0,1.55243,1.01276,0.02981,2.04823,1.17326,0.0518,,0.00713,0.03648,0.55
15,56,hybrid,HYBRID_ALPHA0.4_BETA0.6,0.4,0.6,100,0.0,1.54392,1.0065,0.02684,1.86051,1.11305,0.05314,,0.00717,0.03468,0.575
15,56,hybrid,HYBRID_ALPHA0.5_BETA0.5,0.5,0.5,100,0.0,1.45058,0.9712,0.01374,1.71633,1.06549,0.05224,,0.00718,0.03181,0.6
15,56,hybrid,HYBRID_ALPHA0.6_BETA0.4,0.6,0.4,100,0.0,1.46982,0.97716,0.01464,1.45217,0.97813,0.04211,,0.0071,0.02363,0.575
15,56,hybrid,HYBRID_ALPHA0.7_BETA0.3,0.7,0.3,100,0.0,1.45838,0.97305,0.01346,1.43369,0.97161,0.04677,,0.00723,0.02386,0.65
15,56,hybrid,HYBRID_ALPHA0.8_BETA0.2,0.8,0.2,100,0.0,1.491,0.98462,0.0161,1.42756,0.96938,0.04869,,0.00731,0.02436,0.625
15,56,hybrid,HYBRID_ALPHA0.9_BETA0.1,0.9,0.1,100,0.0,1.52418,0.99373,0.01602,1.39975,0.95953,0.04857,,0.00728,0.02417,0.6
15,56,hybrid,HYBRID_ALPHA0.1_BETA0.9,0.1,0.9,300,1.0,1.52823,1.01116,0.0102,1.16058,0.87928,0.02191,,0.00686,0.01127,0.525
15,56,hybrid,HYBRID_ALPHA0.2_BETA0.8,0.2,0.8,300,1.0,1.49905,1.00362,0.00995,1.20591,0.88555,0.01928,,0.00684,0.01637,0.525
15,56,hybrid,HYBRID_ALPHA0.3_BETA0.7,0.3,0.7,300,1.0,1.44692,0.99209,0.01272,1.15915,0.86532,0.02533,,0.00682,0.01104,0.575
15,56,hybrid,HYBRID_ALPHA0.4_BETA0.6,0.4,0.6,300,1.0,1.45576,0.99407,0.0116,1.14064,0.85892,0.02552,,0.00679,0.01133,0.6
15,56,hybrid,HYBRID_ALPHA0.5_BETA0.5,0.5,0.5,300,1.0,1.45625,0.99452,0.01141,1.11677,0.84906,0.02587,,0.00675,0.01151,0.625
15,56,hybrid,HYBRID_ALPHA0.6_BETA0.4,0.6,0.4,300,1.0,1.43079,0.98632,0.01186,1.0966,0.8568,0.0302,,0.00705,0.01566,0.525
15,56,hybrid,HYBRID_ALPHA0.7_BETA0.3,0.7,0.3,300,1.0,1.42875,0.98587,0.01178,1.09726,0.85565,0.02922,,0.00699,0.01581,0.5
15,56,hybrid,HYBRID_ALPHA0.8_BETA0.2,0.8,0.2,300,1.0,1.43643,0.98717,0.01137,1.09757,0.85489,0.02819,,0.00698,0.01615,0.525
15,56,hybrid,HYBRID_ALPHA0.9_BETA0.1,0.9,0.1,300,1.0,1.42745,0.98447,0.01178,1.09995,0.85246,0.02648,,0.00677,0.01629,0.525
15,56,hybrid,HYBRID_ALPHA0.1_BETA0.9,0.1,0.9,300,0.0,1.52823,1.01116,0.0102,1.12554,0.87042,0.02168,,0.00673,0.0098,0.575
15,56,hybrid,HYBRID_ALPHA0.2_BETA0.8,0.2,0.8,300,0.0,1.49905,1.00362,0.00995,1.09198,0.87021,0.02946,,0.00715,0.0082,0.575
15,56,hybrid,HYBRID_ALPHA0.3_BETA0.7,0.3,0.7,300,0.0,1.44692,0.99209,0.01272,1.48679,0.98363,0.06938,,0.00727,0.02633,0.675
15,56,hybrid,HYBRID_ALPHA0.4_BETA0.6,0.4,0.6,300,0.0,1.45576,0.99407,0.0116,1.45518,0.97253,0.07101,,0.00727,0.02728,0.675
15,56,hybrid,HYBRID_ALPHA0.5_BETA0.5,0.5,0.5,300,0.0,1.45625,0.99452,0.01141,1.41441,0.95669,0.07326,,0.00729,0.02748,0.7
15,56,hybrid,HYBRID_ALPHA0.6_BETA0.4,0.6,0.4,300,0.0,1.43079,0.98632,0.01186,1.06968,0.85612,0.03069,,0.00707,0.01483,0.5
15,56,hybrid,HYBRID_ALPHA0.7_BETA0.3,0.7,0.3,300,0.0,1.42875,0.98587,0.01178,1.06981,0.8543,0.0287,,0.00698,0.01513,0.525
15,56,hybrid,HYBRID_ALPHA0.8_BETA0.2,0.8,0.2,300,0.0,1.43643,0.98717,0.01137,1.06942,0.85438,0.02857,,0.007,0.01526,0.5
15,56,hybrid,HYBRID_ALPHA0.9_BETA0.1,0.9,0.1,300,0.0,1.42745,0.98447,0.01178,1.07789,0.84926,0.02409,,0.00665,0.0161,0.525
15,56,hybrid,HYBRID_ALPHA0.1_BETA0.9,0.1,0.9,500,1.0,1.5727,1.02744,0.01197,1.86029,1.12784,0.03389,,0.00704,0.01412,0.525
15,56,hybrid,HYBRID_ALPHA0.2_BETA0.8,0.2,0.8,500,1.0,1.49824,1.0136,0.01495,1.07328,0.86209,0.02504,,0.00689,0.01652,0.55
15,56,hybrid,HYBRID_ALPHA0.3_BETA0.7,0.3,0.7,500,1.0,1.45977,1.00621,0.01497,1.06488,0.85847,0.02524,,0.0069,0.01629,0.55
15,56,hybrid,HYBRID_ALPHA0.4_BETA0.6,0.4,0.6,500,1.0,1.45351,1.0052,0.01529,1.06488,0.85826,0.02521,,0.00687,0.01649,0.55
15,56,hybrid,HYBRID_ALPHA0.5_BETA0.5,0.5,0.5,500,1.0,1.45598,1.00847,0.01707,1.0694,0.8605,0.02531,,0.00687,0.0171,0.55
15,56,hybrid,HYBRID_ALPHA0.6_BETA0.4,0.6,0.4,500,1.0,1.48199,1.01872,0.01803,1.0786,0.86412,0.02529,,0.0069,0.01829,0.55
15,56,hybrid,HYBRID_ALPHA0.7_BETA0.3,0.7,0.3,500,1.0,1.4862,1.02057,0.0185,1.07798,0.86366,0.02506,,0.00686,0.0184,0.525
15,56,hybrid,HYBRID_ALPHA0.8_BETA0.2,0.8,0.2,500,1.0,1.48648,1.02062,0.01812,1.07855,0.86354,0.02459,,0.00684,0.01869,0.525
15,56,hybrid,HYBRID_ALPHA0.9_BETA0.1,0.9,0.1,500,1.0,1.48623,1.01926,0.01739,1.07809,0.86295,0.024,,0.00682,0.01886,0.525
15,56,hybrid,HYBRID_ALPHA0.1_BETA0.9,0.1,0.9,500,0.0,1.5727,1.02744,0.01197,2.62192,1.33074,0.08633,,0.00762,0.03491,0.575
15,56,hybrid,HYBRID_ALPHA0.2_BETA0.8,0.2,0.8,500,0.0,1.49824,1.0136,0.01495,1.0663,0.8472,0.01997,,0.00651,0.01796,0.525
15,56,hybrid,HYBRID_ALPHA0.3_BETA0.7,0.3,0.7,500,0.0,1.45977,1.00621,0.01497,1.06354,0.84642,0.02007,,0.00654,0.01786,0.5
15,56,hybrid,HYBRID_ALPHA0.4_BETA0.6,0.4,0.6,500,0.0,1.45351,1.0052,0.01529,1.06504,0.84589,0.01991,,0.00647,0.01805,0.525
15,56,hybrid,HYBRID_ALPHA0.5_BETA0.5,0.5,0.5,500,0.0,1.45598,1.00847,0.01707,1.06487,0.8454,0.01974,,0.00647,0.01822,0.525
15,56,hybrid,HYBRID_ALPHA0.6_BETA0.4,0.6,0.4,500,0.0,1.48199,1.01872,0.01803,1.05999,0.84393,0.01984,,0.00662,0.01837,0.525
15,56,hybrid,HYBRID_ALPHA0.7_BETA0.3,0.7,0.3,500,0.0,1.4862,1.02057,0.0185,1.06557,0.84336,0.01963,,0.00652,0.01886,0.5
15,56,hybrid,HYBRID_ALPHA0.8_BETA0.2,0.8,0.2,500,0.0,1.48648,1.02062,0.01812,1.06433,0.84358,0.01966,,0.00655,0.01882,0.55
15,56,hybrid,HYBRID_ALPHA0.9_BETA0.1,0.9,0.1,500,0.0,1.48623,1.01926,0.01739,1.06187,0.84409,0.01956,,0.00659,0.01863,0.525
15,56,mse,MSE,1.0,0.0,50,1.0,40.09478,2.52124,0.12663,4.8416,1.27939,0.09453,,0.00022,0.01922,0.5
15,56,mse,MSE,1.0,0.0,50,0.0,40.09478,2.52124,0.12663,6.40877,1.46749,0.14364,,0.0,0.02696,0.55
15,56,mse,MSE,1.0,0.0,100,1.0,1.52068,0.99388,0.01605,1.10232,0.85643,0.01975,,0.00647,0.0165,0.625
15,56,mse,MSE,1.0,0.0,100,0.0,1.52068,0.99388,0.01605,1.18745,0.87035,0.03545,,0.00639,0.02127,0.55
15,56,mse,MSE,1.0,0.0,300,1.0,1.42499,0.98278,0.01211,1.10114,0.85152,0.02516,,0.00681,0.01686,0.525
15,56,mse,MSE,1.0,0.0,300,0.0,1.42499,0.98278,0.01211,1.07217,0.84925,0.02401,,0.00677,0.01604,0.575
15,56,mse,MSE,1.0,0.0,500,1.0,1.47387,1.01142,0.01441,1.07748,0.86224,0.02371,,0.00684,0.0189,0.525
15,56,mse,MSE,1.0,0.0,500,0.0,1.47387,1.01142,0.01441,1.05457,0.84587,0.01997,,0.00672,0.01792,0.5
16,57,hsic,HSIC,0.0,1.0,50,1.0,2.9272,1.3227,0.15523,1.67993,1.03581,0.19291,,0.00846,0.09118,0.7
16,57,hsic,HSIC,0.0,1.0,50,0.0,2.9272,1.3227,0.15523,2.70407,1.33357,0.2002,,0.00864,0.14919,0.75
16,57,hsic,HSIC,0.0,1.0,100,1.0,2.33631,1.21122,0.02324,1.40036,0.91633,0.06027,,0.00845,0.06143,0.6
16,57,hsic,HSIC,0.0,1.0,100,0.0,2.33631,1.21122,0.02324,1.9831,1.13569,0.06517,,0.00614,0.02911,0.55
16,57,hsic,HSIC,0.0,1.0,300,1.0,2.59874,1.28438,0.01156,1.63355,1.02317,0.17456,,0.00774,0.07812,0.7
16,57,hsic,HSIC,0.0,1.0,300,0.0,2.59874,1.28438,0.01156,2.63153,1.31837,0.17746,,0.00787,0.14529,0.675
16,57,hsic,HSIC,0.0,1.0,500,1.0,2.38375,1.22653,0.00977,1.63191,1.0227,0.17103,,0.00753,0.09683,0.725
16,57,hsic,HSIC,0.0,1.0,500,0.0,2.38375,1.22653,0.00977,2.62655,1.31798,0.17433,,0.00764,0.15359,0.65
16,57,hybrid,HYBRID_ALPHA0.1_BETA0.9,0.1,0.9,50,1.0,2.58593,1.23597,0.168,1.4644,1.00337,0.03288,,0.00741,0.00758,0.5
16,57,hybrid,HYBRID_ALPHA0.2_BETA0.8,0.2,0.8,50,1.0,2.25615,1.17976,0.15336,1.27899,0.92238,0.03213,,0.00736,0.00751,0.525
16,57,hybrid,HYBRID_ALPHA0.3_BETA0.7,0.3,0.7,50,1.0,2.30477,1.18924,0.1598,1.29508,0.92738,0.03122,,0.007,0.00766,0.55
16,57,hybrid,HYBRID_ALPHA0.4_BETA0.6,0.4,0.6,50,1.0,2.31016,1.19071,0.15931,1.21315,0.8865,0.03139,,0.00697,0.0083,0.575
16,57,hybrid,HYBRID_ALPHA0.5_BETA0.5,0.5,0.5,50,1.0,2.33102,1.19481,0.16363,1.17136,0.86551,0.03076,,0.00689,0.00905,0.55
16,57,hybrid,HYBRID_ALPHA0.6_BETA0.4,0.6,0.4,50,1.0,2.30055,1.19241,0.16051,1.15386,0.85549,0.03193,,0.00687,0.00997,0.525
16,57,hybrid,HYBRID_ALPHA0.7_BETA0.3,0.7,0.3,50,1.0,1.90049,1.10119,0.0556,1.14774,0.85044,0.03442,,0.00692,0.01073,0.55
16,57,hybrid,HYBRID_ALPHA0.8_BETA0.2,0.8,0.2,50,1.0,1.90184,1.10083,0.05614,1.14714,0.84808,0.03747,,0.00702,0.01128,0.55
16,57,hybrid,HYBRID_ALPHA0.9_BETA0.1,0.9,0.1,50,1.0,1.85067,1.09296,0.03853,1.1519,0.84729,0.04119,,0.00714,0.01165,0.525
16,57,hybrid,HYBRID_ALPHA0.1_BETA0.9,0.1,0.9,50,0.0,2.58593,1.23597,0.168,1.75639,1.08325,0.04512,,0.00714,0.01315,0.55
16,57,hybrid,HYBRID_ALPHA0.2_BETA0.8,0.2,0.8,50,0.0,2.25615,1.17976,0.15336,1.52631,1.00656,0.04471,,0.00712,0.01324,0.5
16,57,hybrid,HYBRID_ALPHA0.3_BETA0.7,0.3,0.7,50,0.0,2.30477,1.18924,0.1598,1.62183,1.0328,0.05922,,0.0074,0.01675,0.5
16,57,hybrid,HYBRID_ALPHA0.4_BETA0.6,0.4,0.6,50,0.0,2.31016,1.19071,0.15931,1.53808,1.00388,0.06507,,0.00757,0.01786,0.5
16,57,hybrid,HYBRID_ALPHA0.5_BETA0.5,0.5,0.5,50,0.0,2.33102,1.19481,0.16363,1.49722,0.98894,0.07246,,0.00776,0.01915,0.5
16,57,hybrid,HYBRID_ALPHA0.6_BETA0.4,0.6,0.4,50,0.0,2.30055,1.19241,0.16051,1.48429,0.9836,0.08063,,0.00795,0.02061,0.525
16,57,hybrid,HYBRID_ALPHA0.7_BETA0.3,0.7,0.3,50,0.0,1.90049,1.10119,0.0556,1.5026,0.98869,0.08749,,0.00807,0.02266,0.55
16,57,hybrid,HYBRID_ALPHA0.8_BETA0.2,0.8,0.2,50,0.0,1.90184,1.10083,0.05614,1.53541,0.99894,0.09336,,0.00817,0.0253,0.55
16,57,hybrid,HYBRID_ALPHA0.9_BETA0.1,0.9,0.1,50,0.0,1.85067,1.09296,0.03853,1.58108,1.01329,0.09885,,0.00825,0.02874,0.525
16,57,hybrid,HYBRID_ALPHA0.1_BETA0.9,0.1,0.9,100,1.0,1.70173,1.05821,0.01943,1.76085,1.08295,0.0501,,0.00731,0.03532,0.625
16,57,hybrid,HYBRID_ALPHA0.2_BETA0.8,0.2,0.8,100,1.0,1.6682,1.0482,0.01703,1.64642,1.0426,0.05329,,0.00722,0.04247,0.575
16,57,hybrid,HYBRID_ALPHA0.3_BETA0.7,0.3,0.7,100,1.0,1.68012,1.04955,0.0174,1.56376,1.01129,0.06867,,0.00722,0.04788,0.55
16,57,hybrid,HYBRID_ALPHA0.4_BETA0.6,0.4,0.6,100,1.0,1.6874,1.05064,0.01763,1.60206,1.02641,0.05356,,0.00709,0.05925,0.625
16,57,hybrid,HYBRID_ALPHA0.5_BETA0.5,0.5,0.5,100,1.0,1.70059,1.05294,0.0188,1.60162,1.02301,0.0683,,0.00715,0.06443,0.625
16,57,hybrid,HYBRID_ALPHA0.6_BETA0.4,0.6,0.4,100,1.0,1.68508,1.04938,0.0173,1.56903,1.00933,0.07745,,0.00711,0.06178,0.575
16,57,hybrid,HYBRID_ALPHA0.7_BETA0.3,0.7,0.3,100,1.0,1.70805,1.05351,0.01904,1.61448,1.03437,0.02798,,0.0067,0.03609,0.575
16,57,hybrid,HYBRID_ALPHA0.8_BETA0.2,0.8,0.2,100,1.0,1.71196,1.0537,0.01945,1.54143,1.00662,0.02433,,0.0066,0.03453,0.625
16,57,hybrid,HYBRID_ALPHA0.9_BETA0.1,0.9,0.1,100,1.0,1.71385,1.05398,0.0195,1.48398,0.98625,0.02294,,0.00659,0.03224,0.625
16,57,hybrid,HYBRID_ALPHA0.1_BETA0.9,0.1,0.9,100,0.0,1.70173,1.05821,0.01943,1.91323,1.12674,0.08805,,0.00761,0.04292,0.625
16,57,hybrid,HYBRID_ALPHA0.2_BETA0.8,0.2,0.8,100,0.0,1.6682,1.0482,0.01703,1.80655,1.09147,0.08929,,0.00743,0.05084,0.525
16,57,hybrid,HYBRID_ALPHA0.3_BETA0.7,0.3,0.7,100,0.0,1.68012,1.04955,0.0174,1.86338,1.10514,0.09899,,0.00719,0.0695,0.625
16,57,hybrid,HYBRID_ALPHA0.4_BETA0.6,0.4,0.6,100,0.0,1.6874,1.05064,0.01763,1.44824,0.9697,0.02812,,0.00565,0.04584,0.575
16,57,hybrid,HYBRID_ALPHA0.5_BETA0.5,0.5,0.5,100,0.0,1.70059,1.05294,0.0188,1.46196,0.97209,0.02696,,0.00491,0.04781,0.55
16,57,hybrid,HYBRID_ALPHA0.6_BETA0.4,0.6,0.4,100,0.0,1.68508,1.04938,0.0173,1.52449,0.98975,0.03053,,0.00457,0.0554,0.525
16,57,hybrid,HYBRID_ALPHA0.7_BETA0.3,0.7,0.3,100,0.0,1.70805,1.05351,0.01904,1.35805,0.93315,0.07065,,0.00695,0.01885,0.5
16,57,hybrid,HYBRID_ALPHA0.8_BETA0.2,0.8,0.2,100,0.0,1.71196,1.0537,0.01945,1.31923,0.91951,0.05959,,0.00662,0.01848,0.525
16,57,hybrid,HYBRID_ALPHA0.9_BETA0.1,0.9,0.1,100,0.0,1.71385,1.05398,0.0195,1.30977,0.91653,0.05632,,0.00653,0.0189,0.6
16,57,hybrid,HYBRID_ALPHA0.1_BETA0.9,0.1,0.9,300,1.0,1.54124,1.01604,0.00947,1.07081,0.85967,0.03757,,0.00737,0.00906,0.525
16,57,hybrid,HYBRID_ALPHA0.2_BETA0.8,0.2,0.8,300,1.0,1.50773,1.00546,0.00859,1.07224,0.86102,0.03823,,0.00738,0.00916,0.525
16,57,hybrid,HYBRID_ALPHA0.3_BETA0.7,0.3,0.7,300,1.0,1.47596,0.99528,0.00852,1.07552,0.86133,0.03789,,0.00735,0.00924,0.5
16,57,hybrid,HYBRID_ALPHA0.4_BETA0.6,0.4,0.6,300,1.0,1.47435,0.99412,0.0088,1.07685,0.86118,0.03722,,0.00732,0.00933,0.525
16,57,hybrid,HYBRID_ALPHA0.5_BETA0.5,0.5,0.5,300,1.0,1.47434,0.9942,0.0089,1.07906,0.86114,0.03677,,0.00729,0.00935,0.525
16,57,hybrid,HYBRID_ALPHA0.6_BETA0.4,0.6,0.4,300,1.0,1.47104,0.99317,0.00874,1.08137,0.86151,0.03647,,0.00726,0.00936,0.525
16,57,hybrid,HYBRID_ALPHA0.7_BETA0.3,0.7,0.3,300,1.0,1.47067,0.99262,0.00861,1.0809,0.86164,0.03611,,0.00724,0.00937,0.525
16,57,hybrid,HYBRID_ALPHA0.8_BETA0.2,0.8,0.2,300,1.0,1.46283,0.98983,0.00827,1.0837,0.85942,0.02385,,0.00683,0.00973,0.525
16,57,hybrid,HYBRID_ALPHA0.9_BETA0.1,0.9,0.1,300,1.0,1.44509,0.98497,0.00799,1.0886,0.86003,0.02367,,0.00684,0.01006,0.55
16,57,hybrid,HYBRID_ALPHA0.1_BETA0.9,0.1,0.9,300,0.0,1.54124,1.01604,0.00947,1.06897,0.86006,0.02718,,0.00703,0.00953,0.5
16,57,hybrid,HYBRID_ALPHA0.2_BETA0.8,0.2,0.8,300,0.0,1.50773,1.00546,0.00859,1.06438,0.85647,0.02448,,0.0069,0.01009,0.5
16,57,hybrid,HYBRID_ALPHA0.3_BETA0.7,0.3,0.7,300,0.0,1.47596,0.99528,0.00852,1.06382,0.85574,0.02502,,0.00693,0.01014,0.55
16,57,hybrid,HYBRID_ALPHA0.4_BETA0.6,0.4,0.6,300,0.0,1.47435,0.99412,0.0088,1.06469,0.85529,0.02507,,0.00694,0.01025,0.525
16,57,hybrid,HYBRID_ALPHA0.5_BETA0.5,0.5,0.5,300,0.0,1.47434,0.9942,0.0089,1.06499,0.85527,0.02614,,0.007,0.01014,0.6
16,57,hybrid,HYBRID_ALPHA0.6_BETA0.4,0.6,0.4,300,0.0,1.47104,0.99317,0.00874,1.06619,0.85556,0.02686,,0.00703,0.0101,0.5
16,57,hybrid,HYBRID_ALPHA0.7_BETA0.3,0.7,0.3,300,0.0,1.47067,0.99262,0.00861,1.06681,0.85492,0.02549,,0.00696,0.01039,0.525
16,57,hybrid,HYBRID_ALPHA0.8_BETA0.2,0.8,0.2,300,0.0,1.46283,0.98983,0.00827,1.15308,0.86727,0.01959,,0.00661,0.01612,0.5
16,57,hybrid,HYBRID_ALPHA0.9_BETA0.1,0.9,0.1,300,0.0,1.44509,0.98497,0.00799,1.1488,0.86587,0.01974,,0.00662,0.01601,0.55
16,57,hybrid,HYBRID_ALPHA0.1_BETA0.9,0.1,0.9,500,1.0,1.5503,1.01488,0.00945,1.78839,1.11216,0.0315,,0.00696,0.00871,0.525
16,57,hybrid,HYBRID_ALPHA0.2_BETA0.8,0.2,0.8,500,1.0,1.52414,1.0081,0.0094,1.11442,0.87492,0.03266,,0.00738,0.00845,0.55
16,57,hybrid,HYBRID_ALPHA0.3_BETA0.7,0.3,0.7,500,1.0,1.5098,1.00508,0.00938,1.11109,0.87334,0.03189,,0.00732,0.00853,0.525
16,57,hybrid,HYBRID_ALPHA0.4_BETA0.6,0.4,0.6,500,1.0,1.50988,1.00517,0.00953,1.20414,0.89357,0.03291,,0.0073,0.00784,0.525
16,57,hybrid,HYBRID_ALPHA0.5_BETA0.5,0.5,0.5,500,1.0,1.50907,1.00562,0.00996,1.18403,0.88449,0.02962,,0.00718,0.00823,0.525
16,57,hybrid,HYBRID_ALPHA0.6_BETA0.4,0.6,0.4,500,1.0,1.4958,1.00287,0.0105,1.10631,0.87136,0.03189,,0.00714,0.00852,0.575
16,57,hybrid,HYBRID_ALPHA0.7_BETA0.3,0.7,0.3,500,1.0,1.48721,1.00121,0.01106,1.19436,0.87995,0.02552,,0.0069,0.00911,0.5
16,57,hybrid,HYBRID_ALPHA0.8_BETA0.2,0.8,0.2,500,1.0,1.52794,1.00893,0.01002,1.184,0.87426,0.02524,,0.00683,0.0096,0.55
16,57,hybrid,HYBRID_ALPHA0.9_BETA0.1,0.9,0.1,500,1.0,1.48681,0.99854,0.01076,1.17475,0.8694,0.02561,,0.00681,0.00982,0.5
16,57,hybrid,HYBRID_ALPHA0.1_BETA0.9,0.1,0.9,500,0.0,1.5503,1.01488,0.00945,2.23548,1.2293,0.05994,,0.0074,0.01523,0.525
16,57,hybrid,HYBRID_ALPHA0.2_BETA0.8,0.2,0.8,500,0.0,1.52414,1.0081,0.0094,1.0924,0.86044,0.04024,,0.00752,0.00813,0.55
16,57,hybrid,HYBRID_ALPHA0.3_BETA0.7,0.3,0.7,500,0.0,1.5098,1.00508,0.00938,1.09197,0.86039,0.04007,,0.00748,0.00809,0.55
16,57,hybrid,HYBRID_ALPHA0.4_BETA0.6,0.4,0.6,500,0.0,1.50988,1.00517,0.00953,1.34949,0.94083,0.04009,,0.00706,0.01765,0.525
16,57,hybrid,HYBRID_ALPHA0.5_BETA0.5,0.5,0.5,500,0.0,1.50907,1.00562,0.00996,1.31767,0.92921,0.04052,,0.00702,0.01734,0.5
16,57,hybrid,HYBRID_ALPHA0.6_BETA0.4,0.6,0.4,500,0.0,1.4958,1.00287,0.0105,1.10062,0.86624,0.04217,,0.00729,0.00777,0.525
16,57,hybrid,HYBRID_ALPHA0.7_BETA0.3,0.7,0.3,500,0.0,1.48721,1.00121,0.01106,1.37262,0.94694,0.05425,,0.00731,0.01933,0.5
16,57,hybrid,HYBRID_ALPHA0.8_BETA0.2,0.8,0.2,500,0.0,1.52794,1.00893,0.01002,1.39397,0.95389,0.05897,,0.00741,0.02157,0.5
16,57,hybrid,HYBRID_ALPHA0.9_BETA0.1,0.9,0.1,500,0.0,1.48681,0.99854,0.01076,1.42525,0.96491,0.06246,,0.00748,0.02442,0.525
16,57,mse,MSE,1.0,0.0,50,1.0,1.85592,1.08945,0.04151,1.15268,0.84389,0.04491,,0.00719,0.01235,0.55
16,57,mse,MSE,1.0,0.0,50,0.0,1.85592,1.08945,0.04151,1.55807,1.0043,0.10325,,0.00832,0.03069,0.55
16,57,mse,MSE,1.0,0.0,100,1.0,1.71351,1.05542,0.02178,1.4182,0.96314,0.02251,,0.00659,0.02874,0.625
16,57,mse,MSE,1.0,0.0,100,0.0,1.71351,1.05542,0.02178,1.31463,0.91861,0.05475,,0.00654,0.02013,0.6
16,57,mse,MSE,1.0,0.0,300,1.0,1.43597,0.98228,0.00784,1.09284,0.86072,0.02255,,0.00684,0.01058,0.525
16,57,mse,MSE,1.0,0.0,300,0.0,1.43597,0.98228,0.00784,1.15633,0.8665,0.02119,,0.00668,0.0166,0.575
16,57,mse,MSE,1.0,0.0,500,1.0,1.48053,0.99803,0.01135,1.17769,0.86986,0.02865,,0.00688,0.00989,0.5
16,57,mse,MSE,1.0,0.0,500,0.0,1.48053,0.99803,0.01135,1.50593,0.9911,0.07211,,0.00773,0.02878,0.575
17,58,hsic,HSIC,0.0,1.0,50,1.0,2.99799,1.36589,0.03636,2.78625,1.36113,0.17368,,0.00741,0.16986,0.6
17,58,hsic,HSIC,0.0,1.0,50,0.0,2.99799,1.36589,0.03636,1.74228,1.04742,0.15398,,0.00908,0.06315,0.675
17,58,hsic,HSIC,0.0,1.0,100,1.0,2.80796,1.3038,0.077,4.65306,1.8501,0.07479,,0.00606,0.06926,0.55
17,58,hsic,HSIC,0.0,1.0,100,0.0,2.80796,1.3038,0.077,1.80187,1.06161,0.20713,,0.00863,0.06927,0.65
17,58,hsic,HSIC,0.0,1.0,300,1.0,2.50694,1.22824,0.02138,1.6022,1.01085,0.1647,,0.00735,0.05434,0.6
17,58,hsic,HSIC,0.0,1.0,300,0.0,2.50694,1.22824,0.02138,2.60048,1.31236,0.16388,,0.00748,0.1147,0.55
17,58,hsic,HSIC,0.0,1.0,500,1.0,2.73365,1.30571,0.03735,1.57974,1.00266,0.1646,,0.00766,0.06635,0.6
17,58,hsic,HSIC,0.0,1.0,500,0.0,2.73365,1.30571,0.03735,2.57969,1.30559,0.16486,,0.00774,0.12394,0.625
17,58,hybrid,HYBRID_ALPHA0.1_BETA0.9,0.1,0.9,50,1.0,2.03613,1.10057,0.0316,1.34128,0.98256,0.10903,,0.01013,0.01681,0.675
17,58,hybrid,HYBRID_ALPHA0.2_BETA0.8,0.2,0.8,50,1.0,1.93357,1.07063,0.02756,1.25029,0.95446,0.10978,,0.01007,0.01682,0.625
17,58,hybrid,HYBRID_ALPHA0.3_BETA0.7,0.3,0.7,50,1.0,1.94914,1.07204,0.034,1.23418,0.9476,0.11027,,0.01001,0.01669,0.675
17,58,hybrid,HYBRID_ALPHA0.4_BETA0.6,0.4,0.6,50,1.0,1.88385,1.05651,0.02635,1.17474,0.91511,0.0684,,0.00838,0.0131,0.65
17,58,hybrid,HYBRID_ALPHA0.5_BETA0.5,0.5,0.5,50,1.0,1.79584,1.03631,0.02024,1.17747,0.91824,0.07056,,0.0082,0.01352,0.65
17,58,hybrid,HYBRID_ALPHA0.6_BETA0.4,0.6,0.4,50,1.0,1.83049,1.04355,0.02325,1.17853,0.91831,0.07063,,0.00818,0.01356,0.625
17,58,hybrid,HYBRID_ALPHA0.7_BETA0.3,0.7,0.3,50,1.0,1.78292,1.03831,0.02364,1.19218,0.9185,0.05974,,0.00762,0.01266,0.65
17,58,hybrid,HYBRID_ALPHA0.8_BETA0.2,0.8,0.2,50,1.0,1.77109,1.03662,0.02299,1.21567,0.9167,0.04422,,0.00695,0.01252,0.575
17,58,hybrid,HYBRID_ALPHA0.9_BETA0.1,0.9,0.1,50,1.0,1.79969,1.04025,0.02255,1.27929,0.92107,0.02734,,0.00651,0.01277,0.55
17,58,hybrid,HYBRID_ALPHA0.1_BETA0.9,0.1,0.9,50,0.0,2.03613,1.10057,0.0316,2.13696,1.20165,0.08009,,0.00876,0.02764,0.65
17,58,hybrid,HYBRID_ALPHA0.2_BETA0.8,0.2,0.8,50,0.0,1.93357,1.07063,0.02756,1.79986,1.10258,0.0789,,0.00864,0.02723,0.65
17,58,hybrid,HYBRID_ALPHA0.3_BETA0.7,0.3,0.7,50,0.0,1.94914,1.07204,0.034,1.69808,1.07478,0.07861,,0.00855,0.02651,0.675
17,58,hybrid,HYBRID_ALPHA0.4_BETA0.6,0.4,0.6,50,0.0,1.88385,1.05651,0.02635,1.55797,1.02657,0.02787,,0.00687,0.03057,0.625
17,58,hybrid,HYBRID_ALPHA0.5_BETA0.5,0.5,0.5,50,0.0,1.79584,1.03631,0.02024,1.54541,1.02205,0.03241,,0.00683,0.02957,0.625
17,58,hybrid,HYBRID_ALPHA0.6_BETA0.4,0.6,0.4,50,0.0,1.83049,1.04355,0.02325,1.50302,1.00543,0.03066,,0.00681,0.02948,0.625
17,58,hybrid,HYBRID_ALPHA0.7_BETA0.3,0.7,0.3,50,0.0,1.78292,1.03831,0.02364,1.51254,1.00607,0.02385,,0.00656,0.03095,0.625
17,58,hybrid,HYBRID_ALPHA0.8_BETA0.2,0.8,0.2,50,0.0,1.77109,1.03662,0.02299,1.55403,1.01653,0.02084,,0.00645,0.03323,0.675
17,58,hybrid,HYBRID_ALPHA0.9_BETA0.1,0.9,0.1,50,0.0,1.79969,1.04025,0.02255,1.72466,1.06586,0.03415,,0.00681,0.03778,0.625
17,58,hybrid,HYBRID_ALPHA0.1_BETA0.9,0.1,0.9,100,1.0,2.40442,1.19994,0.10318,1.3012,0.92328,0.03633,,0.00711,0.0251,0.5
17,58,hybrid,HYBRID_ALPHA0.2_BETA0.8,0.2,0.8,100,1.0,2.22618,1.15618,0.10228,1.13166,0.85291,0.02879,,0.00704,0.02265,0.525
17,58,hybrid,HYBRID_ALPHA0.3_BETA0.7,0.3,0.7,100,1.0,1.70383,1.07209,0.01666,1.08925,0.83441,0.0287,,0.00709,0.02267,0.5
17,58,hybrid,HYBRID_ALPHA0.4_BETA0.6,0.4,0.6,100,1.0,1.71428,1.07001,0.01618,1.08607,0.83421,0.02695,,0.00708,0.02531,0.5
17,58,hybrid,HYBRID_ALPHA0.5_BETA0.5,0.5,0.5,100,1.0,1.67629,1.06576,0.01435,1.09159,0.83648,0.02638,,0.00708,0.02535,0.525
17,58,hybrid,HYBRID_ALPHA0.6_BETA0.4,0.6,0.4,100,1.0,1.67871,1.06341,0.01413,1.09273,0.83695,0.02582,,0.00707,0.02492,0.55
17,58,hybrid,HYBRID_ALPHA0.7_BETA0.3,0.7,0.3,100,1.0,1.6747,1.05796,0.01343,1.09561,0.8375,0.02559,,0.00705,0.02494,0.525
17,58,hybrid,HYBRID_ALPHA0.8_BETA0.2,0.8,0.2,100,1.0,1.67083,1.05601,0.01375,1.32443,0.89657,0.01901,,0.00748,0.04624,0.525
17,58,hybrid,HYBRID_ALPHA0.9_BETA0.1,0.9,0.1,100,1.0,1.69043,1.05701,0.01398,1.33227,0.89763,0.01896,,0.00744,0.04705,0.525
17,58,hybrid,HYBRID_ALPHA0.1_BETA0.9,0.1,0.9,100,0.0,2.40442,1.19994,0.10318,1.76526,1.07265,0.09808,,0.00749,0.02494,0.525
17,58,hybrid,HYBRID_ALPHA0.2_BETA0.8,0.2,0.8,100,0.0,2.22618,1.15618,0.10228,1.38576,0.9494,0.07009,,0.00787,0.02662,0.5
17,58,hybrid,HYBRID_ALPHA0.3_BETA0.7,0.3,0.7,100,0.0,1.70383,1.07209,0.01666,1.3077,0.9174,0.06868,,0.00803,0.02673,0.55
17,58,hybrid,HYBRID_ALPHA0.4_BETA0.6,0.4,0.6,100,0.0,1.71428,1.07001,0.01618,1.25232,0.8882,0.06788,,0.00791,0.02717,0.575
17,58,hybrid,HYBRID_ALPHA0.5_BETA0.5,0.5,0.5,100,0.0,1.67629,1.06576,0.01435,1.23769,0.87915,0.06838,,0.00787,0.02725,0.55
17,58,hybrid,HYBRID_ALPHA0.6_BETA0.4,0.6,0.4,100,0.0,1.67871,1.06341,0.01413,1.22993,0.87298,0.06908,,0.00784,0.02743,0.525
17,58,hybrid,HYBRID_ALPHA0.7_BETA0.3,0.7,0.3,100,0.0,1.6747,1.05796,0.01343,1.23122,0.87304,0.06978,,0.00783,0.02767,0.575
17,58,hybrid,HYBRID_ALPHA0.8_BETA0.2,0.8,0.2,100,0.0,1.67083,1.05601,0.01375,1.14304,0.8452,0.02104,,0.0077,0.02696,0.575
17,58,hybrid,HYBRID_ALPHA0.9_BETA0.1,0.9,0.1,100,0.0,1.69043,1.05701,0.01398,1.14754,0.84433,0.02071,,0.00761,0.02748,0.55
17,58,hybrid,HYBRID_ALPHA0.1_BETA0.9,0.1,0.9,300,1.0,1.80661,1.06763,0.02069,1.10183,0.86719,0.03109,,0.00674,0.02158,0.575
17,58,hybrid,HYBRID_ALPHA0.2_BETA0.8,0.2,0.8,300,1.0,1.79296,1.06417,0.01991,1.50668,1.01163,0.03828,,0.00649,0.01375,0.5
17,58,hybrid,HYBRID_ALPHA0.3_BETA0.7,0.3,0.7,300,1.0,1.7462,1.05897,0.01583,1.35177,0.949,0.03642,,0.00655,0.01354,0.5
17,58,hybrid,HYBRID_ALPHA0.4_BETA0.6,0.4,0.6,300,1.0,1.73005,1.0559,0.01451,1.07965,0.85879,0.02673,,0.00633,0.0171,0.525
17,58,hybrid,HYBRID_ALPHA0.5_BETA0.5,0.5,0.5,300,1.0,1.71824,1.05303,0.01343,1.07996,0.85258,0.01992,,0.00565,0.01893,0.525
17,58,hybrid,HYBRID_ALPHA0.6_BETA0.4,0.6,0.4,300,1.0,1.74899,1.06102,0.01334,1.07262,0.85069,0.01933,,0.00576,0.01854,0.525
17,58,hybrid,HYBRID_ALPHA0.7_BETA0.3,0.7,0.3,300,1.0,1.76241,1.06206,0.01431,1.07117,0.8499,0.01812,,0.00585,0.01826,0.5
17,58,hybrid,HYBRID_ALPHA0.8_BETA0.2,0.8,0.2,300,1.0,1.80017,1.07652,0.01343,1.06491,0.85116,0.02118,,0.00617,0.01728,0.525
17,58,hybrid,HYBRID_ALPHA0.9_BETA0.1,0.9,0.1,300,1.0,1.79984,1.0687,0.01597,1.06935,0.85677,0.02736,,0.00647,0.01538,0.525
17,58,hybrid,HYBRID_ALPHA0.1_BETA0.9,0.1,0.9,300,0.0,1.80661,1.06763,0.02069,1.08239,0.85678,0.01949,,0.00587,0.0163,0.525
17,58,hybrid,HYBRID_ALPHA0.2_BETA0.8,0.2,0.8,300,0.0,1.79296,1.06417,0.01991,2.18061,1.21191,0.06811,,0.00801,0.03395,0.525
17,58,hybrid,HYBRID_ALPHA0.3_BETA0.7,0.3,0.7,300,0.0,1.7462,1.05897,0.01583,1.91706,1.1262,0.06932,,0.00808,0.033,0.525
17,58,hybrid,HYBRID_ALPHA0.4_BETA0.6,0.4,0.6,300,0.0,1.73005,1.0559,0.01451,1.08706,0.85186,0.0178,,0.00571,0.01727,0.575
17,58,hybrid,HYBRID_ALPHA0.5_BETA0.5,0.5,0.5,300,0.0,1.71824,1.05303,0.01343,1.08745,0.85031,0.0174,,0.00565,0.01689,0.55
17,58,hybrid,HYBRID_ALPHA0.6_BETA0.4,0.6,0.4,300,0.0,1.74899,1.06102,0.01334,1.09217,0.84892,0.01718,,0.00557,0.01741,0.6
17,58,hybrid,HYBRID_ALPHA0.7_BETA0.3,0.7,0.3,300,0.0,1.76241,1.06206,0.01431,1.09951,0.84971,0.01788,,0.00553,0.01767,0.625
17,58,hybrid,HYBRID_ALPHA0.8_BETA0.2,0.8,0.2,300,0.0,1.80017,1.07652,0.01343,1.09955,0.85072,0.019,,0.00577,0.01784,0.575
17,58,hybrid,HYBRID_ALPHA0.9_BETA0.1,0.9,0.1,300,0.0,1.79984,1.0687,0.01597,1.07106,0.85338,0.01875,,0.00596,0.01648,0.525
17,58,hybrid,HYBRID_ALPHA0.1_BETA0.9,0.1,0.9,500,1.0,1.55551,1.01743,0.00921,1.09496,0.84881,0.02029,,0.00666,0.01735,0.6
17,58,hybrid,HYBRID_ALPHA0.2_BETA0.8,0.2,0.8,500,1.0,1.55673,1.01638,0.0076,1.07528,0.84275,0.02125,,0.00707,0.01726,0.6
17,58,hybrid,HYBRID_ALPHA0.3_BETA0.7,0.3,0.7,500,1.0,1.51879,1.00924,0.00639,1.06501,0.84269,0.0213,,0.00701,0.01638,0.525
17,58,hybrid,HYBRID_ALPHA0.4_BETA0.6,0.4,0.6,500,1.0,1.59711,1.02203,0.00857,1.0603,0.84264,0.0212,,0.00699,0.01592,0.625
17,58,hybrid,HYBRID_ALPHA0.5_BETA0.5,0.5,0.5,500,1.0,1.58949,1.02231,0.00842,1.05606,0.84238,0.02191,,0.00709,0.016,0.55
17,58,hybrid,HYBRID_ALPHA0.6_BETA0.4,0.6,0.4,500,1.0,1.57099,1.02068,0.00825,1.0537,0.84242,0.02187,,0.00706,0.01583,0.625
17,58,hybrid,HYBRID_ALPHA0.7_BETA0.3,0.7,0.3,500,1.0,1.58972,1.02341,0.00874,1.05254,0.84206,0.02194,,0.00708,0.01589,0.625
17,58,hybrid,HYBRID_ALPHA0.8_BETA0.2,0.8,0.2,500,1.0,1.59325,1.02379,0.00903,1.05138,0.84233,0.02209,,0.00706,0.01578,0.6
17,58,hybrid,HYBRID_ALPHA0.9_BETA0.1,0.9,0.1,500,1.0,1.5749,1.01995,0.00922,1.05066,0.84238,0.02229,,0.00707,0.01576,0.6
17,58,hybrid,HYBRID_ALPHA0.1_BETA0.9,0.1,0.9,500,0.0,1.55551,1.01743,0.00921,1.0894,0.86014,0.024,,0.00703,0.01275,0.55
17,58,hybrid,HYBRID_ALPHA0.2_BETA0.8,0.2,0.8,500,0.0,1.55673,1.01638,0.0076,1.07222,0.85707,0.02649,,0.00748,0.0129,0.55
17,58,hybrid,HYBRID_ALPHA0.3_BETA0.7,0.3,0.7,500,0.0,1.51879,1.00924,0.00639,1.06296,0.85224,0.02594,,0.00739,0.01373,0.525
17,58,hybrid,HYBRID_ALPHA0.4_BETA0.6,0.4,0.6,500,0.0,1.59711,1.02203,0.00857,1.05925,0.84977,0.02668,,0.00743,0.01426,0.55
17,58,hybrid,HYBRID_ALPHA0.5_BETA0.5,0.5,0.5,500,0.0,1.58949,1.02231,0.00842,1.05643,0.84962,0.02811,,0.00755,0.01426,0.575
17,58,hybrid,HYBRID_ALPHA0.6_BETA0.4,0.6,0.4,500,0.0,1.57099,1.02068,0.00825,1.05395,0.84717,0.02728,,0.00748,0.01477,0.55
17,58,hybrid,HYBRID_ALPHA0.7_BETA0.3,0.7,0.3,500,0.0,1.58972,1.02341,0.00874,1.05315,0.84662,0.028,,0.00753,0.01489,0.55
17,58,hybrid,HYBRID_ALPHA0.8_BETA0.2,0.8,0.2,500,0.0,1.59325,1.02379,0.00903,1.0527,0.84478,0.02688,,0.00745,0.01561,0.6
17,58,hybrid,HYBRID_ALPHA0.9_BETA0.1,0.9,0.1,500,0.0,1.5749,1.01995,0.00922,1.05346,0.84403,0.02674,,0.00745,0.01619,0.65
17,58,mse,MSE,1.0,0.0,50,1.0,1.73899,1.0298,0.01844,1.27119,0.94699,0.11049,,0.00852,0.01705,0.65
17,58,mse,MSE,1.0,0.0,50,0.0,1.73899,1.0298,0.01844,1.78954,1.09635,0.1022,,0.0082,0.03255,0.675
17,58,mse,MSE,1.0,0.0,100,1.0,1.68964,1.05641,0.01456,1.35642,0.90277,0.01959,,0.0075,0.04824,0.625
17,58,mse,MSE,1.0,0.0,100,0.0,1.68964,1.05641,0.01456,1.16002,0.84557,0.02066,,0.00762,0.02735,0.6
17,58,mse,MSE,1.0,0.0,300,1.0,1.77167,1.06354,0.015,1.0875,0.86146,0.02724,,0.00596,0.0145,0.575
17,58,mse,MSE,1.0,0.0,300,0.0,1.77167,1.06354,0.015,1.08339,0.86039,0.03262,,0.00644,0.01571,0.625
17,58,mse,MSE,1.0,0.0,500,1.0,1.54386,1.01645,0.0088,1.05042,0.84203,0.02224,,0.00708,0.0159,0.6
17,58,mse,MSE,1.0,0.0,500,0.0,1.54386,1.01645,0.0088,1.05393,0.84455,0.02746,,0.00751,0.01644,0.575
18,59,hsic,HSIC,0.0,1.0,50,1.0,1.99082,1.13667,0.03484,1.70016,1.04072,0.19524,,0.00834,0.08387,0.65
18,59,hsic,HSIC,0.0,1.0,50,0.0,1.99082,1.13667,0.03484,2.71235,1.33585,0.20302,,0.00861,0.15964,0.7
18,59,hsic,HSIC,0.0,1.0,100,1.0,3.20911,1.46267,0.02766,1.64951,1.02831,0.1652,,0.007,0.11324,0.675
18,59,hsic,HSIC,0.0,1.0,100,0.0,3.20911,1.46267,0.02766,2.66351,1.33024,0.16562,,0.00713,0.17168,0.675
18,59,hsic,HSIC,0.0,1.0,300,1.0,3.04167,1.39323,0.0199,1.61429,1.01766,0.16505,,0.0074,0.08957,0.675
18,59,hsic,HSIC,0.0,1.0,300,0.0,3.04167,1.39323,0.0199,2.55246,1.29822,0.16643,,0.00763,0.16379,0.6
18,59,hsic,HSIC,0.0,1.0,500,1.0,2.28681,1.19986,0.01013,1.65831,1.03258,0.17397,,0.00759,0.08048,0.625
18,59,hsic,HSIC,0.0,1.0,500,0.0,2.28681,1.19986,0.01013,2.6038,1.31183,0.17573,,0.00762,0.14406,0.65
18,59,hybrid,HYBRID_ALPHA0.1_BETA0.9,0.1,0.9,50,1.0,1.95787,1.10183,0.02897,1.69905,1.04036,0.19506,,0.00834,0.0838,0.625
18,59,hybrid,HYBRID_ALPHA0.2_BETA0.8,0.2,0.8,50,1.0,2.02765,1.12202,0.02752,1.56773,1.02509,0.03715,,0.00685,0.01938,0.575
18,59,hybrid,HYBRID_ALPHA0.3_BETA0.7,0.3,0.7,50,1.0,2.06885,1.12602,0.02758,1.56169,1.02451,0.03377,,0.00669,0.01842,0.525
18,59,hybrid,HYBRID_ALPHA0.4_BETA0.6,0.4,0.6,50,1.0,2.01788,1.11331,0.02615,1.47678,0.99272,0.03198,,0.00652,0.01673,0.575
18,59,hybrid,HYBRID_ALPHA0.5_BETA0.5,0.5,0.5,50,1.0,7.51325,1.39928,0.0246,1.42083,0.97079,0.03054,,0.00641,0.01378,0.5
18,59,hybrid,HYBRID_ALPHA0.6_BETA0.4,0.6,0.4,50,1.0,2.17752,1.14947,0.02945,1.24809,0.92955,0.0574,,0.00546,0.00646,0.55
18,59,hybrid,HYBRID_ALPHA0.7_BETA0.3,0.7,0.3,50,1.0,2.05083,1.12191,0.0269,1.2276,0.92954,0.08043,,0.00747,0.00902,0.55
18,59,hybrid,HYBRID_ALPHA0.8_BETA0.2,0.8,0.2,50,1.0,2.06735,1.13034,0.02546,1.12739,0.89507,0.06815,,0.00952,0.00681,0.575
18,59,hybrid,HYBRID_ALPHA0.9_BETA0.1,0.9,0.1,50,1.0,2.05578,1.1273,0.02966,1.10468,0.88573,0.05656,,0.00929,0.00597,0.5
18,59,hybrid,HYBRID_ALPHA0.1_BETA0.9,0.1,0.9,50,0.0,1.95787,1.10183,0.02897,2.70951,1.33512,0.20289,,0.00861,0.15955,0.7
18,59,hybrid,HYBRID_ALPHA0.2_BETA0.8,0.2,0.8,50,0.0,2.02765,1.12202,0.02752,2.58468,1.3225,0.0808,,0.00824,0.05985,0.6
18,59,hybrid,HYBRID_ALPHA0.3_BETA0.7,0.3,0.7,50,0.0,2.06885,1.12602,0.02758,2.49394,1.29822,0.07544,,0.00805,0.05573,0.6
18,59,hybrid,HYBRID_ALPHA0.4_BETA0.6,0.4,0.6,50,0.0,2.01788,1.11331,0.02615,2.25515,1.22759,0.07245,,0.00794,0.04942,0.6
18,59,hybrid,HYBRID_ALPHA0.5_BETA0.5,0.5,0.5,50,0.0,7.51325,1.39928,0.0246,2.05985,1.16988,0.07031,,0.0079,0.04024,0.525
18,59,hybrid,HYBRID_ALPHA0.6_BETA0.4,0.6,0.4,50,0.0,2.17752,1.14947,0.02945,1.17843,0.86622,0.03279,,0.00504,0.02888,0.575
18,59,hybrid,HYBRID_ALPHA0.7_BETA0.3,0.7,0.3,50,0.0,2.05083,1.12191,0.0269,1.15284,0.85737,0.03547,,0.00571,0.02556,0.65
18,59,hybrid,HYBRID_ALPHA0.8_BETA0.2,0.8,0.2,50,0.0,2.06735,1.13034,0.02546,1.12024,0.84466,0.02655,,0.0061,0.01779,0.575
18,59,hybrid,HYBRID_ALPHA0.9_BETA0.1,0.9,0.1,50,0.0,2.05578,1.1273,0.02966,1.10394,0.83512,0.03178,,0.00745,0.01656,0.575
18,59,hybrid,HYBRID_ALPHA0.1_BETA0.9,0.1,0.9,100,1.0,1.89596,1.0884,0.04265,1.17766,0.8666,0.02304,,0.00569,0.02037,0.525
18,59,hybrid,HYBRID_ALPHA0.2_BETA0.8,0.2,0.8,100,1.0,1.9438,1.09456,0.04061,1.60343,1.04626,0.03687,,0.00675,0.01012,0.55
18,59,hybrid,HYBRID_ALPHA0.3_BETA0.7,0.3,0.7,100,1.0,1.88223,1.08367,0.03079,1.1167,0.84651,0.02443,,0.00641,0.01845,0.5
18,59,hybrid,HYBRID_ALPHA0.4_BETA0.6,0.4,0.6,100,1.0,1.89954,1.09115,0.04331,1.10901,0.84489,0.02639,,0.00655,0.01641,0.5
18,59,hybrid,HYBRID_ALPHA0.5_BETA0.5,0.5,0.5,100,1.0,1.891,1.08841,0.04076,1.14025,0.85873,0.02119,,0.00579,0.0215,0.5
18,59,hybrid,HYBRID_ALPHA0.6_BETA0.4,0.6,0.4,100,1.0,1.8926,1.08998,0.03988,1.12286,0.85504,0.02,,0.00592,0.02081,0.525
18,59,hybrid,HYBRID_ALPHA0.7_BETA0.3,0.7,0.3,100,1.0,1.9015,1.09204,0.03889,1.12895,0.85634,0.02086,,0.00588,0.02155,0.525
18,59,hybrid,HYBRID_ALPHA0.8_BETA0.2,0.8,0.2,100,1.0,1.89665,1.08989,0.03702,1.12374,0.85639,0.02162,,0.00599,0.02177,0.525
18,59,hybrid,HYBRID_ALPHA0.9_BETA0.1,0.9,0.1,100,1.0,1.89649,1.09094,0.03615,1.13222,0.85674,0.02232,,0.00591,0.02237,0.5
18,59,hybrid,HYBRID_ALPHA0.1_BETA0.9,0.1,0.9,100,0.0,1.89596,1.0884,0.04265,1.20169,0.86698,0.04276,,0.00619,0.02593,0.5
18,59,hybrid,HYBRID_ALPHA0.2_BETA0.8,0.2,0.8,100,0.0,1.9438,1.09456,0.04061,2.14283,1.19862,0.06626,,0.00774,0.02952,0.575
18,59,hybrid,HYBRID_ALPHA0.3_BETA0.7,0.3,0.7,100,0.0,1.88223,1.08367,0.03079,1.33173,0.92038,0.07815,,0.0076,0.02572,0.525
18,59,hybrid,HYBRID_ALPHA0.4_BETA0.6,0.4,0.6,100,0.0,1.89954,1.09115,0.04331,1.29651,0.90643,0.07431,,0.00781,0.02403,0.525
18,59,hybrid,HYBRID_ALPHA0.5_BETA0.5,0.5,0.5,100,0.0,1.891,1.08841,0.04076,1.18387,0.8569,0.04482,,0.00639,0.02792,0.5
18,59,hybrid,HYBRID_ALPHA0.6_BETA0.4,0.6,0.4,100,0.0,1.8926,1.08998,0.03988,1.20161,0.8609,0.05346,,0.00654,0.02898,0.55
18,59,hybrid,HYBRID_ALPHA0.7_BETA0.3,0.7,0.3,100,0.0,1.9015,1.09204,0.03889,1.1849,0.85683,0.04638,,0.00642,0.02823,0.575
18,59,hybrid,HYBRID_ALPHA0.8_BETA0.2,0.8,0.2,100,0.0,1.89665,1.08989,0.03702,1.18245,0.85739,0.04632,,0.00638,0.0283,0.5
18,59,hybrid,HYBRID_ALPHA0.9_BETA0.1,0.9,0.1,100,0.0,1.89649,1.09094,0.03615,1.1801,0.85764,0.04405,,0.00635,0.02851,0.575
18,59,hybrid,HYBRID_ALPHA0.1_BETA0.9,0.1,0.9,300,1.0,1.63059,1.03656,0.01309,1.77451,1.08774,0.04712,,0.00697,0.01622,0.55
18,59,hybrid,HYBRID_ALPHA0.2_BETA0.8,0.2,0.8,300,1.0,1.60782,1.02627,0.0106,1.56806,1.0333,0.03729,,0.00692,0.01411,0.525
18,59,hybrid,HYBRID_ALPHA0.3_BETA0.7,0.3,0.7,300,1.0,1.59041,1.02534,0.01052,1.14955,0.86746,0.03517,,0.00594,0.01307,0.525
18,59,hybrid,HYBRID_ALPHA0.4_BETA0.6,0.4,0.6,300,1.0,1.61385,1.02969,0.01083,1.14017,0.86077,0.0319,,0.0061,0.01342,0.525
18,59,hybrid,HYBRID_ALPHA0.5_BETA0.5,0.5,0.5,300,1.0,1.63106,1.03398,0.0116,1.13188,0.85587,0.0295,,0.0063,0.01363,0.5
18,59,hybrid,HYBRID_ALPHA0.6_BETA0.4,0.6,0.4,300,1.0,1.64278,1.03709,0.01184,1.12551,0.85396,0.02774,,0.00646,0.01374,0.5
18,59,hybrid,HYBRID_ALPHA0.7_BETA0.3,0.7,0.3,300,1.0,1.65538,1.04024,0.01223,1.1267,0.85308,0.02657,,0.00651,0.01392,0.55
18,59,hybrid,HYBRID_ALPHA0.8_BETA0.2,0.8,0.2,300,1.0,1.65726,1.0403,0.01229,1.12746,0.85248,0.02546,,0.00654,0.01406,0.6
18,59,hybrid,HYBRID_ALPHA0.9_BETA0.1,0.9,0.1,300,1.0,1.66483,1.04154,0.01266,1.12556,0.85165,0.02434,,0.0066,0.01421,0.625
18,59,hybrid,HYBRID_ALPHA0.1_BETA0.9,0.1,0.9,300,0.0,1.63059,1.03656,0.01309,2.56979,1.31259,0.106,,0.00737,0.04555,0.525
18,59,hybrid,HYBRID_ALPHA0.2_BETA0.8,0.2,0.8,300,0.0,1.60782,1.02627,0.0106,2.3492,1.25807,0.07274,,0.00799,0.05158,0.5
18,59,hybrid,HYBRID_ALPHA0.3_BETA0.7,0.3,0.7,300,0.0,1.59041,1.02534,0.01052,1.26713,0.92614,0.04392,,0.00587,0.01762,0.55
18,59,hybrid,HYBRID_ALPHA0.4_BETA0.6,0.4,0.6,300,0.0,1.61385,1.02969,0.01083,1.24642,0.91553,0.0406,,0.00604,0.0176,0.55
18,59,hybrid,HYBRID_ALPHA0.5_BETA0.5,0.5,0.5,300,0.0,1.63106,1.03398,0.0116,1.22742,0.90592,0.03808,,0.00621,0.01744,0.55
18,59,hybrid,HYBRID_ALPHA0.6_BETA0.4,0.6,0.4,300,0.0,1.64278,1.03709,0.01184,1.20647,0.89729,0.03547,,0.00638,0.01716,0.575
18,59,hybrid,HYBRID_ALPHA0.7_BETA0.3,0.7,0.3,300,0.0,1.65538,1.04024,0.01223,1.19735,0.8928,0.03399,,0.00642,0.01702,0.6
18,59,hybrid,HYBRID_ALPHA0.8_BETA0.2,0.8,0.2,300,0.0,1.65726,1.0403,0.01229,1.18811,0.88891,0.03208,,0.00642,0.01688,0.525
18,59,hybrid,HYBRID_ALPHA0.9_BETA0.1,0.9,0.1,300,0.0,1.66483,1.04154,0.01266,1.17799,0.88489,0.02963,,0.00642,0.01678,0.5
18,59,hybrid,HYBRID_ALPHA0.1_BETA0.9,0.1,0.9,500,1.0,1.56777,1.01714,0.0109,1.51209,1.01392,0.03145,,0.007,0.01015,0.5
18,59,hybrid,HYBRID_ALPHA0.2_BETA0.8,0.2,0.8,500,1.0,1.48309,0.99699,0.00934,1.11076,0.86126,0.02078,,0.00669,0.01032,0.575
18,59,hybrid,HYBRID_ALPHA0.3_BETA0.7,0.3,0.7,500,1.0,1.47757,0.99526,0.00932,1.0809,0.85402,0.02409,,0.00707,0.01001,0.575
18,59,hybrid,HYBRID_ALPHA0.4_BETA0.6,0.4,0.6,500,1.0,1.47898,0.9955,0.00925,1.11922,0.86237,0.02218,,0.00685,0.00994,0.55
18,59,hybrid,HYBRID_ALPHA0.5_BETA0.5,0.5,0.5,500,1.0,1.48711,0.99991,0.00934,1.08304,0.846,0.02028,,0.00629,0.0132,0.525
18,59,hybrid,HYBRID_ALPHA0.6_BETA0.4,0.6,0.4,500,1.0,1.49088,1.00616,0.01024,1.08504,0.84552,0.02061,,0.00625,0.01357,0.55
18,59,hybrid,HYBRID_ALPHA0.7_BETA0.3,0.7,0.3,500,1.0,1.47911,0.99884,0.00903,1.08672,0.84487,0.02113,,0.00625,0.01394,0.5
18,59,hybrid,HYBRID_ALPHA0.8_BETA0.2,0.8,0.2,500,1.0,1.47807,0.99901,0.00916,1.09157,0.84472,0.02205,,0.00624,0.01429,0.525
18,59,hybrid,HYBRID_ALPHA0.9_BETA0.1,0.9,0.1,500,1.0,1.48135,0.99973,0.00988,1.15711,0.86164,0.02898,,0.00683,0.01204,0.55
18,59,hybrid,HYBRID_ALPHA0.1_BETA0.9,0.1,0.9,500,0.0,1.56777,1.01714,0.0109,1.9813,1.14668,0.07197,,0.00766,0.0213,0.55
18,59,hybrid,HYBRID_ALPHA0.2_BETA0.8,0.2,0.8,500,0.0,1.48309,0.99699,0.00934,1.25383,0.90171,0.02921,,0.0062,0.01628,0.55
18,59,hybrid,HYBRID_ALPHA0.3_BETA0.7,0.3,0.7,500,0.0,1.47757,0.99526,0.00932,1.17491,0.87057,0.02518,,0.00652,0.01408,0.55
18,59,hybrid,HYBRID_ALPHA0.4_BETA0.6,0.4,0.6,500,0.0,1.47898,0.9955,0.00925,1.26606,0.9061,0.03866,,0.00653,0.01805,0.5
18,59,hybrid,HYBRID_ALPHA0.5_BETA0.5,0.5,0.5,500,0.0,1.48711,0.99991,0.00934,1.17707,0.86495,0.03265,,0.00602,0.01734,0.525
18,59,hybrid,HYBRID_ALPHA0.6_BETA0.4,0.6,0.4,500,0.0,1.49088,1.00616,0.01024,1.173,0.8634,0.03408,,0.00604,0.01749,0.525
18,59,hybrid,HYBRID_ALPHA0.7_BETA0.3,0.7,0.3,500,0.0,1.47911,0.99884,0.00903,1.16972,0.86207,0.0352,,0.00607,0.0176,0.55
18,59,hybrid,HYBRID_ALPHA0.8_BETA0.2,0.8,0.2,500,0.0,1.47807,0.99901,0.00916,1.17305,0.86244,0.03736,,0.00611,0.01793,0.55
18,59,hybrid,HYBRID_ALPHA0.9_BETA0.1,0.9,0.1,500,0.0,1.48135,0.99973,0.00988,1.42701,0.96316,0.07442,,0.00759,0.02588,0.5
18,59,mse,MSE,1.0,0.0,50,1.0,2.64556,1.22935,0.02021,1.09576,0.87515,0.04422,,0.00884,0.00618,0.55
18,59,mse,MSE,1.0,0.0,50,0.0,2.64556,1.22935,0.02021,1.09932,0.835,0.03455,,0.00795,0.01501,0.55
18,59,mse,MSE,1.0,0.0,100,1.0,1.93509,1.10686,0.03825,1.1379,0.8566,0.02357,,0.00588,0.02296,0.5
18,59,mse,MSE,1.0,0.0,100,0.0,1.93509,1.10686,0.03825,1.18169,0.85852,0.04371,,0.00633,0.02882,0.525
18,59,mse,MSE,1.0,0.0,300,1.0,1.67063,1.04338,0.01292,1.12315,0.85073,0.02337,,0.00667,0.01433,0.55
18,59,mse,MSE,1.0,0.0,300,0.0,1.67063,1.04338,0.01292,1.16947,0.8811,0.02759,,0.00644,0.01667,0.6
18,59,mse,MSE,1.0,0.0,500,1.0,1.4977,1.0032,0.01034,1.09967,0.84495,0.02475,,0.00623,0.01526,0.525
18,59,mse,MSE,1.0,0.0,500,0.0,1.4977,1.0032,0.01034,1.17899,0.86265,0.04226,,0.00619,0.01846,0.55
19,60,hsic,HSIC,0.0,1.0,50,1.0,2.41937,1.22034,0.06643,1.56665,0.99712,0.17105,,0.00933,0.09305,0.65
19,60,hsic,HSIC,0.0,1.0,50,0.0,2.41937,1.22034,0.06643,2.63261,1.31365,0.16755,,0.00955,0.15618,0.675
19,60,hsic,HSIC,0.0,1.0,100,1.0,2.38518,1.22221,0.01994,1.98819,1.09477,0.11957,,0.00789,0.18343,0.625
19,60,hsic,HSIC,0.0,1.0,100,0.0,2.38518,1.22221,0.01994,3.9437,1.66321,0.22356,,0.01007,0.09268,0.675
19,60,hsic,HSIC,0.0,1.0,300,1.0,3.16939,1.43019,0.01226,1.58607,1.0063,0.16327,,0.00756,0.10876,0.7
19,60,hsic,HSIC,0.0,1.0,300,0.0,3.16939,1.43019,0.01226,2.5884,1.3085,0.16265,,0.00762,0.17172,0.6
19,60,hsic,HSIC,0.0,1.0,500,1.0,2.27017,1.19896,0.01085,1.6432,1.02596,0.17507,,0.0077,0.09489,0.7
19,60,hsic,HSIC,0.0,1.0,500,0.0,2.27017,1.19896,0.01085,2.66397,1.32733,0.17757,,0.00775,0.15103,0.7
19,60,hybrid,HYBRID_ALPHA0.1_BETA0.9,0.1,0.9,50,1.0,1.90501,1.08956,0.07339,1.61347,1.01747,0.17481,,0.00842,0.08419,0.675
19,60,hybrid,HYBRID_ALPHA0.2_BETA0.8,0.2,0.8,50,1.0,2.05557,1.1106,0.06951,1.60943,1.0173,0.16657,,0.00791,0.07456,0.7
19,60,hybrid,HYBRID_ALPHA0.3_BETA0.7,0.3,0.7,50,1.0,2.05091,1.10456,0.06318,1.59546,1.01458,0.1518,,0.00744,0.04951,0.525
19,60,hybrid,HYBRID_ALPHA0.4_BETA0.6,0.4,0.6,50,1.0,1.75528,1.04426,0.04052,1.57964,1.01085,0.13128,,0.00708,0.04331,0.55
19,60,hybrid,HYBRID_ALPHA0.5_BETA0.5,0.5,0.5,50,1.0,1.95435,1.08953,0.04755,1.08263,0.86139,0.02325,,0.00668,0.0055,0.55
19,60,hybrid,HYBRID_ALPHA0.6_BETA0.4,0.6,0.4,50,1.0,1.95731,1.08992,0.05231,1.06981,0.84638,0.01939,,0.00637,0.00759,0.55
19,60,hybrid,HYBRID_ALPHA0.7_BETA0.3,0.7,0.3,50,1.0,2.50814,1.22603,0.17246,1.10989,0.84295,0.02612,,0.00633,0.01034,0.55
19,60,hybrid,HYBRID_ALPHA0.8_BETA0.2,0.8,0.2,50,1.0,2.45013,1.21575,0.1696,1.13738,0.84287,0.03381,,0.00635,0.0125,0.5
19,60,hybrid,HYBRID_ALPHA0.9_BETA0.1,0.9,0.1,50,1.0,2.39399,1.20183,0.16103,1.14058,0.84564,0.03432,,0.00611,0.01199,0.525
19,60,hybrid,HYBRID_ALPHA0.1_BETA0.9,0.1,0.9,50,0.0,1.90501,1.08956,0.07339,2.6321,1.31446,0.18268,,0.00874,0.14517,0.675
19,60,hybrid,HYBRID_ALPHA0.2_BETA0.8,0.2,0.8,50,0.0,2.05557,1.1106,0.06951,2.6148,1.31211,0.18272,,0.00829,0.13414,0.7
19,60,hybrid,HYBRID_ALPHA0.3_BETA0.7,0.3,0.7,50,0.0,2.05091,1.10456,0.06318,2.58273,1.3056,0.1759,,0.00782,0.10391,0.7
19,60,hybrid,HYBRID_ALPHA0.4_BETA0.6,0.4,0.6,50,0.0,1.75528,1.04426,0.04052,2.49306,1.28256,0.16508,,0.0076,0.09226,0.6
19,60,hybrid,HYBRID_ALPHA0.5_BETA0.5,0.5,0.5,50,0.0,1.95435,1.08953,0.04755,1.11694,0.84817,0.03,,0.00592,0.01106,0.5
19,60,hybrid,HYBRID_ALPHA0.6_BETA0.4,0.6,0.4,50,0.0,1.95731,1.08992,0.05231,1.20004,0.86208,0.0545,,0.00607,0.01265,0.6
19,60,hybrid,HYBRID_ALPHA0.7_BETA0.3,0.7,0.3,50,0.0,2.50814,1.22603,0.17246,1.27901,0.8919,0.07356,,0.00635,0.01262,0.575
19,60,hybrid,HYBRID_ALPHA0.8_BETA0.2,0.8,0.2,50,0.0,2.45013,1.21575,0.1696,1.3351,0.91434,0.09117,,0.00666,0.01424,0.525
19,60,hybrid,HYBRID_ALPHA0.9_BETA0.1,0.9,0.1,50,0.0,2.39399,1.20183,0.16103,1.31746,0.90484,0.084,,0.00641,0.01495,0.5
19,60,hybrid,HYBRID_ALPHA0.1_BETA0.9,0.1,0.9,100,1.0,1.82658,1.07801,0.01754,1.48159,0.98985,0.03847,,0.00724,0.01359,0.5
19,60,hybrid,HYBRID_ALPHA0.2_BETA0.8,0.2,0.8,100,1.0,1.71619,1.05021,0.01825,1.31783,0.92782,0.03893,,0.00728,0.01406,0.55
19,60,hybrid,HYBRID_ALPHA0.3_BETA0.7,0.3,0.7,100,1.0,1.70419,1.04769,0.01968,1.26869,0.90706,0.03929,,0.00731,0.01433,0.525
19,60,hybrid,HYBRID_ALPHA0.4_BETA0.6,0.4,0.6,100,1.0,1.74383,1.0554,0.0225,1.25161,0.89936,0.0389,,0.0072,0.01342,0.525
19,60,hybrid,HYBRID_ALPHA0.5_BETA0.5,0.5,0.5,100,1.0,1.77897,1.06343,0.02824,1.20323,0.87743,0.03847,,0.00721,0.01349,0.55
19,60,hybrid,HYBRID_ALPHA0.6_BETA0.4,0.6,0.4,100,1.0,1.77536,1.06209,0.03002,1.16617,0.8583,0.038,,0.0072,0.01369,0.55
19,60,hybrid,HYBRID_ALPHA0.7_BETA0.3,0.7,0.3,100,1.0,1.78318,1.06405,0.03206,1.12746,0.8429,0.03532,,0.00702,0.01425,0.575
19,60,hybrid,HYBRID_ALPHA0.8_BETA0.2,0.8,0.2,100,1.0,1.7944,1.06664,0.0343,1.12574,0.84105,0.03598,,0.00704,0.01443,0.575
19,60,hybrid,HYBRID_ALPHA0.9_BETA0.1,0.9,0.1,100,1.0,1.81268,1.06983,0.03706,1.12793,0.84107,0.0367,,0.00705,0.01444,0.575
19,60,hybrid,HYBRID_ALPHA0.1_BETA0.9,0.1,0.9,100,0.0,1.82658,1.07801,0.01754,1.86926,1.11083,0.0882,,0.00807,0.02574,0.525
19,60,hybrid,HYBRID_ALPHA0.2_BETA0.8,0.2,0.8,100,0.0,1.71619,1.05021,0.01825,1.60071,1.02073,0.09003,,0.00814,0.0249,0.55
19,60,hybrid,HYBRID_ALPHA0.3_BETA0.7,0.3,0.7,100,0.0,1.70419,1.04769,0.01968,1.53634,0.99841,0.09054,,0.00818,0.02594,0.55
19,60,hybrid,HYBRID_ALPHA0.4_BETA0.6,0.4,0.6,100,0.0,1.74383,1.0554,0.0225,1.70674,1.058,0.09115,,0.00816,0.03256,0.575
19,60,hybrid,HYBRID_ALPHA0.5_BETA0.5,0.5,0.5,100,0.0,1.77897,1.06343,0.02824,1.62744,1.03077,0.09486,,0.0083,0.03222,0.575
19,60,hybrid,HYBRID_ALPHA0.6_BETA0.4,0.6,0.4,100,0.0,1.77536,1.06209,0.03002,1.583,1.0146,0.09775,,0.00842,0.03309,0.55
19,60,hybrid,HYBRID_ALPHA0.7_BETA0.3,0.7,0.3,100,0.0,1.78318,1.06405,0.03206,1.52649,0.99464,0.09701,,0.00826,0.03517,0.575
19,60,hybrid,HYBRID_ALPHA0.8_BETA0.2,0.8,0.2,100,0.0,1.7944,1.06664,0.0343,1.52658,0.99439,0.09778,,0.00826,0.03642,0.625
19,60,hybrid,HYBRID_ALPHA0.9_BETA0.1,0.9,0.1,100,0.0,1.81268,1.06983,0.03706,1.548,1.002,0.09862,,0.00825,0.03874,0.6
19,60,hybrid,HYBRID_ALPHA0.1_BETA0.9,0.1,0.9,300,1.0,1.58505,1.03016,0.01194,1.10994,0.87642,0.03334,,0.00737,0.0099,0.575
19,60,hybrid,HYBRID_ALPHA0.2_BETA0.8,0.2,0.8,300,1.0,1.57621,1.02862,0.01174,1.71322,1.08542,0.03503,,0.00699,0.01176,0.5
19,60,hybrid,HYBRID_ALPHA0.3_BETA0.7,0.3,0.7,300,1.0,1.57393,1.02435,0.01157,1.55508,1.02866,0.03308,,0.007,0.0115,0.5
19,60,hybrid,HYBRID_ALPHA0.4_BETA0.6,0.4,0.6,300,1.0,1.57983,1.02566,0.01033,1.41683,0.9753,0.02616,,0.00686,0.01257,0.525
19,60,hybrid,HYBRID_ALPHA0.5_BETA0.5,0.5,0.5,300,1.0,1.57663,1.02618,0.01076,1.08699,0.86689,0.03733,,0.00742,0.01018,0.525
19,60,hybrid,HYBRID_ALPHA0.6_BETA0.4,0.6,0.4,300,1.0,1.57205,1.02984,0.01456,1.08539,0.86698,0.03701,,0.00748,0.01011,0.525
19,60,hybrid,HYBRID_ALPHA0.7_BETA0.3,0.7,0.3,300,1.0,1.57874,1.0289,0.01163,1.08367,0.86679,0.03729,,0.00754,0.01007,0.5
19,60,hybrid,HYBRID_ALPHA0.8_BETA0.2,0.8,0.2,300,1.0,1.56667,1.02979,0.0106,1.08329,0.86667,0.0389,,0.00759,0.01005,0.5
19,60,hybrid,HYBRID_ALPHA0.9_BETA0.1,0.9,0.1,300,1.0,1.58011,1.03302,0.0142,1.08381,0.86731,0.04037,,0.00767,0.01001,0.5
19,60,hybrid,HYBRID_ALPHA0.1_BETA0.9,0.1,0.9,300,0.0,1.58505,1.03016,0.01194,1.19751,0.91896,0.04879,,0.00781,0.01008,0.525
19,60,hybrid,HYBRID_ALPHA0.2_BETA0.8,0.2,0.8,300,0.0,1.57621,1.02862,0.01174,2.44766,1.28957,0.06788,,0.00785,0.03534,0.525
19,60,hybrid,HYBRID_ALPHA0.3_BETA0.7,0.3,0.7,300,0.0,1.57393,1.02435,0.01157,2.1923,1.21221,0.06895,,0.00782,0.03444,0.525
19,60,hybrid,HYBRID_ALPHA0.4_BETA0.6,0.4,0.6,300,0.0,1.57983,1.02566,0.01033,1.87907,1.11647,0.05932,,0.00749,0.0347,0.525
19,60,hybrid,HYBRID_ALPHA0.5_BETA0.5,0.5,0.5,300,0.0,1.57663,1.02618,0.01076,1.19536,0.92003,0.05263,,0.00784,0.01088,0.525
19,60,hybrid,HYBRID_ALPHA0.6_BETA0.4,0.6,0.4,300,0.0,1.57205,1.02984,0.01456,1.18189,0.91444,0.05127,,0.00793,0.01073,0.5
19,60,hybrid,HYBRID_ALPHA0.7_BETA0.3,0.7,0.3,300,0.0,1.57874,1.0289,0.01163,1.17352,0.91096,0.0507,,0.008,0.01066,0.525
19,60,hybrid,HYBRID_ALPHA0.8_BETA0.2,0.8,0.2,300,0.0,1.56667,1.02979,0.0106,1.17662,0.91317,0.05272,,0.00811,0.01067,0.525
19,60,hybrid,HYBRID_ALPHA0.9_BETA0.1,0.9,0.1,300,0.0,1.58011,1.03302,0.0142,1.17387,0.91225,0.05373,,0.00824,0.01056,0.575
19,60,hybrid,HYBRID_ALPHA0.1_BETA0.9,0.1,0.9,500,1.0,1.47842,0.99916,0.00946,1.05449,0.85403,0.03023,,0.00719,0.00975,0.5
19,60,hybrid,HYBRID_ALPHA0.2_BETA0.8,0.2,0.8,500,1.0,1.4454,0.98927,0.00935,1.05559,0.85207,0.03019,,0.00717,0.00941,0.55
19,60,hybrid,HYBRID_ALPHA0.3_BETA0.7,0.3,0.7,500,1.0,1.42901,0.98381,0.0093,1.05588,0.8505,0.02801,,0.00703,0.00963,0.55
19,60,hybrid,HYBRID_ALPHA0.4_BETA0.6,0.4,0.6,500,1.0,1.4339,0.98499,0.00945,1.0564,0.8499,0.02569,,0.00687,0.00977,0.525
19,60,hybrid,HYBRID_ALPHA0.5_BETA0.5,0.5,0.5,500,1.0,1.44065,0.98671,0.00972,1.05648,0.84898,0.02413,,0.00677,0.00987,0.5
19,60,hybrid,HYBRID_ALPHA0.6_BETA0.4,0.6,0.4,500,1.0,1.45105,0.99036,0.01051,1.05652,0.84791,0.02282,,0.00669,0.00999,0.55
19,60,hybrid,HYBRID_ALPHA0.7_BETA0.3,0.7,0.3,500,1.0,1.46528,0.99545,0.01164,1.05693,0.84693,0.02178,,0.00661,0.01012,0.5
19,60,hybrid,HYBRID_ALPHA0.8_BETA0.2,0.8,0.2,500,1.0,1.4482,0.99116,0.01102,1.05457,0.84723,0.02175,,0.00664,0.00994,0.5
19,60,hybrid,HYBRID_ALPHA0.9_BETA0.1,0.9,0.1,500,1.0,1.45175,0.99306,0.01145,1.05486,0.84683,0.02112,,0.00661,0.01007,0.575
19,60,hybrid,HYBRID_ALPHA0.1_BETA0.9,0.1,0.9,500,0.0,1.47842,0.99916,0.00946,1.07149,0.84875,0.02058,,0.00647,0.00995,0.55
19,60,hybrid,HYBRID_ALPHA0.2_BETA0.8,0.2,0.8,500,0.0,1.4454,0.98927,0.00935,1.0588,0.84549,0.02111,,0.00658,0.01014,0.55
19,60,hybrid,HYBRID_ALPHA0.3_BETA0.7,0.3,0.7,500,0.0,1.42901,0.98381,0.0093,1.0654,0.84304,0.01997,,0.00639,0.01067,0.55
19,60,hybrid,HYBRID_ALPHA0.4_BETA0.6,0.4,0.6,500,0.0,1.4339,0.98499,0.00945,1.07053,0.84278,0.02015,,0.00633,0.01135,0.575
19,60,hybrid,HYBRID_ALPHA0.5_BETA0.5,0.5,0.5,500,0.0,1.44065,0.98671,0.00972,1.0753,0.84273,0.02027,,0.00627,0.01183,0.55
19,60,hybrid,HYBRID_ALPHA0.6_BETA0.4,0.6,0.4,500,0.0,1.45105,0.99036,0.01051,1.07993,0.84256,0.02054,,0.00623,0.01226,0.525
19,60,hybrid,HYBRID_ALPHA0.7_BETA0.3,0.7,0.3,500,0.0,1.46528,0.99545,0.01164,1.08364,0.8426,0.02088,,0.00621,0.01261,0.525
19,60,hybrid,HYBRID_ALPHA0.8_BETA0.2,0.8,0.2,500,0.0,1.4482,0.99116,0.01102,1.07764,0.84147,0.0202,,0.00629,0.01242,0.5
19,60,hybrid,HYBRID_ALPHA0.9_BETA0.1,0.9,0.1,500,0.0,1.45175,0.99306,0.01145,1.07903,0.84078,0.02037,,0.00628,0.01256,0.525
19,60,mse,MSE,1.0,0.0,50,1.0,2.12269,1.12826,0.114,1.16279,0.84754,0.04075,,0.00627,0.01479,0.575
19,60,mse,MSE,1.0,0.0,50,0.0,2.12269,1.12826,0.114,1.36878,0.92726,0.0991,,0.00672,0.01604,0.525
19,60,mse,MSE,1.0,0.0,100,1.0,1.82573,1.07305,0.03529,1.13215,0.84165,0.03794,,0.00709,0.01444,0.6
19,60,mse,MSE,1.0,0.0,100,0.0,1.82573,1.07305,0.03529,1.57661,1.0115,0.10013,,0.00825,0.04111,0.65
19,60,mse,MSE,1.0,0.0,300,1.0,1.582,1.03277,0.01377,1.06458,0.85222,0.02094,,0.00683,0.01147,0.525
19,60,mse,MSE,1.0,0.0,300,0.0,1.582,1.03277,0.01377,1.19311,0.88047,0.02021,,0.00674,0.01597,0.525
19,60,mse,MSE,1.0,0.0,500,1.0,1.44498,0.99176,0.01101,1.05536,0.84674,0.02076,,0.00658,0.01014,0.55
19,60,mse,MSE,1.0,0.0,500,0.0,1.44498,0.99176,0.01101,1.07864,0.84043,0.02041,,0.00629,0.01249,0.55
20,61,hsic,HSIC,0.0,1.0,50,1.0,3.11568,1.34397,0.20078,1.60774,1.0103,0.17128,,0.00767,0.05849,0.6
20,61,hsic,HSIC,0.0,1.0,50,0.0,3.11568,1.34397,0.20078,2.65879,1.32665,0.17139,,0.00767,0.12248,0.7
20,61,hsic,HSIC,0.0,1.0,100,1.0,2.05181,1.15156,0.04184,1.72679,1.04298,0.19157,,0.00785,0.05323,0.625
20,61,hsic,HSIC,0.0,1.0,100,0.0,2.05181,1.15156,0.04184,2.73623,1.34244,0.1967,,0.00806,0.10135,0.65
20,61,hsic,HSIC,0.0,1.0,300,1.0,3.22139,1.4367,0.02015,1.58101,1.00428,0.16317,,0.00762,0.08731,0.7
20,61,hsic,HSIC,0.0,1.0,300,0.0,3.22139,1.4367,0.02015,2.61965,1.31639,0.16437,,0.00773,0.15092,0.675
20,61,hsic,HSIC,0.0,1.0,500,1.0,3.10045,1.40175,0.02384,1.61352,1.01429,0.17147,,0.00758,0.0788,0.675
20,61,hsic,HSIC,0.0,1.0,500,0.0,3.10045,1.40175,0.02384,2.58918,1.30811,0.17316,,0.00764,0.1354,0.7
20,61,hybrid,HYBRID_ALPHA0.1_BETA0.9,0.1,0.9,50,1.0,1.90116,1.0814,0.05086,1.42915,0.96837,0.05452,,0.00705,0.02492,0.55
20,61,hybrid,HYBRID_ALPHA0.2_BETA0.8,0.2,0.8,50,1.0,1.80259,1.04439,0.03834,1.39441,0.96537,0.03803,,0.00666,0.01641,0.575
20,61,hybrid,HYBRID_ALPHA0.3_BETA0.7,0.3,0.7,50,1.0,1.86821,1.05847,0.0447,1.26358,0.90243,0.03737,,0.00655,0.01633,0.625
20,61,hybrid,HYBRID_ALPHA0.4_BETA0.6,0.4,0.6,50,1.0,1.85049,1.05576,0.04721,1.21801,0.87929,0.0368,,0.0064,0.01561,0.675
20,61,hybrid,HYBRID_ALPHA0.5_BETA0.5,0.5,0.5,50,1.0,1.82813,1.04898,0.04568,1.1886,0.86252,0.03599,,0.00624,0.01459,0.575
20,61,hybrid,HYBRID_ALPHA0.6_BETA0.4,0.6,0.4,50,1.0,3.26455,1.1454,0.03992,1.14775,0.84491,0.03603,,0.00673,0.01468,0.6
20,61,hybrid,HYBRID_ALPHA0.7_BETA0.3,0.7,0.3,50,1.0,29.49916,1.601,0.04251,1.51749,0.98754,0.03548,,0.0048,0.06713,0.65
20,61,hybrid,HYBRID_ALPHA0.8_BETA0.2,0.8,0.2,50,1.0,14.44965,1.46689,0.03247,1.66477,1.03331,0.03572,,0.00435,0.08513,0.65
20,61,hybrid,HYBRID_ALPHA0.9_BETA0.1,0.9,0.1,50,1.0,1.90573,1.08017,0.04836,1.44708,0.96628,0.04784,,0.00441,0.06202,0.55
20,61,hybrid,HYBRID_ALPHA0.1_BETA0.9,0.1,0.9,50,0.0,1.90116,1.0814,0.05086,2.27233,1.22716,0.11708,,0.008,0.06443,0.575
20,61,hybrid,HYBRID_ALPHA0.2_BETA0.8,0.2,0.8,50,0.0,1.80259,1.04439,0.03834,2.13209,1.19071,0.07809,,0.00828,0.04973,0.625
20,61,hybrid,HYBRID_ALPHA0.3_BETA0.7,0.3,0.7,50,0.0,1.86821,1.05847,0.0447,1.92822,1.12481,0.08266,,0.00828,0.05158,0.6
20,61,hybrid,HYBRID_ALPHA0.4_BETA0.6,0.4,0.6,50,0.0,1.85049,1.05576,0.04721,1.7991,1.08591,0.08191,,0.00816,0.0491,0.575
20,61,hybrid,HYBRID_ALPHA0.5_BETA0.5,0.5,0.5,50,0.0,1.82813,1.04898,0.04568,1.68217,1.04879,0.08082,,0.00807,0.04485,0.575
20,61,hybrid,HYBRID_ALPHA0.6_BETA0.4,0.6,0.4,50,0.0,3.26455,1.1454,0.03992,1.53164,0.99673,0.08909,,0.00817,0.04091,0.575
20,61,hybrid,HYBRID_ALPHA0.7_BETA0.3,0.7,0.3,50,0.0,29.49916,1.601,0.04251,1.28102,0.88999,0.05499,,0.0057,0.03737,0.625
20,61,hybrid,HYBRID_ALPHA0.8_BETA0.2,0.8,0.2,50,0.0,14.44965,1.46689,0.03247,1.32643,0.9051,0.05817,,0.0049,0.04188,0.55
20,61,hybrid,HYBRID_ALPHA0.9_BETA0.1,0.9,0.1,50,0.0,1.90573,1.08017,0.04836,1.29819,0.90105,0.05443,,0.00692,0.03354,0.575
20,61,hybrid,HYBRID_ALPHA0.1_BETA0.9,0.1,0.9,100,1.0,1.65768,1.0384,0.02236,1.86207,1.04123,0.08232,,0.00269,0.01397,0.575
20,61,hybrid,HYBRID_ALPHA0.2_BETA0.8,0.2,0.8,100,1.0,1.63526,1.03048,0.02543,1.67243,1.06377,0.04897,,0.00558,0.01115,0.525
20,61,hybrid,HYBRID_ALPHA0.3_BETA0.7,0.3,0.7,100,1.0,1.64095,1.02303,0.02087,1.39844,0.96227,0.04202,,0.0058,0.01128,0.55
20,61,hybrid,HYBRID_ALPHA0.4_BETA0.6,0.4,0.6,100,1.0,1.65251,1.0161,0.01773,1.2893,0.91821,0.0384,,0.00585,0.01128,0.55
20,61,hybrid,HYBRID_ALPHA0.5_BETA0.5,0.5,0.5,100,1.0,1.65227,1.00874,0.01596,1.22706,0.90512,0.0385,,0.00548,0.00822,0.6
20,61,hybrid,HYBRID_ALPHA0.6_BETA0.4,0.6,0.4,100,1.0,1.64497,1.00636,0.01617,1.96881,0.98082,0.04028,,0.00207,0.01488,0.575
20,61,hybrid,HYBRID_ALPHA0.7_BETA0.3,0.7,0.3,100,1.0,1.63815,1.00893,0.01452,1.72452,0.95683,0.03915,,0.0025,0.01433,0.575
20,61,hybrid,HYBRID_ALPHA0.8_BETA0.2,0.8,0.2,100,1.0,1.64137,1.00035,0.01459,1.16853,0.8807,0.03105,,0.00428,0.01327,0.5
20,61,hybrid,HYBRID_ALPHA0.9_BETA0.1,0.9,0.1,100,1.0,1.63609,1.00321,0.01339,1.25466,0.90317,0.03831,,0.00369,0.01204,0.525
20,61,hybrid,HYBRID_ALPHA0.1_BETA0.9,0.1,0.9,100,0.0,1.65768,1.0384,0.02236,2.0402,1.07069,0.05238,,0.0,0.01071,0.6
20,61,hybrid,HYBRID_ALPHA0.2_BETA0.8,0.2,0.8,100,0.0,1.63526,1.03048,0.02543,2.14688,1.21278,0.05487,,0.00729,0.01946,0.575
20,61,hybrid,HYBRID_ALPHA0.3_BETA0.7,0.3,0.7,100,0.0,1.64095,1.02303,0.02087,1.80983,1.09782,0.05623,,0.00752,0.01946,0.55
20,61,hybrid,HYBRID_ALPHA0.4_BETA0.6,0.4,0.6,100,0.0,1.65251,1.0161,0.01773,1.63015,1.03433,0.05714,,0.0076,0.01857,0.525
20,61,hybrid,HYBRID_ALPHA0.5_BETA0.5,0.5,0.5,100,0.0,1.65227,1.00874,0.01596,1.39003,0.95281,0.03853,,0.00651,0.0157,0.525
20,61,hybrid,HYBRID_ALPHA0.6_BETA0.4,0.6,0.4,100,0.0,1.64497,1.00636,0.01617,2.07475,1.01014,0.05502,,0.00235,0.0115,0.55
20,61,hybrid,HYBRID_ALPHA0.7_BETA0.3,0.7,0.3,100,0.0,1.63815,1.00893,0.01452,1.76641,0.9751,0.05114,,0.00283,0.01205,0.55
20,61,hybrid,HYBRID_ALPHA0.8_BETA0.2,0.8,0.2,100,0.0,1.64137,1.00035,0.01459,1.13887,0.86862,0.01652,,0.00389,0.01404,0.55
20,61,hybrid,HYBRID_ALPHA0.9_BETA0.1,0.9,0.1,100,0.0,1.63609,1.00321,0.01339,1.19145,0.8871,0.03209,,0.00379,0.0146,0.55
20,61,hybrid,HYBRID_ALPHA0.1_BETA0.9,0.1,0.9,300,1.0,1.58897,1.02718,0.01022,1.85246,1.12687,0.02856,,0.00686,0.0139,0.525
20,61,hybrid,HYBRID_ALPHA0.2_BETA0.8,0.2,0.8,300,1.0,1.55563,1.02364,0.01315,1.69672,1.08414,0.03675,,0.00699,0.01337,0.55
20,61,hybrid,HYBRID_ALPHA0.3_BETA0.7,0.3,0.7,300,1.0,1.55568,1.03695,0.01601,1.47039,0.99748,0.03372,,0.00705,0.01349,0.525
20,61,hybrid,HYBRID_ALPHA0.4_BETA0.6,0.4,0.6,300,1.0,1.45449,0.99191,0.00941,1.08687,0.87369,0.04806,,0.00824,0.00896,0.5
20,61,hybrid,HYBRID_ALPHA0.5_BETA0.5,0.5,0.5,300,1.0,1.49829,1.00192,0.00937,1.08774,0.87243,0.05171,,0.00838,0.00979,0.55
20,61,hybrid,HYBRID_ALPHA0.6_BETA0.4,0.6,0.4,300,1.0,1.50601,1.01361,0.01275,1.08973,0.87272,0.0528,,0.00844,0.00993,0.575
20,61,hybrid,HYBRID_ALPHA0.7_BETA0.3,0.7,0.3,300,1.0,1.52194,1.02148,0.01342,1.08962,0.87312,0.05343,,0.00849,0.0098,0.55
20,61,hybrid,HYBRID_ALPHA0.8_BETA0.2,0.8,0.2,300,1.0,1.53184,1.02584,0.01388,1.09014,0.87447,0.05467,,0.00858,0.00947,0.5
20,61,hybrid,HYBRID_ALPHA0.9_BETA0.1,0.9,0.1,300,1.0,1.53086,1.02505,0.01436,1.08431,0.86962,0.04808,,0.00815,0.01003,0.55
20,61,hybrid,HYBRID_ALPHA0.1_BETA0.9,0.1,0.9,300,0.0,1.58897,1.02718,0.01022,2.50169,1.30044,0.07465,,0.00738,0.03386,0.525
20,61,hybrid,HYBRID_ALPHA0.2_BETA0.8,0.2,0.8,300,0.0,1.55563,1.02364,0.01315,2.44852,1.2951,0.06161,,0.00778,0.04049,0.525
20,61,hybrid,HYBRID_ALPHA0.3_BETA0.7,0.3,0.7,300,0.0,1.55568,1.03695,0.01601,2.15817,1.20331,0.0667,,0.00775,0.04322,0.5
20,61,hybrid,HYBRID_ALPHA0.4_BETA0.6,0.4,0.6,300,0.0,1.45449,0.99191,0.00941,1.08478,0.8568,0.02444,,0.0066,0.01105,0.575
20,61,hybrid,HYBRID_ALPHA0.5_BETA0.5,0.5,0.5,300,0.0,1.49829,1.00192,0.00937,1.07697,0.85522,0.02368,,0.00661,0.01149,0.575
20,61,hybrid,HYBRID_ALPHA0.6_BETA0.4,0.6,0.4,300,0.0,1.50601,1.01361,0.01275,1.08153,0.85568,0.02255,,0.00655,0.01177,0.7
20,61,hybrid,HYBRID_ALPHA0.7_BETA0.3,0.7,0.3,300,0.0,1.52194,1.02148,0.01342,1.0851,0.85558,0.02132,,0.00648,0.01198,0.65
20,61,hybrid,HYBRID_ALPHA0.8_BETA0.2,0.8,0.2,300,0.0,1.53184,1.02584,0.01388,1.09042,0.85804,0.02139,,0.00656,0.012,0.6
20,61,hybrid,HYBRID_ALPHA0.9_BETA0.1,0.9,0.1,300,0.0,1.53086,1.02505,0.01436,1.1031,0.85871,0.02033,,0.00629,0.01308,0.625
20,61,hybrid,HYBRID_ALPHA0.1_BETA0.9,0.1,0.9,500,1.0,1.55379,1.01783,0.00969,1.11546,0.86404,0.04189,,0.00712,0.0133,0.525
20,61,hybrid,HYBRID_ALPHA0.2_BETA0.8,0.2,0.8,500,1.0,1.48915,0.99818,0.00804,1.12304,0.8674,0.04447,,0.00692,0.01292,0.525
20,61,hybrid,HYBRID_ALPHA0.3_BETA0.7,0.3,0.7,500,1.0,1.45856,0.99251,0.00797,1.1253,0.86817,0.0451,,0.00692,0.01273,0.5
20,61,hybrid,HYBRID_ALPHA0.4_BETA0.6,0.4,0.6,500,1.0,1.44592,0.98892,0.00841,1.07971,0.85791,0.03766,,0.00723,0.01264,0.525
20,61,hybrid,HYBRID_ALPHA0.5_BETA0.5,0.5,0.5,500,1.0,1.4428,0.98794,0.00884,1.08262,0.85945,0.03907,,0.00725,0.01241,0.525
20,61,hybrid,HYBRID_ALPHA0.6_BETA0.4,0.6,0.4,500,1.0,1.44311,0.98805,0.00915,1.08002,0.8598,0.03955,,0.0073,0.01206,0.55
20,61,hybrid,HYBRID_ALPHA0.7_BETA0.3,0.7,0.3,500,1.0,1.44308,0.98806,0.00929,1.08472,0.86131,0.04054,,0.00728,0.01191,0.5
20,61,hybrid,HYBRID_ALPHA0.8_BETA0.2,0.8,0.2,500,1.0,1.44348,0.98837,0.00958,1.08734,0.86228,0.04139,,0.00729,0.01174,0.525
20,61,hybrid,HYBRID_ALPHA0.9_BETA0.1,0.9,0.1,500,1.0,1.44174,0.98787,0.00973,1.09043,0.86329,0.04229,,0.00729,0.01161,0.55
20,61,hybrid,HYBRID_ALPHA0.1_BETA0.9,0.1,0.9,500,0.0,1.55379,1.01783,0.00969,1.1541,0.89479,0.05618,,0.00733,0.00987,0.525
20,61,hybrid,HYBRID_ALPHA0.2_BETA0.8,0.2,0.8,500,0.0,1.48915,0.99818,0.00804,1.16652,0.89635,0.05922,,0.00704,0.01015,0.5
20,61,hybrid,HYBRID_ALPHA0.3_BETA0.7,0.3,0.7,500,0.0,1.45856,0.99251,0.00797,1.16256,0.89434,0.05824,,0.00704,0.01032,0.5
20,61,hybrid,HYBRID_ALPHA0.4_BETA0.6,0.4,0.6,500,0.0,1.44592,0.98892,0.00841,1.06462,0.85403,0.03145,,0.00711,0.01144,0.525
20,61,hybrid,HYBRID_ALPHA0.5_BETA0.5,0.5,0.5,500,0.0,1.4428,0.98794,0.00884,1.06603,0.85408,0.03225,,0.00713,0.01145,0.6
20,61,hybrid,HYBRID_ALPHA0.6_BETA0.4,0.6,0.4,500,0.0,1.44311,0.98805,0.00915,1.06281,0.85347,0.03112,,0.00711,0.01158,0.575
20,61,hybrid,HYBRID_ALPHA0.7_BETA0.3,0.7,0.3,500,0.0,1.44308,0.98806,0.00929,1.06717,0.85412,0.03312,,0.00715,0.01152,0.55
20,61,hybrid,HYBRID_ALPHA0.8_BETA0.2,0.8,0.2,500,0.0,1.44348,0.98837,0.00958,1.06998,0.8546,0.03445,,0.00718,0.01148,0.55
20,61,hybrid,HYBRID_ALPHA0.9_BETA0.1,0.9,0.1,500,0.0,1.44174,0.98787,0.00973,1.07343,0.85557,0.03606,,0.00722,0.01142,0.5
20,61,mse,MSE,1.0,0.0,50,1.0,1.83451,1.05147,0.04147,1.477,0.97237,0.05454,,0.0047,0.06424,0.575
20,61,mse,MSE,1.0,0.0,50,0.0,1.83451,1.05147,0.04147,1.2944,0.89922,0.05815,,0.00757,0.03388,0.55
20,61,mse,MSE,1.0,0.0,100,1.0,1.64299,1.00635,0.01385,1.20649,0.88998,0.03259,,0.00413,0.0131,0.55
20,61,mse,MSE,1.0,0.0,100,0.0,1.64299,1.00635,0.01385,1.12356,0.87488,0.0244,,0.00422,0.0148,0.5
20,61,mse,MSE,1.0,0.0,300,1.0,1.49196,1.00199,0.01194,1.12378,0.89066,0.07414,,0.00935,0.01202,0.525
20,61,mse,MSE,1.0,0.0,300,0.0,1.49196,1.00199,0.01194,1.12926,0.89593,0.06767,,0.00895,0.00935,0.5
20,61,mse,MSE,1.0,0.0,500,1.0,1.44011,0.988,0.01001,1.09349,0.8643,0.04324,,0.00729,0.01147,0.525
20,61,mse,MSE,1.0,0.0,500,0.0,1.44011,0.988,0.01001,1.07724,0.85706,0.03764,,0.00724,0.01136,0.5
