Experiment,Seed,Loss,Conf,Alpha,Beta,N,MSE Y,MAE Y,"HSIC(Y,X)",MSE Z,MAE Z,"HSIC(Z,X)","HSIC(Z,Y)",dHSIC Total,MMD,RF Acc
1,42,hsic,HSIC,0.0,1.0,50,1.41026,0.64196,0.34675,6.89891,1.37687,0.10244,0.15405,0.00349,0.01779,0.75
1,42,hsic,HSIC,0.0,1.0,100,1.33041,0.66659,0.34261,5.90273,1.44143,0.19,0.13386,0.00389,0.01887,0.775
1,42,hsic,HSIC,0.0,1.0,300,1.43209,0.59491,0.32157,6.21592,1.34652,0.06825,0.05746,0.00404,0.04473,0.7
1,42,hsic,HSIC,0.0,1.0,500,1.43723,0.59612,0.32032,6.26503,1.42164,0.04242,0.07045,0.00409,0.19178,0.825
1,42,hybrid,HYBRID_ALPHA0.1_BETA0.9,0.1,0.9,50,1.4295,0.61765,0.34259,6.80924,1.35394,0.1133,0.17576,0.00328,0.01589,0.775
1,42,hybrid,HYBRID_ALPHA0.2_BETA0.8,0.2,0.8,50,1.4039,0.60838,0.34385,7.09357,1.42856,0.14448,0.1488,0.00341,0.0203,0.7
1,42,hybrid,HYBRID_ALPHA0.3_BETA0.7,0.3,0.7,50,1.4057,0.6059,0.34367,6.74577,1.34561,0.10913,0.18959,0.00318,0.01783,0.675
1,42,hybrid,HYBRID_ALPHA0.4_BETA0.6,0.4,0.6,50,1.43788,0.60468,0.34042,6.34547,1.29512,0.08732,0.20764,0.00326,0.01879,0.7
1,42,hybrid,HYBRID_ALPHA0.5_BETA0.5,0.5,0.5,50,1.44351,0.60345,0.33932,5.83867,1.34306,0.10823,0.11583,0.00357,0.02287,0.7
1,42,hybrid,HYBRID_ALPHA0.6_BETA0.4,0.6,0.4,50,1.42174,0.60352,0.34175,5.90839,1.31602,0.08083,0.12349,0.00423,0.02525,0.65
1,42,hybrid,HYBRID_ALPHA0.7_BETA0.3,0.7,0.3,50,1.42234,0.60304,0.34162,5.89995,1.34214,0.07287,0.12396,0.004,0.02356,0.75
1,42,hybrid,HYBRID_ALPHA0.8_BETA0.2,0.8,0.2,50,1.42306,0.60246,0.34151,6.28611,1.38721,0.07394,0.12435,0.00392,0.02271,0.75
1,42,hybrid,HYBRID_ALPHA0.9_BETA0.1,0.9,0.1,50,1.40737,0.60292,0.34302,6.27904,1.37674,0.07519,0.12319,0.00398,0.02276,0.75
1,42,hybrid,HYBRID_ALPHA0.1_BETA0.9,0.1,0.9,100,1.33037,0.59907,0.34224,4.91096,1.40116,0.18858,0.13154,0.00389,0.01642,0.775
1,42,hybrid,HYBRID_ALPHA0.2_BETA0.8,0.2,0.8,100,1.31684,0.6207,0.34272,4.67831,1.22187,0.07841,0.05639,0.00315,0.01389,0.7
1,42,hybrid,HYBRID_ALPHA0.3_BETA0.7,0.3,0.7,100,1.38066,0.62265,0.34081,3.56843,1.16042,0.09481,0.05715,0.00307,0.01518,0.7
1,42,hybrid,HYBRID_ALPHA0.4_BETA0.6,0.4,0.6,100,1.39635,0.62183,0.34148,5.37951,1.42669,0.22647,0.10884,0.00371,0.01583,0.725
1,42,hybrid,HYBRID_ALPHA0.5_BETA0.5,0.5,0.5,100,1.62951,0.65044,0.35326,6.40103,1.46187,0.22775,0.11239,0.0039,0.01606,0.75
1,42,hybrid,HYBRID_ALPHA0.6_BETA0.4,0.6,0.4,100,1.65931,0.65481,0.35315,4.84758,1.24707,0.1006,0.05008,0.00276,0.01547,0.675
1,42,hybrid,HYBRID_ALPHA0.7_BETA0.3,0.7,0.3,100,1.65637,0.6532,0.35693,4.43742,1.22021,0.09384,0.04805,0.00283,0.01537,0.7
1,42,hybrid,HYBRID_ALPHA0.8_BETA0.2,0.8,0.2,100,1.65415,0.65267,0.35657,4.057,1.19898,0.09764,0.0457,0.00281,0.01569,0.7
1,42,hybrid,HYBRID_ALPHA0.9_BETA0.1,0.9,0.1,100,1.64551,0.65189,0.35604,3.93453,1.18396,0.10123,0.04614,0.00279,0.01595,0.7
1,42,hybrid,HYBRID_ALPHA0.1_BETA0.9,0.1,0.9,300,1.43183,0.59391,0.32151,4.4957,1.38438,0.22553,0.12764,0.00388,0.03803,0.725
1,42,hybrid,HYBRID_ALPHA0.2_BETA0.8,0.2,0.8,300,1.43165,0.59393,0.32159,1.42588,0.97406,0.06616,0.04849,0.00308,0.01454,0.7
1,42,hybrid,HYBRID_ALPHA0.3_BETA0.7,0.3,0.7,300,1.43138,0.59385,0.32152,1.44006,0.97521,0.06771,0.04733,0.00317,0.01475,0.7
1,42,hybrid,HYBRID_ALPHA0.4_BETA0.6,0.4,0.6,300,1.43118,0.59372,0.32153,1.43807,0.97531,0.06944,0.04411,0.00315,0.01486,0.725
1,42,hybrid,HYBRID_ALPHA0.5_BETA0.5,0.5,0.5,300,1.41598,0.5911,0.32945,1.40554,0.96367,0.06767,0.04215,0.00314,0.01444,0.725
1,42,hybrid,HYBRID_ALPHA0.6_BETA0.4,0.6,0.4,300,1.41606,0.59102,0.32923,1.36851,0.95457,0.06629,0.03932,0.0031,0.01395,0.7
1,42,hybrid,HYBRID_ALPHA0.7_BETA0.3,0.7,0.3,300,1.4062,0.59444,0.33473,1.32784,0.94323,0.06635,0.03672,0.00306,0.01334,0.75
1,42,hybrid,HYBRID_ALPHA0.8_BETA0.2,0.8,0.2,300,1.40931,0.59482,0.33272,1.29956,0.93647,0.07065,0.03526,0.00297,0.01249,0.75
1,42,hybrid,HYBRID_ALPHA0.9_BETA0.1,0.9,0.1,300,1.41109,0.5958,0.33137,1.24578,0.91894,0.06783,0.03633,0.00278,0.01112,0.725
1,42,hybrid,HYBRID_ALPHA0.1_BETA0.9,0.1,0.9,500,1.43685,0.59464,0.32017,1.1072,0.83667,0.02047,0.06097,0.00235,0.02413,0.775
1,42,hybrid,HYBRID_ALPHA0.2_BETA0.8,0.2,0.8,500,1.42891,0.59166,0.32233,1.00958,0.80849,0.02957,0.07008,0.0018,0.02065,0.725
1,42,hybrid,HYBRID_ALPHA0.3_BETA0.7,0.3,0.7,500,1.42076,0.59033,0.32392,0.98921,0.79981,0.03396,0.0754,0.00154,0.02031,0.75
1,42,hybrid,HYBRID_ALPHA0.4_BETA0.6,0.4,0.6,500,1.41184,0.59652,0.32631,0.9725,0.7925,0.03967,0.07693,0.00128,0.02029,0.8
1,42,hybrid,HYBRID_ALPHA0.5_BETA0.5,0.5,0.5,500,1.4031,0.60682,0.33146,0.94961,0.77884,0.04533,0.08184,0.00098,0.02038,0.8
1,42,hybrid,HYBRID_ALPHA0.6_BETA0.4,0.6,0.4,500,1.38895,0.61095,0.3422,0.94089,0.77435,0.05091,0.08403,0.00075,0.01565,0.75
1,42,hybrid,HYBRID_ALPHA0.7_BETA0.3,0.7,0.3,500,1.38731,0.61119,0.34255,0.93883,0.7691,0.05745,0.084,0.00063,0.01504,0.675
1,42,hybrid,HYBRID_ALPHA0.8_BETA0.2,0.8,0.2,500,1.38654,0.61158,0.34278,0.94452,0.77515,0.0651,0.08359,0.00059,0.01508,0.675
1,42,hybrid,HYBRID_ALPHA0.9_BETA0.1,0.9,0.1,500,1.38604,0.61198,0.34289,1.6783,1.06717,0.15607,0.05817,0.00289,0.02734,0.725
1,42,mse,MSE,1.0,0.0,50,1.39629,0.60474,0.34391,650.41739,5.76658,0.16125,0.1962,0.00318,0.01342,0.7
1,42,mse,MSE,1.0,0.0,100,1.64267,0.65106,0.35534,3.94058,1.18092,0.10459,0.04747,0.00272,0.01607,0.725
1,42,mse,MSE,1.0,0.0,300,1.41199,0.59597,0.33005,1.21583,0.91562,0.06792,0.03378,0.00274,0.01051,0.8
1,42,mse,MSE,1.0,0.0,500,1.3857,0.61224,0.34288,1.70018,1.06939,0.16961,0.06171,0.0028,0.02851,0.75
2,43,hsic,HSIC,0.0,1.0,50,1.44622,0.6173,0.33354,7.48153,1.49871,0.11469,0.12427,0.00404,0.05667,0.725
2,43,hsic,HSIC,0.0,1.0,100,1.41513,0.67766,0.36169,6.33252,1.38533,0.08666,0.10312,0.004,0.04441,0.55
2,43,hsic,HSIC,0.0,1.0,300,1.41423,0.64783,0.35266,6.2028,1.33837,0.07721,0.11227,0.0038,0.03014,0.675
2,43,hsic,HSIC,0.0,1.0,500,1.43971,0.59659,0.32187,5.83122,1.39638,0.04389,0.12311,0.00363,0.05245,0.7
2,43,hybrid,HYBRID_ALPHA0.1_BETA0.9,0.1,0.9,50,1.49798,0.64908,0.37117,5.03536,1.39842,0.13257,0.12222,0.0039,0.03766,0.65
2,43,hybrid,HYBRID_ALPHA0.2_BETA0.8,0.2,0.8,50,1.9262,0.75257,0.33552,2.72143,1.10795,0.06722,0.06789,0.00316,0.02522,0.7
2,43,hybrid,HYBRID_ALPHA0.3_BETA0.7,0.3,0.7,50,2.75268,0.76074,0.37747,2.62043,1.12492,0.09771,0.07608,0.00303,0.02898,0.7
2,43,hybrid,HYBRID_ALPHA0.4_BETA0.6,0.4,0.6,50,2.50625,0.70978,0.36291,2.12428,1.09453,0.0883,0.07786,0.00301,0.03006,0.7
2,43,hybrid,HYBRID_ALPHA0.5_BETA0.5,0.5,0.5,50,2.37576,0.70667,0.35716,2.42646,1.11879,0.07694,0.06624,0.00301,0.0307,0.7
2,43,hybrid,HYBRID_ALPHA0.6_BETA0.4,0.6,0.4,50,1.62173,0.65153,0.34832,3234.66743,9.04626,0.10407,0.08313,0.00248,0.03295,0.75
2,43,hybrid,HYBRID_ALPHA0.7_BETA0.3,0.7,0.3,50,8.18108,0.96081,0.38206,4414.08798,10.34696,0.09456,0.08229,0.00284,0.03191,0.725
2,43,hybrid,HYBRID_ALPHA0.8_BETA0.2,0.8,0.2,50,4.37412,0.84772,0.38469,2.1979,1.05528,0.06441,0.05547,0.00372,0.02826,0.65
2,43,hybrid,HYBRID_ALPHA0.9_BETA0.1,0.9,0.1,50,2.43501,0.75331,0.38419,5125.81926,11.03944,0.08439,0.06688,0.00337,0.03198,0.7
2,43,hybrid,HYBRID_ALPHA0.1_BETA0.9,0.1,0.9,100,1.47352,0.59579,0.31871,3.78539,1.205,0.0749,0.11279,0.00389,0.03777,0.575
2,43,hybrid,HYBRID_ALPHA0.2_BETA0.8,0.2,0.8,100,1.47326,0.595,0.31863,2.18665,1.06417,0.0861,0.10353,0.00317,0.03523,0.575
2,43,hybrid,HYBRID_ALPHA0.3_BETA0.7,0.3,0.7,100,1.47317,0.59468,0.31864,2.0614,1.0551,0.08664,0.10633,0.00334,0.03509,0.575
2,43,hybrid,HYBRID_ALPHA0.4_BETA0.6,0.4,0.6,100,1.47307,0.59468,0.31866,5.20293,1.4305,0.21909,0.12084,0.0037,0.03218,0.575
2,43,hybrid,HYBRID_ALPHA0.5_BETA0.5,0.5,0.5,100,1.4731,0.59468,0.31865,4.80563,1.40503,0.21964,0.11675,0.00367,0.03064,0.6
2,43,hybrid,HYBRID_ALPHA0.6_BETA0.4,0.6,0.4,100,1.47309,0.59446,0.31853,4.19811,1.3582,0.21564,0.10355,0.00351,0.02965,0.625
2,43,hybrid,HYBRID_ALPHA0.7_BETA0.3,0.7,0.3,100,1.47279,0.59424,0.31856,15.02697,1.69359,0.21736,0.12096,0.00368,0.01767,0.625
2,43,hybrid,HYBRID_ALPHA0.8_BETA0.2,0.8,0.2,100,1.47273,0.59423,0.31852,9.28769,1.55594,0.2172,0.12097,0.00368,0.01717,0.625
2,43,hybrid,HYBRID_ALPHA0.9_BETA0.1,0.9,0.1,100,1.47265,0.59392,0.31831,5.93909,1.43786,0.21658,0.11497,0.00365,0.01755,0.625
2,43,hybrid,HYBRID_ALPHA0.1_BETA0.9,0.1,0.9,300,1.40316,0.63076,0.35296,4.49228,1.38437,0.22988,0.1269,0.00396,0.03149,0.65
2,43,hybrid,HYBRID_ALPHA0.2_BETA0.8,0.2,0.8,300,1.39728,0.61972,0.35286,4.48987,1.38412,0.22985,0.12691,0.00397,0.03147,0.65
2,43,hybrid,HYBRID_ALPHA0.3_BETA0.7,0.3,0.7,300,1.3767,0.61228,0.3482,3.02571,1.07144,0.03676,0.08817,0.00341,0.01985,0.625
2,43,hybrid,HYBRID_ALPHA0.4_BETA0.6,0.4,0.6,300,1.37669,0.61229,0.34822,2.85896,1.04713,0.03102,0.0907,0.00314,0.01873,0.65
2,43,hybrid,HYBRID_ALPHA0.5_BETA0.5,0.5,0.5,300,1.37658,0.61232,0.34822,2.78326,1.08569,0.05267,0.10091,0.00335,0.01885,0.675
2,43,hybrid,HYBRID_ALPHA0.6_BETA0.4,0.6,0.4,300,1.37653,0.61219,0.34822,2.10088,1.08696,0.09858,0.10289,0.0033,0.01525,0.625
2,43,hybrid,HYBRID_ALPHA0.7_BETA0.3,0.7,0.3,300,1.37652,0.61221,0.34822,1.93644,1.0622,0.09284,0.09848,0.00317,0.01456,0.625
2,43,hybrid,HYBRID_ALPHA0.8_BETA0.2,0.8,0.2,300,1.37694,0.6122,0.34818,1.66866,1.02424,0.08753,0.09306,0.0031,0.01345,0.625
2,43,hybrid,HYBRID_ALPHA0.9_BETA0.1,0.9,0.1,300,1.37868,0.61105,0.34842,1.57141,1.00384,0.08165,0.09025,0.00304,0.0131,0.6
2,43,hybrid,HYBRID_ALPHA0.1_BETA0.9,0.1,0.9,500,1.43954,0.59661,0.32197,4.02287,1.10143,0.03707,0.10396,0.00354,0.04633,0.7
2,43,hybrid,HYBRID_ALPHA0.2_BETA0.8,0.2,0.8,500,1.43942,0.59662,0.322,1.11733,0.85325,0.02852,0.04539,0.00201,0.01781,0.725
2,43,hybrid,HYBRID_ALPHA0.3_BETA0.7,0.3,0.7,500,1.43935,0.59661,0.32196,1.05838,0.8355,0.03886,0.04558,0.00179,0.01799,0.675
2,43,hybrid,HYBRID_ALPHA0.4_BETA0.6,0.4,0.6,500,1.43928,0.5963,0.32196,1.02805,0.82794,0.05108,0.04163,0.00166,0.01769,0.625
2,43,hybrid,HYBRID_ALPHA0.5_BETA0.5,0.5,0.5,500,1.43925,0.59613,0.32181,1.01734,0.83035,0.05508,0.03838,0.00158,0.01756,0.625
2,43,hybrid,HYBRID_ALPHA0.6_BETA0.4,0.6,0.4,500,1.43903,0.59588,0.32185,1.03197,0.82806,0.0501,0.04826,0.00151,0.02013,0.65
2,43,hybrid,HYBRID_ALPHA0.7_BETA0.3,0.7,0.3,500,1.439,0.59573,0.32165,1.03042,0.82975,0.05391,0.04887,0.00146,0.01996,0.625
2,43,hybrid,HYBRID_ALPHA0.8_BETA0.2,0.8,0.2,500,1.43894,0.59544,0.32162,1.03823,0.83524,0.05822,0.04902,0.00148,0.01937,0.625
2,43,hybrid,HYBRID_ALPHA0.9_BETA0.1,0.9,0.1,500,1.43894,0.59543,0.32163,1.04575,0.8392,0.06008,0.05305,0.00155,0.01613,0.65
2,43,mse,MSE,1.0,0.0,50,2.20333,0.71583,0.37016,5158.42844,11.17423,0.07978,0.04488,0.00382,0.03876,0.725
2,43,mse,MSE,1.0,0.0,100,1.47261,0.59335,0.31798,4.42889,1.35735,0.20904,0.09947,0.00346,0.01899,0.625
2,43,mse,MSE,1.0,0.0,300,1.38324,0.60748,0.35102,1.50174,0.98263,0.07087,0.08835,0.00293,0.01271,0.6
2,43,mse,MSE,1.0,0.0,500,1.43881,0.59481,0.32153,1.06585,0.84928,0.06985,0.05476,0.00161,0.01518,0.725
3,44,hsic,HSIC,0.0,1.0,50,1.54555,0.59684,0.309,6.30499,1.51993,0.22005,0.15683,0.00371,0.0423,0.65
3,44,hsic,HSIC,0.0,1.0,100,1.50327,0.58818,0.30093,6.07326,1.34855,0.10667,0.13046,0.00373,0.01028,0.65
3,44,hsic,HSIC,0.0,1.0,300,1.45996,0.74968,0.3511,5.72678,1.30226,0.10065,0.10558,0.00365,0.01397,0.7
3,44,hsic,HSIC,0.0,1.0,500,1.38799,0.64517,0.3477,6.06962,1.35709,0.0894,0.09532,0.00396,0.03753,0.65
3,44,hybrid,HYBRID_ALPHA0.1_BETA0.9,0.1,0.9,50,1.5454,0.59676,0.30896,5.30627,1.472,0.22416,0.15422,0.00373,0.03614,0.675
3,44,hybrid,HYBRID_ALPHA0.2_BETA0.8,0.2,0.8,50,1.54516,0.596,0.30914,5.43672,1.47847,0.22711,0.15262,0.00372,0.03573,0.725
3,44,hybrid,HYBRID_ALPHA0.3_BETA0.7,0.3,0.7,50,1.80193,0.62274,0.3407,6.10138,1.52727,0.23508,0.15687,0.00359,0.0395,0.7
3,44,hybrid,HYBRID_ALPHA0.4_BETA0.6,0.4,0.6,50,1.92421,0.70946,0.36084,6.10096,1.5272,0.23515,0.15688,0.00371,0.03354,0.75
3,44,hybrid,HYBRID_ALPHA0.5_BETA0.5,0.5,0.5,50,1.63336,0.66989,0.36305,6.09636,1.52696,0.23523,0.15689,0.00403,0.03386,0.725
3,44,hybrid,HYBRID_ALPHA0.6_BETA0.4,0.6,0.4,50,1.84476,0.6928,0.37062,6.0966,1.52695,0.23512,0.1567,0.0039,0.03312,0.725
3,44,hybrid,HYBRID_ALPHA0.7_BETA0.3,0.7,0.3,50,1.82793,0.69034,0.36774,6.09661,1.52693,0.23513,0.15659,0.00389,0.03335,0.675
3,44,hybrid,HYBRID_ALPHA0.8_BETA0.2,0.8,0.2,50,1.77113,0.68018,0.3643,6.09661,1.52693,0.23513,0.15659,0.0039,0.03382,0.775
3,44,hybrid,HYBRID_ALPHA0.9_BETA0.1,0.9,0.1,50,1.70334,0.67031,0.35956,6.0888,1.52646,0.23503,0.1565,0.00375,0.0345,0.775
3,44,hybrid,HYBRID_ALPHA0.1_BETA0.9,0.1,0.9,100,1.50671,0.58861,0.30005,6.15435,1.31383,0.08246,0.1294,0.00364,0.00885,0.7
3,44,hybrid,HYBRID_ALPHA0.2_BETA0.8,0.2,0.8,100,1.50938,0.58841,0.29929,5.29407,1.41128,0.22921,0.12811,0.00372,0.01557,0.675
3,44,hybrid,HYBRID_ALPHA0.3_BETA0.7,0.3,0.7,100,1.50949,0.58892,0.29935,5.52112,1.40484,0.21192,0.12601,0.00377,0.01483,0.675
3,44,hybrid,HYBRID_ALPHA0.4_BETA0.6,0.4,0.6,100,1.50966,0.58938,0.29952,5.45015,1.40368,0.21522,0.12592,0.00375,0.01497,0.6
3,44,hybrid,HYBRID_ALPHA0.5_BETA0.5,0.5,0.5,100,1.50975,0.58984,0.29963,5.50871,1.40546,0.21679,0.12586,0.00374,0.01508,0.6
3,44,hybrid,HYBRID_ALPHA0.6_BETA0.4,0.6,0.4,100,1.51022,0.59002,0.2996,5.60297,1.3867,0.2021,0.1248,0.00371,0.0144,0.675
3,44,hybrid,HYBRID_ALPHA0.7_BETA0.3,0.7,0.3,100,1.51043,0.59029,0.29959,5.51328,1.23589,0.08105,0.08954,0.00373,0.00951,0.675
3,44,hybrid,HYBRID_ALPHA0.8_BETA0.2,0.8,0.2,100,1.51044,0.59032,0.2996,4.81613,1.34612,0.19918,0.12382,0.0036,0.0144,0.625
3,44,hybrid,HYBRID_ALPHA0.9_BETA0.1,0.9,0.1,100,1.51033,0.59037,0.29962,4.75349,1.34207,0.19767,0.12354,0.0036,0.01463,0.625
3,44,hybrid,HYBRID_ALPHA0.1_BETA0.9,0.1,0.9,300,1.4478,0.59429,0.31967,5.67479,1.3112,0.11741,0.10524,0.00388,0.01571,0.675
3,44,hybrid,HYBRID_ALPHA0.2_BETA0.8,0.2,0.8,300,1.44768,0.59345,0.31936,3.69694,1.16962,0.07036,0.08971,0.00383,0.01164,0.7
3,44,hybrid,HYBRID_ALPHA0.3_BETA0.7,0.3,0.7,300,1.44755,0.59284,0.31939,1.36771,0.91326,0.04493,0.07127,0.00295,0.01173,0.7
3,44,hybrid,HYBRID_ALPHA0.4_BETA0.6,0.4,0.6,300,1.44748,0.5922,0.31929,1.19062,0.87385,0.06342,0.07592,0.00217,0.01092,0.7
3,44,hybrid,HYBRID_ALPHA0.5_BETA0.5,0.5,0.5,300,1.44748,0.59218,0.31934,1.15091,0.86532,0.06874,0.07219,0.00216,0.01098,0.725
3,44,hybrid,HYBRID_ALPHA0.6_BETA0.4,0.6,0.4,300,1.44747,0.59211,0.31938,1.06406,0.84745,0.07228,0.07033,0.00196,0.01104,0.725
3,44,hybrid,HYBRID_ALPHA0.7_BETA0.3,0.7,0.3,300,1.44712,0.59219,0.3197,1.03121,0.83693,0.0773,0.0743,0.00149,0.01109,0.725
3,44,hybrid,HYBRID_ALPHA0.8_BETA0.2,0.8,0.2,300,1.44615,0.59238,0.32024,1.02039,0.83137,0.08094,0.07659,0.00121,0.01102,0.725
3,44,hybrid,HYBRID_ALPHA0.9_BETA0.1,0.9,0.1,300,1.44614,0.59234,0.32023,1.01176,0.82429,0.08155,0.07455,0.00113,0.01107,0.7
3,44,hybrid,HYBRID_ALPHA0.1_BETA0.9,0.1,0.9,500,1.37623,0.61106,0.34816,4.3244,1.3812,0.22871,0.12763,0.00395,0.0308,0.625
3,44,hybrid,HYBRID_ALPHA0.2_BETA0.8,0.2,0.8,500,1.37629,0.61108,0.34815,3.62952,1.19122,0.08356,0.11007,0.00384,0.02687,0.65
3,44,hybrid,HYBRID_ALPHA0.3_BETA0.7,0.3,0.7,500,1.39195,0.60423,0.34148,1.66802,0.91677,0.04082,0.06063,0.00256,0.01124,0.625
3,44,hybrid,HYBRID_ALPHA0.4_BETA0.6,0.4,0.6,500,1.39353,0.60228,0.34118,1.72137,0.90501,0.04705,0.05777,0.00235,0.01158,0.65
3,44,hybrid,HYBRID_ALPHA0.5_BETA0.5,0.5,0.5,500,1.39448,0.60179,0.34118,1.79215,0.89701,0.0527,0.05733,0.00217,0.0118,0.675
3,44,hybrid,HYBRID_ALPHA0.6_BETA0.4,0.6,0.4,500,1.39554,0.6017,0.34121,1.85498,0.8938,0.05589,0.05694,0.00207,0.01203,0.7
3,44,hybrid,HYBRID_ALPHA0.7_BETA0.3,0.7,0.3,500,1.39653,0.60169,0.34117,1.70317,0.88274,0.05474,0.05612,0.00195,0.01239,0.725
3,44,hybrid,HYBRID_ALPHA0.8_BETA0.2,0.8,0.2,500,1.39739,0.60178,0.34114,1.55669,0.87116,0.05571,0.05675,0.00196,0.01152,0.65
3,44,hybrid,HYBRID_ALPHA0.9_BETA0.1,0.9,0.1,500,1.39814,0.60185,0.34115,1.51467,0.87004,0.05545,0.05642,0.00192,0.01161,0.7
3,44,mse,MSE,1.0,0.0,50,1.72858,0.6693,0.36449,6.08864,1.52645,0.23503,0.15649,0.00377,0.03448,0.775
3,44,mse,MSE,1.0,0.0,100,1.50884,0.59054,0.30002,4.73556,1.3406,0.1963,0.12293,0.0036,0.01497,0.625
3,44,mse,MSE,1.0,0.0,300,1.44625,0.59233,0.32024,1.00476,0.8151,0.08579,0.07249,0.00116,0.01102,0.7
3,44,mse,MSE,1.0,0.0,500,1.3988,0.60197,0.34112,1.4808,0.86735,0.05606,0.05704,0.00184,0.01194,0.675
4,45,hsic,HSIC,0.0,1.0,50,1.59151,0.66733,0.34932,5.7297,1.48252,0.23144,0.15305,0.00308,0.02509,0.7
4,45,hsic,HSIC,0.0,1.0,100,1.57754,0.59432,0.30419,6.04054,1.39603,0.09505,0.07472,0.00401,0.01642,0.6
4,45,hsic,HSIC,0.0,1.0,300,1.39928,0.59856,0.34088,6.31958,1.4075,0.0558,0.09923,0.00402,0.02572,0.625
4,45,hsic,HSIC,0.0,1.0,500,1.43506,0.59659,0.32197,6.19335,1.41178,0.06502,0.08195,0.00423,0.01108,0.7
4,45,hybrid,HYBRID_ALPHA0.1_BETA0.9,0.1,0.9,50,2.05583,0.77055,0.379,5.54818,1.46501,0.22382,0.15012,0.00335,0.02242,0.75
4,45,hybrid,HYBRID_ALPHA0.2_BETA0.8,0.2,0.8,50,2.70303,0.82133,0.37643,5.53526,1.46385,0.22365,0.14942,0.00342,0.02171,0.75
4,45,hybrid,HYBRID_ALPHA0.3_BETA0.7,0.3,0.7,50,3.78718,0.88304,0.37288,5.49,1.46035,0.22249,0.14862,0.00328,0.021,0.725
4,45,hybrid,HYBRID_ALPHA0.4_BETA0.6,0.4,0.6,50,3.50514,0.86254,0.3761,5.47089,1.4582,0.22045,0.14796,0.00327,0.02029,0.675
4,45,hybrid,HYBRID_ALPHA0.5_BETA0.5,0.5,0.5,50,3.31972,0.8304,0.37826,8.62723,1.56354,0.17368,0.08415,0.00329,0.01955,0.775
4,45,hybrid,HYBRID_ALPHA0.6_BETA0.4,0.6,0.4,50,2.97807,0.80076,0.37697,4.6079,1.27504,0.12918,0.05265,0.003,0.01654,0.775
4,45,hybrid,HYBRID_ALPHA0.7_BETA0.3,0.7,0.3,50,2.79852,0.78308,0.3785,6.92721,1.40007,0.13227,0.06561,0.00325,0.01602,0.8
4,45,hybrid,HYBRID_ALPHA0.8_BETA0.2,0.8,0.2,50,2.79036,0.77696,0.3626,10.82212,1.4374,0.15493,0.07036,0.00276,0.0158,0.75
4,45,hybrid,HYBRID_ALPHA0.9_BETA0.1,0.9,0.1,50,2.58917,0.76882,0.37752,11.42841,1.47195,0.14072,0.07958,0.00268,0.01514,0.8
4,45,hybrid,HYBRID_ALPHA0.1_BETA0.9,0.1,0.9,100,1.5774,0.59355,0.304,5.73822,1.39437,0.10287,0.08844,0.00426,0.01552,0.6
4,45,hybrid,HYBRID_ALPHA0.2_BETA0.8,0.2,0.8,100,1.57787,0.59359,0.30372,5.31475,1.30862,0.0993,0.06305,0.00402,0.01569,0.65
4,45,hybrid,HYBRID_ALPHA0.3_BETA0.7,0.3,0.7,100,1.57954,0.59347,0.30333,3.8448,1.23553,0.1307,0.07466,0.00352,0.01215,0.675
4,45,hybrid,HYBRID_ALPHA0.4_BETA0.6,0.4,0.6,100,1.5796,0.59346,0.30335,5.11541,1.22343,0.10574,0.04624,0.00318,0.01211,0.725
4,45,hybrid,HYBRID_ALPHA0.5_BETA0.5,0.5,0.5,100,1.57968,0.59333,0.30326,3.31226,1.13471,0.085,0.03182,0.00307,0.0164,0.75
4,45,hybrid,HYBRID_ALPHA0.6_BETA0.4,0.6,0.4,100,1.57968,0.59333,0.30326,3.05507,1.15229,0.09704,0.03263,0.00314,0.01654,0.725
4,45,hybrid,HYBRID_ALPHA0.7_BETA0.3,0.7,0.3,100,1.57966,0.59323,0.30318,2.9936,1.15444,0.08948,0.03167,0.00345,0.01491,0.725
4,45,hybrid,HYBRID_ALPHA0.8_BETA0.2,0.8,0.2,100,1.57965,0.59323,0.30318,3.11726,1.16286,0.08435,0.03449,0.00372,0.01425,0.7
4,45,hybrid,HYBRID_ALPHA0.9_BETA0.1,0.9,0.1,100,1.57962,0.59314,0.3031,3.27265,1.17435,0.08363,0.03526,0.00371,0.01408,0.7
4,45,hybrid,HYBRID_ALPHA0.1_BETA0.9,0.1,0.9,300,1.38875,0.59957,0.34512,4.2056,1.37675,0.22852,0.12759,0.00401,0.02418,0.65
4,45,hybrid,HYBRID_ALPHA0.2_BETA0.8,0.2,0.8,300,1.39227,0.59919,0.34532,2.7471,1.11178,0.04654,0.11268,0.00351,0.0175,0.65
4,45,hybrid,HYBRID_ALPHA0.3_BETA0.7,0.3,0.7,300,1.3962,0.60009,0.34628,1.3919,0.9631,0.04029,0.08887,0.00278,0.01201,0.725
4,45,hybrid,HYBRID_ALPHA0.4_BETA0.6,0.4,0.6,300,1.38043,0.61385,0.34885,1.37205,0.95312,0.04188,0.08556,0.00274,0.01206,0.65
4,45,hybrid,HYBRID_ALPHA0.5_BETA0.5,0.5,0.5,300,2.06323,0.66566,0.34728,1.36917,0.94966,0.04361,0.0847,0.00283,0.01,0.65
4,45,hybrid,HYBRID_ALPHA0.6_BETA0.4,0.6,0.4,300,2.16235,0.65416,0.33395,1.36665,0.94837,0.04622,0.08375,0.00293,0.00989,0.7
4,45,hybrid,HYBRID_ALPHA0.7_BETA0.3,0.7,0.3,300,2.19196,0.67569,0.35441,1.36648,0.94821,0.04846,0.08284,0.00289,0.00987,0.65
4,45,hybrid,HYBRID_ALPHA0.8_BETA0.2,0.8,0.2,300,2.22058,0.68603,0.34845,1.3672,0.94875,0.05078,0.08168,0.0029,0.00999,0.625
4,45,hybrid,HYBRID_ALPHA0.9_BETA0.1,0.9,0.1,300,2.08953,0.67023,0.34807,1.36537,0.94754,0.05179,0.08076,0.00291,0.01006,0.65
4,45,hybrid,HYBRID_ALPHA0.1_BETA0.9,0.1,0.9,500,1.43502,0.59659,0.32197,4.84598,1.14036,0.03548,0.08795,0.00362,0.00739,0.7
4,45,hybrid,HYBRID_ALPHA0.2_BETA0.8,0.2,0.8,500,1.43501,0.59656,0.32197,1.02847,0.83037,0.03945,0.07293,0.00144,0.00885,0.675
4,45,hybrid,HYBRID_ALPHA0.3_BETA0.7,0.3,0.7,500,1.43494,0.59623,0.32194,0.99825,0.81865,0.04315,0.07482,0.00133,0.00903,0.65
4,45,hybrid,HYBRID_ALPHA0.4_BETA0.6,0.4,0.6,500,1.43471,0.59501,0.32185,1.13459,0.85117,0.03997,0.0611,0.00234,0.00844,0.7
4,45,hybrid,HYBRID_ALPHA0.5_BETA0.5,0.5,0.5,500,1.43467,0.5947,0.32175,1.15492,0.84353,0.04558,0.06306,0.00217,0.00853,0.7
4,45,hybrid,HYBRID_ALPHA0.6_BETA0.4,0.6,0.4,500,1.43458,0.59434,0.32153,1.14888,0.83569,0.05118,0.06433,0.00199,0.00868,0.7
4,45,hybrid,HYBRID_ALPHA0.7_BETA0.3,0.7,0.3,500,1.43426,0.59346,0.32146,1.11914,0.82728,0.05339,0.06727,0.00182,0.00879,0.75
4,45,hybrid,HYBRID_ALPHA0.8_BETA0.2,0.8,0.2,500,1.4342,0.59322,0.32126,1.11988,0.82523,0.05492,0.06788,0.00174,0.00883,0.8
4,45,hybrid,HYBRID_ALPHA0.9_BETA0.1,0.9,0.1,500,1.43047,0.59245,0.32332,1.12357,0.82369,0.05608,0.06889,0.00165,0.00889,0.775
4,45,mse,MSE,1.0,0.0,50,2.4573,0.76048,0.37582,7.35564,1.4265,0.12393,0.06537,0.00321,0.0156,0.8
4,45,mse,MSE,1.0,0.0,100,1.57962,0.59314,0.3031,3.24048,1.1733,0.08404,0.03677,0.0037,0.01383,0.7
4,45,mse,MSE,1.0,0.0,300,2.13959,0.67474,0.35075,1.36093,0.94371,0.05056,0.08129,0.00288,0.01005,0.625
4,45,mse,MSE,1.0,0.0,500,1.43039,0.59175,0.32296,1.13239,0.82122,0.05691,0.07179,0.00153,0.009,0.7
5,46,hsic,HSIC,0.0,1.0,50,1.65243,0.60494,0.27918,6.09922,1.41907,0.10927,0.10581,0.00336,0.01907,0.7
5,46,hsic,HSIC,0.0,1.0,100,1.57449,0.59625,0.30312,5.86033,1.24366,0.05886,0.10445,0.00346,0.02763,0.7
5,46,hsic,HSIC,0.0,1.0,300,1.41175,0.64304,0.34553,5.85868,1.37424,0.09279,0.08682,0.00395,0.01493,0.675
5,46,hsic,HSIC,0.0,1.0,500,1.43543,0.59595,0.32037,6.74522,1.36958,0.07864,0.08122,0.00381,0.01642,0.65
5,46,hybrid,HYBRID_ALPHA0.1_BETA0.9,0.1,0.9,50,1.65189,0.60388,0.27944,27.80459,2.05168,0.11558,0.08101,0.00388,0.02169,0.675
5,46,hybrid,HYBRID_ALPHA0.2_BETA0.8,0.2,0.8,50,1.69813,0.60245,0.2862,28.5179,2.07138,0.17875,0.11373,0.00369,0.01919,0.65
5,46,hybrid,HYBRID_ALPHA0.3_BETA0.7,0.3,0.7,50,1.70111,0.60189,0.28932,6.63239,1.4912,0.19084,0.11818,0.00362,0.01931,0.625
5,46,hybrid,HYBRID_ALPHA0.4_BETA0.6,0.4,0.6,50,1.73868,0.61697,0.29257,4.90135,1.3768,0.21453,0.1212,0.00369,0.01977,0.625
5,46,hybrid,HYBRID_ALPHA0.5_BETA0.5,0.5,0.5,50,1.65715,0.59594,0.28253,5.07772,1.40624,0.2269,0.12757,0.00367,0.02053,0.65
5,46,hybrid,HYBRID_ALPHA0.6_BETA0.4,0.6,0.4,50,1.71654,0.62554,0.28669,5.07784,1.40627,0.22693,0.12755,0.00366,0.0205,0.675
5,46,hybrid,HYBRID_ALPHA0.7_BETA0.3,0.7,0.3,50,1.66581,0.62382,0.27815,5.07802,1.40632,0.22699,0.12763,0.00365,0.02055,0.65
5,46,hybrid,HYBRID_ALPHA0.8_BETA0.2,0.8,0.2,50,1.61396,0.61924,0.28037,5.07741,1.40628,0.22698,0.12763,0.00368,0.02064,0.65
5,46,hybrid,HYBRID_ALPHA0.9_BETA0.1,0.9,0.1,50,1.4416,0.59013,0.30173,5.08159,1.40657,0.22703,0.12751,0.0039,0.02003,0.65
5,46,hybrid,HYBRID_ALPHA0.1_BETA0.9,0.1,0.9,100,1.57393,0.59635,0.30372,6.2355,1.18712,0.03795,0.05816,0.00375,0.02711,0.7
5,46,hybrid,HYBRID_ALPHA0.2_BETA0.8,0.2,0.8,100,1.69347,0.67717,0.36816,1.27904,0.89456,0.03419,0.05381,0.00286,0.01993,0.7
5,46,hybrid,HYBRID_ALPHA0.3_BETA0.7,0.3,0.7,100,1.65219,0.66696,0.35605,1.35024,0.90919,0.03816,0.04718,0.00278,0.02191,0.725
5,46,hybrid,HYBRID_ALPHA0.4_BETA0.6,0.4,0.6,100,1.67127,0.66938,0.36137,1.23136,0.88304,0.04004,0.04682,0.00227,0.02291,0.725
5,46,hybrid,HYBRID_ALPHA0.5_BETA0.5,0.5,0.5,100,1.68043,0.66742,0.35933,1.24032,0.89417,0.04054,0.04288,0.00256,0.0234,0.775
5,46,hybrid,HYBRID_ALPHA0.6_BETA0.4,0.6,0.4,100,1.68659,0.66872,0.3604,1.27801,0.91145,0.04046,0.03983,0.00283,0.02358,0.7
5,46,hybrid,HYBRID_ALPHA0.7_BETA0.3,0.7,0.3,100,1.6975,0.67124,0.36135,1.31963,0.92755,0.04371,0.03603,0.00295,0.02358,0.7
5,46,hybrid,HYBRID_ALPHA0.8_BETA0.2,0.8,0.2,100,1.69456,0.67271,0.35981,1.36005,0.93984,0.04365,0.0349,0.00301,0.02363,0.725
5,46,hybrid,HYBRID_ALPHA0.9_BETA0.1,0.9,0.1,100,1.69612,0.67494,0.35923,1.40138,0.9509,0.04293,0.03549,0.00308,0.02369,0.725
5,46,hybrid,HYBRID_ALPHA0.1_BETA0.9,0.1,0.9,300,1.4508,0.59731,0.33133,3.61903,1.20334,0.09056,0.08899,0.00383,0.01322,0.725
5,46,hybrid,HYBRID_ALPHA0.2_BETA0.8,0.2,0.8,300,1.4114,0.59722,0.3392,1.43735,0.97314,0.08468,0.05514,0.00285,0.01282,0.625
5,46,hybrid,HYBRID_ALPHA0.3_BETA0.7,0.3,0.7,300,1.41033,0.59981,0.34016,1.40993,0.9603,0.09033,0.05999,0.00262,0.01287,0.625
5,46,hybrid,HYBRID_ALPHA0.4_BETA0.6,0.4,0.6,300,1.43205,0.59561,0.33652,1.32897,0.9297,0.06952,0.04425,0.00292,0.01159,0.65
5,46,hybrid,HYBRID_ALPHA0.5_BETA0.5,0.5,0.5,300,1.44386,0.59441,0.33376,1.32122,0.92695,0.06446,0.04325,0.00309,0.01133,0.675
5,46,hybrid,HYBRID_ALPHA0.6_BETA0.4,0.6,0.4,300,1.44384,0.59584,0.33307,1.31205,0.92281,0.06362,0.04359,0.00309,0.01145,0.675
5,46,hybrid,HYBRID_ALPHA0.7_BETA0.3,0.7,0.3,300,1.44449,0.59759,0.33228,1.28719,0.91366,0.0621,0.04309,0.00304,0.0116,0.65
5,46,hybrid,HYBRID_ALPHA0.8_BETA0.2,0.8,0.2,300,1.4448,0.59892,0.33148,1.7055,0.89586,0.05541,0.05251,0.00203,0.01227,0.725
5,46,hybrid,HYBRID_ALPHA0.9_BETA0.1,0.9,0.1,300,1.46138,0.59312,0.32447,1.67779,0.89164,0.05382,0.05397,0.00198,0.01221,0.725
5,46,hybrid,HYBRID_ALPHA0.1_BETA0.9,0.1,0.9,500,1.43538,0.59489,0.32046,6.56575,1.19792,0.06832,0.0599,0.00417,0.01394,0.55
5,46,hybrid,HYBRID_ALPHA0.2_BETA0.8,0.2,0.8,500,1.43553,0.59448,0.32028,4.92715,1.07755,0.04375,0.05738,0.00295,0.00891,0.7
5,46,hybrid,HYBRID_ALPHA0.3_BETA0.7,0.3,0.7,500,1.44171,0.5914,0.31983,4.85814,1.04853,0.05351,0.05866,0.00259,0.0095,0.625
5,46,hybrid,HYBRID_ALPHA0.4_BETA0.6,0.4,0.6,500,1.44343,0.59073,0.31988,4.78403,1.0393,0.05324,0.05983,0.00239,0.01027,0.675
5,46,hybrid,HYBRID_ALPHA0.5_BETA0.5,0.5,0.5,500,1.46649,0.5873,0.3176,4.80365,1.02998,0.05439,0.06316,0.00253,0.00997,0.7
5,46,hybrid,HYBRID_ALPHA0.6_BETA0.4,0.6,0.4,500,1.48135,0.5879,0.31244,4.78394,1.01955,0.05559,0.06519,0.00245,0.01008,0.65
5,46,hybrid,HYBRID_ALPHA0.7_BETA0.3,0.7,0.3,500,1.49113,0.58603,0.31028,4.8003,1.02551,0.05115,0.06217,0.00259,0.01015,0.7
5,46,hybrid,HYBRID_ALPHA0.8_BETA0.2,0.8,0.2,500,1.49051,0.58639,0.30894,4.69171,1.02088,0.0512,0.06416,0.00254,0.01026,0.65
5,46,hybrid,HYBRID_ALPHA0.9_BETA0.1,0.9,0.1,500,1.49503,0.58616,0.30819,4.609,1.01725,0.05114,0.06593,0.00252,0.01033,0.675
5,46,mse,MSE,1.0,0.0,50,1.57889,0.59781,0.30172,5.08156,1.40658,0.22702,0.1275,0.00377,0.02074,0.6
5,46,mse,MSE,1.0,0.0,100,1.69253,0.67574,0.35767,1.5329,0.97842,0.04432,0.03408,0.00317,0.024,0.675
5,46,mse,MSE,1.0,0.0,300,1.46113,0.59325,0.3247,1.67106,0.88705,0.05354,0.05634,0.00193,0.01211,0.725
5,46,mse,MSE,1.0,0.0,500,1.49738,0.58613,0.30716,4.54049,1.01506,0.05226,0.0674,0.00247,0.01039,0.675
6,47,hsic,HSIC,0.0,1.0,50,1.52351,0.68526,0.34545,6.14565,1.445,0.19865,0.13583,0.004,0.02031,0.725
6,47,hsic,HSIC,0.0,1.0,100,1.51856,0.59452,0.31281,5.90827,1.24886,0.04779,0.11957,0.00349,0.02719,0.75
6,47,hsic,HSIC,0.0,1.0,300,1.43853,0.59411,0.31933,6.74991,1.38542,0.08327,0.09338,0.00404,0.01349,0.625
6,47,hsic,HSIC,0.0,1.0,500,1.43383,0.59036,0.31991,6.65722,1.41106,0.07709,0.07109,0.00406,0.00864,0.7
6,47,hybrid,HYBRID_ALPHA0.1_BETA0.9,0.1,0.9,50,1.55947,0.60269,0.31141,6.24985,1.44507,0.19676,0.13232,0.00401,0.02109,0.65
6,47,hybrid,HYBRID_ALPHA0.2_BETA0.8,0.2,0.8,50,1.5592,0.60204,0.31149,5.21724,1.42,0.21374,0.13943,0.00363,0.02192,0.675
6,47,hybrid,HYBRID_ALPHA0.3_BETA0.7,0.3,0.7,50,1.55811,0.60098,0.31202,2.33799,1.12591,0.07986,0.04543,0.00383,0.03155,0.725
6,47,hybrid,HYBRID_ALPHA0.4_BETA0.6,0.4,0.6,50,1.55803,0.60087,0.31205,2.4106,1.14577,0.08732,0.05743,0.0037,0.03213,0.725
6,47,hybrid,HYBRID_ALPHA0.5_BETA0.5,0.5,0.5,50,1.55786,0.60091,0.31212,2.04674,1.11583,0.11053,0.05971,0.0035,0.03073,0.7
6,47,hybrid,HYBRID_ALPHA0.6_BETA0.4,0.6,0.4,50,1.55785,0.60098,0.31222,2.04499,1.11004,0.10121,0.05505,0.00358,0.03115,0.675
6,47,hybrid,HYBRID_ALPHA0.7_BETA0.3,0.7,0.3,50,1.55783,0.60092,0.31221,2.21871,1.14486,0.11756,0.06114,0.00391,0.02909,0.7
6,47,hybrid,HYBRID_ALPHA0.8_BETA0.2,0.8,0.2,50,1.55784,0.6009,0.31221,3.36352,1.29102,0.18206,0.08334,0.00359,0.02673,0.725
6,47,hybrid,HYBRID_ALPHA0.9_BETA0.1,0.9,0.1,50,1.55784,0.6009,0.31221,2.83378,1.22045,0.16187,0.06654,0.00346,0.02807,0.725
6,47,hybrid,HYBRID_ALPHA0.1_BETA0.9,0.1,0.9,100,1.51535,0.59421,0.31187,6.22397,1.23864,0.05436,0.10182,0.00371,0.02655,0.625
6,47,hybrid,HYBRID_ALPHA0.2_BETA0.8,0.2,0.8,100,1.51478,0.59404,0.31198,4.64025,1.13242,0.03245,0.07565,0.00286,0.01197,0.725
6,47,hybrid,HYBRID_ALPHA0.3_BETA0.7,0.3,0.7,100,1.51461,0.59405,0.31196,4.2908,1.09199,0.03124,0.0829,0.0028,0.01194,0.7
6,47,hybrid,HYBRID_ALPHA0.4_BETA0.6,0.4,0.6,100,1.51455,0.59407,0.31202,4.34904,1.06476,0.02859,0.08146,0.00269,0.01162,0.725
6,47,hybrid,HYBRID_ALPHA0.5_BETA0.5,0.5,0.5,100,1.51271,0.594,0.31233,3.55225,1.00269,0.02481,0.07498,0.00256,0.01235,0.75
6,47,hybrid,HYBRID_ALPHA0.6_BETA0.4,0.6,0.4,100,1.39988,0.59966,0.31767,3.72835,0.99595,0.02405,0.07226,0.00237,0.01206,0.75
6,47,hybrid,HYBRID_ALPHA0.7_BETA0.3,0.7,0.3,100,1.4079,0.59958,0.31966,3.87277,0.99393,0.0238,0.06979,0.00236,0.01234,0.725
6,47,hybrid,HYBRID_ALPHA0.8_BETA0.2,0.8,0.2,100,1.40595,0.60035,0.32325,3.90614,0.99018,0.02451,0.06757,0.00237,0.01197,0.725
6,47,hybrid,HYBRID_ALPHA0.9_BETA0.1,0.9,0.1,100,1.41063,0.60176,0.32849,3.81151,0.98378,0.02582,0.06541,0.00238,0.01176,0.7
6,47,hybrid,HYBRID_ALPHA0.1_BETA0.9,0.1,0.9,300,1.43835,0.59383,0.31933,4.62704,1.24239,0.08113,0.09389,0.00395,0.01049,0.7
6,47,hybrid,HYBRID_ALPHA0.2_BETA0.8,0.2,0.8,300,1.4379,0.59297,0.31929,1.50849,1.00699,0.09353,0.07429,0.00283,0.01005,0.675
6,47,hybrid,HYBRID_ALPHA0.3_BETA0.7,0.3,0.7,300,1.43306,0.59148,0.32031,1.36254,0.94635,0.07941,0.05931,0.00256,0.00948,0.7
6,47,hybrid,HYBRID_ALPHA0.4_BETA0.6,0.4,0.6,300,1.36494,0.60064,0.33916,1.37141,0.94784,0.08174,0.0572,0.00257,0.00955,0.7
6,47,hybrid,HYBRID_ALPHA0.5_BETA0.5,0.5,0.5,300,1.36034,0.60124,0.34129,1.38385,0.95373,0.08641,0.05702,0.00257,0.00973,0.7
6,47,hybrid,HYBRID_ALPHA0.6_BETA0.4,0.6,0.4,300,1.35758,0.60164,0.3432,1.13708,0.86066,0.07652,0.05766,0.00175,0.01191,0.675
6,47,hybrid,HYBRID_ALPHA0.7_BETA0.3,0.7,0.3,300,1.33092,0.60649,0.34551,1.13105,0.85697,0.07995,0.05666,0.00171,0.01182,0.7
6,47,hybrid,HYBRID_ALPHA0.8_BETA0.2,0.8,0.2,300,1.3514,0.60316,0.3473,1.14601,0.85929,0.08101,0.05747,0.00168,0.01197,0.625
6,47,hybrid,HYBRID_ALPHA0.9_BETA0.1,0.9,0.1,300,1.34978,0.60439,0.34917,1.15541,0.86031,0.0815,0.05801,0.00166,0.01195,0.7
6,47,hybrid,HYBRID_ALPHA0.1_BETA0.9,0.1,0.9,500,1.43277,0.59224,0.32134,5.79274,1.16394,0.07103,0.06748,0.00382,0.00991,0.65
6,47,hybrid,HYBRID_ALPHA0.2_BETA0.8,0.2,0.8,500,1.43118,0.59283,0.32192,3.50336,1.09997,0.05427,0.07658,0.00355,0.00817,0.6
6,47,hybrid,HYBRID_ALPHA0.3_BETA0.7,0.3,0.7,500,1.43131,0.59331,0.32241,1.54387,0.97061,0.05361,0.07542,0.00333,0.00844,0.675
6,47,hybrid,HYBRID_ALPHA0.4_BETA0.6,0.4,0.6,500,1.42659,0.59274,0.32398,1.38676,0.938,0.05735,0.07048,0.00322,0.0088,0.675
6,47,hybrid,HYBRID_ALPHA0.5_BETA0.5,0.5,0.5,500,1.4256,0.59253,0.32436,1.31333,0.92262,0.06468,0.06904,0.00308,0.00905,0.6
6,47,hybrid,HYBRID_ALPHA0.6_BETA0.4,0.6,0.4,500,1.42966,0.59188,0.32339,1.2107,0.8996,0.07203,0.06753,0.0028,0.00938,0.625
6,47,hybrid,HYBRID_ALPHA0.7_BETA0.3,0.7,0.3,500,1.42481,0.59316,0.32508,1.15212,0.87882,0.08011,0.06421,0.00247,0.00983,0.625
6,47,hybrid,HYBRID_ALPHA0.8_BETA0.2,0.8,0.2,500,1.42726,0.59288,0.32491,1.10514,0.86499,0.08951,0.06282,0.00219,0.01014,0.625
6,47,hybrid,HYBRID_ALPHA0.9_BETA0.1,0.9,0.1,500,1.42581,0.59353,0.3264,1.08546,0.8575,0.09413,0.06253,0.00203,0.01022,0.65
6,47,mse,MSE,1.0,0.0,50,1.55789,0.60091,0.31225,2.58558,1.17951,0.13636,0.05686,0.00344,0.02904,0.75
6,47,mse,MSE,1.0,0.0,100,1.40587,0.6023,0.33311,3.67552,0.98007,0.02982,0.06257,0.00239,0.01152,0.725
6,47,mse,MSE,1.0,0.0,300,1.34605,0.60546,0.35048,1.11205,0.84843,0.0882,0.06156,0.00151,0.01229,0.65
6,47,mse,MSE,1.0,0.0,500,1.4196,0.59536,0.33046,1.07024,0.85089,0.09677,0.06229,0.00191,0.01032,0.675
7,48,hsic,HSIC,0.0,1.0,50,1.50598,0.68058,0.36085,5.7656,1.31722,0.06213,0.12331,0.00369,0.12107,0.775
7,48,hsic,HSIC,0.0,1.0,100,1.46416,0.59646,0.31901,5.35622,1.35795,0.1004,0.09417,0.00373,0.01174,0.7
7,48,hsic,HSIC,0.0,1.0,300,1.43653,0.59426,0.32128,6.38158,1.52819,0.07116,0.12031,0.004,0.44611,0.875
7,48,hsic,HSIC,0.0,1.0,500,1.43843,0.5953,0.32034,6.11564,1.37089,0.06095,0.07871,0.00409,0.05449,0.675
7,48,hybrid,HYBRID_ALPHA0.1_BETA0.9,0.1,0.9,50,1.37257,0.64178,0.3636,5.27481,1.41377,0.22785,0.12941,0.00371,0.09161,0.7
7,48,hybrid,HYBRID_ALPHA0.2_BETA0.8,0.2,0.8,50,1.34282,0.60281,0.35547,5.11088,1.39643,0.21104,0.12651,0.00335,0.08737,0.7
7,48,hybrid,HYBRID_ALPHA0.3_BETA0.7,0.3,0.7,50,0.93954,0.5434,0.32849,5.07166,1.39244,0.20929,0.1262,0.00288,0.08648,0.675
7,48,hybrid,HYBRID_ALPHA0.4_BETA0.6,0.4,0.6,50,1.19025,0.59111,0.35139,5.41505,1.35218,0.17173,0.12118,0.00317,0.07798,0.775
7,48,hybrid,HYBRID_ALPHA0.5_BETA0.5,0.5,0.5,50,1.2701,0.6014,0.35592,4.8783,1.33048,0.17163,0.11617,0.00319,0.07995,0.675
7,48,hybrid,HYBRID_ALPHA0.6_BETA0.4,0.6,0.4,50,1.32806,0.60995,0.35901,4.47943,1.29434,0.13324,0.10499,0.00309,0.07813,0.7
7,48,hybrid,HYBRID_ALPHA0.7_BETA0.3,0.7,0.3,50,1.44277,0.62256,0.36252,4.17424,1.24858,0.11734,0.09291,0.00319,0.07623,0.7
7,48,hybrid,HYBRID_ALPHA0.8_BETA0.2,0.8,0.2,50,1.54128,0.63249,0.36515,2.86577,1.15667,0.12159,0.07755,0.00323,0.04581,0.725
7,48,hybrid,HYBRID_ALPHA0.9_BETA0.1,0.9,0.1,50,1.61142,0.63955,0.36649,2.7002,1.12522,0.11029,0.06841,0.00353,0.04326,0.7
7,48,hybrid,HYBRID_ALPHA0.1_BETA0.9,0.1,0.9,100,1.43029,0.59568,0.32595,5.10189,1.4037,0.22342,0.1267,0.00387,0.01223,0.725
7,48,hybrid,HYBRID_ALPHA0.2_BETA0.8,0.2,0.8,100,1.47808,0.62035,0.32529,2.91302,1.17031,0.10909,0.09088,0.00346,0.00866,0.725
7,48,hybrid,HYBRID_ALPHA0.3_BETA0.7,0.3,0.7,100,1.38803,0.60445,0.34512,2.06906,1.02371,0.04891,0.07786,0.00289,0.00729,0.675
7,48,hybrid,HYBRID_ALPHA0.4_BETA0.6,0.4,0.6,100,1.38628,0.60471,0.34717,2.1989,1.16688,0.13297,0.07526,0.00395,0.00947,0.675
7,48,hybrid,HYBRID_ALPHA0.5_BETA0.5,0.5,0.5,100,1.3849,0.60542,0.34832,2.52582,1.20149,0.14014,0.0748,0.00401,0.00964,0.7
7,48,hybrid,HYBRID_ALPHA0.6_BETA0.4,0.6,0.4,100,1.38386,0.60649,0.34965,2.51108,1.20012,0.13942,0.07467,0.00399,0.00961,0.725
7,48,hybrid,HYBRID_ALPHA0.7_BETA0.3,0.7,0.3,100,1.38128,0.60729,0.35051,2.36025,1.18105,0.13663,0.07159,0.00388,0.00981,0.725
7,48,hybrid,HYBRID_ALPHA0.8_BETA0.2,0.8,0.2,100,1.37266,0.60725,0.35131,2.17188,1.15349,0.13284,0.06679,0.00366,0.01008,0.725
7,48,hybrid,HYBRID_ALPHA0.9_BETA0.1,0.9,0.1,100,1.37157,0.60759,0.35211,2.02005,1.12304,0.12916,0.06198,0.0033,0.01009,0.725
7,48,hybrid,HYBRID_ALPHA0.1_BETA0.9,0.1,0.9,300,1.43646,0.59424,0.32128,3.51937,1.3534,0.08605,0.10885,0.00364,0.37066,0.875
7,48,hybrid,HYBRID_ALPHA0.2_BETA0.8,0.2,0.8,300,1.4364,0.59422,0.32128,3.49316,1.3421,0.08776,0.10988,0.00366,0.37477,0.875
7,48,hybrid,HYBRID_ALPHA0.3_BETA0.7,0.3,0.7,300,1.4364,0.59422,0.32128,3.44562,1.32817,0.09065,0.11092,0.00367,0.37687,0.875
7,48,hybrid,HYBRID_ALPHA0.4_BETA0.6,0.4,0.6,300,1.43646,0.59416,0.32128,3.37464,1.3097,0.09462,0.11057,0.00369,0.37899,0.875
7,48,hybrid,HYBRID_ALPHA0.5_BETA0.5,0.5,0.5,300,1.43734,0.59386,0.3208,3.30857,1.28694,0.10058,0.11068,0.00371,0.3821,0.875
7,48,hybrid,HYBRID_ALPHA0.6_BETA0.4,0.6,0.4,300,1.43734,0.59379,0.32076,3.19002,1.25855,0.11337,0.11309,0.00369,0.37525,0.875
7,48,hybrid,HYBRID_ALPHA0.7_BETA0.3,0.7,0.3,300,1.43737,0.59363,0.32063,3.20289,1.24954,0.13671,0.11877,0.00372,0.37794,0.875
7,48,hybrid,HYBRID_ALPHA0.8_BETA0.2,0.8,0.2,300,1.43767,0.59309,0.32016,2.48256,1.2123,0.23629,0.09436,0.00331,0.30202,0.85
7,48,hybrid,HYBRID_ALPHA0.9_BETA0.1,0.9,0.1,300,1.43771,0.59284,0.31972,2.35195,1.20334,0.24062,0.09212,0.00318,0.27589,0.85
7,48,hybrid,HYBRID_ALPHA0.1_BETA0.9,0.1,0.9,500,1.38663,0.60338,0.34512,1.4815,0.96051,0.02461,0.07378,0.00312,0.01629,0.75
7,48,hybrid,HYBRID_ALPHA0.2_BETA0.8,0.2,0.8,500,1.37443,0.60211,0.34733,1.25903,0.91284,0.02204,0.06805,0.00285,0.01605,0.725
7,48,hybrid,HYBRID_ALPHA0.3_BETA0.7,0.3,0.7,500,1.36905,0.60501,0.34951,1.21602,0.89213,0.02278,0.06828,0.00264,0.01604,0.7
7,48,hybrid,HYBRID_ALPHA0.4_BETA0.6,0.4,0.6,500,1.36471,0.6062,0.3508,1.1861,0.8792,0.02285,0.06711,0.00251,0.01595,0.75
7,48,hybrid,HYBRID_ALPHA0.5_BETA0.5,0.5,0.5,500,1.361,0.60675,0.35165,1.07005,0.8341,0.04056,0.06668,0.00186,0.01582,0.725
7,48,hybrid,HYBRID_ALPHA0.6_BETA0.4,0.6,0.4,500,1.35636,0.60747,0.35316,1.1004,0.83101,0.04994,0.06486,0.00159,0.01511,0.75
7,48,hybrid,HYBRID_ALPHA0.7_BETA0.3,0.7,0.3,500,1.35179,0.6087,0.3544,1.07069,0.82348,0.05196,0.06729,0.00147,0.01534,0.75
7,48,hybrid,HYBRID_ALPHA0.8_BETA0.2,0.8,0.2,500,1.34873,0.60974,0.35617,1.04518,0.81576,0.05442,0.07002,0.0014,0.01581,0.725
7,48,hybrid,HYBRID_ALPHA0.9_BETA0.1,0.9,0.1,500,1.34538,0.61096,0.35664,1.03469,0.81286,0.05708,0.07,0.00134,0.0161,0.75
7,48,mse,MSE,1.0,0.0,50,1.64579,0.63103,0.35698,2.53176,1.13258,0.11814,0.07463,0.00346,0.03753,0.725
7,48,mse,MSE,1.0,0.0,100,1.36853,0.60772,0.35266,2.01747,1.11359,0.13312,0.06377,0.00301,0.00987,0.7
7,48,mse,MSE,1.0,0.0,300,1.43777,0.59275,0.31959,2.18924,1.19577,0.24944,0.08902,0.00294,0.21881,0.85
7,48,mse,MSE,1.0,0.0,500,1.31424,0.61504,0.35548,1.09568,0.85597,0.03843,0.0596,0.00214,0.01551,0.7
8,49,hsic,HSIC,0.0,1.0,50,1.30734,0.64432,0.33294,6.18262,1.38184,0.16884,0.11964,0.00391,0.0261,0.775
8,49,hsic,HSIC,0.0,1.0,100,1.36661,0.60318,0.34516,6.4375,1.42434,0.09429,0.10602,0.00419,0.0117,0.675
8,49,hsic,HSIC,0.0,1.0,300,1.42378,0.60325,0.33706,6.21165,1.40025,0.08203,0.07881,0.00432,0.02784,0.7
8,49,hsic,HSIC,0.0,1.0,500,1.4323,0.6035,0.32465,5.95802,1.3155,0.08178,0.12248,0.00368,0.03294,0.675
8,49,hybrid,HYBRID_ALPHA0.1_BETA0.9,0.1,0.9,50,1.26195,0.60538,0.33555,5.93451,1.27523,0.09152,0.08664,0.00369,0.02261,0.75
8,49,hybrid,HYBRID_ALPHA0.2_BETA0.8,0.2,0.8,50,1.39136,0.61514,0.32814,5.83197,1.40825,0.20119,0.12688,0.00388,0.02674,0.775
8,49,hybrid,HYBRID_ALPHA0.3_BETA0.7,0.3,0.7,50,1.30491,0.59542,0.32648,5.39498,1.39062,0.20112,0.12541,0.00393,0.02674,0.775
8,49,hybrid,HYBRID_ALPHA0.4_BETA0.6,0.4,0.6,50,1.29732,0.59292,0.32657,5.34484,1.38776,0.19982,0.1242,0.00393,0.02676,0.75
8,49,hybrid,HYBRID_ALPHA0.5_BETA0.5,0.5,0.5,50,1.29074,0.59099,0.32563,5.25685,1.37861,0.18753,0.11985,0.00392,0.02655,0.775
8,49,hybrid,HYBRID_ALPHA0.6_BETA0.4,0.6,0.4,50,1.28858,0.5909,0.32547,5.47695,1.38535,0.18628,0.11939,0.00392,0.02654,0.75
8,49,hybrid,HYBRID_ALPHA0.7_BETA0.3,0.7,0.3,50,1.29374,0.59078,0.32473,5.54639,1.27021,0.06978,0.07743,0.00387,0.02556,0.775
8,49,hybrid,HYBRID_ALPHA0.8_BETA0.2,0.8,0.2,50,1.37732,0.59734,0.32286,4.83153,1.22639,0.06873,0.06561,0.00389,0.02704,0.75
8,49,hybrid,HYBRID_ALPHA0.9_BETA0.1,0.9,0.1,50,1.3413,0.59776,0.3215,4.42998,1.17736,0.06784,0.0543,0.00358,0.02759,0.7
8,49,hybrid,HYBRID_ALPHA0.1_BETA0.9,0.1,0.9,100,1.33808,0.60829,0.34823,5.28561,1.40528,0.22281,0.12642,0.00396,0.0165,0.65
8,49,hybrid,HYBRID_ALPHA0.2_BETA0.8,0.2,0.8,100,1.33585,0.60763,0.34833,5.28397,1.40494,0.22284,0.12674,0.00396,0.0165,0.675
8,49,hybrid,HYBRID_ALPHA0.3_BETA0.7,0.3,0.7,100,1.34588,0.60305,0.34705,5.12391,1.39783,0.22342,0.12646,0.00398,0.01643,0.75
8,49,hybrid,HYBRID_ALPHA0.4_BETA0.6,0.4,0.6,100,1.00825,0.55614,0.33136,5.11184,1.39713,0.22333,0.12678,0.00361,0.01645,0.75
8,49,hybrid,HYBRID_ALPHA0.5_BETA0.5,0.5,0.5,100,1.01986,0.56271,0.34804,5.08967,1.39584,0.22324,0.12678,0.00392,0.01647,0.75
8,49,hybrid,HYBRID_ALPHA0.6_BETA0.4,0.6,0.4,100,0.96758,0.54912,0.34244,5.08828,1.39562,0.22328,0.12683,0.00394,0.01644,0.75
8,49,hybrid,HYBRID_ALPHA0.7_BETA0.3,0.7,0.3,100,1.07941,0.57146,0.34758,5.08631,1.39527,0.22328,0.12689,0.00393,0.01641,0.75
8,49,hybrid,HYBRID_ALPHA0.8_BETA0.2,0.8,0.2,100,1.25933,0.59098,0.34577,5.08396,1.39532,0.2235,0.127,0.00399,0.01642,0.75
8,49,hybrid,HYBRID_ALPHA0.9_BETA0.1,0.9,0.1,100,1.34783,0.59849,0.34532,5.07985,1.39497,0.22337,0.12699,0.00398,0.01641,0.725
8,49,hybrid,HYBRID_ALPHA0.1_BETA0.9,0.1,0.9,300,1.41805,0.60446,0.33929,1.24206,0.91576,0.02455,0.05043,0.00256,0.00881,0.7
8,49,hybrid,HYBRID_ALPHA0.2_BETA0.8,0.2,0.8,300,1.41407,0.60389,0.34097,1.53687,0.99602,0.07286,0.06994,0.00328,0.01405,0.7
8,49,hybrid,HYBRID_ALPHA0.3_BETA0.7,0.3,0.7,300,1.41204,0.60225,0.34127,1.11289,0.86693,0.02968,0.05253,0.00188,0.00886,0.725
8,49,hybrid,HYBRID_ALPHA0.4_BETA0.6,0.4,0.6,300,1.40533,0.60393,0.34524,1.06837,0.84763,0.03511,0.05635,0.00162,0.00899,0.7
8,49,hybrid,HYBRID_ALPHA0.5_BETA0.5,0.5,0.5,300,1.40104,0.60491,0.3482,1.03832,0.83184,0.04092,0.05994,0.00136,0.00913,0.65
8,49,hybrid,HYBRID_ALPHA0.6_BETA0.4,0.6,0.4,300,1.34496,0.61449,0.36189,1.01427,0.81742,0.04663,0.06403,0.00103,0.00939,0.6
8,49,hybrid,HYBRID_ALPHA0.7_BETA0.3,0.7,0.3,300,1.34324,0.61658,0.363,0.99636,0.80665,0.05178,0.06823,0.00083,0.00948,0.575
8,49,hybrid,HYBRID_ALPHA0.8_BETA0.2,0.8,0.2,300,1.34308,0.61758,0.36336,0.98289,0.79807,0.05621,0.07246,0.00067,0.00958,0.575
8,49,hybrid,HYBRID_ALPHA0.9_BETA0.1,0.9,0.1,300,1.34396,0.6183,0.36353,0.97845,0.79016,0.05934,0.07612,0.0005,0.00949,0.55
8,49,hybrid,HYBRID_ALPHA0.1_BETA0.9,0.1,0.9,500,1.4317,0.5947,0.32319,1.12911,0.84694,0.04875,0.04939,0.0022,0.00957,0.625
8,49,hybrid,HYBRID_ALPHA0.2_BETA0.8,0.2,0.8,500,1.43162,0.59153,0.32264,1.00848,0.81599,0.05483,0.05577,0.001,0.01077,0.65
8,49,hybrid,HYBRID_ALPHA0.3_BETA0.7,0.3,0.7,500,1.42577,0.58969,0.32444,1.01032,0.8272,0.05583,0.05696,0.00116,0.01225,0.725
8,49,hybrid,HYBRID_ALPHA0.4_BETA0.6,0.4,0.6,500,1.42583,0.59268,0.32319,0.99024,0.81891,0.06139,0.05838,0.00101,0.0123,0.675
8,49,hybrid,HYBRID_ALPHA0.5_BETA0.5,0.5,0.5,500,1.42848,0.59427,0.32126,0.97356,0.80559,0.0602,0.05792,0.00105,0.01128,0.7
8,49,hybrid,HYBRID_ALPHA0.6_BETA0.4,0.6,0.4,500,1.43186,0.59252,0.32066,0.97111,0.80421,0.05684,0.05828,0.00115,0.01137,0.675
8,49,hybrid,HYBRID_ALPHA0.7_BETA0.3,0.7,0.3,500,1.43217,0.59298,0.32058,0.97311,0.80584,0.0556,0.05831,0.00121,0.01146,0.65
8,49,hybrid,HYBRID_ALPHA0.8_BETA0.2,0.8,0.2,500,1.43331,0.59152,0.32007,0.98164,0.80988,0.05511,0.05612,0.00134,0.01149,0.675
8,49,hybrid,HYBRID_ALPHA0.9_BETA0.1,0.9,0.1,500,1.43609,0.5898,0.32036,0.98066,0.80839,0.05235,0.05883,0.00135,0.0115,0.675
8,49,mse,MSE,1.0,0.0,50,1.34173,0.59991,0.32099,4.29509,1.13483,0.10013,0.05036,0.00336,0.02751,0.725
8,49,mse,MSE,1.0,0.0,100,1.39107,0.60232,0.3442,4.94903,1.38346,0.21747,0.12695,0.00397,0.01613,0.7
8,49,mse,MSE,1.0,0.0,300,1.34532,0.61837,0.36339,0.97398,0.7869,0.06078,0.07801,0.00043,0.00951,0.55
8,49,mse,MSE,1.0,0.0,500,1.43617,0.58982,0.32038,0.98679,0.81042,0.05174,0.05892,0.00142,0.01145,0.675
9,50,hsic,HSIC,0.0,1.0,50,1.38379,0.61921,0.35627,5.5232,1.33012,0.07446,0.05626,0.00374,0.00956,0.725
9,50,hsic,HSIC,0.0,1.0,100,1.48659,0.59614,0.31873,4.48868,1.24412,0.05467,0.08733,0.00386,0.24193,0.8
9,50,hsic,HSIC,0.0,1.0,300,1.43125,0.72019,0.35252,7.70256,1.34563,0.08112,0.1282,0.00361,0.05835,0.675
9,50,hsic,HSIC,0.0,1.0,500,1.4047,0.60462,0.34277,6.24888,1.36577,0.06313,0.10477,0.00388,0.07497,0.75
9,50,hybrid,HYBRID_ALPHA0.1_BETA0.9,0.1,0.9,50,1.39057,0.61777,0.3501,5.48806,1.29079,0.0665,0.0705,0.00357,0.01643,0.675
9,50,hybrid,HYBRID_ALPHA0.2_BETA0.8,0.2,0.8,50,1.38636,0.61611,0.35771,56.07648,1.92445,0.09064,0.08462,0.00407,0.01462,0.7
9,50,hybrid,HYBRID_ALPHA0.3_BETA0.7,0.3,0.7,50,1.39839,0.61888,0.35774,204.7089,3.06441,0.06305,0.08526,0.00371,0.01505,0.725
9,50,hybrid,HYBRID_ALPHA0.4_BETA0.6,0.4,0.6,50,1.44885,0.61985,0.35539,186.78621,2.53941,0.06204,0.08739,0.00349,0.01548,0.75
9,50,hybrid,HYBRID_ALPHA0.5_BETA0.5,0.5,0.5,50,1.41362,0.62271,0.35157,3.60434,1.20956,0.05155,0.08033,0.00358,0.01546,0.725
9,50,hybrid,HYBRID_ALPHA0.6_BETA0.4,0.6,0.4,50,1.3975,0.62323,0.3509,3.96618,1.23333,0.05267,0.08586,0.00347,0.01543,0.775
9,50,hybrid,HYBRID_ALPHA0.7_BETA0.3,0.7,0.3,50,1.40046,0.62139,0.35273,3.26488,1.18041,0.04702,0.07276,0.00383,0.02214,0.75
9,50,hybrid,HYBRID_ALPHA0.8_BETA0.2,0.8,0.2,50,1.42542,0.62248,0.3521,3.43482,1.18268,0.04914,0.07047,0.00366,0.01523,0.675
9,50,hybrid,HYBRID_ALPHA0.9_BETA0.1,0.9,0.1,50,1.44739,0.62261,0.35177,3.59354,1.19145,0.04646,0.07256,0.00376,0.01553,0.7
9,50,hybrid,HYBRID_ALPHA0.1_BETA0.9,0.1,0.9,100,1.48675,0.59659,0.31904,4.06495,1.23761,0.07738,0.07137,0.00404,0.238,0.85
9,50,hybrid,HYBRID_ALPHA0.2_BETA0.8,0.2,0.8,100,1.48689,0.59679,0.31908,4.22992,1.24546,0.07171,0.07038,0.00403,0.23884,0.85
9,50,hybrid,HYBRID_ALPHA0.3_BETA0.7,0.3,0.7,100,1.48756,0.59699,0.31914,5.16396,1.2443,0.0611,0.07237,0.00382,0.24312,0.8
9,50,hybrid,HYBRID_ALPHA0.4_BETA0.6,0.4,0.6,100,1.48766,0.59762,0.31926,5.52819,1.29185,0.07239,0.07177,0.00391,0.24917,0.8
9,50,hybrid,HYBRID_ALPHA0.5_BETA0.5,0.5,0.5,100,1.80366,0.67784,0.31733,1.51414,0.94549,0.02771,0.05299,0.00291,0.0686,0.725
9,50,hybrid,HYBRID_ALPHA0.6_BETA0.4,0.6,0.4,100,2.83761,0.75302,0.34415,1.5154,0.95453,0.02872,0.05311,0.00298,0.06315,0.65
9,50,hybrid,HYBRID_ALPHA0.7_BETA0.3,0.7,0.3,100,2.7511,0.75283,0.34853,1.52412,0.96569,0.0379,0.05943,0.00299,0.05961,0.675
9,50,hybrid,HYBRID_ALPHA0.8_BETA0.2,0.8,0.2,100,2.65991,0.75058,0.34888,1.55009,0.96488,0.03847,0.05506,0.00294,0.06056,0.65
9,50,hybrid,HYBRID_ALPHA0.9_BETA0.1,0.9,0.1,100,2.87172,0.74324,0.35833,1.69999,1.0024,0.04109,0.06397,0.00315,0.05844,0.65
9,50,hybrid,HYBRID_ALPHA0.1_BETA0.9,0.1,0.9,300,1.39955,0.67181,0.35079,6.77454,1.26314,0.07463,0.13013,0.00327,0.05609,0.675
9,50,hybrid,HYBRID_ALPHA0.2_BETA0.8,0.2,0.8,300,1.39152,0.65053,0.34905,8.36431,1.46383,0.19335,0.12357,0.00384,0.06166,0.75
9,50,hybrid,HYBRID_ALPHA0.3_BETA0.7,0.3,0.7,300,1.391,0.64339,0.3481,8.44749,1.46482,0.19383,0.12367,0.00385,0.06169,0.725
9,50,hybrid,HYBRID_ALPHA0.4_BETA0.6,0.4,0.6,300,1.39053,0.63613,0.34731,8.46531,1.46496,0.19441,0.12386,0.00385,0.06172,0.7
9,50,hybrid,HYBRID_ALPHA0.5_BETA0.5,0.5,0.5,300,1.38683,0.62298,0.34774,8.42146,1.46438,0.19524,0.12418,0.00391,0.06182,0.675
9,50,hybrid,HYBRID_ALPHA0.6_BETA0.4,0.6,0.4,300,1.37913,0.61989,0.34815,8.4898,1.46643,0.19615,0.12442,0.00391,0.06188,0.65
9,50,hybrid,HYBRID_ALPHA0.7_BETA0.3,0.7,0.3,300,1.37915,0.61988,0.34814,8.49999,1.46746,0.19715,0.1248,0.00391,0.062,0.675
9,50,hybrid,HYBRID_ALPHA0.8_BETA0.2,0.8,0.2,300,1.38823,0.61795,0.34576,8.52913,1.46843,0.19766,0.12505,0.00388,0.06181,0.75
9,50,hybrid,HYBRID_ALPHA0.9_BETA0.1,0.9,0.1,300,1.39094,0.61657,0.34436,8.49231,1.46821,0.19825,0.12526,0.0039,0.062,0.75
9,50,hybrid,HYBRID_ALPHA0.1_BETA0.9,0.1,0.9,500,1.41622,0.60482,0.34014,2.34571,0.96085,0.04283,0.04702,0.00224,0.01017,0.55
9,50,hybrid,HYBRID_ALPHA0.2_BETA0.8,0.2,0.8,500,1.42566,0.60239,0.33548,5.35858,1.16747,0.04881,0.09156,0.00388,0.07079,0.75
9,50,hybrid,HYBRID_ALPHA0.3_BETA0.7,0.3,0.7,500,1.88267,0.62152,0.3116,5.38724,1.17791,0.04706,0.11491,0.00328,0.0697,0.675
9,50,hybrid,HYBRID_ALPHA0.4_BETA0.6,0.4,0.6,500,1.8585,0.61947,0.30976,5.64002,1.39544,0.19442,0.12464,0.00383,0.07644,0.6
9,50,hybrid,HYBRID_ALPHA0.5_BETA0.5,0.5,0.5,500,1.85757,0.61873,0.30903,5.16213,1.3753,0.19402,0.12389,0.00383,0.07594,0.625
9,50,hybrid,HYBRID_ALPHA0.6_BETA0.4,0.6,0.4,500,1.81688,0.6161,0.3088,1.902,1.0466,0.04123,0.06743,0.00331,0.04229,0.725
9,50,hybrid,HYBRID_ALPHA0.7_BETA0.3,0.7,0.3,500,1.77281,0.61285,0.30815,1.74073,1.03345,0.04425,0.06096,0.00325,0.04208,0.7
9,50,hybrid,HYBRID_ALPHA0.8_BETA0.2,0.8,0.2,500,1.61578,0.59741,0.29902,1.56143,1.00027,0.04224,0.05164,0.00251,0.04155,0.675
9,50,hybrid,HYBRID_ALPHA0.9_BETA0.1,0.9,0.1,500,1.6401,0.59727,0.29561,1.48925,0.98318,0.04631,0.03511,0.00233,0.0407,0.7
9,50,mse,MSE,1.0,0.0,50,1.46822,0.62456,0.35096,3.45583,1.22565,0.03909,0.07233,0.00384,0.01586,0.725
9,50,mse,MSE,1.0,0.0,100,2.73448,0.74751,0.36386,1.77027,1.02417,0.05924,0.05928,0.00328,0.05354,0.65
9,50,mse,MSE,1.0,0.0,300,1.39238,0.61369,0.3419,8.37581,1.45825,0.19901,0.12421,0.00393,0.06173,0.75
9,50,mse,MSE,1.0,0.0,500,1.65932,0.59868,0.29505,1.59495,1.01741,0.06435,0.03122,0.00288,0.04016,0.75
10,51,hsic,HSIC,0.0,1.0,50,1.8962,0.63078,0.30632,6.25011,1.36227,0.12364,0.11364,0.00406,0.10804,0.8
10,51,hsic,HSIC,0.0,1.0,100,1.44764,0.63698,0.34561,8.30444,1.31193,0.09792,0.06199,0.00393,0.17445,0.775
10,51,hsic,HSIC,0.0,1.0,300,1.47504,0.59574,0.31945,5.72038,1.40378,0.08441,0.11877,0.00409,0.00909,0.6
10,51,hsic,HSIC,0.0,1.0,500,1.43393,0.60246,0.33667,6.23315,1.3824,0.06023,0.09663,0.00383,0.07669,0.625
10,51,hybrid,HYBRID_ALPHA0.1_BETA0.9,0.1,0.9,50,1.89808,0.62971,0.30607,5.99348,1.35066,0.09929,0.1241,0.00375,0.08588,0.725
10,51,hybrid,HYBRID_ALPHA0.2_BETA0.8,0.2,0.8,50,1.89959,0.62924,0.30518,5.7649,1.29555,0.10142,0.1165,0.00415,0.11404,0.725
10,51,hybrid,HYBRID_ALPHA0.3_BETA0.7,0.3,0.7,50,1.90112,0.6288,0.30485,1.67825,1.02256,0.03221,0.05929,0.0033,0.08248,0.75
10,51,hybrid,HYBRID_ALPHA0.4_BETA0.6,0.4,0.6,50,3.07334,0.71418,0.30439,3.41467,1.39426,0.05004,0.0637,0.00381,0.04772,0.75
10,51,hybrid,HYBRID_ALPHA0.5_BETA0.5,0.5,0.5,50,3.11707,0.71371,0.30425,2.39652,1.02968,0.03665,0.08246,0.00373,0.10721,0.75
10,51,hybrid,HYBRID_ALPHA0.6_BETA0.4,0.6,0.4,50,3.16725,0.71429,0.30409,3.11803,1.14905,0.06012,0.08751,0.00396,0.1222,0.75
10,51,hybrid,HYBRID_ALPHA0.7_BETA0.3,0.7,0.3,50,3.0831,0.71097,0.30428,3.54924,1.19255,0.07117,0.08957,0.00379,0.141,0.8
10,51,hybrid,HYBRID_ALPHA0.8_BETA0.2,0.8,0.2,50,2.67427,0.68567,0.30503,3.6116,1.21625,0.07171,0.08947,0.00341,0.15308,0.75
10,51,hybrid,HYBRID_ALPHA0.9_BETA0.1,0.9,0.1,50,2.6756,0.68744,0.30576,3.93005,1.25518,0.08425,0.10706,0.00336,0.15498,0.725
10,51,hybrid,HYBRID_ALPHA0.1_BETA0.9,0.1,0.9,100,1.44873,0.63992,0.34561,12.47735,1.3972,0.10929,0.05689,0.00409,0.17823,0.775
10,51,hybrid,HYBRID_ALPHA0.2_BETA0.8,0.2,0.8,100,1.45007,0.64045,0.34548,15.4621,1.61603,0.07069,0.06491,0.00372,0.18113,0.775
10,51,hybrid,HYBRID_ALPHA0.3_BETA0.7,0.3,0.7,100,1.46031,0.65717,0.34814,14.55844,1.54306,0.10546,0.05885,0.00395,0.1724,0.85
10,51,hybrid,HYBRID_ALPHA0.4_BETA0.6,0.4,0.6,100,1.45748,0.66312,0.3487,15.02559,1.55659,0.10943,0.05786,0.00396,0.17318,0.8
10,51,hybrid,HYBRID_ALPHA0.5_BETA0.5,0.5,0.5,100,1.45864,0.6627,0.34811,15.79592,1.52977,0.11161,0.06918,0.00388,0.17207,0.825
10,51,hybrid,HYBRID_ALPHA0.6_BETA0.4,0.6,0.4,100,1.47028,0.68065,0.34896,14.86396,1.5848,0.19221,0.1217,0.00378,0.17355,0.8
10,51,hybrid,HYBRID_ALPHA0.7_BETA0.3,0.7,0.3,100,1.45796,0.67731,0.34902,13.09029,1.54875,0.1976,0.12246,0.00382,0.17371,0.8
10,51,hybrid,HYBRID_ALPHA0.8_BETA0.2,0.8,0.2,100,1.44527,0.67185,0.34891,13.20034,1.55505,0.19906,0.12351,0.00385,0.1737,0.825
10,51,hybrid,HYBRID_ALPHA0.9_BETA0.1,0.9,0.1,100,1.42741,0.66579,0.34912,15.50463,1.60826,0.19949,0.12565,0.00385,0.1739,0.825
10,51,hybrid,HYBRID_ALPHA0.1_BETA0.9,0.1,0.9,300,1.47505,0.59602,0.31953,5.56341,1.32381,0.09248,0.10069,0.00399,0.00868,0.575
10,51,hybrid,HYBRID_ALPHA0.2_BETA0.8,0.2,0.8,300,1.47493,0.59603,0.31957,5.38756,1.29223,0.09183,0.10175,0.00399,0.00888,0.6
10,51,hybrid,HYBRID_ALPHA0.3_BETA0.7,0.3,0.7,300,1.47493,0.59604,0.31957,4.11967,1.22456,0.08937,0.10184,0.00395,0.00889,0.6
10,51,hybrid,HYBRID_ALPHA0.4_BETA0.6,0.4,0.6,300,1.47494,0.59605,0.31958,3.94872,1.19957,0.08709,0.10299,0.00388,0.00894,0.6
10,51,hybrid,HYBRID_ALPHA0.5_BETA0.5,0.5,0.5,300,1.47497,0.59632,0.31967,3.73617,1.0919,0.05323,0.0938,0.00348,0.00852,0.725
10,51,hybrid,HYBRID_ALPHA0.6_BETA0.4,0.6,0.4,300,1.47496,0.59646,0.31967,1.60075,0.94658,0.04937,0.08856,0.00308,0.009,0.65
10,51,hybrid,HYBRID_ALPHA0.7_BETA0.3,0.7,0.3,300,1.47491,0.59646,0.31967,1.35148,0.91268,0.05557,0.08525,0.00284,0.00919,0.625
10,51,hybrid,HYBRID_ALPHA0.8_BETA0.2,0.8,0.2,300,1.47476,0.59648,0.31975,1.24033,0.89113,0.06047,0.08253,0.00255,0.0093,0.625
10,51,hybrid,HYBRID_ALPHA0.9_BETA0.1,0.9,0.1,300,1.47477,0.5965,0.3197,1.18816,0.87807,0.06431,0.08024,0.00231,0.00935,0.65
10,51,hybrid,HYBRID_ALPHA0.1_BETA0.9,0.1,0.9,500,1.43807,0.60033,0.33318,1.3903,0.94215,0.05917,0.08059,0.00267,0.01165,0.675
10,51,hybrid,HYBRID_ALPHA0.2_BETA0.8,0.2,0.8,500,1.44334,0.59864,0.33051,1.06179,0.84625,0.0379,0.08212,0.00189,0.00967,0.675
10,51,hybrid,HYBRID_ALPHA0.3_BETA0.7,0.3,0.7,500,1.44619,0.5967,0.32774,1.0941,0.85143,0.02788,0.07116,0.0022,0.01038,0.675
10,51,hybrid,HYBRID_ALPHA0.4_BETA0.6,0.4,0.6,500,1.45358,0.59495,0.32303,1.08519,0.84595,0.02893,0.06857,0.00224,0.01039,0.7
10,51,hybrid,HYBRID_ALPHA0.5_BETA0.5,0.5,0.5,500,1.45768,0.59403,0.32055,1.07456,0.84101,0.03122,0.06683,0.00224,0.01033,0.725
10,51,hybrid,HYBRID_ALPHA0.6_BETA0.4,0.6,0.4,500,1.45761,0.59399,0.32056,1.04331,0.82704,0.0352,0.06746,0.00202,0.01021,0.725
10,51,hybrid,HYBRID_ALPHA0.7_BETA0.3,0.7,0.3,500,1.45742,0.59402,0.32062,1.04942,0.8288,0.03637,0.06414,0.00213,0.01037,0.7
10,51,hybrid,HYBRID_ALPHA0.8_BETA0.2,0.8,0.2,500,1.45736,0.59362,0.32032,1.05318,0.82929,0.03833,0.06201,0.0022,0.0105,0.675
10,51,hybrid,HYBRID_ALPHA0.9_BETA0.1,0.9,0.1,500,1.45725,0.59344,0.32018,1.06184,0.83271,0.04279,0.05971,0.00227,0.0107,0.625
10,51,mse,MSE,1.0,0.0,50,2.67252,0.68868,0.30582,4.31189,1.28687,0.0838,0.11536,0.00335,0.15412,0.75
10,51,mse,MSE,1.0,0.0,100,1.4083,0.65487,0.34885,15.20756,1.6037,0.19926,0.12555,0.00385,0.1739,0.825
10,51,mse,MSE,1.0,0.0,300,1.47473,0.59636,0.31965,1.16055,0.86854,0.06684,0.07802,0.0021,0.00941,0.625
10,51,mse,MSE,1.0,0.0,500,1.45723,0.59328,0.32005,1.07894,0.84124,0.05353,0.05537,0.00234,0.01108,0.65
11,52,hsic,HSIC,0.0,1.0,50,1.34061,0.59041,0.31704,6.00985,1.42712,0.21337,0.12727,0.00399,0.02435,0.7
11,52,hsic,HSIC,0.0,1.0,100,1.49423,0.60334,0.29766,6.32709,1.44048,0.09269,0.07634,0.00394,0.02926,0.75
11,52,hsic,HSIC,0.0,1.0,300,1.45668,0.5974,0.3213,5.74714,1.41075,0.11567,0.09164,0.00421,0.01953,0.725
11,52,hsic,HSIC,0.0,1.0,500,1.42716,0.62015,0.34104,5.74201,1.38951,0.10699,0.08386,0.00422,0.20528,0.8
11,52,hybrid,HYBRID_ALPHA0.1_BETA0.9,0.1,0.9,50,1.34049,0.59032,0.31715,4.92887,1.37627,0.2089,0.12382,0.00398,0.02379,0.7
11,52,hybrid,HYBRID_ALPHA0.2_BETA0.8,0.2,0.8,50,1.34042,0.59019,0.31724,4.47167,1.35284,0.21008,0.12134,0.00395,0.02378,0.725
11,52,hybrid,HYBRID_ALPHA0.3_BETA0.7,0.3,0.7,50,1.28905,0.61832,0.34379,1.39759,0.95379,0.07152,0.04367,0.00314,0.02726,0.75
11,52,hybrid,HYBRID_ALPHA0.4_BETA0.6,0.4,0.6,50,1.53205,0.68929,0.36488,1.35027,0.89952,0.02088,0.0522,0.00297,0.02147,0.75
11,52,hybrid,HYBRID_ALPHA0.5_BETA0.5,0.5,0.5,50,1.49787,0.67141,0.3949,1.19561,0.87487,0.01996,0.05214,0.00245,0.02304,0.7
11,52,hybrid,HYBRID_ALPHA0.6_BETA0.4,0.6,0.4,50,1.5526,0.6928,0.39187,1.21953,0.88388,0.01851,0.06212,0.0023,0.02491,0.675
11,52,hybrid,HYBRID_ALPHA0.7_BETA0.3,0.7,0.3,50,1.58737,0.67837,0.38361,1.25331,0.89753,0.02853,0.06175,0.00262,0.02545,0.8
11,52,hybrid,HYBRID_ALPHA0.8_BETA0.2,0.8,0.2,50,1.83358,0.71551,0.38595,1.35245,0.93442,0.05755,0.05477,0.00258,0.02917,0.75
11,52,hybrid,HYBRID_ALPHA0.9_BETA0.1,0.9,0.1,50,13.88864,1.02548,0.40573,1.53846,0.97429,0.06653,0.05373,0.00296,0.02954,0.7
11,52,hybrid,HYBRID_ALPHA0.1_BETA0.9,0.1,0.9,100,1.4375,0.60079,0.3068,5.08298,1.17732,0.06477,0.07054,0.00369,0.02532,0.75
11,52,hybrid,HYBRID_ALPHA0.2_BETA0.8,0.2,0.8,100,1.42038,0.60107,0.31348,2.37156,1.12118,0.09112,0.08693,0.00375,0.02492,0.725
11,52,hybrid,HYBRID_ALPHA0.3_BETA0.7,0.3,0.7,100,1.41274,0.60216,0.31624,1.40084,0.95666,0.07135,0.06342,0.00312,0.02075,0.65
11,52,hybrid,HYBRID_ALPHA0.4_BETA0.6,0.4,0.6,100,1.40818,0.60542,0.31692,1.51931,0.97581,0.07064,0.0816,0.0033,0.02178,0.65
11,52,hybrid,HYBRID_ALPHA0.5_BETA0.5,0.5,0.5,100,1.4073,0.60371,0.31713,1.42515,0.94384,0.05313,0.09016,0.00287,0.02221,0.7
11,52,hybrid,HYBRID_ALPHA0.6_BETA0.4,0.6,0.4,100,1.39103,0.60136,0.32073,1.64997,0.99843,0.07481,0.10134,0.00327,0.02267,0.65
11,52,hybrid,HYBRID_ALPHA0.7_BETA0.3,0.7,0.3,100,1.37391,0.59664,0.3261,1.71176,1.01124,0.07527,0.11131,0.00325,0.02315,0.675
11,52,hybrid,HYBRID_ALPHA0.8_BETA0.2,0.8,0.2,100,1.36072,0.59384,0.32887,1.8723,1.04741,0.08114,0.12503,0.00326,0.02368,0.675
11,52,hybrid,HYBRID_ALPHA0.9_BETA0.1,0.9,0.1,100,1.34871,0.59362,0.32747,1.97564,1.06618,0.0869,0.13031,0.00316,0.02436,0.675
11,52,hybrid,HYBRID_ALPHA0.1_BETA0.9,0.1,0.9,300,1.45648,0.5971,0.32128,5.42109,1.19353,0.08317,0.06511,0.00398,0.01566,0.725
11,52,hybrid,HYBRID_ALPHA0.2_BETA0.8,0.2,0.8,300,1.4561,0.59576,0.32126,3.57537,1.11363,0.06787,0.07062,0.00383,0.01413,0.625
11,52,hybrid,HYBRID_ALPHA0.3_BETA0.7,0.3,0.7,300,1.45604,0.59524,0.32124,1.27487,0.91546,0.07269,0.04747,0.00318,0.0135,0.65
11,52,hybrid,HYBRID_ALPHA0.4_BETA0.6,0.4,0.6,300,1.45601,0.59498,0.32116,1.25683,0.90507,0.08152,0.04376,0.00303,0.01371,0.675
11,52,hybrid,HYBRID_ALPHA0.5_BETA0.5,0.5,0.5,300,1.45597,0.59471,0.32103,1.25398,0.9028,0.08416,0.04252,0.00286,0.01392,0.675
11,52,hybrid,HYBRID_ALPHA0.6_BETA0.4,0.6,0.4,300,1.4559,0.59453,0.32092,1.24164,0.89543,0.08311,0.04249,0.00279,0.01406,0.7
11,52,hybrid,HYBRID_ALPHA0.7_BETA0.3,0.7,0.3,300,1.45578,0.59432,0.32083,1.22412,0.88707,0.08031,0.04278,0.00271,0.01422,0.7
11,52,hybrid,HYBRID_ALPHA0.8_BETA0.2,0.8,0.2,300,1.45565,0.59416,0.32069,1.20337,0.87804,0.07721,0.04303,0.00263,0.01442,0.675
11,52,hybrid,HYBRID_ALPHA0.9_BETA0.1,0.9,0.1,300,1.45561,0.59415,0.32068,1.18989,0.87385,0.07482,0.04325,0.00255,0.01458,0.675
11,52,hybrid,HYBRID_ALPHA0.1_BETA0.9,0.1,0.9,500,1.48231,0.59707,0.31994,5.12549,1.18392,0.07008,0.08564,0.0039,0.19888,0.825
11,52,hybrid,HYBRID_ALPHA0.2_BETA0.8,0.2,0.8,500,1.48225,0.59677,0.31992,1.2916,0.93713,0.0783,0.07257,0.0028,0.20023,0.8
11,52,hybrid,HYBRID_ALPHA0.3_BETA0.7,0.3,0.7,500,1.48181,0.59572,0.31995,1.2334,0.89891,0.07364,0.0611,0.00227,0.20095,0.8
11,52,hybrid,HYBRID_ALPHA0.4_BETA0.6,0.4,0.6,500,1.48171,0.59489,0.31968,1.24047,0.9013,0.06893,0.05527,0.00248,0.20133,0.8
11,52,hybrid,HYBRID_ALPHA0.5_BETA0.5,0.5,0.5,500,1.4817,0.59483,0.31967,1.25685,0.90551,0.06743,0.05296,0.00261,0.20186,0.8
11,52,hybrid,HYBRID_ALPHA0.6_BETA0.4,0.6,0.4,500,1.4817,0.59483,0.31966,1.26178,0.90538,0.06567,0.05357,0.00267,0.20221,0.8
11,52,hybrid,HYBRID_ALPHA0.7_BETA0.3,0.7,0.3,500,1.48164,0.59483,0.31965,1.26651,0.90644,0.06401,0.05479,0.00275,0.20252,0.8
11,52,hybrid,HYBRID_ALPHA0.8_BETA0.2,0.8,0.2,500,1.48162,0.59464,0.31959,1.26486,0.90469,0.06348,0.05565,0.00276,0.20263,0.8
11,52,hybrid,HYBRID_ALPHA0.9_BETA0.1,0.9,0.1,500,1.48153,0.59397,0.31924,1.24856,0.8974,0.06452,0.05507,0.0027,0.20239,0.8
11,52,mse,MSE,1.0,0.0,50,4.33577,0.85195,0.40442,1.5583,0.98114,0.0748,0.05488,0.00303,0.03034,0.725
11,52,mse,MSE,1.0,0.0,100,1.34978,0.59366,0.3284,4.89207,1.39503,0.2291,0.12815,0.00378,0.02131,0.7
11,52,mse,MSE,1.0,0.0,300,1.45553,0.59348,0.32033,1.18354,0.87391,0.07246,0.04331,0.00249,0.01481,0.65
11,52,mse,MSE,1.0,0.0,500,1.4813,0.59381,0.31928,1.22534,0.88748,0.0649,0.05497,0.00261,0.20211,0.8
12,53,hsic,HSIC,0.0,1.0,50,1.47173,0.59797,0.31873,5.5214,1.41183,0.20369,0.11821,0.00386,0.04031,0.675
12,53,hsic,HSIC,0.0,1.0,100,1.4612,0.68616,0.36352,5.76832,1.37477,0.09688,0.13721,0.00387,0.03226,0.675
12,53,hsic,HSIC,0.0,1.0,300,1.38846,0.64029,0.34816,6.29832,1.32911,0.08745,0.07945,0.00402,0.0103,0.7
12,53,hsic,HSIC,0.0,1.0,500,1.43501,0.59491,0.32121,6.05225,1.35319,0.07977,0.09498,0.00402,0.04086,0.675
12,53,hybrid,HYBRID_ALPHA0.1_BETA0.9,0.1,0.9,50,1.47109,0.59769,0.31888,3.89534,1.33099,0.20367,0.11163,0.00388,0.02759,0.7
12,53,hybrid,HYBRID_ALPHA0.2_BETA0.8,0.2,0.8,50,1.35433,0.64174,0.36159,3.74937,1.31919,0.20404,0.11157,0.00376,0.02283,0.75
12,53,hybrid,HYBRID_ALPHA0.3_BETA0.7,0.3,0.7,50,1.47085,0.59633,0.31876,3.84045,1.32277,0.21086,0.11458,0.0038,0.02793,0.75
12,53,hybrid,HYBRID_ALPHA0.4_BETA0.6,0.4,0.6,50,1.47041,0.59494,0.31825,3.8295,1.32081,0.21112,0.11457,0.00379,0.02799,0.75
12,53,hybrid,HYBRID_ALPHA0.5_BETA0.5,0.5,0.5,50,1.47038,0.59449,0.3182,3.78187,1.31431,0.21013,0.11426,0.00378,0.02776,0.75
12,53,hybrid,HYBRID_ALPHA0.6_BETA0.4,0.6,0.4,50,1.47035,0.59328,0.31748,3.79983,1.31751,0.20992,0.11564,0.0038,0.02787,0.725
12,53,hybrid,HYBRID_ALPHA0.7_BETA0.3,0.7,0.3,50,1.47035,0.59328,0.31748,3.71837,1.30822,0.21387,0.1167,0.00373,0.02795,0.75
12,53,hybrid,HYBRID_ALPHA0.8_BETA0.2,0.8,0.2,50,1.47033,0.59324,0.31742,3.33081,1.28119,0.21093,0.11669,0.0035,0.02656,0.675
12,53,hybrid,HYBRID_ALPHA0.9_BETA0.1,0.9,0.1,50,1.47033,0.59323,0.31742,3.34699,1.28327,0.21173,0.11721,0.00352,0.02658,0.65
12,53,hybrid,HYBRID_ALPHA0.1_BETA0.9,0.1,0.9,100,1.45766,0.68513,0.36588,1.72977,1.06893,0.0752,0.09672,0.00283,0.01927,0.6
12,53,hybrid,HYBRID_ALPHA0.2_BETA0.8,0.2,0.8,100,1.44788,0.68363,0.36863,1.5375,0.99112,0.05768,0.07264,0.00301,0.01811,0.65
12,53,hybrid,HYBRID_ALPHA0.3_BETA0.7,0.3,0.7,100,1.4332,0.67354,0.37242,1.52115,0.98139,0.06236,0.06975,0.00304,0.01785,0.7
12,53,hybrid,HYBRID_ALPHA0.4_BETA0.6,0.4,0.6,100,1.42035,0.66158,0.37683,1.51691,0.97615,0.06447,0.06879,0.00305,0.01768,0.65
12,53,hybrid,HYBRID_ALPHA0.5_BETA0.5,0.5,0.5,100,1.4228,0.66057,0.37964,1.53911,0.97909,0.06959,0.07068,0.00302,0.01755,0.675
12,53,hybrid,HYBRID_ALPHA0.6_BETA0.4,0.6,0.4,100,1.43268,0.65949,0.38221,1.56293,0.9923,0.07867,0.0722,0.00298,0.01745,0.65
12,53,hybrid,HYBRID_ALPHA0.7_BETA0.3,0.7,0.3,100,1.43953,0.66349,0.38326,1.42614,0.9463,0.07085,0.05113,0.003,0.01862,0.675
12,53,hybrid,HYBRID_ALPHA0.8_BETA0.2,0.8,0.2,100,1.4451,0.66545,0.38337,1.42079,0.94663,0.07297,0.04964,0.00297,0.01863,0.675
12,53,hybrid,HYBRID_ALPHA0.9_BETA0.1,0.9,0.1,100,1.44761,0.66523,0.38471,1.38827,0.93809,0.07505,0.04423,0.00293,0.0186,0.675
12,53,hybrid,HYBRID_ALPHA0.1_BETA0.9,0.1,0.9,300,1.3785,0.61573,0.34816,5.85223,1.23904,0.08033,0.07491,0.00392,0.01022,0.7
12,53,hybrid,HYBRID_ALPHA0.2_BETA0.8,0.2,0.8,300,1.37864,0.61574,0.34815,1.69344,1.04644,0.07433,0.09856,0.00321,0.01037,0.625
12,53,hybrid,HYBRID_ALPHA0.3_BETA0.7,0.3,0.7,300,1.3799,0.61623,0.34815,1.47441,0.98372,0.0663,0.0616,0.00304,0.01028,0.625
12,53,hybrid,HYBRID_ALPHA0.4_BETA0.6,0.4,0.6,300,1.37566,0.6157,0.34815,1.36587,0.94625,0.06571,0.05342,0.00291,0.01032,0.575
12,53,hybrid,HYBRID_ALPHA0.5_BETA0.5,0.5,0.5,300,1.37662,0.6156,0.34815,1.33481,0.93673,0.06943,0.04888,0.0029,0.01049,0.55
12,53,hybrid,HYBRID_ALPHA0.6_BETA0.4,0.6,0.4,300,1.37578,0.61565,0.34815,1.314,0.92834,0.07228,0.04583,0.00285,0.01078,0.6
12,53,hybrid,HYBRID_ALPHA0.7_BETA0.3,0.7,0.3,300,1.39023,0.61611,0.34807,1.29918,0.92355,0.07412,0.04332,0.00282,0.01101,0.55
12,53,hybrid,HYBRID_ALPHA0.8_BETA0.2,0.8,0.2,300,1.40149,0.60461,0.34805,1.20326,0.87978,0.072,0.04894,0.00242,0.01116,0.6
12,53,hybrid,HYBRID_ALPHA0.9_BETA0.1,0.9,0.1,300,1.4291,0.60328,0.34707,1.20934,0.8792,0.07842,0.0471,0.00232,0.01127,0.6
12,53,hybrid,HYBRID_ALPHA0.1_BETA0.9,0.1,0.9,500,1.435,0.59491,0.32121,5.60044,1.28286,0.07912,0.09078,0.00402,0.03905,0.675
12,53,hybrid,HYBRID_ALPHA0.2_BETA0.8,0.2,0.8,500,1.43492,0.59491,0.32122,1.04944,0.84267,0.06139,0.06322,0.00126,0.01235,0.75
12,53,hybrid,HYBRID_ALPHA0.3_BETA0.7,0.3,0.7,500,1.43492,0.59491,0.32122,1.00496,0.81895,0.07357,0.06631,0.00075,0.01166,0.7
12,53,hybrid,HYBRID_ALPHA0.4_BETA0.6,0.4,0.6,500,1.42827,0.5989,0.32822,0.9931,0.81274,0.07753,0.06966,0.00063,0.01198,0.7
12,53,hybrid,HYBRID_ALPHA0.5_BETA0.5,0.5,0.5,500,1.38971,0.61316,0.3505,0.98559,0.80602,0.07817,0.07216,0.00061,0.01261,0.575
12,53,hybrid,HYBRID_ALPHA0.6_BETA0.4,0.6,0.4,500,1.39074,0.6104,0.35125,0.98356,0.80428,0.07906,0.07167,0.00062,0.01269,0.6
12,53,hybrid,HYBRID_ALPHA0.7_BETA0.3,0.7,0.3,500,1.39194,0.60771,0.35156,0.98145,0.80192,0.07659,0.07132,0.0007,0.01266,0.7
12,53,hybrid,HYBRID_ALPHA0.8_BETA0.2,0.8,0.2,500,1.39361,0.60482,0.35051,0.9811,0.80341,0.0755,0.07055,0.00075,0.01267,0.675
12,53,hybrid,HYBRID_ALPHA0.9_BETA0.1,0.9,0.1,500,1.43143,0.60257,0.34102,0.97936,0.80154,0.07353,0.07086,0.00099,0.01205,0.75
12,53,mse,MSE,1.0,0.0,50,1.47041,0.59325,0.31734,3.67192,1.30826,0.21528,0.12132,0.0036,0.02812,0.675
12,53,mse,MSE,1.0,0.0,100,1.45187,0.66072,0.38114,1.38209,0.93921,0.07938,0.043,0.0029,0.01865,0.625
12,53,mse,MSE,1.0,0.0,300,1.43612,0.60971,0.34437,1.22207,0.88271,0.08208,0.04583,0.00232,0.01162,0.65
12,53,mse,MSE,1.0,0.0,500,1.43427,0.60211,0.3385,0.97656,0.80289,0.07409,0.07067,0.00096,0.01204,0.725
13,54,hsic,HSIC,0.0,1.0,50,3.11574,0.73284,0.33931,6.48013,1.38709,0.11007,0.1364,0.00412,0.01087,0.65
13,54,hsic,HSIC,0.0,1.0,100,1.41411,0.63929,0.35607,5.84582,1.2956,0.12654,0.08576,0.00392,0.01534,0.6
13,54,hsic,HSIC,0.0,1.0,300,1.40449,0.60896,0.34619,6.11002,1.45854,0.07865,0.10207,0.00441,0.05875,0.675
13,54,hsic,HSIC,0.0,1.0,500,1.45308,0.59693,0.32138,6.00975,1.35604,0.0754,0.08126,0.00409,0.02188,0.725
13,54,hybrid,HYBRID_ALPHA0.1_BETA0.9,0.1,0.9,50,5.64352,0.81537,0.32612,5.99985,1.33878,0.08853,0.11659,0.00399,0.01208,0.675
13,54,hybrid,HYBRID_ALPHA0.2_BETA0.8,0.2,0.8,50,3.26392,0.70313,0.30097,62.15214,2.24191,0.13482,0.16474,0.00389,0.0125,0.725
13,54,hybrid,HYBRID_ALPHA0.3_BETA0.7,0.3,0.7,50,3.1674,0.69652,0.29585,42.57958,2.06395,0.1513,0.1655,0.00353,0.01302,0.675
13,54,hybrid,HYBRID_ALPHA0.4_BETA0.6,0.4,0.6,50,2.45044,0.66123,0.30013,5.8576,1.35942,0.07287,0.13355,0.004,0.01885,0.7
13,54,hybrid,HYBRID_ALPHA0.5_BETA0.5,0.5,0.5,50,4.53154,0.76927,0.30678,4.22115,1.27342,0.0648,0.16318,0.00339,0.02187,0.725
13,54,hybrid,HYBRID_ALPHA0.6_BETA0.4,0.6,0.4,50,2.36854,0.65372,0.29546,4.8209,1.31953,0.06578,0.14952,0.00369,0.02224,0.7
13,54,hybrid,HYBRID_ALPHA0.7_BETA0.3,0.7,0.3,50,2.46311,0.65531,0.29524,4.56238,1.30999,0.06555,0.13174,0.0035,0.02318,0.775
13,54,hybrid,HYBRID_ALPHA0.8_BETA0.2,0.8,0.2,50,2.38984,0.64968,0.29179,7.20659,1.49807,0.09529,0.14475,0.00348,0.02386,0.75
13,54,hybrid,HYBRID_ALPHA0.9_BETA0.1,0.9,0.1,50,2.31644,0.64409,0.2903,5.91538,1.40882,0.08456,0.12931,0.00341,0.02288,0.725
13,54,hybrid,HYBRID_ALPHA0.1_BETA0.9,0.1,0.9,100,1.41418,0.62017,0.34984,5.47668,1.26195,0.07871,0.09684,0.00361,0.01043,0.6
13,54,hybrid,HYBRID_ALPHA0.2_BETA0.8,0.2,0.8,100,1.44231,0.60984,0.33792,5.30526,1.23799,0.08403,0.08354,0.00374,0.01258,0.625
13,54,hybrid,HYBRID_ALPHA0.3_BETA0.7,0.3,0.7,100,1.68045,0.59494,0.3009,5.07079,1.19337,0.0752,0.06708,0.00391,0.01328,0.675
13,54,hybrid,HYBRID_ALPHA0.4_BETA0.6,0.4,0.6,100,1.58759,0.58814,0.29342,1.8315,1.0185,0.04312,0.05141,0.00323,0.01605,0.65
13,54,hybrid,HYBRID_ALPHA0.5_BETA0.5,0.5,0.5,100,1.50911,0.58735,0.30958,1.78634,1.01427,0.04113,0.05108,0.00323,0.0154,0.65
13,54,hybrid,HYBRID_ALPHA0.6_BETA0.4,0.6,0.4,100,1.49566,0.59357,0.31417,2.02198,1.0194,0.03899,0.04616,0.00294,0.01566,0.675
13,54,hybrid,HYBRID_ALPHA0.7_BETA0.3,0.7,0.3,100,1.49582,0.5932,0.31371,1.6577,0.99573,0.06237,0.0408,0.0029,0.01624,0.65
13,54,hybrid,HYBRID_ALPHA0.8_BETA0.2,0.8,0.2,100,1.49577,0.59305,0.31364,1.72865,1.00418,0.06323,0.03892,0.00292,0.01588,0.625
13,54,hybrid,HYBRID_ALPHA0.9_BETA0.1,0.9,0.1,100,1.49567,0.59268,0.31352,5.63052,1.2593,0.05357,0.03985,0.00357,0.01791,0.7
13,54,hybrid,HYBRID_ALPHA0.1_BETA0.9,0.1,0.9,300,1.40521,0.61177,0.34636,5.98053,1.40561,0.08155,0.09625,0.00435,0.05743,0.675
13,54,hybrid,HYBRID_ALPHA0.2_BETA0.8,0.2,0.8,300,1.4052,0.61584,0.34684,5.20904,1.15176,0.05768,0.0726,0.00396,0.05517,0.725
13,54,hybrid,HYBRID_ALPHA0.3_BETA0.7,0.3,0.7,300,1.40605,0.61817,0.3471,2.12233,1.05711,0.05668,0.08062,0.0036,0.04672,0.7
13,54,hybrid,HYBRID_ALPHA0.4_BETA0.6,0.4,0.6,300,1.40655,0.62051,0.34759,3.53054,1.1201,0.03866,0.04327,0.00306,0.01749,0.675
13,54,hybrid,HYBRID_ALPHA0.5_BETA0.5,0.5,0.5,300,1.3843,0.62371,0.34947,4.04702,1.1549,0.05063,0.04174,0.00304,0.01632,0.65
13,54,hybrid,HYBRID_ALPHA0.6_BETA0.4,0.6,0.4,300,1.37963,0.62417,0.34822,4.28302,1.17437,0.06198,0.04235,0.00297,0.01542,0.675
13,54,hybrid,HYBRID_ALPHA0.7_BETA0.3,0.7,0.3,300,1.38088,0.62652,0.34817,4.41078,1.18754,0.07113,0.04309,0.00296,0.0144,0.675
13,54,hybrid,HYBRID_ALPHA0.8_BETA0.2,0.8,0.2,300,1.3763,0.62179,0.34919,3.86944,1.16169,0.06762,0.03869,0.00312,0.01224,0.65
13,54,hybrid,HYBRID_ALPHA0.9_BETA0.1,0.9,0.1,300,1.37644,0.62362,0.34864,3.75704,1.16222,0.07225,0.03662,0.0032,0.0119,0.675
13,54,hybrid,HYBRID_ALPHA0.1_BETA0.9,0.1,0.9,500,1.44585,0.60198,0.32727,1.51522,0.984,0.08861,0.06463,0.00321,0.01238,0.775
13,54,hybrid,HYBRID_ALPHA0.2_BETA0.8,0.2,0.8,500,1.43367,0.60107,0.33327,1.3582,0.9325,0.05259,0.05673,0.00286,0.0114,0.625
13,54,hybrid,HYBRID_ALPHA0.3_BETA0.7,0.3,0.7,500,1.37297,0.61075,0.34964,1.35057,0.93846,0.04569,0.05273,0.00303,0.01092,0.7
13,54,hybrid,HYBRID_ALPHA0.4_BETA0.6,0.4,0.6,500,1.37233,0.61209,0.3495,1.31881,0.93093,0.04308,0.051,0.00318,0.01106,0.6
13,54,hybrid,HYBRID_ALPHA0.5_BETA0.5,0.5,0.5,500,1.37158,0.61215,0.34893,1.21746,0.89514,0.03865,0.05312,0.00285,0.01158,0.65
13,54,hybrid,HYBRID_ALPHA0.6_BETA0.4,0.6,0.4,500,1.36821,0.61104,0.34839,1.19899,0.88924,0.03849,0.05313,0.0028,0.01174,0.65
13,54,hybrid,HYBRID_ALPHA0.7_BETA0.3,0.7,0.3,500,1.3679,0.61135,0.34783,1.25517,0.89969,0.04841,0.05756,0.0025,0.01159,0.65
13,54,hybrid,HYBRID_ALPHA0.8_BETA0.2,0.8,0.2,500,1.37048,0.61093,0.34221,1.11023,0.85695,0.0478,0.0579,0.00245,0.01264,0.65
13,54,hybrid,HYBRID_ALPHA0.9_BETA0.1,0.9,0.1,500,1.3969,0.62183,0.32139,1.08287,0.84392,0.05234,0.06107,0.00219,0.01309,0.65
13,54,mse,MSE,1.0,0.0,50,2.24792,0.63865,0.28939,4.06209,1.25326,0.0659,0.11831,0.00377,0.02459,0.725
13,54,mse,MSE,1.0,0.0,100,1.49568,0.59257,0.31351,6.51559,1.29068,0.04855,0.04274,0.00358,0.01776,0.675
13,54,mse,MSE,1.0,0.0,300,1.37618,0.62329,0.34837,3.52235,1.15416,0.07647,0.03263,0.0033,0.012,0.65
13,54,mse,MSE,1.0,0.0,500,1.37633,0.61642,0.33142,1.22684,0.89419,0.0604,0.05959,0.00244,0.01244,0.65
14,55,hsic,HSIC,0.0,1.0,50,1.4502,0.6356,0.32951,8.23135,1.52147,0.11495,0.14639,0.00361,0.00993,0.675
14,55,hsic,HSIC,0.0,1.0,100,1.40765,0.59539,0.32233,5.54123,1.27559,0.07007,0.10018,0.00392,0.01127,0.7
14,55,hsic,HSIC,0.0,1.0,300,1.38197,0.62073,0.35026,5.84784,1.29625,0.055,0.09902,0.0036,0.09576,0.725
14,55,hsic,HSIC,0.0,1.0,500,1.40665,0.65694,0.34438,5.92219,1.352,0.08631,0.09832,0.00398,0.01265,0.675
14,55,hybrid,HYBRID_ALPHA0.1_BETA0.9,0.1,0.9,50,1.45043,0.60568,0.3383,54.96005,2.24067,0.20271,0.14072,0.00406,0.00955,0.65
14,55,hybrid,HYBRID_ALPHA0.2_BETA0.8,0.2,0.8,50,2.00561,0.64487,0.34885,311.5324,3.48233,0.09562,0.1032,0.00257,0.00973,0.625
14,55,hybrid,HYBRID_ALPHA0.3_BETA0.7,0.3,0.7,50,3.71611,0.69834,0.34649,117.991,2.50357,0.05303,0.09339,0.00241,0.00935,0.625
14,55,hybrid,HYBRID_ALPHA0.4_BETA0.6,0.4,0.6,50,3.00733,0.69456,0.36227,39.16428,1.96556,0.1211,0.12499,0.00347,0.01088,0.7
14,55,hybrid,HYBRID_ALPHA0.5_BETA0.5,0.5,0.5,50,1.64256,0.65164,0.37366,8.88757,1.34868,0.06644,0.1068,0.00255,0.01019,0.65
14,55,hybrid,HYBRID_ALPHA0.6_BETA0.4,0.6,0.4,50,2.16263,0.66825,0.37584,5.08305,1.25197,0.09652,0.10713,0.00329,0.0108,0.675
14,55,hybrid,HYBRID_ALPHA0.7_BETA0.3,0.7,0.3,50,2.44693,0.68234,0.37666,2.74392,1.12674,0.07442,0.11309,0.00284,0.01054,0.625
14,55,hybrid,HYBRID_ALPHA0.8_BETA0.2,0.8,0.2,50,2.39969,0.68023,0.3758,2.25096,1.10061,0.08804,0.10852,0.00291,0.01088,0.625
14,55,hybrid,HYBRID_ALPHA0.9_BETA0.1,0.9,0.1,50,1.86101,0.65453,0.37494,1.93081,1.00863,0.04508,0.0841,0.00316,0.01088,0.6
14,55,hybrid,HYBRID_ALPHA0.1_BETA0.9,0.1,0.9,100,1.40728,0.5945,0.32232,2.03931,1.01876,0.038,0.10406,0.00309,0.0146,0.65
14,55,hybrid,HYBRID_ALPHA0.2_BETA0.8,0.2,0.8,100,1.40436,0.59479,0.32468,1.56312,1.00571,0.08625,0.08079,0.00336,0.01799,0.725
14,55,hybrid,HYBRID_ALPHA0.3_BETA0.7,0.3,0.7,100,1.39901,0.59591,0.33028,1.57791,1.00923,0.09169,0.07913,0.00335,0.01828,0.75
14,55,hybrid,HYBRID_ALPHA0.4_BETA0.6,0.4,0.6,100,1.3965,0.59595,0.33287,1.69814,1.02708,0.09334,0.07829,0.00337,0.01815,0.725
14,55,hybrid,HYBRID_ALPHA0.5_BETA0.5,0.5,0.5,100,1.39043,0.59774,0.33899,1.68242,1.01119,0.06128,0.08468,0.00329,0.01678,0.7
14,55,hybrid,HYBRID_ALPHA0.6_BETA0.4,0.6,0.4,100,1.38645,0.60007,0.34314,1.5571,0.98408,0.0703,0.07848,0.00328,0.01751,0.625
14,55,hybrid,HYBRID_ALPHA0.7_BETA0.3,0.7,0.3,100,1.45185,0.67311,0.37851,1.61527,0.99772,0.07637,0.07731,0.00286,0.01971,0.7
14,55,hybrid,HYBRID_ALPHA0.8_BETA0.2,0.8,0.2,100,1.4511,0.67317,0.37877,1.71721,1.01558,0.05938,0.09057,0.00289,0.02047,0.775
14,55,hybrid,HYBRID_ALPHA0.9_BETA0.1,0.9,0.1,100,1.45358,0.67278,0.37933,1.71701,1.01704,0.06137,0.08793,0.00292,0.02077,0.75
14,55,hybrid,HYBRID_ALPHA0.1_BETA0.9,0.1,0.9,300,1.43046,0.5935,0.32154,5.89891,1.32651,0.0795,0.11529,0.00395,0.09756,0.75
14,55,hybrid,HYBRID_ALPHA0.2_BETA0.8,0.2,0.8,300,1.43059,0.59335,0.3213,3.21639,1.19989,0.08348,0.12582,0.00388,0.09359,0.75
14,55,hybrid,HYBRID_ALPHA0.3_BETA0.7,0.3,0.7,300,1.43073,0.59334,0.32127,1.53256,1.01139,0.07171,0.09048,0.00295,0.0881,0.75
14,55,hybrid,HYBRID_ALPHA0.4_BETA0.6,0.4,0.6,300,1.43077,0.59317,0.32117,1.51851,1.00882,0.07524,0.08251,0.00318,0.08624,0.725
14,55,hybrid,HYBRID_ALPHA0.5_BETA0.5,0.5,0.5,300,1.43167,0.59284,0.3207,1.46528,0.96782,0.05785,0.06116,0.00321,0.08539,0.7
14,55,hybrid,HYBRID_ALPHA0.6_BETA0.4,0.6,0.4,300,1.43176,0.59251,0.32043,2.03609,0.94128,0.02985,0.05064,0.00267,0.07211,0.75
14,55,hybrid,HYBRID_ALPHA0.7_BETA0.3,0.7,0.3,300,1.43173,0.59202,0.32021,1.33119,0.90209,0.02352,0.05392,0.00294,0.07921,0.7
14,55,hybrid,HYBRID_ALPHA0.8_BETA0.2,0.8,0.2,300,1.43182,0.59198,0.32017,1.62268,0.93208,0.02291,0.04769,0.00307,0.0751,0.75
14,55,hybrid,HYBRID_ALPHA0.9_BETA0.1,0.9,0.1,300,1.43243,0.59166,0.31959,2.1615,0.9552,0.03233,0.04851,0.00291,0.07143,0.7
14,55,hybrid,HYBRID_ALPHA0.1_BETA0.9,0.1,0.9,500,1.38387,0.60317,0.34543,5.05995,1.13043,0.05367,0.08203,0.00355,0.01001,0.7
14,55,hybrid,HYBRID_ALPHA0.2_BETA0.8,0.2,0.8,500,1.38338,0.59926,0.34489,1.46826,0.96824,0.05495,0.07836,0.00297,0.00886,0.65
14,55,hybrid,HYBRID_ALPHA0.3_BETA0.7,0.3,0.7,500,1.38144,0.60063,0.34602,1.50726,0.86303,0.06046,0.07276,0.0014,0.00948,0.65
14,55,hybrid,HYBRID_ALPHA0.4_BETA0.6,0.4,0.6,500,1.37989,0.60153,0.3466,1.35237,0.94705,0.08035,0.07044,0.00257,0.00944,0.6
14,55,hybrid,HYBRID_ALPHA0.5_BETA0.5,0.5,0.5,500,1.37834,0.60214,0.34715,1.33493,0.93816,0.07916,0.06615,0.00248,0.00944,0.65
14,55,hybrid,HYBRID_ALPHA0.6_BETA0.4,0.6,0.4,500,1.37711,0.6027,0.34763,1.57662,0.85466,0.05457,0.07834,0.0013,0.00975,0.7
14,55,hybrid,HYBRID_ALPHA0.7_BETA0.3,0.7,0.3,500,1.37684,0.60282,0.34857,1.58504,0.85539,0.05233,0.07832,0.00134,0.00972,0.725
14,55,hybrid,HYBRID_ALPHA0.8_BETA0.2,0.8,0.2,500,1.37705,0.60274,0.34904,2.07926,0.88488,0.04188,0.07705,0.0016,0.00953,0.65
14,55,hybrid,HYBRID_ALPHA0.9_BETA0.1,0.9,0.1,500,1.3765,0.60306,0.34989,1.46393,0.84505,0.05218,0.08004,0.00129,0.00998,0.65
14,55,mse,MSE,1.0,0.0,50,1.49856,0.63272,0.37537,1.92059,1.01207,0.04489,0.08202,0.00332,0.01105,0.625
14,55,mse,MSE,1.0,0.0,100,1.45527,0.67206,0.37991,1.73605,1.01774,0.05785,0.08634,0.00293,0.02053,0.65
14,55,mse,MSE,1.0,0.0,300,1.43234,0.59154,0.31947,2.47969,0.96447,0.03468,0.04956,0.00287,0.06922,0.725
14,55,mse,MSE,1.0,0.0,500,1.37638,0.60321,0.35074,1.42723,0.84106,0.0528,0.08198,0.00125,0.01,0.625
15,56,hsic,HSIC,0.0,1.0,50,53.78274,2.27958,0.39215,22.4378,2.02148,0.10463,0.11773,0.00383,0.10289,0.7
15,56,hsic,HSIC,0.0,1.0,100,1.47712,0.59436,0.3169,5.59979,1.25601,0.06364,0.09822,0.00375,0.01733,0.675
15,56,hsic,HSIC,0.0,1.0,300,1.44207,0.59502,0.32156,6.23188,1.40217,0.08032,0.07011,0.00432,0.02772,0.675
15,56,hsic,HSIC,0.0,1.0,500,1.40417,0.62982,0.34368,6.17484,1.36047,0.06768,0.07955,0.00402,0.0262,0.75
15,56,hybrid,HYBRID_ALPHA0.1_BETA0.9,0.1,0.9,50,52.0963,2.27002,0.3986,19.28784,2.09381,0.23804,0.11989,0.00418,0.10297,0.725
15,56,hybrid,HYBRID_ALPHA0.2_BETA0.8,0.2,0.8,50,52.0302,2.26528,0.39865,19.288,2.09378,0.23801,0.11988,0.00418,0.10282,0.725
15,56,hybrid,HYBRID_ALPHA0.3_BETA0.7,0.3,0.7,50,51.91442,2.25968,0.39936,19.28775,2.09362,0.23787,0.11973,0.00419,0.10251,0.775
15,56,hybrid,HYBRID_ALPHA0.4_BETA0.6,0.4,0.6,50,51.83836,2.25318,0.39923,19.28765,2.09359,0.23785,0.1197,0.00419,0.10222,0.775
15,56,hybrid,HYBRID_ALPHA0.5_BETA0.5,0.5,0.5,50,51.7181,2.24767,0.39978,19.28755,2.09359,0.23785,0.11975,0.0042,0.10191,0.775
15,56,hybrid,HYBRID_ALPHA0.6_BETA0.4,0.6,0.4,50,51.64068,2.24295,0.39955,19.17112,2.09045,0.23768,0.11956,0.0042,0.10162,0.775
15,56,hybrid,HYBRID_ALPHA0.7_BETA0.3,0.7,0.3,50,51.51324,2.2385,0.39988,19.17111,2.09039,0.23762,0.11951,0.0042,0.10138,0.75
15,56,hybrid,HYBRID_ALPHA0.8_BETA0.2,0.8,0.2,50,51.40789,2.2339,0.39942,19.17057,2.09028,0.23758,0.11947,0.0042,0.10117,0.75
15,56,hybrid,HYBRID_ALPHA0.9_BETA0.1,0.9,0.1,50,51.27626,2.22921,0.39937,19.17056,2.09027,0.23756,0.11947,0.0042,0.10101,0.75
15,56,hybrid,HYBRID_ALPHA0.1_BETA0.9,0.1,0.9,100,1.47615,0.59456,0.31744,1.44194,0.91849,0.03185,0.07444,0.00317,0.0086,0.7
15,56,hybrid,HYBRID_ALPHA0.2_BETA0.8,0.2,0.8,100,1.47505,0.59481,0.31819,1.34592,0.92037,0.03842,0.06615,0.00318,0.00923,0.725
15,56,hybrid,HYBRID_ALPHA0.3_BETA0.7,0.3,0.7,100,1.47454,0.595,0.31846,1.46944,0.95499,0.04823,0.06226,0.00332,0.00985,0.675
15,56,hybrid,HYBRID_ALPHA0.4_BETA0.6,0.4,0.6,100,1.47367,0.5953,0.31888,1.43592,0.95602,0.05379,0.05669,0.00319,0.01054,0.675
15,56,hybrid,HYBRID_ALPHA0.5_BETA0.5,0.5,0.5,100,1.40005,0.59789,0.33166,1.42472,0.95768,0.06186,0.05788,0.0029,0.0109,0.65
15,56,hybrid,HYBRID_ALPHA0.6_BETA0.4,0.6,0.4,100,1.39296,0.60092,0.33782,1.43577,0.96296,0.07548,0.06461,0.00269,0.0114,0.65
15,56,hybrid,HYBRID_ALPHA0.7_BETA0.3,0.7,0.3,100,1.37188,0.60686,0.34435,1.45507,0.97672,0.08822,0.06746,0.00259,0.01168,0.6
15,56,hybrid,HYBRID_ALPHA0.8_BETA0.2,0.8,0.2,100,1.35162,0.60936,0.34704,1.46882,0.98387,0.09644,0.06894,0.00259,0.01187,0.6
15,56,hybrid,HYBRID_ALPHA0.9_BETA0.1,0.9,0.1,100,1.33896,0.61278,0.35009,1.35374,0.93529,0.08232,0.05074,0.00252,0.01193,0.65
15,56,hybrid,HYBRID_ALPHA0.1_BETA0.9,0.1,0.9,300,1.4418,0.59444,0.3216,1.1579,0.86656,0.02976,0.06593,0.00221,0.01107,0.675
15,56,hybrid,HYBRID_ALPHA0.2_BETA0.8,0.2,0.8,300,1.44165,0.59445,0.32165,1.11496,0.83991,0.04335,0.06317,0.00206,0.0117,0.75
15,56,hybrid,HYBRID_ALPHA0.3_BETA0.7,0.3,0.7,300,1.44149,0.59445,0.32164,1.0589,0.82442,0.05056,0.06428,0.00173,0.01201,0.7
15,56,hybrid,HYBRID_ALPHA0.4_BETA0.6,0.4,0.6,300,1.4414,0.59424,0.32155,1.02544,0.81268,0.05617,0.06821,0.00135,0.0122,0.65
15,56,hybrid,HYBRID_ALPHA0.5_BETA0.5,0.5,0.5,300,1.43311,0.59332,0.32579,0.99964,0.80076,0.06266,0.07235,0.00092,0.01215,0.625
15,56,hybrid,HYBRID_ALPHA0.6_BETA0.4,0.6,0.4,300,1.42574,0.59237,0.33012,0.9913,0.79767,0.06643,0.07431,0.00076,0.0123,0.65
15,56,hybrid,HYBRID_ALPHA0.7_BETA0.3,0.7,0.3,300,1.41941,0.59182,0.33162,0.99341,0.80139,0.06976,0.07164,0.00087,0.01306,0.625
15,56,hybrid,HYBRID_ALPHA0.8_BETA0.2,0.8,0.2,300,1.41556,0.59312,0.33303,1.00388,0.80163,0.06312,0.07428,0.00095,0.01294,0.675
15,56,hybrid,HYBRID_ALPHA0.9_BETA0.1,0.9,0.1,300,1.41251,0.59521,0.33371,0.99669,0.79089,0.07238,0.07896,0.00053,0.01197,0.725
15,56,hybrid,HYBRID_ALPHA0.1_BETA0.9,0.1,0.9,500,1.39168,0.59903,0.34272,1.35193,0.91997,0.04878,0.06509,0.00293,0.01045,0.7
15,56,hybrid,HYBRID_ALPHA0.2_BETA0.8,0.2,0.8,500,1.39503,0.60454,0.34013,1.36976,0.94409,0.05844,0.06919,0.00266,0.01185,0.7
15,56,hybrid,HYBRID_ALPHA0.3_BETA0.7,0.3,0.7,500,1.41456,0.59372,0.32974,1.36653,0.94187,0.05933,0.06734,0.00271,0.0119,0.725
15,56,hybrid,HYBRID_ALPHA0.4_BETA0.6,0.4,0.6,500,1.42688,0.59093,0.32472,1.36517,0.94097,0.05962,0.06571,0.00271,0.01191,0.675
15,56,hybrid,HYBRID_ALPHA0.5_BETA0.5,0.5,0.5,500,1.42658,0.59136,0.32504,1.03786,0.82746,0.03,0.06791,0.00175,0.01083,0.775
15,56,hybrid,HYBRID_ALPHA0.6_BETA0.4,0.6,0.4,500,1.42392,0.59197,0.32523,1.03328,0.82628,0.03169,0.06749,0.00175,0.01088,0.775
15,56,hybrid,HYBRID_ALPHA0.7_BETA0.3,0.7,0.3,500,1.42342,0.59216,0.32561,1.02971,0.8252,0.03321,0.0668,0.00173,0.01086,0.825
15,56,hybrid,HYBRID_ALPHA0.8_BETA0.2,0.8,0.2,500,1.42339,0.59219,0.32569,1.02916,0.82552,0.03507,0.06586,0.00172,0.01084,0.825
15,56,hybrid,HYBRID_ALPHA0.9_BETA0.1,0.9,0.1,500,1.4233,0.59222,0.32574,1.03287,0.8293,0.03761,0.06392,0.00172,0.01093,0.8
15,56,mse,MSE,1.0,0.0,50,51.17034,2.22542,0.3988,19.17053,2.09026,0.23756,0.11947,0.0042,0.10085,0.725
15,56,mse,MSE,1.0,0.0,100,1.30004,0.61561,0.35348,1.36173,0.93812,0.08862,0.05187,0.00243,0.01201,0.625
15,56,mse,MSE,1.0,0.0,300,1.41243,0.5964,0.33177,0.97553,0.77969,0.07266,0.08116,0.00035,0.01062,0.675
15,56,mse,MSE,1.0,0.0,500,1.43297,0.58993,0.32339,1.02714,0.82882,0.04353,0.0632,0.00166,0.01108,0.775
16,57,hsic,HSIC,0.0,1.0,50,1.49788,0.59607,0.31359,5.68226,1.38677,0.17978,0.12197,0.0038,0.03174,0.775
16,57,hsic,HSIC,0.0,1.0,100,1.45974,0.59467,0.31894,6.67487,1.49562,0.15133,0.0811,0.00422,0.03042,0.7
16,57,hsic,HSIC,0.0,1.0,300,1.47424,0.59679,0.31869,5.96216,1.4312,0.07078,0.09869,0.00438,0.01693,0.65
16,57,hsic,HSIC,0.0,1.0,500,1.42099,0.60257,0.33062,6.1554,1.36016,0.06693,0.09078,0.00398,0.02252,0.75
16,57,hybrid,HYBRID_ALPHA0.1_BETA0.9,0.1,0.9,50,1.49646,0.5959,0.31427,4.01069,1.27511,0.1538,0.11763,0.00379,0.02805,0.725
16,57,hybrid,HYBRID_ALPHA0.2_BETA0.8,0.2,0.8,50,1.49629,0.59539,0.31426,1.72715,1.05862,0.14485,0.08427,0.00305,0.02187,0.725
16,57,hybrid,HYBRID_ALPHA0.3_BETA0.7,0.3,0.7,50,1.49562,0.59533,0.31476,1.68571,1.04239,0.14024,0.08177,0.00299,0.02166,0.7
16,57,hybrid,HYBRID_ALPHA0.4_BETA0.6,0.4,0.6,50,1.49545,0.59519,0.31492,3.82657,1.21938,0.15415,0.08663,0.00351,0.02202,0.7
16,57,hybrid,HYBRID_ALPHA0.5_BETA0.5,0.5,0.5,50,1.49542,0.5947,0.31481,1.95753,1.09578,0.14873,0.09575,0.00328,0.02346,0.675
16,57,hybrid,HYBRID_ALPHA0.6_BETA0.4,0.6,0.4,50,1.49522,0.59472,0.31489,1.96285,1.09142,0.14433,0.09717,0.0033,0.02322,0.725
16,57,hybrid,HYBRID_ALPHA0.7_BETA0.3,0.7,0.3,50,1.49517,0.5943,0.3148,1.92937,1.08461,0.14144,0.09494,0.00328,0.02305,0.675
16,57,hybrid,HYBRID_ALPHA0.8_BETA0.2,0.8,0.2,50,1.49515,0.59409,0.31485,1.90208,1.07921,0.13868,0.09234,0.00327,0.0229,0.725
16,57,hybrid,HYBRID_ALPHA0.9_BETA0.1,0.9,0.1,50,1.4951,0.59411,0.31487,1.90322,1.07934,0.13788,0.09123,0.00326,0.02285,0.75
16,57,hybrid,HYBRID_ALPHA0.1_BETA0.9,0.1,0.9,100,1.45988,0.59466,0.31889,7.43782,1.36834,0.14161,0.05726,0.00383,0.05284,0.7
16,57,hybrid,HYBRID_ALPHA0.2_BETA0.8,0.2,0.8,100,1.46039,0.59477,0.31883,1.73781,1.00354,0.08291,0.04404,0.00322,0.0219,0.725
16,57,hybrid,HYBRID_ALPHA0.3_BETA0.7,0.3,0.7,100,1.46159,0.59463,0.31837,2.16893,1.04382,0.07417,0.04392,0.00353,0.02118,0.7
16,57,hybrid,HYBRID_ALPHA0.4_BETA0.6,0.4,0.6,100,1.53355,0.59471,0.30537,1.99609,1.03212,0.07477,0.04138,0.00366,0.02036,0.675
16,57,hybrid,HYBRID_ALPHA0.5_BETA0.5,0.5,0.5,100,1.52512,0.59506,0.30694,5.99041,1.16022,0.0773,0.03643,0.00359,0.02039,0.675
16,57,hybrid,HYBRID_ALPHA0.6_BETA0.4,0.6,0.4,100,1.48541,0.59563,0.31031,6.07271,1.15335,0.08018,0.03358,0.00338,0.02054,0.65
16,57,hybrid,HYBRID_ALPHA0.7_BETA0.3,0.7,0.3,100,1.49769,0.59694,0.30931,4.85136,1.09304,0.11042,0.03152,0.00216,0.02005,0.625
16,57,hybrid,HYBRID_ALPHA0.8_BETA0.2,0.8,0.2,100,1.50239,0.59606,0.3077,4.84322,1.08816,0.10896,0.03259,0.00213,0.02005,0.65
16,57,hybrid,HYBRID_ALPHA0.9_BETA0.1,0.9,0.1,100,1.50908,0.5951,0.30781,5.45372,1.11057,0.09202,0.03047,0.00267,0.01993,0.75
16,57,hybrid,HYBRID_ALPHA0.1_BETA0.9,0.1,0.9,300,1.47394,0.59645,0.31882,4.68359,1.06479,0.0504,0.08053,0.00317,0.01017,0.675
16,57,hybrid,HYBRID_ALPHA0.2_BETA0.8,0.2,0.8,300,1.47388,0.59635,0.31889,1.66481,0.89611,0.05126,0.06349,0.00179,0.00862,0.625
16,57,hybrid,HYBRID_ALPHA0.3_BETA0.7,0.3,0.7,300,1.47271,0.59632,0.31969,1.26202,0.83276,0.06254,0.07249,0.00132,0.00843,0.65
16,57,hybrid,HYBRID_ALPHA0.4_BETA0.6,0.4,0.6,300,1.4725,0.59643,0.31999,1.33679,0.83532,0.05804,0.0716,0.00139,0.00861,0.65
16,57,hybrid,HYBRID_ALPHA0.5_BETA0.5,0.5,0.5,300,1.47242,0.59644,0.32008,1.44811,0.84494,0.05391,0.06891,0.00151,0.00867,0.65
16,57,hybrid,HYBRID_ALPHA0.6_BETA0.4,0.6,0.4,300,1.47244,0.59647,0.32011,1.58803,0.85793,0.04494,0.06517,0.00179,0.00885,0.7
16,57,hybrid,HYBRID_ALPHA0.7_BETA0.3,0.7,0.3,300,1.47237,0.59654,0.32023,1.76398,0.87249,0.03969,0.05886,0.00199,0.00894,0.675
16,57,hybrid,HYBRID_ALPHA0.8_BETA0.2,0.8,0.2,300,1.4722,0.59661,0.32042,1.85731,0.87831,0.03975,0.05911,0.00199,0.009,0.65
16,57,hybrid,HYBRID_ALPHA0.9_BETA0.1,0.9,0.1,300,1.4722,0.59661,0.32042,1.91012,0.88113,0.03996,0.05967,0.00199,0.00904,0.675
16,57,hybrid,HYBRID_ALPHA0.1_BETA0.9,0.1,0.9,500,1.418,0.59404,0.32956,1.44557,0.97,0.0752,0.07565,0.00267,0.01047,0.65
16,57,hybrid,HYBRID_ALPHA0.2_BETA0.8,0.2,0.8,500,1.42234,0.59207,0.32802,1.41925,0.96149,0.07386,0.07699,0.00277,0.0105,0.65
16,57,hybrid,HYBRID_ALPHA0.3_BETA0.7,0.3,0.7,500,1.42413,0.59141,0.32794,1.43101,0.96586,0.07809,0.07752,0.00288,0.01061,0.65
16,57,hybrid,HYBRID_ALPHA0.4_BETA0.6,0.4,0.6,500,1.42831,0.59104,0.32717,1.43026,0.96552,0.07792,0.07684,0.00291,0.01069,0.675
16,57,hybrid,HYBRID_ALPHA0.5_BETA0.5,0.5,0.5,500,1.43172,0.59051,0.32529,1.14658,0.85981,0.048,0.08069,0.00193,0.00964,0.675
16,57,hybrid,HYBRID_ALPHA0.6_BETA0.4,0.6,0.4,500,1.43525,0.59054,0.32366,1.01288,0.81805,0.04227,0.07623,0.00147,0.00982,0.725
16,57,hybrid,HYBRID_ALPHA0.7_BETA0.3,0.7,0.3,500,1.43886,0.59126,0.32202,0.99967,0.81049,0.04592,0.07642,0.00135,0.00993,0.75
16,57,hybrid,HYBRID_ALPHA0.8_BETA0.2,0.8,0.2,500,1.43886,0.59125,0.32203,0.96997,0.79308,0.05454,0.08057,0.00096,0.01027,0.75
16,57,hybrid,HYBRID_ALPHA0.9_BETA0.1,0.9,0.1,500,1.44328,0.59248,0.32044,0.96321,0.7875,0.05783,0.08105,0.00087,0.01045,0.675
16,57,mse,MSE,1.0,0.0,50,1.4951,0.59411,0.31491,1.87106,1.07138,0.13423,0.09109,0.00325,0.0227,0.8
16,57,mse,MSE,1.0,0.0,100,1.51367,0.59465,0.307,5.96027,1.1139,0.07786,0.03541,0.00277,0.01885,0.725
16,57,mse,MSE,1.0,0.0,300,1.47218,0.59636,0.32036,1.48018,0.84973,0.05066,0.06508,0.00155,0.00926,0.675
16,57,mse,MSE,1.0,0.0,500,1.44326,0.59248,0.32045,0.95606,0.78187,0.0616,0.08143,0.00076,0.01064,0.7
17,58,hsic,HSIC,0.0,1.0,50,1.53371,0.59746,0.31336,6.12089,1.32803,0.11089,0.123,0.00376,0.00754,0.675
17,58,hsic,HSIC,0.0,1.0,100,1.45701,0.5954,0.31959,5.51765,1.23843,0.06093,0.11918,0.00346,0.02301,0.75
17,58,hsic,HSIC,0.0,1.0,300,1.56756,0.59625,0.30454,5.93893,1.41296,0.19068,0.12431,0.00378,0.01625,0.675
17,58,hsic,HSIC,0.0,1.0,500,1.4569,0.5964,0.32291,5.99344,1.30378,0.06883,0.12674,0.00379,0.0116,0.575
17,58,hybrid,HYBRID_ALPHA0.1_BETA0.9,0.1,0.9,50,1.53358,0.59752,0.31364,1.41999,0.97758,0.04401,0.07386,0.00235,0.01581,0.725
17,58,hybrid,HYBRID_ALPHA0.2_BETA0.8,0.2,0.8,50,1.53321,0.59753,0.31381,1.3623,0.96043,0.04479,0.07532,0.0026,0.01588,0.7
17,58,hybrid,HYBRID_ALPHA0.3_BETA0.7,0.3,0.7,50,1.53317,0.59732,0.31379,1.74541,1.00562,0.04754,0.07328,0.00248,0.01605,0.675
17,58,hybrid,HYBRID_ALPHA0.4_BETA0.6,0.4,0.6,50,1.53319,0.59733,0.3138,1.66729,1.02215,0.07687,0.07756,0.00312,0.01459,0.7
17,58,hybrid,HYBRID_ALPHA0.5_BETA0.5,0.5,0.5,50,1.53316,0.59711,0.31367,1.58373,0.9641,0.04113,0.07026,0.00243,0.01706,0.75
17,58,hybrid,HYBRID_ALPHA0.6_BETA0.4,0.6,0.4,50,1.533,0.59666,0.31362,1.62637,0.98592,0.04018,0.06343,0.00317,0.01674,0.7
17,58,hybrid,HYBRID_ALPHA0.7_BETA0.3,0.7,0.3,50,1.53265,0.59619,0.3134,4.41058,1.22513,0.05492,0.05702,0.00317,0.00857,0.675
17,58,hybrid,HYBRID_ALPHA0.8_BETA0.2,0.8,0.2,50,1.53264,0.59613,0.31337,1.45276,0.95138,0.03396,0.06689,0.00303,0.01766,0.7
17,58,hybrid,HYBRID_ALPHA0.9_BETA0.1,0.9,0.1,50,1.53261,0.59593,0.31313,1.48411,0.94768,0.03147,0.06507,0.00303,0.01702,0.7
17,58,hybrid,HYBRID_ALPHA0.1_BETA0.9,0.1,0.9,100,1.45661,0.59554,0.31989,4.81997,1.23944,0.06603,0.12523,0.00348,0.02644,0.7
17,58,hybrid,HYBRID_ALPHA0.2_BETA0.8,0.2,0.8,100,1.45641,0.59561,0.32005,5.37947,1.30798,0.05278,0.14061,0.00367,0.02978,0.75
17,58,hybrid,HYBRID_ALPHA0.3_BETA0.7,0.3,0.7,100,1.45592,0.59568,0.32029,3.21585,1.13452,0.05014,0.15855,0.00308,0.03063,0.7
17,58,hybrid,HYBRID_ALPHA0.4_BETA0.6,0.4,0.6,100,1.45583,0.59568,0.32031,2.91067,1.09522,0.04403,0.12372,0.00351,0.03111,0.75
17,58,hybrid,HYBRID_ALPHA0.5_BETA0.5,0.5,0.5,100,1.45583,0.5957,0.32031,2.74387,1.09426,0.04283,0.11925,0.00359,0.03125,0.75
17,58,hybrid,HYBRID_ALPHA0.6_BETA0.4,0.6,0.4,100,1.45571,0.5957,0.32034,2.64354,1.08489,0.0416,0.11699,0.00357,0.03136,0.675
17,58,hybrid,HYBRID_ALPHA0.7_BETA0.3,0.7,0.3,100,1.45559,0.59571,0.32039,2.8124,1.10583,0.04134,0.11367,0.00363,0.03123,0.7
17,58,hybrid,HYBRID_ALPHA0.8_BETA0.2,0.8,0.2,100,1.45559,0.59571,0.32039,2.80675,1.10971,0.04211,0.11445,0.00361,0.03128,0.675
17,58,hybrid,HYBRID_ALPHA0.9_BETA0.1,0.9,0.1,100,1.45562,0.59572,0.32041,1.87262,1.01586,0.07487,0.149,0.00277,0.03274,0.675
17,58,hybrid,HYBRID_ALPHA0.1_BETA0.9,0.1,0.9,300,1.56729,0.59563,0.3045,5.79497,1.26562,0.08247,0.12191,0.00368,0.01205,0.65
17,58,hybrid,HYBRID_ALPHA0.2_BETA0.8,0.2,0.8,300,1.56707,0.59501,0.30442,5.56324,1.25622,0.06365,0.11963,0.00361,0.01332,0.725
17,58,hybrid,HYBRID_ALPHA0.3_BETA0.7,0.3,0.7,300,1.56689,0.59448,0.30426,5.46047,1.20927,0.06613,0.10872,0.00357,0.0128,0.675
17,58,hybrid,HYBRID_ALPHA0.4_BETA0.6,0.4,0.6,300,1.56684,0.59401,0.30416,4.86621,1.23583,0.08725,0.10107,0.00371,0.01239,0.725
17,58,hybrid,HYBRID_ALPHA0.5_BETA0.5,0.5,0.5,300,1.56699,0.59322,0.30401,4.58425,1.21195,0.07978,0.10316,0.00371,0.01249,0.725
17,58,hybrid,HYBRID_ALPHA0.6_BETA0.4,0.6,0.4,300,1.56694,0.59279,0.30387,5.12864,1.21117,0.07081,0.10337,0.00365,0.0124,0.65
17,58,hybrid,HYBRID_ALPHA0.7_BETA0.3,0.7,0.3,300,1.56693,0.59275,0.30387,4.78519,1.19557,0.06742,0.10557,0.00363,0.01254,0.7
17,58,hybrid,HYBRID_ALPHA0.8_BETA0.2,0.8,0.2,300,1.56251,0.59135,0.30517,3.43475,1.10685,0.05001,0.10324,0.00372,0.01284,0.7
17,58,hybrid,HYBRID_ALPHA0.9_BETA0.1,0.9,0.1,300,1.56219,0.59142,0.3058,3.17174,1.13233,0.0726,0.11389,0.00359,0.01323,0.725
17,58,hybrid,HYBRID_ALPHA0.1_BETA0.9,0.1,0.9,500,1.4566,0.59643,0.32301,5.30301,1.13303,0.05545,0.11646,0.00355,0.01118,0.575
17,58,hybrid,HYBRID_ALPHA0.2_BETA0.8,0.2,0.8,500,1.45927,0.59596,0.32193,5.29032,1.10962,0.05665,0.10535,0.00355,0.01184,0.575
17,58,hybrid,HYBRID_ALPHA0.3_BETA0.7,0.3,0.7,500,1.45757,0.59626,0.32278,2.30777,0.90336,0.04023,0.091,0.0018,0.01099,0.65
17,58,hybrid,HYBRID_ALPHA0.4_BETA0.6,0.4,0.6,500,1.45656,0.59663,0.32339,2.43102,0.89293,0.04766,0.09458,0.0014,0.01138,0.65
17,58,hybrid,HYBRID_ALPHA0.5_BETA0.5,0.5,0.5,500,1.45621,0.59709,0.32375,2.47335,0.88435,0.0517,0.09626,0.00118,0.01157,0.625
17,58,hybrid,HYBRID_ALPHA0.6_BETA0.4,0.6,0.4,500,1.45224,0.59831,0.32579,2.48119,0.87821,0.05374,0.09654,0.00107,0.01168,0.625
17,58,hybrid,HYBRID_ALPHA0.7_BETA0.3,0.7,0.3,500,1.44834,0.59924,0.32767,2.55628,0.87689,0.05538,0.09713,0.00101,0.01186,0.575
17,58,hybrid,HYBRID_ALPHA0.8_BETA0.2,0.8,0.2,500,1.44822,0.59951,0.3279,2.55939,0.87625,0.0564,0.09689,0.00097,0.01203,0.55
17,58,hybrid,HYBRID_ALPHA0.9_BETA0.1,0.9,0.1,500,1.44814,0.59983,0.32808,2.57354,0.87668,0.05681,0.09621,0.00096,0.01208,0.625
17,58,mse,MSE,1.0,0.0,50,1.53264,0.5953,0.3127,1.66672,1.00188,0.0289,0.05921,0.00314,0.01406,0.65
17,58,mse,MSE,1.0,0.0,100,1.45557,0.59572,0.32042,1.88541,1.01769,0.07569,0.15467,0.0027,0.03274,0.7
17,58,mse,MSE,1.0,0.0,300,1.56207,0.5913,0.3058,2.75656,1.10179,0.07434,0.11503,0.0036,0.01345,0.725
17,58,mse,MSE,1.0,0.0,500,1.42956,0.60281,0.33511,2.66215,0.88032,0.05672,0.09536,0.00098,0.01208,0.575
18,59,hsic,HSIC,0.0,1.0,50,1.26977,0.68071,0.35472,8.77379,1.561,0.14037,0.14372,0.00361,0.01319,0.7
18,59,hsic,HSIC,0.0,1.0,100,1.42454,0.60405,0.33496,5.5673,1.27095,0.07038,0.10952,0.0036,0.01405,0.725
18,59,hsic,HSIC,0.0,1.0,300,1.4405,0.64768,0.34704,6.34002,1.42323,0.06353,0.12169,0.00399,0.02083,0.65
18,59,hsic,HSIC,0.0,1.0,500,1.45056,0.60267,0.32414,6.43384,1.4039,0.05484,0.08616,0.00385,0.08232,0.65
18,59,hybrid,HYBRID_ALPHA0.1_BETA0.9,0.1,0.9,50,1.26723,0.61329,0.35629,19.7579,1.94521,0.17415,0.16527,0.00352,0.01471,0.75
18,59,hybrid,HYBRID_ALPHA0.2_BETA0.8,0.2,0.8,50,1.52909,0.64341,0.35444,36.02587,2.21245,0.13634,0.13886,0.00388,0.01529,0.725
18,59,hybrid,HYBRID_ALPHA0.3_BETA0.7,0.3,0.7,50,1.28872,0.60138,0.35478,34.73743,2.17558,0.12799,0.13839,0.00403,0.01785,0.725
18,59,hybrid,HYBRID_ALPHA0.4_BETA0.6,0.4,0.6,50,3.53926,0.78234,0.3623,6.14399,1.42477,0.12127,0.12478,0.00375,0.01667,0.65
18,59,hybrid,HYBRID_ALPHA0.5_BETA0.5,0.5,0.5,50,2.15717,0.7045,0.35623,2.62177,1.1329,0.07637,0.05147,0.00384,0.02439,0.7
18,59,hybrid,HYBRID_ALPHA0.6_BETA0.4,0.6,0.4,50,6.27362,0.8612,0.34732,2.55964,1.15771,0.07741,0.09099,0.00383,0.02273,0.725
18,59,hybrid,HYBRID_ALPHA0.7_BETA0.3,0.7,0.3,50,3.74213,0.76978,0.34372,3.10942,1.19783,0.08708,0.07958,0.00409,0.02111,0.7
18,59,hybrid,HYBRID_ALPHA0.8_BETA0.2,0.8,0.2,50,1.39407,0.63803,0.34219,3.11397,1.19533,0.09192,0.07773,0.00395,0.02123,0.725
18,59,hybrid,HYBRID_ALPHA0.9_BETA0.1,0.9,0.1,50,2.45678,0.69967,0.34261,3.22007,1.23228,0.09336,0.11509,0.00435,0.02182,0.7
18,59,hybrid,HYBRID_ALPHA0.1_BETA0.9,0.1,0.9,100,1.42263,0.60744,0.337,5.61867,1.22781,0.06027,0.12172,0.00348,0.0128,0.75
18,59,hybrid,HYBRID_ALPHA0.2_BETA0.8,0.2,0.8,100,1.42315,0.60827,0.33784,1.67936,0.99824,0.03012,0.09081,0.00331,0.01212,0.725
18,59,hybrid,HYBRID_ALPHA0.3_BETA0.7,0.3,0.7,100,1.41999,0.61862,0.34747,1.52558,0.96993,0.03527,0.09449,0.00313,0.01172,0.675
18,59,hybrid,HYBRID_ALPHA0.4_BETA0.6,0.4,0.6,100,1.41789,0.62063,0.34947,2.34781,1.00086,0.02609,0.07267,0.00276,0.01052,0.7
18,59,hybrid,HYBRID_ALPHA0.5_BETA0.5,0.5,0.5,100,1.35626,0.62592,0.37374,2.29567,1.01196,0.02535,0.0782,0.00292,0.01153,0.675
18,59,hybrid,HYBRID_ALPHA0.6_BETA0.4,0.6,0.4,100,1.34685,0.61926,0.36866,2.18176,0.99497,0.02584,0.07481,0.00278,0.01145,0.7
18,59,hybrid,HYBRID_ALPHA0.7_BETA0.3,0.7,0.3,100,1.37124,0.62232,0.3697,2.12996,0.98358,0.02609,0.0724,0.00265,0.01178,0.65
18,59,hybrid,HYBRID_ALPHA0.8_BETA0.2,0.8,0.2,100,1.3769,0.62539,0.37496,2.1092,0.98696,0.02546,0.06796,0.0026,0.01286,0.725
18,59,hybrid,HYBRID_ALPHA0.9_BETA0.1,0.9,0.1,100,1.38337,0.62639,0.37551,1.55944,0.9364,0.03523,0.08572,0.00238,0.01294,0.7
18,59,hybrid,HYBRID_ALPHA0.1_BETA0.9,0.1,0.9,300,1.44221,0.61517,0.34373,6.89614,1.3362,0.07305,0.09783,0.00424,0.01932,0.675
18,59,hybrid,HYBRID_ALPHA0.2_BETA0.8,0.2,0.8,300,1.46429,0.59749,0.33743,1.70963,1.03123,0.07911,0.07624,0.00348,0.01155,0.725
18,59,hybrid,HYBRID_ALPHA0.3_BETA0.7,0.3,0.7,300,1.50519,0.59459,0.32365,1.59837,1.00169,0.07264,0.07532,0.00337,0.01146,0.65
18,59,hybrid,HYBRID_ALPHA0.4_BETA0.6,0.4,0.6,300,1.52436,0.59526,0.31574,1.56044,0.99155,0.07146,0.07223,0.00333,0.01137,0.675
18,59,hybrid,HYBRID_ALPHA0.5_BETA0.5,0.5,0.5,300,1.5243,0.5946,0.31553,1.49044,0.97498,0.07139,0.06851,0.0031,0.0112,0.65
18,59,hybrid,HYBRID_ALPHA0.6_BETA0.4,0.6,0.4,300,1.52426,0.59426,0.31532,1.4114,0.89314,0.04008,0.05159,0.00225,0.0086,0.75
18,59,hybrid,HYBRID_ALPHA0.7_BETA0.3,0.7,0.3,300,1.5242,0.59426,0.31532,1.36135,0.88627,0.04267,0.0506,0.00215,0.00886,0.725
18,59,hybrid,HYBRID_ALPHA0.8_BETA0.2,0.8,0.2,300,1.5242,0.59425,0.31532,1.24242,0.85801,0.04347,0.06495,0.00184,0.00837,0.725
18,59,hybrid,HYBRID_ALPHA0.9_BETA0.1,0.9,0.1,300,1.52416,0.59424,0.31534,1.20661,0.85113,0.04652,0.06686,0.00176,0.00841,0.775
18,59,hybrid,HYBRID_ALPHA0.1_BETA0.9,0.1,0.9,500,1.44574,0.59589,0.32346,5.89499,1.31663,0.05935,0.10634,0.00394,0.08659,0.7
18,59,hybrid,HYBRID_ALPHA0.2_BETA0.8,0.2,0.8,500,1.43369,0.59067,0.32594,2.55169,1.10565,0.04584,0.11359,0.00366,0.08355,0.675
18,59,hybrid,HYBRID_ALPHA0.3_BETA0.7,0.3,0.7,500,1.43396,0.59208,0.32455,1.34405,0.93051,0.03984,0.10501,0.00244,0.08236,0.7
18,59,hybrid,HYBRID_ALPHA0.4_BETA0.6,0.4,0.6,500,1.45876,0.59268,0.31954,1.31708,0.9224,0.03468,0.09739,0.00269,0.0823,0.675
18,59,hybrid,HYBRID_ALPHA0.5_BETA0.5,0.5,0.5,500,1.45876,0.59268,0.31954,1.29781,0.90957,0.03536,0.09799,0.0027,0.08236,0.675
18,59,hybrid,HYBRID_ALPHA0.6_BETA0.4,0.6,0.4,500,1.45868,0.59262,0.3196,2.72719,0.97631,0.0289,0.06753,0.0024,0.07496,0.75
18,59,hybrid,HYBRID_ALPHA0.7_BETA0.3,0.7,0.3,500,1.4586,0.59263,0.31962,1.34882,0.92936,0.03696,0.09664,0.00288,0.08258,0.7
18,59,hybrid,HYBRID_ALPHA0.8_BETA0.2,0.8,0.2,500,1.45844,0.59257,0.31965,1.34433,0.92744,0.03733,0.09652,0.00288,0.08258,0.7
18,59,hybrid,HYBRID_ALPHA0.9_BETA0.1,0.9,0.1,500,1.45844,0.59256,0.31965,2.52878,0.94095,0.02999,0.06528,0.00228,0.075,0.725
18,59,mse,MSE,1.0,0.0,50,2.64961,0.70582,0.34201,3.51791,1.27955,0.09779,0.13777,0.00405,0.02212,0.7
18,59,mse,MSE,1.0,0.0,100,1.38751,0.62738,0.37688,1.65166,0.94506,0.04214,0.08981,0.0024,0.01215,0.625
18,59,mse,MSE,1.0,0.0,300,1.52417,0.59424,0.31534,1.17517,0.84563,0.04891,0.06856,0.00174,0.00848,0.7
18,59,mse,MSE,1.0,0.0,500,1.45845,0.59257,0.31968,2.39119,0.93472,0.03197,0.06269,0.00228,0.07468,0.7
19,60,hsic,HSIC,0.0,1.0,50,1.41346,0.61682,0.34114,5.03152,1.35403,0.16643,0.12556,0.00393,0.09326,0.675
19,60,hsic,HSIC,0.0,1.0,100,1.46779,0.59737,0.32038,5.8218,1.27786,0.04306,0.11166,0.00357,0.0139,0.575
19,60,hsic,HSIC,0.0,1.0,300,1.41983,0.64895,0.35203,5.97648,1.3465,0.07771,0.10129,0.00398,0.01948,0.7
19,60,hsic,HSIC,0.0,1.0,500,1.43502,0.597,0.32189,6.07652,1.40503,0.06685,0.10117,0.00411,0.04889,0.725
19,60,hybrid,HYBRID_ALPHA0.1_BETA0.9,0.1,0.9,50,1.42613,0.59807,0.33271,1.57013,1.01157,0.13558,0.06318,0.00272,0.06166,0.725
19,60,hybrid,HYBRID_ALPHA0.2_BETA0.8,0.2,0.8,50,1.4355,0.5958,0.32394,1.74365,1.06739,0.15987,0.08384,0.00315,0.06428,0.725
19,60,hybrid,HYBRID_ALPHA0.3_BETA0.7,0.3,0.7,50,1.43884,0.59469,0.32122,1.67497,1.0519,0.15656,0.07869,0.00298,0.06341,0.725
19,60,hybrid,HYBRID_ALPHA0.4_BETA0.6,0.4,0.6,50,1.43916,0.59427,0.32084,1.65455,1.04546,0.15326,0.07614,0.00287,0.06294,0.725
19,60,hybrid,HYBRID_ALPHA0.5_BETA0.5,0.5,0.5,50,1.43893,0.59423,0.32087,1.74086,1.07108,0.16513,0.08211,0.00305,0.0639,0.675
19,60,hybrid,HYBRID_ALPHA0.6_BETA0.4,0.6,0.4,50,1.43924,0.59289,0.32022,1.98308,1.12683,0.18332,0.09229,0.00321,0.066,0.725
19,60,hybrid,HYBRID_ALPHA0.7_BETA0.3,0.7,0.3,50,1.43923,0.5929,0.32024,2.18988,1.16145,0.19033,0.09727,0.00331,0.06793,0.725
19,60,hybrid,HYBRID_ALPHA0.8_BETA0.2,0.8,0.2,50,1.43923,0.59288,0.32024,2.41598,1.19284,0.19739,0.10317,0.00339,0.06967,0.675
19,60,hybrid,HYBRID_ALPHA0.9_BETA0.1,0.9,0.1,50,1.43921,0.59284,0.32023,2.4553,1.19783,0.19887,0.10418,0.0034,0.06994,0.725
19,60,hybrid,HYBRID_ALPHA0.1_BETA0.9,0.1,0.9,100,1.46829,0.59708,0.32025,1.85866,1.02547,0.02735,0.09914,0.00306,0.01223,0.7
19,60,hybrid,HYBRID_ALPHA0.2_BETA0.8,0.2,0.8,100,1.46638,0.59917,0.32263,1.85079,1.01009,0.03152,0.09705,0.00304,0.01224,0.675
19,60,hybrid,HYBRID_ALPHA0.3_BETA0.7,0.3,0.7,100,1.4669,0.59906,0.32248,1.40085,0.94868,0.05667,0.12323,0.00275,0.01655,0.575
19,60,hybrid,HYBRID_ALPHA0.4_BETA0.6,0.4,0.6,100,1.46711,0.59903,0.32235,1.38552,0.91674,0.02603,0.07895,0.003,0.01217,0.625
19,60,hybrid,HYBRID_ALPHA0.5_BETA0.5,0.5,0.5,100,1.48104,0.61112,0.33047,1.48631,0.93147,0.02509,0.0701,0.00301,0.01206,0.7
19,60,hybrid,HYBRID_ALPHA0.6_BETA0.4,0.6,0.4,100,1.48562,0.61026,0.32839,1.61338,0.93909,0.02704,0.06572,0.00283,0.01185,0.65
19,60,hybrid,HYBRID_ALPHA0.7_BETA0.3,0.7,0.3,100,1.48646,0.61013,0.32762,2.0336,0.96253,0.02673,0.07858,0.00258,0.01164,0.675
19,60,hybrid,HYBRID_ALPHA0.8_BETA0.2,0.8,0.2,100,1.49721,0.61308,0.32689,1.92364,0.99928,0.04396,0.04353,0.00326,0.01151,0.675
19,60,hybrid,HYBRID_ALPHA0.9_BETA0.1,0.9,0.1,100,1.51571,0.60955,0.32276,1.90251,1.00277,0.04459,0.04202,0.00324,0.01107,0.675
19,60,hybrid,HYBRID_ALPHA0.1_BETA0.9,0.1,0.9,300,1.40793,0.63092,0.35331,5.59479,1.1626,0.05502,0.07719,0.00374,0.01666,0.625
19,60,hybrid,HYBRID_ALPHA0.2_BETA0.8,0.2,0.8,300,1.41251,0.62161,0.35299,2.18752,0.93767,0.05465,0.04566,0.00227,0.01061,0.65
19,60,hybrid,HYBRID_ALPHA0.3_BETA0.7,0.3,0.7,300,1.41743,0.619,0.3515,1.5065,0.87439,0.05738,0.05764,0.00202,0.01066,0.7
19,60,hybrid,HYBRID_ALPHA0.4_BETA0.6,0.4,0.6,300,1.41789,0.6178,0.35118,1.40067,0.8574,0.06293,0.06288,0.00175,0.01081,0.55
19,60,hybrid,HYBRID_ALPHA0.5_BETA0.5,0.5,0.5,300,1.42264,0.61549,0.34863,1.27428,0.84457,0.06619,0.06452,0.0015,0.01013,0.625
19,60,hybrid,HYBRID_ALPHA0.6_BETA0.4,0.6,0.4,300,1.42469,0.61379,0.34741,1.30055,0.84675,0.06762,0.06552,0.00146,0.01021,0.7
19,60,hybrid,HYBRID_ALPHA0.7_BETA0.3,0.7,0.3,300,1.434,0.6099,0.34155,1.28234,0.84524,0.0681,0.06572,0.00148,0.01015,0.7
19,60,hybrid,HYBRID_ALPHA0.8_BETA0.2,0.8,0.2,300,1.43383,0.60938,0.34156,1.26078,0.84258,0.0688,0.06616,0.00145,0.01028,0.7
19,60,hybrid,HYBRID_ALPHA0.9_BETA0.1,0.9,0.1,300,1.449,0.60411,0.33349,1.24553,0.844,0.07055,0.06513,0.0015,0.01015,0.7
19,60,hybrid,HYBRID_ALPHA0.1_BETA0.9,0.1,0.9,500,1.43491,0.59635,0.32185,1.26771,0.91671,0.02859,0.06816,0.00252,0.01248,0.725
19,60,hybrid,HYBRID_ALPHA0.2_BETA0.8,0.2,0.8,500,1.43465,0.59603,0.3219,1.36694,0.93339,0.0349,0.07142,0.00291,0.0167,0.75
19,60,hybrid,HYBRID_ALPHA0.3_BETA0.7,0.3,0.7,500,1.42806,0.59603,0.32626,1.19822,0.87288,0.02743,0.06857,0.00183,0.01407,0.725
19,60,hybrid,HYBRID_ALPHA0.4_BETA0.6,0.4,0.6,500,1.42206,0.59558,0.33098,1.14941,0.85768,0.0285,0.06404,0.00187,0.01456,0.65
19,60,hybrid,HYBRID_ALPHA0.5_BETA0.5,0.5,0.5,500,1.41085,0.59461,0.33768,1.12486,0.8487,0.0289,0.06023,0.00184,0.01447,0.725
19,60,hybrid,HYBRID_ALPHA0.6_BETA0.4,0.6,0.4,500,1.37432,0.60208,0.34815,1.11237,0.84518,0.02943,0.05672,0.00179,0.01437,0.75
19,60,hybrid,HYBRID_ALPHA0.7_BETA0.3,0.7,0.3,500,1.37441,0.60201,0.34814,1.11274,0.84755,0.03013,0.05315,0.00182,0.01406,0.7
19,60,hybrid,HYBRID_ALPHA0.8_BETA0.2,0.8,0.2,500,1.39495,0.59839,0.34457,1.10841,0.84895,0.03114,0.04983,0.00184,0.01381,0.7
19,60,hybrid,HYBRID_ALPHA0.9_BETA0.1,0.9,0.1,500,1.39462,0.5985,0.34501,1.08898,0.84195,0.03071,0.04893,0.00182,0.01327,0.725
19,60,mse,MSE,1.0,0.0,50,1.43923,0.59285,0.32026,2.46075,1.1986,0.19954,0.10451,0.0034,0.06984,0.675
19,60,mse,MSE,1.0,0.0,100,1.52766,0.60404,0.31815,1.83736,0.99578,0.04155,0.03853,0.00322,0.01066,0.675
19,60,mse,MSE,1.0,0.0,300,1.44893,0.60398,0.33346,1.15216,0.83426,0.0719,0.06594,0.00148,0.0102,0.65
19,60,mse,MSE,1.0,0.0,500,1.39483,0.59902,0.34591,1.03803,0.81942,0.04079,0.0766,0.00161,0.01204,0.7
20,61,hsic,HSIC,0.0,1.0,50,1.50361,0.58205,0.28369,6.0548,1.41827,0.19638,0.10877,0.0037,0.01775,0.7
20,61,hsic,HSIC,0.0,1.0,100,1.21081,0.59171,0.33013,6.32368,1.34163,0.11138,0.1336,0.00365,0.01032,0.675
20,61,hsic,HSIC,0.0,1.0,300,1.46347,0.59757,0.32126,6.18685,1.34824,0.08402,0.0594,0.00397,0.02034,0.725
20,61,hsic,HSIC,0.0,1.0,500,1.40915,0.64014,0.34842,6.08797,1.38992,0.08156,0.09328,0.00403,0.01186,0.65
20,61,hybrid,HYBRID_ALPHA0.1_BETA0.9,0.1,0.9,50,1.45543,0.58271,0.29653,5.33024,1.41274,0.22666,0.12771,0.00369,0.01831,0.7
20,61,hybrid,HYBRID_ALPHA0.2_BETA0.8,0.2,0.8,50,1.44315,0.58335,0.30115,5.33003,1.41269,0.22663,0.12768,0.00373,0.01826,0.7
20,61,hybrid,HYBRID_ALPHA0.3_BETA0.7,0.3,0.7,50,1.44129,0.58294,0.30181,5.33013,1.41274,0.22664,0.12768,0.00372,0.01825,0.7
20,61,hybrid,HYBRID_ALPHA0.4_BETA0.6,0.4,0.6,50,1.4305,0.58254,0.3057,5.32997,1.41271,0.22665,0.12769,0.00374,0.01826,0.65
20,61,hybrid,HYBRID_ALPHA0.5_BETA0.5,0.5,0.5,50,1.44417,0.58263,0.30481,5.32981,1.41267,0.22662,0.12769,0.0037,0.01826,0.65
20,61,hybrid,HYBRID_ALPHA0.6_BETA0.4,0.6,0.4,50,1.45669,0.58373,0.30029,5.32976,1.41264,0.2266,0.12769,0.0037,0.01823,0.675
20,61,hybrid,HYBRID_ALPHA0.7_BETA0.3,0.7,0.3,50,1.46314,0.58348,0.29504,5.3299,1.41267,0.22661,0.1277,0.00372,0.01825,0.675
20,61,hybrid,HYBRID_ALPHA0.8_BETA0.2,0.8,0.2,50,1.46064,0.58835,0.30736,5.32981,1.41265,0.22659,0.12769,0.00371,0.01828,0.75
20,61,hybrid,HYBRID_ALPHA0.9_BETA0.1,0.9,0.1,50,1.46889,0.58909,0.30758,5.33944,1.4129,0.22656,0.12772,0.00373,0.0183,0.775
20,61,hybrid,HYBRID_ALPHA0.1_BETA0.9,0.1,0.9,100,1.26517,0.59824,0.32769,5.96714,1.33644,0.13606,0.11351,0.00379,0.01134,0.775
20,61,hybrid,HYBRID_ALPHA0.2_BETA0.8,0.2,0.8,100,1.26212,0.60088,0.32913,4.88453,1.24817,0.10843,0.10933,0.00385,0.01028,0.675
20,61,hybrid,HYBRID_ALPHA0.3_BETA0.7,0.3,0.7,100,1.25472,0.6029,0.33745,2.59248,1.10228,0.10461,0.10095,0.00308,0.01087,0.7
20,61,hybrid,HYBRID_ALPHA0.4_BETA0.6,0.4,0.6,100,1.25274,0.60038,0.33969,1.93919,1.03325,0.08669,0.0999,0.003,0.01066,0.675
20,61,hybrid,HYBRID_ALPHA0.5_BETA0.5,0.5,0.5,100,1.27915,0.59354,0.33228,2.03491,1.05117,0.06542,0.11268,0.00328,0.01071,0.7
20,61,hybrid,HYBRID_ALPHA0.6_BETA0.4,0.6,0.4,100,1.30839,0.58513,0.31838,2.06755,1.04637,0.06072,0.11563,0.00321,0.01092,0.65
20,61,hybrid,HYBRID_ALPHA0.7_BETA0.3,0.7,0.3,100,1.30844,0.58554,0.31862,3.76093,1.20408,0.07158,0.08665,0.00357,0.01127,0.675
20,61,hybrid,HYBRID_ALPHA0.8_BETA0.2,0.8,0.2,100,1.30881,0.58611,0.31884,1.54869,0.9775,0.09026,0.1154,0.00299,0.01087,0.625
20,61,hybrid,HYBRID_ALPHA0.9_BETA0.1,0.9,0.1,100,1.30888,0.58613,0.31885,1.52926,0.97261,0.08824,0.12007,0.0029,0.01065,0.575
20,61,hybrid,HYBRID_ALPHA0.1_BETA0.9,0.1,0.9,300,1.46319,0.5972,0.32127,1.26218,0.94086,0.04557,0.0466,0.00315,0.01255,0.75
20,61,hybrid,HYBRID_ALPHA0.2_BETA0.8,0.2,0.8,300,1.46302,0.59651,0.32102,1.17788,0.90585,0.05054,0.0358,0.00258,0.012,0.775
20,61,hybrid,HYBRID_ALPHA0.3_BETA0.7,0.3,0.7,300,1.37422,0.61673,0.35097,1.1425,0.8883,0.05591,0.03917,0.00237,0.0121,0.7
20,61,hybrid,HYBRID_ALPHA0.4_BETA0.6,0.4,0.6,300,1.37465,0.61688,0.35167,1.0931,0.8659,0.07067,0.05217,0.00185,0.01225,0.675
20,61,hybrid,HYBRID_ALPHA0.5_BETA0.5,0.5,0.5,300,1.38112,0.61193,0.34971,1.11172,0.87104,0.06459,0.04328,0.00211,0.01183,0.725
20,61,hybrid,HYBRID_ALPHA0.6_BETA0.4,0.6,0.4,300,1.399,0.61631,0.3521,1.14595,0.88744,0.05759,0.04119,0.0025,0.01175,0.675
20,61,hybrid,HYBRID_ALPHA0.7_BETA0.3,0.7,0.3,300,1.39942,0.6154,0.35091,1.14511,0.8869,0.0609,0.04076,0.00246,0.01188,0.725
20,61,hybrid,HYBRID_ALPHA0.8_BETA0.2,0.8,0.2,300,1.4109,0.62294,0.35126,1.13994,0.88459,0.06549,0.04072,0.00241,0.01185,0.75
20,61,hybrid,HYBRID_ALPHA0.9_BETA0.1,0.9,0.1,300,1.40713,0.60451,0.33695,1.12707,0.8786,0.07251,0.04127,0.00227,0.01249,0.775
20,61,hybrid,HYBRID_ALPHA0.1_BETA0.9,0.1,0.9,500,1.40438,0.62905,0.3493,5.76694,1.20188,0.05929,0.09132,0.00383,0.00955,0.65
20,61,hybrid,HYBRID_ALPHA0.2_BETA0.8,0.2,0.8,500,1.39492,0.62638,0.35085,1.23081,0.90597,0.02157,0.0627,0.00262,0.00887,0.625
20,61,hybrid,HYBRID_ALPHA0.3_BETA0.7,0.3,0.7,500,1.39135,0.62156,0.35185,1.37931,0.91272,0.02857,0.06594,0.00275,0.00896,0.625
20,61,hybrid,HYBRID_ALPHA0.4_BETA0.6,0.4,0.6,500,1.38336,0.61739,0.35347,1.57694,0.91382,0.03377,0.06408,0.0024,0.0091,0.625
20,61,hybrid,HYBRID_ALPHA0.5_BETA0.5,0.5,0.5,500,1.37824,0.61484,0.35396,1.69932,0.91036,0.03747,0.06393,0.00217,0.00915,0.575
20,61,hybrid,HYBRID_ALPHA0.6_BETA0.4,0.6,0.4,500,1.36175,0.61418,0.35505,1.75866,0.90644,0.03935,0.06428,0.00207,0.00913,0.65
20,61,hybrid,HYBRID_ALPHA0.7_BETA0.3,0.7,0.3,500,1.35817,0.61371,0.35537,1.81523,0.90517,0.04051,0.06488,0.00199,0.00914,0.725
20,61,hybrid,HYBRID_ALPHA0.8_BETA0.2,0.8,0.2,500,1.33023,0.60976,0.36181,1.70927,0.89783,0.0434,0.06748,0.00197,0.0093,0.6
20,61,hybrid,HYBRID_ALPHA0.9_BETA0.1,0.9,0.1,500,1.32197,0.61062,0.36398,1.70082,0.89444,0.04632,0.06974,0.00184,0.00937,0.6
20,61,mse,MSE,1.0,0.0,50,1.48131,0.58968,0.30912,5.34304,1.41308,0.2265,0.12774,0.00374,0.01833,0.725
20,61,mse,MSE,1.0,0.0,100,1.30888,0.58616,0.31888,1.59572,0.98127,0.08503,0.12095,0.00285,0.01042,0.55
20,61,mse,MSE,1.0,0.0,300,1.40644,0.60602,0.33694,1.0687,0.85383,0.08823,0.04708,0.00163,0.0125,0.775
20,61,mse,MSE,1.0,0.0,500,1.32225,0.61082,0.36304,1.88571,0.90099,0.04887,0.07121,0.00175,0.0094,0.65
