Experiment,Seed,Loss,Conf,Alpha,Beta,N,MSE Y,MAE Y,"HSIC(Y,X)",MSE Z,MAE Z,"HSIC(Z,X)","HSIC(Z,Y)",dHSIC Total,MMD,RF Acc
1,42,hsic,HSIC,0.0,1.0,50,3.91931,1.07691,0.28548,40.36106,1.68741,0.43783,0.21761,0.00664,0.02648,0.525
1,42,hsic,HSIC,0.0,1.0,100,4.7906,1.07248,0.39843,63.96063,2.10041,0.20666,0.20939,0.0075,0.13797,0.675
1,42,hsic,HSIC,0.0,1.0,300,2.67758,0.99921,0.12955,67.12199,2.2637,0.21622,0.23948,0.00439,0.1854,0.9
1,42,hsic,HSIC,0.0,1.0,500,2.4367,0.89643,0.16551,66.63864,2.34909,0.18065,0.18229,0.00479,0.15345,0.725
1,42,hybrid,HYBRID_ALPHA0.1_BETA0.9,0.1,0.9,50,3.0194,0.84443,0.30992,21.43726,1.21193,0.25316,0.19311,0.00583,0.02741,0.5
1,42,hybrid,HYBRID_ALPHA0.2_BETA0.8,0.2,0.8,50,3.61757,0.91081,0.33533,4.35586,0.73079,0.10619,0.09438,0.004,0.02605,0.55
1,42,hybrid,HYBRID_ALPHA0.3_BETA0.7,0.3,0.7,50,3.57935,0.92208,0.35944,1.45329,0.62678,0.149,0.12318,0.00414,0.0259,0.525
1,42,hybrid,HYBRID_ALPHA0.4_BETA0.6,0.4,0.6,50,3.58269,0.91136,0.35253,1.20434,0.5998,0.14834,0.10508,0.00495,0.02657,0.55
1,42,hybrid,HYBRID_ALPHA0.5_BETA0.5,0.5,0.5,50,3.42681,0.90407,0.36357,8.33211,0.86125,0.14864,0.09532,0.00499,0.02648,0.5
1,42,hybrid,HYBRID_ALPHA0.6_BETA0.4,0.6,0.4,50,2.96723,0.84731,0.36674,38.29873,1.80397,0.12944,0.09586,0.00424,0.02673,0.525
1,42,hybrid,HYBRID_ALPHA0.7_BETA0.3,0.7,0.3,50,2.99147,0.85396,0.36736,23.6837,1.44021,0.1225,0.09647,0.00395,0.02511,0.525
1,42,hybrid,HYBRID_ALPHA0.8_BETA0.2,0.8,0.2,50,2.98015,0.85507,0.38084,1.80977,0.62209,0.12115,0.0679,0.00453,0.02653,0.55
1,42,hybrid,HYBRID_ALPHA0.9_BETA0.1,0.9,0.1,50,2.96907,0.85652,0.38171,2.23417,0.6534,0.0878,0.06743,0.00348,0.02604,0.575
1,42,hybrid,HYBRID_ALPHA0.1_BETA0.9,0.1,0.9,100,4.37331,1.05174,0.39814,1.05331,0.64033,0.15303,0.1554,0.00588,0.03022,0.6
1,42,hybrid,HYBRID_ALPHA0.2_BETA0.8,0.2,0.8,100,3.70498,1.01082,0.40039,1.46961,0.64848,0.14158,0.14217,0.00586,0.02779,0.6
1,42,hybrid,HYBRID_ALPHA0.3_BETA0.7,0.3,0.7,100,1.30251,0.71723,0.33664,2.30623,0.66605,0.10933,0.11271,0.00545,0.02321,0.65
1,42,hybrid,HYBRID_ALPHA0.4_BETA0.6,0.4,0.6,100,1.33582,0.70891,0.32604,2.07612,0.65862,0.12944,0.10947,0.00503,0.02358,0.625
1,42,hybrid,HYBRID_ALPHA0.5_BETA0.5,0.5,0.5,100,1.31858,0.69532,0.3159,2.11847,0.65987,0.12971,0.11303,0.00524,0.02317,0.625
1,42,hybrid,HYBRID_ALPHA0.6_BETA0.4,0.6,0.4,100,1.29111,0.69644,0.32125,2.06834,0.65622,0.12698,0.11224,0.0053,0.02277,0.625
1,42,hybrid,HYBRID_ALPHA0.7_BETA0.3,0.7,0.3,100,1.26852,0.69851,0.32651,1.99061,0.65053,0.12603,0.11365,0.00532,0.02284,0.575
1,42,hybrid,HYBRID_ALPHA0.8_BETA0.2,0.8,0.2,100,1.24845,0.70057,0.33121,1.8861,0.63876,0.12496,0.11675,0.00527,0.02297,0.6
1,42,hybrid,HYBRID_ALPHA0.9_BETA0.1,0.9,0.1,100,1.22866,0.70399,0.33687,1.76177,0.63238,0.126,0.12312,0.00504,0.02307,0.575
1,42,hybrid,HYBRID_ALPHA0.1_BETA0.9,0.1,0.9,300,1.9441,0.67713,0.23715,6.14525,0.70889,0.04134,0.03519,0.00275,0.03495,0.725
1,42,hybrid,HYBRID_ALPHA0.2_BETA0.8,0.2,0.8,300,1.84959,0.66022,0.23414,5.45477,0.70346,0.04807,0.03993,0.00277,0.03343,0.675
1,42,hybrid,HYBRID_ALPHA0.3_BETA0.7,0.3,0.7,300,1.83405,0.64948,0.23185,3.90677,0.66926,0.05773,0.04636,0.0028,0.03282,0.725
1,42,hybrid,HYBRID_ALPHA0.4_BETA0.6,0.4,0.6,300,1.88209,0.64603,0.23032,3.85042,0.67857,0.06028,0.04806,0.00278,0.03261,0.725
1,42,hybrid,HYBRID_ALPHA0.5_BETA0.5,0.5,0.5,300,1.87769,0.646,0.23299,3.65353,0.67132,0.05935,0.04992,0.00287,0.03227,0.675
1,42,hybrid,HYBRID_ALPHA0.6_BETA0.4,0.6,0.4,300,1.85167,0.64353,0.23569,3.44944,0.66196,0.0565,0.05116,0.00294,0.03179,0.625
1,42,hybrid,HYBRID_ALPHA0.7_BETA0.3,0.7,0.3,300,1.82506,0.64325,0.24078,2.75443,0.62194,0.03276,0.07111,0.0032,0.0332,0.725
1,42,hybrid,HYBRID_ALPHA0.8_BETA0.2,0.8,0.2,300,1.78177,0.64098,0.24741,2.50802,0.61425,0.0325,0.08191,0.00332,0.0331,0.725
1,42,hybrid,HYBRID_ALPHA0.9_BETA0.1,0.9,0.1,300,1.88155,0.63761,0.24224,1.98294,0.60225,0.03065,0.09309,0.00308,0.03432,0.7
1,42,hybrid,HYBRID_ALPHA0.1_BETA0.9,0.1,0.9,500,1.09455,0.61263,0.07242,2.82199,0.63864,0.0735,0.07581,0.00317,0.024,0.575
1,42,hybrid,HYBRID_ALPHA0.2_BETA0.8,0.2,0.8,500,0.98182,0.53503,0.12463,2.8215,0.65783,0.09004,0.08061,0.00329,0.02555,0.65
1,42,hybrid,HYBRID_ALPHA0.3_BETA0.7,0.3,0.7,500,1.04942,0.54169,0.12674,2.70011,0.65067,0.08834,0.08227,0.00356,0.02563,0.625
1,42,hybrid,HYBRID_ALPHA0.4_BETA0.6,0.4,0.6,500,1.06596,0.54919,0.13405,2.59275,0.64517,0.08505,0.07878,0.00368,0.0254,0.65
1,42,hybrid,HYBRID_ALPHA0.5_BETA0.5,0.5,0.5,500,1.02916,0.54601,0.13736,2.48202,0.63514,0.08244,0.07961,0.00371,0.02555,0.625
1,42,hybrid,HYBRID_ALPHA0.6_BETA0.4,0.6,0.4,500,0.94968,0.53333,0.13516,2.36316,0.62399,0.07878,0.08042,0.00358,0.02549,0.675
1,42,hybrid,HYBRID_ALPHA0.7_BETA0.3,0.7,0.3,500,0.81231,0.52058,0.13555,2.2411,0.61344,0.07569,0.0818,0.00356,0.02547,0.65
1,42,hybrid,HYBRID_ALPHA0.8_BETA0.2,0.8,0.2,500,0.78966,0.51847,0.13665,2.11994,0.60309,0.07291,0.08543,0.00352,0.02552,0.65
1,42,hybrid,HYBRID_ALPHA0.9_BETA0.1,0.9,0.1,500,0.77588,0.51937,0.13978,1.64813,0.58049,0.0682,0.09519,0.00347,0.02724,0.65
1,42,mse,MSE,1.0,0.0,50,3.00516,0.86837,0.38972,15.84472,1.04406,0.12292,0.06757,0.00401,0.02687,0.525
1,42,mse,MSE,1.0,0.0,100,1.20294,0.70405,0.33969,1.66653,0.63564,0.13695,0.13552,0.00463,0.02318,0.65
1,42,mse,MSE,1.0,0.0,300,1.47478,0.62935,0.25787,1.43092,0.58055,0.03143,0.10349,0.00349,0.03425,0.65
1,42,mse,MSE,1.0,0.0,500,0.77233,0.52272,0.1454,2.7263,0.65934,0.1582,0.08768,0.00363,0.02233,0.6
2,43,hsic,HSIC,0.0,1.0,50,4.66441,1.38483,0.3226,63.69206,1.9335,0.17859,0.18171,0.00632,0.16426,0.825
2,43,hsic,HSIC,0.0,1.0,100,3.86384,1.32102,0.3727,69.48526,3.1093,0.20571,0.23353,0.00652,0.21536,0.825
2,43,hsic,HSIC,0.0,1.0,300,4.60131,1.39126,0.08194,65.0438,2.04435,0.16762,0.17152,0.00394,0.26405,0.875
2,43,hsic,HSIC,0.0,1.0,500,2.24166,0.96627,0.07423,70.70868,2.62575,0.17876,0.17955,0.00451,0.21772,0.875
2,43,hybrid,HYBRID_ALPHA0.1_BETA0.9,0.1,0.9,50,1.8343,0.74404,0.1976,2.44408,0.61519,0.06765,0.06643,0.00352,0.01516,0.55
2,43,hybrid,HYBRID_ALPHA0.2_BETA0.8,0.2,0.8,50,1.67138,0.67281,0.2325,2.61636,0.61133,0.065,0.06213,0.00315,0.01477,0.525
2,43,hybrid,HYBRID_ALPHA0.3_BETA0.7,0.3,0.7,50,1.43618,0.64629,0.17535,2.67922,0.61734,0.07063,0.06545,0.00374,0.01587,0.525
2,43,hybrid,HYBRID_ALPHA0.4_BETA0.6,0.4,0.6,50,1.99052,0.73186,0.19371,2.77854,0.6267,0.07912,0.07113,0.00302,0.01789,0.575
2,43,hybrid,HYBRID_ALPHA0.5_BETA0.5,0.5,0.5,50,2.2665,0.79711,0.20587,2.94659,0.63192,0.07868,0.07083,0.00311,0.01514,0.575
2,43,hybrid,HYBRID_ALPHA0.6_BETA0.4,0.6,0.4,50,1.7949,0.6862,0.18223,2.93734,0.63043,0.08106,0.0736,0.00315,0.01799,0.575
2,43,hybrid,HYBRID_ALPHA0.7_BETA0.3,0.7,0.3,50,1.8117,0.68872,0.18863,2.98496,0.62601,0.07404,0.07005,0.00303,0.01793,0.575
2,43,hybrid,HYBRID_ALPHA0.8_BETA0.2,0.8,0.2,50,1.87766,0.69551,0.19554,3.05357,0.62199,0.06552,0.0673,0.00293,0.01793,0.5
2,43,hybrid,HYBRID_ALPHA0.9_BETA0.1,0.9,0.1,50,1.92417,0.70232,0.20539,3.13267,0.62307,0.05591,0.06471,0.00288,0.01818,0.525
2,43,hybrid,HYBRID_ALPHA0.1_BETA0.9,0.1,0.9,100,6.41452,0.9482,0.35662,1.91666,0.63932,0.13535,0.10119,0.00378,0.03493,0.55
2,43,hybrid,HYBRID_ALPHA0.2_BETA0.8,0.2,0.8,100,3.66293,0.83768,0.34653,2.25923,0.65277,0.13038,0.10573,0.0039,0.0355,0.6
2,43,hybrid,HYBRID_ALPHA0.3_BETA0.7,0.3,0.7,100,2.42896,0.68204,0.1071,2.68211,0.66397,0.13428,0.09662,0.00395,0.03497,0.575
2,43,hybrid,HYBRID_ALPHA0.4_BETA0.6,0.4,0.6,100,0.62538,0.60189,0.06129,2.74711,0.66545,0.1436,0.09509,0.00482,0.03902,0.6
2,43,hybrid,HYBRID_ALPHA0.5_BETA0.5,0.5,0.5,100,0.52011,0.56914,0.08189,2.85467,0.67197,0.15357,0.08851,0.00357,0.03875,0.6
2,43,hybrid,HYBRID_ALPHA0.6_BETA0.4,0.6,0.4,100,0.82374,0.59202,0.08217,0.97936,0.59596,0.15344,0.09492,0.00408,0.03769,0.575
2,43,hybrid,HYBRID_ALPHA0.7_BETA0.3,0.7,0.3,100,1.13862,0.61359,0.08127,1.08734,0.59917,0.14881,0.0914,0.00411,0.03763,0.65
2,43,hybrid,HYBRID_ALPHA0.8_BETA0.2,0.8,0.2,100,2.1509,0.66024,0.08484,1.10578,0.5957,0.14576,0.08506,0.00403,0.03596,0.55
2,43,hybrid,HYBRID_ALPHA0.9_BETA0.1,0.9,0.1,100,1.79678,0.63164,0.14365,4.98394,0.74089,0.15411,0.09112,0.00382,0.03169,0.55
2,43,hybrid,HYBRID_ALPHA0.1_BETA0.9,0.1,0.9,300,1.03769,0.69113,0.02072,1.691,0.60965,0.08892,0.08261,0.00302,0.04827,0.75
2,43,hybrid,HYBRID_ALPHA0.2_BETA0.8,0.2,0.8,300,1.54777,0.71581,0.255,1.0815,0.63125,0.04915,0.03596,0.00262,0.04903,0.775
2,43,hybrid,HYBRID_ALPHA0.3_BETA0.7,0.3,0.7,300,3.3219,0.90636,0.38916,0.49384,0.54831,0.04759,0.03631,0.00191,0.06554,0.675
2,43,hybrid,HYBRID_ALPHA0.4_BETA0.6,0.4,0.6,300,3.31604,0.91242,0.39248,0.52264,0.55287,0.04479,0.03483,0.00272,0.06745,0.65
2,43,hybrid,HYBRID_ALPHA0.5_BETA0.5,0.5,0.5,300,3.28738,0.91394,0.39377,0.42394,0.49524,0.08077,0.06151,0.00421,0.0607,0.65
2,43,hybrid,HYBRID_ALPHA0.6_BETA0.4,0.6,0.4,300,1.7502,0.82856,0.39718,0.4318,0.49479,0.07642,0.06285,0.00432,0.05353,0.75
2,43,hybrid,HYBRID_ALPHA0.7_BETA0.3,0.7,0.3,300,0.48665,0.53407,0.20612,0.43399,0.49176,0.06933,0.06445,0.00251,0.03788,0.65
2,43,hybrid,HYBRID_ALPHA0.8_BETA0.2,0.8,0.2,300,0.44984,0.51164,0.18224,0.43869,0.48901,0.05968,0.06736,0.00227,0.03758,0.675
2,43,hybrid,HYBRID_ALPHA0.9_BETA0.1,0.9,0.1,300,0.46178,0.52758,0.20574,0.4324,0.483,0.04928,0.07333,0.00233,0.03869,0.675
2,43,hybrid,HYBRID_ALPHA0.1_BETA0.9,0.1,0.9,500,0.6956,0.58721,0.04237,1.81656,0.5898,0.06658,0.06305,0.00354,0.02848,0.575
2,43,hybrid,HYBRID_ALPHA0.2_BETA0.8,0.2,0.8,500,0.96495,0.54886,0.08629,1.79976,0.60108,0.06994,0.0546,0.00278,0.02895,0.6
2,43,hybrid,HYBRID_ALPHA0.3_BETA0.7,0.3,0.7,500,0.93916,0.51958,0.09875,1.63192,0.59281,0.07105,0.05825,0.00268,0.02769,0.6
2,43,hybrid,HYBRID_ALPHA0.4_BETA0.6,0.4,0.6,500,0.94338,0.51919,0.10655,1.50793,0.58502,0.07184,0.06235,0.00272,0.02743,0.65
2,43,hybrid,HYBRID_ALPHA0.5_BETA0.5,0.5,0.5,500,0.93746,0.51835,0.11221,1.42216,0.57843,0.07147,0.0654,0.00278,0.02721,0.575
2,43,hybrid,HYBRID_ALPHA0.6_BETA0.4,0.6,0.4,500,1.26555,0.63625,0.26881,1.16795,0.56551,0.06965,0.07709,0.00393,0.02939,0.575
2,43,hybrid,HYBRID_ALPHA0.7_BETA0.3,0.7,0.3,500,1.74029,0.8238,0.39545,1.09719,0.55724,0.07397,0.0787,0.00441,0.03486,0.6
2,43,hybrid,HYBRID_ALPHA0.8_BETA0.2,0.8,0.2,500,1.73508,0.82608,0.39643,0.96786,0.54585,0.07454,0.08354,0.00439,0.03634,0.625
2,43,hybrid,HYBRID_ALPHA0.9_BETA0.1,0.9,0.1,500,1.72395,0.82496,0.39655,0.93082,0.543,0.07651,0.08755,0.00444,0.03612,0.575
2,43,mse,MSE,1.0,0.0,50,2.14282,0.72333,0.20787,3.19599,0.62125,0.03441,0.05586,0.00312,0.01916,0.55
2,43,mse,MSE,1.0,0.0,100,1.6984,0.63441,0.15655,5.05584,0.74782,0.1695,0.07564,0.00411,0.03101,0.55
2,43,mse,MSE,1.0,0.0,300,0.45569,0.5266,0.20727,0.93735,0.61395,0.19433,0.12361,0.00282,0.03024,0.675
2,43,mse,MSE,1.0,0.0,500,1.71503,0.8241,0.39673,0.86358,0.54117,0.08465,0.09563,0.00452,0.03535,0.65
3,44,hsic,HSIC,0.0,1.0,50,4.32451,1.20687,0.3248,62.62784,1.99035,0.26191,0.21641,0.00684,0.15149,0.75
3,44,hsic,HSIC,0.0,1.0,100,4.11403,1.05569,0.39202,67.80327,2.18584,0.25448,0.23885,0.00768,0.26425,0.85
3,44,hsic,HSIC,0.0,1.0,300,4.68306,1.07614,0.39313,67.29804,2.3786,0.1809,0.18305,0.00663,0.2879,0.825
3,44,hsic,HSIC,0.0,1.0,500,4.03575,1.28167,0.18025,64.34835,1.92799,0.19783,0.18807,0.00568,0.25935,0.85
3,44,hybrid,HYBRID_ALPHA0.1_BETA0.9,0.1,0.9,50,3.50428,0.88784,0.33381,0.97132,0.63677,0.14708,0.14069,0.00606,0.02523,0.55
3,44,hybrid,HYBRID_ALPHA0.2_BETA0.8,0.2,0.8,50,2.07837,0.6818,0.24915,1.39222,0.62936,0.12478,0.11626,0.00519,0.01875,0.55
3,44,hybrid,HYBRID_ALPHA0.3_BETA0.7,0.3,0.7,50,2.86193,0.80975,0.32519,1.657,0.62184,0.1235,0.1117,0.00561,0.02245,0.575
3,44,hybrid,HYBRID_ALPHA0.4_BETA0.6,0.4,0.6,50,2.87778,0.81781,0.33472,1.25479,0.65174,0.15741,0.14545,0.00584,0.02263,0.55
3,44,hybrid,HYBRID_ALPHA0.5_BETA0.5,0.5,0.5,50,2.86967,0.81677,0.33674,1.27964,0.66379,0.16042,0.15245,0.00588,0.0227,0.55
3,44,hybrid,HYBRID_ALPHA0.6_BETA0.4,0.6,0.4,50,4.03254,0.96443,0.39,24.10505,1.36038,0.42464,0.21404,0.00706,0.08328,0.625
3,44,hybrid,HYBRID_ALPHA0.7_BETA0.3,0.7,0.3,50,4.13831,0.97588,0.39254,41.2325,1.68787,0.4542,0.22211,0.0075,0.12542,0.675
3,44,hybrid,HYBRID_ALPHA0.8_BETA0.2,0.8,0.2,50,4.26297,0.98898,0.3926,41.23102,1.68772,0.45428,0.22214,0.00749,0.1256,0.675
3,44,hybrid,HYBRID_ALPHA0.9_BETA0.1,0.9,0.1,50,4.0898,0.96802,0.39316,41.23068,1.68756,0.45423,0.22212,0.00745,0.12521,0.65
3,44,hybrid,HYBRID_ALPHA0.1_BETA0.9,0.1,0.9,100,3.98641,1.04853,0.39195,2.96389,0.7168,0.17204,0.16696,0.00583,0.07059,0.65
3,44,hybrid,HYBRID_ALPHA0.2_BETA0.8,0.2,0.8,100,3.08117,0.99377,0.39138,3.39925,0.69711,0.14695,0.14321,0.00551,0.06662,0.65
3,44,hybrid,HYBRID_ALPHA0.3_BETA0.7,0.3,0.7,100,2.84608,0.60463,0.09198,3.22181,0.72173,0.14905,0.14757,0.00369,0.0432,0.55
3,44,hybrid,HYBRID_ALPHA0.4_BETA0.6,0.4,0.6,100,3.07033,0.60866,0.09956,3.21379,0.75678,0.15159,0.15156,0.00388,0.04318,0.65
3,44,hybrid,HYBRID_ALPHA0.5_BETA0.5,0.5,0.5,100,8.9721,1.05593,0.38947,4.46383,0.7933,0.15549,0.16071,0.00589,0.04503,0.525
3,44,hybrid,HYBRID_ALPHA0.6_BETA0.4,0.6,0.4,100,8.63497,1.05324,0.39102,2.63952,0.74616,0.15272,0.16067,0.00588,0.04539,0.525
3,44,hybrid,HYBRID_ALPHA0.7_BETA0.3,0.7,0.3,100,9.74438,1.06882,0.39241,2.25383,0.72325,0.14672,0.15841,0.00586,0.04474,0.55
3,44,hybrid,HYBRID_ALPHA0.8_BETA0.2,0.8,0.2,100,10.72235,1.07887,0.39363,2.26652,0.71446,0.1376,0.1502,0.00599,0.04438,0.55
3,44,hybrid,HYBRID_ALPHA0.9_BETA0.1,0.9,0.1,100,10.05039,1.06274,0.39501,2.62409,0.71113,0.05075,0.11427,0.00419,0.0548,0.65
3,44,hybrid,HYBRID_ALPHA0.1_BETA0.9,0.1,0.9,300,1.15149,0.70591,0.06293,2.81219,0.7948,0.09759,0.08852,0.00346,0.08515,0.725
3,44,hybrid,HYBRID_ALPHA0.2_BETA0.8,0.2,0.8,300,1.1596,0.63325,0.13254,1.40838,0.69402,0.10732,0.10145,0.00416,0.05646,0.75
3,44,hybrid,HYBRID_ALPHA0.3_BETA0.7,0.3,0.7,300,1.09632,0.59825,0.13723,0.60447,0.54688,0.12051,0.11988,0.00436,0.04255,0.725
3,44,hybrid,HYBRID_ALPHA0.4_BETA0.6,0.4,0.6,300,1.00576,0.57344,0.12473,0.51608,0.52913,0.11377,0.11516,0.00419,0.04037,0.675
3,44,hybrid,HYBRID_ALPHA0.5_BETA0.5,0.5,0.5,300,0.91343,0.55432,0.13953,0.53824,0.53389,0.11993,0.12354,0.00438,0.03791,0.7
3,44,hybrid,HYBRID_ALPHA0.6_BETA0.4,0.6,0.4,300,0.61594,0.54875,0.1688,0.51892,0.5297,0.11877,0.12446,0.0046,0.03164,0.675
3,44,hybrid,HYBRID_ALPHA0.7_BETA0.3,0.7,0.3,300,0.65105,0.54897,0.17367,0.47914,0.525,0.11148,0.12053,0.00457,0.03166,0.65
3,44,hybrid,HYBRID_ALPHA0.8_BETA0.2,0.8,0.2,300,0.61605,0.53909,0.1676,0.39362,0.491,0.08402,0.10001,0.00406,0.03253,0.65
3,44,hybrid,HYBRID_ALPHA0.9_BETA0.1,0.9,0.1,300,0.676,0.55619,0.21213,0.79575,0.65452,0.26269,0.20236,0.00545,0.0291,0.675
3,44,hybrid,HYBRID_ALPHA0.1_BETA0.9,0.1,0.9,500,1.14903,0.63042,0.11004,2.30979,0.60736,0.07293,0.07216,0.00378,0.04946,0.725
3,44,hybrid,HYBRID_ALPHA0.2_BETA0.8,0.2,0.8,500,0.84837,0.54156,0.11311,1.00921,0.52881,0.02436,0.0351,0.00269,0.03981,0.65
3,44,hybrid,HYBRID_ALPHA0.3_BETA0.7,0.3,0.7,500,0.95131,0.54553,0.13524,0.63567,0.50645,0.02175,0.0388,0.00263,0.03752,0.7
3,44,hybrid,HYBRID_ALPHA0.4_BETA0.6,0.4,0.6,500,0.51384,0.49576,0.13526,0.42269,0.48438,0.03757,0.05603,0.00295,0.03406,0.65
3,44,hybrid,HYBRID_ALPHA0.5_BETA0.5,0.5,0.5,500,0.74512,0.50885,0.11997,0.41847,0.48033,0.03548,0.05797,0.00294,0.0346,0.675
3,44,hybrid,HYBRID_ALPHA0.6_BETA0.4,0.6,0.4,500,0.64122,0.49732,0.12225,0.41195,0.47411,0.03287,0.0591,0.00336,0.03332,0.675
3,44,hybrid,HYBRID_ALPHA0.7_BETA0.3,0.7,0.3,500,0.61376,0.49541,0.12667,0.41305,0.47187,0.03543,0.06062,0.00367,0.03259,0.675
3,44,hybrid,HYBRID_ALPHA0.8_BETA0.2,0.8,0.2,500,0.6294,0.50174,0.13292,0.41225,0.4698,0.03052,0.0625,0.00408,0.03166,0.65
3,44,hybrid,HYBRID_ALPHA0.9_BETA0.1,0.9,0.1,500,0.6187,0.50247,0.14013,1.13802,0.64885,0.2145,0.15149,0.00367,0.02957,0.625
3,44,mse,MSE,1.0,0.0,50,4.2478,0.98708,0.39256,23.26854,1.32395,0.43023,0.21528,0.00718,0.08519,0.625
3,44,mse,MSE,1.0,0.0,100,2.91634,0.6228,0.14468,2.90702,0.705,0.04486,0.08562,0.00286,0.05096,0.675
3,44,mse,MSE,1.0,0.0,300,0.64627,0.55193,0.21126,0.70528,0.64509,0.26433,0.1614,0.00438,0.02966,0.525
3,44,mse,MSE,1.0,0.0,500,0.60414,0.5037,0.1496,1.53658,0.6423,0.19333,0.09821,0.00431,0.03354,0.625
4,45,hsic,HSIC,0.0,1.0,50,11.76308,1.38903,0.31086,53.55118,1.85944,0.40431,0.21521,0.00517,0.03951,0.525
4,45,hsic,HSIC,0.0,1.0,100,3.50523,1.04682,0.24589,64.21826,1.98438,0.22286,0.2082,0.00611,0.30804,0.9
4,45,hsic,HSIC,0.0,1.0,300,2.14278,0.72337,0.09144,67.70998,1.91252,0.17299,0.17855,0.00288,0.25299,0.85
4,45,hsic,HSIC,0.0,1.0,500,2.13973,0.9074,0.08186,62.98693,1.85565,0.21472,0.1847,0.00429,0.20592,0.875
4,45,hybrid,HYBRID_ALPHA0.1_BETA0.9,0.1,0.9,50,13.04186,1.41431,0.3257,54.90621,1.87137,0.39992,0.21462,0.00527,0.03847,0.55
4,45,hybrid,HYBRID_ALPHA0.2_BETA0.8,0.2,0.8,50,7.48694,1.25486,0.39581,44.24314,1.72807,0.40591,0.21797,0.00636,0.03566,0.55
4,45,hybrid,HYBRID_ALPHA0.3_BETA0.7,0.3,0.7,50,6.09198,1.17383,0.38448,22.02769,1.33911,0.41471,0.21383,0.00621,0.03482,0.525
4,45,hybrid,HYBRID_ALPHA0.4_BETA0.6,0.4,0.6,50,5.81868,1.14861,0.37561,12.53204,1.083,0.37826,0.18699,0.00612,0.0342,0.5
4,45,hybrid,HYBRID_ALPHA0.5_BETA0.5,0.5,0.5,50,5.8697,1.15018,0.37644,38.07534,1.65084,0.4464,0.21901,0.00666,0.03568,0.525
4,45,hybrid,HYBRID_ALPHA0.6_BETA0.4,0.6,0.4,50,4.58893,1.05129,0.38462,37.11506,1.63341,0.44629,0.21947,0.00708,0.03522,0.5
4,45,hybrid,HYBRID_ALPHA0.7_BETA0.3,0.7,0.3,50,4.58622,1.05083,0.38464,2.81745,0.70651,0.08613,0.0567,0.00447,0.0608,0.5
4,45,hybrid,HYBRID_ALPHA0.8_BETA0.2,0.8,0.2,50,4.52775,1.0458,0.38549,35.32617,1.60112,0.44437,0.21937,0.00703,0.03507,0.525
4,45,hybrid,HYBRID_ALPHA0.9_BETA0.1,0.9,0.1,50,4.525,1.04538,0.38577,31.91792,1.53958,0.43816,0.2165,0.00689,0.03472,0.525
4,45,hybrid,HYBRID_ALPHA0.1_BETA0.9,0.1,0.9,100,1.85338,0.76892,0.24441,1.41711,0.61037,0.08334,0.09608,0.00431,0.06404,0.6
4,45,hybrid,HYBRID_ALPHA0.2_BETA0.8,0.2,0.8,100,0.64221,0.59419,0.07035,0.95526,0.59477,0.10335,0.11749,0.00329,0.03015,0.575
4,45,hybrid,HYBRID_ALPHA0.3_BETA0.7,0.3,0.7,100,1.79254,0.68812,0.26837,0.9402,0.58926,0.10114,0.11359,0.00443,0.04812,0.675
4,45,hybrid,HYBRID_ALPHA0.4_BETA0.6,0.4,0.6,100,1.76057,0.68641,0.27423,0.93144,0.58566,0.0991,0.11216,0.00452,0.04671,0.65
4,45,hybrid,HYBRID_ALPHA0.5_BETA0.5,0.5,0.5,100,1.83414,0.7043,0.2882,0.82041,0.57813,0.10667,0.11734,0.00472,0.0435,0.625
4,45,hybrid,HYBRID_ALPHA0.6_BETA0.4,0.6,0.4,100,1.7128,0.70007,0.29624,0.69081,0.56432,0.1105,0.11912,0.00488,0.0377,0.575
4,45,hybrid,HYBRID_ALPHA0.7_BETA0.3,0.7,0.3,100,1.49479,0.67405,0.28821,0.55343,0.54181,0.11773,0.11813,0.00498,0.03178,0.5
4,45,hybrid,HYBRID_ALPHA0.8_BETA0.2,0.8,0.2,100,3.82753,0.96932,0.39526,15.63639,1.17319,0.40888,0.19981,0.00689,0.21658,0.85
4,45,hybrid,HYBRID_ALPHA0.9_BETA0.1,0.9,0.1,100,3.82748,0.96971,0.39563,17.53088,1.22796,0.42186,0.20749,0.00703,0.22464,0.825
4,45,hybrid,HYBRID_ALPHA0.1_BETA0.9,0.1,0.9,300,1.05154,0.56636,0.09188,1.08349,0.59183,0.12708,0.12192,0.00452,0.02762,0.6
4,45,hybrid,HYBRID_ALPHA0.2_BETA0.8,0.2,0.8,300,0.66234,0.52376,0.06376,2.31464,0.62017,0.11017,0.07507,0.0036,0.03281,0.575
4,45,hybrid,HYBRID_ALPHA0.3_BETA0.7,0.3,0.7,300,0.61317,0.51233,0.10009,2.69991,0.63536,0.1181,0.07188,0.00358,0.03413,0.575
4,45,hybrid,HYBRID_ALPHA0.4_BETA0.6,0.4,0.6,300,0.6026,0.5092,0.09981,2.7689,0.65306,0.13947,0.08079,0.00368,0.03461,0.65
4,45,hybrid,HYBRID_ALPHA0.5_BETA0.5,0.5,0.5,300,0.54275,0.47329,0.07384,2.73024,0.65075,0.14252,0.08291,0.004,0.03545,0.65
4,45,hybrid,HYBRID_ALPHA0.6_BETA0.4,0.6,0.4,300,0.54312,0.47241,0.07834,2.82575,0.6507,0.1382,0.08215,0.00396,0.03531,0.65
4,45,hybrid,HYBRID_ALPHA0.7_BETA0.3,0.7,0.3,300,0.52423,0.47021,0.0825,2.53441,0.64415,0.14055,0.08615,0.0039,0.03088,0.6
4,45,hybrid,HYBRID_ALPHA0.8_BETA0.2,0.8,0.2,300,0.52132,0.4685,0.08058,2.35125,0.63917,0.14257,0.08591,0.00383,0.02835,0.65
4,45,hybrid,HYBRID_ALPHA0.9_BETA0.1,0.9,0.1,300,0.54544,0.47448,0.0939,2.04091,0.63415,0.15016,0.09283,0.00379,0.02616,0.575
4,45,hybrid,HYBRID_ALPHA0.1_BETA0.9,0.1,0.9,500,0.88804,0.57734,0.04836,1.11848,0.61574,0.04587,0.04163,0.00319,0.03761,0.575
4,45,hybrid,HYBRID_ALPHA0.2_BETA0.8,0.2,0.8,500,0.5482,0.54579,0.03686,1.26542,0.60919,0.05215,0.04567,0.00367,0.02909,0.625
4,45,hybrid,HYBRID_ALPHA0.3_BETA0.7,0.3,0.7,500,1.06347,0.53417,0.10258,0.83051,0.56319,0.04493,0.04564,0.00328,0.02753,0.55
4,45,hybrid,HYBRID_ALPHA0.4_BETA0.6,0.4,0.6,500,0.85074,0.50483,0.06489,0.64206,0.5453,0.0396,0.04544,0.00337,0.02591,0.6
4,45,hybrid,HYBRID_ALPHA0.5_BETA0.5,0.5,0.5,500,0.59402,0.47552,0.06154,0.5135,0.53403,0.03305,0.0415,0.00337,0.02564,0.55
4,45,hybrid,HYBRID_ALPHA0.6_BETA0.4,0.6,0.4,500,0.62855,0.47867,0.06632,0.41371,0.4869,0.03104,0.04387,0.00304,0.02218,0.625
4,45,hybrid,HYBRID_ALPHA0.7_BETA0.3,0.7,0.3,500,0.59848,0.47621,0.07208,0.5489,0.49247,0.03647,0.05447,0.00283,0.0227,0.525
4,45,hybrid,HYBRID_ALPHA0.8_BETA0.2,0.8,0.2,500,0.57979,0.47608,0.0756,0.52881,0.48779,0.03635,0.0566,0.00285,0.02804,0.575
4,45,hybrid,HYBRID_ALPHA0.9_BETA0.1,0.9,0.1,500,0.57796,0.47555,0.08096,0.52826,0.48622,0.04285,0.0627,0.00298,0.0251,0.575
4,45,mse,MSE,1.0,0.0,50,4.50652,1.0437,0.3872,31.95414,1.54011,0.43959,0.21698,0.00687,0.03465,0.5
4,45,mse,MSE,1.0,0.0,100,3.82723,0.97006,0.3961,30.84485,1.52713,0.44377,0.2195,0.00738,0.25846,0.825
4,45,mse,MSE,1.0,0.0,300,0.53351,0.47885,0.10777,1.7016,0.63879,0.18408,0.08808,0.00383,0.02435,0.6
4,45,mse,MSE,1.0,0.0,500,0.48039,0.46819,0.09134,0.55315,0.49467,0.06047,0.08177,0.0033,0.02346,0.55
5,46,hsic,HSIC,0.0,1.0,50,3.69056,1.14345,0.24795,43.67445,1.72502,0.45172,0.22018,0.00611,0.0623,0.625
5,46,hsic,HSIC,0.0,1.0,100,3.97876,1.51006,0.19179,65.54954,2.07177,0.25565,0.24206,0.00526,0.10857,0.8
5,46,hsic,HSIC,0.0,1.0,300,4.44519,1.52391,0.16291,59.10543,1.94145,0.40049,0.21251,0.00487,0.21205,0.875
5,46,hsic,HSIC,0.0,1.0,500,2.09345,0.92963,0.08803,65.87663,1.99938,0.20319,0.18739,0.00405,0.18267,0.775
5,46,hybrid,HYBRID_ALPHA0.1_BETA0.9,0.1,0.9,50,2.93419,0.74605,0.22716,4.5798,0.73598,0.18277,0.04862,0.00389,0.02105,0.625
5,46,hybrid,HYBRID_ALPHA0.2_BETA0.8,0.2,0.8,50,2.63514,0.64898,0.11953,4.7392,0.72241,0.18527,0.04675,0.00372,0.02962,0.65
5,46,hybrid,HYBRID_ALPHA0.3_BETA0.7,0.3,0.7,50,2.69367,0.64839,0.11713,4.79058,0.71331,0.19116,0.04728,0.00388,0.02898,0.625
5,46,hybrid,HYBRID_ALPHA0.4_BETA0.6,0.4,0.6,50,3.5178,0.8418,0.3157,4.92166,0.71721,0.19716,0.04889,0.00372,0.01543,0.525
5,46,hybrid,HYBRID_ALPHA0.5_BETA0.5,0.5,0.5,50,2.85773,0.66466,0.12729,4.99225,0.72227,0.20116,0.04967,0.00384,0.02796,0.625
5,46,hybrid,HYBRID_ALPHA0.6_BETA0.4,0.6,0.4,50,3.50953,0.68654,0.12506,5.86181,0.74508,0.20842,0.05107,0.00391,0.0266,0.6
5,46,hybrid,HYBRID_ALPHA0.7_BETA0.3,0.7,0.3,50,3.33856,0.78345,0.27223,5.25931,0.72878,0.19899,0.04816,0.00386,0.01591,0.525
5,46,hybrid,HYBRID_ALPHA0.8_BETA0.2,0.8,0.2,50,3.19669,0.74904,0.22085,5.75631,0.73939,0.19265,0.04661,0.00386,0.0239,0.575
5,46,hybrid,HYBRID_ALPHA0.9_BETA0.1,0.9,0.1,50,3.24321,0.75264,0.22423,5.81514,0.7384,0.14335,0.03977,0.00408,0.02363,0.575
5,46,hybrid,HYBRID_ALPHA0.1_BETA0.9,0.1,0.9,100,1.64852,0.59873,0.17647,2.56878,0.62342,0.0564,0.06826,0.00324,0.01995,0.6
5,46,hybrid,HYBRID_ALPHA0.2_BETA0.8,0.2,0.8,100,1.48501,0.58927,0.16502,3.27291,0.64496,0.06448,0.0879,0.0029,0.02178,0.675
5,46,hybrid,HYBRID_ALPHA0.3_BETA0.7,0.3,0.7,100,1.48048,0.59368,0.16145,3.50612,0.64774,0.05559,0.08519,0.00304,0.02378,0.7
5,46,hybrid,HYBRID_ALPHA0.4_BETA0.6,0.4,0.6,100,1.64686,0.59396,0.17548,3.59671,0.6471,0.05139,0.08405,0.00311,0.02384,0.6
5,46,hybrid,HYBRID_ALPHA0.5_BETA0.5,0.5,0.5,100,1.54836,0.59692,0.16571,3.64799,0.64633,0.04867,0.08319,0.00324,0.02326,0.65
5,46,hybrid,HYBRID_ALPHA0.6_BETA0.4,0.6,0.4,100,1.71198,0.61273,0.18753,3.66117,0.64652,0.04876,0.08406,0.00323,0.02209,0.6
5,46,hybrid,HYBRID_ALPHA0.7_BETA0.3,0.7,0.3,100,1.71551,0.61787,0.19316,3.44493,0.64756,0.06063,0.09204,0.00323,0.02191,0.575
5,46,hybrid,HYBRID_ALPHA0.8_BETA0.2,0.8,0.2,100,1.5694,0.5939,0.1643,3.70523,0.65802,0.05956,0.11094,0.00316,0.02116,0.65
5,46,hybrid,HYBRID_ALPHA0.9_BETA0.1,0.9,0.1,100,1.56846,0.59438,0.16448,3.87356,0.66471,0.05464,0.1248,0.00322,0.02168,0.625
5,46,hybrid,HYBRID_ALPHA0.1_BETA0.9,0.1,0.9,300,0.51273,0.53169,0.03206,0.65206,0.61054,0.07806,0.09181,0.00279,0.04613,0.625
5,46,hybrid,HYBRID_ALPHA0.2_BETA0.8,0.2,0.8,300,0.6675,0.53504,0.03955,0.57724,0.61248,0.07502,0.07165,0.00189,0.04688,0.65
5,46,hybrid,HYBRID_ALPHA0.3_BETA0.7,0.3,0.7,300,4.69161,0.63851,0.03872,0.54042,0.58488,0.08328,0.09399,0.00237,0.04241,0.625
5,46,hybrid,HYBRID_ALPHA0.4_BETA0.6,0.4,0.6,300,7.02664,0.68438,0.04083,0.54024,0.58719,0.07655,0.0881,0.002,0.04141,0.7
5,46,hybrid,HYBRID_ALPHA0.5_BETA0.5,0.5,0.5,300,7.14996,0.68594,0.0436,0.53962,0.58584,0.06849,0.08658,0.00278,0.04162,0.725
5,46,hybrid,HYBRID_ALPHA0.6_BETA0.4,0.6,0.4,300,7.14911,0.68696,0.04696,0.53243,0.58276,0.06624,0.08659,0.00286,0.04076,0.725
5,46,hybrid,HYBRID_ALPHA0.7_BETA0.3,0.7,0.3,300,7.13367,0.68918,0.05237,0.5242,0.56344,0.06273,0.09988,0.00356,0.03843,0.675
5,46,hybrid,HYBRID_ALPHA0.8_BETA0.2,0.8,0.2,300,7.01602,0.6901,0.05779,0.48912,0.54397,0.05901,0.10019,0.00366,0.03577,0.7
5,46,hybrid,HYBRID_ALPHA0.9_BETA0.1,0.9,0.1,300,7.04078,0.69546,0.06784,0.45539,0.52797,0.05684,0.101,0.00363,0.03152,0.65
5,46,hybrid,HYBRID_ALPHA0.1_BETA0.9,0.1,0.9,500,1.09497,0.5968,0.03881,3.53047,0.63713,0.06118,0.0624,0.00319,0.03471,0.6
5,46,hybrid,HYBRID_ALPHA0.2_BETA0.8,0.2,0.8,500,0.94982,0.5321,0.08515,0.95369,0.54273,0.05867,0.06119,0.00307,0.02725,0.65
5,46,hybrid,HYBRID_ALPHA0.3_BETA0.7,0.3,0.7,500,1.02443,0.53196,0.10344,1.04098,0.60843,0.03847,0.03127,0.00276,0.03324,0.625
5,46,hybrid,HYBRID_ALPHA0.4_BETA0.6,0.4,0.6,500,1.04704,0.53554,0.11618,0.73339,0.52934,0.04172,0.04506,0.00278,0.02567,0.55
5,46,hybrid,HYBRID_ALPHA0.5_BETA0.5,0.5,0.5,500,1.05107,0.53834,0.12349,1.2527,0.55152,0.05019,0.06842,0.00301,0.02772,0.625
5,46,hybrid,HYBRID_ALPHA0.6_BETA0.4,0.6,0.4,500,0.98491,0.53413,0.12883,1.26151,0.55099,0.05101,0.07415,0.0031,0.02704,0.6
5,46,hybrid,HYBRID_ALPHA0.7_BETA0.3,0.7,0.3,500,0.87077,0.52649,0.12693,1.29058,0.54962,0.0522,0.08239,0.00325,0.02704,0.6
5,46,hybrid,HYBRID_ALPHA0.8_BETA0.2,0.8,0.2,500,0.82717,0.52448,0.12973,1.24418,0.54592,0.05075,0.08989,0.0034,0.02699,0.65
5,46,hybrid,HYBRID_ALPHA0.9_BETA0.1,0.9,0.1,500,0.89661,0.54192,0.15503,38.71543,1.13199,0.13111,0.11671,0.00409,0.02248,0.525
5,46,mse,MSE,1.0,0.0,50,3.28555,0.75718,0.22852,5.38992,0.73095,0.16385,0.04408,0.00402,0.02359,0.575
5,46,mse,MSE,1.0,0.0,100,1.76174,0.62116,0.15519,3.95432,0.66522,0.0489,0.12856,0.00336,0.02331,0.575
5,46,mse,MSE,1.0,0.0,300,6.78905,0.69714,0.08573,0.51248,0.57425,0.19313,0.13595,0.00349,0.02793,0.6
5,46,mse,MSE,1.0,0.0,500,0.88999,0.54815,0.16063,29.79338,1.06271,0.15042,0.12,0.00396,0.02258,0.525
6,47,hsic,HSIC,0.0,1.0,50,4.50566,1.07262,0.39653,65.96572,2.33615,0.19187,0.26139,0.0098,0.14484,0.9
6,47,hsic,HSIC,0.0,1.0,100,3.98209,1.27482,0.17165,65.33936,1.93533,0.22906,0.19952,0.00512,0.27977,0.925
6,47,hsic,HSIC,0.0,1.0,300,2.44968,0.95643,0.0857,66.32993,2.32632,0.20659,0.18591,0.00308,0.24664,0.875
6,47,hsic,HSIC,0.0,1.0,500,2.52066,1.08715,0.07671,64.82512,1.93209,0.1545,0.16777,0.00344,0.254,0.825
6,47,hybrid,HYBRID_ALPHA0.1_BETA0.9,0.1,0.9,50,4.44746,1.06278,0.397,2.6705,0.6638,0.15658,0.11673,0.00447,0.057,0.7
6,47,hybrid,HYBRID_ALPHA0.2_BETA0.8,0.2,0.8,50,1.48937,0.61277,0.17474,2.33898,0.70695,0.20264,0.1378,0.00476,0.0292,0.775
6,47,hybrid,HYBRID_ALPHA0.3_BETA0.7,0.3,0.7,50,1.75213,0.65692,0.21224,3.00374,0.71132,0.18466,0.1295,0.00456,0.03077,0.725
6,47,hybrid,HYBRID_ALPHA0.4_BETA0.6,0.4,0.6,50,1.75942,0.65305,0.20836,4.30028,0.70203,0.14368,0.0724,0.00346,0.02829,0.675
6,47,hybrid,HYBRID_ALPHA0.5_BETA0.5,0.5,0.5,50,1.58286,0.64191,0.17946,5.33532,0.73562,0.17346,0.05991,0.00376,0.03024,0.7
6,47,hybrid,HYBRID_ALPHA0.6_BETA0.4,0.6,0.4,50,1.79992,0.65952,0.21571,7.51862,0.80431,0.22766,0.07236,0.00433,0.03836,0.8
6,47,hybrid,HYBRID_ALPHA0.7_BETA0.3,0.7,0.3,50,1.80653,0.67002,0.23563,16.61555,1.12443,0.37625,0.18879,0.0055,0.06522,0.875
6,47,hybrid,HYBRID_ALPHA0.8_BETA0.2,0.8,0.2,50,1.60159,0.66654,0.18741,21.39314,1.24971,0.39807,0.20463,0.00485,0.07668,0.8
6,47,hybrid,HYBRID_ALPHA0.9_BETA0.1,0.9,0.1,50,1.83876,0.69169,0.26631,24.76717,1.33265,0.40886,0.21086,0.00561,0.0856,0.8
6,47,hybrid,HYBRID_ALPHA0.1_BETA0.9,0.1,0.9,100,1.65895,0.80668,0.10542,0.89826,0.62245,0.21269,0.14053,0.00494,0.05636,0.625
6,47,hybrid,HYBRID_ALPHA0.2_BETA0.8,0.2,0.8,100,0.8749,0.67744,0.10629,1.03653,0.64555,0.22156,0.16694,0.00509,0.03994,0.675
6,47,hybrid,HYBRID_ALPHA0.3_BETA0.7,0.3,0.7,100,0.87945,0.65415,0.09872,1.28761,0.65306,0.18998,0.16938,0.00444,0.04134,0.675
6,47,hybrid,HYBRID_ALPHA0.4_BETA0.6,0.4,0.6,100,1.46188,0.71406,0.11653,1.78597,0.65071,0.17395,0.13182,0.00372,0.0521,0.625
6,47,hybrid,HYBRID_ALPHA0.5_BETA0.5,0.5,0.5,100,1.46256,0.63401,0.13807,1.90406,0.65378,0.17129,0.12862,0.00305,0.04963,0.6
6,47,hybrid,HYBRID_ALPHA0.6_BETA0.4,0.6,0.4,100,1.48371,0.61216,0.14255,1.91817,0.65419,0.17081,0.12802,0.00356,0.04915,0.625
6,47,hybrid,HYBRID_ALPHA0.7_BETA0.3,0.7,0.3,100,1.50478,0.62351,0.14863,1.91139,0.65335,0.17044,0.12726,0.00372,0.04874,0.6
6,47,hybrid,HYBRID_ALPHA0.8_BETA0.2,0.8,0.2,100,1.50783,0.61786,0.15412,1.87182,0.64669,0.16062,0.12694,0.00356,0.04781,0.675
6,47,hybrid,HYBRID_ALPHA0.9_BETA0.1,0.9,0.1,100,1.48027,0.62182,0.14896,1.79183,0.64442,0.15519,0.13266,0.00352,0.04769,0.65
6,47,hybrid,HYBRID_ALPHA0.1_BETA0.9,0.1,0.9,300,1.31047,0.56458,0.0762,1.25127,0.60402,0.13609,0.11289,0.00409,0.04346,0.725
6,47,hybrid,HYBRID_ALPHA0.2_BETA0.8,0.2,0.8,300,1.07432,0.54562,0.04381,1.19906,0.62238,0.18098,0.13241,0.00335,0.04231,0.7
6,47,hybrid,HYBRID_ALPHA0.3_BETA0.7,0.3,0.7,300,1.27989,0.53778,0.08335,1.44379,0.62667,0.16943,0.12191,0.0041,0.04224,0.725
6,47,hybrid,HYBRID_ALPHA0.4_BETA0.6,0.4,0.6,300,1.24336,0.54043,0.08185,1.63402,0.63056,0.1624,0.11421,0.00372,0.04244,0.7
6,47,hybrid,HYBRID_ALPHA0.5_BETA0.5,0.5,0.5,300,1.28963,0.53568,0.07366,1.77608,0.63227,0.15444,0.10769,0.00349,0.04314,0.7
6,47,hybrid,HYBRID_ALPHA0.6_BETA0.4,0.6,0.4,300,1.6217,0.59503,0.17761,1.98439,0.63445,0.14584,0.10074,0.00473,0.04524,0.75
6,47,hybrid,HYBRID_ALPHA0.7_BETA0.3,0.7,0.3,300,1.62427,0.597,0.18374,2.06343,0.63386,0.13913,0.09611,0.00467,0.04568,0.675
6,47,hybrid,HYBRID_ALPHA0.8_BETA0.2,0.8,0.2,300,0.84357,0.58334,0.23802,2.0979,0.63479,0.13727,0.09371,0.00487,0.04133,0.725
6,47,hybrid,HYBRID_ALPHA0.9_BETA0.1,0.9,0.1,300,0.56088,0.52763,0.20343,0.45784,0.50043,0.07748,0.11161,0.00326,0.04142,0.675
6,47,hybrid,HYBRID_ALPHA0.1_BETA0.9,0.1,0.9,500,1.19905,0.56916,0.16262,1.98364,0.59913,0.05903,0.06207,0.00356,0.03904,0.675
6,47,hybrid,HYBRID_ALPHA0.2_BETA0.8,0.2,0.8,500,1.04245,0.53586,0.13088,1.77184,0.60864,0.07112,0.06928,0.00344,0.03668,0.7
6,47,hybrid,HYBRID_ALPHA0.3_BETA0.7,0.3,0.7,500,1.03796,0.54066,0.13258,1.34647,0.58334,0.07744,0.07579,0.00348,0.03394,0.575
6,47,hybrid,HYBRID_ALPHA0.4_BETA0.6,0.4,0.6,500,1.03062,0.54041,0.13236,1.06258,0.55518,0.08079,0.08036,0.00352,0.03238,0.6
6,47,hybrid,HYBRID_ALPHA0.5_BETA0.5,0.5,0.5,500,0.93255,0.53009,0.12813,0.85584,0.53821,0.08398,0.0847,0.00353,0.03022,0.575
6,47,hybrid,HYBRID_ALPHA0.6_BETA0.4,0.6,0.4,500,0.8814,0.52255,0.12243,0.63961,0.51962,0.08869,0.09047,0.00353,0.02849,0.575
6,47,hybrid,HYBRID_ALPHA0.7_BETA0.3,0.7,0.3,500,0.83322,0.5187,0.12325,0.52383,0.50322,0.08603,0.09127,0.0035,0.02756,0.525
6,47,hybrid,HYBRID_ALPHA0.8_BETA0.2,0.8,0.2,500,1.1823,0.59864,0.21672,0.45762,0.4849,0.07072,0.08503,0.00379,0.02841,0.55
6,47,hybrid,HYBRID_ALPHA0.9_BETA0.1,0.9,0.1,500,1.13868,0.59429,0.21324,0.75358,0.60665,0.20361,0.13869,0.00474,0.02581,0.525
6,47,mse,MSE,1.0,0.0,50,1.89376,0.71012,0.29012,27.32492,1.3921,0.41601,0.21379,0.00578,0.09109,0.8
6,47,mse,MSE,1.0,0.0,100,0.54387,0.55201,0.11129,1.69231,0.64323,0.15115,0.14134,0.00311,0.03885,0.575
6,47,mse,MSE,1.0,0.0,300,0.49105,0.50342,0.18709,0.44646,0.50326,0.09092,0.12928,0.00225,0.04114,0.7
6,47,mse,MSE,1.0,0.0,500,1.19889,0.61093,0.23372,0.74509,0.60383,0.20535,0.12061,0.00437,0.02614,0.6
7,48,hsic,HSIC,0.0,1.0,50,4.8309,1.29068,0.25746,66.25428,1.97513,0.2668,0.21065,0.00686,0.1198,0.825
7,48,hsic,HSIC,0.0,1.0,100,3.74814,1.04883,0.37019,62.09048,1.94088,0.39501,0.21246,0.0075,0.13671,0.65
7,48,hsic,HSIC,0.0,1.0,300,3.58842,1.00459,0.3922,65.58083,2.07638,0.17811,0.18997,0.00677,0.47045,0.975
7,48,hsic,HSIC,0.0,1.0,500,1.45442,0.7198,0.1237,64.54104,1.9993,0.17892,0.19088,0.00412,0.4701,0.95
7,48,hybrid,HYBRID_ALPHA0.1_BETA0.9,0.1,0.9,50,2.35394,0.68137,0.17139,4.79894,0.75933,0.10684,0.0453,0.00403,0.08423,0.75
7,48,hybrid,HYBRID_ALPHA0.2_BETA0.8,0.2,0.8,50,1.66772,0.58494,0.10597,3.96466,0.73235,0.08707,0.04812,0.00357,0.08288,0.75
7,48,hybrid,HYBRID_ALPHA0.3_BETA0.7,0.3,0.7,50,2.24005,0.6473,0.14846,6.09101,1.02721,0.0743,0.1365,0.00227,0.07798,0.75
7,48,hybrid,HYBRID_ALPHA0.4_BETA0.6,0.4,0.6,50,2.1316,0.64951,0.1512,4.14561,0.73684,0.03967,0.04004,0.00284,0.08696,0.8
7,48,hybrid,HYBRID_ALPHA0.5_BETA0.5,0.5,0.5,50,1.89363,0.63348,0.14341,3.83128,0.73187,0.0368,0.04052,0.00287,0.08643,0.725
7,48,hybrid,HYBRID_ALPHA0.6_BETA0.4,0.6,0.4,50,1.97098,0.64046,0.14862,5.74282,1.06395,0.07844,0.14856,0.00235,0.08738,0.725
7,48,hybrid,HYBRID_ALPHA0.7_BETA0.3,0.7,0.3,50,1.82979,0.63107,0.14544,5.22408,1.0299,0.12348,0.17263,0.00231,0.08575,0.75
7,48,hybrid,HYBRID_ALPHA0.8_BETA0.2,0.8,0.2,50,2.09366,0.64564,0.15047,5.74908,1.08593,0.09266,0.21049,0.00279,0.07265,0.725
7,48,hybrid,HYBRID_ALPHA0.9_BETA0.1,0.9,0.1,50,2.02826,0.64175,0.15075,5.32775,1.021,0.09977,0.22066,0.00288,0.0736,0.725
7,48,hybrid,HYBRID_ALPHA0.1_BETA0.9,0.1,0.9,100,2.70625,0.84695,0.28288,50.37861,1.80821,0.41868,0.21715,0.00675,0.13432,0.75
7,48,hybrid,HYBRID_ALPHA0.2_BETA0.8,0.2,0.8,100,2.15275,0.76154,0.20236,3.21631,0.67845,0.15022,0.07209,0.00418,0.10091,0.725
7,48,hybrid,HYBRID_ALPHA0.3_BETA0.7,0.3,0.7,100,2.08903,0.73716,0.22255,3.13433,0.69436,0.15398,0.07466,0.00428,0.09956,0.7
7,48,hybrid,HYBRID_ALPHA0.4_BETA0.6,0.4,0.6,100,2.062,0.72569,0.2306,3.3046,0.71366,0.14955,0.07121,0.00419,0.09923,0.75
7,48,hybrid,HYBRID_ALPHA0.5_BETA0.5,0.5,0.5,100,2.0733,0.72683,0.24391,3.4797,0.73838,0.14813,0.06906,0.00418,0.09875,0.725
7,48,hybrid,HYBRID_ALPHA0.6_BETA0.4,0.6,0.4,100,2.07163,0.73448,0.25736,3.60829,0.75832,0.14687,0.06924,0.00417,0.09809,0.75
7,48,hybrid,HYBRID_ALPHA0.7_BETA0.3,0.7,0.3,100,2.09307,0.73995,0.27264,3.93111,0.77984,0.15253,0.07157,0.00403,0.09779,0.725
7,48,hybrid,HYBRID_ALPHA0.8_BETA0.2,0.8,0.2,100,2.10786,0.74285,0.28986,4.01874,0.79939,0.1596,0.07886,0.00397,0.0972,0.725
7,48,hybrid,HYBRID_ALPHA0.9_BETA0.1,0.9,0.1,100,2.16865,0.75233,0.31506,4.08665,0.81037,0.16242,0.08436,0.00387,0.0968,0.725
7,48,hybrid,HYBRID_ALPHA0.1_BETA0.9,0.1,0.9,300,1.63463,0.70333,0.24869,1.82474,0.57924,0.06944,0.06758,0.00397,0.32111,0.95
7,48,hybrid,HYBRID_ALPHA0.2_BETA0.8,0.2,0.8,300,1.6941,0.69571,0.24709,0.82448,0.54367,0.08374,0.08136,0.00398,0.27971,0.875
7,48,hybrid,HYBRID_ALPHA0.3_BETA0.7,0.3,0.7,300,1.61687,0.68421,0.25681,0.47064,0.52046,0.11174,0.11853,0.00456,0.21775,0.85
7,48,hybrid,HYBRID_ALPHA0.4_BETA0.6,0.4,0.6,300,1.52227,0.67481,0.26677,0.47219,0.51771,0.11355,0.12108,0.00469,0.20678,0.825
7,48,hybrid,HYBRID_ALPHA0.5_BETA0.5,0.5,0.5,300,1.49506,0.67433,0.27008,0.61756,0.57971,0.12428,0.13822,0.00488,0.20009,0.8
7,48,hybrid,HYBRID_ALPHA0.6_BETA0.4,0.6,0.4,300,1.44819,0.67241,0.26973,0.90711,0.71371,0.14103,0.1583,0.00504,0.14806,0.75
7,48,hybrid,HYBRID_ALPHA0.7_BETA0.3,0.7,0.3,300,1.40726,0.67041,0.27246,0.97658,0.73061,0.15376,0.17623,0.00514,0.1135,0.75
7,48,hybrid,HYBRID_ALPHA0.8_BETA0.2,0.8,0.2,300,1.33353,0.6645,0.26919,1.47051,0.78551,0.27473,0.22252,0.00552,0.19567,0.85
7,48,hybrid,HYBRID_ALPHA0.9_BETA0.1,0.9,0.1,300,1.3149,0.68015,0.28063,1.29936,0.75093,0.29734,0.22977,0.00528,0.18302,0.8
7,48,hybrid,HYBRID_ALPHA0.1_BETA0.9,0.1,0.9,500,0.99433,0.64785,0.05901,2.90197,0.72882,0.05361,0.07601,0.00354,0.33206,0.975
7,48,hybrid,HYBRID_ALPHA0.2_BETA0.8,0.2,0.8,500,1.07472,0.62828,0.10781,1.20225,0.65183,0.08785,0.10662,0.00411,0.27278,0.95
7,48,hybrid,HYBRID_ALPHA0.3_BETA0.7,0.3,0.7,500,1.06039,0.60501,0.11905,0.646,0.59051,0.12371,0.14073,0.00435,0.21631,0.9
7,48,hybrid,HYBRID_ALPHA0.4_BETA0.6,0.4,0.6,500,1.00409,0.58111,0.12122,0.81805,0.69965,0.11381,0.14509,0.00437,0.18915,0.825
7,48,hybrid,HYBRID_ALPHA0.5_BETA0.5,0.5,0.5,500,0.96744,0.56979,0.12056,0.51856,0.53265,0.1277,0.13166,0.00392,0.17801,0.8
7,48,hybrid,HYBRID_ALPHA0.6_BETA0.4,0.6,0.4,500,0.9113,0.55281,0.12306,0.89093,0.67069,0.22354,0.163,0.00469,0.26241,0.9
7,48,hybrid,HYBRID_ALPHA0.7_BETA0.3,0.7,0.3,500,0.89416,0.54827,0.12931,0.89869,0.67733,0.22796,0.16598,0.00473,0.26169,0.9
7,48,hybrid,HYBRID_ALPHA0.8_BETA0.2,0.8,0.2,500,0.83757,0.54079,0.12509,0.8725,0.64577,0.23179,0.158,0.00443,0.26685,0.9
7,48,hybrid,HYBRID_ALPHA0.9_BETA0.1,0.9,0.1,500,0.76672,0.53659,0.12862,0.80867,0.6409,0.23442,0.15632,0.00414,0.26027,0.925
7,48,mse,MSE,1.0,0.0,50,2.00153,0.64017,0.15086,3.78614,0.85621,0.05732,0.12317,0.00367,0.08743,0.75
7,48,mse,MSE,1.0,0.0,100,2.28185,0.77758,0.34866,3.0304,0.68431,0.12987,0.10788,0.00546,0.07411,0.7
7,48,mse,MSE,1.0,0.0,300,1.27944,0.69057,0.28758,0.64523,0.61656,0.23394,0.13529,0.00403,0.25455,0.875
7,48,mse,MSE,1.0,0.0,500,0.66416,0.54208,0.15559,0.74768,0.60431,0.19958,0.10738,0.00436,0.24989,0.875
8,49,hsic,HSIC,0.0,1.0,50,5.00805,1.09942,0.38492,62.69841,1.9825,0.22061,0.19919,0.00725,0.06711,0.65
8,49,hsic,HSIC,0.0,1.0,100,3.80317,1.04366,0.39208,63.0981,1.95576,0.28556,0.20277,0.00662,0.27076,0.875
8,49,hsic,HSIC,0.0,1.0,300,3.50828,1.09711,0.20144,62.5666,1.72037,0.18072,0.17962,0.00522,0.26083,0.925
8,49,hsic,HSIC,0.0,1.0,500,3.71646,1.16532,0.17677,64.3031,1.778,0.19059,0.17878,0.00479,0.24444,0.9
8,49,hybrid,HYBRID_ALPHA0.1_BETA0.9,0.1,0.9,50,5.0012,1.09809,0.38482,2.96082,0.66982,0.07815,0.05403,0.00477,0.03976,0.65
8,49,hybrid,HYBRID_ALPHA0.2_BETA0.8,0.2,0.8,50,4.82517,1.07709,0.38593,5.3266,0.83521,0.12094,0.12181,0.00556,0.04234,0.7
8,49,hybrid,HYBRID_ALPHA0.3_BETA0.7,0.3,0.7,50,4.06971,0.99074,0.39182,4.93026,0.7785,0.09011,0.08088,0.00515,0.04317,0.625
8,49,hybrid,HYBRID_ALPHA0.4_BETA0.6,0.4,0.6,50,3.78528,0.95147,0.38776,2.55337,0.62961,0.08188,0.06744,0.00421,0.03624,0.55
8,49,hybrid,HYBRID_ALPHA0.5_BETA0.5,0.5,0.5,50,3.65673,0.9378,0.38757,5.13259,0.72264,0.06233,0.05672,0.0043,0.0363,0.65
8,49,hybrid,HYBRID_ALPHA0.6_BETA0.4,0.6,0.4,50,3.54048,0.92751,0.38714,4.92617,0.71315,0.07066,0.07193,0.00419,0.03629,0.65
8,49,hybrid,HYBRID_ALPHA0.7_BETA0.3,0.7,0.3,50,3.46208,0.92009,0.38687,4.75101,0.7132,0.09306,0.1019,0.00441,0.03617,0.625
8,49,hybrid,HYBRID_ALPHA0.8_BETA0.2,0.8,0.2,50,3.38873,0.91274,0.38541,4.37616,0.74415,0.11064,0.14648,0.00457,0.03554,0.675
8,49,hybrid,HYBRID_ALPHA0.9_BETA0.1,0.9,0.1,50,3.27151,0.90103,0.38573,4.47759,0.76607,0.16662,0.17764,0.00499,0.0365,0.575
8,49,hybrid,HYBRID_ALPHA0.1_BETA0.9,0.1,0.9,100,3.64355,1.03404,0.39195,0.66286,0.5841,0.14429,0.12998,0.00511,0.06573,0.8
8,49,hybrid,HYBRID_ALPHA0.2_BETA0.8,0.2,0.8,100,4.36557,0.65525,0.07623,0.6967,0.58379,0.13611,0.13235,0.00363,0.03464,0.575
8,49,hybrid,HYBRID_ALPHA0.3_BETA0.7,0.3,0.7,100,4.43057,0.67358,0.13107,0.65538,0.57538,0.13627,0.13981,0.00411,0.02891,0.675
8,49,hybrid,HYBRID_ALPHA0.4_BETA0.6,0.4,0.6,100,4.32532,0.66603,0.1375,0.54049,0.54675,0.118,0.1635,0.00393,0.03349,0.625
8,49,hybrid,HYBRID_ALPHA0.5_BETA0.5,0.5,0.5,100,4.28088,0.6734,0.14908,0.54161,0.54583,0.11673,0.15026,0.00383,0.03309,0.65
8,49,hybrid,HYBRID_ALPHA0.6_BETA0.4,0.6,0.4,100,4.20534,0.67861,0.15605,0.53918,0.5455,0.10883,0.14697,0.00381,0.03326,0.65
8,49,hybrid,HYBRID_ALPHA0.7_BETA0.3,0.7,0.3,100,4.1239,0.67735,0.1418,0.54893,0.54011,0.10262,0.13575,0.00391,0.03174,0.675
8,49,hybrid,HYBRID_ALPHA0.8_BETA0.2,0.8,0.2,100,4.057,0.68962,0.17249,0.51254,0.52754,0.08949,0.12507,0.00382,0.03204,0.65
8,49,hybrid,HYBRID_ALPHA0.9_BETA0.1,0.9,0.1,100,3.96964,0.69174,0.1821,2.68707,1.00452,0.11464,0.17342,0.00358,0.04939,0.725
8,49,hybrid,HYBRID_ALPHA0.1_BETA0.9,0.1,0.9,300,0.99108,0.64535,0.03757,1.21687,0.60653,0.13117,0.09312,0.00344,0.04061,0.725
8,49,hybrid,HYBRID_ALPHA0.2_BETA0.8,0.2,0.8,300,0.54416,0.58124,0.04837,1.61887,0.61653,0.10772,0.07404,0.00319,0.03771,0.7
8,49,hybrid,HYBRID_ALPHA0.3_BETA0.7,0.3,0.7,300,0.72506,0.53984,0.0929,1.57731,0.61733,0.1075,0.08283,0.00316,0.037,0.7
8,49,hybrid,HYBRID_ALPHA0.4_BETA0.6,0.4,0.6,300,0.70604,0.49738,0.10176,1.34259,0.61345,0.11904,0.10474,0.00329,0.03509,0.7
8,49,hybrid,HYBRID_ALPHA0.5_BETA0.5,0.5,0.5,300,0.63976,0.49022,0.10465,0.97287,0.60761,0.14286,0.14093,0.00365,0.03349,0.75
8,49,hybrid,HYBRID_ALPHA0.6_BETA0.4,0.6,0.4,300,0.73161,0.50693,0.11154,0.99632,0.61335,0.15264,0.14565,0.00397,0.03388,0.725
8,49,hybrid,HYBRID_ALPHA0.7_BETA0.3,0.7,0.3,300,0.73376,0.50855,0.12028,0.95205,0.59427,0.14312,0.13319,0.00405,0.03292,0.675
8,49,hybrid,HYBRID_ALPHA0.8_BETA0.2,0.8,0.2,300,0.71531,0.50467,0.12528,0.79343,0.54651,0.1125,0.10407,0.00332,0.03215,0.65
8,49,hybrid,HYBRID_ALPHA0.9_BETA0.1,0.9,0.1,300,0.74935,0.51227,0.13649,0.60931,0.48894,0.04709,0.05943,0.00309,0.03127,0.675
8,49,hybrid,HYBRID_ALPHA0.1_BETA0.9,0.1,0.9,500,0.98218,0.61859,0.0364,1.24796,0.59904,0.1248,0.1161,0.00372,0.03591,0.625
8,49,hybrid,HYBRID_ALPHA0.2_BETA0.8,0.2,0.8,500,0.79816,0.52844,0.06199,1.04539,0.60297,0.1461,0.13666,0.00352,0.02757,0.55
8,49,hybrid,HYBRID_ALPHA0.3_BETA0.7,0.3,0.7,500,0.81483,0.5122,0.06428,1.00854,0.60884,0.15991,0.14672,0.0037,0.02664,0.575
8,49,hybrid,HYBRID_ALPHA0.4_BETA0.6,0.4,0.6,500,0.81768,0.49959,0.06725,1.03065,0.60379,0.15181,0.13931,0.00363,0.0273,0.575
8,49,hybrid,HYBRID_ALPHA0.5_BETA0.5,0.5,0.5,500,0.76575,0.49092,0.06976,0.96903,0.60128,0.15637,0.14146,0.00365,0.02668,0.55
8,49,hybrid,HYBRID_ALPHA0.6_BETA0.4,0.6,0.4,500,0.66027,0.4853,0.07517,0.92429,0.60373,0.16842,0.14757,0.00353,0.02518,0.625
8,49,hybrid,HYBRID_ALPHA0.7_BETA0.3,0.7,0.3,500,0.58494,0.47846,0.08399,0.38566,0.48123,0.06804,0.08733,0.00283,0.02851,0.575
8,49,hybrid,HYBRID_ALPHA0.8_BETA0.2,0.8,0.2,500,0.58264,0.48026,0.09261,1.97528,0.64568,0.15795,0.10196,0.0041,0.03081,0.6
8,49,hybrid,HYBRID_ALPHA0.9_BETA0.1,0.9,0.1,500,0.46488,0.46448,0.09772,1.9529,0.64516,0.16045,0.09979,0.00414,0.03182,0.65
8,49,mse,MSE,1.0,0.0,50,2.10902,0.72191,0.27534,4.48943,0.80276,0.17739,0.21381,0.00525,0.03425,0.65
8,49,mse,MSE,1.0,0.0,100,3.89022,0.7003,0.20277,0.49976,0.56849,0.19714,0.11471,0.00428,0.02579,0.675
8,49,mse,MSE,1.0,0.0,300,0.7433,0.51651,0.14921,0.8641,0.61413,0.20336,0.10974,0.00354,0.03105,0.725
8,49,mse,MSE,1.0,0.0,500,0.4769,0.47238,0.1308,1.38335,0.6406,0.1891,0.11933,0.00423,0.02686,0.6
9,50,hsic,HSIC,0.0,1.0,50,4.16098,1.12283,0.2631,54.45939,1.85844,0.35464,0.21109,0.00635,0.03626,0.6
9,50,hsic,HSIC,0.0,1.0,100,5.01407,1.10255,0.38733,64.60293,2.05213,0.297,0.25283,0.00672,0.1545,0.6
9,50,hsic,HSIC,0.0,1.0,300,2.75649,0.94493,0.20014,64.15839,1.99382,0.24516,0.24574,0.00716,0.18749,0.75
9,50,hsic,HSIC,0.0,1.0,500,2.71783,0.93197,0.17217,62.18575,1.97193,0.39732,0.21105,0.00665,0.14555,0.775
9,50,hybrid,HYBRID_ALPHA0.1_BETA0.9,0.1,0.9,50,4.06731,0.99531,0.35426,50.54873,1.77703,0.35677,0.21112,0.00727,0.0306,0.65
9,50,hybrid,HYBRID_ALPHA0.2_BETA0.8,0.2,0.8,50,4.13175,0.97886,0.34181,19.29658,1.06931,0.25389,0.14077,0.0061,0.02565,0.525
9,50,hybrid,HYBRID_ALPHA0.3_BETA0.7,0.3,0.7,50,7.2861,0.94906,0.19008,12.9222,0.89442,0.16223,0.08045,0.00441,0.02701,0.575
9,50,hybrid,HYBRID_ALPHA0.4_BETA0.6,0.4,0.6,50,6.63112,0.963,0.21612,13.9447,0.92544,0.18138,0.10071,0.00504,0.02666,0.575
9,50,hybrid,HYBRID_ALPHA0.5_BETA0.5,0.5,0.5,50,6.27546,0.96129,0.26508,9.82413,0.82235,0.12794,0.06223,0.00458,0.02614,0.6
9,50,hybrid,HYBRID_ALPHA0.6_BETA0.4,0.6,0.4,50,4.78007,0.9722,0.30971,7.64836,0.78091,0.09556,0.06984,0.00407,0.02388,0.6
9,50,hybrid,HYBRID_ALPHA0.7_BETA0.3,0.7,0.3,50,4.04836,0.93163,0.31104,6.49162,0.78347,0.1603,0.07152,0.0038,0.02154,0.55
9,50,hybrid,HYBRID_ALPHA0.8_BETA0.2,0.8,0.2,50,2.70423,0.78509,0.27399,13.14712,1.14906,0.08953,0.06356,0.0033,0.02062,0.65
9,50,hybrid,HYBRID_ALPHA0.9_BETA0.1,0.9,0.1,50,2.6944,0.73872,0.12827,12.53617,1.13625,0.09229,0.07095,0.00302,0.02168,0.55
9,50,hybrid,HYBRID_ALPHA0.1_BETA0.9,0.1,0.9,100,2.17508,0.79031,0.29983,1.29385,0.61355,0.1363,0.12084,0.0047,0.0167,0.6
9,50,hybrid,HYBRID_ALPHA0.2_BETA0.8,0.2,0.8,100,1.96438,0.70246,0.23214,1.52409,0.62261,0.13638,0.11791,0.00471,0.01744,0.55
9,50,hybrid,HYBRID_ALPHA0.3_BETA0.7,0.3,0.7,100,1.9886,0.70943,0.25957,1.53418,0.63605,0.15848,0.15044,0.00507,0.01711,0.525
9,50,hybrid,HYBRID_ALPHA0.4_BETA0.6,0.4,0.6,100,3.03069,0.93612,0.29804,1.31959,0.6928,0.21598,0.19366,0.00405,0.02937,0.5
9,50,hybrid,HYBRID_ALPHA0.5_BETA0.5,0.5,0.5,100,2.49416,0.85491,0.30256,1.3082,0.69478,0.20495,0.18692,0.0043,0.02861,0.5
9,50,hybrid,HYBRID_ALPHA0.6_BETA0.4,0.6,0.4,100,2.34456,0.81865,0.29687,1.46548,0.72594,0.19967,0.18832,0.00478,0.02718,0.55
9,50,hybrid,HYBRID_ALPHA0.7_BETA0.3,0.7,0.3,100,2.31178,0.81592,0.2963,2.54266,0.84459,0.18315,0.16443,0.00465,0.02791,0.525
9,50,hybrid,HYBRID_ALPHA0.8_BETA0.2,0.8,0.2,100,2.31011,0.80875,0.29323,7.46248,1.10526,0.16714,0.13929,0.00412,0.02859,0.525
9,50,hybrid,HYBRID_ALPHA0.9_BETA0.1,0.9,0.1,100,3.76618,1.05271,0.33074,9.63635,1.1922,0.16976,0.13449,0.00407,0.02822,0.625
9,50,hybrid,HYBRID_ALPHA0.1_BETA0.9,0.1,0.9,300,1.94626,0.67542,0.07235,3.75323,0.68681,0.11875,0.08718,0.00329,0.03393,0.625
9,50,hybrid,HYBRID_ALPHA0.2_BETA0.8,0.2,0.8,300,1.02613,0.58902,0.081,3.65096,0.70167,0.13099,0.10714,0.00355,0.03144,0.65
9,50,hybrid,HYBRID_ALPHA0.3_BETA0.7,0.3,0.7,300,0.90482,0.54857,0.10175,2.85957,0.69825,0.16811,0.15041,0.00438,0.02497,0.575
9,50,hybrid,HYBRID_ALPHA0.4_BETA0.6,0.4,0.6,300,1.31734,0.59057,0.1774,2.24268,0.69961,0.2079,0.16848,0.0056,0.02518,0.55
9,50,hybrid,HYBRID_ALPHA0.5_BETA0.5,0.5,0.5,300,1.22738,0.57203,0.15803,2.38859,0.70165,0.2039,0.16566,0.0054,0.02516,0.525
9,50,hybrid,HYBRID_ALPHA0.6_BETA0.4,0.6,0.4,300,0.99504,0.5252,0.10205,2.54444,0.70415,0.20095,0.16284,0.00439,0.02452,0.525
9,50,hybrid,HYBRID_ALPHA0.7_BETA0.3,0.7,0.3,300,1.03455,0.52862,0.09901,2.68414,0.70654,0.19997,0.15925,0.00408,0.02441,0.525
9,50,hybrid,HYBRID_ALPHA0.8_BETA0.2,0.8,0.2,300,0.96552,0.53395,0.11568,2.81593,0.71042,0.20031,0.15522,0.00455,0.0247,0.625
9,50,hybrid,HYBRID_ALPHA0.9_BETA0.1,0.9,0.1,300,1.00845,0.52831,0.10411,2.89914,0.71199,0.20031,0.15113,0.00389,0.02516,0.525
9,50,hybrid,HYBRID_ALPHA0.1_BETA0.9,0.1,0.9,500,1.82028,0.69011,0.26543,5.05938,0.67798,0.0308,0.02641,0.00321,0.03057,0.55
9,50,hybrid,HYBRID_ALPHA0.2_BETA0.8,0.2,0.8,500,1.09862,0.55007,0.11063,4.10241,0.67402,0.03321,0.02946,0.00238,0.02859,0.6
9,50,hybrid,HYBRID_ALPHA0.3_BETA0.7,0.3,0.7,500,0.50412,0.50626,0.13794,2.9313,0.64893,0.06459,0.05649,0.00332,0.02751,0.6
9,50,hybrid,HYBRID_ALPHA0.4_BETA0.6,0.4,0.6,500,9.37265,0.75778,0.09442,2.12092,0.61581,0.04566,0.05307,0.00318,0.02777,0.65
9,50,hybrid,HYBRID_ALPHA0.5_BETA0.5,0.5,0.5,500,0.8332,0.5277,0.09552,1.62118,0.59008,0.04004,0.05694,0.00323,0.02905,0.6
9,50,hybrid,HYBRID_ALPHA0.6_BETA0.4,0.6,0.4,500,4.11877,0.67603,0.14739,1.58665,0.59081,0.04413,0.06826,0.003,0.03002,0.6
9,50,hybrid,HYBRID_ALPHA0.7_BETA0.3,0.7,0.3,500,0.44598,0.48366,0.10236,1.57559,0.58938,0.05136,0.08258,0.00326,0.0316,0.6
9,50,hybrid,HYBRID_ALPHA0.8_BETA0.2,0.8,0.2,500,0.44797,0.48439,0.10549,1.53963,0.58904,0.06069,0.09663,0.00338,0.02982,0.525
9,50,hybrid,HYBRID_ALPHA0.9_BETA0.1,0.9,0.1,500,0.45567,0.48777,0.11111,1.38217,0.58185,0.0718,0.10747,0.00347,0.02858,0.5
9,50,mse,MSE,1.0,0.0,50,2.85036,0.78375,0.25695,17.12784,1.31032,0.38125,0.20996,0.00373,0.02629,0.7
9,50,mse,MSE,1.0,0.0,100,3.51601,1.00098,0.32029,10.56418,1.16476,0.19441,0.16109,0.00371,0.03117,0.6
9,50,mse,MSE,1.0,0.0,300,2.17204,0.72187,0.31951,2.98041,0.71246,0.19981,0.14599,0.00574,0.02514,0.575
9,50,mse,MSE,1.0,0.0,500,0.48356,0.49497,0.11707,1.28083,0.58264,0.09261,0.12445,0.00358,0.02896,0.55
10,51,hsic,HSIC,0.0,1.0,50,4.82167,1.08119,0.39177,65.17412,1.91736,0.22133,0.21063,0.00733,0.2668,0.9
10,51,hsic,HSIC,0.0,1.0,100,3.55884,1.1528,0.21134,65.25197,1.91767,0.20674,0.19196,0.00576,0.21633,0.85
10,51,hsic,HSIC,0.0,1.0,300,2.56474,0.92459,0.11357,65.86622,1.96953,0.19448,0.18486,0.00525,0.20797,0.775
10,51,hsic,HSIC,0.0,1.0,500,2.2936,0.93692,0.14172,65.33542,1.88744,0.19624,0.18546,0.00367,0.1869,0.775
10,51,hybrid,HYBRID_ALPHA0.1_BETA0.9,0.1,0.9,50,4.81524,1.08019,0.39177,10.27143,0.83624,0.13683,0.09359,0.00547,0.14023,0.775
10,51,hybrid,HYBRID_ALPHA0.2_BETA0.8,0.2,0.8,50,4.79659,1.07662,0.39192,6.68173,0.74205,0.09056,0.04767,0.00415,0.1073,0.8
10,51,hybrid,HYBRID_ALPHA0.3_BETA0.7,0.3,0.7,50,4.79302,1.07622,0.3919,1.42227,0.62584,0.15919,0.11921,0.00562,0.07356,0.7
10,51,hybrid,HYBRID_ALPHA0.4_BETA0.6,0.4,0.6,50,4.79251,1.07581,0.39208,1.49741,0.62487,0.15439,0.09874,0.00507,0.0748,0.7
10,51,hybrid,HYBRID_ALPHA0.5_BETA0.5,0.5,0.5,50,4.80105,1.07662,0.39213,2.32186,0.76081,0.11927,0.09483,0.0012,0.10165,0.775
10,51,hybrid,HYBRID_ALPHA0.6_BETA0.4,0.6,0.4,50,4.79203,1.07561,0.39206,2.15043,0.74819,0.11146,0.09879,0.00124,0.10064,0.75
10,51,hybrid,HYBRID_ALPHA0.7_BETA0.3,0.7,0.3,50,4.79205,1.07567,0.39214,1.98349,0.73928,0.10521,0.10485,0.00141,0.10071,0.75
10,51,hybrid,HYBRID_ALPHA0.8_BETA0.2,0.8,0.2,50,4.7912,1.07532,0.39225,1.87381,0.71187,0.09575,0.10678,0.00174,0.09527,0.775
10,51,hybrid,HYBRID_ALPHA0.9_BETA0.1,0.9,0.1,50,4.79017,1.07512,0.3925,1.71885,0.65872,0.07422,0.09699,0.00234,0.09762,0.725
10,51,hybrid,HYBRID_ALPHA0.1_BETA0.9,0.1,0.9,100,2.17739,0.80219,0.27927,1.97872,0.60726,0.09049,0.0794,0.00469,0.03583,0.75
10,51,hybrid,HYBRID_ALPHA0.2_BETA0.8,0.2,0.8,100,1.73618,0.70339,0.25977,2.4304,0.61376,0.07789,0.06816,0.00407,0.03124,0.7
10,51,hybrid,HYBRID_ALPHA0.3_BETA0.7,0.3,0.7,100,1.72222,0.69119,0.26863,2.5084,0.61726,0.08503,0.07447,0.00441,0.03132,0.675
10,51,hybrid,HYBRID_ALPHA0.4_BETA0.6,0.4,0.6,100,1.70608,0.68174,0.27073,2.57728,0.62061,0.08752,0.07388,0.00438,0.03214,0.6
10,51,hybrid,HYBRID_ALPHA0.5_BETA0.5,0.5,0.5,100,1.72814,0.68455,0.27974,2.54104,0.62189,0.08345,0.07068,0.00434,0.03258,0.675
10,51,hybrid,HYBRID_ALPHA0.6_BETA0.4,0.6,0.4,100,1.72966,0.68918,0.28625,2.48827,0.62094,0.07887,0.06812,0.0043,0.03303,0.7
10,51,hybrid,HYBRID_ALPHA0.7_BETA0.3,0.7,0.3,100,1.73678,0.69554,0.29462,2.41165,0.61631,0.07283,0.06504,0.00421,0.03371,0.6
10,51,hybrid,HYBRID_ALPHA0.8_BETA0.2,0.8,0.2,100,3.33835,0.92102,0.39401,16.63551,1.16665,0.40469,0.19485,0.00677,0.1068,0.725
10,51,hybrid,HYBRID_ALPHA0.9_BETA0.1,0.9,0.1,100,2.27085,0.8716,0.39448,18.50543,1.21818,0.41456,0.20131,0.00687,0.11264,0.675
10,51,hybrid,HYBRID_ALPHA0.1_BETA0.9,0.1,0.9,300,1.40967,0.65986,0.07884,1.93392,0.62991,0.13052,0.1124,0.00399,0.03417,0.65
10,51,hybrid,HYBRID_ALPHA0.2_BETA0.8,0.2,0.8,300,0.63729,0.55248,0.06216,2.32974,0.66469,0.15169,0.13453,0.00385,0.02591,0.625
10,51,hybrid,HYBRID_ALPHA0.3_BETA0.7,0.3,0.7,300,0.63229,0.53267,0.0821,2.28806,0.65737,0.14714,0.13105,0.00373,0.02562,0.65
10,51,hybrid,HYBRID_ALPHA0.4_BETA0.6,0.4,0.6,300,1.11597,0.55471,0.10652,2.19419,0.65333,0.14615,0.13115,0.00422,0.02625,0.675
10,51,hybrid,HYBRID_ALPHA0.5_BETA0.5,0.5,0.5,300,1.01978,0.53767,0.10019,2.11076,0.65116,0.1479,0.13328,0.00394,0.02528,0.625
10,51,hybrid,HYBRID_ALPHA0.6_BETA0.4,0.6,0.4,300,1.20804,0.55472,0.12216,1.98445,0.65246,0.15735,0.13966,0.00395,0.02482,0.65
10,51,hybrid,HYBRID_ALPHA0.7_BETA0.3,0.7,0.3,300,1.02881,0.54623,0.12336,1.87384,0.65607,0.17176,0.14293,0.00393,0.02442,0.625
10,51,hybrid,HYBRID_ALPHA0.8_BETA0.2,0.8,0.2,300,1.04396,0.54811,0.12703,23.71678,1.332,0.43,0.21146,0.0041,0.05756,0.775
10,51,hybrid,HYBRID_ALPHA0.9_BETA0.1,0.9,0.1,300,0.73744,0.52291,0.14543,24.26993,1.34495,0.43225,0.21255,0.0039,0.05775,0.725
10,51,hybrid,HYBRID_ALPHA0.1_BETA0.9,0.1,0.9,500,1.1678,0.63521,0.03914,3.29135,0.64272,0.07481,0.07389,0.00337,0.02932,0.675
10,51,hybrid,HYBRID_ALPHA0.2_BETA0.8,0.2,0.8,500,0.91259,0.5851,0.04875,3.35082,0.6381,0.07159,0.07399,0.00324,0.02687,0.65
10,51,hybrid,HYBRID_ALPHA0.3_BETA0.7,0.3,0.7,500,0.86587,0.55096,0.05715,3.38624,0.63814,0.08032,0.07579,0.00311,0.02867,0.725
10,51,hybrid,HYBRID_ALPHA0.4_BETA0.6,0.4,0.6,500,0.83639,0.51453,0.07636,3.19477,0.63012,0.05755,0.0594,0.00262,0.03028,0.675
10,51,hybrid,HYBRID_ALPHA0.5_BETA0.5,0.5,0.5,500,0.85929,0.50557,0.09114,3.08611,0.62407,0.0559,0.06144,0.00278,0.03008,0.7
10,51,hybrid,HYBRID_ALPHA0.6_BETA0.4,0.6,0.4,500,0.81988,0.50518,0.08587,2.73879,0.60394,0.04895,0.06459,0.00278,0.03299,0.725
10,51,hybrid,HYBRID_ALPHA0.7_BETA0.3,0.7,0.3,500,0.7188,0.50371,0.10978,2.6281,0.59893,0.04651,0.06636,0.00312,0.02717,0.675
10,51,hybrid,HYBRID_ALPHA0.8_BETA0.2,0.8,0.2,500,0.71475,0.50315,0.11511,2.46019,0.59052,0.04371,0.06979,0.00317,0.02721,0.675
10,51,hybrid,HYBRID_ALPHA0.9_BETA0.1,0.9,0.1,500,0.66127,0.48864,0.10639,2.13387,0.57488,0.03943,0.07329,0.00303,0.02849,0.675
10,51,mse,MSE,1.0,0.0,50,4.79013,1.07513,0.39258,19.16427,1.21842,0.42392,0.19952,0.007,0.1832,0.825
10,51,mse,MSE,1.0,0.0,100,1.99883,0.85429,0.39471,26.30476,1.40901,0.43748,0.21584,0.00714,0.12572,0.725
10,51,mse,MSE,1.0,0.0,300,0.71423,0.50818,0.13885,24.29007,1.34495,0.4323,0.21265,0.00387,0.05829,0.75
10,51,mse,MSE,1.0,0.0,500,0.7012,0.50111,0.12008,1.71975,0.55478,0.03729,0.07453,0.00305,0.02984,0.65
11,52,hsic,HSIC,0.0,1.0,50,3.82455,1.10589,0.40026,9.62916,1.01596,0.27687,0.16895,0.00629,0.02556,0.575
11,52,hsic,HSIC,0.0,1.0,100,5.33684,1.45751,0.28281,63.4444,1.94121,0.35224,0.21019,0.00581,0.14519,0.825
11,52,hsic,HSIC,0.0,1.0,300,2.73349,0.95639,0.15644,70.62884,2.89356,0.18717,0.20799,0.00498,0.28787,0.925
11,52,hsic,HSIC,0.0,1.0,500,3.15305,1.00252,0.15078,59.06661,1.65124,0.19011,0.18055,0.0046,0.25973,0.875
11,52,hybrid,HYBRID_ALPHA0.1_BETA0.9,0.1,0.9,50,3.1491,0.92752,0.39108,7.75794,0.92005,0.24521,0.14403,0.00584,0.02735,0.575
11,52,hybrid,HYBRID_ALPHA0.2_BETA0.8,0.2,0.8,50,3.17075,0.9108,0.40419,5.97848,0.8399,0.18409,0.11349,0.00499,0.03031,0.575
11,52,hybrid,HYBRID_ALPHA0.3_BETA0.7,0.3,0.7,50,3.10327,0.90026,0.40551,5.46593,0.80753,0.16789,0.10259,0.00484,0.02882,0.55
11,52,hybrid,HYBRID_ALPHA0.4_BETA0.6,0.4,0.6,50,2.79399,0.86662,0.38094,5.03443,0.77239,0.17739,0.09753,0.00446,0.03443,0.6
11,52,hybrid,HYBRID_ALPHA0.5_BETA0.5,0.5,0.5,50,2.78138,0.87383,0.38028,5.05499,0.78949,0.19391,0.09842,0.0038,0.03531,0.6
11,52,hybrid,HYBRID_ALPHA0.6_BETA0.4,0.6,0.4,50,2.78376,0.87855,0.37832,5.76187,0.87979,0.1846,0.12014,0.00391,0.03578,0.6
11,52,hybrid,HYBRID_ALPHA0.7_BETA0.3,0.7,0.3,50,2.82344,0.89335,0.3726,5.85286,0.89694,0.18152,0.12249,0.00384,0.03649,0.575
11,52,hybrid,HYBRID_ALPHA0.8_BETA0.2,0.8,0.2,50,2.73199,0.87749,0.37373,7.4192,0.87897,0.25452,0.152,0.00546,0.03608,0.5
11,52,hybrid,HYBRID_ALPHA0.9_BETA0.1,0.9,0.1,50,3.29592,0.98349,0.33649,9.56178,1.02518,0.29168,0.20533,0.00389,0.03497,0.575
11,52,hybrid,HYBRID_ALPHA0.1_BETA0.9,0.1,0.9,100,9.07457,0.85797,0.24702,1.50266,0.66771,0.18988,0.13523,0.00519,0.02848,0.6
11,52,hybrid,HYBRID_ALPHA0.2_BETA0.8,0.2,0.8,100,7.50405,0.85689,0.27381,1.91432,0.66956,0.17128,0.12737,0.00497,0.02762,0.575
11,52,hybrid,HYBRID_ALPHA0.3_BETA0.7,0.3,0.7,100,7.58056,0.85192,0.27764,2.13951,0.66526,0.16309,0.12201,0.00497,0.02738,0.625
11,52,hybrid,HYBRID_ALPHA0.4_BETA0.6,0.4,0.6,100,7.85094,0.81936,0.24537,2.35387,0.66372,0.15929,0.1167,0.00477,0.02711,0.6
11,52,hybrid,HYBRID_ALPHA0.5_BETA0.5,0.5,0.5,100,7.9746,0.82351,0.25238,2.47415,0.66238,0.15935,0.11237,0.00467,0.02724,0.6
11,52,hybrid,HYBRID_ALPHA0.6_BETA0.4,0.6,0.4,100,8.06736,0.83657,0.26275,2.31266,0.66143,0.16779,0.11562,0.00479,0.02782,0.575
11,52,hybrid,HYBRID_ALPHA0.7_BETA0.3,0.7,0.3,100,7.98216,0.82722,0.25974,2.22069,0.66207,0.1732,0.11827,0.00485,0.028,0.625
11,52,hybrid,HYBRID_ALPHA0.8_BETA0.2,0.8,0.2,100,7.97581,0.82805,0.2629,1.82744,0.63991,0.14233,0.11713,0.00463,0.02826,0.6
11,52,hybrid,HYBRID_ALPHA0.9_BETA0.1,0.9,0.1,100,7.94995,0.82778,0.26465,1.67414,0.64629,0.15998,0.12806,0.00469,0.02873,0.65
11,52,hybrid,HYBRID_ALPHA0.1_BETA0.9,0.1,0.9,300,1.5262,0.67265,0.24086,2.6802,0.64629,0.10748,0.10263,0.00492,0.07464,0.725
11,52,hybrid,HYBRID_ALPHA0.2_BETA0.8,0.2,0.8,300,1.32405,0.64392,0.22121,1.30965,0.65802,0.17942,0.18111,0.00567,0.04645,0.675
11,52,hybrid,HYBRID_ALPHA0.3_BETA0.7,0.3,0.7,300,0.50029,0.53426,0.07216,1.21239,0.66023,0.17627,0.18244,0.00454,0.03859,0.65
11,52,hybrid,HYBRID_ALPHA0.4_BETA0.6,0.4,0.6,300,0.45932,0.50527,0.09101,1.10683,0.66964,0.17409,0.18201,0.00453,0.03499,0.75
11,52,hybrid,HYBRID_ALPHA0.5_BETA0.5,0.5,0.5,300,0.58111,0.51888,0.1143,0.94385,0.65668,0.17493,0.17536,0.00454,0.03465,0.7
11,52,hybrid,HYBRID_ALPHA0.6_BETA0.4,0.6,0.4,300,0.57824,0.51088,0.12233,2.38118,0.69693,0.16545,0.14464,0.00362,0.05275,0.7
11,52,hybrid,HYBRID_ALPHA0.7_BETA0.3,0.7,0.3,300,0.46544,0.47894,0.1214,2.33929,0.69996,0.16758,0.14818,0.00387,0.04701,0.725
11,52,hybrid,HYBRID_ALPHA0.8_BETA0.2,0.8,0.2,300,0.4539,0.47931,0.12441,2.2792,0.70144,0.17222,0.14764,0.00387,0.04384,0.65
11,52,hybrid,HYBRID_ALPHA0.9_BETA0.1,0.9,0.1,300,0.49477,0.51678,0.16857,1.93319,0.68281,0.18742,0.14259,0.00348,0.03909,0.675
11,52,hybrid,HYBRID_ALPHA0.1_BETA0.9,0.1,0.9,500,1.30362,0.59804,0.18896,2.28259,0.61972,0.07808,0.07242,0.00394,0.05508,0.75
11,52,hybrid,HYBRID_ALPHA0.2_BETA0.8,0.2,0.8,500,0.92803,0.52626,0.07623,0.83329,0.57964,0.07496,0.05909,0.00273,0.04173,0.775
11,52,hybrid,HYBRID_ALPHA0.3_BETA0.7,0.3,0.7,500,0.90321,0.50924,0.07754,0.49095,0.49669,0.04685,0.04904,0.00231,0.03713,0.675
11,52,hybrid,HYBRID_ALPHA0.4_BETA0.6,0.4,0.6,500,0.97374,0.51749,0.09708,0.46338,0.49328,0.04381,0.0499,0.00226,0.03649,0.675
11,52,hybrid,HYBRID_ALPHA0.5_BETA0.5,0.5,0.5,500,0.96626,0.51514,0.10026,0.38522,0.47313,0.03999,0.05681,0.00237,0.03491,0.65
11,52,hybrid,HYBRID_ALPHA0.6_BETA0.4,0.6,0.4,500,0.90412,0.50865,0.09466,0.41306,0.48232,0.04524,0.05273,0.00243,0.03543,0.65
11,52,hybrid,HYBRID_ALPHA0.7_BETA0.3,0.7,0.3,500,0.91432,0.51126,0.09885,0.38261,0.47183,0.04155,0.05667,0.00252,0.03468,0.7
11,52,hybrid,HYBRID_ALPHA0.8_BETA0.2,0.8,0.2,500,0.91367,0.5129,0.10162,1.55294,0.68078,0.20151,0.16132,0.0043,0.03228,0.7
11,52,hybrid,HYBRID_ALPHA0.9_BETA0.1,0.9,0.1,500,0.92291,0.51629,0.10632,1.85342,0.67551,0.1893,0.14419,0.00367,0.03312,0.7
11,52,mse,MSE,1.0,0.0,50,3.57791,1.01778,0.33586,14.42524,1.29826,0.29183,0.23437,0.00394,0.03575,0.575
11,52,mse,MSE,1.0,0.0,100,7.95826,0.84045,0.27832,1.49519,0.65073,0.18096,0.13543,0.00467,0.02917,0.675
11,52,mse,MSE,1.0,0.0,300,0.48443,0.51556,0.17453,1.19444,0.63762,0.21129,0.0899,0.0037,0.03436,0.6
11,52,mse,MSE,1.0,0.0,500,0.89001,0.5171,0.1207,2.26713,0.66689,0.19355,0.08513,0.0037,0.03616,0.7
12,53,hsic,HSIC,0.0,1.0,50,4.13369,1.06997,0.3991,64.72381,2.05661,0.18329,0.18675,0.00696,0.23613,0.825
12,53,hsic,HSIC,0.0,1.0,100,2.67073,1.06041,0.23495,55.31999,1.94719,0.37439,0.21056,0.00584,0.17994,0.875
12,53,hsic,HSIC,0.0,1.0,300,2.47018,0.98442,0.12185,64.36455,1.92701,0.22156,0.18083,0.00519,0.3724,0.975
12,53,hsic,HSIC,0.0,1.0,500,2.91689,1.04246,0.29191,70.93624,3.11174,0.17138,0.17966,0.00526,0.40817,0.975
12,53,hybrid,HYBRID_ALPHA0.1_BETA0.9,0.1,0.9,50,3.57666,0.94489,0.40182,3.18808,0.65975,0.10815,0.05859,0.0038,0.06457,0.7
12,53,hybrid,HYBRID_ALPHA0.2_BETA0.8,0.2,0.8,50,3.62058,0.94418,0.39894,3.18654,0.64056,0.09539,0.05952,0.00385,0.06448,0.775
12,53,hybrid,HYBRID_ALPHA0.3_BETA0.7,0.3,0.7,50,3.6198,0.94552,0.39872,1.91201,0.62003,0.03901,0.08048,0.00544,0.06829,0.725
12,53,hybrid,HYBRID_ALPHA0.4_BETA0.6,0.4,0.6,50,3.6175,0.94472,0.39771,3.3348,0.64046,0.09164,0.05879,0.00391,0.06493,0.775
12,53,hybrid,HYBRID_ALPHA0.5_BETA0.5,0.5,0.5,50,3.61681,0.94505,0.3975,3.35363,0.64398,0.09995,0.05777,0.00393,0.06496,0.75
12,53,hybrid,HYBRID_ALPHA0.6_BETA0.4,0.6,0.4,50,3.61658,0.94704,0.39864,3.35786,0.66209,0.14205,0.05651,0.00392,0.06439,0.775
12,53,hybrid,HYBRID_ALPHA0.7_BETA0.3,0.7,0.3,50,3.61493,0.94672,0.39835,3.31702,0.66398,0.14937,0.0563,0.00395,0.06424,0.725
12,53,hybrid,HYBRID_ALPHA0.8_BETA0.2,0.8,0.2,50,3.6353,0.94859,0.39756,3.21908,0.66361,0.15572,0.05631,0.00398,0.06544,0.7
12,53,hybrid,HYBRID_ALPHA0.9_BETA0.1,0.9,0.1,50,3.63237,0.94829,0.39744,3.28808,0.66873,0.16332,0.05632,0.004,0.06528,0.75
12,53,hybrid,HYBRID_ALPHA0.1_BETA0.9,0.1,0.9,100,2.21643,0.86367,0.23779,1.34748,0.69632,0.13736,0.11643,0.00494,0.05631,0.775
12,53,hybrid,HYBRID_ALPHA0.2_BETA0.8,0.2,0.8,100,1.89728,0.73751,0.24271,1.19509,0.62911,0.1278,0.10505,0.00474,0.05734,0.8
12,53,hybrid,HYBRID_ALPHA0.3_BETA0.7,0.3,0.7,100,1.42204,0.63733,0.21504,1.41548,0.63366,0.11348,0.12632,0.00511,0.05353,0.825
12,53,hybrid,HYBRID_ALPHA0.4_BETA0.6,0.4,0.6,100,0.9524,0.55034,0.11091,1.38732,0.61225,0.10785,0.11545,0.00334,0.05748,0.725
12,53,hybrid,HYBRID_ALPHA0.5_BETA0.5,0.5,0.5,100,1.32091,0.59371,0.16465,1.40847,0.61685,0.103,0.11337,0.00398,0.05438,0.725
12,53,hybrid,HYBRID_ALPHA0.6_BETA0.4,0.6,0.4,100,1.46863,0.62213,0.2061,1.4509,0.57486,0.0772,0.0671,0.0039,0.04751,0.775
12,53,hybrid,HYBRID_ALPHA0.7_BETA0.3,0.7,0.3,100,1.78099,0.664,0.23324,1.39938,0.57064,0.07468,0.06581,0.00411,0.04747,0.75
12,53,hybrid,HYBRID_ALPHA0.8_BETA0.2,0.8,0.2,100,1.80636,0.67559,0.23513,1.37809,0.56721,0.07184,0.06409,0.00423,0.04807,0.775
12,53,hybrid,HYBRID_ALPHA0.9_BETA0.1,0.9,0.1,100,1.79209,0.67943,0.2404,1.65568,0.61032,0.14458,0.0782,0.00434,0.04549,0.65
12,53,hybrid,HYBRID_ALPHA0.1_BETA0.9,0.1,0.9,300,0.83973,0.62957,0.04446,2.14793,0.63518,0.09298,0.08361,0.00313,0.15664,0.825
12,53,hybrid,HYBRID_ALPHA0.2_BETA0.8,0.2,0.8,300,0.91962,0.60605,0.05835,1.9453,0.63577,0.0959,0.09061,0.00331,0.15099,0.85
12,53,hybrid,HYBRID_ALPHA0.3_BETA0.7,0.3,0.7,300,1.00108,0.54897,0.11809,1.5129,0.70359,0.10557,0.09501,0.0035,0.11502,0.775
12,53,hybrid,HYBRID_ALPHA0.4_BETA0.6,0.4,0.6,300,1.10584,0.56408,0.15633,0.43297,0.50531,0.05614,0.09255,0.00326,0.07361,0.65
12,53,hybrid,HYBRID_ALPHA0.5_BETA0.5,0.5,0.5,300,1.01643,0.55187,0.15446,0.4151,0.47535,0.06665,0.09495,0.00325,0.07005,0.65
12,53,hybrid,HYBRID_ALPHA0.6_BETA0.4,0.6,0.4,300,0.99279,0.54525,0.14296,0.42104,0.47241,0.05824,0.09722,0.00327,0.07087,0.675
12,53,hybrid,HYBRID_ALPHA0.7_BETA0.3,0.7,0.3,300,1.06158,0.56868,0.17977,0.42734,0.47422,0.05455,0.09931,0.00336,0.07239,0.675
12,53,hybrid,HYBRID_ALPHA0.8_BETA0.2,0.8,0.2,300,0.97031,0.53866,0.13799,1.08725,0.68685,0.23548,0.17427,0.00486,0.0789,0.75
12,53,hybrid,HYBRID_ALPHA0.9_BETA0.1,0.9,0.1,300,0.95566,0.54236,0.1418,0.95818,0.66201,0.24562,0.17136,0.00472,0.07409,0.75
12,53,hybrid,HYBRID_ALPHA0.1_BETA0.9,0.1,0.9,500,0.69939,0.61588,0.05257,1.46408,0.57932,0.06926,0.06593,0.00306,0.17837,0.825
12,53,hybrid,HYBRID_ALPHA0.2_BETA0.8,0.2,0.8,500,0.62785,0.4983,0.08989,1.59381,0.59354,0.07637,0.06607,0.00278,0.18699,0.85
12,53,hybrid,HYBRID_ALPHA0.3_BETA0.7,0.3,0.7,500,0.55121,0.48444,0.09692,1.2074,0.8626,0.029,0.05173,0.003,0.06857,0.7
12,53,hybrid,HYBRID_ALPHA0.4_BETA0.6,0.4,0.6,500,0.51745,0.4789,0.10299,1.04931,0.60528,0.09144,0.09055,0.00316,0.13351,0.8
12,53,hybrid,HYBRID_ALPHA0.5_BETA0.5,0.5,0.5,500,0.42759,0.45564,0.10455,0.63531,0.54493,0.02813,0.05478,0.00344,0.04728,0.65
12,53,hybrid,HYBRID_ALPHA0.6_BETA0.4,0.6,0.4,500,0.38258,0.44869,0.1138,0.56664,0.49927,0.02887,0.05625,0.00226,0.04334,0.625
12,53,hybrid,HYBRID_ALPHA0.7_BETA0.3,0.7,0.3,500,0.38705,0.44472,0.11646,0.80327,0.64232,0.21643,0.16741,0.00413,0.06555,0.75
12,53,hybrid,HYBRID_ALPHA0.8_BETA0.2,0.8,0.2,500,0.39647,0.45771,0.12598,0.45215,0.47776,0.03036,0.06654,0.00297,0.03766,0.6
12,53,hybrid,HYBRID_ALPHA0.9_BETA0.1,0.9,0.1,500,0.39861,0.46108,0.13142,0.66199,0.61946,0.24326,0.16304,0.00411,0.06614,0.7
12,53,mse,MSE,1.0,0.0,50,3.62875,0.9479,0.39739,2.79151,0.65295,0.15753,0.06271,0.00387,0.06293,0.725
12,53,mse,MSE,1.0,0.0,100,1.79525,0.68781,0.24911,2.16611,0.62983,0.15517,0.05982,0.00391,0.04614,0.625
12,53,mse,MSE,1.0,0.0,300,0.91632,0.54284,0.154,1.48381,0.63789,0.19275,0.0885,0.00366,0.11144,0.775
12,53,mse,MSE,1.0,0.0,500,0.3806,0.4604,0.13123,0.51089,0.57414,0.21201,0.11077,0.00291,0.05267,0.725
13,54,hsic,HSIC,0.0,1.0,50,5.58824,1.1025,0.39085,65.60864,1.91687,0.20492,0.21267,0.0079,0.23332,0.8
13,54,hsic,HSIC,0.0,1.0,100,3.58568,1.10252,0.28444,68.22229,2.29104,0.21465,0.17411,0.00497,0.22545,0.875
13,54,hsic,HSIC,0.0,1.0,300,3.14983,1.06329,0.17631,64.28001,1.75465,0.20649,0.18186,0.00398,0.20429,0.875
13,54,hsic,HSIC,0.0,1.0,500,1.43242,0.65097,0.07794,62.67953,1.80172,0.20281,0.18163,0.00236,0.20728,0.85
13,54,hybrid,HYBRID_ALPHA0.1_BETA0.9,0.1,0.9,50,2.85051,0.91852,0.33796,3.22312,0.74191,0.17781,0.10532,0.00499,0.06405,0.7
13,54,hybrid,HYBRID_ALPHA0.2_BETA0.8,0.2,0.8,50,3.42266,0.78093,0.22943,1.24627,0.59917,0.12267,0.11205,0.00446,0.05904,0.675
13,54,hybrid,HYBRID_ALPHA0.3_BETA0.7,0.3,0.7,50,4.02034,0.93568,0.37994,2.00937,0.61975,0.10535,0.09589,0.00543,0.08988,0.65
13,54,hybrid,HYBRID_ALPHA0.4_BETA0.6,0.4,0.6,50,2.58357,0.61167,0.11139,2.43223,0.62176,0.0983,0.08818,0.00349,0.03869,0.625
13,54,hybrid,HYBRID_ALPHA0.5_BETA0.5,0.5,0.5,50,2.58712,0.59528,0.10623,2.42434,0.62044,0.09234,0.08779,0.00343,0.04027,0.575
13,54,hybrid,HYBRID_ALPHA0.6_BETA0.4,0.6,0.4,50,2.54188,0.59692,0.10639,2.81852,0.62859,0.08065,0.08044,0.00333,0.04445,0.6
13,54,hybrid,HYBRID_ALPHA0.7_BETA0.3,0.7,0.3,50,2.39268,0.60228,0.12169,4.57409,0.79445,0.09885,0.14794,0.00191,0.06822,0.675
13,54,hybrid,HYBRID_ALPHA0.8_BETA0.2,0.8,0.2,50,2.41314,0.60773,0.13038,5.03059,0.85207,0.10056,0.17572,0.00225,0.06841,0.65
13,54,hybrid,HYBRID_ALPHA0.9_BETA0.1,0.9,0.1,50,2.42846,0.60877,0.13566,5.24815,0.88389,0.0954,0.18811,0.00242,0.06962,0.7
13,54,hybrid,HYBRID_ALPHA0.1_BETA0.9,0.1,0.9,100,2.17218,0.73129,0.28667,2.72227,0.72999,0.16132,0.14935,0.00453,0.05705,0.7
13,54,hybrid,HYBRID_ALPHA0.2_BETA0.8,0.2,0.8,100,1.39714,0.70599,0.09901,2.6373,0.6881,0.15838,0.14429,0.00367,0.05137,0.65
13,54,hybrid,HYBRID_ALPHA0.3_BETA0.7,0.3,0.7,100,1.30574,0.67606,0.10581,2.54877,0.67712,0.15307,0.13642,0.00377,0.04939,0.65
13,54,hybrid,HYBRID_ALPHA0.4_BETA0.6,0.4,0.6,100,1.26669,0.64911,0.10942,2.37223,0.65575,0.13872,0.11496,0.0037,0.04617,0.675
13,54,hybrid,HYBRID_ALPHA0.5_BETA0.5,0.5,0.5,100,1.27237,0.62616,0.12951,2.36432,0.64944,0.13619,0.1127,0.00392,0.04353,0.625
13,54,hybrid,HYBRID_ALPHA0.6_BETA0.4,0.6,0.4,100,1.25029,0.59574,0.12732,2.36591,0.64381,0.13409,0.11419,0.0039,0.04156,0.6
13,54,hybrid,HYBRID_ALPHA0.7_BETA0.3,0.7,0.3,100,1.06211,0.58126,0.12243,2.32779,0.63733,0.13021,0.1165,0.00349,0.03776,0.675
13,54,hybrid,HYBRID_ALPHA0.8_BETA0.2,0.8,0.2,100,1.15657,0.59132,0.13326,2.23905,0.63289,0.12319,0.1202,0.00343,0.03532,0.675
13,54,hybrid,HYBRID_ALPHA0.9_BETA0.1,0.9,0.1,100,1.71159,0.6977,0.23318,2.08223,0.63331,0.12319,0.13594,0.00416,0.03322,0.6
13,54,hybrid,HYBRID_ALPHA0.1_BETA0.9,0.1,0.9,300,1.22383,0.64479,0.0813,2.08239,0.61394,0.08681,0.08849,0.0033,0.02871,0.625
13,54,hybrid,HYBRID_ALPHA0.2_BETA0.8,0.2,0.8,300,1.59968,0.68705,0.25666,2.5253,0.62753,0.06148,0.068,0.00396,0.03072,0.575
13,54,hybrid,HYBRID_ALPHA0.3_BETA0.7,0.3,0.7,300,1.4909,0.65924,0.24016,2.49782,0.61042,0.06116,0.06271,0.0038,0.02851,0.625
13,54,hybrid,HYBRID_ALPHA0.4_BETA0.6,0.4,0.6,300,1.37802,0.63586,0.22556,2.48938,0.60548,0.05986,0.05957,0.00372,0.02661,0.625
13,54,hybrid,HYBRID_ALPHA0.5_BETA0.5,0.5,0.5,300,1.26165,0.60713,0.19161,2.45985,0.60308,0.0601,0.06068,0.00359,0.02513,0.65
13,54,hybrid,HYBRID_ALPHA0.6_BETA0.4,0.6,0.4,300,1.29294,0.61662,0.20659,2.41989,0.60029,0.05973,0.06184,0.00369,0.02571,0.625
13,54,hybrid,HYBRID_ALPHA0.7_BETA0.3,0.7,0.3,300,1.27055,0.61438,0.20598,2.36436,0.59567,0.05839,0.06298,0.00367,0.02551,0.65
13,54,hybrid,HYBRID_ALPHA0.8_BETA0.2,0.8,0.2,300,1.26789,0.61732,0.21104,2.27109,0.58603,0.05567,0.06472,0.0036,0.02543,0.6
13,54,hybrid,HYBRID_ALPHA0.9_BETA0.1,0.9,0.1,300,0.59626,0.58104,0.26954,2.10655,0.57757,0.05235,0.0684,0.00373,0.02272,0.65
13,54,hybrid,HYBRID_ALPHA0.1_BETA0.9,0.1,0.9,500,1.12681,0.60345,0.08277,1.58196,0.58973,0.10078,0.06932,0.00326,0.03501,0.625
13,54,hybrid,HYBRID_ALPHA0.2_BETA0.8,0.2,0.8,500,0.96365,0.54555,0.07789,1.47179,0.58614,0.10572,0.08069,0.00302,0.03213,0.675
13,54,hybrid,HYBRID_ALPHA0.3_BETA0.7,0.3,0.7,500,0.95177,0.52479,0.08453,0.55023,0.51592,0.06226,0.03237,0.00252,0.03277,0.7
13,54,hybrid,HYBRID_ALPHA0.4_BETA0.6,0.4,0.6,500,0.96959,0.53703,0.11132,0.52086,0.51002,0.06227,0.03512,0.00269,0.03214,0.625
13,54,hybrid,HYBRID_ALPHA0.5_BETA0.5,0.5,0.5,500,0.91218,0.52658,0.11014,0.48128,0.50181,0.06274,0.04034,0.00264,0.03174,0.625
13,54,hybrid,HYBRID_ALPHA0.6_BETA0.4,0.6,0.4,500,0.65505,0.50335,0.11108,0.54376,0.5094,0.06946,0.04374,0.00268,0.03007,0.65
13,54,hybrid,HYBRID_ALPHA0.7_BETA0.3,0.7,0.3,500,0.55759,0.49298,0.10968,0.50836,0.49837,0.06712,0.05256,0.00264,0.02966,0.7
13,54,hybrid,HYBRID_ALPHA0.8_BETA0.2,0.8,0.2,500,0.52681,0.49158,0.11557,0.52329,0.4982,0.0729,0.0563,0.00273,0.02878,0.625
13,54,hybrid,HYBRID_ALPHA0.9_BETA0.1,0.9,0.1,500,0.4591,0.48251,0.12204,0.44566,0.48239,0.07017,0.06546,0.00268,0.02988,0.6
13,54,mse,MSE,1.0,0.0,50,2.3631,0.59264,0.13063,5.24908,0.9056,0.09361,0.19608,0.00223,0.06913,0.65
13,54,mse,MSE,1.0,0.0,100,1.11437,0.62036,0.17002,2.23253,0.67517,0.18578,0.1182,0.00372,0.02985,0.575
13,54,mse,MSE,1.0,0.0,300,0.56851,0.55972,0.21233,2.38307,0.65699,0.1674,0.09552,0.00337,0.0212,0.575
13,54,mse,MSE,1.0,0.0,500,0.44768,0.48473,0.12867,0.42658,0.47944,0.08243,0.08396,0.00282,0.02597,0.675
14,55,hsic,HSIC,0.0,1.0,50,3.91784,1.09196,0.31138,71.28497,2.03079,0.23942,0.22243,0.00634,0.19646,0.75
14,55,hsic,HSIC,0.0,1.0,100,4.21021,1.32514,0.27105,66.05415,1.90111,0.20429,0.20316,0.00622,0.19276,0.775
14,55,hsic,HSIC,0.0,1.0,300,2.54307,0.98924,0.04481,65.02276,1.93687,0.20515,0.18905,0.00383,0.32221,0.95
14,55,hsic,HSIC,0.0,1.0,500,2.70255,1.07628,0.11156,59.72167,1.67949,0.19735,0.18218,0.00417,0.27339,0.875
14,55,hybrid,HYBRID_ALPHA0.1_BETA0.9,0.1,0.9,50,3.23576,0.8523,0.32919,0.63784,0.59494,0.1539,0.14229,0.00468,0.0473,0.65
14,55,hybrid,HYBRID_ALPHA0.2_BETA0.8,0.2,0.8,50,4.11917,0.91034,0.33397,0.65889,0.59028,0.16379,0.14374,0.00473,0.03954,0.7
14,55,hybrid,HYBRID_ALPHA0.3_BETA0.7,0.3,0.7,50,4.16199,0.88691,0.3252,0.63087,0.58118,0.16959,0.14076,0.00528,0.03968,0.675
14,55,hybrid,HYBRID_ALPHA0.4_BETA0.6,0.4,0.6,50,4.024,0.86154,0.30223,15.02864,1.14711,0.40203,0.20008,0.00639,0.08867,0.675
14,55,hybrid,HYBRID_ALPHA0.5_BETA0.5,0.5,0.5,50,5.32541,1.06717,0.40236,23.24724,1.34236,0.42223,0.21403,0.00704,0.12838,0.675
14,55,hybrid,HYBRID_ALPHA0.6_BETA0.4,0.6,0.4,50,5.32446,1.06713,0.4024,43.88562,1.71023,0.44972,0.22104,0.00727,0.16903,0.675
14,55,hybrid,HYBRID_ALPHA0.7_BETA0.3,0.7,0.3,50,4.98039,1.0403,0.3967,43.88686,1.71014,0.4497,0.22105,0.00745,0.16483,0.675
14,55,hybrid,HYBRID_ALPHA0.8_BETA0.2,0.8,0.2,50,4.80654,1.02041,0.39763,43.8856,1.71006,0.44978,0.22102,0.00742,0.16328,0.7
14,55,hybrid,HYBRID_ALPHA0.9_BETA0.1,0.9,0.1,50,4.80589,1.02006,0.39766,43.88479,1.70966,0.44942,0.22102,0.00742,0.16331,0.7
14,55,hybrid,HYBRID_ALPHA0.1_BETA0.9,0.1,0.9,100,2.99802,0.83533,0.28244,1.63492,0.57273,0.08339,0.07628,0.00443,0.02845,0.55
14,55,hybrid,HYBRID_ALPHA0.2_BETA0.8,0.2,0.8,100,2.85735,0.79246,0.28691,1.4242,0.60636,0.13238,0.10404,0.00536,0.02751,0.525
14,55,hybrid,HYBRID_ALPHA0.3_BETA0.7,0.3,0.7,100,2.85857,0.79636,0.3058,2.11966,0.61955,0.09532,0.08625,0.00496,0.02675,0.5
14,55,hybrid,HYBRID_ALPHA0.4_BETA0.6,0.4,0.6,100,2.90441,0.79814,0.31501,2.10401,0.62773,0.10357,0.08769,0.00522,0.02734,0.525
14,55,hybrid,HYBRID_ALPHA0.5_BETA0.5,0.5,0.5,100,2.90468,0.79681,0.3207,2.07679,0.62379,0.10031,0.0867,0.0052,0.02777,0.575
14,55,hybrid,HYBRID_ALPHA0.6_BETA0.4,0.6,0.4,100,2.91054,0.79597,0.32559,2.08447,0.62499,0.09354,0.0832,0.00507,0.02754,0.525
14,55,hybrid,HYBRID_ALPHA0.7_BETA0.3,0.7,0.3,100,2.86643,0.79251,0.33051,2.06571,0.61904,0.08445,0.0778,0.00486,0.02731,0.55
14,55,hybrid,HYBRID_ALPHA0.8_BETA0.2,0.8,0.2,100,2.80476,0.79334,0.33821,2.0138,0.608,0.0709,0.07092,0.00454,0.0273,0.575
14,55,hybrid,HYBRID_ALPHA0.9_BETA0.1,0.9,0.1,100,2.7676,0.79316,0.34363,1.9026,0.59202,0.05309,0.0625,0.00408,0.02708,0.525
14,55,hybrid,HYBRID_ALPHA0.1_BETA0.9,0.1,0.9,300,0.70849,0.59857,0.03793,1.83282,0.61955,0.14003,0.08742,0.00429,0.06964,0.75
14,55,hybrid,HYBRID_ALPHA0.2_BETA0.8,0.2,0.8,300,0.61287,0.53692,0.07331,2.24724,0.6315,0.13735,0.08613,0.00381,0.08147,0.725
14,55,hybrid,HYBRID_ALPHA0.3_BETA0.7,0.3,0.7,300,0.63614,0.52301,0.10374,2.3197,0.63724,0.14403,0.0921,0.00377,0.08067,0.675
14,55,hybrid,HYBRID_ALPHA0.4_BETA0.6,0.4,0.6,300,0.64934,0.50968,0.11358,2.16744,0.6446,0.15505,0.1022,0.00395,0.07597,0.75
14,55,hybrid,HYBRID_ALPHA0.5_BETA0.5,0.5,0.5,300,0.60299,0.501,0.11824,2.27203,0.64907,0.1522,0.09839,0.00399,0.0772,0.8
14,55,hybrid,HYBRID_ALPHA0.6_BETA0.4,0.6,0.4,300,0.53452,0.49236,0.13272,2.16365,0.65439,0.16219,0.10507,0.00424,0.07347,0.725
14,55,hybrid,HYBRID_ALPHA0.7_BETA0.3,0.7,0.3,300,0.52414,0.4906,0.13673,2.32938,0.66263,0.16978,0.10816,0.00433,0.07604,0.75
14,55,hybrid,HYBRID_ALPHA0.8_BETA0.2,0.8,0.2,300,0.5122,0.49187,0.14388,2.38813,0.66845,0.173,0.11256,0.00434,0.06828,0.725
14,55,hybrid,HYBRID_ALPHA0.9_BETA0.1,0.9,0.1,300,0.50947,0.49471,0.1519,2.21854,0.6638,0.17879,0.10839,0.00446,0.0585,0.725
14,55,hybrid,HYBRID_ALPHA0.1_BETA0.9,0.1,0.9,500,0.70651,0.60722,0.03009,2.24015,0.60244,0.0687,0.06036,0.00313,0.05587,0.7
14,55,hybrid,HYBRID_ALPHA0.2_BETA0.8,0.2,0.8,500,0.81821,0.51952,0.08261,2.32969,0.631,0.06546,0.05709,0.00287,0.05245,0.7
14,55,hybrid,HYBRID_ALPHA0.3_BETA0.7,0.3,0.7,500,0.76361,0.50326,0.08053,1.55297,0.58388,0.08739,0.08055,0.00302,0.04346,0.6
14,55,hybrid,HYBRID_ALPHA0.4_BETA0.6,0.4,0.6,500,0.75384,0.50124,0.0854,0.89885,0.53052,0.05781,0.05779,0.0026,0.03418,0.625
14,55,hybrid,HYBRID_ALPHA0.5_BETA0.5,0.5,0.5,500,0.64088,0.48844,0.08606,0.76355,0.60645,0.06131,0.073,0.00341,0.03813,0.7
14,55,hybrid,HYBRID_ALPHA0.6_BETA0.4,0.6,0.4,500,0.62776,0.48878,0.08967,0.74328,0.60218,0.05988,0.07542,0.00353,0.03771,0.7
14,55,hybrid,HYBRID_ALPHA0.7_BETA0.3,0.7,0.3,500,0.61286,0.48867,0.093,0.71173,0.58854,0.05569,0.07713,0.00365,0.03643,0.725
14,55,hybrid,HYBRID_ALPHA0.8_BETA0.2,0.8,0.2,500,0.59705,0.48847,0.09906,0.69583,0.57817,0.05226,0.07949,0.00374,0.03523,0.7
14,55,hybrid,HYBRID_ALPHA0.9_BETA0.1,0.9,0.1,500,0.60454,0.49164,0.10718,1.26015,0.66293,0.21582,0.1618,0.00377,0.03173,0.6
14,55,mse,MSE,1.0,0.0,50,4.68598,1.0028,0.39895,43.88434,1.70969,0.44956,0.22098,0.00738,0.16205,0.8
14,55,mse,MSE,1.0,0.0,100,2.7979,0.79404,0.34844,1.29167,0.65443,0.12667,0.14383,0.00541,0.03046,0.55
14,55,mse,MSE,1.0,0.0,300,0.51218,0.50055,0.16409,1.48972,0.64241,0.19792,0.09967,0.00461,0.04292,0.65
14,55,mse,MSE,1.0,0.0,500,0.54255,0.48781,0.11179,1.89642,0.66364,0.2028,0.10483,0.00403,0.03135,0.525
15,56,hsic,HSIC,0.0,1.0,50,5.07264,1.08851,0.38876,43.78484,1.72853,0.44185,0.21717,0.00751,0.07115,0.675
15,56,hsic,HSIC,0.0,1.0,100,2.13362,0.85438,0.23888,60.02384,2.18989,0.20556,0.22329,0.00532,0.06924,0.675
15,56,hsic,HSIC,0.0,1.0,300,3.18933,1.15466,0.06947,64.09685,1.92082,0.22808,0.21572,0.00424,0.2415,0.925
15,56,hsic,HSIC,0.0,1.0,500,3.51037,1.16167,0.3,65.22329,1.85939,0.18489,0.17762,0.00559,0.22782,0.8
15,56,hybrid,HYBRID_ALPHA0.1_BETA0.9,0.1,0.9,50,2.12992,0.67162,0.24747,5.43081,0.77471,0.12571,0.05228,0.00426,0.04111,0.65
15,56,hybrid,HYBRID_ALPHA0.2_BETA0.8,0.2,0.8,50,2.18401,0.69488,0.25311,5.5534,0.84475,0.15598,0.09134,0.00491,0.04161,0.675
15,56,hybrid,HYBRID_ALPHA0.3_BETA0.7,0.3,0.7,50,2.1006,0.6952,0.27987,5.98572,0.8518,0.14163,0.07302,0.00482,0.04127,0.65
15,56,hybrid,HYBRID_ALPHA0.4_BETA0.6,0.4,0.6,50,2.11384,0.69489,0.277,6.25187,0.85848,0.15513,0.08424,0.00495,0.04094,0.65
15,56,hybrid,HYBRID_ALPHA0.5_BETA0.5,0.5,0.5,50,2.45326,0.70689,0.23724,8.95242,0.98509,0.11751,0.08898,0.00472,0.04146,0.675
15,56,hybrid,HYBRID_ALPHA0.6_BETA0.4,0.6,0.4,50,2.54863,0.71202,0.23328,7.66856,0.89909,0.12268,0.08612,0.00425,0.0417,0.725
15,56,hybrid,HYBRID_ALPHA0.7_BETA0.3,0.7,0.3,50,2.58817,0.70996,0.23153,8.00451,0.92724,0.12818,0.09766,0.00443,0.04199,0.675
15,56,hybrid,HYBRID_ALPHA0.8_BETA0.2,0.8,0.2,50,2.55862,0.70541,0.23011,8.67896,0.98579,0.14669,0.11512,0.00474,0.04205,0.6
15,56,hybrid,HYBRID_ALPHA0.9_BETA0.1,0.9,0.1,50,2.55784,0.70237,0.2282,9.67083,1.0707,0.17113,0.1347,0.00504,0.04224,0.55
15,56,hybrid,HYBRID_ALPHA0.1_BETA0.9,0.1,0.9,100,1.9536,0.67086,0.24806,2.75818,0.63195,0.02357,0.03035,0.00361,0.01983,0.6
15,56,hybrid,HYBRID_ALPHA0.2_BETA0.8,0.2,0.8,100,1.80971,0.64532,0.23138,3.51527,0.65778,0.02273,0.0295,0.00351,0.01918,0.625
15,56,hybrid,HYBRID_ALPHA0.3_BETA0.7,0.3,0.7,100,1.83263,0.64778,0.23191,3.51563,0.66178,0.02188,0.03376,0.00353,0.01945,0.625
15,56,hybrid,HYBRID_ALPHA0.4_BETA0.6,0.4,0.6,100,1.73268,0.62967,0.21107,3.29274,0.66065,0.03146,0.05634,0.00377,0.0201,0.65
15,56,hybrid,HYBRID_ALPHA0.5_BETA0.5,0.5,0.5,100,1.75038,0.62586,0.20434,3.53814,0.67764,0.07434,0.10497,0.00447,0.02002,0.625
15,56,hybrid,HYBRID_ALPHA0.6_BETA0.4,0.6,0.4,100,1.71326,0.61736,0.19253,4.05699,0.70915,0.10895,0.13634,0.00487,0.02015,0.675
15,56,hybrid,HYBRID_ALPHA0.7_BETA0.3,0.7,0.3,100,1.66076,0.60573,0.18223,4.70526,0.73678,0.10861,0.15097,0.005,0.02133,0.65
15,56,hybrid,HYBRID_ALPHA0.8_BETA0.2,0.8,0.2,100,1.64985,0.6018,0.17949,5.42414,0.75748,0.09898,0.1449,0.0053,0.02145,0.625
15,56,hybrid,HYBRID_ALPHA0.9_BETA0.1,0.9,0.1,100,1.7355,0.62243,0.20794,6.1245,0.80838,0.10435,0.15264,0.00569,0.02127,0.7
15,56,hybrid,HYBRID_ALPHA0.1_BETA0.9,0.1,0.9,300,1.04603,0.57056,0.06408,1.40756,0.60206,0.11193,0.05984,0.00328,0.03196,0.6
15,56,hybrid,HYBRID_ALPHA0.2_BETA0.8,0.2,0.8,300,1.12699,0.53961,0.11278,1.51767,0.62754,0.12846,0.0886,0.00356,0.03204,0.65
15,56,hybrid,HYBRID_ALPHA0.3_BETA0.7,0.3,0.7,300,1.12425,0.53939,0.11809,1.51781,0.60182,0.12521,0.09201,0.00345,0.03305,0.525
15,56,hybrid,HYBRID_ALPHA0.4_BETA0.6,0.4,0.6,300,0.59219,0.49591,0.10709,1.55756,0.60559,0.12846,0.0974,0.00341,0.02954,0.525
15,56,hybrid,HYBRID_ALPHA0.5_BETA0.5,0.5,0.5,300,0.77393,0.5131,0.11192,1.10409,0.56732,0.08771,0.0807,0.0031,0.03312,0.625
15,56,hybrid,HYBRID_ALPHA0.6_BETA0.4,0.6,0.4,300,0.79118,0.51942,0.12593,1.05637,0.56427,0.08886,0.08326,0.0031,0.03267,0.65
15,56,hybrid,HYBRID_ALPHA0.7_BETA0.3,0.7,0.3,300,0.75215,0.51157,0.11898,1.01419,0.55916,0.08574,0.08677,0.00314,0.03235,0.675
15,56,hybrid,HYBRID_ALPHA0.8_BETA0.2,0.8,0.2,300,0.76102,0.5182,0.13168,0.98595,0.55134,0.07836,0.0911,0.00325,0.0318,0.575
15,56,hybrid,HYBRID_ALPHA0.9_BETA0.1,0.9,0.1,300,0.77253,0.51962,0.14909,0.40572,0.48254,0.05698,0.10162,0.00356,0.03359,0.675
15,56,hybrid,HYBRID_ALPHA0.1_BETA0.9,0.1,0.9,500,1.12348,0.59538,0.1061,1.10321,0.57787,0.11036,0.10806,0.00409,0.02889,0.65
15,56,hybrid,HYBRID_ALPHA0.2_BETA0.8,0.2,0.8,500,0.94608,0.54123,0.11226,1.19794,0.59164,0.10972,0.11049,0.00416,0.02694,0.575
15,56,hybrid,HYBRID_ALPHA0.3_BETA0.7,0.3,0.7,500,0.49129,0.52556,0.06371,1.39103,0.59669,0.10541,0.10145,0.00362,0.02781,0.6
15,56,hybrid,HYBRID_ALPHA0.4_BETA0.6,0.4,0.6,500,0.78785,0.52016,0.11395,1.11062,0.54878,0.07013,0.06871,0.00316,0.02681,0.6
15,56,hybrid,HYBRID_ALPHA0.5_BETA0.5,0.5,0.5,500,0.69334,0.50277,0.11236,0.96145,0.53502,0.06397,0.05935,0.00257,0.02835,0.65
15,56,hybrid,HYBRID_ALPHA0.6_BETA0.4,0.6,0.4,500,0.48895,0.4786,0.11912,0.6172,0.50164,0.04792,0.06927,0.00305,0.02772,0.65
15,56,hybrid,HYBRID_ALPHA0.7_BETA0.3,0.7,0.3,500,0.51903,0.48776,0.12177,0.60244,0.4953,0.04534,0.07036,0.00327,0.02737,0.6
15,56,hybrid,HYBRID_ALPHA0.8_BETA0.2,0.8,0.2,500,0.50056,0.48672,0.1294,0.59156,0.49196,0.04319,0.07931,0.00348,0.0271,0.675
15,56,hybrid,HYBRID_ALPHA0.9_BETA0.1,0.9,0.1,500,0.51151,0.49098,0.13794,0.57503,0.49361,0.04664,0.10097,0.00387,0.02678,0.65
15,56,mse,MSE,1.0,0.0,50,2.56048,0.7008,0.22758,11.59822,1.21563,0.20991,0.15028,0.00518,0.04227,0.625
15,56,mse,MSE,1.0,0.0,100,1.70027,0.61111,0.19633,6.97809,0.86867,0.1175,0.16117,0.00562,0.02157,0.675
15,56,mse,MSE,1.0,0.0,300,0.92176,0.56741,0.21072,4.73193,0.73347,0.17878,0.10025,0.00437,0.02582,0.6
15,56,mse,MSE,1.0,0.0,500,0.50767,0.48879,0.15926,0.58027,0.52276,0.08107,0.13742,0.004,0.02671,0.675
16,57,hsic,HSIC,0.0,1.0,50,3.48373,1.28978,0.20781,66.77124,1.98172,0.17325,0.19275,0.00607,0.10279,0.7
16,57,hsic,HSIC,0.0,1.0,100,3.01088,1.20781,0.09624,61.68842,1.92539,0.23763,0.24116,0.00393,0.14833,0.775
16,57,hsic,HSIC,0.0,1.0,300,3.48153,1.41045,0.2049,68.48016,2.82316,0.13959,0.14257,0.00412,0.14663,0.75
16,57,hsic,HSIC,0.0,1.0,500,3.78723,1.46209,0.25456,63.91973,1.84994,0.192,0.21815,0.0053,0.27943,0.9
16,57,hybrid,HYBRID_ALPHA0.1_BETA0.9,0.1,0.9,50,1.90163,0.64675,0.19583,5.77119,0.75657,0.10072,0.13611,0.00467,0.03721,0.675
16,57,hybrid,HYBRID_ALPHA0.2_BETA0.8,0.2,0.8,50,1.8555,0.64306,0.20452,6.095,0.76286,0.09868,0.13461,0.00486,0.03664,0.65
16,57,hybrid,HYBRID_ALPHA0.3_BETA0.7,0.3,0.7,50,1.94432,0.65178,0.2114,6.33961,0.80983,0.12631,0.13259,0.00514,0.03413,0.6
16,57,hybrid,HYBRID_ALPHA0.4_BETA0.6,0.4,0.6,50,1.69722,0.60444,0.18055,6.03619,0.78536,0.12682,0.09611,0.00426,0.03411,0.65
16,57,hybrid,HYBRID_ALPHA0.5_BETA0.5,0.5,0.5,50,1.7085,0.60795,0.18525,6.51464,0.74499,0.07513,0.11934,0.00392,0.03815,0.65
16,57,hybrid,HYBRID_ALPHA0.6_BETA0.4,0.6,0.4,50,1.70224,0.608,0.18758,6.28502,0.72453,0.05925,0.08735,0.00344,0.03549,0.7
16,57,hybrid,HYBRID_ALPHA0.7_BETA0.3,0.7,0.3,50,1.70286,0.6088,0.18855,6.19333,0.71655,0.05256,0.07645,0.00324,0.03472,0.675
16,57,hybrid,HYBRID_ALPHA0.8_BETA0.2,0.8,0.2,50,1.72004,0.61135,0.19219,5.68601,0.708,0.05405,0.09031,0.00325,0.03807,0.625
16,57,hybrid,HYBRID_ALPHA0.9_BETA0.1,0.9,0.1,50,1.71896,0.61321,0.19587,5.39693,0.7122,0.06586,0.08939,0.00333,0.03727,0.725
16,57,hybrid,HYBRID_ALPHA0.1_BETA0.9,0.1,0.9,100,1.80102,0.72158,0.10659,52.47208,1.7949,0.24288,0.24046,0.00389,0.1411,0.75
16,57,hybrid,HYBRID_ALPHA0.2_BETA0.8,0.2,0.8,100,1.97049,0.7029,0.16719,0.90617,0.63986,0.13715,0.17502,0.00433,0.03925,0.725
16,57,hybrid,HYBRID_ALPHA0.3_BETA0.7,0.3,0.7,100,1.9091,0.66947,0.171,1.20937,0.65689,0.1306,0.16524,0.00447,0.03696,0.7
16,57,hybrid,HYBRID_ALPHA0.4_BETA0.6,0.4,0.6,100,1.91383,0.65901,0.17921,1.31012,0.66219,0.11727,0.18351,0.00512,0.03757,0.725
16,57,hybrid,HYBRID_ALPHA0.5_BETA0.5,0.5,0.5,100,1.95039,0.66055,0.18251,1.82028,0.65072,0.09545,0.1254,0.00393,0.03727,0.75
16,57,hybrid,HYBRID_ALPHA0.6_BETA0.4,0.6,0.4,100,1.96434,0.6685,0.19435,1.77105,0.64906,0.09621,0.1167,0.00411,0.03605,0.775
16,57,hybrid,HYBRID_ALPHA0.7_BETA0.3,0.7,0.3,100,1.96218,0.67533,0.21276,1.74917,0.67361,0.14541,0.1387,0.0049,0.03324,0.725
16,57,hybrid,HYBRID_ALPHA0.8_BETA0.2,0.8,0.2,100,1.98356,0.68476,0.22607,1.78846,0.63635,0.08955,0.11805,0.00433,0.03477,0.725
16,57,hybrid,HYBRID_ALPHA0.9_BETA0.1,0.9,0.1,100,2.0017,0.69434,0.23944,1.76384,0.62623,0.10002,0.11251,0.00454,0.03355,0.675
16,57,hybrid,HYBRID_ALPHA0.1_BETA0.9,0.1,0.9,300,1.14148,0.58692,0.06517,3.1073,0.61631,0.03496,0.03971,0.00261,0.03299,0.55
16,57,hybrid,HYBRID_ALPHA0.2_BETA0.8,0.2,0.8,300,0.84792,0.54079,0.07499,3.51299,0.6316,0.03606,0.04227,0.00255,0.03458,0.525
16,57,hybrid,HYBRID_ALPHA0.3_BETA0.7,0.3,0.7,300,0.7009,0.50991,0.07784,3.45299,0.67573,0.02662,0.03945,0.00225,0.0332,0.65
16,57,hybrid,HYBRID_ALPHA0.4_BETA0.6,0.4,0.6,300,0.64813,0.49359,0.07863,3.35087,0.66922,0.02528,0.03729,0.00222,0.03274,0.575
16,57,hybrid,HYBRID_ALPHA0.5_BETA0.5,0.5,0.5,300,0.68443,0.4932,0.08034,3.35912,0.66439,0.02532,0.03578,0.00223,0.03119,0.575
16,57,hybrid,HYBRID_ALPHA0.6_BETA0.4,0.6,0.4,300,0.60249,0.49474,0.09732,3.33725,0.6593,0.02648,0.03545,0.0022,0.03305,0.625
16,57,hybrid,HYBRID_ALPHA0.7_BETA0.3,0.7,0.3,300,0.64829,0.49437,0.0957,3.33863,0.65568,0.02836,0.03584,0.00226,0.03394,0.6
16,57,hybrid,HYBRID_ALPHA0.8_BETA0.2,0.8,0.2,300,0.67864,0.49594,0.09114,3.34849,0.65205,0.03092,0.03717,0.00229,0.03417,0.575
16,57,hybrid,HYBRID_ALPHA0.9_BETA0.1,0.9,0.1,300,0.68589,0.50009,0.0998,2.96799,0.66539,0.1428,0.07426,0.00342,0.03296,0.5
16,57,hybrid,HYBRID_ALPHA0.1_BETA0.9,0.1,0.9,500,1.62419,0.66078,0.24692,2.06658,0.66377,0.05385,0.0555,0.00351,0.05773,0.675
16,57,hybrid,HYBRID_ALPHA0.2_BETA0.8,0.2,0.8,500,1.5337,0.64659,0.24776,1.41103,0.59922,0.05695,0.05942,0.00372,0.04927,0.675
16,57,hybrid,HYBRID_ALPHA0.3_BETA0.7,0.3,0.7,500,1.4674,0.63537,0.2373,0.97497,0.57349,0.05182,0.05762,0.00347,0.04586,0.6
16,57,hybrid,HYBRID_ALPHA0.4_BETA0.6,0.4,0.6,500,1.36912,0.61988,0.22832,1.10413,0.63535,0.21085,0.14235,0.00554,0.03603,0.625
16,57,hybrid,HYBRID_ALPHA0.5_BETA0.5,0.5,0.5,500,1.3114,0.61059,0.22058,1.06063,0.63335,0.21191,0.14361,0.00547,0.03472,0.625
16,57,hybrid,HYBRID_ALPHA0.6_BETA0.4,0.6,0.4,500,1.2653,0.60213,0.21531,0.99773,0.63064,0.21441,0.14541,0.00544,0.0339,0.65
16,57,hybrid,HYBRID_ALPHA0.7_BETA0.3,0.7,0.3,500,1.20145,0.58995,0.20338,0.93247,0.62938,0.21832,0.1478,0.00531,0.03288,0.6
16,57,hybrid,HYBRID_ALPHA0.8_BETA0.2,0.8,0.2,500,1.12803,0.57629,0.18879,0.87756,0.63115,0.2239,0.1511,0.00506,0.03172,0.575
16,57,hybrid,HYBRID_ALPHA0.9_BETA0.1,0.9,0.1,500,1.07,0.56851,0.18073,0.84761,0.63247,0.22752,0.1502,0.0047,0.03088,0.55
16,57,mse,MSE,1.0,0.0,50,1.69008,0.61366,0.1995,4.93274,0.67981,0.04563,0.07015,0.00279,0.0365,0.7
16,57,mse,MSE,1.0,0.0,100,2.04566,0.70366,0.25243,2.19612,0.67896,0.18636,0.13301,0.0051,0.03899,0.625
16,57,mse,MSE,1.0,0.0,300,0.69276,0.50255,0.10599,3.06412,0.67329,0.1523,0.07128,0.00345,0.03434,0.525
16,57,mse,MSE,1.0,0.0,500,0.99578,0.55941,0.16944,0.75555,0.62438,0.22957,0.13798,0.004,0.02981,0.55
17,58,hsic,HSIC,0.0,1.0,50,2.60491,0.87143,0.23449,40.61913,2.06957,0.26034,0.19957,0.00503,0.03129,0.75
17,58,hsic,HSIC,0.0,1.0,100,4.90417,1.08629,0.38452,59.60194,1.87827,0.25703,0.20594,0.00728,0.04639,0.65
17,58,hsic,HSIC,0.0,1.0,300,3.30438,1.10091,0.19178,67.68935,1.78088,0.20489,0.18578,0.00442,0.11327,0.7
17,58,hsic,HSIC,0.0,1.0,500,3.91112,1.34225,0.28168,65.60765,1.81919,0.19079,0.1863,0.0055,0.14139,0.675
17,58,hybrid,HYBRID_ALPHA0.1_BETA0.9,0.1,0.9,50,3.15292,0.81335,0.23412,3.1843,0.6468,0.05778,0.05207,0.00408,0.01952,0.625
17,58,hybrid,HYBRID_ALPHA0.2_BETA0.8,0.2,0.8,50,3.05659,0.79222,0.23862,2.80759,0.62397,0.06466,0.0518,0.0042,0.02069,0.6
17,58,hybrid,HYBRID_ALPHA0.3_BETA0.7,0.3,0.7,50,2.4027,0.68728,0.13333,2.89454,0.6166,0.05851,0.05081,0.00266,0.02252,0.575
17,58,hybrid,HYBRID_ALPHA0.4_BETA0.6,0.4,0.6,50,2.53536,0.73898,0.22832,3.0778,0.62533,0.05263,0.04813,0.00348,0.01973,0.525
17,58,hybrid,HYBRID_ALPHA0.5_BETA0.5,0.5,0.5,50,2.79426,0.7394,0.21803,3.3935,0.63586,0.04904,0.04376,0.00459,0.02057,0.575
17,58,hybrid,HYBRID_ALPHA0.6_BETA0.4,0.6,0.4,50,2.93597,0.77275,0.22804,3.54928,0.64175,0.04684,0.04067,0.00479,0.01984,0.525
17,58,hybrid,HYBRID_ALPHA0.7_BETA0.3,0.7,0.3,50,2.94425,0.76747,0.23374,3.89615,0.656,0.04946,0.03898,0.00425,0.02142,0.525
17,58,hybrid,HYBRID_ALPHA0.8_BETA0.2,0.8,0.2,50,2.94453,0.76815,0.23345,4.26205,0.67181,0.05418,0.03953,0.00446,0.02206,0.525
17,58,hybrid,HYBRID_ALPHA0.9_BETA0.1,0.9,0.1,50,2.93653,0.76795,0.23266,4.92331,0.70169,0.06522,0.04593,0.00466,0.0226,0.55
17,58,hybrid,HYBRID_ALPHA0.1_BETA0.9,0.1,0.9,100,3.24047,0.86256,0.33357,9.28671,0.78394,0.04332,0.04654,0.00403,0.02803,0.675
17,58,hybrid,HYBRID_ALPHA0.2_BETA0.8,0.2,0.8,100,2.17708,0.72526,0.27611,2.8173,0.65052,0.06918,0.06712,0.00451,0.02633,0.7
17,58,hybrid,HYBRID_ALPHA0.3_BETA0.7,0.3,0.7,100,2.12548,0.71723,0.26939,4.62982,0.6738,0.02304,0.03635,0.00347,0.02681,0.675
17,58,hybrid,HYBRID_ALPHA0.4_BETA0.6,0.4,0.6,100,2.11204,0.71581,0.26587,3.77393,0.66472,0.01979,0.03296,0.00373,0.02898,0.575
17,58,hybrid,HYBRID_ALPHA0.5_BETA0.5,0.5,0.5,100,2.10041,0.71413,0.26468,3.31379,0.6407,0.03596,0.04613,0.00397,0.0261,0.625
17,58,hybrid,HYBRID_ALPHA0.6_BETA0.4,0.6,0.4,100,2.06631,0.70897,0.26004,4.33891,0.6755,0.01472,0.03961,0.0039,0.02714,0.625
17,58,hybrid,HYBRID_ALPHA0.7_BETA0.3,0.7,0.3,100,2.00363,0.69841,0.25139,4.16374,0.66956,0.01398,0.04429,0.00381,0.02653,0.625
17,58,hybrid,HYBRID_ALPHA0.8_BETA0.2,0.8,0.2,100,1.98098,0.69452,0.24723,5.05038,0.75879,0.08136,0.11057,0.00516,0.02636,0.625
17,58,hybrid,HYBRID_ALPHA0.9_BETA0.1,0.9,0.1,100,1.96311,0.69321,0.2428,7.50935,0.95849,0.08466,0.11498,0.00485,0.02574,0.625
17,58,hybrid,HYBRID_ALPHA0.1_BETA0.9,0.1,0.9,300,1.73171,0.64527,0.22629,12.32117,0.83861,0.09382,0.08518,0.00387,0.02084,0.625
17,58,hybrid,HYBRID_ALPHA0.2_BETA0.8,0.2,0.8,300,1.84387,0.64922,0.23289,15.81839,0.89575,0.10262,0.09595,0.0043,0.02008,0.6
17,58,hybrid,HYBRID_ALPHA0.3_BETA0.7,0.3,0.7,300,1.98175,0.66635,0.24198,22.2545,0.95526,0.07894,0.05741,0.00323,0.02147,0.65
17,58,hybrid,HYBRID_ALPHA0.4_BETA0.6,0.4,0.6,300,0.66153,0.56446,0.235,25.18501,0.97606,0.07652,0.06914,0.00346,0.02211,0.6
17,58,hybrid,HYBRID_ALPHA0.5_BETA0.5,0.5,0.5,300,1.52494,0.60913,0.20905,23.82637,0.95627,0.07565,0.07613,0.00344,0.02277,0.6
17,58,hybrid,HYBRID_ALPHA0.6_BETA0.4,0.6,0.4,300,1.22629,0.58933,0.21035,22.30087,0.94236,0.07873,0.08141,0.00348,0.02254,0.6
17,58,hybrid,HYBRID_ALPHA0.7_BETA0.3,0.7,0.3,300,1.1047,0.57734,0.20544,21.3986,0.93271,0.07941,0.08766,0.00355,0.02244,0.625
17,58,hybrid,HYBRID_ALPHA0.8_BETA0.2,0.8,0.2,300,1.09307,0.56613,0.19247,20.47801,0.92224,0.0806,0.09516,0.00366,0.02226,0.65
17,58,hybrid,HYBRID_ALPHA0.9_BETA0.1,0.9,0.1,300,1.04716,0.5706,0.21075,9.04386,0.76645,0.08163,0.10933,0.00389,0.02186,0.575
17,58,hybrid,HYBRID_ALPHA0.1_BETA0.9,0.1,0.9,500,1.37461,0.64695,0.0863,2.00577,0.62211,0.09573,0.08865,0.00346,0.02475,0.525
17,58,hybrid,HYBRID_ALPHA0.2_BETA0.8,0.2,0.8,500,0.95667,0.57455,0.05064,2.56022,0.64398,0.10282,0.09654,0.00314,0.0222,0.55
17,58,hybrid,HYBRID_ALPHA0.3_BETA0.7,0.3,0.7,500,1.13783,0.53888,0.09147,3.36764,0.66216,0.09231,0.08676,0.00329,0.02305,0.5
17,58,hybrid,HYBRID_ALPHA0.4_BETA0.6,0.4,0.6,500,1.12622,0.53163,0.0942,4.24124,0.67188,0.08018,0.06518,0.00272,0.02292,0.525
17,58,hybrid,HYBRID_ALPHA0.5_BETA0.5,0.5,0.5,500,1.09235,0.52325,0.09342,4.07067,0.6659,0.08009,0.06568,0.00271,0.02293,0.65
17,58,hybrid,HYBRID_ALPHA0.6_BETA0.4,0.6,0.4,500,1.04643,0.51698,0.09317,3.84742,0.66257,0.08093,0.06743,0.00271,0.02303,0.625
17,58,hybrid,HYBRID_ALPHA0.7_BETA0.3,0.7,0.3,500,1.09842,0.52927,0.11284,3.62353,0.65685,0.08061,0.06886,0.00318,0.0231,0.575
17,58,hybrid,HYBRID_ALPHA0.8_BETA0.2,0.8,0.2,500,0.49858,0.48724,0.12856,3.40586,0.64733,0.07706,0.06651,0.00317,0.02299,0.6
17,58,hybrid,HYBRID_ALPHA0.9_BETA0.1,0.9,0.1,500,1.48092,0.5576,0.12715,3.00895,0.62702,0.06695,0.08262,0.00333,0.02491,0.55
17,58,mse,MSE,1.0,0.0,50,2.93666,0.76818,0.23217,5.31428,0.71905,0.07593,0.05274,0.00474,0.02286,0.55
17,58,mse,MSE,1.0,0.0,100,1.96466,0.69112,0.23819,9.13314,1.06032,0.08316,0.11044,0.00485,0.02594,0.625
17,58,mse,MSE,1.0,0.0,300,1.15606,0.56738,0.19826,8.37205,0.75833,0.08969,0.12808,0.00399,0.02158,0.575
17,58,mse,MSE,1.0,0.0,500,5.01626,0.66852,0.13407,2.84648,0.61636,0.07176,0.10005,0.00346,0.02408,0.6
18,59,hsic,HSIC,0.0,1.0,50,2.3056,0.86766,0.18094,70.69939,2.21576,0.19775,0.18549,0.00468,0.08879,0.725
18,59,hsic,HSIC,0.0,1.0,100,5.38753,1.09641,0.3931,61.22012,1.92316,0.41114,0.21483,0.00744,0.18327,0.8
18,59,hsic,HSIC,0.0,1.0,300,2.45057,0.99061,0.2361,68.21305,1.97963,0.39759,0.20971,0.00601,0.18756,0.775
18,59,hsic,HSIC,0.0,1.0,500,1.89941,0.80407,0.07492,67.04175,2.29854,0.19444,0.19289,0.00362,0.2359,0.9
18,59,hybrid,HYBRID_ALPHA0.1_BETA0.9,0.1,0.9,50,2.17986,0.73726,0.22776,4.91945,0.7825,0.17316,0.06301,0.00474,0.0241,0.675
18,59,hybrid,HYBRID_ALPHA0.2_BETA0.8,0.2,0.8,50,1.95287,0.68175,0.21337,5.21608,0.77302,0.17598,0.06919,0.00446,0.02244,0.7
18,59,hybrid,HYBRID_ALPHA0.3_BETA0.7,0.3,0.7,50,1.94064,0.69554,0.26512,5.21977,0.76705,0.17338,0.07037,0.00482,0.02096,0.725
18,59,hybrid,HYBRID_ALPHA0.4_BETA0.6,0.4,0.6,50,2.1609,0.71597,0.27484,5.2587,0.75512,0.1767,0.06739,0.00476,0.02173,0.6
18,59,hybrid,HYBRID_ALPHA0.5_BETA0.5,0.5,0.5,50,2.11552,0.70694,0.27094,4.98551,0.73891,0.17705,0.06158,0.00473,0.02185,0.65
18,59,hybrid,HYBRID_ALPHA0.6_BETA0.4,0.6,0.4,50,2.07535,0.70139,0.27296,4.76622,0.71623,0.15535,0.05336,0.00455,0.02196,0.625
18,59,hybrid,HYBRID_ALPHA0.7_BETA0.3,0.7,0.3,50,2.02549,0.69253,0.26658,4.74723,0.70548,0.14228,0.05812,0.00434,0.02145,0.65
18,59,hybrid,HYBRID_ALPHA0.8_BETA0.2,0.8,0.2,50,1.99516,0.68874,0.26747,4.4363,0.69254,0.13123,0.06184,0.00425,0.01938,0.625
18,59,hybrid,HYBRID_ALPHA0.9_BETA0.1,0.9,0.1,50,1.96473,0.68471,0.26431,4.13847,0.68375,0.12387,0.06603,0.00425,0.019,0.575
18,59,hybrid,HYBRID_ALPHA0.1_BETA0.9,0.1,0.9,100,5.44091,1.0975,0.39306,30.84203,1.43541,0.42081,0.21225,0.00716,0.12734,0.7
18,59,hybrid,HYBRID_ALPHA0.2_BETA0.8,0.2,0.8,100,5.43162,1.09505,0.3929,8.32426,0.81665,0.13113,0.14453,0.00553,0.06656,0.7
18,59,hybrid,HYBRID_ALPHA0.3_BETA0.7,0.3,0.7,100,5.43095,1.09475,0.39294,7.87849,0.80722,0.13158,0.14564,0.00555,0.06704,0.7
18,59,hybrid,HYBRID_ALPHA0.4_BETA0.6,0.4,0.6,100,9.247,0.82619,0.21441,7.26871,0.79478,0.13165,0.14645,0.00506,0.03144,0.6
18,59,hybrid,HYBRID_ALPHA0.5_BETA0.5,0.5,0.5,100,7.278,0.79073,0.21574,6.76047,0.78459,0.13061,0.14651,0.00506,0.03231,0.575
18,59,hybrid,HYBRID_ALPHA0.6_BETA0.4,0.6,0.4,100,6.87459,0.77733,0.20923,6.38956,0.77728,0.12976,0.14728,0.00504,0.0319,0.55
18,59,hybrid,HYBRID_ALPHA0.7_BETA0.3,0.7,0.3,100,2.84307,0.89316,0.38522,5.93458,0.76776,0.12895,0.14867,0.00564,0.04022,0.575
18,59,hybrid,HYBRID_ALPHA0.8_BETA0.2,0.8,0.2,100,2.75356,0.89026,0.38516,22.76902,1.22709,0.40269,0.19383,0.00679,0.08975,0.675
18,59,hybrid,HYBRID_ALPHA0.9_BETA0.1,0.9,0.1,100,2.68043,0.88824,0.38527,22.85659,1.23024,0.4048,0.19401,0.00679,0.09015,0.675
18,59,hybrid,HYBRID_ALPHA0.1_BETA0.9,0.1,0.9,300,1.49841,0.72796,0.11892,4.63224,0.73611,0.1563,0.13207,0.00461,0.02719,0.6
18,59,hybrid,HYBRID_ALPHA0.2_BETA0.8,0.2,0.8,300,1.30469,0.6676,0.12151,4.97318,0.76864,0.19203,0.1519,0.00453,0.0248,0.525
18,59,hybrid,HYBRID_ALPHA0.3_BETA0.7,0.3,0.7,300,1.2485,0.619,0.15226,5.26056,0.77963,0.20468,0.14753,0.00444,0.02435,0.55
18,59,hybrid,HYBRID_ALPHA0.4_BETA0.6,0.4,0.6,300,1.21965,0.60541,0.16327,5.67237,0.78497,0.20006,0.14732,0.00431,0.02397,0.55
18,59,hybrid,HYBRID_ALPHA0.5_BETA0.5,0.5,0.5,300,1.17103,0.59877,0.16994,5.98422,0.7863,0.19629,0.1432,0.00412,0.02329,0.525
18,59,hybrid,HYBRID_ALPHA0.6_BETA0.4,0.6,0.4,300,3.39837,0.92133,0.40249,6.16853,0.78656,0.19294,0.13881,0.0055,0.02859,0.525
18,59,hybrid,HYBRID_ALPHA0.7_BETA0.3,0.7,0.3,300,3.48239,0.92852,0.40013,7.71039,0.74865,0.07817,0.08929,0.00407,0.03064,0.55
18,59,hybrid,HYBRID_ALPHA0.8_BETA0.2,0.8,0.2,300,3.50907,0.93094,0.39887,6.55596,0.78067,0.1768,0.12589,0.00501,0.02956,0.5
18,59,hybrid,HYBRID_ALPHA0.9_BETA0.1,0.9,0.1,300,3.39617,0.9284,0.39864,6.53237,0.77621,0.17309,0.12056,0.00474,0.0299,0.5
18,59,hybrid,HYBRID_ALPHA0.1_BETA0.9,0.1,0.9,500,1.27573,0.65759,0.05749,5.47318,0.69008,0.05767,0.06334,0.00307,0.0465,0.725
18,59,hybrid,HYBRID_ALPHA0.2_BETA0.8,0.2,0.8,500,0.79928,0.56988,0.04066,5.61015,0.68259,0.0591,0.06446,0.00341,0.03984,0.7
18,59,hybrid,HYBRID_ALPHA0.3_BETA0.7,0.3,0.7,500,0.72734,0.53652,0.04908,5.32384,0.67778,0.05968,0.06386,0.00336,0.0368,0.675
18,59,hybrid,HYBRID_ALPHA0.4_BETA0.6,0.4,0.6,500,0.89087,0.50307,0.07686,4.68777,0.65829,0.04418,0.04343,0.00256,0.03683,0.6
18,59,hybrid,HYBRID_ALPHA0.5_BETA0.5,0.5,0.5,500,0.51691,0.46843,0.07724,4.48485,0.65115,0.04365,0.04525,0.00267,0.03138,0.65
18,59,hybrid,HYBRID_ALPHA0.6_BETA0.4,0.6,0.4,500,0.50404,0.46437,0.08266,4.3585,0.64428,0.04234,0.04744,0.00263,0.03151,0.625
18,59,hybrid,HYBRID_ALPHA0.7_BETA0.3,0.7,0.3,500,0.48691,0.4641,0.08663,4.29086,0.63769,0.04061,0.05062,0.00279,0.03159,0.6
18,59,hybrid,HYBRID_ALPHA0.8_BETA0.2,0.8,0.2,500,2.49981,0.86748,0.39228,4.18623,0.63416,0.04153,0.05669,0.00403,0.05244,0.675
18,59,hybrid,HYBRID_ALPHA0.9_BETA0.1,0.9,0.1,500,2.43177,0.86574,0.39275,2.10913,0.57495,0.04923,0.05401,0.00431,0.05485,0.675
18,59,mse,MSE,1.0,0.0,50,1.93307,0.68337,0.2621,3.92843,0.67587,0.12019,0.06983,0.00415,0.01846,0.625
18,59,mse,MSE,1.0,0.0,100,2.76463,0.88609,0.38588,25.00875,1.28251,0.41733,0.20061,0.00689,0.09752,0.675
18,59,mse,MSE,1.0,0.0,300,2.94319,0.91415,0.3972,4.42444,0.68162,0.08324,0.09303,0.00439,0.03243,0.575
18,59,mse,MSE,1.0,0.0,500,0.40102,0.46924,0.15874,1.94057,0.57627,0.05986,0.06672,0.00201,0.03143,0.6
19,60,hsic,HSIC,0.0,1.0,50,4.82036,1.08005,0.39238,41.70127,1.70884,0.45255,0.22034,0.00753,0.14225,0.8
19,60,hsic,HSIC,0.0,1.0,100,3.76074,1.48965,0.16629,106.35165,2.21698,0.39852,0.21172,0.0046,0.23314,0.875
19,60,hsic,HSIC,0.0,1.0,300,2.40489,0.92547,0.10206,61.17267,1.71649,0.20152,0.16148,0.00412,0.45051,0.975
19,60,hsic,HSIC,0.0,1.0,500,3.72445,1.29763,0.14165,71.23689,3.32127,0.16508,0.17984,0.00467,0.40132,0.95
19,60,hybrid,HYBRID_ALPHA0.1_BETA0.9,0.1,0.9,50,4.80103,1.0779,0.39241,1.01898,0.62352,0.17008,0.11602,0.00532,0.05661,0.7
19,60,hybrid,HYBRID_ALPHA0.2_BETA0.8,0.2,0.8,50,4.80018,1.07709,0.39265,1.29438,0.62424,0.17468,0.12072,0.00541,0.05689,0.725
19,60,hybrid,HYBRID_ALPHA0.3_BETA0.7,0.3,0.7,50,4.22138,1.01031,0.39468,1.50118,0.6246,0.16219,0.11193,0.00526,0.05226,0.675
19,60,hybrid,HYBRID_ALPHA0.4_BETA0.6,0.4,0.6,50,1.44816,0.58366,0.05397,1.66104,0.63165,0.15632,0.10733,0.00334,0.03,0.7
19,60,hybrid,HYBRID_ALPHA0.5_BETA0.5,0.5,0.5,50,1.42822,0.56704,0.05873,1.80716,0.63562,0.15615,0.10699,0.00331,0.03859,0.65
19,60,hybrid,HYBRID_ALPHA0.6_BETA0.4,0.6,0.4,50,1.44363,0.57468,0.06185,2.0911,0.63475,0.14218,0.09724,0.00343,0.03987,0.675
19,60,hybrid,HYBRID_ALPHA0.7_BETA0.3,0.7,0.3,50,1.21294,0.56598,0.07384,2.31429,0.62971,0.12863,0.08639,0.00336,0.03247,0.65
19,60,hybrid,HYBRID_ALPHA0.8_BETA0.2,0.8,0.2,50,1.21619,0.57715,0.07265,2.52955,0.62296,0.11183,0.0741,0.00292,0.0304,0.675
19,60,hybrid,HYBRID_ALPHA0.9_BETA0.1,0.9,0.1,50,1.78813,0.64298,0.21781,2.75864,0.6154,0.08522,0.06497,0.00366,0.0372,0.7
19,60,hybrid,HYBRID_ALPHA0.1_BETA0.9,0.1,0.9,100,1.21241,0.76134,0.16805,98.72426,1.53733,0.11099,0.11824,0.00416,0.05006,0.7
19,60,hybrid,HYBRID_ALPHA0.2_BETA0.8,0.2,0.8,100,4.42279,0.80273,0.17909,99.17348,1.50971,0.10995,0.11332,0.00393,0.04625,0.625
19,60,hybrid,HYBRID_ALPHA0.3_BETA0.7,0.3,0.7,100,0.86992,0.57589,0.04102,100.83946,1.52143,0.11873,0.12265,0.00269,0.04946,0.725
19,60,hybrid,HYBRID_ALPHA0.4_BETA0.6,0.4,0.6,100,4.64225,0.70452,0.10506,100.88598,1.51686,0.11852,0.1231,0.00371,0.04749,0.65
19,60,hybrid,HYBRID_ALPHA0.5_BETA0.5,0.5,0.5,100,3.24808,0.669,0.10797,109.70805,1.60082,0.20185,0.13284,0.00454,0.04774,0.675
19,60,hybrid,HYBRID_ALPHA0.6_BETA0.4,0.6,0.4,100,2.48246,0.64631,0.11184,111.68622,1.6102,0.20273,0.13323,0.00471,0.04766,0.675
19,60,hybrid,HYBRID_ALPHA0.7_BETA0.3,0.7,0.3,100,2.06676,0.63418,0.1199,114.39798,1.59499,0.16772,0.10479,0.00429,0.04691,0.7
19,60,hybrid,HYBRID_ALPHA0.8_BETA0.2,0.8,0.2,100,1.8896,0.63237,0.12934,116.48406,1.59455,0.15658,0.09236,0.00393,0.04607,0.65
19,60,hybrid,HYBRID_ALPHA0.9_BETA0.1,0.9,0.1,100,1.83741,0.64215,0.14278,118.9361,1.60114,0.16266,0.07816,0.0037,0.04534,0.625
19,60,hybrid,HYBRID_ALPHA0.1_BETA0.9,0.1,0.9,300,0.79544,0.63337,0.03309,0.60638,0.58223,0.17969,0.15313,0.00386,0.1843,0.85
19,60,hybrid,HYBRID_ALPHA0.2_BETA0.8,0.2,0.8,300,0.50918,0.57098,0.04772,0.61543,0.57463,0.16657,0.14215,0.00373,0.21481,0.85
19,60,hybrid,HYBRID_ALPHA0.3_BETA0.7,0.3,0.7,300,0.48119,0.53778,0.06903,0.64548,0.58236,0.17876,0.15329,0.00415,0.22556,0.85
19,60,hybrid,HYBRID_ALPHA0.4_BETA0.6,0.4,0.6,300,0.60871,0.50417,0.12322,0.69537,0.59847,0.20121,0.16418,0.00445,0.23064,0.8
19,60,hybrid,HYBRID_ALPHA0.5_BETA0.5,0.5,0.5,300,0.42856,0.47904,0.095,0.72432,0.60906,0.20816,0.16724,0.00442,0.23631,0.825
19,60,hybrid,HYBRID_ALPHA0.6_BETA0.4,0.6,0.4,300,0.43765,0.48151,0.12133,0.73237,0.61023,0.20599,0.16543,0.00448,0.2374,0.85
19,60,hybrid,HYBRID_ALPHA0.7_BETA0.3,0.7,0.3,300,0.43533,0.47942,0.12918,0.72208,0.60727,0.20521,0.1628,0.00437,0.23775,0.85
19,60,hybrid,HYBRID_ALPHA0.8_BETA0.2,0.8,0.2,300,0.43479,0.48185,0.13562,0.69688,0.60205,0.20252,0.15875,0.00418,0.23669,0.85
19,60,hybrid,HYBRID_ALPHA0.9_BETA0.1,0.9,0.1,300,0.43491,0.48556,0.1407,0.65979,0.59499,0.19674,0.14873,0.00387,0.23574,0.825
19,60,hybrid,HYBRID_ALPHA0.1_BETA0.9,0.1,0.9,500,1.15182,0.7928,0.05121,1.60682,0.58691,0.08935,0.08389,0.0031,0.18569,0.8
19,60,hybrid,HYBRID_ALPHA0.2_BETA0.8,0.2,0.8,500,0.85241,0.64212,0.0433,0.90822,0.58953,0.13278,0.12943,0.00352,0.14038,0.85
19,60,hybrid,HYBRID_ALPHA0.3_BETA0.7,0.3,0.7,500,0.79412,0.55882,0.09358,0.6512,0.5683,0.03931,0.07,0.00352,0.07418,0.7
19,60,hybrid,HYBRID_ALPHA0.4_BETA0.6,0.4,0.6,500,0.77727,0.52743,0.10129,1.96628,0.61818,0.14722,0.07175,0.00421,0.19089,0.825
19,60,hybrid,HYBRID_ALPHA0.5_BETA0.5,0.5,0.5,500,0.76606,0.52056,0.09995,1.94102,0.62286,0.15439,0.07499,0.00413,0.19004,0.825
19,60,hybrid,HYBRID_ALPHA0.6_BETA0.4,0.6,0.4,500,0.76807,0.51931,0.09907,2.02669,0.62897,0.16027,0.07551,0.00414,0.19263,0.825
19,60,hybrid,HYBRID_ALPHA0.7_BETA0.3,0.7,0.3,500,0.74693,0.51483,0.09805,2.07006,0.63221,0.16239,0.07419,0.00418,0.19369,0.825
19,60,hybrid,HYBRID_ALPHA0.8_BETA0.2,0.8,0.2,500,0.74238,0.51386,0.10101,1.93326,0.63098,0.16509,0.07756,0.0042,0.18867,0.825
19,60,hybrid,HYBRID_ALPHA0.9_BETA0.1,0.9,0.1,500,0.70557,0.50714,0.11259,1.58132,0.62291,0.17316,0.08114,0.00421,0.17385,0.85
19,60,mse,MSE,1.0,0.0,50,1.83666,0.65174,0.2291,2.96505,0.62728,0.09511,0.06318,0.00374,0.0373,0.7
19,60,mse,MSE,1.0,0.0,100,1.80953,0.65774,0.16177,119.24024,1.61295,0.20885,0.06394,0.00388,0.04538,0.625
19,60,mse,MSE,1.0,0.0,300,0.52206,0.55013,0.22992,0.47437,0.48302,0.05463,0.10588,0.00359,0.22227,0.85
19,60,mse,MSE,1.0,0.0,500,0.92415,0.55528,0.17433,0.95361,0.59864,0.18795,0.08226,0.00364,0.13068,0.85
20,61,hsic,HSIC,0.0,1.0,50,3.49909,0.86579,0.23209,58.32865,1.89924,0.21025,0.23049,0.0061,0.0331,0.675
20,61,hsic,HSIC,0.0,1.0,100,4.26719,1.47697,0.24237,61.6208,1.95034,0.39131,0.2102,0.00596,0.04042,0.675
20,61,hsic,HSIC,0.0,1.0,300,2.7228,0.90746,0.22904,63.7981,1.7066,0.20048,0.18543,0.00554,0.20807,0.8
20,61,hsic,HSIC,0.0,1.0,500,2.78077,0.89234,0.05168,62.95107,1.828,0.19146,0.18245,0.00466,0.20639,0.8
20,61,hybrid,HYBRID_ALPHA0.1_BETA0.9,0.1,0.9,50,3.62072,0.86881,0.26731,42.82643,1.72396,0.44135,0.21627,0.00658,0.03776,0.675
20,61,hybrid,HYBRID_ALPHA0.2_BETA0.8,0.2,0.8,50,3.39491,0.84229,0.27055,42.28129,1.71507,0.44332,0.21631,0.00658,0.03705,0.7
20,61,hybrid,HYBRID_ALPHA0.3_BETA0.7,0.3,0.7,50,3.99652,0.95086,0.32724,21.32344,1.12657,0.16802,0.21987,0.00701,0.02661,0.6
20,61,hybrid,HYBRID_ALPHA0.4_BETA0.6,0.4,0.6,50,4.07684,0.96194,0.33073,17.66557,1.01878,0.14438,0.16818,0.00619,0.02438,0.575
20,61,hybrid,HYBRID_ALPHA0.5_BETA0.5,0.5,0.5,50,3.19266,0.83306,0.2862,17.18616,1.00159,0.14151,0.14083,0.00609,0.0236,0.6
20,61,hybrid,HYBRID_ALPHA0.6_BETA0.4,0.6,0.4,50,3.08765,0.81828,0.28005,8.60645,0.78012,0.05046,0.03928,0.00393,0.02276,0.575
20,61,hybrid,HYBRID_ALPHA0.7_BETA0.3,0.7,0.3,50,3.06786,0.81732,0.27916,13.26951,0.92092,0.16518,0.13483,0.00551,0.0229,0.575
20,61,hybrid,HYBRID_ALPHA0.8_BETA0.2,0.8,0.2,50,3.06469,0.81883,0.27965,9.69719,0.84614,0.16023,0.10717,0.0054,0.02296,0.575
20,61,hybrid,HYBRID_ALPHA0.9_BETA0.1,0.9,0.1,50,3.05961,0.81798,0.27872,5.8234,0.74823,0.13601,0.06214,0.00477,0.02285,0.6
20,61,hybrid,HYBRID_ALPHA0.1_BETA0.9,0.1,0.9,100,2.24277,0.69628,0.2622,8.77326,0.83288,0.10817,0.10331,0.00423,0.01705,0.55
20,61,hybrid,HYBRID_ALPHA0.2_BETA0.8,0.2,0.8,100,2.13547,0.68933,0.26848,6.80118,0.76914,0.07579,0.06476,0.00391,0.01689,0.525
20,61,hybrid,HYBRID_ALPHA0.3_BETA0.7,0.3,0.7,100,2.15304,0.6939,0.27251,6.48508,0.78009,0.08119,0.06073,0.00391,0.0167,0.575
20,61,hybrid,HYBRID_ALPHA0.4_BETA0.6,0.4,0.6,100,2.07375,0.68624,0.27002,6.35276,0.77995,0.08992,0.06106,0.00413,0.01625,0.575
20,61,hybrid,HYBRID_ALPHA0.5_BETA0.5,0.5,0.5,100,2.08078,0.69185,0.27642,6.22415,0.78021,0.1037,0.06189,0.00433,0.01629,0.575
20,61,hybrid,HYBRID_ALPHA0.6_BETA0.4,0.6,0.4,100,2.11012,0.69891,0.28362,6.82582,0.7505,0.08377,0.04944,0.00352,0.01642,0.55
20,61,hybrid,HYBRID_ALPHA0.7_BETA0.3,0.7,0.3,100,2.08327,0.69481,0.28084,6.99599,0.77621,0.10462,0.0733,0.00435,0.01652,0.6
20,61,hybrid,HYBRID_ALPHA0.8_BETA0.2,0.8,0.2,100,1.87838,0.64222,0.23341,7.24331,0.83105,0.13528,0.09262,0.00494,0.01628,0.6
20,61,hybrid,HYBRID_ALPHA0.9_BETA0.1,0.9,0.1,100,1.94649,0.63398,0.20101,7.61737,0.88331,0.1573,0.10975,0.00522,0.01606,0.6
20,61,hybrid,HYBRID_ALPHA0.1_BETA0.9,0.1,0.9,300,1.05877,0.6253,0.06566,1.26772,0.60265,0.12529,0.0925,0.0035,0.02616,0.6
20,61,hybrid,HYBRID_ALPHA0.2_BETA0.8,0.2,0.8,300,1.18819,0.57817,0.16892,1.69059,0.62,0.11696,0.08753,0.00405,0.02525,0.625
20,61,hybrid,HYBRID_ALPHA0.3_BETA0.7,0.3,0.7,300,1.05309,0.5437,0.13219,1.66347,0.62208,0.11415,0.09847,0.00418,0.02544,0.625
20,61,hybrid,HYBRID_ALPHA0.4_BETA0.6,0.4,0.6,300,0.41747,0.46813,0.11073,1.7823,0.57302,0.04723,0.03974,0.00214,0.02516,0.575
20,61,hybrid,HYBRID_ALPHA0.5_BETA0.5,0.5,0.5,300,0.41172,0.46106,0.09412,1.53443,0.56452,0.05132,0.04285,0.00193,0.02521,0.5
20,61,hybrid,HYBRID_ALPHA0.6_BETA0.4,0.6,0.4,300,1.37512,0.58647,0.16837,0.55122,0.49858,0.05319,0.04545,0.00334,0.02458,0.55
20,61,hybrid,HYBRID_ALPHA0.7_BETA0.3,0.7,0.3,300,1.55135,0.59527,0.16914,8.40988,0.73149,0.04952,0.04593,0.00331,0.02426,0.55
20,61,hybrid,HYBRID_ALPHA0.8_BETA0.2,0.8,0.2,300,1.79272,0.60722,0.17141,17.32218,0.85158,0.04145,0.04624,0.00324,0.02391,0.55
20,61,hybrid,HYBRID_ALPHA0.9_BETA0.1,0.9,0.1,300,1.63461,0.59993,0.17174,28.55422,0.96789,0.03769,0.05381,0.00302,0.03616,0.5
20,61,hybrid,HYBRID_ALPHA0.1_BETA0.9,0.1,0.9,500,1.14263,0.61169,0.08591,1.75399,0.59035,0.07448,0.05754,0.00321,0.03383,0.6
20,61,hybrid,HYBRID_ALPHA0.2_BETA0.8,0.2,0.8,500,0.86269,0.52025,0.07193,1.44548,0.5788,0.07595,0.0612,0.00274,0.03106,0.6
20,61,hybrid,HYBRID_ALPHA0.3_BETA0.7,0.3,0.7,500,0.86046,0.5135,0.08241,1.2603,0.56118,0.07664,0.06495,0.00275,0.02945,0.6
20,61,hybrid,HYBRID_ALPHA0.4_BETA0.6,0.4,0.6,500,0.82875,0.50835,0.08684,0.45053,0.48826,0.05326,0.04057,0.00275,0.02919,0.625
20,61,hybrid,HYBRID_ALPHA0.5_BETA0.5,0.5,0.5,500,0.49975,0.4787,0.09566,0.44882,0.48715,0.05435,0.04288,0.00274,0.0267,0.65
20,61,hybrid,HYBRID_ALPHA0.6_BETA0.4,0.6,0.4,500,0.46537,0.46528,0.09339,0.44288,0.48477,0.05478,0.04629,0.00268,0.02711,0.6
20,61,hybrid,HYBRID_ALPHA0.7_BETA0.3,0.7,0.3,500,0.47918,0.4701,0.09759,0.43624,0.48207,0.05503,0.0514,0.00279,0.0271,0.6
20,61,hybrid,HYBRID_ALPHA0.8_BETA0.2,0.8,0.2,500,0.4811,0.47288,0.10801,0.43586,0.47758,0.05295,0.05998,0.00298,0.02745,0.55
20,61,hybrid,HYBRID_ALPHA0.9_BETA0.1,0.9,0.1,500,0.51074,0.48205,0.11461,0.42024,0.47313,0.05169,0.07419,0.00318,0.02727,0.6
20,61,mse,MSE,1.0,0.0,50,3.05519,0.81723,0.27773,4.09311,0.6926,0.12304,0.04508,0.00412,0.02292,0.55
20,61,mse,MSE,1.0,0.0,100,2.16585,0.65843,0.1881,8.74675,0.9501,0.14665,0.12227,0.00546,0.01566,0.525
20,61,mse,MSE,1.0,0.0,300,1.30673,0.57246,0.15957,28.05517,1.07409,0.19974,0.11952,0.00453,0.02088,0.5
20,61,mse,MSE,1.0,0.0,500,0.59602,0.49427,0.11935,0.42025,0.46698,0.05364,0.09397,0.00381,0.02767,0.6
