Experiment,Seed,Loss,Conf,Alpha,Beta,N,MSE Y,MAE Y,"HSIC(Y,X)",MSE Z,MAE Z,"HSIC(Z,X)","HSIC(Z,Y)",dHSIC Total,MMD,RF Acc
1,42,hsic,HSIC,0.0,1.0,50,3.02481,0.86292,0.24656,124.20687,2.56372,0.2688,0.147,0.00543,0.26554,0.8
1,42,hsic,HSIC,0.0,1.0,100,4.9657,1.25488,0.23825,125.74613,2.52323,0.1039,0.11256,0.00488,0.11016,0.675
1,42,hsic,HSIC,0.0,1.0,300,4.72015,1.31599,0.15124,125.19708,2.41708,0.10631,0.11521,0.00457,0.14881,0.775
1,42,hsic,HSIC,0.0,1.0,500,3.51859,0.91349,0.0976,121.83551,2.38951,0.09553,0.09568,0.00389,0.40598,0.925
1,42,hybrid,HYBRID_ALPHA0.1_BETA0.9,0.1,0.9,50,2.02905,0.74577,0.23366,10.60504,1.01594,0.13423,0.05056,0.00247,0.07492,0.825
1,42,hybrid,HYBRID_ALPHA0.2_BETA0.8,0.2,0.8,50,1.86258,0.72727,0.23858,1.19062,0.66732,0.09754,0.02628,0.00288,0.03906,0.6
1,42,hybrid,HYBRID_ALPHA0.3_BETA0.7,0.3,0.7,50,1.82532,0.72077,0.24135,1.17289,0.66113,0.11244,0.02633,0.00256,0.0386,0.575
1,42,hybrid,HYBRID_ALPHA0.4_BETA0.6,0.4,0.6,50,1.85927,0.73151,0.2467,1.24541,0.66918,0.12603,0.02854,0.00253,0.03481,0.6
1,42,hybrid,HYBRID_ALPHA0.5_BETA0.5,0.5,0.5,50,1.8603,0.73095,0.24775,1.61248,0.74448,0.04318,0.06794,0.00349,0.04478,0.6
1,42,hybrid,HYBRID_ALPHA0.6_BETA0.4,0.6,0.4,50,2.11435,0.75261,0.24297,1.8091,0.68165,0.08373,0.02641,0.00204,0.04643,0.65
1,42,hybrid,HYBRID_ALPHA0.7_BETA0.3,0.7,0.3,50,2.65994,0.82578,0.25098,1.89214,0.70037,0.03922,0.03011,0.00287,0.05201,0.675
1,42,hybrid,HYBRID_ALPHA0.8_BETA0.2,0.8,0.2,50,2.65928,0.82574,0.25103,1.93946,0.69983,0.04639,0.0268,0.00265,0.05208,0.675
1,42,hybrid,HYBRID_ALPHA0.9_BETA0.1,0.9,0.1,50,2.65815,0.82567,0.25123,29.73744,1.55975,0.43056,0.13733,0.00416,0.13963,0.8
1,42,hybrid,HYBRID_ALPHA0.1_BETA0.9,0.1,0.9,100,3.67913,0.78042,0.22248,4.9919,0.8391,0.0534,0.02801,0.00263,0.03902,0.55
1,42,hybrid,HYBRID_ALPHA0.2_BETA0.8,0.2,0.8,100,3.60996,0.73573,0.2227,6.29242,0.90183,0.05001,0.02696,0.00269,0.03979,0.575
1,42,hybrid,HYBRID_ALPHA0.3_BETA0.7,0.3,0.7,100,3.55227,0.72149,0.21669,6.42038,0.91204,0.05097,0.02735,0.00271,0.03966,0.5
1,42,hybrid,HYBRID_ALPHA0.4_BETA0.6,0.4,0.6,100,3.58357,0.69532,0.21629,6.3092,0.91062,0.05225,0.02791,0.0028,0.04018,0.575
1,42,hybrid,HYBRID_ALPHA0.5_BETA0.5,0.5,0.5,100,3.61026,0.70178,0.22256,6.12009,0.90595,0.05473,0.02885,0.00277,0.03984,0.625
1,42,hybrid,HYBRID_ALPHA0.6_BETA0.4,0.6,0.4,100,3.50562,0.68602,0.21178,5.94177,0.89912,0.06252,0.03096,0.00271,0.04,0.55
1,42,hybrid,HYBRID_ALPHA0.7_BETA0.3,0.7,0.3,100,3.4602,0.6819,0.21007,5.49721,0.89118,0.04217,0.03515,0.00286,0.04087,0.55
1,42,hybrid,HYBRID_ALPHA0.8_BETA0.2,0.8,0.2,100,3.44566,0.68277,0.2126,5.38123,0.89181,0.04337,0.0384,0.0028,0.04039,0.625
1,42,hybrid,HYBRID_ALPHA0.9_BETA0.1,0.9,0.1,100,3.4387,0.68458,0.21608,5.17292,0.88754,0.04464,0.03932,0.0028,0.04044,0.55
1,42,hybrid,HYBRID_ALPHA0.1_BETA0.9,0.1,0.9,300,2.37735,0.70318,0.07627,4.11606,0.78854,0.02788,0.03968,0.00343,0.04178,0.7
1,42,hybrid,HYBRID_ALPHA0.2_BETA0.8,0.2,0.8,300,2.07703,0.60364,0.14557,4.59024,0.82404,0.03095,0.03616,0.00336,0.03937,0.6
1,42,hybrid,HYBRID_ALPHA0.3_BETA0.7,0.3,0.7,300,2.25276,0.61364,0.15425,4.67112,0.82565,0.03205,0.03523,0.00302,0.04043,0.6
1,42,hybrid,HYBRID_ALPHA0.4_BETA0.6,0.4,0.6,300,1.84003,0.6034,0.15293,4.51039,0.81369,0.0471,0.03872,0.00308,0.04465,0.55
1,42,hybrid,HYBRID_ALPHA0.5_BETA0.5,0.5,0.5,300,1.79639,0.59532,0.15669,5.2109,0.84352,0.02436,0.04542,0.00334,0.04635,0.55
1,42,hybrid,HYBRID_ALPHA0.6_BETA0.4,0.6,0.4,300,1.64107,0.57775,0.16026,5.13249,0.84299,0.02504,0.04564,0.00328,0.04292,0.575
1,42,hybrid,HYBRID_ALPHA0.7_BETA0.3,0.7,0.3,300,0.99053,0.50944,0.14551,4.96211,0.84145,0.02511,0.0465,0.00322,0.03402,0.55
1,42,hybrid,HYBRID_ALPHA0.8_BETA0.2,0.8,0.2,300,1.34117,0.55547,0.17149,4.80816,0.83826,0.02572,0.0473,0.00324,0.04014,0.6
1,42,hybrid,HYBRID_ALPHA0.9_BETA0.1,0.9,0.1,300,1.42751,0.56529,0.18959,3.1768,0.77811,0.01653,0.04575,0.00326,0.04337,0.65
1,42,hybrid,HYBRID_ALPHA0.1_BETA0.9,0.1,0.9,500,1.36093,0.639,0.0847,1.07112,0.63679,0.08746,0.02812,0.00301,0.11984,0.775
1,42,hybrid,HYBRID_ALPHA0.2_BETA0.8,0.2,0.8,500,1.11244,0.51326,0.11693,1.20971,0.64965,0.10858,0.02557,0.0026,0.1245,0.75
1,42,hybrid,HYBRID_ALPHA0.3_BETA0.7,0.3,0.7,500,1.05183,0.50493,0.13235,0.77623,0.60666,0.0435,0.03233,0.00286,0.07277,0.65
1,42,hybrid,HYBRID_ALPHA0.4_BETA0.6,0.4,0.6,500,0.82066,0.50741,0.17399,0.6904,0.58491,0.04725,0.03318,0.00272,0.06761,0.625
1,42,hybrid,HYBRID_ALPHA0.5_BETA0.5,0.5,0.5,500,0.80744,0.48827,0.15427,0.82207,0.64725,0.05459,0.04368,0.00322,0.07036,0.6
1,42,hybrid,HYBRID_ALPHA0.6_BETA0.4,0.6,0.4,500,0.58543,0.46024,0.17016,0.94702,0.62563,0.05177,0.04455,0.00274,0.0675,0.65
1,42,hybrid,HYBRID_ALPHA0.7_BETA0.3,0.7,0.3,500,0.60215,0.46646,0.17058,1.06885,0.68275,0.15707,0.04827,0.00233,0.113,0.75
1,42,hybrid,HYBRID_ALPHA0.8_BETA0.2,0.8,0.2,500,0.59833,0.46438,0.17424,0.98928,0.6056,0.05701,0.02929,0.00185,0.05725,0.625
1,42,hybrid,HYBRID_ALPHA0.9_BETA0.1,0.9,0.1,500,0.61193,0.4688,0.1999,0.76519,0.67422,0.13507,0.05768,0.00242,0.0811,0.675
1,42,mse,MSE,1.0,0.0,50,2.29893,0.78196,0.25231,31.41876,1.58927,0.43499,0.1415,0.00424,0.14212,0.85
1,42,mse,MSE,1.0,0.0,100,3.60054,0.69752,0.22616,4.90905,0.87979,0.05568,0.04177,0.00274,0.04006,0.575
1,42,mse,MSE,1.0,0.0,300,1.38457,0.5665,0.21177,3.35303,0.78541,0.01686,0.05062,0.00314,0.04121,0.675
1,42,mse,MSE,1.0,0.0,500,0.64687,0.48603,0.2496,0.68555,0.65426,0.17626,0.05672,0.00149,0.07361,0.675
2,43,hsic,HSIC,0.0,1.0,50,8.02489,1.02503,0.25806,123.22979,2.5586,0.39506,0.1573,0.00553,0.15963,0.8
2,43,hsic,HSIC,0.0,1.0,100,4.9657,1.25488,0.23825,125.72903,2.52027,0.1039,0.11256,0.00488,0.11016,0.675
2,43,hsic,HSIC,0.0,1.0,300,4.72015,1.31599,0.15124,125.19556,2.41719,0.1063,0.1152,0.00457,0.14881,0.775
2,43,hsic,HSIC,0.0,1.0,500,3.51859,0.91349,0.0976,121.83551,2.38951,0.09553,0.09568,0.00389,0.40598,0.925
2,43,hybrid,HYBRID_ALPHA0.1_BETA0.9,0.1,0.9,50,7.93502,1.02051,0.25802,0.77427,0.65599,0.11125,0.02592,0.00267,0.06609,0.75
2,43,hybrid,HYBRID_ALPHA0.2_BETA0.8,0.2,0.8,50,7.92576,1.01894,0.25812,0.92408,0.65152,0.10874,0.02267,0.0023,0.06625,0.725
2,43,hybrid,HYBRID_ALPHA0.3_BETA0.7,0.3,0.7,50,6.09317,0.94016,0.25771,1.22184,0.67734,0.11362,0.02189,0.00274,0.05938,0.675
2,43,hybrid,HYBRID_ALPHA0.4_BETA0.6,0.4,0.6,50,5.51426,0.88334,0.25784,1.34028,0.68488,0.11036,0.02417,0.00286,0.05736,0.65
2,43,hybrid,HYBRID_ALPHA0.5_BETA0.5,0.5,0.5,50,5.51158,0.88203,0.25762,1.4186,0.70446,0.13421,0.02687,0.00298,0.05705,0.7
2,43,hybrid,HYBRID_ALPHA0.6_BETA0.4,0.6,0.4,50,5.42038,0.87745,0.25829,1.49799,0.71727,0.14044,0.03099,0.00298,0.05599,0.7
2,43,hybrid,HYBRID_ALPHA0.7_BETA0.3,0.7,0.3,50,5.68355,0.89529,0.25784,1.73399,0.73532,0.14749,0.03623,0.00297,0.05709,0.7
2,43,hybrid,HYBRID_ALPHA0.8_BETA0.2,0.8,0.2,50,5.68298,0.89487,0.25765,2.42809,0.77729,0.16828,0.03962,0.00283,0.05745,0.725
2,43,hybrid,HYBRID_ALPHA0.9_BETA0.1,0.9,0.1,50,5.68253,0.89461,0.25757,3.58021,0.83409,0.20793,0.04853,0.00278,0.05843,0.725
2,43,hybrid,HYBRID_ALPHA0.1_BETA0.9,0.1,0.9,100,3.67913,0.78042,0.22248,4.99196,0.8391,0.0534,0.02801,0.00263,0.03902,0.55
2,43,hybrid,HYBRID_ALPHA0.2_BETA0.8,0.2,0.8,100,3.60996,0.73573,0.2227,6.28541,0.90144,0.04995,0.02696,0.00269,0.03984,0.575
2,43,hybrid,HYBRID_ALPHA0.3_BETA0.7,0.3,0.7,100,3.55227,0.72149,0.21669,6.42013,0.91202,0.05097,0.02735,0.00271,0.03966,0.5
2,43,hybrid,HYBRID_ALPHA0.4_BETA0.6,0.4,0.6,100,3.58357,0.69532,0.21629,6.30267,0.91009,0.05213,0.02793,0.0028,0.0402,0.575
2,43,hybrid,HYBRID_ALPHA0.5_BETA0.5,0.5,0.5,100,3.61026,0.70178,0.22256,6.12009,0.90595,0.05473,0.02885,0.00277,0.03984,0.625
2,43,hybrid,HYBRID_ALPHA0.6_BETA0.4,0.6,0.4,100,3.50562,0.68602,0.21178,5.94093,0.8991,0.06251,0.03096,0.00271,0.04,0.55
2,43,hybrid,HYBRID_ALPHA0.7_BETA0.3,0.7,0.3,100,3.4602,0.6819,0.21007,5.49721,0.89118,0.04217,0.03515,0.00286,0.04087,0.55
2,43,hybrid,HYBRID_ALPHA0.8_BETA0.2,0.8,0.2,100,3.44566,0.6828,0.21272,5.38098,0.89179,0.04337,0.0384,0.0028,0.0404,0.6
2,43,hybrid,HYBRID_ALPHA0.9_BETA0.1,0.9,0.1,100,3.4387,0.68458,0.21608,5.17399,0.88756,0.04465,0.03932,0.0028,0.04044,0.55
2,43,hybrid,HYBRID_ALPHA0.1_BETA0.9,0.1,0.9,300,2.37045,0.70268,0.07603,4.11606,0.78854,0.02788,0.03968,0.00343,0.04195,0.7
2,43,hybrid,HYBRID_ALPHA0.2_BETA0.8,0.2,0.8,300,2.07703,0.60364,0.14557,4.58987,0.8241,0.03096,0.03616,0.00336,0.03937,0.6
2,43,hybrid,HYBRID_ALPHA0.3_BETA0.7,0.3,0.7,300,2.22046,0.6122,0.1534,4.67017,0.82569,0.03206,0.03523,0.00304,0.04073,0.575
2,43,hybrid,HYBRID_ALPHA0.4_BETA0.6,0.4,0.6,300,1.85035,0.60351,0.15296,4.51249,0.81468,0.04643,0.03893,0.0031,0.04452,0.55
2,43,hybrid,HYBRID_ALPHA0.5_BETA0.5,0.5,0.5,300,1.79639,0.59532,0.15669,5.2109,0.84352,0.02436,0.04542,0.00334,0.04635,0.55
2,43,hybrid,HYBRID_ALPHA0.6_BETA0.4,0.6,0.4,300,1.64107,0.57775,0.16026,5.1331,0.84299,0.02504,0.04563,0.00328,0.04292,0.575
2,43,hybrid,HYBRID_ALPHA0.7_BETA0.3,0.7,0.3,300,0.94778,0.50356,0.14323,4.96348,0.84143,0.02512,0.04649,0.00319,0.03465,0.55
2,43,hybrid,HYBRID_ALPHA0.8_BETA0.2,0.8,0.2,300,1.34117,0.55547,0.17149,4.81328,0.83832,0.02576,0.04728,0.00324,0.04013,0.6
2,43,hybrid,HYBRID_ALPHA0.9_BETA0.1,0.9,0.1,300,1.42751,0.56529,0.18959,3.17761,0.7784,0.01658,0.04574,0.00326,0.04361,0.65
2,43,hybrid,HYBRID_ALPHA0.1_BETA0.9,0.1,0.9,500,1.36093,0.639,0.0847,1.07038,0.63649,0.08747,0.02812,0.00301,0.11983,0.775
2,43,hybrid,HYBRID_ALPHA0.2_BETA0.8,0.2,0.8,500,1.11244,0.51326,0.11693,1.20971,0.64965,0.10858,0.02557,0.0026,0.1245,0.75
2,43,hybrid,HYBRID_ALPHA0.3_BETA0.7,0.3,0.7,500,1.05183,0.50493,0.13235,0.7535,0.59645,0.04349,0.03233,0.00287,0.07271,0.65
2,43,hybrid,HYBRID_ALPHA0.4_BETA0.6,0.4,0.6,500,1.00197,0.51341,0.13753,0.69364,0.58564,0.04726,0.03319,0.00291,0.07241,0.675
2,43,hybrid,HYBRID_ALPHA0.5_BETA0.5,0.5,0.5,500,0.80972,0.4885,0.15372,0.79667,0.63827,0.05458,0.04374,0.00322,0.07036,0.6
2,43,hybrid,HYBRID_ALPHA0.6_BETA0.4,0.6,0.4,500,0.58543,0.46024,0.17016,0.93878,0.6256,0.0519,0.04425,0.00274,0.06742,0.65
2,43,hybrid,HYBRID_ALPHA0.7_BETA0.3,0.7,0.3,500,0.60768,0.46692,0.17042,1.06887,0.68275,0.15707,0.04827,0.00232,0.11305,0.75
2,43,hybrid,HYBRID_ALPHA0.8_BETA0.2,0.8,0.2,500,0.59844,0.46442,0.1742,0.9963,0.60527,0.0564,0.02917,0.00186,0.05729,0.65
2,43,hybrid,HYBRID_ALPHA0.9_BETA0.1,0.9,0.1,500,0.61193,0.4688,0.1999,0.76501,0.674,0.13507,0.05767,0.00242,0.0811,0.675
2,43,mse,MSE,1.0,0.0,50,5.65641,0.89388,0.25754,34.90387,1.61338,0.42216,0.13117,0.00408,0.0901,0.725
2,43,mse,MSE,1.0,0.0,100,3.48188,0.69176,0.22484,4.90725,0.87977,0.05466,0.04153,0.00275,0.04002,0.6
2,43,mse,MSE,1.0,0.0,300,1.38433,0.56642,0.21167,3.30424,0.78342,0.01689,0.05086,0.00314,0.04137,0.675
2,43,mse,MSE,1.0,0.0,500,0.64687,0.48603,0.2496,0.6852,0.65383,0.17627,0.05672,0.00149,0.07361,0.675
3,44,hsic,HSIC,0.0,1.0,50,8.03299,1.02567,0.25787,123.2289,2.55878,0.39515,0.15733,0.00553,0.15967,0.8
3,44,hsic,HSIC,0.0,1.0,100,4.9657,1.25488,0.23825,125.73595,2.52115,0.1039,0.11256,0.00488,0.11016,0.675
3,44,hsic,HSIC,0.0,1.0,300,4.72015,1.31599,0.15124,125.19622,2.41716,0.1063,0.1152,0.00457,0.14881,0.775
3,44,hsic,HSIC,0.0,1.0,500,3.53699,0.91222,0.09759,121.84752,2.39064,0.09554,0.09569,0.00389,0.40599,0.925
3,44,hybrid,HYBRID_ALPHA0.1_BETA0.9,0.1,0.9,50,7.93502,1.02051,0.25802,0.77428,0.65599,0.11125,0.02592,0.00267,0.06609,0.75
3,44,hybrid,HYBRID_ALPHA0.2_BETA0.8,0.2,0.8,50,7.91988,1.01883,0.25811,0.92408,0.65151,0.10874,0.02267,0.0023,0.06623,0.725
3,44,hybrid,HYBRID_ALPHA0.3_BETA0.7,0.3,0.7,50,6.07441,0.93966,0.25778,1.2218,0.67733,0.11362,0.02189,0.00274,0.0594,0.7
3,44,hybrid,HYBRID_ALPHA0.4_BETA0.6,0.4,0.6,50,5.51427,0.88334,0.25784,1.33948,0.68481,0.11035,0.02416,0.00286,0.05737,0.65
3,44,hybrid,HYBRID_ALPHA0.5_BETA0.5,0.5,0.5,50,5.4844,0.88136,0.25761,1.41857,0.70447,0.13421,0.02687,0.00298,0.0571,0.7
3,44,hybrid,HYBRID_ALPHA0.6_BETA0.4,0.6,0.4,50,5.39349,0.87678,0.25827,1.49799,0.71727,0.14044,0.03099,0.00298,0.05605,0.675
3,44,hybrid,HYBRID_ALPHA0.7_BETA0.3,0.7,0.3,50,5.68355,0.89529,0.25784,1.73401,0.73532,0.14749,0.03623,0.00297,0.05709,0.7
3,44,hybrid,HYBRID_ALPHA0.8_BETA0.2,0.8,0.2,50,5.65728,0.89424,0.25763,2.42799,0.77728,0.16828,0.03962,0.00283,0.0575,0.725
3,44,hybrid,HYBRID_ALPHA0.9_BETA0.1,0.9,0.1,50,5.68254,0.89461,0.25757,3.57995,0.83408,0.20793,0.04853,0.00278,0.05843,0.725
3,44,hybrid,HYBRID_ALPHA0.1_BETA0.9,0.1,0.9,100,3.67913,0.78042,0.22248,4.99189,0.83919,0.0534,0.02801,0.00263,0.03902,0.55
3,44,hybrid,HYBRID_ALPHA0.2_BETA0.8,0.2,0.8,100,3.60996,0.73573,0.2227,6.2856,0.90146,0.04995,0.02696,0.00269,0.03984,0.575
3,44,hybrid,HYBRID_ALPHA0.3_BETA0.7,0.3,0.7,100,3.55227,0.72149,0.21669,6.42089,0.91201,0.05097,0.02735,0.00271,0.03966,0.5
3,44,hybrid,HYBRID_ALPHA0.4_BETA0.6,0.4,0.6,100,3.58468,0.69545,0.21669,6.30907,0.91059,0.05225,0.02791,0.0028,0.04018,0.575
3,44,hybrid,HYBRID_ALPHA0.5_BETA0.5,0.5,0.5,100,3.61026,0.70178,0.22256,6.11878,0.90605,0.05475,0.02884,0.00277,0.03984,0.625
3,44,hybrid,HYBRID_ALPHA0.6_BETA0.4,0.6,0.4,100,3.50562,0.68602,0.21178,5.94099,0.89909,0.06251,0.03096,0.00271,0.04,0.55
3,44,hybrid,HYBRID_ALPHA0.7_BETA0.3,0.7,0.3,100,3.4602,0.6819,0.21007,5.4976,0.8912,0.04217,0.03515,0.00286,0.04087,0.55
3,44,hybrid,HYBRID_ALPHA0.8_BETA0.2,0.8,0.2,100,3.44566,0.68277,0.2126,5.38056,0.8918,0.04336,0.0384,0.0028,0.04039,0.625
3,44,hybrid,HYBRID_ALPHA0.9_BETA0.1,0.9,0.1,100,3.4387,0.68458,0.21608,5.17339,0.88755,0.04464,0.03932,0.0028,0.04044,0.55
3,44,hybrid,HYBRID_ALPHA0.1_BETA0.9,0.1,0.9,300,2.37735,0.70318,0.07627,4.11641,0.78855,0.02787,0.03968,0.00343,0.04178,0.7
3,44,hybrid,HYBRID_ALPHA0.2_BETA0.8,0.2,0.8,300,2.07703,0.60364,0.14557,4.58987,0.82408,0.03096,0.03616,0.00336,0.03937,0.6
3,44,hybrid,HYBRID_ALPHA0.3_BETA0.7,0.3,0.7,300,2.25276,0.61364,0.15425,4.67078,0.82561,0.03206,0.03523,0.00302,0.04043,0.6
3,44,hybrid,HYBRID_ALPHA0.4_BETA0.6,0.4,0.6,300,1.84003,0.6034,0.15293,4.47111,0.81202,0.04773,0.03848,0.00307,0.04464,0.55
3,44,hybrid,HYBRID_ALPHA0.5_BETA0.5,0.5,0.5,300,1.79639,0.59532,0.15669,5.20327,0.84321,0.02483,0.04562,0.00333,0.04625,0.55
3,44,hybrid,HYBRID_ALPHA0.6_BETA0.4,0.6,0.4,300,1.64107,0.57775,0.16026,5.13362,0.84295,0.02504,0.04563,0.00328,0.04292,0.575
3,44,hybrid,HYBRID_ALPHA0.7_BETA0.3,0.7,0.3,300,0.99053,0.50944,0.14551,4.96298,0.84144,0.02511,0.04649,0.00322,0.03402,0.55
3,44,hybrid,HYBRID_ALPHA0.8_BETA0.2,0.8,0.2,300,1.34117,0.55547,0.17149,4.81426,0.83834,0.02576,0.04728,0.00324,0.04013,0.6
3,44,hybrid,HYBRID_ALPHA0.9_BETA0.1,0.9,0.1,300,1.42751,0.56529,0.18959,3.17761,0.7784,0.01658,0.04574,0.00326,0.04361,0.65
3,44,hybrid,HYBRID_ALPHA0.1_BETA0.9,0.1,0.9,500,1.36093,0.639,0.0847,1.07041,0.63652,0.08747,0.02812,0.00301,0.11983,0.775
3,44,hybrid,HYBRID_ALPHA0.2_BETA0.8,0.2,0.8,500,1.09349,0.5104,0.11781,1.21031,0.64976,0.10858,0.02557,0.00258,0.12465,0.75
3,44,hybrid,HYBRID_ALPHA0.3_BETA0.7,0.3,0.7,500,0.99603,0.50177,0.14178,0.81652,0.62278,0.04352,0.03234,0.00285,0.07211,0.65
3,44,hybrid,HYBRID_ALPHA0.4_BETA0.6,0.4,0.6,500,1.00197,0.51341,0.13753,0.69871,0.58693,0.04727,0.03319,0.00291,0.07244,0.675
3,44,hybrid,HYBRID_ALPHA0.5_BETA0.5,0.5,0.5,500,0.80972,0.4885,0.15372,0.80221,0.63999,0.05454,0.04372,0.00322,0.0704,0.6
3,44,hybrid,HYBRID_ALPHA0.6_BETA0.4,0.6,0.4,500,0.58543,0.46024,0.17016,0.94239,0.62676,0.05188,0.04446,0.00274,0.06744,0.65
3,44,hybrid,HYBRID_ALPHA0.7_BETA0.3,0.7,0.3,500,0.60768,0.46692,0.17042,1.06887,0.68275,0.15707,0.04827,0.00232,0.11305,0.75
3,44,hybrid,HYBRID_ALPHA0.8_BETA0.2,0.8,0.2,500,0.59844,0.46442,0.1742,0.98928,0.6056,0.05701,0.02929,0.00185,0.05726,0.625
3,44,hybrid,HYBRID_ALPHA0.9_BETA0.1,0.9,0.1,500,0.61193,0.4688,0.1999,0.765,0.67401,0.13507,0.05767,0.00242,0.0811,0.675
3,44,mse,MSE,1.0,0.0,50,5.65641,0.89388,0.25754,34.90392,1.61338,0.42216,0.13117,0.00408,0.0901,0.725
3,44,mse,MSE,1.0,0.0,100,3.60066,0.69752,0.22612,4.90725,0.87977,0.05466,0.04153,0.00274,0.04011,0.575
3,44,mse,MSE,1.0,0.0,300,1.38413,0.56639,0.21169,3.3376,0.7841,0.01686,0.05078,0.00314,0.04128,0.675
3,44,mse,MSE,1.0,0.0,500,0.64687,0.48603,0.2496,0.6852,0.65383,0.17627,0.05672,0.00149,0.07361,0.675
4,45,hsic,HSIC,0.0,1.0,50,8.02495,1.02509,0.25806,123.22971,2.5586,0.39506,0.1573,0.00553,0.15963,0.8
4,45,hsic,HSIC,0.0,1.0,100,4.9657,1.25488,0.23825,125.72713,2.5199,0.1039,0.11256,0.00488,0.11016,0.675
4,45,hsic,HSIC,0.0,1.0,300,4.72015,1.31599,0.15124,125.19525,2.41713,0.1063,0.1152,0.00457,0.14882,0.775
4,45,hsic,HSIC,0.0,1.0,500,3.51859,0.91349,0.0976,121.85255,2.39124,0.09555,0.09569,0.00389,0.40598,0.925
4,45,hybrid,HYBRID_ALPHA0.1_BETA0.9,0.1,0.9,50,7.93497,1.02045,0.25802,0.77426,0.65599,0.11125,0.02592,0.00267,0.06609,0.75
4,45,hybrid,HYBRID_ALPHA0.2_BETA0.8,0.2,0.8,50,7.91988,1.01883,0.25811,0.92412,0.65152,0.10874,0.02267,0.0023,0.06623,0.725
4,45,hybrid,HYBRID_ALPHA0.3_BETA0.7,0.3,0.7,50,6.07441,0.93966,0.25778,1.22186,0.67734,0.11362,0.02189,0.00274,0.0594,0.7
4,45,hybrid,HYBRID_ALPHA0.4_BETA0.6,0.4,0.6,50,5.48714,0.88267,0.25783,1.33949,0.6848,0.11036,0.02416,0.00286,0.05746,0.65
4,45,hybrid,HYBRID_ALPHA0.5_BETA0.5,0.5,0.5,50,5.4844,0.88136,0.25761,1.41851,0.70447,0.13421,0.02687,0.00298,0.0571,0.7
4,45,hybrid,HYBRID_ALPHA0.6_BETA0.4,0.6,0.4,50,5.42083,0.87765,0.25826,1.498,0.71727,0.14044,0.03099,0.00298,0.05597,0.675
4,45,hybrid,HYBRID_ALPHA0.7_BETA0.3,0.7,0.3,50,5.65786,0.89462,0.25782,1.73395,0.73532,0.14749,0.03623,0.00297,0.05714,0.7
4,45,hybrid,HYBRID_ALPHA0.8_BETA0.2,0.8,0.2,50,5.65728,0.89424,0.25763,2.42804,0.77729,0.16828,0.03962,0.00283,0.0575,0.725
4,45,hybrid,HYBRID_ALPHA0.9_BETA0.1,0.9,0.1,50,5.65676,0.89394,0.25755,3.57997,0.83408,0.20793,0.04853,0.00278,0.05848,0.725
4,45,hybrid,HYBRID_ALPHA0.1_BETA0.9,0.1,0.9,100,3.67913,0.78042,0.22248,4.99186,0.83906,0.0534,0.02801,0.00263,0.03902,0.55
4,45,hybrid,HYBRID_ALPHA0.2_BETA0.8,0.2,0.8,100,3.60876,0.73556,0.22236,6.28541,0.90144,0.04995,0.02696,0.0027,0.03982,0.575
4,45,hybrid,HYBRID_ALPHA0.3_BETA0.7,0.3,0.7,100,3.5531,0.72152,0.217,6.42059,0.91203,0.05097,0.02735,0.00271,0.03968,0.5
4,45,hybrid,HYBRID_ALPHA0.4_BETA0.6,0.4,0.6,100,3.58357,0.69532,0.21629,6.30239,0.91018,0.05214,0.02792,0.0028,0.0402,0.575
4,45,hybrid,HYBRID_ALPHA0.5_BETA0.5,0.5,0.5,100,3.61026,0.70178,0.22256,6.12009,0.90595,0.05473,0.02885,0.00277,0.03984,0.625
4,45,hybrid,HYBRID_ALPHA0.6_BETA0.4,0.6,0.4,100,3.50562,0.68602,0.21178,5.94025,0.89904,0.06251,0.03096,0.00271,0.04,0.55
4,45,hybrid,HYBRID_ALPHA0.7_BETA0.3,0.7,0.3,100,3.4602,0.6819,0.21007,5.4969,0.8912,0.04216,0.03515,0.00286,0.04087,0.55
4,45,hybrid,HYBRID_ALPHA0.8_BETA0.2,0.8,0.2,100,3.44566,0.6828,0.21272,5.38123,0.89181,0.04337,0.0384,0.0028,0.0404,0.6
4,45,hybrid,HYBRID_ALPHA0.9_BETA0.1,0.9,0.1,100,3.4387,0.68458,0.21608,5.17282,0.88751,0.04465,0.03932,0.0028,0.04044,0.55
4,45,hybrid,HYBRID_ALPHA0.1_BETA0.9,0.1,0.9,300,2.37735,0.70318,0.07627,4.11609,0.78854,0.02788,0.03968,0.00343,0.04178,0.7
4,45,hybrid,HYBRID_ALPHA0.2_BETA0.8,0.2,0.8,300,2.07703,0.60364,0.14557,4.58985,0.8241,0.03096,0.03616,0.00336,0.03937,0.6
4,45,hybrid,HYBRID_ALPHA0.3_BETA0.7,0.3,0.7,300,2.25276,0.61364,0.15425,4.67078,0.82561,0.03206,0.03523,0.00302,0.04043,0.6
4,45,hybrid,HYBRID_ALPHA0.4_BETA0.6,0.4,0.6,300,1.84003,0.6034,0.15293,4.47115,0.81203,0.04773,0.03848,0.00307,0.04464,0.55
4,45,hybrid,HYBRID_ALPHA0.5_BETA0.5,0.5,0.5,300,1.79639,0.59532,0.15669,5.21063,0.84352,0.02436,0.04542,0.00334,0.04635,0.55
4,45,hybrid,HYBRID_ALPHA0.6_BETA0.4,0.6,0.4,300,1.64107,0.57775,0.16026,5.13273,0.84294,0.02505,0.04563,0.00328,0.04292,0.575
4,45,hybrid,HYBRID_ALPHA0.7_BETA0.3,0.7,0.3,300,0.94438,0.5028,0.14295,4.96298,0.84144,0.02511,0.04649,0.00319,0.03471,0.575
4,45,hybrid,HYBRID_ALPHA0.8_BETA0.2,0.8,0.2,300,1.34117,0.55547,0.17149,4.81361,0.83831,0.02576,0.04728,0.00324,0.04013,0.6
4,45,hybrid,HYBRID_ALPHA0.9_BETA0.1,0.9,0.1,300,1.42751,0.56529,0.18959,3.15874,0.7776,0.01662,0.04575,0.00326,0.04367,0.65
4,45,hybrid,HYBRID_ALPHA0.1_BETA0.9,0.1,0.9,500,1.36093,0.639,0.0847,1.0704,0.63651,0.08747,0.02812,0.00301,0.11983,0.775
4,45,hybrid,HYBRID_ALPHA0.2_BETA0.8,0.2,0.8,500,1.11244,0.51326,0.11693,1.20988,0.64972,0.10858,0.02557,0.00261,0.1245,0.75
4,45,hybrid,HYBRID_ALPHA0.3_BETA0.7,0.3,0.7,500,1.05183,0.50493,0.13235,0.75728,0.59811,0.0435,0.03232,0.00287,0.07273,0.65
4,45,hybrid,HYBRID_ALPHA0.4_BETA0.6,0.4,0.6,500,1.00197,0.51341,0.13753,0.68572,0.58377,0.04725,0.03317,0.00291,0.07236,0.675
4,45,hybrid,HYBRID_ALPHA0.5_BETA0.5,0.5,0.5,500,0.80972,0.4885,0.15372,0.79487,0.63766,0.05458,0.04373,0.00322,0.07035,0.6
4,45,hybrid,HYBRID_ALPHA0.6_BETA0.4,0.6,0.4,500,0.58543,0.46024,0.17016,0.93494,0.62461,0.05198,0.04406,0.00275,0.06734,0.65
4,45,hybrid,HYBRID_ALPHA0.7_BETA0.3,0.7,0.3,500,0.60581,0.46677,0.17033,1.06887,0.68275,0.15707,0.04827,0.00233,0.11305,0.75
4,45,hybrid,HYBRID_ALPHA0.8_BETA0.2,0.8,0.2,500,0.59844,0.46442,0.1742,0.99871,0.60561,0.05673,0.02923,0.00185,0.05734,0.625
4,45,hybrid,HYBRID_ALPHA0.9_BETA0.1,0.9,0.1,500,0.61193,0.4688,0.1999,0.76517,0.67429,0.13506,0.05768,0.00242,0.0811,0.675
4,45,mse,MSE,1.0,0.0,50,5.65641,0.89388,0.25754,34.90391,1.61338,0.42216,0.13117,0.00408,0.0901,0.725
4,45,mse,MSE,1.0,0.0,100,3.59445,0.69683,0.22559,4.90791,0.87976,0.05467,0.04153,0.00274,0.04016,0.625
4,45,mse,MSE,1.0,0.0,300,1.38413,0.56639,0.21169,3.39005,0.78648,0.01689,0.05045,0.00313,0.04061,0.675
4,45,mse,MSE,1.0,0.0,500,0.64935,0.48634,0.24981,0.6852,0.65383,0.17627,0.05672,0.00149,0.07356,0.675
5,46,hsic,HSIC,0.0,1.0,50,8.02489,1.02503,0.25806,123.22979,2.5586,0.39506,0.1573,0.00553,0.15963,0.8
5,46,hsic,HSIC,0.0,1.0,100,4.9657,1.25488,0.23825,125.71998,2.51847,0.1039,0.11256,0.00488,0.11017,0.675
5,46,hsic,HSIC,0.0,1.0,300,4.72015,1.31599,0.15124,125.19352,2.41696,0.10629,0.11519,0.00457,0.14881,0.775
5,46,hsic,HSIC,0.0,1.0,500,3.51859,0.91349,0.0976,121.83444,2.3894,0.09553,0.09568,0.00389,0.40598,0.925
5,46,hybrid,HYBRID_ALPHA0.1_BETA0.9,0.1,0.9,50,7.9409,1.02062,0.25803,0.7743,0.65599,0.11125,0.02592,0.00267,0.06609,0.75
5,46,hybrid,HYBRID_ALPHA0.2_BETA0.8,0.2,0.8,50,7.92576,1.01894,0.25812,0.92408,0.65152,0.10874,0.02267,0.0023,0.06625,0.725
5,46,hybrid,HYBRID_ALPHA0.3_BETA0.7,0.3,0.7,50,6.09293,0.94007,0.2578,1.22184,0.67734,0.11362,0.02189,0.00274,0.05939,0.7
5,46,hybrid,HYBRID_ALPHA0.4_BETA0.6,0.4,0.6,50,5.48714,0.88267,0.25783,1.33949,0.6848,0.11035,0.02416,0.00286,0.05746,0.65
5,46,hybrid,HYBRID_ALPHA0.5_BETA0.5,0.5,0.5,50,5.4844,0.88136,0.25761,1.4183,0.70452,0.13421,0.02687,0.00298,0.0571,0.7
5,46,hybrid,HYBRID_ALPHA0.6_BETA0.4,0.6,0.4,50,5.42083,0.87765,0.25826,1.49799,0.71727,0.14044,0.03099,0.00298,0.05597,0.675
5,46,hybrid,HYBRID_ALPHA0.7_BETA0.3,0.7,0.3,50,5.65786,0.89462,0.25782,1.73397,0.73532,0.14749,0.03623,0.00297,0.05714,0.7
5,46,hybrid,HYBRID_ALPHA0.8_BETA0.2,0.8,0.2,50,5.68298,0.89487,0.25765,2.42809,0.77729,0.16828,0.03962,0.00283,0.05745,0.725
5,46,hybrid,HYBRID_ALPHA0.9_BETA0.1,0.9,0.1,50,5.6825,0.89457,0.25756,3.58004,0.83408,0.20793,0.04853,0.00278,0.05843,0.725
5,46,hybrid,HYBRID_ALPHA0.1_BETA0.9,0.1,0.9,100,3.67913,0.78042,0.22248,4.99189,0.83919,0.0534,0.02801,0.00263,0.03902,0.55
5,46,hybrid,HYBRID_ALPHA0.2_BETA0.8,0.2,0.8,100,3.60996,0.73573,0.2227,6.28541,0.90144,0.04995,0.02696,0.00269,0.03984,0.575
5,46,hybrid,HYBRID_ALPHA0.3_BETA0.7,0.3,0.7,100,3.55227,0.72149,0.21669,6.42013,0.91202,0.05097,0.02735,0.00271,0.03966,0.5
5,46,hybrid,HYBRID_ALPHA0.4_BETA0.6,0.4,0.6,100,3.58357,0.69532,0.21629,6.30907,0.91077,0.05225,0.02791,0.0028,0.04018,0.575
5,46,hybrid,HYBRID_ALPHA0.5_BETA0.5,0.5,0.5,100,3.61025,0.70178,0.22256,6.12009,0.90595,0.05473,0.02885,0.00277,0.03984,0.625
5,46,hybrid,HYBRID_ALPHA0.6_BETA0.4,0.6,0.4,100,3.50562,0.68602,0.21178,5.93973,0.89902,0.0625,0.03096,0.00271,0.04,0.55
5,46,hybrid,HYBRID_ALPHA0.7_BETA0.3,0.7,0.3,100,3.4602,0.6819,0.21007,5.49753,0.89118,0.04217,0.03515,0.00286,0.04087,0.55
5,46,hybrid,HYBRID_ALPHA0.8_BETA0.2,0.8,0.2,100,3.44566,0.68277,0.2126,5.38149,0.89179,0.04337,0.0384,0.0028,0.04039,0.625
5,46,hybrid,HYBRID_ALPHA0.9_BETA0.1,0.9,0.1,100,3.4387,0.68458,0.21608,5.17339,0.88755,0.04464,0.03932,0.0028,0.04044,0.55
5,46,hybrid,HYBRID_ALPHA0.1_BETA0.9,0.1,0.9,300,2.37045,0.70268,0.07603,4.11609,0.78854,0.02788,0.03968,0.00343,0.04195,0.7
5,46,hybrid,HYBRID_ALPHA0.2_BETA0.8,0.2,0.8,300,2.04819,0.6029,0.14802,4.59024,0.82404,0.03095,0.03616,0.00339,0.03968,0.575
5,46,hybrid,HYBRID_ALPHA0.3_BETA0.7,0.3,0.7,300,2.25276,0.61364,0.15425,4.67078,0.82561,0.03206,0.03523,0.00302,0.04043,0.6
5,46,hybrid,HYBRID_ALPHA0.4_BETA0.6,0.4,0.6,300,1.85512,0.60344,0.15294,4.51084,0.8171,0.04398,0.03862,0.00314,0.04475,0.575
5,46,hybrid,HYBRID_ALPHA0.5_BETA0.5,0.5,0.5,300,1.79639,0.59532,0.15669,5.20317,0.84322,0.02485,0.04562,0.00333,0.04625,0.55
5,46,hybrid,HYBRID_ALPHA0.6_BETA0.4,0.6,0.4,300,1.64107,0.57775,0.16026,5.13331,0.84296,0.02505,0.04563,0.00328,0.04292,0.575
5,46,hybrid,HYBRID_ALPHA0.7_BETA0.3,0.7,0.3,300,0.93828,0.50219,0.14311,4.96396,0.84141,0.02512,0.04649,0.00319,0.03472,0.55
5,46,hybrid,HYBRID_ALPHA0.8_BETA0.2,0.8,0.2,300,1.34117,0.55547,0.17149,4.81422,0.8383,0.02577,0.04728,0.00324,0.04013,0.6
5,46,hybrid,HYBRID_ALPHA0.9_BETA0.1,0.9,0.1,300,1.42751,0.56529,0.18959,3.18081,0.77802,0.01648,0.04551,0.00325,0.04317,0.675
5,46,hybrid,HYBRID_ALPHA0.1_BETA0.9,0.1,0.9,500,1.35613,0.63777,0.08436,1.06973,0.63599,0.08744,0.02812,0.003,0.11969,0.775
5,46,hybrid,HYBRID_ALPHA0.2_BETA0.8,0.2,0.8,500,1.11244,0.51326,0.11693,1.20971,0.64965,0.10858,0.02557,0.0026,0.1245,0.75
5,46,hybrid,HYBRID_ALPHA0.3_BETA0.7,0.3,0.7,500,1.05183,0.50493,0.13235,0.76636,0.60224,0.0435,0.03233,0.00287,0.07276,0.65
5,46,hybrid,HYBRID_ALPHA0.4_BETA0.6,0.4,0.6,500,1.00197,0.51341,0.13753,0.6904,0.58491,0.04725,0.03318,0.00291,0.07238,0.675
5,46,hybrid,HYBRID_ALPHA0.5_BETA0.5,0.5,0.5,500,0.81795,0.48907,0.15178,0.79667,0.63827,0.05458,0.04374,0.00323,0.07051,0.625
5,46,hybrid,HYBRID_ALPHA0.6_BETA0.4,0.6,0.4,500,0.58785,0.46066,0.17057,0.94284,0.62669,0.05182,0.04441,0.00275,0.06742,0.65
5,46,hybrid,HYBRID_ALPHA0.7_BETA0.3,0.7,0.3,500,0.60768,0.46692,0.17042,1.06856,0.68259,0.15705,0.04827,0.00232,0.11305,0.75
5,46,hybrid,HYBRID_ALPHA0.8_BETA0.2,0.8,0.2,500,0.59087,0.4633,0.17328,0.98928,0.6056,0.05701,0.02929,0.00185,0.05718,0.625
5,46,hybrid,HYBRID_ALPHA0.9_BETA0.1,0.9,0.1,500,0.61178,0.46865,0.19977,0.765,0.67404,0.13507,0.05767,0.00242,0.08107,0.675
5,46,mse,MSE,1.0,0.0,50,5.6564,0.89384,0.25753,34.82806,1.61207,0.42207,0.13091,0.00407,0.09029,0.725
5,46,mse,MSE,1.0,0.0,100,3.60066,0.69752,0.22612,4.90725,0.87977,0.05466,0.04153,0.00274,0.04011,0.575
5,46,mse,MSE,1.0,0.0,300,1.38413,0.56639,0.21169,3.3041,0.78315,0.01687,0.05109,0.00315,0.04189,0.675
5,46,mse,MSE,1.0,0.0,500,0.64687,0.48603,0.2496,0.68548,0.65412,0.17626,0.05673,0.00149,0.07361,0.675
6,47,hsic,HSIC,0.0,1.0,50,8.02495,1.02509,0.25806,123.22955,2.55859,0.39506,0.1573,0.00553,0.15963,0.8
6,47,hsic,HSIC,0.0,1.0,100,4.9657,1.25488,0.23825,125.73293,2.52132,0.1039,0.11256,0.00488,0.11016,0.675
6,47,hsic,HSIC,0.0,1.0,300,4.72015,1.31599,0.15124,125.19525,2.41713,0.1063,0.1152,0.00457,0.14882,0.775
6,47,hsic,HSIC,0.0,1.0,500,3.51859,0.91349,0.0976,121.83551,2.38951,0.09553,0.09568,0.00389,0.40598,0.925
6,47,hybrid,HYBRID_ALPHA0.1_BETA0.9,0.1,0.9,50,7.93497,1.02045,0.25802,0.77422,0.656,0.11125,0.02592,0.00267,0.06609,0.75
6,47,hybrid,HYBRID_ALPHA0.2_BETA0.8,0.2,0.8,50,7.91988,1.01883,0.25811,0.92408,0.65152,0.10874,0.02267,0.0023,0.06623,0.725
6,47,hybrid,HYBRID_ALPHA0.3_BETA0.7,0.3,0.7,50,6.09294,0.94009,0.25779,1.22186,0.67734,0.11362,0.02189,0.00274,0.05939,0.7
6,47,hybrid,HYBRID_ALPHA0.4_BETA0.6,0.4,0.6,50,5.51476,0.8836,0.25783,1.33946,0.6848,0.11035,0.02416,0.00285,0.05736,0.65
6,47,hybrid,HYBRID_ALPHA0.5_BETA0.5,0.5,0.5,50,5.51158,0.88203,0.25762,1.41841,0.70449,0.13421,0.02687,0.00298,0.05705,0.7
6,47,hybrid,HYBRID_ALPHA0.6_BETA0.4,0.6,0.4,50,5.42037,0.87741,0.25828,1.49797,0.71727,0.14044,0.03099,0.00298,0.05599,0.7
6,47,hybrid,HYBRID_ALPHA0.7_BETA0.3,0.7,0.3,50,5.68355,0.89529,0.25784,1.73395,0.73532,0.14749,0.03623,0.00297,0.05709,0.7
6,47,hybrid,HYBRID_ALPHA0.8_BETA0.2,0.8,0.2,50,5.65725,0.8942,0.25763,2.42809,0.77729,0.16828,0.03962,0.00283,0.0575,0.725
6,47,hybrid,HYBRID_ALPHA0.9_BETA0.1,0.9,0.1,50,5.65676,0.89394,0.25755,3.58024,0.8341,0.20793,0.04853,0.00278,0.05848,0.725
6,47,hybrid,HYBRID_ALPHA0.1_BETA0.9,0.1,0.9,100,3.71243,0.77736,0.22222,4.99189,0.83919,0.0534,0.02801,0.00263,0.03913,0.5
6,47,hybrid,HYBRID_ALPHA0.2_BETA0.8,0.2,0.8,100,3.60996,0.73573,0.2227,6.28525,0.90141,0.04996,0.02696,0.00269,0.03984,0.575
6,47,hybrid,HYBRID_ALPHA0.3_BETA0.7,0.3,0.7,100,3.55227,0.72149,0.21669,6.42047,0.91211,0.05097,0.02735,0.00271,0.03966,0.5
6,47,hybrid,HYBRID_ALPHA0.4_BETA0.6,0.4,0.6,100,3.58357,0.69532,0.21629,6.30945,0.91068,0.05225,0.02791,0.0028,0.04018,0.575
6,47,hybrid,HYBRID_ALPHA0.5_BETA0.5,0.5,0.5,100,3.61026,0.70178,0.22256,6.12023,0.90592,0.05473,0.02885,0.00277,0.03984,0.625
6,47,hybrid,HYBRID_ALPHA0.6_BETA0.4,0.6,0.4,100,3.50562,0.68602,0.21178,5.94106,0.8991,0.06251,0.03096,0.00271,0.04,0.55
6,47,hybrid,HYBRID_ALPHA0.7_BETA0.3,0.7,0.3,100,3.4602,0.6819,0.21007,5.49721,0.89118,0.04217,0.03515,0.00286,0.04087,0.55
6,47,hybrid,HYBRID_ALPHA0.8_BETA0.2,0.8,0.2,100,3.44597,0.68279,0.21256,5.38098,0.89179,0.04337,0.0384,0.0028,0.04039,0.625
6,47,hybrid,HYBRID_ALPHA0.9_BETA0.1,0.9,0.1,100,3.4387,0.68458,0.21608,5.17217,0.88749,0.04464,0.03932,0.0028,0.04044,0.55
6,47,hybrid,HYBRID_ALPHA0.1_BETA0.9,0.1,0.9,300,2.37735,0.70318,0.07627,4.11665,0.78857,0.02787,0.03968,0.00343,0.04178,0.7
6,47,hybrid,HYBRID_ALPHA0.2_BETA0.8,0.2,0.8,300,2.07703,0.60364,0.14557,4.58999,0.82409,0.03096,0.03616,0.00336,0.03937,0.6
6,47,hybrid,HYBRID_ALPHA0.3_BETA0.7,0.3,0.7,300,2.25276,0.61364,0.15425,4.67085,0.82567,0.03205,0.03523,0.00302,0.04043,0.6
6,47,hybrid,HYBRID_ALPHA0.4_BETA0.6,0.4,0.6,300,1.84003,0.6034,0.15293,4.50907,0.81445,0.04654,0.03889,0.00309,0.04467,0.55
6,47,hybrid,HYBRID_ALPHA0.5_BETA0.5,0.5,0.5,300,1.79639,0.59532,0.15669,5.21082,0.84351,0.02436,0.04542,0.00334,0.04635,0.55
6,47,hybrid,HYBRID_ALPHA0.6_BETA0.4,0.6,0.4,300,1.63523,0.57743,0.16039,5.131,0.84308,0.02502,0.04565,0.00328,0.04297,0.6
6,47,hybrid,HYBRID_ALPHA0.7_BETA0.3,0.7,0.3,300,0.99053,0.50944,0.14551,4.96464,0.84141,0.02513,0.04648,0.00322,0.03402,0.55
6,47,hybrid,HYBRID_ALPHA0.8_BETA0.2,0.8,0.2,300,1.34117,0.55547,0.17149,4.81408,0.83833,0.02576,0.04728,0.00324,0.04013,0.6
6,47,hybrid,HYBRID_ALPHA0.9_BETA0.1,0.9,0.1,300,1.42751,0.56529,0.18959,3.2193,0.77958,0.01654,0.04562,0.00325,0.04329,0.65
6,47,hybrid,HYBRID_ALPHA0.1_BETA0.9,0.1,0.9,500,1.36093,0.639,0.0847,1.07041,0.63651,0.08747,0.02812,0.00301,0.11983,0.775
6,47,hybrid,HYBRID_ALPHA0.2_BETA0.8,0.2,0.8,500,1.09495,0.51059,0.1178,1.20939,0.64963,0.10858,0.02557,0.00258,0.12459,0.75
6,47,hybrid,HYBRID_ALPHA0.3_BETA0.7,0.3,0.7,500,1.05183,0.50493,0.13235,0.77623,0.60666,0.0435,0.03233,0.00286,0.07277,0.65
6,47,hybrid,HYBRID_ALPHA0.4_BETA0.6,0.4,0.6,500,1.00197,0.51341,0.13753,0.69721,0.58658,0.04727,0.0332,0.00291,0.07242,0.675
6,47,hybrid,HYBRID_ALPHA0.5_BETA0.5,0.5,0.5,500,0.80972,0.4885,0.15372,0.80729,0.64186,0.05459,0.04372,0.00322,0.07037,0.6
6,47,hybrid,HYBRID_ALPHA0.6_BETA0.4,0.6,0.4,500,0.58543,0.46024,0.17016,0.9346,0.62386,0.05203,0.04375,0.00275,0.06725,0.65
6,47,hybrid,HYBRID_ALPHA0.7_BETA0.3,0.7,0.3,500,0.60768,0.46692,0.17042,1.01222,0.67636,0.15261,0.04874,0.00216,0.10916,0.725
6,47,hybrid,HYBRID_ALPHA0.8_BETA0.2,0.8,0.2,500,0.59833,0.46438,0.17424,1.00162,0.60644,0.05708,0.02948,0.00183,0.05722,0.65
6,47,hybrid,HYBRID_ALPHA0.9_BETA0.1,0.9,0.1,500,0.61193,0.4688,0.1999,0.7651,0.67419,0.13506,0.05767,0.00242,0.08111,0.675
6,47,mse,MSE,1.0,0.0,50,5.65639,0.89384,0.25753,34.90381,1.61338,0.42216,0.13117,0.00408,0.0901,0.725
6,47,mse,MSE,1.0,0.0,100,3.48983,0.69253,0.22552,4.90751,0.87975,0.05467,0.04153,0.00275,0.04,0.575
6,47,mse,MSE,1.0,0.0,300,1.38413,0.56639,0.21169,3.3041,0.78315,0.01687,0.05109,0.00315,0.04189,0.675
6,47,mse,MSE,1.0,0.0,500,0.64687,0.48603,0.2496,0.6852,0.65383,0.17627,0.05672,0.00149,0.07361,0.675
7,48,hsic,HSIC,0.0,1.0,50,8.03299,1.02567,0.25787,123.22967,2.5586,0.39506,0.1573,0.00553,0.15967,0.8
7,48,hsic,HSIC,0.0,1.0,100,4.9657,1.25488,0.23825,125.73067,2.52058,0.1039,0.11256,0.00488,0.11016,0.675
7,48,hsic,HSIC,0.0,1.0,300,4.72015,1.31599,0.15124,125.19552,2.4172,0.1063,0.1152,0.00457,0.14882,0.775
7,48,hsic,HSIC,0.0,1.0,500,3.57208,0.91084,0.09759,121.83551,2.38951,0.09553,0.09568,0.00389,0.40601,0.925
7,48,hybrid,HYBRID_ALPHA0.1_BETA0.9,0.1,0.9,50,7.93497,1.02045,0.25802,0.77422,0.656,0.11125,0.02592,0.00267,0.06609,0.75
7,48,hybrid,HYBRID_ALPHA0.2_BETA0.8,0.2,0.8,50,7.92571,1.01889,0.25813,0.92409,0.65152,0.10874,0.02267,0.0023,0.06625,0.725
7,48,hybrid,HYBRID_ALPHA0.3_BETA0.7,0.3,0.7,50,6.07441,0.93966,0.25778,1.22182,0.67733,0.11362,0.02189,0.00274,0.0594,0.7
7,48,hybrid,HYBRID_ALPHA0.4_BETA0.6,0.4,0.6,50,5.51476,0.8836,0.25783,1.33948,0.68481,0.11035,0.02416,0.00285,0.05736,0.65
7,48,hybrid,HYBRID_ALPHA0.5_BETA0.5,0.5,0.5,50,5.51156,0.882,0.25761,1.41858,0.70447,0.13421,0.02687,0.00298,0.05705,0.7
7,48,hybrid,HYBRID_ALPHA0.6_BETA0.4,0.6,0.4,50,5.39349,0.87678,0.25827,1.49801,0.71727,0.14044,0.03099,0.00298,0.05605,0.675
7,48,hybrid,HYBRID_ALPHA0.7_BETA0.3,0.7,0.3,50,5.65789,0.89467,0.25783,1.73406,0.73533,0.14749,0.03623,0.00297,0.05714,0.7
7,48,hybrid,HYBRID_ALPHA0.8_BETA0.2,0.8,0.2,50,5.68298,0.89487,0.25765,2.42809,0.77729,0.16828,0.03962,0.00283,0.05745,0.725
7,48,hybrid,HYBRID_ALPHA0.9_BETA0.1,0.9,0.1,50,5.68254,0.89461,0.25757,3.58021,0.83409,0.20793,0.04853,0.00278,0.05843,0.725
7,48,hybrid,HYBRID_ALPHA0.1_BETA0.9,0.1,0.9,100,3.67913,0.78042,0.22248,4.99213,0.83909,0.0534,0.02801,0.00263,0.03902,0.55
7,48,hybrid,HYBRID_ALPHA0.2_BETA0.8,0.2,0.8,100,3.60275,0.73559,0.22321,6.28591,0.90139,0.04995,0.02696,0.00269,0.03983,0.6
7,48,hybrid,HYBRID_ALPHA0.3_BETA0.7,0.3,0.7,100,3.55227,0.72149,0.21669,6.42129,0.91211,0.05097,0.02735,0.00271,0.03966,0.5
7,48,hybrid,HYBRID_ALPHA0.4_BETA0.6,0.4,0.6,100,3.58468,0.69545,0.21669,6.30936,0.91066,0.05225,0.02791,0.0028,0.04018,0.575
7,48,hybrid,HYBRID_ALPHA0.5_BETA0.5,0.5,0.5,100,3.61436,0.70261,0.22355,6.12009,0.90595,0.05473,0.02885,0.00276,0.03975,0.625
7,48,hybrid,HYBRID_ALPHA0.6_BETA0.4,0.6,0.4,100,3.50562,0.68602,0.21178,5.94036,0.89904,0.06251,0.03096,0.00271,0.04,0.55
7,48,hybrid,HYBRID_ALPHA0.7_BETA0.3,0.7,0.3,100,3.4602,0.6819,0.21007,5.49721,0.89118,0.04217,0.03515,0.00286,0.04087,0.55
7,48,hybrid,HYBRID_ALPHA0.8_BETA0.2,0.8,0.2,100,3.44566,0.68277,0.2126,5.38056,0.89178,0.04336,0.0384,0.0028,0.04039,0.625
7,48,hybrid,HYBRID_ALPHA0.9_BETA0.1,0.9,0.1,100,3.4387,0.68458,0.21608,5.17256,0.8875,0.04464,0.03932,0.0028,0.04044,0.55
7,48,hybrid,HYBRID_ALPHA0.1_BETA0.9,0.1,0.9,300,2.37735,0.70318,0.07627,4.11888,0.78867,0.02787,0.0397,0.00343,0.0418,0.7
7,48,hybrid,HYBRID_ALPHA0.2_BETA0.8,0.2,0.8,300,2.07703,0.60364,0.14557,4.59009,0.82406,0.03095,0.03616,0.00336,0.03937,0.6
7,48,hybrid,HYBRID_ALPHA0.3_BETA0.7,0.3,0.7,300,2.25276,0.61364,0.15425,4.66901,0.82571,0.03206,0.03523,0.00302,0.04043,0.6
7,48,hybrid,HYBRID_ALPHA0.4_BETA0.6,0.4,0.6,300,1.84003,0.6034,0.15293,4.50752,0.81354,0.04719,0.03868,0.00308,0.04465,0.55
7,48,hybrid,HYBRID_ALPHA0.5_BETA0.5,0.5,0.5,300,1.79639,0.59532,0.15669,5.2037,0.8432,0.02483,0.04562,0.00333,0.04625,0.55
7,48,hybrid,HYBRID_ALPHA0.6_BETA0.4,0.6,0.4,300,1.62921,0.57744,0.16073,5.13315,0.84297,0.02504,0.04563,0.00327,0.04295,0.575
7,48,hybrid,HYBRID_ALPHA0.7_BETA0.3,0.7,0.3,300,0.99053,0.50944,0.14551,4.96211,0.84145,0.02511,0.0465,0.00322,0.03402,0.55
7,48,hybrid,HYBRID_ALPHA0.8_BETA0.2,0.8,0.2,300,1.34117,0.55547,0.17149,4.80837,0.83828,0.02572,0.0473,0.00324,0.04014,0.6
7,48,hybrid,HYBRID_ALPHA0.9_BETA0.1,0.9,0.1,300,1.42751,0.56529,0.18959,3.1083,0.77572,0.01665,0.04594,0.00327,0.04393,0.65
7,48,hybrid,HYBRID_ALPHA0.1_BETA0.9,0.1,0.9,500,1.36093,0.639,0.0847,1.07041,0.63652,0.08747,0.02812,0.00301,0.11983,0.775
7,48,hybrid,HYBRID_ALPHA0.2_BETA0.8,0.2,0.8,500,1.11244,0.51326,0.11693,1.2097,0.64965,0.10858,0.02557,0.0026,0.1245,0.75
7,48,hybrid,HYBRID_ALPHA0.3_BETA0.7,0.3,0.7,500,1.04252,0.50425,0.1335,0.74567,0.5925,0.04349,0.03232,0.00286,0.07258,0.65
7,48,hybrid,HYBRID_ALPHA0.4_BETA0.6,0.4,0.6,500,1.00197,0.51341,0.13753,0.68223,0.58297,0.04724,0.03317,0.00291,0.07234,0.675
7,48,hybrid,HYBRID_ALPHA0.5_BETA0.5,0.5,0.5,500,0.81502,0.48866,0.15245,0.80864,0.64231,0.05458,0.04371,0.00323,0.07049,0.6
7,48,hybrid,HYBRID_ALPHA0.6_BETA0.4,0.6,0.4,500,0.58543,0.46024,0.17016,0.92863,0.62346,0.05203,0.04366,0.00275,0.06723,0.65
7,48,hybrid,HYBRID_ALPHA0.7_BETA0.3,0.7,0.3,500,0.60768,0.46692,0.17042,1.06887,0.68275,0.15707,0.04827,0.00232,0.11305,0.75
7,48,hybrid,HYBRID_ALPHA0.8_BETA0.2,0.8,0.2,500,0.59844,0.46442,0.1742,1.00003,0.60599,0.05706,0.02938,0.00184,0.05724,0.65
7,48,hybrid,HYBRID_ALPHA0.9_BETA0.1,0.9,0.1,500,0.61193,0.4688,0.1999,0.7651,0.67419,0.13506,0.05767,0.00242,0.08111,0.675
7,48,mse,MSE,1.0,0.0,50,5.65641,0.89388,0.25754,34.90392,1.61338,0.42216,0.13117,0.00408,0.0901,0.725
7,48,mse,MSE,1.0,0.0,100,3.48983,0.69253,0.22552,4.9068,0.87975,0.05466,0.04153,0.00275,0.04,0.575
7,48,mse,MSE,1.0,0.0,300,1.38413,0.56639,0.21169,3.3041,0.78315,0.01687,0.05109,0.00315,0.04189,0.675
7,48,mse,MSE,1.0,0.0,500,0.64687,0.48603,0.2496,0.68521,0.65384,0.17627,0.05672,0.00149,0.07361,0.675
8,49,hsic,HSIC,0.0,1.0,50,8.02489,1.02503,0.25806,123.26008,2.55854,0.39522,0.15733,0.00553,0.15967,0.8
8,49,hsic,HSIC,0.0,1.0,100,4.9657,1.25488,0.23825,125.73952,2.52147,0.1039,0.11256,0.00488,0.11016,0.675
8,49,hsic,HSIC,0.0,1.0,300,4.72015,1.31599,0.15124,125.19525,2.41713,0.1063,0.1152,0.00457,0.14882,0.775
8,49,hsic,HSIC,0.0,1.0,500,3.51859,0.91349,0.0976,121.83551,2.38951,0.09553,0.09568,0.00389,0.40598,0.925
8,49,hybrid,HYBRID_ALPHA0.1_BETA0.9,0.1,0.9,50,7.94382,1.02112,0.25783,0.77422,0.656,0.11125,0.02592,0.00267,0.06612,0.75
8,49,hybrid,HYBRID_ALPHA0.2_BETA0.8,0.2,0.8,50,7.91983,1.01878,0.25811,0.92413,0.65152,0.10874,0.02267,0.0023,0.06623,0.725
8,49,hybrid,HYBRID_ALPHA0.3_BETA0.7,0.3,0.7,50,6.07441,0.93966,0.25778,1.22185,0.67734,0.11362,0.02189,0.00274,0.0594,0.7
8,49,hybrid,HYBRID_ALPHA0.4_BETA0.6,0.4,0.6,50,5.48714,0.88267,0.25783,1.34022,0.68488,0.11036,0.02417,0.00286,0.05746,0.65
8,49,hybrid,HYBRID_ALPHA0.5_BETA0.5,0.5,0.5,50,5.4844,0.88136,0.25761,1.41858,0.70447,0.13421,0.02687,0.00298,0.0571,0.7
8,49,hybrid,HYBRID_ALPHA0.6_BETA0.4,0.6,0.4,50,5.42039,0.87745,0.25829,1.49802,0.71727,0.14044,0.03099,0.00298,0.05599,0.7
8,49,hybrid,HYBRID_ALPHA0.7_BETA0.3,0.7,0.3,50,5.65786,0.89462,0.25782,1.73401,0.73532,0.14749,0.03623,0.00297,0.05714,0.7
8,49,hybrid,HYBRID_ALPHA0.8_BETA0.2,0.8,0.2,50,5.68298,0.89487,0.25765,2.42809,0.77729,0.16828,0.03962,0.00283,0.05745,0.725
8,49,hybrid,HYBRID_ALPHA0.9_BETA0.1,0.9,0.1,50,5.65678,0.89398,0.25756,3.57996,0.83408,0.20793,0.04853,0.00278,0.05848,0.725
8,49,hybrid,HYBRID_ALPHA0.1_BETA0.9,0.1,0.9,100,3.67766,0.78027,0.22207,4.99195,0.83913,0.0534,0.02801,0.00264,0.03904,0.575
8,49,hybrid,HYBRID_ALPHA0.2_BETA0.8,0.2,0.8,100,3.60996,0.73573,0.2227,6.28539,0.90145,0.04995,0.02696,0.00269,0.03984,0.575
8,49,hybrid,HYBRID_ALPHA0.3_BETA0.7,0.3,0.7,100,3.55227,0.72149,0.21669,6.42129,0.91211,0.05097,0.02735,0.00271,0.03966,0.5
8,49,hybrid,HYBRID_ALPHA0.4_BETA0.6,0.4,0.6,100,3.58357,0.69532,0.21629,6.30239,0.91018,0.05214,0.02792,0.0028,0.0402,0.575
8,49,hybrid,HYBRID_ALPHA0.5_BETA0.5,0.5,0.5,100,3.61025,0.70178,0.22256,6.12516,0.90641,0.05495,0.02881,0.00277,0.03982,0.65
8,49,hybrid,HYBRID_ALPHA0.6_BETA0.4,0.6,0.4,100,3.50562,0.68602,0.21178,5.94105,0.89925,0.0628,0.03087,0.00271,0.03996,0.55
8,49,hybrid,HYBRID_ALPHA0.7_BETA0.3,0.7,0.3,100,3.45549,0.68171,0.21015,5.4975,0.89119,0.04217,0.03515,0.00286,0.04085,0.575
8,49,hybrid,HYBRID_ALPHA0.8_BETA0.2,0.8,0.2,100,3.44566,0.68277,0.2126,5.38073,0.89181,0.04336,0.0384,0.0028,0.04039,0.625
8,49,hybrid,HYBRID_ALPHA0.9_BETA0.1,0.9,0.1,100,3.4387,0.68458,0.21608,5.17246,0.88756,0.04464,0.03932,0.0028,0.04044,0.55
8,49,hybrid,HYBRID_ALPHA0.1_BETA0.9,0.1,0.9,300,2.22449,0.69264,0.07834,4.11609,0.78854,0.02788,0.03968,0.00343,0.03998,0.7
8,49,hybrid,HYBRID_ALPHA0.2_BETA0.8,0.2,0.8,300,2.07703,0.60364,0.14557,4.59119,0.82411,0.03092,0.03616,0.00336,0.03937,0.625
8,49,hybrid,HYBRID_ALPHA0.3_BETA0.7,0.3,0.7,300,2.25871,0.61383,0.1543,4.67058,0.82568,0.03206,0.03523,0.00302,0.04035,0.575
8,49,hybrid,HYBRID_ALPHA0.4_BETA0.6,0.4,0.6,300,1.84003,0.6034,0.15293,4.51254,0.81464,0.04644,0.03893,0.00309,0.04467,0.55
8,49,hybrid,HYBRID_ALPHA0.5_BETA0.5,0.5,0.5,300,1.77325,0.59665,0.16252,5.21112,0.84352,0.02437,0.04543,0.0033,0.04697,0.575
8,49,hybrid,HYBRID_ALPHA0.6_BETA0.4,0.6,0.4,300,1.64107,0.57775,0.16026,5.13259,0.84296,0.02505,0.04563,0.00328,0.04292,0.575
8,49,hybrid,HYBRID_ALPHA0.7_BETA0.3,0.7,0.3,300,0.94391,0.50281,0.14344,4.96203,0.84147,0.0251,0.0465,0.00318,0.03466,0.575
8,49,hybrid,HYBRID_ALPHA0.8_BETA0.2,0.8,0.2,300,1.33905,0.55527,0.17136,4.81361,0.83831,0.02576,0.04728,0.00324,0.04012,0.6
8,49,hybrid,HYBRID_ALPHA0.9_BETA0.1,0.9,0.1,300,1.42751,0.56529,0.18959,3.13677,0.77686,0.01664,0.04614,0.00327,0.04414,0.625
8,49,hybrid,HYBRID_ALPHA0.1_BETA0.9,0.1,0.9,500,1.36093,0.639,0.0847,1.0704,0.63651,0.08747,0.02812,0.00301,0.11983,0.775
8,49,hybrid,HYBRID_ALPHA0.2_BETA0.8,0.2,0.8,500,1.11244,0.51326,0.11693,1.2097,0.64965,0.10858,0.02557,0.0026,0.1245,0.75
8,49,hybrid,HYBRID_ALPHA0.3_BETA0.7,0.3,0.7,500,1.05183,0.50493,0.13235,0.79922,0.61599,0.04351,0.03233,0.00286,0.07288,0.65
8,49,hybrid,HYBRID_ALPHA0.4_BETA0.6,0.4,0.6,500,1.00197,0.51341,0.13753,0.69129,0.58511,0.04725,0.03318,0.00291,0.07239,0.675
8,49,hybrid,HYBRID_ALPHA0.5_BETA0.5,0.5,0.5,500,0.80972,0.4885,0.15372,0.79487,0.63766,0.05458,0.04373,0.00322,0.07035,0.6
8,49,hybrid,HYBRID_ALPHA0.6_BETA0.4,0.6,0.4,500,0.58543,0.46024,0.17016,0.93878,0.6256,0.0519,0.04425,0.00274,0.06742,0.65
8,49,hybrid,HYBRID_ALPHA0.7_BETA0.3,0.7,0.3,500,0.60768,0.46692,0.17042,1.06888,0.68276,0.15707,0.04827,0.00232,0.11305,0.75
8,49,hybrid,HYBRID_ALPHA0.8_BETA0.2,0.8,0.2,500,0.59844,0.46442,0.1742,1.00341,0.60581,0.05663,0.02923,0.00184,0.05731,0.625
8,49,hybrid,HYBRID_ALPHA0.9_BETA0.1,0.9,0.1,500,0.61363,0.469,0.20011,0.76489,0.67385,0.13507,0.05767,0.00242,0.08108,0.675
8,49,mse,MSE,1.0,0.0,50,5.65641,0.89388,0.25754,34.90392,1.61338,0.42216,0.13117,0.00408,0.0901,0.725
8,49,mse,MSE,1.0,0.0,100,3.48188,0.69176,0.22484,4.90724,0.87975,0.05466,0.04153,0.00275,0.04003,0.6
8,49,mse,MSE,1.0,0.0,300,1.38413,0.56639,0.21169,3.30029,0.78354,0.01687,0.05092,0.00314,0.04166,0.675
8,49,mse,MSE,1.0,0.0,500,0.64921,0.48632,0.24976,0.68515,0.65379,0.17627,0.05671,0.00149,0.07356,0.675
9,50,hsic,HSIC,0.0,1.0,50,8.02495,1.02509,0.25806,123.22957,2.55865,0.39508,0.1573,0.00553,0.15963,0.8
9,50,hsic,HSIC,0.0,1.0,100,4.9657,1.25488,0.23825,125.7305,2.52039,0.1039,0.11256,0.00488,0.11016,0.675
9,50,hsic,HSIC,0.0,1.0,300,4.69282,1.30938,0.15027,125.19478,2.41714,0.1063,0.1152,0.00454,0.14896,0.775
9,50,hsic,HSIC,0.0,1.0,500,3.51859,0.91349,0.0976,121.83551,2.38951,0.09553,0.09568,0.00389,0.40598,0.925
9,50,hybrid,HYBRID_ALPHA0.1_BETA0.9,0.1,0.9,50,7.9409,1.02062,0.25803,0.77428,0.65599,0.11125,0.02592,0.00267,0.06609,0.75
9,50,hybrid,HYBRID_ALPHA0.2_BETA0.8,0.2,0.8,50,7.92576,1.01894,0.25812,0.92408,0.65152,0.10874,0.02267,0.0023,0.06625,0.725
9,50,hybrid,HYBRID_ALPHA0.3_BETA0.7,0.3,0.7,50,6.09293,0.94007,0.2578,1.22186,0.67734,0.11362,0.02189,0.00274,0.05939,0.7
9,50,hybrid,HYBRID_ALPHA0.4_BETA0.6,0.4,0.6,50,5.48715,0.88271,0.25783,1.33949,0.6848,0.11035,0.02416,0.00285,0.05746,0.65
9,50,hybrid,HYBRID_ALPHA0.5_BETA0.5,0.5,0.5,50,5.48437,0.88132,0.25759,1.41865,0.70445,0.13421,0.02687,0.00298,0.0571,0.7
9,50,hybrid,HYBRID_ALPHA0.6_BETA0.4,0.6,0.4,50,5.39349,0.87678,0.25827,1.49798,0.71726,0.14044,0.03099,0.00298,0.05605,0.675
9,50,hybrid,HYBRID_ALPHA0.7_BETA0.3,0.7,0.3,50,5.68351,0.89525,0.25783,1.73401,0.73532,0.14749,0.03623,0.00297,0.05709,0.7
9,50,hybrid,HYBRID_ALPHA0.8_BETA0.2,0.8,0.2,50,5.65728,0.89424,0.25763,2.42803,0.77729,0.16828,0.03962,0.00283,0.0575,0.725
9,50,hybrid,HYBRID_ALPHA0.9_BETA0.1,0.9,0.1,50,5.6825,0.89457,0.25756,3.57978,0.83407,0.20793,0.04853,0.00278,0.05843,0.725
9,50,hybrid,HYBRID_ALPHA0.1_BETA0.9,0.1,0.9,100,3.67913,0.78042,0.22248,4.99189,0.83919,0.0534,0.02801,0.00263,0.03902,0.55
9,50,hybrid,HYBRID_ALPHA0.2_BETA0.8,0.2,0.8,100,3.60996,0.73573,0.2227,6.28541,0.90144,0.04995,0.02696,0.00269,0.03984,0.575
9,50,hybrid,HYBRID_ALPHA0.3_BETA0.7,0.3,0.7,100,3.56094,0.72228,0.21718,6.4209,0.91196,0.05097,0.02735,0.00271,0.03961,0.525
9,50,hybrid,HYBRID_ALPHA0.4_BETA0.6,0.4,0.6,100,3.58357,0.69532,0.21629,6.30958,0.91067,0.05225,0.02791,0.0028,0.04018,0.575
9,50,hybrid,HYBRID_ALPHA0.5_BETA0.5,0.5,0.5,100,3.61026,0.70178,0.22256,6.12021,0.90601,0.05473,0.02885,0.00277,0.03984,0.625
9,50,hybrid,HYBRID_ALPHA0.6_BETA0.4,0.6,0.4,100,3.50562,0.68602,0.21178,5.93981,0.89903,0.06251,0.03096,0.00271,0.04,0.55
9,50,hybrid,HYBRID_ALPHA0.7_BETA0.3,0.7,0.3,100,3.45177,0.68098,0.20916,5.49721,0.89118,0.04217,0.03515,0.00286,0.04091,0.55
9,50,hybrid,HYBRID_ALPHA0.8_BETA0.2,0.8,0.2,100,3.44566,0.68277,0.2126,5.38098,0.89179,0.04337,0.0384,0.0028,0.04039,0.625
9,50,hybrid,HYBRID_ALPHA0.9_BETA0.1,0.9,0.1,100,3.4387,0.68458,0.21608,5.17339,0.88755,0.04464,0.03932,0.0028,0.04044,0.55
9,50,hybrid,HYBRID_ALPHA0.1_BETA0.9,0.1,0.9,300,2.37045,0.70268,0.07603,4.0993,0.78782,0.02804,0.03951,0.00343,0.04186,0.675
9,50,hybrid,HYBRID_ALPHA0.2_BETA0.8,0.2,0.8,300,2.07703,0.60364,0.14557,4.58996,0.82406,0.03096,0.03616,0.00336,0.03937,0.6
9,50,hybrid,HYBRID_ALPHA0.3_BETA0.7,0.3,0.7,300,2.12842,0.60887,0.15277,4.67008,0.8257,0.03206,0.03523,0.00311,0.04155,0.525
9,50,hybrid,HYBRID_ALPHA0.4_BETA0.6,0.4,0.6,300,1.84003,0.6034,0.15293,4.50323,0.81407,0.04671,0.03882,0.00309,0.04466,0.55
9,50,hybrid,HYBRID_ALPHA0.5_BETA0.5,0.5,0.5,300,1.79639,0.59532,0.15669,5.2109,0.84352,0.02436,0.04542,0.00334,0.04635,0.55
9,50,hybrid,HYBRID_ALPHA0.6_BETA0.4,0.6,0.4,300,1.64107,0.57775,0.16026,5.13249,0.84299,0.02504,0.04564,0.00328,0.04292,0.575
9,50,hybrid,HYBRID_ALPHA0.7_BETA0.3,0.7,0.3,300,0.99053,0.50944,0.14551,4.96298,0.84144,0.02511,0.04649,0.00322,0.03402,0.55
9,50,hybrid,HYBRID_ALPHA0.8_BETA0.2,0.8,0.2,300,1.34117,0.55547,0.17149,4.81361,0.83831,0.02576,0.04728,0.00324,0.04013,0.6
9,50,hybrid,HYBRID_ALPHA0.9_BETA0.1,0.9,0.1,300,1.41709,0.56447,0.18938,3.17761,0.7784,0.01658,0.04574,0.00326,0.04356,0.65
9,50,hybrid,HYBRID_ALPHA0.1_BETA0.9,0.1,0.9,500,1.36093,0.639,0.0847,1.0706,0.63661,0.08747,0.02812,0.00301,0.11983,0.775
9,50,hybrid,HYBRID_ALPHA0.2_BETA0.8,0.2,0.8,500,1.11244,0.51326,0.11693,1.20853,0.64958,0.10856,0.02557,0.0026,0.12445,0.75
9,50,hybrid,HYBRID_ALPHA0.3_BETA0.7,0.3,0.7,500,1.05183,0.50493,0.13235,0.76636,0.60224,0.0435,0.03233,0.00287,0.07276,0.65
9,50,hybrid,HYBRID_ALPHA0.4_BETA0.6,0.4,0.6,500,0.81971,0.50681,0.17367,0.68511,0.58363,0.04724,0.03317,0.00272,0.06741,0.625
9,50,hybrid,HYBRID_ALPHA0.5_BETA0.5,0.5,0.5,500,0.80972,0.4885,0.15372,0.80213,0.6401,0.05459,0.04373,0.00322,0.07036,0.6
9,50,hybrid,HYBRID_ALPHA0.6_BETA0.4,0.6,0.4,500,0.58543,0.46024,0.17016,0.94984,0.62607,0.05173,0.0447,0.00274,0.06748,0.65
9,50,hybrid,HYBRID_ALPHA0.7_BETA0.3,0.7,0.3,500,0.60768,0.46692,0.17042,1.06857,0.68259,0.15705,0.04827,0.00232,0.11305,0.75
9,50,hybrid,HYBRID_ALPHA0.8_BETA0.2,0.8,0.2,500,0.59844,0.46442,0.1742,0.99635,0.6057,0.05677,0.02917,0.00184,0.05733,0.625
9,50,hybrid,HYBRID_ALPHA0.9_BETA0.1,0.9,0.1,500,0.61193,0.4688,0.1999,0.765,0.67404,0.13507,0.05767,0.00242,0.08111,0.675
9,50,mse,MSE,1.0,0.0,50,5.65641,0.89388,0.25754,34.90385,1.61338,0.42216,0.13117,0.00408,0.0901,0.725
9,50,mse,MSE,1.0,0.0,100,3.59445,0.69683,0.22559,4.90756,0.87978,0.05467,0.04153,0.00274,0.04016,0.625
9,50,mse,MSE,1.0,0.0,300,1.38413,0.56639,0.21169,3.34591,0.78554,0.01692,0.05114,0.00314,0.04172,0.675
9,50,mse,MSE,1.0,0.0,500,0.64935,0.48634,0.24981,0.6852,0.65384,0.17627,0.05672,0.00149,0.07356,0.675
10,51,hsic,HSIC,0.0,1.0,50,8.02495,1.02509,0.25806,123.22979,2.5586,0.39506,0.1573,0.00553,0.15963,0.8
10,51,hsic,HSIC,0.0,1.0,100,4.96572,1.25479,0.23831,125.73955,2.52215,0.1039,0.11256,0.00488,0.11016,0.675
10,51,hsic,HSIC,0.0,1.0,300,4.72015,1.31599,0.15124,125.19543,2.41722,0.1063,0.1152,0.00457,0.14882,0.775
10,51,hsic,HSIC,0.0,1.0,500,3.51859,0.91349,0.0976,121.85757,2.39189,0.09555,0.09569,0.00389,0.40598,0.925
10,51,hybrid,HYBRID_ALPHA0.1_BETA0.9,0.1,0.9,50,7.93497,1.02045,0.25802,0.77422,0.656,0.11125,0.02592,0.00267,0.06609,0.75
10,51,hybrid,HYBRID_ALPHA0.2_BETA0.8,0.2,0.8,50,7.92576,1.01894,0.25812,0.9241,0.65152,0.10874,0.02267,0.0023,0.06625,0.725
10,51,hybrid,HYBRID_ALPHA0.3_BETA0.7,0.3,0.7,50,6.07441,0.93966,0.25778,1.22189,0.67734,0.11362,0.02189,0.00274,0.0594,0.7
10,51,hybrid,HYBRID_ALPHA0.4_BETA0.6,0.4,0.6,50,5.48714,0.88267,0.25783,1.33946,0.6848,0.11035,0.02416,0.00286,0.05746,0.65
10,51,hybrid,HYBRID_ALPHA0.5_BETA0.5,0.5,0.5,50,5.51157,0.882,0.25761,1.41857,0.70446,0.13421,0.02687,0.00298,0.05705,0.7
10,51,hybrid,HYBRID_ALPHA0.6_BETA0.4,0.6,0.4,50,5.39346,0.87674,0.25826,1.49799,0.71727,0.14044,0.03099,0.00298,0.05605,0.675
10,51,hybrid,HYBRID_ALPHA0.7_BETA0.3,0.7,0.3,50,5.65789,0.89467,0.25783,1.73395,0.73532,0.14749,0.03623,0.00297,0.05714,0.7
10,51,hybrid,HYBRID_ALPHA0.8_BETA0.2,0.8,0.2,50,5.65728,0.89424,0.25763,2.42824,0.7773,0.16828,0.03962,0.00283,0.0575,0.725
10,51,hybrid,HYBRID_ALPHA0.9_BETA0.1,0.9,0.1,50,5.68254,0.89461,0.25757,3.57978,0.83407,0.20793,0.04853,0.00278,0.05843,0.725
10,51,hybrid,HYBRID_ALPHA0.1_BETA0.9,0.1,0.9,100,3.67913,0.78042,0.22248,4.99204,0.83902,0.05339,0.02801,0.00263,0.03902,0.55
10,51,hybrid,HYBRID_ALPHA0.2_BETA0.8,0.2,0.8,100,3.60996,0.73573,0.2227,6.28541,0.90144,0.04995,0.02696,0.00269,0.03984,0.575
10,51,hybrid,HYBRID_ALPHA0.3_BETA0.7,0.3,0.7,100,3.55227,0.72149,0.21669,6.42013,0.91202,0.05097,0.02735,0.00271,0.03966,0.5
10,51,hybrid,HYBRID_ALPHA0.4_BETA0.6,0.4,0.6,100,3.58357,0.69532,0.21629,6.30883,0.91069,0.05225,0.02791,0.0028,0.04018,0.575
10,51,hybrid,HYBRID_ALPHA0.5_BETA0.5,0.5,0.5,100,3.61026,0.70178,0.22256,6.12044,0.90604,0.05474,0.02884,0.00277,0.03985,0.625
10,51,hybrid,HYBRID_ALPHA0.6_BETA0.4,0.6,0.4,100,3.50562,0.68602,0.21178,5.9417,0.89917,0.06252,0.03095,0.00271,0.04,0.55
10,51,hybrid,HYBRID_ALPHA0.7_BETA0.3,0.7,0.3,100,3.4602,0.6819,0.21007,5.49656,0.8912,0.04216,0.03515,0.00286,0.04087,0.55
10,51,hybrid,HYBRID_ALPHA0.8_BETA0.2,0.8,0.2,100,3.44566,0.68277,0.2126,5.38754,0.89221,0.04241,0.03817,0.00281,0.0405,0.625
10,51,hybrid,HYBRID_ALPHA0.9_BETA0.1,0.9,0.1,100,3.44509,0.68556,0.21752,5.17279,0.88753,0.04464,0.03932,0.00279,0.04042,0.575
10,51,hybrid,HYBRID_ALPHA0.1_BETA0.9,0.1,0.9,300,2.37735,0.70318,0.07627,4.11609,0.78854,0.02788,0.03968,0.00343,0.04178,0.7
10,51,hybrid,HYBRID_ALPHA0.2_BETA0.8,0.2,0.8,300,2.07703,0.60364,0.14557,4.59009,0.82417,0.03096,0.03616,0.00336,0.03937,0.6
10,51,hybrid,HYBRID_ALPHA0.3_BETA0.7,0.3,0.7,300,2.25276,0.61364,0.15425,4.67057,0.8257,0.03206,0.03524,0.00302,0.04043,0.6
10,51,hybrid,HYBRID_ALPHA0.4_BETA0.6,0.4,0.6,300,1.84003,0.6034,0.15293,4.51046,0.81374,0.0471,0.03872,0.00308,0.04465,0.55
10,51,hybrid,HYBRID_ALPHA0.5_BETA0.5,0.5,0.5,300,1.7926,0.59522,0.15677,5.20351,0.8432,0.02483,0.04562,0.00333,0.0463,0.55
10,51,hybrid,HYBRID_ALPHA0.6_BETA0.4,0.6,0.4,300,1.64107,0.57775,0.16026,5.13355,0.84293,0.02505,0.04563,0.00328,0.04292,0.575
10,51,hybrid,HYBRID_ALPHA0.7_BETA0.3,0.7,0.3,300,0.99053,0.50944,0.14551,4.96298,0.84144,0.02511,0.04649,0.00322,0.03402,0.55
10,51,hybrid,HYBRID_ALPHA0.8_BETA0.2,0.8,0.2,300,1.34117,0.55547,0.17149,4.81333,0.83832,0.02576,0.04728,0.00324,0.04013,0.6
10,51,hybrid,HYBRID_ALPHA0.9_BETA0.1,0.9,0.1,300,1.42751,0.56529,0.18959,3.17761,0.7784,0.01658,0.04574,0.00326,0.04361,0.65
10,51,hybrid,HYBRID_ALPHA0.1_BETA0.9,0.1,0.9,500,1.36093,0.639,0.0847,1.0704,0.63651,0.08747,0.02812,0.00301,0.11983,0.775
10,51,hybrid,HYBRID_ALPHA0.2_BETA0.8,0.2,0.8,500,1.11244,0.51326,0.11693,1.2097,0.64966,0.10857,0.02557,0.00261,0.1245,0.75
10,51,hybrid,HYBRID_ALPHA0.3_BETA0.7,0.3,0.7,500,1.05183,0.50493,0.13235,0.76305,0.60087,0.0435,0.03232,0.00287,0.07273,0.65
10,51,hybrid,HYBRID_ALPHA0.4_BETA0.6,0.4,0.6,500,1.00197,0.51341,0.13753,0.68839,0.58445,0.04725,0.03318,0.00291,0.07236,0.675
10,51,hybrid,HYBRID_ALPHA0.5_BETA0.5,0.5,0.5,500,0.80972,0.4885,0.15372,0.8024,0.64014,0.05457,0.04373,0.00322,0.07037,0.6
10,51,hybrid,HYBRID_ALPHA0.6_BETA0.4,0.6,0.4,500,0.58543,0.46024,0.17016,0.94984,0.62607,0.05173,0.0447,0.00274,0.06748,0.65
10,51,hybrid,HYBRID_ALPHA0.7_BETA0.3,0.7,0.3,500,0.60768,0.46692,0.17042,1.06863,0.68264,0.15705,0.04827,0.00232,0.11305,0.75
10,51,hybrid,HYBRID_ALPHA0.8_BETA0.2,0.8,0.2,500,0.59087,0.4633,0.17328,0.98928,0.6056,0.05701,0.02929,0.00185,0.05718,0.625
10,51,hybrid,HYBRID_ALPHA0.9_BETA0.1,0.9,0.1,500,0.61363,0.469,0.20011,0.76501,0.67402,0.13507,0.05767,0.00242,0.08108,0.675
10,51,mse,MSE,1.0,0.0,50,5.65641,0.89388,0.25754,34.90392,1.61338,0.42216,0.13117,0.00408,0.0901,0.725
10,51,mse,MSE,1.0,0.0,100,3.60353,0.69784,0.22705,4.90966,0.87983,0.05569,0.04177,0.00274,0.04005,0.6
10,51,mse,MSE,1.0,0.0,300,1.38433,0.56642,0.21167,3.3041,0.78315,0.01687,0.05109,0.00315,0.0419,0.675
10,51,mse,MSE,1.0,0.0,500,0.64687,0.48603,0.2496,0.6852,0.65384,0.17627,0.05672,0.00149,0.07361,0.675
11,52,hsic,HSIC,0.0,1.0,50,8.02495,1.02509,0.25806,123.22979,2.5586,0.39506,0.1573,0.00553,0.15963,0.8
11,52,hsic,HSIC,0.0,1.0,100,4.9657,1.25488,0.23825,125.74327,2.52279,0.1039,0.11256,0.00488,0.11015,0.675
11,52,hsic,HSIC,0.0,1.0,300,4.71306,1.31712,0.1497,125.19553,2.41705,0.10631,0.11521,0.00453,0.14894,0.775
11,52,hsic,HSIC,0.0,1.0,500,3.51859,0.91349,0.0976,121.83551,2.38951,0.09553,0.09568,0.00389,0.40598,0.925
11,52,hybrid,HYBRID_ALPHA0.1_BETA0.9,0.1,0.9,50,7.93502,1.02051,0.25802,0.77428,0.65599,0.11125,0.02592,0.00267,0.06609,0.75
11,52,hybrid,HYBRID_ALPHA0.2_BETA0.8,0.2,0.8,50,7.91983,1.01878,0.25811,0.92409,0.65152,0.10874,0.02267,0.0023,0.06623,0.725
11,52,hybrid,HYBRID_ALPHA0.3_BETA0.7,0.3,0.7,50,6.09317,0.94016,0.25771,1.22188,0.67734,0.11362,0.02189,0.00274,0.05938,0.675
11,52,hybrid,HYBRID_ALPHA0.4_BETA0.6,0.4,0.6,50,5.51426,0.88334,0.25784,1.33947,0.6848,0.11035,0.02416,0.00286,0.05737,0.65
11,52,hybrid,HYBRID_ALPHA0.5_BETA0.5,0.5,0.5,50,5.4844,0.88136,0.25761,1.41836,0.70451,0.1342,0.02687,0.00298,0.0571,0.7
11,52,hybrid,HYBRID_ALPHA0.6_BETA0.4,0.6,0.4,50,5.39346,0.87674,0.25826,1.49803,0.71727,0.14044,0.03099,0.00298,0.05605,0.675
11,52,hybrid,HYBRID_ALPHA0.7_BETA0.3,0.7,0.3,50,5.65786,0.89462,0.25782,1.73395,0.73532,0.14749,0.03623,0.00297,0.05714,0.7
11,52,hybrid,HYBRID_ALPHA0.8_BETA0.2,0.8,0.2,50,5.68298,0.89487,0.25765,2.42822,0.7773,0.16828,0.03962,0.00283,0.05745,0.725
11,52,hybrid,HYBRID_ALPHA0.9_BETA0.1,0.9,0.1,50,5.68253,0.89461,0.25757,3.57997,0.83408,0.20793,0.04853,0.00278,0.05843,0.725
11,52,hybrid,HYBRID_ALPHA0.1_BETA0.9,0.1,0.9,100,3.67913,0.78042,0.22248,4.99207,0.8391,0.0534,0.02801,0.00263,0.03902,0.55
11,52,hybrid,HYBRID_ALPHA0.2_BETA0.8,0.2,0.8,100,3.60996,0.73573,0.2227,6.28593,0.90134,0.04995,0.02696,0.00269,0.03984,0.575
11,52,hybrid,HYBRID_ALPHA0.3_BETA0.7,0.3,0.7,100,3.55227,0.72149,0.21669,6.42081,0.91209,0.05097,0.02735,0.00271,0.03966,0.5
11,52,hybrid,HYBRID_ALPHA0.4_BETA0.6,0.4,0.6,100,3.58357,0.69532,0.21629,6.30239,0.91018,0.05214,0.02792,0.0028,0.0402,0.575
11,52,hybrid,HYBRID_ALPHA0.5_BETA0.5,0.5,0.5,100,3.61026,0.70178,0.22256,6.12444,0.90628,0.05494,0.02881,0.00277,0.03982,0.65
11,52,hybrid,HYBRID_ALPHA0.6_BETA0.4,0.6,0.4,100,3.49867,0.68557,0.21143,5.94106,0.8991,0.06251,0.03096,0.00271,0.03999,0.55
11,52,hybrid,HYBRID_ALPHA0.7_BETA0.3,0.7,0.3,100,3.4602,0.6819,0.21007,5.49721,0.89118,0.04217,0.03515,0.00286,0.04087,0.55
11,52,hybrid,HYBRID_ALPHA0.8_BETA0.2,0.8,0.2,100,3.44566,0.68277,0.2126,5.38123,0.89181,0.04337,0.0384,0.0028,0.04039,0.625
11,52,hybrid,HYBRID_ALPHA0.9_BETA0.1,0.9,0.1,100,3.43846,0.68457,0.21625,5.17287,0.88753,0.04464,0.03932,0.0028,0.04046,0.6
11,52,hybrid,HYBRID_ALPHA0.1_BETA0.9,0.1,0.9,300,2.37036,0.70225,0.07598,4.1172,0.78859,0.02787,0.03969,0.00343,0.04198,0.7
11,52,hybrid,HYBRID_ALPHA0.2_BETA0.8,0.2,0.8,300,2.07703,0.60364,0.14557,4.58979,0.82405,0.03096,0.03616,0.00336,0.03937,0.6
11,52,hybrid,HYBRID_ALPHA0.3_BETA0.7,0.3,0.7,300,2.25276,0.61364,0.15425,4.67189,0.82562,0.03204,0.03524,0.00302,0.04043,0.6
11,52,hybrid,HYBRID_ALPHA0.4_BETA0.6,0.4,0.6,300,1.84003,0.6034,0.15293,4.50323,0.81407,0.04671,0.03882,0.00309,0.04466,0.55
11,52,hybrid,HYBRID_ALPHA0.5_BETA0.5,0.5,0.5,300,1.77325,0.59665,0.16252,5.21109,0.84352,0.02437,0.04543,0.0033,0.04697,0.575
11,52,hybrid,HYBRID_ALPHA0.6_BETA0.4,0.6,0.4,300,1.63523,0.57743,0.16039,5.13331,0.84296,0.02505,0.04563,0.00328,0.04296,0.6
11,52,hybrid,HYBRID_ALPHA0.7_BETA0.3,0.7,0.3,300,0.96012,0.50541,0.143,4.96581,0.84142,0.02513,0.04648,0.00319,0.03442,0.55
11,52,hybrid,HYBRID_ALPHA0.8_BETA0.2,0.8,0.2,300,1.34117,0.55547,0.17149,4.81333,0.83832,0.02576,0.04728,0.00324,0.04013,0.6
11,52,hybrid,HYBRID_ALPHA0.9_BETA0.1,0.9,0.1,300,1.42751,0.56529,0.18959,3.14587,0.77729,0.01651,0.04591,0.00326,0.04356,0.65
11,52,hybrid,HYBRID_ALPHA0.1_BETA0.9,0.1,0.9,500,1.36093,0.639,0.0847,1.0704,0.6365,0.08747,0.02812,0.00301,0.11983,0.775
11,52,hybrid,HYBRID_ALPHA0.2_BETA0.8,0.2,0.8,500,1.11244,0.51326,0.11693,1.21031,0.64976,0.10858,0.02557,0.00261,0.12452,0.75
11,52,hybrid,HYBRID_ALPHA0.3_BETA0.7,0.3,0.7,500,1.05183,0.50493,0.13235,0.74969,0.59443,0.04349,0.03232,0.00287,0.07271,0.65
11,52,hybrid,HYBRID_ALPHA0.4_BETA0.6,0.4,0.6,500,1.00163,0.51348,0.13757,0.6904,0.58491,0.04725,0.03318,0.00291,0.07238,0.675
11,52,hybrid,HYBRID_ALPHA0.5_BETA0.5,0.5,0.5,500,0.8126,0.48862,0.15307,0.84033,0.65403,0.05462,0.04365,0.00323,0.0705,0.6
11,52,hybrid,HYBRID_ALPHA0.6_BETA0.4,0.6,0.4,500,0.58683,0.46051,0.17035,0.93849,0.62568,0.05189,0.04426,0.00275,0.06744,0.65
11,52,hybrid,HYBRID_ALPHA0.7_BETA0.3,0.7,0.3,500,0.60768,0.46692,0.17042,1.01187,0.67616,0.1526,0.04873,0.00217,0.10916,0.725
11,52,hybrid,HYBRID_ALPHA0.8_BETA0.2,0.8,0.2,500,0.59844,0.46442,0.1742,1.00762,0.60638,0.05701,0.02946,0.00183,0.05723,0.65
11,52,hybrid,HYBRID_ALPHA0.9_BETA0.1,0.9,0.1,500,0.61363,0.469,0.20011,0.765,0.67404,0.13507,0.05767,0.00242,0.08108,0.675
11,52,mse,MSE,1.0,0.0,50,5.65641,0.89388,0.25754,34.90387,1.61338,0.42216,0.13117,0.00408,0.0901,0.725
11,52,mse,MSE,1.0,0.0,100,3.48188,0.69176,0.22484,4.90796,0.87976,0.05467,0.04153,0.00275,0.04002,0.6
11,52,mse,MSE,1.0,0.0,300,1.38413,0.56639,0.21169,3.34774,0.78553,0.01688,0.05093,0.00314,0.04149,0.675
11,52,mse,MSE,1.0,0.0,500,0.64687,0.48603,0.2496,0.6852,0.65384,0.17627,0.05672,0.00149,0.07361,0.675
12,53,hsic,HSIC,0.0,1.0,50,8.02495,1.02509,0.25806,123.22979,2.5586,0.39506,0.1573,0.00553,0.15963,0.8
12,53,hsic,HSIC,0.0,1.0,100,4.9657,1.25488,0.23825,125.7305,2.52039,0.1039,0.11256,0.00488,0.11016,0.675
12,53,hsic,HSIC,0.0,1.0,300,4.69282,1.30938,0.15027,125.19525,2.41713,0.1063,0.1152,0.00454,0.14896,0.775
12,53,hsic,HSIC,0.0,1.0,500,3.51859,0.91349,0.0976,121.83507,2.38942,0.09553,0.09568,0.00389,0.40598,0.925
12,53,hybrid,HYBRID_ALPHA0.1_BETA0.9,0.1,0.9,50,7.93502,1.02051,0.25802,0.77424,0.656,0.11125,0.02592,0.00267,0.06609,0.75
12,53,hybrid,HYBRID_ALPHA0.2_BETA0.8,0.2,0.8,50,7.92571,1.01889,0.25813,0.92408,0.65152,0.10874,0.02267,0.0023,0.06625,0.725
12,53,hybrid,HYBRID_ALPHA0.3_BETA0.7,0.3,0.7,50,6.07441,0.93966,0.25778,1.22188,0.67734,0.11362,0.02189,0.00274,0.0594,0.7
12,53,hybrid,HYBRID_ALPHA0.4_BETA0.6,0.4,0.6,50,5.48715,0.88271,0.25783,1.33947,0.68481,0.11035,0.02416,0.00285,0.05746,0.65
12,53,hybrid,HYBRID_ALPHA0.5_BETA0.5,0.5,0.5,50,5.51158,0.88203,0.25762,1.41858,0.70447,0.13421,0.02687,0.00298,0.05705,0.7
12,53,hybrid,HYBRID_ALPHA0.6_BETA0.4,0.6,0.4,50,5.42038,0.87741,0.25828,1.498,0.71727,0.14044,0.03099,0.00298,0.05599,0.7
12,53,hybrid,HYBRID_ALPHA0.7_BETA0.3,0.7,0.3,50,5.65785,0.89462,0.25782,1.73403,0.73532,0.14749,0.03623,0.00297,0.05714,0.7
12,53,hybrid,HYBRID_ALPHA0.8_BETA0.2,0.8,0.2,50,5.68298,0.89487,0.25765,2.42799,0.77728,0.16828,0.03962,0.00283,0.05745,0.725
12,53,hybrid,HYBRID_ALPHA0.9_BETA0.1,0.9,0.1,50,5.65678,0.89398,0.25756,3.57997,0.83408,0.20793,0.04853,0.00278,0.05848,0.725
12,53,hybrid,HYBRID_ALPHA0.1_BETA0.9,0.1,0.9,100,3.67913,0.78042,0.22248,4.99207,0.83906,0.0534,0.02801,0.00263,0.03902,0.55
12,53,hybrid,HYBRID_ALPHA0.2_BETA0.8,0.2,0.8,100,3.60996,0.73573,0.2227,6.28541,0.90144,0.04995,0.02696,0.00269,0.03984,0.575
12,53,hybrid,HYBRID_ALPHA0.3_BETA0.7,0.3,0.7,100,3.55227,0.72149,0.21669,6.42081,0.91209,0.05097,0.02735,0.00271,0.03966,0.5
12,53,hybrid,HYBRID_ALPHA0.4_BETA0.6,0.4,0.6,100,3.58357,0.69532,0.21629,6.30954,0.9107,0.05225,0.02791,0.0028,0.04018,0.575
12,53,hybrid,HYBRID_ALPHA0.5_BETA0.5,0.5,0.5,100,3.61026,0.70178,0.22256,6.12009,0.90595,0.05473,0.02885,0.00277,0.03984,0.625
12,53,hybrid,HYBRID_ALPHA0.6_BETA0.4,0.6,0.4,100,3.50562,0.68602,0.21178,5.94106,0.8991,0.06251,0.03096,0.00271,0.04,0.55
12,53,hybrid,HYBRID_ALPHA0.7_BETA0.3,0.7,0.3,100,3.4602,0.6819,0.21007,5.4975,0.89119,0.04217,0.03515,0.00286,0.04087,0.55
12,53,hybrid,HYBRID_ALPHA0.8_BETA0.2,0.8,0.2,100,3.44566,0.6828,0.21272,5.38054,0.89178,0.04336,0.0384,0.0028,0.0404,0.6
12,53,hybrid,HYBRID_ALPHA0.9_BETA0.1,0.9,0.1,100,3.4387,0.68458,0.21608,5.17339,0.88755,0.04464,0.03932,0.0028,0.04044,0.55
12,53,hybrid,HYBRID_ALPHA0.1_BETA0.9,0.1,0.9,300,2.37735,0.70318,0.07627,4.11609,0.78854,0.02788,0.03968,0.00343,0.04178,0.7
12,53,hybrid,HYBRID_ALPHA0.2_BETA0.8,0.2,0.8,300,2.07703,0.60364,0.14557,4.58999,0.82409,0.03096,0.03616,0.00336,0.03937,0.6
12,53,hybrid,HYBRID_ALPHA0.3_BETA0.7,0.3,0.7,300,2.25276,0.61364,0.15425,4.67006,0.8257,0.03206,0.03523,0.00302,0.04043,0.6
12,53,hybrid,HYBRID_ALPHA0.4_BETA0.6,0.4,0.6,300,1.84003,0.6034,0.15293,4.51254,0.81464,0.04644,0.03893,0.00309,0.04467,0.55
12,53,hybrid,HYBRID_ALPHA0.5_BETA0.5,0.5,0.5,300,1.76699,0.59636,0.16262,5.2109,0.84352,0.02436,0.04542,0.00329,0.04698,0.625
12,53,hybrid,HYBRID_ALPHA0.6_BETA0.4,0.6,0.4,300,1.64107,0.57775,0.16026,5.13331,0.84296,0.02505,0.04563,0.00328,0.04292,0.575
12,53,hybrid,HYBRID_ALPHA0.7_BETA0.3,0.7,0.3,300,0.99053,0.50944,0.14551,4.96298,0.84144,0.02511,0.04649,0.00322,0.03402,0.55
12,53,hybrid,HYBRID_ALPHA0.8_BETA0.2,0.8,0.2,300,1.34117,0.55547,0.17149,4.80677,0.83829,0.02571,0.04731,0.00324,0.04014,0.6
12,53,hybrid,HYBRID_ALPHA0.9_BETA0.1,0.9,0.1,300,1.42751,0.56529,0.18959,3.17761,0.7784,0.01658,0.04574,0.00326,0.04361,0.65
12,53,hybrid,HYBRID_ALPHA0.1_BETA0.9,0.1,0.9,500,1.36093,0.639,0.0847,1.0704,0.63651,0.08747,0.02812,0.00301,0.11983,0.775
12,53,hybrid,HYBRID_ALPHA0.2_BETA0.8,0.2,0.8,500,1.11244,0.51326,0.11693,1.20971,0.64965,0.10858,0.02557,0.0026,0.1245,0.75
12,53,hybrid,HYBRID_ALPHA0.3_BETA0.7,0.3,0.7,500,1.05183,0.50493,0.13235,0.74749,0.59341,0.04349,0.03232,0.00287,0.07269,0.65
12,53,hybrid,HYBRID_ALPHA0.4_BETA0.6,0.4,0.6,500,1.00197,0.51341,0.13753,0.6904,0.58491,0.04725,0.03318,0.00291,0.07238,0.675
12,53,hybrid,HYBRID_ALPHA0.5_BETA0.5,0.5,0.5,500,0.81795,0.48907,0.15178,0.79446,0.63752,0.05457,0.04374,0.00323,0.07051,0.625
12,53,hybrid,HYBRID_ALPHA0.6_BETA0.4,0.6,0.4,500,0.58543,0.46024,0.17016,0.93878,0.6256,0.0519,0.04425,0.00274,0.06742,0.65
12,53,hybrid,HYBRID_ALPHA0.7_BETA0.3,0.7,0.3,500,0.60768,0.46692,0.17042,1.06871,0.68269,0.15705,0.04827,0.00232,0.11305,0.75
12,53,hybrid,HYBRID_ALPHA0.8_BETA0.2,0.8,0.2,500,0.59844,0.46442,0.1742,0.98928,0.6056,0.05701,0.02929,0.00185,0.05726,0.625
12,53,hybrid,HYBRID_ALPHA0.9_BETA0.1,0.9,0.1,500,0.61193,0.4688,0.1999,0.765,0.67402,0.13507,0.05767,0.00242,0.08111,0.675
12,53,mse,MSE,1.0,0.0,50,5.65641,0.89388,0.25754,34.90381,1.61338,0.42216,0.13117,0.00408,0.0901,0.725
12,53,mse,MSE,1.0,0.0,100,3.48983,0.69253,0.22552,4.90725,0.87977,0.05466,0.04153,0.00275,0.04,0.575
12,53,mse,MSE,1.0,0.0,300,1.38456,0.5665,0.21177,3.32941,0.78472,0.01689,0.05113,0.00314,0.0417,0.675
12,53,mse,MSE,1.0,0.0,500,0.64687,0.48603,0.2496,0.68523,0.65386,0.17627,0.05672,0.00149,0.07361,0.675
13,54,hsic,HSIC,0.0,1.0,50,8.02489,1.02503,0.25806,123.26003,2.55854,0.39523,0.15733,0.00553,0.15967,0.8
13,54,hsic,HSIC,0.0,1.0,100,4.9657,1.25488,0.23825,125.7305,2.52039,0.1039,0.11256,0.00488,0.11016,0.675
13,54,hsic,HSIC,0.0,1.0,300,4.72015,1.31599,0.15124,125.19525,2.41713,0.1063,0.1152,0.00457,0.14882,0.775
13,54,hsic,HSIC,0.0,1.0,500,3.51859,0.91349,0.0976,121.83551,2.38951,0.09553,0.09568,0.00389,0.40598,0.925
13,54,hybrid,HYBRID_ALPHA0.1_BETA0.9,0.1,0.9,50,7.94382,1.02112,0.25783,0.77428,0.65599,0.11125,0.02592,0.00267,0.06612,0.75
13,54,hybrid,HYBRID_ALPHA0.2_BETA0.8,0.2,0.8,50,7.92571,1.01889,0.25813,0.92409,0.65151,0.10874,0.02267,0.0023,0.06625,0.725
13,54,hybrid,HYBRID_ALPHA0.3_BETA0.7,0.3,0.7,50,6.09294,0.94009,0.25779,1.22183,0.67734,0.11362,0.02189,0.00274,0.05939,0.7
13,54,hybrid,HYBRID_ALPHA0.4_BETA0.6,0.4,0.6,50,5.48714,0.88267,0.25783,1.33948,0.68481,0.11035,0.02416,0.00286,0.05746,0.65
13,54,hybrid,HYBRID_ALPHA0.5_BETA0.5,0.5,0.5,50,5.48437,0.88132,0.25759,1.41859,0.70448,0.13421,0.02687,0.00298,0.0571,0.7
13,54,hybrid,HYBRID_ALPHA0.6_BETA0.4,0.6,0.4,50,5.39349,0.87678,0.25827,1.49801,0.71727,0.14044,0.03099,0.00298,0.05605,0.675
13,54,hybrid,HYBRID_ALPHA0.7_BETA0.3,0.7,0.3,50,5.65789,0.89467,0.25783,1.73401,0.73532,0.14749,0.03623,0.00297,0.05714,0.7
13,54,hybrid,HYBRID_ALPHA0.8_BETA0.2,0.8,0.2,50,5.68298,0.89487,0.25765,2.42804,0.77729,0.16828,0.03962,0.00283,0.05745,0.725
13,54,hybrid,HYBRID_ALPHA0.9_BETA0.1,0.9,0.1,50,5.68293,0.89479,0.25751,3.57978,0.83407,0.20793,0.04853,0.00278,0.05842,0.725
13,54,hybrid,HYBRID_ALPHA0.1_BETA0.9,0.1,0.9,100,3.67913,0.78042,0.22248,4.99174,0.83916,0.0534,0.02801,0.00263,0.03902,0.55
13,54,hybrid,HYBRID_ALPHA0.2_BETA0.8,0.2,0.8,100,3.60996,0.73573,0.2227,6.28583,0.90132,0.04995,0.02696,0.00269,0.03984,0.575
13,54,hybrid,HYBRID_ALPHA0.3_BETA0.7,0.3,0.7,100,3.55227,0.72149,0.21669,6.42013,0.91202,0.05097,0.02735,0.00271,0.03966,0.5
13,54,hybrid,HYBRID_ALPHA0.4_BETA0.6,0.4,0.6,100,3.58357,0.69532,0.21629,6.30953,0.91072,0.05225,0.02791,0.0028,0.04018,0.575
13,54,hybrid,HYBRID_ALPHA0.5_BETA0.5,0.5,0.5,100,3.61032,0.7018,0.22259,6.1237,0.9063,0.05494,0.02882,0.00277,0.03982,0.65
13,54,hybrid,HYBRID_ALPHA0.6_BETA0.4,0.6,0.4,100,3.50562,0.68602,0.21178,5.93955,0.89905,0.06251,0.03096,0.00271,0.04,0.55
13,54,hybrid,HYBRID_ALPHA0.7_BETA0.3,0.7,0.3,100,3.4602,0.6819,0.21007,5.49652,0.89114,0.04215,0.03515,0.00286,0.04087,0.55
13,54,hybrid,HYBRID_ALPHA0.8_BETA0.2,0.8,0.2,100,3.44597,0.68279,0.21256,5.38702,0.8922,0.04241,0.03817,0.00281,0.0405,0.625
13,54,hybrid,HYBRID_ALPHA0.9_BETA0.1,0.9,0.1,100,3.4387,0.68458,0.21608,5.17208,0.88753,0.04464,0.03932,0.0028,0.04044,0.55
13,54,hybrid,HYBRID_ALPHA0.1_BETA0.9,0.1,0.9,300,2.37735,0.70318,0.07627,4.11606,0.78854,0.02788,0.03968,0.00343,0.04178,0.7
13,54,hybrid,HYBRID_ALPHA0.2_BETA0.8,0.2,0.8,300,2.07703,0.60364,0.14557,4.58958,0.82406,0.03096,0.03616,0.00336,0.03937,0.6
13,54,hybrid,HYBRID_ALPHA0.3_BETA0.7,0.3,0.7,300,2.25276,0.61364,0.15425,4.67112,0.82565,0.03205,0.03523,0.00302,0.04043,0.6
13,54,hybrid,HYBRID_ALPHA0.4_BETA0.6,0.4,0.6,300,1.84003,0.6034,0.15293,4.51028,0.81371,0.0471,0.03871,0.00308,0.04465,0.55
13,54,hybrid,HYBRID_ALPHA0.5_BETA0.5,0.5,0.5,300,1.79639,0.59532,0.15669,5.21119,0.8435,0.02437,0.04542,0.00334,0.04635,0.55
13,54,hybrid,HYBRID_ALPHA0.6_BETA0.4,0.6,0.4,300,1.64107,0.57775,0.16026,5.13311,0.84297,0.02504,0.04563,0.00328,0.04292,0.575
13,54,hybrid,HYBRID_ALPHA0.7_BETA0.3,0.7,0.3,300,0.99053,0.50944,0.14551,4.96298,0.84144,0.02511,0.04649,0.00322,0.03402,0.55
13,54,hybrid,HYBRID_ALPHA0.8_BETA0.2,0.8,0.2,300,1.34117,0.55547,0.17149,4.81361,0.83831,0.02576,0.04728,0.00324,0.04013,0.6
13,54,hybrid,HYBRID_ALPHA0.9_BETA0.1,0.9,0.1,300,1.42751,0.56529,0.18959,3.22178,0.77957,0.01649,0.04566,0.00326,0.04331,0.65
13,54,hybrid,HYBRID_ALPHA0.1_BETA0.9,0.1,0.9,500,1.36093,0.639,0.0847,1.07041,0.63651,0.08747,0.02812,0.00301,0.11983,0.775
13,54,hybrid,HYBRID_ALPHA0.2_BETA0.8,0.2,0.8,500,1.11244,0.51326,0.11693,1.20971,0.64965,0.10858,0.02557,0.0026,0.1245,0.75
13,54,hybrid,HYBRID_ALPHA0.3_BETA0.7,0.3,0.7,500,1.05183,0.50493,0.13235,0.75588,0.5975,0.04349,0.03232,0.00287,0.07273,0.65
13,54,hybrid,HYBRID_ALPHA0.4_BETA0.6,0.4,0.6,500,1.00197,0.51341,0.13753,0.6904,0.58491,0.04725,0.03318,0.00291,0.07238,0.675
13,54,hybrid,HYBRID_ALPHA0.5_BETA0.5,0.5,0.5,500,0.80972,0.4885,0.15372,0.79487,0.63766,0.05458,0.04373,0.00322,0.07035,0.6
13,54,hybrid,HYBRID_ALPHA0.6_BETA0.4,0.6,0.4,500,0.58706,0.46045,0.17019,0.93301,0.62462,0.05204,0.04401,0.00275,0.06738,0.65
13,54,hybrid,HYBRID_ALPHA0.7_BETA0.3,0.7,0.3,500,0.6119,0.46728,0.16975,1.06887,0.68275,0.15707,0.04827,0.00232,0.11315,0.775
13,54,hybrid,HYBRID_ALPHA0.8_BETA0.2,0.8,0.2,500,0.59844,0.46442,0.1742,0.99226,0.60601,0.05726,0.02951,0.00185,0.05724,0.625
13,54,hybrid,HYBRID_ALPHA0.9_BETA0.1,0.9,0.1,500,0.60618,0.46795,0.19917,0.76496,0.67391,0.13507,0.05767,0.00242,0.08108,0.675
13,54,mse,MSE,1.0,0.0,50,5.65641,0.89388,0.25754,34.90386,1.61338,0.42216,0.13117,0.00408,0.0901,0.725
13,54,mse,MSE,1.0,0.0,100,3.60054,0.69752,0.22616,4.907,0.87974,0.05466,0.04153,0.00274,0.04011,0.575
13,54,mse,MSE,1.0,0.0,300,1.38413,0.56639,0.21169,3.27261,0.78236,0.01688,0.05104,0.00315,0.04196,0.675
13,54,mse,MSE,1.0,0.0,500,0.64921,0.48632,0.24976,0.68515,0.65378,0.17627,0.05671,0.00149,0.07356,0.675
14,55,hsic,HSIC,0.0,1.0,50,8.02495,1.02509,0.25806,123.22967,2.5586,0.39506,0.1573,0.00553,0.15963,0.8
14,55,hsic,HSIC,0.0,1.0,100,4.96663,1.25485,0.23854,125.72866,2.52021,0.1039,0.11256,0.00488,0.11017,0.675
14,55,hsic,HSIC,0.0,1.0,300,4.72015,1.31599,0.15124,125.19526,2.41693,0.10631,0.11521,0.00457,0.14882,0.775
14,55,hsic,HSIC,0.0,1.0,500,3.51859,0.91349,0.0976,121.83551,2.3895,0.09554,0.09569,0.00389,0.40598,0.925
14,55,hybrid,HYBRID_ALPHA0.1_BETA0.9,0.1,0.9,50,7.93497,1.02045,0.25802,0.77424,0.656,0.11125,0.02592,0.00267,0.06609,0.75
14,55,hybrid,HYBRID_ALPHA0.2_BETA0.8,0.2,0.8,50,7.91988,1.01883,0.25811,0.92408,0.65152,0.10874,0.02267,0.0023,0.06623,0.725
14,55,hybrid,HYBRID_ALPHA0.3_BETA0.7,0.3,0.7,50,6.09317,0.94016,0.25771,1.22183,0.67733,0.11362,0.02189,0.00274,0.05938,0.675
14,55,hybrid,HYBRID_ALPHA0.4_BETA0.6,0.4,0.6,50,5.51476,0.8836,0.25783,1.33948,0.6848,0.11035,0.02416,0.00285,0.05736,0.65
14,55,hybrid,HYBRID_ALPHA0.5_BETA0.5,0.5,0.5,50,5.4844,0.88136,0.25761,1.41852,0.70447,0.13421,0.02687,0.00298,0.0571,0.7
14,55,hybrid,HYBRID_ALPHA0.6_BETA0.4,0.6,0.4,50,5.39349,0.87678,0.25827,1.49799,0.71727,0.14044,0.03099,0.00298,0.05605,0.675
14,55,hybrid,HYBRID_ALPHA0.7_BETA0.3,0.7,0.3,50,5.68355,0.89529,0.25784,1.73402,0.73532,0.14749,0.03623,0.00297,0.05709,0.7
14,55,hybrid,HYBRID_ALPHA0.8_BETA0.2,0.8,0.2,50,5.65728,0.89424,0.25763,2.42799,0.77728,0.16828,0.03962,0.00283,0.0575,0.725
14,55,hybrid,HYBRID_ALPHA0.9_BETA0.1,0.9,0.1,50,5.68251,0.89457,0.25756,3.58021,0.83409,0.20793,0.04853,0.00278,0.05843,0.725
14,55,hybrid,HYBRID_ALPHA0.1_BETA0.9,0.1,0.9,100,3.67913,0.78042,0.22248,4.99177,0.83913,0.0534,0.02801,0.00263,0.03902,0.55
14,55,hybrid,HYBRID_ALPHA0.2_BETA0.8,0.2,0.8,100,3.60996,0.73573,0.2227,6.28599,0.90147,0.04995,0.02696,0.00269,0.03984,0.575
14,55,hybrid,HYBRID_ALPHA0.3_BETA0.7,0.3,0.7,100,3.55227,0.72149,0.21669,6.42129,0.91211,0.05097,0.02735,0.00271,0.03966,0.5
14,55,hybrid,HYBRID_ALPHA0.4_BETA0.6,0.4,0.6,100,3.50299,0.68476,0.20352,6.30239,0.91018,0.05214,0.02792,0.00285,0.0408,0.6
14,55,hybrid,HYBRID_ALPHA0.5_BETA0.5,0.5,0.5,100,3.61436,0.70261,0.22355,6.12011,0.9059,0.05472,0.02885,0.00276,0.03975,0.625
14,55,hybrid,HYBRID_ALPHA0.6_BETA0.4,0.6,0.4,100,3.50562,0.68602,0.21178,5.9395,0.89903,0.06251,0.03096,0.00271,0.04,0.55
14,55,hybrid,HYBRID_ALPHA0.7_BETA0.3,0.7,0.3,100,3.4602,0.6819,0.21007,5.49735,0.89118,0.04217,0.03515,0.00286,0.04087,0.55
14,55,hybrid,HYBRID_ALPHA0.8_BETA0.2,0.8,0.2,100,3.44566,0.68277,0.2126,5.38123,0.89181,0.04337,0.0384,0.0028,0.04039,0.625
14,55,hybrid,HYBRID_ALPHA0.9_BETA0.1,0.9,0.1,100,3.4387,0.68458,0.21608,5.17225,0.8875,0.04464,0.03932,0.0028,0.04044,0.55
14,55,hybrid,HYBRID_ALPHA0.1_BETA0.9,0.1,0.9,300,2.37735,0.70318,0.07627,4.11744,0.7886,0.02787,0.03969,0.00343,0.04179,0.7
14,55,hybrid,HYBRID_ALPHA0.2_BETA0.8,0.2,0.8,300,2.07703,0.60364,0.14557,4.59024,0.82404,0.03095,0.03616,0.00336,0.03937,0.6
14,55,hybrid,HYBRID_ALPHA0.3_BETA0.7,0.3,0.7,300,2.25276,0.61364,0.15425,4.67052,0.82569,0.03206,0.03524,0.00302,0.04043,0.6
14,55,hybrid,HYBRID_ALPHA0.4_BETA0.6,0.4,0.6,300,1.84003,0.6034,0.15293,4.50334,0.81406,0.04671,0.03882,0.00309,0.04466,0.55
14,55,hybrid,HYBRID_ALPHA0.5_BETA0.5,0.5,0.5,300,1.79639,0.59532,0.15669,5.20317,0.8432,0.02483,0.04562,0.00333,0.04625,0.55
14,55,hybrid,HYBRID_ALPHA0.6_BETA0.4,0.6,0.4,300,1.63165,0.57671,0.16006,5.13239,0.84301,0.02504,0.04564,0.00328,0.04271,0.575
14,55,hybrid,HYBRID_ALPHA0.7_BETA0.3,0.7,0.3,300,0.99053,0.50944,0.14551,4.96298,0.84144,0.02511,0.04649,0.00322,0.03402,0.55
14,55,hybrid,HYBRID_ALPHA0.8_BETA0.2,0.8,0.2,300,1.34032,0.5554,0.17142,4.81484,0.83834,0.02577,0.04728,0.00324,0.04016,0.6
14,55,hybrid,HYBRID_ALPHA0.9_BETA0.1,0.9,0.1,300,1.42751,0.56529,0.18959,3.17761,0.7784,0.01658,0.04574,0.00326,0.04361,0.65
14,55,hybrid,HYBRID_ALPHA0.1_BETA0.9,0.1,0.9,500,1.36853,0.6375,0.08539,1.07041,0.63652,0.08747,0.02812,0.00301,0.11966,0.75
14,55,hybrid,HYBRID_ALPHA0.2_BETA0.8,0.2,0.8,500,1.11244,0.51326,0.11693,1.20971,0.64965,0.10858,0.02557,0.0026,0.1245,0.75
14,55,hybrid,HYBRID_ALPHA0.3_BETA0.7,0.3,0.7,500,1.05183,0.50493,0.13235,0.76636,0.60224,0.0435,0.03233,0.00287,0.07276,0.65
14,55,hybrid,HYBRID_ALPHA0.4_BETA0.6,0.4,0.6,500,1.00197,0.51341,0.13753,0.6904,0.58491,0.04725,0.03318,0.00291,0.07238,0.675
14,55,hybrid,HYBRID_ALPHA0.5_BETA0.5,0.5,0.5,500,0.79348,0.48794,0.15809,0.80658,0.6416,0.05458,0.04372,0.0032,0.06997,0.6
14,55,hybrid,HYBRID_ALPHA0.6_BETA0.4,0.6,0.4,500,0.58543,0.46024,0.17016,0.94702,0.62563,0.05177,0.04455,0.00274,0.0675,0.65
14,55,hybrid,HYBRID_ALPHA0.7_BETA0.3,0.7,0.3,500,0.60581,0.46677,0.17033,1.06887,0.68275,0.15707,0.04827,0.00233,0.11305,0.75
14,55,hybrid,HYBRID_ALPHA0.8_BETA0.2,0.8,0.2,500,0.59844,0.46442,0.1742,0.98928,0.6056,0.05701,0.02929,0.00185,0.05726,0.625
14,55,hybrid,HYBRID_ALPHA0.9_BETA0.1,0.9,0.1,500,0.61193,0.4688,0.1999,0.765,0.67404,0.13507,0.05767,0.00242,0.08111,0.675
14,55,mse,MSE,1.0,0.0,50,5.65641,0.89388,0.25754,34.90385,1.61338,0.42216,0.13117,0.00408,0.0901,0.725
14,55,mse,MSE,1.0,0.0,100,3.59445,0.69683,0.22559,4.90725,0.87977,0.05466,0.04153,0.00274,0.04016,0.625
14,55,mse,MSE,1.0,0.0,300,1.38413,0.56639,0.21169,3.3041,0.78315,0.01687,0.05109,0.00315,0.04189,0.675
14,55,mse,MSE,1.0,0.0,500,0.64687,0.48603,0.2496,0.68515,0.65378,0.17627,0.05671,0.00149,0.07361,0.675
15,56,hsic,HSIC,0.0,1.0,50,8.02495,1.02509,0.25806,123.22972,2.5586,0.39506,0.1573,0.00553,0.15963,0.8
15,56,hsic,HSIC,0.0,1.0,100,4.9657,1.25488,0.23825,125.72997,2.52014,0.1039,0.11256,0.00488,0.11017,0.675
15,56,hsic,HSIC,0.0,1.0,300,4.72015,1.31599,0.15124,127.83992,2.61936,0.06495,0.08049,0.00499,0.16201,0.8
15,56,hsic,HSIC,0.0,1.0,500,3.51859,0.91349,0.0976,121.83118,2.38914,0.09553,0.09568,0.00389,0.40598,0.925
15,56,hybrid,HYBRID_ALPHA0.1_BETA0.9,0.1,0.9,50,7.9409,1.02062,0.25803,0.77422,0.656,0.11125,0.02592,0.00267,0.06609,0.75
15,56,hybrid,HYBRID_ALPHA0.2_BETA0.8,0.2,0.8,50,7.91983,1.01878,0.25811,0.92409,0.65151,0.10874,0.02267,0.0023,0.06623,0.725
15,56,hybrid,HYBRID_ALPHA0.3_BETA0.7,0.3,0.7,50,6.09293,0.94007,0.2578,1.22183,0.67733,0.11362,0.02189,0.00274,0.05939,0.7
15,56,hybrid,HYBRID_ALPHA0.4_BETA0.6,0.4,0.6,50,5.51476,0.8836,0.25783,1.33949,0.6848,0.11035,0.02416,0.00285,0.05736,0.65
15,56,hybrid,HYBRID_ALPHA0.5_BETA0.5,0.5,0.5,50,5.4844,0.88136,0.25761,1.4187,0.70444,0.13421,0.02687,0.00298,0.0571,0.7
15,56,hybrid,HYBRID_ALPHA0.6_BETA0.4,0.6,0.4,50,5.42037,0.87741,0.25828,1.49799,0.71727,0.14044,0.03099,0.00298,0.05599,0.7
15,56,hybrid,HYBRID_ALPHA0.7_BETA0.3,0.7,0.3,50,5.68355,0.89529,0.25784,1.73406,0.73533,0.14749,0.03623,0.00297,0.05709,0.7
15,56,hybrid,HYBRID_ALPHA0.8_BETA0.2,0.8,0.2,50,5.68298,0.89487,0.25765,2.42805,0.77729,0.16828,0.03962,0.00283,0.05745,0.725
15,56,hybrid,HYBRID_ALPHA0.9_BETA0.1,0.9,0.1,50,5.65676,0.89394,0.25755,3.58023,0.83409,0.20794,0.04853,0.00278,0.05848,0.725
15,56,hybrid,HYBRID_ALPHA0.1_BETA0.9,0.1,0.9,100,3.67913,0.78042,0.22248,4.99189,0.83919,0.0534,0.02801,0.00263,0.03902,0.55
15,56,hybrid,HYBRID_ALPHA0.2_BETA0.8,0.2,0.8,100,3.60996,0.73573,0.2227,6.28571,0.9014,0.04995,0.02696,0.00269,0.03984,0.575
15,56,hybrid,HYBRID_ALPHA0.3_BETA0.7,0.3,0.7,100,3.55227,0.72149,0.21669,6.42079,0.91208,0.05097,0.02735,0.00271,0.03966,0.5
15,56,hybrid,HYBRID_ALPHA0.4_BETA0.6,0.4,0.6,100,3.58357,0.69532,0.21629,6.3094,0.91066,0.05225,0.02791,0.0028,0.04018,0.575
15,56,hybrid,HYBRID_ALPHA0.5_BETA0.5,0.5,0.5,100,3.61026,0.70178,0.22256,6.12409,0.90629,0.05495,0.02881,0.00277,0.03982,0.65
15,56,hybrid,HYBRID_ALPHA0.6_BETA0.4,0.6,0.4,100,3.50562,0.68602,0.21178,5.94106,0.8991,0.06251,0.03096,0.00271,0.04,0.55
15,56,hybrid,HYBRID_ALPHA0.7_BETA0.3,0.7,0.3,100,3.4602,0.6819,0.21007,5.49753,0.89118,0.04217,0.03515,0.00286,0.04087,0.55
15,56,hybrid,HYBRID_ALPHA0.8_BETA0.2,0.8,0.2,100,3.44566,0.68277,0.2126,5.38692,0.8922,0.04241,0.03817,0.00281,0.0405,0.625
15,56,hybrid,HYBRID_ALPHA0.9_BETA0.1,0.9,0.1,100,3.4387,0.68458,0.21608,5.17413,0.88754,0.04555,0.03954,0.00279,0.04035,0.575
15,56,hybrid,HYBRID_ALPHA0.1_BETA0.9,0.1,0.9,300,2.37735,0.70318,0.07627,4.11572,0.78853,0.02788,0.03968,0.00343,0.04178,0.7
15,56,hybrid,HYBRID_ALPHA0.2_BETA0.8,0.2,0.8,300,2.07703,0.60364,0.14557,4.58987,0.8241,0.03096,0.03616,0.00336,0.03937,0.6
15,56,hybrid,HYBRID_ALPHA0.3_BETA0.7,0.3,0.7,300,2.25276,0.61364,0.15425,4.67078,0.82561,0.03206,0.03523,0.00302,0.04043,0.6
15,56,hybrid,HYBRID_ALPHA0.4_BETA0.6,0.4,0.6,300,1.85219,0.60351,0.15301,4.50323,0.81407,0.04671,0.03882,0.0031,0.04448,0.55
15,56,hybrid,HYBRID_ALPHA0.5_BETA0.5,0.5,0.5,300,1.79639,0.59532,0.15669,5.21118,0.84352,0.02439,0.04543,0.00334,0.04635,0.55
15,56,hybrid,HYBRID_ALPHA0.6_BETA0.4,0.6,0.4,300,1.62565,0.57772,0.16115,5.131,0.84299,0.02503,0.04564,0.00326,0.04294,0.625
15,56,hybrid,HYBRID_ALPHA0.7_BETA0.3,0.7,0.3,300,0.99053,0.50944,0.14551,4.96444,0.8414,0.02512,0.04648,0.00322,0.03402,0.55
15,56,hybrid,HYBRID_ALPHA0.8_BETA0.2,0.8,0.2,300,1.34117,0.55547,0.17149,4.81361,0.83831,0.02576,0.04728,0.00324,0.04013,0.6
15,56,hybrid,HYBRID_ALPHA0.9_BETA0.1,0.9,0.1,300,1.42751,0.56529,0.18959,3.13114,0.77579,0.01658,0.04577,0.00326,0.04364,0.65
15,56,hybrid,HYBRID_ALPHA0.1_BETA0.9,0.1,0.9,500,1.36093,0.639,0.0847,1.07038,0.63649,0.08747,0.02812,0.00301,0.11983,0.775
15,56,hybrid,HYBRID_ALPHA0.2_BETA0.8,0.2,0.8,500,1.11244,0.51326,0.11693,1.20969,0.64964,0.10857,0.02557,0.00261,0.1245,0.75
15,56,hybrid,HYBRID_ALPHA0.3_BETA0.7,0.3,0.7,500,1.05183,0.50493,0.13235,0.76305,0.60087,0.0435,0.03232,0.00287,0.07273,0.65
15,56,hybrid,HYBRID_ALPHA0.4_BETA0.6,0.4,0.6,500,1.00197,0.51341,0.13753,0.69561,0.58614,0.04727,0.03318,0.00291,0.07242,0.675
15,56,hybrid,HYBRID_ALPHA0.5_BETA0.5,0.5,0.5,500,0.80972,0.4885,0.15372,0.79558,0.63789,0.05457,0.04374,0.00322,0.07035,0.6
15,56,hybrid,HYBRID_ALPHA0.6_BETA0.4,0.6,0.4,500,0.58686,0.46048,0.17033,0.94501,0.62539,0.0518,0.04447,0.00275,0.06748,0.65
15,56,hybrid,HYBRID_ALPHA0.7_BETA0.3,0.7,0.3,500,0.60768,0.46692,0.17042,1.06887,0.68275,0.15707,0.04827,0.00232,0.11305,0.75
15,56,hybrid,HYBRID_ALPHA0.8_BETA0.2,0.8,0.2,500,0.59825,0.46427,0.17364,0.98928,0.6056,0.05701,0.02929,0.00186,0.0573,0.65
15,56,hybrid,HYBRID_ALPHA0.9_BETA0.1,0.9,0.1,500,0.61193,0.4688,0.1999,0.765,0.67404,0.13507,0.05767,0.00242,0.08111,0.675
15,56,mse,MSE,1.0,0.0,50,5.65641,0.89388,0.25754,34.90381,1.61338,0.42216,0.13117,0.00408,0.0901,0.725
15,56,mse,MSE,1.0,0.0,100,3.60054,0.69752,0.22616,4.90958,0.87982,0.05568,0.04177,0.00274,0.04006,0.575
15,56,mse,MSE,1.0,0.0,300,1.38413,0.56639,0.21169,3.3041,0.78315,0.01687,0.05109,0.00315,0.04189,0.675
15,56,mse,MSE,1.0,0.0,500,0.64687,0.48603,0.2496,0.6852,0.65384,0.17627,0.05672,0.00149,0.07361,0.675
16,57,hsic,HSIC,0.0,1.0,50,8.03299,1.02567,0.25787,123.22961,2.55859,0.39506,0.1573,0.00553,0.15967,0.8
16,57,hsic,HSIC,0.0,1.0,100,4.9657,1.25488,0.23825,125.7305,2.52039,0.1039,0.11256,0.00488,0.11016,0.675
16,57,hsic,HSIC,0.0,1.0,300,4.72015,1.31599,0.15124,125.19543,2.41722,0.1063,0.1152,0.00457,0.14882,0.775
16,57,hsic,HSIC,0.0,1.0,500,3.51859,0.91349,0.0976,121.83118,2.38914,0.09553,0.09568,0.00389,0.40598,0.925
16,57,hybrid,HYBRID_ALPHA0.1_BETA0.9,0.1,0.9,50,7.93502,1.02051,0.25802,0.77424,0.65599,0.11125,0.02592,0.00267,0.06609,0.75
16,57,hybrid,HYBRID_ALPHA0.2_BETA0.8,0.2,0.8,50,7.92884,1.01955,0.25782,0.92408,0.65152,0.10874,0.02267,0.0023,0.0663,0.725
16,57,hybrid,HYBRID_ALPHA0.3_BETA0.7,0.3,0.7,50,6.07441,0.93966,0.25778,1.22184,0.67734,0.11362,0.02189,0.00274,0.0594,0.7
16,57,hybrid,HYBRID_ALPHA0.4_BETA0.6,0.4,0.6,50,5.51476,0.8836,0.25783,1.33946,0.6848,0.11035,0.02416,0.00285,0.05736,0.65
16,57,hybrid,HYBRID_ALPHA0.5_BETA0.5,0.5,0.5,50,5.4844,0.88136,0.25761,1.41871,0.70445,0.13421,0.02687,0.00298,0.0571,0.7
16,57,hybrid,HYBRID_ALPHA0.6_BETA0.4,0.6,0.4,50,5.42038,0.87741,0.25828,1.49803,0.71727,0.14044,0.03099,0.00298,0.05599,0.7
16,57,hybrid,HYBRID_ALPHA0.7_BETA0.3,0.7,0.3,50,5.65789,0.89467,0.25783,1.73401,0.73532,0.14749,0.03623,0.00297,0.05714,0.7
16,57,hybrid,HYBRID_ALPHA0.8_BETA0.2,0.8,0.2,50,5.65725,0.8942,0.25763,2.42799,0.77728,0.16828,0.03962,0.00283,0.0575,0.725
16,57,hybrid,HYBRID_ALPHA0.9_BETA0.1,0.9,0.1,50,5.65676,0.89394,0.25755,3.58003,0.83408,0.20793,0.04853,0.00278,0.05848,0.725
16,57,hybrid,HYBRID_ALPHA0.1_BETA0.9,0.1,0.9,100,3.67913,0.78042,0.22248,4.99166,0.83911,0.0534,0.02801,0.00263,0.03902,0.55
16,57,hybrid,HYBRID_ALPHA0.2_BETA0.8,0.2,0.8,100,3.60996,0.73573,0.2227,6.29259,0.9019,0.05001,0.02696,0.00269,0.03979,0.575
16,57,hybrid,HYBRID_ALPHA0.3_BETA0.7,0.3,0.7,100,3.55227,0.72149,0.21669,6.41119,0.91144,0.05091,0.02736,0.00271,0.03938,0.5
16,57,hybrid,HYBRID_ALPHA0.4_BETA0.6,0.4,0.6,100,3.58357,0.69532,0.21629,6.30239,0.91018,0.05214,0.02792,0.0028,0.0402,0.575
16,57,hybrid,HYBRID_ALPHA0.5_BETA0.5,0.5,0.5,100,3.61026,0.70178,0.22256,6.12095,0.90601,0.05473,0.02885,0.00277,0.03985,0.625
16,57,hybrid,HYBRID_ALPHA0.6_BETA0.4,0.6,0.4,100,3.50562,0.68602,0.21178,5.94093,0.8991,0.06251,0.03096,0.00271,0.04,0.55
16,57,hybrid,HYBRID_ALPHA0.7_BETA0.3,0.7,0.3,100,3.4602,0.6819,0.21007,5.49639,0.89117,0.04216,0.03515,0.00286,0.04087,0.55
16,57,hybrid,HYBRID_ALPHA0.8_BETA0.2,0.8,0.2,100,3.44597,0.68279,0.21256,5.38134,0.89182,0.04337,0.0384,0.0028,0.04039,0.625
16,57,hybrid,HYBRID_ALPHA0.9_BETA0.1,0.9,0.1,100,3.4387,0.68458,0.21608,5.17279,0.88751,0.04464,0.03932,0.0028,0.04044,0.55
16,57,hybrid,HYBRID_ALPHA0.1_BETA0.9,0.1,0.9,300,2.37735,0.70318,0.07627,4.11626,0.78855,0.02788,0.03968,0.00343,0.04178,0.7
16,57,hybrid,HYBRID_ALPHA0.2_BETA0.8,0.2,0.8,300,2.07703,0.60364,0.14557,4.59119,0.82411,0.03092,0.03616,0.00336,0.03937,0.625
16,57,hybrid,HYBRID_ALPHA0.3_BETA0.7,0.3,0.7,300,2.25276,0.61364,0.15425,4.67028,0.82565,0.03206,0.03523,0.00302,0.04043,0.6
16,57,hybrid,HYBRID_ALPHA0.4_BETA0.6,0.4,0.6,300,1.85512,0.60344,0.15294,4.50325,0.8141,0.04671,0.03882,0.0031,0.04449,0.55
16,57,hybrid,HYBRID_ALPHA0.5_BETA0.5,0.5,0.5,300,1.79639,0.59532,0.15669,5.21074,0.84353,0.02437,0.04543,0.00334,0.04635,0.55
16,57,hybrid,HYBRID_ALPHA0.6_BETA0.4,0.6,0.4,300,1.63169,0.57766,0.16065,5.13331,0.84296,0.02505,0.04563,0.00327,0.04292,0.575
16,57,hybrid,HYBRID_ALPHA0.7_BETA0.3,0.7,0.3,300,0.99053,0.50944,0.14551,4.96449,0.8414,0.02512,0.04649,0.00322,0.03402,0.55
16,57,hybrid,HYBRID_ALPHA0.8_BETA0.2,0.8,0.2,300,1.33911,0.55528,0.17134,4.81513,0.83832,0.02577,0.04727,0.00324,0.04012,0.6
16,57,hybrid,HYBRID_ALPHA0.9_BETA0.1,0.9,0.1,300,1.42751,0.56529,0.18959,3.19255,0.77837,0.01648,0.04559,0.00325,0.04318,0.65
16,57,hybrid,HYBRID_ALPHA0.1_BETA0.9,0.1,0.9,500,1.36093,0.639,0.0847,1.0704,0.63651,0.08747,0.02812,0.00301,0.11983,0.775
16,57,hybrid,HYBRID_ALPHA0.2_BETA0.8,0.2,0.8,500,1.11244,0.51326,0.11693,1.20961,0.64964,0.10858,0.02557,0.0026,0.1245,0.75
16,57,hybrid,HYBRID_ALPHA0.3_BETA0.7,0.3,0.7,500,1.02331,0.50259,0.13678,0.75478,0.59706,0.0435,0.03232,0.00286,0.07225,0.675
16,57,hybrid,HYBRID_ALPHA0.4_BETA0.6,0.4,0.6,500,1.00197,0.51341,0.13753,0.68167,0.58285,0.04724,0.03316,0.00291,0.07233,0.675
16,57,hybrid,HYBRID_ALPHA0.5_BETA0.5,0.5,0.5,500,0.80972,0.4885,0.15372,0.79667,0.63827,0.05458,0.04374,0.00322,0.07036,0.6
16,57,hybrid,HYBRID_ALPHA0.6_BETA0.4,0.6,0.4,500,0.58543,0.46024,0.17016,0.93013,0.6238,0.05204,0.04382,0.00275,0.06727,0.65
16,57,hybrid,HYBRID_ALPHA0.7_BETA0.3,0.7,0.3,500,0.60768,0.46692,0.17042,1.06887,0.68275,0.15707,0.04827,0.00232,0.11305,0.75
16,57,hybrid,HYBRID_ALPHA0.8_BETA0.2,0.8,0.2,500,0.59255,0.46343,0.173,0.98928,0.6056,0.05701,0.02929,0.00185,0.05721,0.65
16,57,hybrid,HYBRID_ALPHA0.9_BETA0.1,0.9,0.1,500,0.61377,0.46906,0.20013,0.765,0.67404,0.13507,0.05767,0.00242,0.08107,0.675
16,57,mse,MSE,1.0,0.0,50,5.65641,0.89388,0.25754,34.90392,1.61338,0.42216,0.13117,0.00408,0.0901,0.725
16,57,mse,MSE,1.0,0.0,100,3.60353,0.69784,0.22705,4.90979,0.87984,0.05569,0.04177,0.00274,0.04005,0.6
16,57,mse,MSE,1.0,0.0,300,1.38413,0.56639,0.21169,3.3041,0.78315,0.01687,0.05109,0.00315,0.04189,0.675
16,57,mse,MSE,1.0,0.0,500,0.64687,0.48603,0.2496,0.6852,0.65384,0.17627,0.05672,0.00149,0.07361,0.675
17,58,hsic,HSIC,0.0,1.0,50,8.02495,1.02509,0.25806,123.22979,2.5586,0.39506,0.1573,0.00553,0.15963,0.8
17,58,hsic,HSIC,0.0,1.0,100,4.9657,1.25488,0.23825,125.7305,2.52039,0.1039,0.11256,0.00488,0.11016,0.675
17,58,hsic,HSIC,0.0,1.0,300,4.71718,1.31819,0.14955,125.19708,2.41708,0.10631,0.11521,0.00453,0.14891,0.775
17,58,hsic,HSIC,0.0,1.0,500,3.53258,0.9125,0.09759,121.83551,2.38951,0.09553,0.09568,0.00389,0.40599,0.925
17,58,hybrid,HYBRID_ALPHA0.1_BETA0.9,0.1,0.9,50,7.9409,1.02062,0.25803,0.77429,0.65599,0.11125,0.02592,0.00267,0.06609,0.75
17,58,hybrid,HYBRID_ALPHA0.2_BETA0.8,0.2,0.8,50,7.91988,1.01883,0.25811,0.92409,0.65152,0.10874,0.02267,0.0023,0.06623,0.725
17,58,hybrid,HYBRID_ALPHA0.3_BETA0.7,0.3,0.7,50,6.09317,0.94016,0.25771,1.22185,0.67734,0.11362,0.02189,0.00274,0.05938,0.675
17,58,hybrid,HYBRID_ALPHA0.4_BETA0.6,0.4,0.6,50,5.48715,0.88271,0.25783,1.33948,0.6848,0.11035,0.02416,0.00285,0.05746,0.65
17,58,hybrid,HYBRID_ALPHA0.5_BETA0.5,0.5,0.5,50,5.4844,0.88136,0.25761,1.41851,0.70447,0.13421,0.02687,0.00298,0.0571,0.7
17,58,hybrid,HYBRID_ALPHA0.6_BETA0.4,0.6,0.4,50,5.39349,0.87678,0.25827,1.498,0.71727,0.14044,0.03099,0.00298,0.05605,0.675
17,58,hybrid,HYBRID_ALPHA0.7_BETA0.3,0.7,0.3,50,5.65785,0.89462,0.25782,1.734,0.73532,0.14749,0.03623,0.00297,0.05714,0.7
17,58,hybrid,HYBRID_ALPHA0.8_BETA0.2,0.8,0.2,50,5.65725,0.8942,0.25763,2.42802,0.77729,0.16828,0.03962,0.00283,0.0575,0.725
17,58,hybrid,HYBRID_ALPHA0.9_BETA0.1,0.9,0.1,50,5.68254,0.89461,0.25757,3.57992,0.83408,0.20793,0.04853,0.00278,0.05843,0.725
17,58,hybrid,HYBRID_ALPHA0.1_BETA0.9,0.1,0.9,100,3.67913,0.78042,0.22248,4.99195,0.83913,0.0534,0.02801,0.00263,0.03902,0.55
17,58,hybrid,HYBRID_ALPHA0.2_BETA0.8,0.2,0.8,100,3.60996,0.73573,0.2227,6.28587,0.90133,0.04995,0.02696,0.00269,0.03984,0.575
17,58,hybrid,HYBRID_ALPHA0.3_BETA0.7,0.3,0.7,100,3.55227,0.72149,0.21669,6.42129,0.91211,0.05097,0.02735,0.00271,0.03966,0.5
17,58,hybrid,HYBRID_ALPHA0.4_BETA0.6,0.4,0.6,100,3.58357,0.69532,0.21629,6.30239,0.91018,0.05214,0.02792,0.0028,0.0402,0.575
17,58,hybrid,HYBRID_ALPHA0.5_BETA0.5,0.5,0.5,100,3.61026,0.70178,0.22256,6.11961,0.90596,0.05474,0.02884,0.00277,0.03984,0.625
17,58,hybrid,HYBRID_ALPHA0.6_BETA0.4,0.6,0.4,100,3.50562,0.68602,0.21178,5.94118,0.89916,0.06251,0.03096,0.00271,0.04,0.55
17,58,hybrid,HYBRID_ALPHA0.7_BETA0.3,0.7,0.3,100,3.4602,0.6819,0.21007,5.49645,0.89114,0.04216,0.03515,0.00286,0.04087,0.55
17,58,hybrid,HYBRID_ALPHA0.8_BETA0.2,0.8,0.2,100,3.45161,0.68373,0.21383,5.38747,0.89221,0.04241,0.03817,0.00281,0.04043,0.65
17,58,hybrid,HYBRID_ALPHA0.9_BETA0.1,0.9,0.1,100,3.4387,0.68458,0.21608,5.17339,0.88755,0.04464,0.03932,0.0028,0.04044,0.55
17,58,hybrid,HYBRID_ALPHA0.1_BETA0.9,0.1,0.9,300,2.37735,0.70318,0.07627,4.11609,0.78854,0.02788,0.03968,0.00343,0.04178,0.7
17,58,hybrid,HYBRID_ALPHA0.2_BETA0.8,0.2,0.8,300,2.07703,0.60364,0.14557,4.58987,0.82408,0.03096,0.03616,0.00336,0.03937,0.6
17,58,hybrid,HYBRID_ALPHA0.3_BETA0.7,0.3,0.7,300,2.25276,0.61364,0.15425,4.67036,0.82566,0.03206,0.03523,0.00302,0.04043,0.6
17,58,hybrid,HYBRID_ALPHA0.4_BETA0.6,0.4,0.6,300,1.84003,0.6034,0.15293,4.50323,0.81407,0.04671,0.03882,0.00309,0.04466,0.55
17,58,hybrid,HYBRID_ALPHA0.5_BETA0.5,0.5,0.5,300,1.79639,0.59532,0.15669,5.21073,0.84351,0.02436,0.04542,0.00334,0.04635,0.55
17,58,hybrid,HYBRID_ALPHA0.6_BETA0.4,0.6,0.4,300,1.62565,0.57772,0.16115,5.13308,0.84297,0.02504,0.04563,0.00326,0.04294,0.625
17,58,hybrid,HYBRID_ALPHA0.7_BETA0.3,0.7,0.3,300,0.94438,0.5028,0.14295,4.96467,0.84141,0.02512,0.04649,0.00319,0.0347,0.575
17,58,hybrid,HYBRID_ALPHA0.8_BETA0.2,0.8,0.2,300,1.33871,0.55522,0.17133,4.81361,0.83831,0.02576,0.04728,0.00324,0.0401,0.6
17,58,hybrid,HYBRID_ALPHA0.9_BETA0.1,0.9,0.1,300,1.42751,0.56529,0.18959,3.19507,0.77864,0.01655,0.04554,0.00325,0.0433,0.65
17,58,hybrid,HYBRID_ALPHA0.1_BETA0.9,0.1,0.9,500,1.36093,0.639,0.0847,1.0704,0.63651,0.08747,0.02812,0.00301,0.11983,0.775
17,58,hybrid,HYBRID_ALPHA0.2_BETA0.8,0.2,0.8,500,1.10497,0.51198,0.11721,1.20966,0.64965,0.10858,0.02557,0.0026,0.12451,0.75
17,58,hybrid,HYBRID_ALPHA0.3_BETA0.7,0.3,0.7,500,1.05183,0.50493,0.13235,0.77731,0.607,0.0435,0.03233,0.00286,0.07281,0.65
17,58,hybrid,HYBRID_ALPHA0.4_BETA0.6,0.4,0.6,500,1.00197,0.51341,0.13753,0.6904,0.58491,0.04725,0.03318,0.00291,0.07238,0.675
17,58,hybrid,HYBRID_ALPHA0.5_BETA0.5,0.5,0.5,500,0.80972,0.4885,0.15372,0.82791,0.64945,0.05457,0.04368,0.00322,0.07043,0.6
17,58,hybrid,HYBRID_ALPHA0.6_BETA0.4,0.6,0.4,500,0.58543,0.46024,0.17016,0.93878,0.6256,0.0519,0.04425,0.00274,0.06742,0.65
17,58,hybrid,HYBRID_ALPHA0.7_BETA0.3,0.7,0.3,500,0.60215,0.4665,0.1704,1.06887,0.68275,0.15707,0.04827,0.00233,0.11303,0.75
17,58,hybrid,HYBRID_ALPHA0.8_BETA0.2,0.8,0.2,500,0.59844,0.46442,0.1742,1.00741,0.60609,0.05665,0.0294,0.00183,0.05725,0.625
17,58,hybrid,HYBRID_ALPHA0.9_BETA0.1,0.9,0.1,500,0.61193,0.4688,0.1999,0.765,0.67402,0.13507,0.05767,0.00242,0.0811,0.675
17,58,mse,MSE,1.0,0.0,50,5.65641,0.89388,0.25754,34.90381,1.61338,0.42216,0.13117,0.00408,0.0901,0.725
17,58,mse,MSE,1.0,0.0,100,3.60066,0.69752,0.22612,4.90725,0.87977,0.05466,0.04153,0.00274,0.04011,0.575
17,58,mse,MSE,1.0,0.0,300,1.38433,0.56642,0.21167,3.30857,0.78401,0.01695,0.05126,0.00315,0.04185,0.675
17,58,mse,MSE,1.0,0.0,500,0.6446,0.48566,0.24923,0.68519,0.65382,0.17627,0.05672,0.00149,0.07363,0.675
18,59,hsic,HSIC,0.0,1.0,50,8.02489,1.02503,0.25806,123.26005,2.55854,0.39523,0.15733,0.00553,0.15967,0.8
18,59,hsic,HSIC,0.0,1.0,100,4.9657,1.25488,0.23825,125.73689,2.52175,0.1039,0.11256,0.00488,0.11016,0.675
18,59,hsic,HSIC,0.0,1.0,300,4.72015,1.31599,0.15124,125.19525,2.41713,0.1063,0.1152,0.00457,0.14882,0.775
18,59,hsic,HSIC,0.0,1.0,500,3.51859,0.91349,0.0976,121.83548,2.38948,0.09554,0.09568,0.00389,0.40598,0.925
18,59,hybrid,HYBRID_ALPHA0.1_BETA0.9,0.1,0.9,50,7.93497,1.02045,0.25802,0.77422,0.656,0.11125,0.02592,0.00267,0.06609,0.75
18,59,hybrid,HYBRID_ALPHA0.2_BETA0.8,0.2,0.8,50,7.91988,1.01883,0.25811,0.92409,0.65152,0.10874,0.02267,0.0023,0.06623,0.725
18,59,hybrid,HYBRID_ALPHA0.3_BETA0.7,0.3,0.7,50,6.0744,0.93963,0.25778,1.22188,0.67734,0.11362,0.02189,0.00274,0.0594,0.7
18,59,hybrid,HYBRID_ALPHA0.4_BETA0.6,0.4,0.6,50,5.51475,0.8836,0.25783,1.33947,0.6848,0.11035,0.02416,0.00285,0.05736,0.65
18,59,hybrid,HYBRID_ALPHA0.5_BETA0.5,0.5,0.5,50,5.4844,0.88136,0.25761,1.41854,0.70447,0.13421,0.02687,0.00298,0.0571,0.7
18,59,hybrid,HYBRID_ALPHA0.6_BETA0.4,0.6,0.4,50,5.39349,0.87678,0.25827,1.49905,0.71735,0.14045,0.031,0.00299,0.05605,0.675
18,59,hybrid,HYBRID_ALPHA0.7_BETA0.3,0.7,0.3,50,5.65789,0.89467,0.25783,1.73395,0.73532,0.14749,0.03623,0.00297,0.05714,0.7
18,59,hybrid,HYBRID_ALPHA0.8_BETA0.2,0.8,0.2,50,5.65728,0.89424,0.25763,2.42799,0.77729,0.16828,0.03962,0.00283,0.0575,0.725
18,59,hybrid,HYBRID_ALPHA0.9_BETA0.1,0.9,0.1,50,5.6825,0.89457,0.25756,3.57983,0.83407,0.20793,0.04853,0.00278,0.05843,0.725
18,59,hybrid,HYBRID_ALPHA0.1_BETA0.9,0.1,0.9,100,3.67913,0.78042,0.22248,4.99183,0.83914,0.0534,0.02801,0.00263,0.03902,0.55
18,59,hybrid,HYBRID_ALPHA0.2_BETA0.8,0.2,0.8,100,3.60275,0.73559,0.22321,6.28603,0.90142,0.04995,0.02696,0.00269,0.03983,0.6
18,59,hybrid,HYBRID_ALPHA0.3_BETA0.7,0.3,0.7,100,3.55227,0.72149,0.21669,6.42122,0.9121,0.05097,0.02735,0.00271,0.03966,0.5
18,59,hybrid,HYBRID_ALPHA0.4_BETA0.6,0.4,0.6,100,3.58357,0.69532,0.21629,6.3094,0.91066,0.05225,0.02791,0.0028,0.04018,0.575
18,59,hybrid,HYBRID_ALPHA0.5_BETA0.5,0.5,0.5,100,3.61025,0.70178,0.22256,6.12009,0.90595,0.05473,0.02885,0.00277,0.03984,0.625
18,59,hybrid,HYBRID_ALPHA0.6_BETA0.4,0.6,0.4,100,3.50562,0.68602,0.21178,5.94222,0.89929,0.0628,0.03087,0.00271,0.03996,0.55
18,59,hybrid,HYBRID_ALPHA0.7_BETA0.3,0.7,0.3,100,3.45549,0.68171,0.21015,5.49721,0.89118,0.04217,0.03515,0.00286,0.04085,0.575
18,59,hybrid,HYBRID_ALPHA0.8_BETA0.2,0.8,0.2,100,3.44566,0.68277,0.2126,5.38123,0.89181,0.04337,0.0384,0.0028,0.04039,0.625
18,59,hybrid,HYBRID_ALPHA0.9_BETA0.1,0.9,0.1,100,3.4387,0.68458,0.21608,5.17339,0.88755,0.04464,0.03932,0.0028,0.04044,0.55
18,59,hybrid,HYBRID_ALPHA0.1_BETA0.9,0.1,0.9,300,2.37735,0.70318,0.07627,4.11632,0.78855,0.02787,0.03968,0.00343,0.04178,0.7
18,59,hybrid,HYBRID_ALPHA0.2_BETA0.8,0.2,0.8,300,2.06444,0.60322,0.14666,4.58979,0.82405,0.03096,0.03616,0.00337,0.03949,0.625
18,59,hybrid,HYBRID_ALPHA0.3_BETA0.7,0.3,0.7,300,2.2587,0.61383,0.1543,4.67016,0.82568,0.03206,0.03523,0.00302,0.04035,0.575
18,59,hybrid,HYBRID_ALPHA0.4_BETA0.6,0.4,0.6,300,1.85486,0.60352,0.15311,4.50323,0.81407,0.04671,0.03882,0.0031,0.04445,0.55
18,59,hybrid,HYBRID_ALPHA0.5_BETA0.5,0.5,0.5,300,1.79639,0.59532,0.15669,5.2109,0.84352,0.02436,0.04542,0.00334,0.04635,0.55
18,59,hybrid,HYBRID_ALPHA0.6_BETA0.4,0.6,0.4,300,1.64107,0.57775,0.16026,5.13331,0.84296,0.02505,0.04563,0.00328,0.04292,0.575
18,59,hybrid,HYBRID_ALPHA0.7_BETA0.3,0.7,0.3,300,0.99053,0.50944,0.14551,4.96368,0.84144,0.02511,0.04649,0.00322,0.03402,0.55
18,59,hybrid,HYBRID_ALPHA0.8_BETA0.2,0.8,0.2,300,1.34117,0.55547,0.17149,4.81361,0.83831,0.02576,0.04728,0.00324,0.04013,0.6
18,59,hybrid,HYBRID_ALPHA0.9_BETA0.1,0.9,0.1,300,1.42751,0.56529,0.18959,3.17761,0.7784,0.01658,0.04574,0.00326,0.04361,0.65
18,59,hybrid,HYBRID_ALPHA0.1_BETA0.9,0.1,0.9,500,1.36093,0.639,0.0847,1.07059,0.6366,0.08747,0.02812,0.00301,0.11983,0.775
18,59,hybrid,HYBRID_ALPHA0.2_BETA0.8,0.2,0.8,500,1.10844,0.51276,0.11668,1.20971,0.64965,0.10858,0.02557,0.0026,0.12441,0.75
18,59,hybrid,HYBRID_ALPHA0.3_BETA0.7,0.3,0.7,500,1.05183,0.50493,0.13235,0.79922,0.61599,0.04351,0.03233,0.00286,0.07288,0.65
18,59,hybrid,HYBRID_ALPHA0.4_BETA0.6,0.4,0.6,500,1.00197,0.51341,0.13753,0.6825,0.58303,0.04724,0.03317,0.00291,0.07233,0.675
18,59,hybrid,HYBRID_ALPHA0.5_BETA0.5,0.5,0.5,500,0.80972,0.4885,0.15372,0.83614,0.65244,0.05456,0.04366,0.00322,0.07046,0.6
18,59,hybrid,HYBRID_ALPHA0.6_BETA0.4,0.6,0.4,500,0.58547,0.46048,0.17048,0.937,0.62544,0.05195,0.04412,0.00275,0.06739,0.65
18,59,hybrid,HYBRID_ALPHA0.7_BETA0.3,0.7,0.3,500,0.60768,0.46692,0.17042,1.06888,0.68276,0.15707,0.04827,0.00232,0.11305,0.75
18,59,hybrid,HYBRID_ALPHA0.8_BETA0.2,0.8,0.2,500,0.59844,0.46442,0.1742,1.00762,0.60638,0.05701,0.02946,0.00183,0.05723,0.65
18,59,hybrid,HYBRID_ALPHA0.9_BETA0.1,0.9,0.1,500,0.61193,0.4688,0.1999,0.76501,0.67403,0.13507,0.05767,0.00242,0.08111,0.675
18,59,mse,MSE,1.0,0.0,50,5.65641,0.89388,0.25754,34.90381,1.61338,0.42216,0.13117,0.00408,0.0901,0.725
18,59,mse,MSE,1.0,0.0,100,3.48748,0.69263,0.22637,4.90711,0.87979,0.05466,0.04153,0.00275,0.04001,0.55
18,59,mse,MSE,1.0,0.0,300,1.38413,0.56639,0.21169,3.3041,0.78315,0.01687,0.05109,0.00315,0.04189,0.675
18,59,mse,MSE,1.0,0.0,500,0.64687,0.48603,0.2496,0.6852,0.65384,0.17627,0.05672,0.00149,0.07361,0.675
19,60,hsic,HSIC,0.0,1.0,50,8.02489,1.02503,0.25806,123.22967,2.55859,0.39506,0.1573,0.00553,0.15963,0.8
19,60,hsic,HSIC,0.0,1.0,100,4.9657,1.25488,0.23825,125.72315,2.51829,0.1039,0.11256,0.00488,0.11017,0.675
19,60,hsic,HSIC,0.0,1.0,300,4.72228,1.31649,0.15134,125.19714,2.41713,0.10631,0.11521,0.00457,0.14882,0.775
19,60,hsic,HSIC,0.0,1.0,500,3.51859,0.91349,0.0976,121.83082,2.38903,0.09553,0.09568,0.00389,0.40598,0.925
19,60,hybrid,HYBRID_ALPHA0.1_BETA0.9,0.1,0.9,50,7.93502,1.02051,0.25802,0.77428,0.65599,0.11125,0.02592,0.00267,0.06609,0.75
19,60,hybrid,HYBRID_ALPHA0.2_BETA0.8,0.2,0.8,50,7.91988,1.01883,0.25811,0.92409,0.65152,0.10874,0.02267,0.0023,0.06623,0.725
19,60,hybrid,HYBRID_ALPHA0.3_BETA0.7,0.3,0.7,50,6.09293,0.94007,0.2578,1.22182,0.67733,0.11362,0.02189,0.00274,0.05939,0.7
19,60,hybrid,HYBRID_ALPHA0.4_BETA0.6,0.4,0.6,50,5.48715,0.88271,0.25783,1.33948,0.68481,0.11035,0.02416,0.00285,0.05746,0.65
19,60,hybrid,HYBRID_ALPHA0.5_BETA0.5,0.5,0.5,50,5.51202,0.88223,0.2576,1.41844,0.70449,0.13421,0.02687,0.00298,0.05704,0.7
19,60,hybrid,HYBRID_ALPHA0.6_BETA0.4,0.6,0.4,50,5.39346,0.87674,0.25826,1.49797,0.71726,0.14044,0.03099,0.00298,0.05605,0.675
19,60,hybrid,HYBRID_ALPHA0.7_BETA0.3,0.7,0.3,50,5.65786,0.89462,0.25782,1.73397,0.73532,0.14749,0.03623,0.00297,0.05714,0.7
19,60,hybrid,HYBRID_ALPHA0.8_BETA0.2,0.8,0.2,50,5.68298,0.89487,0.25765,2.42809,0.77729,0.16828,0.03962,0.00283,0.05745,0.725
19,60,hybrid,HYBRID_ALPHA0.9_BETA0.1,0.9,0.1,50,5.68254,0.89461,0.25757,3.5798,0.83407,0.20793,0.04853,0.00278,0.05843,0.725
19,60,hybrid,HYBRID_ALPHA0.1_BETA0.9,0.1,0.9,100,3.67766,0.78027,0.22207,4.99189,0.83919,0.0534,0.02801,0.00264,0.03904,0.575
19,60,hybrid,HYBRID_ALPHA0.2_BETA0.8,0.2,0.8,100,3.60996,0.73573,0.2227,6.29242,0.90183,0.05001,0.02696,0.00269,0.03979,0.575
19,60,hybrid,HYBRID_ALPHA0.3_BETA0.7,0.3,0.7,100,3.5531,0.72152,0.217,6.41344,0.91143,0.05091,0.02736,0.00271,0.03969,0.5
19,60,hybrid,HYBRID_ALPHA0.4_BETA0.6,0.4,0.6,100,3.58357,0.69532,0.21629,6.30239,0.91018,0.05214,0.02792,0.0028,0.0402,0.575
19,60,hybrid,HYBRID_ALPHA0.5_BETA0.5,0.5,0.5,100,3.61026,0.70178,0.22256,6.12025,0.90602,0.05473,0.02885,0.00277,0.03984,0.625
19,60,hybrid,HYBRID_ALPHA0.6_BETA0.4,0.6,0.4,100,3.50562,0.68602,0.21178,5.94099,0.89909,0.06251,0.03096,0.00271,0.04,0.55
19,60,hybrid,HYBRID_ALPHA0.7_BETA0.3,0.7,0.3,100,3.4602,0.6819,0.21007,5.49753,0.89118,0.04217,0.03515,0.00286,0.04087,0.55
19,60,hybrid,HYBRID_ALPHA0.8_BETA0.2,0.8,0.2,100,3.53865,0.68699,0.2127,5.38123,0.89181,0.04337,0.0384,0.0028,0.04054,0.65
19,60,hybrid,HYBRID_ALPHA0.9_BETA0.1,0.9,0.1,100,3.4387,0.68458,0.21608,5.17321,0.88753,0.04465,0.03932,0.0028,0.04044,0.55
19,60,hybrid,HYBRID_ALPHA0.1_BETA0.9,0.1,0.9,300,2.37735,0.70318,0.07627,4.11626,0.78855,0.02788,0.03968,0.00343,0.04178,0.7
19,60,hybrid,HYBRID_ALPHA0.2_BETA0.8,0.2,0.8,300,2.08036,0.6037,0.14542,4.59009,0.82405,0.03095,0.03616,0.00336,0.03939,0.6
19,60,hybrid,HYBRID_ALPHA0.3_BETA0.7,0.3,0.7,300,2.25276,0.61364,0.15425,4.67078,0.82561,0.03206,0.03523,0.00302,0.04043,0.6
19,60,hybrid,HYBRID_ALPHA0.4_BETA0.6,0.4,0.6,300,1.84003,0.6034,0.15293,4.50323,0.81407,0.04671,0.03882,0.00309,0.04466,0.55
19,60,hybrid,HYBRID_ALPHA0.5_BETA0.5,0.5,0.5,300,1.79639,0.59532,0.15669,5.20315,0.84319,0.02483,0.04562,0.00333,0.04625,0.55
19,60,hybrid,HYBRID_ALPHA0.6_BETA0.4,0.6,0.4,300,1.64107,0.57775,0.16026,5.13373,0.84295,0.02505,0.04563,0.00328,0.04292,0.575
19,60,hybrid,HYBRID_ALPHA0.7_BETA0.3,0.7,0.3,300,0.99053,0.50944,0.14551,4.96384,0.84141,0.02512,0.04649,0.00322,0.03402,0.55
19,60,hybrid,HYBRID_ALPHA0.8_BETA0.2,0.8,0.2,300,1.34117,0.55547,0.17149,4.81066,0.83831,0.02574,0.0473,0.00324,0.04013,0.6
19,60,hybrid,HYBRID_ALPHA0.9_BETA0.1,0.9,0.1,300,1.42751,0.56529,0.18959,3.17761,0.7784,0.01658,0.04574,0.00326,0.04361,0.65
19,60,hybrid,HYBRID_ALPHA0.1_BETA0.9,0.1,0.9,500,1.36093,0.639,0.0847,1.0704,0.63651,0.08747,0.02812,0.00301,0.11983,0.775
19,60,hybrid,HYBRID_ALPHA0.2_BETA0.8,0.2,0.8,500,1.11244,0.51326,0.11693,1.20971,0.64965,0.10858,0.02557,0.0026,0.1245,0.75
19,60,hybrid,HYBRID_ALPHA0.3_BETA0.7,0.3,0.7,500,1.05183,0.50493,0.13235,0.7525,0.59601,0.0435,0.03232,0.00287,0.07269,0.65
19,60,hybrid,HYBRID_ALPHA0.4_BETA0.6,0.4,0.6,500,1.00197,0.51341,0.13753,0.6904,0.58491,0.04725,0.03318,0.00291,0.07238,0.675
19,60,hybrid,HYBRID_ALPHA0.5_BETA0.5,0.5,0.5,500,0.80972,0.4885,0.15372,0.80343,0.6405,0.05459,0.04372,0.00322,0.07037,0.6
19,60,hybrid,HYBRID_ALPHA0.6_BETA0.4,0.6,0.4,500,0.58547,0.46048,0.17048,0.92828,0.62327,0.05205,0.04365,0.00275,0.06724,0.65
19,60,hybrid,HYBRID_ALPHA0.7_BETA0.3,0.7,0.3,500,0.60193,0.46637,0.17045,1.06887,0.68275,0.15707,0.04827,0.00233,0.11301,0.75
19,60,hybrid,HYBRID_ALPHA0.8_BETA0.2,0.8,0.2,500,0.59833,0.46438,0.17424,0.99046,0.60571,0.05715,0.02923,0.00185,0.05733,0.625
19,60,hybrid,HYBRID_ALPHA0.9_BETA0.1,0.9,0.1,500,0.61193,0.4688,0.1999,0.765,0.67404,0.13507,0.05767,0.00242,0.08111,0.675
19,60,mse,MSE,1.0,0.0,50,5.65641,0.89388,0.25754,34.90381,1.61338,0.42216,0.13117,0.00408,0.0901,0.725
19,60,mse,MSE,1.0,0.0,100,3.60066,0.69752,0.22612,4.90746,0.87974,0.05467,0.04153,0.00274,0.04011,0.575
19,60,mse,MSE,1.0,0.0,300,1.38413,0.56639,0.21169,3.3041,0.78315,0.01687,0.05109,0.00315,0.04189,0.675
19,60,mse,MSE,1.0,0.0,500,0.64935,0.48634,0.24981,0.68521,0.65384,0.17627,0.05672,0.00149,0.07356,0.675
20,61,hsic,HSIC,0.0,1.0,50,8.02489,1.02503,0.25806,123.22979,2.5586,0.39506,0.1573,0.00553,0.15963,0.8
20,61,hsic,HSIC,0.0,1.0,100,4.9657,1.25488,0.23825,125.73788,2.52181,0.1039,0.11256,0.00488,0.11016,0.675
20,61,hsic,HSIC,0.0,1.0,300,4.72015,1.31599,0.15124,125.19525,2.41713,0.1063,0.1152,0.00457,0.14882,0.775
20,61,hsic,HSIC,0.0,1.0,500,3.5196,0.91388,0.09757,121.83606,2.38956,0.09554,0.09568,0.00389,0.40602,0.925
20,61,hybrid,HYBRID_ALPHA0.1_BETA0.9,0.1,0.9,50,7.9409,1.02062,0.25803,0.77429,0.65599,0.11125,0.02592,0.00267,0.06609,0.75
20,61,hybrid,HYBRID_ALPHA0.2_BETA0.8,0.2,0.8,50,7.92576,1.01894,0.25812,0.92408,0.65152,0.10874,0.02267,0.0023,0.06625,0.725
20,61,hybrid,HYBRID_ALPHA0.3_BETA0.7,0.3,0.7,50,6.09294,0.94009,0.25779,1.22183,0.67734,0.11362,0.02189,0.00274,0.05939,0.7
20,61,hybrid,HYBRID_ALPHA0.4_BETA0.6,0.4,0.6,50,5.48714,0.88267,0.25783,1.33951,0.6848,0.11035,0.02416,0.00286,0.05746,0.65
20,61,hybrid,HYBRID_ALPHA0.5_BETA0.5,0.5,0.5,50,5.48438,0.88133,0.25759,1.41864,0.70448,0.13421,0.02687,0.00298,0.0571,0.7
20,61,hybrid,HYBRID_ALPHA0.6_BETA0.4,0.6,0.4,50,5.42083,0.87765,0.25826,1.49799,0.71727,0.14044,0.03099,0.00298,0.05597,0.675
20,61,hybrid,HYBRID_ALPHA0.7_BETA0.3,0.7,0.3,50,5.68355,0.89529,0.25784,1.73397,0.73532,0.14749,0.03623,0.00297,0.05709,0.7
20,61,hybrid,HYBRID_ALPHA0.8_BETA0.2,0.8,0.2,50,5.68298,0.89487,0.25765,2.42798,0.77728,0.16828,0.03962,0.00283,0.05745,0.725
20,61,hybrid,HYBRID_ALPHA0.9_BETA0.1,0.9,0.1,50,5.68251,0.89457,0.25756,3.58023,0.83409,0.20794,0.04853,0.00278,0.05843,0.725
20,61,hybrid,HYBRID_ALPHA0.1_BETA0.9,0.1,0.9,100,3.67913,0.78042,0.22248,4.99189,0.83919,0.0534,0.02801,0.00263,0.03902,0.55
20,61,hybrid,HYBRID_ALPHA0.2_BETA0.8,0.2,0.8,100,3.60996,0.73573,0.2227,6.28541,0.90144,0.04995,0.02696,0.00269,0.03984,0.575
20,61,hybrid,HYBRID_ALPHA0.3_BETA0.7,0.3,0.7,100,3.55227,0.72149,0.21669,6.4208,0.91203,0.05097,0.02735,0.00271,0.03966,0.5
20,61,hybrid,HYBRID_ALPHA0.4_BETA0.6,0.4,0.6,100,3.64161,0.69723,0.21523,6.30889,0.91072,0.05226,0.02791,0.00281,0.04027,0.575
20,61,hybrid,HYBRID_ALPHA0.5_BETA0.5,0.5,0.5,100,3.61032,0.7018,0.22259,6.11966,0.90599,0.05473,0.02885,0.00277,0.03985,0.625
20,61,hybrid,HYBRID_ALPHA0.6_BETA0.4,0.6,0.4,100,3.50562,0.68602,0.21178,5.94106,0.8991,0.06251,0.03096,0.00271,0.04,0.55
20,61,hybrid,HYBRID_ALPHA0.7_BETA0.3,0.7,0.3,100,3.45177,0.68098,0.20916,5.49601,0.89117,0.04214,0.03515,0.00286,0.04091,0.55
20,61,hybrid,HYBRID_ALPHA0.8_BETA0.2,0.8,0.2,100,3.44566,0.68277,0.2126,5.38062,0.89179,0.04336,0.0384,0.0028,0.04039,0.625
20,61,hybrid,HYBRID_ALPHA0.9_BETA0.1,0.9,0.1,100,3.4387,0.68458,0.21608,5.17282,0.88751,0.04465,0.03932,0.0028,0.04044,0.55
20,61,hybrid,HYBRID_ALPHA0.1_BETA0.9,0.1,0.9,300,2.37735,0.70318,0.07627,4.11629,0.78855,0.02787,0.03968,0.00343,0.04178,0.7
20,61,hybrid,HYBRID_ALPHA0.2_BETA0.8,0.2,0.8,300,2.04819,0.6029,0.14802,4.59016,0.82409,0.03096,0.03616,0.00339,0.03968,0.575
20,61,hybrid,HYBRID_ALPHA0.3_BETA0.7,0.3,0.7,300,2.25276,0.61364,0.15425,4.67059,0.82567,0.03206,0.03523,0.00302,0.04043,0.6
20,61,hybrid,HYBRID_ALPHA0.4_BETA0.6,0.4,0.6,300,1.84003,0.6034,0.15293,4.51033,0.8137,0.0471,0.03872,0.00308,0.04465,0.55
20,61,hybrid,HYBRID_ALPHA0.5_BETA0.5,0.5,0.5,300,1.79639,0.59532,0.15669,5.21107,0.84354,0.02436,0.04542,0.00334,0.04635,0.55
20,61,hybrid,HYBRID_ALPHA0.6_BETA0.4,0.6,0.4,300,1.64107,0.57775,0.16026,5.13331,0.84296,0.02505,0.04563,0.00328,0.04292,0.575
20,61,hybrid,HYBRID_ALPHA0.7_BETA0.3,0.7,0.3,300,0.99053,0.50944,0.14551,4.96426,0.84141,0.02512,0.04649,0.00322,0.03402,0.55
20,61,hybrid,HYBRID_ALPHA0.8_BETA0.2,0.8,0.2,300,1.34117,0.55547,0.17149,4.81933,0.83834,0.02581,0.04726,0.00324,0.04012,0.6
20,61,hybrid,HYBRID_ALPHA0.9_BETA0.1,0.9,0.1,300,1.42751,0.56529,0.18959,3.16911,0.77801,0.0166,0.04591,0.00326,0.04376,0.625
20,61,hybrid,HYBRID_ALPHA0.1_BETA0.9,0.1,0.9,500,1.36093,0.639,0.0847,1.07041,0.63651,0.08747,0.02812,0.00301,0.11983,0.775
20,61,hybrid,HYBRID_ALPHA0.2_BETA0.8,0.2,0.8,500,1.11244,0.51326,0.11693,1.20934,0.64951,0.10858,0.02557,0.0026,0.1245,0.75
20,61,hybrid,HYBRID_ALPHA0.3_BETA0.7,0.3,0.7,500,1.05183,0.50493,0.13235,0.7705,0.60398,0.0435,0.03233,0.00286,0.07278,0.65
20,61,hybrid,HYBRID_ALPHA0.4_BETA0.6,0.4,0.6,500,1.00197,0.51341,0.13753,0.72745,0.59737,0.04729,0.03323,0.00291,0.07255,0.675
20,61,hybrid,HYBRID_ALPHA0.5_BETA0.5,0.5,0.5,500,0.80972,0.4885,0.15372,0.79667,0.63827,0.05458,0.04374,0.00322,0.07036,0.6
20,61,hybrid,HYBRID_ALPHA0.6_BETA0.4,0.6,0.4,500,0.58543,0.46024,0.17016,0.93878,0.6256,0.0519,0.04425,0.00274,0.06742,0.65
20,61,hybrid,HYBRID_ALPHA0.7_BETA0.3,0.7,0.3,500,0.60209,0.46643,0.17066,1.06888,0.68276,0.15707,0.04827,0.00233,0.113,0.75
20,61,hybrid,HYBRID_ALPHA0.8_BETA0.2,0.8,0.2,500,0.59088,0.4633,0.17327,0.98928,0.6056,0.05701,0.02929,0.00185,0.05718,0.625
20,61,hybrid,HYBRID_ALPHA0.9_BETA0.1,0.9,0.1,500,0.61363,0.469,0.20011,0.76482,0.67375,0.13507,0.05767,0.00242,0.08109,0.675
20,61,mse,MSE,1.0,0.0,50,5.65641,0.89388,0.25754,34.90387,1.61338,0.42216,0.13117,0.00408,0.0901,0.725
20,61,mse,MSE,1.0,0.0,100,3.48983,0.69253,0.22552,4.90782,0.87976,0.05467,0.04153,0.00275,0.04,0.575
20,61,mse,MSE,1.0,0.0,300,1.38433,0.56642,0.21167,3.30857,0.78401,0.01695,0.05126,0.00315,0.04185,0.675
20,61,mse,MSE,1.0,0.0,500,0.64687,0.48603,0.2496,0.68521,0.65384,0.17627,0.05672,0.00149,0.07361,0.675
