Experiment,Seed,Loss,Conf,Alpha,Beta,N,Y_do,MSE Y,MAE Y,"HSIC(Y,X)",MSE Z,MAE Z,"HSIC(Z,X)","HSIC(Z,Y)",dHSIC Total,MMD,RF Acc
1,42,hsic,HSIC,0.0,1.0,50,1.0,0.90396,0.63551,0.03345,1.22942,0.91465,0.16504,,0.00849,0.12802,0.625
1,42,hsic,HSIC,0.0,1.0,50,0.0,0.90396,0.63551,0.03345,2.51725,1.41849,0.16851,,0.00833,0.19071,0.85
1,42,hsic,HSIC,0.0,1.0,100,1.0,0.88151,0.62582,0.0219,1.04666,0.84136,0.14696,,0.01102,0.16973,0.8
1,42,hsic,HSIC,0.0,1.0,100,0.0,0.88151,0.62582,0.0219,2.26052,1.32971,0.14577,,0.01126,0.22725,0.85
1,42,hsic,HSIC,0.0,1.0,300,1.0,0.66483,0.57666,0.02187,1.04974,0.7856,0.14522,,0.0085,0.22778,0.775
1,42,hsic,HSIC,0.0,1.0,300,0.0,0.66483,0.57666,0.02187,5.30873,1.97701,0.18924,,0.02214,0.13605,0.725
1,42,hsic,HSIC,0.0,1.0,500,1.0,0.65574,0.5477,0.02042,1.21238,0.91518,0.15361,,0.0085,0.22256,0.85
1,42,hsic,HSIC,0.0,1.0,500,0.0,0.65574,0.5477,0.02042,2.4339,1.39276,0.1552,,0.00852,0.26884,0.775
1,42,hybrid,HYBRID_ALPHA0.1_BETA0.9,0.1,0.9,50,1.0,0.67936,0.6689,0.03317,1.22053,0.93283,0.08993,,0.0112,0.02924,0.625
1,42,hybrid,HYBRID_ALPHA0.2_BETA0.8,0.2,0.8,50,1.0,0.70372,0.6802,0.0389,0.96579,0.80708,0.08025,,0.0138,0.02328,0.65
1,42,hybrid,HYBRID_ALPHA0.3_BETA0.7,0.3,0.7,50,1.0,0.70807,0.67299,0.04735,0.93106,0.78229,0.08031,,0.01372,0.02187,0.65
1,42,hybrid,HYBRID_ALPHA0.4_BETA0.6,0.4,0.6,50,1.0,0.70006,0.66423,0.05151,0.91153,0.76704,0.08199,,0.01353,0.02213,0.65
1,42,hybrid,HYBRID_ALPHA0.5_BETA0.5,0.5,0.5,50,1.0,0.71886,0.68741,0.04595,0.9668,0.80236,0.09246,,0.0131,0.05666,0.675
1,42,hybrid,HYBRID_ALPHA0.6_BETA0.4,0.6,0.4,50,1.0,0.72552,0.691,0.04913,0.96415,0.80246,0.09428,,0.01265,0.05787,0.65
1,42,hybrid,HYBRID_ALPHA0.7_BETA0.3,0.7,0.3,50,1.0,0.72499,0.69172,0.05942,0.95956,0.80002,0.09434,,0.01259,0.05454,0.65
1,42,hybrid,HYBRID_ALPHA0.8_BETA0.2,0.8,0.2,50,1.0,0.71619,0.68763,0.06783,0.95783,0.80156,0.09623,,0.01206,0.05526,0.65
1,42,hybrid,HYBRID_ALPHA0.9_BETA0.1,0.9,0.1,50,1.0,0.73766,0.68796,0.07613,0.92565,0.78274,0.10031,,0.0112,0.06034,0.725
1,42,hybrid,HYBRID_ALPHA0.1_BETA0.9,0.1,0.9,50,0.0,0.67936,0.6689,0.03317,1.87591,1.19383,0.13962,,0.01009,0.07323,0.65
1,42,hybrid,HYBRID_ALPHA0.2_BETA0.8,0.2,0.8,50,0.0,0.70372,0.6802,0.0389,1.64459,1.09775,0.12939,,0.01206,0.07643,0.65
1,42,hybrid,HYBRID_ALPHA0.3_BETA0.7,0.3,0.7,50,0.0,0.70807,0.67299,0.04735,1.50221,1.04041,0.12983,,0.01186,0.0636,0.7
1,42,hybrid,HYBRID_ALPHA0.4_BETA0.6,0.4,0.6,50,0.0,0.70006,0.66423,0.05151,1.44764,1.01846,0.1301,,0.01165,0.06311,0.7
1,42,hybrid,HYBRID_ALPHA0.5_BETA0.5,0.5,0.5,50,0.0,0.71886,0.68741,0.04595,1.07376,0.70555,0.12124,,0.01939,0.05452,0.7
1,42,hybrid,HYBRID_ALPHA0.6_BETA0.4,0.6,0.4,50,0.0,0.72552,0.691,0.04913,1.05072,0.69655,0.10937,,0.01799,0.05103,0.7
1,42,hybrid,HYBRID_ALPHA0.7_BETA0.3,0.7,0.3,50,0.0,0.72499,0.69172,0.05942,1.03147,0.69774,0.11874,,0.019,0.04959,0.7
1,42,hybrid,HYBRID_ALPHA0.8_BETA0.2,0.8,0.2,50,0.0,0.71619,0.68763,0.06783,0.9561,0.67196,0.10179,,0.01731,0.04297,0.7
1,42,hybrid,HYBRID_ALPHA0.9_BETA0.1,0.9,0.1,50,0.0,0.73766,0.68796,0.07613,0.88866,0.65892,0.09277,,0.01572,0.02474,0.675
1,42,hybrid,HYBRID_ALPHA0.1_BETA0.9,0.1,0.9,100,1.0,0.59278,0.59979,0.02212,1.0849,0.86779,0.10793,,0.01093,0.03738,0.575
1,42,hybrid,HYBRID_ALPHA0.2_BETA0.8,0.2,0.8,100,1.0,0.59472,0.6103,0.02278,1.04986,0.74308,0.17121,,0.02378,0.02911,0.725
1,42,hybrid,HYBRID_ALPHA0.3_BETA0.7,0.3,0.7,100,1.0,0.59768,0.61999,0.02874,1.05929,0.745,0.18123,,0.02523,0.02944,0.7
1,42,hybrid,HYBRID_ALPHA0.4_BETA0.6,0.4,0.6,100,1.0,0.59763,0.62363,0.02837,0.86858,0.69537,0.04442,,0.00882,0.02076,0.675
1,42,hybrid,HYBRID_ALPHA0.5_BETA0.5,0.5,0.5,100,1.0,0.59437,0.61551,0.03389,0.87054,0.70588,0.0465,,0.00822,0.02359,0.65
1,42,hybrid,HYBRID_ALPHA0.6_BETA0.4,0.6,0.4,100,1.0,0.59829,0.61955,0.03861,0.87063,0.71613,0.04555,,0.0077,0.02542,0.7
1,42,hybrid,HYBRID_ALPHA0.7_BETA0.3,0.7,0.3,100,1.0,0.60323,0.62323,0.04182,0.86745,0.73146,0.04251,,0.00662,0.02788,0.625
1,42,hybrid,HYBRID_ALPHA0.8_BETA0.2,0.8,0.2,100,1.0,0.60112,0.62177,0.04506,0.87137,0.74163,0.04822,,0.00635,0.03079,0.6
1,42,hybrid,HYBRID_ALPHA0.9_BETA0.1,0.9,0.1,100,1.0,0.60168,0.62166,0.05082,0.93428,0.79392,0.08415,,0.00869,0.04361,0.65
1,42,hybrid,HYBRID_ALPHA0.1_BETA0.9,0.1,0.9,100,0.0,0.59278,0.59979,0.02212,1.88932,1.19618,0.14697,,0.00979,0.10544,0.6
1,42,hybrid,HYBRID_ALPHA0.2_BETA0.8,0.2,0.8,100,0.0,0.59472,0.6103,0.02278,1.10279,0.87768,0.10791,,0.01822,0.05787,0.675
1,42,hybrid,HYBRID_ALPHA0.3_BETA0.7,0.3,0.7,100,0.0,0.59768,0.61999,0.02874,1.08368,0.86211,0.10984,,0.01813,0.05524,0.575
1,42,hybrid,HYBRID_ALPHA0.4_BETA0.6,0.4,0.6,100,0.0,0.59763,0.62363,0.02837,0.91882,0.77487,0.03896,,0.00777,0.03916,0.675
1,42,hybrid,HYBRID_ALPHA0.5_BETA0.5,0.5,0.5,100,0.0,0.59437,0.61551,0.03389,0.89488,0.75769,0.03936,,0.00653,0.03678,0.675
1,42,hybrid,HYBRID_ALPHA0.6_BETA0.4,0.6,0.4,100,0.0,0.59829,0.61955,0.03861,0.894,0.76001,0.04279,,0.00607,0.03695,0.575
1,42,hybrid,HYBRID_ALPHA0.7_BETA0.3,0.7,0.3,100,0.0,0.60323,0.62323,0.04182,0.91779,0.78299,0.05659,,0.00598,0.04113,0.625
1,42,hybrid,HYBRID_ALPHA0.8_BETA0.2,0.8,0.2,100,0.0,0.60112,0.62177,0.04506,0.94599,0.80174,0.073,,0.00637,0.04598,0.65
1,42,hybrid,HYBRID_ALPHA0.9_BETA0.1,0.9,0.1,100,0.0,0.60168,0.62166,0.05082,1.14442,0.90072,0.11727,,0.00867,0.076,0.55
1,42,hybrid,HYBRID_ALPHA0.1_BETA0.9,0.1,0.9,300,1.0,0.63809,0.65357,0.02317,1.3973,1.00746,0.10455,,0.01012,0.04402,0.625
1,42,hybrid,HYBRID_ALPHA0.2_BETA0.8,0.2,0.8,300,1.0,0.6473,0.66861,0.02395,1.1167,0.87978,0.09077,,0.0129,0.04288,0.575
1,42,hybrid,HYBRID_ALPHA0.3_BETA0.7,0.3,0.7,300,1.0,0.66316,0.67772,0.0242,1.05882,0.8499,0.08966,,0.01234,0.05111,0.65
1,42,hybrid,HYBRID_ALPHA0.4_BETA0.6,0.4,0.6,300,1.0,0.66646,0.68091,0.02485,1.03629,0.8402,0.09134,,0.01201,0.05428,0.625
1,42,hybrid,HYBRID_ALPHA0.5_BETA0.5,0.5,0.5,300,1.0,0.66931,0.68259,0.02623,0.99057,0.81564,0.09214,,0.01274,0.04523,0.6
1,42,hybrid,HYBRID_ALPHA0.6_BETA0.4,0.6,0.4,300,1.0,0.6758,0.68794,0.0281,0.99096,0.81671,0.09236,,0.01249,0.04771,0.675
1,42,hybrid,HYBRID_ALPHA0.7_BETA0.3,0.7,0.3,300,1.0,0.67562,0.689,0.03247,0.98559,0.81532,0.09424,,0.01211,0.04851,0.65
1,42,hybrid,HYBRID_ALPHA0.8_BETA0.2,0.8,0.2,300,1.0,0.68099,0.68867,0.038,0.97845,0.81381,0.09561,,0.01163,0.04832,0.675
1,42,hybrid,HYBRID_ALPHA0.9_BETA0.1,0.9,0.1,300,1.0,0.68437,0.68828,0.04427,0.95155,0.79927,0.09935,,0.01154,0.04447,0.6
1,42,hybrid,HYBRID_ALPHA0.1_BETA0.9,0.1,0.9,300,0.0,0.63809,0.65357,0.02317,1.69239,1.12292,0.13127,,0.00916,0.06337,0.55
1,42,hybrid,HYBRID_ALPHA0.2_BETA0.8,0.2,0.8,300,0.0,0.6473,0.66861,0.02395,1.35378,0.98538,0.12109,,0.01034,0.0619,0.575
1,42,hybrid,HYBRID_ALPHA0.3_BETA0.7,0.3,0.7,300,0.0,0.66316,0.67772,0.0242,1.10236,0.87987,0.10697,,0.00959,0.05444,0.6
1,42,hybrid,HYBRID_ALPHA0.4_BETA0.6,0.4,0.6,300,0.0,0.66646,0.68091,0.02485,0.95378,0.80953,0.06726,,0.00704,0.04751,0.625
1,42,hybrid,HYBRID_ALPHA0.5_BETA0.5,0.5,0.5,300,0.0,0.66931,0.68259,0.02623,1.26542,0.94928,0.12854,,0.01077,0.07513,0.575
1,42,hybrid,HYBRID_ALPHA0.6_BETA0.4,0.6,0.4,300,0.0,0.6758,0.68794,0.0281,1.23009,0.93439,0.1295,,0.01072,0.07463,0.6
1,42,hybrid,HYBRID_ALPHA0.7_BETA0.3,0.7,0.3,300,0.0,0.67562,0.689,0.03247,1.21473,0.92823,0.13044,,0.01052,0.07541,0.625
1,42,hybrid,HYBRID_ALPHA0.8_BETA0.2,0.8,0.2,300,0.0,0.68099,0.68867,0.038,1.2144,0.92859,0.1303,,0.01029,0.07752,0.55
1,42,hybrid,HYBRID_ALPHA0.9_BETA0.1,0.9,0.1,300,0.0,0.68437,0.68828,0.04427,1.27603,0.95595,0.13315,,0.0102,0.08626,0.575
1,42,hybrid,HYBRID_ALPHA0.1_BETA0.9,0.1,0.9,500,1.0,0.60284,0.61744,0.02083,0.85825,0.72887,0.03826,,0.00879,0.04196,0.6
1,42,hybrid,HYBRID_ALPHA0.2_BETA0.8,0.2,0.8,500,1.0,0.60729,0.6191,0.02203,0.88878,0.75779,0.03404,,0.00716,0.04778,0.7
1,42,hybrid,HYBRID_ALPHA0.3_BETA0.7,0.3,0.7,500,1.0,0.60586,0.61968,0.02117,0.89473,0.76387,0.03433,,0.00718,0.04965,0.725
1,42,hybrid,HYBRID_ALPHA0.4_BETA0.6,0.4,0.6,500,1.0,0.60484,0.61984,0.02068,0.88637,0.75766,0.03469,,0.00739,0.04997,0.75
1,42,hybrid,HYBRID_ALPHA0.5_BETA0.5,0.5,0.5,500,1.0,0.60497,0.62032,0.02123,0.89026,0.76234,0.03544,,0.00755,0.05138,0.725
1,42,hybrid,HYBRID_ALPHA0.6_BETA0.4,0.6,0.4,500,1.0,0.6042,0.62191,0.02202,0.89543,0.76821,0.03584,,0.00779,0.05069,0.725
1,42,hybrid,HYBRID_ALPHA0.7_BETA0.3,0.7,0.3,500,1.0,0.60202,0.62057,0.02479,0.97233,0.81021,0.11218,,0.01218,0.0687,0.65
1,42,hybrid,HYBRID_ALPHA0.8_BETA0.2,0.8,0.2,500,1.0,0.60184,0.62134,0.02551,0.96761,0.80773,0.11322,,0.01212,0.06867,0.65
1,42,hybrid,HYBRID_ALPHA0.9_BETA0.1,0.9,0.1,500,1.0,0.603,0.62227,0.02871,0.95924,0.80279,0.11368,,0.01216,0.06787,0.65
1,42,hybrid,HYBRID_ALPHA0.1_BETA0.9,0.1,0.9,500,0.0,0.60284,0.61744,0.02083,0.85709,0.72444,0.04028,,0.009,0.04134,0.65
1,42,hybrid,HYBRID_ALPHA0.2_BETA0.8,0.2,0.8,500,0.0,0.60729,0.6191,0.02203,0.86524,0.73371,0.03956,,0.00689,0.04102,0.6
1,42,hybrid,HYBRID_ALPHA0.3_BETA0.7,0.3,0.7,500,0.0,0.60586,0.61968,0.02117,0.86858,0.73752,0.04528,,0.00701,0.04171,0.6
1,42,hybrid,HYBRID_ALPHA0.4_BETA0.6,0.4,0.6,500,0.0,0.60484,0.61984,0.02068,0.8615,0.72995,0.04596,,0.00726,0.04162,0.625
1,42,hybrid,HYBRID_ALPHA0.5_BETA0.5,0.5,0.5,500,0.0,0.60497,0.62032,0.02123,0.86049,0.72897,0.04793,,0.00745,0.04174,0.625
1,42,hybrid,HYBRID_ALPHA0.6_BETA0.4,0.6,0.4,500,0.0,0.6042,0.62191,0.02202,0.85651,0.72741,0.04356,,0.00764,0.04084,0.6
1,42,hybrid,HYBRID_ALPHA0.7_BETA0.3,0.7,0.3,500,0.0,0.60202,0.62057,0.02479,1.60179,1.08413,0.14065,,0.01015,0.13233,0.6
1,42,hybrid,HYBRID_ALPHA0.8_BETA0.2,0.8,0.2,500,0.0,0.60184,0.62134,0.02551,1.58467,1.07807,0.14106,,0.01013,0.13187,0.65
1,42,hybrid,HYBRID_ALPHA0.9_BETA0.1,0.9,0.1,500,0.0,0.603,0.62227,0.02871,1.56829,1.07196,0.14122,,0.01015,0.13058,0.625
1,42,mse,MSE,1.0,0.0,50,1.0,0.7601,0.70248,0.09477,0.91596,0.77562,0.09866,,0.01148,0.05431,0.725
1,42,mse,MSE,1.0,0.0,50,0.0,0.7601,0.70248,0.09477,0.85345,0.66708,0.10508,,0.01602,0.02551,0.675
1,42,mse,MSE,1.0,0.0,100,1.0,0.61622,0.6321,0.07101,0.96735,0.81433,0.08239,,0.00848,0.05126,0.575
1,42,mse,MSE,1.0,0.0,100,0.0,0.61622,0.6321,0.07101,1.17836,0.91637,0.11669,,0.00854,0.08237,0.575
1,42,mse,MSE,1.0,0.0,300,1.0,0.69111,0.69377,0.04971,0.91601,0.77533,0.10335,,0.01149,0.04003,0.6
1,42,mse,MSE,1.0,0.0,300,0.0,0.69111,0.69377,0.04971,1.35469,0.98887,0.13639,,0.01012,0.09674,0.625
1,42,mse,MSE,1.0,0.0,500,1.0,0.603,0.62411,0.03319,0.95552,0.80063,0.11494,,0.01206,0.06783,0.65
1,42,mse,MSE,1.0,0.0,500,0.0,0.603,0.62411,0.03319,1.57731,1.07569,0.14176,,0.01009,0.13214,0.625
2,43,hsic,HSIC,0.0,1.0,50,1.0,0.81869,0.72634,0.0893,1.28681,0.92676,0.16373,,0.00818,0.291,0.875
2,43,hsic,HSIC,0.0,1.0,50,0.0,0.81869,0.72634,0.0893,2.5877,1.43481,0.1671,,0.008,0.31966,0.85
2,43,hsic,HSIC,0.0,1.0,100,1.0,0.6725,0.56311,0.02065,1.27939,0.94928,0.16536,,0.01111,0.45482,0.875
2,43,hsic,HSIC,0.0,1.0,100,0.0,0.6725,0.56311,0.02065,1.70739,1.09409,0.25034,,0.021,0.45186,0.9
2,43,hsic,HSIC,0.0,1.0,300,1.0,0.6979,0.5548,0.02205,1.2247,0.91294,0.16493,,0.00845,0.4216,0.9
2,43,hsic,HSIC,0.0,1.0,300,0.0,0.6979,0.5548,0.02205,2.53112,1.4217,0.16739,,0.00809,0.43332,0.9
2,43,hsic,HSIC,0.0,1.0,500,1.0,0.64862,0.61054,0.03667,76.68329,8.68396,0.08688,,0.01538,0.38697,0.825
2,43,hsic,HSIC,0.0,1.0,500,0.0,0.64862,0.61054,0.03667,85.44935,9.17392,0.09008,,0.01587,0.37784,0.875
2,43,hybrid,HYBRID_ALPHA0.1_BETA0.9,0.1,0.9,50,1.0,0.78184,0.71773,0.09133,1.95254,1.2451,0.08406,,0.01182,0.08033,0.675
2,43,hybrid,HYBRID_ALPHA0.2_BETA0.8,0.2,0.8,50,1.0,0.78876,0.70361,0.09506,2.33955,1.38568,0.08294,,0.01034,0.11391,0.75
2,43,hybrid,HYBRID_ALPHA0.3_BETA0.7,0.3,0.7,50,1.0,0.77949,0.69796,0.09857,1.87536,1.20855,0.09199,,0.01111,0.12931,0.725
2,43,hybrid,HYBRID_ALPHA0.4_BETA0.6,0.4,0.6,50,1.0,0.7848,0.70035,0.10186,1.74666,1.1601,0.08636,,0.01113,0.12965,0.725
2,43,hybrid,HYBRID_ALPHA0.5_BETA0.5,0.5,0.5,50,1.0,0.79541,0.70085,0.10486,1.67966,1.13135,0.08701,,0.01091,0.13519,0.725
2,43,hybrid,HYBRID_ALPHA0.6_BETA0.4,0.6,0.4,50,1.0,0.80225,0.70443,0.10858,1.65032,1.11626,0.09033,,0.01063,0.14226,0.725
2,43,hybrid,HYBRID_ALPHA0.7_BETA0.3,0.7,0.3,50,1.0,0.75129,0.69575,0.07969,1.56878,1.08276,0.09048,,0.0102,0.14537,0.725
2,43,hybrid,HYBRID_ALPHA0.8_BETA0.2,0.8,0.2,50,1.0,0.76994,0.71655,0.08736,1.51418,1.06067,0.08795,,0.0102,0.14214,0.725
2,43,hybrid,HYBRID_ALPHA0.9_BETA0.1,0.9,0.1,50,1.0,0.77258,0.7371,0.08255,1.20832,0.92851,0.07676,,0.0102,0.10196,0.7
2,43,hybrid,HYBRID_ALPHA0.1_BETA0.9,0.1,0.9,50,0.0,0.78184,0.71773,0.09133,2.42905,1.40137,0.11374,,0.01044,0.10135,0.725
2,43,hybrid,HYBRID_ALPHA0.2_BETA0.8,0.2,0.8,50,0.0,0.78876,0.70361,0.09506,2.11991,1.29929,0.08651,,0.00834,0.09927,0.65
2,43,hybrid,HYBRID_ALPHA0.3_BETA0.7,0.3,0.7,50,0.0,0.77949,0.69796,0.09857,1.34446,1.00436,0.0382,,0.00593,0.09701,0.75
2,43,hybrid,HYBRID_ALPHA0.4_BETA0.6,0.4,0.6,50,0.0,0.7848,0.70035,0.10186,1.30129,0.98714,0.03625,,0.00618,0.10471,0.725
2,43,hybrid,HYBRID_ALPHA0.5_BETA0.5,0.5,0.5,50,0.0,0.79541,0.70085,0.10486,1.24236,0.95923,0.03899,,0.00598,0.10421,0.725
2,43,hybrid,HYBRID_ALPHA0.6_BETA0.4,0.6,0.4,50,0.0,0.80225,0.70443,0.10858,1.17058,0.91891,0.0507,,0.0056,0.09762,0.7
2,43,hybrid,HYBRID_ALPHA0.7_BETA0.3,0.7,0.3,50,0.0,0.75129,0.69575,0.07969,1.11855,0.89381,0.07414,,0.00608,0.09256,0.625
2,43,hybrid,HYBRID_ALPHA0.8_BETA0.2,0.8,0.2,50,0.0,0.76994,0.71655,0.08736,1.11725,0.89202,0.08965,,0.00692,0.0908,0.6
2,43,hybrid,HYBRID_ALPHA0.9_BETA0.1,0.9,0.1,50,0.0,0.77258,0.7371,0.08255,1.30055,0.9644,0.10547,,0.00961,0.10703,0.675
2,43,hybrid,HYBRID_ALPHA0.1_BETA0.9,0.1,0.9,100,1.0,0.72804,0.72671,0.02041,1.56379,1.07928,0.10508,,0.012,0.08989,0.75
2,43,hybrid,HYBRID_ALPHA0.2_BETA0.8,0.2,0.8,100,1.0,0.73179,0.73083,0.02084,1.89662,1.23506,0.0505,,0.0106,0.06835,0.725
2,43,hybrid,HYBRID_ALPHA0.3_BETA0.7,0.3,0.7,100,1.0,0.74381,0.74119,0.02164,2.03144,1.28538,0.04734,,0.01016,0.07029,0.75
2,43,hybrid,HYBRID_ALPHA0.4_BETA0.6,0.4,0.6,100,1.0,0.74453,0.74205,0.02205,1.71435,1.16384,0.04896,,0.01009,0.06994,0.725
2,43,hybrid,HYBRID_ALPHA0.5_BETA0.5,0.5,0.5,100,1.0,0.73799,0.73805,0.02267,1.50708,1.07666,0.05229,,0.00982,0.07228,0.675
2,43,hybrid,HYBRID_ALPHA0.6_BETA0.4,0.6,0.4,100,1.0,0.74336,0.7417,0.02302,1.33819,0.99936,0.05346,,0.00953,0.07069,0.7
2,43,hybrid,HYBRID_ALPHA0.7_BETA0.3,0.7,0.3,100,1.0,0.74812,0.74504,0.02515,1.40684,1.02755,0.05846,,0.00956,0.07872,0.675
2,43,hybrid,HYBRID_ALPHA0.8_BETA0.2,0.8,0.2,100,1.0,0.77101,0.75389,0.03196,1.44735,1.0406,0.06617,,0.00924,0.09164,0.675
2,43,hybrid,HYBRID_ALPHA0.9_BETA0.1,0.9,0.1,100,1.0,0.78493,0.75884,0.03831,1.52537,1.06965,0.07892,,0.00828,0.10905,0.7
2,43,hybrid,HYBRID_ALPHA0.1_BETA0.9,0.1,0.9,100,0.0,0.72804,0.72671,0.02041,1.93029,1.20749,0.16686,,0.01405,0.1047,0.7
2,43,hybrid,HYBRID_ALPHA0.2_BETA0.8,0.2,0.8,100,0.0,0.73179,0.73083,0.02084,2.3649,1.39034,0.0846,,0.01004,0.08411,0.675
2,43,hybrid,HYBRID_ALPHA0.3_BETA0.7,0.3,0.7,100,0.0,0.74381,0.74119,0.02164,2.58713,1.46591,0.0839,,0.00974,0.08873,0.675
2,43,hybrid,HYBRID_ALPHA0.4_BETA0.6,0.4,0.6,100,0.0,0.74453,0.74205,0.02205,2.11804,1.30036,0.08524,,0.00968,0.08506,0.675
2,43,hybrid,HYBRID_ALPHA0.5_BETA0.5,0.5,0.5,100,0.0,0.73799,0.73805,0.02267,1.77245,1.16501,0.0891,,0.00949,0.08367,0.675
2,43,hybrid,HYBRID_ALPHA0.6_BETA0.4,0.6,0.4,100,0.0,0.74336,0.7417,0.02302,1.59124,1.09311,0.08872,,0.00926,0.08375,0.7
2,43,hybrid,HYBRID_ALPHA0.7_BETA0.3,0.7,0.3,100,0.0,0.74812,0.74504,0.02515,1.70678,1.13918,0.09175,,0.00929,0.09637,0.7
2,43,hybrid,HYBRID_ALPHA0.8_BETA0.2,0.8,0.2,100,0.0,0.77101,0.75389,0.03196,1.70879,1.13917,0.09618,,0.00908,0.10944,0.725
2,43,hybrid,HYBRID_ALPHA0.9_BETA0.1,0.9,0.1,100,0.0,0.78493,0.75884,0.03831,1.67422,1.12323,0.10274,,0.00843,0.11859,0.725
2,43,hybrid,HYBRID_ALPHA0.1_BETA0.9,0.1,0.9,300,1.0,0.66794,0.68386,0.02059,2.15809,1.32138,0.08299,,0.01131,0.07375,0.65
2,43,hybrid,HYBRID_ALPHA0.2_BETA0.8,0.2,0.8,300,1.0,0.61749,0.64803,0.01781,2.00424,1.27153,0.07666,,0.0129,0.07529,0.675
2,43,hybrid,HYBRID_ALPHA0.3_BETA0.7,0.3,0.7,300,1.0,0.63449,0.65584,0.01887,1.97471,1.26003,0.07494,,0.01241,0.07506,0.675
2,43,hybrid,HYBRID_ALPHA0.4_BETA0.6,0.4,0.6,300,1.0,0.62293,0.65535,0.01917,1.91268,1.23597,0.07196,,0.01192,0.07618,0.725
2,43,hybrid,HYBRID_ALPHA0.5_BETA0.5,0.5,0.5,300,1.0,0.61808,0.64616,0.01757,1.4911,1.05854,0.07405,,0.01059,0.08747,0.675
2,43,hybrid,HYBRID_ALPHA0.6_BETA0.4,0.6,0.4,300,1.0,0.61963,0.6466,0.01736,1.47789,1.0575,0.07428,,0.01162,0.09132,0.7
2,43,hybrid,HYBRID_ALPHA0.7_BETA0.3,0.7,0.3,300,1.0,0.62341,0.65013,0.01741,1.49912,1.06724,0.07567,,0.01194,0.09332,0.675
2,43,hybrid,HYBRID_ALPHA0.8_BETA0.2,0.8,0.2,300,1.0,0.61886,0.64494,0.0185,1.44594,1.04058,0.0817,,0.01201,0.09494,0.675
2,43,hybrid,HYBRID_ALPHA0.9_BETA0.1,0.9,0.1,300,1.0,0.61363,0.64355,0.01936,0.92955,0.8042,0.03455,,0.00776,0.08827,0.65
2,43,hybrid,HYBRID_ALPHA0.1_BETA0.9,0.1,0.9,300,0.0,0.66794,0.68386,0.02059,2.76758,1.51029,0.11787,,0.01037,0.09183,0.7
2,43,hybrid,HYBRID_ALPHA0.2_BETA0.8,0.2,0.8,300,0.0,0.61749,0.64803,0.01781,2.57539,1.4553,0.11179,,0.01152,0.09131,0.675
2,43,hybrid,HYBRID_ALPHA0.3_BETA0.7,0.3,0.7,300,0.0,0.63449,0.65584,0.01887,2.56782,1.45294,0.10997,,0.01121,0.09346,0.65
2,43,hybrid,HYBRID_ALPHA0.4_BETA0.6,0.4,0.6,300,0.0,0.62293,0.65535,0.01917,2.4609,1.41759,0.10613,,0.01085,0.09556,0.625
2,43,hybrid,HYBRID_ALPHA0.5_BETA0.5,0.5,0.5,300,0.0,0.61808,0.64616,0.01757,1.7878,1.16968,0.10089,,0.00997,0.10568,0.675
2,43,hybrid,HYBRID_ALPHA0.6_BETA0.4,0.6,0.4,300,0.0,0.61963,0.6466,0.01736,1.81831,1.18019,0.09994,,0.01065,0.11273,0.7
2,43,hybrid,HYBRID_ALPHA0.7_BETA0.3,0.7,0.3,300,0.0,0.62341,0.65013,0.01741,1.91759,1.21922,0.10124,,0.01087,0.11936,0.65
2,43,hybrid,HYBRID_ALPHA0.8_BETA0.2,0.8,0.2,300,0.0,0.61886,0.64494,0.0185,1.94216,1.2265,0.10691,,0.01088,0.12677,0.7
2,43,hybrid,HYBRID_ALPHA0.9_BETA0.1,0.9,0.1,300,0.0,0.61363,0.64355,0.01936,0.87429,0.76401,0.03406,,0.00779,0.08102,0.675
2,43,hybrid,HYBRID_ALPHA0.1_BETA0.9,0.1,0.9,500,1.0,0.69431,0.69812,0.02812,2.55586,1.4573,0.06791,,0.00993,0.05685,0.65
2,43,hybrid,HYBRID_ALPHA0.2_BETA0.8,0.2,0.8,500,1.0,0.67097,0.67836,0.02713,1.24425,0.96738,0.03919,,0.00728,0.06099,0.625
2,43,hybrid,HYBRID_ALPHA0.3_BETA0.7,0.3,0.7,500,1.0,0.66807,0.67792,0.02525,0.94416,0.78057,0.04578,,0.00762,0.05766,0.7
2,43,hybrid,HYBRID_ALPHA0.4_BETA0.6,0.4,0.6,500,1.0,0.65061,0.6643,0.02447,1.31231,0.99169,0.06445,,0.01223,0.06118,0.675
2,43,hybrid,HYBRID_ALPHA0.5_BETA0.5,0.5,0.5,500,1.0,0.64453,0.65671,0.02603,0.92075,0.76004,0.04274,,0.00718,0.05346,0.725
2,43,hybrid,HYBRID_ALPHA0.6_BETA0.4,0.6,0.4,500,1.0,0.6514,0.66527,0.02756,0.91245,0.75146,0.04073,,0.00703,0.05268,0.675
2,43,hybrid,HYBRID_ALPHA0.7_BETA0.3,0.7,0.3,500,1.0,0.66428,0.674,0.0279,0.90373,0.74445,0.03786,,0.00659,0.05215,0.625
2,43,hybrid,HYBRID_ALPHA0.8_BETA0.2,0.8,0.2,500,1.0,0.66876,0.67781,0.02907,0.90896,0.75644,0.03597,,0.00615,0.05308,0.625
2,43,hybrid,HYBRID_ALPHA0.9_BETA0.1,0.9,0.1,500,1.0,0.67342,0.67971,0.03191,0.92446,0.77857,0.04157,,0.00579,0.05641,0.65
2,43,hybrid,HYBRID_ALPHA0.1_BETA0.9,0.1,0.9,500,0.0,0.69431,0.69812,0.02812,3.11726,1.62022,0.10224,,0.0098,0.07464,0.725
2,43,hybrid,HYBRID_ALPHA0.2_BETA0.8,0.2,0.8,500,0.0,0.67097,0.67836,0.02713,1.18962,0.94032,0.03684,,0.00651,0.05682,0.7
2,43,hybrid,HYBRID_ALPHA0.3_BETA0.7,0.3,0.7,500,0.0,0.66807,0.67792,0.02525,0.90958,0.74603,0.03795,,0.00675,0.05086,0.65
2,43,hybrid,HYBRID_ALPHA0.4_BETA0.6,0.4,0.6,500,0.0,0.65061,0.6643,0.02447,1.68851,1.13061,0.09622,,0.01122,0.08149,0.675
2,43,hybrid,HYBRID_ALPHA0.5_BETA0.5,0.5,0.5,500,0.0,0.64453,0.65671,0.02603,0.89317,0.72183,0.03798,,0.00656,0.04442,0.65
2,43,hybrid,HYBRID_ALPHA0.6_BETA0.4,0.6,0.4,500,0.0,0.6514,0.66527,0.02756,0.891,0.72405,0.03663,,0.00641,0.04513,0.675
2,43,hybrid,HYBRID_ALPHA0.7_BETA0.3,0.7,0.3,500,0.0,0.66428,0.674,0.0279,0.88854,0.72266,0.0359,,0.00607,0.04502,0.625
2,43,hybrid,HYBRID_ALPHA0.8_BETA0.2,0.8,0.2,500,0.0,0.66876,0.67781,0.02907,0.89077,0.73115,0.03711,,0.00584,0.04538,0.625
2,43,hybrid,HYBRID_ALPHA0.9_BETA0.1,0.9,0.1,500,0.0,0.67342,0.67971,0.03191,0.90173,0.7416,0.04688,,0.00578,0.04661,0.625
2,43,mse,MSE,1.0,0.0,50,1.0,0.75779,0.736,0.08039,1.17331,0.91286,0.10937,,0.00944,0.10157,0.725
2,43,mse,MSE,1.0,0.0,50,0.0,0.75779,0.736,0.08039,1.31909,0.9771,0.12921,,0.00907,0.11734,0.7
2,43,mse,MSE,1.0,0.0,100,1.0,0.78897,0.76391,0.03546,1.59115,1.08914,0.11571,,0.00685,0.11521,0.65
2,43,mse,MSE,1.0,0.0,100,0.0,0.78897,0.76391,0.03546,1.79151,1.16505,0.12512,,0.00728,0.13178,0.625
2,43,mse,MSE,1.0,0.0,300,1.0,0.61985,0.64556,0.0227,1.08518,0.88183,0.04954,,0.0072,0.08732,0.55
2,43,mse,MSE,1.0,0.0,300,0.0,0.61985,0.64556,0.0227,0.93715,0.79952,0.04942,,0.0072,0.06648,0.675
2,43,mse,MSE,1.0,0.0,500,1.0,0.67466,0.68024,0.03344,1.03288,0.84285,0.10101,,0.00698,0.06795,0.65
2,43,mse,MSE,1.0,0.0,500,0.0,0.67466,0.68024,0.03344,0.98405,0.80018,0.1052,,0.00711,0.0573,0.625
3,44,hsic,HSIC,0.0,1.0,50,1.0,1.01966,0.81284,0.20198,1.33439,0.97328,0.14374,,0.00791,0.21098,0.8
3,44,hsic,HSIC,0.0,1.0,50,0.0,1.01966,0.81284,0.20198,2.72066,1.49158,0.141,,0.00787,0.24459,0.775
3,44,hsic,HSIC,0.0,1.0,100,1.0,1.23863,0.8816,0.26742,1.16101,0.89699,0.1518,,0.00878,0.20666,0.725
3,44,hsic,HSIC,0.0,1.0,100,0.0,1.23863,0.8816,0.26742,2.3517,1.3639,0.1528,,0.00904,0.25121,0.825
3,44,hsic,HSIC,0.0,1.0,300,1.0,0.59003,0.57061,0.0253,2.66681,1.32296,0.04692,,0.01061,0.31026,0.9
3,44,hsic,HSIC,0.0,1.0,300,0.0,0.59003,0.57061,0.0253,2.10256,1.10766,0.05006,,0.01138,0.319,0.9
3,44,hsic,HSIC,0.0,1.0,500,1.0,0.83833,0.61906,0.03753,6.79779,2.43397,0.04554,,0.00925,0.24839,0.875
3,44,hsic,HSIC,0.0,1.0,500,0.0,0.83833,0.61906,0.03753,6.00984,2.26529,0.05204,,0.00773,0.25971,0.825
3,44,hybrid,HYBRID_ALPHA0.1_BETA0.9,0.1,0.9,50,1.0,0.96539,0.78752,0.17468,1.29512,0.98058,0.05279,,0.00903,0.07086,0.75
3,44,hybrid,HYBRID_ALPHA0.2_BETA0.8,0.2,0.8,50,1.0,0.58355,0.59716,0.03148,1.06021,0.87474,0.05659,,0.01253,0.05984,0.725
3,44,hybrid,HYBRID_ALPHA0.3_BETA0.7,0.3,0.7,50,1.0,0.58828,0.60118,0.03091,0.96667,0.80625,0.07296,,0.01266,0.06713,0.7
3,44,hybrid,HYBRID_ALPHA0.4_BETA0.6,0.4,0.6,50,1.0,0.60557,0.61537,0.03493,0.89645,0.75534,0.07658,,0.01286,0.06306,0.7
3,44,hybrid,HYBRID_ALPHA0.5_BETA0.5,0.5,0.5,50,1.0,0.60836,0.61855,0.03441,0.90355,0.76155,0.07506,,0.01264,0.06608,0.7
3,44,hybrid,HYBRID_ALPHA0.6_BETA0.4,0.6,0.4,50,1.0,0.62389,0.63011,0.03902,0.92287,0.77706,0.07393,,0.01213,0.0651,0.725
3,44,hybrid,HYBRID_ALPHA0.7_BETA0.3,0.7,0.3,50,1.0,0.63326,0.63601,0.04256,0.92591,0.77976,0.07217,,0.0118,0.0648,0.7
3,44,hybrid,HYBRID_ALPHA0.8_BETA0.2,0.8,0.2,50,1.0,0.64719,0.64524,0.04883,0.92904,0.78274,0.0669,,0.01138,0.06557,0.725
3,44,hybrid,HYBRID_ALPHA0.9_BETA0.1,0.9,0.1,50,1.0,0.65383,0.65059,0.05332,0.91903,0.776,0.0668,,0.01119,0.06587,0.7
3,44,hybrid,HYBRID_ALPHA0.1_BETA0.9,0.1,0.9,50,0.0,0.96539,0.78752,0.17468,1.62999,1.10415,0.10809,,0.00938,0.09572,0.7
3,44,hybrid,HYBRID_ALPHA0.2_BETA0.8,0.2,0.8,50,0.0,0.58355,0.59716,0.03148,1.23594,0.93345,0.10624,,0.01107,0.07725,0.675
3,44,hybrid,HYBRID_ALPHA0.3_BETA0.7,0.3,0.7,50,0.0,0.58828,0.60118,0.03091,1.2061,0.92175,0.11973,,0.01096,0.09739,0.725
3,44,hybrid,HYBRID_ALPHA0.4_BETA0.6,0.4,0.6,50,0.0,0.60557,0.61537,0.03493,1.12588,0.88746,0.12174,,0.0109,0.09831,0.725
3,44,hybrid,HYBRID_ALPHA0.5_BETA0.5,0.5,0.5,50,0.0,0.60836,0.61855,0.03441,1.09912,0.87511,0.11931,,0.0109,0.09584,0.725
3,44,hybrid,HYBRID_ALPHA0.6_BETA0.4,0.6,0.4,50,0.0,0.62389,0.63011,0.03902,1.15118,0.89999,0.11913,,0.01058,0.09633,0.7
3,44,hybrid,HYBRID_ALPHA0.7_BETA0.3,0.7,0.3,50,0.0,0.63326,0.63601,0.04256,1.15289,0.90049,0.11634,,0.0106,0.09525,0.725
3,44,hybrid,HYBRID_ALPHA0.8_BETA0.2,0.8,0.2,50,0.0,0.64719,0.64524,0.04883,1.0959,0.87362,0.11045,,0.01067,0.08568,0.7
3,44,hybrid,HYBRID_ALPHA0.9_BETA0.1,0.9,0.1,50,0.0,0.65383,0.65059,0.05332,1.16159,0.90368,0.10971,,0.0105,0.09757,0.675
3,44,hybrid,HYBRID_ALPHA0.1_BETA0.9,0.1,0.9,100,1.0,0.60677,0.5818,0.02661,1.01855,0.83153,0.08518,,0.01224,0.07464,0.7
3,44,hybrid,HYBRID_ALPHA0.2_BETA0.8,0.2,0.8,100,1.0,0.58609,0.58585,0.02596,0.85818,0.71723,0.09158,,0.01312,0.04449,0.625
3,44,hybrid,HYBRID_ALPHA0.3_BETA0.7,0.3,0.7,100,1.0,0.58621,0.5828,0.02594,0.87545,0.74072,0.07835,,0.01182,0.04785,0.65
3,44,hybrid,HYBRID_ALPHA0.4_BETA0.6,0.4,0.6,100,1.0,0.57888,0.57411,0.02087,0.88903,0.75387,0.07604,,0.01142,0.04842,0.675
3,44,hybrid,HYBRID_ALPHA0.5_BETA0.5,0.5,0.5,100,1.0,0.58034,0.57298,0.0203,0.89973,0.76297,0.0768,,0.0113,0.05251,0.725
3,44,hybrid,HYBRID_ALPHA0.6_BETA0.4,0.6,0.4,100,1.0,0.58705,0.57762,0.01914,0.9093,0.77131,0.07895,,0.0108,0.05489,0.7
3,44,hybrid,HYBRID_ALPHA0.7_BETA0.3,0.7,0.3,100,1.0,0.57724,0.57372,0.02152,0.91641,0.77651,0.08494,,0.01089,0.05959,0.625
3,44,hybrid,HYBRID_ALPHA0.8_BETA0.2,0.8,0.2,100,1.0,0.58226,0.5815,0.02237,0.90418,0.7631,0.10736,,0.01148,0.05012,0.625
3,44,hybrid,HYBRID_ALPHA0.9_BETA0.1,0.9,0.1,100,1.0,0.58623,0.58022,0.02087,0.89782,0.75512,0.10936,,0.01134,0.04983,0.6
3,44,hybrid,HYBRID_ALPHA0.1_BETA0.9,0.1,0.9,100,0.0,0.60677,0.5818,0.02661,0.89104,0.69758,0.07968,,0.01424,0.03849,0.725
3,44,hybrid,HYBRID_ALPHA0.2_BETA0.8,0.2,0.8,100,0.0,0.58609,0.58585,0.02596,0.98484,0.81584,0.12775,,0.01085,0.06885,0.55
3,44,hybrid,HYBRID_ALPHA0.3_BETA0.7,0.3,0.7,100,0.0,0.58621,0.5828,0.02594,0.97596,0.81277,0.11891,,0.01044,0.06206,0.575
3,44,hybrid,HYBRID_ALPHA0.4_BETA0.6,0.4,0.6,100,0.0,0.57888,0.57411,0.02087,0.97419,0.81243,0.11631,,0.01024,0.058,0.55
3,44,hybrid,HYBRID_ALPHA0.5_BETA0.5,0.5,0.5,100,0.0,0.58034,0.57298,0.0203,0.98469,0.81917,0.11702,,0.01025,0.06162,0.55
3,44,hybrid,HYBRID_ALPHA0.6_BETA0.4,0.6,0.4,100,0.0,0.58705,0.57762,0.01914,0.98237,0.81702,0.1169,,0.00991,0.06106,0.7
3,44,hybrid,HYBRID_ALPHA0.7_BETA0.3,0.7,0.3,100,0.0,0.57724,0.57372,0.02152,0.98739,0.81847,0.12065,,0.00988,0.06489,0.65
3,44,hybrid,HYBRID_ALPHA0.8_BETA0.2,0.8,0.2,100,0.0,0.58226,0.5815,0.02237,1.35573,0.99034,0.13942,,0.00993,0.11144,0.625
3,44,hybrid,HYBRID_ALPHA0.9_BETA0.1,0.9,0.1,100,0.0,0.58623,0.58022,0.02087,1.35535,0.99042,0.14055,,0.00988,0.11424,0.625
3,44,hybrid,HYBRID_ALPHA0.1_BETA0.9,0.1,0.9,300,1.0,0.68672,0.69705,0.02487,1.40968,1.03385,0.05173,,0.00741,0.04506,0.6
3,44,hybrid,HYBRID_ALPHA0.2_BETA0.8,0.2,0.8,300,1.0,0.6788,0.6874,0.0294,0.96301,0.80391,0.04189,,0.00717,0.04774,0.725
3,44,hybrid,HYBRID_ALPHA0.3_BETA0.7,0.3,0.7,300,1.0,0.67931,0.69121,0.02528,0.95857,0.80042,0.04235,,0.00691,0.04777,0.7
3,44,hybrid,HYBRID_ALPHA0.4_BETA0.6,0.4,0.6,300,1.0,0.6594,0.67343,0.02813,0.93574,0.78225,0.04288,,0.00674,0.04762,0.675
3,44,hybrid,HYBRID_ALPHA0.5_BETA0.5,0.5,0.5,300,1.0,0.66003,0.67293,0.02854,0.93042,0.78213,0.04403,,0.00658,0.04907,0.675
3,44,hybrid,HYBRID_ALPHA0.6_BETA0.4,0.6,0.4,300,1.0,0.66571,0.67544,0.02867,0.93512,0.78515,0.04545,,0.0064,0.04854,0.625
3,44,hybrid,HYBRID_ALPHA0.7_BETA0.3,0.7,0.3,300,1.0,0.66656,0.67499,0.02965,0.9407,0.78961,0.04832,,0.00611,0.04899,0.675
3,44,hybrid,HYBRID_ALPHA0.8_BETA0.2,0.8,0.2,300,1.0,0.66326,0.67232,0.02977,0.94988,0.79516,0.05322,,0.00587,0.04897,0.675
3,44,hybrid,HYBRID_ALPHA0.9_BETA0.1,0.9,0.1,300,1.0,0.6659,0.67425,0.0327,0.9709,0.80519,0.06572,,0.00595,0.04936,0.65
3,44,hybrid,HYBRID_ALPHA0.1_BETA0.9,0.1,0.9,300,0.0,0.68672,0.69705,0.02487,1.484,1.05489,0.07621,,0.00723,0.0486,0.625
3,44,hybrid,HYBRID_ALPHA0.2_BETA0.8,0.2,0.8,300,0.0,0.6788,0.6874,0.0294,0.90234,0.74713,0.04791,,0.00701,0.03464,0.525
3,44,hybrid,HYBRID_ALPHA0.3_BETA0.7,0.3,0.7,300,0.0,0.67931,0.69121,0.02528,0.90449,0.747,0.05004,,0.00682,0.03467,0.55
3,44,hybrid,HYBRID_ALPHA0.4_BETA0.6,0.4,0.6,300,0.0,0.6594,0.67343,0.02813,0.90241,0.73061,0.04976,,0.00666,0.03414,0.525
3,44,hybrid,HYBRID_ALPHA0.5_BETA0.5,0.5,0.5,300,0.0,0.66003,0.67293,0.02854,0.90095,0.72951,0.05362,,0.0066,0.03464,0.575
3,44,hybrid,HYBRID_ALPHA0.6_BETA0.4,0.6,0.4,300,0.0,0.66571,0.67544,0.02867,0.90709,0.73247,0.05398,,0.00642,0.03452,0.575
3,44,hybrid,HYBRID_ALPHA0.7_BETA0.3,0.7,0.3,300,0.0,0.66656,0.67499,0.02965,0.91557,0.73818,0.05752,,0.0062,0.03526,0.575
3,44,hybrid,HYBRID_ALPHA0.8_BETA0.2,0.8,0.2,300,0.0,0.66326,0.67232,0.02977,0.92687,0.74557,0.06212,,0.00604,0.03599,0.6
3,44,hybrid,HYBRID_ALPHA0.9_BETA0.1,0.9,0.1,300,0.0,0.6659,0.67425,0.0327,0.94908,0.76093,0.07424,,0.00618,0.03794,0.625
3,44,hybrid,HYBRID_ALPHA0.1_BETA0.9,0.1,0.9,500,1.0,0.66282,0.68036,0.03486,0.91117,0.74222,0.04407,,0.01009,0.05243,0.7
3,44,hybrid,HYBRID_ALPHA0.2_BETA0.8,0.2,0.8,500,1.0,0.65299,0.67728,0.02805,0.96241,0.81283,0.03556,,0.00711,0.04008,0.7
3,44,hybrid,HYBRID_ALPHA0.3_BETA0.7,0.3,0.7,500,1.0,0.63946,0.6709,0.03525,0.90159,0.76399,0.03626,,0.00712,0.04174,0.65
3,44,hybrid,HYBRID_ALPHA0.4_BETA0.6,0.4,0.6,500,1.0,0.6386,0.67054,0.02819,0.8914,0.75652,0.03888,,0.00715,0.04486,0.725
3,44,hybrid,HYBRID_ALPHA0.5_BETA0.5,0.5,0.5,500,1.0,0.64127,0.67165,0.02886,0.88921,0.74453,0.03639,,0.00737,0.04594,0.7
3,44,hybrid,HYBRID_ALPHA0.6_BETA0.4,0.6,0.4,500,1.0,0.64035,0.67269,0.02437,0.88615,0.74087,0.03615,,0.00722,0.04724,0.7
3,44,hybrid,HYBRID_ALPHA0.7_BETA0.3,0.7,0.3,500,1.0,0.64064,0.67187,0.02243,0.90298,0.75718,0.03565,,0.00648,0.05033,0.7
3,44,hybrid,HYBRID_ALPHA0.8_BETA0.2,0.8,0.2,500,1.0,0.64291,0.67312,0.02468,0.90958,0.76555,0.03567,,0.00613,0.05305,0.7
3,44,hybrid,HYBRID_ALPHA0.9_BETA0.1,0.9,0.1,500,1.0,0.64734,0.6755,0.02221,0.91259,0.76907,0.03564,,0.00631,0.0589,0.7
3,44,hybrid,HYBRID_ALPHA0.1_BETA0.9,0.1,0.9,500,0.0,0.66282,0.68036,0.03486,0.91904,0.67236,0.04744,,0.01066,0.03431,0.675
3,44,hybrid,HYBRID_ALPHA0.2_BETA0.8,0.2,0.8,500,0.0,0.65299,0.67728,0.02805,0.98433,0.82436,0.05437,,0.00676,0.04143,0.625
3,44,hybrid,HYBRID_ALPHA0.3_BETA0.7,0.3,0.7,500,0.0,0.63946,0.6709,0.03525,0.92407,0.78673,0.05706,,0.00689,0.04316,0.65
3,44,hybrid,HYBRID_ALPHA0.4_BETA0.6,0.4,0.6,500,0.0,0.6386,0.67054,0.02819,0.92082,0.78346,0.06309,,0.00713,0.0471,0.675
3,44,hybrid,HYBRID_ALPHA0.5_BETA0.5,0.5,0.5,500,0.0,0.64127,0.67165,0.02886,0.87657,0.68122,0.03615,,0.00727,0.02989,0.625
3,44,hybrid,HYBRID_ALPHA0.6_BETA0.4,0.6,0.4,500,0.0,0.64035,0.67269,0.02437,0.88146,0.6805,0.03599,,0.00713,0.03006,0.6
3,44,hybrid,HYBRID_ALPHA0.7_BETA0.3,0.7,0.3,500,0.0,0.64064,0.67187,0.02243,0.88018,0.69445,0.0356,,0.00622,0.03121,0.625
3,44,hybrid,HYBRID_ALPHA0.8_BETA0.2,0.8,0.2,500,0.0,0.64291,0.67312,0.02468,0.88113,0.69975,0.03636,,0.0059,0.03195,0.65
3,44,hybrid,HYBRID_ALPHA0.9_BETA0.1,0.9,0.1,500,0.0,0.64734,0.6755,0.02221,0.88129,0.69266,0.03583,,0.00622,0.03223,0.625
3,44,mse,MSE,1.0,0.0,50,1.0,0.66014,0.65993,0.05888,0.90837,0.76938,0.0754,,0.01102,0.06613,0.675
3,44,mse,MSE,1.0,0.0,50,0.0,0.66014,0.65993,0.05888,1.16378,0.9064,0.11635,,0.01019,0.10157,0.7
3,44,mse,MSE,1.0,0.0,100,1.0,0.59026,0.58212,0.02126,0.89556,0.74945,0.11161,,0.01117,0.05015,0.625
3,44,mse,MSE,1.0,0.0,100,0.0,0.59026,0.58212,0.02126,1.35198,0.98924,0.14173,,0.00983,0.11731,0.575
3,44,mse,MSE,1.0,0.0,300,1.0,0.66952,0.67638,0.03797,1.00551,0.81528,0.09785,,0.0067,0.0493,0.6
3,44,mse,MSE,1.0,0.0,300,0.0,0.66952,0.67638,0.03797,0.99211,0.79163,0.10464,,0.00694,0.04335,0.65
3,44,mse,MSE,1.0,0.0,500,1.0,0.65028,0.67787,0.02168,0.99376,0.8338,0.05108,,0.00527,0.07159,0.625
3,44,mse,MSE,1.0,0.0,500,0.0,0.65028,0.67787,0.02168,0.90388,0.74656,0.05653,,0.00535,0.04051,0.625
4,45,hsic,HSIC,0.0,1.0,50,1.0,0.83499,0.72681,0.10298,1.28705,0.95713,0.14893,,0.00891,0.28924,0.85
4,45,hsic,HSIC,0.0,1.0,50,0.0,0.83499,0.72681,0.10298,2.64675,1.46548,0.14594,,0.00888,0.32663,0.85
4,45,hsic,HSIC,0.0,1.0,100,1.0,0.81673,0.60626,0.02,1.40042,1.00799,0.14444,,0.00814,0.3367,0.8
4,45,hsic,HSIC,0.0,1.0,100,0.0,0.81673,0.60626,0.02,2.43295,1.39632,0.14275,,0.00852,0.3742,0.775
4,45,hsic,HSIC,0.0,1.0,300,1.0,0.64538,0.57051,0.02138,1.19067,0.90394,0.15264,,0.00851,0.30179,0.825
4,45,hsic,HSIC,0.0,1.0,300,0.0,0.64538,0.57051,0.02138,2.39158,1.37843,0.15573,,0.00853,0.33185,0.825
4,45,hsic,HSIC,0.0,1.0,500,1.0,0.60401,0.54263,0.01982,1.21216,0.91653,0.15433,,0.0086,0.29568,0.875
4,45,hsic,HSIC,0.0,1.0,500,0.0,0.60401,0.54263,0.01982,2.43686,1.39323,0.15706,,0.00873,0.32544,0.875
4,45,hybrid,HYBRID_ALPHA0.1_BETA0.9,0.1,0.9,50,1.0,0.81672,0.77354,0.06256,1.41992,1.01308,0.11858,,0.00995,0.07556,0.7
4,45,hybrid,HYBRID_ALPHA0.2_BETA0.8,0.2,0.8,50,1.0,0.80709,0.77732,0.04947,1.34187,0.9824,0.10113,,0.01092,0.07898,0.65
4,45,hybrid,HYBRID_ALPHA0.3_BETA0.7,0.3,0.7,50,1.0,0.76754,0.75909,0.04038,1.29569,0.96146,0.10204,,0.01099,0.07698,0.675
4,45,hybrid,HYBRID_ALPHA0.4_BETA0.6,0.4,0.6,50,1.0,0.73114,0.74207,0.03144,1.2461,0.93928,0.10207,,0.01098,0.07283,0.675
4,45,hybrid,HYBRID_ALPHA0.5_BETA0.5,0.5,0.5,50,1.0,0.7128,0.73544,0.03345,1.16016,0.90148,0.10151,,0.01065,0.06656,0.7
4,45,hybrid,HYBRID_ALPHA0.6_BETA0.4,0.6,0.4,50,1.0,0.71228,0.73342,0.04008,1.09506,0.87076,0.1027,,0.01109,0.06445,0.7
4,45,hybrid,HYBRID_ALPHA0.7_BETA0.3,0.7,0.3,50,1.0,0.71941,0.73648,0.05007,1.08193,0.86501,0.10344,,0.01111,0.06297,0.675
4,45,hybrid,HYBRID_ALPHA0.8_BETA0.2,0.8,0.2,50,1.0,0.7312,0.73885,0.06332,0.9966,0.82511,0.10436,,0.01142,0.06484,0.65
4,45,hybrid,HYBRID_ALPHA0.9_BETA0.1,0.9,0.1,50,1.0,0.74651,0.74205,0.08081,0.98173,0.81687,0.10573,,0.01151,0.06272,0.65
4,45,hybrid,HYBRID_ALPHA0.1_BETA0.9,0.1,0.9,50,0.0,0.81672,0.77354,0.06256,2.28281,1.34549,0.13528,,0.00895,0.12927,0.625
4,45,hybrid,HYBRID_ALPHA0.2_BETA0.8,0.2,0.8,50,0.0,0.80709,0.77732,0.04947,2.21362,1.32331,0.12739,,0.00947,0.1325,0.675
4,45,hybrid,HYBRID_ALPHA0.3_BETA0.7,0.3,0.7,50,0.0,0.76754,0.75909,0.04038,2.09935,1.28124,0.12852,,0.00956,0.1279,0.6
4,45,hybrid,HYBRID_ALPHA0.4_BETA0.6,0.4,0.6,50,0.0,0.73114,0.74207,0.03144,1.9444,1.22235,0.12984,,0.00967,0.11954,0.625
4,45,hybrid,HYBRID_ALPHA0.5_BETA0.5,0.5,0.5,50,0.0,0.7128,0.73544,0.03345,1.69871,1.12386,0.1315,,0.00959,0.10681,0.65
4,45,hybrid,HYBRID_ALPHA0.6_BETA0.4,0.6,0.4,50,0.0,0.71228,0.73342,0.04008,1.50466,1.04775,0.13195,,0.00985,0.09502,0.65
4,45,hybrid,HYBRID_ALPHA0.7_BETA0.3,0.7,0.3,50,0.0,0.71941,0.73648,0.05007,1.48205,1.03938,0.13355,,0.00987,0.09325,0.6
4,45,hybrid,HYBRID_ALPHA0.8_BETA0.2,0.8,0.2,50,0.0,0.7312,0.73885,0.06332,1.48771,1.0421,0.13659,,0.00989,0.10059,0.65
4,45,hybrid,HYBRID_ALPHA0.9_BETA0.1,0.9,0.1,50,0.0,0.74651,0.74205,0.08081,1.49085,1.04311,0.13744,,0.00997,0.09957,0.65
4,45,hybrid,HYBRID_ALPHA0.1_BETA0.9,0.1,0.9,100,1.0,0.62737,0.65621,0.02244,1.36081,1.01734,0.04259,,0.0054,0.08551,0.75
4,45,hybrid,HYBRID_ALPHA0.2_BETA0.8,0.2,0.8,100,1.0,0.63044,0.66036,0.02228,1.14487,0.91008,0.04479,,0.00558,0.08739,0.725
4,45,hybrid,HYBRID_ALPHA0.3_BETA0.7,0.3,0.7,100,1.0,0.63534,0.66495,0.02177,1.12169,0.89655,0.04459,,0.00546,0.08816,0.7
4,45,hybrid,HYBRID_ALPHA0.4_BETA0.6,0.4,0.6,100,1.0,0.63832,0.66882,0.02152,1.12211,0.89637,0.04436,,0.00534,0.08957,0.7
4,45,hybrid,HYBRID_ALPHA0.5_BETA0.5,0.5,0.5,100,1.0,0.64794,0.67576,0.01884,1.13118,0.90103,0.04424,,0.00516,0.0926,0.7
4,45,hybrid,HYBRID_ALPHA0.6_BETA0.4,0.6,0.4,100,1.0,0.64498,0.67996,0.01927,1.15046,0.91087,0.04451,,0.00489,0.09714,0.675
4,45,hybrid,HYBRID_ALPHA0.7_BETA0.3,0.7,0.3,100,1.0,0.63297,0.68367,0.0233,1.18076,0.92523,0.04551,,0.00455,0.10424,0.725
4,45,hybrid,HYBRID_ALPHA0.8_BETA0.2,0.8,0.2,100,1.0,0.63894,0.68749,0.02012,1.52029,1.05751,0.1018,,0.01135,0.10128,0.675
4,45,hybrid,HYBRID_ALPHA0.9_BETA0.1,0.9,0.1,100,1.0,0.64908,0.6885,0.02891,1.31697,0.98643,0.05673,,0.00384,0.1251,0.7
4,45,hybrid,HYBRID_ALPHA0.1_BETA0.9,0.1,0.9,100,0.0,0.62737,0.65621,0.02244,1.21106,0.94162,0.04319,,0.00459,0.06504,0.65
4,45,hybrid,HYBRID_ALPHA0.2_BETA0.8,0.2,0.8,100,0.0,0.63044,0.66036,0.02228,1.01816,0.83738,0.04149,,0.00461,0.06194,0.7
4,45,hybrid,HYBRID_ALPHA0.3_BETA0.7,0.3,0.7,100,0.0,0.63534,0.66495,0.02177,1.00533,0.8308,0.04283,,0.00451,0.06285,0.7
4,45,hybrid,HYBRID_ALPHA0.4_BETA0.6,0.4,0.6,100,0.0,0.63832,0.66882,0.02152,1.00493,0.83169,0.04424,,0.00443,0.0635,0.65
4,45,hybrid,HYBRID_ALPHA0.5_BETA0.5,0.5,0.5,100,0.0,0.64794,0.67576,0.01884,1.00284,0.8308,0.04553,,0.00436,0.0638,0.65
4,45,hybrid,HYBRID_ALPHA0.6_BETA0.4,0.6,0.4,100,0.0,0.64498,0.67996,0.01927,1.00451,0.83219,0.04765,,0.00426,0.06453,0.6
4,45,hybrid,HYBRID_ALPHA0.7_BETA0.3,0.7,0.3,100,0.0,0.63297,0.68367,0.0233,1.00622,0.83293,0.05041,,0.00413,0.0653,0.65
4,45,hybrid,HYBRID_ALPHA0.8_BETA0.2,0.8,0.2,100,0.0,0.63894,0.68749,0.02012,2.23721,1.33052,0.12817,,0.0099,0.15515,0.7
4,45,hybrid,HYBRID_ALPHA0.9_BETA0.1,0.9,0.1,100,0.0,0.64908,0.6885,0.02891,1.05063,0.85771,0.06788,,0.00407,0.07116,0.625
4,45,hybrid,HYBRID_ALPHA0.1_BETA0.9,0.1,0.9,300,1.0,0.60799,0.61879,0.02354,0.90854,0.73603,0.03829,,0.00713,0.04912,0.7
4,45,hybrid,HYBRID_ALPHA0.2_BETA0.8,0.2,0.8,300,1.0,0.60233,0.61469,0.02206,1.16,0.90015,0.11073,,0.01125,0.06348,0.625
4,45,hybrid,HYBRID_ALPHA0.3_BETA0.7,0.3,0.7,300,1.0,0.59749,0.61232,0.02125,1.10275,0.87517,0.11098,,0.01115,0.06461,0.625
4,45,hybrid,HYBRID_ALPHA0.4_BETA0.6,0.4,0.6,300,1.0,0.59179,0.60776,0.02248,1.04611,0.84988,0.11086,,0.01118,0.0639,0.625
4,45,hybrid,HYBRID_ALPHA0.5_BETA0.5,0.5,0.5,300,1.0,0.58692,0.60742,0.02204,1.0031,0.82919,0.11211,,0.01111,0.06556,0.625
4,45,hybrid,HYBRID_ALPHA0.6_BETA0.4,0.6,0.4,300,1.0,0.58658,0.6088,0.02268,0.9624,0.80613,0.11184,,0.01131,0.06382,0.625
4,45,hybrid,HYBRID_ALPHA0.7_BETA0.3,0.7,0.3,300,1.0,0.58405,0.60948,0.02523,0.93744,0.78934,0.1125,,0.01139,0.06375,0.625
4,45,hybrid,HYBRID_ALPHA0.8_BETA0.2,0.8,0.2,300,1.0,0.58157,0.611,0.02832,0.93431,0.78678,0.11331,,0.01142,0.06371,0.625
4,45,hybrid,HYBRID_ALPHA0.9_BETA0.1,0.9,0.1,300,1.0,0.57636,0.61004,0.03024,0.92536,0.77991,0.11309,,0.01155,0.06245,0.625
4,45,hybrid,HYBRID_ALPHA0.1_BETA0.9,0.1,0.9,300,0.0,0.60799,0.61879,0.02354,0.90342,0.71183,0.04165,,0.00691,0.04366,0.675
4,45,hybrid,HYBRID_ALPHA0.2_BETA0.8,0.2,0.8,300,0.0,0.60233,0.61469,0.02206,2.24007,1.32749,0.14056,,0.00987,0.12877,0.625
4,45,hybrid,HYBRID_ALPHA0.3_BETA0.7,0.3,0.7,300,0.0,0.59749,0.61232,0.02125,2.14344,1.29253,0.14028,,0.00982,0.13124,0.625
4,45,hybrid,HYBRID_ALPHA0.4_BETA0.6,0.4,0.6,300,0.0,0.59179,0.60776,0.02248,2.0218,1.24772,0.14005,,0.00983,0.13121,0.6
4,45,hybrid,HYBRID_ALPHA0.5_BETA0.5,0.5,0.5,300,0.0,0.58692,0.60742,0.02204,1.80043,1.16119,0.14066,,0.00978,0.12835,0.65
4,45,hybrid,HYBRID_ALPHA0.6_BETA0.4,0.6,0.4,300,0.0,0.58658,0.6088,0.02268,1.76795,1.1478,0.14052,,0.00983,0.12994,0.65
4,45,hybrid,HYBRID_ALPHA0.7_BETA0.3,0.7,0.3,300,0.0,0.58405,0.60948,0.02523,1.69718,1.1207,0.14092,,0.00983,0.13047,0.6
4,45,hybrid,HYBRID_ALPHA0.8_BETA0.2,0.8,0.2,300,0.0,0.58157,0.611,0.02832,1.70027,1.12174,0.14127,,0.00984,0.13097,0.6
4,45,hybrid,HYBRID_ALPHA0.9_BETA0.1,0.9,0.1,300,0.0,0.57636,0.61004,0.03024,1.67311,1.11149,0.14105,,0.00992,0.12989,0.625
4,45,hybrid,HYBRID_ALPHA0.1_BETA0.9,0.1,0.9,500,1.0,0.61013,0.62297,0.0205,1.05889,0.87642,0.03593,,0.00733,0.05494,0.675
4,45,hybrid,HYBRID_ALPHA0.2_BETA0.8,0.2,0.8,500,1.0,0.60594,0.61706,0.02094,1.04376,0.87022,0.05153,,0.0126,0.05147,0.625
4,45,hybrid,HYBRID_ALPHA0.3_BETA0.7,0.3,0.7,500,1.0,0.60324,0.61546,0.0211,0.96498,0.81585,0.05241,,0.01256,0.05258,0.625
4,45,hybrid,HYBRID_ALPHA0.4_BETA0.6,0.4,0.6,500,1.0,0.60498,0.61708,0.01996,0.96709,0.80702,0.07248,,0.01288,0.05563,0.65
4,45,hybrid,HYBRID_ALPHA0.5_BETA0.5,0.5,0.5,500,1.0,0.59995,0.61547,0.01988,0.96565,0.80513,0.07482,,0.01292,0.05825,0.65
4,45,hybrid,HYBRID_ALPHA0.6_BETA0.4,0.6,0.4,500,1.0,0.59961,0.61581,0.02059,0.94769,0.79242,0.0781,,0.01266,0.06017,0.65
4,45,hybrid,HYBRID_ALPHA0.7_BETA0.3,0.7,0.3,500,1.0,0.59819,0.61581,0.02144,0.9369,0.7862,0.08092,,0.01235,0.06383,0.625
4,45,hybrid,HYBRID_ALPHA0.8_BETA0.2,0.8,0.2,500,1.0,0.59726,0.61681,0.02307,0.84073,0.7356,0.03517,,0.00792,0.06362,0.7
4,45,hybrid,HYBRID_ALPHA0.9_BETA0.1,0.9,0.1,500,1.0,0.59612,0.61807,0.02606,0.83664,0.73408,0.03476,,0.00804,0.06358,0.65
4,45,hybrid,HYBRID_ALPHA0.1_BETA0.9,0.1,0.9,500,0.0,0.61013,0.62297,0.0205,0.97245,0.81891,0.03822,,0.00692,0.04671,0.65
4,45,hybrid,HYBRID_ALPHA0.2_BETA0.8,0.2,0.8,500,0.0,0.60594,0.61706,0.02094,1.1265,0.88686,0.07742,,0.01143,0.05971,0.675
4,45,hybrid,HYBRID_ALPHA0.3_BETA0.7,0.3,0.7,500,0.0,0.60324,0.61546,0.0211,1.05297,0.85074,0.08553,,0.01117,0.06236,0.65
4,45,hybrid,HYBRID_ALPHA0.4_BETA0.6,0.4,0.6,500,0.0,0.60498,0.61708,0.01996,1.22574,0.92757,0.10804,,0.01153,0.08084,0.7
4,45,hybrid,HYBRID_ALPHA0.5_BETA0.5,0.5,0.5,500,0.0,0.59995,0.61547,0.01988,1.39643,1.00213,0.10888,,0.01159,0.10191,0.675
4,45,hybrid,HYBRID_ALPHA0.6_BETA0.4,0.6,0.4,500,0.0,0.59961,0.61581,0.02059,1.36438,0.98823,0.11134,,0.01137,0.10628,0.65
4,45,hybrid,HYBRID_ALPHA0.7_BETA0.3,0.7,0.3,500,0.0,0.59819,0.61581,0.02144,1.31315,0.96674,0.11219,,0.01116,0.10967,0.675
4,45,hybrid,HYBRID_ALPHA0.8_BETA0.2,0.8,0.2,500,0.0,0.59726,0.61681,0.02307,0.80428,0.65602,0.0369,,0.00808,0.04892,0.7
4,45,hybrid,HYBRID_ALPHA0.9_BETA0.1,0.9,0.1,500,0.0,0.59612,0.61807,0.02606,0.79897,0.65318,0.03757,,0.00836,0.04813,0.625
4,45,mse,MSE,1.0,0.0,50,1.0,0.75725,0.732,0.08422,0.96644,0.80814,0.10828,,0.01151,0.06157,0.625
4,45,mse,MSE,1.0,0.0,50,0.0,0.75725,0.732,0.08422,1.52844,1.05743,0.13886,,0.00998,0.10097,0.7
4,45,mse,MSE,1.0,0.0,100,1.0,0.6521,0.69443,0.02685,1.46319,1.04372,0.07666,,0.00382,0.13651,0.7
4,45,mse,MSE,1.0,0.0,100,0.0,0.6521,0.69443,0.02685,1.13115,0.89711,0.08997,,0.0045,0.07821,0.6
4,45,mse,MSE,1.0,0.0,300,1.0,0.58194,0.61776,0.04077,0.91875,0.77422,0.11403,,0.01162,0.06198,0.625
4,45,mse,MSE,1.0,0.0,300,0.0,0.58194,0.61776,0.04077,1.63865,1.09852,0.14149,,0.00994,0.12879,0.65
4,45,mse,MSE,1.0,0.0,500,1.0,0.59883,0.62136,0.03078,0.84348,0.74093,0.03341,,0.00768,0.06375,0.675
4,45,mse,MSE,1.0,0.0,500,0.0,0.59883,0.62136,0.03078,0.79207,0.65811,0.03416,,0.00795,0.04555,0.65
5,46,hsic,HSIC,0.0,1.0,50,1.0,0.86887,0.63528,0.0575,1.07967,0.84986,0.14565,,0.00884,0.18572,0.775
5,46,hsic,HSIC,0.0,1.0,50,0.0,0.86887,0.63528,0.0575,2.19819,1.31444,0.14242,,0.00872,0.22195,0.85
5,46,hsic,HSIC,0.0,1.0,100,1.0,1.07441,0.83707,0.21666,1.3599,0.98892,0.1487,,0.00853,0.20385,0.85
5,46,hsic,HSIC,0.0,1.0,100,0.0,1.07441,0.83707,0.21666,2.46705,1.40689,0.14221,,0.00847,0.24825,0.825
5,46,hsic,HSIC,0.0,1.0,300,1.0,0.80047,0.59757,0.02283,0.88836,0.7246,0.04254,,0.00821,0.43296,0.925
5,46,hsic,HSIC,0.0,1.0,300,0.0,0.80047,0.59757,0.02283,0.91714,0.78039,0.05156,,0.0069,0.44101,0.925
5,46,hsic,HSIC,0.0,1.0,500,1.0,0.70727,0.56196,0.02483,1.47946,1.04075,0.14592,,0.00868,0.42715,0.95
5,46,hsic,HSIC,0.0,1.0,500,0.0,0.70727,0.56196,0.02483,3.12752,1.6149,0.14586,,0.00875,0.4494,0.975
5,46,hybrid,HYBRID_ALPHA0.1_BETA0.9,0.1,0.9,50,1.0,0.63681,0.57087,0.06216,1.21303,0.9243,0.13983,,0.02059,0.07375,0.675
5,46,hybrid,HYBRID_ALPHA0.2_BETA0.8,0.2,0.8,50,1.0,0.6233,0.57783,0.06139,1.00154,0.75558,0.14855,,0.02147,0.0643,0.65
5,46,hybrid,HYBRID_ALPHA0.3_BETA0.7,0.3,0.7,50,1.0,0.60792,0.59433,0.05906,0.9996,0.71553,0.13278,,0.02045,0.06503,0.7
5,46,hybrid,HYBRID_ALPHA0.4_BETA0.6,0.4,0.6,50,1.0,0.59996,0.59123,0.06037,0.99824,0.7098,0.12454,,0.01987,0.06311,0.725
5,46,hybrid,HYBRID_ALPHA0.5_BETA0.5,0.5,0.5,50,1.0,0.61506,0.59668,0.05711,0.99333,0.6991,0.10666,,0.01796,0.05991,0.675
5,46,hybrid,HYBRID_ALPHA0.6_BETA0.4,0.6,0.4,50,1.0,0.62108,0.59921,0.05964,0.97299,0.69041,0.0849,,0.01543,0.05608,0.625
5,46,hybrid,HYBRID_ALPHA0.7_BETA0.3,0.7,0.3,50,1.0,0.66103,0.60673,0.06327,0.94072,0.68515,0.06571,,0.01298,0.05239,0.65
5,46,hybrid,HYBRID_ALPHA0.8_BETA0.2,0.8,0.2,50,1.0,0.75807,0.67421,0.05484,0.92035,0.68761,0.0587,,0.01162,0.0501,0.625
5,46,hybrid,HYBRID_ALPHA0.9_BETA0.1,0.9,0.1,50,1.0,0.6924,0.62073,0.05993,0.92604,0.6988,0.08229,,0.01173,0.05098,0.675
5,46,hybrid,HYBRID_ALPHA0.1_BETA0.9,0.1,0.9,50,0.0,0.63681,0.57087,0.06216,1.60167,1.11023,0.09432,,0.01618,0.08211,0.7
5,46,hybrid,HYBRID_ALPHA0.2_BETA0.8,0.2,0.8,50,0.0,0.6233,0.57783,0.06139,1.05395,0.85368,0.10815,,0.01828,0.06286,0.65
5,46,hybrid,HYBRID_ALPHA0.3_BETA0.7,0.3,0.7,50,0.0,0.60792,0.59433,0.05906,1.02746,0.8385,0.09855,,0.01754,0.06045,0.65
5,46,hybrid,HYBRID_ALPHA0.4_BETA0.6,0.4,0.6,50,0.0,0.59996,0.59123,0.06037,0.9891,0.80874,0.09391,,0.01685,0.05687,0.65
5,46,hybrid,HYBRID_ALPHA0.5_BETA0.5,0.5,0.5,50,0.0,0.61506,0.59668,0.05711,0.93802,0.76396,0.08241,,0.01526,0.05387,0.65
5,46,hybrid,HYBRID_ALPHA0.6_BETA0.4,0.6,0.4,50,0.0,0.62108,0.59921,0.05964,0.90772,0.73618,0.07022,,0.01339,0.05162,0.65
5,46,hybrid,HYBRID_ALPHA0.7_BETA0.3,0.7,0.3,50,0.0,0.66103,0.60673,0.06327,0.89239,0.7216,0.06159,,0.01168,0.05,0.65
5,46,hybrid,HYBRID_ALPHA0.8_BETA0.2,0.8,0.2,50,0.0,0.75807,0.67421,0.05484,0.88898,0.71945,0.06272,,0.01082,0.04869,0.65
5,46,hybrid,HYBRID_ALPHA0.9_BETA0.1,0.9,0.1,50,0.0,0.6924,0.62073,0.05993,0.90958,0.74278,0.09098,,0.01106,0.04972,0.525
5,46,hybrid,HYBRID_ALPHA0.1_BETA0.9,0.1,0.9,100,1.0,1.02375,0.81167,0.20981,1.5155,1.07921,0.07717,,0.01069,0.05652,0.675
5,46,hybrid,HYBRID_ALPHA0.2_BETA0.8,0.2,0.8,100,1.0,1.00072,0.79794,0.20772,1.36447,1.01991,0.04942,,0.00861,0.09257,0.7
5,46,hybrid,HYBRID_ALPHA0.3_BETA0.7,0.3,0.7,100,1.0,0.93497,0.76942,0.19193,1.87921,1.21336,0.074,,0.00933,0.17878,0.675
5,46,hybrid,HYBRID_ALPHA0.4_BETA0.6,0.4,0.6,100,1.0,0.88613,0.74873,0.17873,1.14247,0.91095,0.07057,,0.00885,0.07442,0.725
5,46,hybrid,HYBRID_ALPHA0.5_BETA0.5,0.5,0.5,100,1.0,0.89076,0.74744,0.18164,1.14329,0.91394,0.0649,,0.00849,0.07663,0.725
5,46,hybrid,HYBRID_ALPHA0.6_BETA0.4,0.6,0.4,100,1.0,0.87293,0.7391,0.17511,1.46622,1.05843,0.05355,,0.00789,0.14103,0.675
5,46,hybrid,HYBRID_ALPHA0.7_BETA0.3,0.7,0.3,100,1.0,0.85637,0.73193,0.16953,1.1599,0.92682,0.05364,,0.00785,0.08112,0.675
5,46,hybrid,HYBRID_ALPHA0.8_BETA0.2,0.8,0.2,100,1.0,0.80236,0.71017,0.14797,1.13609,0.91415,0.05267,,0.00795,0.07609,0.7
5,46,hybrid,HYBRID_ALPHA0.9_BETA0.1,0.9,0.1,100,1.0,0.69244,0.6662,0.10154,1.18344,0.93998,0.04606,,0.00734,0.08701,0.675
5,46,hybrid,HYBRID_ALPHA0.1_BETA0.9,0.1,0.9,100,0.0,1.02375,0.81167,0.20981,1.24947,0.97157,0.04663,,0.00842,0.03409,0.625
5,46,hybrid,HYBRID_ALPHA0.2_BETA0.8,0.2,0.8,100,0.0,1.00072,0.79794,0.20772,1.04209,0.85445,0.04573,,0.00791,0.03622,0.7
5,46,hybrid,HYBRID_ALPHA0.3_BETA0.7,0.3,0.7,100,0.0,0.93497,0.76942,0.19193,1.24238,0.85771,0.13754,,0.01784,0.03377,0.65
5,46,hybrid,HYBRID_ALPHA0.4_BETA0.6,0.4,0.6,100,0.0,0.88613,0.74873,0.17873,0.95854,0.76479,0.04686,,0.00722,0.0281,0.675
5,46,hybrid,HYBRID_ALPHA0.5_BETA0.5,0.5,0.5,100,0.0,0.89076,0.74744,0.18164,0.95502,0.75996,0.04641,,0.0072,0.02705,0.65
5,46,hybrid,HYBRID_ALPHA0.6_BETA0.4,0.6,0.4,100,0.0,0.87293,0.7391,0.17511,0.9748,0.8055,0.04615,,0.00735,0.03998,0.6
5,46,hybrid,HYBRID_ALPHA0.7_BETA0.3,0.7,0.3,100,0.0,0.85637,0.73193,0.16953,0.95553,0.76231,0.04635,,0.0073,0.02658,0.65
5,46,hybrid,HYBRID_ALPHA0.8_BETA0.2,0.8,0.2,100,0.0,0.80236,0.71017,0.14797,0.97381,0.77217,0.05846,,0.0084,0.02758,0.625
5,46,hybrid,HYBRID_ALPHA0.9_BETA0.1,0.9,0.1,100,0.0,0.69244,0.6662,0.10154,0.97047,0.77663,0.04978,,0.0077,0.02857,0.625
5,46,hybrid,HYBRID_ALPHA0.1_BETA0.9,0.1,0.9,300,1.0,0.62111,0.64011,0.02108,3.25015,1.67486,0.03559,,0.00675,0.03978,0.65
5,46,hybrid,HYBRID_ALPHA0.2_BETA0.8,0.2,0.8,300,1.0,0.62046,0.63692,0.0205,2.47906,1.43753,0.03903,,0.00807,0.04278,0.675
5,46,hybrid,HYBRID_ALPHA0.3_BETA0.7,0.3,0.7,300,1.0,0.62036,0.63452,0.0203,1.89748,1.23361,0.07212,,0.01335,0.04614,0.575
5,46,hybrid,HYBRID_ALPHA0.4_BETA0.6,0.4,0.6,300,1.0,0.61709,0.62957,0.02036,1.52995,1.08549,0.07654,,0.01338,0.04719,0.6
5,46,hybrid,HYBRID_ALPHA0.5_BETA0.5,0.5,0.5,300,1.0,0.61669,0.62813,0.01995,0.98448,0.81999,0.04356,,0.00628,0.04322,0.6
5,46,hybrid,HYBRID_ALPHA0.6_BETA0.4,0.6,0.4,300,1.0,0.61244,0.6223,0.01928,0.95662,0.80298,0.04288,,0.00616,0.04281,0.6
5,46,hybrid,HYBRID_ALPHA0.7_BETA0.3,0.7,0.3,300,1.0,0.61853,0.62492,0.01983,0.95996,0.80894,0.04171,,0.00562,0.04271,0.625
5,46,hybrid,HYBRID_ALPHA0.8_BETA0.2,0.8,0.2,300,1.0,0.61689,0.62685,0.01887,0.94861,0.77776,0.0383,,0.00486,0.03588,0.65
5,46,hybrid,HYBRID_ALPHA0.9_BETA0.1,0.9,0.1,300,1.0,0.61315,0.62185,0.02062,0.97222,0.79103,0.04243,,0.00444,0.03783,0.625
5,46,hybrid,HYBRID_ALPHA0.1_BETA0.9,0.1,0.9,300,0.0,0.62111,0.64011,0.02108,3.3879,1.70964,0.04874,,0.00622,0.04288,0.625
5,46,hybrid,HYBRID_ALPHA0.2_BETA0.8,0.2,0.8,300,0.0,0.62046,0.63692,0.0205,2.34413,1.39042,0.04406,,0.00694,0.03884,0.65
5,46,hybrid,HYBRID_ALPHA0.3_BETA0.7,0.3,0.7,300,0.0,0.62036,0.63452,0.0203,2.59334,1.46393,0.11181,,0.01177,0.06678,0.675
5,46,hybrid,HYBRID_ALPHA0.4_BETA0.6,0.4,0.6,300,0.0,0.61709,0.62957,0.02036,2.25188,1.3458,0.11097,,0.01191,0.08593,0.575
5,46,hybrid,HYBRID_ALPHA0.5_BETA0.5,0.5,0.5,300,0.0,0.61669,0.62813,0.01995,0.91269,0.77537,0.0428,,0.00548,0.03299,0.575
5,46,hybrid,HYBRID_ALPHA0.6_BETA0.4,0.6,0.4,300,0.0,0.61244,0.6223,0.01928,0.90234,0.76754,0.04345,,0.00538,0.03344,0.575
5,46,hybrid,HYBRID_ALPHA0.7_BETA0.3,0.7,0.3,300,0.0,0.61853,0.62492,0.01983,0.90746,0.77206,0.04606,,0.00515,0.03305,0.575
5,46,hybrid,HYBRID_ALPHA0.8_BETA0.2,0.8,0.2,300,0.0,0.61689,0.62685,0.01887,0.93287,0.74889,0.03832,,0.00476,0.02981,0.625
5,46,hybrid,HYBRID_ALPHA0.9_BETA0.1,0.9,0.1,300,0.0,0.61315,0.62185,0.02062,0.95855,0.76183,0.04358,,0.00444,0.03164,0.6
5,46,hybrid,HYBRID_ALPHA0.1_BETA0.9,0.1,0.9,500,1.0,0.64695,0.67029,0.01989,1.23671,0.96282,0.03902,,0.00725,0.08024,0.65
5,46,hybrid,HYBRID_ALPHA0.2_BETA0.8,0.2,0.8,500,1.0,0.64602,0.67025,0.01956,1.56038,1.09831,0.03941,,0.00709,0.04336,0.725
5,46,hybrid,HYBRID_ALPHA0.3_BETA0.7,0.3,0.7,500,1.0,0.62226,0.64565,0.02118,1.03441,0.85499,0.03945,,0.00675,0.04353,0.7
5,46,hybrid,HYBRID_ALPHA0.4_BETA0.6,0.4,0.6,500,1.0,0.62549,0.64849,0.02105,0.9469,0.79517,0.03888,,0.00657,0.03974,0.7
5,46,hybrid,HYBRID_ALPHA0.5_BETA0.5,0.5,0.5,500,1.0,0.62784,0.64672,0.02213,0.91988,0.77405,0.03837,,0.00634,0.03872,0.675
5,46,hybrid,HYBRID_ALPHA0.6_BETA0.4,0.6,0.4,500,1.0,0.62618,0.64947,0.02107,0.91929,0.77481,0.03838,,0.00593,0.03887,0.625
5,46,hybrid,HYBRID_ALPHA0.7_BETA0.3,0.7,0.3,500,1.0,0.624,0.64553,0.02369,1.05884,0.85927,0.06996,,0.01229,0.08874,0.7
5,46,hybrid,HYBRID_ALPHA0.8_BETA0.2,0.8,0.2,500,1.0,0.61429,0.64522,0.02257,1.03461,0.66765,0.06844,,0.0127,0.08367,0.675
5,46,hybrid,HYBRID_ALPHA0.9_BETA0.1,0.9,0.1,500,1.0,0.62141,0.64527,0.02574,0.96474,0.65196,0.06163,,0.01268,0.0773,0.75
5,46,hybrid,HYBRID_ALPHA0.1_BETA0.9,0.1,0.9,500,0.0,0.64695,0.67029,0.01989,1.09157,0.89268,0.03845,,0.00712,0.07476,0.75
5,46,hybrid,HYBRID_ALPHA0.2_BETA0.8,0.2,0.8,500,0.0,0.64602,0.67025,0.01956,1.57414,1.10243,0.0383,,0.0061,0.04395,0.675
5,46,hybrid,HYBRID_ALPHA0.3_BETA0.7,0.3,0.7,500,0.0,0.62226,0.64565,0.02118,1.02391,0.84689,0.03894,,0.00586,0.04274,0.625
5,46,hybrid,HYBRID_ALPHA0.4_BETA0.6,0.4,0.6,500,0.0,0.62549,0.64849,0.02105,0.93312,0.78951,0.03911,,0.00579,0.03767,0.65
5,46,hybrid,HYBRID_ALPHA0.5_BETA0.5,0.5,0.5,500,0.0,0.62784,0.64672,0.02213,0.90594,0.76803,0.03961,,0.00568,0.03566,0.625
5,46,hybrid,HYBRID_ALPHA0.6_BETA0.4,0.6,0.4,500,0.0,0.62618,0.64947,0.02107,0.90176,0.76261,0.04043,,0.00544,0.0345,0.6
5,46,hybrid,HYBRID_ALPHA0.7_BETA0.3,0.7,0.3,500,0.0,0.624,0.64553,0.02369,1.74483,1.14263,0.12023,,0.01088,0.12541,0.625
5,46,hybrid,HYBRID_ALPHA0.8_BETA0.2,0.8,0.2,500,0.0,0.61429,0.64522,0.02257,0.9301,0.72891,0.14558,,0.01303,0.10422,0.7
5,46,hybrid,HYBRID_ALPHA0.9_BETA0.1,0.9,0.1,500,0.0,0.62141,0.64527,0.02574,0.87041,0.70623,0.12133,,0.01395,0.09978,0.65
5,46,mse,MSE,1.0,0.0,50,1.0,0.70147,0.62775,0.07099,0.89524,0.74294,0.12385,,0.01209,0.05252,0.6
5,46,mse,MSE,1.0,0.0,50,0.0,0.70147,0.62775,0.07099,0.95684,0.76564,0.09041,,0.00914,0.05535,0.55
5,46,mse,MSE,1.0,0.0,100,1.0,0.66855,0.65751,0.10026,1.46203,1.04087,0.08732,,0.00759,0.12301,0.65
5,46,mse,MSE,1.0,0.0,100,0.0,0.66855,0.65751,0.10026,1.10649,0.88869,0.06304,,0.00658,0.06624,0.675
5,46,mse,MSE,1.0,0.0,300,1.0,0.60298,0.61704,0.02583,1.10457,0.85592,0.12989,,0.00727,0.05188,0.625
5,46,mse,MSE,1.0,0.0,300,0.0,0.60298,0.61704,0.02583,1.13099,0.87447,0.13182,,0.00738,0.05699,0.65
5,46,mse,MSE,1.0,0.0,500,1.0,0.61976,0.64332,0.02785,1.12614,0.77968,0.16029,,0.00971,0.16563,0.75
5,46,mse,MSE,1.0,0.0,500,0.0,0.61976,0.64332,0.02785,1.28796,0.95094,0.16068,,0.00845,0.21273,0.75
6,47,hsic,HSIC,0.0,1.0,50,1.0,1.87084,1.13179,0.02186,1.84277,1.13717,0.15215,,0.01882,0.22749,0.85
6,47,hsic,HSIC,0.0,1.0,50,0.0,1.87084,1.13179,0.02186,1.68615,1.12501,0.09844,,0.01263,0.24173,0.8
6,47,hsic,HSIC,0.0,1.0,100,1.0,0.82913,0.6117,0.03468,1.25105,0.84818,0.14051,,0.01976,0.28368,0.75
6,47,hsic,HSIC,0.0,1.0,100,0.0,0.82913,0.6117,0.03468,3.89893,1.59593,0.26339,,0.03145,0.19122,0.85
6,47,hsic,HSIC,0.0,1.0,300,1.0,0.71663,0.56798,0.02034,8.36791,2.69497,0.10635,,0.01684,0.22357,0.75
6,47,hsic,HSIC,0.0,1.0,300,0.0,0.71663,0.56798,0.02034,5.421,2.095,0.08531,,0.01481,0.25376,0.85
6,47,hsic,HSIC,0.0,1.0,500,1.0,0.59227,0.54996,0.02294,1.27408,0.9448,0.15584,,0.00831,0.27979,0.875
6,47,hsic,HSIC,0.0,1.0,500,0.0,0.59227,0.54996,0.02294,2.49336,1.41259,0.15603,,0.00826,0.31311,0.825
6,47,hybrid,HYBRID_ALPHA0.1_BETA0.9,0.1,0.9,50,1.0,0.61703,0.54995,0.02353,1.0002,0.83188,0.03957,,0.00634,0.03179,0.625
6,47,hybrid,HYBRID_ALPHA0.2_BETA0.8,0.2,0.8,50,1.0,0.60434,0.61643,0.0222,1.13688,0.91884,0.05806,,0.01337,0.02919,0.65
6,47,hybrid,HYBRID_ALPHA0.3_BETA0.7,0.3,0.7,50,1.0,0.63186,0.65319,0.02028,1.01778,0.84805,0.06304,,0.01359,0.02852,0.625
6,47,hybrid,HYBRID_ALPHA0.4_BETA0.6,0.4,0.6,50,1.0,0.6533,0.67613,0.02043,0.9876,0.82812,0.06549,,0.01356,0.02836,0.65
6,47,hybrid,HYBRID_ALPHA0.5_BETA0.5,0.5,0.5,50,1.0,0.65746,0.6873,0.01814,0.96439,0.81298,0.06619,,0.01349,0.02825,0.55
6,47,hybrid,HYBRID_ALPHA0.6_BETA0.4,0.6,0.4,50,1.0,0.66486,0.69986,0.01919,0.84073,0.71725,0.0407,,0.00962,0.03103,0.6
6,47,hybrid,HYBRID_ALPHA0.7_BETA0.3,0.7,0.3,50,1.0,0.69688,0.71655,0.02329,0.83351,0.71341,0.04326,,0.0097,0.0313,0.675
6,47,hybrid,HYBRID_ALPHA0.8_BETA0.2,0.8,0.2,50,1.0,0.71913,0.73035,0.02482,0.83163,0.71274,0.0466,,0.01004,0.03195,0.65
6,47,hybrid,HYBRID_ALPHA0.9_BETA0.1,0.9,0.1,50,1.0,0.73532,0.74128,0.02742,0.82759,0.70913,0.05299,,0.01047,0.03204,0.625
6,47,hybrid,HYBRID_ALPHA0.1_BETA0.9,0.1,0.9,50,0.0,0.61703,0.54995,0.02353,1.1699,0.91664,0.06277,,0.00596,0.0464,0.675
6,47,hybrid,HYBRID_ALPHA0.2_BETA0.8,0.2,0.8,50,0.0,0.60434,0.61643,0.0222,1.64067,1.11146,0.10012,,0.01195,0.04583,0.6
6,47,hybrid,HYBRID_ALPHA0.3_BETA0.7,0.3,0.7,50,0.0,0.63186,0.65319,0.02028,1.44142,1.01913,0.11234,,0.01209,0.05081,0.625
6,47,hybrid,HYBRID_ALPHA0.4_BETA0.6,0.4,0.6,50,0.0,0.6533,0.67613,0.02043,1.37611,0.99033,0.1156,,0.01206,0.0516,0.625
6,47,hybrid,HYBRID_ALPHA0.5_BETA0.5,0.5,0.5,50,0.0,0.65746,0.6873,0.01814,1.32118,0.96703,0.11675,,0.01205,0.0511,0.625
6,47,hybrid,HYBRID_ALPHA0.6_BETA0.4,0.6,0.4,50,0.0,0.66486,0.69986,0.01919,0.93366,0.79287,0.06627,,0.00924,0.04716,0.675
6,47,hybrid,HYBRID_ALPHA0.7_BETA0.3,0.7,0.3,50,0.0,0.69688,0.71655,0.02329,0.93978,0.79664,0.07406,,0.00951,0.04853,0.65
6,47,hybrid,HYBRID_ALPHA0.8_BETA0.2,0.8,0.2,50,0.0,0.71913,0.73035,0.02482,0.96624,0.81031,0.08241,,0.01004,0.05131,0.625
6,47,hybrid,HYBRID_ALPHA0.9_BETA0.1,0.9,0.1,50,0.0,0.73532,0.74128,0.02742,0.99637,0.82526,0.0923,,0.01051,0.0551,0.625
6,47,hybrid,HYBRID_ALPHA0.1_BETA0.9,0.1,0.9,100,1.0,0.70189,0.60179,0.03776,1.55724,1.09878,0.09626,,0.01777,0.06722,0.675
6,47,hybrid,HYBRID_ALPHA0.2_BETA0.8,0.2,0.8,100,1.0,0.67406,0.60973,0.04284,1.19975,0.94428,0.09253,,0.01749,0.06466,0.675
6,47,hybrid,HYBRID_ALPHA0.3_BETA0.7,0.3,0.7,100,1.0,0.64677,0.62112,0.04079,1.13543,0.90857,0.09187,,0.01736,0.06416,0.7
6,47,hybrid,HYBRID_ALPHA0.4_BETA0.6,0.4,0.6,100,1.0,0.64572,0.63199,0.04213,1.10023,0.88812,0.08838,,0.01689,0.06361,0.675
6,47,hybrid,HYBRID_ALPHA0.5_BETA0.5,0.5,0.5,100,1.0,0.64824,0.6415,0.04693,1.20747,0.94743,0.0643,,0.0133,0.08137,0.675
6,47,hybrid,HYBRID_ALPHA0.6_BETA0.4,0.6,0.4,100,1.0,0.65226,0.64815,0.04808,0.99286,0.82169,0.05321,,0.01089,0.0736,0.625
6,47,hybrid,HYBRID_ALPHA0.7_BETA0.3,0.7,0.3,100,1.0,0.64627,0.64353,0.03744,0.99332,0.82231,0.053,,0.01057,0.07349,0.65
6,47,hybrid,HYBRID_ALPHA0.8_BETA0.2,0.8,0.2,100,1.0,0.66012,0.64368,0.04426,1.00151,0.82926,0.05057,,0.01019,0.07519,0.65
6,47,hybrid,HYBRID_ALPHA0.9_BETA0.1,0.9,0.1,100,1.0,0.66792,0.64847,0.05264,1.06838,0.83624,0.09291,,0.01095,0.07568,0.675
6,47,hybrid,HYBRID_ALPHA0.1_BETA0.9,0.1,0.9,100,0.0,0.70189,0.60179,0.03776,1.68298,1.14227,0.09316,,0.01505,0.07689,0.7
6,47,hybrid,HYBRID_ALPHA0.2_BETA0.8,0.2,0.8,100,0.0,0.67406,0.60973,0.04284,1.29756,0.9817,0.09024,,0.01556,0.07381,0.75
6,47,hybrid,HYBRID_ALPHA0.3_BETA0.7,0.3,0.7,100,0.0,0.64677,0.62112,0.04079,1.19865,0.93257,0.08827,,0.01508,0.0726,0.7
6,47,hybrid,HYBRID_ALPHA0.4_BETA0.6,0.4,0.6,100,0.0,0.64572,0.63199,0.04213,1.1333,0.89768,0.08513,,0.01451,0.07127,0.725
6,47,hybrid,HYBRID_ALPHA0.5_BETA0.5,0.5,0.5,100,0.0,0.64824,0.6415,0.04693,0.95483,0.80937,0.04565,,0.01071,0.06192,0.675
6,47,hybrid,HYBRID_ALPHA0.6_BETA0.4,0.6,0.4,100,0.0,0.65226,0.64815,0.04808,0.91687,0.75462,0.04416,,0.0098,0.0603,0.725
6,47,hybrid,HYBRID_ALPHA0.7_BETA0.3,0.7,0.3,100,0.0,0.64627,0.64353,0.03744,0.916,0.75324,0.04434,,0.00956,0.05843,0.725
6,47,hybrid,HYBRID_ALPHA0.8_BETA0.2,0.8,0.2,100,0.0,0.66012,0.64368,0.04426,0.91773,0.75665,0.04329,,0.00927,0.05845,0.675
6,47,hybrid,HYBRID_ALPHA0.9_BETA0.1,0.9,0.1,100,0.0,0.66792,0.64847,0.05264,1.09357,0.84798,0.10166,,0.01138,0.08361,0.7
6,47,hybrid,HYBRID_ALPHA0.1_BETA0.9,0.1,0.9,300,1.0,0.67496,0.69019,0.02052,1.44279,1.02574,0.10319,,0.01196,0.08455,0.725
6,47,hybrid,HYBRID_ALPHA0.2_BETA0.8,0.2,0.8,300,1.0,0.68673,0.69362,0.01984,1.31267,0.96771,0.10092,,0.01273,0.08644,0.725
6,47,hybrid,HYBRID_ALPHA0.3_BETA0.7,0.3,0.7,300,1.0,0.67405,0.69129,0.01873,1.20452,0.91802,0.10069,,0.01302,0.09146,0.675
6,47,hybrid,HYBRID_ALPHA0.4_BETA0.6,0.4,0.6,300,1.0,0.68083,0.69355,0.02014,1.13447,0.88594,0.0982,,0.01289,0.08605,0.725
6,47,hybrid,HYBRID_ALPHA0.5_BETA0.5,0.5,0.5,300,1.0,0.67793,0.69043,0.01856,1.01021,0.84218,0.05311,,0.01184,0.07451,0.7
6,47,hybrid,HYBRID_ALPHA0.6_BETA0.4,0.6,0.4,300,1.0,0.68647,0.69415,0.01852,1.00775,0.82832,0.07585,,0.01169,0.06577,0.75
6,47,hybrid,HYBRID_ALPHA0.7_BETA0.3,0.7,0.3,300,1.0,0.69048,0.6964,0.01918,1.01903,0.83315,0.07954,,0.01175,0.06757,0.775
6,47,hybrid,HYBRID_ALPHA0.8_BETA0.2,0.8,0.2,300,1.0,0.69333,0.69785,0.02067,1.01966,0.83293,0.08302,,0.01164,0.06837,0.75
6,47,hybrid,HYBRID_ALPHA0.9_BETA0.1,0.9,0.1,300,1.0,0.70283,0.70355,0.02524,1.03024,0.83802,0.0863,,0.01152,0.06941,0.75
6,47,hybrid,HYBRID_ALPHA0.1_BETA0.9,0.1,0.9,300,0.0,0.67496,0.69019,0.02052,1.91489,1.20964,0.13267,,0.01042,0.12141,0.75
6,47,hybrid,HYBRID_ALPHA0.2_BETA0.8,0.2,0.8,300,0.0,0.68673,0.69362,0.01984,1.71502,1.13083,0.13163,,0.01112,0.12109,0.725
6,47,hybrid,HYBRID_ALPHA0.3_BETA0.7,0.3,0.7,300,0.0,0.67405,0.69129,0.01873,1.40535,1.00336,0.12979,,0.01222,0.11058,0.7
6,47,hybrid,HYBRID_ALPHA0.4_BETA0.6,0.4,0.6,300,0.0,0.68083,0.69355,0.02014,1.3117,0.96635,0.12471,,0.01158,0.10393,0.7
6,47,hybrid,HYBRID_ALPHA0.5_BETA0.5,0.5,0.5,300,0.0,0.67793,0.69043,0.01856,0.88515,0.74358,0.05892,,0.01161,0.05134,0.725
6,47,hybrid,HYBRID_ALPHA0.6_BETA0.4,0.6,0.4,300,0.0,0.68647,0.69415,0.01852,1.18349,0.91412,0.11524,,0.0104,0.08366,0.7
6,47,hybrid,HYBRID_ALPHA0.7_BETA0.3,0.7,0.3,300,0.0,0.69048,0.6964,0.01918,1.25459,0.94422,0.11832,,0.01043,0.09257,0.75
6,47,hybrid,HYBRID_ALPHA0.8_BETA0.2,0.8,0.2,300,0.0,0.69333,0.69785,0.02067,1.26369,0.94872,0.1215,,0.01037,0.09436,0.75
6,47,hybrid,HYBRID_ALPHA0.9_BETA0.1,0.9,0.1,300,0.0,0.70283,0.70355,0.02524,1.36593,0.99061,0.12446,,0.0103,0.10552,0.7
6,47,hybrid,HYBRID_ALPHA0.1_BETA0.9,0.1,0.9,500,1.0,0.63183,0.65903,0.02093,1.441,1.0269,0.10323,,0.0117,0.08206,0.725
6,47,hybrid,HYBRID_ALPHA0.2_BETA0.8,0.2,0.8,500,1.0,0.62849,0.65858,0.02084,1.34868,0.98405,0.10233,,0.01235,0.08396,0.7
6,47,hybrid,HYBRID_ALPHA0.3_BETA0.7,0.3,0.7,500,1.0,0.62323,0.65531,0.02083,1.1416,0.89294,0.08251,,0.01175,0.07993,0.7
6,47,hybrid,HYBRID_ALPHA0.4_BETA0.6,0.4,0.6,500,1.0,0.61683,0.65147,0.01996,1.11551,0.87992,0.08305,,0.01171,0.08,0.725
6,47,hybrid,HYBRID_ALPHA0.5_BETA0.5,0.5,0.5,500,1.0,0.62027,0.65728,0.01916,1.07966,0.86224,0.08299,,0.0117,0.08004,0.7
6,47,hybrid,HYBRID_ALPHA0.6_BETA0.4,0.6,0.4,500,1.0,0.62135,0.6592,0.01917,1.08253,0.86098,0.10229,,0.01207,0.07526,0.7
6,47,hybrid,HYBRID_ALPHA0.7_BETA0.3,0.7,0.3,500,1.0,0.6203,0.65796,0.0194,1.0091,0.82843,0.10228,,0.01207,0.06928,0.65
6,47,hybrid,HYBRID_ALPHA0.8_BETA0.2,0.8,0.2,500,1.0,0.6221,0.65955,0.0201,1.02636,0.83595,0.08623,,0.01178,0.0684,0.65
6,47,hybrid,HYBRID_ALPHA0.9_BETA0.1,0.9,0.1,500,1.0,0.62267,0.66013,0.02078,0.99816,0.82354,0.08716,,0.01129,0.07361,0.7
6,47,hybrid,HYBRID_ALPHA0.1_BETA0.9,0.1,0.9,500,0.0,0.63183,0.65903,0.02093,2.02504,1.25355,0.13321,,0.01052,0.1243,0.725
6,47,hybrid,HYBRID_ALPHA0.2_BETA0.8,0.2,0.8,500,0.0,0.62849,0.65858,0.02084,1.96157,1.22767,0.13359,,0.01071,0.12991,0.7
6,47,hybrid,HYBRID_ALPHA0.3_BETA0.7,0.3,0.7,500,0.0,0.62323,0.65531,0.02083,0.89846,0.77043,0.05135,,0.0085,0.05279,0.7
6,47,hybrid,HYBRID_ALPHA0.4_BETA0.6,0.4,0.6,500,0.0,0.61683,0.65147,0.01996,0.89166,0.76885,0.05408,,0.00819,0.05322,0.7
6,47,hybrid,HYBRID_ALPHA0.5_BETA0.5,0.5,0.5,500,0.0,0.62027,0.65728,0.01916,0.88981,0.76779,0.0552,,0.00836,0.05568,0.7
6,47,hybrid,HYBRID_ALPHA0.6_BETA0.4,0.6,0.4,500,0.0,0.62135,0.6592,0.01917,1.54699,1.06233,0.1345,,0.01018,0.11757,0.725
6,47,hybrid,HYBRID_ALPHA0.7_BETA0.3,0.7,0.3,500,0.0,0.6203,0.65796,0.0194,1.66364,1.10738,0.13433,,0.0102,0.12986,0.7
6,47,hybrid,HYBRID_ALPHA0.8_BETA0.2,0.8,0.2,500,0.0,0.6221,0.65955,0.0201,1.58734,1.07915,0.12358,,0.0106,0.12237,0.7
6,47,hybrid,HYBRID_ALPHA0.9_BETA0.1,0.9,0.1,500,0.0,0.62267,0.66013,0.02078,1.41193,1.00751,0.12196,,0.01036,0.12064,0.75
6,47,mse,MSE,1.0,0.0,50,1.0,0.74834,0.75412,0.03096,0.82388,0.70382,0.064,,0.0109,0.03164,0.575
6,47,mse,MSE,1.0,0.0,50,0.0,0.74834,0.75412,0.03096,1.04981,0.85033,0.10314,,0.01081,0.0608,0.65
6,47,mse,MSE,1.0,0.0,100,1.0,0.67595,0.65536,0.06519,1.11062,0.89512,0.06761,,0.01008,0.08912,0.7
6,47,mse,MSE,1.0,0.0,100,0.0,0.67595,0.65536,0.06519,1.042,0.83389,0.08507,,0.01086,0.07871,0.7
6,47,mse,MSE,1.0,0.0,300,1.0,0.71033,0.70925,0.03171,1.0215,0.83473,0.0871,,0.01118,0.06968,0.75
6,47,mse,MSE,1.0,0.0,300,0.0,0.71033,0.70925,0.03171,1.45271,1.02448,0.12547,,0.01016,0.11676,0.7
6,47,mse,MSE,1.0,0.0,500,1.0,0.62253,0.66171,0.02118,0.92735,0.79133,0.05906,,0.00733,0.06497,0.75
6,47,mse,MSE,1.0,0.0,500,0.0,0.62253,0.66171,0.02118,0.87359,0.73104,0.06243,,0.0073,0.04795,0.7
7,48,hsic,HSIC,0.0,1.0,50,1.0,0.98932,0.75118,0.1554,1.22253,0.91749,0.15391,,0.00826,0.14335,0.825
7,48,hsic,HSIC,0.0,1.0,50,0.0,0.98932,0.75118,0.1554,2.29839,1.3474,0.15496,,0.00821,0.22408,0.8
7,48,hsic,HSIC,0.0,1.0,100,1.0,0.73327,0.66379,0.06825,1.34602,0.97872,0.15155,,0.00805,0.27921,0.925
7,48,hsic,HSIC,0.0,1.0,100,0.0,0.73327,0.66379,0.06825,2.6329,1.45935,0.14981,,0.00792,0.30816,0.85
7,48,hsic,HSIC,0.0,1.0,300,1.0,0.86427,0.7009,0.13774,1.213,0.9186,0.1513,,0.00855,0.26989,0.875
7,48,hsic,HSIC,0.0,1.0,300,0.0,0.86427,0.7009,0.13774,2.44612,1.39697,0.15479,,0.00868,0.3024,0.825
7,48,hsic,HSIC,0.0,1.0,500,1.0,0.62474,0.54427,0.02033,1.15604,0.88768,0.15186,,0.00858,0.35321,0.9
7,48,hsic,HSIC,0.0,1.0,500,0.0,0.62474,0.54427,0.02033,2.31317,1.3519,0.15329,,0.00857,0.37726,0.925
7,48,hybrid,HYBRID_ALPHA0.1_BETA0.9,0.1,0.9,50,1.0,0.94817,0.73505,0.15153,1.19209,0.9283,0.06846,,0.01044,0.05548,0.725
7,48,hybrid,HYBRID_ALPHA0.2_BETA0.8,0.2,0.8,50,1.0,0.68487,0.64829,0.07876,1.14527,0.91434,0.06971,,0.01391,0.04654,0.75
7,48,hybrid,HYBRID_ALPHA0.3_BETA0.7,0.3,0.7,50,1.0,0.96617,0.75024,0.18274,1.17167,0.92673,0.07026,,0.01383,0.05527,0.7
7,48,hybrid,HYBRID_ALPHA0.4_BETA0.6,0.4,0.6,50,1.0,0.6696,0.64007,0.0778,1.07067,0.8626,0.08143,,0.01309,0.05842,0.75
7,48,hybrid,HYBRID_ALPHA0.5_BETA0.5,0.5,0.5,50,1.0,0.797,0.67697,0.07936,1.06369,0.85761,0.08203,,0.01289,0.05929,0.725
7,48,hybrid,HYBRID_ALPHA0.6_BETA0.4,0.6,0.4,50,1.0,0.70307,0.65815,0.06109,1.0522,0.85333,0.07896,,0.01286,0.05387,0.75
7,48,hybrid,HYBRID_ALPHA0.7_BETA0.3,0.7,0.3,50,1.0,0.74624,0.63677,0.09995,1.06776,0.85938,0.08385,,0.01295,0.0608,0.75
7,48,hybrid,HYBRID_ALPHA0.8_BETA0.2,0.8,0.2,50,1.0,0.75476,0.66102,0.07766,1.11387,0.88126,0.13727,,0.00944,0.08971,0.675
7,48,hybrid,HYBRID_ALPHA0.9_BETA0.1,0.9,0.1,50,1.0,0.70172,0.62292,0.06026,1.10892,0.87673,0.14063,,0.00931,0.09497,0.65
7,48,hybrid,HYBRID_ALPHA0.1_BETA0.9,0.1,0.9,50,0.0,0.94817,0.73505,0.15153,1.53073,1.05751,0.12529,,0.01007,0.10068,0.625
7,48,hybrid,HYBRID_ALPHA0.2_BETA0.8,0.2,0.8,50,0.0,0.68487,0.64829,0.07876,1.45644,1.02384,0.12294,,0.01288,0.0888,0.55
7,48,hybrid,HYBRID_ALPHA0.3_BETA0.7,0.3,0.7,50,0.0,0.96617,0.75024,0.18274,1.4142,1.00665,0.12205,,0.0129,0.08946,0.65
7,48,hybrid,HYBRID_ALPHA0.4_BETA0.6,0.4,0.6,50,0.0,0.6696,0.64007,0.0778,1.26179,0.94315,0.10063,,0.0102,0.09116,0.675
7,48,hybrid,HYBRID_ALPHA0.5_BETA0.5,0.5,0.5,50,0.0,0.797,0.67697,0.07936,1.29893,0.95829,0.10861,,0.0105,0.09857,0.675
7,48,hybrid,HYBRID_ALPHA0.6_BETA0.4,0.6,0.4,50,0.0,0.70307,0.65815,0.06109,1.32927,0.97068,0.11155,,0.01078,0.09814,0.65
7,48,hybrid,HYBRID_ALPHA0.7_BETA0.3,0.7,0.3,50,0.0,0.74624,0.63677,0.09995,1.40747,1.00428,0.11318,,0.01011,0.11581,0.675
7,48,hybrid,HYBRID_ALPHA0.8_BETA0.2,0.8,0.2,50,0.0,0.75476,0.66102,0.07766,1.96452,1.22524,0.14658,,0.00854,0.1906,0.8
7,48,hybrid,HYBRID_ALPHA0.9_BETA0.1,0.9,0.1,50,0.0,0.70172,0.62292,0.06026,1.96236,1.22607,0.15017,,0.00877,0.19258,0.775
7,48,hybrid,HYBRID_ALPHA0.1_BETA0.9,0.1,0.9,100,1.0,0.74311,0.74121,0.03163,1.98363,1.2432,0.11775,,0.00878,0.03829,0.65
7,48,hybrid,HYBRID_ALPHA0.2_BETA0.8,0.2,0.8,100,1.0,0.7715,0.75178,0.04534,1.14239,0.72167,0.05173,,0.00894,0.02064,0.6
7,48,hybrid,HYBRID_ALPHA0.3_BETA0.7,0.3,0.7,100,1.0,0.78867,0.75379,0.06838,1.19441,0.73801,0.05388,,0.00844,0.02186,0.6
7,48,hybrid,HYBRID_ALPHA0.4_BETA0.6,0.4,0.6,100,1.0,0.74534,0.72946,0.06317,1.09407,0.72476,0.05162,,0.00807,0.02056,0.65
7,48,hybrid,HYBRID_ALPHA0.5_BETA0.5,0.5,0.5,100,1.0,0.78693,0.75166,0.09002,1.05087,0.72281,0.0528,,0.00763,0.02086,0.6
7,48,hybrid,HYBRID_ALPHA0.6_BETA0.4,0.6,0.4,100,1.0,0.82925,0.77722,0.11936,1.03974,0.7213,0.04813,,0.00699,0.02007,0.6
7,48,hybrid,HYBRID_ALPHA0.7_BETA0.3,0.7,0.3,100,1.0,0.81612,0.75584,0.13161,1.01808,0.72117,0.04869,,0.0064,0.02026,0.6
7,48,hybrid,HYBRID_ALPHA0.8_BETA0.2,0.8,0.2,100,1.0,0.81603,0.75768,0.14143,0.97443,0.72614,0.05297,,0.0059,0.02122,0.65
7,48,hybrid,HYBRID_ALPHA0.9_BETA0.1,0.9,0.1,100,1.0,0.81126,0.75604,0.14776,0.9451,0.7359,0.07026,,0.00616,0.02283,0.65
7,48,hybrid,HYBRID_ALPHA0.1_BETA0.9,0.1,0.9,100,0.0,0.74311,0.74121,0.03163,2.60788,1.4594,0.1329,,0.00888,0.06865,0.625
7,48,hybrid,HYBRID_ALPHA0.2_BETA0.8,0.2,0.8,100,0.0,0.7715,0.75178,0.04534,1.23831,0.7438,0.05259,,0.00837,0.02159,0.625
7,48,hybrid,HYBRID_ALPHA0.3_BETA0.7,0.3,0.7,100,0.0,0.78867,0.75379,0.06838,1.43605,0.79609,0.05788,,0.0088,0.02286,0.6
7,48,hybrid,HYBRID_ALPHA0.4_BETA0.6,0.4,0.6,100,0.0,0.74534,0.72946,0.06317,1.24842,0.74903,0.05343,,0.00786,0.0214,0.625
7,48,hybrid,HYBRID_ALPHA0.5_BETA0.5,0.5,0.5,100,0.0,0.78693,0.75166,0.09002,1.20871,0.74496,0.05411,,0.00742,0.02122,0.7
7,48,hybrid,HYBRID_ALPHA0.6_BETA0.4,0.6,0.4,100,0.0,0.82925,0.77722,0.11936,1.16106,0.7379,0.0498,,0.00663,0.02044,0.7
7,48,hybrid,HYBRID_ALPHA0.7_BETA0.3,0.7,0.3,100,0.0,0.81612,0.75584,0.13161,1.10545,0.73184,0.05103,,0.00606,0.02009,0.55
7,48,hybrid,HYBRID_ALPHA0.8_BETA0.2,0.8,0.2,100,0.0,0.81603,0.75768,0.14143,1.03991,0.72818,0.05546,,0.00565,0.02021,0.625
7,48,hybrid,HYBRID_ALPHA0.9_BETA0.1,0.9,0.1,100,0.0,0.81126,0.75604,0.14776,0.98349,0.73712,0.07438,,0.00609,0.02228,0.675
7,48,hybrid,HYBRID_ALPHA0.1_BETA0.9,0.1,0.9,300,1.0,0.78913,0.73115,0.10071,1.0028,0.84386,0.03502,,0.0073,0.04655,0.675
7,48,hybrid,HYBRID_ALPHA0.2_BETA0.8,0.2,0.8,300,1.0,0.75442,0.71385,0.09195,0.92888,0.78678,0.03549,,0.0073,0.04801,0.7
7,48,hybrid,HYBRID_ALPHA0.3_BETA0.7,0.3,0.7,300,1.0,0.72794,0.70086,0.08334,0.89774,0.76184,0.03519,,0.00681,0.04848,0.75
7,48,hybrid,HYBRID_ALPHA0.4_BETA0.6,0.4,0.6,300,1.0,0.8439,0.72973,0.14027,0.90462,0.76993,0.0356,,0.00666,0.05018,0.725
7,48,hybrid,HYBRID_ALPHA0.5_BETA0.5,0.5,0.5,300,1.0,0.70093,0.69095,0.0732,0.89849,0.76715,0.03776,,0.00634,0.0514,0.675
7,48,hybrid,HYBRID_ALPHA0.6_BETA0.4,0.6,0.4,300,1.0,0.6825,0.68585,0.06571,0.89958,0.7702,0.04018,,0.00622,0.05254,0.725
7,48,hybrid,HYBRID_ALPHA0.7_BETA0.3,0.7,0.3,300,1.0,0.67123,0.6844,0.06183,0.90334,0.77453,0.04284,,0.00617,0.05648,0.725
7,48,hybrid,HYBRID_ALPHA0.8_BETA0.2,0.8,0.2,300,1.0,0.66665,0.68576,0.0606,0.92529,0.79212,0.04945,,0.00605,0.06117,0.75
7,48,hybrid,HYBRID_ALPHA0.9_BETA0.1,0.9,0.1,300,1.0,0.66609,0.68781,0.06081,0.97821,0.82337,0.07041,,0.0061,0.06699,0.7
7,48,hybrid,HYBRID_ALPHA0.1_BETA0.9,0.1,0.9,300,0.0,0.78913,0.73115,0.10071,0.87908,0.74337,0.03586,,0.00693,0.03119,0.6
7,48,hybrid,HYBRID_ALPHA0.2_BETA0.8,0.2,0.8,300,0.0,0.75442,0.71385,0.09195,0.86224,0.70962,0.03641,,0.00688,0.03174,0.6
7,48,hybrid,HYBRID_ALPHA0.3_BETA0.7,0.3,0.7,300,0.0,0.72794,0.70086,0.08334,0.86128,0.70148,0.03967,,0.0064,0.03163,0.6
7,48,hybrid,HYBRID_ALPHA0.4_BETA0.6,0.4,0.6,300,0.0,0.8439,0.72973,0.14027,0.86022,0.70199,0.04155,,0.00627,0.03115,0.625
7,48,hybrid,HYBRID_ALPHA0.5_BETA0.5,0.5,0.5,300,0.0,0.70093,0.69095,0.0732,0.8667,0.70184,0.0481,,0.00609,0.03138,0.55
7,48,hybrid,HYBRID_ALPHA0.6_BETA0.4,0.6,0.4,300,0.0,0.6825,0.68585,0.06571,0.87138,0.7031,0.05158,,0.00604,0.03159,0.525
7,48,hybrid,HYBRID_ALPHA0.7_BETA0.3,0.7,0.3,300,0.0,0.67123,0.6844,0.06183,0.87553,0.69562,0.0516,,0.00599,0.03097,0.525
7,48,hybrid,HYBRID_ALPHA0.8_BETA0.2,0.8,0.2,300,0.0,0.66665,0.68576,0.0606,0.88189,0.69973,0.05797,,0.00598,0.03135,0.525
7,48,hybrid,HYBRID_ALPHA0.9_BETA0.1,0.9,0.1,300,0.0,0.66609,0.68781,0.06081,0.9025,0.72572,0.08097,,0.00625,0.03467,0.65
7,48,hybrid,HYBRID_ALPHA0.1_BETA0.9,0.1,0.9,500,1.0,0.61501,0.63076,0.02183,1.1589,0.89803,0.10287,,0.01157,0.05188,0.625
7,48,hybrid,HYBRID_ALPHA0.2_BETA0.8,0.2,0.8,500,1.0,0.62174,0.63265,0.0222,1.07737,0.85807,0.09581,,0.01293,0.05377,0.6
7,48,hybrid,HYBRID_ALPHA0.3_BETA0.7,0.3,0.7,500,1.0,0.62268,0.63053,0.02103,0.94966,0.80088,0.04553,,0.00653,0.05302,0.675
7,48,hybrid,HYBRID_ALPHA0.4_BETA0.6,0.4,0.6,500,1.0,0.62861,0.63498,0.02094,0.97155,0.80986,0.06662,,0.01097,0.05452,0.675
7,48,hybrid,HYBRID_ALPHA0.5_BETA0.5,0.5,0.5,500,1.0,0.62769,0.63055,0.02143,0.98601,0.81439,0.08278,,0.01229,0.05678,0.625
7,48,hybrid,HYBRID_ALPHA0.6_BETA0.4,0.6,0.4,500,1.0,0.64028,0.63715,0.02068,0.96575,0.80269,0.08952,,0.01248,0.05638,0.6
7,48,hybrid,HYBRID_ALPHA0.7_BETA0.3,0.7,0.3,500,1.0,0.63372,0.6336,0.02077,0.95685,0.79836,0.09224,,0.01234,0.05689,0.625
7,48,hybrid,HYBRID_ALPHA0.8_BETA0.2,0.8,0.2,500,1.0,0.63512,0.63324,0.02259,0.95171,0.79669,0.09509,,0.0122,0.05721,0.65
7,48,hybrid,HYBRID_ALPHA0.9_BETA0.1,0.9,0.1,500,1.0,0.63244,0.62986,0.02284,0.94198,0.79192,0.09857,,0.01207,0.05766,0.675
7,48,hybrid,HYBRID_ALPHA0.1_BETA0.9,0.1,0.9,500,0.0,0.61501,0.63076,0.02183,1.94966,1.22199,0.1354,,0.00983,0.1078,0.65
7,48,hybrid,HYBRID_ALPHA0.2_BETA0.8,0.2,0.8,500,0.0,0.62174,0.63265,0.0222,1.67065,1.11137,0.12861,,0.01059,0.09809,0.65
7,48,hybrid,HYBRID_ALPHA0.3_BETA0.7,0.3,0.7,500,0.0,0.62268,0.63053,0.02103,0.93435,0.79032,0.06284,,0.00631,0.04619,0.575
7,48,hybrid,HYBRID_ALPHA0.4_BETA0.6,0.4,0.6,500,0.0,0.62861,0.63498,0.02094,1.08381,0.86929,0.10814,,0.01021,0.06449,0.6
7,48,hybrid,HYBRID_ALPHA0.5_BETA0.5,0.5,0.5,500,0.0,0.62769,0.63055,0.02143,1.15166,0.89936,0.12174,,0.01091,0.0729,0.6
7,48,hybrid,HYBRID_ALPHA0.6_BETA0.4,0.6,0.4,500,0.0,0.64028,0.63715,0.02068,1.18841,0.91563,0.12722,,0.01086,0.07929,0.6
7,48,hybrid,HYBRID_ALPHA0.7_BETA0.3,0.7,0.3,500,0.0,0.63372,0.6336,0.02077,1.22813,0.93318,0.12875,,0.01076,0.08599,0.575
7,48,hybrid,HYBRID_ALPHA0.8_BETA0.2,0.8,0.2,500,0.0,0.63512,0.63324,0.02259,1.29798,0.96332,0.13048,,0.01064,0.09407,0.675
7,48,hybrid,HYBRID_ALPHA0.9_BETA0.1,0.9,0.1,500,0.0,0.63244,0.62986,0.02284,1.3562,0.98747,0.13271,,0.01052,0.10098,0.7
7,48,mse,MSE,1.0,0.0,50,1.0,0.69439,0.64028,0.05036,1.08611,0.86188,0.10227,,0.01276,0.06503,0.6
7,48,mse,MSE,1.0,0.0,50,0.0,0.69439,0.64028,0.05036,1.51305,1.04148,0.13519,,0.01079,0.126,0.65
7,48,mse,MSE,1.0,0.0,100,1.0,0.81146,0.7583,0.15473,0.98933,0.79814,0.12571,,0.00837,0.03713,0.625
7,48,mse,MSE,1.0,0.0,100,0.0,0.81146,0.7583,0.15473,1.11293,0.87188,0.13366,,0.00825,0.05857,0.625
7,48,mse,MSE,1.0,0.0,300,1.0,0.6605,0.68534,0.05838,1.12791,0.89396,0.11091,,0.00674,0.08357,0.6
7,48,mse,MSE,1.0,0.0,300,0.0,0.6605,0.68534,0.05838,0.96001,0.77328,0.1163,,0.00692,0.04137,0.675
7,48,mse,MSE,1.0,0.0,500,1.0,0.63234,0.62965,0.0227,1.04092,0.84602,0.09298,,0.01078,0.07299,0.7
7,48,mse,MSE,1.0,0.0,500,0.0,0.63234,0.62965,0.0227,1.29839,0.96476,0.12168,,0.00993,0.10231,0.625
8,49,hsic,HSIC,0.0,1.0,50,1.0,0.77586,0.70037,0.08769,2.57365,1.33937,0.37173,,0.03827,0.21609,0.775
8,49,hsic,HSIC,0.0,1.0,50,0.0,0.77586,0.70037,0.08769,2.69791,1.21664,0.37673,,0.03864,0.25994,0.85
8,49,hsic,HSIC,0.0,1.0,100,1.0,0.72393,0.58116,0.02937,2.51109,1.22881,0.1055,,0.01184,0.22034,0.775
8,49,hsic,HSIC,0.0,1.0,100,0.0,0.72393,0.58116,0.02937,1.51686,0.84869,0.06074,,0.00816,0.24935,0.8
8,49,hsic,HSIC,0.0,1.0,300,1.0,0.66093,0.56509,0.02125,2.40887,1.2333,0.08372,,0.0108,0.26671,0.825
8,49,hsic,HSIC,0.0,1.0,300,0.0,0.66093,0.56509,0.02125,8.32337,2.38227,0.3321,,0.0386,0.24461,0.775
8,49,hsic,HSIC,0.0,1.0,500,1.0,0.60449,0.54692,0.0262,1.62267,1.09741,0.13678,,0.00879,0.37401,0.875
8,49,hsic,HSIC,0.0,1.0,500,0.0,0.60449,0.54692,0.0262,3.30279,1.66765,0.13701,,0.00893,0.39439,0.925
8,49,hybrid,HYBRID_ALPHA0.1_BETA0.9,0.1,0.9,50,1.0,0.77524,0.71067,0.0915,1.44979,1.04887,0.06843,,0.01141,0.10184,0.7
8,49,hybrid,HYBRID_ALPHA0.2_BETA0.8,0.2,0.8,50,1.0,0.76474,0.70127,0.08653,1.29903,0.97565,0.08502,,0.01321,0.0814,0.675
8,49,hybrid,HYBRID_ALPHA0.3_BETA0.7,0.3,0.7,50,1.0,0.64299,0.65536,0.04489,1.18851,0.92164,0.08191,,0.01284,0.08841,0.725
8,49,hybrid,HYBRID_ALPHA0.4_BETA0.6,0.4,0.6,50,1.0,0.63502,0.66378,0.04974,1.11067,0.87842,0.08288,,0.01247,0.09569,0.65
8,49,hybrid,HYBRID_ALPHA0.5_BETA0.5,0.5,0.5,50,1.0,0.64432,0.67234,0.0394,1.02424,0.83562,0.08125,,0.01257,0.07338,0.75
8,49,hybrid,HYBRID_ALPHA0.6_BETA0.4,0.6,0.4,50,1.0,0.64761,0.67378,0.03363,0.97122,0.80615,0.08192,,0.01259,0.07018,0.75
8,49,hybrid,HYBRID_ALPHA0.7_BETA0.3,0.7,0.3,50,1.0,0.66462,0.68403,0.02749,0.90761,0.76514,0.08676,,0.01274,0.06594,0.75
8,49,hybrid,HYBRID_ALPHA0.8_BETA0.2,0.8,0.2,50,1.0,0.67607,0.68665,0.0276,0.88369,0.74799,0.08938,,0.01271,0.06411,0.725
8,49,hybrid,HYBRID_ALPHA0.9_BETA0.1,0.9,0.1,50,1.0,0.69432,0.70167,0.02897,0.86878,0.73449,0.09257,,0.01242,0.06426,0.675
8,49,hybrid,HYBRID_ALPHA0.1_BETA0.9,0.1,0.9,50,0.0,0.77524,0.71067,0.0915,1.61977,1.11482,0.08667,,0.0112,0.11697,0.675
8,49,hybrid,HYBRID_ALPHA0.2_BETA0.8,0.2,0.8,50,0.0,0.76474,0.70127,0.08653,1.71475,1.13616,0.11407,,0.01228,0.11955,0.7
8,49,hybrid,HYBRID_ALPHA0.3_BETA0.7,0.3,0.7,50,0.0,0.64299,0.65536,0.04489,1.48882,1.04504,0.10992,,0.01163,0.12223,0.675
8,49,hybrid,HYBRID_ALPHA0.4_BETA0.6,0.4,0.6,50,0.0,0.63502,0.66378,0.04974,1.37782,0.99761,0.10873,,0.01131,0.13127,0.675
8,49,hybrid,HYBRID_ALPHA0.5_BETA0.5,0.5,0.5,50,0.0,0.64432,0.67234,0.0394,1.43974,1.01965,0.11805,,0.01079,0.12003,0.65
8,49,hybrid,HYBRID_ALPHA0.6_BETA0.4,0.6,0.4,50,0.0,0.64761,0.67378,0.03363,1.37591,0.99244,0.1205,,0.01071,0.11787,0.65
8,49,hybrid,HYBRID_ALPHA0.7_BETA0.3,0.7,0.3,50,0.0,0.66462,0.68403,0.02749,1.3171,0.97082,0.12772,,0.01064,0.11834,0.675
8,49,hybrid,HYBRID_ALPHA0.8_BETA0.2,0.8,0.2,50,0.0,0.67607,0.68665,0.0276,1.28812,0.95946,0.12992,,0.01062,0.11865,0.675
8,49,hybrid,HYBRID_ALPHA0.9_BETA0.1,0.9,0.1,50,0.0,0.69432,0.70167,0.02897,1.27447,0.95456,0.13159,,0.01043,0.12386,0.7
8,49,hybrid,HYBRID_ALPHA0.1_BETA0.9,0.1,0.9,100,1.0,0.5752,0.58729,0.0252,1.24542,0.94437,0.08482,,0.01233,0.08027,0.7
8,49,hybrid,HYBRID_ALPHA0.2_BETA0.8,0.2,0.8,100,1.0,0.57518,0.585,0.02836,1.12431,0.89714,0.0705,,0.01276,0.07416,0.7
8,49,hybrid,HYBRID_ALPHA0.3_BETA0.7,0.3,0.7,100,1.0,0.576,0.59263,0.02685,1.13807,0.89766,0.08108,,0.01318,0.08295,0.675
8,49,hybrid,HYBRID_ALPHA0.4_BETA0.6,0.4,0.6,100,1.0,0.57529,0.59816,0.02724,1.01383,0.83657,0.06626,,0.01215,0.07204,0.7
8,49,hybrid,HYBRID_ALPHA0.5_BETA0.5,0.5,0.5,100,1.0,0.5726,0.59063,0.02498,0.99155,0.82346,0.06308,,0.01137,0.07372,0.725
8,49,hybrid,HYBRID_ALPHA0.6_BETA0.4,0.6,0.4,100,1.0,0.57499,0.5911,0.02578,0.99973,0.82858,0.06226,,0.01108,0.07805,0.675
8,49,hybrid,HYBRID_ALPHA0.7_BETA0.3,0.7,0.3,100,1.0,0.57387,0.58835,0.02665,0.88911,0.75974,0.03961,,0.00749,0.06797,0.7
8,49,hybrid,HYBRID_ALPHA0.8_BETA0.2,0.8,0.2,100,1.0,0.5754,0.59293,0.03003,0.89591,0.76623,0.0407,,0.00731,0.0695,0.7
8,49,hybrid,HYBRID_ALPHA0.9_BETA0.1,0.9,0.1,100,1.0,0.57791,0.59451,0.03251,0.9877,0.82412,0.05932,,0.00906,0.08305,0.675
8,49,hybrid,HYBRID_ALPHA0.1_BETA0.9,0.1,0.9,100,0.0,0.5752,0.58729,0.0252,1.65502,1.10939,0.12209,,0.01042,0.10742,0.65
8,49,hybrid,HYBRID_ALPHA0.2_BETA0.8,0.2,0.8,100,0.0,0.57518,0.585,0.02836,1.50006,1.05043,0.10089,,0.01066,0.10293,0.675
8,49,hybrid,HYBRID_ALPHA0.3_BETA0.7,0.3,0.7,100,0.0,0.576,0.59263,0.02685,1.44211,1.02154,0.11572,,0.01137,0.10801,0.675
8,49,hybrid,HYBRID_ALPHA0.4_BETA0.6,0.4,0.6,100,0.0,0.57529,0.59816,0.02724,1.43842,1.02216,0.1047,,0.01055,0.11074,0.65
8,49,hybrid,HYBRID_ALPHA0.5_BETA0.5,0.5,0.5,100,0.0,0.5726,0.59063,0.02498,1.44224,1.02601,0.10569,,0.01018,0.1194,0.65
8,49,hybrid,HYBRID_ALPHA0.6_BETA0.4,0.6,0.4,100,0.0,0.57499,0.5911,0.02578,1.42772,1.02042,0.10467,,0.0101,0.12281,0.7
8,49,hybrid,HYBRID_ALPHA0.7_BETA0.3,0.7,0.3,100,0.0,0.57387,0.58835,0.02665,0.92365,0.78883,0.04497,,0.00644,0.07264,0.7
8,49,hybrid,HYBRID_ALPHA0.8_BETA0.2,0.8,0.2,100,0.0,0.5754,0.59293,0.03003,0.91473,0.7847,0.04907,,0.00649,0.07046,0.675
8,49,hybrid,HYBRID_ALPHA0.9_BETA0.1,0.9,0.1,100,0.0,0.57791,0.59451,0.03251,1.08758,0.87228,0.08578,,0.00893,0.09336,0.7
8,49,hybrid,HYBRID_ALPHA0.1_BETA0.9,0.1,0.9,300,1.0,0.60553,0.63421,0.02315,1.21827,0.94818,0.04056,,0.00665,0.0623,0.7
8,49,hybrid,HYBRID_ALPHA0.2_BETA0.8,0.2,0.8,300,1.0,0.59678,0.62552,0.02537,1.13366,0.90422,0.04122,,0.00609,0.0619,0.675
8,49,hybrid,HYBRID_ALPHA0.3_BETA0.7,0.3,0.7,300,1.0,0.59658,0.62659,0.02399,1.20015,0.93344,0.05195,,0.00604,0.07502,0.75
8,49,hybrid,HYBRID_ALPHA0.4_BETA0.6,0.4,0.6,300,1.0,0.5874,0.62495,0.02401,1.11367,0.89039,0.04837,,0.00589,0.07015,0.7
8,49,hybrid,HYBRID_ALPHA0.5_BETA0.5,0.5,0.5,300,1.0,0.5839,0.62493,0.0227,0.94344,0.79131,0.04369,,0.00657,0.05951,0.725
8,49,hybrid,HYBRID_ALPHA0.6_BETA0.4,0.6,0.4,300,1.0,0.58718,0.62624,0.02323,0.95185,0.79747,0.04376,,0.00659,0.06541,0.8
8,49,hybrid,HYBRID_ALPHA0.7_BETA0.3,0.7,0.3,300,1.0,0.57616,0.62271,0.02102,0.95372,0.80534,0.04473,,0.00595,0.06317,0.725
8,49,hybrid,HYBRID_ALPHA0.8_BETA0.2,0.8,0.2,300,1.0,0.57506,0.62369,0.01862,0.96321,0.80633,0.04467,,0.00639,0.06658,0.725
8,49,hybrid,HYBRID_ALPHA0.9_BETA0.1,0.9,0.1,300,1.0,0.57703,0.61457,0.01677,0.96094,0.80776,0.04636,,0.00609,0.0659,0.725
8,49,hybrid,HYBRID_ALPHA0.1_BETA0.9,0.1,0.9,300,0.0,0.60553,0.63421,0.02315,1.03052,0.84769,0.04552,,0.00565,0.04345,0.575
8,49,hybrid,HYBRID_ALPHA0.2_BETA0.8,0.2,0.8,300,0.0,0.59678,0.62552,0.02537,0.98265,0.82391,0.04551,,0.00529,0.04353,0.65
8,49,hybrid,HYBRID_ALPHA0.3_BETA0.7,0.3,0.7,300,0.0,0.59658,0.62659,0.02399,0.94798,0.79951,0.04192,,0.00507,0.04275,0.65
8,49,hybrid,HYBRID_ALPHA0.4_BETA0.6,0.4,0.6,300,0.0,0.5874,0.62495,0.02401,0.95286,0.8049,0.04783,,0.00501,0.04573,0.65
8,49,hybrid,HYBRID_ALPHA0.5_BETA0.5,0.5,0.5,300,0.0,0.5839,0.62493,0.0227,0.88431,0.74088,0.04846,,0.00545,0.04107,0.6
8,49,hybrid,HYBRID_ALPHA0.6_BETA0.4,0.6,0.4,300,0.0,0.58718,0.62624,0.02323,0.87163,0.71132,0.04405,,0.0059,0.03723,0.575
8,49,hybrid,HYBRID_ALPHA0.7_BETA0.3,0.7,0.3,300,0.0,0.57616,0.62271,0.02102,0.89137,0.74629,0.05983,,0.00566,0.04217,0.625
8,49,hybrid,HYBRID_ALPHA0.8_BETA0.2,0.8,0.2,300,0.0,0.57506,0.62369,0.01862,0.87316,0.71669,0.04603,,0.00577,0.03763,0.625
8,49,hybrid,HYBRID_ALPHA0.9_BETA0.1,0.9,0.1,300,0.0,0.57703,0.61457,0.01677,0.87684,0.72239,0.04969,,0.00552,0.03849,0.6
8,49,hybrid,HYBRID_ALPHA0.1_BETA0.9,0.1,0.9,500,1.0,0.62692,0.65499,0.02369,1.8201,1.18246,0.10045,,0.01186,0.07073,0.7
8,49,hybrid,HYBRID_ALPHA0.2_BETA0.8,0.2,0.8,500,1.0,0.61861,0.64715,0.02352,1.51409,1.06304,0.10126,,0.01312,0.07014,0.675
8,49,hybrid,HYBRID_ALPHA0.3_BETA0.7,0.3,0.7,500,1.0,0.61844,0.64632,0.02403,1.44166,1.03308,0.098,,0.01314,0.06614,0.625
8,49,hybrid,HYBRID_ALPHA0.4_BETA0.6,0.4,0.6,500,1.0,0.60969,0.63967,0.02565,1.37466,1.00466,0.09546,,0.01318,0.06354,0.65
8,49,hybrid,HYBRID_ALPHA0.5_BETA0.5,0.5,0.5,500,1.0,0.61241,0.64157,0.02854,1.30106,0.96878,0.09565,,0.0131,0.06477,0.625
8,49,hybrid,HYBRID_ALPHA0.6_BETA0.4,0.6,0.4,500,1.0,0.60926,0.63846,0.02943,0.88115,0.75256,0.0342,,0.0065,0.04727,0.75
8,49,hybrid,HYBRID_ALPHA0.7_BETA0.3,0.7,0.3,500,1.0,0.60623,0.63675,0.0312,0.9389,0.78535,0.0378,,0.00553,0.04725,0.7
8,49,hybrid,HYBRID_ALPHA0.8_BETA0.2,0.8,0.2,500,1.0,0.60641,0.63574,0.03384,0.94195,0.79755,0.03803,,0.00597,0.06264,0.7
8,49,hybrid,HYBRID_ALPHA0.9_BETA0.1,0.9,0.1,500,1.0,0.61102,0.63975,0.03702,0.98982,0.83038,0.04648,,0.00547,0.07199,0.675
8,49,hybrid,HYBRID_ALPHA0.1_BETA0.9,0.1,0.9,500,0.0,0.62692,0.65499,0.02369,2.44204,1.40257,0.13131,,0.01034,0.10303,0.725
8,49,hybrid,HYBRID_ALPHA0.2_BETA0.8,0.2,0.8,500,0.0,0.61861,0.64715,0.02352,2.29947,1.34745,0.13615,,0.0108,0.11258,0.625
8,49,hybrid,HYBRID_ALPHA0.3_BETA0.7,0.3,0.7,500,0.0,0.61844,0.64632,0.02403,2.32317,1.35633,0.1329,,0.01084,0.11274,0.6
8,49,hybrid,HYBRID_ALPHA0.4_BETA0.6,0.4,0.6,500,0.0,0.60969,0.63967,0.02565,2.34264,1.36388,0.13057,,0.01095,0.11392,0.625
8,49,hybrid,HYBRID_ALPHA0.5_BETA0.5,0.5,0.5,500,0.0,0.61241,0.64157,0.02854,2.05603,1.26116,0.13004,,0.01092,0.10927,0.7
8,49,hybrid,HYBRID_ALPHA0.6_BETA0.4,0.6,0.4,500,0.0,0.60926,0.63846,0.02943,0.88068,0.75286,0.03416,,0.00633,0.04757,0.75
8,49,hybrid,HYBRID_ALPHA0.7_BETA0.3,0.7,0.3,500,0.0,0.60623,0.63675,0.0312,0.97008,0.79494,0.04034,,0.00455,0.04626,0.675
8,49,hybrid,HYBRID_ALPHA0.8_BETA0.2,0.8,0.2,500,0.0,0.60641,0.63574,0.03384,0.87338,0.72412,0.03942,,0.00595,0.04225,0.65
8,49,hybrid,HYBRID_ALPHA0.9_BETA0.1,0.9,0.1,500,0.0,0.61102,0.63975,0.03702,0.88753,0.73459,0.0471,,0.00544,0.04352,0.65
8,49,mse,MSE,1.0,0.0,50,1.0,0.72455,0.72409,0.03525,0.87292,0.73663,0.09777,,0.01199,0.06574,0.75
8,49,mse,MSE,1.0,0.0,50,0.0,0.72455,0.72409,0.03525,1.34885,0.98633,0.13466,,0.01015,0.13377,0.7
8,49,mse,MSE,1.0,0.0,100,1.0,0.58339,0.60308,0.04438,1.0489,0.85351,0.0717,,0.00939,0.09114,0.625
8,49,mse,MSE,1.0,0.0,100,0.0,0.58339,0.60308,0.04438,1.15766,0.90338,0.09731,,0.0092,0.10157,0.675
8,49,mse,MSE,1.0,0.0,300,1.0,0.58881,0.62553,0.01746,0.94411,0.79915,0.04999,,0.00599,0.06223,0.725
8,49,mse,MSE,1.0,0.0,300,0.0,0.58881,0.62553,0.01746,0.87582,0.71943,0.05282,,0.00567,0.03826,0.6
8,49,mse,MSE,1.0,0.0,500,1.0,0.60996,0.6384,0.04123,0.891,0.75637,0.06007,,0.01003,0.0902,0.675
8,49,mse,MSE,1.0,0.0,500,0.0,0.60996,0.6384,0.04123,1.4251,1.0176,0.1105,,0.01123,0.15036,0.75
9,50,hsic,HSIC,0.0,1.0,50,1.0,1.51282,0.95861,0.02682,1.12718,0.87251,0.15227,,0.00865,0.37005,0.9
9,50,hsic,HSIC,0.0,1.0,50,0.0,1.51282,0.95861,0.02682,2.27839,1.33962,0.15368,,0.00863,0.39435,0.925
9,50,hsic,HSIC,0.0,1.0,100,1.0,1.10001,0.7366,0.0486,1.30743,0.96119,0.16365,,0.01354,0.33027,0.9
9,50,hsic,HSIC,0.0,1.0,100,0.0,1.10001,0.7366,0.0486,1.35722,0.95957,0.19931,,0.02135,0.32627,0.9
9,50,hsic,HSIC,0.0,1.0,300,1.0,1.17992,0.78551,0.02726,2.04579,1.03922,0.11394,,0.01503,0.22416,0.8
9,50,hsic,HSIC,0.0,1.0,300,0.0,1.17992,0.78551,0.02726,2.2991,1.14047,0.06606,,0.01028,0.21714,0.825
9,50,hsic,HSIC,0.0,1.0,500,1.0,0.65866,0.55787,0.02232,1.26671,0.94512,0.15042,,0.00854,0.25324,0.925
9,50,hsic,HSIC,0.0,1.0,500,0.0,0.65866,0.55787,0.02232,2.48302,1.4103,0.15209,,0.00851,0.28607,0.825
9,50,hybrid,HYBRID_ALPHA0.1_BETA0.9,0.1,0.9,50,1.0,1.0451,0.69633,0.03712,1.31542,0.9734,0.11886,,0.00944,0.12147,0.725
9,50,hybrid,HYBRID_ALPHA0.2_BETA0.8,0.2,0.8,50,1.0,0.6528,0.66866,0.02345,1.21461,0.91283,0.15782,,0.00854,0.19874,0.8
9,50,hybrid,HYBRID_ALPHA0.3_BETA0.7,0.3,0.7,50,1.0,0.69931,0.69558,0.04158,1.22005,0.91663,0.15692,,0.00856,0.19117,0.775
9,50,hybrid,HYBRID_ALPHA0.4_BETA0.6,0.4,0.6,50,1.0,0.68759,0.69161,0.05419,1.22017,0.91687,0.15663,,0.00856,0.18825,0.775
9,50,hybrid,HYBRID_ALPHA0.5_BETA0.5,0.5,0.5,50,1.0,0.72873,0.72709,0.03403,1.22336,0.91879,0.15631,,0.00856,0.18649,0.75
9,50,hybrid,HYBRID_ALPHA0.6_BETA0.4,0.6,0.4,50,1.0,0.70329,0.72012,0.02051,1.22213,0.91832,0.15613,,0.00856,0.18594,0.775
9,50,hybrid,HYBRID_ALPHA0.7_BETA0.3,0.7,0.3,50,1.0,0.67763,0.70081,0.02024,1.21962,0.91713,0.15596,,0.00856,0.18384,0.775
9,50,hybrid,HYBRID_ALPHA0.8_BETA0.2,0.8,0.2,50,1.0,0.68531,0.70543,0.02245,1.21821,0.91644,0.15587,,0.00856,0.184,0.775
9,50,hybrid,HYBRID_ALPHA0.9_BETA0.1,0.9,0.1,50,1.0,0.72156,0.71705,0.0412,1.2163,0.91547,0.15561,,0.00855,0.18232,0.775
9,50,hybrid,HYBRID_ALPHA0.1_BETA0.9,0.1,0.9,50,0.0,1.0451,0.69633,0.03712,2.45,1.40202,0.14307,,0.0091,0.18114,0.75
9,50,hybrid,HYBRID_ALPHA0.2_BETA0.8,0.2,0.8,50,0.0,0.6528,0.66866,0.02345,2.48426,1.40772,0.16413,,0.00832,0.25146,0.85
9,50,hybrid,HYBRID_ALPHA0.3_BETA0.7,0.3,0.7,50,0.0,0.69931,0.69558,0.04158,2.49092,1.41,0.16378,,0.00833,0.24629,0.825
9,50,hybrid,HYBRID_ALPHA0.4_BETA0.6,0.4,0.6,50,0.0,0.68759,0.69161,0.05419,2.48523,1.40821,0.16338,,0.00832,0.24424,0.8
9,50,hybrid,HYBRID_ALPHA0.5_BETA0.5,0.5,0.5,50,0.0,0.72873,0.72709,0.03403,2.48233,1.40719,0.16349,,0.00831,0.24272,0.825
9,50,hybrid,HYBRID_ALPHA0.6_BETA0.4,0.6,0.4,50,0.0,0.70329,0.72012,0.02051,2.47003,1.40307,0.16369,,0.00832,0.24365,0.775
9,50,hybrid,HYBRID_ALPHA0.7_BETA0.3,0.7,0.3,50,0.0,0.67763,0.70081,0.02024,2.47076,1.40329,0.16375,,0.00832,0.24065,0.775
9,50,hybrid,HYBRID_ALPHA0.8_BETA0.2,0.8,0.2,50,0.0,0.68531,0.70543,0.02245,2.46389,1.40103,0.16379,,0.00832,0.24224,0.775
9,50,hybrid,HYBRID_ALPHA0.9_BETA0.1,0.9,0.1,50,0.0,0.72156,0.71705,0.0412,2.47094,1.40336,0.16362,,0.0083,0.23988,0.775
9,50,hybrid,HYBRID_ALPHA0.1_BETA0.9,0.1,0.9,100,1.0,0.70414,0.70493,0.05161,1.54592,1.07633,0.09531,,0.0125,0.10629,0.7
9,50,hybrid,HYBRID_ALPHA0.2_BETA0.8,0.2,0.8,100,1.0,0.66131,0.67586,0.05194,1.50067,1.05858,0.09507,,0.0129,0.10364,0.75
9,50,hybrid,HYBRID_ALPHA0.3_BETA0.7,0.3,0.7,100,1.0,0.65626,0.66368,0.05542,1.52551,1.06942,0.09627,,0.01302,0.10298,0.725
9,50,hybrid,HYBRID_ALPHA0.4_BETA0.6,0.4,0.6,100,1.0,0.66016,0.6614,0.05724,1.51008,1.06266,0.09618,,0.01299,0.10165,0.725
9,50,hybrid,HYBRID_ALPHA0.5_BETA0.5,0.5,0.5,100,1.0,0.66465,0.65676,0.0617,1.40742,1.01749,0.09345,,0.01262,0.10296,0.725
9,50,hybrid,HYBRID_ALPHA0.6_BETA0.4,0.6,0.4,100,1.0,0.67246,0.6595,0.06722,1.28122,0.95696,0.09199,,0.01213,0.10776,0.725
9,50,hybrid,HYBRID_ALPHA0.7_BETA0.3,0.7,0.3,100,1.0,0.66506,0.65776,0.07486,1.20536,0.92129,0.08841,,0.01163,0.11066,0.675
9,50,hybrid,HYBRID_ALPHA0.8_BETA0.2,0.8,0.2,100,1.0,0.67661,0.66415,0.08383,1.14602,0.89439,0.08877,,0.01163,0.10144,0.75
9,50,hybrid,HYBRID_ALPHA0.9_BETA0.1,0.9,0.1,100,1.0,0.68737,0.67265,0.09999,1.10867,0.87646,0.08812,,0.01165,0.08845,0.725
9,50,hybrid,HYBRID_ALPHA0.1_BETA0.9,0.1,0.9,100,0.0,0.70414,0.70493,0.05161,2.00508,1.24739,0.12826,,0.01145,0.14881,0.7
9,50,hybrid,HYBRID_ALPHA0.2_BETA0.8,0.2,0.8,100,0.0,0.66131,0.67586,0.05194,1.9826,1.23806,0.12972,,0.01164,0.14878,0.7
9,50,hybrid,HYBRID_ALPHA0.3_BETA0.7,0.3,0.7,100,0.0,0.65626,0.66368,0.05542,1.9677,1.23158,0.1321,,0.01187,0.14331,0.725
9,50,hybrid,HYBRID_ALPHA0.4_BETA0.6,0.4,0.6,100,0.0,0.66016,0.6614,0.05724,1.91336,1.2093,0.135,,0.01222,0.13802,0.75
9,50,hybrid,HYBRID_ALPHA0.5_BETA0.5,0.5,0.5,100,0.0,0.66465,0.65676,0.0617,1.75724,1.14995,0.1292,,0.01166,0.13684,0.7
9,50,hybrid,HYBRID_ALPHA0.6_BETA0.4,0.6,0.4,100,0.0,0.67246,0.6595,0.06722,1.51656,1.0536,0.12166,,0.01092,0.1326,0.725
9,50,hybrid,HYBRID_ALPHA0.7_BETA0.3,0.7,0.3,100,0.0,0.66506,0.65776,0.07486,1.27625,0.95621,0.10343,,0.00903,0.11515,0.675
9,50,hybrid,HYBRID_ALPHA0.8_BETA0.2,0.8,0.2,100,0.0,0.67661,0.66415,0.08383,1.35109,0.9854,0.11498,,0.00995,0.12618,0.725
9,50,hybrid,HYBRID_ALPHA0.9_BETA0.1,0.9,0.1,100,0.0,0.68737,0.67265,0.09999,1.41158,1.01176,0.10928,,0.00926,0.12793,0.7
9,50,hybrid,HYBRID_ALPHA0.1_BETA0.9,0.1,0.9,300,1.0,0.61864,0.61784,0.02483,1.64,1.113,0.09978,,0.00988,0.09666,0.625
9,50,hybrid,HYBRID_ALPHA0.2_BETA0.8,0.2,0.8,300,1.0,0.60846,0.60931,0.02485,1.20663,0.91805,0.09963,,0.01249,0.06271,0.675
9,50,hybrid,HYBRID_ALPHA0.3_BETA0.7,0.3,0.7,300,1.0,0.61589,0.61766,0.02537,0.95977,0.79747,0.05123,,0.00805,0.05146,0.7
9,50,hybrid,HYBRID_ALPHA0.4_BETA0.6,0.4,0.6,300,1.0,0.61266,0.6147,0.02592,0.94986,0.79728,0.04405,,0.00729,0.05268,0.725
9,50,hybrid,HYBRID_ALPHA0.5_BETA0.5,0.5,0.5,300,1.0,0.6129,0.61442,0.02776,1.06624,0.86132,0.06419,,0.01057,0.06345,0.725
9,50,hybrid,HYBRID_ALPHA0.6_BETA0.4,0.6,0.4,300,1.0,0.61706,0.61903,0.02972,1.06573,0.85983,0.06758,,0.0107,0.06545,0.7
9,50,hybrid,HYBRID_ALPHA0.7_BETA0.3,0.7,0.3,300,1.0,0.61861,0.619,0.03378,1.06067,0.85585,0.0725,,0.01086,0.06623,0.65
9,50,hybrid,HYBRID_ALPHA0.8_BETA0.2,0.8,0.2,300,1.0,0.63144,0.62538,0.03539,1.05169,0.8517,0.07279,,0.01056,0.06683,0.65
9,50,hybrid,HYBRID_ALPHA0.9_BETA0.1,0.9,0.1,300,1.0,0.6554,0.63667,0.04457,1.01685,0.83382,0.07549,,0.01035,0.06296,0.7
9,50,hybrid,HYBRID_ALPHA0.1_BETA0.9,0.1,0.9,300,0.0,0.61864,0.61784,0.02483,1.67432,1.11849,0.12375,,0.00916,0.09579,0.65
9,50,hybrid,HYBRID_ALPHA0.2_BETA0.8,0.2,0.8,300,0.0,0.60846,0.60931,0.02485,1.79268,1.1607,0.1287,,0.0102,0.11052,0.675
9,50,hybrid,HYBRID_ALPHA0.3_BETA0.7,0.3,0.7,300,0.0,0.61589,0.61766,0.02537,0.91495,0.77796,0.04949,,0.00577,0.04134,0.625
9,50,hybrid,HYBRID_ALPHA0.4_BETA0.6,0.4,0.6,300,0.0,0.61266,0.6147,0.02592,0.92477,0.789,0.0583,,0.00619,0.04471,0.55
9,50,hybrid,HYBRID_ALPHA0.5_BETA0.5,0.5,0.5,300,0.0,0.6129,0.61442,0.02776,1.17239,0.90814,0.101,,0.01002,0.07364,0.675
9,50,hybrid,HYBRID_ALPHA0.6_BETA0.4,0.6,0.4,300,0.0,0.61706,0.61903,0.02972,1.15741,0.90214,0.10411,,0.01009,0.07353,0.675
9,50,hybrid,HYBRID_ALPHA0.7_BETA0.3,0.7,0.3,300,0.0,0.61861,0.619,0.03378,1.16748,0.90674,0.10841,,0.01018,0.07628,0.65
9,50,hybrid,HYBRID_ALPHA0.8_BETA0.2,0.8,0.2,300,0.0,0.63144,0.62538,0.03539,1.19267,0.91781,0.10728,,0.0099,0.08167,0.625
9,50,hybrid,HYBRID_ALPHA0.9_BETA0.1,0.9,0.1,300,0.0,0.6554,0.63667,0.04457,1.28861,0.95842,0.11001,,0.00981,0.09539,0.65
9,50,hybrid,HYBRID_ALPHA0.1_BETA0.9,0.1,0.9,500,1.0,0.62591,0.63577,0.0251,1.45074,1.03712,0.08839,,0.01027,0.04953,0.575
9,50,hybrid,HYBRID_ALPHA0.2_BETA0.8,0.2,0.8,500,1.0,0.6241,0.63427,0.02532,0.99899,0.83459,0.04148,,0.00842,0.05205,0.725
9,50,hybrid,HYBRID_ALPHA0.3_BETA0.7,0.3,0.7,500,1.0,0.62218,0.6318,0.02508,0.98609,0.82348,0.04607,,0.00857,0.05387,0.65
9,50,hybrid,HYBRID_ALPHA0.4_BETA0.6,0.4,0.6,500,1.0,0.62244,0.63292,0.02481,0.96833,0.81366,0.04074,,0.00654,0.05621,0.75
9,50,hybrid,HYBRID_ALPHA0.5_BETA0.5,0.5,0.5,500,1.0,0.62282,0.63301,0.02359,0.97579,0.81749,0.0465,,0.00678,0.05706,0.75
9,50,hybrid,HYBRID_ALPHA0.6_BETA0.4,0.6,0.4,500,1.0,0.62081,0.63181,0.02396,0.9621,0.8083,0.03811,,0.0065,0.05978,0.75
9,50,hybrid,HYBRID_ALPHA0.7_BETA0.3,0.7,0.3,500,1.0,0.6217,0.63182,0.02497,0.9778,0.81863,0.04245,,0.0065,0.06071,0.725
9,50,hybrid,HYBRID_ALPHA0.8_BETA0.2,0.8,0.2,500,1.0,0.62326,0.63259,0.02632,0.992,0.82573,0.04519,,0.00709,0.06538,0.7
9,50,hybrid,HYBRID_ALPHA0.9_BETA0.1,0.9,0.1,500,1.0,0.62501,0.63601,0.02875,1.02032,0.84227,0.05811,,0.00732,0.06837,0.725
9,50,hybrid,HYBRID_ALPHA0.1_BETA0.9,0.1,0.9,500,0.0,0.62591,0.63577,0.0251,1.81302,1.17237,0.12471,,0.00918,0.06479,0.6
9,50,hybrid,HYBRID_ALPHA0.2_BETA0.8,0.2,0.8,500,0.0,0.6241,0.63427,0.02532,0.98116,0.82055,0.06138,,0.00793,0.04803,0.65
9,50,hybrid,HYBRID_ALPHA0.3_BETA0.7,0.3,0.7,500,0.0,0.62218,0.6318,0.02508,0.9753,0.81821,0.06805,,0.00814,0.04973,0.625
9,50,hybrid,HYBRID_ALPHA0.4_BETA0.6,0.4,0.6,500,0.0,0.62244,0.63292,0.02481,0.91134,0.77126,0.0576,,0.00669,0.04069,0.625
9,50,hybrid,HYBRID_ALPHA0.5_BETA0.5,0.5,0.5,500,0.0,0.62282,0.63301,0.02359,0.92151,0.77955,0.06555,,0.00703,0.04203,0.625
9,50,hybrid,HYBRID_ALPHA0.6_BETA0.4,0.6,0.4,500,0.0,0.62081,0.63181,0.02396,0.8823,0.73371,0.0439,,0.00635,0.03594,0.575
9,50,hybrid,HYBRID_ALPHA0.7_BETA0.3,0.7,0.3,500,0.0,0.6217,0.63182,0.02497,0.89048,0.74653,0.05064,,0.00646,0.03706,0.6
9,50,hybrid,HYBRID_ALPHA0.8_BETA0.2,0.8,0.2,500,0.0,0.62326,0.63259,0.02632,0.88788,0.73413,0.049,,0.00699,0.03616,0.575
9,50,hybrid,HYBRID_ALPHA0.9_BETA0.1,0.9,0.1,500,0.0,0.62501,0.63601,0.02875,0.90202,0.75015,0.06347,,0.00729,0.0382,0.6
9,50,mse,MSE,1.0,0.0,50,1.0,0.73889,0.73132,0.04666,1.21558,0.91517,0.1554,,0.00855,0.18178,0.775
9,50,mse,MSE,1.0,0.0,50,0.0,0.73889,0.73132,0.04666,2.47403,1.40439,0.16353,,0.00829,0.23964,0.8
9,50,mse,MSE,1.0,0.0,100,1.0,0.71224,0.67912,0.12445,1.00062,0.82649,0.10662,,0.01158,0.07358,0.725
9,50,mse,MSE,1.0,0.0,100,0.0,0.71224,0.67912,0.12445,1.51274,1.05178,0.1289,,0.00944,0.14371,0.725
9,50,mse,MSE,1.0,0.0,300,1.0,0.6567,0.63695,0.04757,1.02532,0.84008,0.07046,,0.00908,0.06886,0.7
9,50,mse,MSE,1.0,0.0,300,0.0,0.6567,0.63695,0.04757,1.28121,0.95746,0.10476,,0.00896,0.1008,0.65
9,50,mse,MSE,1.0,0.0,500,1.0,0.62757,0.63988,0.03144,1.05544,0.86078,0.07813,,0.00812,0.07148,0.6
9,50,mse,MSE,1.0,0.0,500,0.0,0.62757,0.63988,0.03144,0.92006,0.76025,0.08249,,0.00808,0.0394,0.6
10,51,hsic,HSIC,0.0,1.0,50,1.0,1.30158,0.7691,0.14432,1.17969,0.89252,0.15749,,0.00874,0.04559,0.65
10,51,hsic,HSIC,0.0,1.0,50,0.0,1.30158,0.7691,0.14432,2.42842,1.39986,0.1467,,0.00996,0.14175,0.75
10,51,hsic,HSIC,0.0,1.0,100,1.0,1.01968,0.77821,0.21132,1.2359,0.9191,0.15816,,0.00833,0.09956,0.725
10,51,hsic,HSIC,0.0,1.0,100,0.0,1.01968,0.77821,0.21132,2.49404,1.41082,0.15848,,0.00816,0.15956,0.775
10,51,hsic,HSIC,0.0,1.0,300,1.0,0.69844,0.56335,0.02066,1.14644,0.88434,0.15144,,0.00871,0.28788,0.85
10,51,hsic,HSIC,0.0,1.0,300,0.0,0.69844,0.56335,0.02066,2.37751,1.37442,0.1525,,0.00869,0.32106,0.875
10,51,hsic,HSIC,0.0,1.0,500,1.0,0.66189,0.55872,0.02444,11.1452,3.19521,0.0768,,0.0132,0.20565,0.775
10,51,hsic,HSIC,0.0,1.0,500,0.0,0.66189,0.55872,0.02444,8.23055,2.70893,0.0526,,0.01175,0.22653,0.825
10,51,hybrid,HYBRID_ALPHA0.1_BETA0.9,0.1,0.9,50,1.0,0.824,0.61258,0.03935,1.22381,0.91253,0.16555,,0.00861,0.04505,0.625
10,51,hybrid,HYBRID_ALPHA0.2_BETA0.8,0.2,0.8,50,1.0,0.74683,0.60479,0.04241,1.22375,0.91264,0.16552,,0.00862,0.04498,0.625
10,51,hybrid,HYBRID_ALPHA0.3_BETA0.7,0.3,0.7,50,1.0,0.74564,0.6098,0.04665,1.22402,0.91294,0.16546,,0.00862,0.04492,0.65
10,51,hybrid,HYBRID_ALPHA0.4_BETA0.6,0.4,0.6,50,1.0,0.74216,0.61247,0.04807,1.2062,0.90624,0.16234,,0.00865,0.04418,0.65
10,51,hybrid,HYBRID_ALPHA0.5_BETA0.5,0.5,0.5,50,1.0,0.75194,0.61474,0.05065,1.16063,0.88991,0.15535,,0.00875,0.04269,0.675
10,51,hybrid,HYBRID_ALPHA0.6_BETA0.4,0.6,0.4,50,1.0,0.75159,0.62143,0.05598,1.0091,0.82674,0.12938,,0.00921,0.04305,0.575
10,51,hybrid,HYBRID_ALPHA0.7_BETA0.3,0.7,0.3,50,1.0,0.73803,0.6155,0.05372,1.02052,0.83164,0.13084,,0.00901,0.04581,0.6
10,51,hybrid,HYBRID_ALPHA0.8_BETA0.2,0.8,0.2,50,1.0,0.72705,0.61932,0.05901,1.02573,0.83939,0.12256,,0.00879,0.05933,0.6
10,51,hybrid,HYBRID_ALPHA0.9_BETA0.1,0.9,0.1,50,1.0,0.73639,0.62317,0.06212,1.03732,0.84038,0.13445,,0.00906,0.05168,0.65
10,51,hybrid,HYBRID_ALPHA0.1_BETA0.9,0.1,0.9,50,0.0,0.824,0.61258,0.03935,2.50802,1.41463,0.1684,,0.00854,0.14116,0.75
10,51,hybrid,HYBRID_ALPHA0.2_BETA0.8,0.2,0.8,50,0.0,0.74683,0.60479,0.04241,2.50662,1.41418,0.16839,,0.00854,0.14112,0.775
10,51,hybrid,HYBRID_ALPHA0.3_BETA0.7,0.3,0.7,50,0.0,0.74564,0.6098,0.04665,2.50614,1.41403,0.16841,,0.00854,0.14095,0.775
10,51,hybrid,HYBRID_ALPHA0.4_BETA0.6,0.4,0.6,50,0.0,0.74216,0.61247,0.04807,2.42088,1.3865,0.16594,,0.00856,0.13918,0.725
10,51,hybrid,HYBRID_ALPHA0.5_BETA0.5,0.5,0.5,50,0.0,0.75194,0.61474,0.05065,2.24979,1.32868,0.16073,,0.00862,0.13583,0.75
10,51,hybrid,HYBRID_ALPHA0.6_BETA0.4,0.6,0.4,50,0.0,0.75159,0.62143,0.05598,1.28867,0.96639,0.10776,,0.00771,0.09649,0.65
10,51,hybrid,HYBRID_ALPHA0.7_BETA0.3,0.7,0.3,50,0.0,0.73803,0.6155,0.05372,1.29896,0.97228,0.10057,,0.00703,0.09884,0.6
10,51,hybrid,HYBRID_ALPHA0.8_BETA0.2,0.8,0.2,50,0.0,0.72705,0.61932,0.05901,0.90814,0.76225,0.06234,,0.00973,0.06733,0.65
10,51,hybrid,HYBRID_ALPHA0.9_BETA0.1,0.9,0.1,50,0.0,0.73639,0.62317,0.06212,1.33363,0.98476,0.09921,,0.0075,0.11206,0.7
10,51,hybrid,HYBRID_ALPHA0.1_BETA0.9,0.1,0.9,100,1.0,1.26429,0.88295,0.26638,1.14652,0.88497,0.15408,,0.00854,0.0902,0.775
10,51,hybrid,HYBRID_ALPHA0.2_BETA0.8,0.2,0.8,100,1.0,1.26442,0.88303,0.26658,1.12956,0.89611,0.09493,,0.00713,0.03521,0.7
10,51,hybrid,HYBRID_ALPHA0.3_BETA0.7,0.3,0.7,100,1.0,1.26432,0.88315,0.26644,0.95131,0.79998,0.04481,,0.00604,0.02901,0.7
10,51,hybrid,HYBRID_ALPHA0.4_BETA0.6,0.4,0.6,100,1.0,1.26425,0.88314,0.26644,0.97596,0.79203,0.04172,,0.00429,0.03708,0.725
10,51,hybrid,HYBRID_ALPHA0.5_BETA0.5,0.5,0.5,100,1.0,1.26434,0.88321,0.26642,0.89465,0.7366,0.04503,,0.00814,0.03204,0.6
10,51,hybrid,HYBRID_ALPHA0.6_BETA0.4,0.6,0.4,100,1.0,1.26478,0.88348,0.26645,0.90199,0.72383,0.04573,,0.00678,0.0226,0.7
10,51,hybrid,HYBRID_ALPHA0.7_BETA0.3,0.7,0.3,100,1.0,1.26529,0.88392,0.26653,0.91859,0.74066,0.046,,0.00742,0.03227,0.65
10,51,hybrid,HYBRID_ALPHA0.8_BETA0.2,0.8,0.2,100,1.0,1.26542,0.88401,0.26655,0.92416,0.74328,0.04653,,0.00789,0.03421,0.65
10,51,hybrid,HYBRID_ALPHA0.9_BETA0.1,0.9,0.1,100,1.0,1.26542,0.88401,0.26655,0.92522,0.74057,0.04645,,0.00805,0.03255,0.65
10,51,hybrid,HYBRID_ALPHA0.1_BETA0.9,0.1,0.9,100,0.0,1.26429,0.88295,0.26638,2.22789,1.32168,0.15523,,0.00856,0.15142,0.775
10,51,hybrid,HYBRID_ALPHA0.2_BETA0.8,0.2,0.8,100,0.0,1.26442,0.88303,0.26658,1.33628,0.98459,0.1279,,0.00801,0.05766,0.675
10,51,hybrid,HYBRID_ALPHA0.3_BETA0.7,0.3,0.7,100,0.0,1.26432,0.88315,0.26644,1.06737,0.86692,0.09086,,0.00759,0.04663,0.625
10,51,hybrid,HYBRID_ALPHA0.4_BETA0.6,0.4,0.6,100,0.0,1.26425,0.88314,0.26644,1.00638,0.76069,0.05186,,0.00431,0.02103,0.675
10,51,hybrid,HYBRID_ALPHA0.5_BETA0.5,0.5,0.5,100,0.0,1.26434,0.88321,0.26642,0.89946,0.69915,0.05614,,0.00711,0.01655,0.65
10,51,hybrid,HYBRID_ALPHA0.6_BETA0.4,0.6,0.4,100,0.0,1.26478,0.88348,0.26645,1.0459,0.78283,0.09917,,0.00952,0.02355,0.675
10,51,hybrid,HYBRID_ALPHA0.7_BETA0.3,0.7,0.3,100,0.0,1.26529,0.88392,0.26653,0.94631,0.69519,0.05229,,0.00685,0.01361,0.675
10,51,hybrid,HYBRID_ALPHA0.8_BETA0.2,0.8,0.2,100,0.0,1.26542,0.88401,0.26655,1.09183,0.72267,0.05611,,0.00692,0.0132,0.675
10,51,hybrid,HYBRID_ALPHA0.9_BETA0.1,0.9,0.1,100,0.0,1.26542,0.88401,0.26655,1.0807,0.72389,0.05857,,0.00732,0.01194,0.65
10,51,hybrid,HYBRID_ALPHA0.1_BETA0.9,0.1,0.9,300,1.0,0.61812,0.63457,0.02105,0.85415,0.73375,0.03422,,0.00653,0.04217,0.675
10,51,hybrid,HYBRID_ALPHA0.2_BETA0.8,0.2,0.8,300,1.0,0.61197,0.62609,0.02146,0.85023,0.73156,0.03517,,0.00662,0.04095,0.7
10,51,hybrid,HYBRID_ALPHA0.3_BETA0.7,0.3,0.7,300,1.0,0.61583,0.63139,0.0208,0.84539,0.72736,0.03556,,0.0067,0.04017,0.675
10,51,hybrid,HYBRID_ALPHA0.4_BETA0.6,0.4,0.6,300,1.0,0.61113,0.62496,0.02139,0.98031,0.81182,0.08305,,0.01331,0.04918,0.675
10,51,hybrid,HYBRID_ALPHA0.5_BETA0.5,0.5,0.5,300,1.0,0.60718,0.6241,0.01929,0.83674,0.72018,0.03576,,0.00681,0.03961,0.675
10,51,hybrid,HYBRID_ALPHA0.6_BETA0.4,0.6,0.4,300,1.0,0.61322,0.6293,0.01798,0.83799,0.72359,0.03654,,0.00683,0.04026,0.675
10,51,hybrid,HYBRID_ALPHA0.7_BETA0.3,0.7,0.3,300,1.0,0.61005,0.62754,0.01896,0.84078,0.72853,0.03769,,0.00686,0.04132,0.725
10,51,hybrid,HYBRID_ALPHA0.8_BETA0.2,0.8,0.2,300,1.0,0.60772,0.62561,0.01969,0.86814,0.7565,0.04112,,0.00671,0.04601,0.7
10,51,hybrid,HYBRID_ALPHA0.9_BETA0.1,0.9,0.1,300,1.0,0.60315,0.62397,0.02105,0.85215,0.74255,0.04367,,0.00705,0.04216,0.725
10,51,hybrid,HYBRID_ALPHA0.1_BETA0.9,0.1,0.9,300,0.0,0.61812,0.63457,0.02105,0.83357,0.69399,0.03359,,0.00656,0.0386,0.6
10,51,hybrid,HYBRID_ALPHA0.2_BETA0.8,0.2,0.8,300,0.0,0.61197,0.62609,0.02146,0.83052,0.68664,0.03389,,0.00667,0.03613,0.65
10,51,hybrid,HYBRID_ALPHA0.3_BETA0.7,0.3,0.7,300,0.0,0.61583,0.63139,0.0208,0.82984,0.68094,0.0342,,0.00676,0.03451,0.675
10,51,hybrid,HYBRID_ALPHA0.4_BETA0.6,0.4,0.6,300,0.0,0.61113,0.62496,0.02139,1.48384,1.03678,0.11788,,0.0115,0.09876,0.65
10,51,hybrid,HYBRID_ALPHA0.5_BETA0.5,0.5,0.5,300,0.0,0.60718,0.6241,0.01929,0.8249,0.68003,0.03442,,0.00686,0.03502,0.675
10,51,hybrid,HYBRID_ALPHA0.6_BETA0.4,0.6,0.4,300,0.0,0.61322,0.6293,0.01798,0.82335,0.67952,0.03486,,0.00689,0.03505,0.675
10,51,hybrid,HYBRID_ALPHA0.7_BETA0.3,0.7,0.3,300,0.0,0.61005,0.62754,0.01896,0.82233,0.67863,0.03562,,0.00693,0.03508,0.65
10,51,hybrid,HYBRID_ALPHA0.8_BETA0.2,0.8,0.2,300,0.0,0.60772,0.62561,0.01969,0.82717,0.68246,0.0388,,0.00674,0.03469,0.65
10,51,hybrid,HYBRID_ALPHA0.9_BETA0.1,0.9,0.1,300,0.0,0.60315,0.62397,0.02105,0.82172,0.68761,0.0417,,0.00708,0.03364,0.65
10,51,hybrid,HYBRID_ALPHA0.1_BETA0.9,0.1,0.9,500,1.0,0.60314,0.62794,0.02318,1.38104,0.998,0.10801,,0.01113,0.0715,0.7
10,51,hybrid,HYBRID_ALPHA0.2_BETA0.8,0.2,0.8,500,1.0,0.60876,0.636,0.02236,1.25075,0.9378,0.10213,,0.01266,0.06587,0.625
10,51,hybrid,HYBRID_ALPHA0.3_BETA0.7,0.3,0.7,500,1.0,0.61088,0.63491,0.02547,1.13169,0.88312,0.10386,,0.0127,0.06051,0.675
10,51,hybrid,HYBRID_ALPHA0.4_BETA0.6,0.4,0.6,500,1.0,0.61226,0.63531,0.02897,1.02428,0.83352,0.10433,,0.01266,0.0551,0.65
10,51,hybrid,HYBRID_ALPHA0.5_BETA0.5,0.5,0.5,500,1.0,0.60709,0.63566,0.029,0.96097,0.80116,0.07783,,0.01252,0.0487,0.625
10,51,hybrid,HYBRID_ALPHA0.6_BETA0.4,0.6,0.4,500,1.0,0.60773,0.6385,0.03124,0.95733,0.79831,0.08232,,0.01258,0.04948,0.625
10,51,hybrid,HYBRID_ALPHA0.7_BETA0.3,0.7,0.3,500,1.0,0.60801,0.64022,0.0347,0.95076,0.794,0.08721,,0.01267,0.04952,0.625
10,51,hybrid,HYBRID_ALPHA0.8_BETA0.2,0.8,0.2,500,1.0,0.61103,0.64253,0.03839,0.94289,0.78961,0.09221,,0.01267,0.04933,0.625
10,51,hybrid,HYBRID_ALPHA0.9_BETA0.1,0.9,0.1,500,1.0,0.61123,0.64479,0.04452,0.9308,0.78335,0.09759,,0.0126,0.04869,0.625
10,51,hybrid,HYBRID_ALPHA0.1_BETA0.9,0.1,0.9,500,0.0,0.60314,0.62794,0.02318,1.78647,1.1596,0.13052,,0.00972,0.10483,0.575
10,51,hybrid,HYBRID_ALPHA0.2_BETA0.8,0.2,0.8,500,0.0,0.60876,0.636,0.02236,1.76133,1.14772,0.13018,,0.01038,0.1089,0.6
10,51,hybrid,HYBRID_ALPHA0.3_BETA0.7,0.3,0.7,500,0.0,0.61088,0.63491,0.02547,1.66462,1.10938,0.13112,,0.01042,0.1087,0.575
10,51,hybrid,HYBRID_ALPHA0.4_BETA0.6,0.4,0.6,500,0.0,0.61226,0.63531,0.02897,1.57911,1.07433,0.13188,,0.0104,0.10947,0.575
10,51,hybrid,HYBRID_ALPHA0.5_BETA0.5,0.5,0.5,500,0.0,0.60709,0.63566,0.029,1.26581,0.94566,0.11289,,0.01106,0.08391,0.625
10,51,hybrid,HYBRID_ALPHA0.6_BETA0.4,0.6,0.4,500,0.0,0.60773,0.6385,0.03124,1.23917,0.93486,0.117,,0.01108,0.08229,0.65
10,51,hybrid,HYBRID_ALPHA0.7_BETA0.3,0.7,0.3,500,0.0,0.60801,0.64022,0.0347,1.27297,0.94986,0.12152,,0.01109,0.08728,0.6
10,51,hybrid,HYBRID_ALPHA0.8_BETA0.2,0.8,0.2,500,0.0,0.61103,0.64253,0.03839,1.29847,0.96131,0.12571,,0.01103,0.09113,0.625
10,51,hybrid,HYBRID_ALPHA0.9_BETA0.1,0.9,0.1,500,0.0,0.61123,0.64479,0.04452,1.35739,0.98597,0.13008,,0.01089,0.09875,0.575
10,51,mse,MSE,1.0,0.0,50,1.0,0.73622,0.62588,0.06591,1.08805,0.85822,0.11813,,0.00787,0.06858,0.625
10,51,mse,MSE,1.0,0.0,50,0.0,0.73622,0.62588,0.06591,0.93771,0.7769,0.07994,,0.00971,0.07802,0.725
10,51,mse,MSE,1.0,0.0,100,1.0,1.26542,0.88401,0.26655,0.9269,0.73712,0.04758,,0.00799,0.03139,0.675
10,51,mse,MSE,1.0,0.0,100,0.0,1.26542,0.88401,0.26655,0.97816,0.70978,0.06058,,0.00788,0.01294,0.8
10,51,mse,MSE,1.0,0.0,300,1.0,0.59554,0.62265,0.02148,0.87105,0.75843,0.05443,,0.00719,0.04534,0.675
10,51,mse,MSE,1.0,0.0,300,0.0,0.59554,0.62265,0.02148,0.83405,0.69995,0.05368,,0.00719,0.03488,0.6
10,51,mse,MSE,1.0,0.0,500,1.0,0.62673,0.65766,0.0472,0.91606,0.77423,0.10374,,0.01248,0.04783,0.6
10,51,mse,MSE,1.0,0.0,500,0.0,0.62673,0.65766,0.0472,1.41465,1.00966,0.13506,,0.0107,0.10624,0.575
11,52,hsic,HSIC,0.0,1.0,50,1.0,0.94984,0.65267,0.03482,1.19013,0.90373,0.15088,,0.00825,0.20249,0.875
11,52,hsic,HSIC,0.0,1.0,50,0.0,0.94984,0.65267,0.03482,2.3449,1.36328,0.1524,,0.00839,0.25703,0.8
11,52,hsic,HSIC,0.0,1.0,100,1.0,1.27673,0.84398,0.03901,1.25015,0.94055,0.14863,,0.0102,0.33663,0.85
11,52,hsic,HSIC,0.0,1.0,100,0.0,1.27673,0.84398,0.03901,1.30503,0.89627,0.2244,,0.02962,0.30294,0.825
11,52,hsic,HSIC,0.0,1.0,300,1.0,0.63231,0.543,0.02411,19.54631,4.30472,0.06235,,0.0098,0.43079,0.9
11,52,hsic,HSIC,0.0,1.0,300,0.0,0.63231,0.543,0.02411,20.43363,4.41516,0.0492,,0.00714,0.42835,0.9
11,52,hsic,HSIC,0.0,1.0,500,1.0,0.62378,0.60037,0.02161,6.79436,2.42133,0.06796,,0.01271,0.38192,0.9
11,52,hsic,HSIC,0.0,1.0,500,0.0,0.62378,0.60037,0.02161,7.00377,2.4753,0.0562,,0.01301,0.38104,0.9
11,52,hybrid,HYBRID_ALPHA0.1_BETA0.9,0.1,0.9,50,1.0,0.71745,0.67583,0.04464,2.09642,1.29426,0.07333,,0.00778,0.12608,0.725
11,52,hybrid,HYBRID_ALPHA0.2_BETA0.8,0.2,0.8,50,1.0,1.03405,0.81271,0.20306,1.82521,1.20723,0.06277,,0.01253,0.08712,0.625
11,52,hybrid,HYBRID_ALPHA0.3_BETA0.7,0.3,0.7,50,1.0,0.75427,0.71966,0.05559,1.49119,1.06934,0.06659,,0.01179,0.10716,0.675
11,52,hybrid,HYBRID_ALPHA0.4_BETA0.6,0.4,0.6,50,1.0,0.78572,0.74497,0.0657,1.3996,1.03059,0.06664,,0.01213,0.07999,0.675
11,52,hybrid,HYBRID_ALPHA0.5_BETA0.5,0.5,0.5,50,1.0,0.92553,0.78759,0.16465,1.27131,0.96765,0.07036,,0.01212,0.08066,0.625
11,52,hybrid,HYBRID_ALPHA0.6_BETA0.4,0.6,0.4,50,1.0,0.87945,0.79037,0.09763,1.13125,0.89479,0.07293,,0.01198,0.08296,0.7
11,52,hybrid,HYBRID_ALPHA0.7_BETA0.3,0.7,0.3,50,1.0,0.8349,0.77114,0.09408,1.11939,0.88611,0.07535,,0.01186,0.08812,0.725
11,52,hybrid,HYBRID_ALPHA0.8_BETA0.2,0.8,0.2,50,1.0,0.86537,0.78963,0.10261,1.08947,0.86875,0.07771,,0.01157,0.08952,0.65
11,52,hybrid,HYBRID_ALPHA0.9_BETA0.1,0.9,0.1,50,1.0,0.87763,0.79992,0.10218,1.04781,0.84909,0.07935,,0.01117,0.08041,0.625
11,52,hybrid,HYBRID_ALPHA0.1_BETA0.9,0.1,0.9,50,0.0,0.71745,0.67583,0.04464,1.48185,1.046,0.10266,,0.00857,0.06002,0.675
11,52,hybrid,HYBRID_ALPHA0.2_BETA0.8,0.2,0.8,50,0.0,1.03405,0.81271,0.20306,1.33665,0.98237,0.09628,,0.01098,0.05188,0.675
11,52,hybrid,HYBRID_ALPHA0.3_BETA0.7,0.3,0.7,50,0.0,0.75427,0.71966,0.05559,1.13644,0.89134,0.09878,,0.01051,0.05987,0.7
11,52,hybrid,HYBRID_ALPHA0.4_BETA0.6,0.4,0.6,50,0.0,0.78572,0.74497,0.0657,1.18032,0.90931,0.10629,,0.01095,0.05788,0.675
11,52,hybrid,HYBRID_ALPHA0.5_BETA0.5,0.5,0.5,50,0.0,0.92553,0.78759,0.16465,1.10647,0.8776,0.11254,,0.01102,0.05971,0.7
11,52,hybrid,HYBRID_ALPHA0.6_BETA0.4,0.6,0.4,50,0.0,0.87945,0.79037,0.09763,1.02382,0.83915,0.11971,,0.01115,0.06142,0.725
11,52,hybrid,HYBRID_ALPHA0.7_BETA0.3,0.7,0.3,50,0.0,0.8349,0.77114,0.09408,1.00803,0.83139,0.12098,,0.01099,0.0636,0.725
11,52,hybrid,HYBRID_ALPHA0.8_BETA0.2,0.8,0.2,50,0.0,0.86537,0.78963,0.10261,1.01056,0.83278,0.12334,,0.01074,0.06827,0.675
11,52,hybrid,HYBRID_ALPHA0.9_BETA0.1,0.9,0.1,50,0.0,0.87763,0.79992,0.10218,1.04169,0.84865,0.12495,,0.01044,0.07384,0.65
11,52,hybrid,HYBRID_ALPHA0.1_BETA0.9,0.1,0.9,100,1.0,0.60475,0.58914,0.03861,1.27418,0.95527,0.09071,,0.01137,0.0819,0.7
11,52,hybrid,HYBRID_ALPHA0.2_BETA0.8,0.2,0.8,100,1.0,0.59576,0.59844,0.03492,1.10889,0.87739,0.09231,,0.01353,0.07332,0.725
11,52,hybrid,HYBRID_ALPHA0.3_BETA0.7,0.3,0.7,100,1.0,0.59729,0.58961,0.04232,1.0107,0.82803,0.083,,0.01282,0.06328,0.725
11,52,hybrid,HYBRID_ALPHA0.4_BETA0.6,0.4,0.6,100,1.0,0.59824,0.59036,0.04731,0.92772,0.77819,0.0865,,0.01322,0.06234,0.7
11,52,hybrid,HYBRID_ALPHA0.5_BETA0.5,0.5,0.5,100,1.0,0.58044,0.5839,0.05213,0.93633,0.78367,0.08756,,0.01299,0.06485,0.725
11,52,hybrid,HYBRID_ALPHA0.6_BETA0.4,0.6,0.4,100,1.0,0.58035,0.5782,0.06321,0.9524,0.7941,0.08883,,0.01279,0.06718,0.675
11,52,hybrid,HYBRID_ALPHA0.7_BETA0.3,0.7,0.3,100,1.0,0.58919,0.58416,0.06971,0.94641,0.79149,0.09066,,0.01255,0.06774,0.7
11,52,hybrid,HYBRID_ALPHA0.8_BETA0.2,0.8,0.2,100,1.0,0.58029,0.57753,0.05533,0.9925,0.8196,0.08567,,0.01181,0.07564,0.675
11,52,hybrid,HYBRID_ALPHA0.9_BETA0.1,0.9,0.1,100,1.0,0.63401,0.60186,0.05624,1.04602,0.84689,0.09125,,0.01151,0.08856,0.675
11,52,hybrid,HYBRID_ALPHA0.1_BETA0.9,0.1,0.9,100,0.0,0.60475,0.58914,0.03861,1.16253,0.91049,0.08145,,0.01093,0.07545,0.725
11,52,hybrid,HYBRID_ALPHA0.2_BETA0.8,0.2,0.8,100,0.0,0.59576,0.59844,0.03492,1.38462,0.99764,0.11627,,0.01262,0.0927,0.7
11,52,hybrid,HYBRID_ALPHA0.3_BETA0.7,0.3,0.7,100,0.0,0.59729,0.58961,0.04232,1.39171,0.99791,0.126,,0.01108,0.09264,0.675
11,52,hybrid,HYBRID_ALPHA0.4_BETA0.6,0.4,0.6,100,0.0,0.59824,0.59036,0.04731,1.33599,0.97629,0.13151,,0.01119,0.10427,0.675
11,52,hybrid,HYBRID_ALPHA0.5_BETA0.5,0.5,0.5,100,0.0,0.58044,0.5839,0.05213,1.33863,0.97799,0.13165,,0.01105,0.10865,0.7
11,52,hybrid,HYBRID_ALPHA0.6_BETA0.4,0.6,0.4,100,0.0,0.58035,0.5782,0.06321,1.36628,0.98937,0.13112,,0.01093,0.11269,0.675
11,52,hybrid,HYBRID_ALPHA0.7_BETA0.3,0.7,0.3,100,0.0,0.58919,0.58416,0.06971,1.36356,0.989,0.13121,,0.01079,0.11561,0.675
11,52,hybrid,HYBRID_ALPHA0.8_BETA0.2,0.8,0.2,100,0.0,0.58029,0.57753,0.05533,1.44823,1.02181,0.12496,,0.01049,0.12615,0.675
11,52,hybrid,HYBRID_ALPHA0.9_BETA0.1,0.9,0.1,100,0.0,0.63401,0.60186,0.05624,1.39315,1.00166,0.12519,,0.0103,0.12708,0.675
11,52,hybrid,HYBRID_ALPHA0.1_BETA0.9,0.1,0.9,300,1.0,0.7066,0.71434,0.0229,4.57669,2.01052,0.04483,,0.00671,0.05515,0.75
11,52,hybrid,HYBRID_ALPHA0.2_BETA0.8,0.2,0.8,300,1.0,0.68126,0.69801,0.02412,2.30141,1.36691,0.04289,,0.00679,0.05361,0.775
11,52,hybrid,HYBRID_ALPHA0.3_BETA0.7,0.3,0.7,300,1.0,0.67419,0.69291,0.02253,1.72907,1.16199,0.04179,,0.00657,0.05256,0.775
11,52,hybrid,HYBRID_ALPHA0.4_BETA0.6,0.4,0.6,300,1.0,0.6644,0.68354,0.02635,1.13127,0.9051,0.04042,,0.00621,0.05233,0.75
11,52,hybrid,HYBRID_ALPHA0.5_BETA0.5,0.5,0.5,300,1.0,0.66585,0.68544,0.02627,1.03445,0.85001,0.03956,,0.00583,0.05249,0.7
11,52,hybrid,HYBRID_ALPHA0.6_BETA0.4,0.6,0.4,300,1.0,0.66391,0.68467,0.02529,1.00251,0.82962,0.03985,,0.00513,0.05921,0.625
11,52,hybrid,HYBRID_ALPHA0.7_BETA0.3,0.7,0.3,300,1.0,0.66892,0.68948,0.02491,1.3029,0.97417,0.09286,,0.01358,0.08434,0.65
11,52,hybrid,HYBRID_ALPHA0.8_BETA0.2,0.8,0.2,300,1.0,0.66799,0.6898,0.02338,1.27834,0.96053,0.09494,,0.01358,0.08172,0.675
11,52,hybrid,HYBRID_ALPHA0.9_BETA0.1,0.9,0.1,300,1.0,0.67002,0.69271,0.02149,1.18006,0.92237,0.08064,,0.00575,0.07426,0.65
11,52,hybrid,HYBRID_ALPHA0.1_BETA0.9,0.1,0.9,300,0.0,0.7066,0.71434,0.0229,4.38553,1.96257,0.03921,,0.00553,0.04949,0.75
11,52,hybrid,HYBRID_ALPHA0.2_BETA0.8,0.2,0.8,300,0.0,0.68126,0.69801,0.02412,2.15177,1.3166,0.04068,,0.00563,0.04708,0.675
11,52,hybrid,HYBRID_ALPHA0.3_BETA0.7,0.3,0.7,300,0.0,0.67419,0.69291,0.02253,1.64853,1.13117,0.04045,,0.00555,0.04779,0.7
11,52,hybrid,HYBRID_ALPHA0.4_BETA0.6,0.4,0.6,300,0.0,0.6644,0.68354,0.02635,1.09048,0.88056,0.04112,,0.00541,0.04785,0.675
11,52,hybrid,HYBRID_ALPHA0.5_BETA0.5,0.5,0.5,300,0.0,0.66585,0.68544,0.02627,0.99656,0.83018,0.04284,,0.00527,0.04718,0.625
11,52,hybrid,HYBRID_ALPHA0.6_BETA0.4,0.6,0.4,300,0.0,0.66391,0.68467,0.02529,0.94919,0.79446,0.04224,,0.00479,0.04824,0.7
11,52,hybrid,HYBRID_ALPHA0.7_BETA0.3,0.7,0.3,300,0.0,0.66892,0.68948,0.02491,2.00853,1.24485,0.12615,,0.01175,0.11698,0.7
11,52,hybrid,HYBRID_ALPHA0.8_BETA0.2,0.8,0.2,300,0.0,0.66799,0.6898,0.02338,1.91075,1.20695,0.12645,,0.01187,0.11427,0.675
11,52,hybrid,HYBRID_ALPHA0.9_BETA0.1,0.9,0.1,300,0.0,0.67002,0.69271,0.02149,1.05526,0.8513,0.08967,,0.00609,0.0541,0.675
11,52,hybrid,HYBRID_ALPHA0.1_BETA0.9,0.1,0.9,500,1.0,0.62459,0.62918,0.02211,1.98709,1.24985,0.09434,,0.01056,0.06112,0.65
11,52,hybrid,HYBRID_ALPHA0.2_BETA0.8,0.2,0.8,500,1.0,0.64687,0.65926,0.0215,2.07574,1.29851,0.08065,,0.01372,0.05971,0.625
11,52,hybrid,HYBRID_ALPHA0.3_BETA0.7,0.3,0.7,500,1.0,0.65855,0.66916,0.02095,1.68505,1.14707,0.08676,,0.01431,0.06362,0.625
11,52,hybrid,HYBRID_ALPHA0.4_BETA0.6,0.4,0.6,500,1.0,0.65774,0.66837,0.02054,1.67478,1.14329,0.08565,,0.01428,0.06137,0.65
11,52,hybrid,HYBRID_ALPHA0.5_BETA0.5,0.5,0.5,500,1.0,0.65097,0.66383,0.02018,1.42391,1.03845,0.07283,,0.01235,0.06418,0.725
11,52,hybrid,HYBRID_ALPHA0.6_BETA0.4,0.6,0.4,500,1.0,0.64622,0.66309,0.01993,0.89207,0.7494,0.03555,,0.00592,0.05083,0.725
11,52,hybrid,HYBRID_ALPHA0.7_BETA0.3,0.7,0.3,500,1.0,0.63633,0.65337,0.02008,0.87374,0.73002,0.03539,,0.00596,0.05122,0.725
11,52,hybrid,HYBRID_ALPHA0.8_BETA0.2,0.8,0.2,500,1.0,0.63821,0.65346,0.02017,0.89992,0.75813,0.03596,,0.00575,0.05622,0.7
11,52,hybrid,HYBRID_ALPHA0.9_BETA0.1,0.9,0.1,500,1.0,0.63903,0.65092,0.0207,0.90456,0.75942,0.03825,,0.00566,0.06233,0.7
11,52,hybrid,HYBRID_ALPHA0.1_BETA0.9,0.1,0.9,500,0.0,0.62459,0.62918,0.02211,2.54961,1.43997,0.12746,,0.00972,0.07636,0.7
11,52,hybrid,HYBRID_ALPHA0.2_BETA0.8,0.2,0.8,500,0.0,0.64687,0.65926,0.0215,2.69145,1.49294,0.1167,,0.01196,0.08065,0.675
11,52,hybrid,HYBRID_ALPHA0.3_BETA0.7,0.3,0.7,500,0.0,0.65855,0.66916,0.02095,2.22729,1.33065,0.12332,,0.01211,0.08617,0.625
11,52,hybrid,HYBRID_ALPHA0.4_BETA0.6,0.4,0.6,500,0.0,0.65774,0.66837,0.02054,2.24121,1.33703,0.12159,,0.01223,0.08652,0.65
11,52,hybrid,HYBRID_ALPHA0.5_BETA0.5,0.5,0.5,500,0.0,0.65097,0.66383,0.02018,1.83555,1.1873,0.10171,,0.01119,0.09192,0.65
11,52,hybrid,HYBRID_ALPHA0.6_BETA0.4,0.6,0.4,500,0.0,0.64622,0.66309,0.01993,0.87549,0.72448,0.03555,,0.00592,0.04256,0.65
11,52,hybrid,HYBRID_ALPHA0.7_BETA0.3,0.7,0.3,500,0.0,0.63633,0.65337,0.02008,0.86848,0.71285,0.03553,,0.00604,0.04518,0.65
11,52,hybrid,HYBRID_ALPHA0.8_BETA0.2,0.8,0.2,500,0.0,0.63821,0.65346,0.02017,0.88265,0.73665,0.03598,,0.00585,0.04895,0.65
11,52,hybrid,HYBRID_ALPHA0.9_BETA0.1,0.9,0.1,500,0.0,0.63903,0.65092,0.0207,0.90231,0.75641,0.03808,,0.00574,0.06153,0.675
11,52,mse,MSE,1.0,0.0,50,1.0,0.88773,0.80883,0.10067,0.95588,0.80319,0.08272,,0.01059,0.06004,0.7
11,52,mse,MSE,1.0,0.0,50,0.0,0.88773,0.80883,0.10067,1.07317,0.86454,0.12503,,0.00999,0.07934,0.55
11,52,mse,MSE,1.0,0.0,100,1.0,0.6497,0.59645,0.06746,0.92045,0.77767,0.09927,,0.01178,0.07227,0.7
11,52,mse,MSE,1.0,0.0,100,0.0,0.6497,0.59645,0.06746,1.49679,1.04308,0.13531,,0.01031,0.13602,0.65
11,52,mse,MSE,1.0,0.0,300,1.0,0.66839,0.69272,0.01959,1.1298,0.88611,0.13826,,0.01206,0.08049,0.625
11,52,mse,MSE,1.0,0.0,300,0.0,0.66839,0.69272,0.01959,1.85388,1.17943,0.15009,,0.01029,0.13025,0.65
11,52,mse,MSE,1.0,0.0,500,1.0,0.64038,0.65236,0.02258,1.13958,0.89151,0.12011,,0.00728,0.07358,0.7
11,52,mse,MSE,1.0,0.0,500,0.0,0.64038,0.65236,0.02258,1.17088,0.90677,0.12302,,0.00739,0.07834,0.6
12,53,hsic,HSIC,0.0,1.0,50,1.0,0.77226,0.60084,0.04503,1.13066,0.87549,0.15259,,0.00889,0.1336,0.725
12,53,hsic,HSIC,0.0,1.0,50,0.0,0.77226,0.60084,0.04503,2.35176,1.36593,0.1529,,0.00888,0.18308,0.825
12,53,hsic,HSIC,0.0,1.0,100,1.0,1.65959,0.96375,0.03839,1.40825,1.01041,0.15278,,0.00869,0.30088,0.8
12,53,hsic,HSIC,0.0,1.0,100,0.0,1.65959,0.96375,0.03839,4.84595,1.91205,0.10234,,0.01219,0.11491,0.775
12,53,hsic,HSIC,0.0,1.0,300,1.0,0.62958,0.58167,0.02464,1.26511,0.94555,0.15006,,0.00869,0.17547,0.8
12,53,hsic,HSIC,0.0,1.0,300,0.0,0.62958,0.58167,0.02464,2.58126,1.44346,0.14991,,0.00875,0.22602,0.825
12,53,hsic,HSIC,0.0,1.0,500,1.0,0.78218,0.59264,0.02556,1.21477,0.91872,0.15157,,0.00847,0.20919,0.85
12,53,hsic,HSIC,0.0,1.0,500,0.0,0.78218,0.59264,0.02556,2.43797,1.3948,0.15267,,0.00847,0.25234,0.85
12,53,hybrid,HYBRID_ALPHA0.1_BETA0.9,0.1,0.9,50,1.0,0.73952,0.71105,0.05988,0.95782,0.80013,0.10394,,0.01253,0.02714,0.675
12,53,hybrid,HYBRID_ALPHA0.2_BETA0.8,0.2,0.8,50,1.0,0.74533,0.70479,0.05318,0.87562,0.74211,0.08461,,0.01326,0.02715,0.6
12,53,hybrid,HYBRID_ALPHA0.3_BETA0.7,0.3,0.7,50,1.0,0.76413,0.70297,0.06558,3.39334,0.99659,0.14169,,0.00802,0.03835,0.625
12,53,hybrid,HYBRID_ALPHA0.4_BETA0.6,0.4,0.6,50,1.0,0.90456,0.74535,0.07437,1.1353,0.87194,0.14647,,0.0085,0.039,0.625
12,53,hybrid,HYBRID_ALPHA0.5_BETA0.5,0.5,0.5,50,1.0,0.90671,0.74635,0.07025,1.14351,0.87336,0.14655,,0.00846,0.03939,0.625
12,53,hybrid,HYBRID_ALPHA0.6_BETA0.4,0.6,0.4,50,1.0,0.87693,0.74293,0.07477,1.14324,0.87291,0.14606,,0.00846,0.03948,0.65
12,53,hybrid,HYBRID_ALPHA0.7_BETA0.3,0.7,0.3,50,1.0,0.90001,0.74919,0.07474,1.1577,0.87383,0.14543,,0.00838,0.03887,0.625
12,53,hybrid,HYBRID_ALPHA0.8_BETA0.2,0.8,0.2,50,1.0,0.90188,0.74946,0.0754,1.15113,0.8765,0.14655,,0.00841,0.03918,0.65
12,53,hybrid,HYBRID_ALPHA0.9_BETA0.1,0.9,0.1,50,1.0,0.90635,0.7517,0.07492,1.15049,0.87622,0.14665,,0.00843,0.03918,0.625
12,53,hybrid,HYBRID_ALPHA0.1_BETA0.9,0.1,0.9,50,0.0,0.73952,0.71105,0.05988,1.49408,1.04299,0.14429,,0.01051,0.08462,0.65
12,53,hybrid,HYBRID_ALPHA0.2_BETA0.8,0.2,0.8,50,0.0,0.74533,0.70479,0.05318,1.53582,1.05101,0.13364,,0.01329,0.09997,0.725
12,53,hybrid,HYBRID_ALPHA0.3_BETA0.7,0.3,0.7,50,0.0,0.76413,0.70297,0.06558,4.37117,1.45803,0.15616,,0.00576,0.10947,0.575
12,53,hybrid,HYBRID_ALPHA0.4_BETA0.6,0.4,0.6,50,0.0,0.90456,0.74535,0.07437,2.13295,1.28719,0.15661,,0.00814,0.10889,0.625
12,53,hybrid,HYBRID_ALPHA0.5_BETA0.5,0.5,0.5,50,0.0,0.90671,0.74635,0.07025,2.13743,1.28854,0.1566,,0.00804,0.10704,0.65
12,53,hybrid,HYBRID_ALPHA0.6_BETA0.4,0.6,0.4,50,0.0,0.87693,0.74293,0.07477,2.13373,1.28732,0.15596,,0.00801,0.10618,0.7
12,53,hybrid,HYBRID_ALPHA0.7_BETA0.3,0.7,0.3,50,0.0,0.90001,0.74919,0.07474,2.1309,1.28414,0.15458,,0.00783,0.10612,0.65
12,53,hybrid,HYBRID_ALPHA0.8_BETA0.2,0.8,0.2,50,0.0,0.90188,0.74946,0.0754,2.15824,1.29644,0.15548,,0.00793,0.11213,0.65
12,53,hybrid,HYBRID_ALPHA0.9_BETA0.1,0.9,0.1,50,0.0,0.90635,0.7517,0.07492,2.15658,1.2958,0.1555,,0.00795,0.11189,0.625
12,53,hybrid,HYBRID_ALPHA0.1_BETA0.9,0.1,0.9,100,1.0,0.62925,0.63186,0.03541,1.64911,1.11612,0.09481,,0.01051,0.0942,0.625
12,53,hybrid,HYBRID_ALPHA0.2_BETA0.8,0.2,0.8,100,1.0,0.61208,0.62581,0.03729,1.32223,0.98523,0.08038,,0.01219,0.07743,0.65
12,53,hybrid,HYBRID_ALPHA0.3_BETA0.7,0.3,0.7,100,1.0,0.61812,0.63219,0.02819,1.24229,0.94331,0.08494,,0.0124,0.07183,0.625
12,53,hybrid,HYBRID_ALPHA0.4_BETA0.6,0.4,0.6,100,1.0,0.60853,0.63087,0.03276,1.21703,0.92963,0.08583,,0.01228,0.07173,0.65
12,53,hybrid,HYBRID_ALPHA0.5_BETA0.5,0.5,0.5,100,1.0,0.60836,0.62982,0.02846,1.19058,0.91541,0.08668,,0.01218,0.07162,0.625
12,53,hybrid,HYBRID_ALPHA0.6_BETA0.4,0.6,0.4,100,1.0,0.59819,0.62293,0.02832,1.14617,0.89429,0.0865,,0.01216,0.06765,0.625
12,53,hybrid,HYBRID_ALPHA0.7_BETA0.3,0.7,0.3,100,1.0,0.60846,0.6349,0.03194,1.08985,0.86668,0.08736,,0.01206,0.0625,0.65
12,53,hybrid,HYBRID_ALPHA0.8_BETA0.2,0.8,0.2,100,1.0,0.60779,0.63536,0.02992,1.02183,0.83435,0.08741,,0.01189,0.05594,0.65
12,53,hybrid,HYBRID_ALPHA0.9_BETA0.1,0.9,0.1,100,1.0,0.61489,0.63933,0.02987,0.97525,0.81082,0.08983,,0.01176,0.05045,0.7
12,53,hybrid,HYBRID_ALPHA0.1_BETA0.9,0.1,0.9,100,0.0,0.62925,0.63186,0.03541,1.5076,1.06304,0.08042,,0.0085,0.07494,0.75
12,53,hybrid,HYBRID_ALPHA0.2_BETA0.8,0.2,0.8,100,0.0,0.61208,0.62581,0.03729,1.45758,1.02508,0.12547,,0.01077,0.09338,0.625
12,53,hybrid,HYBRID_ALPHA0.3_BETA0.7,0.3,0.7,100,0.0,0.61812,0.63219,0.02819,1.47104,1.02985,0.12841,,0.01085,0.10076,0.625
12,53,hybrid,HYBRID_ALPHA0.4_BETA0.6,0.4,0.6,100,0.0,0.60853,0.63087,0.03276,1.44208,1.01837,0.12912,,0.01087,0.10143,0.625
12,53,hybrid,HYBRID_ALPHA0.5_BETA0.5,0.5,0.5,100,0.0,0.60836,0.62982,0.02846,1.41902,1.00943,0.1295,,0.01088,0.09929,0.625
12,53,hybrid,HYBRID_ALPHA0.6_BETA0.4,0.6,0.4,100,0.0,0.59819,0.62293,0.02832,1.38683,0.99683,0.12917,,0.01099,0.09771,0.625
12,53,hybrid,HYBRID_ALPHA0.7_BETA0.3,0.7,0.3,100,0.0,0.60846,0.6349,0.03194,1.3692,0.98958,0.12927,,0.01109,0.09862,0.625
12,53,hybrid,HYBRID_ALPHA0.8_BETA0.2,0.8,0.2,100,0.0,0.60779,0.63536,0.02992,1.35314,0.98129,0.12822,,0.01154,0.09995,0.65
12,53,hybrid,HYBRID_ALPHA0.9_BETA0.1,0.9,0.1,100,0.0,0.61489,0.63933,0.02987,1.34901,0.98062,0.12932,,0.01154,0.10309,0.675
12,53,hybrid,HYBRID_ALPHA0.1_BETA0.9,0.1,0.9,300,1.0,0.5828,0.59237,0.0284,1.19736,0.91999,0.09765,,0.00979,0.04801,0.725
12,53,hybrid,HYBRID_ALPHA0.2_BETA0.8,0.2,0.8,300,1.0,0.58311,0.59574,0.0278,1.1965,0.92641,0.06638,,0.00951,0.08499,0.65
12,53,hybrid,HYBRID_ALPHA0.3_BETA0.7,0.3,0.7,300,1.0,0.58144,0.59557,0.02839,1.06589,0.8564,0.04588,,0.00819,0.08852,0.775
12,53,hybrid,HYBRID_ALPHA0.4_BETA0.6,0.4,0.6,300,1.0,0.57724,0.59656,0.02826,1.13666,0.89673,0.06794,,0.00985,0.07375,0.7
12,53,hybrid,HYBRID_ALPHA0.5_BETA0.5,0.5,0.5,300,1.0,0.57683,0.59661,0.02789,1.04937,0.85531,0.0393,,0.00663,0.08259,0.75
12,53,hybrid,HYBRID_ALPHA0.6_BETA0.4,0.6,0.4,300,1.0,0.57332,0.59857,0.02428,1.14829,0.89923,0.07442,,0.0104,0.07682,0.65
12,53,hybrid,HYBRID_ALPHA0.7_BETA0.3,0.7,0.3,300,1.0,0.58025,0.60536,0.02264,1.13124,0.8905,0.07744,,0.01052,0.07499,0.675
12,53,hybrid,HYBRID_ALPHA0.8_BETA0.2,0.8,0.2,300,1.0,0.57493,0.59825,0.02774,1.05948,0.8528,0.08701,,0.01129,0.06315,0.725
12,53,hybrid,HYBRID_ALPHA0.9_BETA0.1,0.9,0.1,300,1.0,0.57713,0.60059,0.02891,1.0204,0.83496,0.09087,,0.0112,0.05776,0.725
12,53,hybrid,HYBRID_ALPHA0.1_BETA0.9,0.1,0.9,300,0.0,0.5828,0.59237,0.0284,1.65957,1.11029,0.13658,,0.0089,0.07996,0.6
12,53,hybrid,HYBRID_ALPHA0.2_BETA0.8,0.2,0.8,300,0.0,0.58311,0.59574,0.0278,0.91345,0.77648,0.04537,,0.00714,0.04358,0.7
12,53,hybrid,HYBRID_ALPHA0.3_BETA0.7,0.3,0.7,300,0.0,0.58144,0.59557,0.02839,0.93449,0.73126,0.04498,,0.00845,0.04442,0.7
12,53,hybrid,HYBRID_ALPHA0.4_BETA0.6,0.4,0.6,300,0.0,0.57724,0.59656,0.02826,1.12953,0.89236,0.10364,,0.00944,0.0675,0.675
12,53,hybrid,HYBRID_ALPHA0.5_BETA0.5,0.5,0.5,300,0.0,0.57683,0.59661,0.02789,0.9055,0.74329,0.04345,,0.00629,0.041,0.7
12,53,hybrid,HYBRID_ALPHA0.6_BETA0.4,0.6,0.4,300,0.0,0.57332,0.59857,0.02428,1.14622,0.89924,0.10844,,0.00979,0.07145,0.675
12,53,hybrid,HYBRID_ALPHA0.7_BETA0.3,0.7,0.3,300,0.0,0.58025,0.60536,0.02264,1.16695,0.90828,0.11051,,0.00985,0.07491,0.725
12,53,hybrid,HYBRID_ALPHA0.8_BETA0.2,0.8,0.2,300,0.0,0.57493,0.59825,0.02774,1.24552,0.94126,0.12012,,0.01024,0.08272,0.7
12,53,hybrid,HYBRID_ALPHA0.9_BETA0.1,0.9,0.1,300,0.0,0.57713,0.60059,0.02891,1.28704,0.9596,0.12276,,0.01014,0.08767,0.625
12,53,hybrid,HYBRID_ALPHA0.1_BETA0.9,0.1,0.9,500,1.0,0.60481,0.62944,0.02421,1.27115,0.95668,0.0859,,0.00907,0.04352,0.6
12,53,hybrid,HYBRID_ALPHA0.2_BETA0.8,0.2,0.8,500,1.0,0.60944,0.63394,0.0254,1.0904,0.88004,0.0619,,0.01155,0.05842,0.7
12,53,hybrid,HYBRID_ALPHA0.3_BETA0.7,0.3,0.7,500,1.0,0.60803,0.63222,0.02507,1.09068,0.87397,0.0705,,0.01194,0.05167,0.625
12,53,hybrid,HYBRID_ALPHA0.4_BETA0.6,0.4,0.6,500,1.0,0.60843,0.63301,0.02588,1.04603,0.84955,0.07266,,0.012,0.0517,0.65
12,53,hybrid,HYBRID_ALPHA0.5_BETA0.5,0.5,0.5,500,1.0,0.61153,0.63656,0.02634,1.02972,0.8397,0.07613,,0.01202,0.05275,0.725
12,53,hybrid,HYBRID_ALPHA0.6_BETA0.4,0.6,0.4,500,1.0,0.61863,0.63835,0.03039,1.02507,0.83719,0.0792,,0.01183,0.05441,0.675
12,53,hybrid,HYBRID_ALPHA0.7_BETA0.3,0.7,0.3,500,1.0,0.61295,0.63406,0.03014,1.02119,0.83834,0.08717,,0.0103,0.06162,0.75
12,53,hybrid,HYBRID_ALPHA0.8_BETA0.2,0.8,0.2,500,1.0,0.62078,0.63998,0.03211,1.04165,0.85041,0.09084,,0.00975,0.06531,0.725
12,53,hybrid,HYBRID_ALPHA0.9_BETA0.1,0.9,0.1,500,1.0,0.6183,0.63507,0.03483,1.06178,0.86117,0.09774,,0.00942,0.06771,0.65
12,53,hybrid,HYBRID_ALPHA0.1_BETA0.9,0.1,0.9,500,0.0,0.60481,0.62944,0.02421,1.48406,1.0442,0.1129,,0.00827,0.05432,0.55
12,53,hybrid,HYBRID_ALPHA0.2_BETA0.8,0.2,0.8,500,0.0,0.60944,0.63394,0.0254,0.98703,0.82058,0.06329,,0.00969,0.0472,0.625
12,53,hybrid,HYBRID_ALPHA0.3_BETA0.7,0.3,0.7,500,0.0,0.60803,0.63222,0.02507,1.26614,0.94719,0.10917,,0.0107,0.06762,0.6
12,53,hybrid,HYBRID_ALPHA0.4_BETA0.6,0.4,0.6,500,0.0,0.60843,0.63301,0.02588,1.26087,0.94437,0.11035,,0.01081,0.07321,0.675
12,53,hybrid,HYBRID_ALPHA0.5_BETA0.5,0.5,0.5,500,0.0,0.61153,0.63656,0.02634,1.25129,0.94001,0.11303,,0.01081,0.07591,0.625
12,53,hybrid,HYBRID_ALPHA0.6_BETA0.4,0.6,0.4,500,0.0,0.61863,0.63835,0.03039,1.25543,0.94275,0.11453,,0.01066,0.07921,0.65
12,53,hybrid,HYBRID_ALPHA0.7_BETA0.3,0.7,0.3,500,0.0,0.61295,0.63406,0.03014,0.99372,0.82208,0.11344,,0.00968,0.05065,0.6
12,53,hybrid,HYBRID_ALPHA0.8_BETA0.2,0.8,0.2,500,0.0,0.62078,0.63998,0.03211,0.99784,0.82335,0.11504,,0.00934,0.0509,0.625
12,53,hybrid,HYBRID_ALPHA0.9_BETA0.1,0.9,0.1,500,0.0,0.6183,0.63507,0.03483,1.01628,0.83315,0.11851,,0.00912,0.05332,0.65
12,53,mse,MSE,1.0,0.0,50,1.0,0.90851,0.74095,0.07062,1.15051,0.87626,0.14672,,0.00844,0.03916,0.65
12,53,mse,MSE,1.0,0.0,50,0.0,0.90851,0.74095,0.07062,2.15527,1.2953,0.15551,,0.00795,0.11208,0.625
12,53,mse,MSE,1.0,0.0,100,1.0,0.62885,0.63628,0.02872,0.93701,0.78957,0.0919,,0.01158,0.04618,0.625
12,53,mse,MSE,1.0,0.0,100,0.0,0.62885,0.63628,0.02872,1.37228,0.99239,0.12841,,0.01155,0.10958,0.675
12,53,mse,MSE,1.0,0.0,300,1.0,0.58002,0.60598,0.03291,1.0722,0.85281,0.04418,,0.00748,0.08256,0.75
12,53,mse,MSE,1.0,0.0,300,0.0,0.58002,0.60598,0.03291,0.97453,0.77353,0.04381,,0.00764,0.05497,0.75
12,53,mse,MSE,1.0,0.0,500,1.0,0.62101,0.63588,0.03985,1.05483,0.85845,0.10371,,0.00917,0.06511,0.65
12,53,mse,MSE,1.0,0.0,500,0.0,0.62101,0.63588,0.03985,1.03575,0.84337,0.12211,,0.00897,0.05609,0.65
13,54,hsic,HSIC,0.0,1.0,50,1.0,1.10652,0.77018,0.07818,1.10539,0.86123,0.15317,,0.0088,0.42801,0.9
13,54,hsic,HSIC,0.0,1.0,50,0.0,1.10652,0.77018,0.07818,2.23354,1.32365,0.15352,,0.00875,0.44094,0.925
13,54,hsic,HSIC,0.0,1.0,100,1.0,0.7341,0.58183,0.01977,1.305,0.98846,0.04097,,0.00484,0.36661,0.9
13,54,hsic,HSIC,0.0,1.0,100,0.0,0.7341,0.58183,0.01977,1.25417,0.95764,0.05759,,0.00628,0.36724,0.85
13,54,hsic,HSIC,0.0,1.0,300,1.0,0.72794,0.57487,0.02059,1.19535,0.9053,0.15367,,0.00852,0.2726,0.9
13,54,hsic,HSIC,0.0,1.0,300,0.0,0.72794,0.57487,0.02059,2.40817,1.38397,0.15648,,0.00856,0.30556,0.85
13,54,hsic,HSIC,0.0,1.0,500,1.0,0.65901,0.56223,0.01953,1.2449,0.93305,0.1521,,0.00847,0.27039,0.925
13,54,hsic,HSIC,0.0,1.0,500,0.0,0.65901,0.56223,0.01953,2.44272,1.39599,0.15478,,0.0085,0.302,0.85
13,54,hybrid,HYBRID_ALPHA0.1_BETA0.9,0.1,0.9,50,1.0,0.71201,0.57486,0.02949,1.12255,0.88299,0.10488,,0.01123,0.06481,0.575
13,54,hybrid,HYBRID_ALPHA0.2_BETA0.8,0.2,0.8,50,1.0,0.65111,0.54917,0.02385,1.13113,0.8844,0.09867,,0.01199,0.06615,0.6
13,54,hybrid,HYBRID_ALPHA0.3_BETA0.7,0.3,0.7,50,1.0,0.62589,0.54636,0.02331,1.15486,0.89622,0.09359,,0.01212,0.06386,0.65
13,54,hybrid,HYBRID_ALPHA0.4_BETA0.6,0.4,0.6,50,1.0,0.6257,0.54754,0.02373,1.15237,0.89564,0.09222,,0.01204,0.06537,0.625
13,54,hybrid,HYBRID_ALPHA0.5_BETA0.5,0.5,0.5,50,1.0,0.62983,0.55384,0.02377,1.13276,0.88676,0.091,,0.01202,0.06525,0.625
13,54,hybrid,HYBRID_ALPHA0.6_BETA0.4,0.6,0.4,50,1.0,0.66349,0.57798,0.03003,1.09843,0.87042,0.08999,,0.01203,0.06456,0.65
13,54,hybrid,HYBRID_ALPHA0.7_BETA0.3,0.7,0.3,50,1.0,0.67146,0.57979,0.03079,1.07121,0.85724,0.0897,,0.01204,0.06391,0.65
13,54,hybrid,HYBRID_ALPHA0.8_BETA0.2,0.8,0.2,50,1.0,0.68036,0.58124,0.03376,1.01912,0.83224,0.09134,,0.01203,0.06389,0.65
13,54,hybrid,HYBRID_ALPHA0.9_BETA0.1,0.9,0.1,50,1.0,0.68831,0.58716,0.04152,1.04603,0.84678,0.08244,,0.01183,0.06593,0.7
13,54,hybrid,HYBRID_ALPHA0.1_BETA0.9,0.1,0.9,50,0.0,0.71201,0.57486,0.02949,2.18561,1.30906,0.13666,,0.00992,0.12827,0.625
13,54,hybrid,HYBRID_ALPHA0.2_BETA0.8,0.2,0.8,50,0.0,0.65111,0.54917,0.02385,2.24149,1.3292,0.13334,,0.01035,0.13133,0.625
13,54,hybrid,HYBRID_ALPHA0.3_BETA0.7,0.3,0.7,50,0.0,0.62589,0.54636,0.02331,2.25207,1.33367,0.12981,,0.01046,0.1275,0.625
13,54,hybrid,HYBRID_ALPHA0.4_BETA0.6,0.4,0.6,50,0.0,0.6257,0.54754,0.02373,2.23516,1.32809,0.12879,,0.01043,0.12983,0.625
13,54,hybrid,HYBRID_ALPHA0.5_BETA0.5,0.5,0.5,50,0.0,0.62983,0.55384,0.02377,2.18152,1.30929,0.12809,,0.01043,0.12951,0.625
13,54,hybrid,HYBRID_ALPHA0.6_BETA0.4,0.6,0.4,50,0.0,0.66349,0.57798,0.03003,2.09831,1.27918,0.12767,,0.01045,0.12831,0.6
13,54,hybrid,HYBRID_ALPHA0.7_BETA0.3,0.7,0.3,50,0.0,0.67146,0.57979,0.03079,2.03866,1.25672,0.12806,,0.01047,0.12758,0.6
13,54,hybrid,HYBRID_ALPHA0.8_BETA0.2,0.8,0.2,50,0.0,0.68036,0.58124,0.03376,1.94374,1.21985,0.13083,,0.01045,0.12822,0.6
13,54,hybrid,HYBRID_ALPHA0.9_BETA0.1,0.9,0.1,50,0.0,0.68831,0.58716,0.04152,1.74926,1.14346,0.12448,,0.01066,0.12192,0.6
13,54,hybrid,HYBRID_ALPHA0.1_BETA0.9,0.1,0.9,100,1.0,0.6257,0.64475,0.02043,1.46593,1.05152,0.0661,,0.00717,0.02606,0.625
13,54,hybrid,HYBRID_ALPHA0.2_BETA0.8,0.2,0.8,100,1.0,0.65419,0.67091,0.02076,1.19344,0.9411,0.04603,,0.01039,0.02306,0.625
13,54,hybrid,HYBRID_ALPHA0.3_BETA0.7,0.3,0.7,100,1.0,0.63458,0.6529,0.01926,1.02918,0.851,0.04651,,0.01034,0.02303,0.55
13,54,hybrid,HYBRID_ALPHA0.4_BETA0.6,0.4,0.6,100,1.0,0.62275,0.64406,0.01938,0.93824,0.79208,0.05032,,0.01032,0.02339,0.6
13,54,hybrid,HYBRID_ALPHA0.5_BETA0.5,0.5,0.5,100,1.0,0.62092,0.6455,0.02073,0.86532,0.74081,0.06668,,0.00781,0.02789,0.675
13,54,hybrid,HYBRID_ALPHA0.6_BETA0.4,0.6,0.4,100,1.0,0.61788,0.63952,0.01948,0.87682,0.74248,0.08432,,0.0124,0.02899,0.55
13,54,hybrid,HYBRID_ALPHA0.7_BETA0.3,0.7,0.3,100,1.0,0.62301,0.64659,0.02151,0.88673,0.7583,0.07881,,0.00727,0.03118,0.6
13,54,hybrid,HYBRID_ALPHA0.8_BETA0.2,0.8,0.2,100,1.0,0.61615,0.64131,0.02175,0.89134,0.76056,0.08408,,0.0075,0.03449,0.575
13,54,hybrid,HYBRID_ALPHA0.9_BETA0.1,0.9,0.1,100,1.0,0.61586,0.64217,0.02465,0.91934,0.78134,0.09291,,0.00769,0.04239,0.7
13,54,hybrid,HYBRID_ALPHA0.1_BETA0.9,0.1,0.9,100,0.0,0.6257,0.64475,0.02043,1.72402,1.1476,0.09592,,0.00777,0.03406,0.625
13,54,hybrid,HYBRID_ALPHA0.2_BETA0.8,0.2,0.8,100,0.0,0.65419,0.67091,0.02076,1.41435,1.01615,0.08728,,0.00919,0.03145,0.65
13,54,hybrid,HYBRID_ALPHA0.3_BETA0.7,0.3,0.7,100,0.0,0.63458,0.6529,0.01926,1.19495,0.91773,0.08891,,0.00929,0.0314,0.625
13,54,hybrid,HYBRID_ALPHA0.4_BETA0.6,0.4,0.6,100,0.0,0.62275,0.64406,0.01938,1.07988,0.86863,0.09438,,0.0095,0.03251,0.625
13,54,hybrid,HYBRID_ALPHA0.5_BETA0.5,0.5,0.5,100,0.0,0.62092,0.6455,0.02073,0.92471,0.77682,0.09635,,0.00739,0.03328,0.675
13,54,hybrid,HYBRID_ALPHA0.6_BETA0.4,0.6,0.4,100,0.0,0.61788,0.63952,0.01948,1.18415,0.91341,0.12646,,0.01092,0.06603,0.6
13,54,hybrid,HYBRID_ALPHA0.7_BETA0.3,0.7,0.3,100,0.0,0.62301,0.64659,0.02151,0.92892,0.77235,0.10636,,0.00752,0.0336,0.575
13,54,hybrid,HYBRID_ALPHA0.8_BETA0.2,0.8,0.2,100,0.0,0.61615,0.64131,0.02175,0.92685,0.76625,0.109,,0.00769,0.03494,0.6
13,54,hybrid,HYBRID_ALPHA0.9_BETA0.1,0.9,0.1,100,0.0,0.61586,0.64217,0.02465,0.93845,0.77683,0.11286,,0.00782,0.03932,0.625
13,54,hybrid,HYBRID_ALPHA0.1_BETA0.9,0.1,0.9,300,1.0,0.59686,0.59977,0.01973,1.64005,1.10776,0.11422,,0.00818,0.06202,0.575
13,54,hybrid,HYBRID_ALPHA0.2_BETA0.8,0.2,0.8,300,1.0,0.59533,0.59471,0.01794,1.1072,0.89129,0.05182,,0.00727,0.06308,0.7
13,54,hybrid,HYBRID_ALPHA0.3_BETA0.7,0.3,0.7,300,1.0,0.5919,0.58974,0.01744,1.04669,0.8589,0.05201,,0.00737,0.06354,0.675
13,54,hybrid,HYBRID_ALPHA0.4_BETA0.6,0.4,0.6,300,1.0,0.58645,0.59051,0.01682,1.04063,0.85548,0.05231,,0.00739,0.06433,0.65
13,54,hybrid,HYBRID_ALPHA0.5_BETA0.5,0.5,0.5,300,1.0,0.57637,0.58893,0.0166,1.03919,0.854,0.05602,,0.0077,0.06587,0.675
13,54,hybrid,HYBRID_ALPHA0.6_BETA0.4,0.6,0.4,300,1.0,0.57957,0.59068,0.01768,1.04848,0.85825,0.05696,,0.00768,0.06697,0.625
13,54,hybrid,HYBRID_ALPHA0.7_BETA0.3,0.7,0.3,300,1.0,0.5805,0.58975,0.01842,1.04628,0.85703,0.05447,,0.00717,0.06774,0.625
13,54,hybrid,HYBRID_ALPHA0.8_BETA0.2,0.8,0.2,300,1.0,0.58422,0.59221,0.01856,1.04659,0.85687,0.05282,,0.00658,0.06844,0.625
13,54,hybrid,HYBRID_ALPHA0.9_BETA0.1,0.9,0.1,300,1.0,0.58619,0.59348,0.02003,1.0414,0.85621,0.05209,,0.00597,0.06837,0.65
13,54,hybrid,HYBRID_ALPHA0.1_BETA0.9,0.1,0.9,300,0.0,0.59686,0.59977,0.01973,2.08949,1.2755,0.13741,,0.00846,0.08934,0.6
13,54,hybrid,HYBRID_ALPHA0.2_BETA0.8,0.2,0.8,300,0.0,0.59533,0.59471,0.01794,1.02402,0.84462,0.08451,,0.00788,0.05182,0.625
13,54,hybrid,HYBRID_ALPHA0.3_BETA0.7,0.3,0.7,300,0.0,0.5919,0.58974,0.01744,0.96243,0.80827,0.08074,,0.00786,0.0488,0.6
13,54,hybrid,HYBRID_ALPHA0.4_BETA0.6,0.4,0.6,300,0.0,0.58645,0.59051,0.01682,0.9451,0.79765,0.0783,,0.00779,0.04706,0.575
13,54,hybrid,HYBRID_ALPHA0.5_BETA0.5,0.5,0.5,300,0.0,0.57637,0.58893,0.0166,0.94137,0.79548,0.0802,,0.00798,0.04772,0.6
13,54,hybrid,HYBRID_ALPHA0.6_BETA0.4,0.6,0.4,300,0.0,0.57957,0.59068,0.01768,0.94587,0.80002,0.07968,,0.00791,0.04866,0.6
13,54,hybrid,HYBRID_ALPHA0.7_BETA0.3,0.7,0.3,300,0.0,0.5805,0.58975,0.01842,0.93983,0.79757,0.0752,,0.00742,0.04845,0.575
13,54,hybrid,HYBRID_ALPHA0.8_BETA0.2,0.8,0.2,300,0.0,0.58422,0.59221,0.01856,0.93794,0.7977,0.0707,,0.00683,0.04845,0.625
13,54,hybrid,HYBRID_ALPHA0.9_BETA0.1,0.9,0.1,300,0.0,0.58619,0.59348,0.02003,0.93924,0.79989,0.0662,,0.00618,0.04901,0.625
13,54,hybrid,HYBRID_ALPHA0.1_BETA0.9,0.1,0.9,500,1.0,0.63107,0.64956,0.02048,1.06741,0.8766,0.03681,,0.00627,0.05499,0.675
13,54,hybrid,HYBRID_ALPHA0.2_BETA0.8,0.2,0.8,500,1.0,0.61611,0.63429,0.01975,0.93218,0.79472,0.03697,,0.00752,0.0482,0.7
13,54,hybrid,HYBRID_ALPHA0.3_BETA0.7,0.3,0.7,500,1.0,0.61331,0.63142,0.02012,1.11203,0.87985,0.08888,,0.0134,0.05781,0.675
13,54,hybrid,HYBRID_ALPHA0.4_BETA0.6,0.4,0.6,500,1.0,0.61156,0.63015,0.01964,0.92654,0.78937,0.03779,,0.00738,0.04812,0.725
13,54,hybrid,HYBRID_ALPHA0.5_BETA0.5,0.5,0.5,500,1.0,0.61759,0.63713,0.01911,0.86714,0.73411,0.03963,,0.00926,0.04132,0.675
13,54,hybrid,HYBRID_ALPHA0.6_BETA0.4,0.6,0.4,500,1.0,0.61196,0.63078,0.01957,0.94851,0.80239,0.04113,,0.00721,0.05005,0.7
13,54,hybrid,HYBRID_ALPHA0.7_BETA0.3,0.7,0.3,500,1.0,0.61011,0.6291,0.01903,0.95764,0.8072,0.04387,,0.00723,0.05099,0.675
13,54,hybrid,HYBRID_ALPHA0.8_BETA0.2,0.8,0.2,500,1.0,0.60752,0.62799,0.0192,0.95117,0.80395,0.04438,,0.00778,0.05083,0.7
13,54,hybrid,HYBRID_ALPHA0.9_BETA0.1,0.9,0.1,500,1.0,0.60739,0.62788,0.01931,0.99516,0.82856,0.05521,,0.0075,0.05528,0.625
13,54,hybrid,HYBRID_ALPHA0.1_BETA0.9,0.1,0.9,500,0.0,0.63107,0.64956,0.02048,0.95632,0.80917,0.04699,,0.00624,0.0429,0.7
13,54,hybrid,HYBRID_ALPHA0.2_BETA0.8,0.2,0.8,500,0.0,0.61611,0.63429,0.01975,0.85469,0.72459,0.03707,,0.00746,0.03663,0.725
13,54,hybrid,HYBRID_ALPHA0.3_BETA0.7,0.3,0.7,500,0.0,0.61331,0.63142,0.02012,1.58001,1.07561,0.12454,,0.01122,0.08881,0.6
13,54,hybrid,HYBRID_ALPHA0.4_BETA0.6,0.4,0.6,500,0.0,0.61156,0.63015,0.01964,0.86135,0.72569,0.03788,,0.00734,0.03718,0.7
13,54,hybrid,HYBRID_ALPHA0.5_BETA0.5,0.5,0.5,500,0.0,0.61759,0.63713,0.01911,0.85548,0.71718,0.0395,,0.0095,0.03894,0.725
13,54,hybrid,HYBRID_ALPHA0.6_BETA0.4,0.6,0.4,500,0.0,0.61196,0.63078,0.01957,0.881,0.74382,0.04185,,0.00715,0.03849,0.7
13,54,hybrid,HYBRID_ALPHA0.7_BETA0.3,0.7,0.3,500,0.0,0.61011,0.6291,0.01903,0.89263,0.75507,0.04537,,0.00717,0.03987,0.7
13,54,hybrid,HYBRID_ALPHA0.8_BETA0.2,0.8,0.2,500,0.0,0.60752,0.62799,0.0192,0.89007,0.75376,0.04417,,0.00777,0.04137,0.7
13,54,hybrid,HYBRID_ALPHA0.9_BETA0.1,0.9,0.1,500,0.0,0.60739,0.62788,0.01931,0.93456,0.79016,0.05733,,0.00747,0.04519,0.65
13,54,mse,MSE,1.0,0.0,50,1.0,0.68318,0.59248,0.05506,1.02925,0.8402,0.10493,,0.0116,0.0727,0.625
13,54,mse,MSE,1.0,0.0,50,0.0,0.68318,0.59248,0.05506,1.89323,1.1985,0.1385,,0.01013,0.13788,0.675
13,54,mse,MSE,1.0,0.0,100,1.0,0.62849,0.65865,0.04928,0.95949,0.80187,0.10668,,0.00692,0.04425,0.675
13,54,mse,MSE,1.0,0.0,100,0.0,0.62849,0.65865,0.04928,0.98379,0.81201,0.11587,,0.00708,0.04693,0.675
13,54,mse,MSE,1.0,0.0,300,1.0,0.58216,0.59636,0.02141,1.05091,0.85229,0.09324,,0.01046,0.06848,0.675
13,54,mse,MSE,1.0,0.0,300,0.0,0.58216,0.59636,0.02141,1.37372,0.99415,0.11602,,0.0099,0.10464,0.6
13,54,mse,MSE,1.0,0.0,500,1.0,0.61026,0.63167,0.01849,1.04972,0.85895,0.07042,,0.00771,0.06262,0.65
13,54,mse,MSE,1.0,0.0,500,0.0,0.61026,0.63167,0.01849,0.99996,0.83225,0.07381,,0.00772,0.05453,0.675
14,55,hsic,HSIC,0.0,1.0,50,1.0,0.97186,0.79336,0.16826,1.51146,0.89045,0.18056,,0.02107,0.12675,0.675
14,55,hsic,HSIC,0.0,1.0,50,0.0,0.97186,0.79336,0.16826,1.14205,0.82467,0.17223,,0.01803,0.16128,0.775
14,55,hsic,HSIC,0.0,1.0,100,1.0,0.63312,0.58378,0.03513,1.23253,0.92366,0.161,,0.00857,0.14417,0.725
14,55,hsic,HSIC,0.0,1.0,100,0.0,0.63312,0.58378,0.03513,2.49284,1.41116,0.16172,,0.00852,0.1984,0.825
14,55,hsic,HSIC,0.0,1.0,300,1.0,0.75221,0.57529,0.02193,1.26786,0.94705,0.14998,,0.0087,0.22263,0.875
14,55,hsic,HSIC,0.0,1.0,300,0.0,0.75221,0.57529,0.02193,2.50381,1.41812,0.14963,,0.00883,0.25923,0.8
14,55,hsic,HSIC,0.0,1.0,500,1.0,0.69584,0.56275,0.02902,1.12475,0.87041,0.15147,,0.00863,0.40709,0.925
14,55,hsic,HSIC,0.0,1.0,500,0.0,0.69584,0.56275,0.02902,2.24825,1.32945,0.15174,,0.0086,0.4344,0.95
14,55,hybrid,HYBRID_ALPHA0.1_BETA0.9,0.1,0.9,50,1.0,0.93787,0.78192,0.15679,0.90849,0.76119,0.08292,,0.01405,0.05095,0.675
14,55,hybrid,HYBRID_ALPHA0.2_BETA0.8,0.2,0.8,50,1.0,0.89161,0.76485,0.14356,0.86011,0.72162,0.08143,,0.01392,0.04795,0.675
14,55,hybrid,HYBRID_ALPHA0.3_BETA0.7,0.3,0.7,50,1.0,0.83683,0.74426,0.13567,0.8085,0.63636,0.04294,,0.0114,0.03377,0.575
14,55,hybrid,HYBRID_ALPHA0.4_BETA0.6,0.4,0.6,50,1.0,0.78168,0.72104,0.12126,0.80947,0.63379,0.04443,,0.01159,0.03345,0.6
14,55,hybrid,HYBRID_ALPHA0.5_BETA0.5,0.5,0.5,50,1.0,0.75222,0.70389,0.10828,0.85307,0.64259,0.07028,,0.01449,0.03668,0.625
14,55,hybrid,HYBRID_ALPHA0.6_BETA0.4,0.6,0.4,50,1.0,0.72979,0.68985,0.09855,0.84587,0.64335,0.07161,,0.01457,0.03685,0.6
14,55,hybrid,HYBRID_ALPHA0.7_BETA0.3,0.7,0.3,50,1.0,0.70878,0.67593,0.08897,0.83358,0.68639,0.08503,,0.01381,0.04183,0.675
14,55,hybrid,HYBRID_ALPHA0.8_BETA0.2,0.8,0.2,50,1.0,0.60199,0.59915,0.02315,0.83757,0.69732,0.08488,,0.01331,0.04159,0.65
14,55,hybrid,HYBRID_ALPHA0.9_BETA0.1,0.9,0.1,50,1.0,0.6045,0.60382,0.02646,0.8387,0.70008,0.08616,,0.01314,0.04123,0.65
14,55,hybrid,HYBRID_ALPHA0.1_BETA0.9,0.1,0.9,50,0.0,0.93787,0.78192,0.15679,0.91737,0.70834,0.08694,,0.01582,0.04278,0.7
14,55,hybrid,HYBRID_ALPHA0.2_BETA0.8,0.2,0.8,50,0.0,0.89161,0.76485,0.14356,0.86532,0.72024,0.06827,,0.01267,0.05172,0.7
14,55,hybrid,HYBRID_ALPHA0.3_BETA0.7,0.3,0.7,50,0.0,0.83683,0.74426,0.13567,0.83235,0.70358,0.07069,,0.01179,0.04571,0.65
14,55,hybrid,HYBRID_ALPHA0.4_BETA0.6,0.4,0.6,50,0.0,0.78168,0.72104,0.12126,0.82889,0.70039,0.07337,,0.012,0.0462,0.675
14,55,hybrid,HYBRID_ALPHA0.5_BETA0.5,0.5,0.5,50,0.0,0.75222,0.70389,0.10828,0.90905,0.76039,0.12723,,0.01435,0.05888,0.625
14,55,hybrid,HYBRID_ALPHA0.6_BETA0.4,0.6,0.4,50,0.0,0.72979,0.68985,0.09855,0.89944,0.755,0.12521,,0.01372,0.05644,0.65
14,55,hybrid,HYBRID_ALPHA0.7_BETA0.3,0.7,0.3,50,0.0,0.70878,0.67593,0.08897,1.10217,0.87517,0.13183,,0.01138,0.0936,0.625
14,55,hybrid,HYBRID_ALPHA0.8_BETA0.2,0.8,0.2,50,0.0,0.60199,0.59915,0.02315,1.15434,0.89958,0.12951,,0.01066,0.09404,0.675
14,55,hybrid,HYBRID_ALPHA0.9_BETA0.1,0.9,0.1,50,0.0,0.6045,0.60382,0.02646,1.15188,0.89764,0.13115,,0.0114,0.09425,0.7
14,55,hybrid,HYBRID_ALPHA0.1_BETA0.9,0.1,0.9,100,1.0,0.61506,0.62874,0.03545,1.14396,0.89423,0.10505,,0.01084,0.05979,0.625
14,55,hybrid,HYBRID_ALPHA0.2_BETA0.8,0.2,0.8,100,1.0,0.61789,0.62316,0.03844,1.02605,0.83561,0.09639,,0.01219,0.05309,0.675
14,55,hybrid,HYBRID_ALPHA0.3_BETA0.7,0.3,0.7,100,1.0,0.62223,0.6281,0.044,0.97366,0.80733,0.08915,,0.01272,0.05261,0.7
14,55,hybrid,HYBRID_ALPHA0.4_BETA0.6,0.4,0.6,100,1.0,0.62352,0.62689,0.04707,0.96969,0.80596,0.09155,,0.01246,0.05388,0.675
14,55,hybrid,HYBRID_ALPHA0.5_BETA0.5,0.5,0.5,100,1.0,0.62467,0.62542,0.04922,0.95214,0.79469,0.08858,,0.01271,0.05233,0.675
14,55,hybrid,HYBRID_ALPHA0.6_BETA0.4,0.6,0.4,100,1.0,0.62989,0.62428,0.05217,0.9261,0.77812,0.0857,,0.01272,0.05064,0.675
14,55,hybrid,HYBRID_ALPHA0.7_BETA0.3,0.7,0.3,100,1.0,0.6373,0.62046,0.04535,0.90964,0.76712,0.08574,,0.0126,0.0508,0.675
14,55,hybrid,HYBRID_ALPHA0.8_BETA0.2,0.8,0.2,100,1.0,0.62502,0.62658,0.05919,0.89692,0.75885,0.08671,,0.01247,0.04922,0.675
14,55,hybrid,HYBRID_ALPHA0.9_BETA0.1,0.9,0.1,100,1.0,0.90079,0.76746,0.18634,0.88407,0.74988,0.08907,,0.01234,0.04683,0.625
14,55,hybrid,HYBRID_ALPHA0.1_BETA0.9,0.1,0.9,100,0.0,0.61506,0.62874,0.03545,1.73718,1.13852,0.13343,,0.00966,0.11813,0.625
14,55,hybrid,HYBRID_ALPHA0.2_BETA0.8,0.2,0.8,100,0.0,0.61789,0.62316,0.03844,1.58763,1.07757,0.13427,,0.01042,0.11765,0.7
14,55,hybrid,HYBRID_ALPHA0.3_BETA0.7,0.3,0.7,100,0.0,0.62223,0.6281,0.044,1.42148,1.01108,0.13051,,0.01077,0.11001,0.6
14,55,hybrid,HYBRID_ALPHA0.4_BETA0.6,0.4,0.6,100,0.0,0.62352,0.62689,0.04707,1.37942,0.99604,0.13101,,0.0106,0.1093,0.65
14,55,hybrid,HYBRID_ALPHA0.5_BETA0.5,0.5,0.5,100,0.0,0.62467,0.62542,0.04922,1.31397,0.96907,0.12912,,0.01079,0.10443,0.625
14,55,hybrid,HYBRID_ALPHA0.6_BETA0.4,0.6,0.4,100,0.0,0.62989,0.62428,0.05217,1.26441,0.94812,0.12746,,0.01091,0.10057,0.65
14,55,hybrid,HYBRID_ALPHA0.7_BETA0.3,0.7,0.3,100,0.0,0.6373,0.62046,0.04535,1.24116,0.93834,0.12738,,0.01087,0.09988,0.625
14,55,hybrid,HYBRID_ALPHA0.8_BETA0.2,0.8,0.2,100,0.0,0.62502,0.62658,0.05919,1.23047,0.93411,0.12747,,0.01079,0.09983,0.575
14,55,hybrid,HYBRID_ALPHA0.9_BETA0.1,0.9,0.1,100,0.0,0.90079,0.76746,0.18634,1.23492,0.93648,0.12877,,0.01069,0.10164,0.575
14,55,hybrid,HYBRID_ALPHA0.1_BETA0.9,0.1,0.9,300,1.0,0.6416,0.65391,0.0223,0.99566,0.83097,0.04627,,0.00626,0.03236,0.675
14,55,hybrid,HYBRID_ALPHA0.2_BETA0.8,0.2,0.8,300,1.0,0.63271,0.64302,0.02269,0.87289,0.72957,0.03577,,0.00654,0.02247,0.6
14,55,hybrid,HYBRID_ALPHA0.3_BETA0.7,0.3,0.7,300,1.0,0.64268,0.65334,0.02379,0.86604,0.71396,0.03603,,0.0065,0.02256,0.625
14,55,hybrid,HYBRID_ALPHA0.4_BETA0.6,0.4,0.6,300,1.0,0.65114,0.66246,0.02511,0.8659,0.71178,0.03754,,0.0065,0.02471,0.65
14,55,hybrid,HYBRID_ALPHA0.5_BETA0.5,0.5,0.5,300,1.0,0.65361,0.66498,0.0264,0.86734,0.71174,0.03915,,0.00649,0.02606,0.7
14,55,hybrid,HYBRID_ALPHA0.6_BETA0.4,0.6,0.4,300,1.0,0.64143,0.65841,0.02302,0.87065,0.7138,0.03903,,0.00632,0.02811,0.65
14,55,hybrid,HYBRID_ALPHA0.7_BETA0.3,0.7,0.3,300,1.0,0.64945,0.6638,0.02229,0.8747,0.7203,0.04168,,0.0063,0.03075,0.65
14,55,hybrid,HYBRID_ALPHA0.8_BETA0.2,0.8,0.2,300,1.0,0.67549,0.67407,0.02594,0.88083,0.72107,0.03978,,0.00625,0.03215,0.65
14,55,hybrid,HYBRID_ALPHA0.9_BETA0.1,0.9,0.1,300,1.0,0.70112,0.68734,0.02933,0.89117,0.73772,0.04819,,0.00638,0.03717,0.7
14,55,hybrid,HYBRID_ALPHA0.1_BETA0.9,0.1,0.9,300,0.0,0.6416,0.65391,0.0223,0.89846,0.75399,0.03684,,0.00584,0.02,0.575
14,55,hybrid,HYBRID_ALPHA0.2_BETA0.8,0.2,0.8,300,0.0,0.63271,0.64302,0.02269,0.90539,0.75831,0.06534,,0.00695,0.02615,0.65
14,55,hybrid,HYBRID_ALPHA0.3_BETA0.7,0.3,0.7,300,0.0,0.64268,0.65334,0.02379,0.89173,0.73634,0.06202,,0.0068,0.02541,0.7
14,55,hybrid,HYBRID_ALPHA0.4_BETA0.6,0.4,0.6,300,0.0,0.65114,0.66246,0.02511,0.89458,0.72187,0.06553,,0.00691,0.02513,0.65
14,55,hybrid,HYBRID_ALPHA0.5_BETA0.5,0.5,0.5,300,0.0,0.65361,0.66498,0.0264,0.89843,0.71528,0.06618,,0.0069,0.02477,0.7
14,55,hybrid,HYBRID_ALPHA0.6_BETA0.4,0.6,0.4,300,0.0,0.64143,0.65841,0.02302,0.90145,0.70937,0.06202,,0.00663,0.02423,0.65
14,55,hybrid,HYBRID_ALPHA0.7_BETA0.3,0.7,0.3,300,0.0,0.64945,0.6638,0.02229,0.90691,0.70919,0.06376,,0.00663,0.02451,0.65
14,55,hybrid,HYBRID_ALPHA0.8_BETA0.2,0.8,0.2,300,0.0,0.67549,0.67407,0.02594,0.90319,0.70077,0.05023,,0.00629,0.02356,0.625
14,55,hybrid,HYBRID_ALPHA0.9_BETA0.1,0.9,0.1,300,0.0,0.70112,0.68734,0.02933,0.90664,0.7111,0.05994,,0.00656,0.02622,0.625
14,55,hybrid,HYBRID_ALPHA0.1_BETA0.9,0.1,0.9,500,1.0,0.57506,0.60878,0.02454,1.208,0.92654,0.11823,,0.00988,0.04664,0.6
14,55,hybrid,HYBRID_ALPHA0.2_BETA0.8,0.2,0.8,500,1.0,0.57897,0.60445,0.02775,0.94155,0.78686,0.09247,,0.01385,0.04549,0.65
14,55,hybrid,HYBRID_ALPHA0.3_BETA0.7,0.3,0.7,500,1.0,0.57743,0.60096,0.02724,0.91967,0.77165,0.09534,,0.01362,0.05234,0.65
14,55,hybrid,HYBRID_ALPHA0.4_BETA0.6,0.4,0.6,500,1.0,0.58128,0.60614,0.02876,0.91095,0.76673,0.09653,,0.01341,0.06054,0.625
14,55,hybrid,HYBRID_ALPHA0.5_BETA0.5,0.5,0.5,500,1.0,0.57913,0.60355,0.03051,0.91892,0.7737,0.09824,,0.01314,0.07109,0.675
14,55,hybrid,HYBRID_ALPHA0.6_BETA0.4,0.6,0.4,500,1.0,0.58355,0.60651,0.03053,0.91738,0.7736,0.09982,,0.01297,0.07902,0.7
14,55,hybrid,HYBRID_ALPHA0.7_BETA0.3,0.7,0.3,500,1.0,0.5912,0.6111,0.03036,0.91873,0.77527,0.10143,,0.0128,0.08623,0.675
14,55,hybrid,HYBRID_ALPHA0.8_BETA0.2,0.8,0.2,500,1.0,0.59292,0.61128,0.03179,0.92007,0.77675,0.10332,,0.01266,0.09228,0.65
14,55,hybrid,HYBRID_ALPHA0.9_BETA0.1,0.9,0.1,500,1.0,0.59611,0.61402,0.03413,0.89424,0.76134,0.03933,,0.00783,0.04948,0.65
14,55,hybrid,HYBRID_ALPHA0.1_BETA0.9,0.1,0.9,500,0.0,0.57506,0.60878,0.02454,2.03652,1.25497,0.1415,,0.00916,0.10415,0.575
14,55,hybrid,HYBRID_ALPHA0.2_BETA0.8,0.2,0.8,500,0.0,0.57897,0.60445,0.02775,1.41337,1.00558,0.13075,,0.01127,0.07728,0.625
14,55,hybrid,HYBRID_ALPHA0.3_BETA0.7,0.3,0.7,500,0.0,0.57743,0.60096,0.02724,1.33122,0.97498,0.13202,,0.01113,0.08112,0.625
14,55,hybrid,HYBRID_ALPHA0.4_BETA0.6,0.4,0.6,500,0.0,0.58128,0.60614,0.02876,1.27207,0.95147,0.13207,,0.01104,0.08537,0.65
14,55,hybrid,HYBRID_ALPHA0.5_BETA0.5,0.5,0.5,500,0.0,0.57913,0.60355,0.03051,1.18308,0.91354,0.13214,,0.01088,0.08849,0.65
14,55,hybrid,HYBRID_ALPHA0.6_BETA0.4,0.6,0.4,500,0.0,0.58355,0.60651,0.03053,1.17128,0.90856,0.13268,,0.01082,0.09466,0.725
14,55,hybrid,HYBRID_ALPHA0.7_BETA0.3,0.7,0.3,500,0.0,0.5912,0.6111,0.03036,1.16915,0.90778,0.13323,,0.01075,0.1011,0.6
14,55,hybrid,HYBRID_ALPHA0.8_BETA0.2,0.8,0.2,500,0.0,0.59292,0.61128,0.03179,1.20536,0.92379,0.13412,,0.01069,0.10917,0.65
14,55,hybrid,HYBRID_ALPHA0.9_BETA0.1,0.9,0.1,500,0.0,0.59611,0.61402,0.03413,0.84082,0.67852,0.04107,,0.0089,0.03656,0.675
14,55,mse,MSE,1.0,0.0,50,1.0,0.60931,0.61175,0.0335,0.84222,0.70561,0.08798,,0.01285,0.04214,0.65
14,55,mse,MSE,1.0,0.0,50,0.0,0.60931,0.61175,0.0335,1.17945,0.91024,0.13212,,0.01122,0.09761,0.7
14,55,mse,MSE,1.0,0.0,100,1.0,0.85113,0.74866,0.16851,0.87474,0.74141,0.09196,,0.01221,0.04488,0.65
14,55,mse,MSE,1.0,0.0,100,0.0,0.85113,0.74866,0.16851,1.24298,0.94048,0.13117,,0.01059,0.10227,0.625
14,55,mse,MSE,1.0,0.0,300,1.0,0.72216,0.69522,0.03003,0.92826,0.77513,0.08214,,0.00744,0.04454,0.675
14,55,mse,MSE,1.0,0.0,300,0.0,0.72216,0.69522,0.03003,0.93752,0.75016,0.09977,,0.00773,0.03323,0.65
14,55,mse,MSE,1.0,0.0,500,1.0,0.59797,0.61583,0.03876,0.89698,0.76074,0.04118,,0.00799,0.0501,0.7
14,55,mse,MSE,1.0,0.0,500,0.0,0.59797,0.61583,0.03876,0.84509,0.68615,0.04233,,0.00907,0.03742,0.65
15,56,hsic,HSIC,0.0,1.0,50,1.0,1.01112,0.80201,0.17358,1.67689,0.9658,0.16374,,0.008,0.32319,0.85
15,56,hsic,HSIC,0.0,1.0,50,0.0,1.01112,0.80201,0.17358,3.12929,1.49276,0.16683,,0.00754,0.33596,0.775
15,56,hsic,HSIC,0.0,1.0,100,1.0,0.78849,0.67573,0.06676,1.25935,0.94233,0.14883,,0.00857,0.34793,0.825
15,56,hsic,HSIC,0.0,1.0,100,0.0,0.78849,0.67573,0.06676,2.52731,1.42531,0.15209,,0.00866,0.37168,0.9
15,56,hsic,HSIC,0.0,1.0,300,1.0,2.46797,1.3705,0.02667,1.21889,0.92172,0.14919,,0.00853,0.28545,0.9
15,56,hsic,HSIC,0.0,1.0,300,0.0,2.46797,1.3705,0.02667,2.47399,1.4074,0.15204,,0.00851,0.31638,0.85
15,56,hsic,HSIC,0.0,1.0,500,1.0,0.59267,0.55063,0.02218,1.6336,0.93052,0.09526,,0.01472,0.3042,0.9
15,56,hsic,HSIC,0.0,1.0,500,0.0,0.59267,0.55063,0.02218,4.40662,1.70584,0.18123,,0.0235,0.26134,0.8
15,56,hybrid,HYBRID_ALPHA0.1_BETA0.9,0.1,0.9,50,1.0,1.0745,0.8291,0.20482,1.45345,1.04784,0.06489,,0.00863,0.08605,0.625
15,56,hybrid,HYBRID_ALPHA0.2_BETA0.8,0.2,0.8,50,1.0,1.0665,0.83168,0.20497,1.31199,0.96988,0.0833,,0.00883,0.09425,0.6
15,56,hybrid,HYBRID_ALPHA0.3_BETA0.7,0.3,0.7,50,1.0,1.12185,0.85361,0.23008,1.50251,1.06055,0.08043,,0.00915,0.12081,0.65
15,56,hybrid,HYBRID_ALPHA0.4_BETA0.6,0.4,0.6,50,1.0,1.06811,0.84078,0.22125,1.42271,1.02517,0.07715,,0.00894,0.11123,0.675
15,56,hybrid,HYBRID_ALPHA0.5_BETA0.5,0.5,0.5,50,1.0,1.03002,0.83127,0.21185,1.40923,1.01701,0.07739,,0.0089,0.10248,0.675
15,56,hybrid,HYBRID_ALPHA0.6_BETA0.4,0.6,0.4,50,1.0,1.02871,0.83106,0.21245,1.42104,1.01595,0.07994,,0.0088,0.09856,0.65
15,56,hybrid,HYBRID_ALPHA0.7_BETA0.3,0.7,0.3,50,1.0,1.02823,0.83108,0.213,1.46515,1.02557,0.0807,,0.0087,0.09335,0.65
15,56,hybrid,HYBRID_ALPHA0.8_BETA0.2,0.8,0.2,50,1.0,1.02995,0.83154,0.21366,1.55311,1.04769,0.08265,,0.00854,0.09212,0.675
15,56,hybrid,HYBRID_ALPHA0.9_BETA0.1,0.9,0.1,50,1.0,1.0329,0.83243,0.21437,1.53563,0.9967,0.0908,,0.00799,0.09693,0.675
15,56,hybrid,HYBRID_ALPHA0.1_BETA0.9,0.1,0.9,50,0.0,1.0745,0.8291,0.20482,1.88064,1.21062,0.09463,,0.00772,0.11428,0.65
15,56,hybrid,HYBRID_ALPHA0.2_BETA0.8,0.2,0.8,50,0.0,1.0665,0.83168,0.20497,1.89665,1.17254,0.12125,,0.00805,0.13061,0.625
15,56,hybrid,HYBRID_ALPHA0.3_BETA0.7,0.3,0.7,50,0.0,1.12185,0.85361,0.23008,2.00944,1.21275,0.12003,,0.00814,0.14769,0.625
15,56,hybrid,HYBRID_ALPHA0.4_BETA0.6,0.4,0.6,50,0.0,1.06811,0.84078,0.22125,1.93224,1.17374,0.11832,,0.00803,0.137,0.6
15,56,hybrid,HYBRID_ALPHA0.5_BETA0.5,0.5,0.5,50,0.0,1.03002,0.83127,0.21185,2.04866,1.2159,0.11819,,0.00803,0.1404,0.6
15,56,hybrid,HYBRID_ALPHA0.6_BETA0.4,0.6,0.4,50,0.0,1.02871,0.83106,0.21245,2.2406,1.28109,0.11807,,0.00797,0.14575,0.625
15,56,hybrid,HYBRID_ALPHA0.7_BETA0.3,0.7,0.3,50,0.0,1.02823,0.83108,0.213,2.46367,1.35048,0.11893,,0.00795,0.14943,0.625
15,56,hybrid,HYBRID_ALPHA0.8_BETA0.2,0.8,0.2,50,0.0,1.02995,0.83154,0.21366,2.63078,1.39523,0.12003,,0.00791,0.15167,0.625
15,56,hybrid,HYBRID_ALPHA0.9_BETA0.1,0.9,0.1,50,0.0,1.0329,0.83243,0.21437,2.31587,1.23681,0.12547,,0.00769,0.14063,0.6
15,56,hybrid,HYBRID_ALPHA0.1_BETA0.9,0.1,0.9,100,1.0,0.76803,0.7139,0.07074,0.96375,0.7653,0.04852,,0.00841,0.05139,0.675
15,56,hybrid,HYBRID_ALPHA0.2_BETA0.8,0.2,0.8,100,1.0,0.75118,0.71566,0.06579,0.95258,0.7541,0.04799,,0.00823,0.05117,0.7
15,56,hybrid,HYBRID_ALPHA0.3_BETA0.7,0.3,0.7,100,1.0,0.73248,0.70903,0.0641,0.97609,0.81578,0.04137,,0.00471,0.04326,0.7
15,56,hybrid,HYBRID_ALPHA0.4_BETA0.6,0.4,0.6,100,1.0,0.72168,0.70602,0.06189,0.95534,0.76348,0.04694,,0.0081,0.06026,0.7
15,56,hybrid,HYBRID_ALPHA0.5_BETA0.5,0.5,0.5,100,1.0,0.71205,0.708,0.05757,0.94476,0.7957,0.04608,,0.00495,0.04476,0.65
15,56,hybrid,HYBRID_ALPHA0.6_BETA0.4,0.6,0.4,100,1.0,0.70896,0.71146,0.0573,0.93547,0.78829,0.04918,,0.00502,0.04651,0.65
15,56,hybrid,HYBRID_ALPHA0.7_BETA0.3,0.7,0.3,100,1.0,0.73743,0.6816,0.07204,0.95065,0.80171,0.05552,,0.00526,0.04911,0.6
15,56,hybrid,HYBRID_ALPHA0.8_BETA0.2,0.8,0.2,100,1.0,0.71187,0.67813,0.07293,0.95601,0.80359,0.06245,,0.00545,0.05242,0.65
15,56,hybrid,HYBRID_ALPHA0.9_BETA0.1,0.9,0.1,100,1.0,0.71757,0.72064,0.07565,0.94701,0.79112,0.04208,,0.00554,0.06241,0.675
15,56,hybrid,HYBRID_ALPHA0.1_BETA0.9,0.1,0.9,100,0.0,0.76803,0.7139,0.07074,0.96224,0.71665,0.05114,,0.00899,0.04221,0.65
15,56,hybrid,HYBRID_ALPHA0.2_BETA0.8,0.2,0.8,100,0.0,0.75118,0.71566,0.06579,0.97122,0.70831,0.04978,,0.00866,0.04224,0.625
15,56,hybrid,HYBRID_ALPHA0.3_BETA0.7,0.3,0.7,100,0.0,0.73248,0.70903,0.0641,0.94323,0.78369,0.05651,,0.00496,0.03674,0.675
15,56,hybrid,HYBRID_ALPHA0.4_BETA0.6,0.4,0.6,100,0.0,0.72168,0.70602,0.06189,0.96649,0.70455,0.04811,,0.00844,0.04837,0.625
15,56,hybrid,HYBRID_ALPHA0.5_BETA0.5,0.5,0.5,100,0.0,0.71205,0.708,0.05757,0.92304,0.75526,0.06267,,0.00533,0.03652,0.65
15,56,hybrid,HYBRID_ALPHA0.6_BETA0.4,0.6,0.4,100,0.0,0.70896,0.71146,0.0573,0.92011,0.74041,0.06462,,0.00537,0.03643,0.65
15,56,hybrid,HYBRID_ALPHA0.7_BETA0.3,0.7,0.3,100,0.0,0.73743,0.6816,0.07204,0.92252,0.74663,0.07086,,0.00567,0.0371,0.6
15,56,hybrid,HYBRID_ALPHA0.8_BETA0.2,0.8,0.2,100,0.0,0.71187,0.67813,0.07293,0.93058,0.74253,0.07646,,0.00586,0.03784,0.625
15,56,hybrid,HYBRID_ALPHA0.9_BETA0.1,0.9,0.1,100,0.0,0.71757,0.72064,0.07565,0.99262,0.69569,0.04037,,0.00571,0.03382,0.625
15,56,hybrid,HYBRID_ALPHA0.1_BETA0.9,0.1,0.9,300,1.0,0.61827,0.643,0.02502,1.2665,0.9543,0.10485,,0.00851,0.0496,0.625
15,56,hybrid,HYBRID_ALPHA0.2_BETA0.8,0.2,0.8,300,1.0,0.61836,0.64032,0.02244,1.06062,0.85624,0.09112,,0.01153,0.05096,0.65
15,56,hybrid,HYBRID_ALPHA0.3_BETA0.7,0.3,0.7,300,1.0,0.62031,0.64005,0.02134,0.93513,0.786,0.03717,,0.00597,0.04976,0.675
15,56,hybrid,HYBRID_ALPHA0.4_BETA0.6,0.4,0.6,300,1.0,0.6249,0.64273,0.02095,0.92814,0.78241,0.03724,,0.00594,0.05062,0.725
15,56,hybrid,HYBRID_ALPHA0.5_BETA0.5,0.5,0.5,300,1.0,0.61928,0.63979,0.02308,0.93534,0.78889,0.03658,,0.00604,0.05071,0.65
15,56,hybrid,HYBRID_ALPHA0.6_BETA0.4,0.6,0.4,300,1.0,0.61861,0.6396,0.02601,0.93262,0.78849,0.03687,,0.00605,0.05114,0.675
15,56,hybrid,HYBRID_ALPHA0.7_BETA0.3,0.7,0.3,300,1.0,0.61709,0.63825,0.02966,0.92473,0.78348,0.03712,,0.00613,0.0506,0.725
15,56,hybrid,HYBRID_ALPHA0.8_BETA0.2,0.8,0.2,300,1.0,0.61543,0.63657,0.0369,0.93509,0.79524,0.04077,,0.006,0.05238,0.725
15,56,hybrid,HYBRID_ALPHA0.9_BETA0.1,0.9,0.1,300,1.0,0.61351,0.62902,0.03918,0.92455,0.78775,0.04017,,0.00652,0.05052,0.7
15,56,hybrid,HYBRID_ALPHA0.1_BETA0.9,0.1,0.9,300,0.0,0.61827,0.643,0.02502,1.64661,1.10675,0.1359,,0.00861,0.07736,0.575
15,56,hybrid,HYBRID_ALPHA0.2_BETA0.8,0.2,0.8,300,0.0,0.61836,0.64032,0.02244,1.25937,0.94792,0.11996,,0.01024,0.06984,0.65
15,56,hybrid,HYBRID_ALPHA0.3_BETA0.7,0.3,0.7,300,0.0,0.62031,0.64005,0.02134,0.8821,0.71186,0.03962,,0.00558,0.03174,0.65
15,56,hybrid,HYBRID_ALPHA0.4_BETA0.6,0.4,0.6,300,0.0,0.6249,0.64273,0.02095,0.88048,0.70859,0.04054,,0.00558,0.03176,0.65
15,56,hybrid,HYBRID_ALPHA0.5_BETA0.5,0.5,0.5,300,0.0,0.61928,0.63979,0.02308,0.87639,0.70966,0.03944,,0.00577,0.0315,0.675
15,56,hybrid,HYBRID_ALPHA0.6_BETA0.4,0.6,0.4,300,0.0,0.61861,0.6396,0.02601,0.87435,0.70908,0.04035,,0.00581,0.03172,0.675
15,56,hybrid,HYBRID_ALPHA0.7_BETA0.3,0.7,0.3,300,0.0,0.61709,0.63825,0.02966,0.87363,0.70553,0.03977,,0.00596,0.03172,0.675
15,56,hybrid,HYBRID_ALPHA0.8_BETA0.2,0.8,0.2,300,0.0,0.61543,0.63657,0.0369,0.87373,0.71869,0.04689,,0.00592,0.03295,0.65
15,56,hybrid,HYBRID_ALPHA0.9_BETA0.1,0.9,0.1,300,0.0,0.61351,0.62902,0.03918,0.85986,0.70896,0.04053,,0.00646,0.03378,0.625
15,56,hybrid,HYBRID_ALPHA0.1_BETA0.9,0.1,0.9,500,1.0,0.64897,0.67166,0.02157,1.44646,1.05459,0.03844,,0.00718,0.06435,0.65
15,56,hybrid,HYBRID_ALPHA0.2_BETA0.8,0.2,0.8,500,1.0,0.64614,0.66769,0.02606,1.11686,0.90343,0.04189,,0.00818,0.07228,0.7
15,56,hybrid,HYBRID_ALPHA0.3_BETA0.7,0.3,0.7,500,1.0,0.64573,0.66612,0.02641,1.11307,0.90064,0.0405,,0.00727,0.06522,0.675
15,56,hybrid,HYBRID_ALPHA0.4_BETA0.6,0.4,0.6,500,1.0,0.64152,0.66197,0.0271,1.08464,0.88417,0.04304,,0.0075,0.0659,0.675
15,56,hybrid,HYBRID_ALPHA0.5_BETA0.5,0.5,0.5,500,1.0,0.63814,0.65941,0.02819,0.9957,0.83119,0.03639,,0.0066,0.06756,0.7
15,56,hybrid,HYBRID_ALPHA0.6_BETA0.4,0.6,0.4,500,1.0,0.63036,0.659,0.02712,0.96578,0.81393,0.03628,,0.0078,0.06739,0.6
15,56,hybrid,HYBRID_ALPHA0.7_BETA0.3,0.7,0.3,500,1.0,0.63073,0.66254,0.02694,0.96068,0.81111,0.03542,,0.0076,0.06845,0.65
15,56,hybrid,HYBRID_ALPHA0.8_BETA0.2,0.8,0.2,500,1.0,0.62683,0.66221,0.03164,0.96041,0.8101,0.0355,,0.00774,0.07168,0.65
15,56,hybrid,HYBRID_ALPHA0.9_BETA0.1,0.9,0.1,500,1.0,0.62946,0.66297,0.03714,0.94578,0.7903,0.03781,,0.00855,0.07198,0.675
15,56,hybrid,HYBRID_ALPHA0.1_BETA0.9,0.1,0.9,500,0.0,0.64897,0.67166,0.02157,1.3558,1.01107,0.04924,,0.00695,0.05714,0.625
15,56,hybrid,HYBRID_ALPHA0.2_BETA0.8,0.2,0.8,500,0.0,0.64614,0.66769,0.02606,0.95653,0.80094,0.04047,,0.00781,0.05021,0.7
15,56,hybrid,HYBRID_ALPHA0.3_BETA0.7,0.3,0.7,500,0.0,0.64573,0.66612,0.02641,1.00854,0.83731,0.04324,,0.00674,0.05178,0.65
15,56,hybrid,HYBRID_ALPHA0.4_BETA0.6,0.4,0.6,500,0.0,0.64152,0.66197,0.0271,1.01014,0.83735,0.05048,,0.00697,0.05511,0.7
15,56,hybrid,HYBRID_ALPHA0.5_BETA0.5,0.5,0.5,500,0.0,0.63814,0.65941,0.02819,0.8971,0.73656,0.0375,,0.00634,0.04031,0.65
15,56,hybrid,HYBRID_ALPHA0.6_BETA0.4,0.6,0.4,500,0.0,0.63036,0.659,0.02712,0.87308,0.71584,0.03668,,0.0079,0.04075,0.675
15,56,hybrid,HYBRID_ALPHA0.7_BETA0.3,0.7,0.3,500,0.0,0.63073,0.66254,0.02694,0.86839,0.71604,0.03558,,0.00765,0.04159,0.7
15,56,hybrid,HYBRID_ALPHA0.8_BETA0.2,0.8,0.2,500,0.0,0.62683,0.66221,0.03164,0.86611,0.71869,0.03573,,0.00788,0.04471,0.675
15,56,hybrid,HYBRID_ALPHA0.9_BETA0.1,0.9,0.1,500,0.0,0.62946,0.66297,0.03714,0.89391,0.74422,0.0381,,0.00878,0.05682,0.775
15,56,mse,MSE,1.0,0.0,50,1.0,1.03825,0.83406,0.21481,1.56514,1.00503,0.09668,,0.00837,0.0908,0.625
15,56,mse,MSE,1.0,0.0,50,0.0,1.03825,0.83406,0.21481,2.55386,1.32839,0.12944,,0.00783,0.14893,0.625
15,56,mse,MSE,1.0,0.0,100,1.0,0.85638,0.76352,0.16207,1.09524,0.864,0.12746,,0.00752,0.0618,0.625
15,56,mse,MSE,1.0,0.0,100,0.0,0.85638,0.76352,0.16207,1.03162,0.80176,0.1318,,0.00771,0.04681,0.625
15,56,mse,MSE,1.0,0.0,300,1.0,0.61448,0.63179,0.05801,0.99422,0.83376,0.06653,,0.00653,0.05951,0.65
15,56,mse,MSE,1.0,0.0,300,0.0,0.61448,0.63179,0.05801,0.911,0.77009,0.07393,,0.00662,0.0405,0.625
15,56,mse,MSE,1.0,0.0,500,1.0,0.62553,0.65962,0.0523,0.95793,0.79645,0.03906,,0.00867,0.07279,0.725
15,56,mse,MSE,1.0,0.0,500,0.0,0.62553,0.65962,0.0523,0.89717,0.74504,0.03889,,0.00877,0.05641,0.675
16,57,hsic,HSIC,0.0,1.0,50,1.0,0.77375,0.62427,0.03618,2.03235,1.25097,0.12262,,0.00745,0.2823,0.9
16,57,hsic,HSIC,0.0,1.0,50,0.0,0.77375,0.62427,0.03618,3.02376,1.58348,0.07464,,0.00643,0.2865,0.875
16,57,hsic,HSIC,0.0,1.0,100,1.0,0.63465,0.63715,0.026,1.32927,0.97202,0.17075,,0.01206,0.4052,0.925
16,57,hsic,HSIC,0.0,1.0,100,0.0,0.63465,0.63715,0.026,1.4556,0.93778,0.32111,,0.03525,0.38733,0.975
16,57,hsic,HSIC,0.0,1.0,300,1.0,0.72329,0.57467,0.02261,1.20736,0.91414,0.15254,,0.0085,0.27944,0.9
16,57,hsic,HSIC,0.0,1.0,300,0.0,0.72329,0.57467,0.02261,2.42436,1.3896,0.15479,,0.00854,0.31099,0.875
16,57,hsic,HSIC,0.0,1.0,500,1.0,0.66893,0.54701,0.02375,1.31565,0.97085,0.14566,,0.00879,0.36946,0.925
16,57,hsic,HSIC,0.0,1.0,500,0.0,0.66893,0.54701,0.02375,2.85221,1.53245,0.14594,,0.00887,0.3906,0.95
16,57,hybrid,HYBRID_ALPHA0.1_BETA0.9,0.1,0.9,50,1.0,0.77257,0.73311,0.03314,1.59882,1.09879,0.08193,,0.00716,0.06141,0.675
16,57,hybrid,HYBRID_ALPHA0.2_BETA0.8,0.2,0.8,50,1.0,0.75973,0.72455,0.03725,1.22689,0.9397,0.07241,,0.0076,0.06162,0.675
16,57,hybrid,HYBRID_ALPHA0.3_BETA0.7,0.3,0.7,50,1.0,0.77732,0.73937,0.03501,1.08764,0.8784,0.06038,,0.00961,0.05256,0.675
16,57,hybrid,HYBRID_ALPHA0.4_BETA0.6,0.4,0.6,50,1.0,0.83945,0.75308,0.03325,1.04165,0.84618,0.07537,,0.0121,0.04699,0.65
16,57,hybrid,HYBRID_ALPHA0.5_BETA0.5,0.5,0.5,50,1.0,0.92073,0.78098,0.02885,0.98935,0.81762,0.07689,,0.01236,0.04594,0.675
16,57,hybrid,HYBRID_ALPHA0.6_BETA0.4,0.6,0.4,50,1.0,0.92046,0.7769,0.02654,0.99029,0.81771,0.08201,,0.01241,0.03737,0.6
16,57,hybrid,HYBRID_ALPHA0.7_BETA0.3,0.7,0.3,50,1.0,1.00824,0.79698,0.02719,0.94294,0.78985,0.08297,,0.01247,0.03544,0.65
16,57,hybrid,HYBRID_ALPHA0.8_BETA0.2,0.8,0.2,50,1.0,1.11864,0.82174,0.02486,0.90302,0.76234,0.08547,,0.01265,0.03336,0.6
16,57,hybrid,HYBRID_ALPHA0.9_BETA0.1,0.9,0.1,50,1.0,1.12872,0.83498,0.02757,0.8624,0.7287,0.08973,,0.01287,0.03489,0.625
16,57,hybrid,HYBRID_ALPHA0.1_BETA0.9,0.1,0.9,50,0.0,0.77257,0.73311,0.03314,1.65338,1.1239,0.06777,,0.00546,0.06968,0.675
16,57,hybrid,HYBRID_ALPHA0.2_BETA0.8,0.2,0.8,50,0.0,0.75973,0.72455,0.03725,1.24686,0.94866,0.10267,,0.00779,0.06014,0.65
16,57,hybrid,HYBRID_ALPHA0.3_BETA0.7,0.3,0.7,50,0.0,0.77732,0.73937,0.03501,1.14093,0.89802,0.10998,,0.00955,0.05399,0.625
16,57,hybrid,HYBRID_ALPHA0.4_BETA0.6,0.4,0.6,50,0.0,0.83945,0.75308,0.03325,1.23942,0.93533,0.11581,,0.01101,0.06329,0.675
16,57,hybrid,HYBRID_ALPHA0.5_BETA0.5,0.5,0.5,50,0.0,0.92073,0.78098,0.02885,1.12764,0.88782,0.10587,,0.01082,0.0581,0.625
16,57,hybrid,HYBRID_ALPHA0.6_BETA0.4,0.6,0.4,50,0.0,0.92046,0.7769,0.02654,1.16926,0.90558,0.1219,,0.01132,0.05261,0.625
16,57,hybrid,HYBRID_ALPHA0.7_BETA0.3,0.7,0.3,50,0.0,1.00824,0.79698,0.02719,1.137,0.89138,0.12134,,0.01133,0.05282,0.65
16,57,hybrid,HYBRID_ALPHA0.8_BETA0.2,0.8,0.2,50,0.0,1.11864,0.82174,0.02486,1.12108,0.88379,0.12398,,0.01146,0.05622,0.6
16,57,hybrid,HYBRID_ALPHA0.9_BETA0.1,0.9,0.1,50,0.0,1.12872,0.83498,0.02757,1.11793,0.88243,0.12753,,0.01149,0.06012,0.625
16,57,hybrid,HYBRID_ALPHA0.1_BETA0.9,0.1,0.9,100,1.0,0.59662,0.6314,0.02573,1.61997,1.09726,0.11879,,0.01169,0.08602,0.675
16,57,hybrid,HYBRID_ALPHA0.2_BETA0.8,0.2,0.8,100,1.0,0.61011,0.62649,0.02265,1.50805,1.04998,0.11112,,0.01245,0.08704,0.725
16,57,hybrid,HYBRID_ALPHA0.3_BETA0.7,0.3,0.7,100,1.0,0.60263,0.62123,0.02375,1.56724,1.07731,0.10677,,0.01226,0.08566,0.625
16,57,hybrid,HYBRID_ALPHA0.4_BETA0.6,0.4,0.6,100,1.0,0.59304,0.61937,0.02004,1.49935,1.04856,0.10496,,0.01218,0.0855,0.65
16,57,hybrid,HYBRID_ALPHA0.5_BETA0.5,0.5,0.5,100,1.0,0.5944,0.61789,0.02522,1.39685,1.00968,0.09742,,0.0126,0.07632,0.65
16,57,hybrid,HYBRID_ALPHA0.6_BETA0.4,0.6,0.4,100,1.0,0.5847,0.619,0.02492,1.29655,0.9628,0.09611,,0.0126,0.07424,0.675
16,57,hybrid,HYBRID_ALPHA0.7_BETA0.3,0.7,0.3,100,1.0,0.57006,0.61242,0.03738,1.23853,0.93301,0.1002,,0.01281,0.07785,0.7
16,57,hybrid,HYBRID_ALPHA0.8_BETA0.2,0.8,0.2,100,1.0,0.58264,0.61812,0.03429,1.15845,0.89689,0.09815,,0.01274,0.0701,0.65
16,57,hybrid,HYBRID_ALPHA0.9_BETA0.1,0.9,0.1,100,1.0,0.58309,0.624,0.04109,1.03298,0.83777,0.09628,,0.01241,0.05888,0.575
16,57,hybrid,HYBRID_ALPHA0.1_BETA0.9,0.1,0.9,100,0.0,0.59662,0.6314,0.02573,2.06454,1.25995,0.15615,,0.01202,0.11566,0.625
16,57,hybrid,HYBRID_ALPHA0.2_BETA0.8,0.2,0.8,100,0.0,0.61011,0.62649,0.02265,2.11934,1.28015,0.15289,,0.01232,0.1254,0.675
16,57,hybrid,HYBRID_ALPHA0.3_BETA0.7,0.3,0.7,100,0.0,0.60263,0.62123,0.02375,2.09955,1.27487,0.14653,,0.01191,0.11897,0.625
16,57,hybrid,HYBRID_ALPHA0.4_BETA0.6,0.4,0.6,100,0.0,0.59304,0.61937,0.02004,1.96123,1.22368,0.14329,,0.01167,0.11547,0.625
16,57,hybrid,HYBRID_ALPHA0.5_BETA0.5,0.5,0.5,100,0.0,0.5944,0.61789,0.02522,1.80538,1.1657,0.12838,,0.01181,0.10559,0.65
16,57,hybrid,HYBRID_ALPHA0.6_BETA0.4,0.6,0.4,100,0.0,0.5847,0.619,0.02492,1.77718,1.15449,0.12958,,0.01259,0.11251,0.675
16,57,hybrid,HYBRID_ALPHA0.7_BETA0.3,0.7,0.3,100,0.0,0.57006,0.61242,0.03738,1.66133,1.10681,0.14167,,0.0135,0.11309,0.675
16,57,hybrid,HYBRID_ALPHA0.8_BETA0.2,0.8,0.2,100,0.0,0.58264,0.61812,0.03429,1.59432,1.0811,0.13495,,0.01255,0.10966,0.65
16,57,hybrid,HYBRID_ALPHA0.9_BETA0.1,0.9,0.1,100,0.0,0.58309,0.624,0.04109,1.53521,1.05664,0.13018,,0.01094,0.10754,0.625
16,57,hybrid,HYBRID_ALPHA0.1_BETA0.9,0.1,0.9,300,1.0,0.63425,0.64967,0.02442,1.26763,0.95427,0.1196,,0.00901,0.0432,0.6
16,57,hybrid,HYBRID_ALPHA0.2_BETA0.8,0.2,0.8,300,1.0,0.64363,0.65628,0.02616,0.95978,0.80163,0.10468,,0.01243,0.04683,0.625
16,57,hybrid,HYBRID_ALPHA0.3_BETA0.7,0.3,0.7,300,1.0,0.63073,0.64913,0.02165,0.91883,0.77615,0.10282,,0.01246,0.045,0.6
16,57,hybrid,HYBRID_ALPHA0.4_BETA0.6,0.4,0.6,300,1.0,0.63881,0.65461,0.0256,0.90854,0.7688,0.10226,,0.01237,0.04429,0.6
16,57,hybrid,HYBRID_ALPHA0.5_BETA0.5,0.5,0.5,300,1.0,0.6383,0.65508,0.02558,0.8785,0.74068,0.05504,,0.00753,0.03572,0.575
16,57,hybrid,HYBRID_ALPHA0.6_BETA0.4,0.6,0.4,300,1.0,0.63863,0.65529,0.02501,0.87809,0.723,0.04519,,0.0073,0.03481,0.675
16,57,hybrid,HYBRID_ALPHA0.7_BETA0.3,0.7,0.3,300,1.0,0.63991,0.6561,0.0251,0.86356,0.71411,0.04258,,0.00729,0.03551,0.675
16,57,hybrid,HYBRID_ALPHA0.8_BETA0.2,0.8,0.2,300,1.0,0.64257,0.65755,0.02573,0.8595,0.71675,0.04088,,0.00725,0.03688,0.65
16,57,hybrid,HYBRID_ALPHA0.9_BETA0.1,0.9,0.1,300,1.0,0.66219,0.67078,0.02368,0.86737,0.73079,0.03931,,0.0069,0.0405,0.7
16,57,hybrid,HYBRID_ALPHA0.1_BETA0.9,0.1,0.9,300,0.0,0.63425,0.64967,0.02442,1.99554,1.24021,0.13909,,0.00867,0.09367,0.6
16,57,hybrid,HYBRID_ALPHA0.2_BETA0.8,0.2,0.8,300,0.0,0.64363,0.65628,0.02616,1.58318,1.07601,0.13642,,0.01031,0.09472,0.6
16,57,hybrid,HYBRID_ALPHA0.3_BETA0.7,0.3,0.7,300,0.0,0.63073,0.64913,0.02165,1.44944,1.02525,0.13692,,0.01038,0.09063,0.625
16,57,hybrid,HYBRID_ALPHA0.4_BETA0.6,0.4,0.6,300,0.0,0.63881,0.65461,0.0256,1.3948,1.00396,0.13622,,0.01035,0.0888,0.625
16,57,hybrid,HYBRID_ALPHA0.5_BETA0.5,0.5,0.5,300,0.0,0.6383,0.65508,0.02558,0.95479,0.79733,0.09419,,0.00812,0.04635,0.625
16,57,hybrid,HYBRID_ALPHA0.6_BETA0.4,0.6,0.4,300,0.0,0.63863,0.65529,0.02501,0.88896,0.68467,0.04418,,0.0072,0.0246,0.65
16,57,hybrid,HYBRID_ALPHA0.7_BETA0.3,0.7,0.3,300,0.0,0.63991,0.6561,0.0251,0.88115,0.6777,0.04665,,0.00773,0.0264,0.675
16,57,hybrid,HYBRID_ALPHA0.8_BETA0.2,0.8,0.2,300,0.0,0.64257,0.65755,0.02573,0.87239,0.67588,0.04682,,0.00792,0.027,0.775
16,57,hybrid,HYBRID_ALPHA0.9_BETA0.1,0.9,0.1,300,0.0,0.66219,0.67078,0.02368,0.8655,0.67956,0.04361,,0.00749,0.02716,0.75
16,57,hybrid,HYBRID_ALPHA0.1_BETA0.9,0.1,0.9,500,1.0,0.61346,0.63852,0.02254,2.19095,1.32018,0.11085,,0.00985,0.08393,0.625
16,57,hybrid,HYBRID_ALPHA0.2_BETA0.8,0.2,0.8,500,1.0,0.61758,0.6395,0.02341,1.49871,1.07188,0.08127,,0.01401,0.06618,0.65
16,57,hybrid,HYBRID_ALPHA0.3_BETA0.7,0.3,0.7,500,1.0,0.61025,0.63658,0.02424,1.35007,1.00448,0.08389,,0.01402,0.06097,0.725
16,57,hybrid,HYBRID_ALPHA0.4_BETA0.6,0.4,0.6,500,1.0,0.61375,0.63692,0.02199,0.95038,0.78183,0.05878,,0.00978,0.04715,0.625
16,57,hybrid,HYBRID_ALPHA0.5_BETA0.5,0.5,0.5,500,1.0,0.60762,0.63571,0.02266,0.94343,0.77124,0.05893,,0.00938,0.04835,0.6
16,57,hybrid,HYBRID_ALPHA0.6_BETA0.4,0.6,0.4,500,1.0,0.60456,0.63326,0.02231,0.8966,0.71981,0.05847,,0.01052,0.0484,0.675
16,57,hybrid,HYBRID_ALPHA0.7_BETA0.3,0.7,0.3,500,1.0,0.60477,0.63455,0.02233,0.9,0.72361,0.05719,,0.01025,0.04881,0.65
16,57,hybrid,HYBRID_ALPHA0.8_BETA0.2,0.8,0.2,500,1.0,0.60512,0.63403,0.02432,0.91118,0.74094,0.05766,,0.00985,0.05052,0.65
16,57,hybrid,HYBRID_ALPHA0.9_BETA0.1,0.9,0.1,500,1.0,0.60598,0.63482,0.02355,0.91154,0.73651,0.05914,,0.01008,0.05223,0.65
16,57,hybrid,HYBRID_ALPHA0.1_BETA0.9,0.1,0.9,500,0.0,0.61346,0.63852,0.02254,3.02666,1.58581,0.13723,,0.00919,0.10229,0.65
16,57,hybrid,HYBRID_ALPHA0.2_BETA0.8,0.2,0.8,500,0.0,0.61758,0.6395,0.02341,2.5053,1.43125,0.12067,,0.01213,0.10142,0.6
16,57,hybrid,HYBRID_ALPHA0.3_BETA0.7,0.3,0.7,500,0.0,0.61025,0.63658,0.02424,2.10825,1.2898,0.11767,,0.01207,0.10146,0.575
16,57,hybrid,HYBRID_ALPHA0.4_BETA0.6,0.4,0.6,500,0.0,0.61375,0.63692,0.02199,0.93339,0.7638,0.0591,,0.00972,0.04388,0.6
16,57,hybrid,HYBRID_ALPHA0.5_BETA0.5,0.5,0.5,500,0.0,0.60762,0.63571,0.02266,0.9303,0.75481,0.05974,,0.00929,0.04443,0.65
16,57,hybrid,HYBRID_ALPHA0.6_BETA0.4,0.6,0.4,500,0.0,0.60456,0.63326,0.02231,0.93754,0.78041,0.05851,,0.01057,0.05923,0.65
16,57,hybrid,HYBRID_ALPHA0.7_BETA0.3,0.7,0.3,500,0.0,0.60477,0.63455,0.02233,0.94246,0.78199,0.05716,,0.01029,0.05969,0.675
16,57,hybrid,HYBRID_ALPHA0.8_BETA0.2,0.8,0.2,500,0.0,0.60512,0.63403,0.02432,0.93379,0.76853,0.05735,,0.00992,0.05667,0.625
16,57,hybrid,HYBRID_ALPHA0.9_BETA0.1,0.9,0.1,500,0.0,0.60598,0.63482,0.02355,0.94804,0.78139,0.05915,,0.01008,0.06104,0.65
16,57,mse,MSE,1.0,0.0,50,1.0,1.01336,0.79901,0.03237,0.89764,0.76005,0.09651,,0.01268,0.04427,0.65
16,57,mse,MSE,1.0,0.0,50,0.0,1.01336,0.79901,0.03237,1.00313,0.82565,0.11858,,0.01167,0.06506,0.65
16,57,mse,MSE,1.0,0.0,100,1.0,0.59463,0.62814,0.05366,0.97679,0.81264,0.10565,,0.01199,0.0567,0.575
16,57,mse,MSE,1.0,0.0,100,0.0,0.59463,0.62814,0.05366,1.55762,1.06535,0.13701,,0.01045,0.11049,0.625
16,57,mse,MSE,1.0,0.0,300,1.0,0.64296,0.65987,0.02532,0.9706,0.81629,0.08127,,0.00684,0.05505,0.65
16,57,mse,MSE,1.0,0.0,300,0.0,0.64296,0.65987,0.02532,1.02385,0.83834,0.10896,,0.0075,0.05854,0.575
16,57,mse,MSE,1.0,0.0,500,1.0,0.6039,0.63423,0.02255,1.08433,0.86522,0.11701,,0.00812,0.05958,0.575
16,57,mse,MSE,1.0,0.0,500,0.0,0.6039,0.63423,0.02255,1.11905,0.88362,0.1205,,0.00817,0.06424,0.6
17,58,hsic,HSIC,0.0,1.0,50,1.0,0.98636,0.70961,0.13055,1.22928,0.91522,0.16517,,0.00853,0.13113,0.75
17,58,hsic,HSIC,0.0,1.0,50,0.0,0.98636,0.70961,0.13055,2.51353,1.41659,0.16807,,0.0084,0.19764,0.8
17,58,hsic,HSIC,0.0,1.0,100,1.0,0.80562,0.64855,0.07729,1.15079,0.88504,0.14863,,0.00847,0.27344,0.875
17,58,hsic,HSIC,0.0,1.0,100,0.0,0.80562,0.64855,0.07729,2.26121,1.3343,0.15122,,0.00849,0.30364,0.85
17,58,hsic,HSIC,0.0,1.0,300,1.0,0.65794,0.56234,0.02469,1.51756,0.84456,0.04571,,0.00937,0.35883,0.9
17,58,hsic,HSIC,0.0,1.0,300,0.0,0.65794,0.56234,0.02469,2.11289,1.12498,0.05414,,0.01126,0.35114,0.85
17,58,hsic,HSIC,0.0,1.0,500,1.0,0.58508,0.5709,0.02122,7.68231,2.59141,0.05393,,0.01069,0.42094,0.875
17,58,hsic,HSIC,0.0,1.0,500,0.0,0.58508,0.5709,0.02122,8.25412,2.70991,0.04634,,0.0099,0.41881,0.875
17,58,hybrid,HYBRID_ALPHA0.1_BETA0.9,0.1,0.9,50,1.0,0.94502,0.70463,0.1274,1.18445,0.91589,0.12374,,0.00847,0.09737,0.775
17,58,hybrid,HYBRID_ALPHA0.2_BETA0.8,0.2,0.8,50,1.0,0.85843,0.69135,0.12739,1.08317,0.86903,0.1022,,0.01002,0.0785,0.675
17,58,hybrid,HYBRID_ALPHA0.3_BETA0.7,0.3,0.7,50,1.0,1.26439,0.88265,0.2667,1.06949,0.86214,0.09805,,0.01008,0.07565,0.7
17,58,hybrid,HYBRID_ALPHA0.4_BETA0.6,0.4,0.6,50,1.0,1.26354,0.88229,0.2666,1.11662,0.87965,0.13065,,0.00876,0.09539,0.675
17,58,hybrid,HYBRID_ALPHA0.5_BETA0.5,0.5,0.5,50,1.0,1.26357,0.88232,0.26664,1.13665,0.88042,0.12947,,0.00864,0.08914,0.65
17,58,hybrid,HYBRID_ALPHA0.6_BETA0.4,0.6,0.4,50,1.0,1.26356,0.88232,0.26664,1.13248,0.87508,0.12569,,0.00871,0.07392,0.65
17,58,hybrid,HYBRID_ALPHA0.7_BETA0.3,0.7,0.3,50,1.0,1.26356,0.88232,0.26664,1.18556,0.87958,0.12561,,0.00867,0.0733,0.725
17,58,hybrid,HYBRID_ALPHA0.8_BETA0.2,0.8,0.2,50,1.0,1.26356,0.88232,0.26664,1.1728,0.87317,0.12532,,0.00871,0.07358,0.7
17,58,hybrid,HYBRID_ALPHA0.9_BETA0.1,0.9,0.1,50,1.0,1.26353,0.88231,0.26664,1.07503,0.84343,0.10848,,0.00932,0.0636,0.6
17,58,hybrid,HYBRID_ALPHA0.1_BETA0.9,0.1,0.9,50,0.0,0.94502,0.70463,0.1274,1.86602,1.19098,0.14265,,0.00856,0.14981,0.775
17,58,hybrid,HYBRID_ALPHA0.2_BETA0.8,0.2,0.8,50,0.0,0.85843,0.69135,0.12739,1.73372,1.13748,0.13814,,0.00932,0.13491,0.75
17,58,hybrid,HYBRID_ALPHA0.3_BETA0.7,0.3,0.7,50,0.0,1.26439,0.88265,0.2667,1.68577,1.11962,0.13589,,0.00917,0.13065,0.75
17,58,hybrid,HYBRID_ALPHA0.4_BETA0.6,0.4,0.6,50,0.0,1.26354,0.88229,0.2666,1.99749,1.24087,0.15038,,0.00843,0.15928,0.8
17,58,hybrid,HYBRID_ALPHA0.5_BETA0.5,0.5,0.5,50,0.0,1.26357,0.88232,0.26664,1.98289,1.23423,0.14982,,0.0083,0.16,0.8
17,58,hybrid,HYBRID_ALPHA0.6_BETA0.4,0.6,0.4,50,0.0,1.26356,0.88232,0.26664,1.98716,1.22506,0.1475,,0.008,0.13978,0.75
17,58,hybrid,HYBRID_ALPHA0.7_BETA0.3,0.7,0.3,50,0.0,1.26356,0.88232,0.26664,2.03642,1.22903,0.14763,,0.00767,0.13802,0.775
17,58,hybrid,HYBRID_ALPHA0.8_BETA0.2,0.8,0.2,50,0.0,1.26356,0.88232,0.26664,1.97205,1.2139,0.14788,,0.00779,0.14034,0.75
17,58,hybrid,HYBRID_ALPHA0.9_BETA0.1,0.9,0.1,50,0.0,1.26353,0.88231,0.26664,1.79469,1.14936,0.14054,,0.00823,0.13002,0.775
17,58,hybrid,HYBRID_ALPHA0.1_BETA0.9,0.1,0.9,100,1.0,0.72869,0.67407,0.07178,1.15906,0.92006,0.06228,,0.00799,0.03808,0.65
17,58,hybrid,HYBRID_ALPHA0.2_BETA0.8,0.2,0.8,100,1.0,0.71459,0.67732,0.07351,0.97407,0.79821,0.06614,,0.01047,0.03071,0.725
17,58,hybrid,HYBRID_ALPHA0.3_BETA0.7,0.3,0.7,100,1.0,0.68322,0.66428,0.06422,0.98471,0.80828,0.06571,,0.01003,0.03437,0.7
17,58,hybrid,HYBRID_ALPHA0.4_BETA0.6,0.4,0.6,100,1.0,0.66615,0.65796,0.05941,0.97114,0.81596,0.06318,,0.01291,0.03694,0.675
17,58,hybrid,HYBRID_ALPHA0.5_BETA0.5,0.5,0.5,100,1.0,0.67531,0.65491,0.075,0.88454,0.73265,0.04038,,0.00674,0.03106,0.725
17,58,hybrid,HYBRID_ALPHA0.6_BETA0.4,0.6,0.4,100,1.0,0.65237,0.6506,0.05754,0.88113,0.73433,0.03949,,0.00666,0.03173,0.675
17,58,hybrid,HYBRID_ALPHA0.7_BETA0.3,0.7,0.3,100,1.0,0.65039,0.65366,0.05877,0.83385,0.65956,0.04664,,0.00837,0.02629,0.65
17,58,hybrid,HYBRID_ALPHA0.8_BETA0.2,0.8,0.2,100,1.0,0.64958,0.65496,0.06095,0.82222,0.65795,0.04369,,0.00839,0.0278,0.65
17,58,hybrid,HYBRID_ALPHA0.9_BETA0.1,0.9,0.1,100,1.0,0.63586,0.65214,0.0561,0.81742,0.65824,0.0435,,0.00851,0.02733,0.65
17,58,hybrid,HYBRID_ALPHA0.1_BETA0.9,0.1,0.9,100,0.0,0.72869,0.67407,0.07178,1.04975,0.86246,0.03785,,0.00579,0.02743,0.625
17,58,hybrid,HYBRID_ALPHA0.2_BETA0.8,0.2,0.8,100,0.0,0.71459,0.67732,0.07351,0.88694,0.75156,0.04294,,0.0079,0.02462,0.625
17,58,hybrid,HYBRID_ALPHA0.3_BETA0.7,0.3,0.7,100,0.0,0.68322,0.66428,0.06422,0.89751,0.75965,0.0446,,0.00696,0.02785,0.625
17,58,hybrid,HYBRID_ALPHA0.4_BETA0.6,0.4,0.6,100,0.0,0.66615,0.65796,0.05941,1.38113,0.99524,0.10874,,0.01154,0.05749,0.675
17,58,hybrid,HYBRID_ALPHA0.5_BETA0.5,0.5,0.5,100,0.0,0.67531,0.65491,0.075,0.87276,0.70942,0.03569,,0.00608,0.02617,0.625
17,58,hybrid,HYBRID_ALPHA0.6_BETA0.4,0.6,0.4,100,0.0,0.65237,0.6506,0.05754,0.86891,0.71211,0.03608,,0.00593,0.02608,0.675
17,58,hybrid,HYBRID_ALPHA0.7_BETA0.3,0.7,0.3,100,0.0,0.65039,0.65366,0.05877,0.84394,0.72158,0.05609,,0.00904,0.03614,0.625
17,58,hybrid,HYBRID_ALPHA0.8_BETA0.2,0.8,0.2,100,0.0,0.64958,0.65496,0.06095,0.83099,0.71085,0.05266,,0.00914,0.03436,0.6
17,58,hybrid,HYBRID_ALPHA0.9_BETA0.1,0.9,0.1,100,0.0,0.63586,0.65214,0.0561,0.8273,0.71025,0.05097,,0.00931,0.0344,0.7
17,58,hybrid,HYBRID_ALPHA0.1_BETA0.9,0.1,0.9,300,1.0,0.6332,0.65756,0.024,2.12845,1.30301,0.09236,,0.00946,0.0586,0.65
17,58,hybrid,HYBRID_ALPHA0.2_BETA0.8,0.2,0.8,300,1.0,0.64341,0.66553,0.02339,1.40643,1.02992,0.04866,,0.0087,0.05529,0.7
17,58,hybrid,HYBRID_ALPHA0.3_BETA0.7,0.3,0.7,300,1.0,0.64435,0.66489,0.02313,1.18621,0.92785,0.05017,,0.00876,0.0564,0.6
17,58,hybrid,HYBRID_ALPHA0.4_BETA0.6,0.4,0.6,300,1.0,0.64188,0.66258,0.0229,0.9552,0.80595,0.04256,,0.00826,0.0412,0.625
17,58,hybrid,HYBRID_ALPHA0.5_BETA0.5,0.5,0.5,300,1.0,0.63839,0.66041,0.02272,0.97449,0.81675,0.05174,,0.00849,0.04625,0.65
17,58,hybrid,HYBRID_ALPHA0.6_BETA0.4,0.6,0.4,300,1.0,0.63404,0.6572,0.02277,0.95545,0.80322,0.0693,,0.00973,0.04452,0.6
17,58,hybrid,HYBRID_ALPHA0.7_BETA0.3,0.7,0.3,300,1.0,0.62956,0.6537,0.02315,0.98381,0.82095,0.07421,,0.00948,0.04972,0.625
17,58,hybrid,HYBRID_ALPHA0.8_BETA0.2,0.8,0.2,300,1.0,0.62194,0.64551,0.02393,1.01505,0.83988,0.07949,,0.00884,0.05637,0.65
17,58,hybrid,HYBRID_ALPHA0.9_BETA0.1,0.9,0.1,300,1.0,0.62217,0.64351,0.02322,1.05294,0.85994,0.09142,,0.00844,0.06244,0.6
17,58,hybrid,HYBRID_ALPHA0.1_BETA0.9,0.1,0.9,300,0.0,0.6332,0.65756,0.024,2.35398,1.37854,0.11797,,0.00924,0.07004,0.625
17,58,hybrid,HYBRID_ALPHA0.2_BETA0.8,0.2,0.8,300,0.0,0.64341,0.66553,0.02339,0.9898,0.82663,0.03856,,0.00742,0.02659,0.675
17,58,hybrid,HYBRID_ALPHA0.3_BETA0.7,0.3,0.7,300,0.0,0.64435,0.66489,0.02313,0.89145,0.75686,0.03929,,0.00709,0.02637,0.675
17,58,hybrid,HYBRID_ALPHA0.4_BETA0.6,0.4,0.6,300,0.0,0.64188,0.66258,0.0229,0.913,0.77957,0.06279,,0.00778,0.03342,0.575
17,58,hybrid,HYBRID_ALPHA0.5_BETA0.5,0.5,0.5,300,0.0,0.63839,0.66041,0.02272,0.92592,0.78783,0.07262,,0.00824,0.03655,0.6
17,58,hybrid,HYBRID_ALPHA0.6_BETA0.4,0.6,0.4,300,0.0,0.63404,0.6572,0.02277,0.9455,0.79812,0.08961,,0.0094,0.04039,0.6
17,58,hybrid,HYBRID_ALPHA0.7_BETA0.3,0.7,0.3,300,0.0,0.62956,0.6537,0.02315,0.96409,0.81,0.09302,,0.00922,0.04376,0.625
17,58,hybrid,HYBRID_ALPHA0.8_BETA0.2,0.8,0.2,300,0.0,0.62194,0.64551,0.02393,0.98621,0.82341,0.09619,,0.00873,0.04804,0.65
17,58,hybrid,HYBRID_ALPHA0.9_BETA0.1,0.9,0.1,300,0.0,0.62217,0.64351,0.02322,1.0339,0.84921,0.10452,,0.00841,0.05596,0.625
17,58,hybrid,HYBRID_ALPHA0.1_BETA0.9,0.1,0.9,500,1.0,0.63499,0.65189,0.02337,3.34313,1.69282,0.08111,,0.00925,0.06551,0.7
17,58,hybrid,HYBRID_ALPHA0.2_BETA0.8,0.2,0.8,500,1.0,0.63237,0.6472,0.0212,2.90865,1.57404,0.07521,,0.01162,0.06781,0.7
17,58,hybrid,HYBRID_ALPHA0.3_BETA0.7,0.3,0.7,500,1.0,0.63037,0.64355,0.02146,1.14605,0.85575,0.05789,,0.01017,0.09539,0.7
17,58,hybrid,HYBRID_ALPHA0.4_BETA0.6,0.4,0.6,500,1.0,0.62464,0.63227,0.02273,1.06484,0.86775,0.04033,,0.00528,0.06243,0.675
17,58,hybrid,HYBRID_ALPHA0.5_BETA0.5,0.5,0.5,500,1.0,0.63007,0.63393,0.02457,1.02022,0.81302,0.04348,,0.00723,0.07525,0.7
17,58,hybrid,HYBRID_ALPHA0.6_BETA0.4,0.6,0.4,500,1.0,0.63211,0.63322,0.02594,0.99406,0.81886,0.03891,,0.00549,0.06865,0.675
17,58,hybrid,HYBRID_ALPHA0.7_BETA0.3,0.7,0.3,500,1.0,0.63771,0.6352,0.0278,0.95205,0.76434,0.04062,,0.00694,0.06646,0.75
17,58,hybrid,HYBRID_ALPHA0.8_BETA0.2,0.8,0.2,500,1.0,0.63681,0.63341,0.02773,0.92852,0.76814,0.03758,,0.0061,0.06287,0.725
17,58,hybrid,HYBRID_ALPHA0.9_BETA0.1,0.9,0.1,500,1.0,0.63384,0.63152,0.028,0.93667,0.78387,0.04059,,0.00561,0.06434,0.7
17,58,hybrid,HYBRID_ALPHA0.1_BETA0.9,0.1,0.9,500,0.0,0.63499,0.65189,0.02337,3.67803,1.7719,0.11269,,0.00919,0.07665,0.7
17,58,hybrid,HYBRID_ALPHA0.2_BETA0.8,0.2,0.8,500,0.0,0.63237,0.6472,0.0212,3.35236,1.69337,0.10202,,0.01064,0.08455,0.675
17,58,hybrid,HYBRID_ALPHA0.3_BETA0.7,0.3,0.7,500,0.0,0.63037,0.64355,0.02146,1.09915,0.81441,0.059,,0.01058,0.08329,0.725
17,58,hybrid,HYBRID_ALPHA0.4_BETA0.6,0.4,0.6,500,0.0,0.62464,0.63227,0.02273,0.95045,0.80049,0.04365,,0.00495,0.04627,0.7
17,58,hybrid,HYBRID_ALPHA0.5_BETA0.5,0.5,0.5,500,0.0,0.63007,0.63393,0.02457,0.9778,0.76495,0.04374,,0.00735,0.06155,0.75
17,58,hybrid,HYBRID_ALPHA0.6_BETA0.4,0.6,0.4,500,0.0,0.63211,0.63322,0.02594,0.93469,0.76565,0.04021,,0.00533,0.05207,0.725
17,58,hybrid,HYBRID_ALPHA0.7_BETA0.3,0.7,0.3,500,0.0,0.63771,0.6352,0.0278,0.96179,0.77195,0.04078,,0.00711,0.06968,0.725
17,58,hybrid,HYBRID_ALPHA0.8_BETA0.2,0.8,0.2,500,0.0,0.63681,0.63341,0.02773,0.9232,0.76028,0.0373,,0.00621,0.06115,0.75
17,58,hybrid,HYBRID_ALPHA0.9_BETA0.1,0.9,0.1,500,0.0,0.63384,0.63152,0.028,0.9364,0.78313,0.03973,,0.00564,0.06449,0.7
17,58,mse,MSE,1.0,0.0,50,1.0,1.26348,0.8823,0.26664,1.04914,0.83226,0.10517,,0.00949,0.05991,0.7
17,58,mse,MSE,1.0,0.0,50,0.0,1.26348,0.8823,0.26664,1.7497,1.13567,0.1388,,0.00836,0.12672,0.75
17,58,mse,MSE,1.0,0.0,100,1.0,0.64357,0.65613,0.0663,0.84119,0.65731,0.04519,,0.00848,0.03004,0.6
17,58,mse,MSE,1.0,0.0,100,0.0,0.64357,0.65613,0.0663,0.82981,0.71639,0.04835,,0.00904,0.03892,0.7
17,58,mse,MSE,1.0,0.0,300,1.0,0.6106,0.63648,0.02201,1.07738,0.86814,0.11827,,0.00812,0.06228,0.625
17,58,mse,MSE,1.0,0.0,300,0.0,0.6106,0.63648,0.02201,1.12082,0.88732,0.12569,,0.0082,0.06733,0.625
17,58,mse,MSE,1.0,0.0,500,1.0,0.63781,0.63128,0.03347,1.01654,0.83217,0.12232,,0.01244,0.07471,0.6
17,58,mse,MSE,1.0,0.0,500,0.0,0.63781,0.63128,0.03347,1.9851,1.23144,0.14471,,0.01025,0.1367,0.7
18,59,hsic,HSIC,0.0,1.0,50,1.0,0.9204,0.64563,0.06389,1.22734,0.91365,0.16228,,0.00842,0.11061,0.75
18,59,hsic,HSIC,0.0,1.0,50,0.0,0.9204,0.64563,0.06389,2.49863,1.41335,0.16612,,0.00832,0.17224,0.775
18,59,hsic,HSIC,0.0,1.0,100,1.0,1.51804,0.96855,0.02679,1.19934,0.90709,0.15304,,0.00851,0.24904,0.825
18,59,hsic,HSIC,0.0,1.0,100,0.0,1.51804,0.96855,0.02679,2.34877,1.36393,0.15604,,0.00833,0.28178,0.825
18,59,hsic,HSIC,0.0,1.0,300,1.0,0.63124,0.55645,0.0229,1.19762,0.90861,0.15293,,0.00849,0.39847,0.9
18,59,hsic,HSIC,0.0,1.0,300,0.0,0.63124,0.55645,0.0229,2.41149,1.38522,0.15521,,0.00853,0.41787,0.95
18,59,hsic,HSIC,0.0,1.0,500,1.0,0.71389,0.57789,0.02766,1.15403,0.71201,0.09477,,0.01245,0.33308,0.925
18,59,hsic,HSIC,0.0,1.0,500,0.0,0.71389,0.57789,0.02766,0.98909,0.70006,0.07664,,0.00929,0.34164,0.9
18,59,hybrid,HYBRID_ALPHA0.1_BETA0.9,0.1,0.9,50,1.0,0.76272,0.66866,0.07698,0.88211,0.74471,0.05062,,0.00781,0.02729,0.65
18,59,hybrid,HYBRID_ALPHA0.2_BETA0.8,0.2,0.8,50,1.0,0.81938,0.72807,0.09298,0.87017,0.74281,0.0534,,0.00884,0.02734,0.6
18,59,hybrid,HYBRID_ALPHA0.3_BETA0.7,0.3,0.7,50,1.0,0.73509,0.72086,0.08166,0.85601,0.72711,0.04839,,0.009,0.02748,0.6
18,59,hybrid,HYBRID_ALPHA0.4_BETA0.6,0.4,0.6,50,1.0,0.75005,0.73304,0.0884,0.84582,0.71517,0.04692,,0.00915,0.02514,0.675
18,59,hybrid,HYBRID_ALPHA0.5_BETA0.5,0.5,0.5,50,1.0,0.75452,0.73632,0.09186,0.84599,0.70947,0.07596,,0.01392,0.02544,0.6
18,59,hybrid,HYBRID_ALPHA0.6_BETA0.4,0.6,0.4,50,1.0,0.75015,0.7336,0.09481,0.84265,0.70281,0.07408,,0.01376,0.02509,0.65
18,59,hybrid,HYBRID_ALPHA0.7_BETA0.3,0.7,0.3,50,1.0,0.74316,0.72902,0.09757,0.81735,0.67363,0.06136,,0.01366,0.01849,0.625
18,59,hybrid,HYBRID_ALPHA0.8_BETA0.2,0.8,0.2,50,1.0,0.73851,0.72547,0.10077,0.86827,0.74251,0.06749,,0.01373,0.0347,0.7
18,59,hybrid,HYBRID_ALPHA0.9_BETA0.1,0.9,0.1,50,1.0,0.74059,0.72704,0.10746,0.95447,0.79648,0.08519,,0.01363,0.04595,0.65
18,59,hybrid,HYBRID_ALPHA0.1_BETA0.9,0.1,0.9,50,0.0,0.76272,0.66866,0.07698,0.88324,0.74486,0.05727,,0.00795,0.03138,0.65
18,59,hybrid,HYBRID_ALPHA0.2_BETA0.8,0.2,0.8,50,0.0,0.81938,0.72807,0.09298,0.89598,0.76349,0.07483,,0.00875,0.03451,0.65
18,59,hybrid,HYBRID_ALPHA0.3_BETA0.7,0.3,0.7,50,0.0,0.73509,0.72086,0.08166,0.8697,0.7415,0.06488,,0.00894,0.03471,0.65
18,59,hybrid,HYBRID_ALPHA0.4_BETA0.6,0.4,0.6,50,0.0,0.75005,0.73304,0.0884,0.86543,0.73934,0.06146,,0.00916,0.03288,0.65
18,59,hybrid,HYBRID_ALPHA0.5_BETA0.5,0.5,0.5,50,0.0,0.75452,0.73632,0.09186,1.17208,0.90185,0.11501,,0.01217,0.05854,0.7
18,59,hybrid,HYBRID_ALPHA0.6_BETA0.4,0.6,0.4,50,0.0,0.75015,0.7336,0.09481,1.14152,0.89092,0.11458,,0.01174,0.06169,0.625
18,59,hybrid,HYBRID_ALPHA0.7_BETA0.3,0.7,0.3,50,0.0,0.74316,0.72902,0.09757,0.99606,0.82513,0.07208,,0.01314,0.03936,0.75
18,59,hybrid,HYBRID_ALPHA0.8_BETA0.2,0.8,0.2,50,0.0,0.73851,0.72547,0.10077,0.86765,0.71877,0.07,,0.01388,0.02354,0.675
18,59,hybrid,HYBRID_ALPHA0.9_BETA0.1,0.9,0.1,50,0.0,0.74059,0.72704,0.10746,0.8136,0.68925,0.05985,,0.01333,0.02289,0.65
18,59,hybrid,HYBRID_ALPHA0.1_BETA0.9,0.1,0.9,100,1.0,0.6352,0.64987,0.03666,1.13748,0.90174,0.07795,,0.0135,0.05401,0.675
18,59,hybrid,HYBRID_ALPHA0.2_BETA0.8,0.2,0.8,100,1.0,0.62741,0.63741,0.03626,0.9924,0.82664,0.07654,,0.01383,0.05022,0.625
18,59,hybrid,HYBRID_ALPHA0.3_BETA0.7,0.3,0.7,100,1.0,0.62351,0.63066,0.0437,0.92681,0.6543,0.07147,,0.01516,0.04581,0.65
18,59,hybrid,HYBRID_ALPHA0.4_BETA0.6,0.4,0.6,100,1.0,0.61797,0.62954,0.04252,0.87165,0.73384,0.07621,,0.0136,0.04534,0.625
18,59,hybrid,HYBRID_ALPHA0.5_BETA0.5,0.5,0.5,100,1.0,0.60586,0.62162,0.04833,0.86326,0.72574,0.07661,,0.0134,0.04403,0.6
18,59,hybrid,HYBRID_ALPHA0.6_BETA0.4,0.6,0.4,100,1.0,0.61045,0.62168,0.05322,0.8902,0.7607,0.06386,,0.00741,0.04803,0.65
18,59,hybrid,HYBRID_ALPHA0.7_BETA0.3,0.7,0.3,100,1.0,0.61146,0.62184,0.05285,0.90669,0.77427,0.07603,,0.00871,0.04813,0.675
18,59,hybrid,HYBRID_ALPHA0.8_BETA0.2,0.8,0.2,100,1.0,0.61548,0.62421,0.05176,0.93921,0.79416,0.09022,,0.01011,0.05356,0.65
18,59,hybrid,HYBRID_ALPHA0.9_BETA0.1,0.9,0.1,100,1.0,0.60623,0.622,0.04047,0.9394,0.79545,0.08661,,0.00956,0.05593,0.625
18,59,hybrid,HYBRID_ALPHA0.1_BETA0.9,0.1,0.9,100,0.0,0.6352,0.64987,0.03666,1.93042,1.21477,0.12589,,0.0111,0.08808,0.625
18,59,hybrid,HYBRID_ALPHA0.2_BETA0.8,0.2,0.8,100,0.0,0.62741,0.63741,0.03626,1.64539,1.09942,0.12522,,0.01167,0.08262,0.625
18,59,hybrid,HYBRID_ALPHA0.3_BETA0.7,0.3,0.7,100,0.0,0.62351,0.63066,0.0437,0.87656,0.73199,0.08866,,0.01369,0.05794,0.7
18,59,hybrid,HYBRID_ALPHA0.4_BETA0.6,0.4,0.6,100,0.0,0.61797,0.62954,0.04252,1.29762,0.95806,0.12765,,0.01166,0.07964,0.65
18,59,hybrid,HYBRID_ALPHA0.5_BETA0.5,0.5,0.5,100,0.0,0.60586,0.62162,0.04833,1.2414,0.93534,0.12706,,0.01154,0.08015,0.65
18,59,hybrid,HYBRID_ALPHA0.6_BETA0.4,0.6,0.4,100,0.0,0.61045,0.62168,0.05322,0.93871,0.78687,0.09609,,0.00775,0.04753,0.6
18,59,hybrid,HYBRID_ALPHA0.7_BETA0.3,0.7,0.3,100,0.0,0.61146,0.62184,0.05285,0.98537,0.81847,0.1114,,0.00876,0.05202,0.575
18,59,hybrid,HYBRID_ALPHA0.8_BETA0.2,0.8,0.2,100,0.0,0.61548,0.62421,0.05176,1.05993,0.85817,0.12307,,0.00952,0.06378,0.65
18,59,hybrid,HYBRID_ALPHA0.9_BETA0.1,0.9,0.1,100,0.0,0.60623,0.622,0.04047,1.05121,0.8546,0.11949,,0.00924,0.06553,0.625
18,59,hybrid,HYBRID_ALPHA0.1_BETA0.9,0.1,0.9,300,1.0,0.57904,0.58668,0.02177,1.31642,0.97039,0.09787,,0.01233,0.06481,0.65
18,59,hybrid,HYBRID_ALPHA0.2_BETA0.8,0.2,0.8,300,1.0,0.58519,0.5911,0.02224,1.02774,0.84561,0.07406,,0.01307,0.05531,0.675
18,59,hybrid,HYBRID_ALPHA0.3_BETA0.7,0.3,0.7,300,1.0,0.58103,0.59066,0.02257,0.95749,0.80275,0.07435,,0.01312,0.05467,0.675
18,59,hybrid,HYBRID_ALPHA0.4_BETA0.6,0.4,0.6,300,1.0,0.98677,0.80018,0.20821,0.95608,0.80046,0.07668,,0.01324,0.0574,0.675
18,59,hybrid,HYBRID_ALPHA0.5_BETA0.5,0.5,0.5,300,1.0,0.61376,0.61969,0.04038,0.94939,0.79404,0.08016,,0.0129,0.06218,0.6
18,59,hybrid,HYBRID_ALPHA0.6_BETA0.4,0.6,0.4,300,1.0,0.62182,0.62783,0.04901,0.95522,0.79656,0.0807,,0.0125,0.07024,0.7
18,59,hybrid,HYBRID_ALPHA0.7_BETA0.3,0.7,0.3,300,1.0,0.62142,0.62958,0.05336,0.93869,0.78686,0.07831,,0.0123,0.07517,0.65
18,59,hybrid,HYBRID_ALPHA0.8_BETA0.2,0.8,0.2,300,1.0,0.71351,0.68127,0.11126,0.93356,0.7846,0.08214,,0.01203,0.07979,0.625
18,59,hybrid,HYBRID_ALPHA0.9_BETA0.1,0.9,0.1,300,1.0,0.73515,0.69279,0.12544,0.9362,0.78806,0.08787,,0.01174,0.08634,0.7
18,59,hybrid,HYBRID_ALPHA0.1_BETA0.9,0.1,0.9,300,0.0,0.57904,0.58668,0.02177,1.92808,1.21362,0.12961,,0.01038,0.10008,0.65
18,59,hybrid,HYBRID_ALPHA0.2_BETA0.8,0.2,0.8,300,0.0,0.58519,0.5911,0.02224,1.38552,0.99411,0.11587,,0.01136,0.07713,0.675
18,59,hybrid,HYBRID_ALPHA0.3_BETA0.7,0.3,0.7,300,0.0,0.58103,0.59066,0.02257,1.27339,0.9473,0.11644,,0.01141,0.0777,0.675
18,59,hybrid,HYBRID_ALPHA0.4_BETA0.6,0.4,0.6,300,0.0,0.98677,0.80018,0.20821,1.45907,1.02468,0.11735,,0.01161,0.09797,0.65
18,59,hybrid,HYBRID_ALPHA0.5_BETA0.5,0.5,0.5,300,0.0,0.61376,0.61969,0.04038,1.557,1.06556,0.12104,,0.01131,0.11333,0.625
18,59,hybrid,HYBRID_ALPHA0.6_BETA0.4,0.6,0.4,300,0.0,0.62182,0.62783,0.04901,1.51546,1.04978,0.12097,,0.01094,0.11658,0.625
18,59,hybrid,HYBRID_ALPHA0.7_BETA0.3,0.7,0.3,300,0.0,0.62142,0.62958,0.05336,1.36944,0.98998,0.1165,,0.01097,0.11435,0.625
18,59,hybrid,HYBRID_ALPHA0.8_BETA0.2,0.8,0.2,300,0.0,0.71351,0.68127,0.11126,1.34346,0.97891,0.11808,,0.01078,0.11719,0.7
18,59,hybrid,HYBRID_ALPHA0.9_BETA0.1,0.9,0.1,300,0.0,0.73515,0.69279,0.12544,1.34008,0.97889,0.121,,0.01055,0.12211,0.7
18,59,hybrid,HYBRID_ALPHA0.1_BETA0.9,0.1,0.9,500,1.0,0.61181,0.63523,0.03206,1.02806,0.85424,0.03707,,0.00722,0.05816,0.675
18,59,hybrid,HYBRID_ALPHA0.2_BETA0.8,0.2,0.8,500,1.0,0.60759,0.63433,0.0316,1.07074,0.87871,0.05418,,0.01197,0.06006,0.725
18,59,hybrid,HYBRID_ALPHA0.3_BETA0.7,0.3,0.7,500,1.0,0.61019,0.63621,0.02854,1.08389,0.88053,0.06314,,0.01243,0.05446,0.725
18,59,hybrid,HYBRID_ALPHA0.4_BETA0.6,0.4,0.6,500,1.0,0.61406,0.63718,0.03291,1.04887,0.85943,0.06491,,0.01249,0.05717,0.7
18,59,hybrid,HYBRID_ALPHA0.5_BETA0.5,0.5,0.5,500,1.0,0.6148,0.63663,0.03455,1.04471,0.85063,0.07798,,0.0131,0.05576,0.7
18,59,hybrid,HYBRID_ALPHA0.6_BETA0.4,0.6,0.4,500,1.0,0.61522,0.6359,0.0356,0.98875,0.81541,0.08968,,0.0135,0.05133,0.675
18,59,hybrid,HYBRID_ALPHA0.7_BETA0.3,0.7,0.3,500,1.0,0.62335,0.63733,0.03901,0.98158,0.81228,0.08501,,0.0132,0.05353,0.65
18,59,hybrid,HYBRID_ALPHA0.8_BETA0.2,0.8,0.2,500,1.0,0.63371,0.63763,0.04201,0.96232,0.7997,0.09037,,0.01307,0.05513,0.7
18,59,hybrid,HYBRID_ALPHA0.9_BETA0.1,0.9,0.1,500,1.0,0.62742,0.63677,0.04518,0.95323,0.79546,0.09621,,0.01287,0.05674,0.725
18,59,hybrid,HYBRID_ALPHA0.1_BETA0.9,0.1,0.9,500,0.0,0.61181,0.63523,0.03206,0.9528,0.80302,0.04954,,0.00713,0.0445,0.65
18,59,hybrid,HYBRID_ALPHA0.2_BETA0.8,0.2,0.8,500,0.0,0.60759,0.63433,0.0316,0.98985,0.82237,0.05528,,0.00962,0.0513,0.675
18,59,hybrid,HYBRID_ALPHA0.3_BETA0.7,0.3,0.7,500,0.0,0.61019,0.63621,0.02854,1.23679,0.93354,0.1022,,0.01101,0.06913,0.625
18,59,hybrid,HYBRID_ALPHA0.4_BETA0.6,0.4,0.6,500,0.0,0.61406,0.63718,0.03291,1.19294,0.91346,0.10432,,0.01118,0.072,0.7
18,59,hybrid,HYBRID_ALPHA0.5_BETA0.5,0.5,0.5,500,0.0,0.6148,0.63663,0.03455,1.40589,1.00474,0.11304,,0.01158,0.09267,0.675
18,59,hybrid,HYBRID_ALPHA0.6_BETA0.4,0.6,0.4,500,0.0,0.61522,0.6359,0.0356,1.47228,1.03002,0.1246,,0.01149,0.09841,0.7
18,59,hybrid,HYBRID_ALPHA0.7_BETA0.3,0.7,0.3,500,0.0,0.62335,0.63733,0.03901,1.47013,1.0304,0.11926,,0.01156,0.10509,0.65
18,59,hybrid,HYBRID_ALPHA0.8_BETA0.2,0.8,0.2,500,0.0,0.63371,0.63763,0.04201,1.46267,1.02664,0.1236,,0.01139,0.10958,0.65
18,59,hybrid,HYBRID_ALPHA0.9_BETA0.1,0.9,0.1,500,0.0,0.62742,0.63677,0.04518,1.46969,1.02921,0.12791,,0.01116,0.11348,0.675
18,59,mse,MSE,1.0,0.0,50,1.0,0.74473,0.72954,0.115,0.98201,0.81232,0.08776,,0.01316,0.0508,0.7
18,59,mse,MSE,1.0,0.0,50,0.0,0.74473,0.72954,0.115,0.8195,0.7029,0.0526,,0.01247,0.02527,0.625
18,59,mse,MSE,1.0,0.0,100,1.0,0.61098,0.62453,0.04533,0.95309,0.80534,0.08263,,0.00899,0.06163,0.625
18,59,mse,MSE,1.0,0.0,100,0.0,0.61098,0.62453,0.04533,1.05845,0.85934,0.11428,,0.00888,0.07033,0.625
18,59,mse,MSE,1.0,0.0,300,1.0,0.74663,0.69837,0.13374,1.03228,0.84764,0.09373,,0.00622,0.07251,0.6
18,59,mse,MSE,1.0,0.0,300,0.0,0.74663,0.69837,0.13374,0.94567,0.7773,0.10423,,0.00647,0.04845,0.675
18,59,mse,MSE,1.0,0.0,500,1.0,0.63188,0.63928,0.04871,0.94732,0.79385,0.1024,,0.01266,0.05773,0.65
18,59,mse,MSE,1.0,0.0,500,0.0,0.63188,0.63928,0.04871,1.48958,1.03709,0.13234,,0.01092,0.11711,0.65
19,60,hsic,HSIC,0.0,1.0,50,1.0,1.53862,1.04513,0.24192,1.23615,0.9195,0.1655,,0.00856,0.27025,0.85
19,60,hsic,HSIC,0.0,1.0,50,0.0,1.53862,1.04513,0.24192,2.49678,1.41103,0.16661,,0.00846,0.30618,0.825
19,60,hsic,HSIC,0.0,1.0,100,1.0,1.83202,1.11109,0.02267,1.22699,0.91179,0.13214,,0.01665,0.3261,0.85
19,60,hsic,HSIC,0.0,1.0,100,0.0,1.83202,1.11109,0.02267,2.90261,1.38363,0.35272,,0.04078,0.27846,0.825
19,60,hsic,HSIC,0.0,1.0,300,1.0,0.58314,0.56888,0.01892,1.30706,0.96568,0.14895,,0.00877,0.44251,0.975
19,60,hsic,HSIC,0.0,1.0,300,0.0,0.58314,0.56888,0.01892,2.78024,1.50789,0.14964,,0.0088,0.46575,0.95
19,60,hsic,HSIC,0.0,1.0,500,1.0,0.59071,0.55366,0.01805,1.24174,0.92395,0.16463,,0.00857,0.43119,0.95
19,60,hsic,HSIC,0.0,1.0,500,0.0,0.59071,0.55366,0.01805,2.76847,1.50071,0.15811,,0.00821,0.46274,0.95
19,60,hybrid,HYBRID_ALPHA0.1_BETA0.9,0.1,0.9,50,1.0,1.02834,0.78183,0.20737,1.82772,1.19558,0.07204,,0.0099,0.07651,0.65
19,60,hybrid,HYBRID_ALPHA0.2_BETA0.8,0.2,0.8,50,1.0,0.97945,0.75245,0.19691,1.63384,1.12162,0.07024,,0.0106,0.0771,0.65
19,60,hybrid,HYBRID_ALPHA0.3_BETA0.7,0.3,0.7,50,1.0,0.92871,0.727,0.18256,1.41343,1.02725,0.07159,,0.0107,0.07557,0.65
19,60,hybrid,HYBRID_ALPHA0.4_BETA0.6,0.4,0.6,50,1.0,0.88177,0.71641,0.16807,1.32139,0.98325,0.07171,,0.01063,0.07531,0.65
19,60,hybrid,HYBRID_ALPHA0.5_BETA0.5,0.5,0.5,50,1.0,0.85305,0.71489,0.15802,1.31969,0.98666,0.06191,,0.01001,0.07167,0.65
19,60,hybrid,HYBRID_ALPHA0.6_BETA0.4,0.6,0.4,50,1.0,0.82141,0.71296,0.13801,1.21786,0.93614,0.06284,,0.00986,0.06933,0.625
19,60,hybrid,HYBRID_ALPHA0.7_BETA0.3,0.7,0.3,50,1.0,0.79359,0.70977,0.11914,1.14687,0.90099,0.06494,,0.00978,0.06934,0.675
19,60,hybrid,HYBRID_ALPHA0.8_BETA0.2,0.8,0.2,50,1.0,0.76001,0.71291,0.08739,1.10909,0.88177,0.06765,,0.00969,0.06987,0.625
19,60,hybrid,HYBRID_ALPHA0.9_BETA0.1,0.9,0.1,50,1.0,0.75515,0.71173,0.07402,1.07274,0.86323,0.07356,,0.0097,0.07063,0.65
19,60,hybrid,HYBRID_ALPHA0.1_BETA0.9,0.1,0.9,50,0.0,1.02834,0.78183,0.20737,2.01735,1.25628,0.10859,,0.00926,0.08495,0.7
19,60,hybrid,HYBRID_ALPHA0.2_BETA0.8,0.2,0.8,50,0.0,0.97945,0.75245,0.19691,1.81499,1.17781,0.10496,,0.00973,0.08642,0.625
19,60,hybrid,HYBRID_ALPHA0.3_BETA0.7,0.3,0.7,50,0.0,0.92871,0.727,0.18256,1.61507,1.09603,0.10979,,0.01005,0.08766,0.7
19,60,hybrid,HYBRID_ALPHA0.4_BETA0.6,0.4,0.6,50,0.0,0.88177,0.71641,0.16807,1.52504,1.05889,0.11012,,0.01005,0.08843,0.675
19,60,hybrid,HYBRID_ALPHA0.5_BETA0.5,0.5,0.5,50,0.0,0.85305,0.71489,0.15802,1.67146,1.12182,0.10124,,0.00985,0.09631,0.7
19,60,hybrid,HYBRID_ALPHA0.6_BETA0.4,0.6,0.4,50,0.0,0.82141,0.71296,0.13801,1.66495,1.1177,0.10387,,0.00964,0.10326,0.675
19,60,hybrid,HYBRID_ALPHA0.7_BETA0.3,0.7,0.3,50,0.0,0.79359,0.70977,0.11914,1.58336,1.08359,0.10565,,0.00957,0.1051,0.675
19,60,hybrid,HYBRID_ALPHA0.8_BETA0.2,0.8,0.2,50,0.0,0.76001,0.71291,0.08739,1.53099,1.06187,0.10674,,0.00947,0.10649,0.65
19,60,hybrid,HYBRID_ALPHA0.9_BETA0.1,0.9,0.1,50,0.0,0.75515,0.71173,0.07402,1.47646,1.0376,0.10977,,0.00944,0.10825,0.7
19,60,hybrid,HYBRID_ALPHA0.1_BETA0.9,0.1,0.9,100,1.0,0.58008,0.59184,0.03352,1.15407,0.90448,0.08438,,0.01036,0.09004,0.65
19,60,hybrid,HYBRID_ALPHA0.2_BETA0.8,0.2,0.8,100,1.0,0.57861,0.60289,0.03683,1.01143,0.84671,0.04964,,0.00941,0.06683,0.625
19,60,hybrid,HYBRID_ALPHA0.3_BETA0.7,0.3,0.7,100,1.0,0.59429,0.60796,0.03085,0.9635,0.80825,0.05583,,0.01039,0.06473,0.675
19,60,hybrid,HYBRID_ALPHA0.4_BETA0.6,0.4,0.6,100,1.0,0.61235,0.62072,0.03188,0.84846,0.67808,0.04255,,0.01082,0.04795,0.625
19,60,hybrid,HYBRID_ALPHA0.5_BETA0.5,0.5,0.5,100,1.0,0.61396,0.62106,0.02824,0.85801,0.69818,0.04474,,0.01088,0.05022,0.675
19,60,hybrid,HYBRID_ALPHA0.6_BETA0.4,0.6,0.4,100,1.0,0.62362,0.63209,0.01864,0.86103,0.71064,0.04362,,0.01078,0.05245,0.65
19,60,hybrid,HYBRID_ALPHA0.7_BETA0.3,0.7,0.3,100,1.0,0.62077,0.63426,0.02644,0.92278,0.77484,0.04633,,0.01069,0.06492,0.675
19,60,hybrid,HYBRID_ALPHA0.8_BETA0.2,0.8,0.2,100,1.0,0.61583,0.62336,0.03209,0.94562,0.79924,0.04031,,0.01013,0.07267,0.725
19,60,hybrid,HYBRID_ALPHA0.9_BETA0.1,0.9,0.1,100,1.0,0.69632,0.65302,0.03742,1.09271,0.88525,0.05553,,0.01127,0.09012,0.675
19,60,hybrid,HYBRID_ALPHA0.1_BETA0.9,0.1,0.9,100,0.0,0.58008,0.59184,0.03352,1.08644,0.76359,0.12392,,0.01869,0.07232,0.675
19,60,hybrid,HYBRID_ALPHA0.2_BETA0.8,0.2,0.8,100,0.0,0.57861,0.60289,0.03683,0.83532,0.69644,0.04116,,0.00903,0.04904,0.65
19,60,hybrid,HYBRID_ALPHA0.3_BETA0.7,0.3,0.7,100,0.0,0.59429,0.60796,0.03085,0.83087,0.68635,0.04207,,0.00849,0.04725,0.6
19,60,hybrid,HYBRID_ALPHA0.4_BETA0.6,0.4,0.6,100,0.0,0.61235,0.62072,0.03188,0.83073,0.68656,0.0501,,0.00994,0.0466,0.575
19,60,hybrid,HYBRID_ALPHA0.5_BETA0.5,0.5,0.5,100,0.0,0.61396,0.62106,0.02824,0.83357,0.68797,0.04629,,0.00918,0.04756,0.6
19,60,hybrid,HYBRID_ALPHA0.6_BETA0.4,0.6,0.4,100,0.0,0.62362,0.63209,0.01864,0.83472,0.69306,0.04768,,0.00905,0.04851,0.625
19,60,hybrid,HYBRID_ALPHA0.7_BETA0.3,0.7,0.3,100,0.0,0.62077,0.63426,0.02644,0.84249,0.6931,0.05366,,0.00866,0.04603,0.575
19,60,hybrid,HYBRID_ALPHA0.8_BETA0.2,0.8,0.2,100,0.0,0.61583,0.62336,0.03209,0.85189,0.71552,0.07095,,0.00932,0.05018,0.575
19,60,hybrid,HYBRID_ALPHA0.9_BETA0.1,0.9,0.1,100,0.0,0.69632,0.65302,0.03742,1.02695,0.84145,0.09657,,0.01053,0.07279,0.625
19,60,hybrid,HYBRID_ALPHA0.1_BETA0.9,0.1,0.9,300,1.0,0.65522,0.67537,0.0177,2.4769,1.42135,0.10015,,0.00904,0.1044,0.75
19,60,hybrid,HYBRID_ALPHA0.2_BETA0.8,0.2,0.8,300,1.0,0.63516,0.6531,0.01756,2.40568,1.40462,0.09044,,0.01088,0.09788,0.725
19,60,hybrid,HYBRID_ALPHA0.3_BETA0.7,0.3,0.7,300,1.0,0.62323,0.63763,0.01776,1.20135,0.94322,0.04301,,0.00669,0.08775,0.675
19,60,hybrid,HYBRID_ALPHA0.4_BETA0.6,0.4,0.6,300,1.0,0.64622,0.65409,0.02056,1.08372,0.87766,0.04203,,0.00654,0.06797,0.7
19,60,hybrid,HYBRID_ALPHA0.5_BETA0.5,0.5,0.5,300,1.0,0.64613,0.65188,0.0207,1.01252,0.83007,0.04151,,0.00634,0.05792,0.675
19,60,hybrid,HYBRID_ALPHA0.6_BETA0.4,0.6,0.4,300,1.0,0.64737,0.65212,0.0206,1.14617,0.91165,0.04084,,0.00543,0.05538,0.625
19,60,hybrid,HYBRID_ALPHA0.7_BETA0.3,0.7,0.3,300,1.0,0.6463,0.65044,0.02081,0.98961,0.8111,0.0402,,0.00592,0.04853,0.7
19,60,hybrid,HYBRID_ALPHA0.8_BETA0.2,0.8,0.2,300,1.0,0.65129,0.64979,0.02287,0.98159,0.80225,0.03928,,0.00559,0.04541,0.725
19,60,hybrid,HYBRID_ALPHA0.9_BETA0.1,0.9,0.1,300,1.0,0.62656,0.63508,0.0199,0.96797,0.79108,0.03909,,0.00508,0.04253,0.725
19,60,hybrid,HYBRID_ALPHA0.1_BETA0.9,0.1,0.9,300,0.0,0.65522,0.67537,0.0177,3.54231,1.7304,0.13271,,0.00904,0.11158,0.65
19,60,hybrid,HYBRID_ALPHA0.2_BETA0.8,0.2,0.8,300,0.0,0.63516,0.6531,0.01756,3.46535,1.71014,0.12827,,0.00988,0.10512,0.7
19,60,hybrid,HYBRID_ALPHA0.3_BETA0.7,0.3,0.7,300,0.0,0.62323,0.63763,0.01776,1.11148,0.89337,0.04021,,0.00624,0.08389,0.725
19,60,hybrid,HYBRID_ALPHA0.4_BETA0.6,0.4,0.6,300,0.0,0.64622,0.65409,0.02056,1.02712,0.84136,0.04037,,0.00627,0.06396,0.675
19,60,hybrid,HYBRID_ALPHA0.5_BETA0.5,0.5,0.5,300,0.0,0.64613,0.65188,0.0207,0.97386,0.79719,0.04022,,0.00613,0.05385,0.675
19,60,hybrid,HYBRID_ALPHA0.6_BETA0.4,0.6,0.4,300,0.0,0.64737,0.65212,0.0206,1.04899,0.855,0.03934,,0.00499,0.04944,0.7
19,60,hybrid,HYBRID_ALPHA0.7_BETA0.3,0.7,0.3,300,0.0,0.6463,0.65044,0.02081,0.9632,0.7855,0.0397,,0.00583,0.04479,0.7
19,60,hybrid,HYBRID_ALPHA0.8_BETA0.2,0.8,0.2,300,0.0,0.65129,0.64979,0.02287,0.95889,0.7775,0.03912,,0.00555,0.0418,0.7
19,60,hybrid,HYBRID_ALPHA0.9_BETA0.1,0.9,0.1,300,0.0,0.62656,0.63508,0.0199,0.95686,0.77788,0.03902,,0.00509,0.04018,0.7
19,60,hybrid,HYBRID_ALPHA0.1_BETA0.9,0.1,0.9,500,1.0,0.63783,0.65353,0.02051,2.2134,1.32801,0.11646,,0.01017,0.0969,0.65
19,60,hybrid,HYBRID_ALPHA0.2_BETA0.8,0.2,0.8,500,1.0,0.62728,0.64207,0.02005,2.36706,1.39847,0.09076,,0.0138,0.06808,0.7
19,60,hybrid,HYBRID_ALPHA0.3_BETA0.7,0.3,0.7,500,1.0,0.6102,0.62702,0.0172,2.15486,1.32713,0.08436,,0.01454,0.08844,0.75
19,60,hybrid,HYBRID_ALPHA0.4_BETA0.6,0.4,0.6,500,1.0,0.62422,0.63279,0.02002,2.22544,1.35223,0.08328,,0.0144,0.09027,0.75
19,60,hybrid,HYBRID_ALPHA0.5_BETA0.5,0.5,0.5,500,1.0,0.62559,0.63258,0.02031,2.05594,1.29124,0.08316,,0.01404,0.09239,0.75
19,60,hybrid,HYBRID_ALPHA0.6_BETA0.4,0.6,0.4,500,1.0,0.62843,0.6373,0.01893,1.78585,1.18682,0.08422,,0.01377,0.09117,0.725
19,60,hybrid,HYBRID_ALPHA0.7_BETA0.3,0.7,0.3,500,1.0,0.62804,0.63716,0.01834,1.65493,1.13319,0.08689,,0.01365,0.0875,0.725
19,60,hybrid,HYBRID_ALPHA0.8_BETA0.2,0.8,0.2,500,1.0,0.62044,0.63118,0.0177,1.23005,0.92655,0.11331,,0.0121,0.25492,0.85
19,60,hybrid,HYBRID_ALPHA0.9_BETA0.1,0.9,0.1,500,1.0,0.62006,0.63125,0.01763,1.15337,0.89565,0.11852,,0.01192,0.23719,0.825
19,60,hybrid,HYBRID_ALPHA0.1_BETA0.9,0.1,0.9,500,0.0,0.63783,0.65353,0.02051,3.142,1.61997,0.13918,,0.00964,0.12253,0.7
19,60,hybrid,HYBRID_ALPHA0.2_BETA0.8,0.2,0.8,500,0.0,0.62728,0.64207,0.02005,3.43399,1.70907,0.12752,,0.01172,0.08725,0.625
19,60,hybrid,HYBRID_ALPHA0.3_BETA0.7,0.3,0.7,500,0.0,0.6102,0.62702,0.0172,3.41998,1.70984,0.12456,,0.01259,0.10705,0.65
19,60,hybrid,HYBRID_ALPHA0.4_BETA0.6,0.4,0.6,500,0.0,0.62422,0.63279,0.02002,3.5001,1.73223,0.12331,,0.01252,0.10852,0.675
19,60,hybrid,HYBRID_ALPHA0.5_BETA0.5,0.5,0.5,500,0.0,0.62559,0.63258,0.02031,3.33843,1.68698,0.12327,,0.01211,0.1124,0.625
19,60,hybrid,HYBRID_ALPHA0.6_BETA0.4,0.6,0.4,500,0.0,0.62843,0.6373,0.01893,2.92667,1.56515,0.12349,,0.01182,0.11157,0.675
19,60,hybrid,HYBRID_ALPHA0.7_BETA0.3,0.7,0.3,500,0.0,0.62804,0.63716,0.01834,2.69177,1.48945,0.12431,,0.01167,0.10885,0.625
19,60,hybrid,HYBRID_ALPHA0.8_BETA0.2,0.8,0.2,500,0.0,0.62044,0.63118,0.0177,2.41908,1.38867,0.14174,,0.01006,0.2743,0.875
19,60,hybrid,HYBRID_ALPHA0.9_BETA0.1,0.9,0.1,500,0.0,0.62006,0.63125,0.01763,2.26305,1.33381,0.14371,,0.00994,0.25904,0.875
19,60,mse,MSE,1.0,0.0,50,1.0,0.74505,0.70633,0.06028,1.04302,0.84953,0.08798,,0.00995,0.07216,0.675
19,60,mse,MSE,1.0,0.0,50,0.0,0.74505,0.70633,0.06028,1.44905,1.02479,0.11811,,0.00953,0.11355,0.675
19,60,mse,MSE,1.0,0.0,100,1.0,0.76019,0.68128,0.04278,1.03987,0.84092,0.13742,,0.00943,0.13314,0.675
19,60,mse,MSE,1.0,0.0,100,0.0,0.76019,0.68128,0.04278,1.86012,1.18629,0.15465,,0.00905,0.16317,0.75
19,60,mse,MSE,1.0,0.0,300,1.0,0.6205,0.63122,0.02432,1.15689,0.89915,0.12913,,0.0117,0.19588,0.8
19,60,mse,MSE,1.0,0.0,300,0.0,0.6205,0.63122,0.02432,2.32993,1.35638,0.14738,,0.00986,0.22049,0.9
19,60,mse,MSE,1.0,0.0,500,1.0,0.61706,0.62997,0.0175,1.16916,0.90355,0.15928,,0.01126,0.0764,0.575
19,60,mse,MSE,1.0,0.0,500,0.0,0.61706,0.62997,0.0175,1.8786,1.18992,0.15787,,0.00993,0.13093,0.675
20,61,hsic,HSIC,0.0,1.0,50,1.0,0.99514,0.67619,0.02621,1.24922,0.92025,0.16462,,0.00835,0.12915,0.75
20,61,hsic,HSIC,0.0,1.0,50,0.0,0.99514,0.67619,0.02621,2.53696,1.42573,0.16811,,0.00813,0.19844,0.8
20,61,hsic,HSIC,0.0,1.0,100,1.0,0.89395,0.64481,0.03773,1.18194,0.90159,0.16464,,0.00895,0.16981,0.725
20,61,hsic,HSIC,0.0,1.0,100,0.0,0.89395,0.64481,0.03773,2.46591,1.39843,0.16793,,0.00912,0.21721,0.8
20,61,hsic,HSIC,0.0,1.0,300,1.0,0.68437,0.55804,0.02398,1.13838,0.7215,0.04529,,0.00745,0.19645,0.8
20,61,hsic,HSIC,0.0,1.0,300,0.0,0.68437,0.55804,0.02398,1.20108,0.75004,0.06921,,0.00771,0.2004,0.85
20,61,hsic,HSIC,0.0,1.0,500,1.0,0.77697,0.58409,0.02125,1.21518,0.91863,0.15219,,0.00852,0.24533,0.875
20,61,hsic,HSIC,0.0,1.0,500,0.0,0.77697,0.58409,0.02125,2.43749,1.39411,0.15411,,0.00862,0.27904,0.8
20,61,hybrid,HYBRID_ALPHA0.1_BETA0.9,0.1,0.9,50,1.0,0.65935,0.65982,0.03321,1.47227,1.02356,0.11413,,0.00696,0.05652,0.7
20,61,hybrid,HYBRID_ALPHA0.2_BETA0.8,0.2,0.8,50,1.0,0.67519,0.67762,0.03356,0.96205,0.80469,0.07244,,0.01269,0.04103,0.675
20,61,hybrid,HYBRID_ALPHA0.3_BETA0.7,0.3,0.7,50,1.0,0.68305,0.68524,0.03232,0.91145,0.76969,0.0727,,0.01296,0.04057,0.7
20,61,hybrid,HYBRID_ALPHA0.4_BETA0.6,0.4,0.6,50,1.0,0.76368,0.69734,0.08601,0.90287,0.76334,0.07497,,0.01282,0.03983,0.675
20,61,hybrid,HYBRID_ALPHA0.5_BETA0.5,0.5,0.5,50,1.0,0.9205,0.72781,0.12784,0.89428,0.75659,0.07635,,0.01277,0.03984,0.675
20,61,hybrid,HYBRID_ALPHA0.6_BETA0.4,0.6,0.4,50,1.0,0.99073,0.78368,0.21059,0.88308,0.74776,0.07885,,0.01274,0.04123,0.65
20,61,hybrid,HYBRID_ALPHA0.7_BETA0.3,0.7,0.3,50,1.0,0.96149,0.77615,0.20667,0.87338,0.73952,0.08126,,0.01277,0.0423,0.675
20,61,hybrid,HYBRID_ALPHA0.8_BETA0.2,0.8,0.2,50,1.0,0.94809,0.77311,0.20418,0.86728,0.73378,0.08445,,0.01281,0.04288,0.65
20,61,hybrid,HYBRID_ALPHA0.9_BETA0.1,0.9,0.1,50,1.0,0.94664,0.77411,0.20397,0.86775,0.73602,0.08484,,0.01274,0.04641,0.675
20,61,hybrid,HYBRID_ALPHA0.1_BETA0.9,0.1,0.9,50,0.0,0.65935,0.65982,0.03321,2.08947,1.26662,0.13852,,0.00775,0.10372,0.65
20,61,hybrid,HYBRID_ALPHA0.2_BETA0.8,0.2,0.8,50,0.0,0.67519,0.67762,0.03356,1.55441,1.06556,0.11934,,0.01112,0.09852,0.65
20,61,hybrid,HYBRID_ALPHA0.3_BETA0.7,0.3,0.7,50,0.0,0.68305,0.68524,0.03232,1.3626,0.98243,0.12556,,0.01182,0.09063,0.7
20,61,hybrid,HYBRID_ALPHA0.4_BETA0.6,0.4,0.6,50,0.0,0.76368,0.69734,0.08601,1.24613,0.93668,0.12589,,0.01164,0.07882,0.65
20,61,hybrid,HYBRID_ALPHA0.5_BETA0.5,0.5,0.5,50,0.0,0.9205,0.72781,0.12784,1.24811,0.93791,0.1263,,0.01158,0.08076,0.675
20,61,hybrid,HYBRID_ALPHA0.6_BETA0.4,0.6,0.4,50,0.0,0.99073,0.78368,0.21059,1.23952,0.93489,0.12712,,0.01147,0.08536,0.575
20,61,hybrid,HYBRID_ALPHA0.7_BETA0.3,0.7,0.3,50,0.0,0.96149,0.77615,0.20667,1.22812,0.9304,0.12813,,0.01141,0.08884,0.65
20,61,hybrid,HYBRID_ALPHA0.8_BETA0.2,0.8,0.2,50,0.0,0.94809,0.77311,0.20418,1.23203,0.9323,0.12945,,0.01138,0.09236,0.675
20,61,hybrid,HYBRID_ALPHA0.9_BETA0.1,0.9,0.1,50,0.0,0.94664,0.77411,0.20397,1.23399,0.93183,0.12866,,0.01158,0.09896,0.625
20,61,hybrid,HYBRID_ALPHA0.1_BETA0.9,0.1,0.9,100,1.0,0.6225,0.65221,0.03109,1.24814,0.94711,0.07983,,0.00935,0.0343,0.625
20,61,hybrid,HYBRID_ALPHA0.2_BETA0.8,0.2,0.8,100,1.0,0.60585,0.63885,0.03125,0.97267,0.82011,0.06801,,0.01387,0.03557,0.6
20,61,hybrid,HYBRID_ALPHA0.3_BETA0.7,0.3,0.7,100,1.0,0.60356,0.63611,0.03014,0.95538,0.80879,0.06725,,0.01381,0.03448,0.6
20,61,hybrid,HYBRID_ALPHA0.4_BETA0.6,0.4,0.6,100,1.0,0.60465,0.63781,0.02904,0.93888,0.79656,0.06668,,0.01369,0.03436,0.575
20,61,hybrid,HYBRID_ALPHA0.5_BETA0.5,0.5,0.5,100,1.0,0.60718,0.63938,0.0274,0.92853,0.7876,0.06719,,0.0135,0.03578,0.6
20,61,hybrid,HYBRID_ALPHA0.6_BETA0.4,0.6,0.4,100,1.0,0.6054,0.63713,0.02843,0.92029,0.78153,0.05003,,0.01045,0.0423,0.75
20,61,hybrid,HYBRID_ALPHA0.7_BETA0.3,0.7,0.3,100,1.0,0.61229,0.64236,0.02718,0.91743,0.77991,0.04755,,0.01013,0.05171,0.725
20,61,hybrid,HYBRID_ALPHA0.8_BETA0.2,0.8,0.2,100,1.0,0.61102,0.64064,0.028,0.87853,0.73048,0.04906,,0.00972,0.04183,0.7
20,61,hybrid,HYBRID_ALPHA0.9_BETA0.1,0.9,0.1,100,1.0,0.617,0.64395,0.02799,0.87492,0.72394,0.04738,,0.00991,0.03851,0.675
20,61,hybrid,HYBRID_ALPHA0.1_BETA0.9,0.1,0.9,100,0.0,0.6225,0.65221,0.03109,1.84086,1.18334,0.12823,,0.00912,0.05988,0.575
20,61,hybrid,HYBRID_ALPHA0.2_BETA0.8,0.2,0.8,100,0.0,0.60585,0.63885,0.03125,1.38965,0.99316,0.12375,,0.01244,0.05565,0.625
20,61,hybrid,HYBRID_ALPHA0.3_BETA0.7,0.3,0.7,100,0.0,0.60356,0.63611,0.03014,1.22665,0.92476,0.12159,,0.01234,0.05069,0.675
20,61,hybrid,HYBRID_ALPHA0.4_BETA0.6,0.4,0.6,100,0.0,0.60465,0.63781,0.02904,1.12772,0.8837,0.11798,,0.0121,0.04761,0.625
20,61,hybrid,HYBRID_ALPHA0.5_BETA0.5,0.5,0.5,100,0.0,0.60718,0.63938,0.0274,1.09334,0.86898,0.11599,,0.01183,0.04823,0.65
20,61,hybrid,HYBRID_ALPHA0.6_BETA0.4,0.6,0.4,100,0.0,0.6054,0.63713,0.02843,0.93828,0.79305,0.06414,,0.00718,0.03848,0.725
20,61,hybrid,HYBRID_ALPHA0.7_BETA0.3,0.7,0.3,100,0.0,0.61229,0.64236,0.02718,0.94289,0.79141,0.05003,,0.00621,0.0466,0.725
20,61,hybrid,HYBRID_ALPHA0.8_BETA0.2,0.8,0.2,100,0.0,0.61102,0.64064,0.028,0.85881,0.66302,0.03989,,0.00919,0.02708,0.65
20,61,hybrid,HYBRID_ALPHA0.9_BETA0.1,0.9,0.1,100,0.0,0.617,0.64395,0.02799,0.86481,0.66332,0.04207,,0.00957,0.02409,0.65
20,61,hybrid,HYBRID_ALPHA0.1_BETA0.9,0.1,0.9,300,1.0,0.62731,0.64674,0.02247,1.04558,0.85434,0.06653,,0.00829,0.03968,0.6
20,61,hybrid,HYBRID_ALPHA0.2_BETA0.8,0.2,0.8,300,1.0,0.62227,0.64374,0.0221,0.89757,0.76628,0.04219,,0.00621,0.03915,0.7
20,61,hybrid,HYBRID_ALPHA0.3_BETA0.7,0.3,0.7,300,1.0,0.619,0.64139,0.02281,0.88865,0.76027,0.04257,,0.00644,0.03798,0.7
20,61,hybrid,HYBRID_ALPHA0.4_BETA0.6,0.4,0.6,300,1.0,0.61993,0.64226,0.02325,0.87904,0.75136,0.04373,,0.00635,0.03943,0.7
20,61,hybrid,HYBRID_ALPHA0.5_BETA0.5,0.5,0.5,300,1.0,0.61729,0.63976,0.02232,0.88741,0.76101,0.0447,,0.00638,0.04058,0.725
20,61,hybrid,HYBRID_ALPHA0.6_BETA0.4,0.6,0.4,300,1.0,0.61812,0.64334,0.02274,0.86748,0.7447,0.04442,,0.00678,0.03703,0.7
20,61,hybrid,HYBRID_ALPHA0.7_BETA0.3,0.7,0.3,300,1.0,0.61945,0.64407,0.02328,0.81629,0.70099,0.04318,,0.00875,0.03009,0.575
20,61,hybrid,HYBRID_ALPHA0.8_BETA0.2,0.8,0.2,300,1.0,0.61958,0.64564,0.02415,0.89347,0.76963,0.04917,,0.00666,0.0423,0.725
20,61,hybrid,HYBRID_ALPHA0.9_BETA0.1,0.9,0.1,300,1.0,0.61942,0.64915,0.02706,0.8053,0.686,0.04433,,0.00988,0.02891,0.625
20,61,hybrid,HYBRID_ALPHA0.1_BETA0.9,0.1,0.9,300,0.0,0.62731,0.64674,0.02247,1.15791,0.90841,0.09685,,0.00809,0.04906,0.65
20,61,hybrid,HYBRID_ALPHA0.2_BETA0.8,0.2,0.8,300,0.0,0.62227,0.64374,0.0221,0.88641,0.75115,0.05007,,0.00617,0.03363,0.625
20,61,hybrid,HYBRID_ALPHA0.3_BETA0.7,0.3,0.7,300,0.0,0.619,0.64139,0.02281,0.87916,0.74723,0.04889,,0.00636,0.03337,0.625
20,61,hybrid,HYBRID_ALPHA0.4_BETA0.6,0.4,0.6,300,0.0,0.61993,0.64226,0.02325,0.87227,0.73595,0.05061,,0.00627,0.03378,0.6
20,61,hybrid,HYBRID_ALPHA0.5_BETA0.5,0.5,0.5,300,0.0,0.61729,0.63976,0.02232,0.87664,0.74378,0.0525,,0.00629,0.0342,0.625
20,61,hybrid,HYBRID_ALPHA0.6_BETA0.4,0.6,0.4,300,0.0,0.61812,0.64334,0.02274,0.86338,0.73613,0.04913,,0.00665,0.03374,0.6
20,61,hybrid,HYBRID_ALPHA0.7_BETA0.3,0.7,0.3,300,0.0,0.61945,0.64407,0.02328,0.83125,0.71934,0.04164,,0.00889,0.03421,0.7
20,61,hybrid,HYBRID_ALPHA0.8_BETA0.2,0.8,0.2,300,0.0,0.61958,0.64564,0.02415,0.8824,0.75566,0.05743,,0.00657,0.03659,0.65
20,61,hybrid,HYBRID_ALPHA0.9_BETA0.1,0.9,0.1,300,0.0,0.61942,0.64915,0.02706,0.84032,0.72604,0.04151,,0.01026,0.0371,0.725
20,61,hybrid,HYBRID_ALPHA0.1_BETA0.9,0.1,0.9,500,1.0,0.62466,0.64779,0.02302,0.88774,0.73397,0.04878,,0.00766,0.03406,0.7
20,61,hybrid,HYBRID_ALPHA0.2_BETA0.8,0.2,0.8,500,1.0,0.61738,0.64204,0.02287,0.91552,0.75156,0.05489,,0.00899,0.02927,0.75
20,61,hybrid,HYBRID_ALPHA0.3_BETA0.7,0.3,0.7,500,1.0,0.61566,0.64131,0.0222,0.90009,0.73623,0.05277,,0.00789,0.0376,0.75
20,61,hybrid,HYBRID_ALPHA0.4_BETA0.6,0.4,0.6,500,1.0,0.61271,0.63876,0.02156,0.90067,0.74194,0.05189,,0.00784,0.0379,0.725
20,61,hybrid,HYBRID_ALPHA0.5_BETA0.5,0.5,0.5,500,1.0,0.61138,0.63818,0.02214,0.90422,0.74658,0.05362,,0.00794,0.03903,0.7
20,61,hybrid,HYBRID_ALPHA0.6_BETA0.4,0.6,0.4,500,1.0,0.6298,0.6464,0.02137,0.89202,0.74236,0.04676,,0.00736,0.03864,0.725
20,61,hybrid,HYBRID_ALPHA0.7_BETA0.3,0.7,0.3,500,1.0,0.62882,0.64478,0.0231,0.8971,0.75116,0.04656,,0.00707,0.03993,0.675
20,61,hybrid,HYBRID_ALPHA0.8_BETA0.2,0.8,0.2,500,1.0,0.6529,0.65042,0.02433,0.87988,0.74268,0.04108,,0.00646,0.03999,0.75
20,61,hybrid,HYBRID_ALPHA0.9_BETA0.1,0.9,0.1,500,1.0,0.63675,0.64795,0.02442,0.87361,0.74499,0.03871,,0.00584,0.04035,0.675
20,61,hybrid,HYBRID_ALPHA0.1_BETA0.9,0.1,0.9,500,0.0,0.62466,0.64779,0.02302,0.89211,0.68537,0.05186,,0.00795,0.02322,0.675
20,61,hybrid,HYBRID_ALPHA0.2_BETA0.8,0.2,0.8,500,0.0,0.61738,0.64204,0.02287,0.87136,0.72199,0.03709,,0.00785,0.02516,0.65
20,61,hybrid,HYBRID_ALPHA0.3_BETA0.7,0.3,0.7,500,0.0,0.61566,0.64131,0.0222,0.90605,0.6904,0.04418,,0.00694,0.02137,0.65
20,61,hybrid,HYBRID_ALPHA0.4_BETA0.6,0.4,0.6,500,0.0,0.61271,0.63876,0.02156,0.89697,0.69054,0.04297,,0.00685,0.02141,0.65
20,61,hybrid,HYBRID_ALPHA0.5_BETA0.5,0.5,0.5,500,0.0,0.61138,0.63818,0.02214,0.89136,0.69512,0.04208,,0.00643,0.02176,0.625
20,61,hybrid,HYBRID_ALPHA0.6_BETA0.4,0.6,0.4,500,0.0,0.6298,0.6464,0.02137,0.88832,0.68699,0.04088,,0.00666,0.02138,0.65
20,61,hybrid,HYBRID_ALPHA0.7_BETA0.3,0.7,0.3,500,0.0,0.62882,0.64478,0.0231,0.88397,0.69338,0.04049,,0.00608,0.02163,0.7
20,61,hybrid,HYBRID_ALPHA0.8_BETA0.2,0.8,0.2,500,0.0,0.6529,0.65042,0.02433,0.88509,0.68411,0.03928,,0.00613,0.0222,0.625
20,61,hybrid,HYBRID_ALPHA0.9_BETA0.1,0.9,0.1,500,0.0,0.63675,0.64795,0.02442,0.87937,0.68244,0.03839,,0.00573,0.0225,0.65
20,61,mse,MSE,1.0,0.0,50,1.0,0.95041,0.77646,0.20424,0.86424,0.72897,0.09624,,0.01295,0.04224,0.65
20,61,mse,MSE,1.0,0.0,50,0.0,0.95041,0.77646,0.20424,1.30465,0.96619,0.13533,,0.01073,0.10082,0.6
20,61,mse,MSE,1.0,0.0,100,1.0,0.61766,0.64264,0.02898,0.87014,0.72571,0.04375,,0.01,0.04291,0.625
20,61,mse,MSE,1.0,0.0,100,0.0,0.61766,0.64264,0.02898,0.85374,0.6755,0.04939,,0.00982,0.02959,0.6
20,61,mse,MSE,1.0,0.0,300,1.0,0.61692,0.65132,0.03218,0.81561,0.69989,0.0443,,0.00955,0.03111,0.65
20,61,mse,MSE,1.0,0.0,300,0.0,0.61692,0.65132,0.03218,0.85385,0.73785,0.04145,,0.00995,0.03972,0.7
20,61,mse,MSE,1.0,0.0,500,1.0,0.63813,0.64825,0.02587,0.88866,0.7468,0.11087,,0.01178,0.03809,0.575
20,61,mse,MSE,1.0,0.0,500,0.0,0.63813,0.64825,0.02587,1.37191,0.99644,0.14029,,0.01005,0.09639,0.575
