Experiment,Seed,Loss,Conf,Alpha,Beta,N,Y_do,MSE Y,MAE Y,"HSIC(Y,X)",MSE Z,MAE Z,"HSIC(Z,X)","HSIC(Z,Y)",dHSIC Total,MMD,RF Acc
1,42,hsic,HSIC,0.0,1.0,50,1.0,1.15858,0.88198,0.05104,1.42875,0.99916,0.12767,,0.00734,0.05344,0.6
1,42,hsic,HSIC,0.0,1.0,50,0.0,1.15858,0.88198,0.05104,2.51935,1.26439,0.12756,,0.00731,0.11631,0.725
1,42,hsic,HSIC,0.0,1.0,100,1.0,1.17257,0.90521,0.02705,1.45772,1.00546,0.12221,,0.00705,0.06027,0.55
1,42,hsic,HSIC,0.0,1.0,100,0.0,1.17257,0.90521,0.02705,2.6198,1.28925,0.12292,,0.00711,0.13763,0.65
1,42,hsic,HSIC,0.0,1.0,300,1.0,1.22797,0.92802,0.05797,1.48619,1.01182,0.12219,,0.00705,0.05667,0.525
1,42,hsic,HSIC,0.0,1.0,300,0.0,1.22797,0.92802,0.05797,2.62977,1.2918,0.12299,,0.00711,0.12304,0.625
1,42,hsic,HSIC,0.0,1.0,500,1.0,1.1921,0.90461,0.01925,1.50772,1.01748,0.12573,,0.00719,0.07659,0.525
1,42,hsic,HSIC,0.0,1.0,500,0.0,1.1921,0.90461,0.01925,2.65801,1.30095,0.12693,,0.00727,0.14861,0.7
1,42,hybrid,HYBRID_ALPHA0.1_BETA0.9,0.1,0.9,50,1.0,1.04885,0.87373,0.04931,1.37603,0.98334,0.09515,,0.00581,0.02245,0.65
1,42,hybrid,HYBRID_ALPHA0.2_BETA0.8,0.2,0.8,50,1.0,0.9684,0.83394,0.03717,1.75613,1.08309,0.0988,,0.0122,0.11328,0.65
1,42,hybrid,HYBRID_ALPHA0.3_BETA0.7,0.3,0.7,50,1.0,1.0199,0.8631,0.04263,1.77644,1.08941,0.10185,,0.01268,0.12172,0.7
1,42,hybrid,HYBRID_ALPHA0.4_BETA0.6,0.4,0.6,50,1.0,1.01959,0.86273,0.04293,1.51662,1.00841,0.06285,,0.00967,0.11314,0.65
1,42,hybrid,HYBRID_ALPHA0.5_BETA0.5,0.5,0.5,50,1.0,1.03128,0.87042,0.04369,1.6016,1.03317,0.07142,,0.0105,0.12323,0.65
1,42,hybrid,HYBRID_ALPHA0.6_BETA0.4,0.6,0.4,50,1.0,1.03137,0.8707,0.04415,1.37925,0.9843,0.10703,,0.0064,0.02892,0.625
1,42,hybrid,HYBRID_ALPHA0.7_BETA0.3,0.7,0.3,50,1.0,1.02728,0.86849,0.04432,1.37852,0.9841,0.10658,,0.00637,0.02844,0.625
1,42,hybrid,HYBRID_ALPHA0.8_BETA0.2,0.8,0.2,50,1.0,1.0288,0.86913,0.04448,1.37914,0.96671,0.07765,,0.01029,0.07504,0.575
1,42,hybrid,HYBRID_ALPHA0.9_BETA0.1,0.9,0.1,50,1.0,1.02748,0.86803,0.0446,1.37131,0.96562,0.07533,,0.0101,0.0786,0.575
1,42,hybrid,HYBRID_ALPHA0.1_BETA0.9,0.1,0.9,50,0.0,1.04885,0.87373,0.04931,2.4164,1.23681,0.11918,,0.00695,0.07083,0.7
1,42,hybrid,HYBRID_ALPHA0.2_BETA0.8,0.2,0.8,50,0.0,0.9684,0.83394,0.03717,1.11937,0.89058,0.053,,0.00559,0.02596,0.675
1,42,hybrid,HYBRID_ALPHA0.3_BETA0.7,0.3,0.7,50,0.0,1.0199,0.8631,0.04263,1.0889,0.8781,0.04302,,0.00511,0.02699,0.625
1,42,hybrid,HYBRID_ALPHA0.4_BETA0.6,0.4,0.6,50,0.0,1.01959,0.86273,0.04293,1.07575,0.86917,0.04232,,0.00569,0.02806,0.6
1,42,hybrid,HYBRID_ALPHA0.5_BETA0.5,0.5,0.5,50,0.0,1.03128,0.87042,0.04369,1.12207,0.8875,0.05323,,0.00607,0.03016,0.675
1,42,hybrid,HYBRID_ALPHA0.6_BETA0.4,0.6,0.4,50,0.0,1.03137,0.8707,0.04415,2.42384,1.24006,0.12582,,0.00728,0.08267,0.65
1,42,hybrid,HYBRID_ALPHA0.7_BETA0.3,0.7,0.3,50,0.0,1.02728,0.86849,0.04432,2.42059,1.23932,0.12584,,0.00728,0.0813,0.65
1,42,hybrid,HYBRID_ALPHA0.8_BETA0.2,0.8,0.2,50,0.0,1.0288,0.86913,0.04448,1.30141,0.94441,0.14414,,0.01027,0.03251,0.725
1,42,hybrid,HYBRID_ALPHA0.9_BETA0.1,0.9,0.1,50,0.0,1.02748,0.86803,0.0446,1.26543,0.93476,0.11591,,0.00849,0.03208,0.65
1,42,hybrid,HYBRID_ALPHA0.1_BETA0.9,0.1,0.9,100,1.0,0.95064,0.83132,0.02531,1.71145,1.05259,0.0404,,0.00484,0.00902,0.625
1,42,hybrid,HYBRID_ALPHA0.2_BETA0.8,0.2,0.8,100,1.0,0.95562,0.83458,0.02581,1.27779,0.92884,0.03061,,0.00558,0.00884,0.7
1,42,hybrid,HYBRID_ALPHA0.3_BETA0.7,0.3,0.7,100,1.0,0.95256,0.83372,0.02562,1.21969,0.91335,0.02919,,0.00544,0.00901,0.625
1,42,hybrid,HYBRID_ALPHA0.4_BETA0.6,0.4,0.6,100,1.0,0.94354,0.83059,0.02336,1.22286,0.91482,0.02855,,0.00532,0.00918,0.675
1,42,hybrid,HYBRID_ALPHA0.5_BETA0.5,0.5,0.5,100,1.0,0.94465,0.8311,0.02529,1.16816,0.9061,0.04472,,0.00784,0.00774,0.525
1,42,hybrid,HYBRID_ALPHA0.6_BETA0.4,0.6,0.4,100,1.0,0.93616,0.82792,0.02454,1.0677,0.86928,0.04803,,0.00831,0.0113,0.575
1,42,hybrid,HYBRID_ALPHA0.7_BETA0.3,0.7,0.3,100,1.0,0.92904,0.82527,0.0238,1.12039,0.8886,0.06493,,0.0102,0.01101,0.625
1,42,hybrid,HYBRID_ALPHA0.8_BETA0.2,0.8,0.2,100,1.0,0.93054,0.82617,0.02499,1.14044,0.90532,0.03209,,0.00635,0.00787,0.575
1,42,hybrid,HYBRID_ALPHA0.9_BETA0.1,0.9,0.1,100,1.0,0.92265,0.82293,0.02378,1.13177,0.90222,0.03471,,0.00682,0.00815,0.575
1,42,hybrid,HYBRID_ALPHA0.1_BETA0.9,0.1,0.9,100,0.0,0.95064,0.83132,0.02531,2.59324,1.27266,0.07641,,0.00516,0.03366,0.675
1,42,hybrid,HYBRID_ALPHA0.2_BETA0.8,0.2,0.8,100,0.0,0.95562,0.83458,0.02581,1.93462,1.10972,0.04516,,0.00449,0.04146,0.675
1,42,hybrid,HYBRID_ALPHA0.3_BETA0.7,0.3,0.7,100,0.0,0.95256,0.83372,0.02562,1.79602,1.07417,0.04613,,0.00453,0.04027,0.65
1,42,hybrid,HYBRID_ALPHA0.4_BETA0.6,0.4,0.6,100,0.0,0.94354,0.83059,0.02336,1.7888,1.07238,0.0482,,0.00465,0.03951,0.625
1,42,hybrid,HYBRID_ALPHA0.5_BETA0.5,0.5,0.5,100,0.0,0.94465,0.8311,0.02529,1.40791,0.96867,0.03638,,0.00541,0.02255,0.65
1,42,hybrid,HYBRID_ALPHA0.6_BETA0.4,0.6,0.4,100,0.0,0.93616,0.82792,0.02454,1.30528,0.94377,0.03098,,0.00589,0.02307,0.625
1,42,hybrid,HYBRID_ALPHA0.7_BETA0.3,0.7,0.3,100,0.0,0.92904,0.82527,0.0238,1.38102,0.97534,0.04375,,0.00818,0.02624,0.55
1,42,hybrid,HYBRID_ALPHA0.8_BETA0.2,0.8,0.2,100,0.0,0.93054,0.82617,0.02499,1.46304,0.99643,0.03394,,0.00433,0.02484,0.65
1,42,hybrid,HYBRID_ALPHA0.9_BETA0.1,0.9,0.1,100,0.0,0.92265,0.82293,0.02378,1.43882,0.99069,0.03264,,0.00455,0.02552,0.675
1,42,hybrid,HYBRID_ALPHA0.1_BETA0.9,0.1,0.9,300,1.0,1.05765,0.87644,0.05387,1.51077,0.99427,0.04652,,0.00541,0.00996,0.575
1,42,hybrid,HYBRID_ALPHA0.2_BETA0.8,0.2,0.8,300,1.0,1.06086,0.87537,0.04746,1.32788,0.94874,0.04962,,0.00547,0.01021,0.575
1,42,hybrid,HYBRID_ALPHA0.3_BETA0.7,0.3,0.7,300,1.0,1.06712,0.87708,0.04505,0.9797,0.8535,0.00828,,0.00238,0.01082,0.625
1,42,hybrid,HYBRID_ALPHA0.4_BETA0.6,0.4,0.6,300,1.0,1.07744,0.88013,0.04576,1.18245,0.91312,0.04539,,0.00525,0.01026,0.575
1,42,hybrid,HYBRID_ALPHA0.5_BETA0.5,0.5,0.5,300,1.0,1.0554,0.87262,0.03886,1.15102,0.90518,0.04231,,0.0052,0.00964,0.575
1,42,hybrid,HYBRID_ALPHA0.6_BETA0.4,0.6,0.4,300,1.0,1.03672,0.86592,0.03394,1.13446,0.90222,0.04108,,0.00505,0.00976,0.575
1,42,hybrid,HYBRID_ALPHA0.7_BETA0.3,0.7,0.3,300,1.0,1.0252,0.86127,0.03038,1.12458,0.90162,0.03975,,0.00486,0.00983,0.625
1,42,hybrid,HYBRID_ALPHA0.8_BETA0.2,0.8,0.2,300,1.0,1.0137,0.85624,0.02671,0.97585,0.85302,0.00778,,0.00236,0.0115,0.575
1,42,hybrid,HYBRID_ALPHA0.9_BETA0.1,0.9,0.1,300,1.0,1.00557,0.85242,0.02407,1.10637,0.89705,0.03396,,0.00432,0.0096,0.625
1,42,hybrid,HYBRID_ALPHA0.1_BETA0.9,0.1,0.9,300,0.0,1.05765,0.87644,0.05387,2.2142,1.17597,0.07749,,0.00533,0.01836,0.7
1,42,hybrid,HYBRID_ALPHA0.2_BETA0.8,0.2,0.8,300,0.0,1.06086,0.87537,0.04746,1.97473,1.11808,0.08291,,0.00563,0.0211,0.625
1,42,hybrid,HYBRID_ALPHA0.3_BETA0.7,0.3,0.7,300,0.0,1.06712,0.87708,0.04505,0.94968,0.84961,0.01083,,0.00308,0.01079,0.575
1,42,hybrid,HYBRID_ALPHA0.4_BETA0.6,0.4,0.6,300,0.0,1.07744,0.88013,0.04576,1.65553,1.0428,0.08244,,0.00564,0.01987,0.65
1,42,hybrid,HYBRID_ALPHA0.5_BETA0.5,0.5,0.5,300,0.0,1.0554,0.87262,0.03886,1.54902,1.01655,0.08086,,0.00563,0.01911,0.625
1,42,hybrid,HYBRID_ALPHA0.6_BETA0.4,0.6,0.4,300,0.0,1.03672,0.86592,0.03394,1.46991,0.99665,0.07882,,0.00553,0.01773,0.675
1,42,hybrid,HYBRID_ALPHA0.7_BETA0.3,0.7,0.3,300,0.0,1.0252,0.86127,0.03038,1.42429,0.9856,0.07624,,0.00539,0.01682,0.625
1,42,hybrid,HYBRID_ALPHA0.8_BETA0.2,0.8,0.2,300,0.0,1.0137,0.85624,0.02671,0.9613,0.84824,0.01181,,0.00331,0.0105,0.55
1,42,hybrid,HYBRID_ALPHA0.9_BETA0.1,0.9,0.1,300,0.0,1.00557,0.85242,0.02407,1.38827,0.9773,0.07152,,0.00505,0.01574,0.625
1,42,hybrid,HYBRID_ALPHA0.1_BETA0.9,0.1,0.9,500,1.0,0.90562,0.81235,0.01523,1.63694,1.03325,0.04291,,0.00592,0.00732,0.675
1,42,hybrid,HYBRID_ALPHA0.2_BETA0.8,0.2,0.8,500,1.0,0.92329,0.82085,0.01798,1.39745,0.9614,0.04473,,0.00603,0.00747,0.725
1,42,hybrid,HYBRID_ALPHA0.3_BETA0.7,0.3,0.7,500,1.0,0.91909,0.81927,0.01671,1.29723,0.93563,0.04548,,0.00588,0.0076,0.65
1,42,hybrid,HYBRID_ALPHA0.4_BETA0.6,0.4,0.6,500,1.0,0.91482,0.81731,0.0157,1.22526,0.91706,0.04279,,0.00577,0.00744,0.625
1,42,hybrid,HYBRID_ALPHA0.5_BETA0.5,0.5,0.5,500,1.0,0.91193,0.81605,0.0149,1.17833,0.90566,0.04075,,0.0058,0.00727,0.6
1,42,hybrid,HYBRID_ALPHA0.6_BETA0.4,0.6,0.4,500,1.0,0.90963,0.81517,0.01432,1.16152,0.90167,0.0398,,0.00581,0.00714,0.6
1,42,hybrid,HYBRID_ALPHA0.7_BETA0.3,0.7,0.3,500,1.0,0.90808,0.81463,0.01395,1.149,0.89938,0.04019,,0.00578,0.00716,0.6
1,42,hybrid,HYBRID_ALPHA0.8_BETA0.2,0.8,0.2,500,1.0,0.90652,0.81408,0.01367,1.13699,0.89709,0.03966,,0.00569,0.00719,0.65
1,42,hybrid,HYBRID_ALPHA0.9_BETA0.1,0.9,0.1,500,1.0,0.90843,0.81495,0.01394,1.13421,0.89717,0.04039,,0.00557,0.00736,0.6
1,42,hybrid,HYBRID_ALPHA0.1_BETA0.9,0.1,0.9,500,0.0,0.90562,0.81235,0.01523,2.29532,1.19591,0.06891,,0.00508,0.02062,0.7
1,42,hybrid,HYBRID_ALPHA0.2_BETA0.8,0.2,0.8,500,0.0,0.92329,0.82085,0.01798,2.00287,1.12109,0.07188,,0.00528,0.02291,0.65
1,42,hybrid,HYBRID_ALPHA0.3_BETA0.7,0.3,0.7,500,0.0,0.91909,0.81927,0.01671,1.8719,1.09147,0.07626,,0.00545,0.02527,0.675
1,42,hybrid,HYBRID_ALPHA0.4_BETA0.6,0.4,0.6,500,0.0,0.91482,0.81731,0.0157,1.73431,1.05857,0.07477,,0.00538,0.02392,0.625
1,42,hybrid,HYBRID_ALPHA0.5_BETA0.5,0.5,0.5,500,0.0,0.91193,0.81605,0.0149,1.64256,1.03666,0.07439,,0.0054,0.02311,0.65
1,42,hybrid,HYBRID_ALPHA0.6_BETA0.4,0.6,0.4,500,0.0,0.90963,0.81517,0.01432,1.6024,1.0267,0.07389,,0.00542,0.02311,0.65
1,42,hybrid,HYBRID_ALPHA0.7_BETA0.3,0.7,0.3,500,0.0,0.90808,0.81463,0.01395,1.56857,1.01883,0.07618,,0.00553,0.02347,0.625
1,42,hybrid,HYBRID_ALPHA0.8_BETA0.2,0.8,0.2,500,0.0,0.90652,0.81408,0.01367,1.561,1.01709,0.07368,,0.00544,0.02474,0.6
1,42,hybrid,HYBRID_ALPHA0.9_BETA0.1,0.9,0.1,500,0.0,0.90843,0.81495,0.01394,1.57015,1.01962,0.07518,,0.00547,0.02629,0.625
1,42,mse,MSE,1.0,0.0,50,1.0,1.0256,0.86704,0.04409,1.24708,0.93769,0.06616,,0.00882,0.05357,0.55
1,42,mse,MSE,1.0,0.0,50,0.0,1.0256,0.86704,0.04409,1.32682,0.94849,0.13043,,0.00908,0.03163,0.65
1,42,mse,MSE,1.0,0.0,100,1.0,0.916,0.82061,0.02377,1.12635,0.90014,0.03429,,0.00683,0.00845,0.525
1,42,mse,MSE,1.0,0.0,100,0.0,0.916,0.82061,0.02377,1.43671,0.9902,0.03321,,0.00463,0.02625,0.65
1,42,mse,MSE,1.0,0.0,300,1.0,1.00516,0.85201,0.02286,0.9756,0.85264,0.00813,,0.00241,0.01196,0.6
1,42,mse,MSE,1.0,0.0,300,0.0,1.00516,0.85201,0.02286,0.96464,0.84788,0.01205,,0.00342,0.01067,0.525
1,42,mse,MSE,1.0,0.0,500,1.0,0.90648,0.81429,0.0138,1.13243,0.897,0.04096,,0.00551,0.00746,0.575
1,42,mse,MSE,1.0,0.0,500,0.0,0.90648,0.81429,0.0138,1.56683,1.01889,0.07644,,0.00551,0.02698,0.625
2,43,hsic,HSIC,0.0,1.0,50,1.0,1.3425,0.96282,0.05601,1.49719,1.01675,0.13684,,0.00779,0.08578,0.6
2,43,hsic,HSIC,0.0,1.0,50,0.0,1.3425,0.96282,0.05601,2.65331,1.30104,0.14214,,0.00806,0.15274,0.725
2,43,hsic,HSIC,0.0,1.0,100,1.0,0.95064,0.83005,0.01109,1.45878,1.00693,0.12931,,0.00745,0.09468,0.6
2,43,hsic,HSIC,0.0,1.0,100,0.0,0.95064,0.83005,0.01109,2.6489,1.29798,0.12934,,0.00745,0.18648,0.725
2,43,hsic,HSIC,0.0,1.0,300,1.0,1.39067,0.95586,0.01476,1.47542,1.0103,0.12572,,0.00719,0.10233,0.65
2,43,hsic,HSIC,0.0,1.0,300,0.0,1.39067,0.95586,0.01476,2.63336,1.29455,0.12746,,0.00729,0.18242,0.7
2,43,hsic,HSIC,0.0,1.0,500,1.0,1.09844,0.86977,0.02478,1.49018,1.01332,0.1254,,0.00718,0.09027,0.6
2,43,hsic,HSIC,0.0,1.0,500,0.0,1.09844,0.86977,0.02478,2.64632,1.29789,0.12718,,0.00728,0.16278,0.7
2,43,hybrid,HYBRID_ALPHA0.1_BETA0.9,0.1,0.9,50,1.0,1.20327,0.91467,0.0466,2.13642,1.19047,0.02918,,0.00573,0.01169,0.525
2,43,hybrid,HYBRID_ALPHA0.2_BETA0.8,0.2,0.8,50,1.0,1.03418,0.86116,0.04622,1.49002,0.98603,0.01463,,0.00368,0.02113,0.625
2,43,hybrid,HYBRID_ALPHA0.3_BETA0.7,0.3,0.7,50,1.0,1.0319,0.86461,0.05124,1.63553,1.03877,0.03311,,0.00574,0.00855,0.55
2,43,hybrid,HYBRID_ALPHA0.4_BETA0.6,0.4,0.6,50,1.0,0.97294,0.8463,0.03438,1.52391,1.00425,0.03132,,0.00532,0.00898,0.55
2,43,hybrid,HYBRID_ALPHA0.5_BETA0.5,0.5,0.5,50,1.0,0.9634,0.84089,0.03247,1.42264,0.97258,0.03037,,0.00495,0.0092,0.575
2,43,hybrid,HYBRID_ALPHA0.6_BETA0.4,0.6,0.4,50,1.0,1.07778,0.88119,0.0578,1.26024,0.92914,0.01706,,0.00309,0.02028,0.65
2,43,hybrid,HYBRID_ALPHA0.7_BETA0.3,0.7,0.3,50,1.0,1.05922,0.87544,0.05313,1.29029,0.9384,0.03324,,0.00431,0.00948,0.65
2,43,hybrid,HYBRID_ALPHA0.8_BETA0.2,0.8,0.2,50,1.0,1.06812,0.87899,0.05925,1.1955,0.91311,0.01474,,0.00284,0.02081,0.7
2,43,hybrid,HYBRID_ALPHA0.9_BETA0.1,0.9,0.1,50,1.0,1.0597,0.87552,0.05766,1.16422,0.90766,0.01895,,0.00292,0.0167,0.65
2,43,hybrid,HYBRID_ALPHA0.1_BETA0.9,0.1,0.9,50,0.0,1.20327,0.91467,0.0466,1.78158,1.06588,0.05764,,0.00488,0.01063,0.55
2,43,hybrid,HYBRID_ALPHA0.2_BETA0.8,0.2,0.8,50,0.0,1.03418,0.86116,0.04622,1.21964,0.93465,0.06761,,0.00482,0.01656,0.5
2,43,hybrid,HYBRID_ALPHA0.3_BETA0.7,0.3,0.7,50,0.0,1.0319,0.86461,0.05124,1.53009,1.01043,0.06395,,0.00491,0.01127,0.525
2,43,hybrid,HYBRID_ALPHA0.4_BETA0.6,0.4,0.6,50,0.0,0.97294,0.8463,0.03438,1.45454,0.99279,0.06747,,0.00495,0.01172,0.575
2,43,hybrid,HYBRID_ALPHA0.5_BETA0.5,0.5,0.5,50,0.0,0.9634,0.84089,0.03247,1.38693,0.97669,0.06831,,0.00491,0.01185,0.625
2,43,hybrid,HYBRID_ALPHA0.6_BETA0.4,0.6,0.4,50,0.0,1.07778,0.88119,0.0578,1.16644,0.92474,0.05896,,0.00412,0.02403,0.55
2,43,hybrid,HYBRID_ALPHA0.7_BETA0.3,0.7,0.3,50,0.0,1.05922,0.87544,0.05313,1.36304,0.97531,0.08077,,0.00542,0.01309,0.6
2,43,hybrid,HYBRID_ALPHA0.8_BETA0.2,0.8,0.2,50,0.0,1.06812,0.87899,0.05925,1.20978,0.93503,0.07254,,0.00479,0.02186,0.525
2,43,hybrid,HYBRID_ALPHA0.9_BETA0.1,0.9,0.1,50,0.0,1.0597,0.87552,0.05766,1.24665,0.9439,0.0841,,0.00536,0.01968,0.6
2,43,hybrid,HYBRID_ALPHA0.1_BETA0.9,0.1,0.9,100,1.0,0.96734,0.83076,0.01305,1.35927,0.95205,0.04477,,0.00572,0.00909,0.575
2,43,hybrid,HYBRID_ALPHA0.2_BETA0.8,0.2,0.8,100,1.0,0.94645,0.82831,0.02769,1.2209,0.91696,0.0437,,0.00571,0.00922,0.5
2,43,hybrid,HYBRID_ALPHA0.3_BETA0.7,0.3,0.7,100,1.0,1.00524,0.85299,0.04569,1.19892,0.91437,0.04392,,0.0055,0.00932,0.5
2,43,hybrid,HYBRID_ALPHA0.4_BETA0.6,0.4,0.6,100,1.0,1.02554,0.86075,0.04426,1.14228,0.90052,0.04233,,0.00541,0.00956,0.55
2,43,hybrid,HYBRID_ALPHA0.5_BETA0.5,0.5,0.5,100,1.0,1.02261,0.85871,0.03441,1.11037,0.8948,0.03846,,0.00526,0.00938,0.55
2,43,hybrid,HYBRID_ALPHA0.6_BETA0.4,0.6,0.4,100,1.0,1.00189,0.85036,0.02596,1.00694,0.87956,0.01575,,0.00376,0.01359,0.625
2,43,hybrid,HYBRID_ALPHA0.7_BETA0.3,0.7,0.3,100,1.0,1.00069,0.84859,0.01954,1.00416,0.87904,0.01506,,0.00362,0.01347,0.625
2,43,hybrid,HYBRID_ALPHA0.8_BETA0.2,0.8,0.2,100,1.0,1.01223,0.85247,0.02105,1.00504,0.87973,0.01507,,0.00364,0.01348,0.6
2,43,hybrid,HYBRID_ALPHA0.9_BETA0.1,0.9,0.1,100,1.0,1.00571,0.84746,0.01781,1.00487,0.88002,0.01476,,0.00358,0.01359,0.6
2,43,hybrid,HYBRID_ALPHA0.1_BETA0.9,0.1,0.9,100,0.0,0.96734,0.83076,0.01305,2.1564,1.16029,0.08294,,0.00571,0.03507,0.55
2,43,hybrid,HYBRID_ALPHA0.2_BETA0.8,0.2,0.8,100,0.0,0.94645,0.82831,0.02769,1.90179,1.09938,0.08199,,0.00567,0.03438,0.625
2,43,hybrid,HYBRID_ALPHA0.3_BETA0.7,0.3,0.7,100,0.0,1.00524,0.85299,0.04569,1.85665,1.09016,0.08435,,0.00574,0.03743,0.575
2,43,hybrid,HYBRID_ALPHA0.4_BETA0.6,0.4,0.6,100,0.0,1.02554,0.86075,0.04426,1.66837,1.04558,0.08341,,0.00569,0.03217,0.65
2,43,hybrid,HYBRID_ALPHA0.5_BETA0.5,0.5,0.5,100,0.0,1.02261,0.85871,0.03441,1.56044,1.01993,0.08301,,0.00564,0.02979,0.65
2,43,hybrid,HYBRID_ALPHA0.6_BETA0.4,0.6,0.4,100,0.0,1.00189,0.85036,0.02596,1.11609,0.89901,0.02753,,0.00339,0.0172,0.65
2,43,hybrid,HYBRID_ALPHA0.7_BETA0.3,0.7,0.3,100,0.0,1.00069,0.84859,0.01954,1.09783,0.89625,0.02704,,0.00333,0.01663,0.6
2,43,hybrid,HYBRID_ALPHA0.8_BETA0.2,0.8,0.2,100,0.0,1.01223,0.85247,0.02105,1.07949,0.89329,0.02622,,0.00333,0.01587,0.55
2,43,hybrid,HYBRID_ALPHA0.9_BETA0.1,0.9,0.1,100,0.0,1.00571,0.84746,0.01781,1.06974,0.89151,0.02531,,0.00328,0.01561,0.55
2,43,hybrid,HYBRID_ALPHA0.1_BETA0.9,0.1,0.9,300,1.0,0.90178,0.80632,0.01244,1.54771,1.00429,0.04856,,0.00561,0.00871,0.625
2,43,hybrid,HYBRID_ALPHA0.2_BETA0.8,0.2,0.8,300,1.0,0.90039,0.80351,0.01145,1.43466,0.9727,0.049,,0.00576,0.00871,0.6
2,43,hybrid,HYBRID_ALPHA0.3_BETA0.7,0.3,0.7,300,1.0,0.90336,0.80473,0.01098,1.41122,0.96708,0.04879,,0.00569,0.00885,0.575
2,43,hybrid,HYBRID_ALPHA0.4_BETA0.6,0.4,0.6,300,1.0,0.90728,0.806,0.01072,1.09305,0.86818,0.02209,,0.00507,0.01137,0.65
2,43,hybrid,HYBRID_ALPHA0.5_BETA0.5,0.5,0.5,300,1.0,0.90999,0.80692,0.01067,1.10098,0.8687,0.02325,,0.00521,0.01254,0.6
2,43,hybrid,HYBRID_ALPHA0.6_BETA0.4,0.6,0.4,300,1.0,0.9121,0.8078,0.01072,1.09556,0.86707,0.02295,,0.00516,0.01259,0.6
2,43,hybrid,HYBRID_ALPHA0.7_BETA0.3,0.7,0.3,300,1.0,0.91359,0.80832,0.01075,1.24461,0.92224,0.03701,,0.00516,0.01016,0.55
2,43,hybrid,HYBRID_ALPHA0.8_BETA0.2,0.8,0.2,300,1.0,0.91536,0.80885,0.01079,1.08795,0.86523,0.02303,,0.00515,0.01273,0.725
2,43,hybrid,HYBRID_ALPHA0.9_BETA0.1,0.9,0.1,300,1.0,0.91674,0.8092,0.0108,1.01156,0.84819,0.02544,,0.00546,0.00915,0.6
2,43,hybrid,HYBRID_ALPHA0.1_BETA0.9,0.1,0.9,300,0.0,0.90178,0.80632,0.01244,2.30849,1.19767,0.08299,,0.00564,0.03131,0.575
2,43,hybrid,HYBRID_ALPHA0.2_BETA0.8,0.2,0.8,300,0.0,0.90039,0.80351,0.01145,2.15137,1.15984,0.08274,,0.00568,0.03267,0.6
2,43,hybrid,HYBRID_ALPHA0.3_BETA0.7,0.3,0.7,300,0.0,0.90336,0.80473,0.01098,2.07832,1.1425,0.08345,,0.00568,0.03246,0.575
2,43,hybrid,HYBRID_ALPHA0.4_BETA0.6,0.4,0.6,300,0.0,0.90728,0.806,0.01072,1.06668,0.88188,0.02741,,0.00493,0.01056,0.525
2,43,hybrid,HYBRID_ALPHA0.5_BETA0.5,0.5,0.5,300,0.0,0.90999,0.80692,0.01067,1.03771,0.86634,0.03017,,0.00592,0.01001,0.525
2,43,hybrid,HYBRID_ALPHA0.6_BETA0.4,0.6,0.4,300,0.0,0.9121,0.8078,0.01072,1.03901,0.86583,0.03053,,0.00596,0.00992,0.55
2,43,hybrid,HYBRID_ALPHA0.7_BETA0.3,0.7,0.3,300,0.0,0.91359,0.80832,0.01075,1.63178,1.03534,0.07178,,0.00525,0.02841,0.575
2,43,hybrid,HYBRID_ALPHA0.8_BETA0.2,0.8,0.2,300,0.0,0.91536,0.80885,0.01079,1.06476,0.87365,0.03468,,0.00631,0.01026,0.55
2,43,hybrid,HYBRID_ALPHA0.9_BETA0.1,0.9,0.1,300,0.0,0.91674,0.8092,0.0108,1.05777,0.86508,0.03209,,0.00622,0.01126,0.6
2,43,hybrid,HYBRID_ALPHA0.1_BETA0.9,0.1,0.9,500,1.0,1.01803,0.85347,0.0228,1.74355,1.06033,0.04679,,0.00534,0.00826,0.55
2,43,hybrid,HYBRID_ALPHA0.2_BETA0.8,0.2,0.8,500,1.0,0.97883,0.83626,0.01978,1.38348,0.95922,0.04607,,0.00571,0.00803,0.525
2,43,hybrid,HYBRID_ALPHA0.3_BETA0.7,0.3,0.7,500,1.0,0.97311,0.83413,0.01848,1.31414,0.941,0.04535,,0.00575,0.00793,0.575
2,43,hybrid,HYBRID_ALPHA0.4_BETA0.6,0.4,0.6,500,1.0,0.96907,0.83245,0.01762,1.01236,0.87119,0.03073,,0.00599,0.0083,0.5
2,43,hybrid,HYBRID_ALPHA0.5_BETA0.5,0.5,0.5,500,1.0,0.96609,0.83122,0.017,1.013,0.87066,0.03139,,0.00622,0.01167,0.55
2,43,hybrid,HYBRID_ALPHA0.6_BETA0.4,0.6,0.4,500,1.0,0.9637,0.83023,0.0165,0.9986,0.86866,0.02413,,0.00533,0.01133,0.525
2,43,hybrid,HYBRID_ALPHA0.7_BETA0.3,0.7,0.3,500,1.0,0.962,0.82957,0.01613,0.99691,0.86879,0.02278,,0.00516,0.01164,0.525
2,43,hybrid,HYBRID_ALPHA0.8_BETA0.2,0.8,0.2,500,1.0,0.96063,0.82911,0.01585,0.99563,0.86848,0.02199,,0.00506,0.01171,0.575
2,43,hybrid,HYBRID_ALPHA0.9_BETA0.1,0.9,0.1,500,1.0,0.96041,0.82919,0.01562,0.99633,0.86823,0.02215,,0.00508,0.01131,0.6
2,43,hybrid,HYBRID_ALPHA0.1_BETA0.9,0.1,0.9,500,0.0,1.01803,0.85347,0.0228,2.56647,1.2646,0.07971,,0.00542,0.02507,0.525
2,43,hybrid,HYBRID_ALPHA0.2_BETA0.8,0.2,0.8,500,0.0,0.97883,0.83626,0.01978,2.00929,1.12488,0.07754,,0.00545,0.02433,0.6
2,43,hybrid,HYBRID_ALPHA0.3_BETA0.7,0.3,0.7,500,0.0,0.97311,0.83413,0.01848,1.86865,1.09252,0.07867,,0.00549,0.02315,0.575
2,43,hybrid,HYBRID_ALPHA0.4_BETA0.6,0.4,0.6,500,0.0,0.96907,0.83245,0.01762,1.14429,0.89979,0.01991,,0.00421,0.01159,0.525
2,43,hybrid,HYBRID_ALPHA0.5_BETA0.5,0.5,0.5,500,0.0,0.96609,0.83122,0.017,1.1083,0.88795,0.02387,,0.00487,0.011,0.55
2,43,hybrid,HYBRID_ALPHA0.6_BETA0.4,0.6,0.4,500,0.0,0.9637,0.83023,0.0165,1.13994,0.89724,0.02116,,0.00437,0.01286,0.575
2,43,hybrid,HYBRID_ALPHA0.7_BETA0.3,0.7,0.3,500,0.0,0.962,0.82957,0.01613,1.12812,0.89541,0.02069,,0.00426,0.01295,0.625
2,43,hybrid,HYBRID_ALPHA0.8_BETA0.2,0.8,0.2,500,0.0,0.96063,0.82911,0.01585,1.12012,0.89385,0.02096,,0.00425,0.01289,0.6
2,43,hybrid,HYBRID_ALPHA0.9_BETA0.1,0.9,0.1,500,0.0,0.96041,0.82919,0.01562,1.12074,0.8938,0.02246,,0.00429,0.01269,0.625
2,43,mse,MSE,1.0,0.0,50,1.0,1.06062,0.87484,0.05897,1.22099,0.92871,0.04366,,0.00401,0.01138,0.625
2,43,mse,MSE,1.0,0.0,50,0.0,1.06062,0.87484,0.05897,1.29521,0.96578,0.07198,,0.00497,0.01431,0.55
2,43,mse,MSE,1.0,0.0,100,1.0,0.99539,0.84506,0.01597,1.00692,0.88112,0.01451,,0.0035,0.01392,0.6
2,43,mse,MSE,1.0,0.0,100,0.0,0.99539,0.84506,0.01597,1.0604,0.89038,0.0244,,0.00324,0.01542,0.55
2,43,mse,MSE,1.0,0.0,300,1.0,0.919,0.80907,0.01066,1.00881,0.84833,0.02549,,0.00545,0.00909,0.55
2,43,mse,MSE,1.0,0.0,300,0.0,0.919,0.80907,0.01066,1.06418,0.86736,0.03154,,0.00612,0.01161,0.6
2,43,mse,MSE,1.0,0.0,500,1.0,0.95973,0.82896,0.01541,1.00687,0.86933,0.02645,,0.00561,0.01,0.55
2,43,mse,MSE,1.0,0.0,500,0.0,0.95973,0.82896,0.01541,1.09146,0.88816,0.02376,,0.00436,0.01178,0.55
3,44,hsic,HSIC,0.0,1.0,50,1.0,1.37258,0.97795,0.12209,1.52299,1.02335,0.14341,,0.00812,0.06532,0.525
3,44,hsic,HSIC,0.0,1.0,50,0.0,1.37258,0.97795,0.12209,2.70038,1.31504,0.14793,,0.00834,0.14486,0.725
3,44,hsic,HSIC,0.0,1.0,100,1.0,1.36725,0.97443,0.06702,1.5196,1.02005,0.12291,,0.00707,0.0629,0.55
3,44,hsic,HSIC,0.0,1.0,100,0.0,1.36725,0.97443,0.06702,2.65001,1.29755,0.12259,,0.00707,0.12215,0.725
3,44,hsic,HSIC,0.0,1.0,300,1.0,1.18541,0.90336,0.02468,1.50284,1.01633,0.12667,,0.00724,0.07458,0.525
3,44,hsic,HSIC,0.0,1.0,300,0.0,1.18541,0.90336,0.02468,2.63846,1.29603,0.12923,,0.00739,0.14774,0.7
3,44,hsic,HSIC,0.0,1.0,500,1.0,1.27959,0.93044,0.01333,1.44647,1.00317,0.12386,,0.00714,0.08465,0.55
3,44,hsic,HSIC,0.0,1.0,500,0.0,1.27959,0.93044,0.01333,2.5988,1.28405,0.12494,,0.00721,0.15422,0.65
3,44,hybrid,HYBRID_ALPHA0.1_BETA0.9,0.1,0.9,50,1.0,1.26034,0.9406,0.09001,1.38431,0.95984,0.03583,,0.00508,0.01506,0.525
3,44,hybrid,HYBRID_ALPHA0.2_BETA0.8,0.2,0.8,50,1.0,1.18893,0.91912,0.08048,1.24468,0.928,0.04139,,0.00474,0.01524,0.6
3,44,hybrid,HYBRID_ALPHA0.3_BETA0.7,0.3,0.7,50,1.0,1.14624,0.90688,0.08353,1.09284,0.89481,0.03506,,0.00414,0.01803,0.55
3,44,hybrid,HYBRID_ALPHA0.4_BETA0.6,0.4,0.6,50,1.0,1.15788,0.91048,0.09052,1.16732,0.91394,0.04811,,0.00476,0.02088,0.625
3,44,hybrid,HYBRID_ALPHA0.5_BETA0.5,0.5,0.5,50,1.0,1.16858,0.914,0.09575,1.12406,0.90223,0.0427,,0.00464,0.01921,0.575
3,44,hybrid,HYBRID_ALPHA0.6_BETA0.4,0.6,0.4,50,1.0,1.18252,0.91902,0.10139,1.12708,0.90413,0.04504,,0.00473,0.01925,0.6
3,44,hybrid,HYBRID_ALPHA0.7_BETA0.3,0.7,0.3,50,1.0,1.19058,0.92154,0.10457,1.1332,0.90601,0.04742,,0.00484,0.01874,0.6
3,44,hybrid,HYBRID_ALPHA0.8_BETA0.2,0.8,0.2,50,1.0,1.19619,0.9237,0.10677,1.14062,0.90809,0.04964,,0.00492,0.01817,0.6
3,44,hybrid,HYBRID_ALPHA0.9_BETA0.1,0.9,0.1,50,1.0,1.20364,0.92625,0.10973,1.14819,0.91012,0.05174,,0.005,0.01761,0.6
3,44,hybrid,HYBRID_ALPHA0.1_BETA0.9,0.1,0.9,50,0.0,1.26034,0.9406,0.09001,1.99993,1.12643,0.06066,,0.00446,0.02486,0.65
3,44,hybrid,HYBRID_ALPHA0.2_BETA0.8,0.2,0.8,50,0.0,1.18893,0.91912,0.08048,1.68333,1.05079,0.07823,,0.00528,0.02506,0.7
3,44,hybrid,HYBRID_ALPHA0.3_BETA0.7,0.3,0.7,50,0.0,1.14624,0.90688,0.08353,1.25037,0.94262,0.06174,,0.00426,0.02397,0.575
3,44,hybrid,HYBRID_ALPHA0.4_BETA0.6,0.4,0.6,50,0.0,1.15788,0.91048,0.09052,1.19946,0.93301,0.0607,,0.00431,0.02495,0.575
3,44,hybrid,HYBRID_ALPHA0.5_BETA0.5,0.5,0.5,50,0.0,1.16858,0.914,0.09575,1.43153,0.99089,0.08286,,0.00549,0.02448,0.65
3,44,hybrid,HYBRID_ALPHA0.6_BETA0.4,0.6,0.4,50,0.0,1.18252,0.91902,0.10139,1.40628,0.98603,0.08552,,0.00563,0.02458,0.65
3,44,hybrid,HYBRID_ALPHA0.7_BETA0.3,0.7,0.3,50,0.0,1.19058,0.92154,0.10457,1.40047,0.98519,0.08832,,0.00578,0.02494,0.55
3,44,hybrid,HYBRID_ALPHA0.8_BETA0.2,0.8,0.2,50,0.0,1.19619,0.9237,0.10677,1.41225,0.98831,0.09135,,0.00593,0.02558,0.6
3,44,hybrid,HYBRID_ALPHA0.9_BETA0.1,0.9,0.1,50,0.0,1.20364,0.92625,0.10973,1.44333,0.99559,0.09446,,0.00608,0.02679,0.675
3,44,hybrid,HYBRID_ALPHA0.1_BETA0.9,0.1,0.9,100,1.0,1.03649,0.862,0.03813,1.41268,0.97986,0.05996,,0.00493,0.01003,0.575
3,44,hybrid,HYBRID_ALPHA0.2_BETA0.8,0.2,0.8,100,1.0,1.00441,0.85303,0.03839,1.32313,0.95776,0.05999,,0.00492,0.00968,0.575
3,44,hybrid,HYBRID_ALPHA0.3_BETA0.7,0.3,0.7,100,1.0,0.99292,0.84765,0.03603,1.27243,0.94527,0.06038,,0.00493,0.0095,0.525
3,44,hybrid,HYBRID_ALPHA0.4_BETA0.6,0.4,0.6,100,1.0,0.98208,0.84396,0.03163,1.26092,0.94308,0.06118,,0.00494,0.00957,0.55
3,44,hybrid,HYBRID_ALPHA0.5_BETA0.5,0.5,0.5,100,1.0,0.9767,0.84195,0.02898,1.25285,0.94155,0.06218,,0.00497,0.00969,0.525
3,44,hybrid,HYBRID_ALPHA0.6_BETA0.4,0.6,0.4,100,1.0,0.95194,0.83033,0.01953,1.25195,0.94193,0.0635,,0.00499,0.00993,0.525
3,44,hybrid,HYBRID_ALPHA0.7_BETA0.3,0.7,0.3,100,1.0,0.96701,0.83695,0.02356,1.23892,0.93837,0.06309,,0.00498,0.01,0.625
3,44,hybrid,HYBRID_ALPHA0.8_BETA0.2,0.8,0.2,100,1.0,0.9703,0.83788,0.02378,1.2321,0.93684,0.0635,,0.00499,0.01012,0.65
3,44,hybrid,HYBRID_ALPHA0.9_BETA0.1,0.9,0.1,100,1.0,0.95906,0.83367,0.01885,1.20642,0.92921,0.06261,,0.00499,0.01028,0.625
3,44,hybrid,HYBRID_ALPHA0.1_BETA0.9,0.1,0.9,100,0.0,1.03649,0.862,0.03813,2.0977,1.153,0.09098,,0.00577,0.03808,0.575
3,44,hybrid,HYBRID_ALPHA0.2_BETA0.8,0.2,0.8,100,0.0,1.00441,0.85303,0.03839,1.95425,1.11881,0.09776,,0.00608,0.03791,0.6
3,44,hybrid,HYBRID_ALPHA0.3_BETA0.7,0.3,0.7,100,0.0,0.99292,0.84765,0.03603,1.87041,1.09887,0.10098,,0.00623,0.03812,0.55
3,44,hybrid,HYBRID_ALPHA0.4_BETA0.6,0.4,0.6,100,0.0,0.98208,0.84396,0.03163,1.83594,1.09049,0.10234,,0.00631,0.03741,0.55
3,44,hybrid,HYBRID_ALPHA0.5_BETA0.5,0.5,0.5,100,0.0,0.9767,0.84195,0.02898,1.81709,1.08584,0.10362,,0.00638,0.03727,0.575
3,44,hybrid,HYBRID_ALPHA0.6_BETA0.4,0.6,0.4,100,0.0,0.95194,0.83033,0.01953,1.81737,1.08611,0.10458,,0.00642,0.03815,0.55
3,44,hybrid,HYBRID_ALPHA0.7_BETA0.3,0.7,0.3,100,0.0,0.96701,0.83695,0.02356,1.7909,1.07968,0.10447,,0.00643,0.03781,0.6
3,44,hybrid,HYBRID_ALPHA0.8_BETA0.2,0.8,0.2,100,0.0,0.9703,0.83788,0.02378,1.7846,1.07812,0.10509,,0.00645,0.03815,0.575
3,44,hybrid,HYBRID_ALPHA0.9_BETA0.1,0.9,0.1,100,0.0,0.95906,0.83367,0.01885,1.70684,1.05892,0.10614,,0.00654,0.03635,0.6
3,44,hybrid,HYBRID_ALPHA0.1_BETA0.9,0.1,0.9,300,1.0,1.01234,0.85217,0.02593,1.36434,0.95824,0.04728,,0.0054,0.01092,0.575
3,44,hybrid,HYBRID_ALPHA0.2_BETA0.8,0.2,0.8,300,1.0,1.02005,0.85572,0.02657,1.26523,0.93046,0.04825,,0.00585,0.01065,0.55
3,44,hybrid,HYBRID_ALPHA0.3_BETA0.7,0.3,0.7,300,1.0,1.00935,0.85156,0.02621,1.23965,0.92344,0.04461,,0.00578,0.01048,0.6
3,44,hybrid,HYBRID_ALPHA0.4_BETA0.6,0.4,0.6,300,1.0,1.00384,0.84978,0.02618,1.18612,0.9115,0.04446,,0.00571,0.01109,0.55
3,44,hybrid,HYBRID_ALPHA0.5_BETA0.5,0.5,0.5,300,1.0,1.02284,0.85657,0.02606,1.1586,0.90532,0.0439,,0.00575,0.01128,0.575
3,44,hybrid,HYBRID_ALPHA0.6_BETA0.4,0.6,0.4,300,1.0,1.02152,0.85645,0.02603,1.14489,0.90381,0.0439,,0.00562,0.01175,0.575
3,44,hybrid,HYBRID_ALPHA0.7_BETA0.3,0.7,0.3,300,1.0,1.0129,0.85298,0.0247,1.1335,0.90222,0.04388,,0.00549,0.01216,0.575
3,44,hybrid,HYBRID_ALPHA0.8_BETA0.2,0.8,0.2,300,1.0,1.01965,0.8586,0.02751,1.12694,0.90283,0.04381,,0.00538,0.0124,0.575
3,44,hybrid,HYBRID_ALPHA0.9_BETA0.1,0.9,0.1,300,1.0,1.01701,0.85861,0.02774,1.12692,0.90359,0.04402,,0.00531,0.01223,0.55
3,44,hybrid,HYBRID_ALPHA0.1_BETA0.9,0.1,0.9,300,0.0,1.01234,0.85217,0.02593,2.01015,1.12927,0.08484,,0.00559,0.02709,0.65
3,44,hybrid,HYBRID_ALPHA0.2_BETA0.8,0.2,0.8,300,0.0,1.02005,0.85572,0.02657,1.86741,1.09308,0.08327,,0.00567,0.02859,0.65
3,44,hybrid,HYBRID_ALPHA0.3_BETA0.7,0.3,0.7,300,0.0,1.00935,0.85156,0.02621,1.82256,1.08103,0.07913,,0.00555,0.0283,0.625
3,44,hybrid,HYBRID_ALPHA0.4_BETA0.6,0.4,0.6,300,0.0,1.00384,0.84978,0.02618,1.68304,1.04857,0.08188,,0.00567,0.02664,0.6
3,44,hybrid,HYBRID_ALPHA0.5_BETA0.5,0.5,0.5,300,0.0,1.02284,0.85657,0.02606,1.60384,1.02914,0.08534,,0.00588,0.02595,0.675
3,44,hybrid,HYBRID_ALPHA0.6_BETA0.4,0.6,0.4,300,0.0,1.02152,0.85645,0.02603,1.5593,1.01893,0.08607,,0.0059,0.02543,0.65
3,44,hybrid,HYBRID_ALPHA0.7_BETA0.3,0.7,0.3,300,0.0,1.0129,0.85298,0.0247,1.51481,1.00861,0.08648,,0.00589,0.02468,0.675
3,44,hybrid,HYBRID_ALPHA0.8_BETA0.2,0.8,0.2,300,0.0,1.01965,0.8586,0.02751,1.47428,0.99946,0.08677,,0.00588,0.02395,0.65
3,44,hybrid,HYBRID_ALPHA0.9_BETA0.1,0.9,0.1,300,0.0,1.01701,0.85861,0.02774,1.44607,0.99334,0.08737,,0.00589,0.0234,0.65
3,44,hybrid,HYBRID_ALPHA0.1_BETA0.9,0.1,0.9,500,1.0,0.9223,0.81378,0.01189,1.00898,0.87314,0.02306,,0.00513,0.01453,0.55
3,44,hybrid,HYBRID_ALPHA0.2_BETA0.8,0.2,0.8,500,1.0,0.92684,0.81779,0.01164,1.31596,0.93961,0.04749,,0.00615,0.01077,0.55
3,44,hybrid,HYBRID_ALPHA0.3_BETA0.7,0.3,0.7,500,1.0,0.92745,0.81852,0.0114,1.23335,0.91944,0.04663,,0.00605,0.01079,0.525
3,44,hybrid,HYBRID_ALPHA0.4_BETA0.6,0.4,0.6,500,1.0,0.92663,0.81846,0.01117,1.18599,0.90916,0.04584,,0.00592,0.01057,0.55
3,44,hybrid,HYBRID_ALPHA0.5_BETA0.5,0.5,0.5,500,1.0,0.92422,0.81734,0.0109,1.14593,0.90102,0.04474,,0.00569,0.01118,0.6
3,44,hybrid,HYBRID_ALPHA0.6_BETA0.4,0.6,0.4,500,1.0,0.91935,0.816,0.0099,1.10532,0.89394,0.0385,,0.00562,0.00978,0.525
3,44,hybrid,HYBRID_ALPHA0.7_BETA0.3,0.7,0.3,500,1.0,0.92213,0.81697,0.0099,1.08595,0.89125,0.03604,,0.00535,0.00977,0.525
3,44,hybrid,HYBRID_ALPHA0.8_BETA0.2,0.8,0.2,500,1.0,0.92138,0.81628,0.00982,1.0136,0.87822,0.02481,,0.00526,0.01144,0.6
3,44,hybrid,HYBRID_ALPHA0.9_BETA0.1,0.9,0.1,500,1.0,0.92021,0.81551,0.00961,1.01579,0.87888,0.02662,,0.00547,0.01135,0.6
3,44,hybrid,HYBRID_ALPHA0.1_BETA0.9,0.1,0.9,500,0.0,0.9223,0.81378,0.01189,1.07455,0.88995,0.02143,,0.00414,0.01261,0.55
3,44,hybrid,HYBRID_ALPHA0.2_BETA0.8,0.2,0.8,500,0.0,0.92684,0.81779,0.01164,1.95437,1.11034,0.07942,,0.00562,0.02059,0.575
3,44,hybrid,HYBRID_ALPHA0.3_BETA0.7,0.3,0.7,500,0.0,0.92745,0.81852,0.0114,1.80096,1.07529,0.08184,,0.0057,0.02099,0.575
3,44,hybrid,HYBRID_ALPHA0.4_BETA0.6,0.4,0.6,500,0.0,0.92663,0.81846,0.01117,1.69169,1.04914,0.08525,,0.00588,0.02126,0.6
3,44,hybrid,HYBRID_ALPHA0.5_BETA0.5,0.5,0.5,500,0.0,0.92422,0.81734,0.0109,1.58527,1.02464,0.08549,,0.00587,0.02022,0.6
3,44,hybrid,HYBRID_ALPHA0.6_BETA0.4,0.6,0.4,500,0.0,0.91935,0.816,0.0099,1.47814,0.99703,0.07735,,0.00558,0.02034,0.625
3,44,hybrid,HYBRID_ALPHA0.7_BETA0.3,0.7,0.3,500,0.0,0.92213,0.81697,0.0099,1.40197,0.97916,0.07513,,0.00545,0.01929,0.6
3,44,hybrid,HYBRID_ALPHA0.8_BETA0.2,0.8,0.2,500,0.0,0.92138,0.81628,0.00982,1.06215,0.8957,0.02464,,0.00444,0.01529,0.55
3,44,hybrid,HYBRID_ALPHA0.9_BETA0.1,0.9,0.1,500,0.0,0.92021,0.81551,0.00961,1.07203,0.89792,0.02707,,0.00474,0.01555,0.525
3,44,mse,MSE,1.0,0.0,50,1.0,1.20367,0.9256,0.11048,1.15507,0.91206,0.05381,,0.00508,0.017,0.6
3,44,mse,MSE,1.0,0.0,50,0.0,1.20367,0.9256,0.11048,1.48356,1.00595,0.09792,,0.00626,0.02848,0.675
3,44,mse,MSE,1.0,0.0,100,1.0,0.9548,0.83104,0.01986,1.19276,0.9249,0.06168,,0.00497,0.01048,0.675
3,44,mse,MSE,1.0,0.0,100,0.0,0.9548,0.83104,0.01986,1.67354,1.05162,0.1067,,0.00657,0.03548,0.6
3,44,mse,MSE,1.0,0.0,300,1.0,1.01175,0.85623,0.02718,1.12086,0.90327,0.04256,,0.00517,0.01198,0.6
3,44,mse,MSE,1.0,0.0,300,0.0,1.01175,0.85623,0.02718,1.39177,0.98112,0.08458,,0.00576,0.02175,0.675
3,44,mse,MSE,1.0,0.0,500,1.0,0.91623,0.8114,0.00916,1.01819,0.87966,0.02783,,0.00562,0.01134,0.65
3,44,mse,MSE,1.0,0.0,500,0.0,0.91623,0.8114,0.00916,1.08408,0.902,0.02995,,0.00494,0.01587,0.5
4,45,hsic,HSIC,0.0,1.0,50,1.0,1.40799,0.98722,0.12334,1.46235,0.98176,0.0519,,0.00543,0.01121,0.625
4,45,hsic,HSIC,0.0,1.0,50,0.0,1.40799,0.98722,0.12334,2.45688,1.23319,0.0905,,0.00607,0.03727,0.6
4,45,hsic,HSIC,0.0,1.0,100,1.0,1.44675,0.98374,0.02414,1.5151,1.0187,0.12344,,0.00712,0.09615,0.55
4,45,hsic,HSIC,0.0,1.0,100,0.0,1.44675,0.98374,0.02414,2.66245,1.30112,0.12348,,0.00715,0.17439,0.6
4,45,hsic,HSIC,0.0,1.0,300,1.0,1.12574,0.89345,0.02808,1.47026,1.00834,0.12217,,0.00705,0.05731,0.525
4,45,hsic,HSIC,0.0,1.0,300,0.0,1.12574,0.89345,0.02808,2.64404,1.29574,0.12305,,0.00712,0.1279,0.7
4,45,hsic,HSIC,0.0,1.0,500,1.0,1.14096,0.88633,0.02003,1.49989,1.01558,0.12596,,0.00721,0.06873,0.5
4,45,hsic,HSIC,0.0,1.0,500,0.0,1.14096,0.88633,0.02003,2.6478,1.2982,0.12685,,0.00727,0.14175,0.7
4,45,hybrid,HYBRID_ALPHA0.1_BETA0.9,0.1,0.9,50,1.0,1.29483,0.95215,0.11173,1.28141,0.94311,0.05639,,0.00525,0.01209,0.65
4,45,hybrid,HYBRID_ALPHA0.2_BETA0.8,0.2,0.8,50,1.0,1.24547,0.93641,0.10798,1.21634,0.92009,0.04836,,0.00582,0.01854,0.575
4,45,hybrid,HYBRID_ALPHA0.3_BETA0.7,0.3,0.7,50,1.0,1.22749,0.93109,0.10931,1.1404,0.90838,0.05017,,0.00559,0.02288,0.625
4,45,hybrid,HYBRID_ALPHA0.4_BETA0.6,0.4,0.6,50,1.0,1.22032,0.92832,0.11278,1.13438,0.91071,0.0504,,0.00549,0.02543,0.55
4,45,hybrid,HYBRID_ALPHA0.5_BETA0.5,0.5,0.5,50,1.0,1.21442,0.92649,0.11337,1.14334,0.91585,0.05113,,0.00535,0.02832,0.55
4,45,hybrid,HYBRID_ALPHA0.6_BETA0.4,0.6,0.4,50,1.0,1.21193,0.92565,0.11507,1.16651,0.92598,0.05219,,0.00514,0.03076,0.55
4,45,hybrid,HYBRID_ALPHA0.7_BETA0.3,0.7,0.3,50,1.0,0.97934,0.84306,0.03499,1.18965,0.93572,0.05326,,0.00498,0.03276,0.55
4,45,hybrid,HYBRID_ALPHA0.8_BETA0.2,0.8,0.2,50,1.0,0.97222,0.84029,0.0347,1.20609,0.9415,0.05444,,0.00487,0.03368,0.5
4,45,hybrid,HYBRID_ALPHA0.9_BETA0.1,0.9,0.1,50,1.0,0.95024,0.83278,0.03717,1.21767,0.94528,0.0555,,0.00477,0.03359,0.525
4,45,hybrid,HYBRID_ALPHA0.1_BETA0.9,0.1,0.9,50,0.0,1.29483,0.95215,0.11173,2.13308,1.16074,0.09946,,0.00629,0.03032,0.575
4,45,hybrid,HYBRID_ALPHA0.2_BETA0.8,0.2,0.8,50,0.0,1.24547,0.93641,0.10798,1.87848,1.09557,0.09051,,0.00602,0.01895,0.625
4,45,hybrid,HYBRID_ALPHA0.3_BETA0.7,0.3,0.7,50,0.0,1.22749,0.93109,0.10931,1.58005,1.02683,0.09488,,0.00615,0.01746,0.65
4,45,hybrid,HYBRID_ALPHA0.4_BETA0.6,0.4,0.6,50,0.0,1.22032,0.92832,0.11278,1.48046,1.00449,0.09508,,0.00614,0.01693,0.65
4,45,hybrid,HYBRID_ALPHA0.5_BETA0.5,0.5,0.5,50,0.0,1.21442,0.92649,0.11337,1.41473,0.98992,0.0964,,0.00617,0.01713,0.675
4,45,hybrid,HYBRID_ALPHA0.6_BETA0.4,0.6,0.4,50,0.0,1.21193,0.92565,0.11507,1.37144,0.98074,0.09867,,0.00622,0.01764,0.625
4,45,hybrid,HYBRID_ALPHA0.7_BETA0.3,0.7,0.3,50,0.0,0.97934,0.84306,0.03499,1.34578,0.97379,0.10109,,0.0063,0.01845,0.625
4,45,hybrid,HYBRID_ALPHA0.8_BETA0.2,0.8,0.2,50,0.0,0.97222,0.84029,0.0347,1.33374,0.97015,0.10229,,0.00633,0.01912,0.6
4,45,hybrid,HYBRID_ALPHA0.9_BETA0.1,0.9,0.1,50,0.0,0.95024,0.83278,0.03717,1.32511,0.9674,0.10284,,0.00632,0.01962,0.6
4,45,hybrid,HYBRID_ALPHA0.1_BETA0.9,0.1,0.9,100,1.0,0.91742,0.8044,0.02089,1.34472,0.95657,0.02696,,0.00594,0.01442,0.6
4,45,hybrid,HYBRID_ALPHA0.2_BETA0.8,0.2,0.8,100,1.0,0.86522,0.78166,0.01814,1.22939,0.93519,0.028,,0.00624,0.01468,0.55
4,45,hybrid,HYBRID_ALPHA0.3_BETA0.7,0.3,0.7,100,1.0,0.84694,0.77561,0.01961,1.22655,0.9383,0.02902,,0.00641,0.01492,0.525
4,45,hybrid,HYBRID_ALPHA0.4_BETA0.6,0.4,0.6,100,1.0,0.8707,0.77891,0.02352,1.22593,0.94102,0.02874,,0.00634,0.01538,0.575
4,45,hybrid,HYBRID_ALPHA0.5_BETA0.5,0.5,0.5,100,1.0,0.88078,0.78275,0.02548,1.18119,0.92846,0.02422,,0.00549,0.01656,0.525
4,45,hybrid,HYBRID_ALPHA0.6_BETA0.4,0.6,0.4,100,1.0,0.8865,0.78455,0.02705,1.18289,0.92919,0.0245,,0.00549,0.01611,0.525
4,45,hybrid,HYBRID_ALPHA0.7_BETA0.3,0.7,0.3,100,1.0,0.8772,0.78326,0.02748,1.18454,0.93039,0.02356,,0.00527,0.01641,0.5
4,45,hybrid,HYBRID_ALPHA0.8_BETA0.2,0.8,0.2,100,1.0,0.88514,0.78953,0.02838,1.17939,0.93148,0.02224,,0.00485,0.01711,0.575
4,45,hybrid,HYBRID_ALPHA0.9_BETA0.1,0.9,0.1,100,1.0,0.90419,0.79809,0.02934,1.21039,0.93889,0.0223,,0.0048,0.01643,0.5
4,45,hybrid,HYBRID_ALPHA0.1_BETA0.9,0.1,0.9,100,0.0,0.91742,0.8044,0.02089,1.52974,1.00605,0.01687,,0.00377,0.02408,0.65
4,45,hybrid,HYBRID_ALPHA0.2_BETA0.8,0.2,0.8,100,0.0,0.86522,0.78166,0.01814,1.38079,0.97483,0.0195,,0.00413,0.02453,0.625
4,45,hybrid,HYBRID_ALPHA0.3_BETA0.7,0.3,0.7,100,0.0,0.84694,0.77561,0.01961,1.35801,0.97177,0.02094,,0.00414,0.02469,0.675
4,45,hybrid,HYBRID_ALPHA0.4_BETA0.6,0.4,0.6,100,0.0,0.8707,0.77891,0.02352,1.3327,0.96762,0.02204,,0.00412,0.02388,0.625
4,45,hybrid,HYBRID_ALPHA0.5_BETA0.5,0.5,0.5,100,0.0,0.88078,0.78275,0.02548,1.30928,0.95873,0.02028,,0.00395,0.02581,0.625
4,45,hybrid,HYBRID_ALPHA0.6_BETA0.4,0.6,0.4,100,0.0,0.8865,0.78455,0.02705,1.30648,0.95799,0.02066,,0.00353,0.02604,0.675
4,45,hybrid,HYBRID_ALPHA0.7_BETA0.3,0.7,0.3,100,0.0,0.8772,0.78326,0.02748,1.30919,0.95919,0.02161,,0.00338,0.02637,0.675
4,45,hybrid,HYBRID_ALPHA0.8_BETA0.2,0.8,0.2,100,0.0,0.88514,0.78953,0.02838,1.24894,0.94505,0.0215,,0.00393,0.02271,0.6
4,45,hybrid,HYBRID_ALPHA0.9_BETA0.1,0.9,0.1,100,0.0,0.90419,0.79809,0.02934,1.35437,0.97429,0.03105,,0.00321,0.02621,0.65
4,45,hybrid,HYBRID_ALPHA0.1_BETA0.9,0.1,0.9,300,1.0,0.94962,0.83074,0.01995,1.47412,0.98347,0.04854,,0.00572,0.01012,0.5
4,45,hybrid,HYBRID_ALPHA0.2_BETA0.8,0.2,0.8,300,1.0,0.96715,0.83836,0.02613,1.06604,0.89052,0.03421,,0.00591,0.0141,0.525
4,45,hybrid,HYBRID_ALPHA0.3_BETA0.7,0.3,0.7,300,1.0,0.95581,0.83426,0.02365,1.20561,0.91923,0.04999,,0.00556,0.01074,0.525
4,45,hybrid,HYBRID_ALPHA0.4_BETA0.6,0.4,0.6,300,1.0,0.94738,0.83058,0.022,1.17094,0.91096,0.05106,,0.00543,0.01137,0.5
4,45,hybrid,HYBRID_ALPHA0.5_BETA0.5,0.5,0.5,300,1.0,0.93335,0.82416,0.01897,1.15238,0.9087,0.05083,,0.00542,0.0117,0.5
4,45,hybrid,HYBRID_ALPHA0.6_BETA0.4,0.6,0.4,300,1.0,0.93168,0.8233,0.01901,1.14195,0.90704,0.05003,,0.00546,0.01148,0.525
4,45,hybrid,HYBRID_ALPHA0.7_BETA0.3,0.7,0.3,300,1.0,0.92472,0.8198,0.01741,1.1351,0.90643,0.05001,,0.00545,0.01157,0.5
4,45,hybrid,HYBRID_ALPHA0.8_BETA0.2,0.8,0.2,300,1.0,0.93953,0.82609,0.0214,1.13127,0.9066,0.05029,,0.00544,0.01187,0.525
4,45,hybrid,HYBRID_ALPHA0.9_BETA0.1,0.9,0.1,300,1.0,0.92492,0.81926,0.02044,1.12902,0.90685,0.05064,,0.00543,0.01221,0.525
4,45,hybrid,HYBRID_ALPHA0.1_BETA0.9,0.1,0.9,300,0.0,0.94962,0.83074,0.01995,2.25144,1.18353,0.08368,,0.00572,0.02399,0.725
4,45,hybrid,HYBRID_ALPHA0.2_BETA0.8,0.2,0.8,300,0.0,0.96715,0.83836,0.02613,1.07083,0.88375,0.04149,,0.00711,0.01257,0.55
4,45,hybrid,HYBRID_ALPHA0.3_BETA0.7,0.3,0.7,300,0.0,0.95581,0.83426,0.02365,1.78277,1.07243,0.09002,,0.00602,0.02627,0.65
4,45,hybrid,HYBRID_ALPHA0.4_BETA0.6,0.4,0.6,300,0.0,0.94738,0.83058,0.022,1.72094,1.05838,0.09087,,0.00603,0.0277,0.65
4,45,hybrid,HYBRID_ALPHA0.5_BETA0.5,0.5,0.5,300,0.0,0.93335,0.82416,0.01897,1.6599,1.04326,0.0898,,0.006,0.02735,0.625
4,45,hybrid,HYBRID_ALPHA0.6_BETA0.4,0.6,0.4,300,0.0,0.93168,0.8233,0.01901,1.61451,1.03244,0.08811,,0.00595,0.02729,0.65
4,45,hybrid,HYBRID_ALPHA0.7_BETA0.3,0.7,0.3,300,0.0,0.92472,0.8198,0.01741,1.57516,1.02315,0.08721,,0.00592,0.02693,0.65
4,45,hybrid,HYBRID_ALPHA0.8_BETA0.2,0.8,0.2,300,0.0,0.93953,0.82609,0.0214,1.54858,1.0168,0.0868,,0.0059,0.02653,0.7
4,45,hybrid,HYBRID_ALPHA0.9_BETA0.1,0.9,0.1,300,0.0,0.92492,0.81926,0.02044,1.52516,1.0112,0.08641,,0.00589,0.02609,0.675
4,45,hybrid,HYBRID_ALPHA0.1_BETA0.9,0.1,0.9,500,1.0,0.93835,0.82372,0.01833,1.52664,0.99887,0.04702,,0.00583,0.00826,0.575
4,45,hybrid,HYBRID_ALPHA0.2_BETA0.8,0.2,0.8,500,1.0,0.93,0.82058,0.01839,1.33022,0.94631,0.04752,,0.00563,0.00834,0.55
4,45,hybrid,HYBRID_ALPHA0.3_BETA0.7,0.3,0.7,500,1.0,0.9224,0.82059,0.01753,1.25038,0.92825,0.04601,,0.00544,0.0084,0.55
4,45,hybrid,HYBRID_ALPHA0.4_BETA0.6,0.4,0.6,500,1.0,0.91895,0.81959,0.01658,1.17712,0.90657,0.03663,,0.00531,0.00753,0.6
4,45,hybrid,HYBRID_ALPHA0.5_BETA0.5,0.5,0.5,500,1.0,0.91561,0.8183,0.01578,1.11395,0.89191,0.03021,,0.00517,0.00713,0.55
4,45,hybrid,HYBRID_ALPHA0.6_BETA0.4,0.6,0.4,500,1.0,0.91306,0.81731,0.01525,1.09047,0.88597,0.02721,,0.00503,0.00702,0.575
4,45,hybrid,HYBRID_ALPHA0.7_BETA0.3,0.7,0.3,500,1.0,0.91059,0.81648,0.01485,0.96561,0.8564,0.01479,,0.00371,0.00805,0.625
4,45,hybrid,HYBRID_ALPHA0.8_BETA0.2,0.8,0.2,500,1.0,0.90777,0.81584,0.01444,0.96682,0.85681,0.01527,,0.00376,0.00797,0.625
4,45,hybrid,HYBRID_ALPHA0.9_BETA0.1,0.9,0.1,500,1.0,0.90603,0.81546,0.0142,0.9691,0.85713,0.01526,,0.00376,0.00802,0.6
4,45,hybrid,HYBRID_ALPHA0.1_BETA0.9,0.1,0.9,500,0.0,0.93835,0.82372,0.01833,2.32728,1.20152,0.07988,,0.00557,0.02717,0.65
4,45,hybrid,HYBRID_ALPHA0.2_BETA0.8,0.2,0.8,500,0.0,0.93,0.82058,0.01839,2.0256,1.12893,0.08202,,0.00564,0.02922,0.6
4,45,hybrid,HYBRID_ALPHA0.3_BETA0.7,0.3,0.7,500,0.0,0.9224,0.82059,0.01753,1.8442,1.08697,0.08238,,0.00563,0.02727,0.625
4,45,hybrid,HYBRID_ALPHA0.4_BETA0.6,0.4,0.6,500,0.0,0.91895,0.81959,0.01658,1.64572,1.03911,0.07142,,0.00517,0.02419,0.625
4,45,hybrid,HYBRID_ALPHA0.5_BETA0.5,0.5,0.5,500,0.0,0.91561,0.8183,0.01578,1.45825,0.99186,0.06275,,0.00478,0.0202,0.725
4,45,hybrid,HYBRID_ALPHA0.6_BETA0.4,0.6,0.4,500,0.0,0.91306,0.81731,0.01525,1.38313,0.97242,0.06007,,0.00468,0.01812,0.6
4,45,hybrid,HYBRID_ALPHA0.7_BETA0.3,0.7,0.3,500,0.0,0.91059,0.81648,0.01485,1.00611,0.86635,0.01601,,0.00345,0.01051,0.55
4,45,hybrid,HYBRID_ALPHA0.8_BETA0.2,0.8,0.2,500,0.0,0.90777,0.81584,0.01444,1.00188,0.86543,0.01625,,0.00337,0.01071,0.525
4,45,hybrid,HYBRID_ALPHA0.9_BETA0.1,0.9,0.1,500,0.0,0.90603,0.81546,0.0142,1.00781,0.86915,0.01801,,0.0033,0.01127,0.55
4,45,mse,MSE,1.0,0.0,50,1.0,0.94402,0.83404,0.03803,1.21106,0.94256,0.05722,,0.00473,0.03156,0.5
4,45,mse,MSE,1.0,0.0,50,0.0,0.94402,0.83404,0.03803,1.33207,0.96963,0.10356,,0.00632,0.01974,0.575
4,45,mse,MSE,1.0,0.0,100,1.0,0.92246,0.80573,0.03084,1.19907,0.93507,0.02114,,0.0043,0.01669,0.575
4,45,mse,MSE,1.0,0.0,100,0.0,0.92246,0.80573,0.03084,1.37596,0.98091,0.03542,,0.00327,0.02708,0.625
4,45,mse,MSE,1.0,0.0,300,1.0,0.9263,0.81924,0.02166,1.0317,0.87891,0.02505,,0.00528,0.01237,0.575
4,45,mse,MSE,1.0,0.0,300,0.0,0.9263,0.81924,0.02166,1.05432,0.88276,0.03334,,0.00634,0.01265,0.575
4,45,mse,MSE,1.0,0.0,500,1.0,0.9039,0.81482,0.01392,0.97219,0.85743,0.01455,,0.00368,0.00813,0.55
4,45,mse,MSE,1.0,0.0,500,0.0,0.9039,0.81482,0.01392,1.02027,0.8738,0.02022,,0.0032,0.01166,0.55
5,46,hsic,HSIC,0.0,1.0,50,1.0,1.07066,0.87307,0.05,1.42079,0.99685,0.12389,,0.00714,0.043,0.675
5,46,hsic,HSIC,0.0,1.0,50,0.0,1.07066,0.87307,0.05,2.47955,1.25425,0.12696,,0.00729,0.0362,0.625
5,46,hsic,HSIC,0.0,1.0,100,1.0,1.56105,1.03048,0.19336,1.46031,1.00649,0.12441,,0.00716,0.05272,0.625
5,46,hsic,HSIC,0.0,1.0,100,0.0,1.56105,1.03048,0.19336,2.62681,1.29144,0.12419,,0.00717,0.10411,0.775
5,46,hsic,HSIC,0.0,1.0,300,1.0,1.16167,0.89758,0.0226,1.46658,1.00769,0.123,,0.00709,0.05388,0.5
5,46,hsic,HSIC,0.0,1.0,300,0.0,1.16167,0.89758,0.0226,2.64987,1.29745,0.12317,,0.00712,0.11978,0.725
5,46,hsic,HSIC,0.0,1.0,500,1.0,1.16432,0.8905,0.01318,1.475,1.00945,0.12266,,0.00708,0.07168,0.55
5,46,hsic,HSIC,0.0,1.0,500,0.0,1.16432,0.8905,0.01318,2.66853,1.30217,0.12327,,0.00713,0.14051,0.65
5,46,hybrid,HYBRID_ALPHA0.1_BETA0.9,0.1,0.9,50,1.0,1.03358,0.85487,0.04906,1.21425,0.93987,0.03532,,0.00502,0.05261,0.55
5,46,hybrid,HYBRID_ALPHA0.2_BETA0.8,0.2,0.8,50,1.0,1.04337,0.85755,0.04629,1.30968,0.9646,0.0373,,0.00489,0.05212,0.575
5,46,hybrid,HYBRID_ALPHA0.3_BETA0.7,0.3,0.7,50,1.0,1.06938,0.86685,0.04462,1.22429,0.94206,0.03465,,0.00484,0.04876,0.55
5,46,hybrid,HYBRID_ALPHA0.4_BETA0.6,0.4,0.6,50,1.0,1.07084,0.86817,0.04182,1.25428,0.94719,0.03418,,0.00517,0.04932,0.6
5,46,hybrid,HYBRID_ALPHA0.5_BETA0.5,0.5,0.5,50,1.0,1.11252,0.88767,0.04166,1.33024,0.97323,0.02694,,0.00368,0.0626,0.55
5,46,hybrid,HYBRID_ALPHA0.6_BETA0.4,0.6,0.4,50,1.0,1.19474,0.91484,0.03984,1.25822,0.9604,0.01387,,0.00255,0.06044,0.55
5,46,hybrid,HYBRID_ALPHA0.7_BETA0.3,0.7,0.3,50,1.0,1.08294,0.87991,0.04207,1.24464,0.95585,0.01749,,0.00287,0.05794,0.575
5,46,hybrid,HYBRID_ALPHA0.8_BETA0.2,0.8,0.2,50,1.0,1.20437,0.92218,0.04377,1.27015,0.96375,0.01972,,0.00294,0.05689,0.575
5,46,hybrid,HYBRID_ALPHA0.9_BETA0.1,0.9,0.1,50,1.0,1.21885,0.929,0.04347,1.20735,0.94568,0.0272,,0.00285,0.04762,0.575
5,46,hybrid,HYBRID_ALPHA0.1_BETA0.9,0.1,0.9,50,0.0,1.03358,0.85487,0.04906,1.2235,0.92821,0.04525,,0.00479,0.01314,0.575
5,46,hybrid,HYBRID_ALPHA0.2_BETA0.8,0.2,0.8,50,0.0,1.04337,0.85755,0.04629,1.16553,0.91668,0.051,,0.00475,0.01375,0.575
5,46,hybrid,HYBRID_ALPHA0.3_BETA0.7,0.3,0.7,50,0.0,1.06938,0.86685,0.04462,1.21127,0.93251,0.06796,,0.00518,0.01583,0.575
5,46,hybrid,HYBRID_ALPHA0.4_BETA0.6,0.4,0.6,50,0.0,1.07084,0.86817,0.04182,1.2167,0.93045,0.0712,,0.00585,0.01754,0.6
5,46,hybrid,HYBRID_ALPHA0.5_BETA0.5,0.5,0.5,50,0.0,1.11252,0.88767,0.04166,1.18985,0.92918,0.06072,,0.00408,0.01818,0.65
5,46,hybrid,HYBRID_ALPHA0.6_BETA0.4,0.6,0.4,50,0.0,1.19474,0.91484,0.03984,1.33618,0.97433,0.10372,,0.00656,0.02599,0.6
5,46,hybrid,HYBRID_ALPHA0.7_BETA0.3,0.7,0.3,50,0.0,1.08294,0.87991,0.04207,1.43748,1.00417,0.1314,,0.00834,0.02677,0.625
5,46,hybrid,HYBRID_ALPHA0.8_BETA0.2,0.8,0.2,50,0.0,1.20437,0.92218,0.04377,1.37801,0.98631,0.12342,,0.00796,0.02605,0.65
5,46,hybrid,HYBRID_ALPHA0.9_BETA0.1,0.9,0.1,50,0.0,1.21885,0.929,0.04347,1.54423,1.03254,0.14768,,0.00842,0.03053,0.5
5,46,hybrid,HYBRID_ALPHA0.1_BETA0.9,0.1,0.9,100,1.0,1.56068,1.03034,0.19323,1.4735,1.00916,0.12286,,0.00708,0.05097,0.625
5,46,hybrid,HYBRID_ALPHA0.2_BETA0.8,0.2,0.8,100,1.0,1.56032,1.0302,0.19312,1.28756,0.95009,0.08771,,0.01057,0.01629,0.675
5,46,hybrid,HYBRID_ALPHA0.3_BETA0.7,0.3,0.7,100,1.0,1.56014,1.03015,0.19309,1.20235,0.91899,0.06507,,0.0089,0.01428,0.675
5,46,hybrid,HYBRID_ALPHA0.4_BETA0.6,0.4,0.6,100,1.0,1.55964,1.03002,0.19299,1.35318,0.96097,0.04211,,0.00733,0.0188,0.625
5,46,hybrid,HYBRID_ALPHA0.5_BETA0.5,0.5,0.5,100,1.0,1.55964,1.03002,0.19299,1.36812,0.97211,0.06845,,0.00978,0.01819,0.625
5,46,hybrid,HYBRID_ALPHA0.6_BETA0.4,0.6,0.4,100,1.0,1.55964,1.03002,0.19299,1.37607,0.97509,0.06658,,0.00976,0.01751,0.7
5,46,hybrid,HYBRID_ALPHA0.7_BETA0.3,0.7,0.3,100,1.0,1.55964,1.03002,0.19299,1.42566,0.9881,0.06775,,0.01001,0.01624,0.675
5,46,hybrid,HYBRID_ALPHA0.8_BETA0.2,0.8,0.2,100,1.0,1.55964,1.03002,0.19299,1.39679,0.97965,0.0689,,0.01017,0.01639,0.625
5,46,hybrid,HYBRID_ALPHA0.9_BETA0.1,0.9,0.1,100,1.0,1.55961,1.03001,0.19298,1.36523,0.96391,0.05709,,0.00912,0.01647,0.625
5,46,hybrid,HYBRID_ALPHA0.1_BETA0.9,0.1,0.9,100,0.0,1.56068,1.03034,0.19323,2.66095,1.30026,0.12267,,0.00709,0.10164,0.8
5,46,hybrid,HYBRID_ALPHA0.2_BETA0.8,0.2,0.8,100,0.0,1.56032,1.0302,0.19312,1.13532,0.90173,0.05781,,0.00868,0.02856,0.575
5,46,hybrid,HYBRID_ALPHA0.3_BETA0.7,0.3,0.7,100,0.0,1.56014,1.03015,0.19309,1.10418,0.8982,0.04428,,0.00738,0.02682,0.575
5,46,hybrid,HYBRID_ALPHA0.4_BETA0.6,0.4,0.6,100,0.0,1.55964,1.03002,0.19299,1.35846,0.97048,0.11016,,0.01272,0.05211,0.6
5,46,hybrid,HYBRID_ALPHA0.5_BETA0.5,0.5,0.5,100,0.0,1.55964,1.03002,0.19299,1.23725,0.93645,0.0827,,0.01104,0.03324,0.575
5,46,hybrid,HYBRID_ALPHA0.6_BETA0.4,0.6,0.4,100,0.0,1.55964,1.03002,0.19299,1.26249,0.94602,0.07936,,0.01079,0.02987,0.575
5,46,hybrid,HYBRID_ALPHA0.7_BETA0.3,0.7,0.3,100,0.0,1.55964,1.03002,0.19299,1.29078,0.95446,0.08277,,0.01105,0.02964,0.575
5,46,hybrid,HYBRID_ALPHA0.8_BETA0.2,0.8,0.2,100,0.0,1.55964,1.03002,0.19299,1.25473,0.93922,0.06844,,0.00969,0.02429,0.6
5,46,hybrid,HYBRID_ALPHA0.9_BETA0.1,0.9,0.1,100,0.0,1.55961,1.03001,0.19298,1.25722,0.94044,0.06236,,0.0091,0.02341,0.625
5,46,hybrid,HYBRID_ALPHA0.1_BETA0.9,0.1,0.9,300,1.0,0.92823,0.82067,0.02041,1.01885,0.87714,0.02418,,0.00523,0.01084,0.5
5,46,hybrid,HYBRID_ALPHA0.2_BETA0.8,0.2,0.8,300,1.0,0.92471,0.82031,0.01979,1.32034,0.94229,0.04692,,0.00586,0.00947,0.6
5,46,hybrid,HYBRID_ALPHA0.3_BETA0.7,0.3,0.7,300,1.0,0.92318,0.82024,0.01963,1.25598,0.92529,0.0449,,0.00582,0.00929,0.625
5,46,hybrid,HYBRID_ALPHA0.4_BETA0.6,0.4,0.6,300,1.0,0.92289,0.81982,0.01869,1.16703,0.90383,0.03832,,0.00561,0.00879,0.6
5,46,hybrid,HYBRID_ALPHA0.5_BETA0.5,0.5,0.5,300,1.0,0.91999,0.81781,0.01787,1.12296,0.89615,0.0349,,0.00545,0.00846,0.525
5,46,hybrid,HYBRID_ALPHA0.6_BETA0.4,0.6,0.4,300,1.0,0.91718,0.8163,0.01718,1.04303,0.88523,0.02775,,0.00565,0.01047,0.6
5,46,hybrid,HYBRID_ALPHA0.7_BETA0.3,0.7,0.3,300,1.0,0.91508,0.81496,0.01666,1.01245,0.87924,0.01734,,0.00399,0.01016,0.525
5,46,hybrid,HYBRID_ALPHA0.8_BETA0.2,0.8,0.2,300,1.0,0.91334,0.81373,0.0163,1.01354,0.87967,0.01813,,0.00419,0.01045,0.525
5,46,hybrid,HYBRID_ALPHA0.9_BETA0.1,0.9,0.1,300,1.0,0.91221,0.81281,0.01604,1.05624,0.89185,0.0295,,0.00582,0.01041,0.575
5,46,hybrid,HYBRID_ALPHA0.1_BETA0.9,0.1,0.9,300,0.0,0.92823,0.82067,0.02041,1.03422,0.87617,0.02468,,0.00531,0.00982,0.55
5,46,hybrid,HYBRID_ALPHA0.2_BETA0.8,0.2,0.8,300,0.0,0.92471,0.82031,0.01979,2.06238,1.13618,0.08523,,0.00587,0.03076,0.575
5,46,hybrid,HYBRID_ALPHA0.3_BETA0.7,0.3,0.7,300,0.0,0.92318,0.82024,0.01963,1.89798,1.09671,0.08259,,0.00577,0.02847,0.625
5,46,hybrid,HYBRID_ALPHA0.4_BETA0.6,0.4,0.6,300,0.0,0.92289,0.81982,0.01869,1.66485,1.04347,0.07099,,0.00519,0.02399,0.65
5,46,hybrid,HYBRID_ALPHA0.5_BETA0.5,0.5,0.5,300,0.0,0.91999,0.81781,0.01787,1.54299,1.01449,0.06569,,0.00493,0.02166,0.675
5,46,hybrid,HYBRID_ALPHA0.6_BETA0.4,0.6,0.4,300,0.0,0.91718,0.8163,0.01718,1.05336,0.88673,0.03073,,0.00606,0.01089,0.55
5,46,hybrid,HYBRID_ALPHA0.7_BETA0.3,0.7,0.3,300,0.0,0.91508,0.81496,0.01666,1.11276,0.8999,0.02201,,0.00365,0.01148,0.55
5,46,hybrid,HYBRID_ALPHA0.8_BETA0.2,0.8,0.2,300,0.0,0.91334,0.81373,0.0163,1.08953,0.89561,0.02157,,0.00379,0.01091,0.5
5,46,hybrid,HYBRID_ALPHA0.9_BETA0.1,0.9,0.1,300,0.0,0.91221,0.81281,0.01604,1.07146,0.89222,0.03219,,0.00626,0.01096,0.525
5,46,hybrid,HYBRID_ALPHA0.1_BETA0.9,0.1,0.9,500,1.0,0.92556,0.81648,0.01162,0.98146,0.85497,0.035,,0.0063,0.01373,0.575
5,46,hybrid,HYBRID_ALPHA0.2_BETA0.8,0.2,0.8,500,1.0,0.91821,0.81132,0.01169,1.30706,0.93561,0.04369,,0.00623,0.01104,0.575
5,46,hybrid,HYBRID_ALPHA0.3_BETA0.7,0.3,0.7,500,1.0,0.92199,0.81157,0.01176,1.21192,0.91034,0.03928,,0.00599,0.01103,0.525
5,46,hybrid,HYBRID_ALPHA0.4_BETA0.6,0.4,0.6,500,1.0,0.92483,0.81187,0.01162,1.12194,0.8904,0.036,,0.0063,0.00974,0.625
5,46,hybrid,HYBRID_ALPHA0.5_BETA0.5,0.5,0.5,500,1.0,0.92619,0.81168,0.01156,1.08122,0.88244,0.03349,,0.00617,0.00966,0.6
5,46,hybrid,HYBRID_ALPHA0.6_BETA0.4,0.6,0.4,500,1.0,0.92573,0.81076,0.01143,0.9912,0.86341,0.03088,,0.00587,0.01299,0.55
5,46,hybrid,HYBRID_ALPHA0.7_BETA0.3,0.7,0.3,500,1.0,0.93524,0.81412,0.01116,0.99181,0.86426,0.03063,,0.00583,0.01281,0.525
5,46,hybrid,HYBRID_ALPHA0.8_BETA0.2,0.8,0.2,500,1.0,0.92787,0.80863,0.01083,0.99149,0.86448,0.03022,,0.00577,0.01276,0.525
5,46,hybrid,HYBRID_ALPHA0.9_BETA0.1,0.9,0.1,500,1.0,0.92899,0.80826,0.01063,0.99071,0.86441,0.02989,,0.00573,0.01276,0.55
5,46,hybrid,HYBRID_ALPHA0.1_BETA0.9,0.1,0.9,500,0.0,0.92556,0.81648,0.01162,1.03434,0.86671,0.04369,,0.00727,0.01327,0.55
5,46,hybrid,HYBRID_ALPHA0.2_BETA0.8,0.2,0.8,500,0.0,0.91821,0.81132,0.01169,1.92222,1.10052,0.07302,,0.00539,0.02257,0.625
5,46,hybrid,HYBRID_ALPHA0.3_BETA0.7,0.3,0.7,500,0.0,0.92199,0.81157,0.01176,1.75431,1.06054,0.06781,,0.00513,0.02264,0.7
5,46,hybrid,HYBRID_ALPHA0.4_BETA0.6,0.4,0.6,500,0.0,0.92483,0.81187,0.01162,1.4076,0.97413,0.05309,,0.00484,0.01868,0.65
5,46,hybrid,HYBRID_ALPHA0.5_BETA0.5,0.5,0.5,500,0.0,0.92619,0.81168,0.01156,1.29082,0.94199,0.0448,,0.0047,0.01686,0.65
5,46,hybrid,HYBRID_ALPHA0.6_BETA0.4,0.6,0.4,500,0.0,0.92573,0.81076,0.01143,1.04959,0.87706,0.03553,,0.00642,0.01442,0.6
5,46,hybrid,HYBRID_ALPHA0.7_BETA0.3,0.7,0.3,500,0.0,0.93524,0.81412,0.01116,1.05698,0.88015,0.03539,,0.00636,0.01466,0.6
5,46,hybrid,HYBRID_ALPHA0.8_BETA0.2,0.8,0.2,500,0.0,0.92787,0.80863,0.01083,1.06077,0.88146,0.03561,,0.00636,0.01468,0.575
5,46,hybrid,HYBRID_ALPHA0.9_BETA0.1,0.9,0.1,500,0.0,0.92899,0.80826,0.01063,1.06355,0.88178,0.03604,,0.00639,0.01448,0.55
5,46,mse,MSE,1.0,0.0,50,1.0,1.22642,0.92887,0.03815,1.21079,0.94381,0.04828,,0.00407,0.03324,0.55
5,46,mse,MSE,1.0,0.0,50,0.0,1.22642,0.92887,0.03815,1.46302,1.01028,0.16164,,0.01027,0.02712,0.65
5,46,mse,MSE,1.0,0.0,100,1.0,1.55959,1.03,0.19297,1.36991,0.96263,0.04704,,0.00816,0.01597,0.65
5,46,mse,MSE,1.0,0.0,100,0.0,1.55959,1.03,0.19297,1.26935,0.94654,0.0603,,0.00885,0.02503,0.575
5,46,mse,MSE,1.0,0.0,300,1.0,0.91108,0.81227,0.01587,1.05947,0.8932,0.03052,,0.00594,0.01041,0.6
5,46,mse,MSE,1.0,0.0,300,0.0,0.91108,0.81227,0.01587,1.0761,0.89306,0.03307,,0.00638,0.01115,0.525
5,46,mse,MSE,1.0,0.0,500,1.0,0.93131,0.80713,0.00948,0.9931,0.87137,0.01571,,0.00369,0.01292,0.525
5,46,mse,MSE,1.0,0.0,500,0.0,0.93131,0.80713,0.00948,1.10453,0.89902,0.02592,,0.00358,0.01444,0.6
6,47,hsic,HSIC,0.0,1.0,50,1.0,1.20064,0.89435,0.01328,1.49116,1.01537,0.13507,,0.00767,0.08514,0.575
6,47,hsic,HSIC,0.0,1.0,50,0.0,1.20064,0.89435,0.01328,2.62384,1.29341,0.1409,,0.00797,0.13834,0.675
6,47,hsic,HSIC,0.0,1.0,100,1.0,1.27227,0.93889,0.06998,1.51153,1.01848,0.1281,,0.00731,0.10258,0.625
6,47,hsic,HSIC,0.0,1.0,100,0.0,1.27227,0.93889,0.06998,2.66025,1.30244,0.13107,,0.00746,0.17809,0.7
6,47,hsic,HSIC,0.0,1.0,300,1.0,1.07063,0.86434,0.0196,1.48297,1.01232,0.12668,,0.00724,0.09129,0.675
6,47,hsic,HSIC,0.0,1.0,300,0.0,1.07063,0.86434,0.0196,2.62704,1.29349,0.13086,,0.00745,0.17342,0.775
6,47,hsic,HSIC,0.0,1.0,500,1.0,1.09935,0.86741,0.00865,1.78515,1.08469,0.03343,,0.00506,0.01241,0.575
6,47,hsic,HSIC,0.0,1.0,500,0.0,1.09935,0.86741,0.00865,2.34013,1.21297,0.05574,,0.00445,0.03051,0.65
6,47,hybrid,HYBRID_ALPHA0.1_BETA0.9,0.1,0.9,50,1.0,1.10743,0.86294,0.01068,1.14157,0.88526,0.09132,,0.00906,0.00874,0.625
6,47,hybrid,HYBRID_ALPHA0.2_BETA0.8,0.2,0.8,50,1.0,1.06102,0.86951,0.00915,1.11899,0.89485,0.03933,,0.00701,0.00794,0.525
6,47,hybrid,HYBRID_ALPHA0.3_BETA0.7,0.3,0.7,50,1.0,1.07341,0.87585,0.00892,1.16824,0.89121,0.09051,,0.00951,0.01735,0.625
6,47,hybrid,HYBRID_ALPHA0.4_BETA0.6,0.4,0.6,50,1.0,1.06966,0.88136,0.00919,1.02171,0.86187,0.04804,,0.00734,0.01098,0.6
6,47,hybrid,HYBRID_ALPHA0.5_BETA0.5,0.5,0.5,50,1.0,1.08774,0.89062,0.01017,1.04129,0.8672,0.04035,,0.00726,0.00757,0.525
6,47,hybrid,HYBRID_ALPHA0.6_BETA0.4,0.6,0.4,50,1.0,1.07475,0.87962,0.04346,1.03863,0.86333,0.03666,,0.00692,0.00715,0.525
6,47,hybrid,HYBRID_ALPHA0.7_BETA0.3,0.7,0.3,50,1.0,1.14526,0.90547,0.05652,1.03464,0.85999,0.03435,,0.0067,0.00761,0.5
6,47,hybrid,HYBRID_ALPHA0.8_BETA0.2,0.8,0.2,50,1.0,1.16817,0.912,0.07181,1.03707,0.85698,0.07051,,0.00926,0.01962,0.65
6,47,hybrid,HYBRID_ALPHA0.9_BETA0.1,0.9,0.1,50,1.0,1.26552,0.94441,0.13444,1.04718,0.86351,0.07421,,0.00946,0.02006,0.65
6,47,hybrid,HYBRID_ALPHA0.1_BETA0.9,0.1,0.9,50,0.0,1.10743,0.86294,0.01068,0.94966,0.8364,0.03646,,0.00592,0.00793,0.5
6,47,hybrid,HYBRID_ALPHA0.2_BETA0.8,0.2,0.8,50,0.0,1.06102,0.86951,0.00915,1.27926,0.94073,0.02287,,0.00409,0.00888,0.6
6,47,hybrid,HYBRID_ALPHA0.3_BETA0.7,0.3,0.7,50,0.0,1.07341,0.87585,0.00892,0.93075,0.84013,0.03093,,0.00595,0.013,0.525
6,47,hybrid,HYBRID_ALPHA0.4_BETA0.6,0.4,0.6,50,0.0,1.06966,0.88136,0.00919,1.01408,0.86501,0.01738,,0.00425,0.01472,0.575
6,47,hybrid,HYBRID_ALPHA0.5_BETA0.5,0.5,0.5,50,0.0,1.08774,0.89062,0.01017,1.15665,0.9036,0.03438,,0.00492,0.01028,0.575
6,47,hybrid,HYBRID_ALPHA0.6_BETA0.4,0.6,0.4,50,0.0,1.07475,0.87962,0.04346,1.15168,0.9019,0.03928,,0.00498,0.01068,0.575
6,47,hybrid,HYBRID_ALPHA0.7_BETA0.3,0.7,0.3,50,0.0,1.14526,0.90547,0.05652,1.14208,0.89943,0.0413,,0.00506,0.01194,0.55
6,47,hybrid,HYBRID_ALPHA0.8_BETA0.2,0.8,0.2,50,0.0,1.16817,0.912,0.07181,0.96834,0.83539,0.03649,,0.00672,0.02916,0.525
6,47,hybrid,HYBRID_ALPHA0.9_BETA0.1,0.9,0.1,50,0.0,1.26552,0.94441,0.13444,0.97445,0.83783,0.04005,,0.007,0.02924,0.55
6,47,hybrid,HYBRID_ALPHA0.1_BETA0.9,0.1,0.9,100,1.0,1.22694,0.92941,0.07926,1.24301,0.93593,0.06922,,0.00995,0.01057,0.525
6,47,hybrid,HYBRID_ALPHA0.2_BETA0.8,0.2,0.8,100,1.0,1.21157,0.92879,0.08575,1.63437,1.03195,0.04631,,0.00607,0.01109,0.625
6,47,hybrid,HYBRID_ALPHA0.3_BETA0.7,0.3,0.7,100,1.0,1.15925,0.91497,0.07925,1.16462,0.90948,0.0738,,0.01021,0.00962,0.5
6,47,hybrid,HYBRID_ALPHA0.4_BETA0.6,0.4,0.6,100,1.0,1.14193,0.90784,0.08458,1.27719,0.93748,0.04832,,0.00791,0.01065,0.5
6,47,hybrid,HYBRID_ALPHA0.5_BETA0.5,0.5,0.5,100,1.0,1.1432,0.9109,0.08246,1.20562,0.91589,0.04445,,0.00765,0.01009,0.55
6,47,hybrid,HYBRID_ALPHA0.6_BETA0.4,0.6,0.4,100,1.0,1.14712,0.91411,0.08112,1.2076,0.91248,0.03778,,0.00668,0.01034,0.5
6,47,hybrid,HYBRID_ALPHA0.7_BETA0.3,0.7,0.3,100,1.0,1.15,0.91571,0.07969,1.0731,0.87638,0.03577,,0.00699,0.00974,0.55
6,47,hybrid,HYBRID_ALPHA0.8_BETA0.2,0.8,0.2,100,1.0,1.16363,0.91942,0.07532,1.12775,0.89098,0.0337,,0.00641,0.01025,0.575
6,47,hybrid,HYBRID_ALPHA0.9_BETA0.1,0.9,0.1,100,1.0,1.16469,0.91962,0.0727,1.12198,0.8878,0.03334,,0.0064,0.01028,0.5
6,47,hybrid,HYBRID_ALPHA0.1_BETA0.9,0.1,0.9,100,0.0,1.22694,0.92941,0.07926,1.16482,0.91286,0.0594,,0.0091,0.01386,0.525
6,47,hybrid,HYBRID_ALPHA0.2_BETA0.8,0.2,0.8,100,0.0,1.21157,0.92879,0.08575,2.19281,1.16915,0.07142,,0.00527,0.02801,0.6
6,47,hybrid,HYBRID_ALPHA0.3_BETA0.7,0.3,0.7,100,0.0,1.15925,0.91497,0.07925,1.12139,0.89986,0.05334,,0.00854,0.01344,0.525
6,47,hybrid,HYBRID_ALPHA0.4_BETA0.6,0.4,0.6,100,0.0,1.14193,0.90784,0.08458,1.38144,0.96329,0.03899,,0.00513,0.01787,0.625
6,47,hybrid,HYBRID_ALPHA0.5_BETA0.5,0.5,0.5,100,0.0,1.1432,0.9109,0.08246,1.27111,0.93265,0.03602,,0.00515,0.01491,0.6
6,47,hybrid,HYBRID_ALPHA0.6_BETA0.4,0.6,0.4,100,0.0,1.14712,0.91411,0.08112,1.3257,0.95345,0.04153,,0.00459,0.01678,0.7
6,47,hybrid,HYBRID_ALPHA0.7_BETA0.3,0.7,0.3,100,0.0,1.15,0.91571,0.07969,1.10401,0.8908,0.02844,,0.00551,0.01191,0.575
6,47,hybrid,HYBRID_ALPHA0.8_BETA0.2,0.8,0.2,100,0.0,1.16363,0.91942,0.07532,1.18881,0.91508,0.03417,,0.00454,0.01394,0.625
6,47,hybrid,HYBRID_ALPHA0.9_BETA0.1,0.9,0.1,100,0.0,1.16469,0.91962,0.0727,1.18549,0.91283,0.03465,,0.0047,0.01408,0.6
6,47,hybrid,HYBRID_ALPHA0.1_BETA0.9,0.1,0.9,300,1.0,1.01081,0.84974,0.02472,1.42392,0.96958,0.04748,,0.00589,0.01021,0.5
6,47,hybrid,HYBRID_ALPHA0.2_BETA0.8,0.2,0.8,300,1.0,1.00783,0.84661,0.02041,1.29654,0.93683,0.0475,,0.00583,0.01031,0.55
6,47,hybrid,HYBRID_ALPHA0.3_BETA0.7,0.3,0.7,300,1.0,1.00659,0.84625,0.01954,1.23916,0.92449,0.04694,,0.0057,0.01031,0.5
6,47,hybrid,HYBRID_ALPHA0.4_BETA0.6,0.4,0.6,300,1.0,1.01112,0.8479,0.01859,1.00277,0.8745,0.02614,,0.00549,0.01525,0.625
6,47,hybrid,HYBRID_ALPHA0.5_BETA0.5,0.5,0.5,300,1.0,0.99792,0.8416,0.01616,1.00773,0.87573,0.02597,,0.00541,0.01585,0.55
6,47,hybrid,HYBRID_ALPHA0.6_BETA0.4,0.6,0.4,300,1.0,0.9966,0.84135,0.016,1.00557,0.87496,0.02573,,0.00534,0.01551,0.575
6,47,hybrid,HYBRID_ALPHA0.7_BETA0.3,0.7,0.3,300,1.0,0.99407,0.84046,0.0158,1.00544,0.87487,0.0254,,0.00526,0.01535,0.575
6,47,hybrid,HYBRID_ALPHA0.8_BETA0.2,0.8,0.2,300,1.0,0.99337,0.84196,0.01594,1.00553,0.87489,0.02506,,0.00519,0.01522,0.6
6,47,hybrid,HYBRID_ALPHA0.9_BETA0.1,0.9,0.1,300,1.0,0.98797,0.83881,0.01548,1.00649,0.87539,0.02416,,0.00505,0.01527,0.625
6,47,hybrid,HYBRID_ALPHA0.1_BETA0.9,0.1,0.9,300,0.0,1.01081,0.84974,0.02472,2.21801,1.1753,0.08225,,0.00567,0.02602,0.7
6,47,hybrid,HYBRID_ALPHA0.2_BETA0.8,0.2,0.8,300,0.0,1.00783,0.84661,0.02041,2.01516,1.1269,0.08493,,0.00577,0.02806,0.7
6,47,hybrid,HYBRID_ALPHA0.3_BETA0.7,0.3,0.7,300,0.0,1.00659,0.84625,0.01954,1.8948,1.09945,0.08595,,0.00579,0.02905,0.7
6,47,hybrid,HYBRID_ALPHA0.4_BETA0.6,0.4,0.6,300,0.0,1.01112,0.8479,0.01859,1.07763,0.86693,0.02772,,0.00569,0.01701,0.575
6,47,hybrid,HYBRID_ALPHA0.5_BETA0.5,0.5,0.5,300,0.0,0.99792,0.8416,0.01616,1.08943,0.87113,0.0264,,0.00549,0.01866,0.575
6,47,hybrid,HYBRID_ALPHA0.6_BETA0.4,0.6,0.4,300,0.0,0.9966,0.84135,0.016,1.09,0.87214,0.02567,,0.00537,0.01887,0.575
6,47,hybrid,HYBRID_ALPHA0.7_BETA0.3,0.7,0.3,300,0.0,0.99407,0.84046,0.0158,1.09394,0.87363,0.02457,,0.00521,0.01936,0.525
6,47,hybrid,HYBRID_ALPHA0.8_BETA0.2,0.8,0.2,300,0.0,0.99337,0.84196,0.01594,1.09792,0.87505,0.02356,,0.00506,0.0198,0.6
6,47,hybrid,HYBRID_ALPHA0.9_BETA0.1,0.9,0.1,300,0.0,0.98797,0.83881,0.01548,1.1047,0.87704,0.02152,,0.00477,0.02056,0.5
6,47,hybrid,HYBRID_ALPHA0.1_BETA0.9,0.1,0.9,500,1.0,0.92288,0.81859,0.00781,1.32493,0.95559,0.05487,,0.00499,0.0152,0.625
6,47,hybrid,HYBRID_ALPHA0.2_BETA0.8,0.2,0.8,500,1.0,0.92448,0.81905,0.00749,1.31288,0.9521,0.05418,,0.00497,0.0149,0.65
6,47,hybrid,HYBRID_ALPHA0.3_BETA0.7,0.3,0.7,500,1.0,0.92117,0.81811,0.00749,1.29892,0.94827,0.05397,,0.00495,0.01463,0.625
6,47,hybrid,HYBRID_ALPHA0.4_BETA0.6,0.4,0.6,500,1.0,0.91774,0.81721,0.0075,1.28931,0.94608,0.05431,,0.00493,0.01458,0.625
6,47,hybrid,HYBRID_ALPHA0.5_BETA0.5,0.5,0.5,500,1.0,0.91415,0.81642,0.00753,1.27763,0.94312,0.05437,,0.00493,0.01435,0.675
6,47,hybrid,HYBRID_ALPHA0.6_BETA0.4,0.6,0.4,500,1.0,0.91159,0.81571,0.00763,1.26515,0.9398,0.05431,,0.00492,0.01419,0.65
6,47,hybrid,HYBRID_ALPHA0.7_BETA0.3,0.7,0.3,500,1.0,0.90736,0.81391,0.00755,1.24475,0.93429,0.05385,,0.00491,0.01382,0.675
6,47,hybrid,HYBRID_ALPHA0.8_BETA0.2,0.8,0.2,500,1.0,0.90936,0.81505,0.00757,1.21421,0.92628,0.05321,,0.0049,0.01329,0.625
6,47,hybrid,HYBRID_ALPHA0.9_BETA0.1,0.9,0.1,500,1.0,0.89592,0.8083,0.0078,1.20434,0.92412,0.05339,,0.00492,0.01321,0.65
6,47,hybrid,HYBRID_ALPHA0.1_BETA0.9,0.1,0.9,500,0.0,0.92288,0.81859,0.00781,1.97603,1.12173,0.0913,,0.00586,0.0531,0.675
6,47,hybrid,HYBRID_ALPHA0.2_BETA0.8,0.2,0.8,500,0.0,0.92448,0.81905,0.00749,1.95462,1.11654,0.09015,,0.00581,0.0521,0.675
6,47,hybrid,HYBRID_ALPHA0.3_BETA0.7,0.3,0.7,500,0.0,0.92117,0.81811,0.00749,1.94413,1.11428,0.09038,,0.00582,0.0522,0.7
6,47,hybrid,HYBRID_ALPHA0.4_BETA0.6,0.4,0.6,500,0.0,0.91774,0.81721,0.0075,1.92742,1.11058,0.09086,,0.00584,0.0521,0.65
6,47,hybrid,HYBRID_ALPHA0.5_BETA0.5,0.5,0.5,500,0.0,0.91415,0.81642,0.00753,1.88374,1.10009,0.09056,,0.00583,0.04958,0.625
6,47,hybrid,HYBRID_ALPHA0.6_BETA0.4,0.6,0.4,500,0.0,0.91159,0.81571,0.00763,1.83765,1.08896,0.09077,,0.00584,0.04692,0.65
6,47,hybrid,HYBRID_ALPHA0.7_BETA0.3,0.7,0.3,500,0.0,0.90736,0.81391,0.00755,1.7922,1.07799,0.0912,,0.00587,0.04413,0.6
6,47,hybrid,HYBRID_ALPHA0.8_BETA0.2,0.8,0.2,500,0.0,0.90936,0.81505,0.00757,1.75194,1.06835,0.09146,,0.00589,0.04167,0.625
6,47,hybrid,HYBRID_ALPHA0.9_BETA0.1,0.9,0.1,500,0.0,0.89592,0.8083,0.0078,1.76393,1.07117,0.0919,,0.00592,0.04255,0.575
6,47,mse,MSE,1.0,0.0,50,1.0,1.2202,0.93092,0.12893,1.0538,0.86782,0.07324,,0.0088,0.02104,0.675
6,47,mse,MSE,1.0,0.0,50,0.0,1.2202,0.93092,0.12893,0.97288,0.83604,0.04171,,0.00697,0.03221,0.55
6,47,mse,MSE,1.0,0.0,100,1.0,1.15792,0.91635,0.06915,1.12538,0.88869,0.03533,,0.00661,0.01012,0.55
6,47,mse,MSE,1.0,0.0,100,0.0,1.15792,0.91635,0.06915,1.23006,0.92418,0.03847,,0.00479,0.01574,0.675
6,47,mse,MSE,1.0,0.0,300,1.0,0.99455,0.84317,0.01574,1.00262,0.87426,0.02379,,0.00499,0.01479,0.525
6,47,mse,MSE,1.0,0.0,300,0.0,0.99455,0.84317,0.01574,1.10714,0.87774,0.02111,,0.00471,0.02058,0.55
6,47,mse,MSE,1.0,0.0,500,1.0,0.89903,0.81076,0.00797,1.16401,0.91202,0.0472,,0.00478,0.01318,0.675
6,47,mse,MSE,1.0,0.0,500,0.0,0.89903,0.81076,0.00797,1.64138,1.04077,0.08831,,0.00577,0.03746,0.675
7,48,hsic,HSIC,0.0,1.0,50,1.0,1.30185,0.93592,0.03641,1.52209,1.02315,0.14303,,0.00809,0.06571,0.625
7,48,hsic,HSIC,0.0,1.0,50,0.0,1.30185,0.93592,0.03641,2.70851,1.31761,0.1476,,0.0083,0.15543,0.65
7,48,hsic,HSIC,0.0,1.0,100,1.0,1.10045,0.86616,0.02608,1.54828,1.0277,0.124,,0.00707,0.06559,0.525
7,48,hsic,HSIC,0.0,1.0,100,0.0,1.10045,0.86616,0.02608,2.52631,1.26682,0.12343,,0.00705,0.13049,0.675
7,48,hsic,HSIC,0.0,1.0,300,1.0,1.27281,0.92226,0.01059,1.47352,1.01008,0.12618,,0.00722,0.07059,0.55
7,48,hsic,HSIC,0.0,1.0,300,0.0,1.27281,0.92226,0.01059,2.62479,1.29231,0.12731,,0.00728,0.13886,0.675
7,48,hsic,HSIC,0.0,1.0,500,1.0,1.21137,0.91123,0.02411,1.46365,1.00699,0.12461,,0.00719,0.07748,0.55
7,48,hsic,HSIC,0.0,1.0,500,0.0,1.21137,0.91123,0.02411,2.65826,1.29969,0.12478,,0.00721,0.15395,0.675
7,48,hybrid,HYBRID_ALPHA0.1_BETA0.9,0.1,0.9,50,1.0,1.05918,0.84006,0.05865,1.52221,1.02313,0.14277,,0.00808,0.06498,0.625
7,48,hybrid,HYBRID_ALPHA0.2_BETA0.8,0.2,0.8,50,1.0,1.11695,0.86631,0.06798,1.38833,0.97479,0.06211,,0.0049,0.02584,0.625
7,48,hybrid,HYBRID_ALPHA0.3_BETA0.7,0.3,0.7,50,1.0,1.09067,0.85768,0.06387,1.4302,0.97787,0.03217,,0.00596,0.02373,0.725
7,48,hybrid,HYBRID_ALPHA0.4_BETA0.6,0.4,0.6,50,1.0,1.12557,0.86798,0.06957,1.45443,0.98433,0.02923,,0.00541,0.02928,0.7
7,48,hybrid,HYBRID_ALPHA0.5_BETA0.5,0.5,0.5,50,1.0,1.11398,0.86191,0.05933,1.49519,0.9957,0.03065,,0.00506,0.03407,0.75
7,48,hybrid,HYBRID_ALPHA0.6_BETA0.4,0.6,0.4,50,1.0,1.10679,0.85835,0.05952,1.52401,1.00217,0.03573,,0.00494,0.03644,0.825
7,48,hybrid,HYBRID_ALPHA0.7_BETA0.3,0.7,0.3,50,1.0,1.14034,0.8752,0.07012,1.51695,0.99922,0.03852,,0.00486,0.0365,0.8
7,48,hybrid,HYBRID_ALPHA0.8_BETA0.2,0.8,0.2,50,1.0,1.09778,0.85819,0.05663,1.51691,0.9988,0.04326,,0.00486,0.03655,0.75
7,48,hybrid,HYBRID_ALPHA0.9_BETA0.1,0.9,0.1,50,1.0,0.99023,0.82654,0.0355,1.52296,1.0013,0.04709,,0.00491,0.03775,0.75
7,48,hybrid,HYBRID_ALPHA0.1_BETA0.9,0.1,0.9,50,0.0,1.05918,0.84006,0.05865,2.70826,1.31755,0.14763,,0.0083,0.15471,0.65
7,48,hybrid,HYBRID_ALPHA0.2_BETA0.8,0.2,0.8,50,0.0,1.11695,0.86631,0.06798,2.04655,1.14231,0.09681,,0.00601,0.07755,0.625
7,48,hybrid,HYBRID_ALPHA0.3_BETA0.7,0.3,0.7,50,0.0,1.09067,0.85768,0.06387,1.42816,0.9831,0.06351,,0.00506,0.0251,0.7
7,48,hybrid,HYBRID_ALPHA0.4_BETA0.6,0.4,0.6,50,0.0,1.12557,0.86798,0.06957,1.37614,0.97246,0.07046,,0.00526,0.02408,0.65
7,48,hybrid,HYBRID_ALPHA0.5_BETA0.5,0.5,0.5,50,0.0,1.11398,0.86191,0.05933,1.36797,0.97309,0.07634,,0.00546,0.02429,0.725
7,48,hybrid,HYBRID_ALPHA0.6_BETA0.4,0.6,0.4,50,0.0,1.10679,0.85835,0.05952,1.41124,0.98414,0.07971,,0.00555,0.02662,0.65
7,48,hybrid,HYBRID_ALPHA0.7_BETA0.3,0.7,0.3,50,0.0,1.14034,0.8752,0.07012,1.44844,0.99459,0.08441,,0.00576,0.02837,0.7
7,48,hybrid,HYBRID_ALPHA0.8_BETA0.2,0.8,0.2,50,0.0,1.09778,0.85819,0.05663,1.46428,0.99971,0.08851,,0.00592,0.02921,0.675
7,48,hybrid,HYBRID_ALPHA0.9_BETA0.1,0.9,0.1,50,0.0,0.99023,0.82654,0.0355,1.45649,0.99881,0.08999,,0.00596,0.02934,0.7
7,48,hybrid,HYBRID_ALPHA0.1_BETA0.9,0.1,0.9,100,1.0,1.03691,0.86298,0.02992,1.30271,0.93725,0.02715,,0.00455,0.01061,0.55
7,48,hybrid,HYBRID_ALPHA0.2_BETA0.8,0.2,0.8,100,1.0,1.0562,0.86746,0.0347,1.21668,0.9118,0.03289,,0.00524,0.01123,0.575
7,48,hybrid,HYBRID_ALPHA0.3_BETA0.7,0.3,0.7,100,1.0,1.03435,0.85805,0.03244,1.12602,0.89538,0.03196,,0.00503,0.01163,0.575
7,48,hybrid,HYBRID_ALPHA0.4_BETA0.6,0.4,0.6,100,1.0,1.03716,0.85769,0.03256,1.08112,0.88684,0.03118,,0.00502,0.0118,0.525
7,48,hybrid,HYBRID_ALPHA0.5_BETA0.5,0.5,0.5,100,1.0,1.03105,0.85506,0.03105,1.04304,0.87877,0.02686,,0.0049,0.01128,0.55
7,48,hybrid,HYBRID_ALPHA0.6_BETA0.4,0.6,0.4,100,1.0,1.0272,0.85371,0.0296,1.01392,0.86767,0.02462,,0.00514,0.01089,0.575
7,48,hybrid,HYBRID_ALPHA0.7_BETA0.3,0.7,0.3,100,1.0,1.03383,0.85749,0.02948,1.01007,0.86677,0.02312,,0.00491,0.0111,0.575
7,48,hybrid,HYBRID_ALPHA0.8_BETA0.2,0.8,0.2,100,1.0,1.01962,0.85279,0.02776,0.99619,0.86235,0.02416,,0.00518,0.01314,0.625
7,48,hybrid,HYBRID_ALPHA0.9_BETA0.1,0.9,0.1,100,1.0,1.01364,0.85117,0.02643,1.0264,0.87232,0.02389,,0.00509,0.01589,0.625
7,48,hybrid,HYBRID_ALPHA0.1_BETA0.9,0.1,0.9,100,0.0,1.03691,0.86298,0.02992,1.51454,1.00836,0.0356,,0.00348,0.0148,0.65
7,48,hybrid,HYBRID_ALPHA0.2_BETA0.8,0.2,0.8,100,0.0,1.0562,0.86746,0.0347,1.63879,1.03825,0.06396,,0.00479,0.01854,0.6
7,48,hybrid,HYBRID_ALPHA0.3_BETA0.7,0.3,0.7,100,0.0,1.03435,0.85805,0.03244,1.4984,1.00382,0.06778,,0.00492,0.01966,0.625
7,48,hybrid,HYBRID_ALPHA0.4_BETA0.6,0.4,0.6,100,0.0,1.03716,0.85769,0.03256,1.4171,0.98348,0.07348,,0.00521,0.02062,0.65
7,48,hybrid,HYBRID_ALPHA0.5_BETA0.5,0.5,0.5,100,0.0,1.03105,0.85506,0.03105,1.31404,0.95782,0.06864,,0.00504,0.02098,0.65
7,48,hybrid,HYBRID_ALPHA0.6_BETA0.4,0.6,0.4,100,0.0,1.0272,0.85371,0.0296,1.19802,0.92132,0.05514,,0.00485,0.0201,0.65
7,48,hybrid,HYBRID_ALPHA0.7_BETA0.3,0.7,0.3,100,0.0,1.03383,0.85749,0.02948,1.18625,0.91762,0.05741,,0.00509,0.02009,0.675
7,48,hybrid,HYBRID_ALPHA0.8_BETA0.2,0.8,0.2,100,0.0,1.01962,0.85279,0.02776,1.11816,0.88429,0.04421,,0.0054,0.02172,0.75
7,48,hybrid,HYBRID_ALPHA0.9_BETA0.1,0.9,0.1,100,0.0,1.01364,0.85117,0.02643,1.12855,0.89415,0.05347,,0.00583,0.02155,0.6
7,48,hybrid,HYBRID_ALPHA0.1_BETA0.9,0.1,0.9,300,1.0,1.00429,0.85375,0.03725,1.00648,0.86112,0.02284,,0.00507,0.01192,0.55
7,48,hybrid,HYBRID_ALPHA0.2_BETA0.8,0.2,0.8,300,1.0,1.03645,0.86496,0.0421,1.30755,0.93838,0.04833,,0.00604,0.01068,0.525
7,48,hybrid,HYBRID_ALPHA0.3_BETA0.7,0.3,0.7,300,1.0,0.95725,0.83186,0.00903,1.23085,0.9211,0.04805,,0.00593,0.01061,0.525
7,48,hybrid,HYBRID_ALPHA0.4_BETA0.6,0.4,0.6,300,1.0,0.96028,0.83099,0.00897,1.1548,0.90175,0.04307,,0.00577,0.00906,0.55
7,48,hybrid,HYBRID_ALPHA0.5_BETA0.5,0.5,0.5,300,1.0,0.96988,0.83537,0.00887,1.11097,0.89478,0.04009,,0.00549,0.00957,0.575
7,48,hybrid,HYBRID_ALPHA0.6_BETA0.4,0.6,0.4,300,1.0,0.97195,0.83531,0.00947,0.96262,0.84842,0.02067,,0.00494,0.0135,0.525
7,48,hybrid,HYBRID_ALPHA0.7_BETA0.3,0.7,0.3,300,1.0,0.98303,0.83658,0.01263,0.96063,0.84776,0.021,,0.00501,0.01342,0.525
7,48,hybrid,HYBRID_ALPHA0.8_BETA0.2,0.8,0.2,300,1.0,0.99101,0.84377,0.02455,0.96008,0.84664,0.0211,,0.00504,0.01324,0.5
7,48,hybrid,HYBRID_ALPHA0.9_BETA0.1,0.9,0.1,300,1.0,0.99505,0.84511,0.02486,0.95904,0.84637,0.02118,,0.00507,0.01309,0.5
7,48,hybrid,HYBRID_ALPHA0.1_BETA0.9,0.1,0.9,300,0.0,1.00429,0.85375,0.03725,1.02167,0.87526,0.02199,,0.00497,0.02112,0.525
7,48,hybrid,HYBRID_ALPHA0.2_BETA0.8,0.2,0.8,300,0.0,1.03645,0.86496,0.0421,1.96933,1.11438,0.08281,,0.00573,0.02185,0.6
7,48,hybrid,HYBRID_ALPHA0.3_BETA0.7,0.3,0.7,300,0.0,0.95725,0.83186,0.00903,1.83108,1.08275,0.08644,,0.00589,0.02332,0.6
7,48,hybrid,HYBRID_ALPHA0.4_BETA0.6,0.4,0.6,300,0.0,0.96028,0.83099,0.00897,1.60161,1.02771,0.08616,,0.00598,0.02305,0.575
7,48,hybrid,HYBRID_ALPHA0.5_BETA0.5,0.5,0.5,300,0.0,0.96988,0.83537,0.00887,1.40906,0.98299,0.0835,,0.00583,0.01855,0.675
7,48,hybrid,HYBRID_ALPHA0.6_BETA0.4,0.6,0.4,300,0.0,0.97195,0.83531,0.00947,0.9754,0.85409,0.02912,,0.00601,0.01522,0.575
7,48,hybrid,HYBRID_ALPHA0.7_BETA0.3,0.7,0.3,300,0.0,0.98303,0.83658,0.01263,0.97217,0.85259,0.02967,,0.00609,0.01495,0.55
7,48,hybrid,HYBRID_ALPHA0.8_BETA0.2,0.8,0.2,300,0.0,0.99101,0.84377,0.02455,0.97365,0.85234,0.03107,,0.00623,0.01502,0.575
7,48,hybrid,HYBRID_ALPHA0.9_BETA0.1,0.9,0.1,300,0.0,0.99505,0.84511,0.02486,0.9709,0.85138,0.03118,,0.00624,0.01459,0.525
7,48,hybrid,HYBRID_ALPHA0.1_BETA0.9,0.1,0.9,500,1.0,0.948,0.82969,0.02219,1.12554,0.89969,0.03333,,0.005,0.01131,0.5
7,48,hybrid,HYBRID_ALPHA0.2_BETA0.8,0.2,0.8,500,1.0,0.95041,0.83185,0.02233,1.09766,0.89291,0.03013,,0.0047,0.01103,0.6
7,48,hybrid,HYBRID_ALPHA0.3_BETA0.7,0.3,0.7,500,1.0,0.9465,0.83002,0.02152,1.08813,0.89112,0.02829,,0.00432,0.0112,0.575
7,48,hybrid,HYBRID_ALPHA0.4_BETA0.6,0.4,0.6,500,1.0,0.94239,0.82776,0.02092,0.99329,0.86638,0.01736,,0.00426,0.0109,0.525
7,48,hybrid,HYBRID_ALPHA0.5_BETA0.5,0.5,0.5,500,1.0,0.93895,0.8257,0.02046,0.99114,0.86435,0.01663,,0.00416,0.01073,0.525
7,48,hybrid,HYBRID_ALPHA0.6_BETA0.4,0.6,0.4,500,1.0,0.93594,0.82383,0.02013,0.98989,0.8628,0.01605,,0.00408,0.01059,0.6
7,48,hybrid,HYBRID_ALPHA0.7_BETA0.3,0.7,0.3,500,1.0,0.93098,0.82153,0.02003,1.0343,0.87452,0.01803,,0.00321,0.01148,0.525
7,48,hybrid,HYBRID_ALPHA0.8_BETA0.2,0.8,0.2,500,1.0,0.92353,0.81888,0.01992,0.9904,0.86082,0.01504,,0.00394,0.01053,0.55
7,48,hybrid,HYBRID_ALPHA0.9_BETA0.1,0.9,0.1,500,1.0,0.91961,0.81638,0.01962,1.02552,0.86789,0.01528,,0.00289,0.01187,0.525
7,48,hybrid,HYBRID_ALPHA0.1_BETA0.9,0.1,0.9,500,0.0,0.948,0.82969,0.02219,1.67006,1.04106,0.04581,,0.00454,0.02929,0.65
7,48,hybrid,HYBRID_ALPHA0.2_BETA0.8,0.2,0.8,500,0.0,0.95041,0.83185,0.02233,1.56274,1.01398,0.04529,,0.00441,0.0277,0.675
7,48,hybrid,HYBRID_ALPHA0.3_BETA0.7,0.3,0.7,500,0.0,0.9465,0.83002,0.02152,1.51189,1.0032,0.04537,,0.00428,0.02639,0.65
7,48,hybrid,HYBRID_ALPHA0.4_BETA0.6,0.4,0.6,500,0.0,0.94239,0.82776,0.02092,1.02276,0.87203,0.01836,,0.00436,0.01161,0.6
7,48,hybrid,HYBRID_ALPHA0.5_BETA0.5,0.5,0.5,500,0.0,0.93895,0.8257,0.02046,1.01507,0.87007,0.01817,,0.00436,0.01165,0.525
7,48,hybrid,HYBRID_ALPHA0.6_BETA0.4,0.6,0.4,500,0.0,0.93594,0.82383,0.02013,1.01107,0.86919,0.0182,,0.00436,0.01179,0.525
7,48,hybrid,HYBRID_ALPHA0.7_BETA0.3,0.7,0.3,500,0.0,0.93098,0.82153,0.02003,1.27489,0.94118,0.04251,,0.00377,0.0202,0.625
7,48,hybrid,HYBRID_ALPHA0.8_BETA0.2,0.8,0.2,500,0.0,0.92353,0.81888,0.01992,1.02179,0.87336,0.01841,,0.00423,0.01252,0.625
7,48,hybrid,HYBRID_ALPHA0.9_BETA0.1,0.9,0.1,500,0.0,0.91961,0.81638,0.01962,1.18324,0.91745,0.03443,,0.00332,0.01747,0.675
7,48,mse,MSE,1.0,0.0,50,1.0,1.04101,0.84061,0.04537,1.54468,1.00823,0.04954,,0.00493,0.03953,0.725
7,48,mse,MSE,1.0,0.0,50,0.0,1.04101,0.84061,0.04537,1.45616,0.99998,0.08925,,0.0059,0.02919,0.725
7,48,mse,MSE,1.0,0.0,100,1.0,1.01214,0.85047,0.02599,1.00804,0.86898,0.02412,,0.00525,0.01478,0.525
7,48,mse,MSE,1.0,0.0,100,0.0,1.01214,0.85047,0.02599,1.14985,0.90044,0.05613,,0.00578,0.02286,0.575
7,48,mse,MSE,1.0,0.0,300,1.0,0.99716,0.84626,0.0239,0.97804,0.85618,0.01574,,0.004,0.0126,0.55
7,48,mse,MSE,1.0,0.0,300,0.0,0.99716,0.84626,0.0239,1.007,0.87383,0.02162,,0.00432,0.01623,0.525
7,48,mse,MSE,1.0,0.0,500,1.0,0.91868,0.81506,0.01941,1.02209,0.86644,0.01439,,0.00275,0.01205,0.5
7,48,mse,MSE,1.0,0.0,500,0.0,0.91868,0.81506,0.01941,1.16431,0.91231,0.03287,,0.00318,0.01704,0.725
8,49,hsic,HSIC,0.0,1.0,50,1.0,1.46983,1.0082,0.07447,1.45521,1.00508,0.12463,,0.0072,0.11087,0.7
8,49,hsic,HSIC,0.0,1.0,50,0.0,1.46983,1.0082,0.07447,2.64326,1.29546,0.12589,,0.0073,0.18792,0.825
8,49,hsic,HSIC,0.0,1.0,100,1.0,1.30684,0.93667,0.0117,1.73879,1.06047,0.04181,,0.0049,0.01624,0.675
8,49,hsic,HSIC,0.0,1.0,100,0.0,1.30684,0.93667,0.0117,2.70625,1.30152,0.08013,,0.00541,0.04879,0.7
8,49,hsic,HSIC,0.0,1.0,300,1.0,1.21602,0.90481,0.01127,1.4475,1.00305,0.12257,,0.00708,0.09143,0.625
8,49,hsic,HSIC,0.0,1.0,300,0.0,1.21602,0.90481,0.01127,2.59009,1.28139,0.12418,,0.00718,0.17567,0.7
8,49,hsic,HSIC,0.0,1.0,500,1.0,1.2298,0.91456,0.01298,1.47297,1.00974,0.12527,,0.00717,0.08734,0.6
8,49,hsic,HSIC,0.0,1.0,500,0.0,1.2298,0.91456,0.01298,2.61909,1.29067,0.12733,,0.00729,0.16545,0.725
8,49,hybrid,HYBRID_ALPHA0.1_BETA0.9,0.1,0.9,50,1.0,1.04487,0.87005,0.05697,1.43987,1.00163,0.12357,,0.00714,0.09847,0.725
8,49,hybrid,HYBRID_ALPHA0.2_BETA0.8,0.2,0.8,50,1.0,1.05902,0.87438,0.05323,1.35328,0.96582,0.05926,,0.00495,0.02099,0.65
8,49,hybrid,HYBRID_ALPHA0.3_BETA0.7,0.3,0.7,50,1.0,1.1008,0.88538,0.0519,1.2978,0.95043,0.0591,,0.00502,0.02117,0.625
8,49,hybrid,HYBRID_ALPHA0.4_BETA0.6,0.4,0.6,50,1.0,1.15335,0.90062,0.05495,1.26303,0.94156,0.05856,,0.00503,0.02111,0.625
8,49,hybrid,HYBRID_ALPHA0.5_BETA0.5,0.5,0.5,50,1.0,1.15988,0.90038,0.05665,1.24169,0.93506,0.05679,,0.00504,0.02074,0.6
8,49,hybrid,HYBRID_ALPHA0.6_BETA0.4,0.6,0.4,50,1.0,1.13614,0.89259,0.05035,1.24323,0.93575,0.05722,,0.00501,0.02091,0.6
8,49,hybrid,HYBRID_ALPHA0.7_BETA0.3,0.7,0.3,50,1.0,1.11482,0.88587,0.04549,1.23596,0.93372,0.05606,,0.00495,0.02095,0.6
8,49,hybrid,HYBRID_ALPHA0.8_BETA0.2,0.8,0.2,50,1.0,1.11201,0.88466,0.0452,1.23664,0.93337,0.05505,,0.00494,0.02078,0.6
8,49,hybrid,HYBRID_ALPHA0.9_BETA0.1,0.9,0.1,50,1.0,1.10568,0.88243,0.04409,1.23407,0.93209,0.05358,,0.0049,0.02065,0.6
8,49,hybrid,HYBRID_ALPHA0.1_BETA0.9,0.1,0.9,50,0.0,1.04487,0.87005,0.05697,2.57776,1.27878,0.13006,,0.00749,0.17541,0.75
8,49,hybrid,HYBRID_ALPHA0.2_BETA0.8,0.2,0.8,50,0.0,1.05902,0.87438,0.05323,2.15614,1.16661,0.10055,,0.00632,0.05375,0.6
8,49,hybrid,HYBRID_ALPHA0.3_BETA0.7,0.3,0.7,50,0.0,1.1008,0.88538,0.0519,2.03142,1.13635,0.1014,,0.00636,0.05451,0.575
8,49,hybrid,HYBRID_ALPHA0.4_BETA0.6,0.4,0.6,50,0.0,1.15335,0.90062,0.05495,1.95132,1.11684,0.10285,,0.00641,0.05435,0.575
8,49,hybrid,HYBRID_ALPHA0.5_BETA0.5,0.5,0.5,50,0.0,1.15988,0.90038,0.05665,1.88257,1.1005,0.10215,,0.00637,0.0521,0.6
8,49,hybrid,HYBRID_ALPHA0.6_BETA0.4,0.6,0.4,50,0.0,1.13614,0.89259,0.05035,1.87339,1.09853,0.10106,,0.0063,0.05213,0.6
8,49,hybrid,HYBRID_ALPHA0.7_BETA0.3,0.7,0.3,50,0.0,1.11482,0.88587,0.04549,1.81246,1.08437,0.09554,,0.00601,0.05071,0.65
8,49,hybrid,HYBRID_ALPHA0.8_BETA0.2,0.8,0.2,50,0.0,1.11201,0.88466,0.0452,1.80897,1.08296,0.09789,,0.00614,0.0489,0.625
8,49,hybrid,HYBRID_ALPHA0.9_BETA0.1,0.9,0.1,50,0.0,1.10568,0.88243,0.04409,1.78772,1.07777,0.096,,0.00607,0.04734,0.675
8,49,hybrid,HYBRID_ALPHA0.1_BETA0.9,0.1,0.9,100,1.0,0.97799,0.85787,0.00942,1.28431,0.94207,0.05463,,0.00535,0.01605,0.675
8,49,hybrid,HYBRID_ALPHA0.2_BETA0.8,0.2,0.8,100,1.0,0.93291,0.83545,0.0091,1.30228,0.94674,0.05406,,0.00527,0.0164,0.725
8,49,hybrid,HYBRID_ALPHA0.3_BETA0.7,0.3,0.7,100,1.0,0.92291,0.82813,0.00917,1.31237,0.94986,0.05394,,0.00518,0.01675,0.65
8,49,hybrid,HYBRID_ALPHA0.4_BETA0.6,0.4,0.6,100,1.0,0.92812,0.81424,0.00926,1.30784,0.94911,0.05393,,0.00511,0.01695,0.6
8,49,hybrid,HYBRID_ALPHA0.5_BETA0.5,0.5,0.5,100,1.0,0.93264,0.81772,0.00925,1.29591,0.94597,0.0533,,0.00504,0.01721,0.65
8,49,hybrid,HYBRID_ALPHA0.6_BETA0.4,0.6,0.4,100,1.0,0.91908,0.81394,0.0111,1.19259,0.90991,0.03485,,0.00489,0.01699,0.55
8,49,hybrid,HYBRID_ALPHA0.7_BETA0.3,0.7,0.3,100,1.0,0.93397,0.82074,0.0105,1.16986,0.90112,0.02913,,0.00472,0.01723,0.6
8,49,hybrid,HYBRID_ALPHA0.8_BETA0.2,0.8,0.2,100,1.0,0.93358,0.82129,0.01059,1.14666,0.89277,0.02554,,0.00493,0.01737,0.625
8,49,hybrid,HYBRID_ALPHA0.9_BETA0.1,0.9,0.1,100,1.0,0.923,0.81939,0.01065,1.15354,0.89371,0.02333,,0.0047,0.01908,0.6
8,49,hybrid,HYBRID_ALPHA0.1_BETA0.9,0.1,0.9,100,0.0,0.97799,0.85787,0.00942,2.04791,1.13838,0.09473,,0.0061,0.0545,0.6
8,49,hybrid,HYBRID_ALPHA0.2_BETA0.8,0.2,0.8,100,0.0,0.93291,0.83545,0.0091,2.07903,1.14605,0.09336,,0.00603,0.05582,0.7
8,49,hybrid,HYBRID_ALPHA0.3_BETA0.7,0.3,0.7,100,0.0,0.92291,0.82813,0.00917,2.10236,1.15182,0.0924,,0.00597,0.05744,0.65
8,49,hybrid,HYBRID_ALPHA0.4_BETA0.6,0.4,0.6,100,0.0,0.92812,0.81424,0.00926,2.0911,1.14927,0.09127,,0.00591,0.05785,0.65
8,49,hybrid,HYBRID_ALPHA0.5_BETA0.5,0.5,0.5,100,0.0,0.93264,0.81772,0.00925,2.02124,1.1323,0.08974,,0.00584,0.05551,0.675
8,49,hybrid,HYBRID_ALPHA0.6_BETA0.4,0.6,0.4,100,0.0,0.91908,0.81394,0.0111,1.7631,1.06411,0.06779,,0.00509,0.05042,0.675
8,49,hybrid,HYBRID_ALPHA0.7_BETA0.3,0.7,0.3,100,0.0,0.93397,0.82074,0.0105,1.63492,1.03151,0.05397,,0.00452,0.04463,0.7
8,49,hybrid,HYBRID_ALPHA0.8_BETA0.2,0.8,0.2,100,0.0,0.93358,0.82129,0.01059,1.51099,0.99667,0.04461,,0.00455,0.03783,0.7
8,49,hybrid,HYBRID_ALPHA0.9_BETA0.1,0.9,0.1,100,0.0,0.923,0.81939,0.01065,1.47526,0.98599,0.04251,,0.00454,0.03639,0.675
8,49,hybrid,HYBRID_ALPHA0.1_BETA0.9,0.1,0.9,300,1.0,0.87438,0.79577,0.01006,1.71782,1.05348,0.04748,,0.00584,0.00939,0.575
8,49,hybrid,HYBRID_ALPHA0.2_BETA0.8,0.2,0.8,300,1.0,0.8787,0.79678,0.01017,1.02641,0.88431,0.0169,,0.00427,0.01255,0.525
8,49,hybrid,HYBRID_ALPHA0.3_BETA0.7,0.3,0.7,300,1.0,0.87904,0.79621,0.01044,1.02035,0.88211,0.01708,,0.00424,0.01257,0.575
8,49,hybrid,HYBRID_ALPHA0.4_BETA0.6,0.4,0.6,300,1.0,0.87082,0.7928,0.0104,1.0169,0.88155,0.01729,,0.00422,0.01268,0.5
8,49,hybrid,HYBRID_ALPHA0.5_BETA0.5,0.5,0.5,300,1.0,0.86583,0.79118,0.01037,1.01387,0.88061,0.01763,,0.00423,0.01273,0.525
8,49,hybrid,HYBRID_ALPHA0.6_BETA0.4,0.6,0.4,300,1.0,0.86258,0.7915,0.01037,1.01092,0.87963,0.01802,,0.00426,0.01268,0.525
8,49,hybrid,HYBRID_ALPHA0.7_BETA0.3,0.7,0.3,300,1.0,0.86183,0.79177,0.01019,1.00476,0.87722,0.01914,,0.00439,0.01241,0.525
8,49,hybrid,HYBRID_ALPHA0.8_BETA0.2,0.8,0.2,300,1.0,0.87625,0.79696,0.01201,1.00425,0.87491,0.01308,,0.00325,0.01274,0.6
8,49,hybrid,HYBRID_ALPHA0.9_BETA0.1,0.9,0.1,300,1.0,0.87147,0.79649,0.01157,1.00878,0.87531,0.01312,,0.00327,0.01217,0.6
8,49,hybrid,HYBRID_ALPHA0.1_BETA0.9,0.1,0.9,300,0.0,0.87438,0.79577,0.01006,2.66436,1.2881,0.08374,,0.00574,0.03774,0.625
8,49,hybrid,HYBRID_ALPHA0.2_BETA0.8,0.2,0.8,300,0.0,0.8787,0.79678,0.01017,1.0343,0.88433,0.02635,,0.00571,0.01076,0.55
8,49,hybrid,HYBRID_ALPHA0.3_BETA0.7,0.3,0.7,300,0.0,0.87904,0.79621,0.01044,1.02968,0.88309,0.02636,,0.00563,0.01116,0.575
8,49,hybrid,HYBRID_ALPHA0.4_BETA0.6,0.4,0.6,300,0.0,0.87082,0.7928,0.0104,1.02639,0.88224,0.02596,,0.00551,0.0115,0.525
8,49,hybrid,HYBRID_ALPHA0.5_BETA0.5,0.5,0.5,300,0.0,0.86583,0.79118,0.01037,1.02414,0.88177,0.02564,,0.00542,0.01175,0.525
8,49,hybrid,HYBRID_ALPHA0.6_BETA0.4,0.6,0.4,300,0.0,0.86258,0.7915,0.01037,1.02269,0.88169,0.0255,,0.00538,0.01199,0.525
8,49,hybrid,HYBRID_ALPHA0.7_BETA0.3,0.7,0.3,300,0.0,0.86183,0.79177,0.01019,1.02306,0.88258,0.02423,,0.00524,0.01233,0.525
8,49,hybrid,HYBRID_ALPHA0.8_BETA0.2,0.8,0.2,300,0.0,0.87625,0.79696,0.01201,1.08322,0.89734,0.02204,,0.00282,0.01492,0.575
8,49,hybrid,HYBRID_ALPHA0.9_BETA0.1,0.9,0.1,300,0.0,0.87147,0.79649,0.01157,1.0877,0.89819,0.02275,,0.00279,0.0151,0.55
8,49,hybrid,HYBRID_ALPHA0.1_BETA0.9,0.1,0.9,500,1.0,0.91541,0.81127,0.01228,0.98056,0.85788,0.0182,,0.00444,0.01162,0.525
8,49,hybrid,HYBRID_ALPHA0.2_BETA0.8,0.2,0.8,500,1.0,0.91019,0.8094,0.01112,0.97524,0.85475,0.0168,,0.0043,0.01125,0.5
8,49,hybrid,HYBRID_ALPHA0.3_BETA0.7,0.3,0.7,500,1.0,0.90652,0.80836,0.01274,0.97363,0.85312,0.01553,,0.00412,0.0109,0.5
8,49,hybrid,HYBRID_ALPHA0.4_BETA0.6,0.4,0.6,500,1.0,0.9021,0.80574,0.01288,0.97108,0.85075,0.01465,,0.004,0.01054,0.575
8,49,hybrid,HYBRID_ALPHA0.5_BETA0.5,0.5,0.5,500,1.0,0.89736,0.80313,0.01282,0.97002,0.85009,0.01392,,0.00387,0.01023,0.625
8,49,hybrid,HYBRID_ALPHA0.6_BETA0.4,0.6,0.4,500,1.0,0.89157,0.79985,0.01221,0.96976,0.84996,0.0135,,0.00379,0.00995,0.625
8,49,hybrid,HYBRID_ALPHA0.7_BETA0.3,0.7,0.3,500,1.0,0.88855,0.79471,0.01412,0.96973,0.85048,0.01316,,0.00372,0.00968,0.6
8,49,hybrid,HYBRID_ALPHA0.8_BETA0.2,0.8,0.2,500,1.0,0.88579,0.7927,0.01389,0.97124,0.85121,0.01276,,0.00362,0.00968,0.6
8,49,hybrid,HYBRID_ALPHA0.9_BETA0.1,0.9,0.1,500,1.0,0.8846,0.79158,0.0139,0.99776,0.86103,0.01293,,0.00311,0.0105,0.5
8,49,hybrid,HYBRID_ALPHA0.1_BETA0.9,0.1,0.9,500,0.0,0.91541,0.81127,0.01228,0.99213,0.85629,0.02345,,0.00527,0.01089,0.525
8,49,hybrid,HYBRID_ALPHA0.2_BETA0.8,0.2,0.8,500,0.0,0.91019,0.8094,0.01112,0.98041,0.85376,0.02165,,0.00507,0.01065,0.55
8,49,hybrid,HYBRID_ALPHA0.3_BETA0.7,0.3,0.7,500,0.0,0.90652,0.80836,0.01274,0.97617,0.85314,0.02038,,0.00491,0.01052,0.525
8,49,hybrid,HYBRID_ALPHA0.4_BETA0.6,0.4,0.6,500,0.0,0.9021,0.80574,0.01288,0.97513,0.85307,0.01973,,0.00482,0.01064,0.5
8,49,hybrid,HYBRID_ALPHA0.5_BETA0.5,0.5,0.5,500,0.0,0.89736,0.80313,0.01282,0.9789,0.85482,0.01936,,0.00472,0.0109,0.5
8,49,hybrid,HYBRID_ALPHA0.6_BETA0.4,0.6,0.4,500,0.0,0.89157,0.79985,0.01221,0.98343,0.85683,0.01939,,0.00466,0.01121,0.55
8,49,hybrid,HYBRID_ALPHA0.7_BETA0.3,0.7,0.3,500,0.0,0.88855,0.79471,0.01412,0.98806,0.85931,0.01915,,0.00455,0.01145,0.575
8,49,hybrid,HYBRID_ALPHA0.8_BETA0.2,0.8,0.2,500,0.0,0.88579,0.7927,0.01389,0.99628,0.86323,0.01929,,0.00442,0.01193,0.6
8,49,hybrid,HYBRID_ALPHA0.9_BETA0.1,0.9,0.1,500,0.0,0.8846,0.79158,0.0139,1.1208,0.89991,0.03185,,0.00346,0.01426,0.55
8,49,mse,MSE,1.0,0.0,50,1.0,1.08559,0.87466,0.03885,1.22587,0.92895,0.05106,,0.00485,0.02041,0.575
8,49,mse,MSE,1.0,0.0,50,0.0,1.08559,0.87466,0.03885,1.75459,1.06965,0.09281,,0.00593,0.0454,0.7
8,49,mse,MSE,1.0,0.0,100,1.0,0.94889,0.83263,0.01269,1.26479,0.93485,0.04283,,0.00461,0.01917,0.6
8,49,mse,MSE,1.0,0.0,100,0.0,0.94889,0.83263,0.01269,1.83113,1.08545,0.07612,,0.00523,0.05165,0.675
8,49,mse,MSE,1.0,0.0,300,1.0,0.86926,0.7959,0.01151,1.01556,0.87587,0.0138,,0.0027,0.01223,0.525
8,49,mse,MSE,1.0,0.0,300,0.0,0.86926,0.7959,0.01151,1.108,0.90192,0.02418,,0.0026,0.01531,0.5
8,49,mse,MSE,1.0,0.0,500,1.0,0.90122,0.80409,0.01698,1.00038,0.8612,0.013,,0.00301,0.0106,0.525
8,49,mse,MSE,1.0,0.0,500,0.0,0.90122,0.80409,0.01698,1.12745,0.90226,0.03392,,0.0035,0.01447,0.575
9,50,hsic,HSIC,0.0,1.0,50,1.0,1.33556,0.9424,0.02426,1.52095,1.02286,0.14223,,0.00805,0.09532,0.675
9,50,hsic,HSIC,0.0,1.0,50,0.0,1.33556,0.9424,0.02426,2.70469,1.31613,0.14665,,0.00827,0.18641,0.825
9,50,hsic,HSIC,0.0,1.0,100,1.0,1.14567,0.90473,0.04424,1.50283,1.01803,0.13651,,0.00776,0.0557,0.725
9,50,hsic,HSIC,0.0,1.0,100,0.0,1.14567,0.90473,0.04424,2.64371,1.29843,0.14123,,0.00801,0.13991,0.75
9,50,hsic,HSIC,0.0,1.0,300,1.0,1.37385,0.9498,0.03086,1.47076,1.00852,0.12279,,0.00709,0.09743,0.55
9,50,hsic,HSIC,0.0,1.0,300,0.0,1.37385,0.9498,0.03086,2.65397,1.29837,0.12333,,0.00714,0.1661,0.675
9,50,hsic,HSIC,0.0,1.0,500,1.0,1.23484,0.91531,0.02621,1.49318,1.01473,0.12825,,0.00732,0.06748,0.5
9,50,hsic,HSIC,0.0,1.0,500,0.0,1.23484,0.91531,0.02621,2.62054,1.29175,0.1309,,0.00745,0.14701,0.65
9,50,hybrid,HYBRID_ALPHA0.1_BETA0.9,0.1,0.9,50,1.0,0.98361,0.82926,0.01941,1.51985,1.0225,0.14173,,0.00803,0.09424,0.625
9,50,hybrid,HYBRID_ALPHA0.2_BETA0.8,0.2,0.8,50,1.0,0.98041,0.83153,0.02158,1.52004,1.02254,0.14179,,0.00803,0.09404,0.625
9,50,hybrid,HYBRID_ALPHA0.3_BETA0.7,0.3,0.7,50,1.0,0.9965,0.84007,0.02314,1.52011,1.02255,0.14177,,0.00803,0.094,0.65
9,50,hybrid,HYBRID_ALPHA0.4_BETA0.6,0.4,0.6,50,1.0,1.02007,0.85011,0.02098,1.48736,1.01332,0.13089,,0.00751,0.08425,0.675
9,50,hybrid,HYBRID_ALPHA0.5_BETA0.5,0.5,0.5,50,1.0,1.04764,0.86285,0.01517,1.44724,1.00141,0.11225,,0.00661,0.0681,0.7
9,50,hybrid,HYBRID_ALPHA0.6_BETA0.4,0.6,0.4,50,1.0,1.09987,0.8919,0.00877,1.4366,0.99816,0.1014,,0.00613,0.05743,0.65
9,50,hybrid,HYBRID_ALPHA0.7_BETA0.3,0.7,0.3,50,1.0,1.11034,0.89431,0.0088,1.41456,0.99147,0.0913,,0.00571,0.04722,0.625
9,50,hybrid,HYBRID_ALPHA0.8_BETA0.2,0.8,0.2,50,1.0,1.12203,0.89009,0.01062,1.2284,0.94509,0.02761,,0.00448,0.05644,0.575
9,50,hybrid,HYBRID_ALPHA0.9_BETA0.1,0.9,0.1,50,1.0,1.14509,0.90476,0.00921,1.23049,0.95247,0.0338,,0.00403,0.04585,0.6
9,50,hybrid,HYBRID_ALPHA0.1_BETA0.9,0.1,0.9,50,0.0,0.98361,0.82926,0.01941,2.71019,1.31754,0.1463,,0.00825,0.18568,0.8
9,50,hybrid,HYBRID_ALPHA0.2_BETA0.8,0.2,0.8,50,0.0,0.98041,0.83153,0.02158,2.70955,1.31736,0.14629,,0.00825,0.18545,0.8
9,50,hybrid,HYBRID_ALPHA0.3_BETA0.7,0.3,0.7,50,0.0,0.9965,0.84007,0.02314,2.70959,1.31737,0.14628,,0.00825,0.18539,0.8
9,50,hybrid,HYBRID_ALPHA0.4_BETA0.6,0.4,0.6,50,0.0,1.02007,0.85011,0.02098,2.64164,1.29766,0.14032,,0.00796,0.17448,0.8
9,50,hybrid,HYBRID_ALPHA0.5_BETA0.5,0.5,0.5,50,0.0,1.04764,0.86285,0.01517,2.5483,1.27046,0.12906,,0.00745,0.15363,0.75
9,50,hybrid,HYBRID_ALPHA0.6_BETA0.4,0.6,0.4,50,0.0,1.09987,0.8919,0.00877,2.50322,1.25765,0.12223,,0.00716,0.1381,0.775
9,50,hybrid,HYBRID_ALPHA0.7_BETA0.3,0.7,0.3,50,0.0,1.11034,0.89431,0.0088,2.45301,1.24372,0.1172,,0.00695,0.12345,0.725
9,50,hybrid,HYBRID_ALPHA0.8_BETA0.2,0.8,0.2,50,0.0,1.12203,0.89009,0.01062,1.09963,0.88811,0.02817,,0.00523,0.03334,0.6
9,50,hybrid,HYBRID_ALPHA0.9_BETA0.1,0.9,0.1,50,0.0,1.14509,0.90476,0.00921,1.12424,0.90033,0.03185,,0.00506,0.03236,0.6
9,50,hybrid,HYBRID_ALPHA0.1_BETA0.9,0.1,0.9,100,1.0,1.0016,0.84809,0.04566,1.43645,0.98124,0.05673,,0.00515,0.01747,0.7
9,50,hybrid,HYBRID_ALPHA0.2_BETA0.8,0.2,0.8,100,1.0,1.00144,0.84756,0.04489,1.30302,0.94918,0.05835,,0.00524,0.01638,0.725
9,50,hybrid,HYBRID_ALPHA0.3_BETA0.7,0.3,0.7,100,1.0,0.99765,0.84555,0.04516,1.26879,0.94109,0.05468,,0.00503,0.01574,0.65
9,50,hybrid,HYBRID_ALPHA0.4_BETA0.6,0.4,0.6,100,1.0,0.8949,0.80124,0.03934,1.24602,0.93449,0.05185,,0.00495,0.01543,0.725
9,50,hybrid,HYBRID_ALPHA0.5_BETA0.5,0.5,0.5,100,1.0,0.92694,0.81303,0.03984,1.22188,0.9272,0.04843,,0.00485,0.01493,0.725
9,50,hybrid,HYBRID_ALPHA0.6_BETA0.4,0.6,0.4,100,1.0,0.93226,0.81423,0.04029,1.19694,0.91992,0.04544,,0.00471,0.01455,0.65
9,50,hybrid,HYBRID_ALPHA0.7_BETA0.3,0.7,0.3,100,1.0,0.90924,0.80666,0.03695,1.11272,0.89888,0.03177,,0.00462,0.01388,0.6
9,50,hybrid,HYBRID_ALPHA0.8_BETA0.2,0.8,0.2,100,1.0,0.94254,0.81642,0.04323,1.11005,0.89909,0.03024,,0.00447,0.01443,0.575
9,50,hybrid,HYBRID_ALPHA0.9_BETA0.1,0.9,0.1,100,1.0,0.91175,0.80704,0.03657,1.14722,0.91972,0.0248,,0.00512,0.02267,0.6
9,50,hybrid,HYBRID_ALPHA0.1_BETA0.9,0.1,0.9,100,0.0,1.0016,0.84809,0.04566,2.13494,1.15985,0.08748,,0.00572,0.0506,0.725
9,50,hybrid,HYBRID_ALPHA0.2_BETA0.8,0.2,0.8,100,0.0,1.00144,0.84756,0.04489,1.97968,1.12225,0.09862,,0.00628,0.05217,0.7
9,50,hybrid,HYBRID_ALPHA0.3_BETA0.7,0.3,0.7,100,0.0,0.99765,0.84555,0.04516,1.88738,1.10079,0.09891,,0.00625,0.0488,0.725
9,50,hybrid,HYBRID_ALPHA0.4_BETA0.6,0.4,0.6,100,0.0,0.8949,0.80124,0.03934,1.80275,1.08084,0.09675,,0.00614,0.04506,0.65
9,50,hybrid,HYBRID_ALPHA0.5_BETA0.5,0.5,0.5,100,0.0,0.92694,0.81303,0.03984,1.74062,1.06598,0.09648,,0.00614,0.0415,0.675
9,50,hybrid,HYBRID_ALPHA0.6_BETA0.4,0.6,0.4,100,0.0,0.93226,0.81423,0.04029,1.71562,1.05983,0.10052,,0.00638,0.03964,0.7
9,50,hybrid,HYBRID_ALPHA0.7_BETA0.3,0.7,0.3,100,0.0,0.90924,0.80666,0.03695,1.4902,1.00912,0.0965,,0.00629,0.0298,0.725
9,50,hybrid,HYBRID_ALPHA0.8_BETA0.2,0.8,0.2,100,0.0,0.94254,0.81642,0.04323,1.47717,1.00745,0.09928,,0.00641,0.02931,0.725
9,50,hybrid,HYBRID_ALPHA0.9_BETA0.1,0.9,0.1,100,0.0,0.91175,0.80704,0.03657,1.15836,0.92563,0.04163,,0.00377,0.02731,0.6
9,50,hybrid,HYBRID_ALPHA0.1_BETA0.9,0.1,0.9,300,1.0,0.9368,0.8139,0.02579,1.50155,1.01594,0.12501,,0.00715,0.08265,0.525
9,50,hybrid,HYBRID_ALPHA0.2_BETA0.8,0.2,0.8,300,1.0,0.90697,0.7964,0.02406,1.29695,0.93457,0.04729,,0.00617,0.00984,0.525
9,50,hybrid,HYBRID_ALPHA0.3_BETA0.7,0.3,0.7,300,1.0,0.91381,0.80298,0.0235,1.25407,0.92569,0.04602,,0.00583,0.00926,0.525
9,50,hybrid,HYBRID_ALPHA0.4_BETA0.6,0.4,0.6,300,1.0,0.9086,0.80118,0.02288,1.22161,0.91885,0.04379,,0.00555,0.00906,0.55
9,50,hybrid,HYBRID_ALPHA0.5_BETA0.5,0.5,0.5,300,1.0,0.90698,0.80338,0.02091,1.19429,0.91334,0.0419,,0.00532,0.00882,0.5
9,50,hybrid,HYBRID_ALPHA0.6_BETA0.4,0.6,0.4,300,1.0,0.90859,0.80218,0.02159,1.03081,0.88861,0.02898,,0.00514,0.00878,0.65
9,50,hybrid,HYBRID_ALPHA0.7_BETA0.3,0.7,0.3,300,1.0,0.90371,0.80472,0.01906,1.02995,0.8878,0.02927,,0.00521,0.00878,0.625
9,50,hybrid,HYBRID_ALPHA0.8_BETA0.2,0.8,0.2,300,1.0,0.89651,0.80165,0.01865,1.02833,0.88655,0.02945,,0.00527,0.00881,0.575
9,50,hybrid,HYBRID_ALPHA0.9_BETA0.1,0.9,0.1,300,1.0,0.89633,0.80294,0.01815,1.02733,0.88596,0.02938,,0.00528,0.00882,0.625
9,50,hybrid,HYBRID_ALPHA0.1_BETA0.9,0.1,0.9,300,0.0,0.9368,0.8139,0.02579,2.63106,1.29446,0.12952,,0.00739,0.1495,0.7
9,50,hybrid,HYBRID_ALPHA0.2_BETA0.8,0.2,0.8,300,0.0,0.90697,0.7964,0.02406,1.96931,1.11299,0.08377,,0.00585,0.02278,0.625
9,50,hybrid,HYBRID_ALPHA0.3_BETA0.7,0.3,0.7,300,0.0,0.91381,0.80298,0.0235,1.82548,1.08071,0.08398,,0.00581,0.02201,0.6
9,50,hybrid,HYBRID_ALPHA0.4_BETA0.6,0.4,0.6,300,0.0,0.9086,0.80118,0.02288,1.73048,1.05899,0.08289,,0.00572,0.02035,0.55
9,50,hybrid,HYBRID_ALPHA0.5_BETA0.5,0.5,0.5,300,0.0,0.90698,0.80338,0.02091,1.66074,1.04282,0.08296,,0.0057,0.01967,0.575
9,50,hybrid,HYBRID_ALPHA0.6_BETA0.4,0.6,0.4,300,0.0,0.90859,0.80218,0.02159,1.08014,0.90611,0.06313,,0.00845,0.00705,0.6
9,50,hybrid,HYBRID_ALPHA0.7_BETA0.3,0.7,0.3,300,0.0,0.90371,0.80472,0.01906,1.07631,0.90426,0.06203,,0.00839,0.00712,0.575
9,50,hybrid,HYBRID_ALPHA0.8_BETA0.2,0.8,0.2,300,0.0,0.89651,0.80165,0.01865,1.07202,0.90199,0.06107,,0.00834,0.00719,0.6
9,50,hybrid,HYBRID_ALPHA0.9_BETA0.1,0.9,0.1,300,0.0,0.89633,0.80294,0.01815,1.06742,0.90035,0.05903,,0.00817,0.00726,0.575
9,50,hybrid,HYBRID_ALPHA0.1_BETA0.9,0.1,0.9,500,1.0,0.96701,0.8367,0.02326,1.56588,1.01143,0.04605,,0.0055,0.00944,0.55
9,50,hybrid,HYBRID_ALPHA0.2_BETA0.8,0.2,0.8,500,1.0,0.945,0.82661,0.02312,1.39183,0.96019,0.04629,,0.00606,0.00933,0.575
9,50,hybrid,HYBRID_ALPHA0.3_BETA0.7,0.3,0.7,500,1.0,0.94577,0.82642,0.02163,1.01707,0.8687,0.02292,,0.00515,0.01248,0.6
9,50,hybrid,HYBRID_ALPHA0.4_BETA0.6,0.4,0.6,500,1.0,0.94319,0.82529,0.02092,1.01497,0.86696,0.02081,,0.00483,0.01142,0.55
9,50,hybrid,HYBRID_ALPHA0.5_BETA0.5,0.5,0.5,500,1.0,0.94124,0.82448,0.02047,1.01361,0.8562,0.03053,,0.00634,0.01164,0.525
9,50,hybrid,HYBRID_ALPHA0.6_BETA0.4,0.6,0.4,500,1.0,0.93887,0.82347,0.02002,1.01434,0.86284,0.02316,,0.00526,0.01148,0.55
9,50,hybrid,HYBRID_ALPHA0.7_BETA0.3,0.7,0.3,500,1.0,0.95029,0.83069,0.02138,1.01093,0.86189,0.02362,,0.00535,0.0115,0.575
9,50,hybrid,HYBRID_ALPHA0.8_BETA0.2,0.8,0.2,500,1.0,0.94457,0.82836,0.02098,1.00859,0.86134,0.02423,,0.00545,0.01142,0.55
9,50,hybrid,HYBRID_ALPHA0.9_BETA0.1,0.9,0.1,500,1.0,0.94423,0.82828,0.02103,1.00595,0.86052,0.02457,,0.00552,0.01133,0.55
9,50,hybrid,HYBRID_ALPHA0.1_BETA0.9,0.1,0.9,500,0.0,0.96701,0.8367,0.02326,2.32687,1.20316,0.08045,,0.00544,0.03053,0.575
9,50,hybrid,HYBRID_ALPHA0.2_BETA0.8,0.2,0.8,500,0.0,0.945,0.82661,0.02312,2.05105,1.1337,0.07735,,0.00549,0.02899,0.6
9,50,hybrid,HYBRID_ALPHA0.3_BETA0.7,0.3,0.7,500,0.0,0.94577,0.82642,0.02163,1.14152,0.9009,0.02835,,0.00461,0.01367,0.6
9,50,hybrid,HYBRID_ALPHA0.4_BETA0.6,0.4,0.6,500,0.0,0.94319,0.82529,0.02092,1.1562,0.90389,0.02732,,0.00432,0.01434,0.6
9,50,hybrid,HYBRID_ALPHA0.5_BETA0.5,0.5,0.5,500,0.0,0.94124,0.82448,0.02047,1.03821,0.86091,0.04096,,0.00746,0.01204,0.525
9,50,hybrid,HYBRID_ALPHA0.6_BETA0.4,0.6,0.4,500,0.0,0.93887,0.82347,0.02002,1.10091,0.88879,0.03065,,0.00525,0.01344,0.5
9,50,hybrid,HYBRID_ALPHA0.7_BETA0.3,0.7,0.3,500,0.0,0.95029,0.83069,0.02138,1.09805,0.88747,0.03093,,0.00534,0.01351,0.575
9,50,hybrid,HYBRID_ALPHA0.8_BETA0.2,0.8,0.2,500,0.0,0.94457,0.82836,0.02098,1.09785,0.88709,0.03137,,0.00541,0.01354,0.525
9,50,hybrid,HYBRID_ALPHA0.9_BETA0.1,0.9,0.1,500,0.0,0.94423,0.82828,0.02103,1.09603,0.88609,0.03162,,0.0055,0.01351,0.55
9,50,mse,MSE,1.0,0.0,50,1.0,1.16081,0.91184,0.00955,1.10968,0.90288,0.0457,,0.00504,0.02099,0.5
9,50,mse,MSE,1.0,0.0,50,0.0,1.16081,0.91184,0.00955,1.50354,1.00857,0.08544,,0.00565,0.03907,0.7
9,50,mse,MSE,1.0,0.0,100,1.0,0.92181,0.80993,0.04439,1.15162,0.91999,0.02619,,0.00476,0.02289,0.625
9,50,mse,MSE,1.0,0.0,100,0.0,0.92181,0.80993,0.04439,1.21846,0.94302,0.05178,,0.00422,0.02879,0.6
9,50,mse,MSE,1.0,0.0,300,1.0,0.89452,0.80277,0.01767,1.02904,0.88726,0.02909,,0.00522,0.00875,0.6
9,50,mse,MSE,1.0,0.0,300,0.0,0.89452,0.80277,0.01767,1.06246,0.9,0.05432,,0.00769,0.00738,0.6
9,50,mse,MSE,1.0,0.0,500,1.0,0.94381,0.82816,0.02107,1.00395,0.85995,0.02514,,0.00561,0.01127,0.6
9,50,mse,MSE,1.0,0.0,500,0.0,0.94381,0.82816,0.02107,1.09059,0.88364,0.03195,,0.00565,0.01342,0.575
10,51,hsic,HSIC,0.0,1.0,50,1.0,1.30978,0.91121,0.03848,1.49357,1.01628,0.13776,,0.00781,0.02873,0.6
10,51,hsic,HSIC,0.0,1.0,50,0.0,1.30978,0.91121,0.03848,2.66392,1.30437,0.14276,,0.00807,0.11389,0.65
10,51,hsic,HSIC,0.0,1.0,100,1.0,1.56148,1.03056,0.19328,1.44622,1.00354,0.12422,,0.00714,0.03117,0.625
10,51,hsic,HSIC,0.0,1.0,100,0.0,1.56148,1.03056,0.19328,2.56203,1.27415,0.12329,,0.00712,0.07388,0.575
10,51,hsic,HSIC,0.0,1.0,300,1.0,1.20111,0.89994,0.01248,1.45991,1.00628,0.12398,,0.00714,0.0666,0.525
10,51,hsic,HSIC,0.0,1.0,300,0.0,1.20111,0.89994,0.01248,2.64509,1.29662,0.12484,,0.0072,0.14201,0.6
10,51,hsic,HSIC,0.0,1.0,500,1.0,1.16522,0.8973,0.01759,1.4662,1.00756,0.1228,,0.00708,0.06359,0.55
10,51,hsic,HSIC,0.0,1.0,500,0.0,1.16522,0.8973,0.01759,2.63539,1.29371,0.12386,,0.00715,0.13685,0.7
10,51,hybrid,HYBRID_ALPHA0.1_BETA0.9,0.1,0.9,50,1.0,1.00992,0.8324,0.02754,1.46893,1.00993,0.13162,,0.0075,0.02746,0.55
10,51,hybrid,HYBRID_ALPHA0.2_BETA0.8,0.2,0.8,50,1.0,1.0306,0.86554,0.03148,1.38368,0.98292,0.08396,,0.00539,0.01668,0.65
10,51,hybrid,HYBRID_ALPHA0.3_BETA0.7,0.3,0.7,50,1.0,1.02952,0.84831,0.02896,1.33422,0.96941,0.07806,,0.00523,0.01528,0.6
10,51,hybrid,HYBRID_ALPHA0.4_BETA0.6,0.4,0.6,50,1.0,1.01955,0.83886,0.03197,1.26962,0.95038,0.05987,,0.00428,0.01281,0.7
10,51,hybrid,HYBRID_ALPHA0.5_BETA0.5,0.5,0.5,50,1.0,1.01484,0.83549,0.03145,1.23471,0.94255,0.05275,,0.00362,0.01295,0.575
10,51,hybrid,HYBRID_ALPHA0.6_BETA0.4,0.6,0.4,50,1.0,1.02353,0.84065,0.02597,1.1828,0.92568,0.03911,,0.00275,0.03313,0.6
10,51,hybrid,HYBRID_ALPHA0.7_BETA0.3,0.7,0.3,50,1.0,1.09919,0.87372,0.03094,1.24068,0.94215,0.05978,,0.00413,0.01582,0.6
10,51,hybrid,HYBRID_ALPHA0.8_BETA0.2,0.8,0.2,50,1.0,1.10363,0.87937,0.03304,1.1722,0.92063,0.04664,,0.00341,0.01571,0.675
10,51,hybrid,HYBRID_ALPHA0.9_BETA0.1,0.9,0.1,50,1.0,1.13188,0.8817,0.03316,1.32455,0.9603,0.07766,,0.00654,0.07396,0.75
10,51,hybrid,HYBRID_ALPHA0.1_BETA0.9,0.1,0.9,50,0.0,1.00992,0.8324,0.02754,2.61963,1.29365,0.13888,,0.00754,0.11137,0.675
10,51,hybrid,HYBRID_ALPHA0.2_BETA0.8,0.2,0.8,50,0.0,1.0306,0.86554,0.03148,2.33312,1.21408,0.1131,,0.00671,0.07381,0.675
10,51,hybrid,HYBRID_ALPHA0.3_BETA0.7,0.3,0.7,50,0.0,1.02952,0.84831,0.02896,2.24219,1.19102,0.11145,,0.00669,0.07014,0.675
10,51,hybrid,HYBRID_ALPHA0.4_BETA0.6,0.4,0.6,50,0.0,1.01955,0.83886,0.03197,1.85885,1.09772,0.10935,,0.00652,0.04516,0.65
10,51,hybrid,HYBRID_ALPHA0.5_BETA0.5,0.5,0.5,50,0.0,1.01484,0.83549,0.03145,1.65793,1.05113,0.1021,,0.006,0.03648,0.625
10,51,hybrid,HYBRID_ALPHA0.6_BETA0.4,0.6,0.4,50,0.0,1.02353,0.84065,0.02597,1.24393,0.9633,0.0261,,0.00253,0.03031,0.7
10,51,hybrid,HYBRID_ALPHA0.7_BETA0.3,0.7,0.3,50,0.0,1.09919,0.87372,0.03094,1.66438,1.04063,0.04437,,0.0031,0.06402,0.675
10,51,hybrid,HYBRID_ALPHA0.8_BETA0.2,0.8,0.2,50,0.0,1.10363,0.87937,0.03304,1.58533,1.01773,0.03316,,0.00255,0.06727,0.7
10,51,hybrid,HYBRID_ALPHA0.9_BETA0.1,0.9,0.1,50,0.0,1.13188,0.8817,0.03316,1.16744,0.94386,0.01946,,0.00286,0.03335,0.65
10,51,hybrid,HYBRID_ALPHA0.1_BETA0.9,0.1,0.9,100,1.0,1.56078,1.03048,0.19337,1.32676,0.94381,0.04504,,0.00718,0.01683,0.525
10,51,hybrid,HYBRID_ALPHA0.2_BETA0.8,0.2,0.8,100,1.0,1.56074,1.03055,0.19342,1.18996,0.90511,0.04619,,0.00708,0.01706,0.625
10,51,hybrid,HYBRID_ALPHA0.3_BETA0.7,0.3,0.7,100,1.0,1.2437,0.93465,0.1163,1.13892,0.89751,0.04426,,0.0067,0.01638,0.625
10,51,hybrid,HYBRID_ALPHA0.4_BETA0.6,0.4,0.6,100,1.0,1.26424,0.93932,0.12098,1.10383,0.89641,0.0418,,0.00619,0.01734,0.6
10,51,hybrid,HYBRID_ALPHA0.5_BETA0.5,0.5,0.5,100,1.0,1.27051,0.93907,0.12107,1.01611,0.88565,0.01308,,0.00307,0.02872,0.6
10,51,hybrid,HYBRID_ALPHA0.6_BETA0.4,0.6,0.4,100,1.0,1.26959,0.93908,0.12405,1.00152,0.87804,0.01521,,0.00381,0.03043,0.55
10,51,hybrid,HYBRID_ALPHA0.7_BETA0.3,0.7,0.3,100,1.0,1.26027,0.93638,0.12415,0.99199,0.87371,0.01405,,0.00367,0.03577,0.55
10,51,hybrid,HYBRID_ALPHA0.8_BETA0.2,0.8,0.2,100,1.0,1.26458,0.93768,0.12608,1.00523,0.87486,0.01789,,0.00429,0.0373,0.55
10,51,hybrid,HYBRID_ALPHA0.9_BETA0.1,0.9,0.1,100,1.0,1.28806,0.94645,0.13358,1.00254,0.87231,0.01847,,0.00441,0.03715,0.5
10,51,hybrid,HYBRID_ALPHA0.1_BETA0.9,0.1,0.9,100,0.0,1.56078,1.03048,0.19337,1.85125,1.0825,0.06208,,0.00541,0.01684,0.65
10,51,hybrid,HYBRID_ALPHA0.2_BETA0.8,0.2,0.8,100,0.0,1.56074,1.03055,0.19342,1.60153,1.02232,0.06873,,0.00555,0.01771,0.675
10,51,hybrid,HYBRID_ALPHA0.3_BETA0.7,0.3,0.7,100,0.0,1.2437,0.93465,0.1163,1.50009,1.00005,0.06973,,0.00548,0.01873,0.65
10,51,hybrid,HYBRID_ALPHA0.4_BETA0.6,0.4,0.6,100,0.0,1.26424,0.93932,0.12098,1.4212,0.98238,0.06968,,0.00528,0.01966,0.675
10,51,hybrid,HYBRID_ALPHA0.5_BETA0.5,0.5,0.5,100,0.0,1.27051,0.93907,0.12107,1.08204,0.91027,0.02193,,0.00454,0.03225,0.55
10,51,hybrid,HYBRID_ALPHA0.6_BETA0.4,0.6,0.4,100,0.0,1.26959,0.93908,0.12405,1.03817,0.89631,0.021,,0.00456,0.03357,0.525
10,51,hybrid,HYBRID_ALPHA0.7_BETA0.3,0.7,0.3,100,0.0,1.26027,0.93638,0.12415,1.02623,0.89071,0.01745,,0.00405,0.0345,0.5
10,51,hybrid,HYBRID_ALPHA0.8_BETA0.2,0.8,0.2,100,0.0,1.26458,0.93768,0.12608,0.99868,0.88212,0.01645,,0.00399,0.03402,0.55
10,51,hybrid,HYBRID_ALPHA0.9_BETA0.1,0.9,0.1,100,0.0,1.28806,0.94645,0.13358,0.9918,0.87966,0.01629,,0.00399,0.03406,0.5
10,51,hybrid,HYBRID_ALPHA0.1_BETA0.9,0.1,0.9,300,1.0,0.89331,0.80498,0.01038,1.48385,0.99235,0.05559,,0.00516,0.00983,0.575
10,51,hybrid,HYBRID_ALPHA0.2_BETA0.8,0.2,0.8,300,1.0,0.88398,0.80325,0.00937,1.30603,0.94489,0.05411,,0.00561,0.00972,0.55
10,51,hybrid,HYBRID_ALPHA0.3_BETA0.7,0.3,0.7,300,1.0,0.88146,0.80238,0.00911,1.24897,0.93273,0.05472,,0.00542,0.00977,0.55
10,51,hybrid,HYBRID_ALPHA0.4_BETA0.6,0.4,0.6,300,1.0,0.87873,0.80125,0.00873,1.21928,0.92593,0.0553,,0.00529,0.00981,0.55
10,51,hybrid,HYBRID_ALPHA0.5_BETA0.5,0.5,0.5,300,1.0,0.88029,0.80118,0.0085,1.19878,0.92244,0.05573,,0.00517,0.00989,0.575
10,51,hybrid,HYBRID_ALPHA0.6_BETA0.4,0.6,0.4,300,1.0,0.87965,0.8004,0.0084,1.0114,0.87704,0.01298,,0.00249,0.01644,0.525
10,51,hybrid,HYBRID_ALPHA0.7_BETA0.3,0.7,0.3,300,1.0,0.87085,0.80105,0.00907,1.00819,0.87619,0.01263,,0.00251,0.0162,0.525
10,51,hybrid,HYBRID_ALPHA0.8_BETA0.2,0.8,0.2,300,1.0,0.86938,0.80057,0.00858,1.00749,0.8764,0.01233,,0.00253,0.01626,0.5
10,51,hybrid,HYBRID_ALPHA0.9_BETA0.1,0.9,0.1,300,1.0,0.86563,0.79873,0.0079,1.005,0.87581,0.012,,0.00257,0.01632,0.525
10,51,hybrid,HYBRID_ALPHA0.1_BETA0.9,0.1,0.9,300,0.0,0.89331,0.80498,0.01038,2.42147,1.23094,0.10491,,0.00653,0.03649,0.6
10,51,hybrid,HYBRID_ALPHA0.2_BETA0.8,0.2,0.8,300,0.0,0.88398,0.80325,0.00937,2.17156,1.1672,0.09987,,0.00643,0.03882,0.55
10,51,hybrid,HYBRID_ALPHA0.3_BETA0.7,0.3,0.7,300,0.0,0.88146,0.80238,0.00911,2.02902,1.13383,0.1017,,0.00648,0.03811,0.575
10,51,hybrid,HYBRID_ALPHA0.4_BETA0.6,0.4,0.6,300,0.0,0.87873,0.80125,0.00873,1.9378,1.11159,0.10318,,0.00652,0.03741,0.55
10,51,hybrid,HYBRID_ALPHA0.5_BETA0.5,0.5,0.5,300,0.0,0.88029,0.80118,0.0085,1.87108,1.09632,0.10473,,0.00657,0.03646,0.575
10,51,hybrid,HYBRID_ALPHA0.6_BETA0.4,0.6,0.4,300,0.0,0.87965,0.8004,0.0084,0.98601,0.8605,0.0128,,0.00266,0.01147,0.55
10,51,hybrid,HYBRID_ALPHA0.7_BETA0.3,0.7,0.3,300,0.0,0.87085,0.80105,0.00907,0.98583,0.86072,0.01306,,0.00271,0.01161,0.525
10,51,hybrid,HYBRID_ALPHA0.8_BETA0.2,0.8,0.2,300,0.0,0.86938,0.80057,0.00858,0.98496,0.86003,0.01289,,0.00274,0.01148,0.525
10,51,hybrid,HYBRID_ALPHA0.9_BETA0.1,0.9,0.1,300,0.0,0.86563,0.79873,0.0079,0.98679,0.85978,0.01375,,0.00289,0.0116,0.575
10,51,hybrid,HYBRID_ALPHA0.1_BETA0.9,0.1,0.9,500,1.0,0.90924,0.81893,0.01406,1.01441,0.86983,0.02577,,0.0055,0.01192,0.525
10,51,hybrid,HYBRID_ALPHA0.2_BETA0.8,0.2,0.8,500,1.0,0.90531,0.81927,0.01291,1.00728,0.87355,0.02442,,0.00532,0.01188,0.55
10,51,hybrid,HYBRID_ALPHA0.3_BETA0.7,0.3,0.7,500,1.0,0.92308,0.82502,0.01477,1.01705,0.87752,0.02585,,0.00548,0.01162,0.55
10,51,hybrid,HYBRID_ALPHA0.4_BETA0.6,0.4,0.6,500,1.0,0.92088,0.82466,0.01429,1.03216,0.88306,0.02777,,0.00568,0.01219,0.575
10,51,hybrid,HYBRID_ALPHA0.5_BETA0.5,0.5,0.5,500,1.0,0.91863,0.82439,0.01389,1.04017,0.88606,0.029,,0.0058,0.01272,0.525
10,51,hybrid,HYBRID_ALPHA0.6_BETA0.4,0.6,0.4,500,1.0,0.91548,0.82335,0.01343,1.04325,0.88701,0.02993,,0.00591,0.01265,0.575
10,51,hybrid,HYBRID_ALPHA0.7_BETA0.3,0.7,0.3,500,1.0,0.91279,0.82221,0.01311,1.04329,0.88717,0.03006,,0.00591,0.01265,0.575
10,51,hybrid,HYBRID_ALPHA0.8_BETA0.2,0.8,0.2,500,1.0,0.91019,0.82101,0.0127,1.04073,0.88644,0.02954,,0.00584,0.01257,0.575
10,51,hybrid,HYBRID_ALPHA0.9_BETA0.1,0.9,0.1,500,1.0,0.90937,0.82019,0.01251,1.03921,0.88569,0.02976,,0.00587,0.01222,0.525
10,51,hybrid,HYBRID_ALPHA0.1_BETA0.9,0.1,0.9,500,0.0,0.90924,0.81893,0.01406,1.12887,0.89576,0.01972,,0.00428,0.01028,0.575
10,51,hybrid,HYBRID_ALPHA0.2_BETA0.8,0.2,0.8,500,0.0,0.90531,0.81927,0.01291,1.06463,0.88503,0.01967,,0.00418,0.01061,0.55
10,51,hybrid,HYBRID_ALPHA0.3_BETA0.7,0.3,0.7,500,0.0,0.92308,0.82502,0.01477,1.06135,0.88725,0.0212,,0.00436,0.01077,0.5
10,51,hybrid,HYBRID_ALPHA0.4_BETA0.6,0.4,0.6,500,0.0,0.92088,0.82466,0.01429,1.08705,0.89569,0.02487,,0.00487,0.01122,0.5
10,51,hybrid,HYBRID_ALPHA0.5_BETA0.5,0.5,0.5,500,0.0,0.91863,0.82439,0.01389,1.10012,0.89848,0.02713,,0.00526,0.01133,0.525
10,51,hybrid,HYBRID_ALPHA0.6_BETA0.4,0.6,0.4,500,0.0,0.91548,0.82335,0.01343,1.104,0.89918,0.02864,,0.0055,0.01133,0.525
10,51,hybrid,HYBRID_ALPHA0.7_BETA0.3,0.7,0.3,500,0.0,0.91279,0.82221,0.01311,1.10677,0.89994,0.02901,,0.00554,0.0114,0.525
10,51,hybrid,HYBRID_ALPHA0.8_BETA0.2,0.8,0.2,500,0.0,0.91019,0.82101,0.0127,1.1116,0.90142,0.02936,,0.00552,0.01155,0.5
10,51,hybrid,HYBRID_ALPHA0.9_BETA0.1,0.9,0.1,500,0.0,0.90937,0.82019,0.01251,1.12053,0.90399,0.03063,,0.00558,0.0117,0.55
10,51,mse,MSE,1.0,0.0,50,1.0,1.1355,0.88556,0.03345,1.19265,0.935,0.03665,,0.00351,0.03428,0.75
10,51,mse,MSE,1.0,0.0,50,0.0,1.1355,0.88556,0.03345,1.19142,0.94078,0.04066,,0.00267,0.0322,0.65
10,51,mse,MSE,1.0,0.0,100,1.0,1.27754,0.94225,0.12702,0.99943,0.86981,0.01886,,0.00445,0.03717,0.525
10,51,mse,MSE,1.0,0.0,100,0.0,1.27754,0.94225,0.12702,0.98574,0.87728,0.01567,,0.00391,0.03428,0.575
10,51,mse,MSE,1.0,0.0,300,1.0,0.87023,0.80113,0.00755,1.00071,0.87441,0.01183,,0.00261,0.01576,0.525
10,51,mse,MSE,1.0,0.0,300,0.0,0.87023,0.80113,0.00755,0.98701,0.86053,0.0139,,0.00297,0.01167,0.525
10,51,mse,MSE,1.0,0.0,500,1.0,0.91142,0.82071,0.01232,1.03713,0.88536,0.02841,,0.00569,0.01308,0.5
10,51,mse,MSE,1.0,0.0,500,0.0,0.91142,0.82071,0.01232,1.08816,0.88789,0.02782,,0.0057,0.01171,0.575
11,52,hsic,HSIC,0.0,1.0,50,1.0,1.16618,0.90119,0.0398,1.51552,1.02152,0.14281,,0.00817,0.09987,0.65
11,52,hsic,HSIC,0.0,1.0,50,0.0,1.16618,0.90119,0.0398,2.69491,1.31064,0.14422,,0.00836,0.17946,0.7
11,52,hsic,HSIC,0.0,1.0,100,1.0,1.16449,0.90502,0.02618,1.52203,1.02044,0.12323,,0.00712,0.09413,0.75
11,52,hsic,HSIC,0.0,1.0,100,0.0,1.16449,0.90502,0.02618,2.61765,1.28863,0.12527,,0.00725,0.17081,0.8
11,52,hsic,HSIC,0.0,1.0,300,1.0,1.33066,0.93966,0.01693,1.46172,1.0064,0.12241,,0.00707,0.10017,0.625
11,52,hsic,HSIC,0.0,1.0,300,0.0,1.33066,0.93966,0.01693,2.61422,1.28794,0.12395,,0.00716,0.17164,0.725
11,52,hsic,HSIC,0.0,1.0,500,1.0,1.19828,0.9119,0.02717,1.52248,1.02111,0.12543,,0.00717,0.08566,0.5
11,52,hsic,HSIC,0.0,1.0,500,0.0,1.19828,0.9119,0.02717,2.64161,1.2968,0.12777,,0.00731,0.15936,0.65
11,52,hybrid,HYBRID_ALPHA0.1_BETA0.9,0.1,0.9,50,1.0,1.11314,0.8859,0.04407,1.39863,0.96182,0.04555,,0.00622,0.02297,0.525
11,52,hybrid,HYBRID_ALPHA0.2_BETA0.8,0.2,0.8,50,1.0,1.06707,0.85634,0.0692,1.25757,0.92516,0.04532,,0.00596,0.02366,0.55
11,52,hybrid,HYBRID_ALPHA0.3_BETA0.7,0.3,0.7,50,1.0,1.04924,0.82849,0.09456,1.18608,0.9106,0.04573,,0.00572,0.02377,0.575
11,52,hybrid,HYBRID_ALPHA0.4_BETA0.6,0.4,0.6,50,1.0,1.0688,0.83695,0.09109,1.1557,0.90402,0.04597,,0.00555,0.02355,0.525
11,52,hybrid,HYBRID_ALPHA0.5_BETA0.5,0.5,0.5,50,1.0,1.0873,0.83975,0.09586,1.07884,0.89665,0.03495,,0.00422,0.0261,0.65
11,52,hybrid,HYBRID_ALPHA0.6_BETA0.4,0.6,0.4,50,1.0,1.08662,0.84572,0.08229,1.08115,0.8982,0.03545,,0.00421,0.02735,0.575
11,52,hybrid,HYBRID_ALPHA0.7_BETA0.3,0.7,0.3,50,1.0,1.09017,0.84362,0.08008,1.08788,0.90044,0.0366,,0.00424,0.02887,0.55
11,52,hybrid,HYBRID_ALPHA0.8_BETA0.2,0.8,0.2,50,1.0,1.02125,0.83959,0.05717,1.08335,0.89879,0.03604,,0.00399,0.02679,0.625
11,52,hybrid,HYBRID_ALPHA0.9_BETA0.1,0.9,0.1,50,1.0,1.0487,0.86139,0.02991,1.09283,0.90113,0.03901,,0.00411,0.02689,0.55
11,52,hybrid,HYBRID_ALPHA0.1_BETA0.9,0.1,0.9,50,0.0,1.11314,0.8859,0.04407,2.05793,1.13551,0.08251,,0.00572,0.01589,0.575
11,52,hybrid,HYBRID_ALPHA0.2_BETA0.8,0.2,0.8,50,0.0,1.06707,0.85634,0.0692,1.85156,1.08852,0.08513,,0.00579,0.01712,0.625
11,52,hybrid,HYBRID_ALPHA0.3_BETA0.7,0.3,0.7,50,0.0,1.04924,0.82849,0.09456,1.73316,1.06137,0.08685,,0.00583,0.01754,0.575
11,52,hybrid,HYBRID_ALPHA0.4_BETA0.6,0.4,0.6,50,0.0,1.0688,0.83695,0.09109,1.67307,1.04711,0.08965,,0.00593,0.01837,0.625
11,52,hybrid,HYBRID_ALPHA0.5_BETA0.5,0.5,0.5,50,0.0,1.0873,0.83975,0.09586,1.3626,0.97749,0.09133,,0.00582,0.02137,0.575
11,52,hybrid,HYBRID_ALPHA0.6_BETA0.4,0.6,0.4,50,0.0,1.08662,0.84572,0.08229,1.33526,0.97037,0.09119,,0.00582,0.0219,0.55
11,52,hybrid,HYBRID_ALPHA0.7_BETA0.3,0.7,0.3,50,0.0,1.09017,0.84362,0.08008,1.3273,0.96807,0.09133,,0.00584,0.02222,0.55
11,52,hybrid,HYBRID_ALPHA0.8_BETA0.2,0.8,0.2,50,0.0,1.02125,0.83959,0.05717,1.21178,0.93331,0.06554,,0.00433,0.02239,0.525
11,52,hybrid,HYBRID_ALPHA0.9_BETA0.1,0.9,0.1,50,0.0,1.0487,0.86139,0.02991,1.19391,0.92865,0.06334,,0.00424,0.02274,0.5
11,52,hybrid,HYBRID_ALPHA0.1_BETA0.9,0.1,0.9,100,1.0,1.02515,0.85664,0.03442,1.28303,0.94343,0.05856,,0.00534,0.01543,0.675
11,52,hybrid,HYBRID_ALPHA0.2_BETA0.8,0.2,0.8,100,1.0,0.96847,0.83302,0.03013,1.2742,0.94123,0.05832,,0.00532,0.01556,0.75
11,52,hybrid,HYBRID_ALPHA0.3_BETA0.7,0.3,0.7,100,1.0,0.97665,0.84002,0.03229,1.26013,0.93798,0.05826,,0.00526,0.01578,0.7
11,52,hybrid,HYBRID_ALPHA0.4_BETA0.6,0.4,0.6,100,1.0,0.97088,0.83775,0.03129,1.2413,0.93337,0.05777,,0.00522,0.01586,0.675
11,52,hybrid,HYBRID_ALPHA0.5_BETA0.5,0.5,0.5,100,1.0,0.96185,0.83415,0.02962,1.23437,0.93293,0.05785,,0.00513,0.01614,0.65
11,52,hybrid,HYBRID_ALPHA0.6_BETA0.4,0.6,0.4,100,1.0,0.95433,0.83113,0.02824,1.22423,0.93158,0.05738,,0.00501,0.01639,0.675
11,52,hybrid,HYBRID_ALPHA0.7_BETA0.3,0.7,0.3,100,1.0,0.91534,0.81354,0.02196,1.21665,0.93057,0.05527,,0.00479,0.01693,0.7
11,52,hybrid,HYBRID_ALPHA0.8_BETA0.2,0.8,0.2,100,1.0,0.90542,0.80915,0.02019,1.19398,0.92518,0.04757,,0.0042,0.01824,0.675
11,52,hybrid,HYBRID_ALPHA0.9_BETA0.1,0.9,0.1,100,1.0,0.89551,0.80462,0.01787,1.16484,0.91964,0.04258,,0.00306,0.02609,0.575
11,52,hybrid,HYBRID_ALPHA0.1_BETA0.9,0.1,0.9,100,0.0,1.02515,0.85664,0.03442,1.94775,1.11446,0.0954,,0.00611,0.04564,0.7
11,52,hybrid,HYBRID_ALPHA0.2_BETA0.8,0.2,0.8,100,0.0,0.96847,0.83302,0.03013,1.91785,1.1075,0.09605,,0.00614,0.04538,0.7
11,52,hybrid,HYBRID_ALPHA0.3_BETA0.7,0.3,0.7,100,0.0,0.97665,0.84002,0.03229,1.8658,1.0953,0.09775,,0.00621,0.0444,0.7
11,52,hybrid,HYBRID_ALPHA0.4_BETA0.6,0.4,0.6,100,0.0,0.97088,0.83775,0.03129,1.82572,1.08577,0.10073,,0.00636,0.04376,0.625
11,52,hybrid,HYBRID_ALPHA0.5_BETA0.5,0.5,0.5,100,0.0,0.96185,0.83415,0.02962,1.79733,1.07926,0.10173,,0.00639,0.04333,0.625
11,52,hybrid,HYBRID_ALPHA0.6_BETA0.4,0.6,0.4,100,0.0,0.95433,0.83113,0.02824,1.76005,1.07064,0.10206,,0.00638,0.0429,0.6
11,52,hybrid,HYBRID_ALPHA0.7_BETA0.3,0.7,0.3,100,0.0,0.91534,0.81354,0.02196,1.70354,1.05819,0.09914,,0.00617,0.04271,0.7
11,52,hybrid,HYBRID_ALPHA0.8_BETA0.2,0.8,0.2,100,0.0,0.90542,0.80915,0.02019,1.59228,1.0343,0.09121,,0.0056,0.04052,0.75
11,52,hybrid,HYBRID_ALPHA0.9_BETA0.1,0.9,0.1,100,0.0,0.89551,0.80462,0.01787,1.33377,0.96512,0.06063,,0.00377,0.03729,0.7
11,52,hybrid,HYBRID_ALPHA0.1_BETA0.9,0.1,0.9,300,1.0,0.98465,0.83336,0.016,1.62117,1.02856,0.04887,,0.00478,0.00888,0.6
11,52,hybrid,HYBRID_ALPHA0.2_BETA0.8,0.2,0.8,300,1.0,0.98277,0.83082,0.01571,1.3081,0.94326,0.04671,,0.00539,0.00852,0.6
11,52,hybrid,HYBRID_ALPHA0.3_BETA0.7,0.3,0.7,300,1.0,0.98554,0.83077,0.01554,1.2756,0.93627,0.04652,,0.0053,0.0085,0.6
11,52,hybrid,HYBRID_ALPHA0.4_BETA0.6,0.4,0.6,300,1.0,0.98628,0.83079,0.01543,1.12865,0.89324,0.02624,,0.00545,0.00631,0.6
11,52,hybrid,HYBRID_ALPHA0.5_BETA0.5,0.5,0.5,300,1.0,0.98663,0.83131,0.01539,1.09277,0.8854,0.02539,,0.00539,0.00637,0.6
11,52,hybrid,HYBRID_ALPHA0.6_BETA0.4,0.6,0.4,300,1.0,0.98414,0.83049,0.01517,0.99872,0.86329,0.01615,,0.00391,0.00775,0.55
11,52,hybrid,HYBRID_ALPHA0.7_BETA0.3,0.7,0.3,300,1.0,0.97518,0.82659,0.0148,0.99818,0.86229,0.01646,,0.00398,0.00776,0.575
11,52,hybrid,HYBRID_ALPHA0.8_BETA0.2,0.8,0.2,300,1.0,0.97422,0.82571,0.01431,0.99929,0.86146,0.01665,,0.00404,0.00779,0.575
11,52,hybrid,HYBRID_ALPHA0.9_BETA0.1,0.9,0.1,300,1.0,0.97953,0.82928,0.01373,0.99958,0.86076,0.01662,,0.0041,0.00784,0.6
11,52,hybrid,HYBRID_ALPHA0.1_BETA0.9,0.1,0.9,300,0.0,0.98465,0.83336,0.016,2.34005,1.20997,0.08518,,0.00549,0.02383,0.625
11,52,hybrid,HYBRID_ALPHA0.2_BETA0.8,0.2,0.8,300,0.0,0.98277,0.83082,0.01571,1.83801,1.08694,0.08229,,0.00557,0.02286,0.625
11,52,hybrid,HYBRID_ALPHA0.3_BETA0.7,0.3,0.7,300,0.0,0.98554,0.83077,0.01554,1.78248,1.07431,0.08312,,0.00558,0.02358,0.625
11,52,hybrid,HYBRID_ALPHA0.4_BETA0.6,0.4,0.6,300,0.0,0.98628,0.83079,0.01543,1.27536,0.94272,0.04004,,0.00388,0.01101,0.55
11,52,hybrid,HYBRID_ALPHA0.5_BETA0.5,0.5,0.5,300,0.0,0.98663,0.83131,0.01539,1.21728,0.92706,0.0393,,0.00384,0.01072,0.6
11,52,hybrid,HYBRID_ALPHA0.6_BETA0.4,0.6,0.4,300,0.0,0.98414,0.83049,0.01517,1.00165,0.87079,0.01423,,0.00373,0.01106,0.5
11,52,hybrid,HYBRID_ALPHA0.7_BETA0.3,0.7,0.3,300,0.0,0.97518,0.82659,0.0148,1.00404,0.87112,0.01483,,0.00381,0.0112,0.5
11,52,hybrid,HYBRID_ALPHA0.8_BETA0.2,0.8,0.2,300,0.0,0.97422,0.82571,0.01431,1.00995,0.8726,0.0161,,0.00398,0.0113,0.575
11,52,hybrid,HYBRID_ALPHA0.9_BETA0.1,0.9,0.1,300,0.0,0.97953,0.82928,0.01373,1.02406,0.87698,0.01779,,0.00403,0.01149,0.5
11,52,hybrid,HYBRID_ALPHA0.1_BETA0.9,0.1,0.9,500,1.0,0.92148,0.81332,0.0168,1.48637,0.98822,0.04483,,0.00567,0.00984,0.55
11,52,hybrid,HYBRID_ALPHA0.2_BETA0.8,0.2,0.8,500,1.0,0.96555,0.83533,0.0244,1.35377,0.95082,0.04575,,0.00576,0.00991,0.55
11,52,hybrid,HYBRID_ALPHA0.3_BETA0.7,0.3,0.7,500,1.0,0.96502,0.83611,0.02404,1.3138,0.94214,0.0459,,0.00554,0.01009,0.55
11,52,hybrid,HYBRID_ALPHA0.4_BETA0.6,0.4,0.6,500,1.0,0.9615,0.83507,0.02324,1.28739,0.93795,0.04667,,0.00538,0.01026,0.525
11,52,hybrid,HYBRID_ALPHA0.5_BETA0.5,0.5,0.5,500,1.0,0.95837,0.83436,0.02286,1.04692,0.8838,0.02258,,0.00483,0.01109,0.525
11,52,hybrid,HYBRID_ALPHA0.6_BETA0.4,0.6,0.4,500,1.0,0.94476,0.82831,0.02053,1.18464,0.90849,0.02965,,0.00477,0.01006,0.525
11,52,hybrid,HYBRID_ALPHA0.7_BETA0.3,0.7,0.3,500,1.0,0.94083,0.82669,0.02033,1.15143,0.9027,0.02593,,0.00444,0.01025,0.625
11,52,hybrid,HYBRID_ALPHA0.8_BETA0.2,0.8,0.2,500,1.0,0.94031,0.82681,0.02049,1.03663,0.88257,0.02085,,0.0046,0.01116,0.5
11,52,hybrid,HYBRID_ALPHA0.9_BETA0.1,0.9,0.1,500,1.0,0.93508,0.82497,0.02006,1.03753,0.88322,0.02037,,0.00454,0.01137,0.525
11,52,hybrid,HYBRID_ALPHA0.1_BETA0.9,0.1,0.9,500,0.0,0.92148,0.81332,0.0168,2.0626,1.13857,0.07318,,0.0052,0.02251,0.6
11,52,hybrid,HYBRID_ALPHA0.2_BETA0.8,0.2,0.8,500,0.0,0.96555,0.83533,0.0244,1.88423,1.09554,0.07404,,0.00529,0.02412,0.65
11,52,hybrid,HYBRID_ALPHA0.3_BETA0.7,0.3,0.7,500,0.0,0.96502,0.83611,0.02404,1.82009,1.08127,0.07637,,0.00535,0.02533,0.65
11,52,hybrid,HYBRID_ALPHA0.4_BETA0.6,0.4,0.6,500,0.0,0.9615,0.83507,0.02324,1.81059,1.07956,0.07902,,0.00545,0.02737,0.625
11,52,hybrid,HYBRID_ALPHA0.5_BETA0.5,0.5,0.5,500,0.0,0.95837,0.83436,0.02286,1.07852,0.89381,0.01707,,0.00386,0.01275,0.6
11,52,hybrid,HYBRID_ALPHA0.6_BETA0.4,0.6,0.4,500,0.0,0.94476,0.82831,0.02053,1.54086,1.01446,0.05728,,0.00447,0.02519,0.675
11,52,hybrid,HYBRID_ALPHA0.7_BETA0.3,0.7,0.3,500,0.0,0.94083,0.82669,0.02033,1.44249,0.98968,0.05341,,0.00422,0.02228,0.625
11,52,hybrid,HYBRID_ALPHA0.8_BETA0.2,0.8,0.2,500,0.0,0.94031,0.82681,0.02049,1.09,0.89866,0.01762,,0.00363,0.01366,0.55
11,52,hybrid,HYBRID_ALPHA0.9_BETA0.1,0.9,0.1,500,0.0,0.93508,0.82497,0.02006,1.09069,0.89953,0.01822,,0.0037,0.01363,0.55
11,52,mse,MSE,1.0,0.0,50,1.0,1.02091,0.84795,0.02671,1.0954,0.90123,0.04054,,0.00397,0.02452,0.6
11,52,mse,MSE,1.0,0.0,50,0.0,1.02091,0.84795,0.02671,1.18369,0.92798,0.06182,,0.00417,0.02394,0.55
11,52,mse,MSE,1.0,0.0,100,1.0,0.91667,0.81865,0.01704,1.16844,0.92338,0.03651,,0.00275,0.02576,0.625
11,52,mse,MSE,1.0,0.0,100,0.0,0.91667,0.81865,0.01704,1.33234,0.96652,0.06,,0.00363,0.03642,0.675
11,52,mse,MSE,1.0,0.0,300,1.0,0.96639,0.82732,0.01215,0.99841,0.85977,0.01607,,0.00405,0.00797,0.625
11,52,mse,MSE,1.0,0.0,300,0.0,0.96639,0.82732,0.01215,1.02398,0.87578,0.01783,,0.00406,0.0114,0.5
11,52,mse,MSE,1.0,0.0,500,1.0,0.93072,0.82344,0.01978,1.0268,0.88033,0.01703,,0.00404,0.01139,0.55
11,52,mse,MSE,1.0,0.0,500,0.0,0.93072,0.82344,0.01978,1.11167,0.90411,0.02002,,0.00337,0.01484,0.525
12,53,hsic,HSIC,0.0,1.0,50,1.0,1.41335,0.99059,0.14752,1.47132,1.00957,0.12914,,0.00744,0.092,0.575
12,53,hsic,HSIC,0.0,1.0,50,0.0,1.41335,0.99059,0.14752,2.70066,1.31206,0.12915,,0.00744,0.18558,0.775
12,53,hsic,HSIC,0.0,1.0,100,1.0,1.09883,0.89065,0.02326,1.59245,1.04118,0.03974,,0.00754,0.03604,0.7
12,53,hsic,HSIC,0.0,1.0,100,0.0,1.09883,0.89065,0.02326,1.31677,0.97583,0.0569,,0.00381,0.03953,0.675
12,53,hsic,HSIC,0.0,1.0,300,1.0,1.15291,0.90215,0.02659,1.48726,1.01227,0.12342,,0.0071,0.04886,0.55
12,53,hsic,HSIC,0.0,1.0,300,0.0,1.15291,0.90215,0.02659,2.69427,1.30936,0.12327,,0.00712,0.11532,0.625
12,53,hsic,HSIC,0.0,1.0,500,1.0,1.10674,0.87523,0.01497,1.51979,1.02064,0.12696,,0.00725,0.05943,0.525
12,53,hsic,HSIC,0.0,1.0,500,0.0,1.10674,0.87523,0.01497,2.67424,1.30574,0.12854,,0.00734,0.12413,0.675
12,53,hybrid,HYBRID_ALPHA0.1_BETA0.9,0.1,0.9,50,1.0,1.15784,0.88131,0.03694,1.47299,1.01075,0.13118,,0.00748,0.07743,0.55
12,53,hybrid,HYBRID_ALPHA0.2_BETA0.8,0.2,0.8,50,1.0,1.27726,0.91688,0.03649,1.36903,0.95376,0.04664,,0.00612,0.01606,0.625
12,53,hybrid,HYBRID_ALPHA0.3_BETA0.7,0.3,0.7,50,1.0,1.41082,0.95373,0.04295,1.25725,0.92542,0.0465,,0.00598,0.01606,0.65
12,53,hybrid,HYBRID_ALPHA0.4_BETA0.6,0.4,0.6,50,1.0,1.28518,0.92625,0.0386,1.20866,0.91719,0.04662,,0.00566,0.01673,0.625
12,53,hybrid,HYBRID_ALPHA0.5_BETA0.5,0.5,0.5,50,1.0,1.42234,0.9681,0.0471,1.17854,0.91081,0.04684,,0.00551,0.01742,0.625
12,53,hybrid,HYBRID_ALPHA0.6_BETA0.4,0.6,0.4,50,1.0,1.44386,0.97395,0.04618,1.15988,0.90654,0.0473,,0.00543,0.01819,0.625
12,53,hybrid,HYBRID_ALPHA0.7_BETA0.3,0.7,0.3,50,1.0,1.29996,0.92144,0.03532,1.14482,0.90375,0.04677,,0.00535,0.01815,0.65
12,53,hybrid,HYBRID_ALPHA0.8_BETA0.2,0.8,0.2,50,1.0,1.37541,0.94383,0.0349,1.13735,0.90599,0.04862,,0.00526,0.02005,0.575
12,53,hybrid,HYBRID_ALPHA0.9_BETA0.1,0.9,0.1,50,1.0,1.47228,0.96737,0.03337,1.13189,0.90687,0.04983,,0.00523,0.02124,0.6
12,53,hybrid,HYBRID_ALPHA0.1_BETA0.9,0.1,0.9,50,0.0,1.15784,0.88131,0.03694,2.62688,1.29379,0.13918,,0.0079,0.17157,0.775
12,53,hybrid,HYBRID_ALPHA0.2_BETA0.8,0.2,0.8,50,0.0,1.27726,0.91688,0.03649,2.15317,1.15668,0.0852,,0.00596,0.06092,0.725
12,53,hybrid,HYBRID_ALPHA0.3_BETA0.7,0.3,0.7,50,0.0,1.41082,0.95373,0.04295,1.96042,1.11077,0.08779,,0.00603,0.05778,0.675
12,53,hybrid,HYBRID_ALPHA0.4_BETA0.6,0.4,0.6,50,0.0,1.28518,0.92625,0.0386,1.84978,1.08678,0.09029,,0.00609,0.05608,0.625
12,53,hybrid,HYBRID_ALPHA0.5_BETA0.5,0.5,0.5,50,0.0,1.42234,0.9681,0.0471,1.76914,1.06881,0.09191,,0.00612,0.05483,0.625
12,53,hybrid,HYBRID_ALPHA0.6_BETA0.4,0.6,0.4,50,0.0,1.44386,0.97395,0.04618,1.70881,1.05457,0.09386,,0.00618,0.05338,0.6
12,53,hybrid,HYBRID_ALPHA0.7_BETA0.3,0.7,0.3,50,0.0,1.29996,0.92144,0.03532,1.65258,1.04134,0.09311,,0.00612,0.05322,0.6
12,53,hybrid,HYBRID_ALPHA0.8_BETA0.2,0.8,0.2,50,0.0,1.37541,0.94383,0.0349,1.59557,1.03004,0.09779,,0.00631,0.04999,0.725
12,53,hybrid,HYBRID_ALPHA0.9_BETA0.1,0.9,0.1,50,0.0,1.47228,0.96737,0.03337,1.55862,1.02261,0.09993,,0.00639,0.04881,0.7
12,53,hybrid,HYBRID_ALPHA0.1_BETA0.9,0.1,0.9,100,1.0,1.01666,0.86139,0.01446,1.53872,1.00582,0.03736,,0.00472,0.0139,0.575
12,53,hybrid,HYBRID_ALPHA0.2_BETA0.8,0.2,0.8,100,1.0,0.92523,0.81526,0.01215,1.38013,0.96135,0.03809,,0.00474,0.01406,0.6
12,53,hybrid,HYBRID_ALPHA0.3_BETA0.7,0.3,0.7,100,1.0,0.8865,0.7974,0.01097,1.2862,0.93783,0.03613,,0.00458,0.01457,0.55
12,53,hybrid,HYBRID_ALPHA0.4_BETA0.6,0.4,0.6,100,1.0,0.87397,0.79539,0.01044,1.1668,0.89995,0.0081,,0.00182,0.03471,0.7
12,53,hybrid,HYBRID_ALPHA0.5_BETA0.5,0.5,0.5,100,1.0,0.8682,0.79525,0.01099,1.17757,0.90819,0.01999,,0.00386,0.01521,0.65
12,53,hybrid,HYBRID_ALPHA0.6_BETA0.4,0.6,0.4,100,1.0,0.87307,0.79826,0.01127,1.16166,0.90468,0.01886,,0.00368,0.01548,0.65
12,53,hybrid,HYBRID_ALPHA0.7_BETA0.3,0.7,0.3,100,1.0,0.87917,0.80258,0.013,1.12936,0.88746,0.0076,,0.00187,0.03269,0.675
12,53,hybrid,HYBRID_ALPHA0.8_BETA0.2,0.8,0.2,100,1.0,0.87234,0.79965,0.01526,1.11672,0.8838,0.00735,,0.00189,0.0316,0.7
12,53,hybrid,HYBRID_ALPHA0.9_BETA0.1,0.9,0.1,100,1.0,0.91855,0.8199,0.02183,1.10443,0.88062,0.00717,,0.00191,0.03031,0.65
12,53,hybrid,HYBRID_ALPHA0.1_BETA0.9,0.1,0.9,100,0.0,1.01666,0.86139,0.01446,2.13581,1.15943,0.07161,,0.00498,0.03018,0.725
12,53,hybrid,HYBRID_ALPHA0.2_BETA0.8,0.2,0.8,100,0.0,0.92523,0.81526,0.01215,1.94274,1.11296,0.07029,,0.00491,0.03072,0.725
12,53,hybrid,HYBRID_ALPHA0.3_BETA0.7,0.3,0.7,100,0.0,0.8865,0.7974,0.01097,1.75019,1.0676,0.0664,,0.00469,0.0295,0.675
12,53,hybrid,HYBRID_ALPHA0.4_BETA0.6,0.4,0.6,100,0.0,0.87397,0.79539,0.01044,1.0307,0.87081,0.00898,,0.00223,0.02154,0.65
12,53,hybrid,HYBRID_ALPHA0.5_BETA0.5,0.5,0.5,100,0.0,0.8682,0.79525,0.01099,1.51767,1.01055,0.0501,,0.00392,0.02933,0.7
12,53,hybrid,HYBRID_ALPHA0.6_BETA0.4,0.6,0.4,100,0.0,0.87307,0.79826,0.01127,1.50099,1.00572,0.04948,,0.00386,0.02991,0.725
12,53,hybrid,HYBRID_ALPHA0.7_BETA0.3,0.7,0.3,100,0.0,0.87917,0.80258,0.013,1.0142,0.8632,0.00904,,0.00249,0.0217,0.625
12,53,hybrid,HYBRID_ALPHA0.8_BETA0.2,0.8,0.2,100,0.0,0.87234,0.79965,0.01526,1.01622,0.86334,0.00967,,0.00269,0.02179,0.575
12,53,hybrid,HYBRID_ALPHA0.9_BETA0.1,0.9,0.1,100,0.0,0.91855,0.8199,0.02183,1.019,0.86278,0.01026,,0.0029,0.02171,0.625
12,53,hybrid,HYBRID_ALPHA0.1_BETA0.9,0.1,0.9,300,1.0,0.9292,0.82155,0.02162,1.61764,1.02899,0.04092,,0.00588,0.01162,0.55
12,53,hybrid,HYBRID_ALPHA0.2_BETA0.8,0.2,0.8,300,1.0,0.92002,0.82088,0.01861,1.3567,0.95007,0.04226,,0.00618,0.01178,0.55
12,53,hybrid,HYBRID_ALPHA0.3_BETA0.7,0.3,0.7,300,1.0,0.91638,0.81954,0.01855,1.26115,0.92355,0.03903,,0.00593,0.01193,0.55
12,53,hybrid,HYBRID_ALPHA0.4_BETA0.6,0.4,0.6,300,1.0,0.91606,0.82027,0.01793,1.20616,0.91095,0.03703,,0.00587,0.01183,0.55
12,53,hybrid,HYBRID_ALPHA0.5_BETA0.5,0.5,0.5,300,1.0,0.91707,0.8215,0.01799,1.1776,0.90739,0.0358,,0.00564,0.01205,0.575
12,53,hybrid,HYBRID_ALPHA0.6_BETA0.4,0.6,0.4,300,1.0,0.9153,0.82138,0.01748,1.16533,0.90692,0.03507,,0.00536,0.01235,0.55
12,53,hybrid,HYBRID_ALPHA0.7_BETA0.3,0.7,0.3,300,1.0,0.91186,0.82045,0.01655,1.16471,0.90841,0.03873,,0.00518,0.01282,0.5
12,53,hybrid,HYBRID_ALPHA0.8_BETA0.2,0.8,0.2,300,1.0,0.91548,0.82243,0.01835,1.11609,0.91355,0.02576,,0.00453,0.01792,0.5
12,53,hybrid,HYBRID_ALPHA0.9_BETA0.1,0.9,0.1,300,1.0,0.90489,0.81834,0.01336,1.11511,0.91422,0.02546,,0.00445,0.01807,0.5
12,53,hybrid,HYBRID_ALPHA0.1_BETA0.9,0.1,0.9,300,0.0,0.9292,0.82155,0.02162,2.16883,1.16472,0.0646,,0.00488,0.024,0.675
12,53,hybrid,HYBRID_ALPHA0.2_BETA0.8,0.2,0.8,300,0.0,0.92002,0.82088,0.01861,1.93594,1.10429,0.07074,,0.00527,0.02531,0.675
12,53,hybrid,HYBRID_ALPHA0.3_BETA0.7,0.3,0.7,300,0.0,0.91638,0.81954,0.01855,1.69734,1.05034,0.06538,,0.00499,0.02387,0.6
12,53,hybrid,HYBRID_ALPHA0.4_BETA0.6,0.4,0.6,300,0.0,0.91606,0.82027,0.01793,1.54259,1.01408,0.06149,,0.00486,0.02311,0.675
12,53,hybrid,HYBRID_ALPHA0.5_BETA0.5,0.5,0.5,300,0.0,0.91707,0.8215,0.01799,1.46507,0.99474,0.06095,,0.0048,0.0229,0.65
12,53,hybrid,HYBRID_ALPHA0.6_BETA0.4,0.6,0.4,300,0.0,0.9153,0.82138,0.01748,1.43212,0.98735,0.06101,,0.00474,0.02306,0.7
12,53,hybrid,HYBRID_ALPHA0.7_BETA0.3,0.7,0.3,300,0.0,0.91186,0.82045,0.01655,1.48357,1.00076,0.07142,,0.00516,0.02517,0.65
12,53,hybrid,HYBRID_ALPHA0.8_BETA0.2,0.8,0.2,300,0.0,0.91548,0.82243,0.01835,1.13721,0.91492,0.03426,,0.00606,0.01588,0.55
12,53,hybrid,HYBRID_ALPHA0.9_BETA0.1,0.9,0.1,300,0.0,0.90489,0.81834,0.01336,1.14079,0.91678,0.03371,,0.00593,0.01605,0.5
12,53,hybrid,HYBRID_ALPHA0.1_BETA0.9,0.1,0.9,500,1.0,0.93879,0.82259,0.01352,1.64833,1.03634,0.04413,,0.00499,0.00969,0.575
12,53,hybrid,HYBRID_ALPHA0.2_BETA0.8,0.2,0.8,500,1.0,0.93538,0.82194,0.01508,1.34443,0.94957,0.04738,,0.00573,0.00977,0.55
12,53,hybrid,HYBRID_ALPHA0.3_BETA0.7,0.3,0.7,500,1.0,0.93066,0.82042,0.01446,1.28296,0.93406,0.04629,,0.00572,0.00986,0.575
12,53,hybrid,HYBRID_ALPHA0.4_BETA0.6,0.4,0.6,500,1.0,0.9235,0.81739,0.01418,1.20428,0.9105,0.04326,,0.00618,0.01001,0.55
12,53,hybrid,HYBRID_ALPHA0.5_BETA0.5,0.5,0.5,500,1.0,0.92409,0.81741,0.0136,1.17609,0.90477,0.04229,,0.0061,0.00989,0.6
12,53,hybrid,HYBRID_ALPHA0.6_BETA0.4,0.6,0.4,500,1.0,0.92216,0.81626,0.01337,1.16141,0.90331,0.04286,,0.0059,0.01019,0.55
12,53,hybrid,HYBRID_ALPHA0.7_BETA0.3,0.7,0.3,500,1.0,0.9207,0.81526,0.01308,1.15469,0.90321,0.04303,,0.00573,0.01021,0.6
12,53,hybrid,HYBRID_ALPHA0.8_BETA0.2,0.8,0.2,500,1.0,0.92094,0.81377,0.01297,1.15144,0.90347,0.04428,,0.0056,0.01041,0.6
12,53,hybrid,HYBRID_ALPHA0.9_BETA0.1,0.9,0.1,500,1.0,0.91605,0.81193,0.01249,1.151,0.90397,0.04562,,0.00551,0.0106,0.575
12,53,hybrid,HYBRID_ALPHA0.1_BETA0.9,0.1,0.9,500,0.0,0.93879,0.82259,0.01352,2.28659,1.1961,0.07722,,0.00516,0.0237,0.625
12,53,hybrid,HYBRID_ALPHA0.2_BETA0.8,0.2,0.8,500,0.0,0.93538,0.82194,0.01508,1.88499,1.0974,0.07965,,0.0055,0.02459,0.65
12,53,hybrid,HYBRID_ALPHA0.3_BETA0.7,0.3,0.7,500,0.0,0.93066,0.82042,0.01446,1.73674,1.06199,0.07798,,0.00544,0.02261,0.575
12,53,hybrid,HYBRID_ALPHA0.4_BETA0.6,0.4,0.6,500,0.0,0.9235,0.81739,0.01418,1.5577,1.01556,0.07479,,0.00556,0.01859,0.65
12,53,hybrid,HYBRID_ALPHA0.5_BETA0.5,0.5,0.5,500,0.0,0.92409,0.81741,0.0136,1.49484,1.00042,0.07491,,0.00557,0.01864,0.6
12,53,hybrid,HYBRID_ALPHA0.6_BETA0.4,0.6,0.4,500,0.0,0.92216,0.81626,0.01337,1.48963,0.99977,0.07944,,0.00571,0.01956,0.575
12,53,hybrid,HYBRID_ALPHA0.7_BETA0.3,0.7,0.3,500,0.0,0.9207,0.81526,0.01308,1.48052,0.99757,0.07602,,0.00554,0.02034,0.575
12,53,hybrid,HYBRID_ALPHA0.8_BETA0.2,0.8,0.2,500,0.0,0.92094,0.81377,0.01297,1.49302,1.00115,0.07974,,0.00567,0.02151,0.575
12,53,hybrid,HYBRID_ALPHA0.9_BETA0.1,0.9,0.1,500,0.0,0.91605,0.81193,0.01249,1.50049,1.00358,0.08218,,0.00575,0.02248,0.575
12,53,mse,MSE,1.0,0.0,50,1.0,1.42295,0.95214,0.02828,1.13219,0.9068,0.05047,,0.0053,0.02155,0.575
12,53,mse,MSE,1.0,0.0,50,0.0,1.42295,0.95214,0.02828,1.56017,1.02328,0.10156,,0.00649,0.0498,0.7
12,53,mse,MSE,1.0,0.0,100,1.0,0.904,0.81328,0.02159,1.1996,0.90888,0.01855,,0.00167,0.04422,0.675
12,53,mse,MSE,1.0,0.0,100,0.0,0.904,0.81328,0.02159,1.17431,0.92979,0.01617,,0.00284,0.02286,0.7
12,53,mse,MSE,1.0,0.0,300,1.0,0.90839,0.81952,0.01765,1.1158,0.91451,0.02523,,0.00438,0.01812,0.55
12,53,mse,MSE,1.0,0.0,300,0.0,0.90839,0.81952,0.01765,1.14242,0.91728,0.03357,,0.0059,0.01607,0.55
12,53,mse,MSE,1.0,0.0,500,1.0,0.91961,0.81374,0.01304,1.1519,0.90451,0.04683,,0.00544,0.0107,0.5
12,53,mse,MSE,1.0,0.0,500,0.0,0.91961,0.81374,0.01304,1.51049,1.00638,0.08233,,0.00573,0.02359,0.575
13,54,hsic,HSIC,0.0,1.0,50,1.0,1.53323,0.98793,0.01845,1.52152,1.02307,0.14301,,0.0081,0.06827,0.575
13,54,hsic,HSIC,0.0,1.0,50,0.0,1.53323,0.98793,0.01845,2.7036,1.31572,0.14749,,0.00835,0.13205,0.7
13,54,hsic,HSIC,0.0,1.0,100,1.0,1.09821,0.86079,0.01071,1.4953,1.01481,0.12699,,0.00725,0.06198,0.6
13,54,hsic,HSIC,0.0,1.0,100,0.0,1.09821,0.86079,0.01071,2.62236,1.29185,0.12864,,0.00735,0.12916,0.675
13,54,hsic,HSIC,0.0,1.0,300,1.0,1.2267,0.92423,0.04638,1.46663,1.0078,0.12348,,0.0071,0.06025,0.525
13,54,hsic,HSIC,0.0,1.0,300,0.0,1.2267,0.92423,0.04638,2.63973,1.29471,0.12312,,0.00712,0.13339,0.65
13,54,hsic,HSIC,0.0,1.0,500,1.0,1.12784,0.88205,0.01808,1.48779,1.01375,0.12886,,0.00736,0.05448,0.6
13,54,hsic,HSIC,0.0,1.0,500,0.0,1.12784,0.88205,0.01808,2.58272,1.28111,0.13018,,0.00743,0.12094,0.65
13,54,hybrid,HYBRID_ALPHA0.1_BETA0.9,0.1,0.9,50,1.0,1.2673,0.94128,0.08182,1.59911,1.02031,0.0471,,0.00583,0.0087,0.65
13,54,hybrid,HYBRID_ALPHA0.2_BETA0.8,0.2,0.8,50,1.0,0.9666,0.81035,0.01833,1.35124,0.95279,0.04367,,0.00573,0.00837,0.7
13,54,hybrid,HYBRID_ALPHA0.3_BETA0.7,0.3,0.7,50,1.0,1.04647,0.86222,0.03352,1.28838,0.94003,0.04285,,0.00544,0.00829,0.675
13,54,hybrid,HYBRID_ALPHA0.4_BETA0.6,0.4,0.6,50,1.0,1.06119,0.87194,0.03404,1.2706,0.93748,0.04286,,0.00528,0.00825,0.675
13,54,hybrid,HYBRID_ALPHA0.5_BETA0.5,0.5,0.5,50,1.0,1.05777,0.87064,0.03402,1.29356,0.94304,0.04454,,0.00535,0.0083,0.65
13,54,hybrid,HYBRID_ALPHA0.6_BETA0.4,0.6,0.4,50,1.0,1.03863,0.86982,0.03226,1.1237,0.90832,0.02714,,0.00332,0.01173,0.55
13,54,hybrid,HYBRID_ALPHA0.7_BETA0.3,0.7,0.3,50,1.0,1.04859,0.87379,0.03322,1.24606,0.93982,0.04676,,0.00569,0.01126,0.675
13,54,hybrid,HYBRID_ALPHA0.8_BETA0.2,0.8,0.2,50,1.0,1.04604,0.872,0.03337,1.24973,0.94227,0.05003,,0.00598,0.01214,0.625
13,54,hybrid,HYBRID_ALPHA0.9_BETA0.1,0.9,0.1,50,1.0,1.05161,0.87673,0.03281,1.20278,0.93191,0.04509,,0.00462,0.01432,0.625
13,54,hybrid,HYBRID_ALPHA0.1_BETA0.9,0.1,0.9,50,0.0,1.2673,0.94128,0.08182,2.40521,1.21994,0.08571,,0.0059,0.02457,0.575
13,54,hybrid,HYBRID_ALPHA0.2_BETA0.8,0.2,0.8,50,0.0,0.9666,0.81035,0.01833,1.97001,1.11328,0.07213,,0.00539,0.02553,0.65
13,54,hybrid,HYBRID_ALPHA0.3_BETA0.7,0.3,0.7,50,0.0,1.04647,0.86222,0.03352,1.82813,1.08092,0.06849,,0.0052,0.02512,0.65
13,54,hybrid,HYBRID_ALPHA0.4_BETA0.6,0.4,0.6,50,0.0,1.06119,0.87194,0.03404,1.7796,1.07077,0.06867,,0.00515,0.02521,0.625
13,54,hybrid,HYBRID_ALPHA0.5_BETA0.5,0.5,0.5,50,0.0,1.05777,0.87064,0.03402,1.82556,1.08149,0.07196,,0.00525,0.02694,0.675
13,54,hybrid,HYBRID_ALPHA0.6_BETA0.4,0.6,0.4,50,0.0,1.03863,0.86982,0.03226,1.26237,0.94621,0.03127,,0.00281,0.01112,0.625
13,54,hybrid,HYBRID_ALPHA0.7_BETA0.3,0.7,0.3,50,0.0,1.04859,0.87379,0.03322,1.49411,1.00022,0.0495,,0.00404,0.0202,0.675
13,54,hybrid,HYBRID_ALPHA0.8_BETA0.2,0.8,0.2,50,0.0,1.04604,0.872,0.03337,1.49597,1.00045,0.05294,,0.00421,0.02059,0.7
13,54,hybrid,HYBRID_ALPHA0.9_BETA0.1,0.9,0.1,50,0.0,1.05161,0.87673,0.03281,1.56403,1.02935,0.06469,,0.00571,0.01583,0.65
13,54,hybrid,HYBRID_ALPHA0.1_BETA0.9,0.1,0.9,100,1.0,0.87132,0.79755,0.0144,1.25724,0.92739,0.04265,,0.00556,0.01814,0.575
13,54,hybrid,HYBRID_ALPHA0.2_BETA0.8,0.2,0.8,100,1.0,0.85901,0.78326,0.01704,1.19767,0.9131,0.04179,,0.00571,0.01597,0.625
13,54,hybrid,HYBRID_ALPHA0.3_BETA0.7,0.3,0.7,100,1.0,0.85982,0.78337,0.01653,1.04602,0.87682,0.03475,,0.00648,0.021,0.55
13,54,hybrid,HYBRID_ALPHA0.4_BETA0.6,0.4,0.6,100,1.0,0.864,0.78724,0.01789,1.0369,0.87444,0.03082,,0.00593,0.01867,0.525
13,54,hybrid,HYBRID_ALPHA0.5_BETA0.5,0.5,0.5,100,1.0,0.86237,0.78493,0.0189,1.02257,0.87029,0.02723,,0.00549,0.01712,0.55
13,54,hybrid,HYBRID_ALPHA0.6_BETA0.4,0.6,0.4,100,1.0,0.86473,0.78504,0.01822,0.98154,0.86031,0.02271,,0.00512,0.02046,0.6
13,54,hybrid,HYBRID_ALPHA0.7_BETA0.3,0.7,0.3,100,1.0,0.86013,0.78419,0.01643,0.97847,0.85959,0.01984,,0.00474,0.01999,0.65
13,54,hybrid,HYBRID_ALPHA0.8_BETA0.2,0.8,0.2,100,1.0,0.94359,0.82553,0.02472,0.97622,0.85834,0.0167,,0.00427,0.01976,0.575
13,54,hybrid,HYBRID_ALPHA0.9_BETA0.1,0.9,0.1,100,1.0,0.97722,0.83747,0.03306,0.96591,0.85708,0.01489,,0.00392,0.01969,0.525
13,54,hybrid,HYBRID_ALPHA0.1_BETA0.9,0.1,0.9,100,0.0,0.87132,0.79755,0.0144,2.05812,1.13986,0.07217,,0.00503,0.03077,0.7
13,54,hybrid,HYBRID_ALPHA0.2_BETA0.8,0.2,0.8,100,0.0,0.85901,0.78326,0.01704,1.89063,1.09901,0.07047,,0.00504,0.0315,0.675
13,54,hybrid,HYBRID_ALPHA0.3_BETA0.7,0.3,0.7,100,0.0,0.85982,0.78337,0.01653,1.3419,0.95272,0.03814,,0.00449,0.02395,0.7
13,54,hybrid,HYBRID_ALPHA0.4_BETA0.6,0.4,0.6,100,0.0,0.864,0.78724,0.01789,1.34756,0.95618,0.04127,,0.00448,0.02485,0.75
13,54,hybrid,HYBRID_ALPHA0.5_BETA0.5,0.5,0.5,100,0.0,0.86237,0.78493,0.0189,1.29686,0.94206,0.04002,,0.00444,0.0247,0.65
13,54,hybrid,HYBRID_ALPHA0.6_BETA0.4,0.6,0.4,100,0.0,0.86473,0.78504,0.01822,1.11825,0.88131,0.02672,,0.00514,0.02441,0.575
13,54,hybrid,HYBRID_ALPHA0.7_BETA0.3,0.7,0.3,100,0.0,0.86013,0.78419,0.01643,1.11495,0.88154,0.02485,,0.0048,0.02504,0.6
13,54,hybrid,HYBRID_ALPHA0.8_BETA0.2,0.8,0.2,100,0.0,0.94359,0.82553,0.02472,1.13187,0.88803,0.02289,,0.00424,0.02651,0.65
13,54,hybrid,HYBRID_ALPHA0.9_BETA0.1,0.9,0.1,100,0.0,0.97722,0.83747,0.03306,1.10068,0.88456,0.01593,,0.00329,0.02767,0.725
13,54,hybrid,HYBRID_ALPHA0.1_BETA0.9,0.1,0.9,300,1.0,0.92154,0.81785,0.01446,1.13529,0.89945,0.02093,,0.00366,0.01086,0.575
13,54,hybrid,HYBRID_ALPHA0.2_BETA0.8,0.2,0.8,300,1.0,0.9187,0.81745,0.01422,1.05769,0.87919,0.02585,,0.00433,0.01133,0.525
13,54,hybrid,HYBRID_ALPHA0.3_BETA0.7,0.3,0.7,300,1.0,0.90957,0.80939,0.01322,1.30503,0.93696,0.0453,,0.00596,0.00979,0.675
13,54,hybrid,HYBRID_ALPHA0.4_BETA0.6,0.4,0.6,300,1.0,0.90599,0.80654,0.01243,1.24751,0.92282,0.04357,,0.00573,0.00983,0.65
13,54,hybrid,HYBRID_ALPHA0.5_BETA0.5,0.5,0.5,300,1.0,0.90344,0.80588,0.01205,1.02989,0.87161,0.01959,,0.00427,0.01028,0.525
13,54,hybrid,HYBRID_ALPHA0.6_BETA0.4,0.6,0.4,300,1.0,0.90804,0.80839,0.01157,1.07594,0.88106,0.03218,,0.00611,0.00923,0.525
13,54,hybrid,HYBRID_ALPHA0.7_BETA0.3,0.7,0.3,300,1.0,0.91169,0.81069,0.01136,1.09146,0.88275,0.02881,,0.00556,0.00927,0.5
13,54,hybrid,HYBRID_ALPHA0.8_BETA0.2,0.8,0.2,300,1.0,0.91212,0.81163,0.01106,1.09811,0.88539,0.02695,,0.00515,0.00942,0.525
13,54,hybrid,HYBRID_ALPHA0.9_BETA0.1,0.9,0.1,300,1.0,0.91199,0.81359,0.01102,1.09426,0.88495,0.02565,,0.00491,0.00956,0.525
13,54,hybrid,HYBRID_ALPHA0.1_BETA0.9,0.1,0.9,300,0.0,0.92154,0.81785,0.01446,1.73529,1.06153,0.04387,,0.00382,0.02609,0.675
13,54,hybrid,HYBRID_ALPHA0.2_BETA0.8,0.2,0.8,300,0.0,0.9187,0.81745,0.01422,1.54307,1.00516,0.04169,,0.00427,0.02798,0.65
13,54,hybrid,HYBRID_ALPHA0.3_BETA0.7,0.3,0.7,300,0.0,0.90957,0.80939,0.01322,1.94798,1.10701,0.08241,,0.00581,0.03361,0.65
13,54,hybrid,HYBRID_ALPHA0.4_BETA0.6,0.4,0.6,300,0.0,0.90599,0.80654,0.01243,1.83379,1.08118,0.08172,,0.00575,0.03322,0.625
13,54,hybrid,HYBRID_ALPHA0.5_BETA0.5,0.5,0.5,300,0.0,0.90344,0.80588,0.01205,1.2982,0.94884,0.04615,,0.00447,0.01857,0.65
13,54,hybrid,HYBRID_ALPHA0.6_BETA0.4,0.6,0.4,300,0.0,0.90804,0.80839,0.01157,1.3355,0.95845,0.05622,,0.00495,0.02027,0.75
13,54,hybrid,HYBRID_ALPHA0.7_BETA0.3,0.7,0.3,300,0.0,0.91169,0.81069,0.01136,1.38846,0.97375,0.06129,,0.00494,0.02076,0.65
13,54,hybrid,HYBRID_ALPHA0.8_BETA0.2,0.8,0.2,300,0.0,0.91212,0.81163,0.01106,1.4381,0.98692,0.06753,,0.00513,0.02222,0.675
13,54,hybrid,HYBRID_ALPHA0.9_BETA0.1,0.9,0.1,300,0.0,0.91199,0.81359,0.01102,1.4368,0.98715,0.06807,,0.0051,0.02252,0.65
13,54,hybrid,HYBRID_ALPHA0.1_BETA0.9,0.1,0.9,500,1.0,0.94047,0.82594,0.01726,1.57279,1.01417,0.04787,,0.00498,0.01005,0.6
13,54,hybrid,HYBRID_ALPHA0.2_BETA0.8,0.2,0.8,500,1.0,0.92998,0.82368,0.01659,1.30169,0.93802,0.04739,,0.00583,0.01019,0.6
13,54,hybrid,HYBRID_ALPHA0.3_BETA0.7,0.3,0.7,500,1.0,0.91922,0.82051,0.01526,1.21925,0.91739,0.04398,,0.00577,0.01035,0.6
13,54,hybrid,HYBRID_ALPHA0.4_BETA0.6,0.4,0.6,500,1.0,0.91311,0.81799,0.01446,1.18238,0.91059,0.04386,,0.00552,0.01052,0.6
13,54,hybrid,HYBRID_ALPHA0.5_BETA0.5,0.5,0.5,500,1.0,0.90767,0.81561,0.01388,1.16955,0.90825,0.04348,,0.00537,0.01048,0.6
13,54,hybrid,HYBRID_ALPHA0.6_BETA0.4,0.6,0.4,500,1.0,0.90357,0.81373,0.01351,1.15684,0.9056,0.04294,,0.00525,0.01047,0.625
13,54,hybrid,HYBRID_ALPHA0.7_BETA0.3,0.7,0.3,500,1.0,0.89978,0.81194,0.01318,1.15225,0.9048,0.04276,,0.00515,0.01046,0.6
13,54,hybrid,HYBRID_ALPHA0.8_BETA0.2,0.8,0.2,500,1.0,0.89707,0.81066,0.01301,1.02045,0.86812,0.01622,,0.00356,0.01032,0.525
13,54,hybrid,HYBRID_ALPHA0.9_BETA0.1,0.9,0.1,500,1.0,0.89531,0.80986,0.01287,1.0174,0.86783,0.01604,,0.00367,0.01032,0.575
13,54,hybrid,HYBRID_ALPHA0.1_BETA0.9,0.1,0.9,500,0.0,0.94047,0.82594,0.01726,2.31859,1.20392,0.08587,,0.00559,0.0282,0.575
13,54,hybrid,HYBRID_ALPHA0.2_BETA0.8,0.2,0.8,500,0.0,0.92998,0.82368,0.01659,1.86718,1.09047,0.08571,,0.00588,0.02529,0.6
13,54,hybrid,HYBRID_ALPHA0.3_BETA0.7,0.3,0.7,500,0.0,0.91922,0.82051,0.01526,1.68846,1.04807,0.08184,,0.00576,0.02288,0.55
13,54,hybrid,HYBRID_ALPHA0.4_BETA0.6,0.4,0.6,500,0.0,0.91311,0.81799,0.01446,1.61022,1.03065,0.08263,,0.00574,0.02332,0.575
13,54,hybrid,HYBRID_ALPHA0.5_BETA0.5,0.5,0.5,500,0.0,0.90767,0.81561,0.01388,1.56883,1.02131,0.0823,,0.0057,0.02359,0.575
13,54,hybrid,HYBRID_ALPHA0.6_BETA0.4,0.6,0.4,500,0.0,0.90357,0.81373,0.01351,1.54518,1.01588,0.08172,,0.00565,0.02413,0.625
13,54,hybrid,HYBRID_ALPHA0.7_BETA0.3,0.7,0.3,500,0.0,0.89978,0.81194,0.01318,1.524,1.01081,0.08153,,0.00562,0.02413,0.65
13,54,hybrid,HYBRID_ALPHA0.8_BETA0.2,0.8,0.2,500,0.0,0.89707,0.81066,0.01301,1.11534,0.89929,0.03037,,0.0036,0.01403,0.625
13,54,hybrid,HYBRID_ALPHA0.9_BETA0.1,0.9,0.1,500,0.0,0.89531,0.80986,0.01287,1.10318,0.89775,0.02677,,0.00359,0.01355,0.55
13,54,mse,MSE,1.0,0.0,50,1.0,1.04273,0.87447,0.03218,1.21737,0.93416,0.04182,,0.00461,0.01862,0.675
13,54,mse,MSE,1.0,0.0,50,0.0,1.04273,0.87447,0.03218,1.49415,1.0152,0.06459,,0.00633,0.01532,0.65
13,54,mse,MSE,1.0,0.0,100,1.0,0.95139,0.82942,0.02376,1.06277,0.87866,0.02551,,0.00441,0.01353,0.5
13,54,mse,MSE,1.0,0.0,100,0.0,0.95139,0.82942,0.02376,1.4055,0.97558,0.05437,,0.00457,0.0289,0.725
13,54,mse,MSE,1.0,0.0,300,1.0,0.91206,0.81492,0.01102,1.09163,0.88477,0.0247,,0.0047,0.0097,0.55
13,54,mse,MSE,1.0,0.0,300,0.0,0.91206,0.81492,0.01102,1.43728,0.98783,0.06874,,0.00509,0.02276,0.725
13,54,mse,MSE,1.0,0.0,500,1.0,0.89331,0.80891,0.01276,1.01547,0.86736,0.01638,,0.00367,0.01044,0.55
13,54,mse,MSE,1.0,0.0,500,0.0,0.89331,0.80891,0.01276,1.12147,0.90366,0.02688,,0.00356,0.01375,0.6
14,55,hsic,HSIC,0.0,1.0,50,1.0,1.28234,0.94694,0.08389,1.82515,1.08793,0.04512,,0.00602,0.01017,0.575
14,55,hsic,HSIC,0.0,1.0,50,0.0,1.28234,0.94694,0.08389,2.79263,1.32599,0.07644,,0.00557,0.02978,0.6
14,55,hsic,HSIC,0.0,1.0,100,1.0,1.06943,0.87913,0.03717,1.50013,1.01754,0.13732,,0.00781,0.04482,0.525
14,55,hsic,HSIC,0.0,1.0,100,0.0,1.06943,0.87913,0.03717,2.6344,1.2961,0.14239,,0.00807,0.12132,0.625
14,55,hsic,HSIC,0.0,1.0,300,1.0,1.13881,0.88061,0.017,2.0162,1.16536,0.03514,,0.0059,0.03219,0.55
14,55,hsic,HSIC,0.0,1.0,300,0.0,1.13881,0.88061,0.017,1.33484,0.97356,0.03047,,0.00468,0.03754,0.525
14,55,hsic,HSIC,0.0,1.0,500,1.0,1.123,0.88299,0.01798,1.45907,1.00584,0.12269,,0.00708,0.05258,0.525
14,55,hsic,HSIC,0.0,1.0,500,0.0,1.123,0.88299,0.01798,2.63128,1.29239,0.1236,,0.00715,0.12339,0.7
14,55,hybrid,HYBRID_ALPHA0.1_BETA0.9,0.1,0.9,50,1.0,1.2435,0.93489,0.08657,1.36501,0.95839,0.05122,,0.00553,0.01157,0.65
14,55,hybrid,HYBRID_ALPHA0.2_BETA0.8,0.2,0.8,50,1.0,0.89443,0.80081,0.01649,1.20397,0.91773,0.04914,,0.00545,0.01172,0.55
14,55,hybrid,HYBRID_ALPHA0.3_BETA0.7,0.3,0.7,50,1.0,0.92127,0.81406,0.0143,1.20152,0.92161,0.05574,,0.00517,0.01752,0.7
14,55,hybrid,HYBRID_ALPHA0.4_BETA0.6,0.4,0.6,50,1.0,0.89601,0.80763,0.01414,1.18817,0.91924,0.05876,,0.00528,0.01677,0.65
14,55,hybrid,HYBRID_ALPHA0.5_BETA0.5,0.5,0.5,50,1.0,0.90135,0.8087,0.01304,1.17179,0.91401,0.05707,,0.00523,0.0179,0.575
14,55,hybrid,HYBRID_ALPHA0.6_BETA0.4,0.6,0.4,50,1.0,0.92351,0.82277,0.01162,1.13897,0.9044,0.05479,,0.00513,0.01826,0.6
14,55,hybrid,HYBRID_ALPHA0.7_BETA0.3,0.7,0.3,50,1.0,0.9239,0.82389,0.01184,1.16292,0.91164,0.05912,,0.00524,0.01918,0.55
14,55,hybrid,HYBRID_ALPHA0.8_BETA0.2,0.8,0.2,50,1.0,0.9399,0.83204,0.01141,1.16251,0.91199,0.06057,,0.0053,0.01963,0.55
14,55,hybrid,HYBRID_ALPHA0.9_BETA0.1,0.9,0.1,50,1.0,0.94781,0.83383,0.01014,1.14141,0.90486,0.05767,,0.0052,0.02025,0.6
14,55,hybrid,HYBRID_ALPHA0.1_BETA0.9,0.1,0.9,50,0.0,1.2435,0.93489,0.08657,2.23856,1.18164,0.09474,,0.00621,0.03452,0.625
14,55,hybrid,HYBRID_ALPHA0.2_BETA0.8,0.2,0.8,50,0.0,0.89443,0.80081,0.01649,1.88219,1.09536,0.09295,,0.00615,0.03318,0.6
14,55,hybrid,HYBRID_ALPHA0.3_BETA0.7,0.3,0.7,50,0.0,0.92127,0.81406,0.0143,0.99563,0.84364,0.032,,0.00444,0.0153,0.525
14,55,hybrid,HYBRID_ALPHA0.4_BETA0.6,0.4,0.6,50,0.0,0.89601,0.80763,0.01414,0.98665,0.84549,0.01348,,0.00285,0.01423,0.575
14,55,hybrid,HYBRID_ALPHA0.5_BETA0.5,0.5,0.5,50,0.0,0.90135,0.8087,0.01304,0.96167,0.83686,0.01642,,0.00345,0.01313,0.625
14,55,hybrid,HYBRID_ALPHA0.6_BETA0.4,0.6,0.4,50,0.0,0.92351,0.82277,0.01162,0.95995,0.8379,0.0176,,0.00361,0.01469,0.575
14,55,hybrid,HYBRID_ALPHA0.7_BETA0.3,0.7,0.3,50,0.0,0.9239,0.82389,0.01184,0.98504,0.83838,0.02306,,0.0041,0.01651,0.6
14,55,hybrid,HYBRID_ALPHA0.8_BETA0.2,0.8,0.2,50,0.0,0.9399,0.83204,0.01141,0.99721,0.84381,0.02638,,0.00438,0.01886,0.6
14,55,hybrid,HYBRID_ALPHA0.9_BETA0.1,0.9,0.1,50,0.0,0.94781,0.83383,0.01014,1.02264,0.84903,0.02919,,0.00452,0.02393,0.525
14,55,hybrid,HYBRID_ALPHA0.1_BETA0.9,0.1,0.9,100,1.0,0.99659,0.85059,0.03234,1.72855,1.05686,0.04654,,0.00504,0.00984,0.6
14,55,hybrid,HYBRID_ALPHA0.2_BETA0.8,0.2,0.8,100,1.0,0.98025,0.84368,0.0312,1.03207,0.86584,0.04272,,0.0076,0.00908,0.575
14,55,hybrid,HYBRID_ALPHA0.3_BETA0.7,0.3,0.7,100,1.0,0.96373,0.83856,0.02478,0.99441,0.85718,0.04124,,0.00727,0.01044,0.5
14,55,hybrid,HYBRID_ALPHA0.4_BETA0.6,0.4,0.6,100,1.0,0.95798,0.83566,0.02347,1.09133,0.89801,0.02852,,0.00592,0.01069,0.525
14,55,hybrid,HYBRID_ALPHA0.5_BETA0.5,0.5,0.5,100,1.0,0.95266,0.83277,0.02206,1.06966,0.88951,0.02619,,0.00557,0.01098,0.55
14,55,hybrid,HYBRID_ALPHA0.6_BETA0.4,0.6,0.4,100,1.0,0.9481,0.83081,0.02133,0.95735,0.8431,0.03364,,0.00625,0.01202,0.525
14,55,hybrid,HYBRID_ALPHA0.7_BETA0.3,0.7,0.3,100,1.0,0.94443,0.82912,0.02102,1.06193,0.87422,0.01996,,0.00465,0.01365,0.55
14,55,hybrid,HYBRID_ALPHA0.8_BETA0.2,0.8,0.2,100,1.0,0.94481,0.82871,0.02164,1.05715,0.86769,0.01657,,0.00427,0.01412,0.625
14,55,hybrid,HYBRID_ALPHA0.9_BETA0.1,0.9,0.1,100,1.0,0.94532,0.82971,0.02044,1.05168,0.86671,0.01556,,0.00412,0.01396,0.625
14,55,hybrid,HYBRID_ALPHA0.1_BETA0.9,0.1,0.9,100,0.0,0.99659,0.85059,0.03234,2.59395,1.27333,0.07382,,0.00503,0.03612,0.7
14,55,hybrid,HYBRID_ALPHA0.2_BETA0.8,0.2,0.8,100,0.0,0.98025,0.84368,0.0312,1.23554,0.9189,0.029,,0.00591,0.02452,0.65
14,55,hybrid,HYBRID_ALPHA0.3_BETA0.7,0.3,0.7,100,0.0,0.96373,0.83856,0.02478,1.11281,0.87948,0.02619,,0.00559,0.01966,0.6
14,55,hybrid,HYBRID_ALPHA0.4_BETA0.6,0.4,0.6,100,0.0,0.95798,0.83566,0.02347,1.2885,0.94404,0.03089,,0.00584,0.01858,0.6
14,55,hybrid,HYBRID_ALPHA0.5_BETA0.5,0.5,0.5,100,0.0,0.95266,0.83277,0.02206,1.26122,0.93663,0.03016,,0.00575,0.01796,0.6
14,55,hybrid,HYBRID_ALPHA0.6_BETA0.4,0.6,0.4,100,0.0,0.9481,0.83081,0.02133,1.14555,0.89297,0.04834,,0.00776,0.01512,0.575
14,55,hybrid,HYBRID_ALPHA0.7_BETA0.3,0.7,0.3,100,0.0,0.94443,0.82912,0.02102,1.1045,0.89666,0.02224,,0.00468,0.0214,0.6
14,55,hybrid,HYBRID_ALPHA0.8_BETA0.2,0.8,0.2,100,0.0,0.94481,0.82871,0.02164,1.23824,0.9352,0.04759,,0.00808,0.01342,0.525
14,55,hybrid,HYBRID_ALPHA0.9_BETA0.1,0.9,0.1,100,0.0,0.94532,0.82971,0.02044,1.2316,0.93329,0.04752,,0.0081,0.01487,0.525
14,55,hybrid,HYBRID_ALPHA0.1_BETA0.9,0.1,0.9,300,1.0,0.94707,0.82234,0.01645,1.23456,0.91799,0.02483,,0.00481,0.01221,0.5
14,55,hybrid,HYBRID_ALPHA0.2_BETA0.8,0.2,0.8,300,1.0,0.94778,0.81877,0.01687,1.05324,0.89762,0.01792,,0.00418,0.01871,0.525
14,55,hybrid,HYBRID_ALPHA0.3_BETA0.7,0.3,0.7,300,1.0,0.95504,0.82063,0.01699,1.16654,0.90598,0.03944,,0.00538,0.01368,0.525
14,55,hybrid,HYBRID_ALPHA0.4_BETA0.6,0.4,0.6,300,1.0,0.96298,0.82369,0.01681,1.12047,0.89772,0.04051,,0.00548,0.01589,0.55
14,55,hybrid,HYBRID_ALPHA0.5_BETA0.5,0.5,0.5,300,1.0,0.97377,0.8268,0.01689,1.11022,0.89826,0.04132,,0.00538,0.0161,0.5
14,55,hybrid,HYBRID_ALPHA0.6_BETA0.4,0.6,0.4,300,1.0,0.98112,0.82987,0.01547,1.1056,0.89906,0.04107,,0.00525,0.01509,0.525
14,55,hybrid,HYBRID_ALPHA0.7_BETA0.3,0.7,0.3,300,1.0,0.98933,0.83331,0.01656,1.10379,0.90047,0.04144,,0.00515,0.01474,0.525
14,55,hybrid,HYBRID_ALPHA0.8_BETA0.2,0.8,0.2,300,1.0,0.99613,0.83678,0.01623,1.10255,0.90175,0.04155,,0.00505,0.01449,0.5
14,55,hybrid,HYBRID_ALPHA0.9_BETA0.1,0.9,0.1,300,1.0,1.00047,0.83871,0.01602,1.09919,0.90249,0.04051,,0.00493,0.0141,0.525
14,55,hybrid,HYBRID_ALPHA0.1_BETA0.9,0.1,0.9,300,0.0,0.94707,0.82234,0.01645,1.57912,1.02361,0.03884,,0.00367,0.01145,0.6
14,55,hybrid,HYBRID_ALPHA0.2_BETA0.8,0.2,0.8,300,0.0,0.94778,0.81877,0.01687,1.0331,0.88544,0.02447,,0.00506,0.01163,0.575
14,55,hybrid,HYBRID_ALPHA0.3_BETA0.7,0.3,0.7,300,0.0,0.95504,0.82063,0.01699,1.55909,1.0184,0.07358,,0.00524,0.01421,0.625
14,55,hybrid,HYBRID_ALPHA0.4_BETA0.6,0.4,0.6,300,0.0,0.96298,0.82369,0.01681,1.47812,0.99845,0.08161,,0.00568,0.01453,0.65
14,55,hybrid,HYBRID_ALPHA0.5_BETA0.5,0.5,0.5,300,0.0,0.97377,0.8268,0.01689,1.46872,0.99669,0.08227,,0.0057,0.01554,0.625
14,55,hybrid,HYBRID_ALPHA0.6_BETA0.4,0.6,0.4,300,0.0,0.98112,0.82987,0.01547,1.44041,0.99024,0.08221,,0.00568,0.01589,0.6
14,55,hybrid,HYBRID_ALPHA0.7_BETA0.3,0.7,0.3,300,0.0,0.98933,0.83331,0.01656,1.42448,0.98737,0.08278,,0.00568,0.01634,0.575
14,55,hybrid,HYBRID_ALPHA0.8_BETA0.2,0.8,0.2,300,0.0,0.99613,0.83678,0.01623,1.40888,0.98451,0.08304,,0.00567,0.0167,0.6
14,55,hybrid,HYBRID_ALPHA0.9_BETA0.1,0.9,0.1,300,0.0,1.00047,0.83871,0.01602,1.38267,0.97878,0.08182,,0.0056,0.01681,0.65
14,55,hybrid,HYBRID_ALPHA0.1_BETA0.9,0.1,0.9,500,1.0,0.92496,0.82069,0.01678,1.0171,0.86994,0.02262,,0.0051,0.01127,0.55
14,55,hybrid,HYBRID_ALPHA0.2_BETA0.8,0.2,0.8,500,1.0,0.91915,0.81997,0.01636,1.40036,0.96341,0.04737,,0.0058,0.00911,0.5
14,55,hybrid,HYBRID_ALPHA0.3_BETA0.7,0.3,0.7,500,1.0,0.90846,0.8171,0.01474,1.2925,0.93604,0.04621,,0.00567,0.00915,0.525
14,55,hybrid,HYBRID_ALPHA0.4_BETA0.6,0.4,0.6,500,1.0,0.90593,0.81633,0.01381,1.24769,0.92588,0.04509,,0.00555,0.00907,0.525
14,55,hybrid,HYBRID_ALPHA0.5_BETA0.5,0.5,0.5,500,1.0,0.90489,0.81589,0.01294,1.12951,0.89617,0.03709,,0.00537,0.00839,0.575
14,55,hybrid,HYBRID_ALPHA0.6_BETA0.4,0.6,0.4,500,1.0,0.90393,0.8154,0.01218,0.99505,0.86186,0.01431,,0.00358,0.01154,0.525
14,55,hybrid,HYBRID_ALPHA0.7_BETA0.3,0.7,0.3,500,1.0,0.90348,0.81517,0.01157,0.99512,0.86227,0.01413,,0.00352,0.01152,0.525
14,55,hybrid,HYBRID_ALPHA0.8_BETA0.2,0.8,0.2,500,1.0,0.90133,0.814,0.01121,0.99937,0.86351,0.02171,,0.00501,0.01011,0.525
14,55,hybrid,HYBRID_ALPHA0.9_BETA0.1,0.9,0.1,500,1.0,0.90411,0.81542,0.01402,0.99562,0.86281,0.0141,,0.00351,0.01147,0.525
14,55,hybrid,HYBRID_ALPHA0.1_BETA0.9,0.1,0.9,500,0.0,0.92496,0.82069,0.01678,1.05214,0.87786,0.02525,,0.00536,0.01152,0.525
14,55,hybrid,HYBRID_ALPHA0.2_BETA0.8,0.2,0.8,500,0.0,0.91915,0.81997,0.01636,2.19374,1.16879,0.08275,,0.00572,0.03224,0.625
14,55,hybrid,HYBRID_ALPHA0.3_BETA0.7,0.3,0.7,500,0.0,0.90846,0.8171,0.01474,1.99953,1.12179,0.08574,,0.00587,0.03223,0.625
14,55,hybrid,HYBRID_ALPHA0.4_BETA0.6,0.4,0.6,500,0.0,0.90593,0.81633,0.01381,1.90707,1.09998,0.08671,,0.00591,0.03228,0.625
14,55,hybrid,HYBRID_ALPHA0.5_BETA0.5,0.5,0.5,500,0.0,0.90489,0.81589,0.01294,1.58191,1.02253,0.07867,,0.00566,0.02689,0.65
14,55,hybrid,HYBRID_ALPHA0.6_BETA0.4,0.6,0.4,500,0.0,0.90393,0.8154,0.01218,1.08021,0.88765,0.02008,,0.0039,0.01322,0.575
14,55,hybrid,HYBRID_ALPHA0.7_BETA0.3,0.7,0.3,500,0.0,0.90348,0.81517,0.01157,1.08876,0.89116,0.02164,,0.00383,0.01356,0.6
14,55,hybrid,HYBRID_ALPHA0.8_BETA0.2,0.8,0.2,500,0.0,0.90133,0.814,0.01121,1.02447,0.87343,0.02964,,0.00603,0.01228,0.5
14,55,hybrid,HYBRID_ALPHA0.9_BETA0.1,0.9,0.1,500,0.0,0.90411,0.81542,0.01402,1.10386,0.89627,0.02484,,0.00392,0.0139,0.55
14,55,mse,MSE,1.0,0.0,50,1.0,0.94866,0.83649,0.01126,1.06792,0.88334,0.04398,,0.00455,0.02126,0.575
14,55,mse,MSE,1.0,0.0,50,0.0,0.94866,0.83649,0.01126,1.05471,0.84721,0.02906,,0.00436,0.02853,0.575
14,55,mse,MSE,1.0,0.0,100,1.0,0.95261,0.83528,0.01841,1.04986,0.8671,0.01527,,0.00394,0.01441,0.625
14,55,mse,MSE,1.0,0.0,100,0.0,0.95261,0.83528,0.01841,1.2064,0.92207,0.04601,,0.00794,0.01493,0.525
14,55,mse,MSE,1.0,0.0,300,1.0,0.97274,0.83014,0.01226,1.10149,0.90419,0.04118,,0.00484,0.01443,0.55
14,55,mse,MSE,1.0,0.0,300,0.0,0.97274,0.83014,0.01226,1.37429,0.97729,0.08267,,0.00561,0.01699,0.625
14,55,mse,MSE,1.0,0.0,500,1.0,0.9117,0.81955,0.01558,0.99531,0.86277,0.01391,,0.0035,0.01139,0.55
14,55,mse,MSE,1.0,0.0,500,0.0,0.9117,0.81955,0.01558,1.10057,0.89598,0.02509,,0.00397,0.0139,0.6
15,56,hsic,HSIC,0.0,1.0,50,1.0,1.66005,1.03415,0.06999,1.46807,1.00809,0.12467,,0.00718,0.10549,0.6
15,56,hsic,HSIC,0.0,1.0,50,0.0,1.66005,1.03415,0.06999,2.63624,1.29434,0.12577,,0.00724,0.1959,0.675
15,56,hsic,HSIC,0.0,1.0,100,1.0,1.21591,0.91583,0.0241,1.49003,1.01284,0.12199,,0.00702,0.06988,0.6
15,56,hsic,HSIC,0.0,1.0,100,0.0,1.21591,0.91583,0.0241,2.57467,1.27798,0.12361,,0.00712,0.13734,0.7
15,56,hsic,HSIC,0.0,1.0,300,1.0,1.15905,0.89345,0.01535,1.46037,1.00616,0.1225,,0.00707,0.07273,0.6
15,56,hsic,HSIC,0.0,1.0,300,0.0,1.15905,0.89345,0.01535,2.63206,1.29251,0.12345,,0.00714,0.14586,0.675
15,56,hsic,HSIC,0.0,1.0,500,1.0,1.15251,0.89081,0.01476,1.45603,1.00521,0.12394,,0.00716,0.07928,0.575
15,56,hsic,HSIC,0.0,1.0,500,0.0,1.15251,0.89081,0.01476,2.63647,1.29398,0.12459,,0.0072,0.14963,0.7
15,56,hybrid,HYBRID_ALPHA0.1_BETA0.9,0.1,0.9,50,1.0,0.95,0.79137,0.05202,1.44861,0.98549,0.05694,,0.00508,0.01181,0.625
15,56,hybrid,HYBRID_ALPHA0.2_BETA0.8,0.2,0.8,50,1.0,0.93225,0.79762,0.04502,1.42943,0.97948,0.05541,,0.00513,0.01186,0.6
15,56,hybrid,HYBRID_ALPHA0.3_BETA0.7,0.3,0.7,50,1.0,0.93688,0.80392,0.04112,1.46481,0.98886,0.0556,,0.00504,0.01239,0.55
15,56,hybrid,HYBRID_ALPHA0.4_BETA0.6,0.4,0.6,50,1.0,0.93957,0.80503,0.03886,1.13878,0.90719,0.01042,,0.00206,0.02767,0.675
15,56,hybrid,HYBRID_ALPHA0.5_BETA0.5,0.5,0.5,50,1.0,0.95542,0.81374,0.03876,1.11964,0.90063,0.01045,,0.00229,0.02595,0.7
15,56,hybrid,HYBRID_ALPHA0.6_BETA0.4,0.6,0.4,50,1.0,0.96091,0.81791,0.03726,1.13335,0.90852,0.02418,,0.00516,0.01613,0.6
15,56,hybrid,HYBRID_ALPHA0.7_BETA0.3,0.7,0.3,50,1.0,0.97365,0.82697,0.03253,1.16856,0.91795,0.02876,,0.00584,0.01607,0.6
15,56,hybrid,HYBRID_ALPHA0.8_BETA0.2,0.8,0.2,50,1.0,0.97788,0.83016,0.03139,1.21013,0.92687,0.02963,,0.0058,0.01634,0.6
15,56,hybrid,HYBRID_ALPHA0.9_BETA0.1,0.9,0.1,50,1.0,0.98245,0.83389,0.03132,1.22489,0.92847,0.03046,,0.00583,0.0169,0.625
15,56,hybrid,HYBRID_ALPHA0.1_BETA0.9,0.1,0.9,50,0.0,0.95,0.79137,0.05202,2.42853,1.2322,0.09488,,0.00599,0.06013,0.525
15,56,hybrid,HYBRID_ALPHA0.2_BETA0.8,0.2,0.8,50,0.0,0.93225,0.79762,0.04502,2.37124,1.21672,0.09163,,0.00588,0.05984,0.525
15,56,hybrid,HYBRID_ALPHA0.3_BETA0.7,0.3,0.7,50,0.0,0.93688,0.80392,0.04112,2.36535,1.21549,0.09092,,0.00584,0.05799,0.525
15,56,hybrid,HYBRID_ALPHA0.4_BETA0.6,0.4,0.6,50,0.0,0.93957,0.80503,0.03886,1.03456,0.88672,0.01511,,0.00306,0.01284,0.55
15,56,hybrid,HYBRID_ALPHA0.5_BETA0.5,0.5,0.5,50,0.0,0.95542,0.81374,0.03876,1.02754,0.88195,0.01351,,0.00273,0.01545,0.55
15,56,hybrid,HYBRID_ALPHA0.6_BETA0.4,0.6,0.4,50,0.0,0.96091,0.81791,0.03726,1.11061,0.89619,0.01686,,0.00355,0.01827,0.6
15,56,hybrid,HYBRID_ALPHA0.7_BETA0.3,0.7,0.3,50,0.0,0.97365,0.82697,0.03253,1.09409,0.89116,0.01479,,0.00294,0.02057,0.6
15,56,hybrid,HYBRID_ALPHA0.8_BETA0.2,0.8,0.2,50,0.0,0.97788,0.83016,0.03139,1.13733,0.90169,0.02034,,0.00281,0.02299,0.675
15,56,hybrid,HYBRID_ALPHA0.9_BETA0.1,0.9,0.1,50,0.0,0.98245,0.83389,0.03132,1.14882,0.90038,0.02433,,0.00306,0.02381,0.625
15,56,hybrid,HYBRID_ALPHA0.1_BETA0.9,0.1,0.9,100,1.0,0.96229,0.8347,0.02674,1.64157,1.03237,0.04406,,0.00563,0.00835,0.625
15,56,hybrid,HYBRID_ALPHA0.2_BETA0.8,0.2,0.8,100,1.0,0.97347,0.83925,0.02637,1.36072,0.95193,0.0409,,0.0055,0.00835,0.575
15,56,hybrid,HYBRID_ALPHA0.3_BETA0.7,0.3,0.7,100,1.0,0.96889,0.83883,0.02531,1.25066,0.92578,0.04073,,0.00533,0.00837,0.6
15,56,hybrid,HYBRID_ALPHA0.4_BETA0.6,0.4,0.6,100,1.0,0.97517,0.84116,0.02658,1.08331,0.90807,0.01703,,0.00383,0.01744,0.55
15,56,hybrid,HYBRID_ALPHA0.5_BETA0.5,0.5,0.5,100,1.0,0.96758,0.83866,0.02641,1.12008,0.92127,0.02054,,0.00412,0.01854,0.5
15,56,hybrid,HYBRID_ALPHA0.6_BETA0.4,0.6,0.4,100,1.0,0.97804,0.84325,0.03029,1.12918,0.92475,0.02222,,0.00406,0.02202,0.575
15,56,hybrid,HYBRID_ALPHA0.7_BETA0.3,0.7,0.3,100,1.0,0.98038,0.8442,0.03292,1.14197,0.92469,0.02379,,0.00404,0.02758,0.575
15,56,hybrid,HYBRID_ALPHA0.8_BETA0.2,0.8,0.2,100,1.0,0.98361,0.84498,0.03518,1.16006,0.92783,0.02491,,0.00403,0.03159,0.575
15,56,hybrid,HYBRID_ALPHA0.9_BETA0.1,0.9,0.1,100,1.0,0.98788,0.84591,0.03744,1.18015,0.93359,0.02505,,0.00386,0.03511,0.55
15,56,hybrid,HYBRID_ALPHA0.1_BETA0.9,0.1,0.9,100,0.0,0.96229,0.8347,0.02674,2.43267,1.23053,0.07058,,0.00513,0.01775,0.675
15,56,hybrid,HYBRID_ALPHA0.2_BETA0.8,0.2,0.8,100,0.0,0.97347,0.83925,0.02637,2.00383,1.12331,0.06523,,0.00485,0.01716,0.675
15,56,hybrid,HYBRID_ALPHA0.3_BETA0.7,0.3,0.7,100,0.0,0.96889,0.83883,0.02531,1.79296,1.07531,0.06873,,0.00498,0.01707,0.6
15,56,hybrid,HYBRID_ALPHA0.4_BETA0.6,0.4,0.6,100,0.0,0.97517,0.84116,0.02658,1.0889,0.90766,0.02214,,0.00296,0.01495,0.575
15,56,hybrid,HYBRID_ALPHA0.5_BETA0.5,0.5,0.5,100,0.0,0.96758,0.83866,0.02641,1.10813,0.91543,0.02204,,0.00353,0.01721,0.575
15,56,hybrid,HYBRID_ALPHA0.6_BETA0.4,0.6,0.4,100,0.0,0.97804,0.84325,0.03029,1.11058,0.91722,0.02404,,0.00388,0.0191,0.55
15,56,hybrid,HYBRID_ALPHA0.7_BETA0.3,0.7,0.3,100,0.0,0.98038,0.8442,0.03292,1.11961,0.919,0.02679,,0.00422,0.02057,0.5
15,56,hybrid,HYBRID_ALPHA0.8_BETA0.2,0.8,0.2,100,0.0,0.98361,0.84498,0.03518,1.13057,0.92112,0.02944,,0.00452,0.02146,0.575
15,56,hybrid,HYBRID_ALPHA0.9_BETA0.1,0.9,0.1,100,0.0,0.98788,0.84591,0.03744,1.15267,0.92729,0.03319,,0.00502,0.02246,0.55
15,56,hybrid,HYBRID_ALPHA0.1_BETA0.9,0.1,0.9,300,1.0,0.91291,0.81596,0.01466,1.71478,1.05438,0.0459,,0.00567,0.00828,0.6
15,56,hybrid,HYBRID_ALPHA0.2_BETA0.8,0.2,0.8,300,1.0,0.91285,0.81571,0.01585,0.98628,0.85521,0.02499,,0.00548,0.01123,0.525
15,56,hybrid,HYBRID_ALPHA0.3_BETA0.7,0.3,0.7,300,1.0,0.91748,0.8171,0.01664,0.98328,0.85258,0.02606,,0.00563,0.0105,0.525
15,56,hybrid,HYBRID_ALPHA0.4_BETA0.6,0.4,0.6,300,1.0,0.92214,0.8196,0.01775,0.99053,0.85784,0.02535,,0.00554,0.01038,0.6
15,56,hybrid,HYBRID_ALPHA0.5_BETA0.5,0.5,0.5,300,1.0,0.92153,0.81915,0.01763,0.99014,0.85776,0.02473,,0.00546,0.01029,0.55
15,56,hybrid,HYBRID_ALPHA0.6_BETA0.4,0.6,0.4,300,1.0,0.91753,0.81797,0.0175,0.98939,0.85589,0.02616,,0.00564,0.01027,0.575
15,56,hybrid,HYBRID_ALPHA0.7_BETA0.3,0.7,0.3,300,1.0,0.91247,0.81551,0.01699,0.98444,0.85184,0.02673,,0.00571,0.01011,0.525
15,56,hybrid,HYBRID_ALPHA0.8_BETA0.2,0.8,0.2,300,1.0,0.91255,0.81617,0.017,0.98735,0.85167,0.02554,,0.00558,0.00951,0.55
15,56,hybrid,HYBRID_ALPHA0.9_BETA0.1,0.9,0.1,300,1.0,0.90794,0.81395,0.01488,0.98141,0.85888,0.01798,,0.0043,0.01193,0.55
15,56,hybrid,HYBRID_ALPHA0.1_BETA0.9,0.1,0.9,300,0.0,0.91291,0.81596,0.01466,2.56062,1.26197,0.08189,,0.00558,0.024,0.65
15,56,hybrid,HYBRID_ALPHA0.2_BETA0.8,0.2,0.8,300,0.0,0.91285,0.81571,0.01585,1.00859,0.85608,0.04038,,0.00684,0.00949,0.5
15,56,hybrid,HYBRID_ALPHA0.3_BETA0.7,0.3,0.7,300,0.0,0.91748,0.8171,0.01664,0.99844,0.85499,0.03922,,0.00687,0.01086,0.525
15,56,hybrid,HYBRID_ALPHA0.4_BETA0.6,0.4,0.6,300,0.0,0.92214,0.8196,0.01775,0.99957,0.85993,0.02933,,0.00603,0.01201,0.525
15,56,hybrid,HYBRID_ALPHA0.5_BETA0.5,0.5,0.5,300,0.0,0.92153,0.81915,0.01763,1.00052,0.86121,0.02822,,0.00589,0.01213,0.55
15,56,hybrid,HYBRID_ALPHA0.6_BETA0.4,0.6,0.4,300,0.0,0.91753,0.81797,0.0175,1.00527,0.86067,0.03059,,0.00614,0.01232,0.575
15,56,hybrid,HYBRID_ALPHA0.7_BETA0.3,0.7,0.3,300,0.0,0.91247,0.81551,0.01699,1.00322,0.85633,0.03625,,0.00675,0.01159,0.5
15,56,hybrid,HYBRID_ALPHA0.8_BETA0.2,0.8,0.2,300,0.0,0.91255,0.81617,0.017,1.00773,0.85729,0.03619,,0.00676,0.01148,0.525
15,56,hybrid,HYBRID_ALPHA0.9_BETA0.1,0.9,0.1,300,0.0,0.90794,0.81395,0.01488,1.03677,0.87126,0.02295,,0.0045,0.01123,0.575
15,56,hybrid,HYBRID_ALPHA0.1_BETA0.9,0.1,0.9,500,1.0,0.9405,0.82584,0.014,1.08424,0.87035,0.02969,,0.00575,0.01205,0.65
15,56,hybrid,HYBRID_ALPHA0.2_BETA0.8,0.2,0.8,500,1.0,0.89858,0.8089,0.01095,1.41094,0.96674,0.04392,,0.0065,0.00796,0.55
15,56,hybrid,HYBRID_ALPHA0.3_BETA0.7,0.3,0.7,500,1.0,0.92268,0.82165,0.0124,1.07135,0.87595,0.03314,,0.00615,0.0127,0.625
15,56,hybrid,HYBRID_ALPHA0.4_BETA0.6,0.4,0.6,500,1.0,0.92058,0.82104,0.01188,1.10987,0.8786,0.0313,,0.00605,0.01462,0.6
15,56,hybrid,HYBRID_ALPHA0.5_BETA0.5,0.5,0.5,500,1.0,0.91897,0.82046,0.01142,1.10898,0.87997,0.0313,,0.00604,0.01483,0.65
15,56,hybrid,HYBRID_ALPHA0.6_BETA0.4,0.6,0.4,500,1.0,0.91711,0.81966,0.0111,1.04725,0.86329,0.02663,,0.0055,0.00971,0.575
15,56,hybrid,HYBRID_ALPHA0.7_BETA0.3,0.7,0.3,500,1.0,0.91602,0.81932,0.01083,1.04517,0.86316,0.02634,,0.00549,0.01,0.55
15,56,hybrid,HYBRID_ALPHA0.8_BETA0.2,0.8,0.2,500,1.0,0.91343,0.81818,0.01053,1.04361,0.86344,0.02555,,0.00542,0.01033,0.6
15,56,hybrid,HYBRID_ALPHA0.9_BETA0.1,0.9,0.1,500,1.0,0.90403,0.81201,0.00966,1.03987,0.86298,0.02433,,0.00529,0.01055,0.525
15,56,hybrid,HYBRID_ALPHA0.1_BETA0.9,0.1,0.9,500,0.0,0.9405,0.82584,0.014,1.05066,0.87607,0.05906,,0.00814,0.01546,0.55
15,56,hybrid,HYBRID_ALPHA0.2_BETA0.8,0.2,0.8,500,0.0,0.89858,0.8089,0.01095,1.92765,1.10258,0.06723,,0.0052,0.01777,0.575
15,56,hybrid,HYBRID_ALPHA0.3_BETA0.7,0.3,0.7,500,0.0,0.92268,0.82165,0.0124,1.04592,0.87504,0.05871,,0.00838,0.01403,0.55
15,56,hybrid,HYBRID_ALPHA0.4_BETA0.6,0.4,0.6,500,0.0,0.92058,0.82104,0.01188,1.05752,0.8815,0.0494,,0.00783,0.01895,0.55
15,56,hybrid,HYBRID_ALPHA0.5_BETA0.5,0.5,0.5,500,0.0,0.91897,0.82046,0.01142,1.05744,0.88134,0.05011,,0.00789,0.01858,0.575
15,56,hybrid,HYBRID_ALPHA0.6_BETA0.4,0.6,0.4,500,0.0,0.91711,0.81966,0.0111,1.00075,0.86007,0.02498,,0.00527,0.0122,0.525
15,56,hybrid,HYBRID_ALPHA0.7_BETA0.3,0.7,0.3,500,0.0,0.91602,0.81932,0.01083,0.99683,0.85815,0.02506,,0.00527,0.01244,0.525
15,56,hybrid,HYBRID_ALPHA0.8_BETA0.2,0.8,0.2,500,0.0,0.91343,0.81818,0.01053,0.996,0.85795,0.02479,,0.00517,0.01267,0.525
15,56,hybrid,HYBRID_ALPHA0.9_BETA0.1,0.9,0.1,500,0.0,0.90403,0.81201,0.00966,0.9977,0.85919,0.02451,,0.00504,0.01284,0.55
15,56,mse,MSE,1.0,0.0,50,1.0,0.98862,0.83787,0.03157,1.30578,0.94799,0.02502,,0.00433,0.02179,0.675
15,56,mse,MSE,1.0,0.0,50,0.0,0.98862,0.83787,0.03157,1.29206,0.93962,0.04488,,0.00382,0.02631,0.625
15,56,mse,MSE,1.0,0.0,100,1.0,0.98564,0.84519,0.03591,1.14907,0.92888,0.02618,,0.00287,0.02783,0.5
15,56,mse,MSE,1.0,0.0,100,0.0,0.98564,0.84519,0.03591,1.16109,0.92892,0.0429,,0.00323,0.01763,0.525
15,56,mse,MSE,1.0,0.0,300,1.0,0.90734,0.81303,0.01424,0.9781,0.85802,0.01861,,0.00446,0.0111,0.575
15,56,mse,MSE,1.0,0.0,300,0.0,0.90734,0.81303,0.01424,1.0112,0.86434,0.02111,,0.00463,0.01118,0.575
15,56,mse,MSE,1.0,0.0,500,1.0,0.90324,0.80999,0.00907,1.02313,0.85892,0.02041,,0.0048,0.01055,0.6
15,56,mse,MSE,1.0,0.0,500,0.0,0.90324,0.80999,0.00907,1.00903,0.8638,0.02376,,0.00464,0.01216,0.575
16,57,hsic,HSIC,0.0,1.0,50,1.0,1.02841,0.86251,0.03647,1.23347,0.95553,0.02376,,0.0034,0.07896,0.65
16,57,hsic,HSIC,0.0,1.0,50,0.0,1.02841,0.86251,0.03647,2.09372,1.17812,0.02486,,0.00354,0.11396,0.7
16,57,hsic,HSIC,0.0,1.0,100,1.0,1.10864,0.86683,0.01204,1.48935,1.01424,0.13107,,0.00748,0.08009,0.525
16,57,hsic,HSIC,0.0,1.0,100,0.0,1.10864,0.86683,0.01204,2.60398,1.28719,0.13697,,0.00778,0.14251,0.65
16,57,hsic,HSIC,0.0,1.0,300,1.0,1.14064,0.88332,0.01262,1.46472,1.00712,0.12289,,0.00709,0.06125,0.525
16,57,hsic,HSIC,0.0,1.0,300,0.0,1.14064,0.88332,0.01262,2.64713,1.29668,0.1237,,0.00716,0.1259,0.65
16,57,hsic,HSIC,0.0,1.0,500,1.0,1.2294,0.91422,0.01335,1.4848,1.01244,0.12651,,0.00724,0.06939,0.5
16,57,hsic,HSIC,0.0,1.0,500,0.0,1.2294,0.91422,0.01335,2.62565,1.29247,0.12726,,0.00728,0.14356,0.65
16,57,hybrid,HYBRID_ALPHA0.1_BETA0.9,0.1,0.9,50,1.0,1.25619,0.92043,0.01669,1.50732,1.01947,0.13929,,0.0079,0.07649,0.625
16,57,hybrid,HYBRID_ALPHA0.2_BETA0.8,0.2,0.8,50,1.0,1.1241,0.87876,0.01593,1.39036,0.96295,0.04348,,0.00703,0.02237,0.55
16,57,hybrid,HYBRID_ALPHA0.3_BETA0.7,0.3,0.7,50,1.0,1.10636,0.87282,0.01517,1.01617,0.87421,0.01757,,0.00421,0.01955,0.55
16,57,hybrid,HYBRID_ALPHA0.4_BETA0.6,0.4,0.6,50,1.0,1.07612,0.86825,0.01361,1.07179,0.87835,0.03967,,0.00716,0.01757,0.6
16,57,hybrid,HYBRID_ALPHA0.5_BETA0.5,0.5,0.5,50,1.0,1.05563,0.85934,0.01124,0.99924,0.8683,0.01736,,0.00417,0.02051,0.55
16,57,hybrid,HYBRID_ALPHA0.6_BETA0.4,0.6,0.4,50,1.0,1.25267,0.91601,0.01592,1.00157,0.86119,0.02619,,0.00557,0.02227,0.575
16,57,hybrid,HYBRID_ALPHA0.7_BETA0.3,0.7,0.3,50,1.0,1.23127,0.91887,0.01932,1.2513,0.92266,0.04353,,0.00561,0.025,0.65
16,57,hybrid,HYBRID_ALPHA0.8_BETA0.2,0.8,0.2,50,1.0,1.23806,0.91854,0.01955,1.22307,0.91862,0.0439,,0.0054,0.0234,0.625
16,57,hybrid,HYBRID_ALPHA0.9_BETA0.1,0.9,0.1,50,1.0,1.24297,0.92702,0.02293,1.18934,0.91218,0.04252,,0.00513,0.02365,0.6
16,57,hybrid,HYBRID_ALPHA0.1_BETA0.9,0.1,0.9,50,0.0,1.25619,0.92043,0.01669,2.68352,1.30989,0.14421,,0.00816,0.11738,0.75
16,57,hybrid,HYBRID_ALPHA0.2_BETA0.8,0.2,0.8,50,0.0,1.1241,0.87876,0.01593,1.71381,1.04906,0.06511,,0.00526,0.01424,0.625
16,57,hybrid,HYBRID_ALPHA0.3_BETA0.7,0.3,0.7,50,0.0,1.10636,0.87282,0.01517,1.01605,0.88213,0.01721,,0.00354,0.02562,0.575
16,57,hybrid,HYBRID_ALPHA0.4_BETA0.6,0.4,0.6,50,0.0,1.07612,0.86825,0.01361,1.11854,0.90099,0.03788,,0.00481,0.01988,0.6
16,57,hybrid,HYBRID_ALPHA0.5_BETA0.5,0.5,0.5,50,0.0,1.05563,0.85934,0.01124,1.00091,0.8758,0.01698,,0.00382,0.02502,0.575
16,57,hybrid,HYBRID_ALPHA0.6_BETA0.4,0.6,0.4,50,0.0,1.25267,0.91601,0.01592,1.03802,0.87858,0.02844,,0.00454,0.02454,0.525
16,57,hybrid,HYBRID_ALPHA0.7_BETA0.3,0.7,0.3,50,0.0,1.23127,0.91887,0.01932,1.01008,0.87356,0.01298,,0.00341,0.01864,0.575
16,57,hybrid,HYBRID_ALPHA0.8_BETA0.2,0.8,0.2,50,0.0,1.23806,0.91854,0.01955,1.02939,0.8815,0.01272,,0.00319,0.01836,0.55
16,57,hybrid,HYBRID_ALPHA0.9_BETA0.1,0.9,0.1,50,0.0,1.24297,0.92702,0.02293,1.03198,0.88014,0.01419,,0.00326,0.01846,0.525
16,57,hybrid,HYBRID_ALPHA0.1_BETA0.9,0.1,0.9,100,1.0,0.93045,0.81701,0.01526,1.72218,1.05931,0.05108,,0.00675,0.01085,0.5
16,57,hybrid,HYBRID_ALPHA0.2_BETA0.8,0.2,0.8,100,1.0,0.905,0.81033,0.01212,1.40166,0.9626,0.05056,,0.00658,0.01168,0.55
16,57,hybrid,HYBRID_ALPHA0.3_BETA0.7,0.3,0.7,100,1.0,0.88835,0.80189,0.01145,1.32338,0.94134,0.04996,,0.00649,0.01141,0.575
16,57,hybrid,HYBRID_ALPHA0.4_BETA0.6,0.4,0.6,100,1.0,0.88447,0.80051,0.01132,1.05674,0.88658,0.03909,,0.00707,0.01641,0.6
16,57,hybrid,HYBRID_ALPHA0.5_BETA0.5,0.5,0.5,100,1.0,0.88357,0.79855,0.01182,1.05494,0.88845,0.04237,,0.0073,0.01517,0.5
16,57,hybrid,HYBRID_ALPHA0.6_BETA0.4,0.6,0.4,100,1.0,0.87334,0.79145,0.0113,1.05067,0.88835,0.04436,,0.00744,0.01485,0.525
16,57,hybrid,HYBRID_ALPHA0.7_BETA0.3,0.7,0.3,100,1.0,0.86893,0.78842,0.01124,1.04765,0.88786,0.04694,,0.00763,0.01473,0.525
16,57,hybrid,HYBRID_ALPHA0.8_BETA0.2,0.8,0.2,100,1.0,0.8601,0.78254,0.01105,1.05619,0.88644,0.06236,,0.00878,0.01473,0.55
16,57,hybrid,HYBRID_ALPHA0.9_BETA0.1,0.9,0.1,100,1.0,0.85363,0.77736,0.01021,1.05719,0.88522,0.06598,,0.00904,0.01462,0.525
16,57,hybrid,HYBRID_ALPHA0.1_BETA0.9,0.1,0.9,100,0.0,0.93045,0.81701,0.01526,2.57276,1.26318,0.08175,,0.00582,0.02227,0.575
16,57,hybrid,HYBRID_ALPHA0.2_BETA0.8,0.2,0.8,100,0.0,0.905,0.81033,0.01212,2.12043,1.14901,0.08221,,0.00583,0.02329,0.6
16,57,hybrid,HYBRID_ALPHA0.3_BETA0.7,0.3,0.7,100,0.0,0.88835,0.80189,0.01145,1.96027,1.10986,0.0851,,0.00598,0.02364,0.6
16,57,hybrid,HYBRID_ALPHA0.4_BETA0.6,0.4,0.6,100,0.0,0.88447,0.80051,0.01132,1.08675,0.8948,0.03311,,0.0064,0.01917,0.5
16,57,hybrid,HYBRID_ALPHA0.5_BETA0.5,0.5,0.5,100,0.0,0.88357,0.79855,0.01182,1.1053,0.90003,0.03955,,0.00722,0.02144,0.55
16,57,hybrid,HYBRID_ALPHA0.6_BETA0.4,0.6,0.4,100,0.0,0.87334,0.79145,0.0113,1.11106,0.90214,0.03888,,0.00711,0.02268,0.5
16,57,hybrid,HYBRID_ALPHA0.7_BETA0.3,0.7,0.3,100,0.0,0.86893,0.78842,0.01124,1.1114,0.90175,0.03906,,0.00708,0.0235,0.5
16,57,hybrid,HYBRID_ALPHA0.8_BETA0.2,0.8,0.2,100,0.0,0.8601,0.78254,0.01105,1.1522,0.90196,0.05599,,0.00882,0.02683,0.525
16,57,hybrid,HYBRID_ALPHA0.9_BETA0.1,0.9,0.1,100,0.0,0.85363,0.77736,0.01021,1.14839,0.89881,0.05784,,0.00895,0.02707,0.5
16,57,hybrid,HYBRID_ALPHA0.1_BETA0.9,0.1,0.9,300,1.0,0.95892,0.83005,0.0122,1.16064,0.90245,0.0315,,0.00604,0.00726,0.5
16,57,hybrid,HYBRID_ALPHA0.2_BETA0.8,0.2,0.8,300,1.0,0.95076,0.82422,0.01205,1.08948,0.88824,0.03654,,0.00665,0.00747,0.5
16,57,hybrid,HYBRID_ALPHA0.3_BETA0.7,0.3,0.7,300,1.0,0.94679,0.82317,0.01193,1.08996,0.90566,0.04184,,0.00704,0.01555,0.55
16,57,hybrid,HYBRID_ALPHA0.4_BETA0.6,0.4,0.6,300,1.0,0.94802,0.82338,0.01135,1.07044,0.89552,0.0344,,0.00646,0.01437,0.55
16,57,hybrid,HYBRID_ALPHA0.5_BETA0.5,0.5,0.5,300,1.0,0.95155,0.82448,0.0113,1.03448,0.88462,0.02821,,0.0057,0.01314,0.575
16,57,hybrid,HYBRID_ALPHA0.6_BETA0.4,0.6,0.4,300,1.0,0.95327,0.82508,0.01126,1.07781,0.90712,0.04726,,0.00701,0.0132,0.5
16,57,hybrid,HYBRID_ALPHA0.7_BETA0.3,0.7,0.3,300,1.0,0.95603,0.82589,0.01123,1.02475,0.89026,0.0212,,0.00452,0.01734,0.5
16,57,hybrid,HYBRID_ALPHA0.8_BETA0.2,0.8,0.2,300,1.0,0.95016,0.82393,0.01075,1.01961,0.88922,0.0195,,0.00427,0.01655,0.5
16,57,hybrid,HYBRID_ALPHA0.9_BETA0.1,0.9,0.1,300,1.0,0.95302,0.82545,0.0108,1.01568,0.88817,0.01799,,0.00406,0.01619,0.525
16,57,hybrid,HYBRID_ALPHA0.1_BETA0.9,0.1,0.9,300,0.0,0.95892,0.83005,0.0122,1.61469,1.02903,0.04056,,0.00428,0.01871,0.625
16,57,hybrid,HYBRID_ALPHA0.2_BETA0.8,0.2,0.8,300,0.0,0.95076,0.82422,0.01205,1.40632,0.97297,0.04915,,0.00507,0.01828,0.55
16,57,hybrid,HYBRID_ALPHA0.3_BETA0.7,0.3,0.7,300,0.0,0.94679,0.82317,0.01193,1.1513,0.91101,0.02036,,0.00445,0.01406,0.6
16,57,hybrid,HYBRID_ALPHA0.4_BETA0.6,0.4,0.6,300,0.0,0.94802,0.82338,0.01135,1.11708,0.90262,0.02076,,0.00409,0.01299,0.525
16,57,hybrid,HYBRID_ALPHA0.5_BETA0.5,0.5,0.5,300,0.0,0.95155,0.82448,0.0113,1.09193,0.89395,0.01924,,0.00374,0.01298,0.5
16,57,hybrid,HYBRID_ALPHA0.6_BETA0.4,0.6,0.4,300,0.0,0.95327,0.82508,0.01126,1.0673,0.89573,0.03394,,0.00612,0.0117,0.525
16,57,hybrid,HYBRID_ALPHA0.7_BETA0.3,0.7,0.3,300,0.0,0.95603,0.82589,0.01123,1.06877,0.88662,0.01411,,0.00335,0.01508,0.65
16,57,hybrid,HYBRID_ALPHA0.8_BETA0.2,0.8,0.2,300,0.0,0.95016,0.82393,0.01075,1.06018,0.88493,0.01347,,0.00318,0.01517,0.6
16,57,hybrid,HYBRID_ALPHA0.9_BETA0.1,0.9,0.1,300,0.0,0.95302,0.82545,0.0108,1.05713,0.88447,0.01319,,0.00304,0.01524,0.575
16,57,hybrid,HYBRID_ALPHA0.1_BETA0.9,0.1,0.9,500,1.0,0.9033,0.81092,0.01167,1.54087,1.00276,0.04896,,0.00546,0.00932,0.5
16,57,hybrid,HYBRID_ALPHA0.2_BETA0.8,0.2,0.8,500,1.0,0.90069,0.80993,0.01197,1.37677,0.9578,0.04928,,0.00581,0.00935,0.525
16,57,hybrid,HYBRID_ALPHA0.3_BETA0.7,0.3,0.7,500,1.0,0.89238,0.80658,0.01151,1.34024,0.94884,0.04751,,0.00563,0.00924,0.55
16,57,hybrid,HYBRID_ALPHA0.4_BETA0.6,0.4,0.6,500,1.0,0.88728,0.80417,0.01104,1.00412,0.85694,0.02338,,0.00578,0.01113,0.55
16,57,hybrid,HYBRID_ALPHA0.5_BETA0.5,0.5,0.5,500,1.0,0.88395,0.80231,0.01073,1.22884,0.91986,0.04152,,0.00543,0.00896,0.525
16,57,hybrid,HYBRID_ALPHA0.6_BETA0.4,0.6,0.4,500,1.0,0.87847,0.79894,0.01039,1.17438,0.90866,0.04021,,0.00524,0.00888,0.6
16,57,hybrid,HYBRID_ALPHA0.7_BETA0.3,0.7,0.3,500,1.0,0.86882,0.79298,0.01,1.03077,0.86635,0.03091,,0.00658,0.01127,0.6
16,57,hybrid,HYBRID_ALPHA0.8_BETA0.2,0.8,0.2,500,1.0,0.8604,0.78721,0.00955,1.00443,0.85869,0.02331,,0.0054,0.00923,0.575
16,57,hybrid,HYBRID_ALPHA0.9_BETA0.1,0.9,0.1,500,1.0,0.85865,0.78586,0.00911,0.99723,0.85634,0.01758,,0.00444,0.01033,0.575
16,57,hybrid,HYBRID_ALPHA0.1_BETA0.9,0.1,0.9,500,0.0,0.9033,0.81092,0.01167,2.32822,1.2035,0.08518,,0.00567,0.02945,0.6
16,57,hybrid,HYBRID_ALPHA0.2_BETA0.8,0.2,0.8,500,0.0,0.90069,0.80993,0.01197,2.09705,1.14625,0.08406,,0.00576,0.03026,0.575
16,57,hybrid,HYBRID_ALPHA0.3_BETA0.7,0.3,0.7,500,0.0,0.89238,0.80658,0.01151,2.00991,1.12527,0.08527,,0.00581,0.03175,0.525
16,57,hybrid,HYBRID_ALPHA0.4_BETA0.6,0.4,0.6,500,0.0,0.88728,0.80417,0.01104,1.23341,0.93072,0.06048,,0.00652,0.0151,0.6
16,57,hybrid,HYBRID_ALPHA0.5_BETA0.5,0.5,0.5,500,0.0,0.88395,0.80231,0.01073,1.78311,1.07119,0.08667,,0.00593,0.03209,0.525
16,57,hybrid,HYBRID_ALPHA0.6_BETA0.4,0.6,0.4,500,0.0,0.87847,0.79894,0.01039,1.65956,1.04193,0.08673,,0.00593,0.02935,0.55
16,57,hybrid,HYBRID_ALPHA0.7_BETA0.3,0.7,0.3,500,0.0,0.86882,0.79298,0.01,1.18801,0.9158,0.06151,,0.00613,0.01694,0.65
16,57,hybrid,HYBRID_ALPHA0.8_BETA0.2,0.8,0.2,500,0.0,0.8604,0.78721,0.00955,1.21867,0.92958,0.06084,,0.00679,0.01449,0.55
16,57,hybrid,HYBRID_ALPHA0.9_BETA0.1,0.9,0.1,500,0.0,0.85865,0.78586,0.00911,1.1275,0.90105,0.03928,,0.00466,0.01396,0.525
16,57,mse,MSE,1.0,0.0,50,1.0,1.21736,0.92195,0.02258,1.16774,0.90906,0.04421,,0.0049,0.02117,0.625
16,57,mse,MSE,1.0,0.0,50,0.0,1.21736,0.92195,0.02258,1.03079,0.87868,0.01779,,0.00325,0.01704,0.625
16,57,mse,MSE,1.0,0.0,100,1.0,0.84524,0.7786,0.00957,1.01619,0.87773,0.02185,,0.00459,0.01646,0.575
16,57,mse,MSE,1.0,0.0,100,0.0,0.84524,0.7786,0.00957,1.10591,0.89284,0.03726,,0.00629,0.01996,0.55
16,57,mse,MSE,1.0,0.0,300,1.0,0.9582,0.8285,0.01107,1.01193,0.88705,0.01644,,0.00383,0.01591,0.5
16,57,mse,MSE,1.0,0.0,300,0.0,0.9582,0.8285,0.01107,1.05575,0.88438,0.0131,,0.00291,0.01532,0.6
16,57,mse,MSE,1.0,0.0,500,1.0,0.83478,0.77015,0.01089,1.00318,0.85741,0.02317,,0.00542,0.00926,0.525
16,57,mse,MSE,1.0,0.0,500,0.0,0.83478,0.77015,0.01089,1.19885,0.92278,0.05486,,0.00652,0.01394,0.5
17,58,hsic,HSIC,0.0,1.0,50,1.0,1.08947,0.88801,0.04308,1.44587,1.00321,0.12437,,0.00716,0.03901,0.5
17,58,hsic,HSIC,0.0,1.0,50,0.0,1.08947,0.88801,0.04308,2.56402,1.27417,0.12499,,0.00725,0.11108,0.675
17,58,hsic,HSIC,0.0,1.0,100,1.0,1.16234,0.90572,0.04413,1.45527,1.00515,0.12319,,0.00709,0.07184,0.575
17,58,hsic,HSIC,0.0,1.0,100,0.0,1.16234,0.90572,0.04413,2.60197,1.28481,0.12437,,0.00718,0.13521,0.675
17,58,hsic,HSIC,0.0,1.0,300,1.0,1.20881,0.91015,0.01553,1.46145,1.0064,0.12219,,0.00704,0.06584,0.55
17,58,hsic,HSIC,0.0,1.0,300,0.0,1.20881,0.91015,0.01553,2.63485,1.29337,0.12295,,0.00711,0.1316,0.75
17,58,hsic,HSIC,0.0,1.0,500,1.0,1.22101,0.9261,0.05345,1.46589,1.00751,0.12355,,0.00713,0.06653,0.55
17,58,hsic,HSIC,0.0,1.0,500,0.0,1.22101,0.9261,0.05345,2.66647,1.30194,0.12404,,0.00717,0.12947,0.725
17,58,hybrid,HYBRID_ALPHA0.1_BETA0.9,0.1,0.9,50,1.0,1.04943,0.8763,0.04042,1.46786,1.00799,0.12372,,0.00713,0.0359,0.575
17,58,hybrid,HYBRID_ALPHA0.2_BETA0.8,0.2,0.8,50,1.0,1.15832,0.90794,0.07899,1.33862,0.96434,0.08165,,0.01137,0.01436,0.6
17,58,hybrid,HYBRID_ALPHA0.3_BETA0.7,0.3,0.7,50,1.0,1.14724,0.90173,0.08466,1.35363,0.96902,0.08398,,0.01169,0.01452,0.65
17,58,hybrid,HYBRID_ALPHA0.4_BETA0.6,0.4,0.6,50,1.0,1.11104,0.88336,0.07994,1.34246,0.94687,0.04547,,0.00638,0.01681,0.675
17,58,hybrid,HYBRID_ALPHA0.5_BETA0.5,0.5,0.5,50,1.0,1.07824,0.86638,0.07513,1.34182,0.9535,0.04606,,0.00536,0.01875,0.65
17,58,hybrid,HYBRID_ALPHA0.6_BETA0.4,0.6,0.4,50,1.0,1.05049,0.85588,0.06966,1.34872,0.95781,0.04647,,0.00516,0.01798,0.65
17,58,hybrid,HYBRID_ALPHA0.7_BETA0.3,0.7,0.3,50,1.0,1.03053,0.85074,0.06401,1.35455,0.96384,0.04795,,0.00477,0.01966,0.625
17,58,hybrid,HYBRID_ALPHA0.8_BETA0.2,0.8,0.2,50,1.0,1.23089,0.93604,0.11328,1.3491,0.96577,0.05257,,0.00459,0.01965,0.675
17,58,hybrid,HYBRID_ALPHA0.9_BETA0.1,0.9,0.1,50,1.0,1.22593,0.93426,0.11307,1.35141,0.96782,0.05572,,0.00454,0.01995,0.65
17,58,hybrid,HYBRID_ALPHA0.1_BETA0.9,0.1,0.9,50,0.0,1.04943,0.8763,0.04042,2.57805,1.28057,0.12892,,0.00718,0.10464,0.65
17,58,hybrid,HYBRID_ALPHA0.2_BETA0.8,0.2,0.8,50,0.0,1.15832,0.90794,0.07899,1.64964,1.04757,0.05083,,0.00756,0.02248,0.725
17,58,hybrid,HYBRID_ALPHA0.3_BETA0.7,0.3,0.7,50,0.0,1.14724,0.90173,0.08466,1.65079,1.04953,0.04771,,0.00755,0.02337,0.7
17,58,hybrid,HYBRID_ALPHA0.4_BETA0.6,0.4,0.6,50,0.0,1.11104,0.88336,0.07994,1.19793,0.91836,0.03691,,0.00703,0.01036,0.55
17,58,hybrid,HYBRID_ALPHA0.5_BETA0.5,0.5,0.5,50,0.0,1.07824,0.86638,0.07513,1.19883,0.92316,0.02993,,0.00612,0.01213,0.575
17,58,hybrid,HYBRID_ALPHA0.6_BETA0.4,0.6,0.4,50,0.0,1.05049,0.85588,0.06966,1.2469,0.93885,0.02219,,0.00503,0.01551,0.575
17,58,hybrid,HYBRID_ALPHA0.7_BETA0.3,0.7,0.3,50,0.0,1.03053,0.85074,0.06401,1.26607,0.94714,0.01815,,0.00427,0.0198,0.575
17,58,hybrid,HYBRID_ALPHA0.8_BETA0.2,0.8,0.2,50,0.0,1.23089,0.93604,0.11328,1.36824,0.97592,0.01462,,0.00314,0.03096,0.7
17,58,hybrid,HYBRID_ALPHA0.9_BETA0.1,0.9,0.1,50,0.0,1.22593,0.93426,0.11307,1.46246,1.00269,0.01824,,0.0027,0.0392,0.65
17,58,hybrid,HYBRID_ALPHA0.1_BETA0.9,0.1,0.9,100,1.0,0.88539,0.79952,0.00982,1.00631,0.86671,0.05207,,0.00787,0.01503,0.525
17,58,hybrid,HYBRID_ALPHA0.2_BETA0.8,0.2,0.8,100,1.0,0.89655,0.80145,0.01128,1.02183,0.8756,0.04893,,0.00765,0.01732,0.525
17,58,hybrid,HYBRID_ALPHA0.3_BETA0.7,0.3,0.7,100,1.0,0.91381,0.81046,0.01468,1.02114,0.87844,0.0436,,0.00712,0.01704,0.55
17,58,hybrid,HYBRID_ALPHA0.4_BETA0.6,0.4,0.6,100,1.0,0.89338,0.79883,0.01077,1.01206,0.87657,0.03983,,0.00668,0.01584,0.5
17,58,hybrid,HYBRID_ALPHA0.5_BETA0.5,0.5,0.5,100,1.0,0.9163,0.81175,0.01558,1.00645,0.87494,0.03619,,0.00631,0.0153,0.55
17,58,hybrid,HYBRID_ALPHA0.6_BETA0.4,0.6,0.4,100,1.0,0.90105,0.80421,0.0123,0.99862,0.87272,0.02958,,0.00571,0.01541,0.6
17,58,hybrid,HYBRID_ALPHA0.7_BETA0.3,0.7,0.3,100,1.0,0.92442,0.81576,0.01977,1.00489,0.86807,0.03415,,0.00635,0.0221,0.55
17,58,hybrid,HYBRID_ALPHA0.8_BETA0.2,0.8,0.2,100,1.0,0.90948,0.81019,0.01677,0.99839,0.86215,0.03303,,0.00635,0.02367,0.5
17,58,hybrid,HYBRID_ALPHA0.9_BETA0.1,0.9,0.1,100,1.0,0.94402,0.83359,0.01141,0.9866,0.85574,0.03152,,0.0063,0.02168,0.5
17,58,hybrid,HYBRID_ALPHA0.1_BETA0.9,0.1,0.9,100,0.0,0.88539,0.79952,0.00982,1.02783,0.86596,0.03354,,0.00638,0.00993,0.525
17,58,hybrid,HYBRID_ALPHA0.2_BETA0.8,0.2,0.8,100,0.0,0.89655,0.80145,0.01128,1.02916,0.86733,0.03235,,0.00628,0.00994,0.5
17,58,hybrid,HYBRID_ALPHA0.3_BETA0.7,0.3,0.7,100,0.0,0.91381,0.81046,0.01468,1.01981,0.86756,0.03034,,0.00602,0.0104,0.55
17,58,hybrid,HYBRID_ALPHA0.4_BETA0.6,0.4,0.6,100,0.0,0.89338,0.79883,0.01077,1.01075,0.86759,0.02997,,0.00596,0.01143,0.5
17,58,hybrid,HYBRID_ALPHA0.5_BETA0.5,0.5,0.5,100,0.0,0.9163,0.81175,0.01558,1.01067,0.86868,0.02829,,0.00577,0.01183,0.55
17,58,hybrid,HYBRID_ALPHA0.6_BETA0.4,0.6,0.4,100,0.0,0.90105,0.80421,0.0123,1.07241,0.87963,0.02104,,0.0047,0.01008,0.525
17,58,hybrid,HYBRID_ALPHA0.7_BETA0.3,0.7,0.3,100,0.0,0.92442,0.81576,0.01977,1.02582,0.8527,0.02932,,0.00609,0.01075,0.5
17,58,hybrid,HYBRID_ALPHA0.8_BETA0.2,0.8,0.2,100,0.0,0.90948,0.81019,0.01677,1.03063,0.84943,0.02768,,0.00599,0.01087,0.5
17,58,hybrid,HYBRID_ALPHA0.9_BETA0.1,0.9,0.1,100,0.0,0.94402,0.83359,0.01141,1.05602,0.85943,0.02674,,0.00576,0.01117,0.55
17,58,hybrid,HYBRID_ALPHA0.1_BETA0.9,0.1,0.9,300,1.0,0.92407,0.81838,0.01354,1.47355,1.01,0.12611,,0.00723,0.05531,0.6
17,58,hybrid,HYBRID_ALPHA0.2_BETA0.8,0.2,0.8,300,1.0,0.91226,0.81334,0.01312,1.33967,0.94574,0.046,,0.00617,0.00944,0.6
17,58,hybrid,HYBRID_ALPHA0.3_BETA0.7,0.3,0.7,300,1.0,0.8963,0.80841,0.01201,1.20433,0.90699,0.0426,,0.00699,0.00956,0.6
17,58,hybrid,HYBRID_ALPHA0.4_BETA0.6,0.4,0.6,300,1.0,0.88757,0.80427,0.01083,1.06529,0.88746,0.02275,,0.00504,0.01415,0.575
17,58,hybrid,HYBRID_ALPHA0.5_BETA0.5,0.5,0.5,300,1.0,0.88349,0.80179,0.01031,1.0814,0.89321,0.02913,,0.00594,0.01322,0.575
17,58,hybrid,HYBRID_ALPHA0.6_BETA0.4,0.6,0.4,300,1.0,0.8805,0.79995,0.00993,1.04417,0.88287,0.0201,,0.00463,0.01479,0.55
17,58,hybrid,HYBRID_ALPHA0.7_BETA0.3,0.7,0.3,300,1.0,0.87536,0.79777,0.01019,1.07383,0.88892,0.02913,,0.006,0.01259,0.55
17,58,hybrid,HYBRID_ALPHA0.8_BETA0.2,0.8,0.2,300,1.0,0.8937,0.80649,0.01243,1.071,0.88723,0.02953,,0.00607,0.01249,0.55
17,58,hybrid,HYBRID_ALPHA0.9_BETA0.1,0.9,0.1,300,1.0,0.90511,0.81466,0.01594,1.0463,0.88761,0.01724,,0.00381,0.01547,0.525
17,58,hybrid,HYBRID_ALPHA0.1_BETA0.9,0.1,0.9,300,0.0,0.92407,0.81838,0.01354,2.56852,1.27722,0.13088,,0.00748,0.11918,0.725
17,58,hybrid,HYBRID_ALPHA0.2_BETA0.8,0.2,0.8,300,0.0,0.91226,0.81334,0.01312,2.02562,1.12573,0.08106,,0.00574,0.02402,0.6
17,58,hybrid,HYBRID_ALPHA0.3_BETA0.7,0.3,0.7,300,0.0,0.8963,0.80841,0.01201,1.58373,1.01827,0.06342,,0.00533,0.0151,0.625
17,58,hybrid,HYBRID_ALPHA0.4_BETA0.6,0.4,0.6,300,0.0,0.88757,0.80427,0.01083,1.08775,0.90235,0.0229,,0.00464,0.01858,0.525
17,58,hybrid,HYBRID_ALPHA0.5_BETA0.5,0.5,0.5,300,0.0,0.88349,0.80179,0.01031,1.15647,0.9157,0.04163,,0.00746,0.02568,0.5
17,58,hybrid,HYBRID_ALPHA0.6_BETA0.4,0.6,0.4,300,0.0,0.8805,0.79995,0.00993,1.09014,0.90368,0.02414,,0.00431,0.01794,0.575
17,58,hybrid,HYBRID_ALPHA0.7_BETA0.3,0.7,0.3,300,0.0,0.87536,0.79777,0.01019,1.16024,0.91676,0.04049,,0.00729,0.02639,0.525
17,58,hybrid,HYBRID_ALPHA0.8_BETA0.2,0.8,0.2,300,0.0,0.8937,0.80649,0.01243,1.16277,0.91798,0.04031,,0.00722,0.02686,0.5
17,58,hybrid,HYBRID_ALPHA0.9_BETA0.1,0.9,0.1,300,0.0,0.90511,0.81466,0.01594,1.09722,0.90792,0.02508,,0.00357,0.01752,0.525
17,58,hybrid,HYBRID_ALPHA0.1_BETA0.9,0.1,0.9,500,1.0,1.02868,0.86246,0.04168,1.59505,1.02312,0.04212,,0.00613,0.00834,0.575
17,58,hybrid,HYBRID_ALPHA0.2_BETA0.8,0.2,0.8,500,1.0,0.99841,0.85104,0.03587,1.32428,0.94168,0.04426,,0.00609,0.00871,0.55
17,58,hybrid,HYBRID_ALPHA0.3_BETA0.7,0.3,0.7,500,1.0,1.01868,0.85984,0.03763,1.0367,0.87274,0.0191,,0.00448,0.00907,0.65
17,58,hybrid,HYBRID_ALPHA0.4_BETA0.6,0.4,0.6,500,1.0,1.00715,0.85611,0.03363,1.18688,0.90484,0.03526,,0.00581,0.00721,0.6
17,58,hybrid,HYBRID_ALPHA0.5_BETA0.5,0.5,0.5,500,1.0,0.99009,0.84969,0.02824,1.14935,0.8982,0.03203,,0.00554,0.00697,0.6
17,58,hybrid,HYBRID_ALPHA0.6_BETA0.4,0.6,0.4,500,1.0,0.94293,0.82879,0.01886,1.13418,0.89644,0.03051,,0.00528,0.00706,0.575
17,58,hybrid,HYBRID_ALPHA0.7_BETA0.3,0.7,0.3,500,1.0,0.93331,0.82241,0.01564,1.0303,0.87292,0.01766,,0.0042,0.0099,0.625
17,58,hybrid,HYBRID_ALPHA0.8_BETA0.2,0.8,0.2,500,1.0,0.93262,0.823,0.01563,1.02908,0.87299,0.01721,,0.00412,0.01002,0.65
17,58,hybrid,HYBRID_ALPHA0.9_BETA0.1,0.9,0.1,500,1.0,0.93198,0.82275,0.01534,1.0274,0.87302,0.01681,,0.00405,0.01007,0.625
17,58,hybrid,HYBRID_ALPHA0.1_BETA0.9,0.1,0.9,500,0.0,1.02868,0.86246,0.04168,2.16143,1.16236,0.0654,,0.00497,0.0139,0.525
17,58,hybrid,HYBRID_ALPHA0.2_BETA0.8,0.2,0.8,500,0.0,0.99841,0.85104,0.03587,1.82557,1.08066,0.07439,,0.00537,0.01603,0.6
17,58,hybrid,HYBRID_ALPHA0.3_BETA0.7,0.3,0.7,500,0.0,1.01868,0.85984,0.03763,1.00625,0.87334,0.0201,,0.00463,0.00955,0.525
17,58,hybrid,HYBRID_ALPHA0.4_BETA0.6,0.4,0.6,500,0.0,1.00715,0.85611,0.03363,1.45939,0.99026,0.05884,,0.00483,0.01418,0.525
17,58,hybrid,HYBRID_ALPHA0.5_BETA0.5,0.5,0.5,500,0.0,0.99009,0.84969,0.02824,1.3612,0.96588,0.05421,,0.00459,0.01304,0.6
17,58,hybrid,HYBRID_ALPHA0.6_BETA0.4,0.6,0.4,500,0.0,0.94293,0.82879,0.01886,1.33026,0.95783,0.05279,,0.00445,0.01319,0.55
17,58,hybrid,HYBRID_ALPHA0.7_BETA0.3,0.7,0.3,500,0.0,0.93331,0.82241,0.01564,1.00438,0.87386,0.01927,,0.00443,0.01005,0.55
17,58,hybrid,HYBRID_ALPHA0.8_BETA0.2,0.8,0.2,500,0.0,0.93262,0.823,0.01563,1.0052,0.87407,0.01906,,0.00437,0.01012,0.55
17,58,hybrid,HYBRID_ALPHA0.9_BETA0.1,0.9,0.1,500,0.0,0.93198,0.82275,0.01534,1.00714,0.87483,0.01873,,0.00429,0.0102,0.525
17,58,mse,MSE,1.0,0.0,50,1.0,1.22336,0.9337,0.11335,1.34733,0.9677,0.05837,,0.00454,0.02041,0.65
17,58,mse,MSE,1.0,0.0,50,0.0,1.22336,0.9337,0.11335,1.55973,1.02811,0.02517,,0.00266,0.04889,0.6
17,58,mse,MSE,1.0,0.0,100,1.0,0.97367,0.84774,0.01304,0.99431,0.86078,0.02798,,0.006,0.02345,0.6
17,58,mse,MSE,1.0,0.0,100,0.0,0.97367,0.84774,0.01304,1.03283,0.8494,0.02489,,0.00569,0.01101,0.55
17,58,mse,MSE,1.0,0.0,300,1.0,0.90075,0.81331,0.01597,1.06728,0.88533,0.02936,,0.00608,0.01238,0.575
17,58,mse,MSE,1.0,0.0,300,0.0,0.90075,0.81331,0.01597,1.16542,0.91989,0.04038,,0.00715,0.02728,0.575
17,58,mse,MSE,1.0,0.0,500,1.0,0.94375,0.83067,0.01783,1.02552,0.87286,0.01621,,0.00394,0.01018,0.575
17,58,mse,MSE,1.0,0.0,500,0.0,0.94375,0.83067,0.01783,1.00645,0.87483,0.01834,,0.0042,0.01021,0.5
18,59,hsic,HSIC,0.0,1.0,50,1.0,1.22872,0.93164,0.08022,1.44102,1.00153,0.12145,,0.00703,0.0265,0.525
18,59,hsic,HSIC,0.0,1.0,50,0.0,1.22872,0.93164,0.08022,2.57113,1.27564,0.12281,,0.00714,0.10978,0.675
18,59,hsic,HSIC,0.0,1.0,100,1.0,1.62136,1.03923,0.01288,1.46905,1.01019,0.13492,,0.00768,0.08068,0.625
18,59,hsic,HSIC,0.0,1.0,100,0.0,1.62136,1.03923,0.01288,2.6007,1.28715,0.1417,,0.00803,0.16424,0.8
18,59,hsic,HSIC,0.0,1.0,300,1.0,1.25193,0.92009,0.01292,1.45948,1.0059,0.12266,,0.00708,0.08087,0.575
18,59,hsic,HSIC,0.0,1.0,300,0.0,1.25193,0.92009,0.01292,2.62566,1.29087,0.12362,,0.00715,0.16566,0.675
18,59,hsic,HSIC,0.0,1.0,500,1.0,1.20616,0.91212,0.0201,1.5066,1.01905,0.13786,,0.00781,0.06335,0.5
18,59,hsic,HSIC,0.0,1.0,500,0.0,1.20616,0.91212,0.0201,2.67351,1.30697,0.14273,,0.00808,0.13838,0.625
18,59,hybrid,HYBRID_ALPHA0.1_BETA0.9,0.1,0.9,50,1.0,1.09669,0.88854,0.07135,1.35465,0.97227,0.07173,,0.00502,0.01732,0.675
18,59,hybrid,HYBRID_ALPHA0.2_BETA0.8,0.2,0.8,50,1.0,1.12054,0.89587,0.07168,1.28467,0.95222,0.0639,,0.0049,0.01868,0.625
18,59,hybrid,HYBRID_ALPHA0.3_BETA0.7,0.3,0.7,50,1.0,1.22765,0.91902,0.0744,1.27208,0.9488,0.06304,,0.00486,0.01878,0.65
18,59,hybrid,HYBRID_ALPHA0.4_BETA0.6,0.4,0.6,50,1.0,1.74514,0.96691,0.07397,1.26523,0.94746,0.06425,,0.00489,0.01868,0.6
18,59,hybrid,HYBRID_ALPHA0.5_BETA0.5,0.5,0.5,50,1.0,1.93981,0.97709,0.07689,1.2602,0.94589,0.06416,,0.0049,0.01867,0.625
18,59,hybrid,HYBRID_ALPHA0.6_BETA0.4,0.6,0.4,50,1.0,1.72254,0.9675,0.07466,1.26368,0.9475,0.06652,,0.00493,0.01833,0.675
18,59,hybrid,HYBRID_ALPHA0.7_BETA0.3,0.7,0.3,50,1.0,1.54429,0.9563,0.07272,1.26571,0.94775,0.06622,,0.00494,0.01988,0.6
18,59,hybrid,HYBRID_ALPHA0.8_BETA0.2,0.8,0.2,50,1.0,1.29703,0.93332,0.06714,1.23689,0.93766,0.06354,,0.00497,0.01972,0.65
18,59,hybrid,HYBRID_ALPHA0.9_BETA0.1,0.9,0.1,50,1.0,1.17626,0.91303,0.06314,1.23528,0.93694,0.06426,,0.00501,0.0197,0.65
18,59,hybrid,HYBRID_ALPHA0.1_BETA0.9,0.1,0.9,50,0.0,1.09669,0.88854,0.07135,2.23587,1.18938,0.10589,,0.00642,0.06534,0.625
18,59,hybrid,HYBRID_ALPHA0.2_BETA0.8,0.2,0.8,50,0.0,1.12054,0.89587,0.07168,2.05316,1.14383,0.10496,,0.00644,0.06133,0.575
18,59,hybrid,HYBRID_ALPHA0.3_BETA0.7,0.3,0.7,50,0.0,1.22765,0.91902,0.0744,1.98921,1.12871,0.10413,,0.00635,0.05945,0.525
18,59,hybrid,HYBRID_ALPHA0.4_BETA0.6,0.4,0.6,50,0.0,1.74514,0.96691,0.07397,1.96118,1.12174,0.10404,,0.00634,0.05933,0.55
18,59,hybrid,HYBRID_ALPHA0.5_BETA0.5,0.5,0.5,50,0.0,1.93981,0.97709,0.07689,1.94176,1.11669,0.10371,,0.00636,0.05862,0.55
18,59,hybrid,HYBRID_ALPHA0.6_BETA0.4,0.6,0.4,50,0.0,1.72254,0.9675,0.07466,1.94883,1.11856,0.10518,,0.0064,0.05952,0.575
18,59,hybrid,HYBRID_ALPHA0.7_BETA0.3,0.7,0.3,50,0.0,1.54429,0.9563,0.07272,1.95541,1.11989,0.10436,,0.00637,0.06101,0.575
18,59,hybrid,HYBRID_ALPHA0.8_BETA0.2,0.8,0.2,50,0.0,1.29703,0.93332,0.06714,1.8773,1.1,0.10129,,0.00628,0.05738,0.55
18,59,hybrid,HYBRID_ALPHA0.9_BETA0.1,0.9,0.1,50,0.0,1.17626,0.91303,0.06314,1.87153,1.09823,0.10119,,0.00628,0.0572,0.6
18,59,hybrid,HYBRID_ALPHA0.1_BETA0.9,0.1,0.9,100,1.0,0.92009,0.80659,0.01596,1.22395,0.92809,0.05709,,0.00539,0.01513,0.575
18,59,hybrid,HYBRID_ALPHA0.2_BETA0.8,0.2,0.8,100,1.0,0.92732,0.80343,0.01874,1.19807,0.91891,0.05725,,0.00564,0.01579,0.55
18,59,hybrid,HYBRID_ALPHA0.3_BETA0.7,0.3,0.7,100,1.0,0.93592,0.80556,0.02038,1.1981,0.9203,0.05816,,0.00557,0.01581,0.625
18,59,hybrid,HYBRID_ALPHA0.4_BETA0.6,0.4,0.6,100,1.0,0.93316,0.80497,0.02028,1.19872,0.92127,0.05891,,0.00553,0.0159,0.6
18,59,hybrid,HYBRID_ALPHA0.5_BETA0.5,0.5,0.5,100,1.0,0.93598,0.80634,0.02077,1.19765,0.92163,0.0596,,0.00551,0.01606,0.65
18,59,hybrid,HYBRID_ALPHA0.6_BETA0.4,0.6,0.4,100,1.0,0.93134,0.80492,0.02055,1.20207,0.9236,0.06068,,0.00547,0.01594,0.6
18,59,hybrid,HYBRID_ALPHA0.7_BETA0.3,0.7,0.3,100,1.0,0.94005,0.80836,0.02161,1.20271,0.92441,0.06178,,0.00546,0.01599,0.625
18,59,hybrid,HYBRID_ALPHA0.8_BETA0.2,0.8,0.2,100,1.0,0.94215,0.81002,0.02195,1.20084,0.92446,0.06265,,0.00545,0.01612,0.6
18,59,hybrid,HYBRID_ALPHA0.9_BETA0.1,0.9,0.1,100,1.0,0.93949,0.81422,0.02186,1.20273,0.92535,0.06339,,0.00544,0.01606,0.6
18,59,hybrid,HYBRID_ALPHA0.1_BETA0.9,0.1,0.9,100,0.0,0.92009,0.80659,0.01596,2.06099,1.14377,0.10454,,0.00655,0.05247,0.65
18,59,hybrid,HYBRID_ALPHA0.2_BETA0.8,0.2,0.8,100,0.0,0.92732,0.80343,0.01874,2.01294,1.13056,0.10091,,0.00643,0.05089,0.625
18,59,hybrid,HYBRID_ALPHA0.3_BETA0.7,0.3,0.7,100,0.0,0.93592,0.80556,0.02038,1.96896,1.12015,0.10097,,0.00641,0.05022,0.625
18,59,hybrid,HYBRID_ALPHA0.4_BETA0.6,0.4,0.6,100,0.0,0.93316,0.80497,0.02028,1.93229,1.11133,0.10098,,0.0064,0.04914,0.625
18,59,hybrid,HYBRID_ALPHA0.5_BETA0.5,0.5,0.5,100,0.0,0.93598,0.80634,0.02077,1.89373,1.10229,0.10089,,0.00638,0.04783,0.675
18,59,hybrid,HYBRID_ALPHA0.6_BETA0.4,0.6,0.4,100,0.0,0.93134,0.80492,0.02055,1.87854,1.09877,0.10104,,0.00638,0.04789,0.675
18,59,hybrid,HYBRID_ALPHA0.7_BETA0.3,0.7,0.3,100,0.0,0.94005,0.80836,0.02161,1.8549,1.09316,0.10108,,0.00638,0.04759,0.65
18,59,hybrid,HYBRID_ALPHA0.8_BETA0.2,0.8,0.2,100,0.0,0.94215,0.81002,0.02195,1.82199,1.08506,0.10111,,0.00638,0.04716,0.65
18,59,hybrid,HYBRID_ALPHA0.9_BETA0.1,0.9,0.1,100,0.0,0.93949,0.81422,0.02186,1.7982,1.07913,0.10115,,0.00638,0.0471,0.65
18,59,hybrid,HYBRID_ALPHA0.1_BETA0.9,0.1,0.9,300,1.0,0.8912,0.80532,0.01209,1.69342,1.04487,0.05611,,0.00505,0.01354,0.575
18,59,hybrid,HYBRID_ALPHA0.2_BETA0.8,0.2,0.8,300,1.0,0.8906,0.80452,0.01231,1.4467,0.9777,0.05257,,0.00553,0.01122,0.55
18,59,hybrid,HYBRID_ALPHA0.3_BETA0.7,0.3,0.7,300,1.0,0.88981,0.80408,0.01195,1.34088,0.95363,0.05166,,0.00544,0.01109,0.575
18,59,hybrid,HYBRID_ALPHA0.4_BETA0.6,0.4,0.6,300,1.0,0.88655,0.80248,0.01165,1.28479,0.93961,0.05019,,0.00538,0.01082,0.6
18,59,hybrid,HYBRID_ALPHA0.5_BETA0.5,0.5,0.5,300,1.0,0.88126,0.80154,0.01246,1.24109,0.92803,0.0474,,0.0053,0.01062,0.6
18,59,hybrid,HYBRID_ALPHA0.6_BETA0.4,0.6,0.4,300,1.0,0.87568,0.79875,0.01262,1.19119,0.91629,0.04685,,0.0051,0.01076,0.6
18,59,hybrid,HYBRID_ALPHA0.7_BETA0.3,0.7,0.3,300,1.0,0.87374,0.7975,0.01327,1.16852,0.91101,0.04528,,0.0049,0.01087,0.625
18,59,hybrid,HYBRID_ALPHA0.8_BETA0.2,0.8,0.2,300,1.0,0.87462,0.79742,0.01383,1.15704,0.90964,0.04375,,0.00469,0.01117,0.625
18,59,hybrid,HYBRID_ALPHA0.9_BETA0.1,0.9,0.1,300,1.0,0.88076,0.79719,0.01502,1.08624,0.89587,0.0158,,0.0029,0.02035,0.6
18,59,hybrid,HYBRID_ALPHA0.1_BETA0.9,0.1,0.9,300,0.0,0.8912,0.80532,0.01209,2.68892,1.29583,0.09153,,0.00583,0.05301,0.6
18,59,hybrid,HYBRID_ALPHA0.2_BETA0.8,0.2,0.8,300,0.0,0.8906,0.80452,0.01231,2.29129,1.19407,0.08738,,0.00582,0.04509,0.55
18,59,hybrid,HYBRID_ALPHA0.3_BETA0.7,0.3,0.7,300,0.0,0.88981,0.80408,0.01195,2.06755,1.14137,0.08869,,0.00587,0.04253,0.55
18,59,hybrid,HYBRID_ALPHA0.4_BETA0.6,0.4,0.6,300,0.0,0.88655,0.80248,0.01165,1.94233,1.11109,0.09016,,0.00595,0.03973,0.575
18,59,hybrid,HYBRID_ALPHA0.5_BETA0.5,0.5,0.5,300,0.0,0.88126,0.80154,0.01246,1.83432,1.08507,0.09236,,0.00609,0.03744,0.575
18,59,hybrid,HYBRID_ALPHA0.6_BETA0.4,0.6,0.4,300,0.0,0.87568,0.79875,0.01262,1.68927,1.0506,0.09329,,0.00611,0.03287,0.6
18,59,hybrid,HYBRID_ALPHA0.7_BETA0.3,0.7,0.3,300,0.0,0.87374,0.7975,0.01327,1.61938,1.03501,0.09356,,0.0061,0.03081,0.65
18,59,hybrid,HYBRID_ALPHA0.8_BETA0.2,0.8,0.2,300,0.0,0.87462,0.79742,0.01383,1.55483,1.02089,0.09371,,0.00608,0.02862,0.65
18,59,hybrid,HYBRID_ALPHA0.9_BETA0.1,0.9,0.1,300,0.0,0.88076,0.79719,0.01502,1.05407,0.8969,0.01873,,0.00322,0.01713,0.525
18,59,hybrid,HYBRID_ALPHA0.1_BETA0.9,0.1,0.9,500,1.0,0.94582,0.82886,0.01968,1.09422,0.88696,0.02557,,0.0054,0.01037,0.55
18,59,hybrid,HYBRID_ALPHA0.2_BETA0.8,0.2,0.8,500,1.0,0.94248,0.82475,0.01615,1.431,0.97146,0.04518,,0.00612,0.00863,0.6
18,59,hybrid,HYBRID_ALPHA0.3_BETA0.7,0.3,0.7,500,1.0,0.95865,0.8299,0.01636,1.03517,0.8695,0.0228,,0.00513,0.01069,0.525
18,59,hybrid,HYBRID_ALPHA0.4_BETA0.6,0.4,0.6,500,1.0,0.95308,0.83005,0.01867,1.0315,0.86925,0.02236,,0.00505,0.01072,0.55
18,59,hybrid,HYBRID_ALPHA0.5_BETA0.5,0.5,0.5,500,1.0,0.95759,0.83095,0.01846,1.03031,0.86949,0.02191,,0.00497,0.01072,0.525
18,59,hybrid,HYBRID_ALPHA0.6_BETA0.4,0.6,0.4,500,1.0,0.96459,0.83256,0.01831,1.02724,0.86927,0.02157,,0.00491,0.01072,0.55
18,59,hybrid,HYBRID_ALPHA0.7_BETA0.3,0.7,0.3,500,1.0,0.96869,0.83347,0.01866,1.0268,0.86946,0.02114,,0.00484,0.01076,0.55
18,59,hybrid,HYBRID_ALPHA0.8_BETA0.2,0.8,0.2,500,1.0,0.9719,0.83438,0.01831,1.02429,0.869,0.02082,,0.00479,0.01081,0.6
18,59,hybrid,HYBRID_ALPHA0.9_BETA0.1,0.9,0.1,500,1.0,0.97209,0.83437,0.01816,1.02245,0.86861,0.02045,,0.00473,0.01089,0.575
18,59,hybrid,HYBRID_ALPHA0.1_BETA0.9,0.1,0.9,500,0.0,0.94582,0.82886,0.01968,1.04174,0.8802,0.02463,,0.00525,0.0107,0.6
18,59,hybrid,HYBRID_ALPHA0.2_BETA0.8,0.2,0.8,500,0.0,0.94248,0.82475,0.01615,2.07538,1.13924,0.07492,,0.0054,0.02555,0.6
18,59,hybrid,HYBRID_ALPHA0.3_BETA0.7,0.3,0.7,500,0.0,0.95865,0.8299,0.01636,1.01788,0.86664,0.03053,,0.00611,0.0097,0.6
18,59,hybrid,HYBRID_ALPHA0.4_BETA0.6,0.4,0.6,500,0.0,0.95308,0.83005,0.01867,1.01769,0.86698,0.02903,,0.00592,0.00978,0.525
18,59,hybrid,HYBRID_ALPHA0.5_BETA0.5,0.5,0.5,500,0.0,0.95759,0.83095,0.01846,1.01785,0.86763,0.02741,,0.0057,0.00986,0.575
18,59,hybrid,HYBRID_ALPHA0.6_BETA0.4,0.6,0.4,500,0.0,0.96459,0.83256,0.01831,1.0183,0.86764,0.02663,,0.0056,0.00993,0.525
18,59,hybrid,HYBRID_ALPHA0.7_BETA0.3,0.7,0.3,500,0.0,0.96869,0.83347,0.01866,1.01823,0.86802,0.02557,,0.00545,0.01003,0.575
18,59,hybrid,HYBRID_ALPHA0.8_BETA0.2,0.8,0.2,500,0.0,0.9719,0.83438,0.01831,1.01903,0.86776,0.02556,,0.00545,0.0101,0.6
18,59,hybrid,HYBRID_ALPHA0.9_BETA0.1,0.9,0.1,500,0.0,0.97209,0.83437,0.01816,1.01952,0.86761,0.0255,,0.00544,0.01019,0.6
18,59,mse,MSE,1.0,0.0,50,1.0,1.17722,0.91252,0.07931,1.23873,0.9383,0.0661,,0.00506,0.01954,0.625
18,59,mse,MSE,1.0,0.0,50,0.0,1.17722,0.91252,0.07931,1.87847,1.09969,0.10217,,0.00632,0.05767,0.55
18,59,mse,MSE,1.0,0.0,100,1.0,0.95131,0.82118,0.0241,1.20547,0.92654,0.064,,0.00541,0.01599,0.6
18,59,mse,MSE,1.0,0.0,100,0.0,0.95131,0.82118,0.0241,1.80136,1.07984,0.10159,,0.00639,0.04799,0.675
18,59,mse,MSE,1.0,0.0,300,1.0,0.90102,0.80611,0.01223,1.09004,0.89643,0.01596,,0.00289,0.02098,0.575
18,59,mse,MSE,1.0,0.0,300,0.0,0.90102,0.80611,0.01223,1.04651,0.89477,0.01796,,0.00331,0.01691,0.55
18,59,mse,MSE,1.0,0.0,500,1.0,0.96564,0.83243,0.01821,1.02096,0.86825,0.01999,,0.00466,0.01087,0.575
18,59,mse,MSE,1.0,0.0,500,0.0,0.96564,0.83243,0.01821,1.02009,0.8676,0.02506,,0.00538,0.01023,0.575
19,60,hsic,HSIC,0.0,1.0,50,1.0,2.2205,1.21565,0.03683,1.50492,1.0189,0.13814,,0.00782,0.06003,0.65
19,60,hsic,HSIC,0.0,1.0,50,0.0,2.2205,1.21565,0.03683,2.65604,1.30284,0.14387,,0.0081,0.13045,0.675
19,60,hsic,HSIC,0.0,1.0,100,1.0,1.07211,0.87635,0.03012,1.49375,1.01503,0.12999,,0.00742,0.05138,0.55
19,60,hsic,HSIC,0.0,1.0,100,0.0,1.07211,0.87635,0.03012,2.64464,1.29795,0.13298,,0.00759,0.10419,0.775
19,60,hsic,HSIC,0.0,1.0,300,1.0,1.15218,0.8842,0.01236,1.45451,1.00477,0.12268,,0.00707,0.07457,0.525
19,60,hsic,HSIC,0.0,1.0,300,0.0,1.15218,0.8842,0.01236,2.60924,1.28657,0.12354,,0.00714,0.13951,0.7
19,60,hsic,HSIC,0.0,1.0,500,1.0,1.16634,0.89122,0.0163,1.4575,1.00547,0.12233,,0.00706,0.07025,0.55
19,60,hsic,HSIC,0.0,1.0,500,0.0,1.16634,0.89122,0.0163,2.61997,1.28933,0.12308,,0.00712,0.1457,0.65
19,60,hybrid,HYBRID_ALPHA0.1_BETA0.9,0.1,0.9,50,1.0,1.06462,0.87054,0.03516,1.35245,0.96187,0.04717,,0.00478,0.00919,0.625
19,60,hybrid,HYBRID_ALPHA0.2_BETA0.8,0.2,0.8,50,1.0,1.08158,0.87107,0.03489,1.25327,0.9325,0.04499,,0.00516,0.00938,0.625
19,60,hybrid,HYBRID_ALPHA0.3_BETA0.7,0.3,0.7,50,1.0,1.11,0.88414,0.03571,1.24096,0.9301,0.04445,,0.00506,0.00924,0.65
19,60,hybrid,HYBRID_ALPHA0.4_BETA0.6,0.4,0.6,50,1.0,1.09164,0.88159,0.034,1.23821,0.93044,0.04533,,0.00495,0.01094,0.675
19,60,hybrid,HYBRID_ALPHA0.5_BETA0.5,0.5,0.5,50,1.0,1.10188,0.88697,0.03196,1.2332,0.92961,0.04576,,0.00479,0.02909,0.725
19,60,hybrid,HYBRID_ALPHA0.6_BETA0.4,0.6,0.4,50,1.0,1.12665,0.89558,0.03021,1.24181,0.93344,0.04825,,0.00468,0.03518,0.725
19,60,hybrid,HYBRID_ALPHA0.7_BETA0.3,0.7,0.3,50,1.0,1.14236,0.89935,0.02777,1.25387,0.9383,0.05201,,0.00461,0.03165,0.7
19,60,hybrid,HYBRID_ALPHA0.8_BETA0.2,0.8,0.2,50,1.0,1.14052,0.88966,0.02754,1.25918,0.94055,0.05292,,0.00454,0.02922,0.7
19,60,hybrid,HYBRID_ALPHA0.9_BETA0.1,0.9,0.1,50,1.0,1.13802,0.88406,0.02641,1.25552,0.93914,0.05222,,0.0045,0.02769,0.7
19,60,hybrid,HYBRID_ALPHA0.1_BETA0.9,0.1,0.9,50,0.0,1.06462,0.87054,0.03516,1.94668,1.11667,0.09085,,0.00573,0.02429,0.675
19,60,hybrid,HYBRID_ALPHA0.2_BETA0.8,0.2,0.8,50,0.0,1.08158,0.87107,0.03489,1.75262,1.06814,0.09025,,0.00584,0.02318,0.65
19,60,hybrid,HYBRID_ALPHA0.3_BETA0.7,0.3,0.7,50,0.0,1.11,0.88414,0.03571,1.68904,1.05259,0.08519,,0.00554,0.02369,0.625
19,60,hybrid,HYBRID_ALPHA0.4_BETA0.6,0.4,0.6,50,0.0,1.09164,0.88159,0.034,1.33991,0.96103,0.03407,,0.00299,0.02109,0.65
19,60,hybrid,HYBRID_ALPHA0.5_BETA0.5,0.5,0.5,50,0.0,1.10188,0.88697,0.03196,1.07412,0.90702,0.06275,,0.00855,0.01052,0.6
19,60,hybrid,HYBRID_ALPHA0.6_BETA0.4,0.6,0.4,50,0.0,1.12665,0.89558,0.03021,1.1565,0.93458,0.10428,,0.01171,0.01299,0.6
19,60,hybrid,HYBRID_ALPHA0.7_BETA0.3,0.7,0.3,50,0.0,1.14236,0.89935,0.02777,1.11529,0.91621,0.08134,,0.00943,0.02008,0.7
19,60,hybrid,HYBRID_ALPHA0.8_BETA0.2,0.8,0.2,50,0.0,1.14052,0.88966,0.02754,1.07821,0.89772,0.05259,,0.00681,0.02547,0.55
19,60,hybrid,HYBRID_ALPHA0.9_BETA0.1,0.9,0.1,50,0.0,1.13802,0.88406,0.02641,1.07481,0.88874,0.04152,,0.00562,0.02913,0.55
19,60,hybrid,HYBRID_ALPHA0.1_BETA0.9,0.1,0.9,100,1.0,0.91902,0.81434,0.02428,1.43588,1.00112,0.12523,,0.00721,0.04404,0.525
19,60,hybrid,HYBRID_ALPHA0.2_BETA0.8,0.2,0.8,100,1.0,0.92512,0.81698,0.02402,1.08113,0.89892,0.02601,,0.00554,0.03053,0.525
19,60,hybrid,HYBRID_ALPHA0.3_BETA0.7,0.3,0.7,100,1.0,0.93051,0.82046,0.02279,1.08149,0.8976,0.02923,,0.0059,0.0288,0.55
19,60,hybrid,HYBRID_ALPHA0.4_BETA0.6,0.4,0.6,100,1.0,0.93907,0.82465,0.02666,1.08038,0.89629,0.03169,,0.00616,0.02723,0.525
19,60,hybrid,HYBRID_ALPHA0.5_BETA0.5,0.5,0.5,100,1.0,0.94498,0.82889,0.02234,1.0801,0.89477,0.03437,,0.00643,0.02592,0.525
19,60,hybrid,HYBRID_ALPHA0.6_BETA0.4,0.6,0.4,100,1.0,0.95579,0.83499,0.02158,1.10688,0.8941,0.04414,,0.0073,0.02678,0.55
19,60,hybrid,HYBRID_ALPHA0.7_BETA0.3,0.7,0.3,100,1.0,0.96279,0.84351,0.02107,1.0461,0.87023,0.04114,,0.00706,0.01712,0.575
19,60,hybrid,HYBRID_ALPHA0.8_BETA0.2,0.8,0.2,100,1.0,0.96589,0.84587,0.0213,1.04877,0.8694,0.04426,,0.00736,0.01703,0.575
19,60,hybrid,HYBRID_ALPHA0.9_BETA0.1,0.9,0.1,100,1.0,0.95911,0.84049,0.02352,1.04965,0.86926,0.04576,,0.00749,0.01674,0.525
19,60,hybrid,HYBRID_ALPHA0.1_BETA0.9,0.1,0.9,100,0.0,0.91902,0.81434,0.02428,2.42335,1.24097,0.13102,,0.00752,0.09437,0.6
19,60,hybrid,HYBRID_ALPHA0.2_BETA0.8,0.2,0.8,100,0.0,0.92512,0.81698,0.02402,1.02656,0.87407,0.01996,,0.0042,0.01387,0.55
19,60,hybrid,HYBRID_ALPHA0.3_BETA0.7,0.3,0.7,100,0.0,0.93051,0.82046,0.02279,1.02115,0.87469,0.0216,,0.00435,0.01546,0.55
19,60,hybrid,HYBRID_ALPHA0.4_BETA0.6,0.4,0.6,100,0.0,0.93907,0.82465,0.02666,1.02467,0.878,0.02324,,0.00452,0.01674,0.575
19,60,hybrid,HYBRID_ALPHA0.5_BETA0.5,0.5,0.5,100,0.0,0.94498,0.82889,0.02234,1.0301,0.88077,0.02487,,0.00473,0.01793,0.5
19,60,hybrid,HYBRID_ALPHA0.6_BETA0.4,0.6,0.4,100,0.0,0.95579,0.83499,0.02158,1.04605,0.87968,0.03197,,0.00572,0.0185,0.525
19,60,hybrid,HYBRID_ALPHA0.7_BETA0.3,0.7,0.3,100,0.0,0.96279,0.84351,0.02107,1.09045,0.88744,0.04046,,0.00549,0.0155,0.525
19,60,hybrid,HYBRID_ALPHA0.8_BETA0.2,0.8,0.2,100,0.0,0.96589,0.84587,0.0213,1.07283,0.88169,0.04013,,0.00567,0.01587,0.525
19,60,hybrid,HYBRID_ALPHA0.9_BETA0.1,0.9,0.1,100,0.0,0.95911,0.84049,0.02352,1.07208,0.88152,0.04197,,0.00572,0.01634,0.5
19,60,hybrid,HYBRID_ALPHA0.1_BETA0.9,0.1,0.9,300,1.0,0.9018,0.80687,0.0121,0.99507,0.87249,0.02317,,0.00461,0.01125,0.55
19,60,hybrid,HYBRID_ALPHA0.2_BETA0.8,0.2,0.8,300,1.0,0.90072,0.80517,0.01245,1.35404,0.95003,0.04674,,0.00606,0.01025,0.525
19,60,hybrid,HYBRID_ALPHA0.3_BETA0.7,0.3,0.7,300,1.0,0.90488,0.8081,0.0129,0.96941,0.86312,0.0196,,0.00405,0.00931,0.625
19,60,hybrid,HYBRID_ALPHA0.4_BETA0.6,0.4,0.6,300,1.0,0.90899,0.81106,0.01296,0.97013,0.86349,0.02188,,0.00418,0.00899,0.6
19,60,hybrid,HYBRID_ALPHA0.5_BETA0.5,0.5,0.5,300,1.0,0.91281,0.81419,0.0132,0.9747,0.86466,0.02394,,0.00434,0.00882,0.575
19,60,hybrid,HYBRID_ALPHA0.6_BETA0.4,0.6,0.4,300,1.0,0.91781,0.81818,0.01538,0.97285,0.86329,0.02096,,0.00417,0.00918,0.55
19,60,hybrid,HYBRID_ALPHA0.7_BETA0.3,0.7,0.3,300,1.0,0.92107,0.82022,0.01592,0.97196,0.86418,0.02292,,0.00424,0.00898,0.575
19,60,hybrid,HYBRID_ALPHA0.8_BETA0.2,0.8,0.2,300,1.0,0.91264,0.81685,0.01386,0.98655,0.87478,0.01229,,0.00278,0.01102,0.525
19,60,hybrid,HYBRID_ALPHA0.9_BETA0.1,0.9,0.1,300,1.0,0.91295,0.81656,0.01411,0.98587,0.87473,0.01219,,0.00275,0.0109,0.55
19,60,hybrid,HYBRID_ALPHA0.1_BETA0.9,0.1,0.9,300,0.0,0.9018,0.80687,0.0121,1.03532,0.88511,0.01494,,0.00299,0.01662,0.55
19,60,hybrid,HYBRID_ALPHA0.2_BETA0.8,0.2,0.8,300,0.0,0.90072,0.80517,0.01245,2.03206,1.12789,0.08211,,0.00575,0.02295,0.575
19,60,hybrid,HYBRID_ALPHA0.3_BETA0.7,0.3,0.7,300,0.0,0.90488,0.8081,0.0129,1.02136,0.88819,0.01903,,0.0043,0.01772,0.575
19,60,hybrid,HYBRID_ALPHA0.4_BETA0.6,0.4,0.6,300,0.0,0.90899,0.81106,0.01296,1.03405,0.89342,0.01899,,0.00408,0.01896,0.55
19,60,hybrid,HYBRID_ALPHA0.5_BETA0.5,0.5,0.5,300,0.0,0.91281,0.81419,0.0132,1.0608,0.9039,0.02286,,0.00433,0.01907,0.625
19,60,hybrid,HYBRID_ALPHA0.6_BETA0.4,0.6,0.4,300,0.0,0.91781,0.81818,0.01538,1.06398,0.90102,0.0229,,0.00412,0.019,0.575
19,60,hybrid,HYBRID_ALPHA0.7_BETA0.3,0.7,0.3,300,0.0,0.92107,0.82022,0.01592,1.05781,0.90154,0.02215,,0.00416,0.01845,0.6
19,60,hybrid,HYBRID_ALPHA0.8_BETA0.2,0.8,0.2,300,0.0,0.91264,0.81685,0.01386,1.02788,0.88859,0.01501,,0.0026,0.01729,0.55
19,60,hybrid,HYBRID_ALPHA0.9_BETA0.1,0.9,0.1,300,0.0,0.91295,0.81656,0.01411,1.02951,0.88948,0.01562,,0.00262,0.0176,0.625
19,60,hybrid,HYBRID_ALPHA0.1_BETA0.9,0.1,0.9,500,1.0,0.91813,0.81291,0.01521,1.62464,1.02618,0.05009,,0.00547,0.00934,0.55
19,60,hybrid,HYBRID_ALPHA0.2_BETA0.8,0.2,0.8,500,1.0,0.90548,0.80651,0.01491,1.35564,0.9551,0.04957,,0.0055,0.00911,0.625
19,60,hybrid,HYBRID_ALPHA0.3_BETA0.7,0.3,0.7,500,1.0,0.89873,0.80378,0.01472,1.30416,0.94257,0.04814,,0.00543,0.00909,0.6
19,60,hybrid,HYBRID_ALPHA0.4_BETA0.6,0.4,0.6,500,1.0,0.89548,0.80212,0.01432,1.26349,0.93286,0.04693,,0.00536,0.00907,0.6
19,60,hybrid,HYBRID_ALPHA0.5_BETA0.5,0.5,0.5,500,1.0,0.89413,0.8016,0.01384,1.15811,0.90575,0.03623,,0.0048,0.0084,0.625
19,60,hybrid,HYBRID_ALPHA0.6_BETA0.4,0.6,0.4,500,1.0,0.8906,0.79994,0.01356,1.01327,0.8685,0.0116,,0.00291,0.01161,0.575
19,60,hybrid,HYBRID_ALPHA0.7_BETA0.3,0.7,0.3,500,1.0,0.88787,0.79885,0.0133,1.01177,0.86823,0.01159,,0.00289,0.01174,0.575
19,60,hybrid,HYBRID_ALPHA0.8_BETA0.2,0.8,0.2,500,1.0,0.88566,0.79802,0.01307,1.02385,0.86929,0.01173,,0.00265,0.01245,0.575
19,60,hybrid,HYBRID_ALPHA0.9_BETA0.1,0.9,0.1,500,1.0,0.88293,0.79698,0.01286,1.02385,0.86966,0.01205,,0.00256,0.01274,0.6
19,60,hybrid,HYBRID_ALPHA0.1_BETA0.9,0.1,0.9,500,0.0,0.91813,0.81291,0.01521,2.58251,1.26691,0.08568,,0.00572,0.03919,0.6
19,60,hybrid,HYBRID_ALPHA0.2_BETA0.8,0.2,0.8,500,0.0,0.90548,0.80651,0.01491,2.14507,1.15979,0.08766,,0.00584,0.03693,0.575
19,60,hybrid,HYBRID_ALPHA0.3_BETA0.7,0.3,0.7,500,0.0,0.89873,0.80378,0.01472,2.02583,1.13057,0.08888,,0.00591,0.03508,0.6
19,60,hybrid,HYBRID_ALPHA0.4_BETA0.6,0.4,0.6,500,0.0,0.89548,0.80212,0.01432,1.94105,1.10971,0.09054,,0.006,0.03399,0.575
19,60,hybrid,HYBRID_ALPHA0.5_BETA0.5,0.5,0.5,500,0.0,0.89413,0.8016,0.01384,1.61647,1.03303,0.08564,,0.0058,0.02632,0.6
19,60,hybrid,HYBRID_ALPHA0.6_BETA0.4,0.6,0.4,500,0.0,0.8906,0.79994,0.01356,1.08274,0.89626,0.02489,,0.00289,0.01547,0.6
19,60,hybrid,HYBRID_ALPHA0.7_BETA0.3,0.7,0.3,500,0.0,0.88787,0.79885,0.0133,1.0823,0.89662,0.02596,,0.00291,0.0157,0.55
19,60,hybrid,HYBRID_ALPHA0.8_BETA0.2,0.8,0.2,500,0.0,0.88566,0.79802,0.01307,1.08,0.89361,0.02611,,0.0029,0.01564,0.55
19,60,hybrid,HYBRID_ALPHA0.9_BETA0.1,0.9,0.1,500,0.0,0.88293,0.79698,0.01286,1.07277,0.89232,0.02578,,0.00286,0.01566,0.55
19,60,mse,MSE,1.0,0.0,50,1.0,1.11662,0.87561,0.02528,1.25582,0.93919,0.0529,,0.00449,0.02551,0.6
19,60,mse,MSE,1.0,0.0,50,0.0,1.11662,0.87561,0.02528,1.09241,0.88674,0.03442,,0.00468,0.03228,0.575
19,60,mse,MSE,1.0,0.0,100,1.0,0.95983,0.84348,0.02273,1.05303,0.8692,0.04914,,0.00778,0.01719,0.525
19,60,mse,MSE,1.0,0.0,100,0.0,0.95983,0.84348,0.02273,1.05466,0.87524,0.04103,,0.00581,0.01701,0.525
19,60,mse,MSE,1.0,0.0,300,1.0,0.91632,0.81837,0.015,0.98123,0.87173,0.01227,,0.00273,0.01097,0.525
19,60,mse,MSE,1.0,0.0,300,0.0,0.91632,0.81837,0.015,1.06481,0.90109,0.01911,,0.00266,0.01732,0.55
19,60,mse,MSE,1.0,0.0,500,1.0,0.88079,0.79643,0.01272,1.02009,0.86987,0.01216,,0.00257,0.01264,0.575
19,60,mse,MSE,1.0,0.0,500,0.0,0.88079,0.79643,0.01272,1.07307,0.89341,0.02677,,0.00288,0.01579,0.55
20,61,hsic,HSIC,0.0,1.0,50,1.0,1.81078,1.09079,0.01761,1.24404,0.94161,0.05149,,0.00407,0.00982,0.6
20,61,hsic,HSIC,0.0,1.0,50,0.0,1.81078,1.09079,0.01761,1.85006,1.09732,0.10125,,0.00603,0.03508,0.625
20,61,hsic,HSIC,0.0,1.0,100,1.0,1.04706,0.84801,0.01418,1.52154,1.0231,0.14363,,0.00814,0.06313,0.6
20,61,hsic,HSIC,0.0,1.0,100,0.0,1.04706,0.84801,0.01418,2.7017,1.31534,0.14832,,0.00837,0.11734,0.675
20,61,hsic,HSIC,0.0,1.0,300,1.0,1.21832,0.9259,0.04383,1.49272,1.01356,0.12279,,0.00705,0.05626,0.55
20,61,hsic,HSIC,0.0,1.0,300,0.0,1.21832,0.9259,0.04383,2.6005,1.28431,0.12249,,0.00707,0.11613,0.7
20,61,hsic,HSIC,0.0,1.0,500,1.0,1.14419,0.88154,0.01094,1.46596,1.0074,0.1222,,0.00705,0.0703,0.575
20,61,hsic,HSIC,0.0,1.0,500,0.0,1.14419,0.88154,0.01094,2.64771,1.29673,0.12311,,0.00712,0.13525,0.7
20,61,hybrid,HYBRID_ALPHA0.1_BETA0.9,0.1,0.9,50,1.0,1.01678,0.85123,0.02012,1.20502,0.92232,0.04584,,0.00485,0.00955,0.575
20,61,hybrid,HYBRID_ALPHA0.2_BETA0.8,0.2,0.8,50,1.0,1.01622,0.83605,0.01532,1.17659,0.91344,0.04425,,0.00483,0.01002,0.55
20,61,hybrid,HYBRID_ALPHA0.3_BETA0.7,0.3,0.7,50,1.0,0.96856,0.81976,0.01622,1.10664,0.90066,0.03683,,0.0045,0.01298,0.5
20,61,hybrid,HYBRID_ALPHA0.4_BETA0.6,0.4,0.6,50,1.0,0.97553,0.82296,0.01457,1.22638,0.95363,0.01222,,0.00223,0.0356,0.525
20,61,hybrid,HYBRID_ALPHA0.5_BETA0.5,0.5,0.5,50,1.0,0.9752,0.82247,0.01364,1.20365,0.94755,0.01372,,0.00265,0.03441,0.55
20,61,hybrid,HYBRID_ALPHA0.6_BETA0.4,0.6,0.4,50,1.0,0.97648,0.83105,0.01875,1.14746,0.92735,0.02134,,0.0043,0.02811,0.55
20,61,hybrid,HYBRID_ALPHA0.7_BETA0.3,0.7,0.3,50,1.0,0.98579,0.83415,0.01794,1.10696,0.90959,0.03185,,0.00596,0.02156,0.55
20,61,hybrid,HYBRID_ALPHA0.8_BETA0.2,0.8,0.2,50,1.0,0.98948,0.83037,0.0177,1.07486,0.89777,0.03299,,0.00622,0.01953,0.525
20,61,hybrid,HYBRID_ALPHA0.9_BETA0.1,0.9,0.1,50,1.0,0.98964,0.83853,0.01607,1.06674,0.89488,0.03477,,0.00646,0.02113,0.525
20,61,hybrid,HYBRID_ALPHA0.1_BETA0.9,0.1,0.9,50,0.0,1.01678,0.85123,0.02012,1.8045,1.08153,0.09031,,0.00576,0.03372,0.625
20,61,hybrid,HYBRID_ALPHA0.2_BETA0.8,0.2,0.8,50,0.0,1.01622,0.83605,0.01532,1.74663,1.06659,0.09077,,0.00584,0.0325,0.65
20,61,hybrid,HYBRID_ALPHA0.3_BETA0.7,0.3,0.7,50,0.0,0.96856,0.81976,0.01622,1.57477,1.02548,0.08512,,0.00554,0.02647,0.7
20,61,hybrid,HYBRID_ALPHA0.4_BETA0.6,0.4,0.6,50,0.0,0.97553,0.82296,0.01457,1.16264,0.91527,0.03911,,0.00311,0.02786,0.725
20,61,hybrid,HYBRID_ALPHA0.5_BETA0.5,0.5,0.5,50,0.0,0.9752,0.82247,0.01364,1.12662,0.90905,0.03207,,0.00273,0.03137,0.525
20,61,hybrid,HYBRID_ALPHA0.6_BETA0.4,0.6,0.4,50,0.0,0.97648,0.83105,0.01875,1.1226,0.91015,0.03669,,0.00323,0.02921,0.65
20,61,hybrid,HYBRID_ALPHA0.7_BETA0.3,0.7,0.3,50,0.0,0.98579,0.83415,0.01794,1.11759,0.90916,0.04098,,0.00364,0.02666,0.65
20,61,hybrid,HYBRID_ALPHA0.8_BETA0.2,0.8,0.2,50,0.0,0.98948,0.83037,0.0177,1.11799,0.90777,0.04433,,0.00387,0.0265,0.625
20,61,hybrid,HYBRID_ALPHA0.9_BETA0.1,0.9,0.1,50,0.0,0.98964,0.83853,0.01607,1.12659,0.90479,0.05082,,0.00421,0.03023,0.675
20,61,hybrid,HYBRID_ALPHA0.1_BETA0.9,0.1,0.9,100,1.0,0.85918,0.78752,0.01606,1.63954,1.03608,0.03926,,0.0048,0.01024,0.525
20,61,hybrid,HYBRID_ALPHA0.2_BETA0.8,0.2,0.8,100,1.0,0.84724,0.781,0.01977,1.36521,0.95221,0.04553,,0.00647,0.01191,0.55
20,61,hybrid,HYBRID_ALPHA0.3_BETA0.7,0.3,0.7,100,1.0,0.84496,0.77962,0.01972,1.23282,0.91675,0.04388,,0.00629,0.01185,0.55
20,61,hybrid,HYBRID_ALPHA0.4_BETA0.6,0.4,0.6,100,1.0,0.84221,0.77815,0.0194,1.16709,0.90179,0.0424,,0.00622,0.0121,0.525
20,61,hybrid,HYBRID_ALPHA0.5_BETA0.5,0.5,0.5,100,1.0,0.85301,0.78162,0.01935,1.11572,0.894,0.04103,,0.00631,0.0124,0.5
20,61,hybrid,HYBRID_ALPHA0.6_BETA0.4,0.6,0.4,100,1.0,0.87001,0.78899,0.02097,1.09361,0.89123,0.0405,,0.00633,0.01266,0.5
20,61,hybrid,HYBRID_ALPHA0.7_BETA0.3,0.7,0.3,100,1.0,0.87271,0.79219,0.02245,1.08971,0.88841,0.0454,,0.00753,0.016,0.5
20,61,hybrid,HYBRID_ALPHA0.8_BETA0.2,0.8,0.2,100,1.0,0.89638,0.80231,0.02695,1.0878,0.89064,0.04237,,0.00717,0.01478,0.525
20,61,hybrid,HYBRID_ALPHA0.9_BETA0.1,0.9,0.1,100,1.0,0.89993,0.80301,0.02752,1.06275,0.88607,0.03574,,0.0065,0.01125,0.5
20,61,hybrid,HYBRID_ALPHA0.1_BETA0.9,0.1,0.9,100,0.0,0.85918,0.78752,0.01606,2.31678,1.20267,0.08554,,0.0056,0.01411,0.65
20,61,hybrid,HYBRID_ALPHA0.2_BETA0.8,0.2,0.8,100,0.0,0.84724,0.781,0.01977,2.02698,1.124,0.07843,,0.00575,0.01548,0.575
20,61,hybrid,HYBRID_ALPHA0.3_BETA0.7,0.3,0.7,100,0.0,0.84496,0.77962,0.01972,1.74685,1.05999,0.07578,,0.00558,0.01442,0.625
20,61,hybrid,HYBRID_ALPHA0.4_BETA0.6,0.4,0.6,100,0.0,0.84221,0.77815,0.0194,1.58284,1.0221,0.07483,,0.00554,0.01343,0.6
20,61,hybrid,HYBRID_ALPHA0.5_BETA0.5,0.5,0.5,100,0.0,0.85301,0.78162,0.01935,1.41014,0.97944,0.07147,,0.00542,0.01223,0.675
20,61,hybrid,HYBRID_ALPHA0.6_BETA0.4,0.6,0.4,100,0.0,0.87001,0.78899,0.02097,1.34018,0.96307,0.07142,,0.00548,0.01204,0.65
20,61,hybrid,HYBRID_ALPHA0.7_BETA0.3,0.7,0.3,100,0.0,0.87271,0.79219,0.02245,1.25181,0.93486,0.06603,,0.00603,0.01134,0.6
20,61,hybrid,HYBRID_ALPHA0.8_BETA0.2,0.8,0.2,100,0.0,0.89638,0.80231,0.02695,1.26719,0.93883,0.0723,,0.00641,0.01175,0.6
20,61,hybrid,HYBRID_ALPHA0.9_BETA0.1,0.9,0.1,100,0.0,0.89993,0.80301,0.02752,1.26171,0.93782,0.07533,,0.00689,0.01178,0.55
20,61,hybrid,HYBRID_ALPHA0.1_BETA0.9,0.1,0.9,300,1.0,1.00585,0.85352,0.03512,1.51079,0.99441,0.04512,,0.00543,0.01067,0.525
20,61,hybrid,HYBRID_ALPHA0.2_BETA0.8,0.2,0.8,300,1.0,1.02871,0.8621,0.03841,1.31012,0.94242,0.04687,,0.00547,0.01074,0.55
20,61,hybrid,HYBRID_ALPHA0.3_BETA0.7,0.3,0.7,300,1.0,1.00088,0.85185,0.03493,0.99797,0.86693,0.01202,,0.00268,0.01124,0.575
20,61,hybrid,HYBRID_ALPHA0.4_BETA0.6,0.4,0.6,300,1.0,0.98333,0.84415,0.03098,0.99473,0.86576,0.0118,,0.0027,0.01123,0.575
20,61,hybrid,HYBRID_ALPHA0.5_BETA0.5,0.5,0.5,300,1.0,0.9781,0.84203,0.03006,0.99241,0.86506,0.01162,,0.00274,0.01118,0.55
20,61,hybrid,HYBRID_ALPHA0.6_BETA0.4,0.6,0.4,300,1.0,0.9672,0.83802,0.02686,0.99049,0.86438,0.01152,,0.00277,0.01123,0.525
20,61,hybrid,HYBRID_ALPHA0.7_BETA0.3,0.7,0.3,300,1.0,0.94828,0.83036,0.02204,0.98861,0.86404,0.01139,,0.00281,0.01113,0.55
20,61,hybrid,HYBRID_ALPHA0.8_BETA0.2,0.8,0.2,300,1.0,0.94096,0.82804,0.01966,0.98697,0.86358,0.01132,,0.00285,0.01118,0.55
20,61,hybrid,HYBRID_ALPHA0.9_BETA0.1,0.9,0.1,300,1.0,0.93892,0.82821,0.01895,0.98493,0.8632,0.01121,,0.00289,0.01112,0.575
20,61,hybrid,HYBRID_ALPHA0.1_BETA0.9,0.1,0.9,300,0.0,1.00585,0.85352,0.03512,2.23976,1.18202,0.07699,,0.00532,0.01969,0.6
20,61,hybrid,HYBRID_ALPHA0.2_BETA0.8,0.2,0.8,300,0.0,1.02871,0.8621,0.03841,1.95908,1.11434,0.08175,,0.00557,0.022,0.65
20,61,hybrid,HYBRID_ALPHA0.3_BETA0.7,0.3,0.7,300,0.0,1.00088,0.85185,0.03493,1.15295,0.90275,0.01569,,0.00263,0.0151,0.6
20,61,hybrid,HYBRID_ALPHA0.4_BETA0.6,0.4,0.6,300,0.0,0.98333,0.84415,0.03098,1.14307,0.89941,0.0152,,0.00265,0.01507,0.625
20,61,hybrid,HYBRID_ALPHA0.5_BETA0.5,0.5,0.5,300,0.0,0.9781,0.84203,0.03006,1.13647,0.89768,0.01503,,0.00268,0.01494,0.65
20,61,hybrid,HYBRID_ALPHA0.6_BETA0.4,0.6,0.4,300,0.0,0.9672,0.83802,0.02686,1.13161,0.89583,0.01447,,0.00272,0.01498,0.65
20,61,hybrid,HYBRID_ALPHA0.7_BETA0.3,0.7,0.3,300,0.0,0.94828,0.83036,0.02204,1.12624,0.89503,0.01468,,0.00274,0.01483,0.625
20,61,hybrid,HYBRID_ALPHA0.8_BETA0.2,0.8,0.2,300,0.0,0.94096,0.82804,0.01966,1.12344,0.894,0.01432,,0.00279,0.01476,0.575
20,61,hybrid,HYBRID_ALPHA0.9_BETA0.1,0.9,0.1,300,0.0,0.93892,0.82821,0.01895,1.12004,0.89364,0.01454,,0.00282,0.01456,0.6
20,61,hybrid,HYBRID_ALPHA0.1_BETA0.9,0.1,0.9,500,1.0,0.91674,0.81458,0.00999,1.72445,1.0576,0.04066,,0.0052,0.00892,0.6
20,61,hybrid,HYBRID_ALPHA0.2_BETA0.8,0.2,0.8,500,1.0,0.92113,0.81504,0.00993,0.99415,0.87232,0.0393,,0.00635,0.01166,0.55
20,61,hybrid,HYBRID_ALPHA0.3_BETA0.7,0.3,0.7,500,1.0,0.92765,0.81824,0.00955,1.0029,0.87738,0.03794,,0.00625,0.0121,0.55
20,61,hybrid,HYBRID_ALPHA0.4_BETA0.6,0.4,0.6,500,1.0,0.91913,0.81371,0.01007,0.99923,0.87638,0.03839,,0.00616,0.01137,0.55
20,61,hybrid,HYBRID_ALPHA0.5_BETA0.5,0.5,0.5,500,1.0,0.91577,0.81342,0.01087,0.9969,0.87536,0.03833,,0.00609,0.01078,0.525
20,61,hybrid,HYBRID_ALPHA0.6_BETA0.4,0.6,0.4,500,1.0,0.9229,0.81597,0.01056,0.99533,0.87534,0.03751,,0.00599,0.01088,0.575
20,61,hybrid,HYBRID_ALPHA0.7_BETA0.3,0.7,0.3,500,1.0,0.93282,0.82001,0.01008,0.99009,0.8732,0.03594,,0.00578,0.01031,0.5
20,61,hybrid,HYBRID_ALPHA0.8_BETA0.2,0.8,0.2,500,1.0,0.93781,0.82224,0.01008,0.98428,0.87109,0.03329,,0.00549,0.01014,0.525
20,61,hybrid,HYBRID_ALPHA0.9_BETA0.1,0.9,0.1,500,1.0,0.95266,0.82741,0.009,0.97838,0.8686,0.03056,,0.0052,0.01002,0.55
20,61,hybrid,HYBRID_ALPHA0.1_BETA0.9,0.1,0.9,500,0.0,0.91674,0.81458,0.00999,2.53081,1.25536,0.07942,,0.00537,0.02074,0.575
20,61,hybrid,HYBRID_ALPHA0.2_BETA0.8,0.2,0.8,500,0.0,0.92113,0.81504,0.00993,0.99177,0.86495,0.02999,,0.00576,0.01147,0.55
20,61,hybrid,HYBRID_ALPHA0.3_BETA0.7,0.3,0.7,500,0.0,0.92765,0.81824,0.00955,1.00171,0.87062,0.02476,,0.00517,0.01178,0.575
20,61,hybrid,HYBRID_ALPHA0.4_BETA0.6,0.4,0.6,500,0.0,0.91913,0.81371,0.01007,1.00301,0.87157,0.02573,,0.00526,0.01218,0.55
20,61,hybrid,HYBRID_ALPHA0.5_BETA0.5,0.5,0.5,500,0.0,0.91577,0.81342,0.01087,1.01236,0.87487,0.02755,,0.00546,0.01257,0.6
20,61,hybrid,HYBRID_ALPHA0.6_BETA0.4,0.6,0.4,500,0.0,0.9229,0.81597,0.01056,1.02131,0.87669,0.02907,,0.00563,0.01256,0.525
20,61,hybrid,HYBRID_ALPHA0.7_BETA0.3,0.7,0.3,500,0.0,0.93282,0.82001,0.01008,1.01832,0.87634,0.02722,,0.00541,0.01278,0.55
20,61,hybrid,HYBRID_ALPHA0.8_BETA0.2,0.8,0.2,500,0.0,0.93781,0.82224,0.01008,1.01742,0.87615,0.02513,,0.00517,0.01289,0.575
20,61,hybrid,HYBRID_ALPHA0.9_BETA0.1,0.9,0.1,500,0.0,0.95266,0.82741,0.009,1.01748,0.87618,0.02362,,0.00498,0.01294,0.575
20,61,mse,MSE,1.0,0.0,50,1.0,0.9853,0.82355,0.01959,1.03803,0.87952,0.02739,,0.00551,0.01638,0.5
20,61,mse,MSE,1.0,0.0,50,0.0,0.9853,0.82355,0.01959,1.21475,0.93179,0.07286,,0.00535,0.02367,0.675
20,61,mse,MSE,1.0,0.0,100,1.0,0.90161,0.80526,0.02809,1.24887,0.9262,0.07722,,0.00979,0.03807,0.525
20,61,mse,MSE,1.0,0.0,100,0.0,0.90161,0.80526,0.02809,1.23183,0.91865,0.09028,,0.01223,0.02148,0.525
20,61,mse,MSE,1.0,0.0,300,1.0,0.93651,0.82779,0.01893,0.9839,0.86288,0.01128,,0.00296,0.01132,0.575
20,61,mse,MSE,1.0,0.0,300,0.0,0.93651,0.82779,0.01893,1.12025,0.89303,0.01405,,0.00289,0.01463,0.575
20,61,mse,MSE,1.0,0.0,500,1.0,0.95444,0.82827,0.00897,0.97327,0.86651,0.02795,,0.00491,0.00986,0.525
20,61,mse,MSE,1.0,0.0,500,0.0,0.95444,0.82827,0.00897,1.01561,0.87562,0.02233,,0.00479,0.01288,0.5
